date,US10Y,USDCAD,NDX,AUDUSD,EURUSD,USDJPY,WTI,EURJPY,BUND,GBPUSD,NKY,SX5E,USDCHF,XAUUSD,JGB,COPPER,SPX,NZDUSD
2015-01-01,0.0,0.0,0.0,0.0,0.0,0.0,0.0,0.0,0.0,0.0,0.0,0.0,0.0,0.0,0.0,0.0,0.0,0.0
2015-01-02,0.0,0.0,0.0,0.0,0.0,0.0,0.0,0.0,0.0,0.0,0.0,0.0,0.0,0.0,0.0,0.0,0.0,0.0
2015-01-05,0.0,0.0,0.0,0.0,0.0,0.0,0.0,0.0,0.0,0.0,0.0,0.0,0.0,0.0,0.0,0.0,0.0,0.0
2015-01-06,0.0,0.0,0.0,0.0,0.0,0.0,0.0,0.0,0.0,0.0,0.0,0.0,0.0,0.0,0.0,0.0,0.0,0.0
2015-01-07,0.0,0.0,0.0,0.0,0.0,0.0,0.0,0.0,0.0,0.0,0.0,0.0,0.0,0.0,0.0,0.0,0.0,0.0
2015-01-08,0.0,0.0,0.0,0.0,0.0,0.0,0.0,0.0,0.0,0.0,0.0,0.0,0.0,0.0,0.0,0.0,0.0,0.0
2015-01-09,0.0,0.0,0.0,0.0,0.0,0.0,0.0,0.0,0.0,0.0,0.0,0.0,0.0,0.0,0.0,0.0,0.0,0.0
2015-01-12,0.0,0.0,0.0,0.0,0.0,0.0,0.0,0.0,0.0,0.0,0.0,0.0,0.0,0.0,0.0,0.0,0.0,0.0
2015-01-13,0.0,0.0,0.0,0.0,0.0,0.0,0.0,0.0,0.0,0.0,0.0,0.0,0.0,0.0,0.0,0.0,0.0,0.0
2015-01-14,0.0,0.0,0.0,0.0,0.0,0.0,0.0,0.0,0.0,0.0,0.0,0.0,0.0,0.0,0.0,0.0,0.0,0.0
2015-01-15,0.0,0.0,0.0,0.0,0.0,0.0,0.0,0.0,0.0,0.0,0.0,0.0,0.0,0.0,0.0,0.0,0.0,0.0
2015-01-16,0.0,0.0,0.0,0.0,0.0,0.0,0.0,0.0,0.0,0.0,0.0,0.0,0.0,0.0,0.0,0.0,0.0,0.0
2015-01-19,0.0,0.0,0.0,0.0,0.0,0.0,0.0,0.0,0.0,0.0,0.0,0.0,0.0,0.0,0.0,0.0,0.0,0.0
2015-01-20,0.0,0.0,0.0,0.0,0.0,0.0,0.0,0.0,0.0,0.0,0.0,0.0,0.0,0.0,0.0,0.0,0.0,0.0
2015-01-21,0.0,0.0,0.0,0.0,0.0,0.0,0.0,0.0,0.0,0.0,0.0,0.0,0.0,0.0,0.0,0.0,0.0,0.0
2015-01-22,0.0,0.0,0.0,0.0,0.0,0.0,0.0,0.0,0.0,0.0,0.0,0.0,0.0,0.0,0.0,0.0,0.0,0.0
2015-01-23,0.0,0.0,0.0,0.0,0.0,0.0,0.0,0.0,0.0,0.0,0.0,0.0,0.0,0.0,0.0,0.0,0.0,0.0
2015-01-26,0.0,0.0,0.0,0.0,0.0,0.0,0.0,0.0,0.0,0.0,0.0,0.0,0.0,0.0,0.0,0.0,0.0,0.0
2015-01-27,0.0,0.0,0.0,0.0,0.0,0.0,0.0,0.0,0.0,0.0,0.0,0.0,0.0,0.0,0.0,0.0,0.0,0.0
2015-01-28,0.0,0.0,0.0,0.0,0.0,0.0,0.0,0.0,0.0,0.0,0.0,0.0,0.0,0.0,0.0,0.0,0.0,0.0
2015-01-29,0.0,0.0,0.0,0.0,0.0,0.0,0.0,0.0,0.0,0.0,0.0,0.0,0.0,0.0,0.0,0.0,0.0,0.0
2015-01-30,0.0,0.0,0.0,0.0,0.0,0.0,0.0,0.0,0.0,0.0,0.0,0.0,0.0,0.0,0.0,0.0,0.0,0.0
2015-02-02,0.0,0.0,0.0,0.0,0.0,0.0,0.0,0.0,0.0,0.0,0.0,0.0,0.0,0.0,0.0,0.0,0.0,0.0
2015-02-03,0.0,0.0,0.0,0.0,0.0,0.0,0.0,0.0,0.0,0.0,0.0,0.0,0.0,0.0,0.0,0.0,0.0,0.0
2015-02-04,0.0,0.0,0.0,0.0,0.0,0.0,0.0,0.0,0.0,0.0,0.0,0.0,0.0,0.0,0.0,0.0,0.0,0.0
2015-02-05,0.0,0.0,0.0,0.0,0.0,0.0,0.0,0.0,0.0,0.0,0.0,0.0,0.0,0.0,0.0,0.0,0.0,0.0
2015-02-06,0.0,0.0,0.0,0.0,0.0,0.0,0.0,0.0,0.0,0.0,0.0,0.0,0.0,0.0,0.0,0.0,0.0,0.0
2015-02-09,0.0,0.0,0.0,0.0,0.0,0.0,0.0,0.0,0.0,0.0,0.0,0.0,0.0,0.0,0.0,0.0,0.0,0.0
2015-02-10,0.0,0.0,0.0,0.0,0.0,0.0,0.0,0.0,0.0,0.0,0.0,0.0,0.0,0.0,0.0,0.0,0.0,0.0
2015-02-11,0.0,0.0,0.0,0.0,0.0,0.0,0.0,0.0,0.0,0.0,0.0,0.0,0.0,0.0,0.0,0.0,0.0,0.0
2015-02-12,0.0,0.0,0.0,0.0,0.0,0.0,0.0,0.0,0.0,0.0,0.0,0.0,0.0,0.0,0.0,0.0,0.0,0.0
2015-02-13,0.0,0.0,0.0,0.0,0.0,0.0,0.0,0.0,0.0,0.0,0.0,0.0,0.0,0.0,0.0,0.0,0.0,0.0
2015-02-16,0.0,0.0,0.0,0.0,0.0,0.0,0.0,0.0,0.0,0.0,0.0,0.0,0.0,0.0,0.0,0.0,0.0,0.0
2015-02-17,0.0,0.0,0.0,0.0,0.0,0.0,0.0,0.0,0.0,0.0,0.0,0.0,0.0,0.0,0.0,0.0,0.0,0.0
2015-02-18,0.0,0.0,0.0,0.0,0.0,0.0,0.0,0.0,0.0,0.0,0.0,0.0,0.0,0.0,0.0,0.0,0.0,0.0
2015-02-19,0.0,0.0,0.0,0.0,0.0,0.0,0.0,0.0,0.0,0.0,0.0,0.0,0.0,0.0,0.0,0.0,0.0,0.0
2015-02-20,0.0,0.0,0.0,0.0,0.0,0.0,0.0,0.0,0.0,0.0,0.0,0.0,0.0,0.0,0.0,0.0,0.0,0.0
2015-02-23,0.0,0.0,0.0,0.0,0.0,0.0,0.0,0.0,0.0,0.0,0.0,0.0,0.0,0.0,0.0,0.0,0.0,0.0
2015-02-24,0.0,0.0,0.0,0.0,0.0,0.0,0.0,0.0,0.0,0.0,0.0,0.0,0.0,0.0,0.0,0.0,0.0,0.0
2015-02-25,0.0,0.0,0.0,0.0,0.0,0.0,0.0,0.0,0.0,0.0,0.0,0.0,0.0,0.0,0.0,0.0,0.0,0.0
2015-02-26,0.0,0.0,0.0,0.0,0.0,0.0,0.0,0.0,0.0,0.0,0.0,0.0,0.0,0.0,0.0,0.0,0.0,0.0
2015-02-27,0.0,0.0,0.0,0.0,0.0,0.0,0.0,0.0,0.0,0.0,0.0,0.0,0.0,0.0,0.0,0.0,0.0,0.0
2015-03-02,0.0,0.0,0.0,0.0,0.0,0.0,0.0,0.0,0.0,0.0,0.0,0.0,0.0,0.0,0.0,0.0,0.0,0.0
2015-03-03,0.0,0.0,0.0,0.0,0.0,0.0,0.0,0.0,0.0,0.0,0.0,0.0,0.0,0.0,0.0,0.0,0.0,0.0
2015-03-04,0.0,0.0,0.0,0.0,0.0,0.0,0.0,0.0,0.0,0.0,0.0,0.0,0.0,0.0,0.0,0.0,0.0,0.0
2015-03-05,0.0,0.0,0.0,0.0,0.0,0.0,0.0,0.0,0.0,0.0,0.0,0.0,0.0,0.0,0.0,0.0,0.0,0.0
2015-03-06,0.0,0.0,0.0,0.0,0.0,0.0,0.0,0.0,0.0,0.0,0.0,0.0,0.0,0.0,0.0,0.0,0.0,0.0
2015-03-09,0.0,0.0,0.0,0.0,0.0,0.0,0.0,0.0,0.0,0.0,0.0,0.0,0.0,0.0,0.0,0.0,0.0,0.0
2015-03-10,0.0,0.0,0.0,0.0,0.0,0.0,0.0,0.0,0.0,0.0,0.0,0.0,0.0,0.0,0.0,0.0,0.0,0.0
2015-03-11,0.0,0.0,0.0,0.0,0.0,0.0,0.0,0.0,0.0,0.0,0.0,0.0,0.0,0.0,0.0,0.0,0.0,0.0
2015-03-12,0.0,0.0,0.0,0.0,0.0,0.0,0.0,0.0,0.0,0.0,0.0,0.0,0.0,0.0,0.0,0.0,0.0,0.0
2015-03-13,0.0,0.0,0.0,0.0,0.0,0.0,0.0,0.0,0.0,0.0,0.0,0.0,0.0,0.0,0.0,0.0,0.0,0.0
2015-03-16,0.0,0.0,0.0,0.0,0.0,0.0,0.0,0.0,0.0,0.0,0.0,0.0,0.0,0.0,0.0,0.0,0.0,0.0
2015-03-17,0.0,0.0,0.0,0.0,0.0,0.0,0.0,0.0,0.0,0.0,0.0,0.0,0.0,0.0,0.0,0.0,0.0,0.0
2015-03-18,0.0,0.0,0.0,0.0,0.0,0.0,0.0,0.0,0.0,0.0,0.0,0.0,0.0,0.0,0.0,0.0,0.0,0.0
2015-03-19,0.0,0.0,0.0,0.0,0.0,0.0,0.0,0.0,0.0,0.0,0.0,0.0,0.0,0.0,0.0,0.0,0.0,0.0
2015-03-20,0.0,0.0,0.0,0.0,0.0,0.0,0.0,0.0,0.0,0.0,0.0,0.0,0.0,0.0,0.0,0.0,0.0,0.0
2015-03-23,0.0,0.0,0.0,0.0,0.0,0.0,0.0,0.0,0.0,0.0,0.0,0.0,0.0,0.0,0.0,0.0,0.0,0.0
2015-03-24,0.0,0.0,0.0,0.0,0.0,0.0,0.0,0.0,0.0,0.0,0.0,0.0,0.0,0.0,0.0,0.0,0.0,0.0
2015-03-25,0.0,0.0,0.0,0.0,0.0,0.0,0.0,0.0,0.0,0.0,0.0,0.0,0.0,0.0,0.0,0.0,0.0,0.0
2015-03-26,0.0,0.0,0.0,0.0,0.0,0.0,0.0,0.0,0.0,0.0,0.0,0.0,0.0,0.0,0.0,0.0,0.0,0.0
2015-03-27,0.0,0.0,0.0,0.0,0.0,0.0,0.0,0.0,0.0,0.0,0.0,0.0,0.0,0.0,0.0,0.0,0.0,0.0
2015-03-30,0.0,0.0,0.0,0.0,0.0,0.0,0.0,0.0,0.0,0.0,0.0,0.0,0.0,0.0,0.0,0.0,0.0,0.0
2015-03-31,0.0,0.0,0.0,0.0,0.0,0.0,0.0,0.0,0.0,0.0,0.0,0.0,0.0,0.0,0.0,0.0,0.0,0.0
2015-04-01,0.0,0.0,0.0,0.0,0.0,0.0,0.0,0.0,0.0,0.0,0.0,0.0,0.0,0.0,0.0,0.0,0.0,0.0
2015-04-02,0.0,0.0,0.0,0.0,0.0,0.0,0.0,0.0,0.0,0.0,0.0,0.0,0.0,0.0,0.0,0.0,0.0,0.0
2015-04-03,0.0,0.0,0.0,0.0,0.0,0.0,0.0,0.0,0.0,0.0,0.0,0.0,0.0,0.0,0.0,0.0,0.0,0.0
2015-04-06,0.0,0.0,0.0,0.0,0.0,0.0,0.0,0.0,0.0,0.0,0.0,0.0,0.0,0.0,0.0,0.0,0.0,0.0
2015-04-07,0.0,0.0,0.0,0.0,0.0,0.0,0.0,0.0,0.0,0.0,0.0,0.0,0.0,0.0,0.0,0.0,0.0,0.0
2015-04-08,0.0,0.0,0.0,0.0,0.0,0.0,0.0,0.0,0.0,0.0,0.0,0.0,0.0,0.0,0.0,0.0,0.0,0.0
2015-04-09,0.0,0.0,0.0,0.0,0.0,0.0,0.0,0.0,0.0,0.0,0.0,0.0,0.0,0.0,0.0,0.0,0.0,0.0
2015-04-10,0.0,0.0,0.0,0.0,0.0,0.0,0.0,0.0,0.0,0.0,0.0,0.0,0.0,0.0,0.0,0.0,0.0,0.0
2015-04-13,0.0,0.0,0.0,0.0,0.0,0.0,0.0,0.0,0.0,0.0,0.0,0.0,0.0,0.0,0.0,0.0,0.0,0.0
2015-04-14,0.0,0.0,0.0,0.0,0.0,0.0,0.0,0.0,0.0,0.0,0.0,0.0,0.0,0.0,0.0,0.0,0.0,0.0
2015-04-15,0.0,0.0,0.0,0.0,0.0,0.0,0.0,0.0,0.0,0.0,0.0,0.0,0.0,0.0,0.0,0.0,0.0,0.0
2015-04-16,0.0,0.0,0.0,0.0,0.0,0.0,0.0,0.0,0.0,0.0,0.0,0.0,0.0,0.0,0.0,0.0,0.0,0.0
2015-04-17,0.0,0.0,0.0,0.0,0.0,0.0,0.0,0.0,0.0,0.0,0.0,0.0,0.0,0.0,0.0,0.0,0.0,0.0
2015-04-20,0.0,0.0,0.0,0.0,0.0,0.0,0.0,0.0,0.0,0.0,0.0,0.0,0.0,0.0,0.0,0.0,0.0,0.0
2015-04-21,0.0,0.0,0.0,0.0,0.0,0.0,0.0,0.0,0.0,0.0,0.0,0.0,0.0,0.0,0.0,0.0,0.0,0.0
2015-04-22,0.0,0.0,0.0,0.0,0.0,0.0,0.0,0.0,0.0,0.0,0.0,0.0,0.0,0.0,0.0,0.0,0.0,0.0
2015-04-23,0.0,0.0,0.0,0.0,0.0,0.0,0.0,0.0,0.0,0.0,0.0,0.0,0.0,0.0,0.0,0.0,0.0,0.0
2015-04-24,0.0,0.0,0.0,0.0,0.0,0.0,0.0,0.0,0.0,0.0,0.0,0.0,0.0,0.0,0.0,0.0,0.0,0.0
2015-04-27,0.0,0.0,0.0,0.0,0.0,0.0,0.0,0.0,0.0,0.0,0.0,0.0,0.0,0.0,0.0,0.0,0.0,0.0
2015-04-28,0.0,0.0,0.0,0.0,0.0,0.0,0.0,0.0,0.0,0.0,0.0,0.0,0.0,0.0,0.0,0.0,0.0,0.0
2015-04-29,0.0,0.0,0.0,0.0,0.0,0.0,0.0,0.0,0.0,0.0,0.0,0.0,0.0,0.0,0.0,0.0,0.0,0.0
2015-04-30,0.0,0.0,0.0,0.0,0.0,0.0,0.0,0.0,0.0,0.0,0.0,0.0,0.0,0.0,0.0,0.0,0.0,0.0
2015-05-01,0.0,0.0,0.0,0.0,0.0,0.0,0.0,0.0,0.0,0.0,0.0,0.0,0.0,0.0,0.0,0.0,0.0,0.0
2015-05-04,0.0,0.0,0.0,0.0,0.0,0.0,0.0,0.0,0.0,0.0,0.0,0.0,0.0,0.0,0.0,0.0,0.0,0.0
2015-05-05,0.0,0.0,0.0,0.0,0.0,0.0,0.0,0.0,0.0,0.0,0.0,0.0,0.0,0.0,0.0,0.0,0.0,0.0
2015-05-06,0.0,0.0,0.0,0.0,0.0,0.0,0.0,0.0,0.0,0.0,0.0,0.0,0.0,0.0,0.0,0.0,0.0,0.0
2015-05-07,0.0,0.0,0.0,0.0,0.0,0.0,0.0,0.0,0.0,0.0,0.0,0.0,0.0,0.0,0.0,0.0,0.0,0.0
2015-05-08,0.0,0.0,0.0,0.0,0.0,0.0,0.0,0.0,0.0,0.0,0.0,0.0,0.0,0.0,0.0,0.0,0.0,0.0
2015-05-11,0.0,0.0,0.0,0.0,0.0,0.0,0.0,0.0,0.0,0.0,0.0,0.0,0.0,0.0,0.0,0.0,0.0,0.0
2015-05-12,0.0,0.0,0.0,0.0,0.0,0.0,0.0,0.0,0.0,0.0,0.0,0.0,0.0,0.0,0.0,0.0,0.0,0.0
2015-05-13,0.0,0.0,0.0,0.0,0.0,0.0,0.0,0.0,0.0,0.0,0.0,0.0,0.0,0.0,0.0,0.0,0.0,0.0
2015-05-14,0.0,0.0,0.0,0.0,0.0,0.0,0.0,0.0,0.0,0.0,0.0,0.0,0.0,0.0,0.0,0.0,0.0,0.0
2015-05-15,0.0,0.0,0.0,0.0,0.0,0.0,0.0,0.0,0.0,0.0,0.0,0.0,0.0,0.0,0.0,0.0,0.0,0.0
2015-05-18,0.0,0.0,0.0,0.0,0.0,0.0,0.0,0.0,0.0,0.0,0.0,0.0,0.0,0.0,0.0,0.0,0.0,0.0
2015-05-19,0.0,0.0,0.0,0.0,0.0,0.0,0.0,0.0,0.0,0.0,0.0,0.0,0.0,0.0,0.0,0.0,0.0,0.0
2015-05-20,0.0,0.0,0.0,0.0,0.0,0.0,0.0,0.0,0.0,0.0,0.0,0.0,0.0,0.0,0.0,0.0,0.0,0.0
2015-05-21,0.0,0.0,0.0,0.0,0.0,0.0,0.0,0.0,0.0,0.0,0.0,0.0,0.0,0.0,0.0,0.0,0.0,0.0
2015-05-22,0.0,0.0,0.0,0.0,0.0,0.0,0.0,0.0,0.0,0.0,0.0,0.0,0.0,0.0,0.0,0.0,0.0,0.0
2015-05-25,0.0,0.0,0.0,0.0,0.0,0.0,0.0,0.0,0.0,0.0,0.0,0.0,0.0,0.0,0.0,0.0,0.0,0.0
2015-05-26,0.0,0.0,0.0,0.0,0.0,0.0,0.0,0.0,0.0,0.0,0.0,0.0,0.0,0.0,0.0,0.0,0.0,0.0
2015-05-27,0.0,0.0,0.0,0.0,0.0,0.0,0.0,0.0,0.0,0.0,0.0,0.0,0.0,0.0,0.0,0.0,0.0,0.0
2015-05-28,0.0,0.0,0.0,0.0,0.0,0.0,0.0,0.0,0.0,0.0,0.0,0.0,0.0,0.0,0.0,0.0,0.0,0.0
2015-05-29,0.0,0.0,0.0,0.0,0.0,0.0,0.0,0.0,0.0,0.0,0.0,0.0,0.0,0.0,0.0,0.0,0.0,0.0
2015-06-01,0.0,0.0,0.0,0.0,0.0,0.0,0.0,0.0,0.0,0.0,0.0,0.0,0.0,0.0,0.0,0.0,0.0,0.0
2015-06-02,0.0,0.0,0.0,0.0,0.0,0.0,0.0,0.0,0.0,0.0,0.0,0.0,0.0,0.0,0.0,0.0,0.0,0.0
2015-06-03,0.0,0.0,0.0,0.0,0.0,0.0,0.0,0.0,0.0,0.0,0.0,0.0,0.0,0.0,0.0,0.0,0.0,0.0
2015-06-04,0.0,0.0,0.0,0.0,0.0,0.0,0.0,0.0,0.0,0.0,0.0,0.0,0.0,0.0,0.0,0.0,0.0,0.0
2015-06-05,0.0,0.0,0.0,0.0,0.0,0.0,0.0,0.0,0.0,0.0,0.0,0.0,0.0,0.0,0.0,0.0,0.0,0.0
2015-06-08,0.0,0.0,0.0,0.0,0.0,0.0,0.0,0.0,0.0,0.0,0.0,0.0,0.0,0.0,0.0,0.0,0.0,0.0
2015-06-09,0.0,0.0,0.0,0.0,0.0,0.0,0.0,0.0,0.0,0.0,0.0,0.0,0.0,0.0,0.0,0.0,0.0,0.0
2015-06-10,0.0,0.0,0.0,0.0,0.0,0.0,0.0,0.0,0.0,0.0,0.0,0.0,0.0,0.0,0.0,0.0,0.0,0.0
2015-06-11,0.0,0.0,0.0,0.0,0.0,0.0,0.0,0.0,0.0,0.0,0.0,0.0,0.0,0.0,0.0,0.0,0.0,0.0
2015-06-12,0.0,0.0,0.0,0.0,0.0,0.0,0.0,0.0,0.0,0.0,0.0,0.0,0.0,0.0,0.0,0.0,0.0,0.0
2015-06-15,0.0,0.0,0.0,0.0,0.0,0.0,0.0,0.0,0.0,0.0,0.0,0.0,0.0,0.0,0.0,0.0,0.0,0.0
2015-06-16,0.0,0.0,0.0,0.0,0.0,0.0,0.0,0.0,0.0,0.0,0.0,0.0,0.0,0.0,0.0,0.0,0.0,0.0
2015-06-17,0.0,0.0,0.0,0.0,0.0,0.0,0.0,0.0,0.0,0.0,0.0,0.0,0.0,0.0,0.0,0.0,0.0,0.0
2015-06-18,0.0,0.0,0.0,0.0,0.0,0.0,0.0,0.0,0.0,0.0,0.0,0.0,0.0,0.0,0.0,0.0,0.0,0.0
2015-06-19,0.0,0.0,0.0,0.0,0.0,0.0,0.0,0.0,0.0,0.0,0.0,0.0,0.0,0.0,0.0,0.0,0.0,0.0
2015-06-22,0.0,0.0,0.0,0.0,0.0,0.0,0.0,0.0,0.0,0.0,0.0,0.0,0.0,0.0,0.0,0.0,0.0,0.0
2015-06-23,0.0,0.0,0.0,0.0,0.0,0.0,0.0,0.0,0.0,0.0,0.0,0.0,0.0,0.0,0.0,0.0,0.0,0.0
2015-06-24,0.0,0.0,0.0,0.0,0.0,0.0,0.0,0.0,0.0,0.0,0.0,0.0,0.0,0.0,0.0,0.0,0.0,0.0
2015-06-25,0.0,0.0,0.0,0.0,0.0,0.0,0.0,0.0,0.0,0.0,0.0,0.0,0.0,0.0,0.0,0.0,0.0,0.0
2015-06-26,0.0,0.0,0.0,0.0,0.0,0.0,0.0,0.0,0.0,0.0,0.0,0.0,0.0,0.0,0.0,0.0,0.0,0.0
2015-06-29,0.0,0.0,0.0,0.0,0.0,0.0,0.0,0.0,0.0,0.0,0.0,0.0,0.0,0.0,0.0,0.0,0.0,0.0
2015-06-30,0.0,0.0,0.0,0.0,0.0,0.0,0.0,0.0,0.0,0.0,0.0,0.0,0.0,0.0,0.0,0.0,0.0,0.0
2015-07-01,0.0,0.0,0.0,0.0,0.0,0.0,0.0,0.0,0.0,0.0,0.0,0.0,0.0,0.0,0.0,0.0,0.0,0.0
2015-07-02,0.0,0.0,0.0,0.0,0.0,0.0,0.0,0.0,0.0,0.0,0.0,0.0,0.0,0.0,0.0,0.0,0.0,0.0
2015-07-03,0.0,0.0,0.0,0.0,0.0,0.0,0.0,0.0,0.0,0.0,0.0,0.0,0.0,0.0,0.0,0.0,0.0,0.0
2015-07-06,0.0,0.0,0.0,0.0,0.0,0.0,0.0,0.0,0.0,0.0,0.0,0.0,0.0,0.0,0.0,0.0,0.0,0.0
2015-07-07,0.0,0.0,0.0,0.0,0.0,0.0,0.0,0.0,0.0,0.0,0.0,0.0,0.0,0.0,0.0,0.0,0.0,0.0
2015-07-08,0.0,0.0,0.0,0.0,0.0,0.0,0.0,0.0,0.0,0.0,0.0,0.0,0.0,0.0,0.0,0.0,0.0,0.0
2015-07-09,0.0,0.0,0.0,0.0,0.0,0.0,0.0,0.0,0.0,0.0,0.0,0.0,0.0,0.0,0.0,0.0,0.0,0.0
2015-07-10,0.0,0.0,0.0,0.0,0.0,0.0,0.0,0.0,0.0,0.0,0.0,0.0,0.0,0.0,0.0,0.0,0.0,0.0
2015-07-13,0.0,0.0,0.0,0.0,0.0,0.0,0.0,0.0,0.0,0.0,0.0,0.0,0.0,0.0,0.0,0.0,0.0,0.0
2015-07-14,0.0,0.0,0.0,0.0,0.0,0.0,0.0,0.0,0.0,0.0,0.0,0.0,0.0,0.0,0.0,0.0,0.0,0.0
2015-07-15,0.0,0.0,0.0,0.0,0.0,0.0,0.0,0.0,0.0,0.0,0.0,0.0,0.0,0.0,0.0,0.0,0.0,0.0
2015-07-16,0.0,0.0,0.0,0.0,0.0,0.0,0.0,0.0,0.0,0.0,0.0,0.0,0.0,0.0,0.0,0.0,0.0,0.0
2015-07-17,0.0,0.0,0.0,0.0,0.0,0.0,0.0,0.0,0.0,0.0,0.0,0.0,0.0,0.0,0.0,0.0,0.0,0.0
2015-07-20,0.0,0.0,0.0,0.0,0.0,0.0,0.0,0.0,0.0,0.0,0.0,0.0,0.0,0.0,0.0,0.0,0.0,0.0
2015-07-21,0.0,0.0,0.0,0.0,0.0,0.0,0.0,0.0,0.0,0.0,0.0,0.0,0.0,0.0,0.0,0.0,0.0,0.0
2015-07-22,0.0,0.0,0.0,0.0,0.0,0.0,0.0,0.0,0.0,0.0,0.0,0.0,0.0,0.0,0.0,0.0,0.0,0.0
2015-07-23,0.0,0.0,0.0,0.0,0.0,0.0,0.0,0.0,0.0,0.0,0.0,0.0,0.0,0.0,0.0,0.0,0.0,0.0
2015-07-24,0.0,0.0,0.0,0.0,0.0,0.0,0.0,0.0,0.0,0.0,0.0,0.0,0.0,0.0,0.0,0.0,0.0,0.0
2015-07-27,0.0,0.0,0.0,0.0,0.0,0.0,0.0,0.0,0.0,0.0,0.0,0.0,0.0,0.0,0.0,0.0,0.0,0.0
2015-07-28,0.0,0.0,0.0,0.0,0.0,0.0,0.0,0.0,0.0,0.0,0.0,0.0,0.0,0.0,0.0,0.0,0.0,0.0
2015-07-29,0.0,0.0,0.0,0.0,0.0,0.0,0.0,0.0,0.0,0.0,0.0,0.0,0.0,0.0,0.0,0.0,0.0,0.0
2015-07-30,0.0,0.0,0.0,0.0,0.0,0.0,0.0,0.0,0.0,0.0,0.0,0.0,0.0,0.0,0.0,0.0,0.0,0.0
2015-07-31,0.0,0.0,0.0,0.0,0.0,0.0,0.0,0.0,0.0,0.0,0.0,0.0,0.0,0.0,0.0,0.0,0.0,0.0
2015-08-03,0.0,0.0,0.0,0.0,0.0,0.0,0.0,0.0,0.0,0.0,0.0,0.0,0.0,0.0,0.0,0.0,0.0,0.0
2015-08-04,0.0,0.0,0.0,0.0,0.0,0.0,0.0,0.0,0.0,0.0,0.0,0.0,0.0,0.0,0.0,0.0,0.0,0.0
2015-08-05,0.0,0.0,0.0,0.0,0.0,0.0,0.0,0.0,0.0,0.0,0.0,0.0,0.0,0.0,0.0,0.0,0.0,0.0
2015-08-06,0.0,0.0,0.0,0.0,0.0,0.0,0.0,0.0,0.0,0.0,0.0,0.0,0.0,0.0,0.0,0.0,0.0,0.0
2015-08-07,0.0,0.0,0.0,0.0,0.0,0.0,0.0,0.0,0.0,0.0,0.0,0.0,0.0,0.0,0.0,0.0,0.0,0.0
2015-08-10,0.0,0.0,0.0,0.0,0.0,0.0,0.0,0.0,0.0,0.0,0.0,0.0,0.0,0.0,0.0,0.0,0.0,0.0
2015-08-11,0.0,0.0,0.0,0.0,0.0,0.0,0.0,0.0,0.0,0.0,0.0,0.0,0.0,0.0,0.0,0.0,0.0,0.0
2015-08-12,0.0,0.0,0.0,0.0,0.0,0.0,0.0,0.0,0.0,0.0,0.0,0.0,0.0,0.0,0.0,0.0,0.0,0.0
2015-08-13,0.0,0.0,0.0,0.0,0.0,0.0,0.0,0.0,0.0,0.0,0.0,0.0,0.0,0.0,0.0,0.0,0.0,0.0
2015-08-14,0.0,0.0,0.0,0.0,0.0,0.0,0.0,0.0,0.0,0.0,0.0,0.0,0.0,0.0,0.0,0.0,0.0,0.0
2015-08-17,0.0,0.0,0.0,0.0,0.0,0.0,0.0,0.0,0.0,0.0,0.0,0.0,0.0,0.0,0.0,0.0,0.0,0.0
2015-08-18,0.0,0.0,0.0,0.0,0.0,0.0,0.0,0.0,0.0,0.0,0.0,0.0,0.0,0.0,0.0,0.0,0.0,0.0
2015-08-19,0.0,0.0,0.0,0.0,0.0,0.0,0.0,0.0,0.0,0.0,0.0,0.0,0.0,0.0,0.0,0.0,0.0,0.0
2015-08-20,0.0,0.0,0.0,0.0,0.0,0.0,0.0,0.0,0.0,0.0,0.0,0.0,0.0,0.0,0.0,0.0,0.0,0.0
2015-08-21,0.0,0.0,0.0,0.0,0.0,0.0,0.0,0.0,0.0,0.0,0.0,0.0,0.0,0.0,0.0,0.0,0.0,0.0
2015-08-24,0.0,0.0,0.0,0.0,0.0,0.0,0.0,0.0,0.0,0.0,0.0,0.0,0.0,0.0,0.0,0.0,0.0,0.0
2015-08-25,0.0,0.0,0.0,0.0,0.0,0.0,0.0,0.0,0.0,0.0,0.0,0.0,0.0,0.0,0.0,0.0,0.0,0.0
2015-08-26,0.0,0.0,0.0,0.0,0.0,0.0,0.0,0.0,0.0,0.0,0.0,0.0,0.0,0.0,0.0,0.0,0.0,0.0
2015-08-27,0.0,0.0,0.0,0.0,0.0,0.0,0.0,0.0,0.0,0.0,0.0,0.0,0.0,0.0,0.0,0.0,0.0,0.0
2015-08-28,0.0,0.0,0.0,0.0,0.0,0.0,0.0,0.0,0.0,0.0,0.0,0.0,0.0,0.0,0.0,0.0,0.0,0.0
2015-08-31,0.0,0.0,0.0,0.0,0.0,0.0,0.0,0.0,0.0,0.0,0.0,0.0,0.0,0.0,0.0,0.0,0.0,0.0
2015-09-01,0.0,0.0,0.0,0.0,0.0,0.0,0.0,0.0,0.0,0.0,0.0,0.0,0.0,0.0,0.0,0.0,0.0,0.0
2015-09-02,0.0,0.0,0.0,0.0,0.0,0.0,0.0,0.0,0.0,0.0,0.0,0.0,0.0,0.0,0.0,0.0,0.0,0.0
2015-09-03,0.0,0.0,0.0,0.0,0.0,0.0,0.0,0.0,0.0,0.0,0.0,0.0,0.0,0.0,0.0,0.0,0.0,0.0
2015-09-04,0.0,0.0,0.0,0.0,0.0,0.0,0.0,0.0,0.0,0.0,0.0,0.0,0.0,0.0,0.0,0.0,0.0,0.0
2015-09-07,0.0,0.0,0.0,0.0,0.0,0.0,0.0,0.0,0.0,0.0,0.0,0.0,0.0,0.0,0.0,0.0,0.0,0.0
2015-09-08,0.0,0.0,0.0,0.0,0.0,0.0,0.0,0.0,0.0,0.0,0.0,0.0,0.0,0.0,0.0,0.0,0.0,0.0
2015-09-09,0.0,0.0,0.0,0.0,0.0,0.0,0.0,0.0,0.0,0.0,0.0,0.0,0.0,0.0,0.0,0.0,0.0,0.0
2015-09-10,0.0,0.0,0.0,0.0,0.0,0.0,0.0,0.0,0.0,0.0,0.0,0.0,0.0,0.0,0.0,0.0,0.0,0.0
2015-09-11,0.0,0.0,0.0,0.0,0.0,0.0,0.0,0.0,0.0,0.0,0.0,0.0,0.0,0.0,0.0,0.0,0.0,0.0
2015-09-14,0.0,0.0,0.0,0.0,0.0,0.0,0.0,0.0,0.0,0.0,0.0,0.0,0.0,0.0,0.0,0.0,0.0,0.0
2015-09-15,0.0,0.0,0.0,0.0,0.0,0.0,0.0,0.0,0.0,0.0,0.0,0.0,0.0,0.0,0.0,0.0,0.0,0.0
2015-09-16,0.0,0.0,0.0,0.0,0.0,0.0,0.0,0.0,0.0,0.0,0.0,0.0,0.0,0.0,0.0,0.0,0.0,0.0
2015-09-17,0.0,0.0,0.0,0.0,0.0,0.0,0.0,0.0,0.0,0.0,0.0,0.0,0.0,0.0,0.0,0.0,0.0,0.0
2015-09-18,0.0,0.0,0.0,0.0,0.0,0.0,0.0,0.0,0.0,0.0,0.0,0.0,0.0,0.0,0.0,0.0,0.0,0.0
2015-09-21,0.0,0.0,0.0,0.0,0.0,0.0,0.0,0.0,0.0,0.0,0.0,0.0,0.0,0.0,0.0,0.0,0.0,0.0
2015-09-22,0.0,0.0,0.0,0.0,0.0,0.0,0.0,0.0,0.0,0.0,0.0,0.0,0.0,0.0,0.0,0.0,0.0,0.0
2015-09-23,0.0,0.0,0.0,0.0,0.0,0.0,0.0,0.0,0.0,0.0,0.0,0.0,0.0,0.0,0.0,0.0,0.0,0.0
2015-09-24,0.0,0.0,0.0,0.0,0.0,0.0,0.0,0.0,0.0,0.0,0.0,0.0,0.0,0.0,0.0,0.0,0.0,0.0
2015-09-25,0.0,0.0,0.0,0.0,0.0,0.0,0.0,0.0,0.0,0.0,0.0,0.0,0.0,0.0,0.0,0.0,0.0,0.0
2015-09-28,0.0,0.0,0.0,0.0,0.0,0.0,0.0,0.0,0.0,0.0,0.0,0.0,0.0,0.0,0.0,0.0,0.0,0.0
2015-09-29,0.0,0.0,0.0,0.0,0.0,0.0,0.0,0.0,0.0,0.0,0.0,0.0,0.0,0.0,0.0,0.0,0.0,0.0
2015-09-30,0.0,0.0,0.0,0.0,0.0,0.0,0.0,0.0,0.0,0.0,0.0,0.0,0.0,0.0,0.0,0.0,0.0,0.0
2015-10-01,0.0,0.0,0.0,0.0,0.0,0.0,0.0,0.0,0.0,0.0,0.0,0.0,0.0,0.0,0.0,0.0,0.0,0.0
2015-10-02,0.0,0.0,0.0,0.0,0.0,0.0,0.0,0.0,0.0,0.0,0.0,0.0,0.0,0.0,0.0,0.0,0.0,0.0
2015-10-05,0.0,0.0,0.0,0.0,0.0,0.0,0.0,0.0,0.0,0.0,0.0,0.0,0.0,0.0,0.0,0.0,0.0,0.0
2015-10-06,0.0,0.0,0.0,0.0,0.0,0.0,0.0,0.0,0.0,0.0,0.0,0.0,0.0,0.0,0.0,0.0,0.0,0.0
2015-10-07,0.0,0.0,0.0,0.0,0.0,0.0,0.0,0.0,0.0,0.0,0.0,0.0,0.0,0.0,0.0,0.0,0.0,0.0
2015-10-08,0.0,0.0,0.0,0.0,0.0,0.0,0.0,0.0,0.0,0.0,0.0,0.0,0.0,0.0,0.0,0.0,0.0,0.0
2015-10-09,0.0,0.0,0.0,0.0,0.0,0.0,0.0,0.0,0.0,0.0,0.0,0.0,0.0,0.0,0.0,0.0,0.0,0.0
2015-10-12,0.0,0.0,0.0,0.0,0.0,0.0,0.0,0.0,0.0,0.0,0.0,0.0,0.0,0.0,0.0,0.0,0.0,0.0
2015-10-13,0.0,0.0,0.0,0.0,0.0,0.0,0.0,0.0,0.0,0.0,0.0,0.0,0.0,0.0,0.0,0.0,0.0,0.0
2015-10-14,0.0,0.0,0.0,0.0,0.0,0.0,0.0,0.0,0.0,0.0,0.0,0.0,0.0,0.0,0.0,0.0,0.0,0.0
2015-10-15,0.0,0.0,0.0,0.0,0.0,0.0,0.0,0.0,0.0,0.0,0.0,0.0,0.0,0.0,0.0,0.0,0.0,0.0
2015-10-16,0.0,0.0,0.0,0.0,0.0,0.0,0.0,0.0,0.0,0.0,0.0,0.0,0.0,0.0,0.0,0.0,0.0,0.0
2015-10-19,0.0,0.0,0.0,0.0,0.0,0.0,0.0,0.0,0.0,0.0,0.0,0.0,0.0,0.0,0.0,0.0,0.0,0.0
2015-10-20,0.0,0.0,0.0,0.0,0.0,0.0,0.0,0.0,0.0,0.0,0.0,0.0,0.0,0.0,0.0,0.0,0.0,0.0
2015-10-21,0.0,0.0,0.0,0.0,0.0,0.0,0.0,0.0,0.0,0.0,0.0,0.0,0.0,0.0,0.0,0.0,0.0,0.0
2015-10-22,0.0,0.0,0.0,0.0,0.0,0.0,0.0,0.0,0.0,0.0,0.0,0.0,0.0,0.0,0.0,0.0,0.0,0.0
2015-10-23,0.0,0.0,0.0,0.0,0.0,0.0,0.0,0.0,0.0,0.0,0.0,0.0,0.0,0.0,0.0,0.0,0.0,0.0
2015-10-26,0.0,0.0,0.0,0.0,0.0,0.0,0.0,0.0,0.0,0.0,0.0,0.0,0.0,0.0,0.0,0.0,0.0,0.0
2015-10-27,0.0,0.0,0.0,0.0,0.0,0.0,0.0,0.0,0.0,0.0,0.0,0.0,0.0,0.0,0.0,0.0,0.0,0.0
2015-10-28,0.0,0.0,0.0,0.0,0.0,0.0,0.0,0.0,0.0,0.0,0.0,0.0,0.0,0.0,0.0,0.0,0.0,0.0
2015-10-29,0.0,0.0,0.0,0.0,0.0,0.0,0.0,0.0,0.0,0.0,0.0,0.0,0.0,0.0,0.0,0.0,0.0,0.0
2015-10-30,0.0,0.0,0.0,0.0,0.0,0.0,0.0,0.0,0.0,0.0,0.0,0.0,0.0,0.0,0.0,0.0,0.0,0.0
2015-11-02,0.0,0.0,0.0,0.0,0.0,0.0,0.0,0.0,0.0,0.0,0.0,0.0,0.0,0.0,0.0,0.0,0.0,0.0
2015-11-03,0.0,0.0,0.0,0.0,0.0,0.0,0.0,0.0,0.0,0.0,0.0,0.0,0.0,0.0,0.0,0.0,0.0,0.0
2015-11-04,0.0,0.0,0.0,0.0,0.0,0.0,0.0,0.0,0.0,0.0,0.0,0.0,0.0,0.0,0.0,0.0,0.0,0.0
2015-11-05,0.0,0.0,0.0,0.0,0.0,0.0,0.0,0.0,0.0,0.0,0.0,0.0,0.0,0.0,0.0,0.0,0.0,0.0
2015-11-06,0.0,0.0,0.0,0.0,0.0,0.0,0.0,0.0,0.0,0.0,0.0,0.0,0.0,0.0,0.0,0.0,0.0,0.0
2015-11-09,0.0,0.0,0.0,0.0,0.0,0.0,0.0,0.0,0.0,0.0,0.0,0.0,0.0,0.0,0.0,0.0,0.0,0.0
2015-11-10,0.0,0.0,0.0,0.0,0.0,0.0,0.0,0.0,0.0,0.0,0.0,0.0,0.0,0.0,0.0,0.0,0.0,0.0
2015-11-11,0.0,0.0,0.0,0.0,0.0,0.0,0.0,0.0,0.0,0.0,0.0,0.0,0.0,0.0,0.0,0.0,0.0,0.0
2015-11-12,0.0,0.0,0.0,0.0,0.0,0.0,0.0,0.0,0.0,0.0,0.0,0.0,0.0,0.0,0.0,0.0,0.0,0.0
2015-11-13,0.0,0.0,0.0,0.0,0.0,0.0,0.0,0.0,0.0,0.0,0.0,0.0,0.0,0.0,0.0,0.0,0.0,0.0
2015-11-16,0.0,0.0,0.0,0.0,0.0,0.0,0.0,0.0,0.0,0.0,0.0,0.0,0.0,0.0,0.0,0.0,0.0,0.0
2015-11-17,0.0,0.0,0.0,0.0,0.0,0.0,0.0,0.0,0.0,0.0,0.0,0.0,0.0,0.0,0.0,0.0,0.0,0.0
2015-11-18,0.0,0.0,0.0,0.0,0.0,0.0,0.0,0.0,0.0,0.0,0.0,0.0,0.0,0.0,0.0,0.0,0.0,0.0
2015-11-19,0.0,0.0,0.0,0.0,0.0,0.0,0.0,0.0,0.0,0.0,0.0,0.0,0.0,0.0,0.0,0.0,0.0,0.0
2015-11-20,0.0,0.0,0.0,0.0,0.0,0.0,0.0,0.0,0.0,0.0,0.0,0.0,0.0,0.0,0.0,0.0,0.0,0.0
2015-11-23,0.0,0.0,0.0,0.0,0.0,0.0,0.0,0.0,0.0,0.0,0.0,0.0,0.0,0.0,0.0,0.0,0.0,0.0
2015-11-24,0.0,0.0,0.0,0.0,0.0,0.0,0.0,0.0,0.0,0.0,0.0,0.0,0.0,0.0,0.0,0.0,0.0,0.0
2015-11-25,0.0,0.0,0.0,0.0,0.0,0.0,0.0,0.0,0.0,0.0,0.0,0.0,0.0,0.0,0.0,0.0,0.0,0.0
2015-11-26,0.0,0.0,0.0,0.0,0.0,0.0,0.0,0.0,0.0,0.0,0.0,0.0,0.0,0.0,0.0,0.0,0.0,0.0
2015-11-27,0.0,0.0,0.0,0.0,0.0,0.0,0.0,0.0,0.0,0.0,0.0,0.0,0.0,0.0,0.0,0.0,0.0,0.0
2015-11-30,0.0,0.0,0.0,0.0,0.0,0.0,0.0,0.0,0.0,0.0,0.0,0.0,0.0,0.0,0.0,0.0,0.0,0.0
2015-12-01,0.0,0.0,0.0,0.0,0.0,0.0,0.0,0.0,0.0,0.0,0.0,0.0,0.0,0.0,0.0,0.0,0.0,0.0
2015-12-02,0.0,0.0,0.0,0.0,0.0,0.0,0.0,0.0,0.0,0.0,0.0,0.0,0.0,0.0,0.0,0.0,0.0,0.0
2015-12-03,0.0,0.0,0.0,0.0,0.0,0.0,0.0,0.0,0.0,0.0,0.0,0.0,0.0,0.0,0.0,0.0,0.0,0.0
2015-12-04,0.0,0.0,0.0,0.0,0.0,0.0,0.0,0.0,0.0,0.0,0.0,0.0,0.0,0.0,0.0,0.0,0.0,0.0
2015-12-07,0.0,0.0,0.0,0.0,0.0,0.0,0.0,0.0,0.0,0.0,0.0,0.0,0.0,0.0,0.0,0.0,0.0,0.0
2015-12-08,0.0,0.0,0.0,0.0,0.0,0.0,0.0,0.0,0.0,0.0,0.0,0.0,0.0,0.0,0.0,0.0,0.0,0.0
2015-12-09,0.0,0.0,0.0,0.0,0.0,0.0,0.0,0.0,0.0,0.0,0.0,0.0,0.0,0.0,0.0,0.0,0.0,0.0
2015-12-10,0.0,0.0,0.0,0.0,0.0,0.0,0.0,0.0,0.0,0.0,0.0,0.0,0.0,0.0,0.0,0.0,0.0,0.0
2015-12-11,0.0,0.0,0.0,0.0,0.0,0.0,0.0,0.0,0.0,0.0,0.0,0.0,0.0,0.0,0.0,0.0,0.0,0.0
2015-12-14,0.0,0.0,0.0,0.0,0.0,0.0,0.0,0.0,0.0,0.0,0.0,0.0,0.0,0.0,0.0,0.0,0.0,0.0
2015-12-15,0.0,0.0,0.0,0.0,0.0,0.0,0.0,0.0,0.0,0.0,0.0,0.0,0.0,0.0,0.0,0.0,0.0,0.0
2015-12-16,0.0,0.0,0.0,0.0,0.0,0.0,0.0,0.0,0.0,0.0,0.0,0.0,0.0,0.0,0.0,0.0,0.0,0.0
2015-12-17,0.0,0.0,0.0,0.0,0.0,0.0,0.0,0.0,0.0,0.0,0.0,0.0,0.0,0.0,0.0,0.0,0.0,0.0
2015-12-18,0.0,0.0,0.0,0.0,0.0,0.0,0.0,0.0,0.0,0.0,0.0,0.0,0.0,0.0,0.0,0.0,0.0,0.0
2015-12-21,0.0,0.0,0.0,0.0,0.0,0.0,0.0,0.0,0.0,0.0,0.0,0.0,0.0,0.0,0.0,0.0,0.0,0.0
2015-12-22,0.0,0.0,0.0,0.0,0.0,0.0,0.0,0.0,0.0,0.0,0.0,0.0,0.0,0.0,0.0,0.0,0.0,0.0
2015-12-23,0.0,0.0,0.0,0.0,0.0,0.0,0.0,0.0,0.0,0.0,0.0,0.0,0.0,0.0,0.0,0.0,0.0,0.0
2015-12-24,0.0,0.0,0.0,0.0,0.0,0.0,0.0,0.0,0.0,0.0,0.0,0.0,0.0,0.0,0.0,0.0,0.0,0.0
2015-12-25,0.0,0.0,0.0,0.0,0.0,0.0,0.0,0.0,0.0,0.0,0.0,0.0,0.0,0.0,0.0,0.0,0.0,0.0
2015-12-28,0.0,0.0,0.0,0.0,0.0,0.0,0.0,0.0,0.0,0.0,0.0,0.0,0.0,0.0,0.0,0.0,0.0,0.0
2015-12-29,0.0,0.0,0.0,0.0,0.0,0.0,0.0,0.0,0.0,0.0,0.0,0.0,0.0,0.0,0.0,0.0,0.0,0.0
2015-12-30,0.0,0.0,0.0,0.0,0.0,0.0,0.0,0.0,0.0,0.0,0.0,0.0,0.0,0.0,0.0,0.0,0.0,0.0
2015-12-31,0.0,0.0,0.0,0.0,0.0,0.0,0.0,0.0,0.0,0.0,0.0,0.0,0.0,0.0,0.0,0.0,0.0,0.0
2016-01-01,0.0,0.0,0.0,0.0,0.0,0.0,0.0,0.0,0.0,0.0,0.0,0.0,0.0,0.0,0.0,0.0,0.0,0.0
2016-01-04,0.0,0.0,0.0,0.0,0.0,0.0,0.0,0.0,0.0,0.0,0.0,0.0,0.0,0.0,0.0,0.0,0.0,0.0
2016-01-05,0.0,0.0,0.0,0.0,0.0,0.0,0.0,0.0,0.0,0.0,0.0,0.0,0.0,0.0,0.0,0.0,0.0,0.0
2016-01-06,0.0,0.0,0.0,0.0,0.0,0.0,0.0,0.0,0.0,0.0,0.0,0.0,0.0,0.0,0.0,0.0,0.0,0.0
2016-01-07,0.0,0.0,0.0,0.0,0.0,0.0,0.0,0.0,0.0,0.0,0.0,0.0,0.0,0.0,0.0,0.0,0.0,0.0
2016-01-08,0.0,0.0,0.0,0.0,0.0,0.0,0.0,0.0,0.0,0.0,0.0,0.0,0.0,0.0,0.0,0.0,0.0,0.0
2016-01-11,0.0,0.0,0.0,0.0,0.0,0.0,0.0,0.0,0.0,0.0,0.0,0.0,0.0,0.0,0.0,0.0,0.0,0.0
2016-01-12,0.0,0.0,0.0,0.0,0.0,0.0,0.0,0.0,0.0,0.0,0.0,0.0,0.0,0.0,0.0,0.0,0.0,0.0
2016-01-13,0.0,0.0,0.0,0.0,0.0,0.0,0.0,0.0,0.0,0.0,0.0,0.0,0.0,0.0,0.0,0.0,0.0,0.0
2016-01-14,0.0,0.0,0.0,0.0,0.0,0.0,0.0,0.0,0.0,0.0,0.0,0.0,0.0,0.0,0.0,0.0,0.0,0.0
2016-01-15,0.0,0.0,0.0,0.0,0.0,0.0,0.0,0.0,0.0,0.0,0.0,0.0,0.0,0.0,0.0,0.0,0.0,0.0
2016-01-18,0.0,0.0,0.0,0.0,0.0,0.0,0.0,0.0,0.0,0.0,0.0,0.0,0.0,0.0,0.0,0.0,0.0,0.0
2016-01-19,0.0,0.0,0.0,0.0,0.0,0.0,0.0,0.0,0.0,0.0,0.0,0.0,0.0,0.0,0.0,0.0,0.0,0.0
2016-01-20,0.0,0.0,0.0,0.0,0.0,0.0,0.0,0.0,0.0,0.0,0.0,0.0,0.0,0.0,0.0,0.0,0.0,0.0
2016-01-21,0.0,0.0,0.0,0.0,0.0,0.0,0.0,0.0,0.0,0.0,0.0,0.0,0.0,0.0,0.0,0.0,0.0,0.0
2016-01-22,0.0,0.0,0.0,0.0,0.0,0.0,0.0,0.0,0.0,0.0,0.0,0.0,0.0,0.0,0.0,0.0,0.0,0.0
2016-01-25,0.0,0.0,0.0,0.0,0.0,0.0,0.0,0.0,0.0,0.0,0.0,0.0,0.0,0.0,0.0,0.0,0.0,0.0
2016-01-26,0.0,0.0,0.0,0.0,0.0,0.0,0.0,0.0,0.0,0.0,0.0,0.0,0.0,0.0,0.0,0.0,0.0,0.0
2016-01-27,0.0,0.0,0.0,0.0,0.0,0.0,0.0,0.0,0.0,0.0,0.0,0.0,0.0,0.0,0.0,0.0,0.0,0.0
2016-01-28,0.0,0.0,0.0,0.0,0.0,0.0,0.0,0.0,0.0,0.0,0.0,0.0,0.0,0.0,0.0,0.0,0.0,0.0
2016-01-29,0.0,0.0,0.0,0.0,0.0,0.0,0.0,0.0,0.0,0.0,0.0,0.0,0.0,0.0,0.0,0.0,0.0,0.0
2016-02-01,0.0,0.0,0.0,0.0,0.0,0.0,0.0,0.0,0.0,0.0,0.0,0.0,0.0,0.0,0.0,0.0,0.0,0.0
2016-02-02,0.0,0.0,0.0,0.0,0.0,0.0,0.0,0.0,0.0,0.0,0.0,0.0,0.0,0.0,0.0,0.0,0.0,0.0
2016-02-03,0.0,0.0,0.0,0.0,0.0,0.0,0.0,0.0,0.0,0.0,0.0,0.0,0.0,0.0,0.0,0.0,0.0,0.0
2016-02-04,0.0,0.0,0.0,0.0,0.0,0.0,0.0,0.0,0.0,0.0,0.0,0.0,0.0,0.0,0.0,0.0,0.0,0.0
2016-02-05,0.0,0.0,0.0,0.0,0.0,0.0,0.0,0.0,0.0,0.0,0.0,0.0,0.0,0.0,0.0,0.0,0.0,0.0
2016-02-08,0.0,0.0,0.0,0.0,0.0,0.0,0.0,0.0,0.0,0.0,0.0,0.0,0.0,0.0,0.0,0.0,0.0,0.0
2016-02-09,0.0,0.0,0.0,0.0,0.0,0.0,0.0,0.0,0.0,0.0,0.0,0.0,0.0,0.0,0.0,0.0,0.0,0.0
2016-02-10,0.0,0.0,0.0,0.0,0.0,0.0,0.0,0.0,0.0,0.0,0.0,0.0,0.0,0.0,0.0,0.0,0.0,0.0
2016-02-11,0.0,0.0,0.0,0.0,0.0,0.0,0.0,0.0,0.0,0.0,0.0,0.0,0.0,0.0,0.0,0.0,0.0,0.0
2016-02-12,0.0,0.0,0.0,0.0,0.0,0.0,0.0,0.0,0.0,0.0,0.0,0.0,0.0,0.0,0.0,0.0,0.0,0.0
2016-02-15,0.0,0.0,0.0,0.0,0.0,0.0,0.0,0.0,0.0,0.0,0.0,0.0,0.0,0.0,0.0,0.0,0.0,0.0
2016-02-16,0.0,0.0,0.0,0.0,0.0,0.0,0.0,0.0,0.0,0.0,0.0,0.0,0.0,0.0,0.0,0.0,0.0,0.0
2016-02-17,0.0,0.0,0.0,0.0,0.0,0.0,0.0,0.0,0.0,0.0,0.0,0.0,0.0,0.0,0.0,0.0,0.0,0.0
2016-02-18,0.0,0.0,0.0,0.0,0.0,0.0,0.0,0.0,0.0,0.0,0.0,0.0,0.0,0.0,0.0,0.0,0.0,0.0
2016-02-19,0.0,0.0,0.0,0.0,0.0,0.0,0.0,0.0,0.0,0.0,0.0,0.0,0.0,0.0,0.0,0.0,0.0,0.0
2016-02-22,0.0,0.0,0.0,0.0,0.0,0.0,0.0,0.0,0.0,0.0,0.0,0.0,0.0,0.0,0.0,0.0,0.0,0.0
2016-02-23,0.0,0.0,0.0,0.0,0.0,0.0,0.0,0.0,0.0,0.0,0.0,0.0,0.0,0.0,0.0,0.0,0.0,0.0
2016-02-24,0.0,0.0,0.0,0.0,0.0,0.0,0.0,0.0,0.0,0.0,0.0,0.0,0.0,0.0,0.0,0.0,0.0,0.0
2016-02-25,0.0,0.0,0.0,0.0,0.0,0.0,0.0,0.0,0.0,0.0,0.0,0.0,0.0,0.0,0.0,0.0,0.0,0.0
2016-02-26,0.0,0.0,0.0,0.0,0.0,0.0,0.0,0.0,0.0,0.0,0.0,0.0,0.0,0.0,0.0,0.0,0.0,0.0
2016-02-29,0.0,0.0,0.0,0.0,0.0,0.0,0.0,0.0,0.0,0.0,0.0,0.0,0.0,0.0,0.0,0.0,0.0,0.0
2016-03-01,0.0,0.0,0.0,0.0,0.0,0.0,0.0,0.0,0.0,0.0,0.0,0.0,0.0,0.0,0.0,0.0,0.0,0.0
2016-03-02,0.0,0.0,0.0,0.0,0.0,0.0,0.0,0.0,0.0,0.0,0.0,0.0,0.0,0.0,0.0,0.0,0.0,0.0
2016-03-03,0.0,0.0,0.0,0.0,0.0,0.0,0.0,0.0,0.0,0.0,0.0,0.0,0.0,0.0,0.0,0.0,0.0,0.0
2016-03-04,0.0,0.0,0.0,0.0,0.0,0.0,0.0,0.0,0.0,0.0,0.0,0.0,0.0,0.0,0.0,0.0,0.0,0.0
2016-03-07,0.0,0.0,0.0,0.0,0.0,0.0,0.0,0.0,0.0,0.0,0.0,0.0,0.0,0.0,0.0,0.0,0.0,0.0
2016-03-08,0.0,0.0,0.0,0.0,0.0,0.0,0.0,0.0,0.0,0.0,0.0,0.0,0.0,0.0,0.0,0.0,0.0,0.0
2016-03-09,0.0,0.0,0.0,0.0,0.0,0.0,0.0,0.0,0.0,0.0,0.0,0.0,0.0,0.0,0.0,0.0,0.0,0.0
2016-03-10,0.0,0.0,0.0,0.0,0.0,0.0,0.0,0.0,0.0,0.0,0.0,0.0,0.0,0.0,0.0,0.0,0.0,0.0
2016-03-11,0.0,0.0,0.0,0.0,0.0,0.0,0.0,0.0,0.0,0.0,0.0,0.0,0.0,0.0,0.0,0.0,0.0,0.0
2016-03-14,0.0,0.0,0.0,0.0,0.0,0.0,0.0,0.0,0.0,0.0,0.0,0.0,0.0,0.0,0.0,0.0,0.0,0.0
2016-03-15,0.0,0.0,0.0,0.0,0.0,0.0,0.0,0.0,0.0,0.0,0.0,0.0,0.0,0.0,0.0,0.0,0.0,0.0
2016-03-16,0.0,0.0,0.0,0.0,0.0,0.0,0.0,0.0,0.0,0.0,0.0,0.0,0.0,0.0,0.0,0.0,0.0,0.0
2016-03-17,0.0,0.0,0.0,0.0,0.0,0.0,0.0,0.0,0.0,0.0,0.0,0.0,0.0,0.0,0.0,0.0,0.0,0.0
2016-03-18,0.0,0.0,0.0,0.0,0.0,0.0,0.0,0.0,0.0,0.0,0.0,0.0,0.0,0.0,0.0,0.0,0.0,0.0
2016-03-21,0.0,0.0,0.0,0.0,0.0,0.0,0.0,0.0,0.0,0.0,0.0,0.0,0.0,0.0,0.0,0.0,0.0,0.0
2016-03-22,0.0,0.0,0.0,0.0,0.0,0.0,0.0,0.0,0.0,0.0,0.0,0.0,0.0,0.0,0.0,0.0,0.0,0.0
2016-03-23,0.0,0.0,0.0,0.0,0.0,0.0,0.0,0.0,0.0,0.0,0.0,0.0,0.0,0.0,0.0,0.0,0.0,0.0
2016-03-24,0.0,0.0,0.0,0.0,0.0,0.0,0.0,0.0,0.0,0.0,0.0,0.0,0.0,0.0,0.0,0.0,0.0,0.0
2016-03-25,0.0,0.0,0.0,0.0,0.0,0.0,0.0,0.0,0.0,0.0,0.0,0.0,0.0,0.0,0.0,0.0,0.0,0.0
2016-03-28,0.0,0.0,0.0,0.0,0.0,0.0,0.0,0.0,0.0,0.0,0.0,0.0,0.0,0.0,0.0,0.0,0.0,0.0
2016-03-29,0.0,0.0,0.0,0.0,0.0,0.0,0.0,0.0,0.0,0.0,0.0,0.0,0.0,0.0,0.0,0.0,0.0,0.0
2016-03-30,0.0,0.0,0.0,0.0,0.0,0.0,0.0,0.0,0.0,0.0,0.0,0.0,0.0,0.0,0.0,0.0,0.0,0.0
2016-03-31,0.0,0.0,0.0,0.0,0.0,0.0,0.0,0.0,0.0,0.0,0.0,0.0,0.0,0.0,0.0,0.0,0.0,0.0
2016-04-01,0.0,0.0,0.0,0.0,0.0,0.0,0.0,0.0,0.0,0.0,0.0,0.0,0.0,0.0,0.0,0.0,0.0,0.0
2016-04-04,0.0,0.0,0.0,0.0,0.0,0.0,0.0,0.0,0.0,0.0,0.0,0.0,0.0,0.0,0.0,0.0,0.0,0.0
2016-04-05,0.0,0.0,0.0,0.0,0.0,0.0,0.0,0.0,0.0,0.0,0.0,0.0,0.0,0.0,0.0,0.0,0.0,0.0
2016-04-06,0.0,0.0,0.0,0.0,0.0,0.0,0.0,0.0,0.0,0.0,0.0,0.0,0.0,0.0,0.0,0.0,0.0,0.0
2016-04-07,0.0,0.0,0.0,0.0,0.0,0.0,0.0,0.0,0.0,0.0,0.0,0.0,0.0,0.0,0.0,0.0,0.0,0.0
2016-04-08,0.0,0.0,0.0,0.0,0.0,0.0,0.0,0.0,0.0,0.0,0.0,0.0,0.0,0.0,0.0,0.0,0.0,0.0
2016-04-11,0.0,0.0,0.0,0.0,0.0,0.0,0.0,0.0,0.0,0.0,0.0,0.0,0.0,0.0,0.0,0.0,0.0,0.0
2016-04-12,0.0,0.0,0.0,0.0,0.0,0.0,0.0,0.0,0.0,0.0,0.0,0.0,0.0,0.0,0.0,0.0,0.0,0.0
2016-04-13,0.0,0.0,0.0,0.0,0.0,0.0,0.0,0.0,0.0,0.0,0.0,0.0,0.0,0.0,0.0,0.0,0.0,0.0
2016-04-14,0.0,0.0,0.0,0.0,0.0,0.0,0.0,0.0,0.0,0.0,0.0,0.0,0.0,0.0,0.0,0.0,0.0,0.0
2016-04-15,0.0,0.0,0.0,0.0,0.0,0.0,0.0,0.0,0.0,0.0,0.0,0.0,0.0,0.0,0.0,0.0,0.0,0.0
2016-04-18,0.0,0.0,0.0,0.0,0.0,0.0,0.0,0.0,0.0,0.0,0.0,0.0,0.0,0.0,0.0,0.0,0.0,0.0
2016-04-19,0.0,0.0,0.0,0.0,0.0,0.0,0.0,0.0,0.0,0.0,0.0,0.0,0.0,0.0,0.0,0.0,0.0,0.0
2016-04-20,0.0,0.0,0.0,0.0,0.0,0.0,0.0,0.0,0.0,0.0,0.0,0.0,0.0,0.0,0.0,0.0,0.0,0.0
2016-04-21,0.0,0.0,0.0,0.0,0.0,0.0,0.0,0.0,0.0,0.0,0.0,0.0,0.0,0.0,0.0,0.0,0.0,0.0
2016-04-22,0.0,0.0,0.0,0.0,0.0,0.0,0.0,0.0,0.0,0.0,0.0,0.0,0.0,0.0,0.0,0.0,0.0,0.0
2016-04-25,0.0,0.0,0.0,0.0,0.0,0.0,0.0,0.0,0.0,0.0,0.0,0.0,0.0,0.0,0.0,0.0,0.0,0.0
2016-04-26,0.0,0.0,0.0,0.0,0.0,0.0,0.0,0.0,0.0,0.0,0.0,0.0,0.0,0.0,0.0,0.0,0.0,0.0
2016-04-27,0.0,0.0,0.0,0.0,0.0,0.0,0.0,0.0,0.0,0.0,0.0,0.0,0.0,0.0,0.0,0.0,0.0,0.0
2016-04-28,0.0,0.0,0.0,0.0,0.0,0.0,0.0,0.0,0.0,0.0,0.0,0.0,0.0,0.0,0.0,0.0,0.0,0.0
2016-04-29,0.0,0.0,0.0,0.0,0.0,0.0,0.0,0.0,0.0,0.0,0.0,0.0,0.0,0.0,0.0,0.0,0.0,0.0
2016-05-02,0.0,0.0,0.0,0.0,0.0,0.0,0.0,0.0,0.0,0.0,0.0,0.0,0.0,0.0,0.0,0.0,0.0,0.0
2016-05-03,0.0,0.0,0.0,0.0,0.0,0.0,0.0,0.0,0.0,0.0,0.0,0.0,0.0,0.0,0.0,0.0,0.0,0.0
2016-05-04,0.0,0.0,0.0,0.0,0.0,0.0,0.0,0.0,0.0,0.0,0.0,0.0,0.0,0.0,0.0,0.0,0.0,0.0
2016-05-05,0.0,0.0,0.0,0.0,0.0,0.0,0.0,0.0,0.0,0.0,0.0,0.0,0.0,0.0,0.0,0.0,0.0,0.0
2016-05-06,0.0,0.0,0.0,0.0,0.0,0.0,0.0,0.0,0.0,0.0,0.0,0.0,0.0,0.0,0.0,0.0,0.0,0.0
2016-05-09,0.0,0.0,0.0,0.0,0.0,0.0,0.0,0.0,0.0,0.0,0.0,0.0,0.0,0.0,0.0,0.0,0.0,0.0
2016-05-10,0.0,0.0,0.0,0.0,0.0,0.0,0.0,0.0,0.0,0.0,0.0,0.0,0.0,0.0,0.0,0.0,0.0,0.0
2016-05-11,0.0,0.0,0.0,0.0,0.0,0.0,0.0,0.0,0.0,0.0,0.0,0.0,0.0,0.0,0.0,0.0,0.0,0.0
2016-05-12,0.0,0.0,0.0,0.0,0.0,0.0,0.0,0.0,0.0,0.0,0.0,0.0,0.0,0.0,0.0,0.0,0.0,0.0
2016-05-13,0.0,0.0,0.0,0.0,0.0,0.0,0.0,0.0,0.0,0.0,0.0,0.0,0.0,0.0,0.0,0.0,0.0,0.0
2016-05-16,0.0,0.0,0.0,0.0,0.0,0.0,0.0,0.0,0.0,0.0,0.0,0.0,0.0,0.0,0.0,0.0,0.0,0.0
2016-05-17,0.0,0.0,0.0,0.0,0.0,0.0,0.0,0.0,0.0,0.0,0.0,0.0,0.0,0.0,0.0,0.0,0.0,0.0
2016-05-18,0.0,0.0,0.0,0.0,0.0,0.0,0.0,0.0,0.0,0.0,0.0,0.0,0.0,0.0,0.0,0.0,0.0,0.0
2016-05-19,0.0,0.0,0.0,0.0,0.0,0.0,0.0,0.0,0.0,0.0,0.0,0.0,0.0,0.0,0.0,0.0,0.0,0.0
2016-05-20,0.0,0.0,0.0,0.0,0.0,0.0,0.0,0.0,0.0,0.0,0.0,0.0,0.0,0.0,0.0,0.0,0.0,0.0
2016-05-23,0.0,0.0,0.0,0.0,0.0,0.0,0.0,0.0,0.0,0.0,0.0,0.0,0.0,0.0,0.0,0.0,0.0,0.0
2016-05-24,0.0,0.0,0.0,0.0,0.0,0.0,0.0,0.0,0.0,0.0,0.0,0.0,0.0,0.0,0.0,0.0,0.0,0.0
2016-05-25,0.0,0.0,0.0,0.0,0.0,0.0,0.0,0.0,0.0,0.0,0.0,0.0,0.0,0.0,0.0,0.0,0.0,0.0
2016-05-26,0.0,0.0,0.0,0.0,0.0,0.0,0.0,0.0,0.0,0.0,0.0,0.0,0.0,0.0,0.0,0.0,0.0,0.0
2016-05-27,0.0,0.0,0.0,0.0,0.0,0.0,0.0,0.0,0.0,0.0,0.0,0.0,0.0,0.0,0.0,0.0,0.0,0.0
2016-05-30,0.0,0.0,0.0,0.0,0.0,0.0,0.0,0.0,0.0,0.0,0.0,0.0,0.0,0.0,0.0,0.0,0.0,0.0
2016-05-31,0.0,0.0,0.0,0.0,0.0,0.0,0.0,0.0,0.0,0.0,0.0,0.0,0.0,0.0,0.0,0.0,0.0,0.0
2016-06-01,0.0,0.0,0.0,0.0,0.0,0.0,0.0,0.0,0.0,0.0,0.0,0.0,0.0,0.0,0.0,0.0,0.0,0.0
2016-06-02,0.0,0.0,0.0,0.0,0.0,0.0,0.0,0.0,0.0,0.0,0.0,0.0,0.0,0.0,0.0,0.0,0.0,0.0
2016-06-03,0.0,0.0,0.0,0.0,0.0,0.0,0.0,0.0,0.0,0.0,0.0,0.0,0.0,0.0,0.0,0.0,0.0,0.0
2016-06-06,0.0,0.0,0.0,0.0,0.0,0.0,0.0,0.0,0.0,0.0,0.0,0.0,0.0,0.0,0.0,0.0,0.0,0.0
2016-06-07,0.0,0.0,0.0,0.0,0.0,0.0,0.0,0.0,0.0,0.0,0.0,0.0,0.0,0.0,0.0,0.0,0.0,0.0
2016-06-08,0.0,0.0,0.0,0.0,0.0,0.0,0.0,0.0,0.0,0.0,0.0,0.0,0.0,0.0,0.0,0.0,0.0,0.0
2016-06-09,0.0,0.0,0.0,0.0,0.0,0.0,0.0,0.0,0.0,0.0,0.0,0.0,0.0,0.0,0.0,0.0,0.0,0.0
2016-06-10,0.0,0.0,0.0,0.0,0.0,0.0,0.0,0.0,0.0,0.0,0.0,0.0,0.0,0.0,0.0,0.0,0.0,0.0
2016-06-13,0.0,0.0,0.0,0.0,0.0,0.0,0.0,0.0,0.0,0.0,0.0,0.0,0.0,0.0,0.0,0.0,0.0,0.0
2016-06-14,0.0,0.0,0.0,0.0,0.0,0.0,0.0,0.0,0.0,0.0,0.0,0.0,0.0,0.0,0.0,0.0,0.0,0.0
2016-06-15,0.0,0.0,0.0,0.0,0.0,0.0,0.0,0.0,0.0,0.0,0.0,0.0,0.0,0.0,0.0,0.0,0.0,0.0
2016-06-16,0.0,0.0,0.0,0.0,0.0,0.0,0.0,0.0,0.0,0.0,0.0,0.0,0.0,0.0,0.0,0.0,0.0,0.0
2016-06-17,0.0,0.0,0.0,0.0,0.0,0.0,0.0,0.0,0.0,0.0,0.0,0.0,0.0,0.0,0.0,0.0,0.0,0.0
2016-06-20,0.0,0.0,0.0,0.0,0.0,0.0,0.0,0.0,0.0,0.0,0.0,0.0,0.0,0.0,0.0,0.0,0.0,0.0
2016-06-21,0.0,0.0,0.0,0.0,0.0,0.0,0.0,0.0,0.0,0.0,0.0,0.0,0.0,0.0,0.0,0.0,0.0,0.0
2016-06-22,0.0,0.0,0.0,0.0,0.0,0.0,0.0,0.0,0.0,0.0,0.0,0.0,0.0,0.0,0.0,0.0,0.0,0.0
2016-06-23,0.0,0.0,0.0,0.0,0.0,0.0,0.0,0.0,0.0,0.0,0.0,0.0,0.0,0.0,0.0,0.0,0.0,0.0
2016-06-24,0.0,0.0,0.0,0.0,0.0,0.0,0.0,0.0,0.0,0.0,0.0,0.0,0.0,0.0,0.0,0.0,0.0,0.0
2016-06-27,0.0,0.0,0.0,0.0,0.0,0.0,0.0,0.0,0.0,0.0,0.0,0.0,0.0,0.0,0.0,0.0,0.0,0.0
2016-06-28,0.0,0.0,0.0,0.0,0.0,0.0,0.0,0.0,0.0,0.0,0.0,0.0,0.0,0.0,0.0,0.0,0.0,0.0
2016-06-29,0.0,0.0,0.0,0.0,0.0,0.0,0.0,0.0,0.0,0.0,0.0,0.0,0.0,0.0,0.0,0.0,0.0,0.0
2016-06-30,0.0,0.0,0.0,0.0,0.0,0.0,0.0,0.0,0.0,0.0,0.0,0.0,0.0,0.0,0.0,0.0,0.0,0.0
2016-07-01,0.0,0.0,0.0,0.0,0.0,0.0,0.0,0.0,0.0,0.0,0.0,0.0,0.0,0.0,0.0,0.0,0.0,0.0
2016-07-04,0.0,0.0,0.0,0.0,0.0,0.0,0.0,0.0,0.0,0.0,0.0,0.0,0.0,0.0,0.0,0.0,0.0,0.0
2016-07-05,0.0,0.0,0.0,0.0,0.0,0.0,0.0,0.0,0.0,0.0,0.0,0.0,0.0,0.0,0.0,0.0,0.0,0.0
2016-07-06,0.0,0.0,0.0,0.0,0.0,0.0,0.0,0.0,0.0,0.0,0.0,0.0,0.0,0.0,0.0,0.0,0.0,0.0
2016-07-07,0.0,0.0,0.0,0.0,0.0,0.0,0.0,0.0,0.0,0.0,0.0,0.0,0.0,0.0,0.0,0.0,0.0,0.0
2016-07-08,0.0,0.0,0.0,0.0,0.0,0.0,0.0,0.0,0.0,0.0,0.0,0.0,0.0,0.0,0.0,0.0,0.0,0.0
2016-07-11,0.0,0.0,0.0,0.0,0.0,0.0,0.0,0.0,0.0,0.0,0.0,0.0,0.0,0.0,0.0,0.0,0.0,0.0
2016-07-12,0.0,0.0,0.0,0.0,0.0,0.0,0.0,0.0,0.0,0.0,0.0,0.0,0.0,0.0,0.0,0.0,0.0,0.0
2016-07-13,0.0,0.0,0.0,0.0,0.0,0.0,0.0,0.0,0.0,0.0,0.0,0.0,0.0,0.0,0.0,0.0,0.0,0.0
2016-07-14,0.0,0.0,0.0,0.0,0.0,0.0,0.0,0.0,0.0,0.0,0.0,0.0,0.0,0.0,0.0,0.0,0.0,0.0
2016-07-15,0.0,0.0,0.0,0.0,0.0,0.0,0.0,0.0,0.0,0.0,0.0,0.0,0.0,0.0,0.0,0.0,0.0,0.0
2016-07-18,0.0,0.0,0.0,0.0,0.0,0.0,0.0,0.0,0.0,0.0,0.0,0.0,0.0,0.0,0.0,0.0,0.0,0.0
2016-07-19,0.0,0.0,0.0,0.0,0.0,0.0,0.0,0.0,0.0,0.0,0.0,0.0,0.0,0.0,0.0,0.0,0.0,0.0
2016-07-20,0.0,0.0,0.0,0.0,0.0,0.0,0.0,0.0,0.0,0.0,0.0,0.0,0.0,0.0,0.0,0.0,0.0,0.0
2016-07-21,0.0,0.0,0.0,0.0,0.0,0.0,0.0,0.0,0.0,0.0,0.0,0.0,0.0,0.0,0.0,0.0,0.0,0.0
2016-07-22,0.0,0.0,0.0,0.0,0.0,0.0,0.0,0.0,0.0,0.0,0.0,0.0,0.0,0.0,0.0,0.0,0.0,0.0
2016-07-25,0.0,0.0,0.0,0.0,0.0,0.0,0.0,0.0,0.0,0.0,0.0,0.0,0.0,0.0,0.0,0.0,0.0,0.0
2016-07-26,0.0,0.0,0.0,0.0,0.0,0.0,0.0,0.0,0.0,0.0,0.0,0.0,0.0,0.0,0.0,0.0,0.0,0.0
2016-07-27,0.0,0.0,0.0,0.0,0.0,0.0,0.0,0.0,0.0,0.0,0.0,0.0,0.0,0.0,0.0,0.0,0.0,0.0
2016-07-28,0.0,0.0,0.0,0.0,0.0,0.0,0.0,0.0,0.0,0.0,0.0,0.0,0.0,0.0,0.0,0.0,0.0,0.0
2016-07-29,0.0,0.0,0.0,0.0,0.0,0.0,0.0,0.0,0.0,0.0,0.0,0.0,0.0,0.0,0.0,0.0,0.0,0.0
2016-08-01,0.0,0.0,0.0,0.0,0.0,0.0,0.0,0.0,0.0,0.0,0.0,0.0,0.0,0.0,0.0,0.0,0.0,0.0
2016-08-02,0.0,0.0,0.0,0.0,0.0,0.0,0.0,0.0,0.0,0.0,0.0,0.0,0.0,0.0,0.0,0.0,0.0,0.0
2016-08-03,0.0,0.0,0.0,0.0,0.0,0.0,0.0,0.0,0.0,0.0,0.0,0.0,0.0,0.0,0.0,0.0,0.0,0.0
2016-08-04,0.0,0.0,0.0,0.0,0.0,0.0,0.0,0.0,0.0,0.0,0.0,0.0,0.0,0.0,0.0,0.0,0.0,0.0
2016-08-05,0.0,0.0,0.0,0.0,0.0,0.0,0.0,0.0,0.0,0.0,0.0,0.0,0.0,0.0,0.0,0.0,0.0,0.0
2016-08-08,0.0,0.0,0.0,0.0,0.0,0.0,0.0,0.0,0.0,0.0,0.0,0.0,0.0,0.0,0.0,0.0,0.0,0.0
2016-08-09,0.0,0.0,0.0,0.0,0.0,0.0,0.0,0.0,0.0,0.0,0.0,0.0,0.0,0.0,0.0,0.0,0.0,0.0
2016-08-10,0.0,0.0,0.0,0.0,0.0,0.0,0.0,0.0,0.0,0.0,0.0,0.0,0.0,0.0,0.0,0.0,0.0,0.0
2016-08-11,0.0,0.0,0.0,0.0,0.0,0.0,0.0,0.0,0.0,0.0,0.0,0.0,0.0,0.0,0.0,0.0,0.0,0.0
2016-08-12,0.0,0.0,0.0,0.0,0.0,0.0,0.0,0.0,0.0,0.0,0.0,0.0,0.0,0.0,0.0,0.0,0.0,0.0
2016-08-15,0.0,0.0,0.0,0.0,0.0,0.0,0.0,0.0,0.0,0.0,0.0,0.0,0.0,0.0,0.0,0.0,0.0,0.0
2016-08-16,0.0,0.0,0.0,0.0,0.0,0.0,0.0,0.0,0.0,0.0,0.0,0.0,0.0,0.0,0.0,0.0,0.0,0.0
2016-08-17,0.0,0.0,0.0,0.0,0.0,0.0,0.0,0.0,0.0,0.0,0.0,0.0,0.0,0.0,0.0,0.0,0.0,0.0
2016-08-18,0.0,0.0,0.0,0.0,0.0,0.0,0.0,0.0,0.0,0.0,0.0,0.0,0.0,0.0,0.0,0.0,0.0,0.0
2016-08-19,0.0,0.0,0.0,0.0,0.0,0.0,0.0,0.0,0.0,0.0,0.0,0.0,0.0,0.0,0.0,0.0,0.0,0.0
2016-08-22,0.0,0.0,0.0,0.0,0.0,0.0,0.0,0.0,0.0,0.0,0.0,0.0,0.0,0.0,0.0,0.0,0.0,0.0
2016-08-23,0.0,0.0,0.0,0.0,0.0,0.0,0.0,0.0,0.0,0.0,0.0,0.0,0.0,0.0,0.0,0.0,0.0,0.0
2016-08-24,0.0,0.0,0.0,0.0,0.0,0.0,0.0,0.0,0.0,0.0,0.0,0.0,0.0,0.0,0.0,0.0,0.0,0.0
2016-08-25,0.0,0.0,0.0,0.0,0.0,0.0,0.0,0.0,0.0,0.0,0.0,0.0,0.0,0.0,0.0,0.0,0.0,0.0
2016-08-26,0.0,0.0,0.0,0.0,0.0,0.0,0.0,0.0,0.0,0.0,0.0,0.0,0.0,0.0,0.0,0.0,0.0,0.0
2016-08-29,0.0,0.0,0.0,0.0,0.0,0.0,0.0,0.0,0.0,0.0,0.0,0.0,0.0,0.0,0.0,0.0,0.0,0.0
2016-08-30,0.0,0.0,0.0,0.0,0.0,0.0,0.0,0.0,0.0,0.0,0.0,0.0,0.0,0.0,0.0,0.0,0.0,0.0
2016-08-31,0.0,0.0,0.0,0.0,0.0,0.0,0.0,0.0,0.0,0.0,0.0,0.0,0.0,0.0,0.0,0.0,0.0,0.0
2016-09-01,0.0,0.0,0.0,0.0,0.0,0.0,0.0,0.0,0.0,0.0,0.0,0.0,0.0,0.0,0.0,0.0,0.0,0.0
2016-09-02,0.0,0.0,0.0,0.0,0.0,0.0,0.0,0.0,0.0,0.0,0.0,0.0,0.0,0.0,0.0,0.0,0.0,0.0
2016-09-05,0.0,0.0,0.0,0.0,0.0,0.0,0.0,0.0,0.0,0.0,0.0,0.0,0.0,0.0,0.0,0.0,0.0,0.0
2016-09-06,0.0,0.0,0.0,0.0,0.0,0.0,0.0,0.0,0.0,0.0,0.0,0.0,0.0,0.0,0.0,0.0,0.0,0.0
2016-09-07,0.0,0.0,0.0,0.0,0.0,0.0,0.0,0.0,0.0,0.0,0.0,0.0,0.0,0.0,0.0,0.0,0.0,0.0
2016-09-08,0.0,0.0,0.0,0.0,0.0,0.0,0.0,0.0,0.0,0.0,0.0,0.0,0.0,0.0,0.0,0.0,0.0,0.0
2016-09-09,0.0,0.0,0.0,0.0,0.0,0.0,0.0,0.0,0.0,0.0,0.0,0.0,0.0,0.0,0.0,0.0,0.0,0.0
2016-09-12,0.0,0.0,0.0,0.0,0.0,0.0,0.0,0.0,0.0,0.0,0.0,0.0,0.0,0.0,0.0,0.0,0.0,0.0
2016-09-13,0.0,0.0,0.0,0.0,0.0,0.0,0.0,0.0,0.0,0.0,0.0,0.0,0.0,0.0,0.0,0.0,0.0,0.0
2016-09-14,0.0,0.0,0.0,0.0,0.0,0.0,0.0,0.0,0.0,0.0,0.0,0.0,0.0,0.0,0.0,0.0,0.0,0.0
2016-09-15,0.0,0.0,0.0,0.0,0.0,0.0,0.0,0.0,0.0,0.0,0.0,0.0,0.0,0.0,0.0,0.0,0.0,0.0
2016-09-16,0.0,0.0,0.0,0.0,0.0,0.0,0.0,0.0,0.0,0.0,0.0,0.0,0.0,0.0,0.0,0.0,0.0,0.0
2016-09-19,0.0,0.0,0.0,0.0,0.0,0.0,0.0,0.0,0.0,0.0,0.0,0.0,0.0,0.0,0.0,0.0,0.0,0.0
2016-09-20,0.0,0.0,0.0,0.0,0.0,0.0,0.0,0.0,0.0,0.0,0.0,0.0,0.0,0.0,0.0,0.0,0.0,0.0
2016-09-21,0.0,0.0,0.0,0.0,0.0,0.0,0.0,0.0,0.0,0.0,0.0,0.0,0.0,0.0,0.0,0.0,0.0,0.0
2016-09-22,0.0,0.0,0.0,0.0,0.0,0.0,0.0,0.0,0.0,0.0,0.0,0.0,0.0,0.0,0.0,0.0,0.0,0.0
2016-09-23,0.0,0.0,0.0,0.0,0.0,0.0,0.0,0.0,0.0,0.0,0.0,0.0,0.0,0.0,0.0,0.0,0.0,0.0
2016-09-26,0.0,0.0,0.0,0.0,0.0,0.0,0.0,0.0,0.0,0.0,0.0,0.0,0.0,0.0,0.0,0.0,0.0,0.0
2016-09-27,0.0,0.0,0.0,0.0,0.0,0.0,0.0,0.0,0.0,0.0,0.0,0.0,0.0,0.0,0.0,0.0,0.0,0.0
2016-09-28,0.0,0.0,0.0,0.0,0.0,0.0,0.0,0.0,0.0,0.0,0.0,0.0,0.0,0.0,0.0,0.0,0.0,0.0
2016-09-29,0.0,0.0,0.0,0.0,0.0,0.0,0.0,0.0,0.0,0.0,0.0,0.0,0.0,0.0,0.0,0.0,0.0,0.0
2016-09-30,0.0,0.0,0.0,0.0,0.0,0.0,0.0,0.0,0.0,0.0,0.0,0.0,0.0,0.0,0.0,0.0,0.0,0.0
2016-10-03,0.0,0.0,0.0,0.0,0.0,0.0,0.0,0.0,0.0,0.0,0.0,0.0,0.0,0.0,0.0,0.0,0.0,0.0
2016-10-04,0.0,0.0,0.0,0.0,0.0,0.0,0.0,0.0,0.0,0.0,0.0,0.0,0.0,0.0,0.0,0.0,0.0,0.0
2016-10-05,0.0,0.0,0.0,0.0,0.0,0.0,0.0,0.0,0.0,0.0,0.0,0.0,0.0,0.0,0.0,0.0,0.0,0.0
2016-10-06,0.0,0.0,0.0,0.0,0.0,0.0,0.0,0.0,0.0,0.0,0.0,0.0,0.0,0.0,0.0,0.0,0.0,0.0
2016-10-07,0.0,0.0,0.0,0.0,0.0,0.0,0.0,0.0,0.0,0.0,0.0,0.0,0.0,0.0,0.0,0.0,0.0,0.0
2016-10-10,0.0,0.0,0.0,0.0,0.0,0.0,0.0,0.0,0.0,0.0,0.0,0.0,0.0,0.0,0.0,0.0,0.0,0.0
2016-10-11,0.0,0.0,0.0,0.0,0.0,0.0,0.0,0.0,0.0,0.0,0.0,0.0,0.0,0.0,0.0,0.0,0.0,0.0
2016-10-12,0.0,0.0,0.0,0.0,0.0,0.0,0.0,0.0,0.0,0.0,0.0,0.0,0.0,0.0,0.0,0.0,0.0,0.0
2016-10-13,0.0,0.0,0.0,0.0,0.0,0.0,0.0,0.0,0.0,0.0,0.0,0.0,0.0,0.0,0.0,0.0,0.0,0.0
2016-10-14,0.0,0.0,0.0,0.0,0.0,0.0,0.0,0.0,0.0,0.0,0.0,0.0,0.0,0.0,0.0,0.0,0.0,0.0
2016-10-17,0.0,0.0,0.0,0.0,0.0,0.0,0.0,0.0,0.0,0.0,0.0,0.0,0.0,0.0,0.0,0.0,0.0,0.0
2016-10-18,0.0,0.0,0.0,0.0,0.0,0.0,0.0,0.0,0.0,0.0,0.0,0.0,0.0,0.0,0.0,0.0,0.0,0.0
2016-10-19,0.0,0.0,0.0,0.0,0.0,0.0,0.0,0.0,0.0,0.0,0.0,0.0,0.0,0.0,0.0,0.0,0.0,0.0
2016-10-20,0.0,0.0,0.0,0.0,0.0,0.0,0.0,0.0,0.0,0.0,0.0,0.0,0.0,0.0,0.0,0.0,0.0,0.0
2016-10-21,0.0,0.0,0.0,0.0,0.0,0.0,0.0,0.0,0.0,0.0,0.0,0.0,0.0,0.0,0.0,0.0,0.0,0.0
2016-10-24,0.0,0.0,0.0,0.0,0.0,0.0,0.0,0.0,0.0,0.0,0.0,0.0,0.0,0.0,0.0,0.0,0.0,0.0
2016-10-25,0.0,0.0,0.0,0.0,0.0,0.0,0.0,0.0,0.0,0.0,0.0,0.0,0.0,0.0,0.0,0.0,0.0,0.0
2016-10-26,0.0,0.0,0.0,0.0,0.0,0.0,0.0,0.0,0.0,0.0,0.0,0.0,0.0,0.0,0.0,0.0,0.0,0.0
2016-10-27,0.0,0.0,0.0,0.0,0.0,0.0,0.0,0.0,0.0,0.0,0.0,0.0,0.0,0.0,0.0,0.0,0.0,0.0
2016-10-28,0.0,0.0,0.0,0.0,0.0,0.0,0.0,0.0,0.0,0.0,0.0,0.0,0.0,0.0,0.0,0.0,0.0,0.0
2016-10-31,0.0,0.0,0.0,0.0,0.0,0.0,0.0,0.0,0.0,0.0,0.0,0.0,0.0,0.0,0.0,0.0,0.0,0.0
2016-11-01,0.0,0.0,0.0,0.0,0.0,0.0,0.0,0.0,0.0,0.0,0.0,0.0,0.0,0.0,0.0,0.0,0.0,0.0
2016-11-02,0.0,0.0,0.0,0.0,0.0,0.0,0.0,0.0,0.0,0.0,0.0,0.0,0.0,0.0,0.0,0.0,0.0,0.0
2016-11-03,0.0,0.0,0.0,0.0,0.0,0.0,0.0,0.0,0.0,0.0,0.0,0.0,0.0,0.0,0.0,0.0,0.0,0.0
2016-11-04,0.0,0.0,0.0,0.0,0.0,0.0,0.0,0.0,0.0,0.0,0.0,0.0,0.0,0.0,0.0,0.0,0.0,0.0
2016-11-07,0.0,0.0,0.0,0.0,0.0,0.0,0.0,0.0,0.0,0.0,0.0,0.0,0.0,0.0,0.0,0.0,0.0,0.0
2016-11-08,0.0,0.0,0.0,0.0,0.0,0.0,0.0,0.0,0.0,0.0,0.0,0.0,0.0,0.0,0.0,0.0,0.0,0.0
2016-11-09,0.0,0.0,0.0,0.0,0.0,0.0,0.0,0.0,0.0,0.0,0.0,0.0,0.0,0.0,0.0,0.0,0.0,0.0
2016-11-10,0.0,0.0,0.0,0.0,0.0,0.0,0.0,0.0,0.0,0.0,0.0,0.0,0.0,0.0,0.0,0.0,0.0,0.0
2016-11-11,0.0,0.0,0.0,0.0,0.0,0.0,0.0,0.0,0.0,0.0,0.0,0.0,0.0,0.0,0.0,0.0,0.0,0.0
2016-11-14,0.0,0.0,0.0,0.0,0.0,0.0,0.0,0.0,0.0,0.0,0.0,0.0,0.0,0.0,0.0,0.0,0.0,0.0
2016-11-15,0.0,0.0,0.0,0.0,0.0,0.0,0.0,0.0,0.0,0.0,0.0,0.0,0.0,0.0,0.0,0.0,0.0,0.0
2016-11-16,0.0,0.0,0.0,0.0,0.0,0.0,0.0,0.0,0.0,0.0,0.0,0.0,0.0,0.0,0.0,0.0,0.0,0.0
2016-11-17,0.0,0.0,0.0,0.0,0.0,0.0,0.0,0.0,0.0,0.0,0.0,0.0,0.0,0.0,0.0,0.0,0.0,0.0
2016-11-18,0.0,0.0,0.0,0.0,0.0,0.0,0.0,0.0,0.0,0.0,0.0,0.0,0.0,0.0,0.0,0.0,0.0,0.0
2016-11-21,0.0,0.0,0.0,0.0,0.0,0.0,0.0,0.0,0.0,0.0,0.0,0.0,0.0,0.0,0.0,0.0,0.0,0.0
2016-11-22,0.0,0.0,0.0,0.0,0.0,0.0,0.0,0.0,0.0,0.0,0.0,0.0,0.0,0.0,0.0,0.0,0.0,0.0
2016-11-23,0.0,0.0,0.0,0.0,0.0,0.0,0.0,0.0,0.0,0.0,0.0,0.0,0.0,0.0,0.0,0.0,0.0,0.0
2016-11-24,0.0,0.0,0.0,0.0,0.0,0.0,0.0,0.0,0.0,0.0,0.0,0.0,0.0,0.0,0.0,0.0,0.0,0.0
2016-11-25,0.0,0.0,0.0,0.0,0.0,0.0,0.0,0.0,0.0,0.0,0.0,0.0,0.0,0.0,0.0,0.0,0.0,0.0
2016-11-28,0.0,0.0,0.0,0.0,0.0,0.0,0.0,0.0,0.0,0.0,0.0,0.0,0.0,0.0,0.0,0.0,0.0,0.0
2016-11-29,0.0,0.0,0.0,0.0,0.0,0.0,0.0,0.0,0.0,0.0,0.0,0.0,0.0,0.0,0.0,0.0,0.0,0.0
2016-11-30,0.0,0.0,0.0,0.0,0.0,0.0,0.0,0.0,0.0,0.0,0.0,0.0,0.0,0.0,0.0,0.0,0.0,0.0
2016-12-01,0.0,0.0,0.0,0.0,0.0,0.0,0.0,0.0,0.0,0.0,0.0,0.0,0.0,0.0,0.0,0.0,0.0,0.0
2016-12-02,0.0,0.0,0.0,0.0,0.0,0.0,0.0,0.0,0.0,0.0,0.0,0.0,0.0,0.0,0.0,0.0,0.0,0.0
2016-12-05,0.0,0.0,0.0,0.0,0.0,0.0,0.0,0.0,0.0,0.0,0.0,0.0,0.0,0.0,0.0,0.0,0.0,0.0
2016-12-06,0.0,0.0,0.0,0.0,0.0,0.0,0.0,0.0,0.0,0.0,0.0,0.0,0.0,0.0,0.0,0.0,0.0,0.0
2016-12-07,0.0,0.0,0.0,0.0,0.0,0.0,0.0,0.0,0.0,0.0,0.0,0.0,0.0,0.0,0.0,0.0,0.0,0.0
2016-12-08,0.0,0.0,0.0,0.0,0.0,0.0,0.0,0.0,0.0,0.0,0.0,0.0,0.0,0.0,0.0,0.0,0.0,0.0
2016-12-09,0.0,0.0,0.0,0.0,0.0,0.0,0.0,0.0,0.0,0.0,0.0,0.0,0.0,0.0,0.0,0.0,0.0,0.0
2016-12-12,0.0,0.0,0.0,0.0,0.0,0.0,0.0,0.0,0.0,0.0,0.0,0.0,0.0,0.0,0.0,0.0,0.0,0.0
2016-12-13,0.0,0.0,0.0,0.0,0.0,0.0,0.0,0.0,0.0,0.0,0.0,0.0,0.0,0.0,0.0,0.0,0.0,0.0
2016-12-14,0.0,0.0,0.0,0.0,0.0,0.0,0.0,0.0,0.0,0.0,0.0,0.0,0.0,0.0,0.0,0.0,0.0,0.0
2016-12-15,0.0,0.0,0.0,0.0,0.0,0.0,0.0,0.0,0.0,0.0,0.0,0.0,0.0,0.0,0.0,0.0,0.0,0.0
2016-12-16,0.0,0.0,0.0,0.0,0.0,0.0,0.0,0.0,0.0,0.0,0.0,0.0,0.0,0.0,0.0,0.0,0.0,0.0
2016-12-19,0.0,0.0,0.0,0.0,0.0,0.0,0.0,0.0,0.0,0.0,0.0,0.0,0.0,0.0,0.0,0.0,0.0,0.0
2016-12-20,0.0,0.0,0.0,0.0,0.0,0.0,0.0,0.0,0.0,0.0,0.0,0.0,0.0,0.0,0.0,0.0,0.0,0.0
2016-12-21,0.0,0.0,0.0,0.0,0.0,0.0,0.0,0.0,0.0,0.0,0.0,0.0,0.0,0.0,0.0,0.0,0.0,0.0
2016-12-22,0.0,0.0,0.0,0.0,0.0,0.0,0.0,0.0,0.0,0.0,0.0,0.0,0.0,0.0,0.0,0.0,0.0,0.0
2016-12-23,0.0,0.0,0.0,0.0,0.0,0.0,0.0,0.0,0.0,0.0,0.0,0.0,0.0,0.0,0.0,0.0,0.0,0.0
2016-12-26,0.0,0.0,0.0,0.0,0.0,0.0,0.0,0.0,0.0,0.0,0.0,0.0,0.0,0.0,0.0,0.0,0.0,0.0
2016-12-27,0.0,0.0,0.0,0.0,0.0,0.0,0.0,0.0,0.0,0.0,0.0,0.0,0.0,0.0,0.0,0.0,0.0,0.0
2016-12-28,0.0,0.0,0.0,0.0,0.0,0.0,0.0,0.0,0.0,0.0,0.0,0.0,0.0,0.0,0.0,0.0,0.0,0.0
2016-12-29,0.0,0.0,0.0,0.0,0.0,0.0,0.0,0.0,0.0,0.0,0.0,0.0,0.0,0.0,0.0,0.0,0.0,0.0
2016-12-30,0.0,0.0,0.0,0.0,0.0,0.0,0.0,0.0,0.0,0.0,0.0,0.0,0.0,0.0,0.0,0.0,0.0,0.0
2017-01-02,0.0,0.0,0.0,0.0,0.0,0.0,0.0,0.0,0.0,0.0,0.0,0.0,0.0,0.0,0.0,0.0,0.0,0.0
2017-01-03,0.0,0.0,0.0,0.0,0.0,0.0,0.0,0.0,0.0,0.0,0.0,0.0,0.0,0.0,0.0,0.0,0.0,0.0
2017-01-04,0.0,0.0,0.0,0.0,0.0,0.0,0.0,0.0,0.0,0.0,0.0,0.0,0.0,0.0,0.0,0.0,0.0,0.0
2017-01-05,0.0,0.0,0.0,0.0,0.0,0.0,0.0,0.0,0.0,0.0,0.0,0.0,0.0,0.0,0.0,0.0,0.0,0.0
2017-01-06,0.0,0.0,0.0,0.0,0.0,0.0,0.0,0.0,0.0,0.0,0.0,0.0,0.0,0.0,0.0,0.0,0.0,0.0
2017-01-09,0.0,0.0,0.0,0.0,0.0,0.0,0.0,0.0,0.0,0.0,0.0,0.0,0.0,0.0,0.0,0.0,0.0,0.0
2017-01-10,0.0,0.0,0.0,0.0,0.0,0.0,0.0,0.0,0.0,0.0,0.0,0.0,0.0,0.0,0.0,0.0,0.0,0.0
2017-01-11,0.0,0.0,0.0,0.0,0.0,0.0,0.0,0.0,0.0,0.0,0.0,0.0,0.0,0.0,0.0,0.0,0.0,0.0
2017-01-12,0.0,0.0,0.0,0.0,0.0,0.0,0.0,0.0,0.0,0.0,0.0,0.0,0.0,0.0,0.0,0.0,0.0,0.0
2017-01-13,0.0,0.0,0.0,0.0,0.0,0.0,0.0,0.0,0.0,0.0,0.0,0.0,0.0,0.0,0.0,0.0,0.0,0.0
2017-01-16,0.0,0.0,0.0,0.0,0.0,0.0,0.0,0.0,0.0,0.0,0.0,0.0,0.0,0.0,0.0,0.0,0.0,0.0
2017-01-17,0.0,0.0,0.0,0.0,0.0,0.0,0.0,0.0,0.0,0.0,0.0,0.0,0.0,0.0,0.0,0.0,0.0,0.0
2017-01-18,0.0,0.0,0.0,0.0,0.0,0.0,0.0,0.0,0.0,0.0,0.0,0.0,0.0,0.0,0.0,0.0,0.0,0.0
2017-01-19,0.0,0.0,0.0,0.0,0.0,0.0,0.0,0.0,0.0,0.0,0.0,0.0,0.0,0.0,0.0,0.0,0.0,0.0
2017-01-20,0.0,0.0,0.0,0.0,0.0,0.0,0.0,0.0,0.0,0.0,0.0,0.0,0.0,0.0,0.0,0.0,0.0,0.0
2017-01-23,0.0,0.0,0.0,0.0,0.0,0.0,0.0,0.0,0.0,0.0,0.0,0.0,0.0,0.0,0.0,0.0,0.0,0.0
2017-01-24,0.0,0.0,0.0,0.0,0.0,0.0,0.0,0.0,0.0,0.0,0.0,0.0,0.0,0.0,0.0,0.0,0.0,0.0
2017-01-25,0.0,0.0,0.0,0.0,0.0,0.0,0.0,0.0,0.0,0.0,0.0,0.0,0.0,0.0,0.0,0.0,0.0,0.0
2017-01-26,0.0,0.0,0.0,0.0,0.0,0.0,0.0,0.0,0.0,0.0,0.0,0.0,0.0,0.0,0.0,0.0,0.0,0.0
2017-01-27,0.0,0.0,0.0,0.0,0.0,0.0,0.0,0.0,0.0,0.0,0.0,0.0,0.0,0.0,0.0,0.0,0.0,0.0
2017-01-30,0.0,0.0,0.0,0.0,0.0,0.0,0.0,0.0,0.0,0.0,0.0,0.0,0.0,0.0,0.0,0.0,0.0,0.0
2017-01-31,0.0,0.0,0.0,0.0,0.0,0.0,0.0,0.0,0.0,0.0,0.0,0.0,0.0,0.0,0.0,0.0,0.0,0.0
2017-02-01,0.0,0.0,0.0,0.0,0.0,0.0,0.0,0.0,0.0,0.0,0.0,0.0,0.0,0.0,0.0,0.0,0.0,0.0
2017-02-02,0.0,0.0,0.0,0.0,0.0,0.0,0.0,0.0,0.0,0.0,0.0,0.0,0.0,0.0,0.0,0.0,0.0,0.0
2017-02-03,0.0,0.0,0.0,0.0,0.0,0.0,0.0,0.0,0.0,0.0,0.0,0.0,0.0,0.0,0.0,0.0,0.0,0.0
2017-02-06,0.0,0.0,0.0,0.0,0.0,0.0,0.0,0.0,0.0,0.0,0.0,0.0,0.0,0.0,0.0,0.0,0.0,0.0
2017-02-07,0.0,0.0,0.0,0.0,0.0,0.0,0.0,0.0,0.0,0.0,0.0,0.0,0.0,0.0,0.0,0.0,0.0,0.0
2017-02-08,0.0,0.0,0.0,0.0,0.0,0.0,0.0,0.0,0.0,0.0,0.0,0.0,0.0,0.0,0.0,0.0,0.0,0.0
2017-02-09,0.0,0.0,0.0,0.0,0.0,0.0,0.0,0.0,0.0,0.0,0.0,0.0,0.0,0.0,0.0,0.0,0.0,0.0
2017-02-10,0.0,0.0,0.0,0.0,0.0,0.0,0.0,0.0,0.0,0.0,0.0,0.0,0.0,0.0,0.0,0.0,0.0,0.0
2017-02-13,0.0,0.0,0.0,0.0,0.0,0.0,0.0,0.0,0.0,0.0,0.0,0.0,0.0,0.0,0.0,0.0,0.0,0.0
2017-02-14,0.0,0.0,0.0,0.0,0.0,0.0,0.0,0.0,0.0,0.0,0.0,0.0,0.0,0.0,0.0,0.0,0.0,0.0
2017-02-15,0.0,0.0,0.0,0.0,0.0,0.0,0.0,0.0,0.0,0.0,0.0,0.0,0.0,0.0,0.0,0.0,0.0,0.0
2017-02-16,0.0,0.0,0.0,0.0,0.0,0.0,0.0,0.0,0.0,0.0,0.0,0.0,0.0,0.0,0.0,0.0,0.0,0.0
2017-02-17,0.0,0.0,0.0,0.0,0.0,0.0,0.0,0.0,0.0,0.0,0.0,0.0,0.0,0.0,0.0,0.0,0.0,0.0
2017-02-20,0.0,0.0,0.0,0.0,0.0,0.0,0.0,0.0,0.0,0.0,0.0,0.0,0.0,0.0,0.0,0.0,0.0,0.0
2017-02-21,0.0,0.0,0.0,0.0,0.0,0.0,0.0,0.0,0.0,0.0,0.0,0.0,0.0,0.0,0.0,0.0,0.0,0.0
2017-02-22,0.0,0.0,0.0,0.0,0.0,0.0,0.0,0.0,0.0,0.0,0.0,0.0,0.0,0.0,0.0,0.0,0.0,0.0
2017-02-23,0.0,0.0,0.0,0.0,0.0,0.0,0.0,0.0,0.0,0.0,0.0,0.0,0.0,0.0,0.0,0.0,0.0,0.0
2017-02-24,0.0,0.0,0.0,0.0,0.0,0.0,0.0,0.0,0.0,0.0,0.0,0.0,0.0,0.0,0.0,0.0,0.0,0.0
2017-02-27,0.0,0.0,0.0,0.0,0.0,0.0,0.0,0.0,0.0,0.0,0.0,0.0,0.0,0.0,0.0,0.0,0.0,0.0
2017-02-28,0.0,0.0,0.0,0.0,0.0,0.0,0.0,0.0,0.0,0.0,0.0,0.0,0.0,0.0,0.0,0.0,0.0,0.0
2017-03-01,0.0,0.0,0.0,0.0,0.0,0.0,0.0,0.0,0.0,0.0,0.0,0.0,0.0,0.0,0.0,0.0,0.0,0.0
2017-03-02,0.0,0.0,0.0,0.0,0.0,0.0,0.0,0.0,0.0,0.0,0.0,0.0,0.0,0.0,0.0,0.0,0.0,0.0
2017-03-03,0.0,0.0,0.0,0.0,0.0,0.0,0.0,0.0,0.0,0.0,0.0,0.0,0.0,0.0,0.0,0.0,0.0,0.0
2017-03-06,0.0,0.0,0.0,0.0,0.0,0.0,0.0,0.0,0.0,0.0,0.0,0.0,0.0,0.0,0.0,0.0,0.0,0.0
2017-03-07,0.0,0.0,0.0,0.0,0.0,0.0,0.0,0.0,0.0,0.0,0.0,0.0,0.0,0.0,0.0,0.0,0.0,0.0
2017-03-08,0.0,0.0,0.0,0.0,0.0,0.0,0.0,0.0,0.0,0.0,0.0,0.0,0.0,0.0,0.0,0.0,0.0,0.0
2017-03-09,0.0,0.0,0.0,0.0,0.0,0.0,0.0,0.0,0.0,0.0,0.0,0.0,0.0,0.0,0.0,0.0,0.0,0.0
2017-03-10,0.0,0.0,0.0,0.0,0.0,0.0,0.0,0.0,0.0,0.0,0.0,0.0,0.0,0.0,0.0,0.0,0.0,0.0
2017-03-13,0.0,0.0,0.0,0.0,0.0,0.0,0.0,0.0,0.0,0.0,0.0,0.0,0.0,0.0,0.0,0.0,0.0,0.0
2017-03-14,0.0,0.0,0.0,0.0,0.0,0.0,0.0,0.0,0.0,0.0,0.0,0.0,0.0,0.0,0.0,0.0,0.0,0.0
2017-03-15,0.0,0.0,0.0,0.0,0.0,0.0,0.0,0.0,0.0,0.0,0.0,0.0,0.0,0.0,0.0,0.0,0.0,0.0
2017-03-16,0.0,0.0,0.0,0.0,0.0,0.0,0.0,0.0,0.0,0.0,0.0,0.0,0.0,0.0,0.0,0.0,0.0,0.0
2017-03-17,0.0,0.0,0.0,0.0,0.0,0.0,0.0,0.0,0.0,0.0,0.0,0.0,0.0,0.0,0.0,0.0,0.0,0.0
2017-03-20,0.0,0.0,0.0,0.0,0.0,0.0,0.0,0.0,0.0,0.0,0.0,0.0,0.0,0.0,0.0,0.0,0.0,0.0
2017-03-21,0.0,0.0,0.0,0.0,0.0,0.0,0.0,0.0,0.0,0.0,0.0,0.0,0.0,0.0,0.0,0.0,0.0,0.0
2017-03-22,0.0,0.0,0.0,0.0,0.0,0.0,0.0,0.0,0.0,0.0,0.0,0.0,0.0,0.0,0.0,0.0,0.0,0.0
2017-03-23,0.0,0.0,0.0,0.0,0.0,0.0,0.0,0.0,0.0,0.0,0.0,0.0,0.0,0.0,0.0,0.0,0.0,0.0
2017-03-24,0.0,0.0,0.0,0.0,0.0,0.0,0.0,0.0,0.0,0.0,0.0,0.0,0.0,0.0,0.0,0.0,0.0,0.0
2017-03-27,0.0,0.0,0.0,0.0,0.0,0.0,0.0,0.0,0.0,0.0,0.0,0.0,0.0,0.0,0.0,0.0,0.0,0.0
2017-03-28,0.0,0.0,0.0,0.0,0.0,0.0,0.0,0.0,0.0,0.0,0.0,0.0,0.0,0.0,0.0,0.0,0.0,0.0
2017-03-29,0.0,0.0,0.0,0.0,0.0,0.0,0.0,0.0,0.0,0.0,0.0,0.0,0.0,0.0,0.0,0.0,0.0,0.0
2017-03-30,0.0,0.0,0.0,0.0,0.0,0.0,0.0,0.0,0.0,0.0,0.0,0.0,0.0,0.0,0.0,0.0,0.0,0.0
2017-03-31,0.0,0.0,0.0,0.0,0.0,0.0,0.0,0.0,0.0,0.0,0.0,0.0,0.0,0.0,0.0,0.0,0.0,0.0
2017-04-03,0.0,0.0,0.0,0.0,0.0,0.0,0.0,0.0,0.0,0.0,0.0,0.0,0.0,0.0,0.0,0.0,0.0,0.0
2017-04-04,0.0,0.0,0.0,0.0,0.0,0.0,0.0,0.0,0.0,0.0,0.0,0.0,0.0,0.0,0.0,0.0,0.0,0.0
2017-04-05,0.0,0.0,0.0,0.0,0.0,0.0,0.0,0.0,0.0,0.0,0.0,0.0,0.0,0.0,0.0,0.0,0.0,0.0
2017-04-06,0.0,0.0,0.0,0.0,0.0,0.0,0.0,0.0,0.0,0.0,0.0,0.0,0.0,0.0,0.0,0.0,0.0,0.0
2017-04-07,0.0,0.0,0.0,0.0,0.0,0.0,0.0,0.0,0.0,0.0,0.0,0.0,0.0,0.0,0.0,0.0,0.0,0.0
2017-04-10,0.0,0.0,0.0,0.0,0.0,0.0,0.0,0.0,0.0,0.0,0.0,0.0,0.0,0.0,0.0,0.0,0.0,0.0
2017-04-11,0.0,0.0,0.0,0.0,0.0,0.0,0.0,0.0,0.0,0.0,0.0,0.0,0.0,0.0,0.0,0.0,0.0,0.0
2017-04-12,0.0,0.0,0.0,0.0,0.0,0.0,0.0,0.0,0.0,0.0,0.0,0.0,0.0,0.0,0.0,0.0,0.0,0.0
2017-04-13,0.0,0.0,0.0,0.0,0.0,0.0,0.0,0.0,0.0,0.0,0.0,0.0,0.0,0.0,0.0,0.0,0.0,0.0
2017-04-14,0.0,0.0,0.0,0.0,0.0,0.0,0.0,0.0,0.0,0.0,0.0,0.0,0.0,0.0,0.0,0.0,0.0,0.0
2017-04-17,0.0,0.0,0.0,0.0,0.0,0.0,0.0,0.0,0.0,0.0,0.0,0.0,0.0,0.0,0.0,0.0,0.0,0.0
2017-04-18,0.0,0.0,0.0,0.0,0.0,0.0,0.0,0.0,0.0,0.0,0.0,0.0,0.0,0.0,0.0,0.0,0.0,0.0
2017-04-19,0.0,0.0,0.0,0.0,0.0,0.0,0.0,0.0,0.0,0.0,0.0,0.0,0.0,0.0,0.0,0.0,0.0,0.0
2017-04-20,0.0,0.0,0.0,0.0,0.0,0.0,0.0,0.0,0.0,0.0,0.0,0.0,0.0,0.0,0.0,0.0,0.0,0.0
2017-04-21,0.0,0.0,0.0,0.0,0.0,0.0,0.0,0.0,0.0,0.0,0.0,0.0,0.0,0.0,0.0,0.0,0.0,0.0
2017-04-24,0.0,0.0,0.0,0.0,0.0,0.0,0.0,0.0,0.0,0.0,0.0,0.0,0.0,0.0,0.0,0.0,0.0,0.0
2017-04-25,0.0,0.0,0.0,0.0,0.0,0.0,0.0,0.0,0.0,0.0,0.0,0.0,0.0,0.0,0.0,0.0,0.0,0.0
2017-04-26,0.0,0.0,0.0,0.0,0.0,0.0,0.0,0.0,0.0,0.0,0.0,0.0,0.0,0.0,0.0,0.0,0.0,0.0
2017-04-27,0.0,0.0,0.0,0.0,0.0,0.0,0.0,0.0,0.0,0.0,0.0,0.0,0.0,0.0,0.0,0.0,0.0,0.0
2017-04-28,0.0,0.0,0.0,0.0,0.0,0.0,0.0,0.0,0.0,0.0,0.0,0.0,0.0,0.0,0.0,0.0,0.0,0.0
2017-05-01,0.0,0.0,0.0,0.0,0.0,0.0,0.0,0.0,0.0,0.0,0.0,0.0,0.0,0.0,0.0,0.0,0.0,0.0
2017-05-02,0.0,0.0,0.0,0.0,0.0,0.0,0.0,0.0,0.0,0.0,0.0,0.0,0.0,0.0,0.0,0.0,0.0,0.0
2017-05-03,0.0,0.0,0.0,0.0,0.0,0.0,0.0,0.0,0.0,0.0,0.0,0.0,0.0,0.0,0.0,0.0,0.0,0.0
2017-05-04,0.0,0.0,0.0,0.0,0.0,0.0,0.0,0.0,0.0,0.0,0.0,0.0,0.0,0.0,0.0,0.0,0.0,0.0
2017-05-05,0.0,0.0,0.0,0.0,0.0,0.0,0.0,0.0,0.0,0.0,0.0,0.0,0.0,0.0,0.0,0.0,0.0,0.0
2017-05-08,0.0,0.0,0.0,0.0,0.0,0.0,0.0,0.0,0.0,0.0,0.0,0.0,0.0,0.0,0.0,0.0,0.0,0.0
2017-05-09,0.0,0.0,0.0,0.0,0.0,0.0,0.0,0.0,0.0,0.0,0.0,0.0,0.0,0.0,0.0,0.0,0.0,0.0
2017-05-10,0.0,0.0,0.0,0.0,0.0,0.0,0.0,0.0,0.0,0.0,0.0,0.0,0.0,0.0,0.0,0.0,0.0,0.0
2017-05-11,0.0,0.0,0.0,0.0,0.0,0.0,0.0,0.0,0.0,0.0,0.0,0.0,0.0,0.0,0.0,0.0,0.0,0.0
2017-05-12,0.0,0.0,0.0,0.0,0.0,0.0,0.0,0.0,0.0,0.0,0.0,0.0,0.0,0.0,0.0,0.0,0.0,0.0
2017-05-15,0.0,0.0,0.0,0.0,0.0,0.0,0.0,0.0,0.0,0.0,0.0,0.0,0.0,0.0,0.0,0.0,0.0,0.0
2017-05-16,0.0,0.0,0.0,0.0,0.0,0.0,0.0,0.0,0.0,0.0,0.0,0.0,0.0,0.0,0.0,0.0,0.0,0.0
2017-05-17,0.0,0.0,0.0,0.0,0.0,0.0,0.0,0.0,0.0,0.0,0.0,0.0,0.0,0.0,0.0,0.0,0.0,0.0
2017-05-18,0.0,0.0,0.0,0.0,0.0,0.0,0.0,0.0,0.0,0.0,0.0,0.0,0.0,0.0,0.0,0.0,0.0,0.0
2017-05-19,0.0,0.0,0.0,0.0,0.0,0.0,0.0,0.0,0.0,0.0,0.0,0.0,0.0,0.0,0.0,0.0,0.0,0.0
2017-05-22,0.0,0.0,0.0,0.0,0.0,0.0,0.0,0.0,0.0,0.0,0.0,0.0,0.0,0.0,0.0,0.0,0.0,0.0
2017-05-23,0.0,0.0,0.0,0.0,0.0,0.0,0.0,0.0,0.0,0.0,0.0,0.0,0.0,0.0,0.0,0.0,0.0,0.0
2017-05-24,0.0,0.0,0.0,0.0,0.0,0.0,0.0,0.0,0.0,0.0,0.0,0.0,0.0,0.0,0.0,0.0,0.0,0.0
2017-05-25,0.0,0.0,0.0,0.0,0.0,0.0,0.0,0.0,0.0,0.0,0.0,0.0,0.0,0.0,0.0,0.0,0.0,0.0
2017-05-26,0.0,0.0,0.0,0.0,0.0,0.0,0.0,0.0,0.0,0.0,0.0,0.0,0.0,0.0,0.0,0.0,0.0,0.0
2017-05-29,0.0,0.0,0.0,0.0,0.0,0.0,0.0,0.0,0.0,0.0,0.0,0.0,0.0,0.0,0.0,0.0,0.0,0.0
2017-05-30,0.0,0.0,0.0,0.0,0.0,0.0,0.0,0.0,0.0,0.0,0.0,0.0,0.0,0.0,0.0,0.0,0.0,0.0
2017-05-31,0.0,0.0,0.0,0.0,0.0,0.0,0.0,0.0,0.0,0.0,0.0,0.0,0.0,0.0,0.0,0.0,0.0,0.0
2017-06-01,0.0,0.0,0.0,0.0,0.0,0.0,0.0,0.0,0.0,0.0,0.0,0.0,0.0,0.0,0.0,0.0,0.0,0.0
2017-06-02,0.0,0.0,0.0,0.0,0.0,0.0,0.0,0.0,0.0,0.0,0.0,0.0,0.0,0.0,0.0,0.0,0.0,0.0
2017-06-05,0.0,0.0,0.0,0.0,0.0,0.0,0.0,0.0,0.0,0.0,0.0,0.0,0.0,0.0,0.0,0.0,0.0,0.0
2017-06-06,0.0,0.0,0.0,0.0,0.0,0.0,0.0,0.0,0.0,0.0,0.0,0.0,0.0,0.0,0.0,0.0,0.0,0.0
2017-06-07,0.0,0.0,0.0,0.0,0.0,0.0,0.0,0.0,0.0,0.0,0.0,0.0,0.0,0.0,0.0,0.0,0.0,0.0
2017-06-08,0.0,0.0,0.0,0.0,0.0,0.0,0.0,0.0,0.0,0.0,0.0,0.0,0.0,0.0,0.0,0.0,0.0,0.0
2017-06-09,0.0,0.0,0.0,0.0,0.0,0.0,0.0,0.0,0.0,0.0,0.0,0.0,0.0,0.0,0.0,0.0,0.0,0.0
2017-06-12,0.0,0.0,0.0,0.0,0.0,0.0,0.0,0.0,0.0,0.0,0.0,0.0,0.0,0.0,0.0,0.0,0.0,0.0
2017-06-13,0.0,0.0,0.0,0.0,0.0,0.0,0.0,0.0,0.0,0.0,0.0,0.0,0.0,0.0,0.0,0.0,0.0,0.0
2017-06-14,0.0,0.0,0.0,0.0,0.0,0.0,0.0,0.0,0.0,0.0,0.0,0.0,0.0,0.0,0.0,0.0,0.0,0.0
2017-06-15,0.0,0.0,0.0,0.0,0.0,0.0,0.0,0.0,0.0,0.0,0.0,0.0,0.0,0.0,0.0,0.0,0.0,0.0
2017-06-16,0.0,0.0,0.0,0.0,0.0,0.0,0.0,0.0,0.0,0.0,0.0,0.0,0.0,0.0,0.0,0.0,0.0,0.0
2017-06-19,0.0,0.0,0.0,0.0,0.0,0.0,0.0,0.0,0.0,0.0,0.0,0.0,0.0,0.0,0.0,0.0,0.0,0.0
2017-06-20,0.0,0.0,0.0,0.0,0.0,0.0,0.0,0.0,0.0,0.0,0.0,0.0,0.0,0.0,0.0,0.0,0.0,0.0
2017-06-21,0.0,0.0,0.0,0.0,0.0,0.0,0.0,0.0,0.0,0.0,0.0,0.0,0.0,0.0,0.0,0.0,0.0,0.0
2017-06-22,0.0,0.0,0.0,0.0,0.0,0.0,0.0,0.0,0.0,0.0,0.0,0.0,0.0,0.0,0.0,0.0,0.0,0.0
2017-06-23,0.0,0.0,0.0,0.0,0.0,0.0,0.0,0.0,0.0,0.0,0.0,0.0,0.0,0.0,0.0,0.0,0.0,0.0
2017-06-26,0.0,0.0,0.0,0.0,0.0,0.0,0.0,0.0,0.0,0.0,0.0,0.0,0.0,0.0,0.0,0.0,0.0,0.0
2017-06-27,0.0,0.0,0.0,0.0,0.0,0.0,0.0,0.0,0.0,0.0,0.0,0.0,0.0,0.0,0.0,0.0,0.0,0.0
2017-06-28,0.0,0.0,0.0,0.0,0.0,0.0,0.0,0.0,0.0,0.0,0.0,0.0,0.0,0.0,0.0,0.0,0.0,0.0
2017-06-29,0.0,0.0,0.0,0.0,0.0,0.0,0.0,0.0,0.0,0.0,0.0,0.0,0.0,0.0,0.0,0.0,0.0,0.0
2017-06-30,0.0,0.0,0.0,0.0,0.0,0.0,0.0,0.0,0.0,0.0,0.0,0.0,0.0,0.0,0.0,0.0,0.0,0.0
2017-07-03,0.0,0.0,0.0,0.0,0.0,0.0,0.0,0.0,0.0,0.0,0.0,0.0,0.0,0.0,0.0,0.0,0.0,0.0
2017-07-04,0.0,0.0,0.0,0.0,0.0,0.0,0.0,0.0,0.0,0.0,0.0,0.0,0.0,0.0,0.0,0.0,0.0,0.0
2017-07-05,0.0,0.0,0.0,0.0,0.0,0.0,0.0,0.0,0.0,0.0,0.0,0.0,0.0,0.0,0.0,0.0,0.0,0.0
2017-07-06,0.0,0.0,0.0,0.0,0.0,0.0,0.0,0.0,0.0,0.0,0.0,0.0,0.0,0.0,0.0,0.0,0.0,0.0
2017-07-07,0.0,0.0,0.0,0.0,0.0,0.0,0.0,0.0,0.0,0.0,0.0,0.0,0.0,0.0,0.0,0.0,0.0,0.0
2017-07-10,0.0,0.0,0.0,0.0,0.0,0.0,0.0,0.0,0.0,0.0,0.0,0.0,0.0,0.0,0.0,0.0,0.0,0.0
2017-07-11,0.0,0.0,0.0,0.0,0.0,0.0,0.0,0.0,0.0,0.0,0.0,0.0,0.0,0.0,0.0,0.0,0.0,0.0
2017-07-12,0.0,0.0,0.0,0.0,0.0,0.0,0.0,0.0,0.0,0.0,0.0,0.0,0.0,0.0,0.0,0.0,0.0,0.0
2017-07-13,0.0,0.0,0.0,0.0,0.0,0.0,0.0,0.0,0.0,0.0,0.0,0.0,0.0,0.0,0.0,0.0,0.0,0.0
2017-07-14,0.0,0.0,0.0,0.0,0.0,0.0,0.0,0.0,0.0,0.0,0.0,0.0,0.0,0.0,0.0,0.0,0.0,0.0
2017-07-17,0.0,0.0,0.0,0.0,0.0,0.0,0.0,0.0,0.0,0.0,0.0,0.0,0.0,0.0,0.0,0.0,0.0,0.0
2017-07-18,0.0,0.0,0.0,0.0,0.0,0.0,0.0,0.0,0.0,0.0,0.0,0.0,0.0,0.0,0.0,0.0,0.0,0.0
2017-07-19,0.0,0.0,0.0,0.0,0.0,0.0,0.0,0.0,0.0,0.0,0.0,0.0,0.0,0.0,0.0,0.0,0.0,0.0
2017-07-20,0.0,0.0,0.0,0.0,0.0,0.0,0.0,0.0,0.0,0.0,0.0,0.0,0.0,0.0,0.0,0.0,0.0,0.0
2017-07-21,0.0,0.0,0.0,0.0,0.0,0.0,0.0,0.0,0.0,0.0,0.0,0.0,0.0,0.0,0.0,0.0,0.0,0.0
2017-07-24,0.0,0.0,0.0,0.0,0.0,0.0,0.0,0.0,0.0,0.0,0.0,0.0,0.0,0.0,0.0,0.0,0.0,0.0
2017-07-25,0.0,0.0,0.0,0.0,0.0,0.0,0.0,0.0,0.0,0.0,0.0,0.0,0.0,0.0,0.0,0.0,0.0,0.0
2017-07-26,0.0,0.0,0.0,0.0,0.0,0.0,0.0,0.0,0.0,0.0,0.0,0.0,0.0,0.0,0.0,0.0,0.0,0.0
2017-07-27,0.0,0.0,0.0,0.0,0.0,0.0,0.0,0.0,0.0,0.0,0.0,0.0,0.0,0.0,0.0,0.0,0.0,0.0
2017-07-28,0.0,0.0,0.0,0.0,0.0,0.0,0.0,0.0,0.0,0.0,0.0,0.0,0.0,0.0,0.0,0.0,0.0,0.0
2017-07-31,0.0,0.0,0.0,0.0,0.0,0.0,0.0,0.0,0.0,0.0,0.0,0.0,0.0,0.0,0.0,0.0,0.0,0.0
2017-08-01,0.0,0.0,0.0,0.0,0.0,0.0,0.0,0.0,0.0,0.0,0.0,0.0,0.0,0.0,0.0,0.0,0.0,0.0
2017-08-02,0.0,0.0,0.0,0.0,0.0,0.0,0.0,0.0,0.0,0.0,0.0,0.0,0.0,0.0,0.0,0.0,0.0,0.0
2017-08-03,0.0,0.0,0.0,0.0,0.0,0.0,0.0,0.0,0.0,0.0,0.0,0.0,0.0,0.0,0.0,0.0,0.0,0.0
2017-08-04,0.0,0.0,0.0,0.0,0.0,0.0,0.0,0.0,0.0,0.0,0.0,0.0,0.0,0.0,0.0,0.0,0.0,0.0
2017-08-07,0.0,0.0,0.0,0.0,0.0,0.0,0.0,0.0,0.0,0.0,0.0,0.0,0.0,0.0,0.0,0.0,0.0,0.0
2017-08-08,0.0,0.0,0.0,0.0,0.0,0.0,0.0,0.0,0.0,0.0,0.0,0.0,0.0,0.0,0.0,0.0,0.0,0.0
2017-08-09,0.0,0.0,0.0,0.0,0.0,0.0,0.0,0.0,0.0,0.0,0.0,0.0,0.0,0.0,0.0,0.0,0.0,0.0
2017-08-10,0.0,0.0,0.0,0.0,0.0,0.0,0.0,0.0,0.0,0.0,0.0,0.0,0.0,0.0,0.0,0.0,0.0,0.0
2017-08-11,0.0,0.0,0.0,0.0,0.0,0.0,0.0,0.0,0.0,0.0,0.0,0.0,0.0,0.0,0.0,0.0,0.0,0.0
2017-08-14,0.0,0.0,0.0,0.0,0.0,0.0,0.0,0.0,0.0,0.0,0.0,0.0,0.0,0.0,0.0,0.0,0.0,0.0
2017-08-15,0.0,0.0,0.0,0.0,0.0,0.0,0.0,0.0,0.0,0.0,0.0,0.0,0.0,0.0,0.0,0.0,0.0,0.0
2017-08-16,0.0,0.0,0.0,0.0,0.0,0.0,0.0,0.0,0.0,0.0,0.0,0.0,0.0,0.0,0.0,0.0,0.0,0.0
2017-08-17,0.0,0.0,0.0,0.0,0.0,0.0,0.0,0.0,0.0,0.0,0.0,0.0,0.0,0.0,0.0,0.0,0.0,0.0
2017-08-18,0.0,0.0,0.0,0.0,0.0,0.0,0.0,0.0,0.0,0.0,0.0,0.0,0.0,0.0,0.0,0.0,0.0,0.0
2017-08-21,0.0,0.0,0.0,0.0,0.0,0.0,0.0,0.0,0.0,0.0,0.0,0.0,0.0,0.0,0.0,0.0,0.0,0.0
2017-08-22,0.0,0.0,0.0,0.0,0.0,0.0,0.0,0.0,0.0,0.0,0.0,0.0,0.0,0.0,0.0,0.0,0.0,0.0
2017-08-23,0.0,0.0,0.0,0.0,0.0,0.0,0.0,0.0,0.0,0.0,0.0,0.0,0.0,0.0,0.0,0.0,0.0,0.0
2017-08-24,0.0,0.0,0.0,0.0,0.0,0.0,0.0,0.0,0.0,0.0,0.0,0.0,0.0,0.0,0.0,0.0,0.0,0.0
2017-08-25,0.0,0.0,0.0,0.0,0.0,0.0,0.0,0.0,0.0,0.0,0.0,0.0,0.0,0.0,0.0,0.0,0.0,0.0
2017-08-28,0.0,0.0,0.0,0.0,0.0,0.0,0.0,0.0,0.0,0.0,0.0,0.0,0.0,0.0,0.0,0.0,0.0,0.0
2017-08-29,0.0,0.0,0.0,0.0,0.0,0.0,0.0,0.0,0.0,0.0,0.0,0.0,0.0,0.0,0.0,0.0,0.0,0.0
2017-08-30,0.0,0.0,0.0,0.0,0.0,0.0,0.0,0.0,0.0,0.0,0.0,0.0,0.0,0.0,0.0,0.0,0.0,0.0
2017-08-31,0.0,0.0,0.0,0.0,0.0,0.0,0.0,0.0,0.0,0.0,0.0,0.0,0.0,0.0,0.0,0.0,0.0,0.0
2017-09-01,0.0,0.0,0.0,0.0,0.0,0.0,0.0,0.0,0.0,0.0,0.0,0.0,0.0,0.0,0.0,0.0,0.0,0.0
2017-09-04,0.0,0.0,0.0,0.0,0.0,0.0,0.0,0.0,0.0,0.0,0.0,0.0,0.0,0.0,0.0,0.0,0.0,0.0
2017-09-05,0.0,0.0,0.0,0.0,0.0,0.0,0.0,0.0,0.0,0.0,0.0,0.0,0.0,0.0,0.0,0.0,0.0,0.0
2017-09-06,0.0,0.0,0.0,0.0,0.0,0.0,0.0,0.0,0.0,0.0,0.0,0.0,0.0,0.0,0.0,0.0,0.0,0.0
2017-09-07,0.0,0.0,0.0,0.0,0.0,0.0,0.0,0.0,0.0,0.0,0.0,0.0,0.0,0.0,0.0,0.0,0.0,0.0
2017-09-08,0.0,0.0,0.0,0.0,0.0,0.0,0.0,0.0,0.0,0.0,0.0,0.0,0.0,0.0,0.0,0.0,0.0,0.0
2017-09-11,0.0,0.0,0.0,0.0,0.0,0.0,0.0,0.0,0.0,0.0,0.0,0.0,0.0,0.0,0.0,0.0,0.0,0.0
2017-09-12,0.0,0.0,0.0,0.0,0.0,0.0,0.0,0.0,0.0,0.0,0.0,0.0,0.0,0.0,0.0,0.0,0.0,0.0
2017-09-13,0.0,0.0,0.0,0.0,0.0,0.0,0.0,0.0,0.0,0.0,0.0,0.0,0.0,0.0,0.0,0.0,0.0,0.0
2017-09-14,0.0,0.0,0.0,0.0,0.0,0.0,0.0,0.0,0.0,0.0,0.0,0.0,0.0,0.0,0.0,0.0,0.0,0.0
2017-09-15,0.0,0.0,0.0,0.0,0.0,0.0,0.0,0.0,0.0,0.0,0.0,0.0,0.0,0.0,0.0,0.0,0.0,0.0
2017-09-18,0.0,0.0,0.0,0.0,0.0,0.0,0.0,0.0,0.0,0.0,0.0,0.0,0.0,0.0,0.0,0.0,0.0,0.0
2017-09-19,0.0,0.0,0.0,0.0,0.0,0.0,0.0,0.0,0.0,0.0,0.0,0.0,0.0,0.0,0.0,0.0,0.0,0.0
2017-09-20,0.0,0.0,0.0,0.0,0.0,0.0,0.0,0.0,0.0,0.0,0.0,0.0,0.0,0.0,0.0,0.0,0.0,0.0
2017-09-21,0.0,0.0,0.0,0.0,0.0,0.0,0.0,0.0,0.0,0.0,0.0,0.0,0.0,0.0,0.0,0.0,0.0,0.0
2017-09-22,0.0,0.0,0.0,0.0,0.0,0.0,0.0,0.0,0.0,0.0,0.0,0.0,0.0,0.0,0.0,0.0,0.0,0.0
2017-09-25,0.0,0.0,0.0,0.0,0.0,0.0,0.0,0.0,0.0,0.0,0.0,0.0,0.0,0.0,0.0,0.0,0.0,0.0
2017-09-26,0.0,0.0,0.0,0.0,0.0,0.0,0.0,0.0,0.0,0.0,0.0,0.0,0.0,0.0,0.0,0.0,0.0,0.0
2017-09-27,0.0,0.0,0.0,0.0,0.0,0.0,0.0,0.0,0.0,0.0,0.0,0.0,0.0,0.0,0.0,0.0,0.0,0.0
2017-09-28,0.0,0.0,0.0,0.0,0.0,0.0,0.0,0.0,0.0,0.0,0.0,0.0,0.0,0.0,0.0,0.0,0.0,0.0
2017-09-29,0.0,0.0,0.0,0.0,0.0,0.0,0.0,0.0,0.0,0.0,0.0,0.0,0.0,0.0,0.0,0.0,0.0,0.0
2017-10-02,0.0,0.0,0.0,0.0,0.0,0.0,0.0,0.0,0.0,0.0,0.0,0.0,0.0,0.0,0.0,0.0,0.0,0.0
2017-10-03,0.0,0.0,0.0,0.0,0.0,0.0,0.0,0.0,0.0,0.0,0.0,0.0,0.0,0.0,0.0,0.0,0.0,0.0
2017-10-04,0.0,0.0,0.0,0.0,0.0,0.0,0.0,0.0,0.0,0.0,0.0,0.0,0.0,0.0,0.0,0.0,0.0,0.0
2017-10-05,0.0,0.0,0.0,0.0,0.0,0.0,0.0,0.0,0.0,0.0,0.0,0.0,0.0,0.0,0.0,0.0,0.0,0.0
2017-10-06,0.0,0.0,0.0,0.0,0.0,0.0,0.0,0.0,0.0,0.0,0.0,0.0,0.0,0.0,0.0,0.0,0.0,0.0
2017-10-09,0.0,0.0,0.0,0.0,0.0,0.0,0.0,0.0,0.0,0.0,0.0,0.0,0.0,0.0,0.0,0.0,0.0,0.0
2017-10-10,0.0,0.0,0.0,0.0,0.0,0.0,0.0,0.0,0.0,0.0,0.0,0.0,0.0,0.0,0.0,0.0,0.0,0.0
2017-10-11,0.0,0.0,0.0,0.0,0.0,0.0,0.0,0.0,0.0,0.0,0.0,0.0,0.0,0.0,0.0,0.0,0.0,0.0
2017-10-12,0.0,0.0,0.0,0.0,0.0,0.0,0.0,0.0,0.0,0.0,0.0,0.0,0.0,0.0,0.0,0.0,0.0,0.0
2017-10-13,0.0,0.0,0.0,0.0,0.0,0.0,0.0,0.0,0.0,0.0,0.0,0.0,0.0,0.0,0.0,0.0,0.0,0.0
2017-10-16,0.0,0.0,0.0,0.0,0.0,0.0,0.0,0.0,0.0,0.0,0.0,0.0,0.0,0.0,0.0,0.0,0.0,0.0
2017-10-17,0.0,0.0,0.0,0.0,0.0,0.0,0.0,0.0,0.0,0.0,0.0,0.0,0.0,0.0,0.0,0.0,0.0,0.0
2017-10-18,0.0,0.0,0.0,0.0,0.0,0.0,0.0,0.0,0.0,0.0,0.0,0.0,0.0,0.0,0.0,0.0,0.0,0.0
2017-10-19,0.0,0.0,0.0,0.0,0.0,0.0,0.0,0.0,0.0,0.0,0.0,0.0,0.0,0.0,0.0,0.0,0.0,0.0
2017-10-20,0.0,0.0,0.0,0.0,0.0,0.0,0.0,0.0,0.0,0.0,0.0,0.0,0.0,0.0,0.0,0.0,0.0,0.0
2017-10-23,0.0,0.0,0.0,0.0,0.0,0.0,0.0,0.0,0.0,0.0,0.0,0.0,0.0,0.0,0.0,0.0,0.0,0.0
2017-10-24,0.0,0.0,0.0,0.0,0.0,0.0,0.0,0.0,0.0,0.0,0.0,0.0,0.0,0.0,0.0,0.0,0.0,0.0
2017-10-25,0.0,0.0,0.0,0.0,0.0,0.0,0.0,0.0,0.0,0.0,0.0,0.0,0.0,0.0,0.0,0.0,0.0,0.0
2017-10-26,0.0,0.0,0.0,0.0,0.0,0.0,0.0,0.0,0.0,0.0,0.0,0.0,0.0,0.0,0.0,0.0,0.0,0.0
2017-10-27,0.0,0.0,0.0,0.0,0.0,0.0,0.0,0.0,0.0,0.0,0.0,0.0,0.0,0.0,0.0,0.0,0.0,0.0
2017-10-30,0.0,0.0,0.0,0.0,0.0,0.0,0.0,0.0,0.0,0.0,0.0,0.0,0.0,0.0,0.0,0.0,0.0,0.0
2017-10-31,0.0,0.0,0.0,0.0,0.0,0.0,0.0,0.0,0.0,0.0,0.0,0.0,0.0,0.0,0.0,0.0,0.0,0.0
2017-11-01,0.0,0.0,0.0,0.0,0.0,0.0,0.0,0.0,0.0,0.0,0.0,0.0,0.0,0.0,0.0,0.0,0.0,0.0
2017-11-02,0.0,0.0,0.0,0.0,0.0,0.0,0.0,0.0,0.0,0.0,0.0,0.0,0.0,0.0,0.0,0.0,0.0,0.0
2017-11-03,0.0,0.0,0.0,0.0,0.0,0.0,0.0,0.0,0.0,0.0,0.0,0.0,0.0,0.0,0.0,0.0,0.0,0.0
2017-11-06,0.0,0.0,0.0,0.0,0.0,0.0,0.0,0.0,0.0,0.0,0.0,0.0,0.0,0.0,0.0,0.0,0.0,0.0
2017-11-07,0.0,0.0,0.0,0.0,0.0,0.0,0.0,0.0,0.0,0.0,0.0,0.0,0.0,0.0,0.0,0.0,0.0,0.0
2017-11-08,0.0,0.0,0.0,0.0,0.0,0.0,0.0,0.0,0.0,0.0,0.0,0.0,0.0,0.0,0.0,0.0,0.0,0.0
2017-11-09,0.0,0.0,0.0,0.0,0.0,0.0,0.0,0.0,0.0,0.0,0.0,0.0,0.0,0.0,0.0,0.0,0.0,0.0
2017-11-10,0.0,0.0,0.0,0.0,0.0,0.0,0.0,0.0,0.0,0.0,0.0,0.0,0.0,0.0,0.0,0.0,0.0,0.0
2017-11-13,0.0,0.0,0.0,0.0,0.0,0.0,0.0,0.0,0.0,0.0,0.0,0.0,0.0,0.0,0.0,0.0,0.0,0.0
2017-11-14,0.0,0.0,0.0,0.0,0.0,0.0,0.0,0.0,0.0,0.0,0.0,0.0,0.0,0.0,0.0,0.0,0.0,0.0
2017-11-15,0.0,0.0,0.0,0.0,0.0,0.0,0.0,0.0,0.0,0.0,0.0,0.0,0.0,0.0,0.0,0.0,0.0,0.0
2017-11-16,0.0,0.0,0.0,0.0,0.0,0.0,0.0,0.0,0.0,0.0,0.0,0.0,0.0,0.0,0.0,0.0,0.0,0.0
2017-11-17,0.0,0.0,0.0,0.0,0.0,0.0,0.0,0.0,0.0,0.0,0.0,0.0,0.0,0.0,0.0,0.0,0.0,0.0
2017-11-20,0.0,0.0,0.0,0.0,0.0,0.0,0.0,0.0,0.0,0.0,0.0,0.0,0.0,0.0,0.0,0.0,0.0,0.0
2017-11-21,0.0,0.0,0.0,0.0,0.0,0.0,0.0,0.0,0.0,0.0,0.0,0.0,0.0,0.0,0.0,0.0,0.0,0.0
2017-11-22,0.0,0.0,0.0,0.0,0.0,0.0,0.0,0.0,0.0,0.0,0.0,0.0,0.0,0.0,0.0,0.0,0.0,0.0
2017-11-23,0.0,0.0,0.0,0.0,0.0,0.0,0.0,0.0,0.0,0.0,0.0,0.0,0.0,0.0,0.0,0.0,0.0,0.0
2017-11-24,0.0,0.0,0.0,0.0,0.0,0.0,0.0,0.0,0.0,0.0,0.0,0.0,0.0,0.0,0.0,0.0,0.0,0.0
2017-11-27,0.0,0.0,0.0,0.0,0.0,0.0,0.0,0.0,0.0,0.0,0.0,0.0,0.0,0.0,0.0,0.0,0.0,0.0
2017-11-28,0.0,0.0,0.0,0.0,0.0,0.0,0.0,0.0,0.0,0.0,0.0,0.0,0.0,0.0,0.0,0.0,0.0,0.0
2017-11-29,0.0,0.0,0.0,0.0,0.0,0.0,0.0,0.0,0.0,0.0,0.0,0.0,0.0,0.0,0.0,0.0,0.0,0.0
2017-11-30,0.0,0.0,0.0,0.0,0.0,0.0,0.0,0.0,0.0,0.0,0.0,0.0,0.0,0.0,0.0,0.0,0.0,0.0
2017-12-01,0.0,0.0,0.0,0.0,0.0,0.0,0.0,0.0,0.0,0.0,0.0,0.0,0.0,0.0,0.0,0.0,0.0,0.0
2017-12-04,0.0,0.0,0.0,0.0,0.0,0.0,0.0,0.0,0.0,0.0,0.0,0.0,0.0,0.0,0.0,0.0,0.0,0.0
2017-12-05,0.0,0.0,0.0,0.0,0.0,0.0,0.0,0.0,0.0,0.0,0.0,0.0,0.0,0.0,0.0,0.0,0.0,0.0
2017-12-06,0.0,0.0,0.0,0.0,0.0,0.0,0.0,0.0,0.0,0.0,0.0,0.0,0.0,0.0,0.0,0.0,0.0,0.0
2017-12-07,0.0,0.0,0.0,0.0,0.0,0.0,0.0,0.0,0.0,0.0,0.0,0.0,0.0,0.0,0.0,0.0,0.0,0.0
2017-12-08,0.0,0.0,0.0,0.0,0.0,0.0,0.0,0.0,0.0,0.0,0.0,0.0,0.0,0.0,0.0,0.0,0.0,0.0
2017-12-11,0.0,0.0,0.0,0.0,0.0,0.0,0.0,0.0,0.0,0.0,0.0,0.0,0.0,0.0,0.0,0.0,0.0,0.0
2017-12-12,0.0,0.0,0.0,0.0,0.0,0.0,0.0,0.0,0.0,0.0,0.0,0.0,0.0,0.0,0.0,0.0,0.0,0.0
2017-12-13,0.0,0.0,0.0,0.0,0.0,0.0,0.0,0.0,0.0,0.0,0.0,0.0,0.0,0.0,0.0,0.0,0.0,0.0
2017-12-14,0.0,0.0,0.0,0.0,0.0,0.0,0.0,0.0,0.0,0.0,0.0,0.0,0.0,0.0,0.0,0.0,0.0,0.0
2017-12-15,0.0,0.0,0.0,0.0,0.0,0.0,0.0,0.0,0.0,0.0,0.0,0.0,0.0,0.0,0.0,0.0,0.0,0.0
2017-12-18,0.0,0.0,0.0,0.0,0.0,0.0,0.0,0.0,0.0,0.0,0.0,0.0,0.0,0.0,0.0,0.0,0.0,0.0
2017-12-19,0.0,0.0,0.0,0.0,0.0,0.0,0.0,0.0,0.0,0.0,0.0,0.0,0.0,0.0,0.0,0.0,0.0,0.0
2017-12-20,0.0,0.0,0.0,0.0,0.0,0.0,0.0,0.0,0.0,0.0,0.0,0.0,0.0,0.0,0.0,0.0,0.0,0.0
2017-12-21,0.0,0.0,0.0,0.0,0.0,0.0,0.0,0.0,0.0,0.0,0.0,0.0,0.0,0.0,0.0,0.0,0.0,0.0
2017-12-22,0.0,0.0,0.0,0.0,0.0,0.0,0.0,0.0,0.0,0.0,0.0,0.0,0.0,0.0,0.0,0.0,0.0,0.0
2017-12-25,0.0,0.0,0.0,0.0,0.0,0.0,0.0,0.0,0.0,0.0,0.0,0.0,0.0,0.0,0.0,0.0,0.0,0.0
2017-12-26,0.0,0.0,0.0,0.0,0.0,0.0,0.0,0.0,0.0,0.0,0.0,0.0,0.0,0.0,0.0,0.0,0.0,0.0
2017-12-27,0.0,0.0,0.0,0.0,0.0,0.0,0.0,0.0,0.0,0.0,0.0,0.0,0.0,0.0,0.0,0.0,0.0,0.0
2017-12-28,0.0,0.0,0.0,0.0,0.0,0.0,0.0,0.0,0.0,0.0,0.0,0.0,0.0,0.0,0.0,0.0,0.0,0.0
2017-12-29,0.0,0.0,0.0,0.0,0.0,0.0,0.0,0.0,0.0,0.0,0.0,0.0,0.0,0.0,0.0,0.0,0.0,0.0
2018-01-01,0.0,0.0,0.0,0.0,0.0,0.0,0.0,0.0,0.0,0.0,0.0,0.0,0.0,0.0,0.0,0.0,0.0,0.0
2018-01-02,0.0,0.0,0.0,0.0,0.0,0.0,0.0,0.0,0.0,0.0,0.0,0.0,0.0,0.0,0.0,0.0,0.0,0.0
2018-01-03,0.0,0.0,0.0,0.0,0.0,0.0,0.0,0.0,0.0,0.0,0.0,0.0,0.0,0.0,0.0,0.0,0.0,0.0
2018-01-04,0.0,0.0,0.0,0.0,0.0,0.0,0.0,0.0,0.0,0.0,0.0,0.0,0.0,0.0,0.0,0.0,0.0,0.0
2018-01-05,0.0,0.0,0.0,0.0,0.0,0.0,0.0,0.0,0.0,0.0,0.0,0.0,0.0,0.0,0.0,0.0,0.0,0.0
2018-01-08,0.0,0.0,0.0,0.0,0.0,0.0,0.0,0.0,0.0,0.0,0.0,0.0,0.0,0.0,0.0,0.0,0.0,0.0
2018-01-09,0.0,0.0,0.0,0.0,0.0,0.0,0.0,0.0,0.0,0.0,0.0,0.0,0.0,0.0,0.0,0.0,0.0,0.0
2018-01-10,0.0,0.0,0.0,0.0,0.0,0.0,0.0,0.0,0.0,0.0,0.0,0.0,0.0,0.0,0.0,0.0,0.0,0.0
2018-01-11,0.0,0.0,0.0,0.0,0.0,0.0,0.0,0.0,0.0,0.0,0.0,0.0,0.0,0.0,0.0,0.0,0.0,0.0
2018-01-12,0.0,0.0,0.0,0.0,0.0,0.0,0.0,0.0,0.0,0.0,0.0,0.0,0.0,0.0,0.0,0.0,0.0,0.0
2018-01-15,0.0,0.0,0.0,0.0,0.0,0.0,0.0,0.0,0.0,0.0,0.0,0.0,0.0,0.0,0.0,0.0,0.0,0.0
2018-01-16,0.0,0.0,0.0,0.0,0.0,0.0,0.0,0.0,0.0,0.0,0.0,0.0,0.0,0.0,0.0,0.0,0.0,0.0
2018-01-17,0.0,0.0,0.0,0.0,0.0,0.0,0.0,0.0,0.0,0.0,0.0,0.0,0.0,0.0,0.0,0.0,0.0,0.0
2018-01-18,0.0,0.0,0.0,0.0,0.0,0.0,0.0,0.0,0.0,0.0,0.0,0.0,0.0,0.0,0.0,0.0,0.0,0.0
2018-01-19,0.0,0.0,0.0,0.0,0.0,0.0,0.0,0.0,0.0,0.0,0.0,0.0,0.0,0.0,0.0,0.0,0.0,0.0
2018-01-22,0.0,0.0,0.0,0.0,0.0,0.0,0.0,0.0,0.0,0.0,0.0,0.0,0.0,0.0,0.0,0.0,0.0,0.0
2018-01-23,0.0,0.0,0.0,0.0,0.0,0.0,0.0,0.0,0.0,0.0,0.0,0.0,0.0,0.0,0.0,0.0,0.0,0.0
2018-01-24,0.0,0.0,0.0,0.0,0.0,0.0,0.0,0.0,0.0,0.0,0.0,0.0,0.0,0.0,0.0,0.0,0.0,0.0
2018-01-25,0.0,0.0,0.0,0.0,0.0,0.0,0.0,0.0,0.0,0.0,0.0,0.0,0.0,0.0,0.0,0.0,0.0,0.0
2018-01-26,0.0,0.0,0.0,0.0,0.0,0.0,0.0,0.0,0.0,0.0,0.0,0.0,0.0,0.0,0.0,0.0,0.0,0.0
2018-01-29,0.0,0.0,0.0,0.0,0.0,0.0,0.0,0.0,0.0,0.0,0.0,0.0,0.0,0.0,0.0,0.0,0.0,0.0
2018-01-30,0.0,0.0,0.0,0.0,0.0,0.0,0.0,0.0,0.0,0.0,0.0,0.0,0.0,0.0,0.0,0.0,0.0,0.0
2018-01-31,0.0,0.0,0.0,0.0,0.0,0.0,0.0,0.0,0.0,0.0,0.0,0.0,0.0,0.0,0.0,0.0,0.0,0.0
2018-02-01,0.0,0.0,0.0,0.0,0.0,0.0,0.0,0.0,0.0,0.0,0.0,0.0,0.0,0.0,0.0,0.0,0.0,0.0
2018-02-02,0.0,0.0,0.0,0.0,0.0,0.0,0.0,0.0,0.0,0.0,0.0,0.0,0.0,0.0,0.0,0.0,0.0,0.0
2018-02-05,0.0,0.0,0.0,0.0,0.0,0.0,0.0,0.0,0.0,0.0,0.0,0.0,0.0,0.0,0.0,0.0,0.0,0.0
2018-02-06,0.0,0.0,0.0,0.0,0.0,0.0,0.0,0.0,0.0,0.0,0.0,0.0,0.0,0.0,0.0,0.0,0.0,0.0
2018-02-07,0.0,0.0,0.0,0.0,0.0,0.0,0.0,0.0,0.0,0.0,0.0,0.0,0.0,0.0,0.0,0.0,0.0,0.0
2018-02-08,0.0,0.0,0.0,0.0,0.0,0.0,0.0,0.0,0.0,0.0,0.0,0.0,0.0,0.0,0.0,0.0,0.0,0.0
2018-02-09,0.0,0.0,0.0,0.0,0.0,0.0,0.0,0.0,0.0,0.0,0.0,0.0,0.0,0.0,0.0,0.0,0.0,0.0
2018-02-12,0.0,0.0,0.0,0.0,0.0,0.0,0.0,0.0,0.0,0.0,0.0,0.0,0.0,0.0,0.0,0.0,0.0,0.0
2018-02-13,0.0,0.0,0.0,0.0,0.0,0.0,0.0,0.0,0.0,0.0,0.0,0.0,0.0,0.0,0.0,0.0,0.0,0.0
2018-02-14,0.0,0.0,0.0,0.0,0.0,0.0,0.0,0.0,0.0,0.0,0.0,0.0,0.0,0.0,0.0,0.0,0.0,0.0
2018-02-15,0.0,0.0,0.0,0.0,0.0,0.0,0.0,0.0,0.0,0.0,0.0,0.0,0.0,0.0,0.0,0.0,0.0,0.0
2018-02-16,0.0,0.0,0.0,0.0,0.0,0.0,0.0,0.0,0.0,0.0,0.0,0.0,0.0,0.0,0.0,0.0,0.0,0.0
2018-02-19,0.0,0.0,0.0,0.0,0.0,0.0,0.0,0.0,0.0,0.0,0.0,0.0,0.0,0.0,0.0,0.0,0.0,0.0
2018-02-20,0.0,0.0,0.0,0.0,0.0,0.0,0.0,0.0,0.0,0.0,0.0,0.0,0.0,0.0,0.0,0.0,0.0,0.0
2018-02-21,0.0,0.0,0.0,0.0,0.0,0.0,0.0,0.0,0.0,0.0,0.0,0.0,0.0,0.0,0.0,0.0,0.0,0.0
2018-02-22,0.0,0.0,0.0,0.0,0.0,0.0,0.0,0.0,0.0,0.0,0.0,0.0,0.0,0.0,0.0,0.0,0.0,0.0
2018-02-23,0.0,0.0,0.0,0.0,0.0,0.0,0.0,0.0,0.0,0.0,0.0,0.0,0.0,0.0,0.0,0.0,0.0,0.0
2018-02-26,0.0,0.0,0.0,0.0,0.0,0.0,0.0,0.0,0.0,0.0,0.0,0.0,0.0,0.0,0.0,0.0,0.0,0.0
2018-02-27,0.0,0.0,0.0,0.0,0.0,0.0,0.0,0.0,0.0,0.0,0.0,0.0,0.0,0.0,0.0,0.0,0.0,0.0
2018-02-28,0.0,0.0,0.0,0.0,0.0,0.0,0.0,0.0,0.0,0.0,0.0,0.0,0.0,0.0,0.0,0.0,0.0,0.0
2018-03-01,0.0,0.0,0.0,0.0,0.0,0.0,0.0,0.0,0.0,0.0,0.0,0.0,0.0,0.0,0.0,0.0,0.0,0.0
2018-03-02,0.0,0.0,0.0,0.0,0.0,0.0,0.0,0.0,0.0,0.0,0.0,0.0,0.0,0.0,0.0,0.0,0.0,0.0
2018-03-05,0.0,0.0,0.0,0.0,0.0,0.0,0.0,0.0,0.0,0.0,0.0,0.0,0.0,0.0,0.0,0.0,0.0,0.0
2018-03-06,0.0,0.0,0.0,0.0,0.0,0.0,0.0,0.0,0.0,0.0,0.0,0.0,0.0,0.0,0.0,0.0,0.0,0.0
2018-03-07,0.0,0.0,0.0,0.0,0.0,0.0,0.0,0.0,0.0,0.0,0.0,0.0,0.0,0.0,0.0,0.0,0.0,0.0
2018-03-08,0.0,0.0,0.0,0.0,0.0,0.0,0.0,0.0,0.0,0.0,0.0,0.0,0.0,0.0,0.0,0.0,0.0,0.0
2018-03-09,0.0,0.0,0.0,0.0,0.0,0.0,0.0,0.0,0.0,0.0,0.0,0.0,0.0,0.0,0.0,0.0,0.0,0.0
2018-03-12,0.0,0.0,0.0,0.0,0.0,0.0,0.0,0.0,0.0,0.0,0.0,0.0,0.0,0.0,0.0,0.0,0.0,0.0
2018-03-13,0.0,0.0,0.0,0.0,0.0,0.0,0.0,0.0,0.0,0.0,0.0,0.0,0.0,0.0,0.0,0.0,0.0,0.0
2018-03-14,0.0,0.0,0.0,0.0,0.0,0.0,0.0,0.0,0.0,0.0,0.0,0.0,0.0,0.0,0.0,0.0,0.0,0.0
2018-03-15,0.0,0.0,0.0,0.0,0.0,0.0,0.0,0.0,0.0,0.0,0.0,0.0,0.0,0.0,0.0,0.0,0.0,0.0
2018-03-16,0.0,0.0,0.0,0.0,0.0,0.0,0.0,0.0,0.0,0.0,0.0,0.0,0.0,0.0,0.0,0.0,0.0,0.0
2018-03-19,0.0,0.0,0.0,0.0,0.0,0.0,0.0,0.0,0.0,0.0,0.0,0.0,0.0,0.0,0.0,0.0,0.0,0.0
2018-03-20,0.0,0.0,0.0,0.0,0.0,0.0,0.0,0.0,0.0,0.0,0.0,0.0,0.0,0.0,0.0,0.0,0.0,0.0
2018-03-21,0.0,0.0,0.0,0.0,0.0,0.0,0.0,0.0,0.0,0.0,0.0,0.0,0.0,0.0,0.0,0.0,0.0,0.0
2018-03-22,0.0,0.0,0.0,0.0,0.0,0.0,0.0,0.0,0.0,0.0,0.0,0.0,0.0,0.0,0.0,0.0,0.0,0.0
2018-03-23,0.0,0.0,0.0,0.0,0.0,0.0,0.0,0.0,0.0,0.0,0.0,0.0,0.0,0.0,0.0,0.0,0.0,0.0
2018-03-26,0.0,0.0,0.0,0.0,0.0,0.0,0.0,0.0,0.0,0.0,0.0,0.0,0.0,0.0,0.0,0.0,0.0,0.0
2018-03-27,0.0,0.0,0.0,0.0,0.0,0.0,0.0,0.0,0.0,0.0,0.0,0.0,0.0,0.0,0.0,0.0,0.0,0.0
2018-03-28,0.0,0.0,0.0,0.0,0.0,0.0,0.0,0.0,0.0,0.0,0.0,0.0,0.0,0.0,0.0,0.0,0.0,0.0
2018-03-29,0.0,0.0,0.0,0.0,0.0,0.0,0.0,0.0,0.0,0.0,0.0,0.0,0.0,0.0,0.0,0.0,0.0,0.0
2018-03-30,0.0,0.0,0.0,0.0,0.0,0.0,0.0,0.0,0.0,0.0,0.0,0.0,0.0,0.0,0.0,0.0,0.0,0.0
2018-04-02,0.0,0.0,0.0,0.0,0.0,0.0,0.0,0.0,0.0,0.0,0.0,0.0,0.0,0.0,0.0,0.0,0.0,0.0
2018-04-03,0.0,0.0,0.0,0.0,0.0,0.0,0.0,0.0,0.0,0.0,0.0,0.0,0.0,0.0,0.0,0.0,0.0,0.0
2018-04-04,0.0,0.0,0.0,0.0,0.0,0.0,0.0,0.0,0.0,0.0,0.0,0.0,0.0,0.0,0.0,0.0,0.0,0.0
2018-04-05,0.0,0.0,0.0,0.0,0.0,0.0,0.0,0.0,0.0,0.0,0.0,0.0,0.0,0.0,0.0,0.0,0.0,0.0
2018-04-06,0.0,0.0,0.0,0.0,0.0,0.0,0.0,0.0,0.0,0.0,0.0,0.0,0.0,0.0,0.0,0.0,0.0,0.0
2018-04-09,0.0,0.0,0.0,0.0,0.0,0.0,0.0,0.0,0.0,0.0,0.0,0.0,0.0,0.0,0.0,0.0,0.0,0.0
2018-04-10,0.0,0.0,0.0,0.0,0.0,0.0,0.0,0.0,0.0,0.0,0.0,0.0,0.0,0.0,0.0,0.0,0.0,0.0
2018-04-11,0.0,0.0,0.0,0.0,0.0,0.0,0.0,0.0,0.0,0.0,0.0,0.0,0.0,0.0,0.0,0.0,0.0,0.0
2018-04-12,0.0,0.0,0.0,0.0,0.0,0.0,0.0,0.0,0.0,0.0,0.0,0.0,0.0,0.0,0.0,0.0,0.0,0.0
2018-04-13,0.0,0.0,0.0,0.0,0.0,0.0,0.0,0.0,0.0,0.0,0.0,0.0,0.0,0.0,0.0,0.0,0.0,0.0
2018-04-16,0.0,0.0,0.0,0.0,0.0,0.0,0.0,0.0,0.0,0.0,0.0,0.0,0.0,0.0,0.0,0.0,0.0,0.0
2018-04-17,0.0,0.0,0.0,0.0,0.0,0.0,0.0,0.0,0.0,0.0,0.0,0.0,0.0,0.0,0.0,0.0,0.0,0.0
2018-04-18,0.0,0.0,0.0,0.0,0.0,0.0,0.0,0.0,0.0,0.0,0.0,0.0,0.0,0.0,0.0,0.0,0.0,0.0
2018-04-19,0.0,0.0,0.0,0.0,0.0,0.0,0.0,0.0,0.0,0.0,0.0,0.0,0.0,0.0,0.0,0.0,0.0,0.0
2018-04-20,0.0,0.0,0.0,0.0,0.0,0.0,0.0,0.0,0.0,0.0,0.0,0.0,0.0,0.0,0.0,0.0,0.0,0.0
2018-04-23,0.0,0.0,0.0,0.0,0.0,0.0,0.0,0.0,0.0,0.0,0.0,0.0,0.0,0.0,0.0,0.0,0.0,0.0
2018-04-24,0.0,0.0,0.0,0.0,0.0,0.0,0.0,0.0,0.0,0.0,0.0,0.0,0.0,0.0,0.0,0.0,0.0,0.0
2018-04-25,0.0,0.0,0.0,0.0,0.0,0.0,0.0,0.0,0.0,0.0,0.0,0.0,0.0,0.0,0.0,0.0,0.0,0.0
2018-04-26,0.0,0.0,0.0,0.0,0.0,0.0,0.0,0.0,0.0,0.0,0.0,0.0,0.0,0.0,0.0,0.0,0.0,0.0
2018-04-27,0.0,0.0,0.0,0.0,0.0,0.0,0.0,0.0,0.0,0.0,0.0,0.0,0.0,0.0,0.0,0.0,0.0,0.0
2018-04-30,0.0,0.0,0.0,0.0,0.0,0.0,0.0,0.0,0.0,0.0,0.0,0.0,0.0,0.0,0.0,0.0,0.0,0.0
2018-05-01,0.0,0.0,0.0,0.0,0.0,0.0,0.0,0.0,0.0,0.0,0.0,0.0,0.0,0.0,0.0,0.0,0.0,0.0
2018-05-02,0.0,0.0,0.0,0.0,0.0,0.0,0.0,0.0,0.0,0.0,0.0,0.0,0.0,0.0,0.0,0.0,0.0,0.0
2018-05-03,0.0,0.0,0.0,0.0,0.0,0.0,0.0,0.0,0.0,0.0,0.0,0.0,0.0,0.0,0.0,0.0,0.0,0.0
2018-05-04,0.0,0.0,0.0,0.0,0.0,0.0,0.0,0.0,0.0,0.0,0.0,0.0,0.0,0.0,0.0,0.0,0.0,0.0
2018-05-07,0.0,0.0,0.0,0.0,0.0,0.0,0.0,0.0,0.0,0.0,0.0,0.0,0.0,0.0,0.0,0.0,0.0,0.0
2018-05-08,0.0,0.0,0.0,0.0,0.0,0.0,0.0,0.0,0.0,0.0,0.0,0.0,0.0,0.0,0.0,0.0,0.0,0.0
2018-05-09,0.0,0.0,0.0,0.0,0.0,0.0,0.0,0.0,0.0,0.0,0.0,0.0,0.0,0.0,0.0,0.0,0.0,0.0
2018-05-10,0.0,0.0,0.0,0.0,0.0,0.0,0.0,0.0,0.0,0.0,0.0,0.0,0.0,0.0,0.0,0.0,0.0,0.0
2018-05-11,0.0,0.0,0.0,0.0,0.0,0.0,0.0,0.0,0.0,0.0,0.0,0.0,0.0,0.0,0.0,0.0,0.0,0.0
2018-05-14,0.0,0.0,0.0,0.0,0.0,0.0,0.0,0.0,0.0,0.0,0.0,0.0,0.0,0.0,0.0,0.0,0.0,0.0
2018-05-15,0.0,0.0,0.0,0.0,0.0,0.0,0.0,0.0,0.0,0.0,0.0,0.0,0.0,0.0,0.0,0.0,0.0,0.0
2018-05-16,0.0,0.0,0.0,0.0,0.0,0.0,0.0,0.0,0.0,0.0,0.0,0.0,0.0,0.0,0.0,0.0,0.0,0.0
2018-05-17,0.0,0.0,0.0,0.0,0.0,0.0,0.0,0.0,0.0,0.0,0.0,0.0,0.0,0.0,0.0,0.0,0.0,0.0
2018-05-18,0.0,0.0,0.0,0.0,0.0,0.0,0.0,0.0,0.0,0.0,0.0,0.0,0.0,0.0,0.0,0.0,0.0,0.0
2018-05-21,0.0,0.0,0.0,0.0,0.0,0.0,0.0,0.0,0.0,0.0,0.0,0.0,0.0,0.0,0.0,0.0,0.0,0.0
2018-05-22,0.0,0.0,0.0,0.0,0.0,0.0,0.0,0.0,0.0,0.0,0.0,0.0,0.0,0.0,0.0,0.0,0.0,0.0
2018-05-23,0.0,0.0,0.0,0.0,0.0,0.0,0.0,0.0,0.0,0.0,0.0,0.0,0.0,0.0,0.0,0.0,0.0,0.0
2018-05-24,0.0,0.0,0.0,0.0,0.0,0.0,0.0,0.0,0.0,0.0,0.0,0.0,0.0,0.0,0.0,0.0,0.0,0.0
2018-05-25,0.0,0.0,0.0,0.0,0.0,0.0,0.0,0.0,0.0,0.0,0.0,0.0,0.0,0.0,0.0,0.0,0.0,0.0
2018-05-28,0.0,0.0,0.0,0.0,0.0,0.0,0.0,0.0,0.0,0.0,0.0,0.0,0.0,0.0,0.0,0.0,0.0,0.0
2018-05-29,0.0,0.0,0.0,0.0,0.0,0.0,0.0,0.0,0.0,0.0,0.0,0.0,0.0,0.0,0.0,0.0,0.0,0.0
2018-05-30,0.0,0.0,0.0,0.0,0.0,0.0,0.0,0.0,0.0,0.0,0.0,0.0,0.0,0.0,0.0,0.0,0.0,0.0
2018-05-31,0.0,0.0,0.0,0.0,0.0,0.0,0.0,0.0,0.0,0.0,0.0,0.0,0.0,0.0,0.0,0.0,0.0,0.0
2018-06-01,0.0,0.0,0.0,0.0,0.0,0.0,0.0,0.0,0.0,0.0,0.0,0.0,0.0,0.0,0.0,0.0,0.0,0.0
2018-06-04,0.0,0.0,0.0,0.0,0.0,0.0,0.0,0.0,0.0,0.0,0.0,0.0,0.0,0.0,0.0,0.0,0.0,0.0
2018-06-05,0.0,0.0,0.0,0.0,0.0,0.0,0.0,0.0,0.0,0.0,0.0,0.0,0.0,0.0,0.0,0.0,0.0,0.0
2018-06-06,0.0,0.0,0.0,0.0,0.0,0.0,0.0,0.0,0.0,0.0,0.0,0.0,0.0,0.0,0.0,0.0,0.0,0.0
2018-06-07,0.0,0.0,0.0,0.0,0.0,0.0,0.0,0.0,0.0,0.0,0.0,0.0,0.0,0.0,0.0,0.0,0.0,0.0
2018-06-08,0.0,0.0,0.0,0.0,0.0,0.0,0.0,0.0,0.0,0.0,0.0,0.0,0.0,0.0,0.0,0.0,0.0,0.0
2018-06-11,0.0,0.0,0.0,0.0,0.0,0.0,0.0,0.0,0.0,0.0,0.0,0.0,0.0,0.0,0.0,0.0,0.0,0.0
2018-06-12,0.0,0.0,0.0,0.0,0.0,0.0,0.0,0.0,0.0,0.0,0.0,0.0,0.0,0.0,0.0,0.0,0.0,0.0
2018-06-13,0.0,0.0,0.0,0.0,0.0,0.0,0.0,0.0,0.0,0.0,0.0,0.0,0.0,0.0,0.0,0.0,0.0,0.0
2018-06-14,0.0,0.0,0.0,0.0,0.0,0.0,0.0,0.0,0.0,0.0,0.0,0.0,0.0,0.0,0.0,0.0,0.0,0.0
2018-06-15,0.0,0.0,0.0,0.0,0.0,0.0,0.0,0.0,0.0,0.0,0.0,0.0,0.0,0.0,0.0,0.0,0.0,0.0
2018-06-18,0.0,0.0,0.0,0.0,0.0,0.0,0.0,0.0,0.0,0.0,0.0,0.0,0.0,0.0,0.0,0.0,0.0,0.0
2018-06-19,0.0,0.0,0.0,0.0,0.0,0.0,0.0,0.0,0.0,0.0,0.0,0.0,0.0,0.0,0.0,0.0,0.0,0.0
2018-06-20,0.0,0.0,0.0,0.0,0.0,0.0,0.0,0.0,0.0,0.0,0.0,0.0,0.0,0.0,0.0,0.0,0.0,0.0
2018-06-21,0.0,0.0,0.0,0.0,0.0,0.0,0.0,0.0,0.0,0.0,0.0,0.0,0.0,0.0,0.0,0.0,0.0,0.0
2018-06-22,0.0,0.0,0.0,0.0,0.0,0.0,0.0,0.0,0.0,0.0,0.0,0.0,0.0,0.0,0.0,0.0,0.0,0.0
2018-06-25,0.0,0.0,0.0,0.0,0.0,0.0,0.0,0.0,0.0,0.0,0.0,0.0,0.0,0.0,0.0,0.0,0.0,0.0
2018-06-26,0.0,0.0,0.0,0.0,0.0,0.0,0.0,0.0,0.0,0.0,0.0,0.0,0.0,0.0,0.0,0.0,0.0,0.0
2018-06-27,0.0,0.0,0.0,0.0,0.0,0.0,0.0,0.0,0.0,0.0,0.0,0.0,0.0,0.0,0.0,0.0,0.0,0.0
2018-06-28,0.0,0.0,0.0,0.0,0.0,0.0,0.0,0.0,0.0,0.0,0.0,0.0,0.0,0.0,0.0,0.0,0.0,0.0
2018-06-29,0.0,0.0,0.0,0.0,0.0,0.0,0.0,0.0,0.0,0.0,0.0,0.0,0.0,0.0,0.0,0.0,0.0,0.0
2018-07-02,0.0,0.0,0.0,0.0,0.0,0.0,0.0,0.0,0.0,0.0,0.0,0.0,0.0,0.0,0.0,0.0,0.0,0.0
2018-07-03,0.0,0.0,0.0,0.0,0.0,0.0,0.0,0.0,0.0,0.0,0.0,0.0,0.0,0.0,0.0,0.0,0.0,0.0
2018-07-04,0.0,0.0,0.0,0.0,0.0,0.0,0.0,0.0,0.0,0.0,0.0,0.0,0.0,0.0,0.0,0.0,0.0,0.0
2018-07-05,0.0,0.0,0.0,0.0,0.0,0.0,0.0,0.0,0.0,0.0,0.0,0.0,0.0,0.0,0.0,0.0,0.0,0.0
2018-07-06,0.0,0.0,0.0,0.0,0.0,0.0,0.0,0.0,0.0,0.0,0.0,0.0,0.0,0.0,0.0,0.0,0.0,0.0
2018-07-09,0.0,0.0,0.0,0.0,0.0,0.0,0.0,0.0,0.0,0.0,0.0,0.0,0.0,0.0,0.0,0.0,0.0,0.0
2018-07-10,0.0,0.0,0.0,0.0,0.0,0.0,0.0,0.0,0.0,0.0,0.0,0.0,0.0,0.0,0.0,0.0,0.0,0.0
2018-07-11,0.0,0.0,0.0,0.0,0.0,0.0,0.0,0.0,0.0,0.0,0.0,0.0,0.0,0.0,0.0,0.0,0.0,0.0
2018-07-12,0.0,0.0,0.0,0.0,0.0,0.0,0.0,0.0,0.0,0.0,0.0,0.0,0.0,0.0,0.0,0.0,0.0,0.0
2018-07-13,0.0,0.0,0.0,0.0,0.0,0.0,0.0,0.0,0.0,0.0,0.0,0.0,0.0,0.0,0.0,0.0,0.0,0.0
2018-07-16,0.0,0.0,0.0,0.0,0.0,0.0,0.0,0.0,0.0,0.0,0.0,0.0,0.0,0.0,0.0,0.0,0.0,0.0
2018-07-17,0.0,0.0,0.0,0.0,0.0,0.0,0.0,0.0,0.0,0.0,0.0,0.0,0.0,0.0,0.0,0.0,0.0,0.0
2018-07-18,0.0,0.0,0.0,0.0,0.0,0.0,0.0,0.0,0.0,0.0,0.0,0.0,0.0,0.0,0.0,0.0,0.0,0.0
2018-07-19,0.0,0.0,0.0,0.0,0.0,0.0,0.0,0.0,0.0,0.0,0.0,0.0,0.0,0.0,0.0,0.0,0.0,0.0
2018-07-20,0.0,0.0,0.0,0.0,0.0,0.0,0.0,0.0,0.0,0.0,0.0,0.0,0.0,0.0,0.0,0.0,0.0,0.0
2018-07-23,0.0,0.0,0.0,0.0,0.0,0.0,0.0,0.0,0.0,0.0,0.0,0.0,0.0,0.0,0.0,0.0,0.0,0.0
2018-07-24,0.0,0.0,0.0,0.0,0.0,0.0,0.0,0.0,0.0,0.0,0.0,0.0,0.0,0.0,0.0,0.0,0.0,0.0
2018-07-25,0.0,0.0,0.0,0.0,0.0,0.0,0.0,0.0,0.0,0.0,0.0,0.0,0.0,0.0,0.0,0.0,0.0,0.0
2018-07-26,0.0,0.0,0.0,0.0,0.0,0.0,0.0,0.0,0.0,0.0,0.0,0.0,0.0,0.0,0.0,0.0,0.0,0.0
2018-07-27,0.0,0.0,0.0,0.0,0.0,0.0,0.0,0.0,0.0,0.0,0.0,0.0,0.0,0.0,0.0,0.0,0.0,0.0
2018-07-30,0.0,0.0,0.0,0.0,0.0,0.0,0.0,0.0,0.0,0.0,0.0,0.0,0.0,0.0,0.0,0.0,0.0,0.0
2018-07-31,0.0,0.0,0.0,0.0,0.0,0.0,0.0,0.0,0.0,0.0,0.0,0.0,0.0,0.0,0.0,0.0,0.0,0.0
2018-08-01,0.0,0.0,0.0,0.0,0.0,0.0,0.0,0.0,0.0,0.0,0.0,0.0,0.0,0.0,0.0,0.0,0.0,0.0
2018-08-02,0.0,0.0,0.0,0.0,0.0,0.0,0.0,0.0,0.0,0.0,0.0,0.0,0.0,0.0,0.0,0.0,0.0,0.0
2018-08-03,0.0,0.0,0.0,0.0,0.0,0.0,0.0,0.0,0.0,0.0,0.0,0.0,0.0,0.0,0.0,0.0,0.0,0.0
2018-08-06,0.0,0.0,0.0,0.0,0.0,0.0,0.0,0.0,0.0,0.0,0.0,0.0,0.0,0.0,0.0,0.0,0.0,0.0
2018-08-07,0.0,0.0,0.0,0.0,0.0,0.0,0.0,0.0,0.0,0.0,0.0,0.0,0.0,0.0,0.0,0.0,0.0,0.0
2018-08-08,0.0,0.0,0.0,0.0,0.0,0.0,0.0,0.0,0.0,0.0,0.0,0.0,0.0,0.0,0.0,0.0,0.0,0.0
2018-08-09,0.0,0.0,0.0,0.0,0.0,0.0,0.0,0.0,0.0,0.0,0.0,0.0,0.0,0.0,0.0,0.0,0.0,0.0
2018-08-10,0.0,0.0,0.0,0.0,0.0,0.0,0.0,0.0,0.0,0.0,0.0,0.0,0.0,0.0,0.0,0.0,0.0,0.0
2018-08-13,0.0,0.0,0.0,0.0,0.0,0.0,0.0,0.0,0.0,0.0,0.0,0.0,0.0,0.0,0.0,0.0,0.0,0.0
2018-08-14,0.0,0.0,0.0,0.0,0.0,0.0,0.0,0.0,0.0,0.0,0.0,0.0,0.0,0.0,0.0,0.0,0.0,0.0
2018-08-15,0.0,0.0,0.0,0.0,0.0,0.0,0.0,0.0,0.0,0.0,0.0,0.0,0.0,0.0,0.0,0.0,0.0,0.0
2018-08-16,0.0,0.0,0.0,0.0,0.0,0.0,0.0,0.0,0.0,0.0,0.0,0.0,0.0,0.0,0.0,0.0,0.0,0.0
2018-08-17,0.0,0.0,0.0,0.0,0.0,0.0,0.0,0.0,0.0,0.0,0.0,0.0,0.0,0.0,0.0,0.0,0.0,0.0
2018-08-20,0.0,0.0,0.0,0.0,0.0,0.0,0.0,0.0,0.0,0.0,0.0,0.0,0.0,0.0,0.0,0.0,0.0,0.0
2018-08-21,0.0,0.0,0.0,0.0,0.0,0.0,0.0,0.0,0.0,0.0,0.0,0.0,0.0,0.0,0.0,0.0,0.0,0.0
2018-08-22,0.0,0.0,0.0,0.0,0.0,0.0,0.0,0.0,0.0,0.0,0.0,0.0,0.0,0.0,0.0,0.0,0.0,0.0
2018-08-23,0.0,0.0,0.0,0.0,0.0,0.0,0.0,0.0,0.0,0.0,0.0,0.0,0.0,0.0,0.0,0.0,0.0,0.0
2018-08-24,0.0,0.0,0.0,0.0,0.0,0.0,0.0,0.0,0.0,0.0,0.0,0.0,0.0,0.0,0.0,0.0,0.0,0.0
2018-08-27,0.0,0.0,0.0,0.0,0.0,0.0,0.0,0.0,0.0,0.0,0.0,0.0,0.0,0.0,0.0,0.0,0.0,0.0
2018-08-28,0.0,0.0,0.0,0.0,0.0,0.0,0.0,0.0,0.0,0.0,0.0,0.0,0.0,0.0,0.0,0.0,0.0,0.0
2018-08-29,0.0,0.0,0.0,0.0,0.0,0.0,0.0,0.0,0.0,0.0,0.0,0.0,0.0,0.0,0.0,0.0,0.0,0.0
2018-08-30,0.0,0.0,0.0,0.0,0.0,0.0,0.0,0.0,0.0,0.0,0.0,0.0,0.0,0.0,0.0,0.0,0.0,0.0
2018-08-31,0.0,0.0,0.0,0.0,0.0,0.0,0.0,0.0,0.0,0.0,0.0,0.0,0.0,0.0,0.0,0.0,0.0,0.0
2018-09-03,0.0,0.0,0.0,0.0,0.0,0.0,0.0,0.0,0.0,0.0,0.0,0.0,0.0,0.0,0.0,0.0,0.0,0.0
2018-09-04,0.0,0.0,0.0,0.0,0.0,0.0,0.0,0.0,0.0,0.0,0.0,0.0,0.0,0.0,0.0,0.0,0.0,0.0
2018-09-05,0.0,0.0,0.0,0.0,0.0,0.0,0.0,0.0,0.0,0.0,0.0,0.0,0.0,0.0,0.0,0.0,0.0,0.0
2018-09-06,0.0,0.0,0.0,0.0,0.0,0.0,0.0,0.0,0.0,0.0,0.0,0.0,0.0,0.0,0.0,0.0,0.0,0.0
2018-09-07,0.0,0.0,0.0,0.0,0.0,0.0,0.0,0.0,0.0,0.0,0.0,0.0,0.0,0.0,0.0,0.0,0.0,0.0
2018-09-10,0.0,0.0,0.0,0.0,0.0,0.0,0.0,0.0,0.0,0.0,0.0,0.0,0.0,0.0,0.0,0.0,0.0,0.0
2018-09-11,0.0,0.0,0.0,0.0,0.0,0.0,0.0,0.0,0.0,0.0,0.0,0.0,0.0,0.0,0.0,0.0,0.0,0.0
2018-09-12,0.0,0.0,0.0,0.0,0.0,0.0,0.0,0.0,0.0,0.0,0.0,0.0,0.0,0.0,0.0,0.0,0.0,0.0
2018-09-13,0.0,0.0,0.0,0.0,0.0,0.0,0.0,0.0,0.0,0.0,0.0,0.0,0.0,0.0,0.0,0.0,0.0,0.0
2018-09-14,0.0,0.0,0.0,0.0,0.0,0.0,0.0,0.0,0.0,0.0,0.0,0.0,0.0,0.0,0.0,0.0,0.0,0.0
2018-09-17,0.0,0.0,0.0,0.0,0.0,0.0,0.0,0.0,0.0,0.0,0.0,0.0,0.0,0.0,0.0,0.0,0.0,0.0
2018-09-18,0.0,0.0,0.0,0.0,0.0,0.0,0.0,0.0,0.0,0.0,0.0,0.0,0.0,0.0,0.0,0.0,0.0,0.0
2018-09-19,0.0,0.0,0.0,0.0,0.0,0.0,0.0,0.0,0.0,0.0,0.0,0.0,0.0,0.0,0.0,0.0,0.0,0.0
2018-09-20,0.0,0.0,0.0,0.0,0.0,0.0,0.0,0.0,0.0,0.0,0.0,0.0,0.0,0.0,0.0,0.0,0.0,0.0
2018-09-21,0.0,0.0,0.0,0.0,0.0,0.0,0.0,0.0,0.0,0.0,0.0,0.0,0.0,0.0,0.0,0.0,0.0,0.0
2018-09-24,0.0,0.0,0.0,0.0,0.0,0.0,0.0,0.0,0.0,0.0,0.0,0.0,0.0,0.0,0.0,0.0,0.0,0.0
2018-09-25,0.0,0.0,0.0,0.0,0.0,0.0,0.0,0.0,0.0,0.0,0.0,0.0,0.0,0.0,0.0,0.0,0.0,0.0
2018-09-26,0.0,0.0,0.0,0.0,0.0,0.0,0.0,0.0,0.0,0.0,0.0,0.0,0.0,0.0,0.0,0.0,0.0,0.0
2018-09-27,0.0,0.0,0.0,0.0,0.0,0.0,0.0,0.0,0.0,0.0,0.0,0.0,0.0,0.0,0.0,0.0,0.0,0.0
2018-09-28,0.0,0.0,0.0,0.0,0.0,0.0,0.0,0.0,0.0,0.0,0.0,0.0,0.0,0.0,0.0,0.0,0.0,0.0
2018-10-01,0.0,0.0,0.0,0.0,0.0,0.0,0.0,0.0,0.0,0.0,0.0,0.0,0.0,0.0,0.0,0.0,0.0,0.0
2018-10-02,0.0,0.0,0.0,0.0,0.0,0.0,0.0,0.0,0.0,0.0,0.0,0.0,0.0,0.0,0.0,0.0,0.0,0.0
2018-10-03,0.0,0.0,0.0,0.0,0.0,0.0,0.0,0.0,0.0,0.0,0.0,0.0,0.0,0.0,0.0,0.0,0.0,0.0
2018-10-04,0.0,0.0,0.0,0.0,0.0,0.0,0.0,0.0,0.0,0.0,0.0,0.0,0.0,0.0,0.0,0.0,0.0,0.0
2018-10-05,0.0,0.0,0.0,0.0,0.0,0.0,0.0,0.0,0.0,0.0,0.0,0.0,0.0,0.0,0.0,0.0,0.0,0.0
2018-10-08,0.0,0.0,0.0,0.0,0.0,0.0,0.0,0.0,0.0,0.0,0.0,0.0,0.0,0.0,0.0,0.0,0.0,0.0
2018-10-09,0.0,0.0,0.0,0.0,0.0,0.0,0.0,0.0,0.0,0.0,0.0,0.0,0.0,0.0,0.0,0.0,0.0,0.0
2018-10-10,0.0,0.0,0.0,0.0,0.0,0.0,0.0,0.0,0.0,0.0,0.0,0.0,0.0,0.0,0.0,0.0,0.0,0.0
2018-10-11,0.0,0.0,0.0,0.0,0.0,0.0,0.0,0.0,0.0,0.0,0.0,0.0,0.0,0.0,0.0,0.0,0.0,0.0
2018-10-12,0.0,0.0,0.0,0.0,0.0,0.0,0.0,0.0,0.0,0.0,0.0,0.0,0.0,0.0,0.0,0.0,0.0,0.0
2018-10-15,0.0,0.0,0.0,0.0,0.0,0.0,0.0,0.0,0.0,0.0,0.0,0.0,0.0,0.0,0.0,0.0,0.0,0.0
2018-10-16,0.0,0.0,0.0,0.0,0.0,0.0,0.0,0.0,0.0,0.0,0.0,0.0,0.0,0.0,0.0,0.0,0.0,0.0
2018-10-17,0.0,0.0,0.0,0.0,0.0,0.0,0.0,0.0,0.0,0.0,0.0,0.0,0.0,0.0,0.0,0.0,0.0,0.0
2018-10-18,0.0,0.0,0.0,0.0,0.0,0.0,0.0,0.0,0.0,0.0,0.0,0.0,0.0,0.0,0.0,0.0,0.0,0.0
2018-10-19,0.0,0.0,0.0,0.0,0.0,0.0,0.0,0.0,0.0,0.0,0.0,0.0,0.0,0.0,0.0,0.0,0.0,0.0
2018-10-22,0.0,0.0,0.0,0.0,0.0,0.0,0.0,0.0,0.0,0.0,0.0,0.0,0.0,0.0,0.0,0.0,0.0,0.0
2018-10-23,0.0,0.0,0.0,0.0,0.0,0.0,0.0,0.0,0.0,0.0,0.0,0.0,0.0,0.0,0.0,0.0,0.0,0.0
2018-10-24,0.0,0.0,0.0,0.0,0.0,0.0,0.0,0.0,0.0,0.0,0.0,0.0,0.0,0.0,0.0,0.0,0.0,0.0
2018-10-25,0.0,0.0,0.0,0.0,0.0,0.0,0.0,0.0,0.0,0.0,0.0,0.0,0.0,0.0,0.0,0.0,0.0,0.0
2018-10-26,0.0,0.0,0.0,0.0,0.0,0.0,0.0,0.0,0.0,0.0,0.0,0.0,0.0,0.0,0.0,0.0,0.0,0.0
2018-10-29,0.0,0.0,0.0,0.0,0.0,0.0,0.0,0.0,0.0,0.0,0.0,0.0,0.0,0.0,0.0,0.0,0.0,0.0
2018-10-30,0.0,0.0,0.0,0.0,0.0,0.0,0.0,0.0,0.0,0.0,0.0,0.0,0.0,0.0,0.0,0.0,0.0,0.0
2018-10-31,0.0,0.0,0.0,0.0,0.0,0.0,0.0,0.0,0.0,0.0,0.0,0.0,0.0,0.0,0.0,0.0,0.0,0.0
2018-11-01,0.0,0.0,0.0,0.0,0.0,0.0,0.0,0.0,0.0,0.0,0.0,0.0,0.0,0.0,0.0,0.0,0.0,0.0
2018-11-02,0.0,0.0,0.0,0.0,0.0,0.0,0.0,0.0,0.0,0.0,0.0,0.0,0.0,0.0,0.0,0.0,0.0,0.0
2018-11-05,0.0,0.0,0.0,0.0,0.0,0.0,0.0,0.0,0.0,0.0,0.0,0.0,0.0,0.0,0.0,0.0,0.0,0.0
2018-11-06,0.0,0.0,0.0,0.0,0.0,0.0,0.0,0.0,0.0,0.0,0.0,0.0,0.0,0.0,0.0,0.0,0.0,0.0
2018-11-07,0.0,0.0,0.0,0.0,0.0,0.0,0.0,0.0,0.0,0.0,0.0,0.0,0.0,0.0,0.0,0.0,0.0,0.0
2018-11-08,0.0,0.0,0.0,0.0,0.0,0.0,0.0,0.0,0.0,0.0,0.0,0.0,0.0,0.0,0.0,0.0,0.0,0.0
2018-11-09,0.0,0.0,0.0,0.0,0.0,0.0,0.0,0.0,0.0,0.0,0.0,0.0,0.0,0.0,0.0,0.0,0.0,0.0
2018-11-12,0.0,0.0,0.0,0.0,0.0,0.0,0.0,0.0,0.0,0.0,0.0,0.0,0.0,0.0,0.0,0.0,0.0,0.0
2018-11-13,0.0,0.0,0.0,0.0,0.0,0.0,0.0,0.0,0.0,0.0,0.0,0.0,0.0,0.0,0.0,0.0,0.0,0.0
2018-11-14,0.0,0.0,0.0,0.0,0.0,0.0,0.0,0.0,0.0,0.0,0.0,0.0,0.0,0.0,0.0,0.0,0.0,0.0
2018-11-15,0.0,0.0,0.0,0.0,0.0,0.0,0.0,0.0,0.0,0.0,0.0,0.0,0.0,0.0,0.0,0.0,0.0,0.0
2018-11-16,0.0,0.0,0.0,0.0,0.0,0.0,0.0,0.0,0.0,0.0,0.0,0.0,0.0,0.0,0.0,0.0,0.0,0.0
2018-11-19,0.0,0.0,0.0,0.0,0.0,0.0,0.0,0.0,0.0,0.0,0.0,0.0,0.0,0.0,0.0,0.0,0.0,0.0
2018-11-20,0.0,0.0,0.0,0.0,0.0,0.0,0.0,0.0,0.0,0.0,0.0,0.0,0.0,0.0,0.0,0.0,0.0,0.0
2018-11-21,0.0,0.0,0.0,0.0,0.0,0.0,0.0,0.0,0.0,0.0,0.0,0.0,0.0,0.0,0.0,0.0,0.0,0.0
2018-11-22,0.0,0.0,0.0,0.0,0.0,0.0,0.0,0.0,0.0,0.0,0.0,0.0,0.0,0.0,0.0,0.0,0.0,0.0
2018-11-23,0.0,0.0,0.0,0.0,0.0,0.0,0.0,0.0,0.0,0.0,0.0,0.0,0.0,0.0,0.0,0.0,0.0,0.0
2018-11-26,0.0,0.0,0.0,0.0,0.0,0.0,0.0,0.0,0.0,0.0,0.0,0.0,0.0,0.0,0.0,0.0,0.0,0.0
2018-11-27,0.0,0.0,0.0,0.0,0.0,0.0,0.0,0.0,0.0,0.0,0.0,0.0,0.0,0.0,0.0,0.0,0.0,0.0
2018-11-28,0.0,0.0,0.0,0.0,0.0,0.0,0.0,0.0,0.0,0.0,0.0,0.0,0.0,0.0,0.0,0.0,0.0,0.0
2018-11-29,0.0,0.0,0.0,0.0,0.0,0.0,0.0,0.0,0.0,0.0,0.0,0.0,0.0,0.0,0.0,0.0,0.0,0.0
2018-11-30,0.0,0.0,0.0,0.0,0.0,0.0,0.0,0.0,0.0,0.0,0.0,0.0,0.0,0.0,0.0,0.0,0.0,0.0
2018-12-03,0.0,0.0,0.0,0.0,0.0,0.0,0.0,0.0,0.0,0.0,0.0,0.0,0.0,0.0,0.0,0.0,0.0,0.0
2018-12-04,0.0,0.0,0.0,0.0,0.0,0.0,0.0,0.0,0.0,0.0,0.0,0.0,0.0,0.0,0.0,0.0,0.0,0.0
2018-12-05,0.0,0.0,0.0,0.0,0.0,0.0,0.0,0.0,0.0,0.0,0.0,0.0,0.0,0.0,0.0,0.0,0.0,0.0
2018-12-06,0.0,0.0,0.0,0.0,0.0,0.0,0.0,0.0,0.0,0.0,0.0,0.0,0.0,0.0,0.0,0.0,0.0,0.0
2018-12-07,0.0,0.0,0.0,0.0,0.0,0.0,0.0,0.0,0.0,0.0,0.0,0.0,0.0,0.0,0.0,0.0,0.0,0.0
2018-12-10,0.0,0.0,0.0,0.0,0.0,0.0,0.0,0.0,0.0,0.0,0.0,0.0,0.0,0.0,0.0,0.0,0.0,0.0
2018-12-11,0.0,0.0,0.0,0.0,0.0,0.0,0.0,0.0,0.0,0.0,0.0,0.0,0.0,0.0,0.0,0.0,0.0,0.0
2018-12-12,0.0,0.0,0.0,0.0,0.0,0.0,0.0,0.0,0.0,0.0,0.0,0.0,0.0,0.0,0.0,0.0,0.0,0.0
2018-12-13,0.0,0.0,0.0,0.0,0.0,0.0,0.0,0.0,0.0,0.0,0.0,0.0,0.0,0.0,0.0,0.0,0.0,0.0
2018-12-14,0.0,0.0,0.0,0.0,0.0,0.0,0.0,0.0,0.0,0.0,0.0,0.0,0.0,0.0,0.0,0.0,0.0,0.0
2018-12-17,0.0,0.0,0.0,0.0,0.0,0.0,0.0,0.0,0.0,0.0,0.0,0.0,0.0,0.0,0.0,0.0,0.0,0.0
2018-12-18,0.0,0.0,0.0,0.0,0.0,0.0,0.0,0.0,0.0,0.0,0.0,0.0,0.0,0.0,0.0,0.0,0.0,0.0
2018-12-19,0.0,0.0,0.0,0.0,0.0,0.0,0.0,0.0,0.0,0.0,0.0,0.0,0.0,0.0,0.0,0.0,0.0,0.0
2018-12-20,0.0,0.0,0.0,0.0,0.0,0.0,0.0,0.0,0.0,0.0,0.0,0.0,0.0,0.0,0.0,0.0,0.0,0.0
2018-12-21,0.0,0.0,0.0,0.0,0.0,0.0,0.0,0.0,0.0,0.0,0.0,0.0,0.0,0.0,0.0,0.0,0.0,0.0
2018-12-24,0.0,0.0,0.0,0.0,0.0,0.0,0.0,0.0,0.0,0.0,0.0,0.0,0.0,0.0,0.0,0.0,0.0,0.0
2018-12-25,0.0,0.0,0.0,0.0,0.0,0.0,0.0,0.0,0.0,0.0,0.0,0.0,0.0,0.0,0.0,0.0,0.0,0.0
2018-12-26,0.0,0.0,0.0,0.0,0.0,0.0,0.0,0.0,0.0,0.0,0.0,0.0,0.0,0.0,0.0,0.0,0.0,0.0
2018-12-27,0.0,0.0,0.0,0.0,0.0,0.0,0.0,0.0,0.0,0.0,0.0,0.0,0.0,0.0,0.0,0.0,0.0,0.0
2018-12-28,0.0,0.0,0.0,0.0,0.0,0.0,0.0,0.0,0.0,0.0,0.0,0.0,0.0,0.0,0.0,0.0,0.0,0.0
2018-12-31,0.0,0.0,0.0,0.0,0.0,0.0,0.0,0.0,0.0,0.0,0.0,0.0,0.0,0.0,0.0,0.0,0.0,0.0
2019-01-01,0.0,0.0,0.0,0.0,0.0,0.0,0.0,0.0,0.0,0.0,0.0,0.0,0.0,0.0,0.0,0.0,0.0,0.0
2019-01-02,0.0,0.0,0.0,0.0,0.0,0.0,0.0,0.0,0.0,0.0,0.0,0.0,0.0,0.0,0.0,0.0,0.0,0.0
2019-01-03,0.0,0.0,0.0,0.0,0.0,0.0,0.0,0.0,0.0,0.0,0.0,0.0,0.0,0.0,0.0,0.0,0.0,0.0
2019-01-04,0.0,0.0,0.0,0.0,0.0,0.0,0.0,0.0,0.0,0.0,0.0,0.0,0.0,0.0,0.0,0.0,0.0,0.0
2019-01-07,0.0,0.0,0.0,0.0,0.0,0.0,0.0,0.0,0.0,0.0,0.0,0.0,0.0,0.0,0.0,0.0,0.0,0.0
2019-01-08,0.0,0.0,0.0,0.0,0.0,0.0,0.0,0.0,0.0,0.0,0.0,0.0,0.0,0.0,0.0,0.0,0.0,0.0
2019-01-09,0.0,0.0,0.0,0.0,0.0,0.0,0.0,0.0,0.0,0.0,0.0,0.0,0.0,0.0,0.0,0.0,0.0,0.0
2019-01-10,0.0,0.0,0.0,0.0,0.0,0.0,0.0,0.0,0.0,0.0,0.0,0.0,0.0,0.0,0.0,0.0,0.0,0.0
2019-01-11,0.0,0.0,0.0,0.0,0.0,0.0,0.0,0.0,0.0,0.0,0.0,0.0,0.0,0.0,0.0,0.0,0.0,0.0
2019-01-14,0.0,0.0,0.0,0.0,0.0,0.0,0.0,0.0,0.0,0.0,0.0,0.0,0.0,0.0,0.0,0.0,0.0,0.0
2019-01-15,0.0,0.0,0.0,0.0,0.0,0.0,0.0,0.0,0.0,0.0,0.0,0.0,0.0,0.0,0.0,0.0,0.0,0.0
2019-01-16,0.0,0.0,0.0,0.0,0.0,0.0,0.0,0.0,0.0,0.0,0.0,0.0,0.0,0.0,0.0,0.0,0.0,0.0
2019-01-17,0.0,0.0,0.0,0.0,0.0,0.0,0.0,0.0,0.0,0.0,0.0,0.0,0.0,0.0,0.0,0.0,0.0,0.0
2019-01-18,0.0,0.0,0.0,0.0,0.0,0.0,0.0,0.0,0.0,0.0,0.0,0.0,0.0,0.0,0.0,0.0,0.0,0.0
2019-01-21,0.0,0.0,0.0,0.0,0.0,0.0,0.0,0.0,0.0,0.0,0.0,0.0,0.0,0.0,0.0,0.0,0.0,0.0
2019-01-22,0.0,0.0,0.0,0.0,0.0,0.0,0.0,0.0,0.0,0.0,0.0,0.0,0.0,0.0,0.0,0.0,0.0,0.0
2019-01-23,0.0,0.0,0.0,0.0,0.0,0.0,0.0,0.0,0.0,0.0,0.0,0.0,0.0,0.0,0.0,0.0,0.0,0.0
2019-01-24,0.0,0.0,0.0,0.0,0.0,0.0,0.0,0.0,0.0,0.0,0.0,0.0,0.0,0.0,0.0,0.0,0.0,0.0
2019-01-25,0.0,0.0,0.0,0.0,0.0,0.0,0.0,0.0,0.0,0.0,0.0,0.0,0.0,0.0,0.0,0.0,0.0,0.0
2019-01-28,0.0,0.0,0.0,0.0,0.0,0.0,0.0,0.0,0.0,0.0,0.0,0.0,0.0,0.0,0.0,0.0,0.0,0.0
2019-01-29,0.0,0.0,0.0,0.0,0.0,0.0,0.0,0.0,0.0,0.0,0.0,0.0,0.0,0.0,0.0,0.0,0.0,0.0
2019-01-30,0.0,0.0,0.0,0.0,0.0,0.0,0.0,0.0,0.0,0.0,0.0,0.0,0.0,0.0,0.0,0.0,0.0,0.0
2019-01-31,0.0,0.0,0.0,0.0,0.0,0.0,0.0,0.0,0.0,0.0,0.0,0.0,0.0,0.0,0.0,0.0,0.0,0.0
2019-02-01,0.0,0.0,0.0,0.0,0.0,0.0,0.0,0.0,0.0,0.0,0.0,0.0,0.0,0.0,0.0,0.0,0.0,0.0
2019-02-04,0.0,0.0,0.0,0.0,0.0,0.0,0.0,0.0,0.0,0.0,0.0,0.0,0.0,0.0,0.0,0.0,0.0,0.0
2019-02-05,0.0,0.0,0.0,0.0,0.0,0.0,0.0,0.0,0.0,0.0,0.0,0.0,0.0,0.0,0.0,0.0,0.0,0.0
2019-02-06,0.0,0.0,0.0,0.0,0.0,0.0,0.0,0.0,0.0,0.0,0.0,0.0,0.0,0.0,0.0,0.0,0.0,0.0
2019-02-07,0.0,0.0,0.0,0.0,0.0,0.0,0.0,0.0,0.0,0.0,0.0,0.0,0.0,0.0,0.0,0.0,0.0,0.0
2019-02-08,0.0,0.0,0.0,0.0,0.0,0.0,0.0,0.0,0.0,0.0,0.0,0.0,0.0,0.0,0.0,0.0,0.0,0.0
2019-02-11,0.0,0.0,0.0,0.0,0.0,0.0,0.0,0.0,0.0,0.0,0.0,0.0,0.0,0.0,0.0,0.0,0.0,0.0
2019-02-12,0.0,0.0,0.0,0.0,0.0,0.0,0.0,0.0,0.0,0.0,0.0,0.0,0.0,0.0,0.0,0.0,0.0,0.0
2019-02-13,0.0,0.0,0.0,0.0,0.0,0.0,0.0,0.0,0.0,0.0,0.0,0.0,0.0,0.0,0.0,0.0,0.0,0.0
2019-02-14,0.0,0.0,0.0,0.0,0.0,0.0,0.0,0.0,0.0,0.0,0.0,0.0,0.0,0.0,0.0,0.0,0.0,0.0
2019-02-15,0.0,0.0,0.0,0.0,0.0,0.0,0.0,0.0,0.0,0.0,0.0,0.0,0.0,0.0,0.0,0.0,0.0,0.0
2019-02-18,0.0,0.0,0.0,0.0,0.0,0.0,0.0,0.0,0.0,0.0,0.0,0.0,0.0,0.0,0.0,0.0,0.0,0.0
2019-02-19,0.0,0.0,0.0,0.0,0.0,0.0,0.0,0.0,0.0,0.0,0.0,0.0,0.0,0.0,0.0,0.0,0.0,0.0
2019-02-20,0.0,0.0,0.0,0.0,0.0,0.0,0.0,0.0,0.0,0.0,0.0,0.0,0.0,0.0,0.0,0.0,0.0,0.0
2019-02-21,0.0,0.0,0.0,0.0,0.0,0.0,0.0,0.0,0.0,0.0,0.0,0.0,0.0,0.0,0.0,0.0,0.0,0.0
2019-02-22,0.0,0.0,0.0,0.0,0.0,0.0,0.0,0.0,0.0,0.0,0.0,0.0,0.0,0.0,0.0,0.0,0.0,0.0
2019-02-25,0.0,0.0,0.0,0.0,0.0,0.0,0.0,0.0,0.0,0.0,0.0,0.0,0.0,0.0,0.0,0.0,0.0,0.0
2019-02-26,0.0,0.0,0.0,0.0,0.0,0.0,0.0,0.0,0.0,0.0,0.0,0.0,0.0,0.0,0.0,0.0,0.0,0.0
2019-02-27,0.0,0.0,0.0,0.0,0.0,0.0,0.0,0.0,0.0,0.0,0.0,0.0,0.0,0.0,0.0,0.0,0.0,0.0
2019-02-28,0.0,0.0,0.0,0.0,0.0,0.0,0.0,0.0,0.0,0.0,0.0,0.0,0.0,0.0,0.0,0.0,0.0,0.0
2019-03-01,0.0,0.0,0.0,0.0,0.0,0.0,0.0,0.0,0.0,0.0,0.0,0.0,0.0,0.0,0.0,0.0,0.0,0.0
2019-03-04,0.0,0.0,0.0,0.0,0.0,0.0,0.0,0.0,0.0,0.0,0.0,0.0,0.0,0.0,0.0,0.0,0.0,0.0
2019-03-05,0.0,0.0,0.0,0.0,0.0,0.0,0.0,0.0,0.0,0.0,0.0,0.0,0.0,0.0,0.0,0.0,0.0,0.0
2019-03-06,0.0,0.0,0.0,0.0,0.0,0.0,0.0,0.0,0.0,0.0,0.0,0.0,0.0,0.0,0.0,0.0,0.0,0.0
2019-03-07,0.0,0.0,0.0,0.0,0.0,0.0,0.0,0.0,0.0,0.0,0.0,0.0,0.0,0.0,0.0,0.0,0.0,0.0
2019-03-08,0.0,0.0,0.0,0.0,0.0,0.0,0.0,0.0,0.0,0.0,0.0,0.0,0.0,0.0,0.0,0.0,0.0,0.0
2019-03-11,0.0,0.0,0.0,0.0,0.0,0.0,0.0,0.0,0.0,0.0,0.0,0.0,0.0,0.0,0.0,0.0,0.0,0.0
2019-03-12,0.0,0.0,0.0,0.0,0.0,0.0,0.0,0.0,0.0,0.0,0.0,0.0,0.0,0.0,0.0,0.0,0.0,0.0
2019-03-13,0.0,0.0,0.0,0.0,0.0,0.0,0.0,0.0,0.0,0.0,0.0,0.0,0.0,0.0,0.0,0.0,0.0,0.0
2019-03-14,0.0,0.0,0.0,0.0,0.0,0.0,0.0,0.0,0.0,0.0,0.0,0.0,0.0,0.0,0.0,0.0,0.0,0.0
2019-03-15,0.0,0.0,0.0,0.0,0.0,0.0,0.0,0.0,0.0,0.0,0.0,0.0,0.0,0.0,0.0,0.0,0.0,0.0
2019-03-18,0.0,0.0,0.0,0.0,0.0,0.0,0.0,0.0,0.0,0.0,0.0,0.0,0.0,0.0,0.0,0.0,0.0,0.0
2019-03-19,0.0,0.0,0.0,0.0,0.0,0.0,0.0,0.0,0.0,0.0,0.0,0.0,0.0,0.0,0.0,0.0,0.0,0.0
2019-03-20,0.0,0.0,0.0,0.0,0.0,0.0,0.0,0.0,0.0,0.0,0.0,0.0,0.0,0.0,0.0,0.0,0.0,0.0
2019-03-21,0.0,0.0,0.0,0.0,0.0,0.0,0.0,0.0,0.0,0.0,0.0,0.0,0.0,0.0,0.0,0.0,0.0,0.0
2019-03-22,0.0,0.0,0.0,0.0,0.0,0.0,0.0,0.0,0.0,0.0,0.0,0.0,0.0,0.0,0.0,0.0,0.0,0.0
2019-03-25,0.0,0.0,0.0,0.0,0.0,0.0,0.0,0.0,0.0,0.0,0.0,0.0,0.0,0.0,0.0,0.0,0.0,0.0
2019-03-26,0.0,0.0,0.0,0.0,0.0,0.0,0.0,0.0,0.0,0.0,0.0,0.0,0.0,0.0,0.0,0.0,0.0,0.0
2019-03-27,0.0,0.0,0.0,0.0,0.0,0.0,0.0,0.0,0.0,0.0,0.0,0.0,0.0,0.0,0.0,0.0,0.0,0.0
2019-03-28,0.0,0.0,0.0,0.0,0.0,0.0,0.0,0.0,0.0,0.0,0.0,0.0,0.0,0.0,0.0,0.0,0.0,0.0
2019-03-29,0.0,0.0,0.0,0.0,0.0,0.0,0.0,0.0,0.0,0.0,0.0,0.0,0.0,0.0,0.0,0.0,0.0,0.0
2019-04-01,0.0,0.0,0.0,0.0,0.0,0.0,0.0,0.0,0.0,0.0,0.0,0.0,0.0,0.0,0.0,0.0,0.0,0.0
2019-04-02,0.0,0.0,0.0,0.0,0.0,0.0,0.0,0.0,0.0,0.0,0.0,0.0,0.0,0.0,0.0,0.0,0.0,0.0
2019-04-03,0.0,0.0,0.0,0.0,0.0,0.0,0.0,0.0,0.0,0.0,0.0,0.0,0.0,0.0,0.0,0.0,0.0,0.0
2019-04-04,0.0,0.0,0.0,0.0,0.0,0.0,0.0,0.0,0.0,0.0,0.0,0.0,0.0,0.0,0.0,0.0,0.0,0.0
2019-04-05,0.0,0.0,0.0,0.0,0.0,0.0,0.0,0.0,0.0,0.0,0.0,0.0,0.0,0.0,0.0,0.0,0.0,0.0
2019-04-08,0.0,0.0,0.0,0.0,0.0,0.0,0.0,0.0,0.0,0.0,0.0,0.0,0.0,0.0,0.0,0.0,0.0,0.0
2019-04-09,0.0,0.0,0.0,0.0,0.0,0.0,0.0,0.0,0.0,0.0,0.0,0.0,0.0,0.0,0.0,0.0,0.0,0.0
2019-04-10,0.0,0.0,0.0,0.0,0.0,0.0,0.0,0.0,0.0,0.0,0.0,0.0,0.0,0.0,0.0,0.0,0.0,0.0
2019-04-11,0.0,0.0,0.0,0.0,0.0,0.0,0.0,0.0,0.0,0.0,0.0,0.0,0.0,0.0,0.0,0.0,0.0,0.0
2019-04-12,0.0,0.0,0.0,0.0,0.0,0.0,0.0,0.0,0.0,0.0,0.0,0.0,0.0,0.0,0.0,0.0,0.0,0.0
2019-04-15,0.0,0.0,0.0,0.0,0.0,0.0,0.0,0.0,0.0,0.0,0.0,0.0,0.0,0.0,0.0,0.0,0.0,0.0
2019-04-16,0.0,0.0,0.0,0.0,0.0,0.0,0.0,0.0,0.0,0.0,0.0,0.0,0.0,0.0,0.0,0.0,0.0,0.0
2019-04-17,0.0,0.0,0.0,0.0,0.0,0.0,0.0,0.0,0.0,0.0,0.0,0.0,0.0,0.0,0.0,0.0,0.0,0.0
2019-04-18,0.0,0.0,0.0,0.0,0.0,0.0,0.0,0.0,0.0,0.0,0.0,0.0,0.0,0.0,0.0,0.0,0.0,0.0
2019-04-19,0.0,0.0,0.0,0.0,0.0,0.0,0.0,0.0,0.0,0.0,0.0,0.0,0.0,0.0,0.0,0.0,0.0,0.0
2019-04-22,0.0,0.0,0.0,0.0,0.0,0.0,0.0,0.0,0.0,0.0,0.0,0.0,0.0,0.0,0.0,0.0,0.0,0.0
2019-04-23,0.0,0.0,0.0,0.0,0.0,0.0,0.0,0.0,0.0,0.0,0.0,0.0,0.0,0.0,0.0,0.0,0.0,0.0
2019-04-24,0.0,0.0,0.0,0.0,0.0,0.0,0.0,0.0,0.0,0.0,0.0,0.0,0.0,0.0,0.0,0.0,0.0,0.0
2019-04-25,0.0,0.0,0.0,0.0,0.0,0.0,0.0,0.0,0.0,0.0,0.0,0.0,0.0,0.0,0.0,0.0,0.0,0.0
2019-04-26,0.0,0.0,0.0,0.0,0.0,0.0,0.0,0.0,0.0,0.0,0.0,0.0,0.0,0.0,0.0,0.0,0.0,0.0
2019-04-29,0.0,0.0,0.0,0.0,0.0,0.0,0.0,0.0,0.0,0.0,0.0,0.0,0.0,0.0,0.0,0.0,0.0,0.0
2019-04-30,0.0,0.0,0.0,0.0,0.0,0.0,0.0,0.0,0.0,0.0,0.0,0.0,0.0,0.0,0.0,0.0,0.0,0.0
2019-05-01,0.0,0.0,0.0,0.0,0.0,0.0,0.0,0.0,0.0,0.0,0.0,0.0,0.0,0.0,0.0,0.0,0.0,0.0
2019-05-02,0.0,0.0,0.0,0.0,0.0,0.0,0.0,0.0,0.0,0.0,0.0,0.0,0.0,0.0,0.0,0.0,0.0,0.0
2019-05-03,0.0,0.0,0.0,0.0,0.0,0.0,0.0,0.0,0.0,0.0,0.0,0.0,0.0,0.0,0.0,0.0,0.0,0.0
2019-05-06,0.0,0.0,0.0,0.0,0.0,0.0,0.0,0.0,0.0,0.0,0.0,0.0,0.0,0.0,0.0,0.0,0.0,0.0
2019-05-07,0.0,0.0,0.0,0.0,0.0,0.0,0.0,0.0,0.0,0.0,0.0,0.0,0.0,0.0,0.0,0.0,0.0,0.0
2019-05-08,0.0,0.0,0.0,0.0,0.0,0.0,0.0,0.0,0.0,0.0,0.0,0.0,0.0,0.0,0.0,0.0,0.0,0.0
2019-05-09,0.0,0.0,0.0,0.0,0.0,0.0,0.0,0.0,0.0,0.0,0.0,0.0,0.0,0.0,0.0,0.0,0.0,0.0
2019-05-10,0.0,0.0,0.0,0.0,0.0,0.0,0.0,0.0,0.0,0.0,0.0,0.0,0.0,0.0,0.0,0.0,0.0,0.0
2019-05-13,0.0,0.0,0.0,0.0,0.0,0.0,0.0,0.0,0.0,0.0,0.0,0.0,0.0,0.0,0.0,0.0,0.0,0.0
2019-05-14,0.0,0.0,0.0,0.0,0.0,0.0,0.0,0.0,0.0,0.0,0.0,0.0,0.0,0.0,0.0,0.0,0.0,0.0
2019-05-15,0.0,0.0,0.0,0.0,0.0,0.0,0.0,0.0,0.0,0.0,0.0,0.0,0.0,0.0,0.0,0.0,0.0,0.0
2019-05-16,0.0,0.0,0.0,0.0,0.0,0.0,0.0,0.0,0.0,0.0,0.0,0.0,0.0,0.0,0.0,0.0,0.0,0.0
2019-05-17,0.0,0.0,0.0,0.0,0.0,0.0,0.0,0.0,0.0,0.0,0.0,0.0,0.0,0.0,0.0,0.0,0.0,0.0
2019-05-20,0.0,0.0,0.0,0.0,0.0,0.0,0.0,0.0,0.0,0.0,0.0,0.0,0.0,0.0,0.0,0.0,0.0,0.0
2019-05-21,0.0,0.0,0.0,0.0,0.0,0.0,0.0,0.0,0.0,0.0,0.0,0.0,0.0,0.0,0.0,0.0,0.0,0.0
2019-05-22,0.0,0.0,0.0,0.0,0.0,0.0,0.0,0.0,0.0,0.0,0.0,0.0,0.0,0.0,0.0,0.0,0.0,0.0
2019-05-23,0.0,0.0,0.0,0.0,0.0,0.0,0.0,0.0,0.0,0.0,0.0,0.0,0.0,0.0,0.0,0.0,0.0,0.0
2019-05-24,0.0,0.0,0.0,0.0,0.0,0.0,0.0,0.0,0.0,0.0,0.0,0.0,0.0,0.0,0.0,0.0,0.0,0.0
2019-05-27,0.0,0.0,0.0,0.0,0.0,0.0,0.0,0.0,0.0,0.0,0.0,0.0,0.0,0.0,0.0,0.0,0.0,0.0
2019-05-28,0.0,0.0,0.0,0.0,0.0,0.0,0.0,0.0,0.0,0.0,0.0,0.0,0.0,0.0,0.0,0.0,0.0,0.0
2019-05-29,0.0,0.0,0.0,0.0,0.0,0.0,0.0,0.0,0.0,0.0,0.0,0.0,0.0,0.0,0.0,0.0,0.0,0.0
2019-05-30,0.0,0.0,0.0,0.0,0.0,0.0,0.0,0.0,0.0,0.0,0.0,0.0,0.0,0.0,0.0,0.0,0.0,0.0
2019-05-31,0.0,0.0,0.0,0.0,0.0,0.0,0.0,0.0,0.0,0.0,0.0,0.0,0.0,0.0,0.0,0.0,0.0,0.0
2019-06-03,0.0,0.0,0.0,0.0,0.0,0.0,0.0,0.0,0.0,0.0,0.0,0.0,0.0,0.0,0.0,0.0,0.0,0.0
2019-06-04,0.0,0.0,0.0,0.0,0.0,0.0,0.0,0.0,0.0,0.0,0.0,0.0,0.0,0.0,0.0,0.0,0.0,0.0
2019-06-05,0.0,0.0,0.0,0.0,0.0,0.0,0.0,0.0,0.0,0.0,0.0,0.0,0.0,0.0,0.0,0.0,0.0,0.0
2019-06-06,0.0,0.0,0.0,0.0,0.0,0.0,0.0,0.0,0.0,0.0,0.0,0.0,0.0,0.0,0.0,0.0,0.0,0.0
2019-06-07,0.0,0.0,0.0,0.0,0.0,0.0,0.0,0.0,0.0,0.0,0.0,0.0,0.0,0.0,0.0,0.0,0.0,0.0
2019-06-10,0.0,0.0,0.0,0.0,0.0,0.0,0.0,0.0,0.0,0.0,0.0,0.0,0.0,0.0,0.0,0.0,0.0,0.0
2019-06-11,0.0,0.0,0.0,0.0,0.0,0.0,0.0,0.0,0.0,0.0,0.0,0.0,0.0,0.0,0.0,0.0,0.0,0.0
2019-06-12,0.0,0.0,0.0,0.0,0.0,0.0,0.0,0.0,0.0,0.0,0.0,0.0,0.0,0.0,0.0,0.0,0.0,0.0
2019-06-13,0.0,0.0,0.0,0.0,0.0,0.0,0.0,0.0,0.0,0.0,0.0,0.0,0.0,0.0,0.0,0.0,0.0,0.0
2019-06-14,0.0,0.0,0.0,0.0,0.0,0.0,0.0,0.0,0.0,0.0,0.0,0.0,0.0,0.0,0.0,0.0,0.0,0.0
2019-06-17,0.0,0.0,0.0,0.0,0.0,0.0,0.0,0.0,0.0,0.0,0.0,0.0,0.0,0.0,0.0,0.0,0.0,0.0
2019-06-18,0.0,0.0,0.0,0.0,0.0,0.0,0.0,0.0,0.0,0.0,0.0,0.0,0.0,0.0,0.0,0.0,0.0,0.0
2019-06-19,0.0,0.0,0.0,0.0,0.0,0.0,0.0,0.0,0.0,0.0,0.0,0.0,0.0,0.0,0.0,0.0,0.0,0.0
2019-06-20,0.0,0.0,0.0,0.0,0.0,0.0,0.0,0.0,0.0,0.0,0.0,0.0,0.0,0.0,0.0,0.0,0.0,0.0
2019-06-21,0.0,0.0,0.0,0.0,0.0,0.0,0.0,0.0,0.0,0.0,0.0,0.0,0.0,0.0,0.0,0.0,0.0,0.0
2019-06-24,0.0,0.0,0.0,0.0,0.0,0.0,0.0,0.0,0.0,0.0,0.0,0.0,0.0,0.0,0.0,0.0,0.0,0.0
2019-06-25,0.0,0.0,0.0,0.0,0.0,0.0,0.0,0.0,0.0,0.0,0.0,0.0,0.0,0.0,0.0,0.0,0.0,0.0
2019-06-26,0.0,0.0,0.0,0.0,0.0,0.0,0.0,0.0,0.0,0.0,0.0,0.0,0.0,0.0,0.0,0.0,0.0,0.0
2019-06-27,0.0,0.0,0.0,0.0,0.0,0.0,0.0,0.0,0.0,0.0,0.0,0.0,0.0,0.0,0.0,0.0,0.0,0.0
2019-06-28,0.0,0.0,0.0,0.0,0.0,0.0,0.0,0.0,0.0,0.0,0.0,0.0,0.0,0.0,0.0,0.0,0.0,0.0
2019-07-01,0.0,0.0,0.0,0.0,0.0,0.0,0.0,0.0,0.0,0.0,0.0,0.0,0.0,0.0,0.0,0.0,0.0,0.0
2019-07-02,0.0,0.0,0.0,0.0,0.0,0.0,0.0,0.0,0.0,0.0,0.0,0.0,0.0,0.0,0.0,0.0,0.0,0.0
2019-07-03,0.0,0.0,0.0,0.0,0.0,0.0,0.0,0.0,0.0,0.0,0.0,0.0,0.0,0.0,0.0,0.0,0.0,0.0
2019-07-04,0.0,0.0,0.0,0.0,0.0,0.0,0.0,0.0,0.0,0.0,0.0,0.0,0.0,0.0,0.0,0.0,0.0,0.0
2019-07-05,0.0,0.0,0.0,0.0,0.0,0.0,0.0,0.0,0.0,0.0,0.0,0.0,0.0,0.0,0.0,0.0,0.0,0.0
2019-07-08,0.0,0.0,0.0,0.0,0.0,0.0,0.0,0.0,0.0,0.0,0.0,0.0,0.0,0.0,0.0,0.0,0.0,0.0
2019-07-09,0.0,0.0,0.0,0.0,0.0,0.0,0.0,0.0,0.0,0.0,0.0,0.0,0.0,0.0,0.0,0.0,0.0,0.0
2019-07-10,0.0,0.0,0.0,0.0,0.0,0.0,0.0,0.0,0.0,0.0,0.0,0.0,0.0,0.0,0.0,0.0,0.0,0.0
2019-07-11,0.0,0.0,0.0,0.0,0.0,0.0,0.0,0.0,0.0,0.0,0.0,0.0,0.0,0.0,0.0,0.0,0.0,0.0
2019-07-12,0.0,0.0,0.0,0.0,0.0,0.0,0.0,0.0,0.0,0.0,0.0,0.0,0.0,0.0,0.0,0.0,0.0,0.0
2019-07-15,0.0,0.0,0.0,0.0,0.0,0.0,0.0,0.0,0.0,0.0,0.0,0.0,0.0,0.0,0.0,0.0,0.0,0.0
2019-07-16,0.0,0.0,0.0,0.0,0.0,0.0,0.0,0.0,0.0,0.0,0.0,0.0,0.0,0.0,0.0,0.0,0.0,0.0
2019-07-17,0.0,0.0,0.0,0.0,0.0,0.0,0.0,0.0,0.0,0.0,0.0,0.0,0.0,0.0,0.0,0.0,0.0,0.0
2019-07-18,0.0,0.0,0.0,0.0,0.0,0.0,0.0,0.0,0.0,0.0,0.0,0.0,0.0,0.0,0.0,0.0,0.0,0.0
2019-07-19,0.0,0.0,0.0,0.0,0.0,0.0,0.0,0.0,0.0,0.0,0.0,0.0,0.0,0.0,0.0,0.0,0.0,0.0
2019-07-22,0.0,0.0,0.0,0.0,0.0,0.0,0.0,0.0,0.0,0.0,0.0,0.0,0.0,0.0,0.0,0.0,0.0,0.0
2019-07-23,0.0,0.0,0.0,0.0,0.0,0.0,0.0,0.0,0.0,0.0,0.0,0.0,0.0,0.0,0.0,0.0,0.0,0.0
2019-07-24,0.0,0.0,0.0,0.0,0.0,0.0,0.0,0.0,0.0,0.0,0.0,0.0,0.0,0.0,0.0,0.0,0.0,0.0
2019-07-25,0.0,0.0,0.0,0.0,0.0,0.0,0.0,0.0,0.0,0.0,0.0,0.0,0.0,0.0,0.0,0.0,0.0,0.0
2019-07-26,0.0,0.0,0.0,0.0,0.0,0.0,0.0,0.0,0.0,0.0,0.0,0.0,0.0,0.0,0.0,0.0,0.0,0.0
2019-07-29,0.0,0.0,0.0,0.0,0.0,0.0,0.0,0.0,0.0,0.0,0.0,0.0,0.0,0.0,0.0,0.0,0.0,0.0
2019-07-30,0.0,0.0,0.0,0.0,0.0,0.0,0.0,0.0,0.0,0.0,0.0,0.0,0.0,0.0,0.0,0.0,0.0,0.0
2019-07-31,0.0,0.0,0.0,0.0,0.0,0.0,0.0,0.0,0.0,0.0,0.0,0.0,0.0,0.0,0.0,0.0,0.0,0.0
2019-08-01,0.0,0.0,0.0,0.0,0.0,0.0,0.0,0.0,0.0,0.0,0.0,0.0,0.0,0.0,0.0,0.0,0.0,0.0
2019-08-02,0.0,0.0,0.0,0.0,0.0,0.0,0.0,0.0,0.0,0.0,0.0,0.0,0.0,0.0,0.0,0.0,0.0,0.0
2019-08-05,0.0,0.0,0.0,0.0,0.0,0.0,0.0,0.0,0.0,0.0,0.0,0.0,0.0,0.0,0.0,0.0,0.0,0.0
2019-08-06,0.0,0.0,0.0,0.0,0.0,0.0,0.0,0.0,0.0,0.0,0.0,0.0,0.0,0.0,0.0,0.0,0.0,0.0
2019-08-07,0.0,0.0,0.0,0.0,0.0,0.0,0.0,0.0,0.0,0.0,0.0,0.0,0.0,0.0,0.0,0.0,0.0,0.0
2019-08-08,0.0,0.0,0.0,0.0,0.0,0.0,0.0,0.0,0.0,0.0,0.0,0.0,0.0,0.0,0.0,0.0,0.0,0.0
2019-08-09,0.0,0.0,0.0,0.0,0.0,0.0,0.0,0.0,0.0,0.0,0.0,0.0,0.0,0.0,0.0,0.0,0.0,0.0
2019-08-12,0.0,0.0,0.0,0.0,0.0,0.0,0.0,0.0,0.0,0.0,0.0,0.0,0.0,0.0,0.0,0.0,0.0,0.0
2019-08-13,0.0,0.0,0.0,0.0,0.0,0.0,0.0,0.0,0.0,0.0,0.0,0.0,0.0,0.0,0.0,0.0,0.0,0.0
2019-08-14,0.0,0.0,0.0,0.0,0.0,0.0,0.0,0.0,0.0,0.0,0.0,0.0,0.0,0.0,0.0,0.0,0.0,0.0
2019-08-15,0.0,0.0,0.0,0.0,0.0,0.0,0.0,0.0,0.0,0.0,0.0,0.0,0.0,0.0,0.0,0.0,0.0,0.0
2019-08-16,0.0,0.0,0.0,0.0,0.0,0.0,0.0,0.0,0.0,0.0,0.0,0.0,0.0,0.0,0.0,0.0,0.0,0.0
2019-08-19,0.0,0.0,0.0,0.0,0.0,0.0,0.0,0.0,0.0,0.0,0.0,0.0,0.0,0.0,0.0,0.0,0.0,0.0
2019-08-20,0.0,0.0,0.0,0.0,0.0,0.0,0.0,0.0,0.0,0.0,0.0,0.0,0.0,0.0,0.0,0.0,0.0,0.0
2019-08-21,0.0,0.0,0.0,0.0,0.0,0.0,0.0,0.0,0.0,0.0,0.0,0.0,0.0,0.0,0.0,0.0,0.0,0.0
2019-08-22,0.0,0.0,0.0,0.0,0.0,0.0,0.0,0.0,0.0,0.0,0.0,0.0,0.0,0.0,0.0,0.0,0.0,0.0
2019-08-23,0.0,0.0,0.0,0.0,0.0,0.0,0.0,0.0,0.0,0.0,0.0,0.0,0.0,0.0,0.0,0.0,0.0,0.0
2019-08-26,0.0,0.0,0.0,0.0,0.0,0.0,0.0,0.0,0.0,0.0,0.0,0.0,0.0,0.0,0.0,0.0,0.0,0.0
2019-08-27,0.0,0.0,0.0,0.0,0.0,0.0,0.0,0.0,0.0,0.0,0.0,0.0,0.0,0.0,0.0,0.0,0.0,0.0
2019-08-28,0.0,0.0,0.0,0.0,0.0,0.0,0.0,0.0,0.0,0.0,0.0,0.0,0.0,0.0,0.0,0.0,0.0,0.0
2019-08-29,0.0,0.0,0.0,0.0,0.0,0.0,0.0,0.0,0.0,0.0,0.0,0.0,0.0,0.0,0.0,0.0,0.0,0.0
2019-08-30,0.0,0.0,0.0,0.0,0.0,0.0,0.0,0.0,0.0,0.0,0.0,0.0,0.0,0.0,0.0,0.0,0.0,0.0
2019-09-02,0.0,0.0,0.0,0.0,0.0,0.0,0.0,0.0,0.0,0.0,0.0,0.0,0.0,0.0,0.0,0.0,0.0,0.0
2019-09-03,0.0,0.0,0.0,0.0,0.0,0.0,0.0,0.0,0.0,0.0,0.0,0.0,0.0,0.0,0.0,0.0,0.0,0.0
2019-09-04,0.0,0.0,0.0,0.0,0.0,0.0,0.0,0.0,0.0,0.0,0.0,0.0,0.0,0.0,0.0,0.0,0.0,0.0
2019-09-05,0.0,0.0,0.0,0.0,0.0,0.0,0.0,0.0,0.0,0.0,0.0,0.0,0.0,0.0,0.0,0.0,0.0,0.0
2019-09-06,0.0,0.0,0.0,0.0,0.0,0.0,0.0,0.0,0.0,0.0,0.0,0.0,0.0,0.0,0.0,0.0,0.0,0.0
2019-09-09,0.0,0.0,0.0,0.0,0.0,0.0,0.0,0.0,0.0,0.0,0.0,0.0,0.0,0.0,0.0,0.0,0.0,0.0
2019-09-10,0.0,0.0,0.0,0.0,0.0,0.0,0.0,0.0,0.0,0.0,0.0,0.0,0.0,0.0,0.0,0.0,0.0,0.0
2019-09-11,0.0,0.0,0.0,0.0,0.0,0.0,0.0,0.0,0.0,0.0,0.0,0.0,0.0,0.0,0.0,0.0,0.0,0.0
2019-09-12,0.0,0.0,0.0,0.0,0.0,0.0,0.0,0.0,0.0,0.0,0.0,0.0,0.0,0.0,0.0,0.0,0.0,0.0
2019-09-13,0.0,0.0,0.0,0.0,0.0,0.0,0.0,0.0,0.0,0.0,0.0,0.0,0.0,0.0,0.0,0.0,0.0,0.0
2019-09-16,0.0,0.0,0.0,0.0,0.0,0.0,0.0,0.0,0.0,0.0,0.0,0.0,0.0,0.0,0.0,0.0,0.0,0.0
2019-09-17,0.0,0.0,0.0,0.0,0.0,0.0,0.0,0.0,0.0,0.0,0.0,0.0,0.0,0.0,0.0,0.0,0.0,0.0
2019-09-18,0.0,0.0,0.0,0.0,0.0,0.0,0.0,0.0,0.0,0.0,0.0,0.0,0.0,0.0,0.0,0.0,0.0,0.0
2019-09-19,0.0,0.0,0.0,0.0,0.0,0.0,0.0,0.0,0.0,0.0,0.0,0.0,0.0,0.0,0.0,0.0,0.0,0.0
2019-09-20,0.0,0.0,0.0,0.0,0.0,0.0,0.0,0.0,0.0,0.0,0.0,0.0,0.0,0.0,0.0,0.0,0.0,0.0
2019-09-23,0.0,0.0,0.0,0.0,0.0,0.0,0.0,0.0,0.0,0.0,0.0,0.0,0.0,0.0,0.0,0.0,0.0,0.0
2019-09-24,0.0,0.0,0.0,0.0,0.0,0.0,0.0,0.0,0.0,0.0,0.0,0.0,0.0,0.0,0.0,0.0,0.0,0.0
2019-09-25,0.0,0.0,0.0,0.0,0.0,0.0,0.0,0.0,0.0,0.0,0.0,0.0,0.0,0.0,0.0,0.0,0.0,0.0
2019-09-26,0.0,0.0,0.0,0.0,0.0,0.0,0.0,0.0,0.0,0.0,0.0,0.0,0.0,0.0,0.0,0.0,0.0,0.0
2019-09-27,0.0,0.0,0.0,0.0,0.0,0.0,0.0,0.0,0.0,0.0,0.0,0.0,0.0,0.0,0.0,0.0,0.0,0.0
2019-09-30,0.0,0.0,0.0,0.0,0.0,0.0,0.0,0.0,0.0,0.0,0.0,0.0,0.0,0.0,0.0,0.0,0.0,0.0
2019-10-01,0.0,0.0,0.0,0.0,0.0,0.0,0.0,0.0,0.0,0.0,0.0,0.0,0.0,0.0,0.0,0.0,0.0,0.0
2019-10-02,0.0,0.0,0.0,0.0,0.0,0.0,0.0,0.0,0.0,0.0,0.0,0.0,0.0,0.0,0.0,0.0,0.0,0.0
2019-10-03,0.0,0.0,0.0,0.0,0.0,0.0,0.0,0.0,0.0,0.0,0.0,0.0,0.0,0.0,0.0,0.0,0.0,0.0
2019-10-04,0.0,0.0,0.0,0.0,0.0,0.0,0.0,0.0,0.0,0.0,0.0,0.0,0.0,0.0,0.0,0.0,0.0,0.0
2019-10-07,0.0,0.0,0.0,0.0,0.0,0.0,0.0,0.0,0.0,0.0,0.0,0.0,0.0,0.0,0.0,0.0,0.0,0.0
2019-10-08,0.0,0.0,0.0,0.0,0.0,0.0,0.0,0.0,0.0,0.0,0.0,0.0,0.0,0.0,0.0,0.0,0.0,0.0
2019-10-09,0.0,0.0,0.0,0.0,0.0,0.0,0.0,0.0,0.0,0.0,0.0,0.0,0.0,0.0,0.0,0.0,0.0,0.0
2019-10-10,0.0,0.0,0.0,0.0,0.0,0.0,0.0,0.0,0.0,0.0,0.0,0.0,0.0,0.0,0.0,0.0,0.0,0.0
2019-10-11,0.0,0.0,0.0,0.0,0.0,0.0,0.0,0.0,0.0,0.0,0.0,0.0,0.0,0.0,0.0,0.0,0.0,0.0
2019-10-14,0.0,0.0,0.0,0.0,0.0,0.0,0.0,0.0,0.0,0.0,0.0,0.0,0.0,0.0,0.0,0.0,0.0,0.0
2019-10-15,0.0,0.0,0.0,0.0,0.0,0.0,0.0,0.0,0.0,0.0,0.0,0.0,0.0,0.0,0.0,0.0,0.0,0.0
2019-10-16,0.0,0.0,0.0,0.0,0.0,0.0,0.0,0.0,0.0,0.0,0.0,0.0,0.0,0.0,0.0,0.0,0.0,0.0
2019-10-17,0.0,0.0,0.0,0.0,0.0,0.0,0.0,0.0,0.0,0.0,0.0,0.0,0.0,0.0,0.0,0.0,0.0,0.0
2019-10-18,0.0,0.0,0.0,0.0,0.0,0.0,0.0,0.0,0.0,0.0,0.0,0.0,0.0,0.0,0.0,0.0,0.0,0.0
2019-10-21,0.0,0.0,0.0,0.0,0.0,0.0,0.0,0.0,0.0,0.0,0.0,0.0,0.0,0.0,0.0,0.0,0.0,0.0
2019-10-22,0.0,0.0,0.0,0.0,0.0,0.0,0.0,0.0,0.0,0.0,0.0,0.0,0.0,0.0,0.0,0.0,0.0,0.0
2019-10-23,0.0,0.0,0.0,0.0,0.0,0.0,0.0,0.0,0.0,0.0,0.0,0.0,0.0,0.0,0.0,0.0,0.0,0.0
2019-10-24,0.0,0.0,0.0,0.0,0.0,0.0,0.0,0.0,0.0,0.0,0.0,0.0,0.0,0.0,0.0,0.0,0.0,0.0
2019-10-25,0.0,0.0,0.0,0.0,0.0,0.0,0.0,0.0,0.0,0.0,0.0,0.0,0.0,0.0,0.0,0.0,0.0,0.0
2019-10-28,0.0,0.0,0.0,0.0,0.0,0.0,0.0,0.0,0.0,0.0,0.0,0.0,0.0,0.0,0.0,0.0,0.0,0.0
2019-10-29,0.0,0.0,0.0,0.0,0.0,0.0,0.0,0.0,0.0,0.0,0.0,0.0,0.0,0.0,0.0,0.0,0.0,0.0
2019-10-30,0.0,0.0,0.0,0.0,0.0,0.0,0.0,0.0,0.0,0.0,0.0,0.0,0.0,0.0,0.0,0.0,0.0,0.0
2019-10-31,0.0,0.0,0.0,0.0,0.0,0.0,0.0,0.0,0.0,0.0,0.0,0.0,0.0,0.0,0.0,0.0,0.0,0.0
2019-11-01,0.0,0.0,0.0,0.0,0.0,0.0,0.0,0.0,0.0,0.0,0.0,0.0,0.0,0.0,0.0,0.0,0.0,0.0
2019-11-04,0.0,0.0,0.0,0.0,0.0,0.0,0.0,0.0,0.0,0.0,0.0,0.0,0.0,0.0,0.0,0.0,0.0,0.0
2019-11-05,0.0,0.0,0.0,0.0,0.0,0.0,0.0,0.0,0.0,0.0,0.0,0.0,0.0,0.0,0.0,0.0,0.0,0.0
2019-11-06,0.0,0.0,0.0,0.0,0.0,0.0,0.0,0.0,0.0,0.0,0.0,0.0,0.0,0.0,0.0,0.0,0.0,0.0
2019-11-07,0.0,0.0,0.0,0.0,0.0,0.0,0.0,0.0,0.0,0.0,0.0,0.0,0.0,0.0,0.0,0.0,0.0,0.0
2019-11-08,0.0,0.0,0.0,0.0,0.0,0.0,0.0,0.0,0.0,0.0,0.0,0.0,0.0,0.0,0.0,0.0,0.0,0.0
2019-11-11,0.0,0.0,0.0,0.0,0.0,0.0,0.0,0.0,0.0,0.0,0.0,0.0,0.0,0.0,0.0,0.0,0.0,0.0
2019-11-12,0.0,0.0,0.0,0.0,0.0,0.0,0.0,0.0,0.0,0.0,0.0,0.0,0.0,0.0,0.0,0.0,0.0,0.0
2019-11-13,0.0,0.0,0.0,0.0,0.0,0.0,0.0,0.0,0.0,0.0,0.0,0.0,0.0,0.0,0.0,0.0,0.0,0.0
2019-11-14,0.0,0.0,0.0,0.0,0.0,0.0,0.0,0.0,0.0,0.0,0.0,0.0,0.0,0.0,0.0,0.0,0.0,0.0
2019-11-15,0.0,0.0,0.0,0.0,0.0,0.0,0.0,0.0,0.0,0.0,0.0,0.0,0.0,0.0,0.0,0.0,0.0,0.0
2019-11-18,0.0,0.0,0.0,0.0,0.0,0.0,0.0,0.0,0.0,0.0,0.0,0.0,0.0,0.0,0.0,0.0,0.0,0.0
2019-11-19,0.0,0.0,0.0,0.0,0.0,0.0,0.0,0.0,0.0,0.0,0.0,0.0,0.0,0.0,0.0,0.0,0.0,0.0
2019-11-20,0.0,0.0,0.0,0.0,0.0,0.0,0.0,0.0,0.0,0.0,0.0,0.0,0.0,0.0,0.0,0.0,0.0,0.0
2019-11-21,0.0,0.0,0.0,0.0,0.0,0.0,0.0,0.0,0.0,0.0,0.0,0.0,0.0,0.0,0.0,0.0,0.0,0.0
2019-11-22,0.0,0.0,0.0,0.0,0.0,0.0,0.0,0.0,0.0,0.0,0.0,0.0,0.0,0.0,0.0,0.0,0.0,0.0
2019-11-25,0.0,0.0,0.0,0.0,0.0,0.0,0.0,0.0,0.0,0.0,0.0,0.0,0.0,0.0,0.0,0.0,0.0,0.0
2019-11-26,0.0,0.0,0.0,0.0,0.0,0.0,0.0,0.0,0.0,0.0,0.0,0.0,0.0,0.0,0.0,0.0,0.0,0.0
2019-11-27,0.0,0.0,0.0,0.0,0.0,0.0,0.0,0.0,0.0,0.0,0.0,0.0,0.0,0.0,0.0,0.0,0.0,0.0
2019-11-28,0.0,0.0,0.0,0.0,0.0,0.0,0.0,0.0,0.0,0.0,0.0,0.0,0.0,0.0,0.0,0.0,0.0,0.0
2019-11-29,0.0,0.0,0.0,0.0,0.0,0.0,0.0,0.0,0.0,0.0,0.0,0.0,0.0,0.0,0.0,0.0,0.0,0.0
2019-12-02,0.0,0.0,0.0,0.0,0.0,0.0,0.0,0.0,0.0,0.0,0.0,0.0,0.0,0.0,0.0,0.0,0.0,0.0
2019-12-03,0.0,0.0,0.0,0.0,0.0,0.0,0.0,0.0,0.0,0.0,0.0,0.0,0.0,0.0,0.0,0.0,0.0,0.0
2019-12-04,0.0,0.0,0.0,0.0,0.0,0.0,0.0,0.0,0.0,0.0,0.0,0.0,0.0,0.0,0.0,0.0,0.0,0.0
2019-12-05,0.0,0.0,0.0,0.0,0.0,0.0,0.0,0.0,0.0,0.0,0.0,0.0,0.0,0.0,0.0,0.0,0.0,0.0
2019-12-06,0.0,0.0,0.0,0.0,0.0,0.0,0.0,0.0,0.0,0.0,0.0,0.0,0.0,0.0,0.0,0.0,0.0,0.0
2019-12-09,0.0,0.0,0.0,0.0,0.0,0.0,0.0,0.0,0.0,0.0,0.0,0.0,0.0,0.0,0.0,0.0,0.0,0.0
2019-12-10,0.0,0.0,0.0,0.0,0.0,0.0,0.0,0.0,0.0,0.0,0.0,0.0,0.0,0.0,0.0,0.0,0.0,0.0
2019-12-11,0.0,0.0,0.0,0.0,0.0,0.0,0.0,0.0,0.0,0.0,0.0,0.0,0.0,0.0,0.0,0.0,0.0,0.0
2019-12-12,0.0,0.0,0.0,0.0,0.0,0.0,0.0,0.0,0.0,0.0,0.0,0.0,0.0,0.0,0.0,0.0,0.0,0.0
2019-12-13,0.0,0.0,0.0,0.0,0.0,0.0,0.0,0.0,0.0,0.0,0.0,0.0,0.0,0.0,0.0,0.0,0.0,0.0
2019-12-16,0.0,0.0,0.0,0.0,0.0,0.0,0.0,0.0,0.0,0.0,0.0,0.0,0.0,0.0,0.0,0.0,0.0,0.0
2019-12-17,0.0,0.0,0.0,0.0,0.0,0.0,0.0,0.0,0.0,0.0,0.0,0.0,0.0,0.0,0.0,0.0,0.0,0.0
2019-12-18,0.0,0.0,0.0,0.0,0.0,0.0,0.0,0.0,0.0,0.0,0.0,0.0,0.0,0.0,0.0,0.0,0.0,0.0
2019-12-19,0.0,0.0,0.0,0.0,0.0,0.0,0.0,0.0,0.0,0.0,0.0,0.0,0.0,0.0,0.0,0.0,0.0,0.0
2019-12-20,0.0,0.0,0.0,0.0,0.0,0.0,0.0,0.0,0.0,0.0,0.0,0.0,0.0,0.0,0.0,0.0,0.0,0.0
2019-12-23,0.0,0.0,0.0,0.0,0.0,0.0,0.0,0.0,0.0,0.0,0.0,0.0,0.0,0.0,0.0,0.0,0.0,0.0
2019-12-24,0.0,0.0,0.0,0.0,0.0,0.0,0.0,0.0,0.0,0.0,0.0,0.0,0.0,0.0,0.0,0.0,0.0,0.0
2019-12-25,0.0,0.0,0.0,0.0,0.0,0.0,0.0,0.0,0.0,0.0,0.0,0.0,0.0,0.0,0.0,0.0,0.0,0.0
2019-12-26,0.0,0.0,0.0,0.0,0.0,0.0,0.0,0.0,0.0,0.0,0.0,0.0,0.0,0.0,0.0,0.0,0.0,0.0
2019-12-27,0.0,0.0,0.0,0.0,0.0,0.0,0.0,0.0,0.0,0.0,0.0,0.0,0.0,0.0,0.0,0.0,0.0,0.0
2019-12-30,0.0,0.0,0.0,0.0,0.0,0.0,0.0,0.0,0.0,0.0,0.0,0.0,0.0,0.0,0.0,0.0,0.0,0.0
2019-12-31,0.0,0.0,0.0,0.0,0.0,0.0,0.0,0.0,0.0,0.0,0.0,0.0,0.0,0.0,0.0,0.0,0.0,0.0
2020-01-01,0.0,0.0,0.0,0.0,0.0,0.0,0.0,0.0,0.0,0.0,0.0,0.0,0.0,0.0,0.0,0.0,0.0,0.0
2020-01-02,0.0,0.0,0.0,0.0,0.0,0.0,0.0,0.0,0.0,0.0,0.0,0.0,0.0,0.0,0.0,0.0,0.0,0.0
2020-01-03,0.0,0.0,0.0,0.0,0.0,0.0,0.0,0.0,0.0,0.0,0.0,0.0,0.0,0.0,0.0,0.0,0.0,0.0
2020-01-06,0.0,0.0,0.0,0.0,0.0,0.0,0.0,0.0,0.0,0.0,0.0,0.0,0.0,0.0,0.0,0.0,0.0,0.0
2020-01-07,0.0,0.0,0.0,0.0,0.0,0.0,0.0,0.0,0.0,0.0,0.0,0.0,0.0,0.0,0.0,0.0,0.0,0.0
2020-01-08,0.0,0.0,0.0,0.0,0.0,0.0,0.0,0.0,0.0,0.0,0.0,0.0,0.0,0.0,0.0,0.0,0.0,0.0
2020-01-09,0.0,0.0,0.0,0.0,0.0,0.0,0.0,0.0,0.0,0.0,0.0,0.0,0.0,0.0,0.0,0.0,0.0,0.0
2020-01-10,0.0,0.0,0.0,0.0,0.0,0.0,0.0,0.0,0.0,0.0,0.0,0.0,0.0,0.0,0.0,0.0,0.0,0.0
2020-01-13,0.0,0.0,0.0,0.0,0.0,0.0,0.0,0.0,0.0,0.0,0.0,0.0,0.0,0.0,0.0,0.0,0.0,0.0
2020-01-14,0.0,0.0,0.0,0.0,0.0,0.0,0.0,0.0,0.0,0.0,0.0,0.0,0.0,0.0,0.0,0.0,0.0,0.0
2020-01-15,0.0,0.0,0.0,0.0,0.0,0.0,0.0,0.0,0.0,0.0,0.0,0.0,0.0,0.0,0.0,0.0,0.0,0.0
2020-01-16,0.0,0.0,0.0,0.0,0.0,0.0,0.0,0.0,0.0,0.0,0.0,0.0,0.0,0.0,0.0,0.0,0.0,0.0
2020-01-17,0.0,0.0,0.0,0.0,0.0,0.0,0.0,0.0,0.0,0.0,0.0,0.0,0.0,0.0,0.0,0.0,0.0,0.0
2020-01-20,0.0,0.0,0.0,0.0,0.0,0.0,0.0,0.0,0.0,0.0,0.0,0.0,0.0,0.0,0.0,0.0,0.0,0.0
2020-01-21,0.0,0.0,0.0,0.0,0.0,0.0,0.0,0.0,0.0,0.0,0.0,0.0,0.0,0.0,0.0,0.0,0.0,0.0
2020-01-22,0.0,0.0,0.0,0.0,0.0,0.0,0.0,0.0,0.0,0.0,0.0,0.0,0.0,0.0,0.0,0.0,0.0,0.0
2020-01-23,0.0,0.0,0.0,0.0,0.0,0.0,0.0,0.0,0.0,0.0,0.0,0.0,0.0,0.0,0.0,0.0,0.0,0.0
2020-01-24,0.0,0.0,0.0,0.0,0.0,0.0,0.0,0.0,0.0,0.0,0.0,0.0,0.0,0.0,0.0,0.0,0.0,0.0
2020-01-27,0.0,0.0,0.0,0.0,0.0,0.0,0.0,0.0,0.0,0.0,0.0,0.0,0.0,0.0,0.0,0.0,0.0,0.0
2020-01-28,0.0,0.0,0.0,0.0,0.0,0.0,0.0,0.0,0.0,0.0,0.0,0.0,0.0,0.0,0.0,0.0,0.0,0.0
2020-01-29,0.0,0.0,0.0,0.0,0.0,0.0,0.0,0.0,0.0,0.0,0.0,0.0,0.0,0.0,0.0,0.0,0.0,0.0
2020-01-30,0.0,0.0,0.0,0.0,0.0,0.0,0.0,0.0,0.0,0.0,0.0,0.0,0.0,0.0,0.0,0.0,0.0,0.0
2020-01-31,0.0,0.0,0.0,0.0,0.0,0.0,0.0,0.0,0.0,0.0,0.0,0.0,0.0,0.0,0.0,0.0,0.0,0.0
2020-02-03,0.0,0.0,0.0,0.0,0.0,0.0,0.0,0.0,0.0,0.0,0.0,0.0,0.0,0.0,0.0,0.0,0.0,0.0
2020-02-04,0.0,0.0,0.0,0.0,0.0,0.0,0.0,0.0,0.0,0.0,0.0,0.0,0.0,0.0,0.0,0.0,0.0,0.0
2020-02-05,0.0,0.0,0.0,0.0,0.0,0.0,0.0,0.0,0.0,0.0,0.0,0.0,0.0,0.0,0.0,0.0,0.0,0.0
2020-02-06,0.0,0.0,0.0,0.0,0.0,0.0,0.0,0.0,0.0,0.0,0.0,0.0,0.0,0.0,0.0,0.0,0.0,0.0
2020-02-07,0.0,0.0,0.0,0.0,0.0,0.0,0.0,0.0,0.0,0.0,0.0,0.0,0.0,0.0,0.0,0.0,0.0,0.0
2020-02-10,0.0,0.0,0.0,0.0,0.0,0.0,0.0,0.0,0.0,0.0,0.0,0.0,0.0,0.0,0.0,0.0,0.0,0.0
2020-02-11,0.0,0.0,0.0,0.0,0.0,0.0,0.0,0.0,0.0,0.0,0.0,0.0,0.0,0.0,0.0,0.0,0.0,0.0
2020-02-12,0.0,0.0,0.0,0.0,0.0,0.0,0.0,0.0,0.0,0.0,0.0,0.0,0.0,0.0,0.0,0.0,0.0,0.0
2020-02-13,0.0,0.0,0.0,0.0,0.0,0.0,0.0,0.0,0.0,0.0,0.0,0.0,0.0,0.0,0.0,0.0,0.0,0.0
2020-02-14,0.0,0.0,0.0,0.0,0.0,0.0,0.0,0.0,0.0,0.0,0.0,0.0,0.0,0.0,0.0,0.0,0.0,0.0
2020-02-17,0.0,0.0,0.0,0.0,0.0,0.0,0.0,0.0,0.0,0.0,0.0,0.0,0.0,0.0,0.0,0.0,0.0,0.0
2020-02-18,0.0,0.0,0.0,0.0,0.0,0.0,0.0,0.0,0.0,0.0,0.0,0.0,0.0,0.0,0.0,0.0,0.0,0.0
2020-02-19,0.0,0.0,0.0,0.0,0.0,0.0,0.0,0.0,0.0,0.0,0.0,0.0,0.0,0.0,0.0,0.0,0.0,0.0
2020-02-20,0.0,0.0,0.0,0.0,0.0,0.0,0.0,0.0,0.0,0.0,0.0,0.0,0.0,0.0,0.0,0.0,0.0,0.0
2020-02-21,0.0,0.0,0.0,0.0,0.0,0.0,0.0,0.0,0.0,0.0,0.0,0.0,0.0,0.0,0.0,0.0,0.0,0.0
2020-02-24,0.0,0.0,0.0,0.0,0.0,0.0,0.0,0.0,0.0,0.0,0.0,0.0,0.0,0.0,0.0,0.0,0.0,0.0
2020-02-25,0.0,0.0,0.0,0.0,0.0,0.0,0.0,0.0,0.0,0.0,0.0,0.0,0.0,0.0,0.0,0.0,0.0,0.0
2020-02-26,0.0,0.0,0.0,0.0,0.0,0.0,0.0,0.0,0.0,0.0,0.0,0.0,0.0,0.0,0.0,0.0,0.0,0.0
2020-02-27,0.0,0.0,0.0,0.0,0.0,0.0,0.0,0.0,0.0,0.0,0.0,0.0,0.0,0.0,0.0,0.0,0.0,0.0
2020-02-28,0.0,0.0,0.0,0.0,0.0,0.0,0.0,0.0,0.0,0.0,0.0,0.0,0.0,0.0,0.0,0.0,0.0,0.0
2020-03-02,0.0,0.0,0.0,0.0,0.0,0.0,0.0,0.0,0.0,0.0,0.0,0.0,0.0,0.0,0.0,0.0,0.0,0.0
2020-03-03,0.0,0.0,0.0,0.0,0.0,0.0,0.0,0.0,0.0,0.0,0.0,0.0,0.0,0.0,0.0,0.0,0.0,0.0
2020-03-04,0.0,0.0,0.0,0.0,0.0,0.0,0.0,0.0,0.0,0.0,0.0,0.0,0.0,0.0,0.0,0.0,0.0,0.0
2020-03-05,0.0,0.0,0.0,0.0,0.0,0.0,0.0,0.0,0.0,0.0,0.0,0.0,0.0,0.0,0.0,0.0,0.0,0.0
2020-03-06,0.0,0.0,0.0,0.0,0.0,0.0,0.0,0.0,0.0,0.0,0.0,0.0,0.0,0.0,0.0,0.0,0.0,0.0
2020-03-09,0.0,0.0,0.0,0.0,0.0,0.0,0.0,0.0,0.0,0.0,0.0,0.0,0.0,0.0,0.0,0.0,0.0,0.0
2020-03-10,0.0,0.0,0.0,0.0,0.0,0.0,0.0,0.0,0.0,0.0,0.0,0.0,0.0,0.0,0.0,0.0,0.0,0.0
2020-03-11,0.0,0.0,0.0,0.0,0.0,0.0,0.0,0.0,0.0,0.0,0.0,0.0,0.0,0.0,0.0,0.0,0.0,0.0
2020-03-12,0.0,0.0,0.0,0.0,0.0,0.0,0.0,0.0,0.0,0.0,0.0,0.0,0.0,0.0,0.0,0.0,0.0,0.0
2020-03-13,0.0,0.0,0.0,0.0,0.0,0.0,0.0,0.0,0.0,0.0,0.0,0.0,0.0,0.0,0.0,0.0,0.0,0.0
2020-03-16,0.0,0.0,0.0,0.0,0.0,0.0,0.0,0.0,0.0,0.0,0.0,0.0,0.0,0.0,0.0,0.0,0.0,0.0
2020-03-17,0.0,0.0,0.0,0.0,0.0,0.0,0.0,0.0,0.0,0.0,0.0,0.0,0.0,0.0,0.0,0.0,0.0,0.0
2020-03-18,0.0,0.0,0.0,0.0,0.0,0.0,0.0,0.0,0.0,0.0,0.0,0.0,0.0,0.0,0.0,0.0,0.0,0.0
2020-03-19,0.0,0.0,0.0,0.0,0.0,0.0,0.0,0.0,0.0,0.0,0.0,0.0,0.0,0.0,0.0,0.0,0.0,0.0
2020-03-20,0.0,0.0,0.0,0.0,0.0,0.0,0.0,0.0,0.0,0.0,0.0,0.0,0.0,0.0,0.0,0.0,0.0,0.0
2020-03-23,0.0,0.0,0.0,0.0,0.0,0.0,0.0,0.0,0.0,0.0,0.0,0.0,0.0,0.0,0.0,0.0,0.0,0.0
2020-03-24,0.0,0.0,0.0,0.0,0.0,0.0,0.0,0.0,0.0,0.0,0.0,0.0,0.0,0.0,0.0,0.0,0.0,0.0
2020-03-25,0.0,0.0,0.0,0.0,0.0,0.0,0.0,0.0,0.0,0.0,0.0,0.0,0.0,0.0,0.0,0.0,0.0,0.0
2020-03-26,0.0,0.0,0.0,0.0,0.0,0.0,0.0,0.0,0.0,0.0,0.0,0.0,0.0,0.0,0.0,0.0,0.0,0.0
2020-03-27,0.0,0.0,0.0,0.0,0.0,0.0,0.0,0.0,0.0,0.0,0.0,0.0,0.0,0.0,0.0,0.0,0.0,0.0
2020-03-30,0.0,0.0,0.0,0.0,0.0,0.0,0.0,0.0,0.0,0.0,0.0,0.0,0.0,0.0,0.0,0.0,0.0,0.0
2020-03-31,0.0,0.0,0.0,0.0,0.0,0.0,0.0,0.0,0.0,0.0,0.0,0.0,0.0,0.0,0.0,0.0,0.0,0.0
2020-04-01,0.0,0.0,0.0,0.0,0.0,0.0,0.0,0.0,0.0,0.0,0.0,0.0,0.0,0.0,0.0,0.0,0.0,0.0
2020-04-02,0.0,0.0,0.0,0.0,0.0,0.0,0.0,0.0,0.0,0.0,0.0,0.0,0.0,0.0,0.0,0.0,0.0,0.0
2020-04-03,0.0,0.0,0.0,0.0,0.0,0.0,0.0,0.0,0.0,0.0,0.0,0.0,0.0,0.0,0.0,0.0,0.0,0.0
2020-04-06,0.0,0.0,0.0,0.0,0.0,0.0,0.0,0.0,0.0,0.0,0.0,0.0,0.0,0.0,0.0,0.0,0.0,0.0
2020-04-07,0.0,0.0,0.0,0.0,0.0,0.0,0.0,0.0,0.0,0.0,0.0,0.0,0.0,0.0,0.0,0.0,0.0,0.0
2020-04-08,0.0,0.0,0.0,0.0,0.0,0.0,0.0,0.0,0.0,0.0,0.0,0.0,0.0,0.0,0.0,0.0,0.0,0.0
2020-04-09,0.0,0.0,0.0,0.0,0.0,0.0,0.0,0.0,0.0,0.0,0.0,0.0,0.0,0.0,0.0,0.0,0.0,0.0
2020-04-10,0.0,0.0,0.0,0.0,0.0,0.0,0.0,0.0,0.0,0.0,0.0,0.0,0.0,0.0,0.0,0.0,0.0,0.0
2020-04-13,0.0,0.0,0.0,0.0,0.0,0.0,0.0,0.0,0.0,0.0,0.0,0.0,0.0,0.0,0.0,0.0,0.0,0.0
2020-04-14,0.0,0.0,0.0,0.0,0.0,0.0,0.0,0.0,0.0,0.0,0.0,0.0,0.0,0.0,0.0,0.0,0.0,0.0
2020-04-15,0.0,0.0,0.0,0.0,0.0,0.0,0.0,0.0,0.0,0.0,0.0,0.0,0.0,0.0,0.0,0.0,0.0,0.0
2020-04-16,0.0,0.0,0.0,0.0,0.0,0.0,0.0,0.0,0.0,0.0,0.0,0.0,0.0,0.0,0.0,0.0,0.0,0.0
2020-04-17,0.0,0.0,0.0,0.0,0.0,0.0,0.0,0.0,0.0,0.0,0.0,0.0,0.0,0.0,0.0,0.0,0.0,0.0
2020-04-20,0.0,0.0,0.0,0.0,0.0,0.0,0.0,0.0,0.0,0.0,0.0,0.0,0.0,0.0,0.0,0.0,0.0,0.0
2020-04-21,0.0,0.0,0.0,0.0,0.0,0.0,0.0,0.0,0.0,0.0,0.0,0.0,0.0,0.0,0.0,0.0,0.0,0.0
2020-04-22,0.0,0.0,0.0,0.0,0.0,0.0,0.0,0.0,0.0,0.0,0.0,0.0,0.0,0.0,0.0,0.0,0.0,0.0
2020-04-23,0.0,0.0,0.0,0.0,0.0,0.0,0.0,0.0,0.0,0.0,0.0,0.0,0.0,0.0,0.0,0.0,0.0,0.0
2020-04-24,0.0,0.0,0.0,0.0,0.0,0.0,0.0,0.0,0.0,0.0,0.0,0.0,0.0,0.0,0.0,0.0,0.0,0.0
2020-04-27,0.0,0.0,0.0,0.0,0.0,0.0,0.0,0.0,0.0,0.0,0.0,0.0,0.0,0.0,0.0,0.0,0.0,0.0
2020-04-28,0.0,0.0,0.0,0.0,0.0,0.0,0.0,0.0,0.0,0.0,0.0,0.0,0.0,0.0,0.0,0.0,0.0,0.0
2020-04-29,0.0,0.0,0.0,0.0,0.0,0.0,0.0,0.0,0.0,0.0,0.0,0.0,0.0,0.0,0.0,0.0,0.0,0.0
2020-04-30,0.0,0.0,0.0,0.0,0.0,0.0,0.0,0.0,0.0,0.0,0.0,0.0,0.0,0.0,0.0,0.0,0.0,0.0
2020-05-01,0.0,0.0,0.0,0.0,0.0,0.0,0.0,0.0,0.0,0.0,0.0,0.0,0.0,0.0,0.0,0.0,0.0,0.0
2020-05-04,0.0,0.0,0.0,0.0,0.0,0.0,0.0,0.0,0.0,0.0,0.0,0.0,0.0,0.0,0.0,0.0,0.0,0.0
2020-05-05,0.0,0.0,0.0,0.0,0.0,0.0,0.0,0.0,0.0,0.0,0.0,0.0,0.0,0.0,0.0,0.0,0.0,0.0
2020-05-06,0.0,0.0,0.0,0.0,0.0,0.0,0.0,0.0,0.0,0.0,0.0,0.0,0.0,0.0,0.0,0.0,0.0,0.0
2020-05-07,0.0,0.0,0.0,0.0,0.0,0.0,0.0,0.0,0.0,0.0,0.0,0.0,0.0,0.0,0.0,0.0,0.0,0.0
2020-05-08,0.0,0.0,0.0,0.0,0.0,0.0,0.0,0.0,0.0,0.0,0.0,0.0,0.0,0.0,0.0,0.0,0.0,0.0
2020-05-11,0.0,0.0,0.0,0.0,0.0,0.0,0.0,0.0,0.0,0.0,0.0,0.0,0.0,0.0,0.0,0.0,0.0,0.0
2020-05-12,0.0,0.0,0.0,0.0,0.0,0.0,0.0,0.0,0.0,0.0,0.0,0.0,0.0,0.0,0.0,0.0,0.0,0.0
2020-05-13,0.0,0.0,0.0,0.0,0.0,0.0,0.0,0.0,0.0,0.0,0.0,0.0,0.0,0.0,0.0,0.0,0.0,0.0
2020-05-14,0.0,0.0,0.0,0.0,0.0,0.0,0.0,0.0,0.0,0.0,0.0,0.0,0.0,0.0,0.0,0.0,0.0,0.0
2020-05-15,0.0,0.0,0.0,0.0,0.0,0.0,0.0,0.0,0.0,0.0,0.0,0.0,0.0,0.0,0.0,0.0,0.0,0.0
2020-05-18,0.0,0.0,0.0,0.0,0.0,0.0,0.0,0.0,0.0,0.0,0.0,0.0,0.0,0.0,0.0,0.0,0.0,0.0
2020-05-19,0.0,0.0,0.0,0.0,0.0,0.0,0.0,0.0,0.0,0.0,0.0,0.0,0.0,0.0,0.0,0.0,0.0,0.0
2020-05-20,0.0,0.0,0.0,0.0,0.0,0.0,0.0,0.0,0.0,0.0,0.0,0.0,0.0,0.0,0.0,0.0,0.0,0.0
2020-05-21,0.0,0.0,0.0,0.0,0.0,0.0,0.0,0.0,0.0,0.0,0.0,0.0,0.0,0.0,0.0,0.0,0.0,0.0
2020-05-22,0.0,0.0,0.0,0.0,0.0,0.0,0.0,0.0,0.0,0.0,0.0,0.0,0.0,0.0,0.0,0.0,0.0,0.0
2020-05-25,0.0,0.0,0.0,0.0,0.0,0.0,0.0,0.0,0.0,0.0,0.0,0.0,0.0,0.0,0.0,0.0,0.0,0.0
2020-05-26,0.0,0.0,0.0,0.0,0.0,0.0,0.0,0.0,0.0,0.0,0.0,0.0,0.0,0.0,0.0,0.0,0.0,0.0
2020-05-27,0.0,0.0,0.0,0.0,0.0,0.0,0.0,0.0,0.0,0.0,0.0,0.0,0.0,0.0,0.0,0.0,0.0,0.0
2020-05-28,0.0,0.0,0.0,0.0,0.0,0.0,0.0,0.0,0.0,0.0,0.0,0.0,0.0,0.0,0.0,0.0,0.0,0.0
2020-05-29,0.0,0.0,0.0,0.0,0.0,0.0,0.0,0.0,0.0,0.0,0.0,0.0,0.0,0.0,0.0,0.0,0.0,0.0
2020-06-01,0.0,0.0,0.0,0.0,0.0,0.0,0.0,0.0,0.0,0.0,0.0,0.0,0.0,0.0,0.0,0.0,0.0,0.0
2020-06-02,0.0,0.0,0.0,0.0,0.0,0.0,0.0,0.0,0.0,0.0,0.0,0.0,0.0,0.0,0.0,0.0,0.0,0.0
2020-06-03,0.0,0.0,0.0,0.0,0.0,0.0,0.0,0.0,0.0,0.0,0.0,0.0,0.0,0.0,0.0,0.0,0.0,0.0
2020-06-04,0.0,0.0,0.0,0.0,0.0,0.0,0.0,0.0,0.0,0.0,0.0,0.0,0.0,0.0,0.0,0.0,0.0,0.0
2020-06-05,0.0,0.0,0.0,0.0,0.0,0.0,0.0,0.0,0.0,0.0,0.0,0.0,0.0,0.0,0.0,0.0,0.0,0.0
2020-06-08,0.0,0.0,0.0,0.0,0.0,0.0,0.0,0.0,0.0,0.0,0.0,0.0,0.0,0.0,0.0,0.0,0.0,0.0
2020-06-09,0.0,0.0,0.0,0.0,0.0,0.0,0.0,0.0,0.0,0.0,0.0,0.0,0.0,0.0,0.0,0.0,0.0,0.0
2020-06-10,0.0,0.0,0.0,0.0,0.0,0.0,0.0,0.0,0.0,0.0,0.0,0.0,0.0,0.0,0.0,0.0,0.0,0.0
2020-06-11,0.0,0.0,0.0,0.0,0.0,0.0,0.0,0.0,0.0,0.0,0.0,0.0,0.0,0.0,0.0,0.0,0.0,0.0
2020-06-12,0.0,0.0,0.0,0.0,0.0,0.0,0.0,0.0,0.0,0.0,0.0,0.0,0.0,0.0,0.0,0.0,0.0,0.0
2020-06-15,0.0,0.0,0.0,0.0,0.0,0.0,0.0,0.0,0.0,0.0,0.0,0.0,0.0,0.0,0.0,0.0,0.0,0.0
2020-06-16,0.0,0.0,0.0,0.0,0.0,0.0,0.0,0.0,0.0,0.0,0.0,0.0,0.0,0.0,0.0,0.0,0.0,0.0
2020-06-17,0.0,0.0,0.0,0.0,0.0,0.0,0.0,0.0,0.0,0.0,0.0,0.0,0.0,0.0,0.0,0.0,0.0,0.0
2020-06-18,0.0,0.0,0.0,0.0,0.0,0.0,0.0,0.0,0.0,0.0,0.0,0.0,0.0,0.0,0.0,0.0,0.0,0.0
2020-06-19,0.0,0.0,0.0,0.0,0.0,0.0,0.0,0.0,0.0,0.0,0.0,0.0,0.0,0.0,0.0,0.0,0.0,0.0
2020-06-22,0.0,0.0,0.0,0.0,0.0,0.0,0.0,0.0,0.0,0.0,0.0,0.0,0.0,0.0,0.0,0.0,0.0,0.0
2020-06-23,0.0,0.0,0.0,0.0,0.0,0.0,0.0,0.0,0.0,0.0,0.0,0.0,0.0,0.0,0.0,0.0,0.0,0.0
2020-06-24,0.0,0.0,0.0,0.0,0.0,0.0,0.0,0.0,0.0,0.0,0.0,0.0,0.0,0.0,0.0,0.0,0.0,0.0
2020-06-25,0.0,0.0,0.0,0.0,0.0,0.0,0.0,0.0,0.0,0.0,0.0,0.0,0.0,0.0,0.0,0.0,0.0,0.0
2020-06-26,0.0,0.0,0.0,0.0,0.0,0.0,0.0,0.0,0.0,0.0,0.0,0.0,0.0,0.0,0.0,0.0,0.0,0.0
2020-06-29,0.0,0.0,0.0,0.0,0.0,0.0,0.0,0.0,0.0,0.0,0.0,0.0,0.0,0.0,0.0,0.0,0.0,0.0
2020-06-30,0.0,0.0,0.0,0.0,0.0,0.0,0.0,0.0,0.0,0.0,0.0,0.0,0.0,0.0,0.0,0.0,0.0,0.0
2020-07-01,0.0,0.0,0.0,0.0,0.0,0.0,0.0,0.0,0.0,0.0,0.0,0.0,0.0,0.0,0.0,0.0,0.0,0.0
2020-07-02,0.0,0.0,0.0,0.0,0.0,0.0,0.0,0.0,0.0,0.0,0.0,0.0,0.0,0.0,0.0,0.0,0.0,0.0
2020-07-03,0.0,0.0,0.0,0.0,0.0,0.0,0.0,0.0,0.0,0.0,0.0,0.0,0.0,0.0,0.0,0.0,0.0,0.0
2020-07-06,0.0,0.0,0.0,0.0,0.0,0.0,0.0,0.0,0.0,0.0,0.0,0.0,0.0,0.0,0.0,0.0,0.0,0.0
2020-07-07,0.0,0.0,0.0,0.0,0.0,0.0,0.0,0.0,0.0,0.0,0.0,0.0,0.0,0.0,0.0,0.0,0.0,0.0
2020-07-08,0.0,0.0,0.0,0.0,0.0,0.0,0.0,0.0,0.0,0.0,0.0,0.0,0.0,0.0,0.0,0.0,0.0,0.0
2020-07-09,0.0,0.0,0.0,0.0,0.0,0.0,0.0,0.0,0.0,0.0,0.0,0.0,0.0,0.0,0.0,0.0,0.0,0.0
2020-07-10,0.0,0.0,0.0,0.0,0.0,0.0,0.0,0.0,0.0,0.0,0.0,0.0,0.0,0.0,0.0,0.0,0.0,0.0
2020-07-13,0.0,0.0,0.0,0.0,0.0,0.0,0.0,0.0,0.0,0.0,0.0,0.0,0.0,0.0,0.0,0.0,0.0,0.0
2020-07-14,0.0,0.0,0.0,0.0,0.0,0.0,0.0,0.0,0.0,0.0,0.0,0.0,0.0,0.0,0.0,0.0,0.0,0.0
2020-07-15,0.0,0.0,0.0,0.0,0.0,0.0,0.0,0.0,0.0,0.0,0.0,0.0,0.0,0.0,0.0,0.0,0.0,0.0
2020-07-16,0.0,0.0,0.0,0.0,0.0,0.0,0.0,0.0,0.0,0.0,0.0,0.0,0.0,0.0,0.0,0.0,0.0,0.0
2020-07-17,0.0,0.0,0.0,0.0,0.0,0.0,0.0,0.0,0.0,0.0,0.0,0.0,0.0,0.0,0.0,0.0,0.0,0.0
2020-07-20,0.0,0.0,0.0,0.0,0.0,0.0,0.0,0.0,0.0,0.0,0.0,0.0,0.0,0.0,0.0,0.0,0.0,0.0
2020-07-21,0.0,0.0,0.0,0.0,0.0,0.0,0.0,0.0,0.0,0.0,0.0,0.0,0.0,0.0,0.0,0.0,0.0,0.0
2020-07-22,0.0,0.0,0.0,0.0,0.0,0.0,0.0,0.0,0.0,0.0,0.0,0.0,0.0,0.0,0.0,0.0,0.0,0.0
2020-07-23,0.0,0.0,0.0,0.0,0.0,0.0,0.0,0.0,0.0,0.0,0.0,0.0,0.0,0.0,0.0,0.0,0.0,0.0
2020-07-24,0.0,0.0,0.0,0.0,0.0,0.0,0.0,0.0,0.0,0.0,0.0,0.0,0.0,0.0,0.0,0.0,0.0,0.0
2020-07-27,0.0,0.0,0.0,0.0,0.0,0.0,0.0,0.0,0.0,0.0,0.0,0.0,0.0,0.0,0.0,0.0,0.0,0.0
2020-07-28,0.0,0.0,0.0,0.0,0.0,0.0,0.0,0.0,0.0,0.0,0.0,0.0,0.0,0.0,0.0,0.0,0.0,0.0
2020-07-29,0.0,0.0,0.0,0.0,0.0,0.0,0.0,0.0,0.0,0.0,0.0,0.0,0.0,0.0,0.0,0.0,0.0,0.0
2020-07-30,0.0,0.0,0.0,0.0,0.0,0.0,0.0,0.0,0.0,0.0,0.0,0.0,0.0,0.0,0.0,0.0,0.0,0.0
2020-07-31,0.0,0.0,0.0,0.0,0.0,0.0,0.0,0.0,0.0,0.0,0.0,0.0,0.0,0.0,0.0,0.0,0.0,0.0
2020-08-03,0.0,0.0,0.0,0.0,0.0,0.0,0.0,0.0,0.0,0.0,0.0,0.0,0.0,0.0,0.0,0.0,0.0,0.0
2020-08-04,0.0,0.0,0.0,0.0,0.0,0.0,0.0,0.0,0.0,0.0,0.0,0.0,0.0,0.0,0.0,0.0,0.0,0.0
2020-08-05,0.0,0.0,0.0,0.0,0.0,0.0,0.0,0.0,0.0,0.0,0.0,0.0,0.0,0.0,0.0,0.0,0.0,0.0
2020-08-06,0.0,0.0,0.0,0.0,0.0,0.0,0.0,0.0,0.0,0.0,0.0,0.0,0.0,0.0,0.0,0.0,0.0,0.0
2020-08-07,0.0,0.0,0.0,0.0,0.0,0.0,0.0,0.0,0.0,0.0,0.0,0.0,0.0,0.0,0.0,0.0,0.0,0.0
2020-08-10,0.0,0.0,0.0,0.0,0.0,0.0,0.0,0.0,0.0,0.0,0.0,0.0,0.0,0.0,0.0,0.0,0.0,0.0
2020-08-11,0.0,0.0,0.0,0.0,0.0,0.0,0.0,0.0,0.0,0.0,0.0,0.0,0.0,0.0,0.0,0.0,0.0,0.0
2020-08-12,0.0,0.0,0.0,0.0,0.0,0.0,0.0,0.0,0.0,0.0,0.0,0.0,0.0,0.0,0.0,0.0,0.0,0.0
2020-08-13,0.0,0.0,0.0,0.0,0.0,0.0,0.0,0.0,0.0,0.0,0.0,0.0,0.0,0.0,0.0,0.0,0.0,0.0
2020-08-14,0.0,0.0,0.0,0.0,0.0,0.0,0.0,0.0,0.0,0.0,0.0,0.0,0.0,0.0,0.0,0.0,0.0,0.0
2020-08-17,0.0,0.0,0.0,0.0,0.0,0.0,0.0,0.0,0.0,0.0,0.0,0.0,0.0,0.0,0.0,0.0,0.0,0.0
2020-08-18,0.0,0.0,0.0,0.0,0.0,0.0,0.0,0.0,0.0,0.0,0.0,0.0,0.0,0.0,0.0,0.0,0.0,0.0
2020-08-19,0.0,0.0,0.0,0.0,0.0,0.0,0.0,0.0,0.0,0.0,0.0,0.0,0.0,0.0,0.0,0.0,0.0,0.0
2020-08-20,0.0,0.0,0.0,0.0,0.0,0.0,0.0,0.0,0.0,0.0,0.0,0.0,0.0,0.0,0.0,0.0,0.0,0.0
2020-08-21,0.0,0.0,0.0,0.0,0.0,0.0,0.0,0.0,0.0,0.0,0.0,0.0,0.0,0.0,0.0,0.0,0.0,0.0
2020-08-24,0.0,0.0,0.0,0.0,0.0,0.0,0.0,0.0,0.0,0.0,0.0,0.0,0.0,0.0,0.0,0.0,0.0,0.0
2020-08-25,0.0,0.0,0.0,0.0,0.0,0.0,0.0,0.0,0.0,0.0,0.0,0.0,0.0,0.0,0.0,0.0,0.0,0.0
2020-08-26,0.0,0.0,0.0,0.0,0.0,0.0,0.0,0.0,0.0,0.0,0.0,0.0,0.0,0.0,0.0,0.0,0.0,0.0
2020-08-27,0.0,0.0,0.0,0.0,0.0,0.0,0.0,0.0,0.0,0.0,0.0,0.0,0.0,0.0,0.0,0.0,0.0,0.0
2020-08-28,0.0,0.0,0.0,0.0,0.0,0.0,0.0,0.0,0.0,0.0,0.0,0.0,0.0,0.0,0.0,0.0,0.0,0.0
2020-08-31,0.0,0.0,0.0,0.0,0.0,0.0,0.0,0.0,0.0,0.0,0.0,0.0,0.0,0.0,0.0,0.0,0.0,0.0
2020-09-01,0.0,0.0,0.0,0.0,0.0,0.0,0.0,0.0,0.0,0.0,0.0,0.0,0.0,0.0,0.0,0.0,0.0,0.0
2020-09-02,0.0,0.0,0.0,0.0,0.0,0.0,0.0,0.0,0.0,0.0,0.0,0.0,0.0,0.0,0.0,0.0,0.0,0.0
2020-09-03,0.0,0.0,0.0,0.0,0.0,0.0,0.0,0.0,0.0,0.0,0.0,0.0,0.0,0.0,0.0,0.0,0.0,0.0
2020-09-04,0.0,0.0,0.0,0.0,0.0,0.0,0.0,0.0,0.0,0.0,0.0,0.0,0.0,0.0,0.0,0.0,0.0,0.0
2020-09-07,0.0,0.0,0.0,0.0,0.0,0.0,0.0,0.0,0.0,0.0,0.0,0.0,0.0,0.0,0.0,0.0,0.0,0.0
2020-09-08,0.0,0.0,0.0,0.0,0.0,0.0,0.0,0.0,0.0,0.0,0.0,0.0,0.0,0.0,0.0,0.0,0.0,0.0
2020-09-09,0.0,0.0,0.0,0.0,0.0,0.0,0.0,0.0,0.0,0.0,0.0,0.0,0.0,0.0,0.0,0.0,0.0,0.0
2020-09-10,0.0,0.0,0.0,0.0,0.0,0.0,0.0,0.0,0.0,0.0,0.0,0.0,0.0,0.0,0.0,0.0,0.0,0.0
2020-09-11,0.0,0.0,0.0,0.0,0.0,0.0,0.0,0.0,0.0,0.0,0.0,0.0,0.0,0.0,0.0,0.0,0.0,0.0
2020-09-14,0.0,0.0,0.0,0.0,0.0,0.0,0.0,0.0,0.0,0.0,0.0,0.0,0.0,0.0,0.0,0.0,0.0,0.0
2020-09-15,0.0,0.0,0.0,0.0,0.0,0.0,0.0,0.0,0.0,0.0,0.0,0.0,0.0,0.0,0.0,0.0,0.0,0.0
2020-09-16,0.0,0.0,0.0,0.0,0.0,0.0,0.0,0.0,0.0,0.0,0.0,0.0,0.0,0.0,0.0,0.0,0.0,0.0
2020-09-17,0.0,0.0,0.0,0.0,0.0,0.0,0.0,0.0,0.0,0.0,0.0,0.0,0.0,0.0,0.0,0.0,0.0,0.0
2020-09-18,0.0,0.0,0.0,0.0,0.0,0.0,0.0,0.0,0.0,0.0,0.0,0.0,0.0,0.0,0.0,0.0,0.0,0.0
2020-09-21,0.0,0.0,0.0,0.0,0.0,0.0,0.0,0.0,0.0,0.0,0.0,0.0,0.0,0.0,0.0,0.0,0.0,0.0
2020-09-22,0.0,0.0,0.0,0.0,0.0,0.0,0.0,0.0,0.0,0.0,0.0,0.0,0.0,0.0,0.0,0.0,0.0,0.0
2020-09-23,0.0,0.0,0.0,0.0,0.0,0.0,0.0,0.0,0.0,0.0,0.0,0.0,0.0,0.0,0.0,0.0,0.0,0.0
2020-09-24,0.0,0.0,0.0,0.0,0.0,0.0,0.0,0.0,0.0,0.0,0.0,0.0,0.0,0.0,0.0,0.0,0.0,0.0
2020-09-25,0.0,0.0,0.0,0.0,0.0,0.0,0.0,0.0,0.0,0.0,0.0,0.0,0.0,0.0,0.0,0.0,0.0,0.0
2020-09-28,0.0,0.0,0.0,0.0,0.0,0.0,0.0,0.0,0.0,0.0,0.0,0.0,0.0,0.0,0.0,0.0,0.0,0.0
2020-09-29,0.0,0.0,0.0,0.0,0.0,0.0,0.0,0.0,0.0,0.0,0.0,0.0,0.0,0.0,0.0,0.0,0.0,0.0
2020-09-30,0.0,0.0,0.0,0.0,0.0,0.0,0.0,0.0,0.0,0.0,0.0,0.0,0.0,0.0,0.0,0.0,0.0,0.0
2020-10-01,0.0,0.0,0.0,0.0,0.0,0.0,0.0,0.0,0.0,0.0,0.0,0.0,0.0,0.0,0.0,0.0,0.0,0.0
2020-10-02,0.0,0.0,0.0,0.0,0.0,0.0,0.0,0.0,0.0,0.0,0.0,0.0,0.0,0.0,0.0,0.0,0.0,0.0
2020-10-05,0.0,0.0,0.0,0.0,0.0,0.0,0.0,0.0,0.0,0.0,0.0,0.0,0.0,0.0,0.0,0.0,0.0,0.0
2020-10-06,0.0,0.0,0.0,0.0,0.0,0.0,0.0,0.0,0.0,0.0,0.0,0.0,0.0,0.0,0.0,0.0,0.0,0.0
2020-10-07,0.0,0.0,0.0,0.0,0.0,0.0,0.0,0.0,0.0,0.0,0.0,0.0,0.0,0.0,0.0,0.0,0.0,0.0
2020-10-08,0.0,0.0,0.0,0.0,0.0,0.0,0.0,0.0,0.0,0.0,0.0,0.0,0.0,0.0,0.0,0.0,0.0,0.0
2020-10-09,0.0,0.0,0.0,0.0,0.0,0.0,0.0,0.0,0.0,0.0,0.0,0.0,0.0,0.0,0.0,0.0,0.0,0.0
2020-10-12,0.0,0.0,0.0,0.0,0.0,0.0,0.0,0.0,0.0,0.0,0.0,0.0,0.0,0.0,0.0,0.0,0.0,0.0
2020-10-13,0.0,0.0,0.0,0.0,0.0,0.0,0.0,0.0,0.0,0.0,0.0,0.0,0.0,0.0,0.0,0.0,0.0,0.0
2020-10-14,0.0,0.0,0.0,0.0,0.0,0.0,0.0,0.0,0.0,0.0,0.0,0.0,0.0,0.0,0.0,0.0,0.0,0.0
2020-10-15,0.0,0.0,0.0,0.0,0.0,0.0,0.0,0.0,0.0,0.0,0.0,0.0,0.0,0.0,0.0,0.0,0.0,0.0
2020-10-16,0.0,0.0,0.0,0.0,0.0,0.0,0.0,0.0,0.0,0.0,0.0,0.0,0.0,0.0,0.0,0.0,0.0,0.0
2020-10-19,0.0,0.0,0.0,0.0,0.0,0.0,0.0,0.0,0.0,0.0,0.0,0.0,0.0,0.0,0.0,0.0,0.0,0.0
2020-10-20,0.0,0.0,0.0,0.0,0.0,0.0,0.0,0.0,0.0,0.0,0.0,0.0,0.0,0.0,0.0,0.0,0.0,0.0
2020-10-21,0.0,0.0,0.0,0.0,0.0,0.0,0.0,0.0,0.0,0.0,0.0,0.0,0.0,0.0,0.0,0.0,0.0,0.0
2020-10-22,0.0,0.0,0.0,0.0,0.0,0.0,0.0,0.0,0.0,0.0,0.0,0.0,0.0,0.0,0.0,0.0,0.0,0.0
2020-10-23,0.0,0.0,0.0,0.0,0.0,0.0,0.0,0.0,0.0,0.0,0.0,0.0,0.0,0.0,0.0,0.0,0.0,0.0
2020-10-26,0.0,0.0,0.0,0.0,0.0,0.0,0.0,0.0,0.0,0.0,0.0,0.0,0.0,0.0,0.0,0.0,0.0,0.0
2020-10-27,0.0,0.0,0.0,0.0,0.0,0.0,0.0,0.0,0.0,0.0,0.0,0.0,0.0,0.0,0.0,0.0,0.0,0.0
2020-10-28,0.0,0.0,0.0,0.0,0.0,0.0,0.0,0.0,0.0,0.0,0.0,0.0,0.0,0.0,0.0,0.0,0.0,0.0
2020-10-29,0.0,0.0,0.0,0.0,0.0,0.0,0.0,0.0,0.0,0.0,0.0,0.0,0.0,0.0,0.0,0.0,0.0,0.0
2020-10-30,0.0,0.0,0.0,0.0,0.0,0.0,0.0,0.0,0.0,0.0,0.0,0.0,0.0,0.0,0.0,0.0,0.0,0.0
2020-11-02,0.0,0.0,0.0,0.0,0.0,0.0,0.0,0.0,0.0,0.0,0.0,0.0,0.0,0.0,0.0,0.0,0.0,0.0
2020-11-03,0.0,0.0,0.0,0.0,0.0,0.0,0.0,0.0,0.0,0.0,0.0,0.0,0.0,0.0,0.0,0.0,0.0,0.0
2020-11-04,0.0,0.0,0.0,0.0,0.0,0.0,0.0,0.0,0.0,0.0,0.0,0.0,0.0,0.0,0.0,0.0,0.0,0.0
2020-11-05,0.0,0.0,0.0,0.0,0.0,0.0,0.0,0.0,0.0,0.0,0.0,0.0,0.0,0.0,0.0,0.0,0.0,0.0
2020-11-06,0.0,0.0,0.0,0.0,0.0,0.0,0.0,0.0,0.0,0.0,0.0,0.0,0.0,0.0,0.0,0.0,0.0,0.0
2020-11-09,0.0,0.0,0.0,0.0,0.0,0.0,0.0,0.0,0.0,0.0,0.0,0.0,0.0,0.0,0.0,0.0,0.0,0.0
2020-11-10,0.0,0.0,0.0,0.0,0.0,0.0,0.0,0.0,0.0,0.0,0.0,0.0,0.0,0.0,0.0,0.0,0.0,0.0
2020-11-11,0.0,0.0,0.0,0.0,0.0,0.0,0.0,0.0,0.0,0.0,0.0,0.0,0.0,0.0,0.0,0.0,0.0,0.0
2020-11-12,0.0,0.0,0.0,0.0,0.0,0.0,0.0,0.0,0.0,0.0,0.0,0.0,0.0,0.0,0.0,0.0,0.0,0.0
2020-11-13,0.0,0.0,0.0,0.0,0.0,0.0,0.0,0.0,0.0,0.0,0.0,0.0,0.0,0.0,0.0,0.0,0.0,0.0
2020-11-16,0.0,0.0,0.0,0.0,0.0,0.0,0.0,0.0,0.0,0.0,0.0,0.0,0.0,0.0,0.0,0.0,0.0,0.0
2020-11-17,0.0,0.0,0.0,0.0,0.0,0.0,0.0,0.0,0.0,0.0,0.0,0.0,0.0,0.0,0.0,0.0,0.0,0.0
2020-11-18,0.0,0.0,0.0,0.0,0.0,0.0,0.0,0.0,0.0,0.0,0.0,0.0,0.0,0.0,0.0,0.0,0.0,0.0
2020-11-19,0.0,0.0,0.0,0.0,0.0,0.0,0.0,0.0,0.0,0.0,0.0,0.0,0.0,0.0,0.0,0.0,0.0,0.0
2020-11-20,0.0,0.0,0.0,0.0,0.0,0.0,0.0,0.0,0.0,0.0,0.0,0.0,0.0,0.0,0.0,0.0,0.0,0.0
2020-11-23,0.0,0.0,0.0,0.0,0.0,0.0,0.0,0.0,0.0,0.0,0.0,0.0,0.0,0.0,0.0,0.0,0.0,0.0
2020-11-24,0.0,0.0,0.0,0.0,0.0,0.0,0.0,0.0,0.0,0.0,0.0,0.0,0.0,0.0,0.0,0.0,0.0,0.0
2020-11-25,0.0,0.0,0.0,0.0,0.0,0.0,0.0,0.0,0.0,0.0,0.0,0.0,0.0,0.0,0.0,0.0,0.0,0.0
2020-11-26,0.0,0.0,0.0,0.0,0.0,0.0,0.0,0.0,0.0,0.0,0.0,0.0,0.0,0.0,0.0,0.0,0.0,0.0
2020-11-27,0.0,0.0,0.0,0.0,0.0,0.0,0.0,0.0,0.0,0.0,0.0,0.0,0.0,0.0,0.0,0.0,0.0,0.0
2020-11-30,0.0,0.0,0.0,0.0,0.0,0.0,0.0,0.0,0.0,0.0,0.0,0.0,0.0,0.0,0.0,0.0,0.0,0.0
2020-12-01,0.0,0.0,0.0,0.0,0.0,0.0,0.0,0.0,0.0,0.0,0.0,0.0,0.0,0.0,0.0,0.0,0.0,0.0
2020-12-02,0.0,0.0,0.0,0.0,0.0,0.0,0.0,0.0,0.0,0.0,0.0,0.0,0.0,0.0,0.0,0.0,0.0,0.0
2020-12-03,0.0,0.0,0.0,0.0,0.0,0.0,0.0,0.0,0.0,0.0,0.0,0.0,0.0,0.0,0.0,0.0,0.0,0.0
2020-12-04,0.0,0.0,0.0,0.0,0.0,0.0,0.0,0.0,0.0,0.0,0.0,0.0,0.0,0.0,0.0,0.0,0.0,0.0
2020-12-07,0.0,0.0,0.0,0.0,0.0,0.0,0.0,0.0,0.0,0.0,0.0,0.0,0.0,0.0,0.0,0.0,0.0,0.0
2020-12-08,0.0,0.0,0.0,0.0,0.0,0.0,0.0,0.0,0.0,0.0,0.0,0.0,0.0,0.0,0.0,0.0,0.0,0.0
2020-12-09,0.0,0.0,0.0,0.0,0.0,0.0,0.0,0.0,0.0,0.0,0.0,0.0,0.0,0.0,0.0,0.0,0.0,0.0
2020-12-10,0.0,0.0,0.0,0.0,0.0,0.0,0.0,0.0,0.0,0.0,0.0,0.0,0.0,0.0,0.0,0.0,0.0,0.0
2020-12-11,0.0,0.0,0.0,0.0,0.0,0.0,0.0,0.0,0.0,0.0,0.0,0.0,0.0,0.0,0.0,0.0,0.0,0.0
2020-12-14,0.0,0.0,0.0,0.0,0.0,0.0,0.0,0.0,0.0,0.0,0.0,0.0,0.0,0.0,0.0,0.0,0.0,0.0
2020-12-15,0.0,0.0,0.0,0.0,0.0,0.0,0.0,0.0,0.0,0.0,0.0,0.0,0.0,0.0,0.0,0.0,0.0,0.0
2020-12-16,0.0,0.0,0.0,0.0,0.0,0.0,0.0,0.0,0.0,0.0,0.0,0.0,0.0,0.0,0.0,0.0,0.0,0.0
2020-12-17,0.0,0.0,0.0,0.0,0.0,0.0,0.0,0.0,0.0,0.0,0.0,0.0,0.0,0.0,0.0,0.0,0.0,0.0
2020-12-18,0.0,0.0,0.0,0.0,0.0,0.0,0.0,0.0,0.0,0.0,0.0,0.0,0.0,0.0,0.0,0.0,0.0,0.0
2020-12-21,0.0,0.0,0.0,0.0,0.0,0.0,0.0,0.0,0.0,0.0,0.0,0.0,0.0,0.0,0.0,0.0,0.0,0.0
2020-12-22,0.0,0.0,0.0,0.0,0.0,0.0,0.0,0.0,0.0,0.0,0.0,0.0,0.0,0.0,0.0,0.0,0.0,0.0
2020-12-23,0.0,0.0,0.0,0.0,0.0,0.0,0.0,0.0,0.0,0.0,0.0,0.0,0.0,0.0,0.0,0.0,0.0,0.0
2020-12-24,0.0,0.0,0.0,0.0,0.0,0.0,0.0,0.0,0.0,0.0,0.0,0.0,0.0,0.0,0.0,0.0,0.0,0.0
2020-12-25,0.0,0.0,0.0,0.0,0.0,0.0,0.0,0.0,0.0,0.0,0.0,0.0,0.0,0.0,0.0,0.0,0.0,0.0
2020-12-28,0.0,0.0,0.0,0.0,0.0,0.0,0.0,0.0,0.0,0.0,0.0,0.0,0.0,0.0,0.0,0.0,0.0,0.0
2020-12-29,0.0,0.0,0.0,0.0,0.0,0.0,0.0,0.0,0.0,0.0,0.0,0.0,0.0,0.0,0.0,0.0,0.0,0.0
2020-12-30,0.0,0.0,0.0,0.0,0.0,0.0,0.0,0.0,0.0,0.0,0.0,0.0,0.0,0.0,0.0,0.0,0.0,0.0
2020-12-31,0.0,0.0,0.0,0.0,0.0,0.0,0.0,0.0,0.0,0.0,0.0,0.0,0.0,0.0,0.0,0.0,0.0,0.0
2021-01-01,0.0,0.0,0.0,0.0,0.0,0.0,0.0,0.0,0.0,0.0,0.0,0.0,0.0,0.0,0.0,0.0,0.0,0.0
2021-01-04,0.0,0.0,0.0,0.0,0.0,0.0,0.0,0.0,0.0,0.0,0.0,0.0,0.0,0.0,0.0,0.0,0.0,0.0
2021-01-05,0.0,0.0,0.0,0.0,0.0,0.0,0.0,0.0,0.0,0.0,0.0,0.0,0.0,0.0,0.0,0.0,0.0,0.0
2021-01-06,0.0,0.0,0.0,0.0,0.0,0.0,0.0,0.0,0.0,0.0,0.0,0.0,0.0,0.0,0.0,0.0,0.0,0.0
2021-01-07,0.0,0.0,0.0,0.0,0.0,0.0,0.0,0.0,0.0,0.0,0.0,0.0,0.0,0.0,0.0,0.0,0.0,0.0
2021-01-08,0.0,0.0,0.0,0.0,0.0,0.0,0.0,0.0,0.0,0.0,0.0,0.0,0.0,0.0,0.0,0.0,0.0,0.0
2021-01-11,0.0,0.0,0.0,0.0,0.0,0.0,0.0,0.0,0.0,0.0,0.0,0.0,0.0,0.0,0.0,0.0,0.0,0.0
2021-01-12,0.0,0.0,0.0,0.0,0.0,0.0,0.0,0.0,0.0,0.0,0.0,0.0,0.0,0.0,0.0,0.0,0.0,0.0
2021-01-13,0.0,0.0,0.0,0.0,0.0,0.0,0.0,0.0,0.0,0.0,0.0,0.0,0.0,0.0,0.0,0.0,0.0,0.0
2021-01-14,0.0,0.0,0.0,0.0,0.0,0.0,0.0,0.0,0.0,0.0,0.0,0.0,0.0,0.0,0.0,0.0,0.0,0.0
2021-01-15,0.0,0.0,0.0,0.0,0.0,0.0,0.0,0.0,0.0,0.0,0.0,0.0,0.0,0.0,0.0,0.0,0.0,0.0
2021-01-18,0.0,0.0,0.0,0.0,0.0,0.0,0.0,0.0,0.0,0.0,0.0,0.0,0.0,0.0,0.0,0.0,0.0,0.0
2021-01-19,0.0,0.0,0.0,0.0,0.0,0.0,0.0,0.0,0.0,0.0,0.0,0.0,0.0,0.0,0.0,0.0,0.0,0.0
2021-01-20,0.0,0.0,0.0,0.0,0.0,0.0,0.0,0.0,0.0,0.0,0.0,0.0,0.0,0.0,0.0,0.0,0.0,0.0
2021-01-21,0.0,0.0,0.0,0.0,0.0,0.0,0.0,0.0,0.0,0.0,0.0,0.0,0.0,0.0,0.0,0.0,0.0,0.0
2021-01-22,0.0,0.0,0.0,0.0,0.0,0.0,0.0,0.0,0.0,0.0,0.0,0.0,0.0,0.0,0.0,0.0,0.0,0.0
2021-01-25,0.0,0.0,0.0,0.0,0.0,0.0,0.0,0.0,0.0,0.0,0.0,0.0,0.0,0.0,0.0,0.0,0.0,0.0
2021-01-26,0.0,0.0,0.0,0.0,0.0,0.0,0.0,0.0,0.0,0.0,0.0,0.0,0.0,0.0,0.0,0.0,0.0,0.0
2021-01-27,0.0,0.0,0.0,0.0,0.0,0.0,0.0,0.0,0.0,0.0,0.0,0.0,0.0,0.0,0.0,0.0,0.0,0.0
2021-01-28,0.0,0.0,0.0,0.0,0.0,0.0,0.0,0.0,0.0,0.0,0.0,0.0,0.0,0.0,0.0,0.0,0.0,0.0
2021-01-29,0.0,0.0,0.0,0.0,0.0,0.0,0.0,0.0,0.0,0.0,0.0,0.0,0.0,0.0,0.0,0.0,0.0,0.0
2021-02-01,0.0,0.0,0.0,0.0,0.0,0.0,0.0,0.0,0.0,0.0,0.0,0.0,0.0,0.0,0.0,0.0,0.0,0.0
2021-02-02,0.0,0.0,0.0,0.0,0.0,0.0,0.0,0.0,0.0,0.0,0.0,0.0,0.0,0.0,0.0,0.0,0.0,0.0
2021-02-03,0.0,0.0,0.0,0.0,0.0,0.0,0.0,0.0,0.0,0.0,0.0,0.0,0.0,0.0,0.0,0.0,0.0,0.0
2021-02-04,0.0,0.0,0.0,0.0,0.0,0.0,0.0,0.0,0.0,0.0,0.0,0.0,0.0,0.0,0.0,0.0,0.0,0.0
2021-02-05,0.0,0.0,0.0,0.0,0.0,0.0,0.0,0.0,0.0,0.0,0.0,0.0,0.0,0.0,0.0,0.0,0.0,0.0
2021-02-08,0.0,0.0,0.0,0.0,0.0,0.0,0.0,0.0,0.0,0.0,0.0,0.0,0.0,0.0,0.0,0.0,0.0,0.0
2021-02-09,0.0,0.0,0.0,0.0,0.0,0.0,0.0,0.0,0.0,0.0,0.0,0.0,0.0,0.0,0.0,0.0,0.0,0.0
2021-02-10,0.0,0.0,0.0,0.0,0.0,0.0,0.0,0.0,0.0,0.0,0.0,0.0,0.0,0.0,0.0,0.0,0.0,0.0
2021-02-11,0.0,0.0,0.0,0.0,0.0,0.0,0.0,0.0,0.0,0.0,0.0,0.0,0.0,0.0,0.0,0.0,0.0,0.0
2021-02-12,0.0,0.0,0.0,0.0,0.0,0.0,0.0,0.0,0.0,0.0,0.0,0.0,0.0,0.0,0.0,0.0,0.0,0.0
2021-02-15,0.0,0.0,0.0,0.0,0.0,0.0,0.0,0.0,0.0,0.0,0.0,0.0,0.0,0.0,0.0,0.0,0.0,0.0
2021-02-16,0.0,0.0,0.0,0.0,0.0,0.0,0.0,0.0,0.0,0.0,0.0,0.0,0.0,0.0,0.0,0.0,0.0,0.0
2021-02-17,0.0,0.0,0.0,0.0,0.0,0.0,0.0,0.0,0.0,0.0,0.0,0.0,0.0,0.0,0.0,0.0,0.0,0.0
2021-02-18,0.0,0.0,0.0,0.0,0.0,0.0,0.0,0.0,0.0,0.0,0.0,0.0,0.0,0.0,0.0,0.0,0.0,0.0
2021-02-19,0.0,0.0,0.0,0.0,0.0,0.0,0.0,0.0,0.0,0.0,0.0,0.0,0.0,0.0,0.0,0.0,0.0,0.0
2021-02-22,0.0,0.0,0.0,0.0,0.0,0.0,0.0,0.0,0.0,0.0,0.0,0.0,0.0,0.0,0.0,0.0,0.0,0.0
2021-02-23,0.0,0.0,0.0,0.0,0.0,0.0,0.0,0.0,0.0,0.0,0.0,0.0,0.0,0.0,0.0,0.0,0.0,0.0
2021-02-24,0.0,0.0,0.0,0.0,0.0,0.0,0.0,0.0,0.0,0.0,0.0,0.0,0.0,0.0,0.0,0.0,0.0,0.0
2021-02-25,0.0,0.0,0.0,0.0,0.0,0.0,0.0,0.0,0.0,0.0,0.0,0.0,0.0,0.0,0.0,0.0,0.0,0.0
2021-02-26,0.0,0.0,0.0,0.0,0.0,0.0,0.0,0.0,0.0,0.0,0.0,0.0,0.0,0.0,0.0,0.0,0.0,0.0
2021-03-01,0.0,0.0,0.0,0.0,0.0,0.0,0.0,0.0,0.0,0.0,0.0,0.0,0.0,0.0,0.0,0.0,0.0,0.0
2021-03-02,0.0,0.0,0.0,0.0,0.0,0.0,0.0,0.0,0.0,0.0,0.0,0.0,0.0,0.0,0.0,0.0,0.0,0.0
2021-03-03,0.0,0.0,0.0,0.0,0.0,0.0,0.0,0.0,0.0,0.0,0.0,0.0,0.0,0.0,0.0,0.0,0.0,0.0
2021-03-04,0.0,0.0,0.0,0.0,0.0,0.0,0.0,0.0,0.0,0.0,0.0,0.0,0.0,0.0,0.0,0.0,0.0,0.0
2021-03-05,0.0,0.0,0.0,0.0,0.0,0.0,0.0,0.0,0.0,0.0,0.0,0.0,0.0,0.0,0.0,0.0,0.0,0.0
2021-03-08,0.0,0.0,0.0,0.0,0.0,0.0,0.0,0.0,0.0,0.0,0.0,0.0,0.0,0.0,0.0,0.0,0.0,0.0
2021-03-09,0.0,0.0,0.0,0.0,0.0,0.0,0.0,0.0,0.0,0.0,0.0,0.0,0.0,0.0,0.0,0.0,0.0,0.0
2021-03-10,0.0,0.0,0.0,0.0,0.0,0.0,0.0,0.0,0.0,0.0,0.0,0.0,0.0,0.0,0.0,0.0,0.0,0.0
2021-03-11,0.0,0.0,0.0,0.0,0.0,0.0,0.0,0.0,0.0,0.0,0.0,0.0,0.0,0.0,0.0,0.0,0.0,0.0
2021-03-12,0.0,0.0,0.0,0.0,0.0,0.0,0.0,0.0,0.0,0.0,0.0,0.0,0.0,0.0,0.0,0.0,0.0,0.0
2021-03-15,0.0,0.0,0.0,0.0,0.0,0.0,0.0,0.0,0.0,0.0,0.0,0.0,0.0,0.0,0.0,0.0,0.0,0.0
2021-03-16,0.0,0.0,0.0,0.0,0.0,0.0,0.0,0.0,0.0,0.0,0.0,0.0,0.0,0.0,0.0,0.0,0.0,0.0
2021-03-17,0.0,0.0,0.0,0.0,0.0,0.0,0.0,0.0,0.0,0.0,0.0,0.0,0.0,0.0,0.0,0.0,0.0,0.0
2021-03-18,0.0,0.0,0.0,0.0,0.0,0.0,0.0,0.0,0.0,0.0,0.0,0.0,0.0,0.0,0.0,0.0,0.0,0.0
2021-03-19,0.0,0.0,0.0,0.0,0.0,0.0,0.0,0.0,0.0,0.0,0.0,0.0,0.0,0.0,0.0,0.0,0.0,0.0
2021-03-22,0.0,0.0,0.0,0.0,0.0,0.0,0.0,0.0,0.0,0.0,0.0,0.0,0.0,0.0,0.0,0.0,0.0,0.0
2021-03-23,0.0,0.0,0.0,0.0,0.0,0.0,0.0,0.0,0.0,0.0,0.0,0.0,0.0,0.0,0.0,0.0,0.0,0.0
2021-03-24,0.0,0.0,0.0,0.0,0.0,0.0,0.0,0.0,0.0,0.0,0.0,0.0,0.0,0.0,0.0,0.0,0.0,0.0
2021-03-25,0.0,0.0,0.0,0.0,0.0,0.0,0.0,0.0,0.0,0.0,0.0,0.0,0.0,0.0,0.0,0.0,0.0,0.0
2021-03-26,0.0,0.0,0.0,0.0,0.0,0.0,0.0,0.0,0.0,0.0,0.0,0.0,0.0,0.0,0.0,0.0,0.0,0.0
2021-03-29,0.0,0.0,0.0,0.0,0.0,0.0,0.0,0.0,0.0,0.0,0.0,0.0,0.0,0.0,0.0,0.0,0.0,0.0
2021-03-30,0.0,0.0,0.0,0.0,0.0,0.0,0.0,0.0,0.0,0.0,0.0,0.0,0.0,0.0,0.0,0.0,0.0,0.0
2021-03-31,0.0,0.0,0.0,0.0,0.0,0.0,0.0,0.0,0.0,0.0,0.0,0.0,0.0,0.0,0.0,0.0,0.0,0.0
2021-04-01,0.0,0.0,0.0,0.0,0.0,0.0,0.0,0.0,0.0,0.0,0.0,0.0,0.0,0.0,0.0,0.0,0.0,0.0
2021-04-02,0.0,0.0,0.0,0.0,0.0,0.0,0.0,0.0,0.0,0.0,0.0,0.0,0.0,0.0,0.0,0.0,0.0,0.0
2021-04-05,0.0,0.0,0.0,0.0,0.0,0.0,0.0,0.0,0.0,0.0,0.0,0.0,0.0,0.0,0.0,0.0,0.0,0.0
2021-04-06,0.0,0.0,0.0,0.0,0.0,0.0,0.0,0.0,0.0,0.0,0.0,0.0,0.0,0.0,0.0,0.0,0.0,0.0
2021-04-07,0.0,0.0,0.0,0.0,0.0,0.0,0.0,0.0,0.0,0.0,0.0,0.0,0.0,0.0,0.0,0.0,0.0,0.0
2021-04-08,0.0,0.0,0.0,0.0,0.0,0.0,0.0,0.0,0.0,0.0,0.0,0.0,0.0,0.0,0.0,0.0,0.0,0.0
2021-04-09,0.0,0.0,0.0,0.0,0.0,0.0,0.0,0.0,0.0,0.0,0.0,0.0,0.0,0.0,0.0,0.0,0.0,0.0
2021-04-12,0.0,0.0,0.0,0.0,0.0,0.0,0.0,0.0,0.0,0.0,0.0,0.0,0.0,0.0,0.0,0.0,0.0,0.0
2021-04-13,0.0,0.0,0.0,0.0,0.0,0.0,0.0,0.0,0.0,0.0,0.0,0.0,0.0,0.0,0.0,0.0,0.0,0.0
2021-04-14,0.0,0.0,0.0,0.0,0.0,0.0,0.0,0.0,0.0,0.0,0.0,0.0,0.0,0.0,0.0,0.0,0.0,0.0
2021-04-15,0.0,0.0,0.0,0.0,0.0,0.0,0.0,0.0,0.0,0.0,0.0,0.0,0.0,0.0,0.0,0.0,0.0,0.0
2021-04-16,0.0,0.0,0.0,0.0,0.0,0.0,0.0,0.0,0.0,0.0,0.0,0.0,0.0,0.0,0.0,0.0,0.0,0.0
2021-04-19,0.0,0.0,0.0,0.0,0.0,0.0,0.0,0.0,0.0,0.0,0.0,0.0,0.0,0.0,0.0,0.0,0.0,0.0
2021-04-20,0.0,0.0,0.0,0.0,0.0,0.0,0.0,0.0,0.0,0.0,0.0,0.0,0.0,0.0,0.0,0.0,0.0,0.0
2021-04-21,0.0,0.0,0.0,0.0,0.0,0.0,0.0,0.0,0.0,0.0,0.0,0.0,0.0,0.0,0.0,0.0,0.0,0.0
2021-04-22,0.0,0.0,0.0,0.0,0.0,0.0,0.0,0.0,0.0,0.0,0.0,0.0,0.0,0.0,0.0,0.0,0.0,0.0
2021-04-23,0.0,0.0,0.0,0.0,0.0,0.0,0.0,0.0,0.0,0.0,0.0,0.0,0.0,0.0,0.0,0.0,0.0,0.0
2021-04-26,0.0,0.0,0.0,0.0,0.0,0.0,0.0,0.0,0.0,0.0,0.0,0.0,0.0,0.0,0.0,0.0,0.0,0.0
2021-04-27,0.0,0.0,0.0,0.0,0.0,0.0,0.0,0.0,0.0,0.0,0.0,0.0,0.0,0.0,0.0,0.0,0.0,0.0
2021-04-28,0.0,0.0,0.0,0.0,0.0,0.0,0.0,0.0,0.0,0.0,0.0,0.0,0.0,0.0,0.0,0.0,0.0,0.0
2021-04-29,0.0,0.0,0.0,0.0,0.0,0.0,0.0,0.0,0.0,0.0,0.0,0.0,0.0,0.0,0.0,0.0,0.0,0.0
2021-04-30,0.0,0.0,0.0,0.0,0.0,0.0,0.0,0.0,0.0,0.0,0.0,0.0,0.0,0.0,0.0,0.0,0.0,0.0
2021-05-03,0.0,0.0,0.0,0.0,0.0,0.0,0.0,0.0,0.0,0.0,0.0,0.0,0.0,0.0,0.0,0.0,0.0,0.0
2021-05-04,0.0,0.0,0.0,0.0,0.0,0.0,0.0,0.0,0.0,0.0,0.0,0.0,0.0,0.0,0.0,0.0,0.0,0.0
2021-05-05,0.0,0.0,0.0,0.0,0.0,0.0,0.0,0.0,0.0,0.0,0.0,0.0,0.0,0.0,0.0,0.0,0.0,0.0
2021-05-06,0.0,0.0,0.0,0.0,0.0,0.0,0.0,0.0,0.0,0.0,0.0,0.0,0.0,0.0,0.0,0.0,0.0,0.0
2021-05-07,0.0,0.0,0.0,0.0,0.0,0.0,0.0,0.0,0.0,0.0,0.0,0.0,0.0,0.0,0.0,0.0,0.0,0.0
2021-05-10,0.0,0.0,0.0,0.0,0.0,0.0,0.0,0.0,0.0,0.0,0.0,0.0,0.0,0.0,0.0,0.0,0.0,0.0
2021-05-11,0.0,0.0,0.0,0.0,0.0,0.0,0.0,0.0,0.0,0.0,0.0,0.0,0.0,0.0,0.0,0.0,0.0,0.0
2021-05-12,0.0,0.0,0.0,0.0,0.0,0.0,0.0,0.0,0.0,0.0,0.0,0.0,0.0,0.0,0.0,0.0,0.0,0.0
2021-05-13,0.0,0.0,0.0,0.0,0.0,0.0,0.0,0.0,0.0,0.0,0.0,0.0,0.0,0.0,0.0,0.0,0.0,0.0
2021-05-14,0.0,0.0,0.0,0.0,0.0,0.0,0.0,0.0,0.0,0.0,0.0,0.0,0.0,0.0,0.0,0.0,0.0,0.0
2021-05-17,0.0,0.0,0.0,0.0,0.0,0.0,0.0,0.0,0.0,0.0,0.0,0.0,0.0,0.0,0.0,0.0,0.0,0.0
2021-05-18,0.0,0.0,0.0,0.0,0.0,0.0,0.0,0.0,0.0,0.0,0.0,0.0,0.0,0.0,0.0,0.0,0.0,0.0
2021-05-19,0.0,0.0,0.0,0.0,0.0,0.0,0.0,0.0,0.0,0.0,0.0,0.0,0.0,0.0,0.0,0.0,0.0,0.0
2021-05-20,0.0,0.0,0.0,0.0,0.0,0.0,0.0,0.0,0.0,0.0,0.0,0.0,0.0,0.0,0.0,0.0,0.0,0.0
2021-05-21,0.0,0.0,0.0,0.0,0.0,0.0,0.0,0.0,0.0,0.0,0.0,0.0,0.0,0.0,0.0,0.0,0.0,0.0
2021-05-24,0.0,0.0,0.0,0.0,0.0,0.0,0.0,0.0,0.0,0.0,0.0,0.0,0.0,0.0,0.0,0.0,0.0,0.0
2021-05-25,0.0,0.0,0.0,0.0,0.0,0.0,0.0,0.0,0.0,0.0,0.0,0.0,0.0,0.0,0.0,0.0,0.0,0.0
2021-05-26,0.0,0.0,0.0,0.0,0.0,0.0,0.0,0.0,0.0,0.0,0.0,0.0,0.0,0.0,0.0,0.0,0.0,0.0
2021-05-27,0.0,0.0,0.0,0.0,0.0,0.0,0.0,0.0,0.0,0.0,0.0,0.0,0.0,0.0,0.0,0.0,0.0,0.0
2021-05-28,0.0,0.0,0.0,0.0,0.0,0.0,0.0,0.0,0.0,0.0,0.0,0.0,0.0,0.0,0.0,0.0,0.0,0.0
2021-05-31,0.0,0.0,0.0,0.0,0.0,0.0,0.0,0.0,0.0,0.0,0.0,0.0,0.0,0.0,0.0,0.0,0.0,0.0
2021-06-01,0.0,0.0,0.0,0.0,0.0,0.0,0.0,0.0,0.0,0.0,0.0,0.0,0.0,0.0,0.0,0.0,0.0,0.0
2021-06-02,0.0,0.0,0.0,0.0,0.0,0.0,0.0,0.0,0.0,0.0,0.0,0.0,0.0,0.0,0.0,0.0,0.0,0.0
2021-06-03,0.0,0.0,0.0,0.0,0.0,0.0,0.0,0.0,0.0,0.0,0.0,0.0,0.0,0.0,0.0,0.0,0.0,0.0
2021-06-04,0.0,0.0,0.0,0.0,0.0,0.0,0.0,0.0,0.0,0.0,0.0,0.0,0.0,0.0,0.0,0.0,0.0,0.0
2021-06-07,0.0,0.0,0.0,0.0,0.0,0.0,0.0,0.0,0.0,0.0,0.0,0.0,0.0,0.0,0.0,0.0,0.0,0.0
2021-06-08,0.0,0.0,0.0,0.0,0.0,0.0,0.0,0.0,0.0,0.0,0.0,0.0,0.0,0.0,0.0,0.0,0.0,0.0
2021-06-09,0.0,0.0,0.0,0.0,0.0,0.0,0.0,0.0,0.0,0.0,0.0,0.0,0.0,0.0,0.0,0.0,0.0,0.0
2021-06-10,0.0,0.0,0.0,0.0,0.0,0.0,0.0,0.0,0.0,0.0,0.0,0.0,0.0,0.0,0.0,0.0,0.0,0.0
2021-06-11,0.0,0.0,0.0,0.0,0.0,0.0,0.0,0.0,0.0,0.0,0.0,0.0,0.0,0.0,0.0,0.0,0.0,0.0
2021-06-14,0.0,0.0,0.0,0.0,0.0,0.0,0.0,0.0,0.0,0.0,0.0,0.0,0.0,0.0,0.0,0.0,0.0,0.0
2021-06-15,0.0,0.0,0.0,0.0,0.0,0.0,0.0,0.0,0.0,0.0,0.0,0.0,0.0,0.0,0.0,0.0,0.0,0.0
2021-06-16,0.0,0.0,0.0,0.0,0.0,0.0,0.0,0.0,0.0,0.0,0.0,0.0,0.0,0.0,0.0,0.0,0.0,0.0
2021-06-17,0.0,0.0,0.0,0.0,0.0,0.0,0.0,0.0,0.0,0.0,0.0,0.0,0.0,0.0,0.0,0.0,0.0,0.0
2021-06-18,0.0,0.0,0.0,0.0,0.0,0.0,0.0,0.0,0.0,0.0,0.0,0.0,0.0,0.0,0.0,0.0,0.0,0.0
2021-06-21,0.0,0.0,0.0,0.0,0.0,0.0,0.0,0.0,0.0,0.0,0.0,0.0,0.0,0.0,0.0,0.0,0.0,0.0
2021-06-22,0.0,0.0,0.0,0.0,0.0,0.0,0.0,0.0,0.0,0.0,0.0,0.0,0.0,0.0,0.0,0.0,0.0,0.0
2021-06-23,0.0,0.0,0.0,0.0,0.0,0.0,0.0,0.0,0.0,0.0,0.0,0.0,0.0,0.0,0.0,0.0,0.0,0.0
2021-06-24,0.0,0.0,0.0,0.0,0.0,0.0,0.0,0.0,0.0,0.0,0.0,0.0,0.0,0.0,0.0,0.0,0.0,0.0
2021-06-25,0.0,0.0,0.0,0.0,0.0,0.0,0.0,0.0,0.0,0.0,0.0,0.0,0.0,0.0,0.0,0.0,0.0,0.0
2021-06-28,0.0,0.0,0.0,0.0,0.0,0.0,0.0,0.0,0.0,0.0,0.0,0.0,0.0,0.0,0.0,0.0,0.0,0.0
2021-06-29,0.0,0.0,0.0,0.0,0.0,0.0,0.0,0.0,0.0,0.0,0.0,0.0,0.0,0.0,0.0,0.0,0.0,0.0
2021-06-30,0.0,0.0,0.0,0.0,0.0,0.0,0.0,0.0,0.0,0.0,0.0,0.0,0.0,0.0,0.0,0.0,0.0,0.0
2021-07-01,0.0,0.0,0.0,0.0,0.0,0.0,0.0,0.0,0.0,0.0,0.0,0.0,0.0,0.0,0.0,0.0,0.0,0.0
2021-07-02,0.0,0.0,0.0,0.0,0.0,0.0,0.0,0.0,0.0,0.0,0.0,0.0,0.0,0.0,0.0,0.0,0.0,0.0
2021-07-05,0.0,0.0,0.0,0.0,0.0,0.0,0.0,0.0,0.0,0.0,0.0,0.0,0.0,0.0,0.0,0.0,0.0,0.0
2021-07-06,0.0,0.0,0.0,0.0,0.0,0.0,0.0,0.0,0.0,0.0,0.0,0.0,0.0,0.0,0.0,0.0,0.0,0.0
2021-07-07,0.0,0.0,0.0,0.0,0.0,0.0,0.0,0.0,0.0,0.0,0.0,0.0,0.0,0.0,0.0,0.0,0.0,0.0
2021-07-08,0.0,0.0,0.0,0.0,0.0,0.0,0.0,0.0,0.0,0.0,0.0,0.0,0.0,0.0,0.0,0.0,0.0,0.0
2021-07-09,0.0,0.0,0.0,0.0,0.0,0.0,0.0,0.0,0.0,0.0,0.0,0.0,0.0,0.0,0.0,0.0,0.0,0.0
2021-07-12,0.0,0.0,0.0,0.0,0.0,0.0,0.0,0.0,0.0,0.0,0.0,0.0,0.0,0.0,0.0,0.0,0.0,0.0
2021-07-13,0.0,0.0,0.0,0.0,0.0,0.0,0.0,0.0,0.0,0.0,0.0,0.0,0.0,0.0,0.0,0.0,0.0,0.0
2021-07-14,0.0,0.0,0.0,0.0,0.0,0.0,0.0,0.0,0.0,0.0,0.0,0.0,0.0,0.0,0.0,0.0,0.0,0.0
2021-07-15,0.0,0.0,0.0,0.0,0.0,0.0,0.0,0.0,0.0,0.0,0.0,0.0,0.0,0.0,0.0,0.0,0.0,0.0
2021-07-16,0.0,0.0,0.0,0.0,0.0,0.0,0.0,0.0,0.0,0.0,0.0,0.0,0.0,0.0,0.0,0.0,0.0,0.0
2021-07-19,0.0,0.0,0.0,0.0,0.0,0.0,0.0,0.0,0.0,0.0,0.0,0.0,0.0,0.0,0.0,0.0,0.0,0.0
2021-07-20,0.0,0.0,0.0,0.0,0.0,0.0,0.0,0.0,0.0,0.0,0.0,0.0,0.0,0.0,0.0,0.0,0.0,0.0
2021-07-21,0.0,0.0,0.0,0.0,0.0,0.0,0.0,0.0,0.0,0.0,0.0,0.0,0.0,0.0,0.0,0.0,0.0,0.0
2021-07-22,0.0,0.0,0.0,0.0,0.0,0.0,0.0,0.0,0.0,0.0,0.0,0.0,0.0,0.0,0.0,0.0,0.0,0.0
2021-07-23,0.0,0.0,0.0,0.0,0.0,0.0,0.0,0.0,0.0,0.0,0.0,0.0,0.0,0.0,0.0,0.0,0.0,0.0
2021-07-26,0.0,0.0,0.0,0.0,0.0,0.0,0.0,0.0,0.0,0.0,0.0,0.0,0.0,0.0,0.0,0.0,0.0,0.0
2021-07-27,0.0,0.0,0.0,0.0,0.0,0.0,0.0,0.0,0.0,0.0,0.0,0.0,0.0,0.0,0.0,0.0,0.0,0.0
2021-07-28,0.0,0.0,0.0,0.0,0.0,0.0,0.0,0.0,0.0,0.0,0.0,0.0,0.0,0.0,0.0,0.0,0.0,0.0
2021-07-29,0.0,0.0,0.0,0.0,0.0,0.0,0.0,0.0,0.0,0.0,0.0,0.0,0.0,0.0,0.0,0.0,0.0,0.0
2021-07-30,0.0,0.0,0.0,0.0,0.0,0.0,0.0,0.0,0.0,0.0,0.0,0.0,0.0,0.0,0.0,0.0,0.0,0.0
2021-08-02,0.0,0.0,0.0,0.0,0.0,0.0,0.0,0.0,0.0,0.0,0.0,0.0,0.0,0.0,0.0,0.0,0.0,0.0
2021-08-03,0.0,0.0,0.0,0.0,0.0,0.0,0.0,0.0,0.0,0.0,0.0,0.0,0.0,0.0,0.0,0.0,0.0,0.0
2021-08-04,0.0,0.0,0.0,0.0,0.0,0.0,0.0,0.0,0.0,0.0,0.0,0.0,0.0,0.0,0.0,0.0,0.0,0.0
2021-08-05,0.0,0.0,0.0,0.0,0.0,0.0,0.0,0.0,0.0,0.0,0.0,0.0,0.0,0.0,0.0,0.0,0.0,0.0
2021-08-06,0.0,0.0,0.0,0.0,0.0,0.0,0.0,0.0,0.0,0.0,0.0,0.0,0.0,0.0,0.0,0.0,0.0,0.0
2021-08-09,0.0,0.0,0.0,0.0,0.0,0.0,0.0,0.0,0.0,0.0,0.0,0.0,0.0,0.0,0.0,0.0,0.0,0.0
2021-08-10,0.0,0.0,0.0,0.0,0.0,0.0,0.0,0.0,0.0,0.0,0.0,0.0,0.0,0.0,0.0,0.0,0.0,0.0
2021-08-11,0.0,0.0,0.0,0.0,0.0,0.0,0.0,0.0,0.0,0.0,0.0,0.0,0.0,0.0,0.0,0.0,0.0,0.0
2021-08-12,0.0,0.0,0.0,0.0,0.0,0.0,0.0,0.0,0.0,0.0,0.0,0.0,0.0,0.0,0.0,0.0,0.0,0.0
2021-08-13,0.0,0.0,0.0,0.0,0.0,0.0,0.0,0.0,0.0,0.0,0.0,0.0,0.0,0.0,0.0,0.0,0.0,0.0
2021-08-16,0.0,0.0,0.0,0.0,0.0,0.0,0.0,0.0,0.0,0.0,0.0,0.0,0.0,0.0,0.0,0.0,0.0,0.0
2021-08-17,0.0,0.0,0.0,0.0,0.0,0.0,0.0,0.0,0.0,0.0,0.0,0.0,0.0,0.0,0.0,0.0,0.0,0.0
2021-08-18,0.0,0.0,0.0,0.0,0.0,0.0,0.0,0.0,0.0,0.0,0.0,0.0,0.0,0.0,0.0,0.0,0.0,0.0
2021-08-19,0.0,0.0,0.0,0.0,0.0,0.0,0.0,0.0,0.0,0.0,0.0,0.0,0.0,0.0,0.0,0.0,0.0,0.0
2021-08-20,0.0,0.0,0.0,0.0,0.0,0.0,0.0,0.0,0.0,0.0,0.0,0.0,0.0,0.0,0.0,0.0,0.0,0.0
2021-08-23,0.0,0.0,0.0,0.0,0.0,0.0,0.0,0.0,0.0,0.0,0.0,0.0,0.0,0.0,0.0,0.0,0.0,0.0
2021-08-24,0.0,0.0,0.0,0.0,0.0,0.0,0.0,0.0,0.0,0.0,0.0,0.0,0.0,0.0,0.0,0.0,0.0,0.0
2021-08-25,0.0,0.0,0.0,0.0,0.0,0.0,0.0,0.0,0.0,0.0,0.0,0.0,0.0,0.0,0.0,0.0,0.0,0.0
2021-08-26,0.0,0.0,0.0,0.0,0.0,0.0,0.0,0.0,0.0,0.0,0.0,0.0,0.0,0.0,0.0,0.0,0.0,0.0
2021-08-27,0.0,0.0,0.0,0.0,0.0,0.0,0.0,0.0,0.0,0.0,0.0,0.0,0.0,0.0,0.0,0.0,0.0,0.0
2021-08-30,0.0,0.0,0.0,0.0,0.0,0.0,0.0,0.0,0.0,0.0,0.0,0.0,0.0,0.0,0.0,0.0,0.0,0.0
2021-08-31,0.0,0.0,0.0,0.0,0.0,0.0,0.0,0.0,0.0,0.0,0.0,0.0,0.0,0.0,0.0,0.0,0.0,0.0
2021-09-01,0.0,0.0,0.0,0.0,0.0,0.0,0.0,0.0,0.0,0.0,0.0,0.0,0.0,0.0,0.0,0.0,0.0,0.0
2021-09-02,0.0,0.0,0.0,0.0,0.0,0.0,0.0,0.0,0.0,0.0,0.0,0.0,0.0,0.0,0.0,0.0,0.0,0.0
2021-09-03,0.0,0.0,0.0,0.0,0.0,0.0,0.0,0.0,0.0,0.0,0.0,0.0,0.0,0.0,0.0,0.0,0.0,0.0
2021-09-06,0.0,0.0,0.0,0.0,0.0,0.0,0.0,0.0,0.0,0.0,0.0,0.0,0.0,0.0,0.0,0.0,0.0,0.0
2021-09-07,0.0,0.0,0.0,0.0,0.0,0.0,0.0,0.0,0.0,0.0,0.0,0.0,0.0,0.0,0.0,0.0,0.0,0.0
2021-09-08,0.0,0.0,0.0,0.0,0.0,0.0,0.0,0.0,0.0,0.0,0.0,0.0,0.0,0.0,0.0,0.0,0.0,0.0
2021-09-09,0.0,0.0,0.0,0.0,0.0,0.0,0.0,0.0,0.0,0.0,0.0,0.0,0.0,0.0,0.0,0.0,0.0,0.0
2021-09-10,0.0,0.0,0.0,0.0,0.0,0.0,0.0,0.0,0.0,0.0,0.0,0.0,0.0,0.0,0.0,0.0,0.0,0.0
2021-09-13,0.0,0.0,0.0,0.0,0.0,0.0,0.0,0.0,0.0,0.0,0.0,0.0,0.0,0.0,0.0,0.0,0.0,0.0
2021-09-14,0.0,0.0,0.0,0.0,0.0,0.0,0.0,0.0,0.0,0.0,0.0,0.0,0.0,0.0,0.0,0.0,0.0,0.0
2021-09-15,0.0,0.0,0.0,0.0,0.0,0.0,0.0,0.0,0.0,0.0,0.0,0.0,0.0,0.0,0.0,0.0,0.0,0.0
2021-09-16,0.0,0.0,0.0,0.0,0.0,0.0,0.0,0.0,0.0,0.0,0.0,0.0,0.0,0.0,0.0,0.0,0.0,0.0
2021-09-17,0.0,0.0,0.0,0.0,0.0,0.0,0.0,0.0,0.0,0.0,0.0,0.0,0.0,0.0,0.0,0.0,0.0,0.0
2021-09-20,0.0,0.0,0.0,0.0,0.0,0.0,0.0,0.0,0.0,0.0,0.0,0.0,0.0,0.0,0.0,0.0,0.0,0.0
2021-09-21,0.0,0.0,0.0,0.0,0.0,0.0,0.0,0.0,0.0,0.0,0.0,0.0,0.0,0.0,0.0,0.0,0.0,0.0
2021-09-22,0.0,0.0,0.0,0.0,0.0,0.0,0.0,0.0,0.0,0.0,0.0,0.0,0.0,0.0,0.0,0.0,0.0,0.0
2021-09-23,0.0,0.0,0.0,0.0,0.0,0.0,0.0,0.0,0.0,0.0,0.0,0.0,0.0,0.0,0.0,0.0,0.0,0.0
2021-09-24,0.0,0.0,0.0,0.0,0.0,0.0,0.0,0.0,0.0,0.0,0.0,0.0,0.0,0.0,0.0,0.0,0.0,0.0
2021-09-27,0.0,0.0,0.0,0.0,0.0,0.0,0.0,0.0,0.0,0.0,0.0,0.0,0.0,0.0,0.0,0.0,0.0,0.0
2021-09-28,0.0,0.0,0.0,0.0,0.0,0.0,0.0,0.0,0.0,0.0,0.0,0.0,0.0,0.0,0.0,0.0,0.0,0.0
2021-09-29,0.0,0.0,0.0,0.0,0.0,0.0,0.0,0.0,0.0,0.0,0.0,0.0,0.0,0.0,0.0,0.0,0.0,0.0
2021-09-30,0.0,0.0,0.0,0.0,0.0,0.0,0.0,0.0,0.0,0.0,0.0,0.0,0.0,0.0,0.0,0.0,0.0,0.0
2021-10-01,0.0,0.0,0.0,0.0,0.0,0.0,0.0,0.0,0.0,0.0,0.0,0.0,0.0,0.0,0.0,0.0,0.0,0.0
2021-10-04,0.0,0.0,0.0,0.0,0.0,0.0,0.0,0.0,0.0,0.0,0.0,0.0,0.0,0.0,0.0,0.0,0.0,0.0
2021-10-05,0.0,0.0,0.0,0.0,0.0,0.0,0.0,0.0,0.0,0.0,0.0,0.0,0.0,0.0,0.0,0.0,0.0,0.0
2021-10-06,0.0,0.0,0.0,0.0,0.0,0.0,0.0,0.0,0.0,0.0,0.0,0.0,0.0,0.0,0.0,0.0,0.0,0.0
2021-10-07,0.0,0.0,0.0,0.0,0.0,0.0,0.0,0.0,0.0,0.0,0.0,0.0,0.0,0.0,0.0,0.0,0.0,0.0
2021-10-08,0.0,0.0,0.0,0.0,0.0,0.0,0.0,0.0,0.0,0.0,0.0,0.0,0.0,0.0,0.0,0.0,0.0,0.0
2021-10-11,0.0,0.0,0.0,0.0,0.0,0.0,0.0,0.0,0.0,0.0,0.0,0.0,0.0,0.0,0.0,0.0,0.0,0.0
2021-10-12,0.0,0.0,0.0,0.0,0.0,0.0,0.0,0.0,0.0,0.0,0.0,0.0,0.0,0.0,0.0,0.0,0.0,0.0
2021-10-13,0.0,0.0,0.0,0.0,0.0,0.0,0.0,0.0,0.0,0.0,0.0,0.0,0.0,0.0,0.0,0.0,0.0,0.0
2021-10-14,0.0,0.0,0.0,0.0,0.0,0.0,0.0,0.0,0.0,0.0,0.0,0.0,0.0,0.0,0.0,0.0,0.0,0.0
2021-10-15,0.0,0.0,0.0,0.0,0.0,0.0,0.0,0.0,0.0,0.0,0.0,0.0,0.0,0.0,0.0,0.0,0.0,0.0
2021-10-18,0.0,0.0,0.0,0.0,0.0,0.0,0.0,0.0,0.0,0.0,0.0,0.0,0.0,0.0,0.0,0.0,0.0,0.0
2021-10-19,0.0,0.0,0.0,0.0,0.0,0.0,0.0,0.0,0.0,0.0,0.0,0.0,0.0,0.0,0.0,0.0,0.0,0.0
2021-10-20,0.0,0.0,0.0,0.0,0.0,0.0,0.0,0.0,0.0,0.0,0.0,0.0,0.0,0.0,0.0,0.0,0.0,0.0
2021-10-21,0.0,0.0,0.0,0.0,0.0,0.0,0.0,0.0,0.0,0.0,0.0,0.0,0.0,0.0,0.0,0.0,0.0,0.0
2021-10-22,0.0,0.0,0.0,0.0,0.0,0.0,0.0,0.0,0.0,0.0,0.0,0.0,0.0,0.0,0.0,0.0,0.0,0.0
2021-10-25,0.0,0.0,0.0,0.0,0.0,0.0,0.0,0.0,0.0,0.0,0.0,0.0,0.0,0.0,0.0,0.0,0.0,0.0
2021-10-26,0.0,0.0,0.0,0.0,0.0,0.0,0.0,0.0,0.0,0.0,0.0,0.0,0.0,0.0,0.0,0.0,0.0,0.0
2021-10-27,0.0,0.0,0.0,0.0,0.0,0.0,0.0,0.0,0.0,0.0,0.0,0.0,0.0,0.0,0.0,0.0,0.0,0.0
2021-10-28,0.0,0.0,0.0,0.0,0.0,0.0,0.0,0.0,0.0,0.0,0.0,0.0,0.0,0.0,0.0,0.0,0.0,0.0
2021-10-29,0.0,0.0,0.0,0.0,0.0,0.0,0.0,0.0,0.0,0.0,0.0,0.0,0.0,0.0,0.0,0.0,0.0,0.0
2021-11-01,0.0,0.0,0.0,0.0,0.0,0.0,0.0,0.0,0.0,0.0,0.0,0.0,0.0,0.0,0.0,0.0,0.0,0.0
2021-11-02,0.0,0.0,0.0,0.0,0.0,0.0,0.0,0.0,0.0,0.0,0.0,0.0,0.0,0.0,0.0,0.0,0.0,0.0
2021-11-03,0.0,0.0,0.0,0.0,0.0,0.0,0.0,0.0,0.0,0.0,0.0,0.0,0.0,0.0,0.0,0.0,0.0,0.0
2021-11-04,0.0,0.0,0.0,0.0,0.0,0.0,0.0,0.0,0.0,0.0,0.0,0.0,0.0,0.0,0.0,0.0,0.0,0.0
2021-11-05,0.0,0.0,0.0,0.0,0.0,0.0,0.0,0.0,0.0,0.0,0.0,0.0,0.0,0.0,0.0,0.0,0.0,0.0
2021-11-08,0.0,0.0,0.0,0.0,0.0,0.0,0.0,0.0,0.0,0.0,0.0,0.0,0.0,0.0,0.0,0.0,0.0,0.0
2021-11-09,0.0,0.0,0.0,0.0,0.0,0.0,0.0,0.0,0.0,0.0,0.0,0.0,0.0,0.0,0.0,0.0,0.0,0.0
2021-11-10,0.0,0.0,0.0,0.0,0.0,0.0,0.0,0.0,0.0,0.0,0.0,0.0,0.0,0.0,0.0,0.0,0.0,0.0
2021-11-11,0.0,0.0,0.0,0.0,0.0,0.0,0.0,0.0,0.0,0.0,0.0,0.0,0.0,0.0,0.0,0.0,0.0,0.0
2021-11-12,0.0,0.0,0.0,0.0,0.0,0.0,0.0,0.0,0.0,0.0,0.0,0.0,0.0,0.0,0.0,0.0,0.0,0.0
2021-11-15,0.0,0.0,0.0,0.0,0.0,0.0,0.0,0.0,0.0,0.0,0.0,0.0,0.0,0.0,0.0,0.0,0.0,0.0
2021-11-16,0.0,0.0,0.0,0.0,0.0,0.0,0.0,0.0,0.0,0.0,0.0,0.0,0.0,0.0,0.0,0.0,0.0,0.0
2021-11-17,0.0,0.0,0.0,0.0,0.0,0.0,0.0,0.0,0.0,0.0,0.0,0.0,0.0,0.0,0.0,0.0,0.0,0.0
2021-11-18,0.0,0.0,0.0,0.0,0.0,0.0,0.0,0.0,0.0,0.0,0.0,0.0,0.0,0.0,0.0,0.0,0.0,0.0
2021-11-19,0.0,0.0,0.0,0.0,0.0,0.0,0.0,0.0,0.0,0.0,0.0,0.0,0.0,0.0,0.0,0.0,0.0,0.0
2021-11-22,0.0,0.0,0.0,0.0,0.0,0.0,0.0,0.0,0.0,0.0,0.0,0.0,0.0,0.0,0.0,0.0,0.0,0.0
2021-11-23,0.0,0.0,0.0,0.0,0.0,0.0,0.0,0.0,0.0,0.0,0.0,0.0,0.0,0.0,0.0,0.0,0.0,0.0
2021-11-24,0.0,0.0,0.0,0.0,0.0,0.0,0.0,0.0,0.0,0.0,0.0,0.0,0.0,0.0,0.0,0.0,0.0,0.0
2021-11-25,0.0,0.0,0.0,0.0,0.0,0.0,0.0,0.0,0.0,0.0,0.0,0.0,0.0,0.0,0.0,0.0,0.0,0.0
2021-11-26,0.0,0.0,0.0,0.0,0.0,0.0,0.0,0.0,0.0,0.0,0.0,0.0,0.0,0.0,0.0,0.0,0.0,0.0
2021-11-29,0.0,0.0,0.0,0.0,0.0,0.0,0.0,0.0,0.0,0.0,0.0,0.0,0.0,0.0,0.0,0.0,0.0,0.0
2021-11-30,0.0,0.0,0.0,0.0,0.0,0.0,0.0,0.0,0.0,0.0,0.0,0.0,0.0,0.0,0.0,0.0,0.0,0.0
2021-12-01,0.0,0.0,0.0,0.0,0.0,0.0,0.0,0.0,0.0,0.0,0.0,0.0,0.0,0.0,0.0,0.0,0.0,0.0
2021-12-02,0.0,0.0,0.0,0.0,0.0,0.0,0.0,0.0,0.0,0.0,0.0,0.0,0.0,0.0,0.0,0.0,0.0,0.0
2021-12-03,0.0,0.0,0.0,0.0,0.0,0.0,0.0,0.0,0.0,0.0,0.0,0.0,0.0,0.0,0.0,0.0,0.0,0.0
2021-12-06,0.0,0.0,0.0,0.0,0.0,0.0,0.0,0.0,0.0,0.0,0.0,0.0,0.0,0.0,0.0,0.0,0.0,0.0
2021-12-07,0.0,0.0,0.0,0.0,0.0,0.0,0.0,0.0,0.0,0.0,0.0,0.0,0.0,0.0,0.0,0.0,0.0,0.0
2021-12-08,0.0,0.0,0.0,0.0,0.0,0.0,0.0,0.0,0.0,0.0,0.0,0.0,0.0,0.0,0.0,0.0,0.0,0.0
2021-12-09,0.0,0.0,0.0,0.0,0.0,0.0,0.0,0.0,0.0,0.0,0.0,0.0,0.0,0.0,0.0,0.0,0.0,0.0
2021-12-10,0.0,0.0,0.0,0.0,0.0,0.0,0.0,0.0,0.0,0.0,0.0,0.0,0.0,0.0,0.0,0.0,0.0,0.0
2021-12-13,0.0,0.0,0.0,0.0,0.0,0.0,0.0,0.0,0.0,0.0,0.0,0.0,0.0,0.0,0.0,0.0,0.0,0.0
2021-12-14,0.0,0.0,0.0,0.0,0.0,0.0,0.0,0.0,0.0,0.0,0.0,0.0,0.0,0.0,0.0,0.0,0.0,0.0
2021-12-15,0.0,0.0,0.0,0.0,0.0,0.0,0.0,0.0,0.0,0.0,0.0,0.0,0.0,0.0,0.0,0.0,0.0,0.0
2021-12-16,0.0,0.0,0.0,0.0,0.0,0.0,0.0,0.0,0.0,0.0,0.0,0.0,0.0,0.0,0.0,0.0,0.0,0.0
2021-12-17,0.0,0.0,0.0,0.0,0.0,0.0,0.0,0.0,0.0,0.0,0.0,0.0,0.0,0.0,0.0,0.0,0.0,0.0
2021-12-20,0.0,0.0,0.0,0.0,0.0,0.0,0.0,0.0,0.0,0.0,0.0,0.0,0.0,0.0,0.0,0.0,0.0,0.0
2021-12-21,0.0,0.0,0.0,0.0,0.0,0.0,0.0,0.0,0.0,0.0,0.0,0.0,0.0,0.0,0.0,0.0,0.0,0.0
2021-12-22,0.0,0.0,0.0,0.0,0.0,0.0,0.0,0.0,0.0,0.0,0.0,0.0,0.0,0.0,0.0,0.0,0.0,0.0
2021-12-23,0.0,0.0,0.0,0.0,0.0,0.0,0.0,0.0,0.0,0.0,0.0,0.0,0.0,0.0,0.0,0.0,0.0,0.0
2021-12-24,0.0,0.0,0.0,0.0,0.0,0.0,0.0,0.0,0.0,0.0,0.0,0.0,0.0,0.0,0.0,0.0,0.0,0.0
2021-12-27,0.0,0.0,0.0,0.0,0.0,0.0,0.0,0.0,0.0,0.0,0.0,0.0,0.0,0.0,0.0,0.0,0.0,0.0
2021-12-28,0.0,0.0,0.0,0.0,0.0,0.0,0.0,0.0,0.0,0.0,0.0,0.0,0.0,0.0,0.0,0.0,0.0,0.0
2021-12-29,0.0,0.0,0.0,0.0,0.0,0.0,0.0,0.0,0.0,0.0,0.0,0.0,0.0,0.0,0.0,0.0,0.0,0.0
2021-12-30,0.0,0.0,0.0,0.0,0.0,0.0,0.0,0.0,0.0,0.0,0.0,0.0,0.0,0.0,0.0,0.0,0.0,0.0
2021-12-31,0.0,0.0,0.0,0.0,0.0,0.0,0.0,0.0,0.0,0.0,0.0,0.0,0.0,0.0,0.0,0.0,0.0,0.0
2022-01-03,0.0,0.0,0.0,0.0,0.0,0.0,0.0,0.0,0.0,0.0,0.0,0.0,0.0,0.0,0.0,0.0,0.0,0.0
2022-01-04,0.0,0.0,0.0,0.0,0.0,0.0,0.0,0.0,0.0,0.0,0.0,0.0,0.0,0.0,0.0,0.0,0.0,0.0
2022-01-05,0.0,0.0,0.0,0.0,0.0,0.0,0.0,0.0,0.0,0.0,0.0,0.0,0.0,0.0,0.0,0.0,0.0,0.0
2022-01-06,0.0,0.0,0.0,0.0,0.0,0.0,0.0,0.0,0.0,0.0,0.0,0.0,0.0,0.0,0.0,0.0,0.0,0.0
2022-01-07,0.0,0.0,0.0,0.0,0.0,0.0,0.0,0.0,0.0,0.0,0.0,0.0,0.0,0.0,0.0,0.0,0.0,0.0
2022-01-10,0.0,0.0,0.0,0.0,0.0,0.0,0.0,0.0,0.0,0.0,0.0,0.0,0.0,0.0,0.0,0.0,0.0,0.0
2022-01-11,0.0,0.0,0.0,0.0,0.0,0.0,0.0,0.0,0.0,0.0,0.0,0.0,0.0,0.0,0.0,0.0,0.0,0.0
2022-01-12,0.0,0.0,0.0,0.0,0.0,0.0,0.0,0.0,0.0,0.0,0.0,0.0,0.0,0.0,0.0,0.0,0.0,0.0
2022-01-13,0.0,0.0,0.0,0.0,0.0,0.0,0.0,0.0,0.0,0.0,0.0,0.0,0.0,0.0,0.0,0.0,0.0,0.0
2022-01-14,0.0,0.0,0.0,0.0,0.0,0.0,0.0,0.0,0.0,0.0,0.0,0.0,0.0,0.0,0.0,0.0,0.0,0.0
2022-01-17,0.0,0.0,0.0,0.0,0.0,0.0,0.0,0.0,0.0,0.0,0.0,0.0,0.0,0.0,0.0,0.0,0.0,0.0
2022-01-18,0.0,0.0,0.0,0.0,0.0,0.0,0.0,0.0,0.0,0.0,0.0,0.0,0.0,0.0,0.0,0.0,0.0,0.0
2022-01-19,0.0,0.0,0.0,0.0,0.0,0.0,0.0,0.0,0.0,0.0,0.0,0.0,0.0,0.0,0.0,0.0,0.0,0.0
2022-01-20,0.0,0.0,0.0,0.0,0.0,0.0,0.0,0.0,0.0,0.0,0.0,0.0,0.0,0.0,0.0,0.0,0.0,0.0
2022-01-21,0.0,0.0,0.0,0.0,0.0,0.0,0.0,0.0,0.0,0.0,0.0,0.0,0.0,0.0,0.0,0.0,0.0,0.0
2022-01-24,0.0,0.0,0.0,0.0,0.0,0.0,0.0,0.0,0.0,0.0,0.0,0.0,0.0,0.0,0.0,0.0,0.0,0.0
2022-01-25,0.0,0.0,0.0,0.0,0.0,0.0,0.0,0.0,0.0,0.0,0.0,0.0,0.0,0.0,0.0,0.0,0.0,0.0
2022-01-26,0.0,0.0,0.0,0.0,0.0,0.0,0.0,0.0,0.0,0.0,0.0,0.0,0.0,0.0,0.0,0.0,0.0,0.0
2022-01-27,0.0,0.0,0.0,0.0,0.0,0.0,0.0,0.0,0.0,0.0,0.0,0.0,0.0,0.0,0.0,0.0,0.0,0.0
2022-01-28,0.0,0.0,0.0,0.0,0.0,0.0,0.0,0.0,0.0,0.0,0.0,0.0,0.0,0.0,0.0,0.0,0.0,0.0
2022-01-31,0.0,0.0,0.0,0.0,0.0,0.0,0.0,0.0,0.0,0.0,0.0,0.0,0.0,0.0,0.0,0.0,0.0,0.0
2022-02-01,0.0,0.0,0.0,0.0,0.0,0.0,0.0,0.0,0.0,0.0,0.0,0.0,0.0,0.0,0.0,0.0,0.0,0.0
2022-02-02,0.0,0.0,0.0,0.0,0.0,0.0,0.0,0.0,0.0,0.0,0.0,0.0,0.0,0.0,0.0,0.0,0.0,0.0
2022-02-03,0.11592299223063812,0.0,0.0,0.07261606215489506,0.11592299223063812,0.11592299223063812,0.11592299223063812,0.11592299223063812,0.0,0.11592299223063812,0.0,0.0,0.11592299223063812,0.0,0.0,0.11592299223063812,0.0,0.0
2022-02-04,0.1159229922306381,0.0,0.0,0.07261606215489505,0.1159229922306381,0.1159229922306381,0.1159229922306381,0.1159229922306381,0.0,0.1159229922306381,0.0,0.0,0.1159229922306381,0.0,0.0,0.1159229922306381,0.0,0.0
2022-02-07,0.11870583507788306,0.0,0.0,0.05035331937693556,0.11870583507788306,0.11870583507788306,0.11870583507788306,0.11870583507788306,0.0,0.11870583507788306,0.0,0.0,0.11870583507788306,0.0,0.0,0.11870583507788306,0.0,0.0
2022-02-08,0.1161237759583652,0.021751745546659488,0.0,0.04925804678641878,0.1161237759583652,0.1161237759583652,0.1161237759583652,0.1161237759583652,0.0,0.1161237759583652,0.0,0.0,0.1161237759583652,0.0,0.0,0.1161237759583652,0.0,0.0
2022-02-09,0.10844319057174333,0.020313055342173803,0.0,0.0460000521922975,0.10844319057174333,0.10844319057174333,0.10844319057174333,0.10844319057174333,0.0,0.10844319057174333,0.0,0.0,0.10844319057174333,0.06614136789158197,0.0,0.10844319057174333,0.0,0.0
2022-02-10,0.1047361288142221,0.019618666416134533,0.0,0.0444275695548263,0.1047361288142221,0.1047361288142221,0.1047361288142221,0.1047361288142221,0.0,0.1047361288142221,0.0,0.0,0.1047361288142221,0.0980647335152624,0.0,0.1047361288142221,0.0,0.0
2022-02-11,0.09941887850232342,0.01862266473742763,0.0,0.09294013022850685,0.09941887850232342,0.09941887850232342,0.09941887850232342,0.09941887850232342,0.0,0.09941887850232342,0.0,0.0,0.09941887850232342,0.09308617701547811,0.0,0.09941887850232342,0.0,0.0
2022-02-14,0.0,0.0,0.0,0.0,0.0,0.0,0.0,0.0,0.0,0.0,0.0,0.0,0.0,0.0,0.0,0.0,0.0,0.0
2022-02-15,0.09269486731628906,0.08499629798930462,0.0,0.08665429714828995,0.09269486731628906,0.09269486731628906,0.09269486731628906,0.09269486731628906,0.0,0.09269486731628906,0.0,0.0,0.09269486731628906,0.08679046633209296,0.0,0.09269486731628906,0.0,0.0
2022-02-16,0.09269486731628906,0.08499629798930462,0.0,0.08665429714828995,0.09269486731628906,0.09269486731628906,0.09269486731628906,0.09269486731628906,0.0,0.09269486731628906,0.0,0.0,0.09269486731628906,0.08679046633209296,0.0,0.09269486731628906,0.0,0.0
2022-02-17,0.09460592894143596,0.08674864057384778,0.0,0.0678241291600564,0.09460592894143596,0.09460592894143596,0.09460592894143596,0.09460592894143596,0.0,0.09460592894143596,0.0,0.0,0.09460592894143596,0.08857979873460799,0.0,0.09460592894143596,0.0,0.0
2022-02-18,0.09460592894143599,0.08674864057384779,0.0,0.06782412916005641,0.09460592894143599,0.09460592894143599,0.09460592894143599,0.09460592894143599,0.0,0.09460592894143599,0.0,0.0,0.09460592894143599,0.088579798734608,0.0,0.09460592894143599,0.0,0.0
2022-02-21,0.09263409702910062,0.08494057484531284,0.0,0.08725308198149138,0.09263409702910062,0.09263409702910062,0.09263409702910062,0.09263409702910062,0.0,0.09263409702910062,0.0,0.0,0.09263409702910062,0.08673356694039068,0.0,0.09263409702910062,0.0,0.0
2022-02-22,0.0,0.0,0.0,0.0,0.0,0.0,0.0,0.0,0.0,0.0,0.0,0.0,0.0,0.0,0.0,0.0,0.0,0.0
2022-02-23,0.0,0.13909976313030412,0.0,0.13909976313030412,0.13909976313030412,0.13909976313030412,0.0,0.13909976313030412,0.0,0.13909976313030412,0.0,0.0,0.13909976313030412,0.0,0.0,0.0,0.0,0.026301658087871257
2022-02-24,0.0,0.0,0.0,0.0,0.0,0.0,0.0,0.0,0.0,0.0,0.0,0.0,0.0,0.0,0.0,0.0,0.0,0.0
2022-02-25,0.08333333333333333,0.08333333333333333,0.0,0.08333333333333333,0.08333333333333333,0.08333333333333333,0.08333333333333333,0.08333333333333333,0.0,0.08333333333333333,0.0,0.0,0.08333333333333333,0.08333333333333333,0.0,0.08333333333333333,0.0,0.08333333333333333
2022-02-28,0.08333333333333333,0.08333333333333333,0.0,0.08333333333333333,0.08333333333333333,0.08333333333333333,0.08333333333333333,0.08333333333333333,0.0,0.08333333333333333,0.0,0.0,0.08333333333333333,0.08333333333333333,0.0,0.08333333333333333,0.0,0.08333333333333333
2022-03-01,0.08333333333333333,0.08333333333333333,0.0,0.08333333333333333,0.08333333333333333,0.08333333333333333,0.08333333333333333,0.08333333333333333,0.0,0.08333333333333333,0.0,0.0,0.08333333333333333,0.08333333333333333,0.0,0.08333333333333333,0.0,0.08333333333333333
2022-03-02,0.08123777872918218,0.08123777872918218,0.0,0.08123777872918218,0.08123777872918218,0.08123777872918218,0.08123777872918218,0.08123777872918218,0.02514665524981368,0.08123777872918218,0.0,0.0,0.08123777872918218,0.08123777872918218,0.0,0.08123777872918218,0.0,0.08123777872918218
2022-03-03,0.07640709507756124,0.07640709507756124,0.01909883016304883,0.07640709507756124,0.07640709507756124,0.07640709507756124,0.07640709507756124,0.07640709507756124,0.023651346807011732,0.07640709507756124,0.0403646820992044,0.0,0.07640709507756124,0.07640709507756124,0.0,0.07640709507756124,0.0,0.07640709507756124
2022-03-04,0.07640709507756124,0.07640709507756124,0.01909883016304883,0.07640709507756124,0.07640709507756124,0.07640709507756124,0.07640709507756124,0.07640709507756124,0.023651346807011732,0.07640709507756124,0.0403646820992044,0.0,0.07640709507756124,0.07640709507756124,0.0,0.07640709507756124,0.0,0.07640709507756124
2022-03-07,0.07640709507756124,0.07640709507756124,0.01909883016304883,0.07640709507756124,0.07640709507756124,0.07640709507756124,0.07640709507756124,0.07640709507756124,0.023651346807011732,0.07640709507756124,0.0403646820992044,0.0,0.07640709507756124,0.07640709507756124,0.0,0.07640709507756124,0.0,0.07640709507756124
2022-03-08,0.07640709507756124,0.07640709507756124,0.01909883016304883,0.07640709507756124,0.07640709507756124,0.07640709507756124,0.07640709507756124,0.07640709507756124,0.023651346807011732,0.07640709507756124,0.0403646820992044,0.0,0.07640709507756124,0.07640709507756124,0.0,0.07640709507756124,0.0,0.07640709507756124
2022-03-09,0.07640709507756124,0.07640709507756124,0.01909883016304883,0.07640709507756124,0.07640709507756124,0.07640709507756124,0.07640709507756124,0.07640709507756124,0.023651346807011732,0.07640709507756124,0.0403646820992044,0.0,0.07640709507756124,0.07640709507756124,0.0,0.07640709507756124,0.0,0.07640709507756124
2022-03-10,0.07640709507756124,0.07640709507756124,0.01909883016304883,0.07640709507756124,0.07640709507756124,0.07640709507756124,0.07640709507756124,0.07640709507756124,0.023651346807011732,0.07640709507756124,0.0403646820992044,0.0,0.07640709507756124,0.07640709507756124,0.0,0.07640709507756124,0.0,0.07640709507756124
2022-03-11,0.07640709507756124,0.07640709507756124,0.01909883016304883,0.07640709507756124,0.07640709507756124,0.07640709507756124,0.07640709507756124,0.07640709507756124,0.023651346807011732,0.07640709507756124,0.0403646820992044,0.0,0.07640709507756124,0.07640709507756124,0.0,0.07640709507756124,0.0,0.07640709507756124
2022-03-14,0.055473871981924223,0.07813886105240106,0.019531704939953223,0.07813886105240106,0.07813886105240106,0.07813886105240106,0.07813886105240106,0.07813886105240106,0.02418740432389471,0.07813886105240106,0.041279547177816144,0.0,0.07813886105240106,0.07813886105240106,0.0,0.07813886105240106,0.0,0.07813886105240106
2022-03-15,0.055473871981924223,0.07813886105240106,0.019531704939953223,0.07813886105240106,0.07813886105240106,0.07813886105240106,0.07813886105240106,0.07813886105240106,0.02418740432389471,0.07813886105240106,0.041279547177816144,0.0,0.07813886105240106,0.07813886105240106,0.0,0.07813886105240106,0.0,0.07813886105240106
2022-03-16,0.055473871981924223,0.07813886105240106,0.019531704939953223,0.07813886105240106,0.07813886105240106,0.07813886105240106,0.07813886105240106,0.07813886105240106,0.02418740432389471,0.07813886105240106,0.041279547177816144,0.0,0.07813886105240106,0.07813886105240106,0.0,0.07813886105240106,0.0,0.07813886105240106
2022-03-17,0.055473871981924223,0.07813886105240106,0.019531704939953223,0.07813886105240106,0.07813886105240106,0.07813886105240106,0.07813886105240106,0.07813886105240106,0.02418740432389471,0.07813886105240106,0.041279547177816144,0.0,0.07813886105240106,0.07813886105240106,0.0,0.07813886105240106,0.0,0.07813886105240106
2022-03-18,0.055473871981924223,0.07813886105240106,0.019531704939953223,0.07813886105240106,0.07813886105240106,0.07813886105240106,0.07813886105240106,0.07813886105240106,0.02418740432389471,0.07813886105240106,0.041279547177816144,0.0,0.07813886105240106,0.07813886105240106,0.0,0.07813886105240106,0.0,0.07813886105240106
2022-03-21,0.055473871981924223,0.07813886105240106,0.019531704939953223,0.07813886105240106,0.07813886105240106,0.07813886105240106,0.07813886105240106,0.07813886105240106,0.02418740432389471,0.07813886105240106,0.041279547177816144,0.0,0.07813886105240106,0.07813886105240106,0.0,0.07813886105240106,0.0,0.07813886105240106
2022-03-22,0.0,0.0,0.0,0.0,0.0,0.0,0.0,0.0,0.0,0.0,0.0,0.0,0.0,0.0,0.0,0.0,0.0,0.0
2022-03-23,0.05639638875959088,0.07943829099542166,0.019856512364778603,0.07943829099542166,0.07943829099542166,0.07943829099542166,0.07943829099542166,0.07943829099542166,0.024589634878565032,0.07943829099542166,0.0,0.0,0.07943829099542166,0.07943829099542166,0.0,0.07943829099542166,0.025336263047427213,0.07943829099542166
2022-03-24,0.05263632143865929,0.07414197099032659,0.018532636405827578,0.07414197099032659,0.07414197099032659,0.07414197099032659,0.07414197099032659,0.07414197099032659,0.02295019156359199,0.07414197099032659,0.06667212925565479,0.0,0.07414197099032659,0.07414197099032659,0.0,0.07414197099032659,0.023647040442673878,0.07414197099032659
2022-03-25,0.04996618911193437,0.07038090129363285,0.04778378617128287,0.07038090129363285,0.07038090129363285,0.07038090129363285,0.07038090129363285,0.07038090129363285,0.021785975548422876,0.04994603714844977,0.06328998926654918,0.0,0.07038090129363285,0.07038090129363285,0.0,0.07038090129363285,0.06341900981703234,0.07038090129363285
2022-03-28,0.04996618911193438,0.07038090129363286,0.04778378617128288,0.07038090129363286,0.07038090129363286,0.07038090129363286,0.07038090129363286,0.07038090129363286,0.02178597554842288,0.04994603714844978,0.06328998926654919,0.0,0.07038090129363286,0.07038090129363286,0.0,0.07038090129363286,0.06341900981703236,0.07038090129363286
2022-03-29,0.04835291541325138,0.06810849151084432,0.04624097638683185,0.06810849151084432,0.06810849151084432,0.06810849151084432,0.06810849151084432,0.06810849151084432,0.021082565062710515,0.04833341410240298,0.061246525938879366,0.0,0.06810849151084432,0.06810849151084432,0.03228730722426977,0.06810849151084432,0.06137138076321084,0.06810849151084432
2022-03-30,0.048352915413251395,0.06810849151084433,0.046240976386831854,0.06810849151084433,0.06810849151084433,0.06810849151084433,0.06810849151084433,0.06810849151084433,0.02108256506271052,0.048333414102402994,0.06124652593887938,0.0,0.06810849151084433,0.06810849151084433,0.03228730722426978,0.06810849151084433,0.06137138076321085,0.06810849151084433
2022-03-31,0.04706417923021332,0.06629321570726555,0.04500852910005693,0.06629321570726555,0.06629321570726555,0.06629321570726555,0.06629321570726555,0.06629321570726555,0.020520657591457537,0.04704519768212777,0.059614140106748516,0.026652708984014766,0.06629321570726555,0.06629321570726555,0.03142676302094383,0.06629321570726555,0.05973566721178183,0.06629321570726555
2022-04-01,0.045909059540125224,0.0646661481574811,0.043903862259250685,0.0646661481574811,0.0646661481574811,0.0646661481574811,0.0646661481574811,0.0646661481574811,0.020017008828743507,0.045890543865668,0.05815100044998023,0.02599855821701575,0.0646661481574811,0.0646661481574811,0.055198940409912974,0.0646661481574811,0.05826954485449269,0.0646661481574811
2022-04-04,0.044986118602046786,0.06336612075460606,0.0430212331611006,0.06336612075460606,0.06336612075460606,0.06336612075460606,0.06336612075460606,0.06336612075460606,0.01961459333404626,0.044967975160741885,0.056981951477008,0.045579569315342516,0.06336612075460606,0.06336612075460606,0.05408923870063849,0.06336612075460606,0.05709811270301494,0.06336612075460606
2022-04-05,0.04498611860204679,0.06336612075460607,0.043021233161100604,0.06336612075460607,0.06336612075460607,0.06336612075460607,0.06336612075460607,0.06336612075460607,0.019614593334046262,0.04496797516074189,0.056981951477008005,0.04557956931534252,0.06336612075460607,0.06336612075460607,0.054089238700638496,0.06336612075460607,0.057098112703014944,0.06336612075460607
2022-04-06,0.044986118602046786,0.06336612075460606,0.0430212331611006,0.06336612075460606,0.06336612075460606,0.06336612075460606,0.06336612075460606,0.06336612075460606,0.01961459333404626,0.044967975160741885,0.05698195147700799,0.045579569315342516,0.06336612075460606,0.06336612075460606,0.05408923870063848,0.06336612075460606,0.05709811270301493,0.06336612075460606
2022-04-07,0.04498611860204679,0.06336612075460607,0.043021233161100604,0.06336612075460607,0.06336612075460607,0.06336612075460607,0.06336612075460607,0.06336612075460607,0.019614593334046262,0.04496797516074189,0.056981951477008,0.04557956931534252,0.06336612075460607,0.06336612075460607,0.05408923870063849,0.06336612075460607,0.05709811270301494,0.06336612075460607
2022-04-08,0.045949046203331706,0.06472247219271807,0.0439421024012011,0.06472247219271807,0.06472247219271807,0.06472247219271807,0.06472247219271807,0.06472247219271807,0.020034443587774817,0.02452552034564904,0.05820164980967971,0.046555199725618134,0.06472247219271807,0.06472247219271807,0.05524701853352594,0.06472247219271807,0.05832029746603889,0.06472247219271807
2022-04-11,0.045949046203331706,0.06472247219271807,0.0439421024012011,0.06472247219271807,0.06472247219271807,0.06472247219271807,0.06472247219271807,0.06472247219271807,0.020034443587774817,0.02452552034564904,0.05820164980967971,0.046555199725618134,0.06472247219271807,0.06472247219271807,0.05524701853352594,0.06472247219271807,0.05832029746603889,0.06472247219271807
2022-04-12,0.045949046203331706,0.06472247219271807,0.0439421024012011,0.06472247219271807,0.06472247219271807,0.06472247219271807,0.06472247219271807,0.06472247219271807,0.020034443587774817,0.02452552034564904,0.05820164980967971,0.046555199725618134,0.06472247219271807,0.06472247219271807,0.05524701853352594,0.06472247219271807,0.05832029746603889,0.06472247219271807
2022-04-13,0.045949046203331706,0.06472247219271807,0.0439421024012011,0.06472247219271807,0.06472247219271807,0.06472247219271807,0.06472247219271807,0.06472247219271807,0.020034443587774817,0.02452552034564904,0.05820164980967971,0.046555199725618134,0.06472247219271807,0.06472247219271807,0.05524701853352594,0.06472247219271807,0.05832029746603889,0.06472247219271807
2022-04-14,0.045949046203331706,0.06472247219271807,0.0439421024012011,0.06472247219271807,0.06472247219271807,0.06472247219271807,0.06472247219271807,0.06472247219271807,0.020034443587774817,0.02452552034564904,0.05820164980967971,0.046555199725618134,0.06472247219271807,0.06472247219271807,0.05524701853352594,0.06472247219271807,0.05832029746603889,0.06472247219271807
2022-04-15,0.045949046203331706,0.06472247219271807,0.0439421024012011,0.06472247219271807,0.06472247219271807,0.06472247219271807,0.06472247219271807,0.06472247219271807,0.020034443587774817,0.02452552034564904,0.05820164980967971,0.046555199725618134,0.06472247219271807,0.06472247219271807,0.05524701853352594,0.06472247219271807,0.05832029746603889,0.06472247219271807
2022-04-18,0.0,0.0,0.0,0.0,0.0,0.0,0.0,0.0,0.0,0.0,0.0,0.0,0.0,0.0,0.0,0.0,0.0,0.0
2022-04-19,0.0,0.0,0.0,0.0,0.0,0.0,0.0,0.0,0.0,0.0,0.0,0.0,0.0,0.0,0.0,0.0,0.0,0.0
2022-04-20,0.06945749522597734,0.0660702803825388,0.06945749522597734,0.0660702803825388,0.0660702803825388,0.0660702803825388,0.0660702803825388,0.0660702803825388,0.0,0.02503625017505132,0.05941366563072232,0.0,0.0660702803825388,0.0660702803825388,0.0563975058607242,0.0660702803825388,0.059534784056159466,0.0660702803825388
2022-04-21,0.06784113445017816,0.06453274423458324,0.06784113445017816,0.06453274423458324,0.06453274423458324,0.06453274423458324,0.06453274423458324,0.06453274423458324,0.0,0.0244536260446477,0.05803103704097106,0.044300813777405766,0.06453274423458324,0.06453274423458324,0.03405547499811863,0.06453274423458324,0.05814933689266802,0.06453274423458324
2022-04-22,0.06784113445017816,0.06453274423458324,0.06784113445017816,0.06453274423458324,0.06453274423458324,0.06453274423458324,0.06453274423458324,0.06453274423458324,0.0,0.0244536260446477,0.05803103704097106,0.044300813777405766,0.06453274423458324,0.06453274423458324,0.03405547499811863,0.06453274423458324,0.05814933689266802,0.06453274423458324
2022-04-25,0.06784113445017816,0.06453274423458324,0.06784113445017816,0.06453274423458324,0.06453274423458324,0.06453274423458324,0.06453274423458324,0.06453274423458324,0.0,0.0244536260446477,0.05803103704097106,0.044300813777405766,0.06453274423458324,0.06453274423458324,0.03405547499811863,0.06453274423458324,0.05814933689266802,0.06453274423458324
2022-04-26,0.06784113445017816,0.06453274423458324,0.06784113445017816,0.06453274423458324,0.06453274423458324,0.06453274423458324,0.06453274423458324,0.06453274423458324,0.0,0.0244536260446477,0.05803103704097106,0.044300813777405766,0.06453274423458324,0.06453274423458324,0.03405547499811863,0.06453274423458324,0.05814933689266802,0.06453274423458324
2022-04-27,0.06939907883742423,0.06601471277017266,0.06939907883742423,0.06601471277017266,0.06601471277017266,0.06601471277017266,0.04305011467091459,0.06601471277017266,0.0,0.025015193738832583,0.059363696483900115,0.04531816416127396,0.06601471277017266,0.06601471277017266,0.03483754529452975,0.06601471277017266,0.059484713044146494,0.06601471277017266
2022-04-28,0.06939907883742423,0.06601471277017266,0.06939907883742423,0.06601471277017266,0.06601471277017266,0.06601471277017266,0.04305011467091459,0.06601471277017266,0.0,0.025015193738832583,0.059363696483900115,0.04531816416127396,0.06601471277017266,0.06601471277017266,0.03483754529452975,0.06601471277017266,0.059484713044146494,0.06601471277017266
2022-04-29,0.06939907883742423,0.06601471277017266,0.06939907883742423,0.06601471277017266,0.06601471277017266,0.06601471277017266,0.04305011467091459,0.06601471277017266,0.0,0.025015193738832583,0.059363696483900115,0.04531816416127396,0.06601471277017266,0.06601471277017266,0.03483754529452975,0.06601471277017266,0.059484713044146494,0.06601471277017266
2022-05-02,0.0,0.0,0.0,0.0,0.0,0.0,0.0,0.0,0.0,0.0,0.0,0.0,0.0,0.0,0.0,0.0,0.0,0.0
2022-05-03,0.0,0.0,0.0,0.0,0.0,0.0,0.0,0.0,0.0,0.0,0.0,0.0,0.0,0.0,0.0,0.0,0.0,0.0
2022-05-04,0.0,0.0,0.0,0.0,0.0,0.0,0.0,0.0,0.0,0.0,0.0,0.0,0.0,0.0,0.0,0.0,0.0,0.0
2022-05-05,0.0,0.0,0.0,0.0,0.0,0.0,0.0,0.0,0.0,0.0,0.0,0.0,0.0,0.0,0.0,0.0,0.0,0.0
2022-05-06,0.0,0.0,0.0,0.0,0.0,0.0,0.0,0.0,0.0,0.0,0.0,0.0,0.0,0.0,0.0,0.0,0.0,0.0
2022-05-09,0.07661644289917244,0.07288010959496659,0.07661644289917244,0.07288010959496659,0.07288010959496659,0.07288010959496659,0.04752723966572713,0.07288010959496659,0.0,0.02761672337456831,0.0,0.05003116172321861,0.07288010959496659,0.07288010959496659,0.0,0.07288010959496659,0.06567100308344181,0.07288010959496659
2022-05-10,0.07153897609593038,0.06805025423908602,0.07153897609593038,0.06805025423908602,0.06805025423908602,0.06805025423908602,0.04437755047994708,0.06805025423908602,0.0,0.025786528825687677,0.06618706267771286,0.02616592647741499,0.06805025423908602,0.06805025423908602,0.02063378702819364,0.06805025423908602,0.06131890416740895,0.06805025423908602
2022-05-11,0.07153897609593038,0.06805025423908602,0.07153897609593038,0.06805025423908602,0.06805025423908602,0.06805025423908602,0.04437755047994708,0.06805025423908602,0.0,0.025786528825687677,0.06618706267771286,0.02616592647741499,0.06805025423908602,0.06805025423908602,0.02063378702819364,0.06805025423908602,0.06131890416740895,0.06805025423908602
2022-05-12,0.07153897609593038,0.06805025423908602,0.07153897609593038,0.06805025423908602,0.06805025423908602,0.06805025423908602,0.04437755047994708,0.06805025423908602,0.0,0.025786528825687677,0.06618706267771286,0.02616592647741499,0.06805025423908602,0.06805025423908602,0.02063378702819364,0.06805025423908602,0.06131890416740895,0.06805025423908602
2022-05-13,0.07308909741506403,0.06952478121200524,0.051420890743290794,0.06952478121200524,0.06952478121200524,0.06952478121200524,0.04533913241533361,0.06952478121200524,0.0,0.02634527666163031,0.06762121763081114,0.026732895180086036,0.06952478121200524,0.06952478121200524,0.02108088418994189,0.06952478121200524,0.06264757485579502,0.06952478121200524
2022-05-16,0.07458792874721364,0.07095051944283366,0.052475374173773015,0.07095051944283366,0.07095051944283366,0.07095051944283366,0.046268897792660274,0.07095051944283366,0.0,0.006378629683523986,0.06900791966008367,0.02728110417858334,0.07095051944283366,0.07095051944283366,0.021513187924025078,0.07095051944283366,0.06393228285463398,0.07095051944283366
2022-05-17,0.07643480535557647,0.07270732992022685,0.053774720364295155,0.07270732992022685,0.047946264163566815,0.07270732992022685,0.04741456501339252,0.07270732992022685,0.0,0.006536571352555107,0.07071662929651731,0.027956613393063535,0.07270732992022685,0.07270732992022685,0.02204587738484725,0.07270732992022685,0.06551531431437096,0.07270732992022685
2022-05-18,0.07643480535557647,0.07270732992022685,0.053774720364295155,0.07270732992022685,0.047946264163566815,0.07270732992022685,0.04741456501339252,0.07270732992022685,0.0,0.006536571352555107,0.07071662929651731,0.027956613393063535,0.07270732992022685,0.07270732992022685,0.02204587738484725,0.07270732992022685,0.06551531431437096,0.07270732992022685
2022-05-19,0.07643480535557647,0.07270732992022685,0.053774720364295155,0.07270732992022685,0.047946264163566815,0.07270732992022685,0.04741456501339252,0.07270732992022685,0.0,0.006536571352555107,0.07071662929651731,0.027956613393063535,0.07270732992022685,0.07270732992022685,0.02204587738484725,0.07270732992022685,0.06551531431437096,0.07270732992022685
2022-05-20,0.07643480535557647,0.07270732992022685,0.053774720364295155,0.07270732992022685,0.047946264163566815,0.07270732992022685,0.04741456501339252,0.07270732992022685,0.0,0.006536571352555107,0.07071662929651731,0.027956613393063535,0.07270732992022685,0.07270732992022685,0.02204587738484725,0.07270732992022685,0.06551531431437096,0.07270732992022685
2022-05-23,0.0758144270881757,0.07211720547164074,0.0326695295521364,0.07211720547164074,0.047557111340428726,0.07211720547164074,0.0470297276928063,0.07211720547164074,0.0,0.006483517684248176,0.070142662243742,0.027729705307166036,0.07211720547164074,0.07211720547164074,0.050652111912217655,0.07211720547164074,0.06498356340595315,0.07211720547164074
2022-05-24,0.07747557595436409,0.07369734554132117,0.03338534254524023,0.07369734554132117,0.04859912200537075,0.07369734554132117,0.04806018300104457,0.07369734554132117,0.0,0.006625576240432675,0.07167953864488015,0.0283372831825111,0.07369734554132117,0.07369734554132117,0.05176193627553004,0.07369734554132117,0.044496677820057146,0.07369734554132117
2022-05-25,0.07585907324124602,0.0721596743778655,0.03268876822310101,0.0721596743778655,0.04758511711919716,0.0721596743778655,0.0470574229020438,0.0721596743778655,0.02086467500506528,0.006487335745454763,0.0701839683665417,0.0277460349783815,0.0721596743778655,0.0721596743778655,0.05068194029750819,0.0721596743778655,0.04356826909853655,0.0721596743778655
2022-05-26,0.07753207284249315,0.07375108726102016,0.03340968786877858,0.07375108726102016,0.04863456155035361,0.07375108726102016,0.04809522953989278,0.07375108726102016,0.021324825537785547,0.006630407755849439,0.07173180893556308,0.0283579473505166,0.07375108726102016,0.07375108726102016,0.05179968221400263,0.0516970398048025,0.04452912577282093,0.07375108726102016
2022-05-27,0.0,0.0,0.0,0.0,0.0,0.0,0.0,0.0,0.0,0.0,0.0,0.0,0.0,0.0,0.0,0.0,0.0,0.0
2022-05-30,0.0771908011190117,0.07342645824317705,0.033262628963451515,0.07342645824317705,0.026165909660296256,0.07342645824317705,0.04788352951338041,0.07342645824317705,0.053323000200958454,0.006601222792784924,0.07141606814383147,0.0,0.07342645824317705,0.07342645824317705,0.07436902354818538,0.051469485745865955,0.044333122609994564,0.07342645824317705
2022-05-31,0.0,0.0,0.0,0.0,0.0,0.0,0.0,0.0,0.0,0.0,0.0,0.0,0.0,0.0,0.0,0.0,0.0,0.0
2022-06-01,0.0,0.11381239803286144,0.0,0.11381239803286144,0.027202539790605256,0.11381239803286144,0.0,0.11381239803286144,0.0554355286536062,0.006862747292896872,0.11381239803286144,0.0,0.11381239803286144,0.0,0.11381239803286144,0.0,0.0,0.11381239803286144
2022-06-02,0.07930505193394849,0.07930505193394849,0.02217554308303937,0.07930505193394849,0.027074326469487663,0.07930505193394849,0.04084297241588015,0.07930505193394849,0.05517424521127693,0.006830401209436056,0.07930505193394849,0.0,0.07930505193394849,0.06068091560433005,0.07930505193394849,0.0422008375059978,0.03127529109501556,0.07930505193394849
2022-06-03,0.0,0.0,0.0,0.0,0.0,0.0,0.0,0.0,0.0,0.0,0.0,0.0,0.0,0.0,0.0,0.0,0.0,0.0
2022-06-06,0.0,0.0,0.0,0.0,0.0,0.0,0.0,0.0,0.0,0.0,0.0,0.0,0.0,0.0,0.0,0.0,0.0,0.0
2022-06-07,0.0,0.0,0.0,0.0,0.0,0.0,0.0,0.0,0.0,0.0,0.0,0.0,0.0,0.0,0.0,0.0,0.0,0.0
2022-06-08,0.07930505193394849,0.07930505193394849,0.02217554308303937,0.07930505193394849,0.027074326469487663,0.07930505193394849,0.04084297241588015,0.07930505193394849,0.05517424521127693,0.006830401209436056,0.07930505193394849,0.0,0.07930505193394849,0.06068091560433005,0.07930505193394849,0.0422008375059978,0.03127529109501556,0.07930505193394849
2022-06-09,0.07759102087105936,0.07759102087105936,0.02169626000139631,0.07759102087105936,0.026489165304545054,0.07759102087105936,0.03996022760058327,0.07759102087105936,0.05398175661367338,0.0066827748028015855,0.07759102087105936,0.021613138395227466,0.07759102087105936,0.05936941057742455,0.07759102087105936,0.04128874496458616,0.030599333900227964,0.07759102087105936
2022-06-10,0.07590231171593463,0.07590231171593463,0.021224057516044163,0.07590231171593463,0.025912648905363586,0.07590231171593463,0.06085475811112909,0.07590231171593463,0.05280688501667875,0.006537329326450892,0.07590231171593463,0.02114274498798449,0.07590231171593463,0.05807728081742225,0.07590231171593463,0.040390127046654976,0.029933362828860003,0.07590231171593463
2022-06-13,0.07590231171593464,0.07590231171593464,0.021224057516044167,0.07590231171593464,0.02591264890536359,0.07590231171593464,0.060854758111129094,0.07590231171593464,0.05280688501667876,0.006537329326450893,0.07590231171593464,0.021142744987984494,0.07590231171593464,0.05807728081742226,0.07590231171593464,0.04039012704665498,0.029933362828860006,0.07590231171593464
2022-06-14,0.07590231171593464,0.07590231171593464,0.021224057516044167,0.07590231171593464,0.02591264890536359,0.07590231171593464,0.060854758111129094,0.07590231171593464,0.05280688501667876,0.006537329326450893,0.07590231171593464,0.021142744987984494,0.07590231171593464,0.05807728081742226,0.07590231171593464,0.04039012704665498,0.029933362828860006,0.07590231171593464
2022-06-15,0.07750313809534796,0.07750313809534796,0.02167168592658619,0.07750313809534796,0.026459162588417504,0.07750313809534796,0.06213822234159549,0.07750313809534796,0.032830000379242164,0.006675205617700898,0.07750313809534796,0.021588658467361025,0.07750313809534796,0.05930216634561371,0.07750313809534796,0.04124197963694397,0.030564675838407378,0.07750313809534796
2022-06-16,0.07913116771178934,0.07913116771178934,0.02212692099698156,0.07913116771178934,0.027014963313120893,0.07913116771178934,0.0634434967959109,0.07913116771178934,0.033519626815521855,0.006815424874733862,0.07913116771178934,0.022042149464343137,0.07913116771178934,0.039541883459681106,0.07913116771178934,0.04210830796815314,0.031206716905449593,0.07913116771178934
2022-06-17,0.07913116771178934,0.07913116771178934,0.02212692099698156,0.07913116771178934,0.027014963313120893,0.07913116771178934,0.0634434967959109,0.07913116771178934,0.033519626815521855,0.006815424874733862,0.07913116771178934,0.022042149464343137,0.07913116771178934,0.039541883459681106,0.07913116771178934,0.04210830796815314,0.031206716905449593,0.07913116771178934
2022-06-20,0.07913116771178934,0.07913116771178934,0.02212692099698156,0.07913116771178934,0.027014963313120893,0.07913116771178934,0.0634434967959109,0.07913116771178934,0.033519626815521855,0.006815424874733862,0.07913116771178934,0.022042149464343137,0.07913116771178934,0.039541883459681106,0.07913116771178934,0.04210830796815314,0.031206716905449593,0.07913116771178934
2022-06-21,0.0,0.0,0.0,0.0,0.0,0.0,0.0,0.0,0.0,0.0,0.0,0.0,0.0,0.0,0.0,0.0,0.0,0.0
2022-06-22,0.0,0.1045810721581704,0.0,0.1045810721581704,0.101386066644508,0.1045810721581704,0.0,0.1045810721581704,0.033298313697726845,0.006770426076375327,0.1045810721581704,0.021896616316026626,0.1045810721581704,0.0,0.1045810721581704,0.0,0.0,0.1045810721581704
2022-06-23,0.08234221300651769,0.08234221300651769,0.0,0.08234221300651769,0.09995820324905874,0.08234221300651769,0.04870591853191718,0.08234221300651769,0.032829359285816574,0.006675075266485957,0.08234221300651769,0.021588236891154786,0.08234221300651769,0.028884123957928793,0.08234221300651769,0.020279165758978767,0.0,0.08234221300651769
2022-06-24,0.08234221300651769,0.08234221300651769,0.0,0.08234221300651769,0.09995820324905874,0.08234221300651769,0.04870591853191718,0.08234221300651769,0.032829359285816574,0.006675075266485957,0.08234221300651769,0.021588236891154786,0.08234221300651769,0.028884123957928793,0.08234221300651769,0.020279165758978767,0.0,0.08234221300651769
2022-06-27,0.08234221300651769,0.08234221300651769,0.0,0.08234221300651769,0.09995820324905874,0.08234221300651769,0.04870591853191718,0.08234221300651769,0.032829359285816574,0.006675075266485957,0.08234221300651769,0.021588236891154786,0.08234221300651769,0.028884123957928793,0.08234221300651769,0.020279165758978767,0.0,0.08234221300651769
2022-06-28,0.08234221300651769,0.08234221300651769,0.0,0.08234221300651769,0.09995820324905874,0.08234221300651769,0.04870591853191718,0.08234221300651769,0.032829359285816574,0.006675075266485957,0.08234221300651769,0.021588236891154786,0.08234221300651769,0.028884123957928793,0.08234221300651769,0.020279165758978767,0.0,0.08234221300651769
2022-06-29,0.08234221300651769,0.08234221300651769,0.0,0.08234221300651769,0.09995820324905874,0.08234221300651769,0.04870591853191718,0.08234221300651769,0.032829359285816574,0.006675075266485957,0.08234221300651769,0.021588236891154786,0.08234221300651769,0.028884123957928793,0.08234221300651769,0.020279165758978767,0.0,0.08234221300651769
2022-06-30,0.08234221300651769,0.08234221300651769,0.0,0.08234221300651769,0.09995820324905874,0.08234221300651769,0.04870591853191718,0.08234221300651769,0.032829359285816574,0.006675075266485957,0.08234221300651769,0.021588236891154786,0.08234221300651769,0.028884123957928793,0.08234221300651769,0.020279165758978767,0.0,0.08234221300651769
2022-07-01,0.08403778664470032,0.08403778664470032,0.0,0.08403778664470032,0.10201652167603363,0.08403778664470032,0.04970886062529586,0.08403778664470032,0.033505374589887296,0.006812527021078012,0.08403778664470032,0.022032777352613924,0.08403778664470032,0.029478899800802816,0.08403778664470032,0.020696750101320147,0.0,0.06344599567536553
2022-07-04,0.08403778664470032,0.08403778664470032,0.0,0.08403778664470032,0.10201652167603363,0.08403778664470032,0.04970886062529586,0.08403778664470032,0.033505374589887296,0.006812527021078012,0.08403778664470032,0.022032777352613924,0.08403778664470032,0.029478899800802816,0.08403778664470032,0.020696750101320147,0.0,0.06344599567536553
2022-07-05,0.0,0.0,0.0,0.0,0.0,0.0,0.0,0.0,0.0,0.0,0.0,0.0,0.0,0.0,0.0,0.0,0.0,0.0
2022-07-06,0.0,0.12022317072407704,0.0,0.08467363401821712,0.1027883998983537,0.12022317072407704,0.0,0.12022317072407704,0.033758883223113774,0.0068640720175172755,0.12022317072407704,0.022199481928856155,0.12022317072407704,0.0,0.08467363401821712,0.0,0.0,0.06392604127533949
2022-07-07,0.10081757550064391,0.10081757550064391,0.0,0.08601734043830031,0.1044195739285575,0.10081757550064391,0.03271766413729159,0.10081757550064391,0.013866913253332547,0.006972999639967813,0.10081757550064391,0.02255177088794237,0.10081757550064391,0.0,0.06360778559302988,0.0,0.0,0.06494049911771456
2022-07-08,0.10081757550064391,0.10081757550064391,0.0,0.08601734043830031,0.1044195739285575,0.10081757550064391,0.03271766413729159,0.10081757550064391,0.013866913253332547,0.006972999639967813,0.10081757550064391,0.02255177088794237,0.10081757550064391,0.0,0.06360778559302988,0.0,0.0,0.06494049911771456
2022-07-11,0.10315567451490783,0.10315567451490783,0.0,0.06482081845526694,0.10684120826820355,0.10315567451490783,0.03347643201966276,0.10315567451490783,0.014188506150677049,0.007134713145809532,0.10315567451490783,0.023074777645654642,0.10315567451490783,0.0,0.06508293811535594,0.0,0.0,0.06644655910992261
2022-07-12,0.10315567451490783,0.10315567451490783,0.0,0.06482081845526694,0.10684120826820355,0.10315567451490783,0.03347643201966276,0.10315567451490783,0.014188506150677049,0.007134713145809532,0.10315567451490783,0.023074777645654642,0.10315567451490783,0.0,0.06508293811535594,0.0,0.0,0.06644655910992261
2022-07-13,0.10232264727330788,0.10232264727330788,0.0,0.06429736196244706,0.10597841872772117,0.10232264727330788,0.03320609517241624,0.10232264727330788,0.04428959020081914,0.007077097213003027,0.10232264727330788,0.022888438712163263,0.10232264727330788,0.0,0.06455736489150367,0.0,0.0,0.043769749480079105
2022-07-14,0.08032084917691176,0.10126985279888705,0.0,0.06363580844328241,0.10488801013668476,0.10126985279888705,0.032864438711738136,0.10126985279888705,0.07507186793556775,0.007004281184104874,0.10126985279888705,0.022652940291760574,0.10126985279888705,0.0,0.0638931362104434,0.0,0.0,0.04331940391507111
2022-07-15,0.07966993359823696,0.10044916769019614,0.0,0.06312010748267548,0.10403800368737803,0.10044916769019614,0.032598107175641496,0.10044916769019614,0.10254002926340487,0.0069475188890485715,0.10044916769019614,0.02246936215619804,0.10044916769019614,0.0,0.04340275335891585,0.0,0.0,0.0429683459375201
2022-07-18,0.07966993359823694,0.10044916769019611,0.0,0.06312010748267546,0.104038003687378,0.10044916769019611,0.03259810717564149,0.10044916769019611,0.10254002926340484,0.00694751888904857,0.10044916769019611,0.022469362156198037,0.10044916769019611,0.0,0.043402753358915844,0.0,0.0,0.042968345937520094
2022-07-19,0.0,0.0,0.0,0.0,0.0,0.0,0.0,0.0,0.0,0.0,0.0,0.0,0.0,0.0,0.0,0.0,0.0,0.0
2022-07-20,0.0820877380255604,0.12750238639991768,0.0,0.06503566167523127,0.10719532458077465,0.12750238639991768,0.033587386873665165,0.12750238639991768,0.12750238639991768,0.0071583605600553935,0.0,0.02315125708000141,0.12750238639991768,0.0,0.0,0.0,0.0,0.04427233920512338
2022-07-21,0.0803541389490867,0.10244066159732881,0.02067000241331162,0.038594673930976424,0.10493148201225773,0.10244066159732881,0.03287805970415271,0.10244066159732881,0.10244066159732881,0.007007184177876199,0.10244066159732881,0.022662329027426757,0.10244066159732881,0.0,0.03492080212948313,0.0,0.0,0.043337358071455966
2022-07-22,0.05924557692122187,0.10479197437008646,0.02114443941839846,0.03948053456833771,0.10733996639797594,0.10479197437008646,0.033632707326692844,0.10479197437008646,0.10479197437008646,0.007168019547363262,0.10479197437008646,0.023182495754893638,0.10479197437008646,0.0,0.035722336664712424,0.0,0.0,0.044332077179885104
2022-07-25,0.05924557692122187,0.10479197437008646,0.02114443941839846,0.03948053456833771,0.10733996639797594,0.10479197437008646,0.033632707326692844,0.10479197437008646,0.10479197437008646,0.007168019547363262,0.10479197437008646,0.023182495754893638,0.10479197437008646,0.0,0.035722336664712424,0.0,0.0,0.044332077179885104
2022-07-26,0.05771826541897954,0.10209050708568593,0.020599349857111426,0.038462752690019995,0.1045728135766282,0.10209050708568593,0.03276567853870568,0.10209050708568593,0.10209050708568593,0.006983232778934238,0.10209050708568593,0.04836420023570181,0.10209050708568593,0.0,0.03480143862455097,0.0,0.0,0.04318922576525267
2022-07-27,0.05771826541897954,0.10209050708568593,0.020599349857111426,0.038462752690019995,0.1045728135766282,0.10209050708568593,0.03276567853870568,0.10209050708568593,0.10209050708568593,0.006983232778934238,0.10209050708568593,0.04836420023570181,0.10209050708568593,0.0,0.03480143862455097,0.0,0.0,0.04318922576525267
2022-07-28,0.05891201990272553,0.10420198773564607,0.021025394646844366,0.03925825621299708,0.1067356343783078,0.10420198773564607,0.033443352675040644,0.10420198773564607,0.10420198773564607,0.007127663062491468,0.10420198773564607,0.04936448984012871,0.10420198773564607,0.0,0.03552121724397579,0.0,0.0,0.023400045623612205
2022-07-29,0.05890127672273923,0.1041829854893978,0.04236861788240994,0.03925109708803173,0.10671617009694431,0.1041829854893978,0.012272556262506366,0.1041829854893978,0.1041829854893978,0.007126363263786748,0.1041829854893978,0.049355487745137566,0.1041829854893978,0.0,0.03551473960442423,0.0,0.0,0.023395778397632905
2022-08-01,0.03764487361073511,0.1025233212443546,0.06217697111874531,0.03862581607780041,0.08391396889299171,0.1025233212443546,0.012077050991386682,0.1025233212443546,0.1025233212443546,0.007012838293749295,0.1025233212443546,0.048569240951359435,0.1025233212443546,0.0,0.034948979819209774,0.0,0.036867255706770234,0.02302307707112449
2022-08-02,0.0,0.0,0.0,0.0,0.0,0.0,0.0,0.0,0.0,0.0,0.0,0.0,0.0,0.0,0.0,0.0,0.0,0.0
2022-08-03,0.03867878588511938,0.10533911288018977,0.08632295550958217,0.03968666982813838,0.08621865673250734,0.10533911288018977,0.01240874585607069,0.10533911288018977,0.10533911288018977,0.007205445118921682,0.10533911288018977,0.0,0.10533911288018977,0.0,0.03590884966990798,0.0,0.03787981079175326,0.02365540332686048
2022-08-04,0.03509541639694437,0.09558004329286035,0.07832562472932283,0.016734958830308583,0.07823098864064092,0.09558004329286035,0.01125914613959488,0.09558004329286035,0.09558004329286035,0.006537901616792342,0.09558004329286035,0.0842189030648896,0.09558004329286035,0.0,0.032582099015303914,0.0,0.062070837036769425,0.02146386477227113
2022-08-05,0.03509541639694437,0.09558004329286035,0.07832562472932283,0.016734958830308583,0.07823098864064092,0.09558004329286035,0.01125914613959488,0.09558004329286035,0.09558004329286035,0.006537901616792342,0.09558004329286035,0.0842189030648896,0.09558004329286035,0.0,0.032582099015303914,0.0,0.062070837036769425,0.02146386477227113
2022-08-08,0.034040182275839506,0.09270618301895608,0.07597056300740428,0.016231779173646516,0.05287629473832699,0.09270618301895608,0.010920610900501917,0.09270618301895608,0.09270618301895608,0.006341322759073856,0.09270618301895608,0.08168664474514412,0.09270618301895608,0.0,0.05964211855963242,0.0,0.08523488735276696,0.020818498373927068
2022-08-09,0.0340401822758395,0.09270618301895607,0.07597056300740426,0.016231779173646512,0.05287629473832697,0.09270618301895607,0.010920610900501915,0.09270618301895607,0.09270618301895607,0.006341322759073854,0.09270618301895607,0.0816866447451441,0.09270618301895607,0.0,0.059642118559632404,0.0,0.08523488735276695,0.020818498373927064
2022-08-10,0.03242813552224028,0.08831588040061919,0.0723728120179181,0.015463088021819508,0.05037222297441709,0.08831588040061919,0.010403441656024356,0.08831588040061919,0.08831588040061919,0.006041015648951668,0.08831588040061919,0.07781819629187933,0.08831588040061919,0.0,0.0819848696425853,0.0,0.08119840416542673,0.042022531655022406
2022-08-11,0.03173944482752527,0.0864402768838596,0.07083579851453875,0.015134691564216119,0.049302445736968493,0.0864402768838596,0.01018249915204966,0.0864402768838596,0.0864402768838596,0.005912719920657099,0.0864402768838596,0.07616553674785564,0.0864402768838596,0.0,0.08024372060885353,0.0,0.0794739576478005,0.062367523976377424
2022-08-12,0.0,0.0,0.0,0.0,0.0,0.0,0.0,0.0,0.0,0.0,0.0,0.0,0.0,0.0,0.0,0.0,0.0,0.0
2022-08-15,0.03318069005147147,0.09036541284299299,0.07405235623469641,0.07732473320474884,0.0920411009821795,0.09036541284299299,0.010644872654499864,0.09036541284299299,0.09036541284299299,0.006181208528207928,0.0,0.07962411066632405,0.09036541284299299,0.0,0.0,0.0,0.08308276248072757,0.0920411009821795
2022-08-16,0.028418303798617685,0.07739536914621213,0.06342370677694019,0.06622640324691387,0.07883054769546087,0.07739536914621213,0.009117026334410413,0.07739536914621213,0.07739536914621213,0.023751332016489872,0.06253577189420484,0.06819575370796134,0.07739536914621213,0.0,0.06253577189420484,0.0,0.0711579892082746,0.07883054769546087
2022-08-17,0.028418303798617685,0.07739536914621213,0.06342370677694019,0.06622640324691387,0.07883054769546087,0.07739536914621213,0.009117026334410413,0.07739536914621213,0.07739536914621213,0.023751332016489872,0.06253577189420484,0.06819575370796134,0.07739536914621213,0.0,0.06253577189420484,0.0,0.0711579892082746,0.07883054769546087
2022-08-18,0.027560306904085747,0.07505867140206904,0.061508837267488126,0.0642269155672644,0.07645051947152982,0.07505867140206904,0.008841767813081264,0.07505867140206904,0.07505867140206904,0.05322593864172869,0.06064771064809362,0.0661368079905698,0.07505867140206904,0.0,0.06064771064809362,0.0,0.06900960856618975,0.07645051947152982
2022-08-19,0.027560306904085754,0.07505867140206905,0.06150883726748814,0.06422691556726441,0.07645051947152984,0.07505867140206905,0.008841767813081266,0.07505867140206905,0.07505867140206905,0.053225938641728705,0.060647710648093635,0.06613680799056981,0.07505867140206905,0.0,0.060647710648093635,0.0,0.06900960856618976,0.07645051947152984
2022-08-22,0.027560306904085754,0.07505867140206905,0.06150883726748814,0.06422691556726441,0.07645051947152984,0.07505867140206905,0.008841767813081266,0.07505867140206905,0.07505867140206905,0.053225938641728705,0.060647710648093635,0.06613680799056981,0.07505867140206905,0.0,0.060647710648093635,0.0,0.06900960856618976,0.07645051947152984
2022-08-23,0.027560306904085754,0.07505867140206905,0.06150883726748814,0.06422691556726441,0.07645051947152984,0.07505867140206905,0.008841767813081266,0.07505867140206905,0.07505867140206905,0.053225938641728705,0.060647710648093635,0.06613680799056981,0.07505867140206905,0.0,0.060647710648093635,0.0,0.06900960856618976,0.07645051947152984
2022-08-24,0.027560306904085754,0.07505867140206905,0.06150883726748814,0.06422691556726441,0.07645051947152984,0.07505867140206905,0.008841767813081266,0.07505867140206905,0.07505867140206905,0.053225938641728705,0.060647710648093635,0.06613680799056981,0.07505867140206905,0.0,0.060647710648093635,0.0,0.06900960856618976,0.07645051947152984
2022-08-25,0.02698827693438762,0.07350078564712695,0.06023218608792263,0.0628938491143542,0.0748637451119808,0.07350078564712695,0.008658251853270058,0.07350078564712695,0.07350078564712695,0.05212120377160036,0.059388932645184425,0.06476410062550167,0.07350078564712695,0.0,0.059388932645184425,0.02075557328475658,0.06757727457824185,0.0748637451119808
2022-08-26,0.026988276934387614,0.07350078564712693,0.060232186087922614,0.06289384911435418,0.07486374511198078,0.07350078564712693,0.008658251853270056,0.07350078564712693,0.07350078564712693,0.052121203771600344,0.05938893264518441,0.06476410062550166,0.07350078564712693,0.0,0.05938893264518441,0.020755573284756575,0.06757727457824184,0.07486374511198078
2022-08-29,0.026988276934387614,0.07350078564712693,0.060232186087922614,0.06289384911435418,0.07486374511198078,0.07350078564712693,0.008658251853270056,0.07350078564712693,0.07350078564712693,0.052121203771600344,0.05938893264518441,0.06476410062550166,0.07350078564712693,0.0,0.05938893264518441,0.020755573284756575,0.06757727457824184,0.07486374511198078
2022-08-30,0.0,0.0,0.0,0.0,0.0,0.0,0.0,0.0,0.0,0.0,0.0,0.0,0.0,0.0,0.0,0.0,0.0,0.0
2022-08-31,0.029129303637065656,0.07933173013909639,0.06501050962033754,0.06788332697970317,0.08080281553640654,0.07933173013909639,0.009345125952770008,0.07933173013909639,0.0,0.0562560690437338,0.06410035942304115,0.06990194877902524,0.07933173013909639,0.0,0.06410035942304115,0.022402148823465126,0.07293829668861854,0.08080281553640654
2022-09-01,0.006617565029671422,0.07562689493575393,0.061974483250984945,0.06471313846782464,0.07702927984011478,0.07562689493575393,0.00890870345765,0.07562689493575393,0.06785193133320967,0.05362887983924454,0.061106837565885135,0.06663748952464241,0.07562689493575393,0.0,0.061106837565885135,0.021355956216217446,0.06953203832553945,0.07702927984011478
2022-09-02,0.006617565029671422,0.07562689493575393,0.061974483250984945,0.06471313846782464,0.07702927984011478,0.07562689493575393,0.00890870345765,0.07562689493575393,0.06785193133320967,0.05362887983924454,0.061106837565885135,0.06663748952464241,0.07562689493575393,0.0,0.061106837565885135,0.021355956216217446,0.06953203832553945,0.07702927984011478
2022-09-05,0.006617565029671422,0.07562689493575393,0.061974483250984945,0.06471313846782464,0.07702927984011478,0.07562689493575393,0.00890870345765,0.07562689493575393,0.06785193133320967,0.05362887983924454,0.061106837565885135,0.06663748952464241,0.07562689493575393,0.0,0.061106837565885135,0.021355956216217446,0.06953203832553945,0.07702927984011478
2022-09-06,0.0,0.0,0.0,0.0,0.0,0.0,0.0,0.0,0.0,0.0,0.0,0.0,0.0,0.0,0.0,0.0,0.0,0.0
2022-09-07,0.007025398213433841,0.08028769648457468,0.0,0.09246138065170309,0.08177650881319828,0.08028769648457468,0.009457736958346718,0.08028769648457468,0.07203357050954973,0.05693396814716213,0.09246138065170309,0.09246138065170309,0.08028769648457468,0.0,0.09246138065170309,0.0,0.0,0.08177650881319828
2022-09-08,0.006259231673777185,0.07153178760599112,0.06494683156279792,0.0823778503074257,0.07285823501872447,0.07153178760599112,0.0084263076531006,0.07153178760599112,0.06417782912952621,0.029887946726883975,0.0823778503074257,0.0823778503074257,0.07153178760599112,0.0,0.0823778503074257,0.0,0.06494683156279792,0.07285823501872447
2022-09-09,0.006259231673777185,0.07153178760599112,0.06494683156279792,0.0823778503074257,0.07285823501872447,0.07153178760599112,0.0084263076531006,0.07153178760599112,0.06417782912952621,0.029887946726883975,0.0823778503074257,0.0823778503074257,0.07153178760599112,0.0,0.0823778503074257,0.0,0.06494683156279792,0.07285823501872447
2022-09-12,0.006259231673777185,0.07153178760599112,0.06494683156279792,0.0823778503074257,0.07285823501872447,0.07153178760599112,0.0084263076531006,0.07153178760599112,0.06417782912952621,0.029887946726883975,0.0823778503074257,0.0823778503074257,0.07153178760599112,0.0,0.0823778503074257,0.0,0.06494683156279792,0.07285823501872447
2022-09-13,0.006259231673777185,0.07153178760599112,0.06494683156279792,0.0823778503074257,0.07285823501872447,0.07153178760599112,0.0084263076531006,0.07153178760599112,0.06417782912952621,0.029887946726883975,0.0823778503074257,0.0823778503074257,0.07153178760599112,0.0,0.0823778503074257,0.0,0.06494683156279792,0.07285823501872447
2022-09-14,0.006390974477073569,0.07303737147237771,0.06631381685767801,0.0841117194937185,0.05334397807189991,0.07303737147237771,0.008603662550556784,0.07303737147237771,0.06552862864609019,0.03051702104331626,0.0841117194937185,0.0841117194937185,0.07303737147237771,0.0,0.0841117194937185,0.0,0.06631381685767801,0.0743917376313225
2022-09-15,0.006390974477073569,0.07303737147237771,0.06631381685767801,0.0841117194937185,0.05334397807189991,0.07303737147237771,0.008603662550556784,0.07303737147237771,0.06552862864609019,0.03051702104331626,0.0841117194937185,0.0841117194937185,0.07303737147237771,0.0,0.0841117194937185,0.0,0.06631381685767801,0.0743917376313225
2022-09-16,0.006390974477073569,0.07303737147237771,0.06631381685767801,0.0841117194937185,0.05334397807189991,0.07303737147237771,0.008603662550556784,0.07303737147237771,0.06552862864609019,0.03051702104331626,0.0841117194937185,0.0841117194937185,0.07303737147237771,0.0,0.0841117194937185,0.0,0.06631381685767801,0.0743917376313225
2022-09-19,0.006390974477073569,0.07303737147237771,0.06631381685767801,0.0841117194937185,0.05334397807189991,0.07303737147237771,0.008603662550556784,0.07303737147237771,0.06552862864609019,0.03051702104331626,0.0841117194937185,0.0841117194937185,0.07303737147237771,0.0,0.0841117194937185,0.0,0.06631381685767801,0.0743917376313225
2022-09-20,0.0,0.0,0.0,0.0,0.0,0.0,0.0,0.0,0.0,0.0,0.0,0.0,0.0,0.0,0.0,0.0,0.0,0.0
2022-09-21,0.006596270907557716,0.10347736842191226,0.10347736842191226,0.08681362916897842,0.05505753964615929,0.10347736842191226,0.008880036868284967,0.10347736842191226,0.0,0.03149731528665538,0.0,0.08681362916897842,0.10347736842191226,0.0,0.0,0.0,0.10347736842191226,0.10347736842191226
2022-09-22,0.006281510288621436,0.07374954376168039,0.07374954376168039,0.08267105952132735,0.052430305941085414,0.07374954376168039,0.008456299587022629,0.07374954376168039,0.07374954376168039,0.029994327523812033,0.07374954376168039,0.08267105952132735,0.07374954376168039,0.0,0.07374954376168039,0.0,0.07374954376168039,0.07374954376168039
2022-09-23,0.006281510288621436,0.07374954376168039,0.07374954376168039,0.08267105952132735,0.052430305941085414,0.07374954376168039,0.008456299587022629,0.07374954376168039,0.07374954376168039,0.029994327523812033,0.07374954376168039,0.08267105952132735,0.07374954376168039,0.0,0.07374954376168039,0.0,0.07374954376168039,0.07374954376168039
2022-09-26,0.0,0.0,0.0,0.0,0.0,0.0,0.0,0.0,0.0,0.0,0.0,0.0,0.0,0.0,0.0,0.0,0.0,0.0
2022-09-27,0.030747019611075302,0.0844721415137795,0.0844721415137795,0.09469077478697796,0.06005325588695152,0.0844721415137795,0.009685778365032354,0.0844721415137795,0.0844721415137795,0.03435526445274882,0.0,0.09469077478697796,0.0844721415137795,0.0,0.0,0.0,0.0844721415137795,0.0844721415137795
2022-09-28,0.029367209817579322,0.08068135171975645,0.08068135171975645,0.059596865993408944,0.02786357332590917,0.08068135171975645,0.009251117314473518,0.08068135171975645,0.055529985929846974,0.011580166229001168,0.07580010395965672,0.0904414114321723,0.08068135171975645,0.0,0.07580010395965672,0.0,0.08068135171975645,0.08068135171975645
2022-09-29,0.029367209817579325,0.08068135171975646,0.08068135171975646,0.05959686599340895,0.027863573325909174,0.08068135171975646,0.00925111731447352,0.08068135171975646,0.05552998592984698,0.01158016622900117,0.07580010395965674,0.09044141143217231,0.08068135171975646,0.0,0.07580010395965674,0.0,0.08068135171975646,0.08068135171975646
2022-09-30,0.02936720981757932,0.08068135171975645,0.08068135171975645,0.05959686599340894,0.027863573325909167,0.08068135171975645,0.009251117314473518,0.08068135171975645,0.05552998592984697,0.011580166229001168,0.07580010395965672,0.0904414114321723,0.08068135171975645,0.0,0.07580010395965672,0.0,0.08068135171975645,0.08068135171975645
2022-10-03,0.05404432097475188,0.0786301303878198,0.0786301303878198,0.05808169104608197,0.027155177212410606,0.0786301303878198,0.009015919356392581,0.0786301303878198,0.0541182062648621,0.011285755147753962,0.07387298217883768,0.08814205292533281,0.0786301303878198,0.0,0.07387298217883768,0.0,0.0786301303878198,0.0786301303878198
2022-10-04,0.05404432097475189,0.07863013038781981,0.07863013038781981,0.058081691046081976,0.02715517721241061,0.07863013038781981,0.009015919356392583,0.07863013038781981,0.054118206264862107,0.011285755147753963,0.0738729821788377,0.08814205292533282,0.07863013038781981,0.0,0.0738729821788377,0.0,0.07863013038781981,0.07863013038781981
2022-10-05,0.0540443209747519,0.07863013038781982,0.07863013038781982,0.05808169104608198,0.027155177212410612,0.07863013038781982,0.009015919356392585,0.07863013038781982,0.05411820626486211,0.011285755147753965,0.07387298217883771,0.08814205292533284,0.07863013038781982,0.0,0.07387298217883771,0.0,0.07863013038781982,0.07863013038781982
2022-10-06,0.055215708072494034,0.08033440418696894,0.08033440418696894,0.05934058638012107,0.02774375384081121,0.08033440418696894,0.009211335478158566,0.08033440418696894,0.03361663072118623,0.011530368970814707,0.07547414686432709,0.09005249349897747,0.08033440418696894,0.0,0.07547414686432709,0.0,0.08033440418696894,0.08033440418696894
2022-10-07,0.055215708072494034,0.08033440418696894,0.08033440418696894,0.05934058638012107,0.02774375384081121,0.08033440418696894,0.009211335478158566,0.08033440418696894,0.03361663072118623,0.011530368970814707,0.07547414686432709,0.09005249349897747,0.08033440418696894,0.0,0.07547414686432709,0.0,0.08033440418696894,0.08033440418696894
2022-10-10,0.05757057504064501,0.08376054579467244,0.08376054579467244,0.04052049264539325,0.028926983247313808,0.08376054579467244,0.009604185093010802,0.08376054579467244,0.03505032950056104,0.012022121878960254,0.07869300580147648,0.09389309701096996,0.08376054579467244,0.0,0.07869300580147648,0.0,0.08376054579467244,0.06246292921215826
2022-10-11,0.0,0.0,0.0,0.0,0.0,0.0,0.0,0.0,0.0,0.0,0.0,0.0,0.0,0.0,0.0,0.0,0.0,0.0
2022-10-12,0.05939616470540056,0.11254989775259193,0.11254989775259193,0.04180541628098327,0.029844271316984295,0.11254989775259193,0.009908738261566463,0.11254989775259193,0.0361617917230128,0.012403348945654768,0.0,0.09687049071207683,0.11254989775259193,0.0,0.0,0.0,0.08641663159213203,0.06444365769922943
2022-10-13,0.05537174220369269,0.08462509392474814,0.08462509392474814,0.038972865411597654,0.02782215494582025,0.08462509392474814,0.00923736580138881,0.08462509392474814,0.03371162799554011,0.011562952653385597,0.08462509392474814,0.0903069729410764,0.08462509392474814,0.0,0.08462509392474814,0.0,0.08056142126961176,0.06007723930464986
2022-10-14,0.05537174220369269,0.08462509392474814,0.08462509392474814,0.038972865411597654,0.02782215494582025,0.08462509392474814,0.00923736580138881,0.08462509392474814,0.03371162799554011,0.011562952653385597,0.08462509392474814,0.0903069729410764,0.08462509392474814,0.0,0.08462509392474814,0.0,0.08056142126961176,0.06007723930464986
2022-10-17,0.05537174220369269,0.08462509392474814,0.08462509392474814,0.038972865411597654,0.02782215494582025,0.08462509392474814,0.00923736580138881,0.08462509392474814,0.03371162799554011,0.011562952653385597,0.08462509392474814,0.0903069729410764,0.08462509392474814,0.0,0.08462509392474814,0.0,0.08056142126961176,0.06007723930464986
2022-10-18,0.056508145289682385,0.08636186820818108,0.08636186820818108,0.039772711736834776,0.028393153463855052,0.08636186820818108,0.00942694573124722,0.08636186820818108,0.03440349710717001,0.011800260972674562,0.08636186820818108,0.0921603573326873,0.08636186820818108,0.0,0.08636186820818108,0.0,0.061691636851350956,0.06131021405723029
2022-10-19,0.056508145289682385,0.08636186820818108,0.08636186820818108,0.039772711736834776,0.028393153463855052,0.08636186820818108,0.00942694573124722,0.08636186820818108,0.03440349710717001,0.011800260972674562,0.08636186820818108,0.0921603573326873,0.08636186820818108,0.0,0.08636186820818108,0.0,0.061691636851350956,0.06131021405723029
2022-10-20,0.05599347463708821,0.08557529277127549,0.08557529277127549,0.03941046577388376,0.05797404772728444,0.08557529277127549,0.00934108603285155,0.08557529277127549,0.034090153425176926,0.01169278535151492,0.08557529277127549,0.09132096982477017,0.08557529277127549,0.0,0.08557529277127549,0.0,0.06112975546531147,0.040020212363190096
2022-10-21,0.05599347463708821,0.08557529277127549,0.08557529277127549,0.03941046577388376,0.05797404772728444,0.08557529277127549,0.00934108603285155,0.08557529277127549,0.034090153425176926,0.01169278535151492,0.08557529277127549,0.09132096982477017,0.08557529277127549,0.0,0.08557529277127549,0.0,0.06112975546531147,0.040020212363190096
2022-10-24,0.05599347463708821,0.08557529277127549,0.08557529277127549,0.03941046577388376,0.05797404772728444,0.08557529277127549,0.00934108603285155,0.08557529277127549,0.034090153425176926,0.01169278535151492,0.08557529277127549,0.09132096982477017,0.08557529277127549,0.0,0.08557529277127549,0.0,0.06112975546531147,0.040020212363190096
2022-10-25,0.05743523892196354,0.08777875311348565,0.06202996195130338,0.04042523762669983,0.059466809375040675,0.08777875311348565,0.009581607706339422,0.08777875311348565,0.03496793366640856,0.0119938604396353,0.08777875311348565,0.09367237440551612,0.08777875311348565,0.0,0.08777875311348565,0.0,0.06270377277258304,0.04105068445359606
2022-10-26,0.057775522756770344,0.08829881172705911,0.062397467923627936,0.019471650541919034,0.09613419767822796,0.08829881172705911,0.009638375402881219,0.08829881172705911,0.014128478425337446,0.012064919895487516,0.08829881172705911,0.09422735067751312,0.08829881172705911,0.0,0.08829881172705911,0.0,0.06307527083990891,0.04129389549597186
2022-10-27,0.053994170506269715,0.08251973964758547,0.05831361381897768,0.01819724979079785,0.0898423071440477,0.08251973964758547,0.009007553027213767,0.08251973964758547,0.013203783136733782,0.045559459560307304,0.08251973964758547,0.08806026144072429,0.08251973964758547,0.0,0.08251973964758547,0.031164858645236115,0.05894705518800507,0.03859124985617394
2022-10-28,0.05199553089200169,0.07946520211006378,0.05615508637912744,0.017523663291336842,0.08651671861455121,0.07946520211006378,0.00867413087924839,0.07946520211006378,0.012715034003487707,0.08088887856424654,0.07946520211006378,0.08480063683110475,0.07946520211006378,0.0,0.07946520211006378,0.030011265202140265,0.05676508038334519,0.03716276229902723
2022-10-31,0.0519955308920017,0.07946520211006379,0.056155086379127445,0.017523663291336845,0.08651671861455122,0.07946520211006379,0.008674130879248391,0.07946520211006379,0.012715034003487708,0.08088887856424655,0.07946520211006379,0.08480063683110477,0.07946520211006379,0.0,0.07946520211006379,0.03001126520214027,0.0567650803833452,0.037162762299027235
2022-11-01,0.0519955308920017,0.07946520211006379,0.056155086379127445,0.017523663291336845,0.08651671861455122,0.07946520211006379,0.008674130879248391,0.07946520211006379,0.012715034003487708,0.08088887856424655,0.07946520211006379,0.08480063683110477,0.07946520211006379,0.0,0.07946520211006379,0.03001126520214027,0.0567650803833452,0.037162762299027235
2022-11-02,0.0519955308920017,0.07946520211006379,0.056155086379127445,0.017523663291336845,0.08651671861455122,0.07946520211006379,0.008674130879248391,0.07946520211006379,0.012715034003487708,0.08088887856424655,0.07946520211006379,0.08480063683110477,0.07946520211006379,0.0,0.07946520211006379,0.03001126520214027,0.0567650803833452,0.037162762299027235
2022-11-03,0.05305669240986243,0.08108698407942909,0.036892432762927266,0.017881298588403805,0.08828241291308697,0.08108698407942909,0.008851158668599451,0.08108698407942909,0.012974531397808329,0.08253971592820337,0.08108698407942909,0.08653130812056926,0.08108698407942909,0.0,0.08108698407942909,0.03062375629874955,0.05792358223586389,0.03792120619935097
2022-11-04,0.0,0.0,0.0,0.0,0.0,0.0,0.0,0.0,0.0,0.0,0.0,0.0,0.0,0.0,0.0,0.0,0.0,0.0
2022-11-07,0.053640936806179956,0.10705347635702482,0.03729868117626135,0.018078202089633243,0.08925455238682983,0.10705347635702482,0.008948624975264382,0.10705347635702482,0.013117403049238417,0.10705347635702482,0.0,0.08748416495312353,0.10705347635702482,0.0,0.0,0.06000985025649751,0.05856141936439266,0.038338783157455016
2022-11-08,0.02625698257439474,0.09295826352351043,0.032387744441843926,0.015697932762826425,0.07750283768251913,0.09295826352351043,0.007770402857815347,0.09295826352351043,0.011390298109783795,0.09295826352351043,0.07599323470493159,0.07596554858924082,0.09295826352351043,0.0,0.07599323470493159,0.052108643866415096,0.05085092085595593,0.03329090123178951
2022-11-09,0.02625698257439474,0.09295826352351043,0.032387744441843926,0.015697932762826425,0.07750283768251913,0.09295826352351043,0.007770402857815347,0.09295826352351043,0.011390298109783795,0.09295826352351043,0.07599323470493159,0.07596554858924082,0.09295826352351043,0.0,0.07599323470493159,0.052108643866415096,0.05085092085595593,0.03329090123178951
2022-11-10,0.02444077197978546,0.08652828694148984,0.030147465520832733,0.014612097720032415,0.0721419217999553,0.08652828694148984,0.007232919620556056,0.08652828694148984,0.029720083683542974,0.08652828694148984,0.0707367389290491,0.070710967877913,0.08652828694148984,0.0,0.0707367389290491,0.0760134839298087,0.04733353339749417,0.05353184190453185
2022-11-11,0.023830943987099965,0.08436929738176209,0.02939524834871025,0.014247507508687958,0.07034189013990268,0.08436929738176209,0.007052449181360954,0.08436929738176209,0.05392978762414291,0.08436929738176209,0.06897176834850041,0.06894664031749465,0.08436929738176209,0.0,0.06897176834850041,0.07411685192651984,0.04615250222211314,0.05219615513815646
2022-11-14,0.023338665567880758,0.08262647156805485,0.028788027485051125,0.013953195186104876,0.06888883001346761,0.08262647156805485,0.006906765966440744,0.08262647156805485,0.05281575409635603,0.08262647156805485,0.06754701097792656,0.06752240201940858,0.08262647156805485,0.0,0.06754701097792656,0.07258581200113369,0.04519912493041998,0.07177504293760932
2022-11-15,0.022729567700954623,0.08047006689113119,0.028036710916280058,0.01358904148588832,0.06709095346846126,0.08047006689113119,0.00672651159820014,0.08047006689113119,0.05143735638691462,0.08047006689113119,0.06578415353501804,0.06576018682676485,0.08047006689113119,0.026098230216057967,0.06578415353501804,0.0706914507691086,0.044019507762421514,0.06990184134325615
2022-11-16,0.02168405210514944,0.07676860142390056,0.026747077127212388,0.03757457343370542,0.06400490101416095,0.07676860142390056,0.006417105239319529,0.07676860142390056,0.049071338739018484,0.07676860142390056,0.06275821131814009,0.06273534703152503,0.07676860142390056,0.024897762742465992,0.06275821131814009,0.06743978249096122,0.06338213676854042,0.06668649355215828
2022-11-17,0.020521213361587437,0.07265177383135012,0.02531272632369363,0.060148566855751304,0.060572545367891195,0.07265177383135012,0.006072978663824748,0.07265177383135012,0.04643981702861663,0.07265177383135012,0.059392711214953466,0.05937107305886931,0.07265177383135012,0.052600050034421184,0.059392711214953466,0.0638232263437243,0.05998317775816699,0.06311033361679583
2022-11-18,0.020521213361587437,0.07265177383135012,0.02531272632369363,0.060148566855751304,0.060572545367891195,0.07265177383135012,0.006072978663824748,0.07265177383135012,0.04643981702861663,0.07265177383135012,0.059392711214953466,0.05937107305886931,0.07265177383135012,0.052600050034421184,0.059392711214953466,0.0638232263437243,0.05998317775816699,0.06311033361679583
2022-11-21,0.020057716129913267,0.07101084278825298,0.04732725563718177,0.0587900363568192,0.05920443878477715,0.07101084278825298,0.00593581285646718,0.07101084278825298,0.04539091576469285,0.07101084278825298,0.058051252659618566,0.05803010322831237,0.07101084278825298,0.05141201221485869,0.058051252659618566,0.06238169907116044,0.05862838277854989,0.06168490791676522
2022-11-22,0.020057716129913267,0.07101084278825298,0.04732725563718177,0.0587900363568192,0.05920443878477715,0.07101084278825298,0.00593581285646718,0.07101084278825298,0.04539091576469285,0.07101084278825298,0.058051252659618566,0.05803010322831237,0.07101084278825298,0.05141201221485869,0.058051252659618566,0.06238169907116044,0.05862838277854989,0.06168490791676522
2022-11-23,0.020057716129913267,0.07101084278825298,0.04732725563718177,0.0587900363568192,0.05920443878477715,0.07101084278825298,0.00593581285646718,0.07101084278825298,0.04539091576469285,0.07101084278825298,0.058051252659618566,0.05803010322831237,0.07101084278825298,0.05141201221485869,0.058051252659618566,0.06238169907116044,0.05862838277854989,0.06168490791676522
2022-11-24,0.0,0.0,0.0,0.0,0.0,0.0,0.0,0.0,0.0,0.0,0.0,0.0,0.0,0.0,0.0,0.0,0.0,0.0
2022-11-25,0.0,0.0,0.0,0.0,0.0,0.0,0.0,0.0,0.0,0.0,0.0,0.0,0.0,0.0,0.0,0.0,0.0,0.0
2022-11-28,0.0,0.07519759203923237,0.0,0.0882466079434562,0.0882466079434562,0.07519759203923237,0.006285784199644632,0.07519759203923237,0.0882466079434562,0.07519759203923237,0.0882466079434562,0.0882466079434562,0.07519759203923237,0.0,0.0882466079434562,0.0,0.0,0.0882466079434562
2022-11-29,0.0,0.07070832382977571,0.05823162323861087,0.05823162323861087,0.05823162323861087,0.07070832382977571,0.005910525226401881,0.07070832382977571,0.05823162323861087,0.07070832382977571,0.05823162323861087,0.05823162323861087,0.07070832382977571,0.05823162323861087,0.05823162323861087,0.05823162323861087,0.05823162323861087,0.05823162323861087
2022-11-30,0.0,0.07070832382977571,0.05823162323861087,0.05823162323861087,0.05823162323861087,0.07070832382977571,0.005910525226401881,0.07070832382977571,0.05823162323861087,0.07070832382977571,0.05823162323861087,0.05823162323861087,0.07070832382977571,0.05823162323861087,0.05823162323861087,0.05823162323861087,0.05823162323861087,0.05823162323861087
2022-12-01,0.0,0.07070832382977571,0.05823162323861087,0.05823162323861087,0.05823162323861087,0.07070832382977571,0.005910525226401881,0.07070832382977571,0.05823162323861087,0.07070832382977571,0.05823162323861087,0.05823162323861087,0.07070832382977571,0.05823162323861087,0.05823162323861087,0.05823162323861087,0.05823162323861087,0.05823162323861087
2022-12-02,0.0,0.07070832382977571,0.05823162323861087,0.05823162323861087,0.05823162323861087,0.07070832382977571,0.005910525226401881,0.07070832382977571,0.05823162323861087,0.07070832382977571,0.05823162323861087,0.05823162323861087,0.07070832382977571,0.05823162323861087,0.05823162323861087,0.05823162323861087,0.05823162323861087,0.05823162323861087
2022-12-05,0.0,0.07070832382977571,0.05823162323861087,0.05823162323861087,0.05823162323861087,0.07070832382977571,0.005910525226401881,0.07070832382977571,0.05823162323861087,0.07070832382977571,0.05823162323861087,0.05823162323861087,0.07070832382977571,0.05823162323861087,0.05823162323861087,0.05823162323861087,0.05823162323861087,0.05823162323861087
2022-12-06,0.0,0.07070832382977571,0.05823162323861087,0.05823162323861087,0.05823162323861087,0.07070832382977571,0.005910525226401881,0.07070832382977571,0.05823162323861087,0.07070832382977571,0.05823162323861087,0.05823162323861087,0.07070832382977571,0.05823162323861087,0.05823162323861087,0.05823162323861087,0.05823162323861087,0.05823162323861087
2022-12-07,0.0,0.07070832382977571,0.05823162323861087,0.05823162323861087,0.05823162323861087,0.07070832382977571,0.005910525226401881,0.07070832382977571,0.05823162323861087,0.07070832382977571,0.05823162323861087,0.05823162323861087,0.07070832382977571,0.05823162323861087,0.05823162323861087,0.05823162323861087,0.05823162323861087,0.05823162323861087
2022-12-08,0.0,0.07070832382977571,0.05823162323861087,0.05823162323861087,0.05823162323861087,0.07070832382977571,0.005910525226401881,0.07070832382977571,0.05823162323861087,0.07070832382977571,0.05823162323861087,0.05823162323861087,0.07070832382977571,0.05823162323861087,0.05823162323861087,0.05823162323861087,0.05823162323861087,0.05823162323861087
2022-12-09,0.0,0.07070832382977571,0.05823162323861087,0.05823162323861087,0.05823162323861087,0.07070832382977571,0.005910525226401881,0.07070832382977571,0.05823162323861087,0.07070832382977571,0.05823162323861087,0.05823162323861087,0.07070832382977571,0.05823162323861087,0.05823162323861087,0.05823162323861087,0.05823162323861087,0.05823162323861087
2022-12-12,0.0,0.07070832382977571,0.05823162323861087,0.05823162323861087,0.05823162323861087,0.07070832382977571,0.005910525226401881,0.07070832382977571,0.05823162323861087,0.07070832382977571,0.05823162323861087,0.05823162323861087,0.07070832382977571,0.05823162323861087,0.05823162323861087,0.05823162323861087,0.05823162323861087,0.05823162323861087
2022-12-13,0.0,0.07070832382977571,0.05823162323861087,0.05823162323861087,0.05823162323861087,0.07070832382977571,0.005910525226401881,0.07070832382977571,0.05823162323861087,0.07070832382977571,0.05823162323861087,0.05823162323861087,0.07070832382977571,0.05823162323861087,0.05823162323861087,0.05823162323861087,0.05823162323861087,0.05823162323861087
2022-12-14,0.0,0.07070832382977571,0.05823162323861087,0.05823162323861087,0.05823162323861087,0.07070832382977571,0.005910525226401881,0.07070832382977571,0.05823162323861087,0.07070832382977571,0.05823162323861087,0.05823162323861087,0.07070832382977571,0.05823162323861087,0.05823162323861087,0.05823162323861087,0.05823162323861087,0.05823162323861087
2022-12-15,0.0,0.07070832382977571,0.05823162323861087,0.05823162323861087,0.05823162323861087,0.07070832382977571,0.005910525226401881,0.07070832382977571,0.05823162323861087,0.07070832382977571,0.05823162323861087,0.05823162323861087,0.07070832382977571,0.05823162323861087,0.05823162323861087,0.05823162323861087,0.05823162323861087,0.05823162323861087
2022-12-16,0.0,0.07070832382977571,0.05823162323861087,0.05823162323861087,0.05823162323861087,0.07070832382977571,0.005910525226401881,0.07070832382977571,0.05823162323861087,0.07070832382977571,0.05823162323861087,0.05823162323861087,0.07070832382977571,0.05823162323861087,0.05823162323861087,0.05823162323861087,0.05823162323861087,0.05823162323861087
2022-12-19,0.0,0.07235338259774865,0.05958640634183632,0.05958640634183632,0.05958640634183632,0.04908796377756447,0.006048036071241385,0.07235338259774865,0.05958640634183632,0.07235338259774865,0.05958640634183632,0.05958640634183632,0.07235338259774865,0.05958640634183632,0.05958640634183632,0.05958640634183632,0.05958640634183632,0.05958640634183632
2022-12-20,0.0,0.07235338259774865,0.05958640634183632,0.05958640634183632,0.05958640634183632,0.04908796377756447,0.006048036071241385,0.07235338259774865,0.05958640634183632,0.07235338259774865,0.05958640634183632,0.05958640634183632,0.07235338259774865,0.05958640634183632,0.05958640634183632,0.05958640634183632,0.05958640634183632,0.05958640634183632
2022-12-21,0.0,0.07235338259774865,0.05958640634183632,0.05958640634183632,0.05958640634183632,0.04908796377756447,0.006048036071241385,0.07235338259774865,0.05958640634183632,0.07235338259774865,0.05958640634183632,0.05958640634183632,0.07235338259774865,0.05958640634183632,0.05958640634183632,0.05958640634183632,0.05958640634183632,0.05958640634183632
2022-12-22,0.0,0.07235338259774865,0.05958640634183632,0.05958640634183632,0.05958640634183632,0.04908796377756447,0.006048036071241385,0.07235338259774865,0.05958640634183632,0.07235338259774865,0.05958640634183632,0.05958640634183632,0.07235338259774865,0.05958640634183632,0.05958640634183632,0.05958640634183632,0.05958640634183632,0.05958640634183632
2022-12-23,0.0,0.07235338259774865,0.05958640634183632,0.05958640634183632,0.05958640634183632,0.04908796377756447,0.006048036071241385,0.07235338259774865,0.05958640634183632,0.07235338259774865,0.05958640634183632,0.05958640634183632,0.07235338259774865,0.05958640634183632,0.05958640634183632,0.05958640634183632,0.05958640634183632,0.05958640634183632
2022-12-26,0.0,0.07235338259774865,0.05958640634183632,0.05958640634183632,0.05958640634183632,0.04908796377756447,0.006048036071241385,0.07235338259774865,0.05958640634183632,0.07235338259774865,0.05958640634183632,0.05958640634183632,0.07235338259774865,0.05958640634183632,0.05958640634183632,0.05958640634183632,0.05958640634183632,0.05958640634183632
2022-12-27,0.0,0.0,0.0,0.0,0.0,0.0,0.0,0.0,0.0,0.0,0.0,0.0,0.0,0.0,0.0,0.0,0.0,0.0
2022-12-28,0.0,0.0,0.0,0.0,0.0,0.0,0.0,0.0,0.0,0.0,0.0,0.0,0.0,0.0,0.0,0.0,0.0,0.0
2022-12-29,0.0,0.07693783148784299,0.0633619151654838,0.0633619151654838,0.0633619151654838,0.05219827117408485,0.006431251219705167,0.07693783148784299,0.0,0.07693783148784299,0.0633619151654838,0.0633619151654838,0.07693783148784299,0.0633619151654838,0.0633619151654838,0.0633619151654838,0.0633619151654838,0.0633619151654838
2022-12-30,0.0,0.07394964350278824,0.06090100211469844,0.06090100211469844,0.06090100211469844,0.02646246621714993,0.006181467891374314,0.07394964350278824,0.06254747073333838,0.07394964350278824,0.06090100211469844,0.06090100211469844,0.07394964350278824,0.06090100211469844,0.06090100211469844,0.06090100211469844,0.06090100211469844,0.06090100211469844
2023-01-02,0.0,0.07394964350278825,0.06090100211469845,0.06090100211469845,0.06090100211469845,0.026462466217149934,0.006181467891374315,0.07394964350278825,0.0625474707333384,0.07394964350278825,0.06090100211469845,0.06090100211469845,0.07394964350278825,0.06090100211469845,0.06090100211469845,0.06090100211469845,0.06090100211469845,0.06090100211469845
2023-01-03,0.0,0.0,0.0,0.0,0.0,0.0,0.0,0.0,0.0,0.0,0.0,0.0,0.0,0.0,0.0,0.0,0.0,0.0
2023-01-04,0.0,0.0,0.0,0.0,0.0,0.0,0.0,0.0,0.0,0.0,0.0,0.0,0.0,0.0,0.0,0.0,0.0,0.0
2023-01-05,0.0,0.08420611736639042,0.06934768971006236,0.06934768971006236,0.06934768971006236,0.030132688009529774,0.007038808925941793,0.08420611736639042,0.07122251591846791,0.08420611736639042,0.0,0.06934768971006236,0.08420611736639042,0.06934768971006236,0.0,0.06934768971006236,0.06934768971006236,0.06934768971006236
2023-01-06,0.0,0.07881905633478123,0.0649111921187566,0.0649111921187566,0.0649111921187566,0.028204958357211603,0.006588503241986598,0.04729231366369498,0.06666607688437604,0.07881905633478123,0.06280355341441407,0.0649111921187566,0.04871339140428739,0.0649111921187566,0.06280355341441407,0.0649111921187566,0.0649111921187566,0.0649111921187566
2023-01-09,0.0,0.07881905633478123,0.0649111921187566,0.0649111921187566,0.0649111921187566,0.028204958357211603,0.006588503241986598,0.04729231366369498,0.06666607688437604,0.07881905633478123,0.06280355341441407,0.0649111921187566,0.04871339140428739,0.0649111921187566,0.06280355341441407,0.0649111921187566,0.0649111921187566,0.0649111921187566
2023-01-10,0.0,0.0,0.0,0.0,0.0,0.0,0.0,0.0,0.0,0.0,0.0,0.0,0.0,0.0,0.0,0.0,0.0,0.0
2023-01-11,0.0,0.09014146495281675,0.07423572701207845,0.07423572701207845,0.07423572701207845,0.03225661893810724,0.00753494601047361,0.054085885227382564,0.07624270211368865,0.09014146495281675,0.0,0.07423572701207845,0.055711101708086755,0.07423572701207845,0.0,0.07423572701207845,0.07423572701207845,0.07423572701207845
2023-01-12,0.0,0.0627520321146081,0.06783066760293842,0.06783066760293842,0.06783066760293842,0.029473517472650416,0.006884830779112116,0.049419354406973814,0.06966448086892214,0.0627520321146081,0.0627520321146081,0.06783066760293842,0.05090434719040176,0.06783066760293842,0.0627520321146081,0.06783066760293842,0.06783066760293842,0.06783066760293842
2023-01-13,0.0,0.06275203211460811,0.06783066760293843,0.06783066760293843,0.06783066760293843,0.02947351747265042,0.006884830779112117,0.04941935440697382,0.06966448086892216,0.06275203211460811,0.06275203211460811,0.06783066760293843,0.050904347190401766,0.06783066760293843,0.06275203211460811,0.06783066760293843,0.06783066760293843,0.06783066760293843
2023-01-16,0.0,0.06275203211460809,0.0678306676029384,0.0678306676029384,0.0678306676029384,0.029473517472650406,0.006884830779112113,0.0494193544069738,0.06966448086892213,0.06275203211460809,0.06275203211460809,0.0678306676029384,0.050904347190401746,0.0678306676029384,0.06275203211460809,0.0678306676029384,0.0678306676029384,0.0678306676029384
2023-01-17,0.0,0.0,0.0,0.0,0.0,0.0,0.0,0.0,0.0,0.0,0.0,0.0,0.0,0.0,0.0,0.0,0.0,0.0
2023-01-18,0.0,0.09614928850306603,0.0,0.09614928850306603,0.09614928850306603,0.029036715976448635,0.006782796660239034,0.04868695292261339,0.09614928850306603,0.09614928850306603,0.09614928850306603,0.09614928850306603,0.05014993791310477,0.0,0.09614928850306603,0.0,0.0,0.09614928850306603
2023-01-19,0.0,0.06706810513994996,0.06706810513994996,0.06706810513994996,0.06706810513994996,0.027626077335830314,0.0064532802277281875,0.04632168209989677,0.06706810513994996,0.06706810513994996,0.06706810513994996,0.06706810513994996,0.04771359351719531,0.06706810513994996,0.06706810513994996,0.06706810513994996,0.06706810513994996,0.06706810513994996
2023-01-20,0.0,0.06706810513994996,0.06706810513994996,0.06706810513994996,0.06706810513994996,0.027626077335830314,0.0064532802277281875,0.04632168209989677,0.06706810513994996,0.06706810513994996,0.06706810513994996,0.06706810513994996,0.04771359351719531,0.06706810513994996,0.06706810513994996,0.06706810513994996,0.06706810513994996,0.06706810513994996
2023-01-23,0.0,0.06706810513994996,0.06706810513994996,0.06706810513994996,0.06706810513994996,0.027626077335830314,0.0064532802277281875,0.04632168209989677,0.06706810513994996,0.06706810513994996,0.06706810513994996,0.06706810513994996,0.04771359351719531,0.06706810513994996,0.06706810513994996,0.06706810513994996,0.06706810513994996,0.06706810513994996
2023-01-24,0.0,0.06706810513994996,0.06706810513994996,0.06706810513994996,0.06706810513994996,0.027626077335830314,0.0064532802277281875,0.04632168209989677,0.06706810513994996,0.06706810513994996,0.06706810513994996,0.06706810513994996,0.04771359351719531,0.06706810513994996,0.06706810513994996,0.06706810513994996,0.06706810513994996,0.06706810513994996
2023-01-25,0.0,0.06997815340684371,0.06997815340684371,0.06997815340684371,0.06997815340684371,0.028824757666882615,0.006733284514464685,0.026916848852479126,0.06997815340684371,0.06997815340684371,0.06997815340684371,0.06997815340684371,0.02780911467720544,0.06997815340684371,0.06997815340684371,0.06997815340684371,0.06997815340684371,0.06997815340684371
2023-01-26,0.0,0.06997815340684371,0.06997815340684371,0.06997815340684371,0.06997815340684371,0.028824757666882615,0.006733284514464685,0.026916848852479126,0.06997815340684371,0.06997815340684371,0.06997815340684371,0.06997815340684371,0.02780911467720544,0.06997815340684371,0.06997815340684371,0.06997815340684371,0.06997815340684371,0.06997815340684371
2023-01-27,0.0,0.06997815340684371,0.06997815340684371,0.06997815340684371,0.06997815340684371,0.028824757666882615,0.006733284514464685,0.026916848852479126,0.06997815340684371,0.06997815340684371,0.06997815340684371,0.06997815340684371,0.02780911467720544,0.06997815340684371,0.06997815340684371,0.06997815340684371,0.06997815340684371,0.06997815340684371
2023-01-30,0.0,0.06997815340684371,0.06997815340684371,0.06997815340684371,0.06997815340684371,0.028824757666882615,0.006733284514464685,0.026916848852479126,0.06997815340684371,0.06997815340684371,0.06997815340684371,0.06997815340684371,0.02780911467720544,0.06997815340684371,0.06997815340684371,0.06997815340684371,0.06997815340684371,0.06997815340684371
2023-01-31,0.0,0.06997815340684371,0.06997815340684371,0.06997815340684371,0.06997815340684371,0.028824757666882615,0.006733284514464685,0.026916848852479126,0.06997815340684371,0.06997815340684371,0.06997815340684371,0.06997815340684371,0.02780911467720544,0.06997815340684371,0.06997815340684371,0.06997815340684371,0.06997815340684371,0.06997815340684371
2023-02-01,0.0,0.07142235502078041,0.07142235502078041,0.07142235502078041,0.07142235502078041,0.008781747325662363,0.006872245317079032,0.027472355888065448,0.07142235502078041,0.07142235502078041,0.07142235502078041,0.07142235502078041,0.028383036199047758,0.07142235502078041,0.07142235502078041,0.07142235502078041,0.07142235502078041,0.07142235502078041
2023-02-02,0.0,0.07142235502078041,0.07142235502078041,0.07142235502078041,0.07142235502078041,0.008781747325662363,0.006872245317079032,0.027472355888065448,0.07142235502078041,0.07142235502078041,0.07142235502078041,0.07142235502078041,0.028383036199047758,0.07142235502078041,0.07142235502078041,0.07142235502078041,0.07142235502078041,0.07142235502078041
2023-02-03,0.0,0.07142235502078041,0.07142235502078041,0.07142235502078041,0.07142235502078041,0.008781747325662363,0.006872245317079032,0.027472355888065448,0.07142235502078041,0.07142235502078041,0.07142235502078041,0.07142235502078041,0.028383036199047758,0.07142235502078041,0.07142235502078041,0.07142235502078041,0.07142235502078041,0.07142235502078041
2023-02-06,0.0,0.07142235502078041,0.07142235502078041,0.07142235502078041,0.07142235502078041,0.008781747325662363,0.006872245317079032,0.027472355888065448,0.07142235502078041,0.07142235502078041,0.07142235502078041,0.07142235502078041,0.028383036199047758,0.07142235502078041,0.07142235502078041,0.07142235502078041,0.07142235502078041,0.07142235502078041
2023-02-07,0.0,0.07142235502078041,0.07142235502078041,0.07142235502078041,0.07142235502078041,0.008781747325662363,0.006872245317079032,0.027472355888065448,0.07142235502078041,0.07142235502078041,0.07142235502078041,0.07142235502078041,0.028383036199047758,0.07142235502078041,0.07142235502078041,0.07142235502078041,0.07142235502078041,0.07142235502078041
2023-02-08,0.0,0.07142235502078041,0.07142235502078041,0.07142235502078041,0.07142235502078041,0.008781747325662363,0.006872245317079032,0.027472355888065448,0.07142235502078041,0.07142235502078041,0.07142235502078041,0.07142235502078041,0.028383036199047758,0.07142235502078041,0.07142235502078041,0.07142235502078041,0.07142235502078041,0.07142235502078041
2023-02-09,0.0,0.07142235502078041,0.07142235502078041,0.07142235502078041,0.07142235502078041,0.008781747325662363,0.006872245317079032,0.027472355888065448,0.07142235502078041,0.07142235502078041,0.07142235502078041,0.07142235502078041,0.028383036199047758,0.07142235502078041,0.07142235502078041,0.07142235502078041,0.07142235502078041,0.07142235502078041
2023-02-10,0.0,0.07142235502078041,0.07142235502078041,0.07142235502078041,0.07142235502078041,0.008781747325662363,0.006872245317079032,0.027472355888065448,0.07142235502078041,0.07142235502078041,0.07142235502078041,0.07142235502078041,0.028383036199047758,0.07142235502078041,0.07142235502078041,0.07142235502078041,0.07142235502078041,0.07142235502078041
2023-02-13,0.0,0.07142235502078041,0.07142235502078041,0.07142235502078041,0.07142235502078041,0.008781747325662363,0.006872245317079032,0.027472355888065448,0.07142235502078041,0.07142235502078041,0.07142235502078041,0.07142235502078041,0.028383036199047758,0.07142235502078041,0.07142235502078041,0.07142235502078041,0.07142235502078041,0.07142235502078041
2023-02-14,0.0,0.07142235502078041,0.07142235502078041,0.07142235502078041,0.07142235502078041,0.008781747325662363,0.006872245317079032,0.027472355888065448,0.07142235502078041,0.07142235502078041,0.07142235502078041,0.07142235502078041,0.028383036199047758,0.07142235502078041,0.07142235502078041,0.07142235502078041,0.07142235502078041,0.07142235502078041
2023-02-15,0.0,0.07142235502078041,0.07142235502078041,0.07142235502078041,0.07142235502078041,0.008781747325662363,0.006872245317079032,0.027472355888065448,0.07142235502078041,0.07142235502078041,0.07142235502078041,0.07142235502078041,0.028383036199047758,0.07142235502078041,0.07142235502078041,0.07142235502078041,0.07142235502078041,0.07142235502078041
2023-02-16,0.0,0.07142235502078041,0.07142235502078041,0.07142235502078041,0.07142235502078041,0.008781747325662363,0.006872245317079032,0.027472355888065448,0.07142235502078041,0.07142235502078041,0.07142235502078041,0.07142235502078041,0.028383036199047758,0.07142235502078041,0.07142235502078041,0.07142235502078041,0.07142235502078041,0.07142235502078041
2023-02-17,0.0,0.07142235502078041,0.07142235502078041,0.07142235502078041,0.07142235502078041,0.008781747325662363,0.006872245317079032,0.027472355888065448,0.07142235502078041,0.07142235502078041,0.07142235502078041,0.07142235502078041,0.028383036199047758,0.07142235502078041,0.07142235502078041,0.07142235502078041,0.07142235502078041,0.07142235502078041
2023-02-20,0.0,0.07290025593021239,0.07290025593021239,0.07290025593021239,0.07290025593021239,0.008963462873339588,0.007014448659449859,0.028040825238304572,0.07290025593021239,0.07290025593021239,0.07290025593021239,0.07290025593021239,0.008277936136144727,0.07290025593021239,0.07290025593021239,0.07290025593021239,0.07290025593021239,0.07290025593021239
2023-02-21,0.0,0.0,0.0,0.0,0.0,0.0,0.0,0.0,0.0,0.0,0.0,0.0,0.0,0.0,0.0,0.0,0.0,0.0
2023-02-22,0.0,0.10544626573041828,0.0,0.10544626573041828,0.10544626573041828,0.008738408313049466,0.0068383299337924424,0.027336776403233357,0.10544626573041828,0.10544626573041828,0.10544626573041828,0.10544626573041828,0.008070093776160069,0.0,0.10544626573041828,0.0,0.0,0.10544626573041828
2023-02-23,0.0,0.07458808415447919,0.07458808415447919,0.07458808415447919,0.07458808415447919,0.008625350433307347,0.006749855344874791,0.007014017636695762,0.07458808415447919,0.07458808415447919,0.07458808415447919,0.07458808415447919,0.007965682576892782,0.07458808415447919,0.07458808415447919,0.07458808415447919,0.07458808415447919,0.07458808415447919
2023-02-24,0.0,0.0,0.0,0.0,0.0,0.0,0.0,0.0,0.0,0.0,0.0,0.0,0.0,0.0,0.0,0.0,0.0,0.0
2023-02-27,0.0,0.08766572041856514,0.08766572041856514,0.08766572041856514,0.08766572041856514,0.010137645552504288,0.007933317207933891,0.008243795454994672,0.08766572041856514,0.08766572041856514,0.0,0.08766572041856514,0.009362317180350617,0.08766572041856514,0.0,0.08766572041856514,0.08766572041856514,0.08766572041856514
2023-02-28,0.0,0.07613349999691316,0.07613349999691316,0.07613349999691316,0.07613349999691316,0.008804061997725205,0.006889707889719658,0.00715934344976278,0.07613349999691316,0.07613349999691316,0.06577383021887417,0.07613349999691316,0.008130726258999356,0.07613349999691316,0.06577383021887417,0.07613349999691316,0.07613349999691316,0.07613349999691316
2023-03-01,0.0,0.07613349999691316,0.07613349999691316,0.07613349999691316,0.07613349999691316,0.008804061997725205,0.006889707889719658,0.00715934344976278,0.07613349999691316,0.07613349999691316,0.06577383021887417,0.07613349999691316,0.008130726258999356,0.07613349999691316,0.06577383021887417,0.07613349999691316,0.07613349999691316,0.07613349999691316
2023-03-02,0.0,0.07613349999691316,0.07613349999691316,0.07613349999691316,0.07613349999691316,0.008804061997725205,0.006889707889719658,0.00715934344976278,0.07613349999691316,0.07613349999691316,0.06577383021887417,0.07613349999691316,0.008130726258999356,0.07613349999691316,0.06577383021887417,0.07613349999691316,0.07613349999691316,0.07613349999691316
2023-03-03,0.0,0.07459180394106302,0.07459180394106302,0.07459180394106302,0.07459180394106302,0.008625780588648997,0.006750191967294299,0.027264271298255607,0.07459180394106302,0.07459180394106302,0.06444191648010338,0.07459180394106302,0.007966079833901275,0.07459180394106302,0.06444191648010338,0.07459180394106302,0.07459180394106302,0.07459180394106302
2023-03-06,0.0,0.07459180394106302,0.07459180394106302,0.07459180394106302,0.07459180394106302,0.008625780588648997,0.006750191967294299,0.027264271298255607,0.07459180394106302,0.07459180394106302,0.06444191648010338,0.07459180394106302,0.007966079833901275,0.07459180394106302,0.06444191648010338,0.07459180394106302,0.07459180394106302,0.07459180394106302
2023-03-07,0.0,0.07459180394106302,0.07459180394106302,0.07459180394106302,0.07459180394106302,0.008625780588648997,0.006750191967294299,0.027264271298255607,0.07459180394106302,0.07459180394106302,0.06444191648010338,0.07459180394106302,0.007966079833901275,0.07459180394106302,0.06444191648010338,0.07459180394106302,0.07459180394106302,0.07459180394106302
2023-03-08,0.0,0.07459180394106302,0.07459180394106302,0.07459180394106302,0.07459180394106302,0.008625780588648997,0.006750191967294299,0.027264271298255607,0.07459180394106302,0.07459180394106302,0.06444191648010338,0.07459180394106302,0.007966079833901275,0.07459180394106302,0.06444191648010338,0.07459180394106302,0.07459180394106302,0.07459180394106302
2023-03-09,0.0,0.0730917753733288,0.0730917753733288,0.0730917753733288,0.0730917753733288,0.008452317599173583,0.006614446747931701,0.04682582236439217,0.0730917753733288,0.0730917753733288,0.06314600043340104,0.0730917753733288,0.007805883315083406,0.0730917753733288,0.06314600043340104,0.0730917753733288,0.0730917753733288,0.0730917753733288
2023-03-10,0.0,0.07309177537332882,0.07309177537332882,0.07309177537332882,0.07309177537332882,0.008452317599173587,0.006614446747931704,0.046825822364392186,0.07309177537332882,0.07309177537332882,0.06314600043340107,0.07309177537332882,0.007805883315083409,0.07309177537332882,0.06314600043340107,0.07309177537332882,0.07309177537332882,0.07309177537332882
2023-03-13,0.0,0.07309177537332882,0.07309177537332882,0.07309177537332882,0.07309177537332882,0.008452317599173587,0.006614446747931704,0.046825822364392186,0.07309177537332882,0.07309177537332882,0.06314600043340107,0.07309177537332882,0.007805883315083409,0.07309177537332882,0.06314600043340107,0.07309177537332882,0.07309177537332882,0.07309177537332882
2023-03-14,0.0,0.07309177537332882,0.07309177537332882,0.07309177537332882,0.07309177537332882,0.008452317599173587,0.006614446747931704,0.046825822364392186,0.07309177537332882,0.07309177537332882,0.06314600043340107,0.07309177537332882,0.007805883315083409,0.07309177537332882,0.06314600043340107,0.07309177537332882,0.07309177537332882,0.07309177537332882
2023-03-15,0.0,0.07309177537332882,0.07309177537332882,0.07309177537332882,0.07309177537332882,0.008452317599173587,0.006614446747931704,0.046825822364392186,0.07309177537332882,0.07309177537332882,0.06314600043340107,0.07309177537332882,0.007805883315083409,0.07309177537332882,0.06314600043340107,0.07309177537332882,0.07309177537332882,0.07309177537332882
2023-03-16,0.0,0.07309177537332882,0.07309177537332882,0.07309177537332882,0.07309177537332882,0.008452317599173587,0.006614446747931704,0.046825822364392186,0.07309177537332882,0.07309177537332882,0.06314600043340107,0.07309177537332882,0.007805883315083409,0.07309177537332882,0.06314600043340107,0.07309177537332882,0.07309177537332882,0.07309177537332882
2023-03-17,0.0,0.07309177537332882,0.07309177537332882,0.07309177537332882,0.07309177537332882,0.008452317599173587,0.006614446747931704,0.046825822364392186,0.07309177537332882,0.07309177537332882,0.06314600043340107,0.07309177537332882,0.007805883315083409,0.07309177537332882,0.06314600043340107,0.07309177537332882,0.07309177537332882,0.07309177537332882
2023-03-20,0.0,0.07309177537332882,0.07309177537332882,0.07309177537332882,0.07309177537332882,0.008452317599173587,0.006614446747931704,0.046825822364392186,0.07309177537332882,0.07309177537332882,0.06314600043340107,0.07309177537332882,0.007805883315083409,0.07309177537332882,0.06314600043340107,0.07309177537332882,0.07309177537332882,0.07309177537332882
2023-03-21,0.0,0.07309177537332882,0.07309177537332882,0.07309177537332882,0.07309177537332882,0.008452317599173587,0.006614446747931704,0.046825822364392186,0.07309177537332882,0.07309177537332882,0.06314600043340107,0.07309177537332882,0.007805883315083409,0.07309177537332882,0.06314600043340107,0.07309177537332882,0.07309177537332882,0.07309177537332882
2023-03-22,0.0,0.0,0.0,0.0,0.0,0.0,0.0,0.0,0.0,0.0,0.0,0.0,0.0,0.0,0.0,0.0,0.0,0.0
2023-03-23,0.0,0.08365698316353161,0.08365698316353161,0.08365698316353161,0.08365698316353161,0.009674076015738779,0.007570546171597227,0.05359436151534368,0.08365698316353161,0.08365698316353161,0.0,0.08365698316353161,0.008934201498472709,0.08365698316353161,0.0,0.08365698316353161,0.08365698316353161,0.08365698316353161
2023-03-24,0.0,0.07287573418441601,0.07287573418441601,0.07287573418441601,0.07287573418441601,0.008427334641325494,0.006594896081223653,0.04668741682856065,0.07287573418441601,0.07287573418441601,0.06443723268170308,0.07287573418441601,0.007782811056908097,0.07287573418441601,0.06443723268170308,0.07287573418441601,0.07287573418441601,0.07287573418441601
2023-03-27,0.0,0.07287573418441601,0.07287573418441601,0.07287573418441601,0.07287573418441601,0.008427334641325494,0.006594896081223653,0.04668741682856065,0.07287573418441601,0.07287573418441601,0.06443723268170308,0.07287573418441601,0.007782811056908097,0.07287573418441601,0.06443723268170308,0.07287573418441601,0.07287573418441601,0.07287573418441601
2023-03-28,0.0,0.07287573418441601,0.07287573418441601,0.07287573418441601,0.07287573418441601,0.008427334641325494,0.006594896081223653,0.04668741682856065,0.07287573418441601,0.07287573418441601,0.06443723268170308,0.07287573418441601,0.007782811056908097,0.07287573418441601,0.06443723268170308,0.07287573418441601,0.07287573418441601,0.07287573418441601
2023-03-29,0.0,0.07287573418441601,0.07287573418441601,0.07287573418441601,0.07287573418441601,0.008427334641325494,0.006594896081223653,0.04668741682856065,0.07287573418441601,0.07287573418441601,0.06443723268170308,0.07287573418441601,0.007782811056908097,0.07287573418441601,0.06443723268170308,0.07287573418441601,0.07287573418441601,0.07287573418441601
2023-03-30,0.0,0.07287573418441601,0.07287573418441601,0.07287573418441601,0.07287573418441601,0.008427334641325494,0.006594896081223653,0.04668741682856065,0.07287573418441601,0.07287573418441601,0.06443723268170308,0.07287573418441601,0.007782811056908097,0.07287573418441601,0.06443723268170308,0.07287573418441601,0.07287573418441601,0.07287573418441601
2023-03-31,0.0,0.07444123871562779,0.07444123871562779,0.07444123871562779,0.07444123871562779,0.008608369257507163,0.006736566553755705,0.02620851276922794,0.07444123871562779,0.07444123871562779,0.06582146271205419,0.07444123871562779,0.007950000123495369,0.07444123871562779,0.06582146271205419,0.07444123871562779,0.07444123871562779,0.07444123871562779
2023-04-03,0.0,0.07444123871562779,0.07444123871562779,0.07444123871562779,0.07444123871562779,0.008608369257507163,0.006736566553755705,0.02620851276922794,0.07444123871562779,0.07444123871562779,0.06582146271205419,0.07444123871562779,0.007950000123495369,0.07444123871562779,0.06582146271205419,0.07444123871562779,0.07444123871562779,0.07444123871562779
2023-04-04,0.0,0.07444123871562779,0.07444123871562779,0.07444123871562779,0.07444123871562779,0.008608369257507163,0.006736566553755705,0.02620851276922794,0.07444123871562779,0.07444123871562779,0.06582146271205419,0.07444123871562779,0.007950000123495369,0.07444123871562779,0.06582146271205419,0.07444123871562779,0.07444123871562779,0.07444123871562779
2023-04-05,0.0,0.07444123871562779,0.07444123871562779,0.07444123871562779,0.07444123871562779,0.008608369257507163,0.006736566553755705,0.02620851276922794,0.07444123871562779,0.07444123871562779,0.06582146271205419,0.07444123871562779,0.007950000123495369,0.07444123871562779,0.06582146271205419,0.07444123871562779,0.07444123871562779,0.07444123871562779
2023-04-06,0.0,0.07444123871562779,0.07444123871562779,0.07444123871562779,0.07444123871562779,0.008608369257507163,0.006736566553755705,0.02620851276922794,0.07444123871562779,0.07444123871562779,0.06582146271205419,0.07444123871562779,0.007950000123495369,0.07444123871562779,0.06582146271205419,0.07444123871562779,0.07444123871562779,0.07444123871562779
2023-04-07,0.0,0.07444123871562779,0.07444123871562779,0.07444123871562779,0.07444123871562779,0.008608369257507163,0.006736566553755705,0.02620851276922794,0.07444123871562779,0.07444123871562779,0.06582146271205419,0.07444123871562779,0.007950000123495369,0.07444123871562779,0.06582146271205419,0.07444123871562779,0.07444123871562779,0.07444123871562779
2023-04-10,0.0,0.0,0.0,0.0,0.0,0.0,0.0,0.0,0.0,0.0,0.0,0.0,0.0,0.0,0.0,0.0,0.0,0.0
2023-04-11,0.0,0.0,0.0,0.0,0.0,0.0,0.0,0.0,0.0,0.0,0.0,0.0,0.0,0.0,0.0,0.0,0.0,0.0
2023-04-12,0.0,0.08300387078728702,0.08300387078728702,0.08300387078728702,0.08300387078728702,0.009598550237307837,0.0075114427087107395,0.02922315701561888,0.0,0.08300387078728702,0.09888378050598148,0.0,0.008864451940816424,0.08300387078728702,0.09888378050598148,0.08300387078728702,0.08300387078728702,0.08300387078728702
2023-04-13,0.0,0.07557922745016678,0.07557922745016678,0.07557922745016678,0.07557922745016678,0.008739966036480943,0.006839548946041403,0.02660916424675556,0.06738168533862704,0.07557922745016678,0.06738168533862704,0.06738168533862704,0.008071532364712924,0.07557922745016678,0.06738168533862704,0.07557922745016678,0.07557922745016678,0.07557922745016678
2023-04-14,0.0,0.07361906836030067,0.07361906836030067,0.07361906836030067,0.07361906836030067,0.008513293649774888,0.006662164173935776,0.051854207879308244,0.06563413078610011,0.07361906836030067,0.06563413078610011,0.06563413078610011,0.007862195909874558,0.07361906836030067,0.06563413078610011,0.07361906836030067,0.07361906836030067,0.07361906836030067
2023-04-17,0.0,0.07361906836030069,0.07361906836030069,0.07361906836030069,0.07361906836030069,0.00851329364977489,0.006662164173935778,0.05185420787930826,0.06563413078610013,0.07361906836030069,0.06563413078610013,0.06563413078610013,0.00786219590987456,0.07361906836030069,0.06563413078610013,0.07361906836030069,0.07361906836030069,0.07361906836030069
2023-04-18,0.0,0.07361906836030067,0.07361906836030067,0.07361906836030067,0.07361906836030067,0.008513293649774888,0.006662164173935776,0.051854207879308244,0.06563413078610011,0.07361906836030067,0.06563413078610011,0.06563413078610011,0.007862195909874558,0.07361906836030067,0.06563413078610011,0.07361906836030067,0.07361906836030067,0.07361906836030067
2023-04-19,0.0,0.07361906836030069,0.07361906836030069,0.07361906836030069,0.07361906836030069,0.00851329364977489,0.006662164173935778,0.05185420787930826,0.06563413078610013,0.07361906836030069,0.06563413078610013,0.06563413078610013,0.00786219590987456,0.07361906836030069,0.06563413078610013,0.07361906836030069,0.07361906836030069,0.07361906836030069
2023-04-20,0.0,0.07361906836030067,0.07361906836030067,0.07361906836030067,0.07361906836030067,0.008513293649774888,0.006662164173935776,0.051854207879308244,0.06563413078610011,0.07361906836030067,0.06563413078610011,0.06563413078610011,0.007862195909874558,0.07361906836030067,0.06563413078610011,0.07361906836030067,0.07361906836030067,0.07361906836030067
2023-04-21,0.0,0.07361906836030069,0.07361906836030069,0.07361906836030069,0.07361906836030069,0.00851329364977489,0.006662164173935778,0.05185420787930826,0.06563413078610013,0.07361906836030069,0.06563413078610013,0.06563413078610013,0.00786219590987456,0.07361906836030069,0.06563413078610013,0.07361906836030069,0.07361906836030069,0.07361906836030069
2023-04-24,0.0,0.07361906836030067,0.07361906836030067,0.07361906836030067,0.07361906836030067,0.008513293649774888,0.006662164173935776,0.051854207879308244,0.06563413078610011,0.07361906836030067,0.06563413078610011,0.06563413078610011,0.007862195909874558,0.07361906836030067,0.06563413078610011,0.07361906836030067,0.07361906836030067,0.07361906836030067
2023-04-25,0.0,0.07361906836030069,0.07361906836030069,0.07361906836030069,0.07361906836030069,0.00851329364977489,0.006662164173935778,0.05185420787930826,0.06563413078610013,0.07361906836030069,0.06563413078610013,0.06563413078610013,0.00786219590987456,0.07361906836030069,0.06563413078610013,0.07361906836030069,0.07361906836030069,0.07361906836030069
2023-04-26,0.0,0.07361906836030067,0.07361906836030067,0.07361906836030067,0.07361906836030067,0.008513293649774888,0.006662164173935776,0.051854207879308244,0.06563413078610011,0.07361906836030067,0.06563413078610011,0.06563413078610011,0.007862195909874558,0.07361906836030067,0.06563413078610011,0.07361906836030067,0.07361906836030067,0.07361906836030067
2023-04-27,0.0,0.07361906836030069,0.07361906836030069,0.07361906836030069,0.07361906836030069,0.00851329364977489,0.006662164173935778,0.05185420787930826,0.06563413078610013,0.07361906836030069,0.06563413078610013,0.06563413078610013,0.00786219590987456,0.07361906836030069,0.06563413078610013,0.07361906836030069,0.07361906836030069,0.07361906836030069
2023-04-28,0.0,0.07361906836030067,0.07361906836030067,0.07361906836030067,0.07361906836030067,0.008513293649774888,0.006662164173935776,0.051854207879308244,0.06563413078610011,0.07361906836030067,0.06563413078610011,0.06563413078610011,0.007862195909874558,0.07361906836030067,0.06563413078610011,0.07361906836030067,0.07361906836030067,0.07361906836030067
2023-05-01,0.0,0.07361906836030069,0.07361906836030069,0.07361906836030069,0.07361906836030069,0.00851329364977489,0.006662164173935778,0.05185420787930826,0.06563413078610013,0.07361906836030069,0.06563413078610013,0.06563413078610013,0.00786219590987456,0.07361906836030069,0.06563413078610013,0.07361906836030069,0.07361906836030069,0.07361906836030069
2023-05-02,0.0,0.0,0.0,0.0,0.0,0.0,0.0,0.0,0.0,0.0,0.0,0.0,0.0,0.0,0.0,0.0,0.0,0.0
2023-05-03,0.0,0.08178407630030424,0.08178407630030424,0.08178407630030424,0.08178407630030424,0.009457493458251112,0.007401057297542954,0.09252350275043508,0.0,0.08178407630030424,0.07291353829477659,0.0,0.008734183201479659,0.08178407630030424,0.07291353829477659,0.08178407630030424,0.08178407630030424,0.08178407630030424
2023-05-04,0.0,0.0,0.0,0.0,0.0,0.0,0.0,0.0,0.0,0.0,0.0,0.0,0.0,0.0,0.0,0.0,0.0,0.0
2023-05-05,0.0,0.0,0.0,0.0,0.0,0.0,0.0,0.0,0.0,0.0,0.0,0.0,0.0,0.0,0.0,0.0,0.0,0.0
2023-05-08,0.0,0.0,0.0,0.0,0.0,0.0,0.0,0.0,0.0,0.0,0.0,0.0,0.0,0.0,0.0,0.0,0.0,0.0
2023-05-09,0.0,0.0,0.0,0.0,0.0,0.0,0.0,0.0,0.0,0.0,0.0,0.0,0.0,0.0,0.0,0.0,0.0,0.0
2023-05-10,0.0,0.0759450078637973,0.0759450078637973,0.0759450078637973,0.0759450078637973,0.00878226480692086,0.0068726502772792596,0.0859176805783857,0.0,0.0759450078637973,0.06770779214820691,0.0713961531468102,0.00811059612001452,0.0759450078637973,0.06770779214820691,0.0759450078637973,0.0759450078637973,0.0759450078637973
2023-05-11,0.0,0.07088401979630395,0.07088401979630395,0.07088401979630395,0.07088401979630395,0.008197013206537774,0.00641465570958173,0.08019211192779375,0.06664016779838824,0.07088401979630395,0.06319573351819201,0.06663830152094735,0.007570104633631796,0.07088401979630395,0.06319573351819201,0.07088401979630395,0.07088401979630395,0.07088401979630395
2023-05-12,0.0,0.07088401979630393,0.07088401979630393,0.07088401979630393,0.07088401979630393,0.008197013206537773,0.0064146557095817285,0.08019211192779374,0.06664016779838823,0.07088401979630393,0.063195733518192,0.06663830152094734,0.007570104633631794,0.07088401979630393,0.063195733518192,0.07088401979630393,0.07088401979630393,0.07088401979630393
2023-05-15,0.0,0.07088401979630393,0.07088401979630393,0.07088401979630393,0.07088401979630393,0.008197013206537773,0.0064146557095817285,0.08019211192779374,0.06664016779838823,0.07088401979630393,0.063195733518192,0.06663830152094734,0.007570104633631794,0.07088401979630393,0.063195733518192,0.07088401979630393,0.07088401979630393,0.07088401979630393
2023-05-16,0.0,0.07088401979630393,0.07088401979630393,0.07088401979630393,0.07088401979630393,0.008197013206537773,0.0064146557095817285,0.08019211192779374,0.06664016779838823,0.07088401979630393,0.063195733518192,0.06663830152094734,0.007570104633631794,0.07088401979630393,0.063195733518192,0.07088401979630393,0.07088401979630393,0.07088401979630393
2023-05-17,0.0,0.07088401979630393,0.07088401979630393,0.07088401979630393,0.07088401979630393,0.008197013206537773,0.0064146557095817285,0.08019211192779374,0.06664016779838823,0.07088401979630393,0.063195733518192,0.06663830152094734,0.007570104633631794,0.07088401979630393,0.063195733518192,0.07088401979630393,0.07088401979630393,0.07088401979630393
2023-05-18,0.0,0.07088401979630393,0.07088401979630393,0.07088401979630393,0.07088401979630393,0.008197013206537773,0.0064146557095817285,0.08019211192779374,0.06664016779838823,0.07088401979630393,0.063195733518192,0.06663830152094734,0.007570104633631794,0.07088401979630393,0.063195733518192,0.07088401979630393,0.07088401979630393,0.07088401979630393
2023-05-19,0.0,0.0,0.0,0.0,0.0,0.0,0.0,0.0,0.0,0.0,0.0,0.0,0.0,0.0,0.0,0.0,0.0,0.0
2023-05-22,0.0,0.07594485601006776,0.07594485601006776,0.07594485601006776,0.07594485601006776,0.00878224724658737,0.006872636535262424,0.08591750878407561,0.07139800991082111,0.07594485601006776,0.06770765676497308,0.0,0.008110579902697484,0.07594485601006776,0.06770765676497308,0.07594485601006776,0.07594485601006776,0.07594485601006776
2023-05-23,0.0,0.05128589301649803,0.07228036208300455,0.07228036208300455,0.07228036208300455,0.008358485936185772,0.00654101782967105,0.08177181405623378,0.06795291056547613,0.07228036208300455,0.0644406244725156,0.06924650507770697,0.007719227909160807,0.07228036208300455,0.0644406244725156,0.07228036208300455,0.07228036208300455,0.07228036208300455
2023-05-24,0.0,0.05128589301649802,0.07228036208300453,0.07228036208300453,0.07228036208300453,0.00835848593618577,0.0065410178296710485,0.08177181405623377,0.06795291056547612,0.07228036208300453,0.06444062447251558,0.06924650507770695,0.007719227909160805,0.07228036208300453,0.06444062447251558,0.07228036208300453,0.07228036208300453,0.07228036208300453
2023-05-25,0.0,0.05128589301649802,0.07228036208300453,0.07228036208300453,0.07228036208300453,0.00835848593618577,0.0065410178296710485,0.08177181405623377,0.06795291056547612,0.07228036208300453,0.06444062447251558,0.06924650507770695,0.007719227909160805,0.07228036208300453,0.06444062447251558,0.07228036208300453,0.07228036208300453,0.07228036208300453
2023-05-26,0.0,0.05128589301649802,0.07228036208300453,0.07228036208300453,0.07228036208300453,0.00835848593618577,0.0065410178296710485,0.08177181405623377,0.06795291056547612,0.07228036208300453,0.06444062447251558,0.06924650507770695,0.007719227909160805,0.07228036208300453,0.06444062447251558,0.07228036208300453,0.07228036208300453,0.07228036208300453
2023-05-29,0.0,0.05128589301649802,0.07228036208300453,0.07228036208300453,0.07228036208300453,0.00835848593618577,0.0065410178296710485,0.08177181405623377,0.06795291056547612,0.07228036208300453,0.06444062447251558,0.06924650507770695,0.007719227909160805,0.07228036208300453,0.06444062447251558,0.07228036208300453,0.07228036208300453,0.07228036208300453
2023-05-30,0.0,0.0,0.0,0.0,0.0,0.0,0.0,0.0,0.0,0.0,0.0,0.0,0.0,0.0,0.0,0.0,0.0,0.0
2023-05-31,0.0,0.08425218843374206,0.0,0.12766028164152948,0.12766028164152948,0.008176343649810281,0.006398480538609601,0.12766028164152948,0.0,0.12766028164152948,0.12766028164152948,0.0,0.007551015887131653,0.0,0.12766028164152948,0.0,0.0,0.12766028164152948
2023-06-01,0.0,0.044493525088483525,0.07183505155535971,0.07183505155535971,0.07183505155535971,0.008000799917695206,0.006261107013019191,0.07183505155535971,0.07183505155535971,0.07183505155535971,0.07183505155535971,0.07183505155535971,0.0073888977611257746,0.07183505155535971,0.07183505155535971,0.07183505155535971,0.07183505155535971,0.07183505155535971
2023-06-02,0.0,0.044493525088483525,0.07183505155535971,0.07183505155535971,0.07183505155535971,0.008000799917695206,0.006261107013019191,0.07183505155535971,0.07183505155535971,0.07183505155535971,0.07183505155535971,0.07183505155535971,0.0073888977611257746,0.07183505155535971,0.07183505155535971,0.07183505155535971,0.07183505155535971,0.07183505155535971
2023-06-05,0.0,0.044493525088483525,0.07183505155535971,0.07183505155535971,0.07183505155535971,0.008000799917695206,0.006261107013019191,0.07183505155535971,0.07183505155535971,0.07183505155535971,0.07183505155535971,0.07183505155535971,0.0073888977611257746,0.07183505155535971,0.07183505155535971,0.07183505155535971,0.07183505155535971,0.07183505155535971
2023-06-06,0.0,0.044493525088483525,0.07183505155535971,0.07183505155535971,0.07183505155535971,0.008000799917695206,0.006261107013019191,0.07183505155535971,0.07183505155535971,0.07183505155535971,0.07183505155535971,0.07183505155535971,0.0073888977611257746,0.07183505155535971,0.07183505155535971,0.07183505155535971,0.07183505155535971,0.07183505155535971
2023-06-07,0.0,0.044493525088483525,0.07183505155535971,0.07183505155535971,0.07183505155535971,0.008000799917695206,0.006261107013019191,0.07183505155535971,0.07183505155535971,0.07183505155535971,0.07183505155535971,0.07183505155535971,0.0073888977611257746,0.07183505155535971,0.07183505155535971,0.07183505155535971,0.07183505155535971,0.07183505155535971
2023-06-08,0.0,0.044493525088483525,0.07183505155535971,0.07183505155535971,0.07183505155535971,0.008000799917695206,0.006261107013019191,0.07183505155535971,0.07183505155535971,0.07183505155535971,0.07183505155535971,0.07183505155535971,0.0073888977611257746,0.07183505155535971,0.07183505155535971,0.07183505155535971,0.07183505155535971,0.07183505155535971
2023-06-09,0.0,0.044493525088483525,0.07183505155535971,0.07183505155535971,0.07183505155535971,0.008000799917695206,0.006261107013019191,0.07183505155535971,0.07183505155535971,0.07183505155535971,0.07183505155535971,0.07183505155535971,0.0073888977611257746,0.07183505155535971,0.07183505155535971,0.07183505155535971,0.07183505155535971,0.07183505155535971
2023-06-12,0.0,0.044493525088483525,0.07183505155535971,0.07183505155535971,0.07183505155535971,0.008000799917695206,0.006261107013019191,0.07183505155535971,0.07183505155535971,0.07183505155535971,0.07183505155535971,0.07183505155535971,0.0073888977611257746,0.07183505155535971,0.07183505155535971,0.07183505155535971,0.07183505155535971,0.07183505155535971
2023-06-13,0.0,0.044493525088483525,0.07183505155535971,0.07183505155535971,0.07183505155535971,0.008000799917695206,0.006261107013019191,0.07183505155535971,0.07183505155535971,0.07183505155535971,0.07183505155535971,0.07183505155535971,0.0073888977611257746,0.07183505155535971,0.07183505155535971,0.07183505155535971,0.07183505155535971,0.07183505155535971
2023-06-14,0.0,0.044493525088483525,0.07183505155535971,0.07183505155535971,0.07183505155535971,0.008000799917695206,0.006261107013019191,0.07183505155535971,0.07183505155535971,0.07183505155535971,0.07183505155535971,0.07183505155535971,0.0073888977611257746,0.07183505155535971,0.07183505155535971,0.07183505155535971,0.07183505155535971,0.07183505155535971
2023-06-15,0.0,0.02422606364081705,0.07335876089299052,0.07335876089299052,0.07335876089299052,0.008170506673368836,0.006393912753574566,0.07335876089299052,0.07335876089299052,0.07335876089299052,0.07335876089299052,0.07335876089299052,0.00754562532336258,0.07335876089299052,0.07335876089299052,0.07335876089299052,0.07335876089299052,0.07335876089299052
2023-06-16,0.0,0.024226063640817055,0.07335876089299054,0.07335876089299054,0.07335876089299054,0.008170506673368837,0.006393912753574567,0.07335876089299054,0.07335876089299054,0.07335876089299054,0.07335876089299054,0.07335876089299054,0.007545625323362581,0.07335876089299054,0.07335876089299054,0.07335876089299054,0.07335876089299054,0.07335876089299054
2023-06-19,0.0,0.024226063640817055,0.07335876089299054,0.07335876089299054,0.07335876089299054,0.008170506673368837,0.006393912753574567,0.07335876089299054,0.07335876089299054,0.07335876089299054,0.07335876089299054,0.07335876089299054,0.007545625323362581,0.07335876089299054,0.07335876089299054,0.07335876089299054,0.07335876089299054,0.07335876089299054
2023-06-20,0.0,0.0,0.0,0.0,0.0,0.0,0.0,0.0,0.0,0.0,0.0,0.0,0.0,0.0,0.0,0.0,0.0,0.0
2023-06-21,0.0,0.02378465489528656,0.0,0.10605646159711223,0.10605646159711223,0.008021636714364691,0.006277413059301841,0.10605646159711223,0.10605646159711223,0.10605646159711223,0.10605646159711223,0.10605646159711223,0.007408140957036682,0.0,0.10605646159711223,0.0,0.0,0.10605646159711223
2023-06-22,0.0,0.02315319783489789,0.07351660877314414,0.07351660877314414,0.07351660877314414,0.007808670868887474,0.006110754479863814,0.07351660877314414,0.07351660877314414,0.07351660877314414,0.07351660877314414,0.07351660877314414,0.007211462765477035,0.07351660877314414,0.07351660877314414,0.07351660877314414,0.07351660877314414,0.07351660877314414
2023-06-23,0.0,0.02315319783489789,0.07351660877314414,0.07351660877314414,0.07351660877314414,0.007808670868887474,0.006110754479863814,0.07351660877314414,0.07351660877314414,0.07351660877314414,0.07351660877314414,0.07351660877314414,0.007211462765477035,0.07351660877314414,0.07351660877314414,0.07351660877314414,0.07351660877314414,0.07351660877314414
2023-06-26,0.0,0.02315319783489789,0.07351660877314414,0.07351660877314414,0.07351660877314414,0.007808670868887474,0.006110754479863814,0.07351660877314414,0.07351660877314414,0.07351660877314414,0.07351660877314414,0.07351660877314414,0.007211462765477035,0.07351660877314414,0.07351660877314414,0.07351660877314414,0.07351660877314414,0.07351660877314414
2023-06-27,0.0,0.02315319783489789,0.07351660877314414,0.07351660877314414,0.07351660877314414,0.007808670868887474,0.006110754479863814,0.07351660877314414,0.07351660877314414,0.07351660877314414,0.07351660877314414,0.07351660877314414,0.007211462765477035,0.07351660877314414,0.07351660877314414,0.07351660877314414,0.07351660877314414,0.07351660877314414
2023-06-28,0.0,0.02315319783489789,0.07351660877314414,0.07351660877314414,0.07351660877314414,0.007808670868887474,0.006110754479863814,0.07351660877314414,0.07351660877314414,0.07351660877314414,0.07351660877314414,0.07351660877314414,0.007211462765477035,0.07351660877314414,0.07351660877314414,0.07351660877314414,0.07351660877314414,0.07351660877314414
2023-06-29,0.0,0.02315319783489789,0.07351660877314414,0.07351660877314414,0.07351660877314414,0.007808670868887474,0.006110754479863814,0.07351660877314414,0.07351660877314414,0.07351660877314414,0.07351660877314414,0.07351660877314414,0.007211462765477035,0.07351660877314414,0.07351660877314414,0.07351660877314414,0.07351660877314414,0.07351660877314414
2023-06-30,0.0,0.02315319783489789,0.07351660877314414,0.07351660877314414,0.07351660877314414,0.007808670868887474,0.006110754479863814,0.07351660877314414,0.07351660877314414,0.07351660877314414,0.07351660877314414,0.07351660877314414,0.007211462765477035,0.07351660877314414,0.07351660877314414,0.07351660877314414,0.07351660877314414,0.07351660877314414
2023-07-03,0.0,0.02315319783489789,0.07351660877314414,0.07351660877314414,0.07351660877314414,0.007808670868887474,0.006110754479863814,0.07351660877314414,0.07351660877314414,0.07351660877314414,0.07351660877314414,0.07351660877314414,0.007211462765477035,0.07351660877314414,0.07351660877314414,0.07351660877314414,0.07351660877314414,0.07351660877314414
2023-07-04,0.0,0.02315319783489789,0.07351660877314414,0.07351660877314414,0.07351660877314414,0.007808670868887474,0.006110754479863814,0.07351660877314414,0.07351660877314414,0.07351660877314414,0.07351660877314414,0.07351660877314414,0.007211462765477035,0.07351660877314414,0.07351660877314414,0.07351660877314414,0.07351660877314414,0.07351660877314414
2023-07-05,0.0,0.0,0.0,0.0,0.0,0.0,0.0,0.0,0.0,0.0,0.0,0.0,0.0,0.0,0.0,0.0,0.0,0.0
2023-07-06,0.0,0.02248635529286291,0.0,0.10633237266175906,0.10633237266175906,0.007583770880157845,0.005934756715746666,0.10633237266175906,0.10633237266175906,0.10633237266175906,0.10633237266175906,0.10633237266175906,0.007003763155401012,0.0,0.10633237266175906,0.0,0.0,0.10633237266175906
2023-07-07,0.0,0.021803465598588603,0.07371519127162715,0.07371519127162715,0.07371519127162715,0.007353458812668582,0.005754523674579031,0.07371519127162715,0.07371519127162715,0.07371519127162715,0.07371519127162715,0.07371519127162715,0.006791065383011038,0.07371519127162715,0.07371519127162715,0.07371519127162715,0.07371519127162715,0.07371519127162715
2023-07-10,0.0,0.0218034655985886,0.07371519127162714,0.07371519127162714,0.07371519127162714,0.00735345881266858,0.00575452367457903,0.07371519127162714,0.07371519127162714,0.07371519127162714,0.07371519127162714,0.07371519127162714,0.006791065383011036,0.07371519127162714,0.07371519127162714,0.07371519127162714,0.07371519127162714,0.07371519127162714
2023-07-11,0.0,0.0218034655985886,0.07371519127162714,0.07371519127162714,0.07371519127162714,0.00735345881266858,0.00575452367457903,0.07371519127162714,0.07371519127162714,0.07371519127162714,0.07371519127162714,0.07371519127162714,0.006791065383011036,0.07371519127162714,0.07371519127162714,0.07371519127162714,0.07371519127162714,0.07371519127162714
2023-07-12,0.0,0.0218034655985886,0.07371519127162714,0.07371519127162714,0.07371519127162714,0.00735345881266858,0.00575452367457903,0.07371519127162714,0.07371519127162714,0.07371519127162714,0.07371519127162714,0.07371519127162714,0.006791065383011036,0.07371519127162714,0.07371519127162714,0.07371519127162714,0.07371519127162714,0.07371519127162714
2023-07-13,0.0,0.0218034655985886,0.07371519127162714,0.07371519127162714,0.07371519127162714,0.00735345881266858,0.00575452367457903,0.07371519127162714,0.07371519127162714,0.07371519127162714,0.07371519127162714,0.07371519127162714,0.006791065383011036,0.07371519127162714,0.07371519127162714,0.07371519127162714,0.07371519127162714,0.07371519127162714
2023-07-14,0.0,0.0218034655985886,0.07371519127162714,0.07371519127162714,0.07371519127162714,0.00735345881266858,0.00575452367457903,0.07371519127162714,0.07371519127162714,0.07371519127162714,0.07371519127162714,0.07371519127162714,0.006791065383011036,0.07371519127162714,0.07371519127162714,0.07371519127162714,0.07371519127162714,0.07371519127162714
2023-07-17,0.0,0.0218034655985886,0.07371519127162714,0.07371519127162714,0.07371519127162714,0.00735345881266858,0.00575452367457903,0.07371519127162714,0.07371519127162714,0.07371519127162714,0.07371519127162714,0.07371519127162714,0.006791065383011036,0.07371519127162714,0.07371519127162714,0.07371519127162714,0.07371519127162714,0.07371519127162714
2023-07-18,0.0,0.0,0.0,0.0,0.0,0.0,0.0,0.0,0.0,0.0,0.0,0.0,0.0,0.0,0.0,0.0,0.0,0.0
2023-07-19,0.0,0.025573824297925762,0.08646237182545036,0.08646237182545036,0.08646237182545036,0.00862505379279675,0.006749623205838647,0.08646237182545036,0.08646237182545036,0.08646237182545036,0.0,0.08646237182545036,0.007965408623484724,0.08646237182545036,0.0,0.08646237182545036,0.08646237182545036,0.08646237182545036
2023-07-20,0.0,0.004721836037293575,0.07655625394925886,0.07655625394925886,0.07655625394925886,0.007636869016505574,0.005976309200158848,0.07655625394925886,0.07655625394925886,0.07655625394925886,0.06624669598220503,0.07655625394925886,0.0070528003397845335,0.07655625394925886,0.06624669598220503,0.07655625394925886,0.07655625394925886,0.07655625394925886
2023-07-21,0.0,0.004721836037293574,0.07655625394925884,0.07655625394925884,0.07655625394925884,0.007636869016505572,0.005976309200158846,0.07655625394925884,0.07655625394925884,0.07655625394925884,0.06624669598220502,0.07655625394925884,0.007052800339784532,0.07655625394925884,0.06624669598220502,0.07655625394925884,0.07655625394925884,0.07655625394925884
2023-07-24,0.0,0.0046195360525112,0.07489763989486367,0.07489763989486367,0.07489763989486367,0.007471413973593644,0.02751212866508643,0.07489763989486367,0.07489763989486367,0.07489763989486367,0.06481144157325555,0.07489763989486367,0.006899999318797234,0.07489763989486367,0.06481144157325555,0.07489763989486367,0.07489763989486367,0.07489763989486367
2023-07-25,0.0,0.0046195360525112,0.07489763989486367,0.07489763989486367,0.07489763989486367,0.007471413973593644,0.02751212866508643,0.07489763989486367,0.07489763989486367,0.07489763989486367,0.06481144157325555,0.07489763989486367,0.006899999318797234,0.07489763989486367,0.06481144157325555,0.07489763989486367,0.07489763989486367,0.07489763989486367
2023-07-26,0.0,0.0046195360525112,0.07489763989486367,0.07489763989486367,0.07489763989486367,0.007471413973593644,0.02751212866508643,0.07489763989486367,0.07489763989486367,0.07489763989486367,0.06481144157325555,0.07489763989486367,0.006899999318797234,0.07489763989486367,0.06481144157325555,0.07489763989486367,0.07489763989486367,0.07489763989486367
2023-07-27,0.0,0.004499743711273317,0.0729554180928885,0.0729554180928885,0.0729554180928885,0.00727766764017826,0.05273037517478223,0.0729554180928885,0.0729554180928885,0.0729554180928885,0.06313077186166362,0.0729554180928885,0.0067210707286655055,0.0729554180928885,0.06313077186166362,0.0729554180928885,0.0729554180928885,0.0729554180928885
2023-07-28,0.0,0.004499743711273317,0.0729554180928885,0.0729554180928885,0.0729554180928885,0.00727766764017826,0.05273037517478223,0.0729554180928885,0.0729554180928885,0.0729554180928885,0.06313077186166362,0.0729554180928885,0.0067210707286655055,0.0729554180928885,0.06313077186166362,0.0729554180928885,0.0729554180928885,0.0729554180928885
2023-07-31,0.0,0.004499743711273317,0.0729554180928885,0.0729554180928885,0.0729554180928885,0.00727766764017826,0.05273037517478223,0.0729554180928885,0.0729554180928885,0.0729554180928885,0.06313077186166362,0.0729554180928885,0.0067210707286655055,0.0729554180928885,0.06313077186166362,0.0729554180928885,0.0729554180928885,0.0729554180928885
2023-08-01,0.0,0.004499743711273317,0.0729554180928885,0.0729554180928885,0.0729554180928885,0.00727766764017826,0.05273037517478223,0.0729554180928885,0.0729554180928885,0.0729554180928885,0.06313077186166362,0.0729554180928885,0.0067210707286655055,0.0729554180928885,0.06313077186166362,0.0729554180928885,0.0729554180928885,0.0729554180928885
2023-08-02,0.0,0.0,0.0,0.0,0.0,0.0,0.0,0.0,0.0,0.0,0.0,0.0,0.0,0.0,0.0,0.0,0.0,0.0
2023-08-03,0.0,0.004731568468019584,0.07671404817004909,0.07671404817004909,0.07671404817004909,0.007652609778802215,0.0806415215711004,0.07671404817004909,0.07671404817004909,0.07671404817004909,0.06638324061746591,0.0,0.0070673372466549126,0.07671404817004909,0.06638324061746591,0.07671404817004909,0.07671404817004909,0.07671404817004909
2023-08-04,0.0,0.004416898448620066,0.07161222808881319,0.07161222808881319,0.07161222808881319,0.0071436777230096185,0.0752785073129963,0.07161222808881319,0.07161222808881319,0.07161222808881319,0.06196846446996065,0.06650437831056578,0.006597328376755023,0.07161222808881319,0.06196846446996065,0.07161222808881319,0.07161222808881319,0.07161222808881319
2023-08-07,0.0,0.004416898448620065,0.07161222808881318,0.07161222808881318,0.07161222808881318,0.007143677723009617,0.07527850731299629,0.07161222808881318,0.07161222808881318,0.07161222808881318,0.061968464469960634,0.06650437831056577,0.006597328376755022,0.07161222808881318,0.061968464469960634,0.07161222808881318,0.07161222808881318,0.07161222808881318
2023-08-08,0.0,0.004416898448620066,0.07161222808881319,0.07161222808881319,0.07161222808881319,0.0071436777230096185,0.0752785073129963,0.07161222808881319,0.07161222808881319,0.07161222808881319,0.06196846446996065,0.06650437831056578,0.006597328376755023,0.07161222808881319,0.06196846446996065,0.07161222808881319,0.07161222808881319,0.07161222808881319
2023-08-09,0.0,0.004416898448620065,0.07161222808881318,0.07161222808881318,0.07161222808881318,0.007143677723009617,0.07527850731299629,0.07161222808881318,0.07161222808881318,0.07161222808881318,0.061968464469960634,0.06650437831056577,0.006597328376755022,0.07161222808881318,0.061968464469960634,0.07161222808881318,0.07161222808881318,0.07161222808881318
2023-08-10,0.0,0.004416898448620066,0.07161222808881319,0.07161222808881319,0.07161222808881319,0.0071436777230096185,0.0752785073129963,0.07161222808881319,0.07161222808881319,0.07161222808881319,0.06196846446996065,0.06650437831056578,0.006597328376755023,0.07161222808881319,0.06196846446996065,0.07161222808881319,0.07161222808881319,0.07161222808881319
2023-08-11,0.0,0.004416898448620065,0.07161222808881318,0.07161222808881318,0.07161222808881318,0.007143677723009617,0.07527850731299629,0.07161222808881318,0.07161222808881318,0.07161222808881318,0.061968464469960634,0.06650437831056577,0.006597328376755022,0.07161222808881318,0.061968464469960634,0.07161222808881318,0.07161222808881318,0.07161222808881318
2023-08-14,0.0,0.0,0.0,0.0,0.0,0.0,0.0,0.0,0.0,0.0,0.0,0.0,0.0,0.0,0.0,0.0,0.0,0.0
2023-08-15,0.0,0.005041758515486112,0.08174323339774947,0.08174323339774947,0.08174323339774947,0.00815429614487165,0.08592818234183261,0.08174323339774947,0.08174323339774947,0.08174323339774947,0.0,0.0759127744422468,0.007530654578068148,0.08174323339774947,0.0,0.08174323339774947,0.08174323339774947,0.08174323339774947
2023-08-16,0.0,0.0044124547247098335,0.0715401809331167,0.0715401809331167,0.0715401809331167,0.00713649065908365,0.07520277161140282,0.0715401809331167,0.0715401809331167,0.0715401809331167,0.06240915633338328,0.06643747002651271,0.006590690980357421,0.0715401809331167,0.06240915633338328,0.0715401809331167,0.0715401809331167,0.0715401809331167
2023-08-17,0.0,0.0044124547247098335,0.0715401809331167,0.0715401809331167,0.0715401809331167,0.00713649065908365,0.07520277161140282,0.0715401809331167,0.0715401809331167,0.0715401809331167,0.06240915633338328,0.06643747002651271,0.006590690980357421,0.0715401809331167,0.06240915633338328,0.0715401809331167,0.0715401809331167,0.0715401809331167
2023-08-18,0.0,0.0044124547247098335,0.0715401809331167,0.0715401809331167,0.0715401809331167,0.00713649065908365,0.07520277161140282,0.0715401809331167,0.0715401809331167,0.0715401809331167,0.06240915633338328,0.06643747002651271,0.006590690980357421,0.0715401809331167,0.06240915633338328,0.0715401809331167,0.0715401809331167,0.0715401809331167
2023-08-21,0.0,0.0044124547247098335,0.0715401809331167,0.0715401809331167,0.0715401809331167,0.00713649065908365,0.07520277161140282,0.0715401809331167,0.0715401809331167,0.0715401809331167,0.06240915633338328,0.06643747002651271,0.006590690980357421,0.0715401809331167,0.06240915633338328,0.0715401809331167,0.0715401809331167,0.0715401809331167
2023-08-22,0.0,0.0044124547247098335,0.0715401809331167,0.0715401809331167,0.0715401809331167,0.00713649065908365,0.07520277161140282,0.0715401809331167,0.0715401809331167,0.0715401809331167,0.06240915633338328,0.06643747002651271,0.006590690980357421,0.0715401809331167,0.06240915633338328,0.0715401809331167,0.0715401809331167,0.0715401809331167
2023-08-23,0.0,0.0044124547247098335,0.0715401809331167,0.0715401809331167,0.0715401809331167,0.00713649065908365,0.07520277161140282,0.0715401809331167,0.0715401809331167,0.0715401809331167,0.06240915633338328,0.06643747002651271,0.006590690980357421,0.0715401809331167,0.06240915633338328,0.0715401809331167,0.0715401809331167,0.0715401809331167
2023-08-24,0.0,0.0044124547247098335,0.0715401809331167,0.0715401809331167,0.0715401809331167,0.00713649065908365,0.07520277161140282,0.0715401809331167,0.0715401809331167,0.0715401809331167,0.06240915633338328,0.06643747002651271,0.006590690980357421,0.0715401809331167,0.06240915633338328,0.0715401809331167,0.0715401809331167,0.0715401809331167
2023-08-25,0.0,0.0044124547247098335,0.0715401809331167,0.0715401809331167,0.0715401809331167,0.00713649065908365,0.07520277161140282,0.0715401809331167,0.0715401809331167,0.0715401809331167,0.06240915633338328,0.06643747002651271,0.006590690980357421,0.0715401809331167,0.06240915633338328,0.0715401809331167,0.0715401809331167,0.0715401809331167
2023-08-28,0.0,0.0044124547247098335,0.0715401809331167,0.0715401809331167,0.0715401809331167,0.00713649065908365,0.07520277161140282,0.0715401809331167,0.0715401809331167,0.0715401809331167,0.06240915633338328,0.06643747002651271,0.006590690980357421,0.0715401809331167,0.06240915633338328,0.0715401809331167,0.0715401809331167,0.0715401809331167
2023-08-29,0.0,0.0,0.0,0.0,0.0,0.0,0.0,0.0,0.0,0.0,0.0,0.0,0.0,0.0,0.0,0.0,0.0,0.0
2023-08-30,0.0,0.004752445538401887,0.07705253309186358,0.07705253309186358,0.07705253309186358,0.007686375341752468,0.08099733565959029,0.07705253309186358,0.0,0.07705253309186358,0.06721793991699658,0.07155664538427027,0.007098520415219658,0.07705253309186358,0.06721793991699658,0.07705253309186358,0.07705253309186358,0.07705253309186358
2023-08-31,0.0,0.004437343945369696,0.07194371580437998,0.07194371580437998,0.07194371580437998,0.007176745279659426,0.07562696596435282,0.07194371580437998,0.06630304134703488,0.07194371580437998,0.06276118606741746,0.06681222216670189,0.006627866922626579,0.07194371580437998,0.06276118606741746,0.07194371580437998,0.07194371580437998,0.07194371580437998
2023-09-01,0.0,0.0044373439453696956,0.07194371580437997,0.07194371580437997,0.07194371580437997,0.007176745279659424,0.07562696596435281,0.07194371580437997,0.06630304134703487,0.07194371580437997,0.06276118606741744,0.06681222216670188,0.006627866922626577,0.07194371580437997,0.06276118606741744,0.07194371580437997,0.07194371580437997,0.07194371580437997
2023-09-04,0.0,0.004437343945369696,0.07194371580437998,0.07194371580437998,0.07194371580437998,0.007176745279659426,0.07562696596435282,0.07194371580437998,0.06630304134703488,0.07194371580437998,0.06276118606741746,0.06681222216670189,0.006627866922626579,0.07194371580437998,0.06276118606741746,0.07194371580437998,0.07194371580437998,0.07194371580437998
2023-09-05,0.0,0.0,0.0,0.0,0.0,0.0,0.0,0.0,0.0,0.0,0.0,0.0,0.0,0.0,0.0,0.0,0.0,0.0
2023-09-06,0.0,0.004387508215084848,0.0,0.10910699099274933,0.10910699099274933,0.00709614338210912,0.0,0.10910699099274933,0.10910699099274933,0.10910699099274933,0.10910699099274933,0.10910699099274933,0.006553429468062222,0.0,0.10910699099274933,0.0,0.0,0.10910699099274933
2023-09-07,0.0,0.004354940212726374,0.07014977187505032,0.07014977187505032,0.07014977187505032,0.007043469471753801,0.07014977187505032,0.07014977187505032,0.07014977187505032,0.07014977187505032,0.07014977187505032,0.07014977187505032,0.006504784064815309,0.07014977187505032,0.07014977187505032,0.07014977187505032,0.07014977187505032,0.07014977187505032
2023-09-08,0.0,0.004354940212726374,0.07014977187505032,0.07014977187505032,0.07014977187505032,0.007043469471753801,0.07014977187505032,0.07014977187505032,0.07014977187505032,0.07014977187505032,0.07014977187505032,0.07014977187505032,0.006504784064815309,0.07014977187505032,0.07014977187505032,0.07014977187505032,0.07014977187505032,0.07014977187505032
2023-09-11,0.0,0.004354940212726374,0.07014977187505032,0.07014977187505032,0.07014977187505032,0.007043469471753801,0.07014977187505032,0.07014977187505032,0.07014977187505032,0.07014977187505032,0.07014977187505032,0.07014977187505032,0.006504784064815309,0.07014977187505032,0.07014977187505032,0.07014977187505032,0.07014977187505032,0.07014977187505032
2023-09-12,0.0,0.004354940212726374,0.07014977187505032,0.07014977187505032,0.07014977187505032,0.007043469471753801,0.07014977187505032,0.07014977187505032,0.07014977187505032,0.07014977187505032,0.07014977187505032,0.07014977187505032,0.006504784064815309,0.07014977187505032,0.07014977187505032,0.07014977187505032,0.07014977187505032,0.07014977187505032
2023-09-13,0.0,0.004354940212726374,0.07014977187505032,0.07014977187505032,0.07014977187505032,0.007043469471753801,0.07014977187505032,0.07014977187505032,0.07014977187505032,0.07014977187505032,0.07014977187505032,0.07014977187505032,0.006504784064815309,0.07014977187505032,0.07014977187505032,0.07014977187505032,0.07014977187505032,0.07014977187505032
2023-09-14,0.0,0.004354940212726374,0.07014977187505032,0.07014977187505032,0.07014977187505032,0.007043469471753801,0.07014977187505032,0.07014977187505032,0.07014977187505032,0.07014977187505032,0.07014977187505032,0.07014977187505032,0.006504784064815309,0.07014977187505032,0.07014977187505032,0.07014977187505032,0.07014977187505032,0.07014977187505032
2023-09-15,0.0,0.004354940212726374,0.07014977187505032,0.07014977187505032,0.07014977187505032,0.007043469471753801,0.07014977187505032,0.07014977187505032,0.07014977187505032,0.07014977187505032,0.07014977187505032,0.07014977187505032,0.006504784064815309,0.07014977187505032,0.07014977187505032,0.07014977187505032,0.07014977187505032,0.07014977187505032
2023-09-18,0.0,0.004354940212726374,0.07014977187505032,0.07014977187505032,0.07014977187505032,0.007043469471753801,0.07014977187505032,0.07014977187505032,0.07014977187505032,0.07014977187505032,0.07014977187505032,0.07014977187505032,0.006504784064815309,0.07014977187505032,0.07014977187505032,0.07014977187505032,0.07014977187505032,0.07014977187505032
2023-09-19,0.0,0.0,0.0,0.0,0.0,0.0,0.0,0.0,0.0,0.0,0.0,0.0,0.0,0.0,0.0,0.0,0.0,0.0
2023-09-20,0.0,0.004925483633207209,0.07934013703197751,0.07934013703197751,0.07934013703197751,0.035635892120246836,0.07934013703197751,0.07934013703197751,0.07934013703197751,0.07934013703197751,0.0,0.07934013703197751,0.007356979862815842,0.07934013703197751,0.0,0.07934013703197751,0.07934013703197751,0.07934013703197751
2023-09-21,0.0,0.004336857748937621,0.06985849790852995,0.06985849790852995,0.06985849790852995,0.03137718169238224,0.06985849790852995,0.06985849790852995,0.06985849790852995,0.06985849790852995,0.05975310528910505,0.06985849790852995,0.0064777750781105205,0.06985849790852995,0.05975310528910505,0.06985849790852995,0.06985849790852995,0.06985849790852995
2023-09-22,0.0,0.004249964331572853,0.06845881086167474,0.06845881086167474,0.06845881086167474,0.03074850749959964,0.06845881086167474,0.06845881086167474,0.06845881086167474,0.06845881086167474,0.058555890204520136,0.06845881086167474,0.02638401741969038,0.06845881086167474,0.058555890204520136,0.06845881086167474,0.06845881086167474,0.06845881086167474
2023-09-25,0.0,0.004162161795288179,0.06704447964481408,0.06704447964481408,0.06704447964481408,0.030113255828102908,0.06704447964481408,0.06704447964481408,0.06704447964481408,0.06704447964481408,0.05734614930477452,0.06704447964481408,0.046498528029290914,0.06704447964481408,0.05734614930477452,0.06704447964481408,0.06704447964481408,0.06704447964481408
2023-09-26,0.0,0.004162161795288179,0.06704447964481408,0.06704447964481408,0.06704447964481408,0.030113255828102908,0.06704447964481408,0.06704447964481408,0.06704447964481408,0.06704447964481408,0.05734614930477452,0.06704447964481408,0.046498528029290914,0.06704447964481408,0.05734614930477452,0.06704447964481408,0.06704447964481408,0.06704447964481408
2023-09-27,0.0,0.004162161795288179,0.06704447964481408,0.06704447964481408,0.06704447964481408,0.030113255828102908,0.06704447964481408,0.06704447964481408,0.06704447964481408,0.06704447964481408,0.05734614930477452,0.06704447964481408,0.046498528029290914,0.06704447964481408,0.05734614930477452,0.06704447964481408,0.06704447964481408,0.06704447964481408
2023-09-28,0.0,0.004162161795288179,0.06704447964481408,0.06704447964481408,0.06704447964481408,0.030113255828102908,0.06704447964481408,0.06704447964481408,0.06704447964481408,0.06704447964481408,0.05734614930477452,0.06704447964481408,0.046498528029290914,0.06704447964481408,0.05734614930477452,0.06704447964481408,0.06704447964481408,0.06704447964481408
2023-09-29,0.0,0.004260393518375227,0.06862680514845985,0.06862680514845985,0.06862680514845985,0.03082396270429988,0.06862680514845985,0.06862680514845985,0.06862680514845985,0.06862680514845985,0.05869958324984418,0.045025674793976296,0.04759594585060182,0.06862680514845985,0.05869958324984418,0.06862680514845985,0.06862680514845985,0.06862680514845985
2023-10-02,0.0,0.004260393518375227,0.06862680514845985,0.06862680514845985,0.06862680514845985,0.03082396270429988,0.06862680514845985,0.06862680514845985,0.06862680514845985,0.06862680514845985,0.05869958324984418,0.045025674793976296,0.04759594585060182,0.06862680514845985,0.05869958324984418,0.06862680514845985,0.06862680514845985,0.06862680514845985
2023-10-03,0.0,0.004162852902499832,0.06705561206245254,0.06705561206245254,0.06705561206245254,0.05301299927140779,0.06705561206245254,0.06705561206245254,0.06705561206245254,0.06705561206245254,0.05735567136069025,0.04399482352855502,0.04650624888917884,0.06705561206245254,0.05735567136069025,0.06705561206245254,0.06705561206245254,0.06705561206245254
2023-10-04,0.0,0.004162852902499832,0.06705561206245254,0.06705561206245254,0.06705561206245254,0.05301299927140779,0.06705561206245254,0.06705561206245254,0.06705561206245254,0.06705561206245254,0.05735567136069025,0.04399482352855502,0.04650624888917884,0.06705561206245254,0.05735567136069025,0.06705561206245254,0.06705561206245254,0.06705561206245254
2023-10-05,0.02242152892223735,0.0040695153757474125,0.06555212271719595,0.06555212271719595,0.06555212271719595,0.051824366774989375,0.06555212271719595,0.06555212271719595,0.06555212271719595,0.06555212271719595,0.0560696695164222,0.0430083923203808,0.045463507684645355,0.06555212271719595,0.0560696695164222,0.06555212271719595,0.06555212271719595,0.06555212271719595
2023-10-06,0.02242152892223735,0.0040695153757474125,0.06555212271719595,0.06555212271719595,0.06555212271719595,0.051824366774989375,0.06555212271719595,0.06555212271719595,0.06555212271719595,0.06555212271719595,0.0560696695164222,0.0430083923203808,0.045463507684645355,0.06555212271719595,0.0560696695164222,0.06555212271719595,0.06555212271719595,0.06555212271719595
2023-10-09,0.022892282966769425,0.004154957400199124,0.06692843059538785,0.04593280419699405,0.06692843059538785,0.05291245181813038,0.06692843059538785,0.06692843059538785,0.06692843059538785,0.06692843059538785,0.05724688734987041,0.04391138045753506,0.046418042506752674,0.06692843059538785,0.05724688734987041,0.06692843059538785,0.06692843059538785,0.06692843059538785
2023-10-10,0.0,0.0,0.0,0.0,0.0,0.0,0.0,0.0,0.0,0.0,0.0,0.0,0.0,0.0,0.0,0.0,0.0,0.0
2023-10-11,0.02504248656237971,0.004545220108138056,0.07321481768590463,0.05024713496444994,0.07321481768590463,0.0578823599883663,0.07321481768590463,0.07321481768590463,0.07321481768590463,0.07321481768590463,0.0,0.048035844945636196,0.08209877657198345,0.07321481768590463,0.0,0.07321481768590463,0.07321481768590463,0.07321481768590463
2023-10-12,0.022606755434832416,0.004103134052850833,0.06609365541669297,0.045359900208503626,0.06609365541669297,0.05225249309761756,0.06609365541669297,0.06609365541669297,0.06609365541669297,0.06609365541669297,0.058989279449188366,0.022649078759190255,0.07411352538169877,0.06609365541669297,0.058989279449188366,0.06609365541669297,0.06609365541669297,0.06609365541669297
2023-10-13,0.022606755434832416,0.004103134052850833,0.06609365541669297,0.045359900208503626,0.06609365541669297,0.05225249309761756,0.06609365541669297,0.06609365541669297,0.06609365541669297,0.06609365541669297,0.058989279449188366,0.022649078759190255,0.07411352538169877,0.06609365541669297,0.058989279449188366,0.06609365541669297,0.06609365541669297,0.06609365541669297
2023-10-16,0.022606755434832416,0.004103134052850833,0.06609365541669297,0.045359900208503626,0.06609365541669297,0.05225249309761756,0.06609365541669297,0.06609365541669297,0.06609365541669297,0.06609365541669297,0.058989279449188366,0.022649078759190255,0.07411352538169877,0.06609365541669297,0.058989279449188366,0.06609365541669297,0.06609365541669297,0.06609365541669297
2023-10-17,0.022606755434832416,0.004103134052850833,0.06609365541669297,0.045359900208503626,0.06609365541669297,0.05225249309761756,0.06609365541669297,0.06609365541669297,0.06609365541669297,0.06609365541669297,0.058989279449188366,0.022649078759190255,0.07411352538169877,0.06609365541669297,0.058989279449188366,0.06609365541669297,0.06609365541669297,0.06609365541669297
2023-10-18,0.022606755434832416,0.004103134052850833,0.06609365541669297,0.045359900208503626,0.06609365541669297,0.05225249309761756,0.06609365541669297,0.06609365541669297,0.06609365541669297,0.06609365541669297,0.058989279449188366,0.022649078759190255,0.07411352538169877,0.06609365541669297,0.058989279449188366,0.06609365541669297,0.06609365541669297,0.06609365541669297
2023-10-19,0.022606755434832416,0.004103134052850833,0.06609365541669297,0.045359900208503626,0.06609365541669297,0.05225249309761756,0.06609365541669297,0.06609365541669297,0.06609365541669297,0.06609365541669297,0.058989279449188366,0.022649078759190255,0.07411352538169877,0.06609365541669297,0.058989279449188366,0.06609365541669297,0.06609365541669297,0.06609365541669297
2023-10-20,0.04187863793239438,0.0040222299563901845,0.06479044489410385,0.04446551028737385,0.06479044489410385,0.051222197550987336,0.06479044489410385,0.06479044489410385,0.06479044489410385,0.06479044489410385,0.057826150413376,0.022202492508515553,0.07265218199654819,0.06479044489410385,0.057826150413376,0.06479044489410385,0.06479044489410385,0.06479044489410385
2023-10-23,0.04187863793239438,0.0040222299563901845,0.06479044489410385,0.04446551028737385,0.06479044489410385,0.051222197550987336,0.06479044489410385,0.06479044489410385,0.06479044489410385,0.06479044489410385,0.057826150413376,0.022202492508515553,0.07265218199654819,0.06479044489410385,0.057826150413376,0.06479044489410385,0.06479044489410385,0.06479044489410385
2023-10-24,0.04187863793239438,0.0040222299563901845,0.06479044489410385,0.04446551028737385,0.06479044489410385,0.051222197550987336,0.06479044489410385,0.06479044489410385,0.06479044489410385,0.06479044489410385,0.057826150413376,0.022202492508515553,0.07265218199654819,0.06479044489410385,0.057826150413376,0.06479044489410385,0.06479044489410385,0.06479044489410385
2023-10-25,0.04277024047375229,0.004107863841065057,0.0661698432741693,0.045412187732781675,0.0661698432741693,0.05231272589109531,0.0661698432741693,0.0661698432741693,0.0661698432741693,0.0661698432741693,0.05905727790966042,0.022675186935135375,0.07419895794966992,0.0661698432741693,0.05905727790966042,0.04487969188965586,0.0661698432741693,0.0661698432741693
2023-10-26,0.043663074177971946,0.004193615972664572,0.06755114638642014,0.025485057022527083,0.06755114638642014,0.05340476007930236,0.06755114638642014,0.06755114638642014,0.06755114638642014,0.06755114638642014,0.06029010539936254,0.023148534078404174,0.07574786975707717,0.06755114638642014,0.06029010539936254,0.04581656063554634,0.06755114638642014,0.06755114638642014
2023-10-27,0.04366307417797195,0.0041936159726645725,0.06755114638642015,0.025485057022527086,0.06755114638642015,0.053404760079302366,0.06755114638642015,0.06755114638642015,0.06755114638642015,0.06755114638642015,0.06029010539936255,0.023148534078404177,0.07574786975707719,0.06755114638642015,0.06029010539936255,0.045816560635546344,0.06755114638642015,0.06755114638642015
2023-10-30,0.043663074177971946,0.004193615972664572,0.06755114638642014,0.02548505702252708,0.06755114638642014,0.05340476007930235,0.06755114638642014,0.06755114638642014,0.06755114638642014,0.06755114638642014,0.06029010539936253,0.023148534078404174,0.07574786975707717,0.06755114638642014,0.06029010539936253,0.04581656063554634,0.06755114638642014,0.06755114638642014
2023-10-31,0.04366307417797195,0.0041936159726645725,0.06755114638642015,0.025485057022527083,0.06755114638642015,0.05340476007930236,0.06755114638642015,0.06755114638642015,0.06755114638642015,0.06755114638642015,0.06029010539936254,0.023148534078404177,0.07574786975707719,0.06755114638642015,0.06029010539936254,0.045816560635546344,0.06755114638642015,0.06755114638642015
2023-11-01,0.043663074177971946,0.004193615972664572,0.06755114638642014,0.025485057022527076,0.06755114638642014,0.053404760079302345,0.06755114638642014,0.06755114638642014,0.06755114638642014,0.06755114638642014,0.060290105399362526,0.023148534078404174,0.07574786975707717,0.06755114638642014,0.060290105399362526,0.04581656063554634,0.06755114638642014,0.06755114638642014
2023-11-02,0.04239295779874942,0.03316065557533097,0.06558614921029515,0.0247437214899488,0.06558614921029515,0.05185126752793748,0.06558614921029515,0.06558614921029515,0.06558614921029515,0.06558614921029515,0.05853632484647111,0.022475165726736326,0.07354443786683672,0.06558614921029515,0.05853632484647111,0.04448380142886163,0.06558614921029515,0.06558614921029515
2023-11-03,0.04239295779874943,0.033160655575330975,0.06558614921029517,0.024743721489948804,0.06558614921029517,0.051851267527937485,0.06558614921029517,0.06558614921029517,0.06558614921029517,0.06558614921029517,0.058536324846471116,0.02247516572673633,0.07354443786683673,0.06558614921029517,0.058536324846471116,0.04448380142886164,0.06558614921029517,0.06558614921029517
2023-11-06,0.0,0.0,0.0,0.0,0.0,0.0,0.0,0.0,0.0,0.0,0.0,0.0,0.0,0.0,0.0,0.0,0.0,0.0
2023-11-07,0.04470073499491768,0.03496584702033546,0.06915651153911745,0.07021307052767237,0.06915651153911745,0.0795596494858213,0.06915651153911745,0.06915651153911745,0.06915651153911745,0.06915651153911745,0.0,0.02369866315738257,0.07754803151604196,0.06915651153911745,0.0,0.046905399445771705,0.06915651153911745,0.06915651153911745
2023-11-08,0.04115592882474936,0.03219302571713006,0.06367234156206779,0.06464511452736824,0.04364940738575384,0.0732505018526597,0.06367234156206779,0.06367234156206779,0.06367234156206779,0.06367234156206779,0.060691769232797475,0.021819339083749736,0.07139840689278404,0.06367234156206779,0.05778599894789266,0.024031775038572425,0.06367234156206779,0.06367234156206779
2023-11-09,0.04115592882474937,0.032193025717130064,0.0636723415620678,0.06464511452736825,0.04364940738575385,0.07325050185265972,0.0636723415620678,0.0636723415620678,0.0636723415620678,0.0636723415620678,0.06069176923279748,0.02181933908374974,0.07139840689278405,0.0636723415620678,0.057785998947892665,0.024031775038572428,0.0636723415620678,0.0636723415620678
2023-11-10,0.04115592882474937,0.032193025717130064,0.0636723415620678,0.06464511452736825,0.04364940738575385,0.07325050185265972,0.0636723415620678,0.0636723415620678,0.0636723415620678,0.0636723415620678,0.06069176923279748,0.02181933908374974,0.07139840689278405,0.0636723415620678,0.057785998947892665,0.024031775038572428,0.0636723415620678,0.0636723415620678
2023-11-13,0.04115592882474937,0.032193025717130064,0.0636723415620678,0.06464511452736825,0.04364940738575385,0.07325050185265972,0.0636723415620678,0.0636723415620678,0.0636723415620678,0.0636723415620678,0.06069176923279748,0.02181933908374974,0.07139840689278405,0.0636723415620678,0.057785998947892665,0.024031775038572428,0.0636723415620678,0.0636723415620678
2023-11-14,0.04115592882474937,0.032193025717130064,0.0636723415620678,0.06464511452736825,0.04364940738575385,0.07325050185265972,0.0636723415620678,0.0636723415620678,0.0636723415620678,0.0636723415620678,0.06069176923279748,0.02181933908374974,0.07139840689278405,0.0636723415620678,0.057785998947892665,0.024031775038572428,0.0636723415620678,0.0636723415620678
2023-11-15,0.04115592882474937,0.032193025717130064,0.0636723415620678,0.06464511452736825,0.04364940738575385,0.07325050185265972,0.0636723415620678,0.0636723415620678,0.0636723415620678,0.0636723415620678,0.06069176923279748,0.02181933908374974,0.07139840689278405,0.0636723415620678,0.057785998947892665,0.024031775038572428,0.0636723415620678,0.0636723415620678
2023-11-16,0.04115592882474937,0.032193025717130064,0.0636723415620678,0.06464511452736825,0.04364940738575385,0.07325050185265972,0.0636723415620678,0.0636723415620678,0.0636723415620678,0.0636723415620678,0.06069176923279748,0.02181933908374974,0.07139840689278405,0.0636723415620678,0.057785998947892665,0.024031775038572428,0.0636723415620678,0.0636723415620678
2023-11-17,0.04024595489307506,0.03148122513284359,0.0622645208022238,0.063215785370918,0.0647946988096448,0.07163090416475874,0.0622645208022238,0.0622645208022238,0.0622645208022238,0.0622645208022238,0.05934985011090837,0.021336904830908027,0.06981975976001814,0.0622645208022238,0.05650832756104937,0.02350042294808549,0.0622645208022238,0.0622645208022238
2023-11-20,0.04024595489307506,0.03148122513284359,0.0622645208022238,0.063215785370918,0.0647946988096448,0.07163090416475874,0.0622645208022238,0.0622645208022238,0.0622645208022238,0.0622645208022238,0.05934985011090837,0.021336904830908027,0.06981975976001814,0.0622645208022238,0.05650832756104937,0.02350042294808549,0.0622645208022238,0.0622645208022238
2023-11-21,0.0392780333331125,0.030724096705376278,0.060767049260914204,0.06169543576676423,0.06323637608837357,0.06990816962696768,0.060767049260914204,0.060767049260914204,0.060767049260914204,0.060767049260914204,0.057922476859223415,0.020823748905956705,0.06814058353068843,0.060767049260914204,0.05514929337465522,0.046985391721568404,0.060767049260914204,0.060767049260914204
2023-11-22,0.019091168002945816,0.0313696770336103,0.06204389759217236,0.06299179152474747,0.0645651103656719,0.07137709284794297,0.06204389759217236,0.06204389759217236,0.06204389759217236,0.06204389759217236,0.05913955451593973,0.0212613013190572,0.0695723659099602,0.06204389759217236,0.05630810039378734,0.04797265734895807,0.06204389759217236,0.06204389759217236
2023-11-23,0.01909116800294582,0.03136967703361031,0.062043897592172374,0.06299179152474749,0.06456511036567192,0.07137709284794298,0.062043897592172374,0.062043897592172374,0.062043897592172374,0.062043897592172374,0.059139554515939746,0.021261301319057204,0.06957236590996022,0.062043897592172374,0.05630810039378736,0.04797265734895809,0.062043897592172374,0.062043897592172374
2023-11-24,0.0,0.0,0.0,0.0,0.0,0.0,0.0,0.0,0.0,0.0,0.0,0.0,0.0,0.0,0.0,0.0,0.0,0.0
2023-11-27,0.018467344156619606,0.03034464008552529,0.0,0.09050775051015612,0.09050775051015612,0.09050775051015612,0.0,0.09050775051015612,0.09050775051015612,0.09050775051015612,0.0,0.04611051065629392,0.09050775051015612,0.09050775051015612,0.0,0.09050775051015612,0.0,0.09050775051015612
2023-11-28,0.017807272280733775,0.02926004214147531,0.0605646857938795,0.0605646857938795,0.0605646857938795,0.0605646857938795,0.0605646857938795,0.0605646857938795,0.0605646857938795,0.0605646857938795,0.0605646857938795,0.04446239866959855,0.0605646857938795,0.0605646857938795,0.0605646857938795,0.0605646857938795,0.0605646857938795,0.0605646857938795
2023-11-29,0.017807272280733775,0.02926004214147531,0.0605646857938795,0.0605646857938795,0.0605646857938795,0.0605646857938795,0.0605646857938795,0.0605646857938795,0.0605646857938795,0.0605646857938795,0.0605646857938795,0.04446239866959855,0.0605646857938795,0.0605646857938795,0.0605646857938795,0.0605646857938795,0.0605646857938795,0.0605646857938795
2023-11-30,0.01817353949805189,0.009293467952062194,0.06181040487896759,0.06181040487896759,0.06181040487896759,0.06181040487896759,0.06181040487896759,0.06181040487896759,0.06181040487896759,0.06181040487896759,0.06181040487896759,0.04537691936537193,0.06181040487896759,0.06181040487896759,0.06181040487896759,0.06181040487896759,0.06181040487896759,0.06181040487896759
2023-12-01,0.018173539498051894,0.009293467952062196,0.0618104048789676,0.0618104048789676,0.0618104048789676,0.0618104048789676,0.0618104048789676,0.0618104048789676,0.0618104048789676,0.0618104048789676,0.0618104048789676,0.045376919365371936,0.0618104048789676,0.0618104048789676,0.0618104048789676,0.0618104048789676,0.0618104048789676,0.0618104048789676
2023-12-04,0.018173539498051894,0.009293467952062196,0.0618104048789676,0.0618104048789676,0.0618104048789676,0.0618104048789676,0.0618104048789676,0.0618104048789676,0.0618104048789676,0.0618104048789676,0.0618104048789676,0.045376919365371936,0.0618104048789676,0.0618104048789676,0.0618104048789676,0.0618104048789676,0.0618104048789676,0.0618104048789676
2023-12-05,0.018173539498051894,0.009293467952062196,0.0618104048789676,0.0618104048789676,0.0618104048789676,0.0618104048789676,0.0618104048789676,0.0618104048789676,0.0618104048789676,0.0618104048789676,0.0618104048789676,0.045376919365371936,0.0618104048789676,0.0618104048789676,0.0618104048789676,0.0618104048789676,0.0618104048789676,0.0618104048789676
2023-12-06,0.018173539498051894,0.009293467952062196,0.0618104048789676,0.0618104048789676,0.0618104048789676,0.0618104048789676,0.0618104048789676,0.0618104048789676,0.0618104048789676,0.0618104048789676,0.0618104048789676,0.045376919365371936,0.0618104048789676,0.0618104048789676,0.0618104048789676,0.0618104048789676,0.0618104048789676,0.0618104048789676
2023-12-07,0.018173539498051894,0.009293467952062196,0.0618104048789676,0.0618104048789676,0.0618104048789676,0.0618104048789676,0.0618104048789676,0.0618104048789676,0.0618104048789676,0.0618104048789676,0.0618104048789676,0.045376919365371936,0.0618104048789676,0.0618104048789676,0.0618104048789676,0.0618104048789676,0.0618104048789676,0.0618104048789676
2023-12-08,0.018173539498051894,0.009293467952062196,0.0618104048789676,0.0618104048789676,0.0618104048789676,0.0618104048789676,0.0618104048789676,0.0618104048789676,0.0618104048789676,0.0618104048789676,0.0618104048789676,0.045376919365371936,0.0618104048789676,0.0618104048789676,0.0618104048789676,0.0618104048789676,0.0618104048789676,0.0618104048789676
2023-12-11,0.018173539498051894,0.009293467952062196,0.0618104048789676,0.0618104048789676,0.0618104048789676,0.0618104048789676,0.0618104048789676,0.0618104048789676,0.0618104048789676,0.0618104048789676,0.0618104048789676,0.045376919365371936,0.0618104048789676,0.0618104048789676,0.0618104048789676,0.0618104048789676,0.0618104048789676,0.0618104048789676
2023-12-12,0.018173539498051894,0.009293467952062196,0.0618104048789676,0.0618104048789676,0.0618104048789676,0.0618104048789676,0.0618104048789676,0.0618104048789676,0.0618104048789676,0.0618104048789676,0.0618104048789676,0.045376919365371936,0.0618104048789676,0.0618104048789676,0.0618104048789676,0.0618104048789676,0.0618104048789676,0.0618104048789676
2023-12-13,0.018173539498051894,0.009293467952062196,0.0618104048789676,0.0618104048789676,0.0618104048789676,0.0618104048789676,0.0618104048789676,0.0618104048789676,0.0618104048789676,0.0618104048789676,0.0618104048789676,0.045376919365371936,0.0618104048789676,0.0618104048789676,0.0618104048789676,0.0618104048789676,0.0618104048789676,0.0618104048789676
2023-12-14,0.018552286909443983,0.009487149371692986,0.06309857061286415,0.06309857061286415,0.06309857061286415,0.06309857061286415,0.0422579736871694,0.06309857061286415,0.06309857061286415,0.06309857061286415,0.06309857061286415,0.0463226014515954,0.06309857061286415,0.06309857061286415,0.06309857061286415,0.06309857061286415,0.06309857061286415,0.06309857061286415
2023-12-15,0.018552286909443987,0.009487149371692987,0.06309857061286417,0.06309857061286417,0.06309857061286417,0.06309857061286417,0.04225797368716941,0.06309857061286417,0.06309857061286417,0.06309857061286417,0.06309857061286417,0.046322601451595405,0.06309857061286417,0.06309857061286417,0.06309857061286417,0.06309857061286417,0.06309857061286417,0.06309857061286417
2023-12-18,0.018552286909443987,0.009487149371692987,0.06309857061286417,0.06309857061286417,0.06309857061286417,0.06309857061286417,0.04225797368716941,0.06309857061286417,0.06309857061286417,0.06309857061286417,0.06309857061286417,0.046322601451595405,0.06309857061286417,0.06309857061286417,0.06309857061286417,0.06309857061286417,0.06309857061286417,0.06309857061286417
2023-12-19,0.018949068979305383,0.009690053239186992,0.06444807440047123,0.06444807440047123,0.06444807440047123,0.04306084209869943,0.04316175478701905,0.06444807440047123,0.06444807440047123,0.06444807440047123,0.06444807440047123,0.04731331368966306,0.06444807440047123,0.06444807440047123,0.06444807440047123,0.06444807440047123,0.06444807440047123,0.06444807440047123
2023-12-20,0.018949068979305383,0.009690053239186992,0.06444807440047123,0.06444807440047123,0.06444807440047123,0.04306084209869943,0.04316175478701905,0.06444807440047123,0.06444807440047123,0.06444807440047123,0.06444807440047123,0.04731331368966306,0.06444807440047123,0.06444807440047123,0.06444807440047123,0.06444807440047123,0.06444807440047123,0.06444807440047123
2023-12-21,0.018949068979305383,0.009690053239186992,0.06444807440047123,0.06444807440047123,0.06444807440047123,0.04306084209869943,0.04316175478701905,0.06444807440047123,0.06444807440047123,0.06444807440047123,0.06444807440047123,0.04731331368966306,0.06444807440047123,0.06444807440047123,0.06444807440047123,0.06444807440047123,0.06444807440047123,0.06444807440047123
2023-12-22,0.018949068979305383,0.009690053239186992,0.06444807440047123,0.06444807440047123,0.06444807440047123,0.04306084209869943,0.04316175478701905,0.06444807440047123,0.06444807440047123,0.06444807440047123,0.06444807440047123,0.04731331368966306,0.06444807440047123,0.06444807440047123,0.06444807440047123,0.06444807440047123,0.06444807440047123,0.06444807440047123
2023-12-25,0.018949068979305383,0.009690053239186992,0.06444807440047123,0.06444807440047123,0.06444807440047123,0.04306084209869943,0.04316175478701905,0.06444807440047123,0.06444807440047123,0.06444807440047123,0.06444807440047123,0.04731331368966306,0.06444807440047123,0.06444807440047123,0.06444807440047123,0.06444807440047123,0.06444807440047123,0.06444807440047123
2023-12-26,0.0,0.0,0.0,0.0,0.0,0.0,0.0,0.0,0.0,0.0,0.0,0.0,0.0,0.0,0.0,0.0,0.0,0.0
2023-12-27,0.0,0.0,0.0,0.0,0.0,0.0,0.0,0.0,0.0,0.0,0.0,0.0,0.0,0.0,0.0,0.0,0.0,0.0
2023-12-28,0.021333309231583202,0.010909290712268985,0.07255716373542556,0.07255716373542556,0.07255716373542556,0.0484789126720254,0.04859252255901583,0.07255716373542556,0.0,0.07255716373542556,0.07255716373542556,0.0,0.07255716373542556,0.07255716373542556,0.07255716373542556,0.07255716373542556,0.07255716373542556,0.07255716373542556
2023-12-29,0.019500228147125605,0.009971901475914436,0.06632263336128207,0.06632263336128207,0.06632263336128207,0.04431332463083211,0.025687978597887417,0.06632263336128207,0.062275237302483084,0.06632263336128207,0.06632263336128207,0.062275237302483084,0.04642712556917136,0.06632263336128207,0.06632263336128207,0.06632263336128207,0.06632263336128207,0.06632263336128207
2024-01-01,0.019500228147125608,0.009971901475914438,0.06632263336128208,0.06632263336128208,0.06632263336128208,0.04431332463083212,0.02568797859788742,0.06632263336128208,0.06227523730248309,0.06632263336128208,0.06632263336128208,0.06227523730248309,0.04642712556917137,0.06632263336128208,0.06632263336128208,0.06632263336128208,0.06632263336128208,0.06632263336128208
2024-01-02,0.0,0.0,0.0,0.0,0.0,0.0,0.0,0.0,0.0,0.0,0.0,0.0,0.0,0.0,0.0,0.0,0.0,0.0
2024-01-03,0.0,0.0,0.0,0.0,0.0,0.0,0.0,0.0,0.0,0.0,0.0,0.0,0.0,0.0,0.0,0.0,0.0,0.0
2024-01-04,0.0,0.0,0.0,0.0,0.0,0.0,0.0,0.0,0.0,0.0,0.0,0.0,0.0,0.0,0.0,0.0,0.0,0.0
2024-01-05,0.02248241394088084,0.011496912501110181,0.07646540776998081,0.07646540776998081,0.07646540776998081,0.051090197505912344,0.029616462114435423,0.07646540776998081,0.07179904013109648,0.07646540776998081,0.0,0.07179904013109648,0.05352726374564095,0.07646540776998081,0.0,0.07646540776998081,0.07646540776998081,0.07646540776998081
2024-01-08,0.02022436597686221,0.010342206430227515,0.0687855136631074,0.0687855136631074,0.0687855136631074,0.021337898933666888,0.02664189754344275,0.0687855136631074,0.06458781820391214,0.0687855136631074,0.06252859117233295,0.06458781820391214,0.04815118939534378,0.0687855136631074,0.06252859117233295,0.0687855136631074,0.0687855136631074,0.0687855136631074
2024-01-09,0.0,0.0,0.0,0.0,0.0,0.0,0.0,0.0,0.0,0.0,0.0,0.0,0.0,0.0,0.0,0.0,0.0,0.0
2024-01-10,0.023115071715268585,0.011820436972032632,0.07861715334430468,0.07861715334430468,0.07861715334430468,0.024387763980791396,0.030449872844076294,0.07861715334430468,0.07381947357084907,0.07861715334430468,0.0,0.07381947357084907,0.05503352724739089,0.07861715334430468,0.0,0.07861715334430468,0.07861715334430468,0.07861715334430468
2024-01-11,0.0025465153704255505,0.0105455995019054,0.07013827112402889,0.07013827112402889,0.07013827112402889,0.021757536738863482,0.02716584544694337,0.07013827112402889,0.06585802247087315,0.07013827112402889,0.06296293605649537,0.06585802247087315,0.0490981457708652,0.07013827112402889,0.06296293605649537,0.07013827112402889,0.07013827112402889,0.07013827112402889
2024-01-12,0.0025465153704255505,0.0105455995019054,0.07013827112402889,0.07013827112402889,0.07013827112402889,0.021757536738863482,0.02716584544694337,0.07013827112402889,0.06585802247087315,0.07013827112402889,0.06296293605649537,0.06585802247087315,0.0490981457708652,0.07013827112402889,0.06296293605649537,0.07013827112402889,0.07013827112402889,0.07013827112402889
2024-01-15,0.0025465153704255505,0.0105455995019054,0.07013827112402889,0.07013827112402889,0.07013827112402889,0.021757536738863482,0.02716584544694337,0.07013827112402889,0.06585802247087315,0.07013827112402889,0.06296293605649537,0.06585802247087315,0.0490981457708652,0.07013827112402889,0.06296293605649537,0.07013827112402889,0.07013827112402889,0.07013827112402889
2024-01-16,0.0,0.0,0.0,0.0,0.0,0.0,0.0,0.0,0.0,0.0,0.0,0.0,0.0,0.0,0.0,0.0,0.0,0.0
2024-01-17,0.0025600452088131325,0.01060162910950879,0.0,0.10617478124122146,0.10617478124122146,0.021873136259371977,0.0,0.10617478124122146,0.10617478124122146,0.10617478124122146,0.10617478124122146,0.06620793137419453,0.04935900811833996,0.0,0.10617478124122146,0.0,0.0,0.10617478124122146
2024-01-18,0.0025062122435127983,0.010378696666747832,0.06861551734103671,0.06861551734103671,0.06861551734103671,0.02141318509085095,0.04933242012464227,0.06861551734103671,0.06861551734103671,0.06861551734103671,0.06861551734103671,0.06481570233854937,0.02816757544325616,0.06861551734103671,0.06861551734103671,0.06861551734103671,0.06861551734103671,0.06861551734103671
2024-01-19,0.0025062122435127988,0.010378696666747834,0.06861551734103673,0.06861551734103673,0.06861551734103673,0.021413185090850953,0.049332420124642284,0.06861551734103673,0.06861551734103673,0.06861551734103673,0.06861551734103673,0.06481570233854939,0.028167575443256168,0.06861551734103673,0.06861551734103673,0.06861551734103673,0.06861551734103673,0.06861551734103673
2024-01-22,0.0024879816490760358,0.01030320034348015,0.06811639693654943,0.06811639693654943,0.06811639693654943,0.051194420812673135,0.04897356809756265,0.06811639693654943,0.06811639693654943,0.06811639693654943,0.06811639693654943,0.04168138592869837,0.027962679929916412,0.06811639693654943,0.06811639693654943,0.06811639693654943,0.06811639693654943,0.06811639693654943
2024-01-23,0.0024879816490760358,0.01030320034348015,0.06811639693654943,0.06811639693654943,0.06811639693654943,0.051194420812673135,0.04897356809756265,0.06811639693654943,0.06811639693654943,0.06811639693654943,0.06811639693654943,0.04168138592869837,0.027962679929916412,0.06811639693654943,0.06811639693654943,0.06811639693654943,0.06811639693654943,0.06811639693654943
2024-01-24,0.0024879816490760358,0.01030320034348015,0.06811639693654943,0.06811639693654943,0.06811639693654943,0.051194420812673135,0.04897356809756265,0.06811639693654943,0.06811639693654943,0.06811639693654943,0.06811639693654943,0.04168138592869837,0.027962679929916412,0.06811639693654943,0.06811639693654943,0.06811639693654943,0.06811639693654943,0.06811639693654943
2024-01-25,0.0024879816490760358,0.01030320034348015,0.06811639693654943,0.06811639693654943,0.06811639693654943,0.051194420812673135,0.04897356809756265,0.06811639693654943,0.06811639693654943,0.06811639693654943,0.06811639693654943,0.04168138592869837,0.027962679929916412,0.06811639693654943,0.06811639693654943,0.06811639693654943,0.06811639693654943,0.06811639693654943
2024-01-26,0.0024879816490760358,0.01030320034348015,0.06811639693654943,0.06811639693654943,0.06811639693654943,0.051194420812673135,0.04897356809756265,0.06811639693654943,0.06811639693654943,0.06811639693654943,0.06811639693654943,0.04168138592869837,0.027962679929916412,0.06811639693654943,0.06811639693654943,0.06811639693654943,0.06811639693654943,0.06811639693654943
2024-01-29,0.0024879816490760358,0.01030320034348015,0.06811639693654943,0.06811639693654943,0.06811639693654943,0.051194420812673135,0.04897356809756265,0.06811639693654943,0.06811639693654943,0.06811639693654943,0.06811639693654943,0.04168138592869837,0.027962679929916412,0.06811639693654943,0.06811639693654943,0.06811639693654943,0.06811639693654943,0.06811639693654943
2024-01-30,0.002404543960727332,0.009957669169818637,0.06583202530497446,0.06583202530497446,0.06583202530497446,0.049477549576686916,0.04733117603499822,0.06583202530497446,0.06583202530497446,0.06583202530497446,0.06583202530497446,0.04028354664384982,0.06056121095422545,0.06583202530497446,0.06583202530497446,0.06583202530497446,0.06583202530497446,0.06583202530497446
2024-01-31,0.0023525436418145467,0.009742326060723658,0.06440835147474108,0.06440835147474108,0.06440835147474108,0.048407555266317716,0.0463075988875076,0.06440835147474108,0.06440835147474108,0.06440835147474108,0.06440835147474108,0.06103823545613975,0.05925152299060361,0.06440835147474108,0.06440835147474108,0.06440835147474108,0.06440835147474108,0.06440835147474108
2024-02-01,0.002352543641814547,0.00974232606072366,0.0644083514747411,0.0644083514747411,0.0644083514747411,0.04840755526631772,0.04630759888750761,0.0644083514747411,0.0644083514747411,0.0644083514747411,0.0644083514747411,0.061038235456139754,0.059251522990603614,0.0644083514747411,0.0644083514747411,0.0644083514747411,0.0644083514747411,0.0644083514747411
2024-02-02,0.002352543641814547,0.00974232606072366,0.0644083514747411,0.0644083514747411,0.0644083514747411,0.04840755526631772,0.04630759888750761,0.0644083514747411,0.0644083514747411,0.0644083514747411,0.0644083514747411,0.061038235456139754,0.059251522990603614,0.0644083514747411,0.0644083514747411,0.0644083514747411,0.0644083514747411,0.0644083514747411
2024-02-05,0.002352543641814547,0.00974232606072366,0.0644083514747411,0.0644083514747411,0.0644083514747411,0.04840755526631772,0.04630759888750761,0.0644083514747411,0.0644083514747411,0.0644083514747411,0.0644083514747411,0.061038235456139754,0.059251522990603614,0.0644083514747411,0.0644083514747411,0.0644083514747411,0.0644083514747411,0.0644083514747411
2024-02-06,0.002352543641814547,0.00974232606072366,0.0644083514747411,0.0644083514747411,0.0644083514747411,0.04840755526631772,0.04630759888750761,0.0644083514747411,0.0644083514747411,0.0644083514747411,0.0644083514747411,0.061038235456139754,0.059251522990603614,0.0644083514747411,0.0644083514747411,0.0644083514747411,0.0644083514747411,0.0644083514747411
2024-02-07,0.002352543641814547,0.00974232606072366,0.0644083514747411,0.0644083514747411,0.0644083514747411,0.04840755526631772,0.04630759888750761,0.0644083514747411,0.0644083514747411,0.0644083514747411,0.0644083514747411,0.061038235456139754,0.059251522990603614,0.0644083514747411,0.0644083514747411,0.0644083514747411,0.0644083514747411,0.0644083514747411
2024-02-08,0.002352543641814547,0.00974232606072366,0.0644083514747411,0.0644083514747411,0.0644083514747411,0.04840755526631772,0.04630759888750761,0.0644083514747411,0.0644083514747411,0.0644083514747411,0.0644083514747411,0.061038235456139754,0.059251522990603614,0.0644083514747411,0.0644083514747411,0.0644083514747411,0.0644083514747411,0.0644083514747411
2024-02-09,0.002352543641814547,0.00974232606072366,0.0644083514747411,0.0644083514747411,0.0644083514747411,0.04840755526631772,0.04630759888750761,0.0644083514747411,0.0644083514747411,0.0644083514747411,0.0644083514747411,0.061038235456139754,0.059251522990603614,0.0644083514747411,0.0644083514747411,0.0644083514747411,0.0644083514747411,0.0644083514747411
2024-02-12,0.002352543641814547,0.00974232606072366,0.0644083514747411,0.0644083514747411,0.0644083514747411,0.04840755526631772,0.04630759888750761,0.0644083514747411,0.0644083514747411,0.0644083514747411,0.0644083514747411,0.061038235456139754,0.059251522990603614,0.0644083514747411,0.0644083514747411,0.0644083514747411,0.0644083514747411,0.0644083514747411
2024-02-13,0.0,0.0,0.0,0.0,0.0,0.0,0.0,0.0,0.0,0.0,0.0,0.0,0.0,0.0,0.0,0.0,0.0,0.0
2024-02-14,0.002548044140786287,0.010551930427743094,0.06976079834435446,0.06976079834435446,0.06976079834435446,0.07950299691590343,0.07950299691590343,0.06976079834435446,0.06976079834435446,0.06976079834435446,0.0,0.06611061977918925,0.06417542837693,0.06976079834435446,0.0,0.06976079834435446,0.06976079834435446,0.06976079834435446
2024-02-15,0.002346465481746575,0.009717155255736689,0.06424194254484099,0.06424194254484099,0.043817375278381795,0.07321342474899398,0.07321342474899398,0.06424194254484099,0.06424194254484099,0.06424194254484099,0.05928831987216301,0.06088053374180182,0.059098437524044437,0.06424194254484099,0.05928831987216301,0.04520100311724691,0.06424194254484099,0.06424194254484099
2024-02-16,0.002346465481746575,0.009717155255736689,0.06424194254484099,0.06424194254484099,0.043817375278381795,0.07321342474899398,0.07321342474899398,0.06424194254484099,0.06424194254484099,0.06424194254484099,0.05928831987216301,0.06088053374180182,0.059098437524044437,0.06424194254484099,0.05928831987216301,0.04520100311724691,0.06424194254484099,0.06424194254484099
2024-02-19,0.002346465481746575,0.009717155255736689,0.06424194254484099,0.06424194254484099,0.043817375278381795,0.07321342474899398,0.07321342474899398,0.06424194254484099,0.06424194254484099,0.06424194254484099,0.05928831987216301,0.06088053374180182,0.059098437524044437,0.06424194254484099,0.05928831987216301,0.04520100311724691,0.06424194254484099,0.06424194254484099
2024-02-20,0.0,0.0,0.0,0.0,0.0,0.0,0.0,0.0,0.0,0.0,0.0,0.0,0.0,0.0,0.0,0.0,0.0,0.0
2024-02-21,0.002353523800310108,0.009746385081557627,0.0,0.09439509103664809,0.043949180751651516,0.09439509103664809,0.0,0.09439509103664809,0.09439509103664809,0.09439509103664809,0.09439509103664809,0.09439509103664809,0.09439509103664809,0.0,0.09439509103664809,0.0,0.0,0.09439509103664809
2024-02-22,0.0023135475508023772,0.00958083590726526,0.06445438569871273,0.06445438569871273,0.04320267314669045,0.06445438569871273,0.06445438569871273,0.06445438569871273,0.06445438569871273,0.06445438569871273,0.06445438569871273,0.06445438569871273,0.06445438569871273,0.05558665550194194,0.06445438569871273,0.0514092738100346,0.06445438569871273,0.06445438569871273
2024-02-23,0.002313547550802377,0.009580835907265259,0.06445438569871272,0.06445438569871272,0.04320267314669044,0.06445438569871272,0.06445438569871272,0.06445438569871272,0.06445438569871272,0.06445438569871272,0.06445438569871272,0.06445438569871272,0.06445438569871272,0.055586655501941924,0.06445438569871272,0.051409273810034586,0.06445438569871272,0.06445438569871272
2024-02-26,0.0,0.0,0.0,0.0,0.0,0.0,0.0,0.0,0.0,0.0,0.0,0.0,0.0,0.0,0.0,0.0,0.0,0.0
2024-02-27,0.0026559187773177615,0.010998659603811033,0.07399269282289983,0.07399269282289983,0.04959603739323286,0.07399269282289983,0.07399269282289983,0.07399269282289983,0.07399269282289983,0.07399269282289983,0.0,0.07399269282289983,0.07399269282289983,0.063812668153157,0.0,0.05901709502058306,0.07399269282289983,0.07399269282289983
2024-02-28,0.0023424993161848423,0.009700730617559347,0.06526096875423405,0.06526096875423405,0.04374331198352979,0.06526096875423405,0.06526096875423405,0.06526096875423405,0.06526096875423405,0.06526096875423405,0.05900396198287466,0.06526096875423405,0.06526096875423405,0.05628226766168768,0.05900396198287466,0.052052610158714714,0.06526096875423405,0.06526096875423405
2024-02-29,0.002342499316184842,0.009700730617559345,0.06526096875423404,0.06526096875423404,0.043743311983529785,0.06526096875423404,0.06526096875423404,0.06526096875423404,0.06526096875423404,0.06526096875423404,0.05900396198287464,0.06526096875423404,0.06526096875423404,0.05628226766168767,0.05900396198287464,0.0520526101587147,0.06526096875423404,0.06526096875423404
2024-03-01,0.0023424993161848423,0.009700730617559347,0.06526096875423405,0.06526096875423405,0.04374331198352979,0.06526096875423405,0.06526096875423405,0.06526096875423405,0.06526096875423405,0.06526096875423405,0.05900396198287465,0.06526096875423405,0.06526096875423405,0.056282267661687674,0.05900396198287465,0.05205261015871471,0.06526096875423405,0.06526096875423405
2024-03-04,0.002342499316184842,0.009700730617559345,0.06526096875423404,0.06526096875423404,0.043743311983529785,0.06526096875423404,0.06526096875423404,0.06526096875423404,0.06526096875423404,0.06526096875423404,0.059003961982874636,0.06526096875423404,0.06526096875423404,0.05628226766168766,0.059003961982874636,0.05205261015871469,0.06526096875423404,0.06526096875423404
2024-03-05,0.0023424993161848423,0.009700730617559347,0.06526096875423405,0.06526096875423405,0.04374331198352979,0.06526096875423405,0.06526096875423405,0.06526096875423405,0.06526096875423405,0.06526096875423405,0.05900396198287464,0.06526096875423405,0.06526096875423405,0.05628226766168767,0.05900396198287464,0.0520526101587147,0.06526096875423405,0.06526096875423405
2024-03-06,0.0023923526491010606,0.009907182653496495,0.06664986000353379,0.06664986000353379,0.023392150003816208,0.06664986000353379,0.06664986000353379,0.06664986000353379,0.06664986000353379,0.06664986000353379,0.06025969091298974,0.06664986000353379,0.06664986000353379,0.05748007318830256,0.06025969091298974,0.05316039964043242,0.06664986000353379,0.06664986000353379
2024-03-07,0.002450355012360037,0.01014738135804662,0.06826577954304545,0.06826577954304545,0.023959290463831433,0.06826577954304545,0.06826577954304545,0.06826577954304545,0.06826577954304545,0.04402087431104669,0.06172068140848471,0.06826577954304545,0.06826577954304545,0.058873672115481314,0.06172068140848471,0.05444926849180989,0.06826577954304545,0.06826577954304545
2024-03-08,0.0024503550123600375,0.010147381358046622,0.06826577954304547,0.06826577954304547,0.023959290463831436,0.06826577954304547,0.06826577954304547,0.06826577954304547,0.06826577954304547,0.0440208743110467,0.06172068140848472,0.06826577954304547,0.06826577954304547,0.05887367211548132,0.06172068140848472,0.054449268491809893,0.06826577954304547,0.06826577954304547
2024-03-11,0.0024503550123600375,0.010147381358046622,0.06826577954304547,0.06826577954304547,0.023959290463831436,0.06826577954304547,0.06826577954304547,0.06826577954304547,0.06826577954304547,0.0440208743110467,0.06172068140848472,0.06826577954304547,0.06826577954304547,0.05887367211548132,0.06172068140848472,0.054449268491809893,0.06826577954304547,0.06826577954304547
2024-03-12,0.0024503550123600375,0.010147381358046622,0.06826577954304547,0.06826577954304547,0.023959290463831436,0.06826577954304547,0.06826577954304547,0.06826577954304547,0.06826577954304547,0.0440208743110467,0.06172068140848472,0.06826577954304547,0.06826577954304547,0.05887367211548132,0.06172068140848472,0.054449268491809893,0.06826577954304547,0.06826577954304547
2024-03-13,0.00239868592035061,0.009933409921908202,0.06682630206875587,0.06682630206875587,0.023454076004207493,0.06682630206875587,0.06682630206875587,0.06682630206875587,0.06682630206875587,0.06417900370664799,0.06041921629404482,0.06682630206875587,0.06682630206875587,0.057632240091907795,0.06041921629404482,0.05330113107932954,0.06682630206875587,0.06682630206875587
2024-03-14,0.00239868592035061,0.009933409921908202,0.06682630206875587,0.06682630206875587,0.023454076004207493,0.06682630206875587,0.06682630206875587,0.06682630206875587,0.06682630206875587,0.06417900370664799,0.06041921629404482,0.06682630206875587,0.06682630206875587,0.057632240091907795,0.06041921629404482,0.05330113107932954,0.06682630206875587,0.06682630206875587
2024-03-15,0.00239868592035061,0.009933409921908202,0.06682630206875587,0.06682630206875587,0.023454076004207493,0.06682630206875587,0.06682630206875587,0.06682630206875587,0.06682630206875587,0.06417900370664799,0.06041921629404482,0.06682630206875587,0.06682630206875587,0.057632240091907795,0.06041921629404482,0.05330113107932954,0.06682630206875587,0.06682630206875587
2024-03-18,0.00239868592035061,0.009933409921908202,0.06682630206875587,0.06682630206875587,0.023454076004207493,0.06682630206875587,0.06682630206875587,0.06682630206875587,0.06682630206875587,0.06417900370664799,0.06041921629404482,0.06682630206875587,0.06682630206875587,0.057632240091907795,0.06041921629404482,0.05330113107932954,0.06682630206875587,0.06682630206875587
2024-03-19,0.00239868592035061,0.009933409921908202,0.06682630206875587,0.06682630206875587,0.023454076004207493,0.06682630206875587,0.06682630206875587,0.06682630206875587,0.06682630206875587,0.06417900370664799,0.06041921629404482,0.06682630206875587,0.06682630206875587,0.057632240091907795,0.06041921629404482,0.05330113107932954,0.06682630206875587,0.06682630206875587
2024-03-20,0.00239868592035061,0.009933409921908202,0.06682630206875587,0.06682630206875587,0.023454076004207493,0.06682630206875587,0.06682630206875587,0.06682630206875587,0.06682630206875587,0.06417900370664799,0.06041921629404482,0.06682630206875587,0.06682630206875587,0.057632240091907795,0.06041921629404482,0.05330113107932954,0.06682630206875587,0.06682630206875587
2024-03-21,0.0,0.0,0.0,0.0,0.0,0.0,0.0,0.0,0.0,0.0,0.0,0.0,0.0,0.0,0.0,0.0,0.0,0.0
2024-03-22,0.0026616790069163266,0.011022513798877346,0.07415317020756837,0.07415317020756837,0.026025592261738964,0.07415317020756837,0.07415317020756837,0.07415317020756837,0.07415317020756837,0.07121562077031791,0.0,0.07415317020756837,0.07415317020756837,0.06395106682069095,0.0,0.0835918252657749,0.07415317020756837,0.07415317020756837
2024-03-25,0.0023531445027237044,0.009744814338853816,0.06555753882419982,0.06555753882419982,0.023008777242373483,0.06555753882419982,0.06555753882419982,0.06555753882419982,0.06555753882419982,0.06296050203209112,0.0579586237466841,0.06555753882419982,0.06555753882419982,0.05653803518057199,0.0579586237466841,0.07390209096801968,0.06555753882419982,0.06555753882419982
2024-03-26,0.0023531445027237044,0.009744814338853816,0.06555753882419982,0.06555753882419982,0.023008777242373483,0.06555753882419982,0.06555753882419982,0.06555753882419982,0.06555753882419982,0.06296050203209112,0.0579586237466841,0.06555753882419982,0.06555753882419982,0.05653803518057199,0.0579586237466841,0.07390209096801968,0.06555753882419982,0.06555753882419982
2024-03-27,0.0023531445027237044,0.009744814338853816,0.06555753882419982,0.06555753882419982,0.023008777242373483,0.06555753882419982,0.06555753882419982,0.06555753882419982,0.06555753882419982,0.06296050203209112,0.0579586237466841,0.06555753882419982,0.06555753882419982,0.05653803518057199,0.0579586237466841,0.07390209096801968,0.06555753882419982,0.06555753882419982
2024-03-28,0.0023531445027237044,0.009744814338853816,0.06555753882419982,0.06555753882419982,0.023008777242373483,0.06555753882419982,0.06555753882419982,0.06555753882419982,0.06555753882419982,0.06296050203209112,0.0579586237466841,0.06555753882419982,0.06555753882419982,0.05653803518057199,0.0579586237466841,0.07390209096801968,0.06555753882419982,0.06555753882419982
2024-03-29,0.0023531445027237044,0.009744814338853816,0.06555753882419982,0.06555753882419982,0.023008777242373483,0.06555753882419982,0.06555753882419982,0.06555753882419982,0.06555753882419982,0.06296050203209112,0.0579586237466841,0.06555753882419982,0.06555753882419982,0.05653803518057199,0.0579586237466841,0.07390209096801968,0.06555753882419982,0.06555753882419982
2024-04-01,0.0,0.0,0.0,0.0,0.0,0.0,0.0,0.0,0.0,0.0,0.0,0.0,0.0,0.0,0.0,0.0,0.0,0.0
2024-04-02,0.0,0.0,0.0,0.0,0.0,0.0,0.0,0.0,0.0,0.0,0.0,0.0,0.0,0.0,0.0,0.0,0.0,0.0
2024-04-03,0.00264718513886512,0.01096249196296911,0.07374937761583422,0.07374937761583422,0.0258838728811465,0.07374937761583422,0.07374937761583422,0.07374937761583422,0.0,0.07082782426745352,0.06520092891605643,0.0,0.07374937761583422,0.0861451114313565,0.06520092891605643,0.08313663555942286,0.07374937761583422,0.07374937761583422
2024-04-04,0.0023356019270123767,0.009672167230639975,0.06506881061947602,0.06506881061947602,0.022837247947707466,0.06506881061947602,0.06506881061947602,0.06506881061947602,0.058851798326867766,0.06249113460801549,0.05752654507747203,0.058851798326867766,0.06506881061947602,0.076005521981749,0.05752654507747203,0.07335115454038792,0.06506881061947602,0.06506881061947602
2024-04-05,0.0023356019270123767,0.009672167230639975,0.06506881061947602,0.06506881061947602,0.022837247947707466,0.06506881061947602,0.06506881061947602,0.06506881061947602,0.058851798326867766,0.06249113460801549,0.05752654507747203,0.058851798326867766,0.06506881061947602,0.076005521981749,0.05752654507747203,0.07335115454038792,0.06506881061947602,0.06506881061947602
2024-04-08,0.0023356019270123767,0.009672167230639975,0.06506881061947602,0.06506881061947602,0.022837247947707466,0.06506881061947602,0.06506881061947602,0.06506881061947602,0.058851798326867766,0.06249113460801549,0.05752654507747203,0.058851798326867766,0.06506881061947602,0.076005521981749,0.05752654507747203,0.07335115454038792,0.06506881061947602,0.06506881061947602
2024-04-09,0.0023356019270123767,0.009672167230639975,0.06506881061947602,0.06506881061947602,0.022837247947707466,0.06506881061947602,0.06506881061947602,0.06506881061947602,0.058851798326867766,0.06249113460801549,0.05752654507747203,0.058851798326867766,0.06506881061947602,0.076005521981749,0.05752654507747203,0.07335115454038792,0.06506881061947602,0.06506881061947602
2024-04-10,0.0023856582110693097,0.009879459725454101,0.06646335599552888,0.06646335599552888,0.023326692556023633,0.06646335599552888,0.06646335599552888,0.06646335599552888,0.060113101591024315,0.04239857965282101,0.05875944570488988,0.060113101591024315,0.06646335599552888,0.07763446138028793,0.05875944570488988,0.07492320591828447,0.06646335599552888,0.06646335599552888
2024-04-11,0.0022922923133445678,0.048629140073421645,0.06386222442121998,0.06386222442121998,0.02241377150918767,0.06386222442121998,0.06386222442121998,0.06386222442121998,0.05776049564394318,0.040739255013116954,0.056459816876003176,0.05776049564394318,0.06386222442121998,0.07459613378268186,0.056459816876003176,0.07199098689859477,0.06386222442121998,0.06386222442121998
2024-04-12,0.0022922923133445678,0.048629140073421645,0.06386222442121998,0.06386222442121998,0.02241377150918767,0.06386222442121998,0.06386222442121998,0.06386222442121998,0.05776049564394318,0.040739255013116954,0.056459816876003176,0.05776049564394318,0.06386222442121998,0.07459613378268186,0.056459816876003176,0.07199098689859477,0.06386222442121998,0.06386222442121998
2024-04-15,0.0022922923133445678,0.048629140073421645,0.06386222442121998,0.06386222442121998,0.02241377150918767,0.06386222442121998,0.06386222442121998,0.06386222442121998,0.05776049564394318,0.040739255013116954,0.056459816876003176,0.05776049564394318,0.06386222442121998,0.07459613378268186,0.056459816876003176,0.07199098689859477,0.06386222442121998,0.06386222442121998
2024-04-16,0.0022922923133445678,0.048629140073421645,0.06386222442121998,0.06386222442121998,0.02241377150918767,0.06386222442121998,0.06386222442121998,0.06386222442121998,0.05776049564394318,0.040739255013116954,0.056459816876003176,0.05776049564394318,0.06386222442121998,0.07459613378268186,0.056459816876003176,0.07199098689859477,0.06386222442121998,0.06386222442121998
2024-04-17,0.02804911717071363,0.04737373006286877,0.06221355706429107,0.06221355706429107,0.02183513752379548,0.06221355706429107,0.06221355706429107,0.06221355706429107,0.05626935053349254,0.039687530296440614,0.05500225009211394,0.05626935053349254,0.06221355706429107,0.07267035979289041,0.05500225009211394,0.0701324673877496,0.06221355706429107,0.06221355706429107
2024-04-18,0.02804911717071363,0.04737373006286877,0.06221355706429107,0.06221355706429107,0.02183513752379548,0.06221355706429107,0.06221355706429107,0.06221355706429107,0.05626935053349254,0.039687530296440614,0.05500225009211394,0.05626935053349254,0.06221355706429107,0.07267035979289041,0.05500225009211394,0.0701324673877496,0.06221355706429107,0.06221355706429107
2024-04-19,0.02804911717071363,0.04737373006286877,0.06221355706429107,0.06221355706429107,0.02183513752379548,0.06221355706429107,0.06221355706429107,0.06221355706429107,0.05626935053349254,0.039687530296440614,0.05500225009211394,0.05626935053349254,0.06221355706429107,0.07267035979289041,0.05500225009211394,0.0701324673877496,0.06221355706429107,0.06221355706429107
2024-04-22,0.02804911717071363,0.04737373006286877,0.06221355706429107,0.06221355706429107,0.02183513752379548,0.06221355706429107,0.06221355706429107,0.06221355706429107,0.05626935053349254,0.039687530296440614,0.05500225009211394,0.05626935053349254,0.06221355706429107,0.07267035979289041,0.05500225009211394,0.0701324673877496,0.06221355706429107,0.06221355706429107
2024-04-23,0.02804911717071363,0.04737373006286877,0.06221355706429107,0.06221355706429107,0.02183513752379548,0.06221355706429107,0.06221355706429107,0.06221355706429107,0.05626935053349254,0.039687530296440614,0.05500225009211394,0.05626935053349254,0.06221355706429107,0.07267035979289041,0.05500225009211394,0.0701324673877496,0.06221355706429107,0.06221355706429107
2024-04-24,0.02804911717071363,0.04737373006286877,0.06221355706429107,0.06221355706429107,0.02183513752379548,0.06221355706429107,0.06221355706429107,0.06221355706429107,0.05626935053349254,0.039687530296440614,0.05500225009211394,0.05626935053349254,0.06221355706429107,0.07267035979289041,0.05500225009211394,0.0701324673877496,0.06221355706429107,0.06221355706429107
2024-04-25,0.04872465667149654,0.04740906597640408,0.062259961957260884,0.062259961957260884,0.021851424282945512,0.062259961957260884,0.062259961957260884,0.062259961957260884,0.05631132166184788,0.018316618546659624,0.055043276094308057,0.05631132166184788,0.062259961957260884,0.07272456438152665,0.055043276094308057,0.07018477897056867,0.062259961957260884,0.062259961957260884
2024-04-26,0.04872465667149654,0.04740906597640408,0.062259961957260884,0.062259961957260884,0.021851424282945512,0.062259961957260884,0.062259961957260884,0.062259961957260884,0.05631132166184788,0.018316618546659624,0.055043276094308057,0.05631132166184788,0.062259961957260884,0.07272456438152665,0.055043276094308057,0.07018477897056867,0.062259961957260884,0.062259961957260884
2024-04-29,0.04872465667149654,0.04740906597640408,0.062259961957260884,0.062259961957260884,0.021851424282945512,0.062259961957260884,0.062259961957260884,0.062259961957260884,0.05631132166184788,0.018316618546659624,0.055043276094308057,0.05631132166184788,0.062259961957260884,0.07272456438152665,0.055043276094308057,0.07018477897056867,0.062259961957260884,0.062259961957260884
2024-04-30,0.0,0.0,0.0,0.0,0.0,0.0,0.0,0.0,0.0,0.0,0.0,0.0,0.0,0.0,0.0,0.0,0.0,0.0
2024-05-01,0.07407836657884512,0.07774540768915848,0.06652654114622446,0.06652654114622446,0.02334886869447323,0.06652654114622446,0.06652654114622446,0.06652654114622446,0.06017024970408474,0.01957182817169937,0.0,0.06017024970408474,0.06652654114622446,0.07770826663835845,0.0,0.07499443364950016,0.06652654114622446,0.06652654114622446
2024-05-02,0.0,0.0,0.0,0.0,0.0,0.0,0.0,0.0,0.0,0.0,0.0,0.0,0.0,0.0,0.0,0.0,0.0,0.0
2024-05-03,0.07164999713524324,0.07519682864872054,0.06434572875565875,0.06434572875565875,0.0029567755111264433,0.06434572875565875,0.06434572875565875,0.06434572875565875,0.0581978034617695,0.018930242352754575,0.06639276938743145,0.0,0.06434572875565875,0.07516090512197013,0.06639276938743145,0.07253603453076633,0.06434572875565875,0.04216577317317498
2024-05-06,0.0,0.0,0.0,0.0,0.0,0.0,0.0,0.0,0.0,0.0,0.0,0.0,0.0,0.0,0.0,0.0,0.0,0.0
2024-05-07,0.0,0.0,0.0,0.0,0.0,0.0,0.0,0.0,0.0,0.0,0.0,0.0,0.0,0.0,0.0,0.0,0.0,0.0
2024-05-08,0.0805713093802775,0.08455976535540735,0.07235756910200188,0.07235756910200188,0.0033249306908599368,0.07235756910200188,0.07235756910200188,0.07235756910200188,0.0,0.02128729203391954,0.0,0.09025074622943903,0.07235756910200188,0.0845193689045551,0.0,0.08156766940779342,0.07235756910200188,0.04741593428373489
2024-05-09,0.0465252243105676,0.07591856406455413,0.03944804137929276,0.06496331585520954,0.0029851544952059234,0.06496331585520954,0.06496331585520954,0.06496331585520954,0.0586365452641452,0.019111933875945276,0.0586365452641452,0.0586365452641452,0.06496331585520954,0.07588229574558332,0.0586365452641452,0.07323223177718935,0.06496331585520954,0.0425704781638236
2024-05-10,0.0,0.0,0.0,0.0,0.0,0.0,0.0,0.0,0.0,0.0,0.0,0.0,0.0,0.0,0.0,0.0,0.0,0.0
2024-05-13,0.04942323188403624,0.08064745203631977,0.04190521862818843,0.06900981287130818,0.003171096647302453,0.06900981287130818,0.06900981287130818,0.06900981287130818,0.062288954355678196,0.02030239625279277,0.062288954355678196,0.0,0.06900981287130818,0.08060892460168403,0.062288954355678196,0.07779379091972315,0.06900981287130818,0.045222148735069405
2024-05-14,0.046348657337745146,0.07563044700039069,0.03929833288560293,0.06471677484020022,0.0029738255935093413,0.06471677484020022,0.06471677484020022,0.06471677484020022,0.05841401485300851,0.019039402547848226,0.05841401485300851,0.0622090953805912,0.06471677484020022,0.07559431632261097,0.05841401485300851,0.0729543095603803,0.06471677484020022,0.042408919771094185
2024-05-15,0.04634865733774515,0.0756304470003907,0.039298332885602937,0.06471677484020023,0.002973825593509342,0.06471677484020023,0.06471677484020023,0.06471677484020023,0.058414014853008525,0.01903940254784823,0.058414014853008525,0.06220909538059122,0.06471677484020023,0.07559431632261099,0.058414014853008525,0.07295430956038032,0.06471677484020023,0.04240891977109419
2024-05-16,0.04634865733774515,0.0756304470003907,0.039298332885602937,0.06471677484020023,0.002973825593509342,0.06471677484020023,0.06471677484020023,0.06471677484020023,0.058414014853008525,0.01903940254784823,0.058414014853008525,0.06220909538059122,0.06471677484020023,0.07559431632261099,0.058414014853008525,0.07295430956038032,0.06471677484020023,0.04240891977109419
2024-05-17,0.04634865733774515,0.0756304470003907,0.039298332885602937,0.06471677484020023,0.002973825593509342,0.06471677484020023,0.06471677484020023,0.06471677484020023,0.058414014853008525,0.01903940254784823,0.058414014853008525,0.06220909538059122,0.06471677484020023,0.07559431632261099,0.058414014853008525,0.07295430956038032,0.06471677484020023,0.04240891977109419
2024-05-20,0.04529587907022039,0.07391255277133064,0.038405697948835874,0.06324677726077584,0.002906277165224971,0.06324677726077584,0.06324677726077584,0.06324677726077584,0.057087180185329066,0.01860693545213569,0.057087180185329066,0.06079605803666526,0.06324677726077584,0.07387724277735369,0.057087180185329066,0.0712972019754127,0.06324677726077584,0.06415995068217867
2024-05-21,0.0,0.0,0.0,0.0,0.0,0.0,0.0,0.0,0.0,0.0,0.0,0.0,0.0,0.0,0.0,0.0,0.0,0.0
2024-05-22,0.04822794820849322,0.0786970214550229,0.040891755488751104,0.06734083454607658,0.0030944047776775914,0.06734083454607658,0.06734083454607658,0.06734083454607658,0.06078251765638103,0.01981138985984162,0.06078251765638103,0.0,0.06734083454607658,0.0786594257929954,0.06078251765638103,0.07591237514013334,0.06734083454607658,0.06831311903148228
2024-05-23,0.04528416110550027,0.07389343172315747,0.03839576246192506,0.06323041543007919,0.002905525316403664,0.06323041543007919,0.06323041543007919,0.06323041543007919,0.05707241183162639,0.018602121870466604,0.05707241183162639,0.061039028454346216,0.06323041543007919,0.07385813086381422,0.05707241183162639,0.07127875751391774,0.06323041543007919,0.0641433526151145
2024-05-24,0.045284161105500265,0.07389343172315746,0.038395762461925054,0.06323041543007918,0.0029055253164036636,0.06323041543007918,0.06323041543007918,0.06323041543007918,0.057072411831626375,0.0186021218704666,0.057072411831626375,0.0610390284543462,0.06323041543007918,0.07385813086381421,0.057072411831626375,0.07127875751391773,0.06323041543007918,0.06414335261511449
2024-05-27,0.04436550159308684,0.07239438873991214,0.057903397326428005,0.061947688286843224,0.002846582224485636,0.061947688286843224,0.061947688286843224,0.061947688286843224,0.055914609351784654,0.01822474894823083,0.055914609351784654,0.059800756998076514,0.061947688286843224,0.07235980401330581,0.055914609351784654,0.06983275725633059,0.061947688286843224,0.06284210512373044
2024-05-28,0.0,0.0,0.0,0.0,0.0,0.0,0.0,0.0,0.0,0.0,0.0,0.0,0.0,0.0,0.0,0.0,0.0,0.0
2024-05-29,0.0,0.10872573980030953,0.0,0.10872573980030953,0.0029002154466757327,0.10872573980030953,0.0,0.10872573980030953,0.0,0.018568126350538543,0.10872573980030953,0.10872573980030953,0.10872573980030953,0.0,0.10872573980030953,0.0,0.0,0.10872573980030953
2024-05-30,0.02278221595090559,0.06370905532167316,0.06370905532167316,0.06370905532167316,0.002915563651870217,0.06370905532167316,0.06370905532167316,0.06370905532167316,0.06370905532167316,0.018666390572126573,0.06370905532167316,0.06370905532167316,0.06370905532167316,0.06370905532167316,0.06370905532167316,0.06370905532167316,0.06370905532167316,0.06370905532167316
2024-05-31,0.022782215950905592,0.06370905532167317,0.06370905532167317,0.06370905532167317,0.0029155636518702174,0.06370905532167317,0.06370905532167317,0.06370905532167317,0.06370905532167317,0.018666390572126577,0.06370905532167317,0.06370905532167317,0.06370905532167317,0.06370905532167317,0.06370905532167317,0.06370905532167317,0.06370905532167317,0.06370905532167317
2024-06-03,0.022782215950905592,0.06370905532167317,0.06370905532167317,0.06370905532167317,0.0029155636518702174,0.06370905532167317,0.06370905532167317,0.06370905532167317,0.06370905532167317,0.018666390572126577,0.06370905532167317,0.06370905532167317,0.06370905532167317,0.06370905532167317,0.06370905532167317,0.06370905532167317,0.06370905532167317,0.06370905532167317
2024-06-04,0.022782215950905592,0.06370905532167317,0.06370905532167317,0.06370905532167317,0.0029155636518702174,0.06370905532167317,0.06370905532167317,0.06370905532167317,0.06370905532167317,0.018666390572126577,0.06370905532167317,0.06370905532167317,0.06370905532167317,0.06370905532167317,0.06370905532167317,0.06370905532167317,0.06370905532167317,0.06370905532167317
2024-06-05,0.022000718629482198,0.06152364648385012,0.06152364648385012,0.06152364648385012,0.002815551204034325,0.06152364648385012,0.06152364648385012,0.06152364648385012,0.06152364648385012,0.05232903290873159,0.06152364648385012,0.06152364648385012,0.06152364648385012,0.06152364648385012,0.06152364648385012,0.06152364648385012,0.06152364648385012,0.06152364648385012
2024-06-06,0.022000718629482198,0.06152364648385012,0.06152364648385012,0.06152364648385012,0.002815551204034325,0.06152364648385012,0.06152364648385012,0.06152364648385012,0.06152364648385012,0.05232903290873159,0.06152364648385012,0.06152364648385012,0.06152364648385012,0.06152364648385012,0.06152364648385012,0.06152364648385012,0.06152364648385012,0.06152364648385012
2024-06-07,0.022000718629482198,0.06152364648385012,0.06152364648385012,0.06152364648385012,0.002815551204034325,0.06152364648385012,0.06152364648385012,0.06152364648385012,0.06152364648385012,0.05232903290873159,0.06152364648385012,0.06152364648385012,0.06152364648385012,0.06152364648385012,0.06152364648385012,0.06152364648385012,0.06152364648385012,0.06152364648385012
2024-06-10,0.022000718629482198,0.06152364648385012,0.06152364648385012,0.06152364648385012,0.002815551204034325,0.06152364648385012,0.06152364648385012,0.06152364648385012,0.06152364648385012,0.05232903290873159,0.06152364648385012,0.06152364648385012,0.06152364648385012,0.06152364648385012,0.06152364648385012,0.06152364648385012,0.06152364648385012,0.06152364648385012
2024-06-11,0.022000718629482198,0.06152364648385012,0.06152364648385012,0.06152364648385012,0.002815551204034325,0.06152364648385012,0.06152364648385012,0.06152364648385012,0.06152364648385012,0.05232903290873159,0.06152364648385012,0.06152364648385012,0.06152364648385012,0.06152364648385012,0.06152364648385012,0.06152364648385012,0.06152364648385012,0.06152364648385012
2024-06-12,0.022492804080452178,0.06289973295789615,0.06289973295789615,0.06289973295789615,0.002878526046233782,0.06289973295789615,0.06289973295789615,0.06289973295789615,0.06289973295789615,0.053499465392841866,0.06289973295789615,0.06289973295789615,0.06289973295789615,0.06289973295789615,0.04053294306992596,0.06289973295789615,0.06289973295789615,0.06289973295789615
2024-06-13,0.022492804080452178,0.06289973295789615,0.06289973295789615,0.06289973295789615,0.002878526046233782,0.06289973295789615,0.06289973295789615,0.06289973295789615,0.06289973295789615,0.053499465392841866,0.06289973295789615,0.06289973295789615,0.06289973295789615,0.06289973295789615,0.04053294306992596,0.06289973295789615,0.06289973295789615,0.06289973295789615
2024-06-14,0.022492804080452178,0.06289973295789615,0.06289973295789615,0.06289973295789615,0.002878526046233782,0.06289973295789615,0.06289973295789615,0.06289973295789615,0.06289973295789615,0.053499465392841866,0.06289973295789615,0.06289973295789615,0.06289973295789615,0.06289973295789615,0.04053294306992596,0.06289973295789615,0.06289973295789615,0.06289973295789615
2024-06-17,0.022492804080452178,0.06289973295789615,0.06289973295789615,0.06289973295789615,0.002878526046233782,0.06289973295789615,0.06289973295789615,0.06289973295789615,0.06289973295789615,0.053499465392841866,0.06289973295789615,0.06289973295789615,0.06289973295789615,0.06289973295789615,0.04053294306992596,0.06289973295789615,0.06289973295789615,0.06289973295789615
2024-06-18,0.022492804080452178,0.06289973295789615,0.06289973295789615,0.06289973295789615,0.002878526046233782,0.06289973295789615,0.06289973295789615,0.06289973295789615,0.06289973295789615,0.053499465392841866,0.06289973295789615,0.06289973295789615,0.06289973295789615,0.06289973295789615,0.04053294306992596,0.06289973295789615,0.06289973295789615,0.06289973295789615
2024-06-19,0.022492804080452178,0.06289973295789615,0.06289973295789615,0.06289973295789615,0.002878526046233782,0.06289973295789615,0.06289973295789615,0.06289973295789615,0.06289973295789615,0.053499465392841866,0.06289973295789615,0.06289973295789615,0.06289973295789615,0.06289973295789615,0.04053294306992596,0.06289973295789615,0.06289973295789615,0.06289973295789615
2024-06-20,0.0,0.0,0.0,0.0,0.0,0.0,0.0,0.0,0.0,0.0,0.0,0.0,0.0,0.0,0.0,0.0,0.0,0.0
2024-06-21,0.0,0.10128845238933731,0.0,0.10128845238933731,0.002881872524502765,0.10128845238933731,0.0,0.10128845238933731,0.10128845238933731,0.053561662084990476,0.09266878095964146,0.10128845238933731,0.10128845238933731,0.0,0.04058006531616685,0.0,0.0,0.10128845238933731
2024-06-24,0.0,0.06534950473495146,0.06534950473495146,0.06534950473495146,0.0028024954714380964,0.06534950473495146,0.06534950473495146,0.06534950473495146,0.06534950473495146,0.0520863827805092,0.0561052146831575,0.06534950473495146,0.06534950473495146,0.06534950473495146,0.039462345510525944,0.06534950473495146,0.06534950473495146,0.06534950473495146
2024-06-25,0.0,0.06534950473495148,0.06534950473495148,0.06534950473495148,0.002802495471438097,0.06534950473495148,0.06534950473495148,0.06534950473495148,0.06534950473495148,0.05208638278050921,0.05610521468315752,0.06534950473495148,0.06534950473495148,0.06534950473495148,0.03946234551052595,0.06534950473495148,0.06534950473495148,0.06534950473495148
2024-06-26,0.0,0.06679672508621681,0.06679672508621681,0.06679672508621681,0.0028645591167104525,0.06679672508621681,0.06679672508621681,0.06679672508621681,0.06679672508621681,0.031094029683946547,0.05734771237049117,0.06679672508621681,0.06679672508621681,0.06679672508621681,0.04033627270803312,0.06679672508621681,0.06679672508621681,0.06679672508621681
2024-06-27,0.0,0.06679672508621683,0.06679672508621683,0.06679672508621683,0.002864559116710453,0.06679672508621683,0.06679672508621683,0.06679672508621683,0.06679672508621683,0.03109402968394655,0.057347712370491175,0.06679672508621683,0.06679672508621683,0.06679672508621683,0.040336272708033125,0.06679672508621683,0.06679672508621683,0.06679672508621683
2024-06-28,0.0,0.06679672508621683,0.06679672508621683,0.06679672508621683,0.002864559116710453,0.06679672508621683,0.06679672508621683,0.06679672508621683,0.06679672508621683,0.03109402968394655,0.057347712370491175,0.06679672508621683,0.06679672508621683,0.06679672508621683,0.040336272708033125,0.06679672508621683,0.06679672508621683,0.06679672508621683
2024-07-01,0.0,0.06822154300345787,0.06822154300345787,0.06822154300345787,0.0029256620397836593,0.06822154300345787,0.06822154300345787,0.06822154300345787,0.06822154300345787,0.03175728571267742,0.0585709766546727,0.06822154300345787,0.06822154300345787,0.06822154300345787,0.019866016547914027,0.06822154300345787,0.06822154300345787,0.06822154300345787
2024-07-02,0.0,0.06822154300345787,0.06822154300345787,0.06822154300345787,0.0029256620397836593,0.06822154300345787,0.06822154300345787,0.06822154300345787,0.06822154300345787,0.03175728571267742,0.0585709766546727,0.06822154300345787,0.06822154300345787,0.06822154300345787,0.019866016547914027,0.06822154300345787,0.06822154300345787,0.06822154300345787
2024-07-03,0.0,0.06822154300345787,0.06822154300345787,0.06822154300345787,0.0029256620397836593,0.06822154300345787,0.06822154300345787,0.06822154300345787,0.06822154300345787,0.03175728571267742,0.0585709766546727,0.06822154300345787,0.06822154300345787,0.06822154300345787,0.019866016547914027,0.06822154300345787,0.06822154300345787,0.06822154300345787
2024-07-04,0.0,0.06822154300345787,0.06822154300345787,0.06822154300345787,0.0029256620397836593,0.06822154300345787,0.06822154300345787,0.06822154300345787,0.06822154300345787,0.03175728571267742,0.0585709766546727,0.06822154300345787,0.06822154300345787,0.06822154300345787,0.019866016547914027,0.06822154300345787,0.06822154300345787,0.06822154300345787
2024-07-05,0.0,0.0,0.0,0.0,0.0,0.0,0.0,0.0,0.0,0.0,0.0,0.0,0.0,0.0,0.0,0.0,0.0,0.0
2024-07-08,0.0,0.10668257750829951,0.0,0.10668257750829951,0.0029215459320964267,0.10668257750829951,0.0,0.10668257750829951,0.10668257750829951,0.03171260645510423,0.09605121358986028,0.1026985243732618,0.10668257750829951,0.0,0.01983806709158051,0.0,0.0,0.10668257750829951
2024-07-09,0.0,0.06807827794215286,0.06807827794215286,0.06807827794215286,0.002869474507772672,0.06807827794215286,0.06807827794215286,0.06807827794215286,0.06807827794215286,0.03114738495062799,0.06807827794215286,0.061481038900877465,0.06807827794215286,0.06807827794215286,0.019484488392734742,0.06807827794215286,0.06807827794215286,0.06807827794215286
2024-07-10,0.0,0.06807827794215286,0.06807827794215286,0.06807827794215286,0.002869474507772672,0.06807827794215286,0.06807827794215286,0.06807827794215286,0.06807827794215286,0.03114738495062799,0.06807827794215286,0.061481038900877465,0.06807827794215286,0.06807827794215286,0.019484488392734742,0.06807827794215286,0.06807827794215286,0.06807827794215286
2024-07-11,0.0,0.06807827794215286,0.06807827794215286,0.06807827794215286,0.002869474507772672,0.06807827794215286,0.06807827794215286,0.06807827794215286,0.06807827794215286,0.03114738495062799,0.06807827794215286,0.061481038900877465,0.06807827794215286,0.06807827794215286,0.019484488392734742,0.06807827794215286,0.06807827794215286,0.06807827794215286
2024-07-12,0.0,0.06807827794215286,0.06807827794215286,0.06807827794215286,0.002869474507772672,0.06807827794215286,0.06807827794215286,0.06807827794215286,0.06807827794215286,0.03114738495062799,0.06807827794215286,0.061481038900877465,0.06807827794215286,0.06807827794215286,0.019484488392734742,0.06807827794215286,0.06807827794215286,0.06807827794215286
2024-07-15,0.0,0.06807827794215286,0.06807827794215286,0.06807827794215286,0.002869474507772672,0.06807827794215286,0.06807827794215286,0.06807827794215286,0.06807827794215286,0.03114738495062799,0.06807827794215286,0.061481038900877465,0.06807827794215286,0.06807827794215286,0.019484488392734742,0.06807827794215286,0.06807827794215286,0.06807827794215286
2024-07-16,0.0,0.0,0.0,0.0,0.0,0.0,0.0,0.0,0.0,0.0,0.0,0.0,0.0,0.0,0.0,0.0,0.0,0.0
2024-07-17,0.0,0.07074839974533288,0.07074839974533288,0.07074839974533288,0.0029820191648714228,0.07074839974533288,0.07074839974533288,0.07074839974533288,0.07074839974533288,0.06389607950792012,0.0,0.06389240809841919,0.07074839974533288,0.07074839974533288,0.020248696284794764,0.07074839974533288,0.07074839974533288,0.07074839974533288
2024-07-18,0.0,0.06769341897437901,0.06769341897437901,0.06769341897437901,0.002853252843087599,0.06769341897437901,0.06769341897437901,0.06769341897437901,0.06769341897437901,0.061136988207782086,0.06439906967783599,0.03991532256577109,0.06769341897437901,0.06769341897437901,0.019374339012975146,0.06769341897437901,0.06769341897437901,0.06769341897437901
2024-07-19,0.0,0.06769341897437901,0.06769341897437901,0.06769341897437901,0.002853252843087599,0.06769341897437901,0.06769341897437901,0.06769341897437901,0.06769341897437901,0.061136988207782086,0.06439906967783599,0.03991532256577109,0.06769341897437901,0.06769341897437901,0.019374339012975146,0.06769341897437901,0.06769341897437901,0.06769341897437901
2024-07-22,0.0,0.06769341897437901,0.06769341897437901,0.06769341897437901,0.002853252843087599,0.06769341897437901,0.06769341897437901,0.06769341897437901,0.06769341897437901,0.061136988207782086,0.06439906967783599,0.03991532256577109,0.06769341897437901,0.06769341897437901,0.019374339012975146,0.06769341897437901,0.06769341897437901,0.06769341897437901
2024-07-23,0.0,0.06769341897437901,0.06769341897437901,0.06769341897437901,0.002853252843087599,0.06769341897437901,0.06769341897437901,0.06769341897437901,0.06769341897437901,0.061136988207782086,0.06439906967783599,0.03991532256577109,0.06769341897437901,0.06769341897437901,0.019374339012975146,0.06769341897437901,0.06769341897437901,0.06769341897437901
2024-07-24,0.0,0.06769341897437901,0.06769341897437901,0.06769341897437901,0.002853252843087599,0.06769341897437901,0.06769341897437901,0.06769341897437901,0.06769341897437901,0.061136988207782086,0.06439906967783599,0.03991532256577109,0.06769341897437901,0.06769341897437901,0.019374339012975146,0.06769341897437901,0.06769341897437901,0.06769341897437901
2024-07-25,0.0,0.06769341897437901,0.06769341897437901,0.06769341897437901,0.002853252843087599,0.06769341897437901,0.06769341897437901,0.06769341897437901,0.06769341897437901,0.061136988207782086,0.06439906967783599,0.03991532256577109,0.06769341897437901,0.06769341897437901,0.019374339012975146,0.06769341897437901,0.06769341897437901,0.06769341897437901
2024-07-26,0.0,0.06769341897437901,0.06769341897437901,0.06769341897437901,0.002853252843087599,0.06769341897437901,0.06769341897437901,0.06769341897437901,0.06769341897437901,0.061136988207782086,0.06439906967783599,0.03991532256577109,0.06769341897437901,0.06769341897437901,0.019374339012975146,0.06769341897437901,0.06769341897437901,0.06769341897437901
2024-07-29,0.0,0.06769341897437901,0.06769341897437901,0.06769341897437901,0.002853252843087599,0.06769341897437901,0.06769341897437901,0.06769341897437901,0.06769341897437901,0.061136988207782086,0.06439906967783599,0.03991532256577109,0.06769341897437901,0.06769341897437901,0.019374339012975146,0.06769341897437901,0.06769341897437901,0.06769341897437901
2024-07-30,0.0,0.06769341897437901,0.06769341897437901,0.06769341897437901,0.002853252843087599,0.06769341897437901,0.06769341897437901,0.06769341897437901,0.06769341897437901,0.061136988207782086,0.06439906967783599,0.03991532256577109,0.06769341897437901,0.06769341897437901,0.019374339012975146,0.06769341897437901,0.06769341897437901,0.06769341897437901
2024-07-31,0.0,0.06769341897437901,0.06769341897437901,0.06769341897437901,0.002853252843087599,0.06769341897437901,0.06769341897437901,0.06769341897437901,0.06769341897437901,0.061136988207782086,0.06439906967783599,0.03991532256577109,0.06769341897437901,0.06769341897437901,0.019374339012975146,0.06769341897437901,0.06769341897437901,0.06769341897437901
2024-08-01,0.0,0.06769341897437901,0.06769341897437901,0.06769341897437901,0.002853252843087599,0.06769341897437901,0.06769341897437901,0.06769341897437901,0.06769341897437901,0.061136988207782086,0.06439906967783599,0.03991532256577109,0.06769341897437901,0.06769341897437901,0.019374339012975146,0.06769341897437901,0.06769341897437901,0.06769341897437901
2024-08-02,0.0,0.0,0.0,0.0,0.0,0.0,0.0,0.0,0.0,0.0,0.0,0.0,0.0,0.0,0.0,0.0,0.0,0.0
2024-08-05,0.0,0.07050775891485508,0.07050775891485508,0.07050775891485508,0.0029718762419089465,0.07050775891485508,0.07050775891485508,0.07050775891485508,0.07050775891485508,0.06367874589058871,0.06707644772535981,0.0,0.07050775891485508,0.07050775891485508,0.020179823163881703,0.07050775891485508,0.07050775891485508,0.07050775891485508
2024-08-06,0.0,0.06958290284244441,0.06958290284244441,0.06958290284244441,0.0476566755360322,0.06958290284244441,0.06958290284244441,0.06958290284244441,0.06958290284244441,0.06284346654365149,0.034589901047178545,0.0,0.06958290284244441,0.06958290284244441,0.019915122763804777,0.06958290284244441,0.06958290284244441,0.06958290284244441
2024-08-07,0.0,0.06817265305757123,0.06817265305757123,0.06817265305757123,0.06695799688923529,0.06817265305757123,0.06817265305757123,0.06817265305757123,0.06817265305757123,0.06156980618236214,0.03388886101409713,0.0,0.06817265305757123,0.06817265305757123,0.019511499223450735,0.06817265305757123,0.06817265305757123,0.06817265305757123
2024-08-08,0.0,0.06817265305757123,0.06817265305757123,0.06817265305757123,0.06695799688923529,0.06817265305757123,0.06817265305757123,0.06817265305757123,0.06817265305757123,0.06156980618236214,0.03388886101409713,0.0,0.06817265305757123,0.06817265305757123,0.019511499223450735,0.06817265305757123,0.06817265305757123,0.06817265305757123
2024-08-09,0.0,0.06817265305757123,0.06817265305757123,0.06817265305757123,0.06695799688923529,0.06817265305757123,0.06817265305757123,0.06817265305757123,0.06817265305757123,0.06156980618236214,0.03388886101409713,0.0,0.06817265305757123,0.06817265305757123,0.019511499223450735,0.06817265305757123,0.06817265305757123,0.06817265305757123
2024-08-12,0.0,0.06817265305757123,0.06817265305757123,0.06817265305757123,0.06695799688923529,0.06817265305757123,0.06817265305757123,0.06817265305757123,0.06817265305757123,0.06156980618236214,0.03388886101409713,0.0,0.06817265305757123,0.06817265305757123,0.019511499223450735,0.06817265305757123,0.06817265305757123,0.06817265305757123
2024-08-13,0.0,0.0,0.0,0.0,0.0,0.0,0.0,0.0,0.0,0.0,0.0,0.0,0.0,0.0,0.0,0.0,0.0,0.0
2024-08-14,0.0,0.07056398617774964,0.07056398617774964,0.07056398617774964,0.06930672278504006,0.07056398617774964,0.07056398617774964,0.07056398617774964,0.07056398617774964,0.06372952727466745,0.0,0.0,0.07056398617774964,0.07056398617774964,0.020195915807296617,0.07056398617774964,0.07056398617774964,0.07056398617774964
2024-08-15,0.0,0.0722989195270946,0.04772748039479844,0.0722989195270946,0.07101074421589691,0.0722989195270946,0.04988284198189663,0.0722989195270946,0.0722989195270946,0.06529642404731141,0.02240084799108141,0.0,0.0722989195270946,0.0722989195270946,0.02069246609806931,0.0722989195270946,0.0722989195270946,0.0722989195270946
2024-08-16,0.0,0.0722989195270946,0.04772748039479844,0.0722989195270946,0.07101074421589691,0.0722989195270946,0.04988284198189663,0.0722989195270946,0.0722989195270946,0.06529642404731141,0.02240084799108141,0.0,0.0722989195270946,0.0722989195270946,0.02069246609806931,0.0722989195270946,0.0722989195270946,0.0722989195270946
2024-08-19,0.0,0.0722989195270946,0.04772748039479844,0.0722989195270946,0.07101074421589691,0.0722989195270946,0.04988284198189663,0.0722989195270946,0.0722989195270946,0.06529642404731141,0.02240084799108141,0.0,0.0722989195270946,0.0722989195270946,0.02069246609806931,0.0722989195270946,0.0722989195270946,0.0722989195270946
2024-08-20,0.0,0.0722989195270946,0.04772748039479844,0.0722989195270946,0.07101074421589691,0.0722989195270946,0.04988284198189663,0.0722989195270946,0.0722989195270946,0.06529642404731141,0.02240084799108141,0.0,0.0722989195270946,0.0722989195270946,0.02069246609806931,0.0722989195270946,0.0722989195270946,0.0722989195270946
2024-08-21,0.0,0.0722989195270946,0.04772748039479844,0.0722989195270946,0.07101074421589691,0.0722989195270946,0.04988284198189663,0.0722989195270946,0.0722989195270946,0.06529642404731141,0.02240084799108141,0.0,0.0722989195270946,0.0722989195270946,0.02069246609806931,0.0722989195270946,0.0722989195270946,0.0722989195270946
2024-08-22,0.0,0.0722989195270946,0.04772748039479844,0.0722989195270946,0.07101074421589691,0.0722989195270946,0.04988284198189663,0.0722989195270946,0.0722989195270946,0.06529642404731141,0.02240084799108141,0.0,0.0722989195270946,0.0722989195270946,0.02069246609806931,0.0722989195270946,0.0722989195270946,0.0722989195270946
2024-08-23,0.0,0.0722989195270946,0.04772748039479844,0.0722989195270946,0.07101074421589691,0.0722989195270946,0.04988284198189663,0.0722989195270946,0.0722989195270946,0.06529642404731141,0.02240084799108141,0.0,0.0722989195270946,0.0722989195270946,0.02069246609806931,0.0722989195270946,0.0722989195270946,0.0722989195270946
2024-08-26,0.0,0.0722989195270946,0.04772748039479844,0.0722989195270946,0.07101074421589691,0.0722989195270946,0.04988284198189663,0.0722989195270946,0.0722989195270946,0.06529642404731141,0.02240084799108141,0.0,0.0722989195270946,0.0722989195270946,0.02069246609806931,0.0722989195270946,0.0722989195270946,0.0722989195270946
2024-08-27,0.0,0.0,0.0,0.0,0.0,0.0,0.0,0.0,0.0,0.0,0.0,0.0,0.0,0.0,0.0,0.0,0.0,0.0
2024-08-28,0.0,0.0779334217119155,0.051447046251653444,0.0779334217119155,0.07654485449095137,0.0779334217119155,0.053770382542260624,0.0779334217119155,0.0,0.07038519779887059,0.024146622724274872,0.0,0.0779334217119155,0.0779334217119155,0.02230510078474966,0.0779334217119155,0.0779334217119155,0.0779334217119155
2024-08-29,0.0,0.07746378961182719,0.026762484966792392,0.07746378961182719,0.07608358999138375,0.07746378961182719,0.02724959591532484,0.07746378961182719,0.0773196760670934,0.06996105180949515,0.024001113533340588,0.0,0.07746378961182719,0.07746378961182719,0.001448381210125183,0.07746378961182719,0.07746378961182719,0.07746378961182719
2024-08-30,0.0,0.07746378961182719,0.026762484966792392,0.07746378961182719,0.07608358999138375,0.07746378961182719,0.02724959591532484,0.07746378961182719,0.0773196760670934,0.06996105180949515,0.024001113533340588,0.0,0.07746378961182719,0.07746378961182719,0.001448381210125183,0.07746378961182719,0.07746378961182719,0.07746378961182719
2024-09-02,0.0,0.07746378961182719,0.026762484966792392,0.07746378961182719,0.07608358999138375,0.07746378961182719,0.02724959591532484,0.07746378961182719,0.0773196760670934,0.06996105180949515,0.024001113533340588,0.0,0.07746378961182719,0.07746378961182719,0.001448381210125183,0.07746378961182719,0.07746378961182719,0.07746378961182719
2024-09-03,0.0,0.0,0.0,0.0,0.0,0.0,0.0,0.0,0.0,0.0,0.0,0.0,0.0,0.0,0.0,0.0,0.0,0.0
2024-09-04,0.0,0.10943208103625876,0.0,0.10943208103625876,0.10943208103625876,0.10943208103625876,0.0,0.09900737073222673,0.10943208103625876,0.10943208103625876,0.02408267766449238,0.0,0.10943208103625876,0.0,0.0014533033132107893,0.0,0.0,0.10943208103625876
2024-09-05,0.0,0.08102216000038098,0.021487959602248467,0.08102216000038098,0.08102216000038098,0.08102216000038098,0.021378635509909087,0.06707439962290147,0.08102216000038098,0.08102216000038098,0.02395373060257638,0.0,0.08102216000038098,0.08102216000038098,0.0014455218200179613,0.05443815283853668,0.08102216000038098,0.08102216000038098
2024-09-06,0.0,0.081022160000381,0.02148795960224847,0.081022160000381,0.081022160000381,0.081022160000381,0.02137863550990909,0.06707439962290149,0.081022160000381,0.081022160000381,0.023953730602576384,0.0,0.081022160000381,0.081022160000381,0.0014455218200179615,0.05443815283853669,0.081022160000381,0.081022160000381
2024-09-09,0.0,0.08102216000038098,0.021487959602248467,0.08102216000038098,0.08102216000038098,0.08102216000038098,0.021378635509909087,0.06707439962290147,0.08102216000038098,0.08102216000038098,0.023953730602576377,0.0,0.08102216000038098,0.08102216000038098,0.0014455218200179613,0.054438152838536674,0.08102216000038098,0.08102216000038098
2024-09-10,0.0,0.081022160000381,0.02148795960224847,0.081022160000381,0.081022160000381,0.081022160000381,0.02137863550990909,0.06707439962290149,0.081022160000381,0.081022160000381,0.02395373060257638,0.0,0.081022160000381,0.081022160000381,0.0014455218200179615,0.05443815283853668,0.081022160000381,0.081022160000381
2024-09-11,0.0,0.08102216000038098,0.021487959602248467,0.08102216000038098,0.08102216000038098,0.08102216000038098,0.021378635509909087,0.06707439962290147,0.08102216000038098,0.08102216000038098,0.023953730602576374,0.0,0.08102216000038098,0.08102216000038098,0.0014455218200179613,0.05443815283853667,0.08102216000038098,0.08102216000038098
2024-09-12,0.0,0.081022160000381,0.02148795960224847,0.081022160000381,0.081022160000381,0.081022160000381,0.02137863550990909,0.06707439962290149,0.081022160000381,0.081022160000381,0.023953730602576377,0.0,0.081022160000381,0.081022160000381,0.0014455218200179615,0.054438152838536674,0.081022160000381,0.081022160000381
2024-09-13,0.0,0.08276834200483577,0.02195106609520942,0.08276834200483577,0.08276834200483577,0.061216435656664334,0.02183938586027034,0.06851998080193408,0.08276834200483577,0.08276834200483577,0.024469979161212428,0.0,0.08276834200483577,0.08276834200483577,0.0014766755709072269,0.05561139881028025,0.08276834200483577,0.08276834200483577
2024-09-16,0.0,0.08473851649631375,0.022473577836220275,0.08473851649631375,0.08473851649631375,0.06267359979779111,0.022359239223153166,0.04634751571814371,0.08473851649631375,0.08473851649631375,0.02505244979651405,0.0,0.08473851649631375,0.08473851649631375,0.0015118255868616377,0.05693514357449242,0.08473851649631375,0.08473851649631375
2024-09-17,0.0,0.0,0.0,0.0,0.0,0.0,0.0,0.0,0.0,0.0,0.0,0.0,0.0,0.0,0.0,0.0,0.0,0.0
2024-09-18,0.0,0.08691597458614832,0.023051063445956352,0.08691597458614832,0.08691597458614832,0.06428407331728787,0.022933786764720274,0.04753847087309496,0.08691597458614832,0.08691597458614832,0.0,0.0,0.08691597458614832,0.08691597458614832,0.0015506737634717858,0.05839816056013393,0.08691597458614832,0.08691597458614832
2024-09-19,0.0,0.08691597458614832,0.023051063445956352,0.08691597458614832,0.08691597458614832,0.06428407331728787,0.022933786764720274,0.04753847087309496,0.08691597458614832,0.08691597458614832,0.0,0.0,0.08691597458614832,0.08691597458614832,0.0015506737634717858,0.05839816056013393,0.08691597458614832,0.08691597458614832
2024-09-20,0.0,0.08691597458614832,0.023051063445956352,0.08691597458614832,0.08691597458614832,0.06428407331728787,0.022933786764720274,0.04753847087309496,0.08691597458614832,0.08691597458614832,0.0,0.0,0.08691597458614832,0.08691597458614832,0.0015506737634717858,0.05839816056013393,0.08691597458614832,0.08691597458614832
2024-09-23,0.0,0.08696696335706483,0.023064586223547286,0.08696696335706483,0.08696696335706483,0.042963617373156085,0.022947240742601353,0.047566359051448945,0.08696696335706483,0.08696696335706483,0.0,0.0,0.08696696335706483,0.08696696335706483,0.00155158345757196,0.07920394293809094,0.08696696335706483,0.08696696335706483
2024-09-24,0.0,0.0,0.0,0.0,0.0,0.0,0.0,0.0,0.0,0.0,0.0,0.0,0.0,0.0,0.0,0.0,0.0,0.0
2024-09-25,0.0,0.08696696335706483,0.023064586223547286,0.08696696335706483,0.08696696335706483,0.042963617373156085,0.022947240742601353,0.047566359051448945,0.08696696335706483,0.08696696335706483,0.0,0.0,0.08696696335706483,0.08696696335706483,0.00155158345757196,0.07920394293809094,0.08696696335706483,0.08696696335706483
2024-09-26,0.0,0.08696696335706483,0.023064586223547286,0.08696696335706483,0.08696696335706483,0.042963617373156085,0.022947240742601353,0.047566359051448945,0.08696696335706483,0.08696696335706483,0.0,0.0,0.08696696335706483,0.08696696335706483,0.00155158345757196,0.07920394293809094,0.08696696335706483,0.08696696335706483
2024-09-27,0.0,0.08696696335706483,0.023064586223547286,0.08696696335706483,0.08696696335706483,0.042963617373156085,0.022947240742601353,0.047566359051448945,0.08696696335706483,0.08696696335706483,0.0,0.0,0.08696696335706483,0.08696696335706483,0.00155158345757196,0.07920394293809094,0.08696696335706483,0.08696696335706483
2024-09-30,0.0,0.08632816055834784,0.022895168761305235,0.08632816055834784,0.08632816055834784,0.0426480345591593,0.02277868522400723,0.025624752438156637,0.08632816055834784,0.08632816055834784,0.0,0.028937565215780534,0.08632816055834784,0.08632816055834784,0.0015401865337645768,0.07862216224269584,0.08632816055834784,0.08632816055834784
2024-10-01,0.0,0.08632816055834786,0.022895168761305238,0.08632816055834786,0.08632816055834786,0.042648034559159304,0.022778685224007233,0.02562475243815664,0.08632816055834786,0.08632816055834786,0.0,0.028937565215780538,0.08632816055834786,0.08632816055834786,0.001540186533764577,0.07862216224269586,0.08632816055834786,0.08632816055834786
2024-10-02,0.0,0.08632816055834784,0.022895168761305235,0.08632816055834784,0.08632816055834784,0.0426480345591593,0.02277868522400723,0.025624752438156633,0.08632816055834784,0.08632816055834784,0.0,0.02893756521578053,0.08632816055834784,0.08632816055834784,0.0015401865337645766,0.07862216224269584,0.08632816055834784,0.08632816055834784
2024-10-03,0.0,0.08632816055834786,0.022895168761305238,0.08632816055834786,0.08632816055834786,0.042648034559159304,0.022778685224007233,0.025624752438156637,0.08632816055834786,0.08632816055834786,0.0,0.028937565215780534,0.08632816055834786,0.08632816055834786,0.0015401865337645768,0.07862216224269586,0.08632816055834786,0.08632816055834786
2024-10-04,0.0,0.0881414151325771,0.023376063630553934,0.0881414151325771,0.0881414151325771,0.04354382271503012,0.023257133448899535,0.026162980048607978,0.0881414151325771,0.0881414151325771,0.0,0.029545375832330235,0.06713720790168508,0.0881414151325771,0.001572536930893997,0.08027355843138224,0.0881414151325771,0.0881414151325771
2024-10-07,0.0,0.09001688493683087,0.02387345865666595,0.09001688493683087,0.09001688493683087,0.023192383191489467,0.02375199788296045,0.02671967498023181,0.09001688493683087,0.09001688493683087,0.0,0.030174041257607528,0.06856575095346301,0.09001688493683087,0.0016059973141375548,0.08198161626879735,0.09001688493683087,0.09001688493683087
2024-10-08,0.0,0.09001688493683087,0.02387345865666595,0.09001688493683087,0.09001688493683087,0.023192383191489467,0.02375199788296045,0.02671967498023181,0.09001688493683087,0.09001688493683087,0.0,0.030174041257607528,0.06856575095346301,0.09001688493683087,0.0016059973141375548,0.08198161626879735,0.09001688493683087,0.09001688493683087
2024-10-09,0.0,0.09001688493683087,0.02387345865666595,0.09001688493683087,0.09001688493683087,0.023192383191489467,0.02375199788296045,0.02671967498023181,0.09001688493683087,0.09001688493683087,0.0,0.030174041257607528,0.06856575095346301,0.09001688493683087,0.0016059973141375548,0.08198161626879735,0.09001688493683087,0.09001688493683087
2024-10-10,0.0,0.09001688493683087,0.02387345865666595,0.09001688493683087,0.09001688493683087,0.023192383191489467,0.02375199788296045,0.02671967498023181,0.09001688493683087,0.09001688493683087,0.0,0.030174041257607528,0.06856575095346301,0.09001688493683087,0.0016059973141375548,0.08198161626879735,0.09001688493683087,0.09001688493683087
2024-10-11,0.0,0.09001688493683087,0.02387345865666595,0.09001688493683087,0.09001688493683087,0.023192383191489467,0.02375199788296045,0.02671967498023181,0.09001688493683087,0.09001688493683087,0.0,0.030174041257607528,0.06856575095346301,0.09001688493683087,0.0016059973141375548,0.08198161626879735,0.09001688493683087,0.09001688493683087
2024-10-14,0.0,0.09212493444988046,0.02443253635560333,0.09212493444988046,0.09212493444988046,0.02373551120716772,0.024308231167485532,0.02734540645128247,0.09212493444988046,0.09212493444988046,0.0,0.030880668386778623,0.04675307084885641,0.09212493444988046,0.0016436071676489532,0.08390149281613325,0.09212493444988046,0.09212493444988046
2024-10-15,0.0,0.0,0.0,0.0,0.0,0.0,0.0,0.0,0.0,0.0,0.0,0.0,0.0,0.0,0.0,0.0,0.0,0.0
2024-10-16,0.0,0.09212493444988047,0.024432536355603333,0.09212493444988047,0.09212493444988047,0.023735511207167725,0.024308231167485535,0.027345406451282472,0.09212493444988047,0.09212493444988047,0.0,0.030880668386778626,0.046753070848856416,0.09212493444988047,0.0016436071676489534,0.08390149281613327,0.09212493444988047,0.09212493444988047
2024-10-17,0.0,0.09402453391086782,0.0043165119680483935,0.09402453391086782,0.09402453391086782,0.02422493314884546,0.024809462491003412,0.027909263779002973,0.09402453391086782,0.09402453391086782,0.0,0.03151742217523714,0.04771711070098036,0.09402453391086782,0.0016774980497253958,0.08563152640021433,0.09402453391086782,0.09402453391086782
2024-10-18,0.0,0.09596691251957058,0.004405683380680916,0.09596691251957058,0.09596691251957058,0.024725376915896487,0.004663771141313128,0.02848581922356777,0.09596691251957058,0.09596691251957058,0.0,0.0321685157152771,0.04870286081575942,0.09596691251957058,0.001712152157460894,0.08740052049347957,0.09596691251957058,0.09596691251957058
2024-10-21,0.0,0.0959669125195706,0.004405683380680917,0.0959669125195706,0.0959669125195706,0.02472537691589649,0.0046637711413131284,0.028485819223567774,0.0959669125195706,0.0959669125195706,0.0,0.03216851571527711,0.048702860815759426,0.0959669125195706,0.0017121521574608941,0.08740052049347959,0.0959669125195706,0.0959669125195706
2024-10-22,0.0,0.09596691251957057,0.004405683380680916,0.09596691251957057,0.09596691251957057,0.024725376915896484,0.004663771141313128,0.028485819223567767,0.09596691251957057,0.09596691251957057,0.0,0.0321685157152771,0.04870286081575941,0.09596691251957057,0.0017121521574608937,0.08740052049347957,0.09596691251957057,0.09596691251957057
2024-10-23,0.0,0.0959669125195706,0.004405683380680917,0.0959669125195706,0.0959669125195706,0.02472537691589649,0.0046637711413131284,0.028485819223567774,0.0959669125195706,0.0959669125195706,0.0,0.03216851571527711,0.048702860815759426,0.0959669125195706,0.0017121521574608941,0.08740052049347959,0.0959669125195706,0.0959669125195706
2024-10-24,0.0,0.09596691251957057,0.004405683380680916,0.09596691251957057,0.09596691251957057,0.024725376915896484,0.004663771141313128,0.028485819223567767,0.09596691251957057,0.09596691251957057,0.0,0.0321685157152771,0.04870286081575941,0.09596691251957057,0.0017121521574608937,0.08740052049347957,0.09596691251957057,0.09596691251957057
2024-10-25,0.0,0.10007333276281169,0.0045942023915019605,0.10007333276281169,0.10007333276281169,0.025783374778112784,0.0048633337168062845,0.008245062993445632,0.10007333276281169,0.10007333276281169,0.0,0.012214709537014222,0.050786854228768344,0.10007333276281169,0.001785415077922908,0.09114038517393436,0.10007333276281169,0.10007333276281169
2024-10-28,0.0,0.10007333276281169,0.0045942023915019605,0.10007333276281169,0.10007333276281169,0.025783374778112784,0.0048633337168062845,0.008245062993445632,0.10007333276281169,0.10007333276281169,0.0,0.012214709537014222,0.050786854228768344,0.10007333276281169,0.001785415077922908,0.09114038517393436,0.10007333276281169,0.10007333276281169
2024-10-29,0.0,0.09670476905528519,0.00443955716271034,0.09670476905528519,0.09670476905528519,0.024915481822644227,0.004699629271238829,0.00796752631909684,0.09670476905528519,0.09670476905528519,0.0,0.011803550778647635,0.08273827290621512,0.09670476905528519,0.0017253163056694001,0.08807251299149625,0.09670476905528519,0.09670476905528519
2024-10-30,0.0,0.09670476905528516,0.004439557162710339,0.09670476905528516,0.09670476905528516,0.02491548182264422,0.004699629271238828,0.007967526319096838,0.09670476905528516,0.09670476905528516,0.0,0.011803550778647632,0.0827382729062151,0.09670476905528516,0.0017253163056693997,0.08807251299149624,0.09670476905528516,0.09670476905528516
2024-10-31,0.0,0.09670476905528518,0.00443955716271034,0.09670476905528518,0.09670476905528518,0.024915481822644223,0.004699629271238829,0.00796752631909684,0.09670476905528518,0.09670476905528518,0.0,0.011803550778647634,0.08273827290621512,0.09670476905528518,0.0017253163056694,0.08807251299149625,0.09670476905528518,0.09670476905528518
2024-11-01,0.0,0.09670476905528519,0.004439557162710341,0.09670476905528519,0.09670476905528519,0.024915481822644227,0.0046996292712388294,0.007967526319096842,0.09670476905528519,0.09670476905528519,0.0,0.011803550778647635,0.08273827290621513,0.09670476905528519,0.0017253163056694001,0.08807251299149627,0.09670476905528519,0.09670476905528519
2024-11-04,0.0,0.09670476905528516,0.00443955716271034,0.09670476905528516,0.09670476905528516,0.02491548182264422,0.004699629271238829,0.00796752631909684,0.09670476905528516,0.09670476905528516,0.0,0.011803550778647632,0.08273827290621512,0.09670476905528516,0.0017253163056693997,0.08807251299149625,0.09670476905528516,0.09670476905528516
2024-11-05,0.0,0.0,0.0,0.0,0.0,0.0,0.0,0.0,0.0,0.0,0.0,0.0,0.0,0.0,0.0,0.0,0.0,0.0
2024-11-06,0.0,0.09670476905528518,0.004439557162710341,0.09670476905528518,0.09670476905528518,0.024915481822644223,0.0046996292712388294,0.007967526319096842,0.09670476905528518,0.09670476905528518,0.0,0.011803550778647634,0.08273827290621513,0.09670476905528518,0.0017253163056694,0.08807251299149627,0.09670476905528518,0.09670476905528518
2024-11-07,0.0,0.09670476905528518,0.004439557162710341,0.09670476905528518,0.09670476905528518,0.024915481822644223,0.0046996292712388294,0.007967526319096842,0.09670476905528518,0.09670476905528518,0.0,0.011803550778647634,0.08273827290621513,0.09670476905528518,0.0017253163056694,0.08807251299149627,0.09670476905528518,0.09670476905528518
2024-11-08,0.0,0.09396782654675717,0.0326159513822404,0.09396782654675717,0.09396782654675717,0.02421032279080923,0.004566620162666091,0.007742029048552872,0.09396782654675717,0.09396782654675717,0.0,0.011469486179835753,0.08039661076885196,0.09396782654675717,0.0016764863298184313,0.0855798809631678,0.09396782654675717,0.09396782654675717
2024-11-11,0.0,0.09186366767724949,0.05427793720146603,0.09186366767724949,0.09186366767724949,0.023668197179246033,0.004464362882998511,0.0075686669554923,0.09186366767724949,0.09186366767724949,0.0,0.01121265762520287,0.07859634308315146,0.09186366767724949,0.0016389458895408162,0.08366354776490596,0.09186366767724949,0.09186366767724949
2024-11-12,0.0,0.0918636676772495,0.05427793720146604,0.0918636676772495,0.0918636676772495,0.023668197179246037,0.0044643628829985115,0.007568666955492301,0.0918636676772495,0.0918636676772495,0.0,0.011212657625202871,0.07859634308315147,0.0918636676772495,0.0016389458895408164,0.08366354776490598,0.0918636676772495,0.0918636676772495
2024-11-13,0.0,0.08914138133345842,0.08230344850179462,0.08914138133345842,0.08914138133345842,0.022966814232185967,0.004332066030310096,0.0073443772094522325,0.08914138133345842,0.08914138133345842,0.0,0.010880381922495934,0.07626722040759157,0.08914138133345842,0.0015903773953132073,0.0811842636331891,0.08914138133345842,0.08914138133345842
2024-11-14,0.0,0.0891413813334584,0.08230344850179461,0.0891413813334584,0.0891413813334584,0.022966814232185963,0.0043320660303100954,0.007344377209452231,0.0891413813334584,0.0891413813334584,0.0,0.010880381922495932,0.07626722040759155,0.0891413813334584,0.0015903773953132069,0.08118426363318909,0.0891413813334584,0.0891413813334584
2024-11-15,0.0,0.08914138133345842,0.08230344850179462,0.08914138133345842,0.08914138133345842,0.022966814232185967,0.004332066030310096,0.007344377209452232,0.08914138133345842,0.08914138133345842,0.0,0.010880381922495934,0.07626722040759157,0.08914138133345842,0.001590377395313207,0.0811842636331891,0.08914138133345842,0.08914138133345842
2024-11-18,0.0,0.0891413813334584,0.08230344850179461,0.0891413813334584,0.0891413813334584,0.022966814232185963,0.0043320660303100954,0.00734437720945223,0.0891413813334584,0.0891413813334584,0.0,0.010880381922495932,0.07626722040759155,0.0891413813334584,0.0015903773953132067,0.08118426363318909,0.0891413813334584,0.0891413813334584
2024-11-19,0.0,0.08914138133345842,0.08230344850179462,0.08914138133345842,0.08914138133345842,0.022966814232185967,0.004332066030310096,0.007344377209452231,0.08914138133345842,0.08914138133345842,0.0,0.010880381922495934,0.07626722040759157,0.08914138133345842,0.0015903773953132069,0.0811842636331891,0.08914138133345842,0.08914138133345842
2024-11-20,0.0,0.0891413813334584,0.08230344850179461,0.0891413813334584,0.0891413813334584,0.022966814232185963,0.0043320660303100954,0.007344377209452229,0.0891413813334584,0.0891413813334584,0.0,0.010880381922495932,0.07626722040759155,0.0891413813334584,0.0015903773953132065,0.08118426363318909,0.0891413813334584,0.0891413813334584
2024-11-21,0.0,0.08914138133345842,0.08230344850179462,0.08914138133345842,0.08914138133345842,0.022966814232185967,0.004332066030310096,0.00734437720945223,0.08914138133345842,0.08914138133345842,0.0,0.010880381922495934,0.07626722040759157,0.08914138133345842,0.0015903773953132067,0.0811842636331891,0.08914138133345842,0.08914138133345842
2024-11-22,0.0,0.0891413813334584,0.08230344850179461,0.0891413813334584,0.0891413813334584,0.022966814232185963,0.0043320660303100954,0.007344377209452228,0.0891413813334584,0.0891413813334584,0.0,0.010880381922495932,0.07626722040759155,0.0891413813334584,0.0015903773953132062,0.08118426363318909,0.0891413813334584,0.0891413813334584
2024-11-25,0.0,0.09309773338651782,0.06381882370940353,0.09309773338651782,0.09309773338651782,0.02398614780409728,0.0045243356370474235,0.00767034188956374,0.09309773338651782,0.09309773338651782,0.0,0.01136328470808447,0.07965218000241729,0.09309773338651782,0.0016609629390748554,0.06254205621816886,0.09309773338651782,0.09309773338651782
2024-11-26,0.0,0.09309773338651782,0.06381882370940353,0.09309773338651782,0.09309773338651782,0.02398614780409728,0.0045243356370474235,0.00767034188956374,0.09309773338651782,0.09309773338651782,0.0,0.01136328470808447,0.07965218000241729,0.09309773338651782,0.0016609629390748554,0.06254205621816886,0.09309773338651782,0.09309773338651782
2024-11-27,0.0,0.09309773338651782,0.06381882370940353,0.09309773338651782,0.09309773338651782,0.02398614780409728,0.0045243356370474235,0.00767034188956374,0.09309773338651782,0.09309773338651782,0.0,0.01136328470808447,0.07965218000241729,0.09309773338651782,0.0016609629390748554,0.06254205621816886,0.09309773338651782,0.09309773338651782
2024-11-28,0.0,0.09309773338651782,0.06381882370940353,0.09309773338651782,0.09309773338651782,0.02398614780409728,0.0045243356370474235,0.00767034188956374,0.09309773338651782,0.09309773338651782,0.0,0.01136328470808447,0.07965218000241729,0.09309773338651782,0.0016609629390748554,0.06254205621816886,0.09309773338651782,0.09309773338651782
2024-11-29,0.0,0.0,0.0,0.0,0.0,0.0,0.0,0.0,0.0,0.0,0.0,0.0,0.0,0.0,0.0,0.0,0.0,0.0
2024-12-02,0.0,0.1359886040902754,0.0,0.1359886040902754,0.1359886040902754,0.023437593577810747,0.004420865773728346,0.007494924040272239,0.1359886040902754,0.1359886040902754,0.0,0.011103410638182671,0.1359886040902754,0.0,0.0016229773380781346,0.0,0.0,0.1359886040902754
2024-12-03,0.0,0.09603557655936956,0.045209754965627236,0.09603557655936956,0.0947424207291675,0.023048734404292025,0.00434751804691066,0.007370573818129762,0.09603557655936956,0.09603557655936956,0.0,0.010919191082123367,0.09603557655936956,0.09603557655936956,0.0015960501015327337,0.04448114437726017,0.09603557655936956,0.09603557655936956
2024-12-04,0.0,0.09603557655936956,0.045209754965627236,0.09603557655936956,0.0947424207291675,0.023048734404292025,0.00434751804691066,0.007370573818129762,0.09603557655936956,0.09603557655936956,0.0,0.010919191082123367,0.09603557655936956,0.09603557655936956,0.0015960501015327337,0.04448114437726017,0.09603557655936956,0.09603557655936956
2024-12-05,0.0,0.09603557655936956,0.045209754965627236,0.09603557655936956,0.0947424207291675,0.023048734404292025,0.00434751804691066,0.007370573818129762,0.09603557655936956,0.09603557655936956,0.0,0.010919191082123367,0.09603557655936956,0.09603557655936956,0.0015960501015327337,0.04448114437726017,0.09603557655936956,0.09603557655936956
2024-12-06,0.0,0.09603557655936956,0.045209754965627236,0.09603557655936956,0.0947424207291675,0.023048734404292025,0.00434751804691066,0.007370573818129762,0.09603557655936956,0.09603557655936956,0.0,0.010919191082123367,0.09603557655936956,0.09603557655936956,0.0015960501015327337,0.04448114437726017,0.09603557655936956,0.09603557655936956
2024-12-09,0.0,0.09603557655936956,0.045209754965627236,0.09603557655936956,0.0947424207291675,0.023048734404292025,0.00434751804691066,0.007370573818129762,0.09603557655936956,0.09603557655936956,0.0,0.010919191082123367,0.09603557655936956,0.09603557655936956,0.0015960501015327337,0.04448114437726017,0.09603557655936956,0.09603557655936956
2024-12-10,0.0,0.09819796323583535,0.04622772117446776,0.09819796323583535,0.07435917320448825,0.023567711620557586,0.004445409010209271,0.0075365334675975655,0.09819796323583535,0.09819796323583535,0.0,0.011165053231960837,0.09819796323583535,0.09819796323583535,0.0016319875905151907,0.04548270481352075,0.09819796323583535,0.09819796323583535
2024-12-11,0.0,0.09819796323583535,0.04622772117446776,0.09819796323583535,0.07435917320448825,0.023567711620557586,0.004445409010209271,0.0075365334675975655,0.09819796323583535,0.09819796323583535,0.0,0.011165053231960837,0.09819796323583535,0.09819796323583535,0.0016319875905151907,0.04548270481352075,0.09819796323583535,0.09819796323583535
2024-12-12,0.0,0.09828909827867029,0.0686153304151504,0.09828909827867029,0.0744281840700078,0.023589584216864933,0.004449534681732531,0.007543527933447605,0.09828909827867029,0.09828909827867029,0.0,0.011175415235112628,0.09828909827867029,0.09828909827867029,0.0016335021968681808,0.04552491616001756,0.09828909827867029,0.07501631714010625
2024-12-13,0.0,0.09828909827867031,0.06861533041515042,0.09828909827867031,0.07442818407000781,0.02358958421686494,0.004449534681732532,0.007543527933447607,0.09828909827867031,0.09828909827867031,0.0,0.01117541523511263,0.09828909827867031,0.09828909827867031,0.0016335021968681813,0.04552491616001757,0.09828909827867031,0.07501631714010626
2024-12-16,0.0,0.09828909827867031,0.06861533041515042,0.09828909827867031,0.07442818407000781,0.02358958421686494,0.004449534681732532,0.007543527933447607,0.09828909827867031,0.09828909827867031,0.0,0.01117541523511263,0.09828909827867031,0.09828909827867031,0.0016335021968681813,0.04552491616001757,0.09828909827867031,0.07501631714010626
2024-12-17,0.024228027178206143,0.09798088381921004,0.08943199267749977,0.09798088381921004,0.052510733992868285,0.023515612117459977,0.004435581853282609,0.007519872976538356,0.09798088381921004,0.09798088381921004,0.0,0.011140371424290713,0.09798088381921004,0.09798088381921004,0.0016283798689045298,0.024942159825926194,0.09798088381921004,0.07478108135055322
2024-12-18,0.024228027178206143,0.09798088381921004,0.08943199267749977,0.09798088381921004,0.052510733992868285,0.023515612117459977,0.004435581853282609,0.007519872976538356,0.09798088381921004,0.09798088381921004,0.0,0.011140371424290713,0.09798088381921004,0.09798088381921004,0.0016283798689045298,0.024942159825926194,0.09798088381921004,0.07478108135055322
2024-12-19,0.04932094784366624,0.09751665945291912,0.08900827216683924,0.09751665945291912,0.05226194299138795,0.02340419732196463,0.004414566476663115,0.00748424451381125,0.09751665945291912,0.09751665945291912,0.0,0.011087589374740832,0.09751665945291912,0.09751665945291912,0.0016206647556777712,0.024823986179314864,0.09751665945291912,0.05395697220550025
2024-12-20,0.07299829329886448,0.09508793692214856,0.08679145714005983,0.09508793692214856,0.05096032171808836,0.02282129895701501,0.004304618523917333,0.007297844022054605,0.09508793692214856,0.09508793692214856,0.0,0.010811444987951552,0.09508793692214856,0.09508793692214856,0.0015803009344699628,0.02420572695186104,0.09508793692214856,0.052613135010677874
2024-12-23,0.0729982932988645,0.09508793692214858,0.08679145714005984,0.09508793692214858,0.05096032171808837,0.022821298957015013,0.004304618523917334,0.007297844022054606,0.09508793692214858,0.09508793692214858,0.0,0.010811444987951554,0.09508793692214858,0.09508793692214858,0.001580300934469963,0.024205726951861045,0.09508793692214858,0.05261313501067788
2024-12-24,0.10564106675738366,0.09386188774239512,0.08567238148987197,0.09386188774239512,0.050303247196705196,0.0225270446512342,0.004249115437182774,0.007203746747817452,0.09386188774239512,0.0731717311869168,0.0,0.010672043885261944,0.09386188774239512,0.09386188774239512,0.0015599247781752186,0.02389362204523169,0.09386188774239512,0.05193474936984825
2024-12-25,0.0,0.0,0.0,0.0,0.0,0.0,0.0,0.0,0.0,0.0,0.0,0.0,0.0,0.0,0.0,0.0,0.0,0.0
2024-12-26,0.0,0.0,0.0,0.0,0.0,0.0,0.0,0.0,0.0,0.0,0.0,0.0,0.0,0.0,0.0,0.0,0.0,0.0
2024-12-27,0.0,0.0,0.0,0.0,0.0,0.0,0.0,0.0,0.0,0.0,0.0,0.0,0.0,0.0,0.0,0.0,0.0,0.0
2024-12-30,0.10043183190699621,0.11321498303476062,0.08144781646917146,0.08923349244349338,0.04782275891285874,0.06403444946216287,0.004039588584623376,0.006848524959890238,0.0,0.06956358197125746,0.0,0.010145797940967888,0.11321498303476062,0.11321498303476062,0.0014830037968951303,0.022715410839301137,0.11321498303476062,0.04937381057333953
2024-12-31,0.09275405340771872,0.10455996254937008,0.07522132152004825,0.061104043850634074,0.04416682091804756,0.0591391656665935,0.0037307714915560176,0.006324971254950324,0.0977554165434876,0.06424560893571392,0.0,0.009370175433541031,0.10455996254937008,0.10455996254937008,0.0013696316274350298,0.02097887084363775,0.10455996254937008,0.045599298309155906
2025-01-02,0.0,0.0,0.0,0.0,0.0,0.0,0.0,0.0,0.0,0.0,0.0,0.0,0.0,0.0,0.0,0.0,0.0,0.0
2025-01-03,0.0,0.0,0.0,0.0,0.0,0.0,0.0,0.0,0.0,0.0,0.0,0.0,0.0,0.0,0.0,0.0,0.0,0.0
2025-01-06,0.0,0.0,0.0,0.0,0.0,0.0,0.0,0.0,0.0,0.0,0.0,0.0,0.0,0.0,0.0,0.0,0.0,0.0
2025-01-07,0.08923462985197259,0.10059258019070796,0.07236715309154504,0.058785535889219524,0.042490972324799314,0.09483882149162287,0.0035892125560044665,0.0060849790173470785,0.09404622321936819,0.06180789865638299,0.0,0.009014637158600975,0.10059258019070796,0.10059258019070796,0.0013176628601931162,0.02018285676654395,0.10059258019070796,0.04386909635356802
2025-01-08,0.08748069057213356,0.09861539624374122,0.07094475023530034,0.05763008468542648,0.041655796726238,0.0929747297758424,0.02317403093707971,0.005965376529689251,0.09219771031245538,0.06059304180722508,0.0,0.008837451168899498,0.09861539624374122,0.09861539624374122,0.0012917637148510946,0.019786155336606614,0.09861539624374122,0.043006833223287716
2025-01-09,0.08932751503285805,0.10069728797088533,0.05133125668136982,0.058846726316563444,0.04253520158486276,0.09493754012926194,0.023663263096865814,0.006091312930287022,0.09414411683387432,0.06187223509007887,0.0,0.009024020580759866,0.10069728797088533,0.10069728797088533,0.0013190344280846187,0.02020386529545986,0.10069728797088533,0.04391476011613241
2025-01-10,0.0,0.0,0.0,0.0,0.0,0.0,0.0,0.0,0.0,0.0,0.0,0.0,0.0,0.0,0.0,0.0,0.0,0.0
2025-01-13,0.0,0.13922548764098966,0.0,0.05749547877310295,0.0415585017707906,0.13922548764098966,0.06566374272163367,0.0059514432697519255,0.13922548764098966,0.0604515153507321,0.0,0.008816809637940494,0.13922548764098966,0.13922548764098966,0.0012887465575053597,0.019739941045841702,0.0,0.04290638266775295
2025-01-14,0.0,0.0,0.0,0.0,0.0,0.0,0.0,0.0,0.0,0.0,0.0,0.0,0.0,0.0,0.0,0.0,0.0,0.0
2025-01-15,0.09703050459681051,0.09703050459681051,0.04017485866404853,0.05309429295800525,0.03837726574330869,0.09703050459681051,0.06063728952566731,0.005495869922818698,0.09703050459681051,0.055824049721429986,0.0,0.008141897134540773,0.09703050459681051,0.09703050459681051,0.0011900950950045897,0.018228880517679503,0.09703050459681051,0.03962196853982313
2025-01-16,0.09359408920820005,0.09359408920820005,0.03875203289268874,0.051213914760175304,0.037018103208587276,0.09359408920820005,0.09390559506704596,0.005301229154381466,0.09359408920820005,0.05384699493526346,0.0,0.007853545128933053,0.09359408920820005,0.09359408920820005,0.001147946895163959,0.017583289671910012,0.09359408920820005,0.03821872382845055
2025-01-17,0.09359408920820003,0.09359408920820003,0.038752032892688734,0.05121391476017529,0.03701810320858727,0.09359408920820003,0.09390559506704593,0.005301229154381465,0.09359408920820003,0.053846994935263445,0.0,0.007853545128933052,0.09359408920820003,0.09359408920820003,0.0011479468951639587,0.01758328967191001,0.09359408920820003,0.03821872382845054
2025-01-20,0.09359408920820005,0.09359408920820005,0.03875203289268874,0.0512139147601753,0.037018103208587276,0.09359408920820005,0.09390559506704595,0.005301229154381466,0.09359408920820005,0.05384699493526345,0.0,0.007853545128933053,0.09359408920820005,0.09359408920820005,0.001147946895163959,0.017583289671910012,0.09359408920820005,0.03821872382845055
2025-01-21,0.0,0.0,0.0,0.0,0.0,0.0,0.0,0.0,0.0,0.0,0.0,0.0,0.0,0.0,0.0,0.0,0.0,0.0
2025-01-22,0.0,0.19770368148760098,0.0,0.050490185588206046,0.03649498207425336,0.19770368148760098,0.0,0.005226314861961407,0.19770368148760098,0.05308605640439694,0.0,0.007742562796498554,0.19770368148760098,0.0,0.0011317246895428466,0.01733481150470998,0.0,0.037678636130026935
2025-01-23,0.10160148818248316,0.10160148818248316,0.02921529482150853,0.04784212837811191,0.01454185013047171,0.10160148818248316,0.10160148818248316,0.004952210487196109,0.10160148818248316,0.030099593680289666,0.0,0.007336488843728933,0.10160148818248316,0.10160148818248316,0.0010723691595705916,0.016425653179069112,0.10160148818248316,0.035702505860188166
2025-01-24,0.10160148818248316,0.10160148818248316,0.02921529482150853,0.04784212837811191,0.01454185013047171,0.10160148818248316,0.10160148818248316,0.004952210487196109,0.10160148818248316,0.030099593680289666,0.0,0.007336488843728933,0.10160148818248316,0.10160148818248316,0.0010723691595705916,0.016425653179069112,0.10160148818248316,0.035702505860188166
2025-01-27,0.10160148818248316,0.10160148818248316,0.02921529482150853,0.04784212837811191,0.01454185013047171,0.10160148818248316,0.10160148818248316,0.004952210487196109,0.10160148818248316,0.030099593680289666,0.0,0.007336488843728933,0.10160148818248316,0.10160148818248316,0.0010723691595705916,0.016425653179069112,0.10160148818248316,0.035702505860188166
2025-01-28,0.1037428342371625,0.1037428342371625,0.02983103438813741,0.048850445821906945,0.014848333174782007,0.1037428342371625,0.1037428342371625,0.005056582938607971,0.1037428342371625,0.030733970669522114,0.0,0.00749111218362039,0.1037428342371625,0.1037428342371625,0.0010949703390423131,0.016771839128307944,0.1037428342371625,0.015379037458772804
2025-01-29,0.10607491317104868,0.10607491317104868,0.03050161879412705,0.027469153758851287,0.01518211511986625,0.10607491317104868,0.10607491317104868,0.005170251999563236,0.10607491317104868,0.03142485256107731,0.0,0.007659508054460607,0.10607491317104868,0.10607491317104868,0.0011195846391979577,0.017148860375136805,0.10607491317104868,0.015724749329330153
2025-01-30,0.10607491317104865,0.10607491317104865,0.030501618794127043,0.02746915375885128,0.015182115119866247,0.10607491317104865,0.10607491317104865,0.005170251999563235,0.10607491317104865,0.031424852561077306,0.0,0.007659508054460605,0.10607491317104865,0.10607491317104865,0.0011195846391979574,0.017148860375136802,0.10607491317104865,0.01572474932933015
2025-01-31,0.10607491317104867,0.10607491317104867,0.030501618794127047,0.027469153758851284,0.015182115119866248,0.10607491317104867,0.10607491317104867,0.005170251999563236,0.10607491317104867,0.03142485256107731,0.0,0.007659508054460606,0.10607491317104867,0.10607491317104867,0.0011195846391979577,0.017148860375136805,0.10607491317104867,0.015724749329330153
2025-02-03,0.10303726543464876,0.10303726543464876,0.029628149558879057,0.026682524665864484,0.014747347687596396,0.10303726543464876,0.10303726543464876,0.005022192446049721,0.10303726543464876,0.030524944850618674,0.0,0.03607697981081809,0.10303726543464876,0.10303726543464876,0.0010875233002507955,0.01665777162150877,0.10303726543464876,0.015274442581224018
2025-02-04,0.10303726543464874,0.10303726543464874,0.02962814955887905,0.026682524665864477,0.014747347687596392,0.10303726543464874,0.10303726543464874,0.00502219244604972,0.10303726543464874,0.030524944850618668,0.0,0.03607697981081808,0.10303726543464874,0.10303726543464874,0.0010875233002507953,0.016657771621508766,0.10303726543464874,0.015274442581224014
2025-02-05,0.10303726543464875,0.10303726543464875,0.029628149558879054,0.02668252466586448,0.014747347687596394,0.10303726543464875,0.10303726543464875,0.005022192446049721,0.10303726543464875,0.03052494485061867,0.0,0.03607697981081809,0.10303726543464875,0.10303726543464875,0.0010875233002507955,0.01665777162150877,0.10303726543464875,0.015274442581224016
2025-02-06,0.09940380836451027,0.09940380836451027,0.02858335659940258,0.02574160482014303,0.014227304240254781,0.09940380836451027,0.09940380836451027,0.00484509224280074,0.09940380836451027,0.02944852772895687,0.0,0.07006830225130914,0.09940380836451027,0.09940380836451027,0.0010491733963828324,0.01607035989415357,0.09940380836451027,0.014735811910514176
2025-02-07,0.09763910856328653,0.09763910856328653,0.028075920872953276,0.025284618255375715,0.013974729199340242,0.09763910856328653,0.07561956973121664,0.004759078100501201,0.09763910856328653,0.028925732758777682,0.0,0.10859676875092973,0.09763910856328653,0.09763910856328653,0.0010305475900429313,0.015785065383033696,0.09763910856328653,0.014474209414823087
2025-02-10,0.09555059561362027,0.09555059561362027,0.027475373354855424,0.024743777055258733,0.013675807964495254,0.09555059561362027,0.07400205751755821,0.004657280814683833,0.09555059561362027,0.028307007656365096,0.0,0.10627387005628196,0.09555059561362027,0.09555059561362027,0.0010085040460294486,0.036837548004483966,0.09555059561362027,0.014164604234646277
2025-02-11,0.09271105050677136,0.09271105050677136,0.026658868115221886,0.024008448608470855,0.013269394238464516,0.09271105050677136,0.07180288566550144,0.004518877083512621,0.09271105050677136,0.0274657881478526,0.0,0.10311565376504625,0.09271105050677136,0.09271105050677136,0.0009785336129751094,0.06546053261385061,0.09271105050677136,0.013743664601704756
2025-02-12,0.0,0.0,0.0,0.0,0.0,0.0,0.0,0.0,0.0,0.0,0.0,0.0,0.0,0.0,0.0,0.0,0.0,0.0
2025-02-13,0.09199200235759383,0.09199200235759383,0.02645210732810279,0.023822243938777417,0.0131664795015942,0.09199200235759383,0.07124599701241026,0.004483829587173193,0.09199200235759383,0.02725276905222739,0.0,0.1023159096181975,0.09199200235759383,0.09199200235759383,0.0009709443042630226,0.09372867356804684,0.07097196042378659,0.01363707151985794
2025-02-14,0.09199200235759382,0.09199200235759382,0.026452107328102784,0.02382224393877741,0.013166479501594197,0.09199200235759382,0.07124599701241024,0.004483829587173192,0.09199200235759382,0.027252769052227382,0.0,0.10231590961819748,0.09199200235759382,0.09199200235759382,0.0009709443042630224,0.09372867356804683,0.07097196042378658,0.013637071519857937
2025-02-17,0.09431576617038476,0.09431576617038476,0.027120300738462146,0.02442400568964378,0.013499071333748534,0.06905526793970242,0.07304570639388544,0.0045970933565266615,0.09431576617038476,0.027941187576652367,0.0,0.10490046047207861,0.09431576617038476,0.09431576617038476,0.0009954708411429496,0.09609630656087668,0.0727647475044997,0.013981550740856998
2025-02-18,0.0,0.0,0.0,0.0,0.0,0.0,0.0,0.0,0.0,0.0,0.0,0.0,0.0,0.0,0.0,0.0,0.0,0.0
2025-02-19,0.0,0.19981073712375588,0.0,0.02376548617576662,0.01313510966401053,0.11762225971016535,0.0,0.004473146624739275,0.19981073712375588,0.02718783788070427,0.0,0.19981073712375588,0.19981073712375588,0.0,0.0009686309778249392,0.0,0.0,0.013604580471765469
2025-02-20,0.1035662293256044,0.1035662293256044,0.03493979795118084,0.02254018022720324,0.012457886909663688,0.057131033214709755,0.045016147097045996,0.004242519187641939,0.1035662293256044,0.025786081601138947,0.0,0.1035662293256044,0.1035662293256044,0.1035662293256044,0.0009186900975789505,0.1035662293256044,0.059100905792108444,0.012903152642497603
2025-02-21,0.10356622932560437,0.10356622932560437,0.03493979795118083,0.022540180227203235,0.012457886909663684,0.05713103321470974,0.04501614709704599,0.004242519187641938,0.10356622932560437,0.02578608160113894,0.0,0.10356622932560437,0.10356622932560437,0.10356622932560437,0.0009186900975789502,0.10356622932560437,0.05910090579210843,0.0129031526424976
2025-02-24,0.1035662293256044,0.1035662293256044,0.03493979795118084,0.02254018022720324,0.012457886909663688,0.057131033214709755,0.045016147097045996,0.004242519187641939,0.1035662293256044,0.025786081601138947,0.0,0.1035662293256044,0.1035662293256044,0.1035662293256044,0.0009186900975789505,0.1035662293256044,0.059100905792108444,0.012903152642497603
2025-02-25,0.0,0.0,0.0,0.0,0.0,0.0,0.0,0.0,0.0,0.0,0.0,0.0,0.0,0.0,0.0,0.0,0.0,0.0
2025-02-26,0.10356622932560437,0.10356622932560437,0.03493979795118083,0.022540180227203235,0.012457886909663684,0.05713103321470974,0.04501614709704599,0.004242519187641938,0.10356622932560437,0.02578608160113894,0.0,0.10356622932560437,0.10356622932560437,0.10356622932560437,0.0009186900975789502,0.10356622932560437,0.05910090579210843,0.0129031526424976
2025-02-27,0.1035662293256044,0.1035662293256044,0.03493979795118084,0.02254018022720324,0.012457886909663688,0.057131033214709755,0.045016147097045996,0.004242519187641939,0.1035662293256044,0.025786081601138947,0.0,0.1035662293256044,0.1035662293256044,0.1035662293256044,0.0009186900975789505,0.1035662293256044,0.059100905792108444,0.012903152642497603
2025-02-28,0.10356622932560437,0.10356622932560437,0.03493979795118083,0.022540180227203235,0.012457886909663684,0.05713103321470974,0.04501614709704599,0.004242519187641938,0.10356622932560437,0.02578608160113894,0.0,0.10356622932560437,0.10356622932560437,0.10356622932560437,0.0009186900975789502,0.10356622932560437,0.05910090579210843,0.0129031526424976
2025-03-03,0.1035662293256044,0.1035662293256044,0.03493979795118084,0.02254018022720324,0.012457886909663688,0.057131033214709755,0.045016147097045996,0.004242519187641939,0.1035662293256044,0.025786081601138947,0.0,0.1035662293256044,0.1035662293256044,0.1035662293256044,0.0009186900975789505,0.1035662293256044,0.059100905792108444,0.012903152642497603
2025-03-04,0.10356622932560437,0.10356622932560437,0.03493979795118083,0.022540180227203235,0.012457886909663684,0.05713103321470974,0.04501614709704599,0.004242519187641938,0.10356622932560437,0.02578608160113894,0.0,0.10356622932560437,0.10356622932560437,0.10356622932560437,0.0009186900975789502,0.10356622932560437,0.05910090579210843,0.0129031526424976
2025-03-05,0.10806276807584782,0.10806276807584782,0.036456780431244146,0.02351880805298267,0.012998771439304509,0.05961149336435697,0.04697061479492985,0.004426716797713342,0.10806276807584782,0.005926479798255707,0.0,0.10806276807584782,0.10806276807584782,0.10806276807584782,0.0009585768990018481,0.10806276807584782,0.039229012600600126,0.013463369290676298
2025-03-06,0.10754087946315802,0.10754087946315802,0.0362807125875161,0.023405224083911345,0.012935993935878269,0.03465581793371297,0.046743770439292884,0.004405337990475055,0.10754087946315802,0.03539513504129123,0.0,0.10754087946315802,0.10754087946315802,0.10754087946315802,0.0009539474565316585,0.10754087946315802,0.03903955627509727,0.013398348014187158
2025-03-07,0.09838482474828486,0.09838482474828486,0.03319176454092989,0.02141249803037767,0.07641276641389276,0.03170521378416754,0.020690028777276562,0.00403026652109845,0.09838482474828486,0.0750176312394503,0.0,0.09838482474828486,0.09838482474828486,0.09838482474828486,0.0008727281550835034,0.09838482474828486,0.035715719655166914,0.012257609644562453
2025-03-10,0.09368122608003715,0.09368122608003715,0.031604926937763546,0.020388805631908497,0.09599947977002299,0.03018944545593947,0.019700876313451073,0.0038375868442293557,0.09368122608003715,0.09599947977002299,0.0,0.09368122608003715,0.09368122608003715,0.09368122608003715,0.000831004616941361,0.09368122608003715,0.03400821637063745,0.011671595728823182
2025-03-11,0.09368122608003716,0.09368122608003716,0.03160492693776355,0.0203888056319085,0.095999479770023,0.030189445455939472,0.019700876313451077,0.003837586844229356,0.09368122608003716,0.095999479770023,0.0,0.09368122608003716,0.09368122608003716,0.09368122608003716,0.0008310046169413612,0.09368122608003716,0.03400821637063746,0.011671595728823184
2025-03-12,0.09368122608003715,0.09368122608003715,0.031604926937763546,0.020388805631908497,0.09599947977002297,0.030189445455939466,0.019700876313451073,0.0038375868442293553,0.09368122608003715,0.09599947977002297,0.0,0.09368122608003715,0.09368122608003715,0.09368122608003715,0.0008310046169413609,0.09368122608003715,0.03400821637063745,0.011671595728823182
2025-03-13,0.09368122608003716,0.09368122608003716,0.03160492693776355,0.0203888056319085,0.09599947977002299,0.03018944545593947,0.019700876313451077,0.0038375868442293557,0.09368122608003716,0.09599947977002299,0.0,0.09368122608003716,0.09368122608003716,0.09368122608003716,0.000831004616941361,0.09368122608003716,0.03400821637063746,0.011671595728823184
2025-03-14,0.09562325419425227,0.09562325419425227,0.011529928603011606,0.020811469119666495,0.09798956568653445,0.03081527791225156,0.020109278906759464,0.003917140687129193,0.09562325419425227,0.09798956568653445,0.0,0.09562325419425227,0.09562325419425227,0.09562325419425227,0.000848231487219125,0.09562325419425227,0.034713212612356825,0.011913549938770888
2025-03-17,0.09562325419425227,0.09562325419425227,0.011529928603011606,0.020811469119666495,0.09798956568653445,0.03081527791225156,0.020109278906759464,0.003917140687129193,0.09562325419425227,0.09798956568653445,0.0,0.09562325419425227,0.09562325419425227,0.09562325419425227,0.000848231487219125,0.09562325419425227,0.034713212612356825,0.011913549938770888
2025-03-18,0.09766500149654699,0.09766500149654699,0.011776115587748888,0.021255835516626274,0.10008183846138778,0.0314732455904796,0.020538652141386695,0.004000779457824111,0.07631300590197078,0.10008183846138778,0.0,0.09766500149654699,0.09766500149654699,0.09766500149654699,0.0008663429221974086,0.09766500149654699,0.035454408975129456,0.012167928004579288
2025-03-19,0.09966812981495998,0.09966812981495998,0.01201764602601503,0.021691796868210222,0.10213453657953535,0.03211876802480717,0.020959903921410474,0.004082836228467542,0.07787820060675825,0.10213453657953535,0.0,0.09966812981495998,0.09966812981495998,0.09966812981495998,0.0008841117852938952,0.09966812981495998,0.015671389897915524,0.012417494592291316
2025-03-20,0.09966812981495998,0.09966812981495998,0.01201764602601503,0.021691796868210222,0.10213453657953535,0.03211876802480717,0.020959903921410474,0.004082836228467542,0.07787820060675825,0.10213453657953535,0.0,0.09966812981495998,0.09966812981495998,0.09966812981495998,0.0008841117852938952,0.09966812981495998,0.015671389897915524,0.012417494592291316
2025-03-21,0.0,0.0,0.0,0.0,0.0,0.0,0.0,0.0,0.0,0.0,0.0,0.0,0.0,0.0,0.0,0.0,0.0,0.0
2025-03-24,0.09966812981495998,0.09966812981495998,0.01201764602601503,0.021691796868210222,0.10213453657953535,0.03211876802480717,0.020959903921410474,0.004082836228467542,0.07787820060675825,0.10213453657953535,0.0,0.09966812981495998,0.09966812981495998,0.09966812981495998,0.0008841117852938952,0.09966812981495998,0.015671389897915524,0.012417494592291316
2025-03-25,0.09966812981495998,0.09966812981495998,0.01201764602601503,0.021691796868210222,0.10213453657953535,0.03211876802480717,0.020959903921410474,0.004082836228467542,0.07787820060675825,0.10213453657953535,0.0,0.09966812981495998,0.09966812981495998,0.09966812981495998,0.0008841117852938952,0.09966812981495998,0.015671389897915524,0.012417494592291316
2025-03-26,0.10181260254864574,0.10181260254864574,0.012276219295862902,0.02215852045392302,0.1043320768491188,0.03280983970836994,0.021410880001162213,0.004170683075642344,0.058037705359106254,0.1043320768491188,0.0,0.10181260254864574,0.10181260254864574,0.10181260254864574,0.0009031344520241023,0.10181260254864574,0.016008577606739113,0.012684671057057912
2025-03-27,0.10389186390322852,0.10389186390322852,0.012526929598156522,0.0021886154673892307,0.10646279200623389,0.03347989655838587,0.021848142326646478,0.004255858583627734,0.05922297667956183,0.10646279200623389,0.0,0.10389186390322852,0.10389186390322852,0.10389186390322852,0.0009215786575259583,0.10389186390322852,0.01633551175758383,0.012943722939283725
2025-03-28,0.10613340268865909,0.10613340268865909,0.012797206764256662,0.0022358363591148413,0.1087598003428009,0.012626557159443498,0.022319531101232352,0.004347681674696685,0.060500753342992764,0.1087598003428009,0.0,0.10613340268865909,0.10613340268865909,0.10613340268865909,0.0009414623541606982,0.10613340268865909,0.016687961716693123,0.013222992709853028
2025-03-31,0.10613340268865909,0.10613340268865909,0.012797206764256662,0.0022358363591148413,0.1087598003428009,0.012626557159443498,0.022319531101232352,0.004347681674696685,0.060500753342992764,0.1087598003428009,0.0,0.10613340268865909,0.10613340268865909,0.10613340268865909,0.0009414623541606982,0.10613340268865909,0.016687961716693123,0.013222992709853028
2025-04-01,0.10613340268865909,0.10613340268865909,0.012797206764256662,0.0022358363591148413,0.1087598003428009,0.012626557159443498,0.022319531101232352,0.004347681674696685,0.060500753342992764,0.1087598003428009,0.0,0.10613340268865909,0.10613340268865909,0.10613340268865909,0.0009414623541606982,0.10613340268865909,0.016687961716693123,0.013222992709853028
2025-04-02,0.10613340268865909,0.10613340268865909,0.012797206764256662,0.0022358363591148413,0.1087598003428009,0.012626557159443498,0.022319531101232352,0.004347681674696685,0.060500753342992764,0.1087598003428009,0.0,0.10613340268865909,0.10613340268865909,0.10613340268865909,0.0009414623541606982,0.10613340268865909,0.016687961716693123,0.013222992709853028
2025-04-03,0.10570390201495379,0.10570390201495379,0.012745419025547124,0.0022267883761216676,0.10831967116258119,0.012575460005586403,0.048940868040503856,0.004330087475688327,0.03759105944691683,0.10831967116258119,0.0,0.10570390201495379,0.10570390201495379,0.10570390201495379,0.0009376524441310878,0.10570390201495379,0.016620428870119705,0.0131694819004998
2025-04-04,0.08485354689311446,0.10816836976757138,0.013042576212588489,0.0022787055526898438,0.11084512510955619,0.012868654628181467,0.05008191571019037,0.004431042698214905,0.03846748833958488,0.11084512510955619,0.0,0.10816836976757138,0.10816836976757138,0.10816836976757138,0.0009595136447838057,0.10816836976757138,0.017007931225324055,0.013476526038358319
2025-04-07,0.08214985278243903,0.10472179393179241,0.012626999754265183,0.002206099008728499,0.10731325964336308,0.012458619844669621,0.04848615235656711,0.004289856095109134,0.06910486160429855,0.10731325964336308,0.0,0.10472179393179241,0.10472179393179241,0.10472179393179241,0.0009289405988063345,0.10472179393179241,0.016466006401054712,0.013047122608373589
2025-04-08,0.08214985278243904,0.10472179393179243,0.012626999754265185,0.0022060990087284993,0.1073132596433631,0.012458619844669623,0.048486152356567114,0.004289856095109135,0.06910486160429856,0.1073132596433631,0.0,0.10472179393179243,0.10472179393179243,0.10472179393179243,0.0009289405988063347,0.10472179393179243,0.016466006401054716,0.01304712260837359
2025-04-09,0.08214985278243904,0.10472179393179243,0.012626999754265185,0.0022060990087284993,0.1073132596433631,0.012458619844669623,0.048486152356567114,0.004289856095109135,0.06910486160429856,0.1073132596433631,0.0,0.10472179393179243,0.10472179393179243,0.10472179393179243,0.0009289405988063347,0.10472179393179243,0.016466006401054716,0.01304712260837359
2025-04-10,0.08214985278243904,0.10472179393179243,0.012626999754265185,0.0022060990087284993,0.1073132596433631,0.012458619844669623,0.048486152356567114,0.004289856095109135,0.06910486160429856,0.1073132596433631,0.0,0.10472179393179243,0.10472179393179243,0.10472179393179243,0.0009289405988063347,0.10472179393179243,0.016466006401054716,0.01304712260837359
2025-04-11,0.0857956043799527,0.10936927210235518,0.013187376954792046,0.0023040041018349416,0.11207574520514883,0.013011524465470468,0.028409936549982525,0.004480236834479018,0.05002039894889713,0.11207574520514883,0.0,0.10936927210235518,0.10936927210235518,0.10936927210235518,0.0009701663168981564,0.10936927210235518,0.017196755965515873,0.013626144560103769
2025-04-14,0.11150968522436054,0.10629301222195217,0.012816451941998581,0.0022391987388064153,0.10892335960439063,0.012645545704465739,0.027610842377245277,0.004354219969196116,0.048613461300594615,0.10892335960439063,0.0,0.10629301222195217,0.10629301222195217,0.10629301222195217,0.0009428781795573586,0.10629301222195217,0.016713058036171617,0.013242878209061497
2025-04-15,0.11150968522436054,0.10629301222195217,0.012816451941998581,0.0022391987388064153,0.10892335960439063,0.012645545704465739,0.027610842377245277,0.004354219969196116,0.048613461300594615,0.10892335960439063,0.0,0.10629301222195217,0.10629301222195217,0.10629301222195217,0.0009428781795573586,0.10629301222195217,0.016713058036171617,0.013242878209061497
2025-04-16,0.11150968522436054,0.10629301222195217,0.012816451941998581,0.0022391987388064153,0.10892335960439063,0.012645545704465739,0.027610842377245277,0.004354219969196116,0.048613461300594615,0.10892335960439063,0.0,0.10629301222195217,0.10629301222195217,0.10629301222195217,0.0009428781795573586,0.10629301222195217,0.016713058036171617,0.013242878209061497
2025-04-17,0.11150968522436054,0.10629301222195217,0.012816451941998581,0.0022391987388064153,0.10892335960439063,0.012645545704465739,0.027610842377245277,0.004354219969196116,0.048613461300594615,0.10892335960439063,0.0,0.10629301222195217,0.10629301222195217,0.10629301222195217,0.0009428781795573586,0.10629301222195217,0.016713058036171617,0.013242878209061497
2025-04-18,0.10741822925792457,0.10239296373584139,0.012346197285094803,0.002157039211394137,0.10492679976619394,0.012181561851249084,0.026597759562461902,0.00419445717158533,0.04682976120416595,0.10492679976619394,0.0,0.10239296373584139,0.10239296373584139,0.10239296373584139,0.0009082825787751455,0.10239296373584139,0.0160998311143854,0.04944846255136888
2025-04-21,0.0,0.0,0.0,0.0,0.0,0.0,0.0,0.0,0.0,0.0,0.0,0.0,0.0,0.0,0.0,0.0,0.0,0.0
2025-04-22,0.0,0.0,0.0,0.0,0.0,0.0,0.0,0.0,0.0,0.0,0.0,0.0,0.0,0.0,0.0,0.0,0.0,0.0
2025-04-23,0.30247264073448504,0.0,0.011890041094247359,0.0020773428670496303,0.0,0.01173148846230796,0.046464008023010074,0.004039484141276393,0.0,0.0,0.0,0.0,0.0,0.30247264073448504,0.0008747241711310882,0.30247264073448504,0.015504989037522472,0.0
2025-04-24,0.10544398224258461,0.10544398224258461,0.011438623420430734,0.0019984744024808404,0.10544398224258461,0.0112860904026979,0.01499451618287212,0.003886120959432019,0.02670996013080633,0.10544398224258461,0.0,0.07037651605834533,0.10544398224258461,0.10544398224258461,0.0008415143657626091,0.10544398224258461,0.014916326136495406,0.10544398224258461
2025-04-25,0.10255599532710956,0.10255599532710956,0.011125332950299863,0.001943738534178765,0.10255599532710956,0.01097697763289683,0.014583833983480328,0.0037796846674398098,0.05336723198571184,0.10255599532710956,0.0,0.06844898588345462,0.10255599532710956,0.10255599532710956,0.0008184662749581895,0.10255599532710956,0.014507785470703293,0.10255599532710956
2025-04-28,0.09946287613688884,0.09946287613688884,0.010789789613838568,0.0018851148043649844,0.09946287613688884,0.010645908736742675,0.014143981231650306,0.0036656882585458027,0.08191795660690575,0.09946287613688884,0.0,0.06638454419857835,0.09946287613688884,0.09946287613688884,0.000793781089723071,0.09946287613688884,0.014070226364539798,0.09946287613688884
2025-04-29,0.09718791209206964,0.09718791209206964,0.010543000214858555,0.001841997527177218,0.09718791209206964,0.010402410252271102,0.01382047310477574,0.00358184482558263,0.1029167827019697,0.09718791209206964,0.0,0.06486616410492786,0.09718791209206964,0.09718791209206964,0.0007756253364539612,0.09718791209206964,0.013748405195425993,0.09718791209206964
2025-04-30,0.0,0.0,0.0,0.0,0.0,0.0,0.0,0.0,0.0,0.0,0.0,0.0,0.0,0.0,0.0,0.0,0.0,0.0
2025-05-01,0.09718791209206966,0.09718791209206966,0.010543000214858557,0.0018419975271772183,0.09718791209206966,0.010402410252271104,0.013820473104775742,0.0035818448255826303,0.10291678270196972,0.09718791209206966,0.0,0.06486616410492788,0.09718791209206966,0.09718791209206966,0.0007756253364539613,0.09718791209206966,0.013748405195425995,0.09718791209206966
2025-05-02,0.0,0.0,0.0,0.0,0.0,0.0,0.0,0.0,0.0,0.0,0.0,0.0,0.0,0.0,0.0,0.0,0.0,0.0
2025-05-05,0.10392941455170995,0.10392941455170995,0.011274322252244487,0.001969768878498694,0.10392941455170995,0.011123980175858292,0.01477913917161103,0.003830301811455933,0.11005567198139285,0.10392941455170995,0.0,0.0,0.10392941455170995,0.10392941455170995,0.0008294270901999436,0.10392941455170995,0.014702072225059185,0.10392941455170995
2025-05-06,0.0,0.0,0.0,0.0,0.0,0.0,0.0,0.0,0.0,0.0,0.0,0.0,0.0,0.0,0.0,0.0,0.0,0.0
2025-05-07,0.0,0.0,0.0,0.0,0.0,0.0,0.0,0.0,0.0,0.0,0.0,0.0,0.0,0.0,0.0,0.0,0.0,0.0
2025-05-08,0.07880200498252239,0.10100208120611137,0.010956763458900199,0.03170059691848862,0.10100208120611137,0.01081065600055116,0.014362861767346682,0.0037224154131273563,0.10695578308224876,0.10100208120611137,0.0,0.04745536416490973,0.07412703645597556,0.10100208120611137,0.0008060649882448995,0.10100208120611137,0.014287965531016364,0.10100208120611137
2025-05-09,0.07880200498252239,0.10100208120611137,0.010956763458900199,0.03170059691848862,0.10100208120611137,0.01081065600055116,0.014362861767346682,0.0037224154131273563,0.10695578308224876,0.10100208120611137,0.0,0.04745536416490973,0.07412703645597556,0.10100208120611137,0.0008060649882448995,0.10100208120611137,0.014287965531016364,0.10100208120611137
2025-05-12,0.07880200498252239,0.10100208120611137,0.010956763458900199,0.03170059691848862,0.10100208120611137,0.01081065600055116,0.014362861767346682,0.0037224154131273563,0.10695578308224876,0.10100208120611137,0.0,0.04745536416490973,0.07412703645597556,0.10100208120611137,0.0008060649882448995,0.10100208120611137,0.014287965531016364,0.10100208120611137
2025-05-13,0.1023842909391523,0.09841646988900025,0.010676274866388625,0.03088907480752976,0.09841646988900025,0.010533907698272326,0.01399517847321762,0.0036271231250453897,0.10421775947060054,0.09841646988900025,0.0,0.04624052655783084,0.07222941511911066,0.09841646988900025,0.0007854300594291264,0.09841646988900025,0.013922199549421381,0.09841646988900025
2025-05-14,0.10472640928547962,0.10066782131794932,0.010920502755312159,0.031595685832953455,0.10066782131794932,0.010774878830194358,0.014315328800592827,0.0037100963188589366,0.10660181980085458,0.10066782131794932,0.0,0.04729831369100828,0.07388171779897684,0.10066782131794932,0.0008033973680374282,0.07779206249944798,0.014240680428536993,0.10066782131794932
2025-05-15,0.10132676656651907,0.09739992902495309,0.010565999932836098,0.08521027127757146,0.09739992902495309,0.010425103271071552,0.013850622680536733,0.0035896586754497308,0.10314129725466462,0.09739992902495309,0.0,0.045762909499688954,0.049305244636033696,0.09739992902495309,0.0007773173751176365,0.07526676615181657,0.013778397553928474,0.09739992902495309
2025-05-16,0.09898686541916155,0.09515070886920665,0.01032200324564691,0.08324254233205,0.09515070886920665,0.01018436025782947,0.013530775427930205,0.0035067640293663326,0.10075949382834391,0.09515070886920665,0.0,0.06779874996487315,0.04816665705050307,0.09515070886920665,0.0007593670755124018,0.07352865885357461,0.013460218169175085,0.09515070886920665
2025-05-19,0.09898686541916156,0.09515070886920667,0.010322003245646912,0.08324254233205002,0.09515070886920667,0.010184360257829471,0.013530775427930207,0.003506764029366333,0.10075949382834393,0.09515070886920667,0.0,0.06779874996487316,0.048166657050503076,0.09515070886920667,0.0007593670755124019,0.07352865885357462,0.013460218169175087,0.09515070886920667
2025-05-20,0.09791939644785354,0.09412460880142758,0.010210691324213587,0.08234485928434482,0.09412460880142758,0.010074532670888314,0.013384860281856125,0.003468947276858853,0.09967290892871099,0.09412460880142758,0.0,0.09828115287170353,0.047647230441373443,0.09412460880142758,0.0007511781022833791,0.05230613445403465,0.013315063908740758,0.09412460880142758
2025-05-21,0.09791939644785354,0.09412460880142758,0.010210691324213587,0.08234485928434482,0.09412460880142758,0.010074532670888314,0.013384860281856125,0.003468947276858853,0.09967290892871099,0.09412460880142758,0.0,0.09828115287170353,0.047647230441373443,0.09412460880142758,0.0007511781022833791,0.05230613445403465,0.013315063908740758,0.09412460880142758
2025-05-22,0.09791939644785354,0.09412460880142758,0.010210691324213587,0.08234485928434482,0.09412460880142758,0.010074532670888314,0.013384860281856125,0.003468947276858853,0.09967290892871099,0.09412460880142758,0.0,0.09828115287170353,0.047647230441373443,0.09412460880142758,0.0007511781022833791,0.05230613445403465,0.013315063908740758,0.09412460880142758
2025-05-23,0.09596840747069514,0.09224922883675708,0.010007249034479741,0.10062862255613353,0.09224922883675708,0.009873803265847582,0.013118174458433865,0.0033998304507242122,0.09768698220024319,0.09224922883675708,0.0,0.09632295610098277,0.04669788613620557,0.09224922883675708,0.0007362113004994434,0.0512639641031182,0.013049768738851235,0.09224922883675708
2025-05-26,0.09596840747069514,0.09224922883675708,0.010007249034479741,0.10062862255613353,0.09224922883675708,0.009873803265847582,0.013118174458433865,0.0033998304507242122,0.09768698220024319,0.09224922883675708,0.0,0.09632295610098277,0.04669788613620557,0.09224922883675708,0.0007362113004994434,0.0512639641031182,0.013049768738851235,0.09224922883675708
2025-05-27,0.0,0.0,0.0,0.0,0.0,0.0,0.0,0.0,0.0,0.0,0.0,0.0,0.0,0.0,0.0,0.0,0.0,0.0
2025-05-28,0.0,0.15120453798749484,0.00958270251697633,0.15120453798749484,0.15120453798749484,0.00945491803809055,0.01256165035644125,0.0032555963886973893,0.0,0.15120453798749484,0.0,0.15120453798749484,0.04471677975366339,0.0,0.0007049783469977577,0.0,0.012496146674164384,0.15120453798749484
2025-05-29,0.10040308197894324,0.10040308197894324,0.009094153214238353,0.10040308197894324,0.10040308197894324,0.008972883496501612,0.011921227102979548,0.0030896182272260628,0.07106322269829564,0.10040308197894324,0.0,0.10040308197894324,0.042437010395213845,0.10040308197894324,0.0006690368493606379,0.03766912922811618,0.01185906295652219,0.10040308197894324
2025-05-30,0.0,0.0,0.0,0.0,0.0,0.0,0.0,0.0,0.0,0.0,0.0,0.0,0.0,0.0,0.0,0.0,0.0,0.0
2025-06-02,0.1116089661576554,0.1116089661576554,0.010109142252558814,0.1116089661576554,0.1116089661576554,0.009974337746999245,0.013251742935273716,0.0034344473233886117,0.07899451551548364,0.1116089661576554,0.0,0.0,0.04717336125224534,0.1116089661576554,0.0007437073604391538,0.041873341797325346,0.013182640712698179,0.1116089661576554
2025-06-03,0.10280689394509424,0.10280689394509424,0.009311881932197244,0.10280689394509424,0.10280689394509424,0.00918770882152792,0.012206640536477095,0.0031635886783223928,0.07276459103986947,0.10280689394509424,0.0,0.09911931257768643,0.023198987016364355,0.10280689394509424,0.0006850546722460585,0.038570989029710956,0.012142988079938268,0.10280689394509424
2025-06-04,0.10280689394509425,0.10280689394509425,0.009311881932197246,0.10280689394509425,0.10280689394509425,0.009187708821527921,0.012206640536477097,0.003163588678322393,0.07276459103986949,0.10280689394509425,0.0,0.09911931257768644,0.02319898701636436,0.10280689394509425,0.0006850546722460586,0.03857098902971096,0.01214298807993827,0.10280689394509425
2025-06-05,0.10280689394509425,0.10280689394509425,0.009311881932197246,0.10280689394509425,0.10280689394509425,0.009187708821527921,0.012206640536477097,0.003163588678322393,0.07276459103986949,0.10280689394509425,0.0,0.09911931257768644,0.02319898701636436,0.10280689394509425,0.0006850546722460586,0.03857098902971096,0.01214298807993827,0.10280689394509425
2025-06-06,0.10280689394509425,0.10280689394509425,0.009311881932197246,0.10280689394509425,0.10280689394509425,0.009187708821527921,0.012206640536477097,0.003163588678322393,0.07276459103986949,0.10280689394509425,0.0,0.09911931257768644,0.02319898701636436,0.10280689394509425,0.0006850546722460586,0.03857098902971096,0.01214298807993827,0.10280689394509425
2025-06-09,0.10510547981357139,0.10510547981357139,0.009520079645374997,0.10510547981357139,0.10510547981357139,0.009393130236867301,0.0124795600884841,0.003234321096651749,0.052033197200409116,0.10510547981357139,0.0,0.10133545044978204,0.02371767658738942,0.10510547981357139,0.0007003713200731975,0.03943337020780813,0.012414484472160169,0.10510547981357139
2025-06-10,0.0,0.0,0.0,0.0,0.0,0.0,0.0,0.0,0.0,0.0,0.0,0.0,0.0,0.0,0.0,0.0,0.0,0.0
2025-06-11,0.10941647769409647,0.10941647769409647,0.009910554464066062,0.10941647769409647,0.10941647769409647,0.009778398108860806,0.012991420718270157,0.06784287753607053,0.05416738661894164,0.10941647769409647,0.0,0.0,0.024690478896846293,0.10941647769409647,0.0007290976936340388,0.041050766138918005,0.012923675965717136,0.10941647769409647
2025-06-12,0.09791026337566976,0.09791026337566976,0.00886836259241036,0.09791026337566976,0.09791026337566976,0.008750103772371473,0.011625245584181274,0.08293416452724062,0.04847115536893632,0.09791026337566976,0.0,0.08293416452724062,0.02209403320787093,0.09791026337566976,0.0006524259299397438,0.036733876004229546,0.011564624855890878,0.09791026337566976
2025-06-13,0.0942421218438016,0.0942421218438016,0.008536115409905383,0.0942421218438016,0.0942421218438016,0.00842228707625616,0.011189713652437958,0.07982709236927975,0.08411953740187707,0.0942421218438016,0.0,0.07982709236927975,0.02126629525658681,0.0942421218438016,0.0006279832355012935,0.03535766628369586,0.011131364038568743,0.0942421218438016
2025-06-16,0.09017425510701235,0.09017425510701235,0.008167662543416448,0.09017425510701235,0.09017425510701235,0.00805874749570664,0.05387071864397448,0.07638143593253481,0.08048860187733167,0.09017425510701235,0.0,0.07638143593253481,0.020348356935626793,0.09017425510701235,0.0006008769685266286,0.03383148805519282,0.010650889866068308,0.09017425510701235
2025-06-17,0.08658702507257618,0.08658702507257618,0.007842744035887746,0.08658702507257618,0.08658702507257618,0.007738161747343878,0.07208389857167127,0.07334289926011772,0.07728667767245197,0.08658702507257618,0.0,0.07334289926011772,0.01953887714492285,0.08658702507257618,0.0005769734285867454,0.05191050749853492,0.010227185872332062,0.08658702507257618
2025-06-18,0.08658702507257618,0.08658702507257618,0.007842744035887746,0.08658702507257618,0.08658702507257618,0.007738161747343878,0.07208389857167127,0.07334289926011772,0.07728667767245197,0.08658702507257618,0.0,0.07334289926011772,0.01953887714492285,0.08658702507257618,0.0005769734285867454,0.05191050749853492,0.010227185872332062,0.08658702507257618
2025-06-19,0.08855790333966475,0.06579608347766326,0.008021259162856408,0.08855790333966475,0.08855790333966475,0.007914296391099949,0.07372465928591042,0.07501231712123342,0.07904586310736487,0.08855790333966475,0.0,0.07501231712123342,0.01998361754680136,0.08855790333966475,0.000590106393833398,0.05309208511916164,0.01045997523485329,0.08855790333966475
2025-06-20,0.0,0.0,0.0,0.0,0.0,0.0,0.0,0.0,0.0,0.0,0.0,0.0,0.0,0.0,0.0,0.0,0.0,0.0
2025-06-23,0.0,0.0888680017718662,0.007965495417806737,0.12653847003858362,0.12653847003858362,0.007859276250590777,0.0,0.12653847003858362,0.12653847003858362,0.12653847003858362,0.0,0.07449083194757099,0.019844691558820547,0.0,0.03135362527138076,0.0,0.010387257550462384,0.12653847003858362
2025-06-24,0.08386552934352184,0.05509283752922226,0.007618649983677453,0.08386552934352184,0.08386552934352184,0.0075170559692277,0.08386552934352184,0.08386552934352184,0.08386552934352184,0.08386552934352184,0.0,0.07124724148767957,0.018980584519916986,0.08386552934352184,0.029988379144383015,0.044830527122141785,0.009934960152054638,0.08386552934352184
2025-06-25,0.08386552934352184,0.05509283752922226,0.007618649983677453,0.08386552934352184,0.08386552934352184,0.0075170559692277,0.08386552934352184,0.08386552934352184,0.08386552934352184,0.08386552934352184,0.0,0.07124724148767957,0.018980584519916986,0.08386552934352184,0.029988379144383015,0.044830527122141785,0.009934960152054638,0.08386552934352184
2025-06-26,0.08386552934352184,0.05509283752922226,0.007618649983677453,0.08386552934352184,0.08386552934352184,0.0075170559692277,0.08386552934352184,0.08386552934352184,0.08386552934352184,0.08386552934352184,0.0,0.07124724148767957,0.018980584519916986,0.08386552934352184,0.029988379144383015,0.044830527122141785,0.009934960152054638,0.08386552934352184
2025-06-27,0.08571127254622884,0.05630534082090104,0.007786324015323718,0.08571127254622884,0.08571127254622884,0.007682494082695493,0.08571127254622884,0.08571127254622884,0.08571127254622884,0.08571127254622884,0.0,0.050806911539986885,0.019398316156922966,0.08571127254622884,0.030648374346216447,0.045817173737946595,0.01015361238394729,0.08571127254622884
2025-06-30,0.08332181836963352,0.05473566360351332,0.007569257299522655,0.08332181836963352,0.08332181836963352,0.007468321932087594,0.08332181836963352,0.08332181836963352,0.08332181836963352,0.08332181836963352,0.027877945404515547,0.04939051923390308,0.018857530958160736,0.08332181836963352,0.02979396063945547,0.044539885069890914,0.009870550532248995,0.08332181836963352
2025-07-01,0.06428173832000006,0.05587256359466086,0.007726476340825526,0.0850524738204017,0.0850524738204017,0.0076234444715708345,0.0850524738204017,0.0850524738204017,0.0850524738204017,0.0850524738204017,0.02845699083480738,0.05041639664513799,0.01924921574588333,0.0850524738204017,0.03041280311540698,0.04546501124189591,0.01007556912659769,0.0850524738204017
2025-07-02,0.06428173832000005,0.05587256359466085,0.007726476340825524,0.08505247382040168,0.08505247382040168,0.007623444471570833,0.08505247382040168,0.08505247382040168,0.08505247382040168,0.08505247382040168,0.028456990834807374,0.05041639664513797,0.019249215745883327,0.08505247382040168,0.030412803115406974,0.045465011241895906,0.010075569126597688,0.08505247382040168
2025-07-03,0.06275935452718637,0.033934499545104205,0.028353928065454954,0.08303817689771557,0.08303817689771557,0.007442898509183198,0.08303817689771557,0.08303817689771557,0.08303817689771557,0.08303817689771557,0.027783044193484527,0.04922238560638011,0.018793336753781007,0.08303817689771557,0.029692536990579364,0.06787565110762517,0.0098369495194964,0.08303817689771557
2025-07-04,0.06151489968944307,0.03326161257162507,0.027791698207995284,0.0813916134214615,0.0813916134214615,0.007295313322458993,0.0813916134214615,0.0813916134214615,0.0813916134214615,0.0813916134214615,0.047061127964492584,0.0482463552384038,0.01842068380002173,0.0813916134214615,0.029103763865342844,0.06652974525785627,0.009641892710668466,0.0813916134214615
2025-07-07,0.0,0.0,0.0,0.0,0.0,0.0,0.0,0.0,0.0,0.0,0.0,0.0,0.0,0.0,0.0,0.0,0.0,0.0
2025-07-08,0.0,0.03543573019102419,0.0,0.08671170848389628,0.08671170848389628,0.0077721654052989525,0.08671170848389628,0.08671170848389628,0.08671170848389628,0.08671170848389628,0.050137239421087575,0.05139993808919695,0.019624736463576955,0.08671170848389628,0.06078598887815675,0.07087840667851851,0.010272127001969876,0.08671170848389628
2025-07-09,0.06365633248750077,0.03279545088794205,0.03172332806625777,0.08025090951035307,0.08025090951035307,0.007193069465999254,0.08025090951035307,0.08025090951035307,0.08025090951035307,0.08025090951035307,0.04640156599645183,0.026699478919580646,0.0181625178149445,0.08025090951035307,0.05625688823631275,0.06559733051104805,0.009506761531137782,0.08025090951035307
2025-07-10,0.06365633248750077,0.03279545088794205,0.03172332806625777,0.08025090951035307,0.08025090951035307,0.007193069465999254,0.08025090951035307,0.08025090951035307,0.08025090951035307,0.08025090951035307,0.04640156599645183,0.026699478919580646,0.0181625178149445,0.08025090951035307,0.05625688823631275,0.06559733051104805,0.009506761531137782,0.08025090951035307
2025-07-11,0.06365633248750077,0.03279545088794205,0.03172332806625777,0.08025090951035307,0.08025090951035307,0.007193069465999254,0.08025090951035307,0.08025090951035307,0.08025090951035307,0.08025090951035307,0.04640156599645183,0.026699478919580646,0.0181625178149445,0.08025090951035307,0.05625688823631275,0.06559733051104805,0.009506761531137782,0.08025090951035307
2025-07-14,0.06365633248750077,0.03279545088794205,0.03172332806625777,0.08025090951035307,0.08025090951035307,0.007193069465999254,0.08025090951035307,0.08025090951035307,0.08025090951035307,0.08025090951035307,0.04640156599645183,0.026699478919580646,0.0181625178149445,0.08025090951035307,0.05625688823631275,0.06559733051104805,0.009506761531137782,0.08025090951035307
2025-07-15,0.060969653542897795,0.03141128620335712,0.051602512268487256,0.0768638399064132,0.0768638399064132,0.006889478801470137,0.0768638399064132,0.0768638399064132,0.0768638399064132,0.0768638399064132,0.06543103926615088,0.025572600806406384,0.017395950652062953,0.0768638399064132,0.05388251020969517,0.06282872981070452,0.009105519187462318,0.0768638399064132
2025-07-16,0.060969653542897795,0.03141128620335712,0.051602512268487256,0.0768638399064132,0.0768638399064132,0.006889478801470137,0.0768638399064132,0.0768638399064132,0.0768638399064132,0.0768638399064132,0.06543103926615088,0.025572600806406384,0.017395950652062953,0.0768638399064132,0.05388251020969517,0.06282872981070452,0.009105519187462318,0.0768638399064132
2025-07-17,0.060969653542897795,0.03141128620335712,0.051602512268487256,0.0768638399064132,0.0768638399064132,0.006889478801470137,0.0768638399064132,0.0768638399064132,0.0768638399064132,0.0768638399064132,0.06543103926615088,0.025572600806406384,0.017395950652062953,0.0768638399064132,0.05388251020969517,0.06282872981070452,0.009105519187462318,0.0768638399064132
2025-07-18,0.060969653542897795,0.03141128620335712,0.051602512268487256,0.0768638399064132,0.0768638399064132,0.006889478801470137,0.0768638399064132,0.0768638399064132,0.0768638399064132,0.0768638399064132,0.06543103926615088,0.025572600806406384,0.017395950652062953,0.0768638399064132,0.05388251020969517,0.06282872981070452,0.009105519187462318,0.0768638399064132
2025-07-21,0.05913706818877242,0.030467146623984063,0.05005147822574387,0.07455351765445514,0.07455351765445514,0.006682399423197992,0.07455351765445514,0.07455351765445514,0.051199553113888525,0.07455351765445514,0.06346435654291736,0.04975487455046256,0.016873074720618993,0.07455351765445514,0.052262945503060876,0.06094026557679861,0.03729221394936872,0.07455351765445514
2025-07-22,0.0,0.0,0.0,0.0,0.0,0.0,0.0,0.0,0.0,0.0,0.0,0.0,0.0,0.0,0.0,0.0,0.0,0.0
2025-07-23,0.06327661297031632,0.03259982113218349,0.08412681692281077,0.07977220086626229,0.07977220086626229,0.007150161733838597,0.07977220086626229,0.07977220086626229,0.054783478550189,0.07977220086626229,0.0,0.0532376737085859,0.01805417568736593,0.07977220086626229,0.0,0.06520603265116687,0.06315982057970707,0.07977220086626229
2025-07-24,0.056834022071436535,0.010441522733673906,0.07556133530778056,0.07165009016596792,0.07165009016596792,0.006422158688960755,0.07165009016596792,0.07165009016596792,0.0492056272122548,0.07165009016596792,0.06032770482969153,0.047817210507223235,0.016215966236667847,0.07165009016596792,0.06032770482969153,0.05856699537040191,0.056729121050442,0.07165009016596792
2025-07-25,0.056834022071436535,0.010441522733673906,0.07556133530778056,0.07165009016596792,0.07165009016596792,0.006422158688960755,0.07165009016596792,0.07165009016596792,0.0492056272122548,0.07165009016596792,0.06032770482969153,0.047817210507223235,0.016215966236667847,0.07165009016596792,0.06032770482969153,0.05856699537040191,0.056729121050442,0.07165009016596792
2025-07-28,0.056834022071436535,0.010441522733673906,0.07556133530778056,0.07165009016596792,0.07165009016596792,0.006422158688960755,0.07165009016596792,0.07165009016596792,0.0492056272122548,0.07165009016596792,0.06032770482969153,0.047817210507223235,0.016215966236667847,0.07165009016596792,0.06032770482969153,0.05856699537040191,0.056729121050442,0.07165009016596792
2025-07-29,0.056834022071436535,0.010441522733673906,0.07556133530778056,0.07165009016596792,0.07165009016596792,0.006422158688960755,0.07165009016596792,0.07165009016596792,0.0492056272122548,0.07165009016596792,0.06032770482969153,0.047817210507223235,0.016215966236667847,0.07165009016596792,0.06032770482969153,0.05856699537040191,0.056729121050442,0.07165009016596792
2025-07-30,0.056834022071436535,0.010441522733673906,0.07556133530778056,0.07165009016596792,0.07165009016596792,0.006422158688960755,0.07165009016596792,0.07165009016596792,0.0492056272122548,0.07165009016596792,0.06032770482969153,0.047817210507223235,0.016215966236667847,0.07165009016596792,0.06032770482969153,0.05856699537040191,0.056729121050442,0.07165009016596792
2025-07-31,0.056834022071436535,0.010441522733673906,0.07556133530778056,0.07165009016596792,0.07165009016596792,0.006422158688960755,0.07165009016596792,0.07165009016596792,0.0492056272122548,0.07165009016596792,0.06032770482969153,0.047817210507223235,0.016215966236667847,0.07165009016596792,0.06032770482969153,0.05856699537040191,0.056729121050442,0.07165009016596792
2025-08-01,0.056834022071436535,0.010441522733673906,0.07556133530778056,0.07165009016596792,0.07165009016596792,0.006422158688960755,0.07165009016596792,0.07165009016596792,0.0492056272122548,0.07165009016596792,0.06032770482969153,0.047817210507223235,0.016215966236667847,0.07165009016596792,0.06032770482969153,0.05856699537040191,0.056729121050442,0.07165009016596792
2025-08-04,0.0,0.0,0.0,0.0,0.0,0.0,0.0,0.0,0.0,0.0,0.0,0.0,0.0,0.0,0.0,0.0,0.0,0.0
2025-08-05,0.05968814254846146,0.010965880552447346,0.07935591374008316,0.07524825165568848,0.07524825165568848,0.0067446699938588555,0.07524825165568848,0.07524825165568848,0.051676660989080046,0.07524825165568848,0.06335727288436688,0.0,0.017030308062284987,0.07524825165568848,0.06335727288436688,0.06150814320179035,0.05957797355344065,0.07524825165568848
2025-08-06,0.05597028817576912,0.010282837904081516,0.07441299344970852,0.07056118937646923,0.07056118937646923,0.006324558062771777,0.07056118937646923,0.07056118937646923,0.04845782569246478,0.07056118937646923,0.05941087576129076,0.06228798910392936,0.015969524419264823,0.07056118937646923,0.05941087576129076,0.05767692464823431,0.05586698138590975,0.07056118937646923
2025-08-07,0.05597028817576911,0.010282837904081514,0.0744129934497085,0.07056118937646921,0.07056118937646921,0.006324558062771775,0.07056118937646921,0.07056118937646921,0.04845782569246477,0.07056118937646921,0.05941087576129075,0.062287989103929346,0.01596952441926482,0.07056118937646921,0.05941087576129075,0.0576769246482343,0.05586698138590974,0.07056118937646921
2025-08-08,0.05597028817576911,0.010282837904081514,0.0744129934497085,0.07056118937646921,0.07056118937646921,0.006324558062771775,0.07056118937646921,0.07056118937646921,0.04845782569246477,0.07056118937646921,0.05941087576129075,0.062287989103929346,0.01596952441926482,0.07056118937646921,0.05941087576129075,0.0576769246482343,0.05586698138590974,0.07056118937646921
2025-08-11,0.05597028817576911,0.010282837904081514,0.0744129934497085,0.07056118937646921,0.07056118937646921,0.006324558062771775,0.07056118937646921,0.07056118937646921,0.04845782569246477,0.07056118937646921,0.05941087576129075,0.062287989103929346,0.01596952441926482,0.07056118937646921,0.05941087576129075,0.0576769246482343,0.05586698138590974,0.07056118937646921
2025-08-12,0.0,0.0,0.0,0.0,0.0,0.0,0.0,0.0,0.0,0.0,0.0,0.0,0.0,0.0,0.0,0.0,0.0,0.0
2025-08-13,0.08545922384976604,0.011107448188479073,0.08038038496786924,0.076219693670898,0.076219693670898,0.006831742525998704,0.076219693670898,0.076219693670898,0.05234379781400235,0.076219693670898,0.0,0.06728304172351365,0.01725016641672709,0.076219693670898,0.0,0.08545922384976604,0.060347114967591736,0.076219693670898
2025-08-14,0.07508672925518027,0.009759297092499326,0.07062432738822591,0.06696863421835493,0.06696863421835493,0.0060025492659815495,0.06696863421835493,0.06696863421835493,0.045990642058220045,0.06696863421835493,0.06068680551569359,0.059116655988355304,0.015156451427836556,0.06696863421835493,0.06068680551569359,0.07508672925518027,0.05302256770864884,0.06696863421835493
2025-08-15,0.07508672925518028,0.009759297092499328,0.07062432738822592,0.06696863421835494,0.06696863421835494,0.006002549265981551,0.06696863421835494,0.06696863421835494,0.04599064205822005,0.06696863421835494,0.0606868055156936,0.05911665598835532,0.01515645142783656,0.06696863421835494,0.0606868055156936,0.07508672925518028,0.053022567708648854,0.06696863421835494
2025-08-18,0.07508672925518028,0.009759297092499328,0.07062432738822592,0.06696863421835494,0.06696863421835494,0.006002549265981551,0.06696863421835494,0.06696863421835494,0.04599064205822005,0.06696863421835494,0.0606868055156936,0.05911665598835532,0.01515645142783656,0.06696863421835494,0.0606868055156936,0.07508672925518028,0.053022567708648854,0.06696863421835494
2025-08-19,0.07508672925518028,0.009759297092499328,0.07062432738822592,0.06696863421835494,0.06696863421835494,0.006002549265981551,0.06696863421835494,0.06696863421835494,0.04599064205822005,0.06696863421835494,0.0606868055156936,0.05911665598835532,0.01515645142783656,0.06696863421835494,0.0606868055156936,0.07508672925518028,0.053022567708648854,0.06696863421835494
2025-08-20,0.07508672925518028,0.009759297092499328,0.07062432738822592,0.06696863421835494,0.06696863421835494,0.006002549265981551,0.06696863421835494,0.06696863421835494,0.04599064205822005,0.06696863421835494,0.0606868055156936,0.05911665598835532,0.01515645142783656,0.06696863421835494,0.0606868055156936,0.07508672925518028,0.053022567708648854,0.06696863421835494
2025-08-21,0.05379171481143977,0.009983993157653815,0.07225036749315449,0.0685105063895792,0.0685105063895792,0.006140750735634383,0.0685105063895792,0.0685105063895792,0.04704952121790388,0.0685105063895792,0.06208404614449383,0.06047774581478185,0.015505410473274105,0.0685105063895792,0.06208404614449383,0.07681551079026916,0.05424334848984645,0.0685105063895792
2025-08-22,0.05491018751686824,0.010191586908423138,0.07375264464274044,0.06993502188793121,0.06993502188793121,0.006268433262817663,0.06993502188793121,0.06993502188793121,0.027235148244687063,0.06993502188793121,0.06337493845567203,0.06173523887327214,0.015827809163511317,0.06993502188793121,0.06337493845567203,0.07841270940112643,0.05537121185969083,0.06993502188793121
2025-08-25,0.05491018751686825,0.01019158690842314,0.07375264464274045,0.06993502188793123,0.06993502188793123,0.006268433262817664,0.06993502188793123,0.06993502188793123,0.027235148244687066,0.06993502188793123,0.06337493845567205,0.06173523887327215,0.01582780916351132,0.06993502188793123,0.06337493845567205,0.07841270940112645,0.055371211859690836,0.06993502188793123
2025-08-26,0.0,0.0,0.0,0.0,0.0,0.0,0.0,0.0,0.0,0.0,0.0,0.0,0.0,0.0,0.0,0.0,0.0,0.0
2025-08-27,0.057712809279175645,0.010711766579148527,0.07751698740408998,0.07350451278122583,0.07350451278122583,0.006588374757691406,0.051089640393591096,0.07350451278122583,0.0,0.07350451278122583,0.0666096019986839,0.06488621197665713,0.01663566221259585,0.07350451278122583,0.0666096019986839,0.08241490235924688,0.05819736435308071,0.07350451278122583
2025-08-28,0.05642255778877069,0.010472289884698248,0.0757839854972513,0.07186121542051864,0.07186121542051864,0.006441082320247628,0.0499474592125778,0.07186121542051864,0.02235641457277852,0.07186121542051864,0.06512045012187355,0.0634355889216498,0.01626374845147835,0.07186121542051864,0.06512045012187355,0.0805724006351285,0.0568962799485602,0.07186121542051864
2025-08-29,0.05642255778877069,0.010472289884698248,0.0757839854972513,0.07186121542051864,0.07186121542051864,0.006441082320247628,0.0499474592125778,0.07186121542051864,0.02235641457277852,0.07186121542051864,0.06512045012187355,0.0634355889216498,0.01626374845147835,0.07186121542051864,0.06512045012187355,0.0805724006351285,0.0568962799485602,0.07186121542051864
2025-09-01,0.057596488713176824,0.010690176939571175,0.07736075138019882,0.07335636392767028,0.07335636392767028,0.006575095842830065,0.05098666887025888,0.07335636392767028,0.02282156339719165,0.07335636392767028,0.0664753498854665,0.04394937688250144,0.016602132920424787,0.07335636392767028,0.0664753498854665,0.08224879455391043,0.058080067162981315,0.07335636392767028
2025-09-02,0.0,0.0,0.0,0.0,0.0,0.0,0.0,0.0,0.0,0.0,0.0,0.0,0.0,0.0,0.0,0.0,0.0,0.0
2025-09-03,0.0,0.010752488452830222,0.0,0.1283964353549475,0.1283964353549475,0.006613421136612008,0.0,0.1283964353549475,0.022954587027974822,0.1283964353549475,0.1283964353549475,0.04420555151794678,0.016698904380003734,0.0,0.1283964353549475,0.0,0.0,0.1283964353549475
2025-09-04,0.0335182583045724,0.010382483229338539,0.07321749688410231,0.08130875750803777,0.08130875750803777,0.006385845875645077,0.045562919736472154,0.08130875750803777,0.02216469386596826,0.08130875750803777,0.08130875750803777,0.04268438876192766,0.016124276295138115,0.08130875750803777,0.08130875750803777,0.06468599910742262,0.034803577875110694,0.08130875750803777
2025-09-05,0.0335182583045724,0.010382483229338539,0.07321749688410231,0.08130875750803777,0.08130875750803777,0.006385845875645077,0.045562919736472154,0.08130875750803777,0.02216469386596826,0.08130875750803777,0.08130875750803777,0.04268438876192766,0.016124276295138115,0.08130875750803777,0.08130875750803777,0.06468599910742262,0.034803577875110694,0.08130875750803777
2025-09-08,0.0335182583045724,0.010382483229338539,0.07321749688410231,0.08130875750803777,0.08130875750803777,0.006385845875645077,0.045562919736472154,0.08130875750803777,0.02216469386596826,0.08130875750803777,0.08130875750803777,0.04268438876192766,0.016124276295138115,0.08130875750803777,0.08130875750803777,0.06468599910742262,0.034803577875110694,0.08130875750803777
2025-09-09,0.0335182583045724,0.010382483229338539,0.07321749688410231,0.08130875750803777,0.08130875750803777,0.006385845875645077,0.045562919736472154,0.08130875750803777,0.02216469386596826,0.08130875750803777,0.08130875750803777,0.04268438876192766,0.016124276295138115,0.08130875750803777,0.08130875750803777,0.06468599910742262,0.034803577875110694,0.08130875750803777
2025-09-10,0.0335182583045724,0.010382483229338539,0.07321749688410231,0.08130875750803777,0.08130875750803777,0.006385845875645077,0.045562919736472154,0.08130875750803777,0.02216469386596826,0.08130875750803777,0.08130875750803777,0.04268438876192766,0.016124276295138115,0.08130875750803777,0.08130875750803777,0.06468599910742262,0.034803577875110694,0.08130875750803777
2025-09-11,0.0335182583045724,0.010382483229338539,0.07321749688410231,0.08130875750803777,0.08130875750803777,0.006385845875645077,0.045562919736472154,0.08130875750803777,0.02216469386596826,0.08130875750803777,0.08130875750803777,0.04268438876192766,0.016124276295138115,0.08130875750803777,0.08130875750803777,0.06468599910742262,0.034803577875110694,0.08130875750803777
2025-09-12,0.0335182583045724,0.010382483229338539,0.07321749688410231,0.08130875750803777,0.08130875750803777,0.006385845875645077,0.045562919736472154,0.08130875750803777,0.02216469386596826,0.08130875750803777,0.08130875750803777,0.04268438876192766,0.016124276295138115,0.08130875750803777,0.08130875750803777,0.06468599910742262,0.034803577875110694,0.08130875750803777
2025-09-15,0.03420652023485045,0.010595676524872312,0.07472094062743981,0.08297834671767036,0.08297834671767036,0.006516972456533978,0.046498506031021666,0.08297834671767036,0.02261982237669199,0.08297834671767036,0.08297834671767036,0.0435608674719809,0.01645537122931954,0.08297834671767036,0.08297834671767036,0.04548031682462352,0.035518232481303,0.08297834671767036
2025-09-16,0.0,0.0,0.0,0.0,0.0,0.0,0.0,0.0,0.0,0.0,0.0,0.0,0.0,0.0,0.0,0.0,0.0,0.0
2025-09-17,0.03670360253536586,0.011369162869890504,0.10971232528600765,0.08903578136732587,0.08903578136732587,0.04441601042475227,0.04989290556693754,0.08903578136732587,0.02427107359166045,0.08903578136732587,0.0,0.04674081885003888,0.017656616370977662,0.08903578136732587,0.0,0.04880038836025124,0.07622240794016279,0.08903578136732587
2025-09-18,0.03281776513458158,0.01016550123332881,0.07514109774103263,0.07960949769634731,0.07960949769634731,0.03971365472722029,0.044610706951720015,0.07960949769634731,0.02170147717591936,0.07960949769634731,0.07514109774103263,0.02033677708379811,0.015787297407000356,0.07960949769634731,0.07514109774103263,0.04363385534539682,0.06815268553985268,0.07960949769634731
2025-09-19,0.032817765134581595,0.010165501233328813,0.07514109774103266,0.07960949769634734,0.07960949769634734,0.039713654727220306,0.04461070695172003,0.07960949769634734,0.021701477175919366,0.07960949769634734,0.07514109774103266,0.020336777083798118,0.015787297407000363,0.07960949769634734,0.07514109774103266,0.043633855345396835,0.06815268553985271,0.07960949769634734
2025-09-22,0.03281776513458159,0.010165501233328812,0.07514109774103264,0.07960949769634733,0.07960949769634733,0.0397136547272203,0.04461070695172002,0.07960949769634733,0.021701477175919363,0.07960949769634733,0.07514109774103264,0.020336777083798115,0.01578729740700036,0.07960949769634733,0.07514109774103264,0.04363385534539683,0.0681526855398527,0.07960949769634733
2025-09-23,0.032817765134581595,0.010165501233328813,0.07514109774103266,0.07960949769634734,0.07960949769634734,0.039713654727220306,0.04461070695172003,0.07960949769634734,0.021701477175919366,0.07960949769634734,0.07514109774103266,0.020336777083798118,0.015787297407000363,0.07960949769634734,0.07514109774103266,0.043633855345396835,0.06815268553985271,0.07960949769634734
2025-09-24,0.0,0.0,0.0,0.0,0.0,0.0,0.0,0.0,0.0,0.0,0.0,0.0,0.0,0.0,0.0,0.0,0.0,0.0
2025-09-25,0.03483272023801356,0.010789645763129713,0.07975463366433141,0.0844973857961948,0.0844973857961948,0.07840938473768973,0.04734972867582141,0.0844973857961948,0.02303391105763891,0.0844973857961948,0.0,0.0551757062954003,0.016756610684403067,0.0844973857961948,0.0,0.04631290003811339,0.1006004440682897,0.0844973857961948
2025-09-26,0.011327119793053737,0.009708338879660107,0.07176185649044733,0.07602930381255518,0.07602930381255518,0.0705514244944345,0.042604476730429226,0.07602930381255518,0.020725519556505236,0.07602930381255518,0.07025013851046985,0.0496461576589298,0.015077311949816099,0.07602930381255518,0.07025013851046985,0.04167155603998331,0.07025013851046985,0.07602930381255518
2025-09-29,0.011327119793053737,0.009708338879660107,0.07176185649044733,0.07602930381255518,0.07602930381255518,0.0705514244944345,0.042604476730429226,0.07602930381255518,0.020725519556505236,0.07602930381255518,0.07025013851046985,0.0496461576589298,0.015077311949816099,0.07602930381255518,0.07025013851046985,0.04167155603998331,0.07025013851046985,0.07602930381255518
2025-09-30,0.011094634216400409,0.00950907827290217,0.07028896692163336,0.07446882622757789,0.07446882622757789,0.06910337866222206,0.04173003322478525,0.07446882622757789,0.020300134776122775,0.07446882622757789,0.0688082764784643,0.06915187182969922,0.014767854856832524,0.07446882622757789,0.0688082764784643,0.04081626043854205,0.0688082764784643,0.07446882622757789
2025-10-01,0.011094634216400409,0.00950907827290217,0.07028896692163336,0.07446882622757789,0.07446882622757789,0.06910337866222206,0.04173003322478525,0.07446882622757789,0.020300134776122775,0.07446882622757789,0.0688082764784643,0.06915187182969922,0.014767854856832524,0.07446882622757789,0.0688082764784643,0.04081626043854205,0.0688082764784643,0.07446882622757789
2025-10-02,0.011094634216400409,0.00950907827290217,0.07028896692163336,0.07446882622757789,0.07446882622757789,0.06910337866222206,0.04173003322478525,0.07446882622757789,0.020300134776122775,0.07446882622757789,0.0688082764784643,0.06915187182969922,0.014767854856832524,0.07446882622757789,0.0688082764784643,0.04081626043854205,0.0688082764784643,0.07446882622757789
2025-10-03,0.011094634216400409,0.00950907827290217,0.07028896692163336,0.07446882622757789,0.07446882622757789,0.06910337866222206,0.04173003322478525,0.07446882622757789,0.020300134776122775,0.07446882622757789,0.0688082764784643,0.06915187182969922,0.014767854856832524,0.07446882622757789,0.0688082764784643,0.04081626043854205,0.0688082764784643,0.07446882622757789
2025-10-06,0.011094634216400409,0.00950907827290217,0.07028896692163336,0.07446882622757789,0.07446882622757789,0.06910337866222206,0.04173003322478525,0.07446882622757789,0.020300134776122775,0.07446882622757789,0.0688082764784643,0.06915187182969922,0.014767854856832524,0.07446882622757789,0.0688082764784643,0.04081626043854205,0.0688082764784643,0.07446882622757789
2025-10-07,0.011094634216400409,0.00950907827290217,0.07028896692163336,0.07446882622757789,0.07446882622757789,0.06910337866222206,0.04173003322478525,0.07446882622757789,0.020300134776122775,0.07446882622757789,0.0688082764784643,0.06915187182969922,0.014767854856832524,0.07446882622757789,0.0688082764784643,0.04081626043854205,0.0688082764784643,0.07446882622757789
2025-10-08,0.011094634216400409,0.00950907827290217,0.07028896692163336,0.07446882622757789,0.07446882622757789,0.06910337866222206,0.04173003322478525,0.07446882622757789,0.020300134776122775,0.07446882622757789,0.0688082764784643,0.06915187182969922,0.014767854856832524,0.07446882622757789,0.0688082764784643,0.04081626043854205,0.0688082764784643,0.07446882622757789
2025-10-09,0.011094634216400409,0.00950907827290217,0.07028896692163336,0.07446882622757789,0.07446882622757789,0.06910337866222206,0.04173003322478525,0.07446882622757789,0.020300134776122775,0.07446882622757789,0.0688082764784643,0.06915187182969922,0.014767854856832524,0.07446882622757789,0.0688082764784643,0.04081626043854205,0.0688082764784643,0.07446882622757789
2025-10-10,0.011094634216400409,0.00950907827290217,0.07028896692163336,0.07446882622757789,0.07446882622757789,0.06910337866222206,0.04173003322478525,0.07446882622757789,0.020300134776122775,0.07446882622757789,0.0688082764784643,0.06915187182969922,0.014767854856832524,0.07446882622757789,0.0688082764784643,0.04081626043854205,0.0688082764784643,0.07446882622757789
2025-10-13,0.011094634216400409,0.00950907827290217,0.07028896692163336,0.07446882622757789,0.07446882622757789,0.06910337866222206,0.04173003322478525,0.07446882622757789,0.020300134776122775,0.07446882622757789,0.0688082764784643,0.06915187182969922,0.014767854856832524,0.07446882622757789,0.0688082764784643,0.04081626043854205,0.0688082764784643,0.07446882622757789
2025-10-14,0.0,0.0,0.0,0.0,0.0,0.0,0.0,0.0,0.0,0.0,0.0,0.0,0.0,0.0,0.0,0.0,0.0,0.0
2025-10-15,0.012200298434407914,0.03678417123012283,0.07729379413180683,0.0818902080334907,0.0818902080334907,0.07599005303471269,0.045888746676077306,0.0818902080334907,0.022323196754093146,0.0818902080334907,0.0,0.07604337891312483,0.016239583295413324,0.0818902080334907,0.0,0.07022998764306719,0.07566554168622965,0.0818902080334907
2025-10-16,0.010903814741700428,0.03287524405051253,0.06908004885515366,0.07318801768309567,0.07318801768309567,0.0679148518339264,0.02019109881650997,0.07318801768309567,0.019950987523607466,0.07318801768309567,0.06354388223567496,0.06796251095491188,0.014513858713177723,0.07318801768309567,0.06354388223567496,0.06276688875185522,0.06762482518872079,0.07318801768309567
2025-10-17,0.010396150440908051,0.03134462488835319,0.06586379146895327,0.06978049979108913,0.06978049979108913,0.06475284417088063,0.019251033315973522,0.06978049979108913,0.06558051337737265,0.06978049979108913,0.06058537997669616,0.06479828435886839,0.013838116497268096,0.06978049979108913,0.06058537997669616,0.05984456207573689,0.06447632070575808,0.06978049979108913
2025-10-20,0.010396150440908053,0.0313446248883532,0.06586379146895328,0.06978049979108915,0.06978049979108915,0.06475284417088065,0.019251033315973526,0.06978049979108915,0.06558051337737267,0.06978049979108915,0.06058537997669617,0.0647982843588684,0.013838116497268097,0.06978049979108915,0.06058537997669617,0.0598445620757369,0.0644763207057581,0.06978049979108915
2025-10-21,0.010396150440908051,0.03134462488835319,0.06586379146895327,0.06978049979108913,0.06978049979108913,0.06475284417088063,0.019251033315973522,0.06978049979108913,0.06558051337737265,0.06978049979108913,0.060585379976696156,0.06479828435886839,0.013838116497268094,0.06978049979108913,0.060585379976696156,0.059844562075736886,0.06447632070575808,0.06978049979108913
2025-10-22,0.010396150440908053,0.0313446248883532,0.06586379146895328,0.06978049979108915,0.06978049979108915,0.06475284417088065,0.019251033315973526,0.06978049979108915,0.06558051337737267,0.06978049979108915,0.06058537997669616,0.0647982843588684,0.013838116497268096,0.06978049979108915,0.06058537997669616,0.05984456207573689,0.0644763207057581,0.06978049979108915
2025-10-23,0.010613640120254288,0.03200036111061592,0.06724167600116852,0.0712403226948118,0.0712403226948118,0.06610748744922969,0.019653769029233277,0.0712403226948118,0.06695247167163533,0.0712403226948118,0.06185283901733799,0.06615387825561904,0.014127612838904702,0.0712403226948118,0.06185283901733799,0.04017631026541506,0.06582517905437732,0.0712403226948118
2025-10-24,0.010613640120254288,0.03200036111061592,0.06724167600116852,0.0712403226948118,0.0712403226948118,0.06610748744922969,0.019653769029233277,0.0712403226948118,0.06695247167163533,0.0712403226948118,0.06185283901733799,0.06615387825561904,0.014127612838904702,0.0712403226948118,0.06185283901733799,0.04017631026541506,0.06582517905437732,0.0712403226948118
2025-10-27,0.0,0.0,0.0,0.0,0.0,0.0,0.0,0.0,0.0,0.0,0.0,0.0,0.0,0.0,0.0,0.0,0.0,0.0
2025-10-28,0.012182856771828983,0.03673158422937931,0.07718329418920788,0.08177313701389906,0.08177313701389906,0.07588141693277534,0.022559560188292943,0.08177313701389906,0.0,0.08177313701389906,0.07099772275500615,0.07593466657600496,0.016216367032812547,0.08177313701389906,0.0,0.046116339732497666,0.07555736950879985,0.08177313701389906
2025-10-29,0.010709896923600531,0.03229057751436935,0.06785150153794782,0.07188641259933677,0.07188641259933677,0.06670702684824996,0.019832012210557016,0.07188641259933677,0.060452153210667645,0.07188641259933677,0.06241379232781788,0.06675383838029773,0.014255738424036539,0.07188641259933677,0.060452153210667645,0.040540675662449364,0.06642215815331785,0.07188641259933677
2025-10-30,0.010474224968354618,0.03158002132572278,0.06635842498007902,0.07030454756984547,0.07030454756984547,0.06523913452789293,0.01939560753481981,0.07030454756984547,0.05912189977801426,0.07030454756984547,0.061040372903043046,0.06528491596923446,0.013942040003609771,0.07030454756984547,0.05912189977801426,0.06165363842563687,0.06496053438650544,0.07030454756984547
2025-10-31,0.010474224968354618,0.03158002132572278,0.06635842498007902,0.07030454756984547,0.07030454756984547,0.06523913452789293,0.01939560753481981,0.07030454756984547,0.05912189977801426,0.07030454756984547,0.061040372903043046,0.06528491596923446,0.013942040003609771,0.07030454756984547,0.05912189977801426,0.06165363842563687,0.06496053438650544,0.07030454756984547
2025-11-03,0.010474224968354618,0.03158002132572278,0.06635842498007902,0.07030454756984547,0.07030454756984547,0.06523913452789293,0.01939560753481981,0.07030454756984547,0.05912189977801426,0.07030454756984547,0.061040372903043046,0.06528491596923446,0.013942040003609771,0.07030454756984547,0.05912189977801426,0.06165363842563687,0.06496053438650544,0.07030454756984547
2025-11-04,0.0,0.0,0.0,0.0,0.0,0.0,0.0,0.0,0.0,0.0,0.0,0.0,0.0,0.0,0.0,0.0,0.0,0.0
2025-11-05,0.011639755248510181,0.03509412105284277,0.07374252775535702,0.0781277592416265,0.0781277592416265,0.0724986870936563,0.021553873941369702,0.0781277592416265,0.08795816492229136,0.0781277592416265,0.0,0.07254956291251158,0.015493455009535508,0.0781277592416265,0.0,0.0685142111824707,0.0721890854316958,0.0781277592416265
2025-11-06,0.010462528859593695,0.03154475729757618,0.06628432543017289,0.07022604155749146,0.07022604155749146,0.06516628484066432,0.019373949308469238,0.07022604155749146,0.060066876638760036,0.07022604155749146,0.060066876638760036,0.06521201515987331,0.013926471537520487,0.07022604155749146,0.060066876638760036,0.061584792505035436,0.0648879957998656,0.07022604155749146
2025-11-07,0.010462528859593695,0.03154475729757618,0.06628432543017289,0.07022604155749146,0.07022604155749146,0.06516628484066432,0.019373949308469238,0.07022604155749146,0.060066876638760036,0.07022604155749146,0.060066876638760036,0.06521201515987331,0.013926471537520487,0.07022604155749146,0.060066876638760036,0.061584792505035436,0.0648879957998656,0.07022604155749146
2025-11-10,0.010176182652201323,0.05805015474962841,0.0644702071179364,0.06830404345072134,0.06830404345072134,0.06338276588799116,0.01884370877282615,0.06830404345072134,0.05842292205127588,0.06830404345072134,0.05842292205127588,0.0634272446260916,0.013545321591781493,0.06830404345072134,0.05842292205127588,0.05989929447645003,0.0631120932669377,0.06830404345072134
2025-11-11,0.010176182652201323,0.05805015474962841,0.0644702071179364,0.06830404345072134,0.06830404345072134,0.06338276588799116,0.01884370877282615,0.06830404345072134,0.05842292205127588,0.06830404345072134,0.05842292205127588,0.0634272446260916,0.013545321591781493,0.06830404345072134,0.05842292205127588,0.05989929447645003,0.0631120932669377,0.06830404345072134
2025-11-12,0.010176182652201323,0.05805015474962841,0.0644702071179364,0.06830404345072134,0.06830404345072134,0.06338276588799116,0.01884370877282615,0.06830404345072134,0.05842292205127588,0.06830404345072134,0.05842292205127588,0.0634272446260916,0.013545321591781493,0.06830404345072134,0.05842292205127588,0.05989929447645003,0.0631120932669377,0.06830404345072134
2025-11-13,0.010176182652201323,0.05805015474962841,0.0644702071179364,0.06830404345072134,0.06830404345072134,0.06338276588799116,0.01884370877282615,0.06830404345072134,0.05842292205127588,0.06830404345072134,0.05842292205127588,0.0634272446260916,0.013545321591781493,0.06830404345072134,0.05842292205127588,0.05989929447645003,0.0631120932669377,0.06830404345072134
2025-11-14,0.010176182652201323,0.05805015474962841,0.0644702071179364,0.06830404345072134,0.06830404345072134,0.06338276588799116,0.01884370877282615,0.06830404345072134,0.05842292205127588,0.06830404345072134,0.05842292205127588,0.0634272446260916,0.013545321591781493,0.06830404345072134,0.05842292205127588,0.05989929447645003,0.0631120932669377,0.06830404345072134
2025-11-17,0.010176182652201323,0.05805015474962841,0.0644702071179364,0.06830404345072134,0.06830404345072134,0.06338276588799116,0.01884370877282615,0.06830404345072134,0.05842292205127588,0.06830404345072134,0.05842292205127588,0.0634272446260916,0.013545321591781493,0.06830404345072134,0.05842292205127588,0.05989929447645003,0.0631120932669377,0.06830404345072134
2025-11-18,0.010176182652201323,0.05805015474962841,0.0644702071179364,0.06830404345072134,0.06830404345072134,0.06338276588799116,0.01884370877282615,0.06830404345072134,0.05842292205127588,0.06830404345072134,0.05842292205127588,0.0634272446260916,0.013545321591781493,0.06830404345072134,0.05842292205127588,0.05989929447645003,0.0631120932669377,0.06830404345072134
2025-11-19,0.010176182652201323,0.05805015474962841,0.0644702071179364,0.06830404345072134,0.06830404345072134,0.06338276588799116,0.01884370877282615,0.06830404345072134,0.05842292205127588,0.06830404345072134,0.05842292205127588,0.0634272446260916,0.013545321591781493,0.06830404345072134,0.05842292205127588,0.05989929447645003,0.0631120932669377,0.06830404345072134
2025-11-20,0.010404202226733411,0.03694371333781914,0.06591480276833457,0.06983454456874968,0.06983454456874968,0.06480299504507299,0.01926594318074108,0.06983454456874968,0.05973201508589938,0.06983454456874968,0.05973201508589938,0.06484847042634348,0.0138488340749807,0.06983454456874968,0.05973201508589938,0.06124146885638196,0.06452625741339625,0.06983454456874968
2025-11-21,0.010404202226733413,0.036943713337819144,0.06591480276833458,0.0698345445687497,0.0698345445687497,0.064802995045073,0.019265943180741082,0.0698345445687497,0.05973201508589939,0.0698345445687497,0.05973201508589939,0.0648484704263435,0.013848834074980703,0.0698345445687497,0.05973201508589939,0.06124146885638197,0.06452625741339627,0.0698345445687497
2025-11-24,0.010627696949024698,0.03773730853838428,0.06733073166115648,0.07133467420912015,0.07133467420912015,0.06619504097667053,0.0196797987101728,0.07133467420912015,0.06101513029575373,0.07133467420912015,0.06101513029575373,0.06624149322358498,0.014146323614129893,0.07133467420912015,0.06101513029575373,0.06255700894071431,0.06591235868928726,0.049853476764012826
2025-11-25,0.0,0.0,0.0,0.0,0.0,0.0,0.0,0.0,0.0,0.0,0.0,0.0,0.0,0.0,0.0,0.0,0.0,0.0
2025-11-26,0.011820997441390618,0.04197453407044569,0.07489076989220418,0.07934428365364965,0.07934428365364965,0.07362756143416177,0.021889488504975102,0.07934428365364965,0.09131598403921372,0.07934428365364965,0.0,0.07367922943848634,0.01573470301701247,0.07934428365364965,0.0,0.06958104339784514,0.07331313897632241,0.05545113151969429
2025-11-27,0.01082049026201895,0.038421887781798725,0.06855215478655644,0.07262873144824795,0.07262873144824795,0.06739586193674257,0.020036803017935118,0.07262873144824795,0.06486614738377126,0.046255593912237554,0.06486614738377126,0.0674431568575328,0.014402947096088248,0.07262873144824795,0.06486614738377126,0.06369183364097998,0.06710805160939252,0.05075785115441149
2025-11-28,0.0,0.0,0.0,0.0,0.0,0.0,0.0,0.0,0.0,0.0,0.0,0.0,0.0,0.0,0.0,0.0,0.0,0.0
2025-12-01,0.01069626525824909,0.03798078400193649,0.0,0.09947765195085496,0.09947765195085496,0.09947765195085496,0.0,0.09947765195085496,0.09947765195085496,0.06656804005366877,0.09947765195085496,0.09947765195085496,0.014237593575685485,0.0,0.09947765195085496,0.0,0.0,0.07469610150362055
2025-12-02,0.010435128947566789,0.03705352934139616,0.06855799621564106,0.06855799621564106,0.06855799621564106,0.06855799621564106,0.0,0.06855799621564106,0.06855799621564106,0.043052900074845614,0.06855799621564106,0.06855799621564106,0.013890000040037029,0.06855799621564106,0.06855799621564106,0.06855799621564106,0.06855799621564106,0.07287248700846179
2025-12-03,0.010435128947566789,0.03705352934139616,0.06855799621564106,0.06855799621564106,0.06855799621564106,0.06855799621564106,0.0,0.06855799621564106,0.06855799621564106,0.043052900074845614,0.06855799621564106,0.06855799621564106,0.013890000040037029,0.06855799621564106,0.06855799621564106,0.06855799621564106,0.06855799621564106,0.07287248700846179
2025-12-04,0.010435128947566789,0.03705352934139616,0.06855799621564106,0.06855799621564106,0.06855799621564106,0.06855799621564106,0.0,0.06855799621564106,0.06855799621564106,0.043052900074845614,0.06855799621564106,0.06855799621564106,0.013890000040037029,0.06855799621564106,0.06855799621564106,0.06855799621564106,0.06855799621564106,0.07287248700846179
2025-12-05,0.010435128947566789,0.03705352934139616,0.06855799621564106,0.06855799621564106,0.06855799621564106,0.06855799621564106,0.0,0.06855799621564106,0.06855799621564106,0.043052900074845614,0.06855799621564106,0.06855799621564106,0.013890000040037029,0.06855799621564106,0.06855799621564106,0.06855799621564106,0.06855799621564106,0.07287248700846179
2025-12-08,0.010179254106456332,0.03614495734574084,0.06687691814974721,0.06687691814974721,0.06687691814974721,0.06687691814974721,0.0,0.06687691814974721,0.06687691814974721,0.06651774544233462,0.06687691814974721,0.06687691814974721,0.013549409945642705,0.06687691814974721,0.06687691814974721,0.06687691814974721,0.06687691814974721,0.07108561536285919
2025-12-09,0.01017925410645633,0.03614495734574083,0.0668769181497472,0.0668769181497472,0.0668769181497472,0.0668769181497472,0.0,0.0668769181497472,0.0668769181497472,0.0665177454423346,0.0668769181497472,0.0668769181497472,0.013549409945642701,0.0668769181497472,0.0668769181497472,0.0668769181497472,0.0668769181497472,0.07108561536285918
2025-12-10,0.010391941500297654,0.01600597516502007,0.06827425800202454,0.06827425800202454,0.06827425800202454,0.06827425800202454,0.0,0.06827425800202454,0.06827425800202454,0.06790758066742811,0.06827425800202454,0.06827425800202454,0.013832514057131444,0.06827425800202454,0.06827425800202454,0.06827425800202454,0.06827425800202454,0.07257089258582819
2025-12-11,0.010391941500297654,0.01600597516502007,0.06827425800202454,0.06827425800202454,0.06827425800202454,0.06827425800202454,0.0,0.06827425800202454,0.06827425800202454,0.06790758066742811,0.06827425800202454,0.06827425800202454,0.013832514057131444,0.06827425800202454,0.06827425800202454,0.06827425800202454,0.06827425800202454,0.07257089258582819
2025-12-12,0.010391941500297654,0.01600597516502007,0.06827425800202454,0.06827425800202454,0.06827425800202454,0.06827425800202454,0.0,0.06827425800202454,0.06827425800202454,0.06790758066742811,0.06827425800202454,0.06827425800202454,0.013832514057131444,0.06827425800202454,0.06827425800202454,0.06827425800202454,0.06827425800202454,0.07257089258582819
2025-12-15,0.010391941500297654,0.01600597516502007,0.06827425800202454,0.06827425800202454,0.06827425800202454,0.06827425800202454,0.0,0.06827425800202454,0.06827425800202454,0.06790758066742811,0.06827425800202454,0.06827425800202454,0.013832514057131444,0.06827425800202454,0.06827425800202454,0.06827425800202454,0.06827425800202454,0.07257089258582819
2025-12-16,0.010391941500297654,0.01600597516502007,0.06827425800202454,0.06827425800202454,0.06827425800202454,0.06827425800202454,0.0,0.06827425800202454,0.06827425800202454,0.06790758066742811,0.06827425800202454,0.06827425800202454,0.013832514057131444,0.06827425800202454,0.06827425800202454,0.06827425800202454,0.06827425800202454,0.07257089258582819
2025-12-17,0.010391941500297654,0.01600597516502007,0.06827425800202454,0.06827425800202454,0.06827425800202454,0.06827425800202454,0.0,0.06827425800202454,0.06827425800202454,0.06790758066742811,0.06827425800202454,0.06827425800202454,0.013832514057131444,0.06827425800202454,0.06827425800202454,0.06827425800202454,0.06827425800202454,0.07257089258582819
2025-12-18,0.010391941500297654,0.01600597516502007,0.06827425800202454,0.06827425800202454,0.06827425800202454,0.06827425800202454,0.0,0.06827425800202454,0.06827425800202454,0.06790758066742811,0.06827425800202454,0.06827425800202454,0.013832514057131444,0.06827425800202454,0.06827425800202454,0.06827425800202454,0.06827425800202454,0.07257089258582819
2025-12-19,0.010391941500297654,0.01600597516502007,0.06827425800202454,0.06827425800202454,0.06827425800202454,0.06827425800202454,0.0,0.06827425800202454,0.06827425800202454,0.06790758066742811,0.06827425800202454,0.06827425800202454,0.013832514057131444,0.06827425800202454,0.06827425800202454,0.06827425800202454,0.06827425800202454,0.07257089258582819
2025-12-22,0.010391941500297654,0.01600597516502007,0.06827425800202454,0.06827425800202454,0.06827425800202454,0.06827425800202454,0.0,0.06827425800202454,0.06827425800202454,0.06790758066742811,0.06827425800202454,0.06827425800202454,0.013832514057131444,0.06827425800202454,0.06827425800202454,0.06827425800202454,0.06827425800202454,0.07257089258582819
2025-12-23,0.010391941500297654,0.01600597516502007,0.06827425800202454,0.06827425800202454,0.06827425800202454,0.06827425800202454,0.0,0.06827425800202454,0.06827425800202454,0.06790758066742811,0.06827425800202454,0.06827425800202454,0.013832514057131444,0.06827425800202454,0.06827425800202454,0.06827425800202454,0.06827425800202454,0.07257089258582819
2025-12-24,0.010391941500297654,0.01600597516502007,0.06827425800202454,0.06827425800202454,0.06827425800202454,0.06827425800202454,0.0,0.06827425800202454,0.06827425800202454,0.06790758066742811,0.06827425800202454,0.06827425800202454,0.013832514057131444,0.06827425800202454,0.06827425800202454,0.06827425800202454,0.06827425800202454,0.07257089258582819
2025-12-25,0.0,0.0,0.0,0.0,0.0,0.0,0.0,0.0,0.0,0.0,0.0,0.0,0.0,0.0,0.0,0.0,0.0,0.0
2025-12-26,0.0,0.0,0.0,0.0,0.0,0.0,0.0,0.0,0.0,0.0,0.0,0.0,0.0,0.0,0.0,0.0,0.0,0.0
2025-12-29,0.0,0.0,0.0,0.0,0.0,0.0,0.0,0.0,0.0,0.0,0.0,0.0,0.0,0.0,0.0,0.0,0.0,0.0
2025-12-30,0.01203535079030148,0.01853720268213139,0.0790713308940757,0.0790713308940757,0.0790713308940757,0.0790713308940757,0.0,0.0790713308940757,0.0,0.0786466662297688,0.0790713308940757,0.0,0.016020024649348232,0.0790713308940757,0.0790713308940757,0.0790713308940757,0.0790713308940757,0.08404744670769308
2025-12-31,0.010550857372624775,0.016250742084245175,0.06931832308529776,0.06931832308529776,0.06931832308529776,0.06931832308529776,0.0,0.06931832308529776,0.06167221228287596,0.06894603843964321,0.06931832308529776,0.06167221228287596,0.01404404392744521,0.06931832308529776,0.06931832308529776,0.06931832308529776,0.06931832308529776,0.07368066275731197
2026-01-02,0.0,0.0,0.0,0.0,0.0,0.0,0.0,0.0,0.0,0.0,0.0,0.0,0.0,0.0,0.0,0.0,0.0,0.0
2026-01-05,0.0,0.0,0.0,0.0,0.0,0.0,0.0,0.0,0.0,0.0,0.0,0.0,0.0,0.0,0.0,0.0,0.0,0.0
2026-01-06,0.012447477037240107,0.019171971697446152,0.08177896870286128,0.08177896870286128,0.08177896870286128,0.08177896870286128,0.0,0.08177896870286128,0.10532736105502594,0.10532736105502594,0.0,0.0,0.016568597993792875,0.08177896870286128,0.0,0.08177896870286128,0.08177896870286128,0.08692548153857882
2026-01-07,0.010902019580902464,0.016791612486991892,0.07162543183950167,0.07162543183950167,0.07162543183950167,0.07162543183950167,0.0,0.07162543183950167,0.06173169631237747,0.06173169631237747,0.06173169631237747,0.06173169631237747,0.014511469209063214,0.07162543183950167,0.06173169631237747,0.07162543183950167,0.07162543183950167,0.07613296244514148
2026-01-08,0.010902019580902466,0.016791612486991896,0.07162543183950168,0.07162543183950168,0.07162543183950168,0.07162543183950168,0.0,0.07162543183950168,0.06173169631237748,0.06173169631237748,0.06173169631237748,0.06173169631237748,0.014511469209063217,0.07162543183950168,0.06173169631237748,0.07162543183950168,0.07162543183950168,0.07613296244514149
2026-01-09,0.010902019580902467,0.0167916124869919,0.0716254318395017,0.0716254318395017,0.0716254318395017,0.0716254318395017,0.0,0.0716254318395017,0.06173169631237749,0.06173169631237749,0.06173169631237749,0.06173169631237749,0.014511469209063219,0.0716254318395017,0.06173169631237749,0.0716254318395017,0.0716254318395017,0.0761329624451415
2026-01-12,0.010902019580902467,0.0167916124869919,0.0716254318395017,0.0716254318395017,0.0716254318395017,0.0716254318395017,0.0,0.0716254318395017,0.06173169631237749,0.06173169631237749,0.06173169631237749,0.06173169631237749,0.014511469209063219,0.0716254318395017,0.06173169631237749,0.0716254318395017,0.0716254318395017,0.0761329624451415
2026-01-13,0.0,0.0,0.0,0.0,0.0,0.0,0.0,0.0,0.0,0.0,0.0,0.0,0.0,0.0,0.0,0.0,0.0,0.0
2026-01-14,0.011640317734669663,0.017928761104816532,0.07647599404015266,0.07647599404015266,0.07647599404015266,0.07647599404015266,0.0,0.07647599404015266,0.08727999498717799,0.08727999498717799,0.0,0.08727999498717799,0.015494203724076262,0.07647599404015266,0.0,0.07647599404015266,0.07647599404015266,0.08128878015368228
2026-01-15,0.010019637434976122,0.015432541449751203,0.0658282488698295,0.0658282488698295,0.0658282488698295,0.0658282488698295,0.019894476269242557,0.0658282488698295,0.07512800982170738,0.07512800982170738,0.05966771296188041,0.07512800982170738,0.013336947255014655,0.0658282488698295,0.05966771296188041,0.0658282488698295,0.0658282488698295,0.06997095124349655
2026-01-16,0.010019637434976122,0.015432541449751203,0.0658282488698295,0.0658282488698295,0.0658282488698295,0.0658282488698295,0.019894476269242557,0.0658282488698295,0.07512800982170738,0.07512800982170738,0.05966771296188041,0.07512800982170738,0.013336947255014655,0.0658282488698295,0.05966771296188041,0.0658282488698295,0.0658282488698295,0.06997095124349655
2026-01-19,0.010019637434976122,0.015432541449751203,0.0658282488698295,0.0658282488698295,0.0658282488698295,0.0658282488698295,0.019894476269242557,0.0658282488698295,0.07512800982170738,0.07512800982170738,0.05966771296188041,0.07512800982170738,0.013336947255014655,0.0658282488698295,0.05966771296188041,0.0658282488698295,0.0658282488698295,0.06997095124349655
2026-01-20,0.0,0.0,0.0,0.0,0.0,0.0,0.0,0.0,0.0,0.0,0.0,0.0,0.0,0.0,0.0,0.0,0.0,0.0
2026-01-21,0.009542672987318224,0.014697906723065032,0.0,0.09441099110480863,0.09441099110480863,0.09441099110480863,0.018947440216612668,0.09441099110480863,0.09441099110480863,0.09441099110480863,0.09441099110480863,0.09441099110480863,0.012702069024917724,0.0,0.09441099110480863,0.0,0.0,0.09441099110480863
2026-01-22,0.009379194680908419,0.014446112608140507,0.06587081994887223,0.06587081994887223,0.06587081994887223,0.06587081994887223,0.04149874724065493,0.06587081994887223,0.06587081994887223,0.06587081994887223,0.06587081994887223,0.06587081994887223,0.012484466186084875,0.06587081994887223,0.06587081994887223,0.06587081994887223,0.06587081994887223,0.06587081994887223
2026-01-23,0.00937919468090842,0.014446112608140509,0.06587081994887224,0.06587081994887224,0.06587081994887224,0.06587081994887224,0.041498747240654936,0.06587081994887224,0.06587081994887224,0.06587081994887224,0.06587081994887224,0.06587081994887224,0.012484466186084876,0.06587081994887224,0.06587081994887224,0.06587081994887224,0.06587081994887224,0.06587081994887224
2026-01-26,0.009379194680908419,0.014446112608140506,0.06587081994887223,0.06587081994887223,0.06587081994887223,0.06587081994887223,0.04149874724065493,0.06587081994887223,0.06587081994887223,0.06587081994887223,0.06587081994887223,0.06587081994887223,0.012484466186084873,0.06587081994887223,0.06587081994887223,0.06587081994887223,0.06587081994887223,0.06587081994887223
2026-01-27,0.00937919468090842,0.014446112608140507,0.06587081994887224,0.06587081994887224,0.06587081994887224,0.06587081994887224,0.041498747240654936,0.06587081994887224,0.06587081994887224,0.06587081994887224,0.06587081994887224,0.06587081994887224,0.012484466186084875,0.06587081994887224,0.06587081994887224,0.06587081994887224,0.06587081994887224,0.06587081994887224
2026-01-28,0.009159875459696617,0.014108310667297487,0.06433052385488282,0.06433052385488282,0.06433052385488282,0.06433052385488282,0.06391194532829252,0.06433052385488282,0.06433052385488282,0.06433052385488282,0.06433052385488282,0.06433052385488282,0.012192534576353959,0.06433052385488282,0.06433052385488282,0.06433052385488282,0.06433052385488282,0.06433052385488282
2026-01-29,0.009159875459696617,0.014108310667297487,0.06433052385488282,0.06433052385488282,0.06433052385488282,0.06433052385488282,0.06391194532829252,0.06433052385488282,0.06433052385488282,0.06433052385488282,0.06433052385488282,0.06433052385488282,0.012192534576353959,0.06433052385488282,0.06433052385488282,0.06433052385488282,0.06433052385488282,0.06433052385488282
2026-01-30,0.009159875459696617,0.014108310667297487,0.06433052385488282,0.06433052385488282,0.06433052385488282,0.06433052385488282,0.06391194532829252,0.06433052385488282,0.06433052385488282,0.06433052385488282,0.06433052385488282,0.06433052385488282,0.012192534576353959,0.06433052385488282,0.06433052385488282,0.06433052385488282,0.06433052385488282,0.06433052385488282
2026-02-02,0.009159875459696617,0.014108310667297487,0.06433052385488282,0.06433052385488282,0.06433052385488282,0.06433052385488282,0.06391194532829252,0.06433052385488282,0.06433052385488282,0.06433052385488282,0.06433052385488282,0.06433052385488282,0.012192534576353959,0.06433052385488282,0.06433052385488282,0.06433052385488282,0.06433052385488282,0.06433052385488282
2026-02-03,0.009159875459696617,0.014108310667297487,0.06433052385488282,0.06433052385488282,0.06433052385488282,0.06433052385488282,0.06391194532829252,0.06433052385488282,0.06433052385488282,0.06433052385488282,0.06433052385488282,0.06433052385488282,0.012192534576353959,0.06433052385488282,0.06433052385488282,0.06433052385488282,0.06433052385488282,0.06433052385488282
2026-02-04,0.009159875459696617,0.014108310667297487,0.06433052385488282,0.06433052385488282,0.06433052385488282,0.06433052385488282,0.06391194532829252,0.06433052385488282,0.06433052385488282,0.06433052385488282,0.06433052385488282,0.06433052385488282,0.012192534576353959,0.06433052385488282,0.06433052385488282,0.06433052385488282,0.06433052385488282,0.06433052385488282
2026-02-05,0.009159875459696617,0.014108310667297487,0.06433052385488282,0.06433052385488282,0.06433052385488282,0.06433052385488282,0.06391194532829252,0.06433052385488282,0.06433052385488282,0.06433052385488282,0.06433052385488282,0.06433052385488282,0.012192534576353959,0.06433052385488282,0.06433052385488282,0.06433052385488282,0.06433052385488282,0.06433052385488282
2026-02-06,0.009159875459696617,0.014108310667297487,0.06433052385488282,0.06433052385488282,0.06433052385488282,0.06433052385488282,0.06391194532829252,0.06433052385488282,0.06433052385488282,0.06433052385488282,0.06433052385488282,0.06433052385488282,0.012192534576353959,0.06433052385488282,0.06433052385488282,0.06433052385488282,0.06433052385488282,0.06433052385488282
2026-02-09,0.009159875459696617,0.014108310667297487,0.06433052385488282,0.06433052385488282,0.06433052385488282,0.06433052385488282,0.06391194532829252,0.06433052385488282,0.06433052385488282,0.06433052385488282,0.06433052385488282,0.06433052385488282,0.012192534576353959,0.06433052385488282,0.06433052385488282,0.06433052385488282,0.06433052385488282,0.06433052385488282
2026-02-10,0.009159875459696617,0.014108310667297487,0.06433052385488282,0.06433052385488282,0.06433052385488282,0.06433052385488282,0.06391194532829252,0.06433052385488282,0.06433052385488282,0.06433052385488282,0.06433052385488282,0.06433052385488282,0.012192534576353959,0.06433052385488282,0.06433052385488282,0.06433052385488282,0.06433052385488282,0.06433052385488282
2026-02-11,0.009159875459696617,0.014108310667297487,0.06433052385488282,0.06433052385488282,0.06433052385488282,0.06433052385488282,0.06391194532829252,0.06433052385488282,0.06433052385488282,0.06433052385488282,0.06433052385488282,0.06433052385488282,0.012192534576353959,0.06433052385488282,0.06433052385488282,0.06433052385488282,0.06433052385488282,0.06433052385488282
2026-02-12,0.0,0.0,0.0,0.0,0.0,0.0,0.0,0.0,0.0,0.0,0.0,0.0,0.0,0.0,0.0,0.0,0.0,0.0
2026-02-13,0.01051241360852826,0.01619152986356812,0.07382950536733833,0.07382950536733833,0.07382950536733833,0.07382950536733833,0.07334911994959693,0.07382950536733833,0.07382950536733833,0.07382950536733833,0.0,0.07382950536733833,0.013992872170246725,0.07382950536733833,0.0,0.07382950536733833,0.07382950536733833,0.07382950536733833
2026-02-16,0.00929310987361904,0.014313522245933416,0.06526623959477909,0.06526623959477909,0.06526623959477909,0.06526623959477909,0.06484157265957274,0.06526623959477909,0.06526623959477909,0.06526623959477909,0.057993519866838754,0.06526623959477909,0.012369880349848046,0.06526623959477909,0.057993519866838754,0.06526623959477909,0.06526623959477909,0.06526623959477909
2026-02-17,0.0,0.0,0.0,0.0,0.0,0.0,0.0,0.0,0.0,0.0,0.0,0.0,0.0,0.0,0.0,0.0,0.0,0.0
2026-02-18,0.008993251511768321,0.01385167154241774,0.0,0.09651843323113979,0.09651843323113979,0.09651843323113979,0.0,0.09651843323113979,0.09651843323113979,0.09651843323113979,0.09651843323113979,0.09651843323113979,0.011970744634416075,0.0,0.09651843323113979,0.0,0.0,0.09651843323113979
2026-02-19,0.008809698594193472,0.013568957918588557,0.06439299484144063,0.06439299484144063,0.06439299484144063,0.06439299484144063,0.06439299484144063,0.06439299484144063,0.06439299484144063,0.06439299484144063,0.06439299484144063,0.06439299484144063,0.0117264208656084,0.06439299484144063,0.06439299484144063,0.06439299484144063,0.06439299484144063,0.06439299484144063
2026-02-20,0.008809698594193472,0.013568957918588557,0.06439299484144063,0.06439299484144063,0.06439299484144063,0.06439299484144063,0.06439299484144063,0.06439299484144063,0.06439299484144063,0.06439299484144063,0.06439299484144063,0.06439299484144063,0.0117264208656084,0.06439299484144063,0.06439299484144063,0.06439299484144063,0.06439299484144063,0.06439299484144063
2026-02-23,0.008809698594193472,0.013568957918588557,0.06439299484144063,0.06439299484144063,0.06439299484144063,0.06439299484144063,0.06439299484144063,0.06439299484144063,0.06439299484144063,0.06439299484144063,0.06439299484144063,0.06439299484144063,0.0117264208656084,0.06439299484144063,0.06439299484144063,0.06439299484144063,0.06439299484144063,0.06439299484144063
2026-02-24,0.0,0.0,0.0,0.0,0.0,0.0,0.0,0.0,0.0,0.0,0.0,0.0,0.0,0.0,0.0,0.0,0.0,0.0
2026-02-25,0.010111979938186223,0.015574770100000463,0.0739117990285783,0.0739117990285783,0.0739117990285783,0.0739117990285783,0.0739117990285783,0.0739117990285783,0.0739117990285783,0.0739117990285783,0.0,0.0739117990285783,0.013459862590295149,0.0739117990285783,0.0,0.0739117990285783,0.0739117990285783,0.0739117990285783
2026-02-26,0.008933738418993769,0.013760007719549248,0.06529964286272064,0.06529964286272064,0.06529964286272064,0.06529964286272064,0.06529964286272064,0.06529964286272064,0.06529964286272064,0.06529964286272064,0.058259684374126514,0.06529964286272064,0.011891527897835737,0.06529964286272064,0.058259684374126514,0.06529964286272064,0.06529964286272064,0.06529964286272064
2026-02-27,0.008933738418993769,0.013760007719549248,0.06529964286272064,0.06529964286272064,0.06529964286272064,0.06529964286272064,0.06529964286272064,0.06529964286272064,0.06529964286272064,0.06529964286272064,0.058259684374126514,0.06529964286272064,0.011891527897835737,0.06529964286272064,0.058259684374126514,0.06529964286272064,0.06529964286272064,0.06529964286272064
2026-03-02,0.008933738418993769,0.013760007719549248,0.06529964286272064,0.06529964286272064,0.06529964286272064,0.06529964286272064,0.06529964286272064,0.06529964286272064,0.06529964286272064,0.06529964286272064,0.058259684374126514,0.06529964286272064,0.011891527897835737,0.06529964286272064,0.058259684374126514,0.06529964286272064,0.06529964286272064,0.06529964286272064
2026-03-03,0.008933738418993769,0.013760007719549248,0.06529964286272064,0.06529964286272064,0.06529964286272064,0.06529964286272064,0.06529964286272064,0.06529964286272064,0.06529964286272064,0.06529964286272064,0.058259684374126514,0.06529964286272064,0.011891527897835737,0.06529964286272064,0.058259684374126514,0.06529964286272064,0.06529964286272064,0.06529964286272064
2026-03-04,0.008933738418993769,0.013760007719549248,0.06529964286272064,0.06529964286272064,0.06529964286272064,0.06529964286272064,0.06529964286272064,0.06529964286272064,0.06529964286272064,0.06529964286272064,0.058259684374126514,0.06529964286272064,0.011891527897835737,0.06529964286272064,0.058259684374126514,0.06529964286272064,0.06529964286272064,0.06529964286272064
2026-03-05,0.008933738418993769,0.013760007719549248,0.06529964286272064,0.06529964286272064,0.06529964286272064,0.06529964286272064,0.06529964286272064,0.06529964286272064,0.06529964286272064,0.06529964286272064,0.058259684374126514,0.06529964286272064,0.011891527897835737,0.06529964286272064,0.058259684374126514,0.06529964286272064,0.06529964286272064,0.06529964286272064
2026-03-06,0.008715212370725364,0.013423427447095454,0.06370236384705233,0.06370236384705233,0.06370236384705233,0.06370236384705233,0.06370236384705233,0.06370236384705233,0.06370236384705233,0.06370236384705233,0.056834608106774105,0.06370236384705233,0.03606141395695074,0.06370236384705233,0.056834608106774105,0.06370236384705233,0.06370236384705233,0.06370236384705233
2026-03-09,0.008715212370725364,0.013423427447095454,0.06370236384705233,0.06370236384705233,0.06370236384705233,0.06370236384705233,0.06370236384705233,0.06370236384705233,0.06370236384705233,0.06370236384705233,0.056834608106774105,0.06370236384705233,0.03606141395695074,0.06370236384705233,0.056834608106774105,0.06370236384705233,0.06370236384705233,0.06370236384705233
2026-03-10,0.00891947265745015,0.013738035172362495,0.04175815692643275,0.0651953697028996,0.0651953697028996,0.0651953697028996,0.0651953697028996,0.0651953697028996,0.0651953697028996,0.0651953697028996,0.058166652910039675,0.0651953697028996,0.03690659298888005,0.0651953697028996,0.058166652910039675,0.0651953697028996,0.0651953697028996,0.0651953697028996
2026-03-11,0.00891947265745015,0.013738035172362495,0.04175815692643275,0.0651953697028996,0.0651953697028996,0.0651953697028996,0.0651953697028996,0.0651953697028996,0.0651953697028996,0.0651953697028996,0.058166652910039675,0.0651953697028996,0.03690659298888005,0.0651953697028996,0.058166652910039675,0.0651953697028996,0.0651953697028996,0.0651953697028996
2026-03-12,0.00891947265745015,0.013738035172362495,0.04175815692643275,0.0651953697028996,0.0651953697028996,0.0651953697028996,0.0651953697028996,0.0651953697028996,0.0651953697028996,0.0651953697028996,0.058166652910039675,0.0651953697028996,0.03690659298888005,0.0651953697028996,0.058166652910039675,0.0651953697028996,0.0651953697028996,0.0651953697028996
2026-03-13,0.00891947265745015,0.013738035172362495,0.04175815692643275,0.0651953697028996,0.0651953697028996,0.0651953697028996,0.0651953697028996,0.0651953697028996,0.0651953697028996,0.0651953697028996,0.058166652910039675,0.0651953697028996,0.03690659298888005,0.0651953697028996,0.058166652910039675,0.0651953697028996,0.0651953697028996,0.0651953697028996
2026-03-16,0.00891947265745015,0.013738035172362495,0.04175815692643275,0.0651953697028996,0.0651953697028996,0.0651953697028996,0.0651953697028996,0.0651953697028996,0.0651953697028996,0.0651953697028996,0.058166652910039675,0.0651953697028996,0.03690659298888005,0.0651953697028996,0.058166652910039675,0.0651953697028996,0.0651953697028996,0.0651953697028996
2026-03-17,0.008684103925346178,0.013375513300913305,0.04065623478055749,0.0634749819518139,0.0634749819518139,0.0634749819518139,0.0634749819518139,0.0634749819518139,0.0634749819518139,0.0634749819518139,0.05663174026756048,0.0634749819518139,0.06232088403629537,0.0634749819518139,0.05663174026756048,0.0634749819518139,0.0634749819518139,0.0634749819518139
2026-03-18,0.008684103925346177,0.013375513300913302,0.040656234780557486,0.06347498195181389,0.06347498195181389,0.06347498195181389,0.06347498195181389,0.06347498195181389,0.06347498195181389,0.06347498195181389,0.05663174026756047,0.06347498195181389,0.062320884036295356,0.06347498195181389,0.05663174026756047,0.06347498195181389,0.06347498195181389,0.06347498195181389
2026-03-19,0.008684103925346177,0.013375513300913302,0.040656234780557486,0.06347498195181389,0.06347498195181389,0.06347498195181389,0.06347498195181389,0.06347498195181389,0.06347498195181389,0.06347498195181389,0.05663174026756047,0.06347498195181389,0.062320884036295356,0.06347498195181389,0.05663174026756047,0.06347498195181389,0.06347498195181389,0.06347498195181389
2026-03-20,0.034822088444014125,0.013022841704530285,0.03958425354885381,0.061801339773625424,0.061801339773625424,0.061801339773625424,0.061801339773625424,0.061801339773625424,0.061801339773625424,0.061801339773625424,0.05513853355490704,0.061801339773625424,0.0606776719092826,0.061801339773625424,0.05513853355490704,0.061801339773625424,0.061801339773625424,0.061801339773625424
2026-03-23,0.0,0.0,0.0,0.0,0.0,0.0,0.0,0.0,0.0,0.0,0.0,0.0,0.0,0.0,0.0,0.0,0.0,0.0
2026-03-24,0.061356789433805514,0.014298502601380108,0.04346175475242718,0.06785513005310938,0.06785513005310938,0.06785513005310938,0.06785513005310938,0.06785513005310938,0.06785513005310938,0.06785513005310938,0.0,0.06785513005310938,0.06662139257507461,0.06785513005310938,0.0,0.06785513005310938,0.06785513005310938,0.06785513005310938
2026-03-25,0.05583374975052963,0.01301142095959956,0.017831291479704994,0.06174714136179292,0.06174714136179292,0.06174714136179292,0.06174714136179292,0.06174714136179292,0.06174714136179292,0.06174714136179292,0.055866691269634124,0.06174714136179292,0.060624458929382445,0.06174714136179292,0.055866691269634124,0.06174714136179292,0.06174714136179292,0.06174714136179292
2026-03-26,0.05583374975052963,0.01301142095959956,0.017831291479704994,0.06174714136179292,0.06174714136179292,0.06174714136179292,0.06174714136179292,0.06174714136179292,0.06174714136179292,0.06174714136179292,0.055866691269634124,0.06174714136179292,0.060624458929382445,0.06174714136179292,0.055866691269634124,0.06174714136179292,0.06174714136179292,0.06174714136179292
2026-03-27,0.05583374975052963,0.01301142095959956,0.017831291479704994,0.06174714136179292,0.06174714136179292,0.06174714136179292,0.06174714136179292,0.06174714136179292,0.06174714136179292,0.06174714136179292,0.055866691269634124,0.06174714136179292,0.060624458929382445,0.06174714136179292,0.055866691269634124,0.06174714136179292,0.06174714136179292,0.06174714136179292
2026-03-30,0.05445784810072895,0.037333613545692784,0.017391877980260238,0.0602255170028744,0.0602255170028744,0.0602255170028744,0.0602255170028744,0.0602255170028744,0.0602255170028744,0.0602255170028744,0.05448997784755081,0.0602255170028744,0.059130500643723514,0.0602255170028744,0.05448997784755081,0.0602255170028744,0.0602255170028744,0.0602255170028744
2026-03-31,0.05330333859722106,0.05774219615831034,0.01702316916945816,0.058948732587800104,0.058948732587800104,0.058948732587800104,0.058948732587800104,0.058948732587800104,0.058948732587800104,0.058948732587800104,0.0533347871915673,0.058948732587800104,0.057876930638274766,0.058948732587800104,0.0533347871915673,0.058948732587800104,0.058948732587800104,0.058948732587800104
2026-04-01,0.054465372020348284,0.05900099839521606,0.017394280849571394,0.060233837786099705,0.060233837786099705,0.060233837786099705,0.060233837786099705,0.060233837786099705,0.060233837786099705,0.060233837786099705,0.05449750620622973,0.060233837786099705,0.05913867013901961,0.060233837786099705,0.05449750620622973,0.060233837786099705,0.03843345053628847,0.060233837786099705
2026-04-02,0.054465372020348284,0.05900099839521606,0.017394280849571394,0.060233837786099705,0.060233837786099705,0.060233837786099705,0.060233837786099705,0.060233837786099705,0.060233837786099705,0.060233837786099705,0.05449750620622973,0.060233837786099705,0.05913867013901961,0.060233837786099705,0.05449750620622973,0.060233837786099705,0.03843345053628847,0.060233837786099705
2026-04-03,0.054465372020348284,0.05900099839521606,0.017394280849571394,0.060233837786099705,0.060233837786099705,0.060233837786099705,0.060233837786099705,0.060233837786099705,0.060233837786099705,0.060233837786099705,0.05449750620622973,0.060233837786099705,0.05913867013901961,0.060233837786099705,0.05449750620622973,0.060233837786099705,0.03843345053628847,0.060233837786099705
2026-04-06,0.0,0.0,0.0,0.0,0.0,0.0,0.0,0.0,0.0,0.0,0.0,0.0,0.0,0.0,0.0,0.0,0.0,0.0
2026-04-07,0.0,0.0,0.0,0.0,0.0,0.0,0.0,0.0,0.0,0.0,0.0,0.0,0.0,0.0,0.0,0.0,0.0,0.0
2026-04-08,0.06192537841719683,0.0670822399092614,0.019776738576251455,0.06848393869467637,0.06848393869467637,0.06848393869467637,0.06848393869467637,0.06848393869467637,0.0,0.06848393869467637,0.06196191395431009,0.0,0.06723876825959023,0.06848393869467637,0.06196191395431009,0.06848393869467637,0.043697598676992584,0.06848393869467637
2026-04-09,0.05525298314510272,0.05985419816203909,0.01764581551455279,0.06110486535769624,0.06110486535769624,0.06110486535769624,0.06110486535769624,0.06110486535769624,0.053874481211415394,0.06110486535769624,0.055285582016000465,0.053874481211415394,0.05999386074503022,0.06110486535769624,0.055285582016000465,0.06110486535769624,0.038989227759177375,0.06110486535769624
2026-04-10,0.05525298314510272,0.05985419816203909,0.01764581551455279,0.06110486535769624,0.06110486535769624,0.06110486535769624,0.06110486535769624,0.06110486535769624,0.053874481211415394,0.06110486535769624,0.055285582016000465,0.053874481211415394,0.05999386074503022,0.06110486535769624,0.055285582016000465,0.06110486535769624,0.038989227759177375,0.06110486535769624
2026-04-13,0.05525298314510272,0.05985419816203909,0.01764581551455279,0.06110486535769624,0.06110486535769624,0.06110486535769624,0.06110486535769624,0.06110486535769624,0.053874481211415394,0.06110486535769624,0.055285582016000465,0.053874481211415394,0.05999386074503022,0.06110486535769624,0.055285582016000465,0.06110486535769624,0.038989227759177375,0.06110486535769624
2026-04-14,0.05525298314510272,0.05985419816203909,0.01764581551455279,0.06110486535769624,0.06110486535769624,0.06110486535769624,0.06110486535769624,0.06110486535769624,0.053874481211415394,0.06110486535769624,0.055285582016000465,0.053874481211415394,0.05999386074503022,0.06110486535769624,0.055285582016000465,0.06110486535769624,0.038989227759177375,0.06110486535769624
2026-04-15,0.05525298314510272,0.05985419816203909,0.01764581551455279,0.06110486535769624,0.06110486535769624,0.06110486535769624,0.06110486535769624,0.06110486535769624,0.053874481211415394,0.06110486535769624,0.055285582016000465,0.053874481211415394,0.05999386074503022,0.06110486535769624,0.055285582016000465,0.06110486535769624,0.038989227759177375,0.06110486535769624
2026-04-16,0.05644413652442596,0.06114454533153332,0.01802622706130811,0.06242217462718431,0.04086400144773636,0.06242217462718431,0.06242217462718431,0.06242217462718431,0.055035916607324,0.06242217462718431,0.05647743816742798,0.055035916607324,0.06128721878467527,0.06242217462718431,0.05647743816742798,0.06242217462718431,0.03982976428334266,0.06242217462718431
2026-04-17,0.056444136524425946,0.06114454533153331,0.018026227061308107,0.062422174627184294,0.04086400144773635,0.062422174627184294,0.062422174627184294,0.062422174627184294,0.05503591660732399,0.062422174627184294,0.056477438167427965,0.05503591660732399,0.06128721878467525,0.062422174627184294,0.056477438167427965,0.062422174627184294,0.03982976428334265,0.062422174627184294
2026-04-20,0.05581651503742583,0.06046465840569973,0.049254359225257116,0.061728081308131746,0.04040962076388437,0.061728081308131746,0.061728081308131746,0.061728081308131746,0.05442395359492933,0.04141884838715722,0.055849446388170985,0.05442395359492933,0.060605745424353874,0.061728081308131746,0.055849446388170985,0.061728081308131746,0.039386883633099064,0.061728081308131746
2026-04-21,0.055816515037425816,0.060464658405699714,0.0492543592252571,0.06172808130813173,0.040409620763884366,0.06172808130813173,0.06172808130813173,0.06172808130813173,0.05442395359492932,0.04141884838715721,0.05584944638817097,0.05442395359492932,0.06060574542435386,0.06172808130813173,0.05584944638817097,0.06172808130813173,0.03938688363309906,0.06172808130813173
2026-04-22,0.055816515037425816,0.060464658405699714,0.0492543592252571,0.06172808130813173,0.040409620763884366,0.06172808130813173,0.06172808130813173,0.06172808130813173,0.05442395359492932,0.04141884838715721,0.05584944638817097,0.05442395359492932,0.06060574542435386,0.06172808130813173,0.05584944638817097,0.06172808130813173,0.03938688363309906,0.06172808130813173
2026-04-23,0.055816515037425816,0.060464658405699714,0.0492543592252571,0.06172808130813173,0.040409620763884366,0.06172808130813173,0.06172808130813173,0.06172808130813173,0.05442395359492932,0.04141884838715721,0.05584944638817097,0.05442395359492932,0.06060574542435386,0.06172808130813173,0.05584944638817097,0.06172808130813173,0.03938688363309906,0.06172808130813173
2026-04-24,0.055816515037425816,0.060464658405699714,0.0492543592252571,0.06172808130813173,0.040409620763884366,0.06172808130813173,0.06172808130813173,0.06172808130813173,0.05442395359492932,0.04141884838715721,0.05584944638817097,0.05442395359492932,0.06060574542435386,0.06172808130813173,0.05584944638817097,0.06172808130813173,0.03938688363309906,0.06172808130813173
2026-04-27,0.05471241680586663,0.0592686159373944,0.048280066027612575,0.06050704725818878,0.03961028403006166,0.06050704725818878,0.06050704725818878,0.06050704725818878,0.053347401415375834,0.04059954827093148,0.05474469674643155,0.053347401415375834,0.05940691213459207,0.06050704725818878,0.05474469674643155,0.06050704725818878,0.05838862966260483,0.06050704725818878
2026-04-28,0.054712416805866644,0.059268615937394416,0.04828006602761259,0.06050704725818879,0.039610284030061664,0.06050704725818879,0.06050704725818879,0.06050704725818879,0.05334740141537585,0.040599548270931485,0.054744696746431565,0.05334740141537585,0.05940691213459209,0.06050704725818879,0.054744696746431565,0.06050704725818879,0.05838862966260484,0.06050704725818879
2026-04-29,0.054712416805866644,0.059268615937394416,0.04828006602761259,0.06050704725818879,0.039610284030061664,0.06050704725818879,0.06050704725818879,0.06050704725818879,0.05334740141537585,0.040599548270931485,0.054744696746431565,0.05334740141537585,0.05940691213459209,0.06050704725818879,0.054744696746431565,0.06050704725818879,0.05838862966260484,0.06050704725818879
2026-04-30,0.0,0.0,0.0,0.0,0.0,0.0,0.0,0.0,0.0,0.0,0.0,0.0,0.0,0.0,0.0,0.0,0.0,0.0
2026-05-01,0.059999571146815665,0.06499606024217304,0.07638020424453837,0.066354167825066,0.043438038265427636,0.066354167825066,0.066354167825066,0.066354167825066,0.05850264699651074,0.04452290041680503,0.0,0.05850264699651074,0.06514772074279647,0.066354167825066,0.0,0.066354167825066,0.06403103617296035,0.066354167825066
2026-05-04,0.0,0.0,0.0,0.0,0.0,0.0,0.0,0.0,0.0,0.0,0.0,0.0,0.0,0.0,0.0,0.0,0.0,0.0
2026-05-05,0.0,0.0,0.0,0.0,0.0,0.0,0.0,0.0,0.0,0.0,0.0,0.0,0.0,0.0,0.0,0.0,0.0,0.0
2026-05-06,0.0,0.0,0.0,0.0,0.0,0.0,0.0,0.0,0.0,0.0,0.0,0.0,0.0,0.0,0.0,0.0,0.0,0.0
2026-05-07,0.0,0.0,0.0,0.0,0.0,0.0,0.0,0.0,0.0,0.0,0.0,0.0,0.0,0.0,0.0,0.0,0.0,0.0
2026-05-08,0.061280498166675905,0.06638365698923882,0.07801084035625107,0.0677707587243491,0.023016457918492855,0.0677707587243491,0.0677707587243491,0.0677707587243491,0.05975161627810457,0.045473416979779815,0.0,0.05975161627810457,0.06653855528022276,0.0677707587243491,0.0,0.0677707587243491,0.06539803068268606,0.0677707587243491
2026-05-11,0.055629031372077406,0.06026156196060028,0.07081645246643747,0.061520741116240264,0.020893812843026233,0.061520741116240264,0.061520741116240264,0.061520741116240264,0.054241147443454485,0.021028126327232267,0.056237262128408703,0.054241147443454485,0.06040217507809143,0.061520741116240264,0.056237262128408703,0.061520741116240264,0.059366832995126816,0.061520741116240264
2026-05-12,0.05562903137207739,0.060261561960600264,0.07081645246643746,0.06152074111624025,0.02089381284302623,0.06152074111624025,0.06152074111624025,0.06152074111624025,0.05424114744345447,0.021028126327232263,0.05623726212840869,0.05424114744345447,0.06040217507809142,0.06152074111624025,0.05623726212840869,0.06152074111624025,0.0593668329951268,0.06152074111624025
2026-05-13,0.05562903137207739,0.060261561960600264,0.07081645246643746,0.06152074111624025,0.02089381284302623,0.06152074111624025,0.06152074111624025,0.06152074111624025,0.05424114744345447,0.021028126327232263,0.05623726212840869,0.05424114744345447,0.06040217507809142,0.06152074111624025,0.05623726212840869,0.06152074111624025,0.0593668329951268,0.06152074111624025
2026-05-14,0.05679481114484252,0.061524422525959,0.07230050469291205,0.0628099894426965,0.02133167026724459,0.0628099894426965,0.0628099894426965,0.0628099894426965,0.05537784227673697,0.021468798467781918,0.05741578817942846,0.05537784227673697,0.061667982376911325,0.041853669621706724,0.05741578817942846,0.0628099894426965,0.06061094333413197,0.0628099894426965
2026-05-15,0.0,0.0,0.0,0.0,0.0,0.0,0.0,0.0,0.0,0.0,0.0,0.0,0.0,0.0,0.0,0.0,0.0,0.0
2026-05-18,0.06012436896645522,0.06513125065184341,0.07653907342928667,0.0664921830693467,0.02258222517102328,0.0664921830693467,0.0664921830693467,0.0664921830693467,0.05862433124606049,0.022727392420612082,0.060781750364412926,0.0,0.0652832266030516,0.04430731301347284,0.060781750364412926,0.0664921830693467,0.06416421935328834,0.0664921830693467
2026-05-19,0.05829536761432134,0.06314993845587084,0.07421073184001623,0.06446947090070806,0.02189526710257291,0.06446947090070806,0.06446947090070806,0.06446947090070806,0.05684096149166337,0.022036018320852818,0.05893275127281997,0.03042030018068577,0.06329729125302302,0.04295947125140339,0.05893275127281997,0.06446947090070806,0.062212324539701935,0.06446947090070806
2026-05-20,0.05829536761432134,0.06314993845587084,0.07421073184001623,0.06446947090070806,0.02189526710257291,0.06446947090070806,0.06446947090070806,0.06446947090070806,0.05684096149166337,0.022036018320852818,0.05893275127281997,0.03042030018068577,0.06329729125302302,0.04295947125140339,0.05893275127281997,0.06446947090070806,0.062212324539701935,0.06446947090070806
2026-05-21,0.05829536761432134,0.06314993845587084,0.07421073184001623,0.06446947090070806,0.02189526710257291,0.06446947090070806,0.06446947090070806,0.06446947090070806,0.05684096149166337,0.022036018320852818,0.05893275127281997,0.03042030018068577,0.06329729125302302,0.04295947125140339,0.05893275127281997,0.06446947090070806,0.062212324539701935,0.06446947090070806
2026-05-22,0.05829536761432134,0.06314993845587084,0.07421073184001623,0.06446947090070806,0.02189526710257291,0.06446947090070806,0.06446947090070806,0.06446947090070806,0.05684096149166337,0.022036018320852818,0.05893275127281997,0.03042030018068577,0.06329729125302302,0.04295947125140339,0.05893275127281997,0.06446947090070806,0.062212324539701935,0.06446947090070806
2026-05-25,0.05829536761432134,0.06314993845587084,0.07421073184001623,0.06446947090070806,0.02189526710257291,0.06446947090070806,0.06446947090070806,0.06446947090070806,0.05684096149166337,0.022036018320852818,0.05893275127281997,0.03042030018068577,0.06329729125302302,0.04295947125140339,0.05893275127281997,0.06446947090070806,0.062212324539701935,0.06446947090070806
2026-05-26,0.0,0.0,0.0,0.0,0.0,0.0,0.0,0.0,0.0,0.0,0.0,0.0,0.0,0.0,0.0,0.0,0.0,0.0
2026-05-27,0.0,0.11952683637819521,0.0,0.11952683637819521,0.021822512724674406,0.11952683637819521,0.0,0.11952683637819521,0.0,0.02196279624976398,0.11952683637819521,0.0,0.11952683637819521,0.0,0.11952683637819521,0.0,0.0,0.11952683637819521
2026-05-28,0.06461283785095809,0.06461283785095809,0.06461283785095809,0.06461283785095809,0.02133563090124963,0.06461283785095809,0.06461283785095809,0.06461283785095809,0.03497623998659928,0.021472784562269295,0.06461283785095809,0.057695872750760144,0.06461283785095809,0.02455257973666641,0.06461283785095809,0.06461283785095809,0.06461283785095809,0.06461283785095809
2026-05-29,0.0646128378509581,0.0646128378509581,0.0646128378509581,0.0646128378509581,0.021335630901249632,0.0646128378509581,0.0646128378509581,0.0646128378509581,0.03497623998659929,0.0214727845622693,0.0646128378509581,0.05769587275076016,0.0646128378509581,0.024552579736666417,0.0646128378509581,0.0646128378509581,0.0646128378509581,0.0646128378509581
2026-06-01,0.0646128378509581,0.0646128378509581,0.0646128378509581,0.0646128378509581,0.021335630901249632,0.0646128378509581,0.0646128378509581,0.0646128378509581,0.03497623998659929,0.0214727845622693,0.0646128378509581,0.05769587275076016,0.0646128378509581,0.024552579736666417,0.0646128378509581,0.0646128378509581,0.0646128378509581,0.0646128378509581
2026-06-02,0.0646128378509581,0.0646128378509581,0.0646128378509581,0.0646128378509581,0.021335630901249632,0.0646128378509581,0.0646128378509581,0.0646128378509581,0.03497623998659929,0.0214727845622693,0.0646128378509581,0.05769587275076016,0.0646128378509581,0.024552579736666417,0.0646128378509581,0.0646128378509581,0.0646128378509581,0.0646128378509581
2026-06-03,0.0646128378509581,0.0646128378509581,0.0646128378509581,0.0646128378509581,0.021335630901249632,0.0646128378509581,0.0646128378509581,0.0646128378509581,0.03497623998659929,0.0214727845622693,0.0646128378509581,0.05769587275076016,0.0646128378509581,0.024552579736666417,0.0646128378509581,0.0646128378509581,0.0646128378509581,0.0646128378509581
2026-06-04,0.0646128378509581,0.0646128378509581,0.0646128378509581,0.0646128378509581,0.021335630901249632,0.0646128378509581,0.0646128378509581,0.0646128378509581,0.03497623998659929,0.0214727845622693,0.0646128378509581,0.05769587275076016,0.0646128378509581,0.024552579736666417,0.0646128378509581,0.0646128378509581,0.0646128378509581,0.0646128378509581
2026-06-05,0.0646128378509581,0.0646128378509581,0.0646128378509581,0.0646128378509581,0.021335630901249632,0.0646128378509581,0.0646128378509581,0.0646128378509581,0.03497623998659929,0.0214727845622693,0.0646128378509581,0.05769587275076016,0.0646128378509581,0.024552579736666417,0.0646128378509581,0.0646128378509581,0.0646128378509581,0.0646128378509581
2026-06-08,0.0646128378509581,0.0646128378509581,0.0646128378509581,0.0646128378509581,0.021335630901249632,0.0646128378509581,0.0646128378509581,0.0646128378509581,0.03497623998659929,0.0214727845622693,0.0646128378509581,0.05769587275076016,0.0646128378509581,0.024552579736666417,0.0646128378509581,0.0646128378509581,0.0646128378509581,0.0646128378509581
2026-06-09,0.0646128378509581,0.0646128378509581,0.0646128378509581,0.0646128378509581,0.021335630901249632,0.0646128378509581,0.0646128378509581,0.0646128378509581,0.03497623998659929,0.0214727845622693,0.0646128378509581,0.05769587275076016,0.0646128378509581,0.024552579736666417,0.0646128378509581,0.0646128378509581,0.0646128378509581,0.0646128378509581
2026-06-10,0.0646128378509581,0.0646128378509581,0.0646128378509581,0.0646128378509581,0.021335630901249632,0.0646128378509581,0.0646128378509581,0.0646128378509581,0.03497623998659929,0.0214727845622693,0.0646128378509581,0.05769587275076016,0.0646128378509581,0.024552579736666417,0.0646128378509581,0.0646128378509581,0.0646128378509581,0.0646128378509581
2026-06-11,0.0646128378509581,0.0646128378509581,0.0646128378509581,0.0646128378509581,0.021335630901249632,0.0646128378509581,0.0646128378509581,0.0646128378509581,0.03497623998659929,0.0214727845622693,0.0646128378509581,0.05769587275076016,0.0646128378509581,0.024552579736666417,0.0646128378509581,0.0646128378509581,0.0646128378509581,0.0646128378509581
2026-06-12,0.0646128378509581,0.0646128378509581,0.0646128378509581,0.0646128378509581,0.021335630901249632,0.0646128378509581,0.0646128378509581,0.0646128378509581,0.03497623998659929,0.0214727845622693,0.0646128378509581,0.05769587275076016,0.0646128378509581,0.024552579736666417,0.0646128378509581,0.0646128378509581,0.0646128378509581,0.0646128378509581
2026-06-15,0.0646128378509581,0.0646128378509581,0.0646128378509581,0.0646128378509581,0.021335630901249632,0.0646128378509581,0.0646128378509581,0.0646128378509581,0.03497623998659929,0.0214727845622693,0.0646128378509581,0.05769587275076016,0.0646128378509581,0.024552579736666417,0.0646128378509581,0.0646128378509581,0.0646128378509581,0.0646128378509581
2026-06-16,0.0646128378509581,0.0646128378509581,0.0646128378509581,0.0646128378509581,0.021335630901249632,0.0646128378509581,0.0646128378509581,0.0646128378509581,0.03497623998659929,0.0214727845622693,0.0646128378509581,0.05769587275076016,0.0646128378509581,0.024552579736666417,0.0646128378509581,0.0646128378509581,0.0646128378509581,0.0646128378509581
2026-06-17,0.0646128378509581,0.0646128378509581,0.0646128378509581,0.0646128378509581,0.021335630901249632,0.0646128378509581,0.0646128378509581,0.0646128378509581,0.03497623998659929,0.0214727845622693,0.0646128378509581,0.05769587275076016,0.0646128378509581,0.024552579736666417,0.0646128378509581,0.0646128378509581,0.0646128378509581,0.0646128378509581
2026-06-18,0.0646128378509581,0.0646128378509581,0.0646128378509581,0.0646128378509581,0.021335630901249632,0.0646128378509581,0.0646128378509581,0.0646128378509581,0.03497623998659929,0.0214727845622693,0.0646128378509581,0.05769587275076016,0.0646128378509581,0.024552579736666417,0.0646128378509581,0.0646128378509581,0.0646128378509581,0.0646128378509581
2026-06-19,0.0626897013796617,0.0626897013796617,0.0626897013796617,0.0626897013796617,0.02070059719449683,0.0626897013796617,0.0626897013796617,0.0626897013796617,0.06369920666437112,0.02083366861402314,0.0626897013796617,0.05597861282501279,0.0626897013796617,0.023821796766493937,0.0626897013796617,0.0626897013796617,0.0626897013796617,0.0626897013796617
2026-06-22,0.0,0.0,0.0,0.0,0.0,0.0,0.0,0.0,0.0,0.0,0.0,0.0,0.0,0.0,0.0,0.0,0.0,0.0
2026-06-23,0.0,0.09604958513616108,0.0,0.09604958513616108,0.020068800663147212,0.09604958513616108,0.0,0.09528712246041139,0.09604958513616108,0.020197810650991698,0.09604958513616108,0.09604958513616108,0.09604958513616108,0.0,0.09604958513616108,0.0,0.0,0.09604958513616108
2026-06-24,0.06435806159924137,0.06435806159924137,0.06435806159924137,0.06435806159924137,0.01954363262135351,0.06435806159924137,0.06435806159924137,0.0597742383627114,0.06435806159924137,0.019669266626555815,0.06435806159924137,0.06435806159924137,0.06435806159924137,0.0,0.06435806159924137,0.06435806159924137,0.06435806159924137,0.06435806159924137
2026-06-25,0.06435806159924137,0.06435806159924137,0.06435806159924137,0.06435806159924137,0.01954363262135351,0.06435806159924137,0.06435806159924137,0.0597742383627114,0.06435806159924137,0.019669266626555815,0.06435806159924137,0.06435806159924137,0.06435806159924137,0.0,0.06435806159924137,0.06435806159924137,0.06435806159924137,0.06435806159924137
2026-06-26,0.06435806159924137,0.06435806159924137,0.06435806159924137,0.06435806159924137,0.01954363262135351,0.06435806159924137,0.06435806159924137,0.0597742383627114,0.06435806159924137,0.019669266626555815,0.06435806159924137,0.06435806159924137,0.06435806159924137,0.0,0.06435806159924137,0.06435806159924137,0.06435806159924137,0.06435806159924137
2026-06-29,0.06435806159924137,0.06435806159924137,0.06435806159924137,0.06435806159924137,0.01954363262135351,0.06435806159924137,0.06435806159924137,0.0597742383627114,0.06435806159924137,0.019669266626555815,0.06435806159924137,0.06435806159924137,0.06435806159924137,0.0,0.06435806159924137,0.06435806159924137,0.06435806159924137,0.06435806159924137
2026-06-30,0.06435806159924137,0.06435806159924137,0.06435806159924137,0.06435806159924137,0.01954363262135351,0.06435806159924137,0.06435806159924137,0.0597742383627114,0.06435806159924137,0.019669266626555815,0.06435806159924137,0.06435806159924137,0.06435806159924137,0.0,0.06435806159924137,0.06435806159924137,0.06435806159924137,0.06435806159924137
2026-07-01,0.06435806159924137,0.06435806159924137,0.06435806159924137,0.06435806159924137,0.01954363262135351,0.06435806159924137,0.06435806159924137,0.0597742383627114,0.06435806159924137,0.019669266626555815,0.06435806159924137,0.06435806159924137,0.06435806159924137,0.0,0.06435806159924137,0.06435806159924137,0.06435806159924137,0.06435806159924137
2026-07-02,0.06435806159924137,0.06435806159924137,0.06435806159924137,0.06435806159924137,0.01954363262135351,0.06435806159924137,0.06435806159924137,0.0597742383627114,0.06435806159924137,0.019669266626555815,0.06435806159924137,0.06435806159924137,0.06435806159924137,0.0,0.06435806159924137,0.06435806159924137,0.06435806159924137,0.06435806159924137
2026-07-03,0.0657054645606419,0.0657054645606419,0.0657054645606419,0.0657054645606419,0.01995279889852501,0.0657054645606419,0.0657054645606419,0.04008963407018443,0.0657054645606419,0.020081063182304012,0.0657054645606419,0.0657054645606419,0.0657054645606419,0.0,0.0657054645606419,0.0657054645606419,0.0657054645606419,0.0657054645606419
2026-07-06,0.0,0.0,0.0,0.0,0.0,0.0,0.0,0.0,0.0,0.0,0.0,0.0,0.0,0.0,0.0,0.0,0.0,0.0
2026-07-07,0.0,0.10286059912211011,0.0,0.10286059912211011,0.019608199484296415,0.10286059912211011,0.0,0.039397256800835743,0.10286059912211011,0.019734248550186368,0.10286059912211011,0.10286059912211011,0.10286059912211011,0.0,0.10286059912211011,0.0,0.0,0.09837550218780056
2026-07-08,0.06648882058709593,0.06648882058709593,0.06648882058709593,0.06648882058709593,0.018920030919512235,0.06648882058709593,0.06648882058709593,0.038014572292205666,0.06648882058709593,0.01904165617255617,0.06648882058709593,0.06648882058709593,0.06648882058709593,0.0,0.06648882058709593,0.06648882058709593,0.06648882058709593,0.059669072983478774
2026-07-09,0.06648882058709593,0.06648882058709593,0.06648882058709593,0.06648882058709593,0.018920030919512235,0.06648882058709593,0.06648882058709593,0.038014572292205666,0.06648882058709593,0.01904165617255617,0.06648882058709593,0.06648882058709593,0.06648882058709593,0.0,0.06648882058709593,0.06648882058709593,0.06648882058709593,0.059669072983478774
2026-07-10,0.06648882058709593,0.06648882058709593,0.06648882058709593,0.06648882058709593,0.018920030919512235,0.06648882058709593,0.06648882058709593,0.038014572292205666,0.06648882058709593,0.01904165617255617,0.06648882058709593,0.06648882058709593,0.06648882058709593,0.0,0.06648882058709593,0.06648882058709593,0.06648882058709593,0.059669072983478774
2026-07-13,0.06648882058709593,0.06648882058709593,0.06648882058709593,0.06648882058709593,0.018920030919512235,0.06648882058709593,0.06648882058709593,0.038014572292205666,0.06648882058709593,0.01904165617255617,0.06648882058709593,0.06648882058709593,0.06648882058709593,0.0,0.06648882058709593,0.06648882058709593,0.06648882058709593,0.059669072983478774
2026-07-14,0.06648882058709593,0.06648882058709593,0.06648882058709593,0.06648882058709593,0.018920030919512235,0.06648882058709593,0.06648882058709593,0.038014572292205666,0.06648882058709593,0.01904165617255617,0.06648882058709593,0.06648882058709593,0.06648882058709593,0.0,0.06648882058709593,0.06648882058709593,0.06648882058709593,0.059669072983478774
2026-07-15,0.06648882058709593,0.06648882058709593,0.06648882058709593,0.06648882058709593,0.018920030919512235,0.06648882058709593,0.06648882058709593,0.038014572292205666,0.06648882058709593,0.01904165617255617,0.06648882058709593,0.06648882058709593,0.06648882058709593,0.0,0.06648882058709593,0.06648882058709593,0.06648882058709593,0.059669072983478774
2026-07-16,0.06648882058709593,0.06648882058709593,0.06648882058709593,0.06648882058709593,0.018920030919512235,0.06648882058709593,0.06648882058709593,0.038014572292205666,0.06648882058709593,0.01904165617255617,0.06648882058709593,0.06648882058709593,0.06648882058709593,0.0,0.06648882058709593,0.06648882058709593,0.06648882058709593,0.059669072983478774
2026-07-17,0.06648882058709593,0.06648882058709593,0.06648882058709593,0.06648882058709593,0.018920030919512235,0.06648882058709593,0.06648882058709593,0.038014572292205666,0.06648882058709593,0.01904165617255617,0.06648882058709593,0.06648882058709593,0.06648882058709593,0.0,0.06648882058709593,0.06648882058709593,0.06648882058709593,0.059669072983478774
2026-07-20,0.06797189011074554,0.06797189011074554,0.06797189011074554,0.06797189011074554,0.01934205256157882,0.06797189011074554,0.06797189011074554,0.03886250812748332,0.06797189011074554,0.019466390732441167,0.06797189011074554,0.06797189011074554,0.06797189011074554,0.0,0.06797189011074554,0.06797189011074554,0.06797189011074554,0.038694477138804695
2026-07-21,0.0,0.0,0.0,0.0,0.0,0.0,0.0,0.0,0.0,0.0,0.0,0.0,0.0,0.0,0.0,0.0,0.0,0.0
2026-07-22,0.07866605037363121,0.07866605037363121,0.07866605037363121,0.07866605037363121,0.022385178323855982,0.07866605037363121,0.07866605037363121,0.04497682817148783,0.07866605037363121,0.022529078880343174,0.0,0.07866605037363121,0.07866605037363121,0.0,0.0,0.07866605037363121,0.07866605037363121,0.044782360514369755
2026-07-23,0.07303602717901873,0.07303602717901873,0.07303602717901873,0.07303602717901873,0.0008465123122330432,0.07303602717901873,0.07303602717901873,0.017499860852618794,0.07303602717901873,0.0009576979515143214,0.06786114129091486,0.07303602717901873,0.07303602717901873,0.0,0.06786114129091486,0.07303602717901873,0.07303602717901873,0.041577347332598116
2026-07-24,0.07303602717901872,0.07303602717901872,0.07303602717901872,0.07303602717901872,0.000846512312233043,0.07303602717901872,0.07303602717901872,0.01749986085261879,0.07303602717901872,0.0009576979515143212,0.06786114129091485,0.07303602717901872,0.07303602717901872,0.0,0.06786114129091485,0.07303602717901872,0.07303602717901872,0.04157734733259811
2026-07-27,0.07303602717901873,0.07303602717901873,0.07303602717901873,0.07303602717901873,0.0008465123122330431,0.07303602717901873,0.07303602717901873,0.017499860852618794,0.07303602717901873,0.0009576979515143213,0.06786114129091486,0.07303602717901873,0.07303602717901873,0.0,0.06786114129091486,0.07303602717901873,0.07303602717901873,0.041577347332598116
2026-07-28,0.07303602717901872,0.07303602717901872,0.07303602717901872,0.07303602717901872,0.0008465123122330429,0.07303602717901872,0.07303602717901872,0.01749986085261879,0.07303602717901872,0.0009576979515143211,0.06786114129091485,0.07303602717901872,0.07303602717901872,0.0,0.06786114129091485,0.07303602717901872,0.07303602717901872,0.04157734733259811
2026-07-29,0.07303602717901873,0.07303602717901873,0.07303602717901873,0.07303602717901873,0.000846512312233043,0.07303602717901873,0.07303602717901873,0.017499860852618794,0.07303602717901873,0.0009576979515143212,0.06786114129091486,0.07303602717901873,0.07303602717901873,0.0,0.06786114129091486,0.07303602717901873,0.07303602717901873,0.041577347332598116
2026-07-30,0.07303602717901872,0.07303602717901872,0.07303602717901872,0.07303602717901872,0.0008465123122330428,0.07303602717901872,0.07303602717901872,0.01749986085261879,0.07303602717901872,0.000957697951514321,0.06786114129091485,0.07303602717901872,0.07303602717901872,0.0,0.06786114129091485,0.07303602717901872,0.07303602717901872,0.04157734733259811
2026-07-31,0.07303602717901873,0.07303602717901873,0.07303602717901873,0.07303602717901873,0.0008465123122330429,0.07303602717901873,0.07303602717901873,0.017499860852618794,0.07303602717901873,0.0009576979515143211,0.06786114129091486,0.07303602717901873,0.07303602717901873,0.0,0.06786114129091486,0.07303602717901873,0.07303602717901873,0.041577347332598116
2026-08-03,0.0709826634453275,0.0709826634453275,0.0709826634453275,0.0709826634453275,0.0008227131305250629,0.0709826634453275,0.0709826634453275,0.01700786284824578,0.0709826634453275,0.0009307728528003701,0.06595326634432014,0.0709826634453275,0.0709826634453275,0.0,0.06595326634432014,0.0709826634453275,0.0709826634453275,0.06852282058118583
2026-08-04,0.07098266344532751,0.07098266344532751,0.07098266344532751,0.07098266344532751,0.0008227131305250631,0.07098266344532751,0.07098266344532751,0.017007862848245785,0.07098266344532751,0.0009307728528003703,0.06595326634432015,0.07098266344532751,0.07098266344532751,0.0,0.06595326634432015,0.07098266344532751,0.07098266344532751,0.06852282058118585
2026-08-05,0.07098266344532751,0.07098266344532751,0.07098266344532751,0.07098266344532751,0.0008227131305250631,0.07098266344532751,0.07098266344532751,0.017007862848245785,0.07098266344532751,0.0009307728528003703,0.06595326634432015,0.07098266344532751,0.07098266344532751,0.0,0.06595326634432015,0.07098266344532751,0.07098266344532751,0.06852282058118585
2026-08-06,0.07098266344532751,0.07098266344532751,0.07098266344532751,0.07098266344532751,0.0008227131305250631,0.07098266344532751,0.07098266344532751,0.017007862848245785,0.07098266344532751,0.0009307728528003703,0.06595326634432015,0.07098266344532751,0.07098266344532751,0.0,0.06595326634432015,0.07098266344532751,0.07098266344532751,0.06852282058118585
2026-08-07,0.07098266344532751,0.07098266344532751,0.07098266344532751,0.07098266344532751,0.0008227131305250631,0.07098266344532751,0.07098266344532751,0.017007862848245785,0.07098266344532751,0.0009307728528003703,0.06595326634432015,0.07098266344532751,0.07098266344532751,0.0,0.06595326634432015,0.07098266344532751,0.07098266344532751,0.06852282058118585
2026-08-10,0.07098266344532751,0.07098266344532751,0.07098266344532751,0.07098266344532751,0.0008227131305250631,0.07098266344532751,0.07098266344532751,0.017007862848245785,0.07098266344532751,0.0009307728528003703,0.06595326634432015,0.07098266344532751,0.07098266344532751,0.0,0.06595326634432015,0.07098266344532751,0.07098266344532751,0.06852282058118585
2026-08-11,0.07098266344532751,0.07098266344532751,0.07098266344532751,0.07098266344532751,0.0008227131305250631,0.07098266344532751,0.07098266344532751,0.017007862848245785,0.07098266344532751,0.0009307728528003703,0.06595326634432015,0.07098266344532751,0.07098266344532751,0.0,0.06595326634432015,0.07098266344532751,0.07098266344532751,0.06852282058118585
2026-08-12,0.0,0.0,0.0,0.0,0.0,0.0,0.0,0.0,0.0,0.0,0.0,0.0,0.0,0.0,0.0,0.0,0.0,0.0
2026-08-13,0.08176845710540073,0.08176845710540073,0.08176845710540073,0.08176845710540073,0.0009477241351362226,0.08176845710540073,0.08176845710540073,0.019592202324620837,0.08176845710540073,0.0010722034986429972,0.0,0.08176845710540073,0.08176845710540073,0.0,0.0,0.08176845710540073,0.08176845710540073,0.07893484188219184
2026-08-14,0.0761802517082841,0.0761802517082841,0.0761802517082841,0.04502092694943672,0.0008829549403338892,0.0761802517082841,0.0761802517082841,0.018253235507248715,0.05074422560521809,0.0009989271572513436,0.07038112533735241,0.0761802517082841,0.0761802517082841,0.0,0.054556048214371065,0.0761802517082841,0.0761802517082841,0.0735402909142309
2026-08-17,0.0761802517082841,0.0761802517082841,0.0761802517082841,0.04502092694943672,0.0008829549403338892,0.0761802517082841,0.0761802517082841,0.018253235507248715,0.05074422560521809,0.0009989271572513436,0.07038112533735241,0.0761802517082841,0.0761802517082841,0.0,0.054556048214371065,0.0761802517082841,0.0761802517082841,0.0735402909142309
2026-08-18,0.0761802517082841,0.0761802517082841,0.0761802517082841,0.04502092694943672,0.0008829549403338892,0.0761802517082841,0.0761802517082841,0.018253235507248715,0.05074422560521809,0.0009989271572513436,0.07038112533735241,0.0761802517082841,0.0761802517082841,0.0,0.054556048214371065,0.0761802517082841,0.0761802517082841,0.0735402909142309
2026-08-19,0.0761802517082841,0.0761802517082841,0.0761802517082841,0.04502092694943672,0.0008829549403338892,0.0761802517082841,0.0761802517082841,0.018253235507248715,0.05074422560521809,0.0009989271572513436,0.07038112533735241,0.0761802517082841,0.0761802517082841,0.0,0.054556048214371065,0.0761802517082841,0.0761802517082841,0.0735402909142309
2026-08-20,0.0761802517082841,0.0761802517082841,0.0761802517082841,0.04502092694943672,0.0008829549403338892,0.0761802517082841,0.0761802517082841,0.018253235507248715,0.05074422560521809,0.0009989271572513436,0.07038112533735241,0.0761802517082841,0.0761802517082841,0.0,0.054556048214371065,0.0761802517082841,0.0761802517082841,0.0735402909142309
2026-08-21,0.0761802517082841,0.0761802517082841,0.0761802517082841,0.04502092694943672,0.0008829549403338892,0.0761802517082841,0.0761802517082841,0.018253235507248715,0.05074422560521809,0.0009989271572513436,0.07038112533735241,0.0761802517082841,0.0761802517082841,0.0,0.054556048214371065,0.0761802517082841,0.0761802517082841,0.0735402909142309
2026-08-24,0.0761802517082841,0.0761802517082841,0.0761802517082841,0.04502092694943672,0.0008829549403338892,0.0761802517082841,0.0761802517082841,0.018253235507248715,0.05074422560521809,0.0009989271572513436,0.07038112533735241,0.0761802517082841,0.0761802517082841,0.0,0.054556048214371065,0.0761802517082841,0.0761802517082841,0.0735402909142309
2026-08-25,0.0732144062628033,0.0732144062628033,0.0732144062628033,0.04326817465274418,0.0008485797862797674,0.0732144062628033,0.0732144062628033,0.017542601528225316,0.04876865415433877,0.03989198297527123,0.06764105116656963,0.0732144062628033,0.0732144062628033,0.0,0.05243207509152526,0.0732144062628033,0.0732144062628033,0.07067722427981615
2026-08-26,0.07123401542405657,0.07123401542405657,0.07123401542405657,0.04209780530789132,0.0008256263851600221,0.07123401542405657,0.07123401542405657,0.017068088257850927,0.04744950126032249,0.06586213308887086,0.06581141510324297,0.07123401542405657,0.07123401542405657,0.0,0.05101382960586199,0.07123401542405657,0.07123401542405657,0.06876546217429037
2026-08-27,0.0696273673238521,0.0696273673238521,0.0696273673238521,0.06370281707259409,0.0008070047890686124,0.0696273673238521,0.0696273673238521,0.016683125941598605,0.0463793011515441,0.06437664514645013,0.0643270710799846,0.0696273673238521,0.0696273673238521,0.0,0.04986323782842958,0.0696273673238521,0.0696273673238521,0.06721449107566135
2026-08-28,0.07107404857770366,0.07107404857770366,0.050296568264212464,0.06502640110023386,0.0008237723151863787,0.07107404857770366,0.07107404857770366,0.017029759262417666,0.0473429461681738,0.0657142296236291,0.06566362553297354,0.07107404857770366,0.07107404857770366,0.0,0.05089927027077671,0.07107404857770366,0.07107404857770366,0.06861103884076725
2026-08-31,0.07421908459466249,0.07421908459466249,0.05252219803887539,0.06790382791924868,0.0008602243487046644,0.07421908459466249,0.07421908459466249,0.017783328354262582,0.028220498132177783,0.06862209294545837,0.0685692496171218,0.07421908459466249,0.07421908459466249,0.0,0.030118817534603257,0.07421908459466249,0.07421908459466249,0.07164708635224763
2026-09-01,0.0,0.0,0.0,0.0,0.0,0.0,0.0,0.0,0.0,0.0,0.0,0.0,0.0,0.0,0.0,0.0,0.0,0.0
2026-09-02,0.0763744084455462,0.0763744084455462,0.05404744382642808,0.06987575657722063,0.0008852052827326138,0.0763744084455462,0.0763744084455462,0.01829975660124739,0.0,0.07061488003560717,0.07056050213585213,0.0763744084455462,0.0763744084455462,0.0,0.030993468659004396,0.0763744084455462,0.0763744084455462,0.07372771931753792
2026-09-03,0.07625395973461241,0.07625395973461241,0.05396220657129698,0.06976555677369285,0.0008838092413440518,0.07625395973461241,0.07625395973461241,0.018270896383042308,0.02443493952974176,0.07050351457371823,0.04759136498268151,0.07625395973461241,0.07625395973461241,0.0,0.03094458941498373,0.07625395973461241,0.07625395973461241,0.07361144465259938
2026-09-04,0.07625395973461241,0.07625395973461241,0.05396220657129698,0.06976555677369285,0.0008838092413440518,0.07625395973461241,0.07625395973461241,0.018270896383042308,0.02443493952974176,0.07050351457371823,0.04759136498268151,0.07625395973461241,0.07625395973461241,0.0,0.03094458941498373,0.07625395973461241,0.07625395973461241,0.07361144465259938
2026-09-07,0.07625395973461241,0.07625395973461241,0.05396220657129698,0.06976555677369285,0.0008838092413440518,0.07625395973461241,0.07625395973461241,0.018270896383042308,0.02443493952974176,0.07050351457371823,0.04759136498268151,0.07625395973461241,0.07625395973461241,0.0,0.03094458941498373,0.07625395973461241,0.07625395973461241,0.07361144465259938
2026-09-08,0.0,0.0,0.0,0.0,0.0,0.0,0.0,0.0,0.0,0.0,0.0,0.0,0.0,0.0,0.0,0.0,0.0,0.0
2026-09-09,0.0,0.12529122289534161,0.0,0.12529122289534161,0.0008898581228136408,0.12529122289534161,0.0,0.018395944279572665,0.02460217477239119,0.12529122289534161,0.04791708518596701,0.12529122289534161,0.12529122289534161,0.0,0.031156377371864198,0.0,0.0,0.12529122289534161
2026-09-10,0.07987194491080551,0.07987194491080551,0.03244152039978198,0.07987194491080551,0.0008540151903471698,0.07987194491080551,0.07987194491080551,0.017654967070324025,0.0236112144537879,0.07987194491080551,0.045987014757570825,0.07987194491080551,0.07987194491080551,0.0,0.02990141784358726,0.06224721051573402,0.06845513557161724,0.07987194491080551
2026-09-11,0.07987194491080551,0.07987194491080551,0.03244152039978198,0.07987194491080551,0.0008540151903471698,0.07987194491080551,0.07987194491080551,0.017654967070324025,0.0236112144537879,0.07987194491080551,0.045987014757570825,0.07987194491080551,0.07987194491080551,0.0,0.02990141784358726,0.06224721051573402,0.06845513557161724,0.07987194491080551
2026-09-14,0.07987194491080551,0.07987194491080551,0.03244152039978198,0.07987194491080551,0.0008540151903471698,0.07987194491080551,0.07987194491080551,0.017654967070324025,0.0236112144537879,0.07987194491080551,0.045987014757570825,0.07987194491080551,0.07987194491080551,0.0,0.02990141784358726,0.06224721051573402,0.06845513557161724,0.07987194491080551
2026-09-15,0.07987194491080551,0.07987194491080551,0.03244152039978198,0.07987194491080551,0.0008540151903471698,0.07987194491080551,0.07987194491080551,0.017654967070324025,0.0236112144537879,0.07987194491080551,0.045987014757570825,0.07987194491080551,0.07987194491080551,0.0,0.02990141784358726,0.06224721051573402,0.06845513557161724,0.07987194491080551
2026-09-16,0.07987194491080551,0.07987194491080551,0.03244152039978198,0.07987194491080551,0.0008540151903471698,0.07987194491080551,0.07987194491080551,0.017654967070324025,0.0236112144537879,0.07987194491080551,0.045987014757570825,0.07987194491080551,0.07987194491080551,0.0,0.02990141784358726,0.06224721051573402,0.06845513557161724,0.07987194491080551
2026-09-17,0.07987194491080551,0.07987194491080551,0.03244152039978198,0.07987194491080551,0.0008540151903471698,0.07987194491080551,0.07987194491080551,0.017654967070324025,0.0236112144537879,0.07987194491080551,0.045987014757570825,0.07987194491080551,0.07987194491080551,0.0,0.02990141784358726,0.06224721051573402,0.06845513557161724,0.07987194491080551
2026-09-18,0.07987194491080551,0.07987194491080551,0.03244152039978198,0.07987194491080551,0.0008540151903471698,0.07987194491080551,0.07987194491080551,0.017654967070324025,0.0236112144537879,0.07987194491080551,0.045987014757570825,0.07987194491080551,0.07987194491080551,0.0,0.02990141784358726,0.06224721051573402,0.06845513557161724,0.07987194491080551
2026-09-21,0.08152854025725324,0.08152854025725324,0.03311437833238877,0.08152854025725324,0.0008717280129371879,0.08152854025725324,0.08152854025725324,0.018021142406645776,0.0241009261796236,0.08152854025725324,0.046940814927699255,0.08152854025725324,0.08152854025725324,0.0,0.030521592420620434,0.06353825757092808,0.04913429783387766,0.08152854025725324
2026-09-22,0.0,0.0,0.0,0.0,0.0,0.0,0.0,0.0,0.0,0.0,0.0,0.0,0.0,0.0,0.0,0.0,0.0,0.0
