Id,Date,Time,Name,Impact,Currency,Actual,Deviation,Consensus,Previous,Sentiment
4735bbc8-08bf-49dc-a742-a1e0dea9ca88,01/01/2011,03:00,New Year's Day,NONE,CAD,,,,,ALL DAY
e171e4cc-d75c-4d58-80f4-bb162518839c,01/01/2011,03:00,New Year's Day,NONE,CHF,,,,,ALL DAY
166b1bbd-9d74-493a-8654-03fc35ee1f5d,01/01/2011,03:00,New Year's Day,NONE,EUR,,,,,ALL DAY
dfac4ecf-d342-4e3d-9b29-505d09f816c0,01/01/2011,03:00,New Year's Day,NONE,JPY,,,,,ALL DAY
050ae9e0-8172-4479-b054-d7018f538abb,01/01/2011,03:00,New Year's Day,NONE,USD,,,,,ALL DAY
ca27062a-62b3-40e6-ac1a-a7b4a90a7aee,01/01/2011,04:00,NBS Manufacturing PMI (Dec),LOW,CNY,53.9,-,-,55.2,
26905056-052a-4d70-9de0-a0882edbfeba,01/02/2011,03:00,Bank Holiday,NONE,CHF,,,,,ALL DAY
8e5340ad-30d0-4867-9a8b-d5676e744e94,01/03/2011,03:00,New Year's Day,NONE,AUD,,,,,ALL DAY
331cd993-4b63-4a6f-be14-cbbd99e3465f,01/03/2011,03:00,Bank Holiday,NONE,JPY,,,,,ALL DAY
0c6a87f3-4b08-4474-a8a8-0f7f6a59f623,01/03/2011,03:00,New Year's Day,NONE,GBP,,,,,ALL DAY
3a36f188-8960-4376-a0fd-b31af573e51d,01/03/2011,11:30,SVME - Purchasing Managers' Index (Dec),MEDIUM,CHF,61.2,-0.12,61.5,63.2,
8169ce3e-4c0b-4835-9b8e-0a7a428ca5ed,01/03/2011,11:30,Manufacturing PMI (Dec),MEDIUM,SEK,60.2,-,-,-,
7b3e102d-944e-47ba-8cc5-97f68433175d,01/03/2011,11:55,HCOB Manufacturing PMI (Dec),MEDIUM,EUR,-,-0.25,60.9,-,
59414fdd-d8fd-4e3c-8ba2-257c27d64ceb,01/03/2011,12:00,HCOB Manufacturing PMI (Dec),MEDIUM,EUR,-,0.52,56.8,-,
c255118f-3d62-41ba-b1a6-a46b6b50e036,01/03/2011,12:00,HALPIM Manufacturing PMI (Dec),MEDIUM,HUF,54,-,-,-,
3e3ab5f0-e6b9-4aad-9e8d-f049418ec30b,01/03/2011,17:00,Budget Balance (Dec),MEDIUM,CZK,-156.29B,-,-,-,
2258493a-2404-4c20-8d02-7e29628e402e,01/03/2011,18:00,Construction Spending (MoM) (Nov),MEDIUM,USD,-0.2%,-0.48,0.2%,-0.8% ,
8c19ca1d-4d8e-4a16-9860-edc6edd93e0c,01/03/2011,18:00,ISM Manufacturing PMI (Dec),MEDIUM,USD,58.5,1.14,56.9,57.3,
6004c836-519f-4933-be22-3ff28c827b98,01/03/2011,18:00,ISM Manufacturing Prices Paid (Dec),LOW,USD,72.5,0.33,71,69,
be88f620-34b9-4e23-b830-9dbc911420f6,01/04/2011,01:30,AiG Performance of Mfg Index (Dec),MEDIUM,AUD,46.3,-,-,47.6,
d345dacf-f698-4e25-86ea-a40f6e9c3967,01/04/2011,08:30,RBA Commodity Index SDR (YoY) (Dec),LOW,AUD,47.7%,-,-,44.4% ,
0f732ee4-ff1e-4c78-90ec-2f4073667fca,01/04/2011,11:55,Unemployment Change (Dec),MEDIUM,EUR,1K,0.96,-12K,-10K,
dfb6ed2c-5239-4091-aa1d-678a7ff58468,01/04/2011,11:55,Unemployment Rate s.a. (Dec),MEDIUM,EUR,7.5%,-,-,7.4% ,
b87bec27-3fe4-4af0-8b4f-87a3436dd65d,01/04/2011,12:30,M4 Money Supply (MoM) (Nov),MEDIUM,GBP,-0.6%,-3.63,0.4%,0.2% ,
f895a130-1228-42ff-aa5d-adebb6a88d56,01/04/2011,12:30,M4 Money Supply (YoY) (Nov),MEDIUM,GBP,-1.5%,-,-,-0.7% ,
0879e076-5412-4390-8d55-300492f7f067,01/04/2011,12:30,Mortgage Approvals (Nov),MEDIUM,GBP,47.287K,0.25,47K,45K,
563826a4-6f1b-4a1b-b990-01e0eebebc60,01/04/2011,12:30,S&P Global Manufacturing PMI (Dec),MEDIUM,GBP,-,0.69,57.3,58,
22a801cf-8ab8-4501-bdf0-c1c7076cc622,01/04/2011,13:00,Harmonized Index of Consumer Prices (YoY) (Dec) PREL,MEDIUM,EUR,1.9%,-1.25,2%,1.9%,
fa57dfa0-4d25-4e67-b2c8-422eda8d4fa2,01/04/2011,18:00,Factory Orders (MoM) (Nov),MEDIUM,USD,1.3%,1.44,-0.1%,-1% ,
eddd7183-c951-4f85-a1c6-bda62f60d5b8,01/04/2011,19:00,Currency Reserves (Dec),LOW,DKK,418.6B,-,-,-,
8dab489e-7779-46c9-a715-c18f31b1caef,01/04/2011,22:00,FOMC Minutes,MEDIUM,USD,,,,,REPORT
f10a650b-ded1-4c53-8b62-c0b18912a723,01/05/2011,01:00,Total Vehicle Sales (Dec),LOW,USD,12.55M,1.29,12.3M,12.26M,
1aa66476-88b2-449c-bc2b-a8b617723dec,01/05/2011,02:50,Monetary Base (YoY) (Dec),LOW,JPY,7%,-1.34,7.9%,7.6%,
6dc824f2-ec78-4afd-86e8-cffbff0ea2d7,01/05/2011,03:00,HIA New Home Sales (MoM) (Nov),MEDIUM,AUD,-0.2%,-,-,6.1% ,
23b1e351-af4c-4fde-8664-c882c24bfbb9,01/05/2011,08:00,Vehicle Sales (YoY) (Dec),LOW,JPY,-28.3%,-,-,-31% ,
6d4a4dbf-34a2-4d33-96f3-f7c7855edd89,01/05/2011,11:55,HCOB Services PMI (Dec),MEDIUM,EUR,-,0.56,58.3,-,
b1bdc6fb-04a7-4ef4-a350-660678918e1c,01/05/2011,12:00,HCOB Services PMI (Dec),MEDIUM,EUR,-,0.43,53.7,-,
e9ed5484-3a77-4474-ad43-63e1996b70c2,01/05/2011,12:30,S&P Global Construction PMI (Dec),LOW,GBP,-,-0.91,51.1,-,
51fe2c05-8ba6-4fd6-8132-2eb486d39f72,01/05/2011,13:00,Industrial New Orders (YoY) (Oct),LOW,EUR,14.7%,-1.11,18.8%,13.4%,
0265b689-85ae-431c-8220-d7be5e892035,01/05/2011,13:00,Industrial New Orders s.a. (MoM) (Oct),MEDIUM,EUR,1.4%,-0.04,1.5%,-3.8% ,
11d82842-934b-4080-a198-07bad0b04735,01/05/2011,13:00,Producer Price Index (YoY) (Nov),MEDIUM,EUR,4.5%,1.12,4.4%,4.1% ,
fce27079-b9ad-4ec0-8c3c-a04789a643b6,01/05/2011,13:00,Producer Price Index (MoM) (Nov),MEDIUM,EUR,0.4%,2.04,0.3%,0.1% ,
adb71498-ff21-45ba-a6c7-e94bad113dbf,01/05/2011,14:00,Industrial Output (MoM) (Nov),MEDIUM,BRL,-0.1%,-,-,-,
21f9bdd5-fa6f-4f99-a459-9059e97ed6b3,01/05/2011,14:00,Industrial Output (YoY) (Nov),LOW,BRL,5.3%,-,-,-,
a45bf913-c5c7-43c2-a30b-eaf3276d3353,01/05/2011,14:30,Fipe's IPC Inflation (Dec),LOW,BRL,0.54%,-,-,-,
78e7df7a-5008-4a57-b695-4b94a0c21d7a,01/05/2011,15:00,MBA Mortgage Applications,LOW,USD,-3.9%,-,-,-2.3% ,
d7347c81-6ad2-472b-950f-4c24e0c01bf2,01/05/2011,15:00,MBA Mortgage Applications,LOW,USD,2.3%,-,-,-18.6% ,
b528c591-7461-44a0-a3ac-2f1081c76ed3,01/05/2011,16:15,ADP Employment Change (Dec),MEDIUM,USD,247K,5.03,100K,154K,
292d7813-a87f-436a-ac6c-5fc21813d1b1,01/05/2011,16:30,Industrial Product Price (MoM) (Nov),LOW,CAD,0.6%,0.16,0.5%,0.8% ,
1f8181a3-39bc-4777-bce4-d6571055eafb,01/05/2011,16:30,Raw Material Price Index (Nov),LOW,CAD,3.5%,0.80,2.2%,3.1% ,
fcb79e09-613c-47a0-9633-0fd928f2b380,01/05/2011,18:00,ISM Services PMI (Dec),MEDIUM,USD,57.1,1.24,55.6,56.4,
256cf940-77d1-402e-a6a7-4af89a760e8c,01/05/2011,18:30,EIA Crude Oil Stocks Change,LOW,USD,-4.2M,-,-,-1.3M,
8ec26b61-220c-4160-a877-3fa2521bbbf6,01/06/2011,01:30,AiG Performance of Services Index (Dec),MEDIUM,AUD,46.4,-,-,46.2,
67a7ff02-daec-4a07-be93-067b355141c6,01/06/2011,03:30,Building Permits (MoM) (Nov),NONE,AUD,-4.2%,-,-,10.4% ,
95db6af2-357c-45e7-a66e-85d818f1d1e3,01/06/2011,03:30,Building Permits (YoY) (Nov),LOW,AUD,-9.9%,-,-,1.2% ,
c2ebc0b2-8b47-417a-b219-0c44c5f7b593,01/06/2011,11:15,Consumer Price Index (MoM) (Dec),MEDIUM,CHF,0%,1.67,-0.2%,0.2%,
1f09282c-378c-4b74-9f39-d9954cca3fb2,01/06/2011,11:15,Consumer Price Index (YoY) (Dec),MEDIUM,CHF,0.5%,1.51,0.3%,0.2%,
aedcb829-791f-4390-914b-ce8958eb9704,01/06/2011,11:30,Consumer Price Index n.s.a (YoY) (Dec),MEDIUM,EUR,1.9%,-,-,-,
69692463-cbf0-4b21-a0d8-70d0ae861458,01/06/2011,11:30,Bank of England Credit Conditions Report (QoQ) (Q4),MEDIUM,GBP,-,-,-,-,
3331d484-337b-4ef1-a585-8f17beb4f198,01/06/2011,12:30,Unemployment Rate (Nov),LOW,DKK,4.1%,-,-,-,
73d09c69-c9a7-4656-a219-b068d2452db1,01/06/2011,12:30,S&P Global Services PMI (Dec),MEDIUM,GBP,-,-3.07,53,-,
03e0ba6c-275f-47dd-8336-6433229ebe0d,01/06/2011,13:00,Consumer Confidence (Dec),MEDIUM,EUR,-11,-2.11,-9,-11,
1899a9d8-9120-493e-8150-a48b4586287b,01/06/2011,13:00,Economic Sentiment Indicator (Dec),LOW,EUR,106.9,2.14,105.5,102.1,
7cb7decf-88ae-44ee-8ed3-17244d26a272,01/06/2011,13:00,Industrial Confidence (Dec),MEDIUM,EUR,5.1,2.49,1.9,0.4,
805ce59c-fea8-492c-82da-4572efd088f2,01/06/2011,13:00,Retail Sales (MoM) (Nov),MEDIUM,EUR,-0.1%,-0.86,0.3%,-0.2% ,
9256aa01-6652-456c-97ae-97daf812b698,01/06/2011,13:00,Retail Sales (YoY) (Nov),MEDIUM,EUR,1%,-1.87,2.1%,0.7% ,
9f4aefad-8a44-4006-8d14-9d4072e9f089,01/06/2011,14:00,Factory Orders n.s.a. (YoY) (Nov),LOW,EUR,20.6%,2.29,15.8%,18.5% ,
7b7795f8-b3af-400c-8b83-3f1f8e56a8ef,01/06/2011,14:00,Factory Orders s.a. (MoM) (Nov),MEDIUM,EUR,5.2%,1.62,0.9%,0.4% ,
770836b5-a613-4ea3-ac3d-131688f2b6a4,01/06/2011,16:30,Continuing Jobless Claims,LOW,USD,4.127M,0.37,4.09M,4.128M,
e0895462-eef7-4216-a014-fea26b1fbae9,01/06/2011,16:30,Initial Jobless Claims,LOW,USD,410K,0.83,400K,388K,
229dc42a-faea-4f2a-996a-3916e086c18c,01/06/2011,18:00,Ivey Purchasing Managers Index (Dec),MEDIUM,CAD,50,-0.32,52.7,57.5,
89900e2a-b080-496d-ba51-beeb4553984a,01/07/2011,08:00,Gross Domestic Product (MoM) (Nov),HIGH,EUR,0.7%,-,-,-,
986d0ea6-6fc6-4e85-b259-69a83e9d6255,01/07/2011,08:30,Gross Domestic Product Quarterly (YoY) (Q1),LOW,INR,8.9%,-,-,-,
a5000f18-6fb7-411d-aa17-20456c4d4229,01/07/2011,09:00,Gross $Gold & Forex Reserve (Dec),LOW,ZAR,$43.834B,-,-,-,
ff05e011-799c-4599-9afe-aa30ff5496cf,01/07/2011,09:00,Net $Gold & Forex Reserve,LOW,ZAR,$43.353B,-,-,-,
84e23b21-a469-470e-a334-80b28fe97f54,01/07/2011,09:45,Unemployment Rate s.a (MoM) (Dec),MEDIUM,CHF,3.8%,1.12,3.7%,3.6%,
aa4ebd9a-c4f7-4291-8407-f2c8c5a474f9,01/07/2011,10:00,Current Account n.s.a. (Nov),LOW,EUR,€12.9B,-0.54,€15.5B,€13.7B,
ef89a7b3-03a9-4a38-98ae-37deef09bfb4,01/07/2011,10:00,Trade Balance s.a. (Nov),MEDIUM,EUR,€11.9B,-2.24,€14.5B,€14.3B,
81fb1d4d-c281-4242-a0d5-c572ebbc1aa2,01/07/2011,10:00,Gross Domestic Product (YoY) (Nov),HIGH,EUR,7.5%,-,-,-,
531de69d-5d5e-4f54-a84b-a78cca248575,01/07/2011,10:00,Trade Balance (Nov),MEDIUM,EUR,€-0.2B,-,-,-,
bd3d5b39-89bc-4ae4-9bb3-5384d944699c,01/07/2011,10:00,Retail Sales (MoM) (Nov),LOW,EUR,-1.3%,-3.34,1.1%,-0.3% ,
007b4b79-0519-4be8-a0f8-48705e1df296,01/07/2011,10:45,Trade Balance EUR (Dec),LOW,EUR,€-4.1B,-,-,-,
8bcb8b7f-52ef-4568-b2d2-659fa5fce213,01/07/2011,11:00,Construction output (YoY) (Nov),LOW,CZK,-0.1%,-,-,-,
540d0e03-b7ef-404f-b5ef-27986d68c2aa,01/07/2011,11:00,Foreign Trade Balance (MoM) (Nov),MEDIUM,CZK,12.39B,-,-,-,
baa9491f-1c52-4865-b220-9880d5213d21,01/07/2011,11:00,Industrial Production (YoY) (Nov),MEDIUM,CZK,15.9%,-,-,-,
6f2abbe5-680c-4eb5-9b8f-f07275a3f89b,01/07/2011,11:00,Retail Sales (YoY) (Nov),MEDIUM,CZK,5%,-,-,-,
699508a2-d517-4e58-92c8-3eec74fe2661,01/07/2011,11:00,Industrial Output (YoY) (Nov),MEDIUM,HUF,14.7%,-,-,-,
78a27a07-7894-4ebf-86bf-00e3f2e6656d,01/07/2011,11:00,Industrial Production (MoM) (Nov),MEDIUM,RON,1.6%,-,-,-,
0d14293e-1d33-48d5-8cc5-20a182fd1698,01/07/2011,11:30,Industrial Production (MoM) (Nov),MEDIUM,DKK,-1.4%,-,-,-,
17c29999-cc3d-4ab0-aa59-ad6328f17fe4,01/07/2011,12:00,FX Reserves (Dec),LOW,CZK,€31.98B,-,-,-,
c207bc6e-ec89-437e-8835-fbfc8775d3fc,01/07/2011,12:00,Manufacturing Output (Nov),MEDIUM,NOK,0.9%,-,-,-,
c65244b6-99d3-4aa5-993b-261b8cde21df,01/07/2011,12:30,Industrial Outlook (Dec),MEDIUM,DKK,-1,-,-,-,
82c54fc6-de6d-47ec-8274-abefb53066d9,01/07/2011,12:50,Budget Balance (Dec),LOW,HUF,434.9B,-,-,-,
e84848be-133d-4156-bdba-27db1c2e4cb3,01/07/2011,13:00,Gross Domestic Product s.a. (QoQ) (Q3),MEDIUM,EUR,0.3%,-0.74,0.4%,0.4%,
5d38ec15-9a83-4bcf-ab86-a74a1839f1aa,01/07/2011,13:00,Gross Domestic Product s.a. (YoY) (Q3),MEDIUM,EUR,1.9%,0.00,1.9%,1.9%,
f2a59bac-47ce-49da-9000-742277e47f1c,01/07/2011,13:00,Unemployment Rate (Nov),MEDIUM,EUR,10%,-2.50,10.1%,10.3% ,
8e9591f1-6870-4b70-a86b-7093e6e5010f,01/07/2011,14:00,Industrial Production n.s.a. w.d.a. (YoY) (Nov),MEDIUM,EUR,11.3%,0.13,11.1%,8.6% ,
ff096b3f-e21f-475f-9b1b-3cb84c16761a,01/07/2011,14:00,Industrial Production s.a. (MoM) (Nov),MEDIUM,EUR,-0.6%,-0.31,-0.2%,1.6% ,
8c4276a8-8773-455f-b6ba-1c5287727d30,01/07/2011,15:00,IPCA Inflation (Dec),LOW,BRL,0.63%,-,-,-,
fce91320-3e5c-49a8-aa4c-56db77bbe03a,01/07/2011,15:00,Net Change in Employment (Dec),HIGH,CAD,22K,0.21,20K,30.2K,
185c1632-d62c-4416-82ff-172c367213b8,01/07/2011,15:00,Unemployment Rate (Dec),MEDIUM,CAD,7.6%,-0.67,7.7%,7.7% ,
f5077446-867b-4b45-a1eb-c5971c4f90ce,01/07/2011,16:00,Central Bank FX Reserves (Dec),LOW,PLN,€70B,-,-,-,
3086010b-57f9-4412-94f3-059dd4f9aa54,01/07/2011,16:30,Average Hourly Earnings (MoM) (Dec),MEDIUM,USD,0.1%,-0.68,0.2%,0% ,
f099db8a-9b22-4080-928a-63e6c1a82260,01/07/2011,16:30,Average Hourly Earnings (YoY) (Dec),LOW,USD,1.8%,0.00,1.8%,1.7% ,
18f1ed45-98d0-4a94-b9c6-a613ad65a458,01/07/2011,16:30,Average Weekly Hours (Dec),LOW,USD,34.3,0.00,34.3,34.2,
5db37c53-2dca-49f0-a94e-c684fed0bc2f,01/07/2011,16:30,Nonfarm Payrolls (Dec),HIGH,USD,121K,-0.21,135K,125K,
2ba915f8-0d0e-4504-893d-0c7f0bfdcf5b,01/07/2011,16:30,Unemployment Rate (Dec),MEDIUM,USD,9.4%,-2.74,9.7%,9.8%,
cb1c775f-5321-430b-aa22-edb20e9ee62d,01/07/2011,17:30,Fed's Chair Bernanke testifies,MEDIUM,USD,,,,,SPEECH
aaa142f0-058a-4a19-b9c4-14b4a0b5e83e,01/07/2011,23:00,Consumer Credit Change (Nov),MEDIUM,USD,$2B,0.59,$0B,$8.01B,
94d89dc3-6334-4d5e-9bbe-7aa1a70376d5,01/10/2011,00:45,Trade Balance NZD (MoM) (Nov),MEDIUM,NZD,$-177M,-0.15,$-151M,$-220M,
61450c45-543a-4ac5-b52d-8c38b7d95156,01/10/2011,02:30,AiG Performance of Construction Index (Dec),MEDIUM,AUD,43.8,-,-,42.2,
eb5f3dc6-e1f7-4a20-985d-d896f3ae093d,01/10/2011,03:00,Coming-of-Age Day,NONE,JPY,,,,,ALL DAY
f6873c4c-d217-491a-a7d8-5f7a7d957a8d,01/10/2011,03:30,Retail Sales s.a. (MoM) (Nov),MEDIUM,AUD,0.4%,0.25,0.3%,-0.8% ,
bf207827-a778-43a0-b809-a10246150f4b,01/10/2011,06:00,Trade Balance USD (Dec),MEDIUM,CNY,$13.1B,-,$20.9B,$22.64B,
992e1bd5-8c7a-454a-bf96-5f2f5959a52e,01/10/2011,10:00,Industrial Output (MoM) (Nov),MEDIUM,EUR,-1%,-,-,-,
059679c2-c727-4c3f-bb5b-92e0119fc040,01/10/2011,11:00,Consumer Price Index (MoM) (Dec),MEDIUM,CZK,0.5%,-,-,-,
96d48dda-de31-4157-ac6b-55d0622c4a73,01/10/2011,11:00,Consumer Price Index (YoY) (Dec),MEDIUM,CZK,2.3%,-,-,-,
0cb17d6d-47ec-4d34-9afa-6b5ca26b5e89,01/10/2011,11:00,Unemployment Rate (Dec),HIGH,CZK,9.6%,-,-,-,
debb2fc5-fd5c-4fcb-8201-cb9406a86918,01/10/2011,11:00,Trade Balance (Nov),MEDIUM,HUF,€651.9M,-,-,-,
0d66abd3-a6a8-4c5f-9536-b3e76065ed3b,01/10/2011,11:00,Trade Balance (Nov),MEDIUM,RON,€-0.9B,-,-,-,
fb0e5325-90ce-4811-ab6f-fdd8032502cb,01/10/2011,11:00,Halifax House Prices (MoM) (Dec),LOW,GBP,-1.1%,-0.93,-0.3%,0.5% ,
8a7eb60b-ca86-422b-87a1-3a551e285e2d,01/10/2011,11:00,Halifax House Prices (YoY/3m) (Dec),LOW,GBP,-1.6%,-,-,-1.6%,
5e042f6e-f7cb-4cce-a33c-ac41c9150765,01/10/2011,11:30,Consumer Price Index (YoY) (Dec),MEDIUM,DKK,2.8%,-,-,-,
aeff45cf-c100-4671-968b-736ed31a1f96,01/10/2011,11:30,Current Account (Nov),MEDIUM,DKK,11.1B,-,-,-,
30dc3a48-df5f-4741-8083-b9eda7e70c44,01/10/2011,11:30,Inflation (HICP) (YoY) (Dec),MEDIUM,DKK,2.8%,-,-,-,
30bf8c2d-6a0e-4f7d-8e47-0e5303801855,01/10/2011,11:30,Trade Balance (Nov),MEDIUM,DKK,5.4B,-,-,-,
b9a5b78f-653e-487e-b7b2-832d2b5956f5,01/10/2011,11:30,Manufacturing Output (MoM) (Nov),MEDIUM,EUR,0.6%,-,-,-,
4527d406-0ebd-409f-945b-1008b7299666,01/10/2011,11:30,Industrial Production Value (MoM) (Nov),MEDIUM,SEK,1.1%,-,-,-,
e033986a-a88d-4689-b47b-1534234b5377,01/10/2011,11:30,New Orders Manufacturing (YoY) (Nov),MEDIUM,SEK,15.9%,-,-,-,
28f49263-df09-4a47-876b-b35fc94646dd,01/10/2011,11:30,Industrial Production Value (YoY) (Nov),MEDIUM,SEK,12.1%,-,-,-,
39e5336e-9260-4d9c-8e75-21cf5bbb55ee,01/10/2011,12:00,Real Retail Sales (YoY) (Nov),LOW,CHF,1.8%,-0.24,2.2%,1.8% ,
c6208ef5-37a8-4817-94ce-3bdf429b010a,01/10/2011,12:00,Consumer Price Index (YoY) (Dec),MEDIUM,NOK,2.8%,-,-,-,
75e8fcfe-3f5e-4083-bb08-b28c85091698,01/10/2011,12:00,Core Inflation (YoY) (Dec),MEDIUM,NOK,1%,-,-,-,
153410a8-784d-447a-a754-de52df9d3d9a,01/10/2011,12:00,Producer Price Index (YoY) (Dec),MEDIUM,NOK,23.9%,-,-,-,
3252a85f-6005-417f-aa89-537a63746a7c,01/10/2011,12:30,Retail Sales (YoY) (Dec),MEDIUM,DKK,2.1%,-,-,-,
c0fb4ef5-f051-4797-b745-b00a952f11e0,01/10/2011,12:30,Sentix Investor Confidence (Jan),LOW,EUR,10.6,-0.28,11.3,9.7,
63a6b87c-56a2-47fb-b020-861a1858b219,01/10/2011,12:30,Unemployment Total (Q3),LOW,ZAR,4.396M,-,-,-,
69003312-0c29-4ced-b9b0-771af1b08b4b,01/10/2011,13:00,Total New Vehicle Sales (Dec),LOW,ZAR,"39,504",-,-,-,
025b4af6-9c24-413b-8bc6-98c1af5ef22e,01/10/2011,13:45,Trade Balance (Dec),MEDIUM,ISK,13.1B,-,-,-,
44dc95c8-959f-40a1-9dd1-bbf31cbfd28d,01/10/2011,16:30,Building Permits (MoM) (Nov),LOW,CAD,-10.5%,-1.70,1.2%,-5.9% ,
f1bd9678-022e-4be3-bb53-e1aac20dd145,01/10/2011,18:30,Bank of Canada Business Outlook Survey,MEDIUM,CAD,,,,,REPORT
e4420fcb-5493-4149-a824-398508adcd71,01/11/2011,00:00,NZIER Business Confidence (QoQ) (Q4),LOW,NZD,8%,-,-,6%,
c0dcfa8e-1d73-4aa5-8079-f6dc9cbe6f28,01/11/2011,00:45,Building Permits s.a. (MoM) (Nov),LOW,NZD,7.8%,-,-,-1.8%,
e5323f9b-5cf4-439d-92bc-fdc4814e1552,01/11/2011,03:01,BRC Like-For-Like Retail Sales (YoY) (Dec),MEDIUM,GBP,-0.3%,-,-,0.7%,
4d6b0941-c837-4fc1-97e6-05bfec28d6f3,01/11/2011,03:30,ANZ Job Advertisements (Dec),LOW,AUD,1.2%,-,-,2.9% ,
e9813c41-9e58-4408-a567-da7d44f281af,01/11/2011,03:30,Trade Balance (MoM) (Nov),MEDIUM,AUD,2.078M,0.03,2.05M,"1,162M",
af939b13-9187-4800-bda6-6844c8e21d16,01/11/2011,08:00,Coincident Index (Nov) PREL,LOW,JPY,102.1,-2.00,102.2,100.8,
4e9eb37b-d3f7-4e77-9ce8-5251567849df,01/11/2011,08:00,Leading Economic Index (Nov) PREL,LOW,JPY,101,-,-,100.8,
1c234865-71b4-4155-ae61-73fa53737cd0,01/11/2011,09:30,M2 Money Supply (YoY) (Dec),LOW,CNY,19.7%,-,-,19.5%,
d7bf9092-0ea1-4108-98c0-efc47ab6029b,01/11/2011,12:00,Foreign Exchange Reserves (QoQ) (Q4),MEDIUM,CNY,¥2.847T,-,-,¥2.648T,
5458c541-9d7c-4114-a74a-f7bc4295843c,01/11/2011,13:00,Credit Indicator (Nov),LOW,NOK,5.9%,-,-,-,
63404051-b94d-48c3-9e2c-e9948d584e58,01/11/2011,14:00,Manufacturing Production Index (YoY) (Nov),LOW,ZAR,4.6%,-,-,-,
a2d27862-9ab8-4cb5-a532-26dba750a520,01/11/2011,16:15,Housing Starts s.a (YoY) (Dec),MEDIUM,CAD,169K,-0.72,178K,194.1K,
b1753f37-26ea-457b-a1c4-c0066f885b61,01/11/2011,18:00,Wholesale Inventories (Nov),LOW,USD,0%,-1.67,1%,1.9% ,
d49bde5e-9ffc-4e3a-aaa2-2796e4813786,01/12/2011,02:50,Current Account n.s.a. (Nov),LOW,JPY,¥926.2B,-0.68,"¥1,149.7B","¥1,655.2B",
614d6278-39b1-41ba-8e8e-1a8200fe6ad0,01/12/2011,02:50,Money Supply M2+CD (YoY) (Dec),LOW,JPY,2.3%,-6.00,2.6%,2.6%,
fb142094-00cb-4fc3-a296-fa3db990ad58,01/12/2011,02:50,Trade Balance - BOP Basis (Nov),MEDIUM,JPY,¥259.7B,-0.71,¥297.7B,"¥1,023.5B",
40968579-d4cc-4482-b889-185bdccf5da1,01/12/2011,03:01,BRC Shop Price Index (YoY) (Dec),LOW,GBP,2.1%,-,-,2%,
712c9ce4-b29e-44d7-9787-d1aaee04fa48,01/12/2011,03:30,Home Loans (Q4),MEDIUM,AUD,2.5%,4.26,-1.5%,0.1% ,
41a1b4e3-4b3a-4918-bb07-06283828a34f,01/12/2011,03:30,Investment Lending for Homes (Q4),LOW,AUD,-2.3%,-,-,0.2% ,
160771ff-f62c-43c1-b406-c6c9940ce166,01/12/2011,08:00,Eco Watchers Survey: Current (Dec),MEDIUM,JPY,45.1,0.08,44.9,47,
1b382fee-8143-4e20-ba34-73e6f7812539,01/12/2011,08:00,Eco Watchers Survey: Outlook (Dec),MEDIUM,JPY,43.9,-,-,45.4,
3beafd53-6042-4e17-9809-0d2d31b87921,01/12/2011,08:30,Cumulative Industrial Output (Nov),LOW,INR,9.5%,-,-,-,
474da9f2-3287-411f-aa7e-4e033252642d,01/12/2011,08:30,Industrial Output (Nov),MEDIUM,INR,2.7%,-,-,-,
fddb1c98-6416-4f45-91d2-f25055c202c9,01/12/2011,08:30,Manufacturing Output (Nov),LOW,INR,2.3%,-,-,-,
b2b34cbb-ce79-4aab-af39-9efa935b8221,01/12/2011,11:00,Consumer Price Index (Dec),LOW,RON,8%,-,-,-,
b630135e-1714-4a84-b748-986a39f80923,01/12/2011,12:30,Goods Trade Balance (Nov),MEDIUM,GBP,£-8.46B,-,-,£-8.127B,
d4d0461f-54a3-4a63-a795-3e8da48b3bd7,01/12/2011,12:30,Trade Balance; non-EU (Nov),LOW,GBP,£-4.888B,-0.21,£-4.1B,£-4.676B,
4db28962-9003-4eaa-ba03-2a7a49434398,01/12/2011,13:00,Industrial Production s.a. (MoM) (Nov),MEDIUM,EUR,1.4%,1.34,0.5%,0.8%,
69737c63-cb8e-4e34-9535-d74ab673c3c0,01/12/2011,13:00,Industrial Production w.d.a. (YoY) (Nov),LOW,EUR,7.9%,2.19,5.9%,6.9% ,
e1ac7755-01fd-4e7c-aeac-ae59731d0f85,01/12/2011,15:00,Retail Sales (MoM) (Nov),MEDIUM,BRL,1.1%,-,-,-,
b0418a04-52de-4677-a240-cdd693713f4e,01/12/2011,15:00,MBA Mortgage Applications,LOW,USD,2.2%,-,-,2.3%,
0f25e87f-e9c1-4ce5-8083-c2e7dbdd2c20,01/12/2011,16:30,New Housing Price Index (MoM) (Nov),LOW,CAD,0.3%,1.23,0.1%,0.1%,
fd9990ba-fc0d-4fa5-a94d-6c7ce098e2e3,01/12/2011,16:30,Export Price Index (MoM) (Dec),LOW,USD,0.7%,-,-,-,
ece76111-ff28-4645-a47b-257bbdab1caa,01/12/2011,16:30,Import Price Index (MoM) (Dec),MEDIUM,USD,1.2%,0.00,1.2%,1.7% ,
8ad88555-4da4-4758-b84d-1b9401a38234,01/12/2011,16:30,Import Price Index (YoY) (Dec),MEDIUM,USD,4.8%,0.04,4.7%,4.1% ,
e0915917-6580-4f33-a926-66c96e2ea893,01/12/2011,17:00,M3 Money Supply (YoY) (Dec),LOW,PLN,8.6%,-,-,-,
880a14f7-4290-4fea-8d93-eaea5345679d,01/12/2011,17:30,RealClearMarkets/TIPP Economic Optimism (MoM) (Jan),LOW,USD,51.9,4.54,46.9,45.8,
889a81a4-f0ef-46c9-955e-ab7b34896374,01/12/2011,18:30,EIA Crude Oil Stocks Change,LOW,USD,-2.154M,-,-,-4.2M,
cf6ca660-7a47-49db-9670-ec3acc2c3b5c,01/12/2011,22:00,Fed's Beige Book,LOW,USD,,,,,REPORT
52781916-6f4b-4786-9f9b-bf97a916d3f8,01/12/2011,22:00,Monthly Budget Statement (Dec),MEDIUM,USD,$-80B,0.14,$-82B,$-150B,
c8273e9c-f5fb-45e3-93ce-965ddb876f28,01/13/2011,02:50,Machinery Orders (MoM) (Nov),MEDIUM,JPY,-3%,-0.73,2.1%,4.5% ,
4b9f76e7-bea6-4c06-b757-0381200f2287,01/13/2011,03:30,Employment Change s.a. (Dec),HIGH,AUD,1.8K,-1.99,25K,54.6K,
d7b697c3-b1a9-48bd-b0ac-f5ff84426f74,01/13/2011,03:30,Unemployment Rate s.a. (Dec),HIGH,AUD,5%,-0.56,5.1%,5.2%,
ab6702f1-904a-4b41-a7e7-4f9d4e4b947f,01/13/2011,05:00,ANZ Commodity Price (Dec),LOW,NZD,2%,-,-,2.1% ,
bc5f343b-37d0-4540-8cc9-ea64cfdd248c,01/13/2011,09:00,Machine Tool Orders (YoY) (Dec),MEDIUM,JPY,63.5%,-,-,-2.2% ,
39608032-a979-458a-b150-b09b8deb35c3,01/13/2011,10:00,Wholesale Price Index (MoM) (Dec),LOW,EUR,1.8%,1.36,0.6%,0.6% ,
01188a69-4a6a-4a60-b0b7-5dceb7f3ec90,01/13/2011,10:00,Wholesale Price Index (YoY) (Dec),LOW,EUR,9.5%,-,-,6.4% ,
bd27fed7-d586-4d1f-8bfa-bf21d808bf99,01/13/2011,11:30,Consumer Price Index (MoM) (Dec),MEDIUM,SEK,0.7%,-,-,-,
924ef124-bedd-408f-80f1-595d48c212eb,01/13/2011,11:30,Consumer Price Index (YoY) (Dec),MEDIUM,SEK,2.3%,-,-,-,
478b5722-f712-43ca-aa38-608fa44e03a9,01/13/2011,12:00,Current Account (MoM) (Nov),MEDIUM,CZK,-1.98B,-,-,-,
3d36cfcc-1d18-4355-a0c4-6ce7434b9fe8,01/13/2011,12:30,Industrial Production (MoM) (Nov),MEDIUM,GBP,0.6%,0.30,0.5%,0.9% ,
eee93597-b975-4ca0-b3f8-7912583f1941,01/13/2011,12:30,Industrial Production (YoY) (Nov),MEDIUM,GBP,3.2%,-0.33,3.3%,1.1% ,
6b07c95f-f8a8-4f58-8ce6-e43563a2a084,01/13/2011,12:30,Manufacturing Production (MoM) (Nov),MEDIUM,GBP,0.6%,0.97,0.4%,0.2% ,
eb365e46-64cb-4ea8-b373-44d92b0978b0,01/13/2011,12:30,Manufacturing Production (YoY) (Nov),LOW,GBP,5.1%,-1.34,5.3%,0.4% ,
0722a07e-87f3-4d19-bba5-f80891648cf1,01/13/2011,12:30,Reuters Econometer (Dec),LOW,ZAR,265.42,-,-,-,
259aca96-0b76-450f-9971-6c54017bf527,01/13/2011,15:00,BoE Interest Rate Decision,HIGH,GBP,0.5%,0,0.5%,0.5%,
f3940d69-4007-44cd-8830-81b007c4450f,01/13/2011,15:45,ECB Main Refinancing Operations Rate,HIGH,EUR,1%,0,1%,1%,
18b18ad7-ab74-47c4-8526-fca79e465157,01/13/2011,16:00,Consumer Price Index (MoM) (Dec),MEDIUM,PLN,0.4%,-,-,-,
e415ac72-6672-46da-b522-518d22b65727,01/13/2011,16:00,Consumer Price Index (YoY) (Dec),MEDIUM,PLN,3.1%,-,-,-,
62b8fe45-05cc-430c-9a55-7f36cde70550,01/13/2011,16:00,Current Account (Nov),MEDIUM,PLN,"€-2,286M",-,-,-,
47df1268-1dc8-4756-a6ae-4a38f857aa8a,01/13/2011,16:30,International Merchandise Trade (Nov),MEDIUM,CAD,$-0.115B,1.60,$-1.9B,$-1.18B,
7b042dc2-b155-41c2-b344-8c53fda0ebcb,01/13/2011,16:30,ECB's President Trichet speech,HIGH,EUR,,,,,SPEECH
7e3f527b-0f77-4eaa-85b5-c9302bed3134,01/13/2011,16:30,Continuing Jobless Claims,LOW,USD,3.887M,-2.37,4.1M,4.103M,
ef9d8c1c-4e7b-4bff-89a7-31e13df6148e,01/13/2011,16:30,Goods and Services Trade Balance (Nov),MEDIUM,USD,$-38.32B,-,-,$-40.7B,
e05d427f-83b7-4de7-a27b-14fc0da48473,01/13/2011,16:30,Initial Jobless Claims,LOW,USD,441K,3.46,402K,409K,
be665225-f3a1-4eba-8677-101d312fdc1f,01/13/2011,16:30,Producer Price Index (MoM) (Dec),LOW,USD,0.9%,0.45,0.8%,0.3% ,
8cbfbfd4-1c06-4666-8cb7-85847ff753f7,01/13/2011,16:30,Producer Price Index (YoY) (Dec),LOW,USD,4%,0.97,3.8%,2.6% ,
cac26192-45e4-4fe6-bdb6-a3d134472162,01/13/2011,16:30,Producer Price Index ex Food & Energy (MoM) (Dec),MEDIUM,USD,0.5%,1.00,0.2%,0.1% ,
3e2e888e-7563-4dab-b818-7c8e0162ec2f,01/13/2011,16:30,Producer Price Index ex Food & Energy (YoY) (Dec),MEDIUM,USD,1.6%,0.32,1.4%,1.2%,
eeda2907-7c90-4b6b-a646-44e3eabfc6c4,01/13/2011,18:00,NIESR GDP Estimate (3M) (Dec),MEDIUM,GBP,-0.5%,-,-,0.6%,
4be9de1e-96ff-4f4e-831e-d409b146c778,01/13/2011,18:30,Budget Fulfilment (Dec),LOW,RUB,-3.9%,-,-,-,
0055f361-8b46-48f6-b5ca-6c4a3b34668d,01/13/2011,21:00,Former Fed's Chair Bernanke speech,MEDIUM,USD,,,,,SPEECH
f2c5b707-c01e-4862-83c2-9f9554163622,01/14/2011,02:50,Producer Price Index (MoM) (Dec),LOW,JPY,0.4%,1.12,0.2%,-0.1% ,
6063fb65-d4cc-4568-b3e2-c2d784167fcc,01/14/2011,02:50,Producer Price Index (YoY) (Dec),LOW,JPY,1.2%,1.25,1%,0.9%,
4d73e2bd-395b-45ce-8c5d-939921e2eb60,01/14/2011,09:30,WPI Inflation (Dec),LOW,INR,8.43%,-,-,-,
ac1454f0-3b99-493f-940d-7741475baa50,01/14/2011,10:00,Consumer Price Index (MoM) (Dec),MEDIUM,EUR,1%,0.00,1%,1%,
bde32332-5618-4733-90de-2ae86875dfac,01/14/2011,10:00,Consumer Price Index (YoY) (Dec),HIGH,EUR,1.7%,0.00,1.7%,1.7%,
8bcac1b9-4dea-4ebc-8115-7c2df6b34de1,01/14/2011,11:00,Export Prices (YoY) (Nov),LOW,CZK,0.8%,-,-,-,
8ec9223c-4e1d-4ad1-8a12-f175cb82d1de,01/14/2011,11:00,Import Prices (YoY) (Nov),LOW,CZK,4.3%,-,-,-,
9dbdeaf7-9ecb-4bcf-9eb7-0cb6e2803b10,01/14/2011,11:00,Current Account (Nov),NONE,EUR,€0.5B,-,-,€2B,
5d47f2bb-1c71-4704-a68b-42d3477ee959,01/14/2011,11:00,Consumer Price Index (YoY) (Dec),LOW,HUF,4.7%,-,-,4.2%,
2cb59b8e-f0ff-456e-8d8b-4dc18783eb14,01/14/2011,11:15,Producer and Import Prices (MoM) (Dec),LOW,CHF,0.3%,1.07,0.1%,-0.2%,
9d54b290-7cf1-4a57-b498-7ff8eb03f63a,01/14/2011,11:15,Producer and Import Prices (YoY) (Dec),LOW,CHF,0.3%,2.45,0.1%,0.1%,
3f83b727-0af5-4182-9444-f23101020dba,01/14/2011,12:00,EU Norm Inflation (MoM) (Dec),MEDIUM,EUR,0.2%,-,-,-,
0610c331-120b-4b34-911a-6f1cf088acec,01/14/2011,12:00,EU Norm Inflation (YoY) (Dec),MEDIUM,EUR,1.3%,-,-,-,
9b07c131-e0ed-40e8-b945-4514df9637b8,01/14/2011,12:30,Producer Price Index - Input (MoM) n.s.a (Dec),LOW,GBP,3.9%,3.68,1.7%,0.9%,
976d645d-bb56-4492-a748-41ebf7c6ad94,01/14/2011,12:30,Producer Price Index - Input (YoY) n.s.a (Dec),LOW,GBP,12.9%,4.40,10.2%,9.2% ,
92a31d1c-8410-4805-b6eb-ccf04a601e0a,01/14/2011,12:30,Producer Price Index - Output (MoM) n.s.a (Dec),LOW,GBP,0.4%,0.00,0.4%,0.3% ,
6ece56e0-aef7-4a1d-979e-0f68dbfff7aa,01/14/2011,12:30,Producer Price Index - Output (YoY) n.s.a (Dec),MEDIUM,GBP,4.1%,0.51,3.9%,3.9% ,
20a043c8-1204-4663-9f3f-cb5beafd7178,01/14/2011,13:00,Harmonized Index of Consumer Prices (MoM) (Dec),LOW,EUR,0.6%,0.00,0.6%,0.1%,
227fa70c-0eb3-47e3-b686-dbe4486bf380,01/14/2011,13:00,Harmonized Index of Consumer Prices (YoY) (Dec),MEDIUM,EUR,2.4%,-,-,1.9%,
218a8b8a-4907-475e-a491-aee53779a145,01/14/2011,13:00,Trade Balance n.s.a. (Nov),MEDIUM,EUR,€-2.2B,-1.67,€3.3B,€3.2B,
516fa1f4-bace-415b-8420-dad56e893c86,01/14/2011,13:00,Trade Balance s.a. (Nov),MEDIUM,EUR,€-2.8B,-3.10,€1.7B,€1.8B,
b10f3230-fd47-4f59-a585-f108d9ab6ca0,01/14/2011,13:10,Core Harmonized Index of Consumer Prices (YoY) (Dec),LOW,EUR,1%,-,-,1.1%,
42192e55-ea56-4695-a8da-51b551bd8cf0,01/14/2011,14:25,Foreign Trade (Nov),MEDIUM,RUB,$10.9B,-,-,-,
acd99848-7dc3-45f0-8a92-3f71a1c45e9e,01/14/2011,15:30,Bank Loan Growth,LOW,INR,24.4%,-,-,-,
96cea50f-0f72-4e35-bca9-97bb1c2c3878,01/14/2011,15:30,M3 Money Supply,MEDIUM,INR,16.5%,-,-,-,
65d7ecc8-2407-45ed-93bd-d7173a06cb5a,01/14/2011,16:30,New Motor Vehicle Sales (MoM) (Nov),LOW,CAD,0.3%,-0.21,0.9%,-0.3%,
63bd81d8-5c01-4989-8030-3926fe662762,01/14/2011,16:30,Consumer Price Index (MoM) (Dec),LOW,USD,0.4%,0.00,0.4%,0.3% ,
5f675432-57f0-46b3-b363-9ebc0c742d4f,01/14/2011,16:30,Consumer Price Index (YoY) (Dec),MEDIUM,USD,1.5%,-,-,1.1%,
1e04aef2-a01d-4fca-a355-a67126614db4,01/14/2011,16:30,Consumer Price Index ex Food & Energy (MoM) (Dec),MEDIUM,USD,0.1%,-,-,0.1% ,
8775e931-7d22-41a8-8605-e6328e4ecdeb,01/14/2011,16:30,Consumer Price Index ex Food & Energy (YoY) (Dec),MEDIUM,USD,0.8%,-,-,0.7% ,
b3402618-6388-4ca6-8586-c5fe69ac9f66,01/14/2011,16:30,Retail Sales (MoM) (Dec),HIGH,USD,0.5%,-1.43,0.8%,1.1% ,
cfce0825-d31b-49ae-b155-4cd306c89f34,01/14/2011,16:30,Retail Sales ex Autos (MoM) (Dec),MEDIUM,USD,0.3%,-1.56,0.7%,1.1% ,
3d45b643-8c45-4e38-8920-0b5ca71f3ee7,01/14/2011,17:15,Capacity Utilization (Dec),LOW,USD,76.8%,12.25,75.6%,74.8% ,
de159932-f067-4eb4-85d0-52237906cde5,01/14/2011,17:15,Industrial Production (MoM) (Dec),MEDIUM,USD,1.2%,1.99,0.5%,0% ,
b5eb25cb-2076-496d-a73b-cfb16eef6bcc,01/14/2011,17:55,Michigan Consumer Sentiment Index (Jan) PREL,MEDIUM,USD,72.7,-4.18,75.5,71.6,
9d205068-cae7-4d9f-bded-6d09672bcbec,01/14/2011,18:00,Business Inventories (Nov),LOW,USD,0.4%,-1.08,0.7%,1.1% ,
60ef3066-a9aa-491a-af81-eaacb18fc0ff,01/14/2011,22:00,Consumer Inflation (YoY),LOW,ARS,10.9,-,-,-,
9c219c8f-e09a-4c94-86d6-ad96d3b1d1f4,01/17/2011,00:45,Food Price Index (MoM) (Dec),LOW,NZD,-0.8%,-,-,-0.6%,
47701cc9-52e4-4bb0-8729-9359bc9f780a,01/17/2011,02:30,TD-MI Inflation Gauge (MoM) (Dec),LOW,AUD,0.2%,-,-,0.4%,
06ff60b4-0dea-4e18-b9a5-687960a20477,01/17/2011,02:30,TD-MI Inflation Gauge (YoY) (Dec),MEDIUM,AUD,3.8%,-,-,3.9%,
8dfe75d3-533f-4358-b58c-f36fe9b1bf5d,01/17/2011,03:00,EcoFin Meeting,MEDIUM,EUR,,,,,ALL DAY
4abf1a8b-e59d-46c5-81b4-dc090ef6b5c0,01/17/2011,03:00,Martin L. King's Birthday,NONE,USD,,,,,ALL DAY
3848571f-bc26-42f1-8175-f78c59846791,01/17/2011,03:01,Rightmove House Price Index (MoM) (Jan),MEDIUM,GBP,0.3%,-,-,-2.8% ,
b5cd76cf-523b-477f-a27b-448cb069baef,01/17/2011,03:01,Rightmove House Price Index (YoY) (Jan),MEDIUM,GBP,0.4%,-,-,0.1% ,
4b4a6271-79dc-4d65-8969-0659ddbf057b,01/17/2011,03:30,New Motor Vehicle Sales (MoM) (Dec),LOW,AUD,1%,-,-,0.2%,
3e8ca89b-6ab7-4332-b7e3-16a57ca85ea4,01/17/2011,03:30,New Motor Vehicle Sales (YoY) (Dec),LOW,AUD,-3.1%,-,-,-0.9%,
fe89ba92-9a26-4753-a488-8c3c5d95a8e2,01/17/2011,08:00,Consumer Confidence Index (Dec),MEDIUM,JPY,40.1,-1.28,41.6,41.3,
cc419453-6888-4c28-b5b5-ea30446df1d7,01/17/2011,10:00,Producer Price Index (YoY) (Dec),MEDIUM,EUR,7.8%,-,-,-,
fc1c4b0f-5574-43fc-8828-fc98485110cd,01/17/2011,11:00,Producer Price Index (MoM) (Dec),MEDIUM,CZK,1%,-,-,-,
6c4370c8-560a-4770-8335-3789741c7756,01/17/2011,11:00,Producer Price Index (YoY) (Dec),MEDIUM,CZK,3.6%,-,-,-,
ddcb3a07-0a9e-4624-9317-ce8283746c2c,01/17/2011,11:00,Export Prices (YoY) (Dec),LOW,EUR,6.9%,-,-,-,
1faa5cfd-25e1-4f1c-aa78-a64b3f8dcf60,01/17/2011,11:00,Import Prices (YoY) (Dec),LOW,EUR,11.2%,-,-,-,
1780bdff-041e-4c4a-a0a4-e54cb3a2382b,01/17/2011,11:30,Capacity Utilization (Q3),MEDIUM,SEK,1.7%,-,-,-,
a5a76786-4526-49e4-927a-be5d405624d6,01/17/2011,12:01,Trade Balance (Dec),MEDIUM,NOK,35.6B,-,-,-,
05e5a5f3-8c14-43e5-840b-9a38854df005,01/17/2011,13:00,Purchasing Manager Index (Dec),MEDIUM,ZAR,51.7,-,-,-,
7fa955bf-2147-451d-9b82-a4fff19a5c6b,01/17/2011,16:30,Canadian Portfolio Investment in Foreign Securities (Nov),LOW,CAD,$-2.769B,-,-,$-0.07B,
7c7ac7d9-9d22-4113-8e2f-f71dd30cee46,01/17/2011,16:30,Foreign Portfolio Investment in Canadian Securities (Nov),LOW,CAD,$8.059B,-0.22,$9.5B,$12.51B,
56e3dfc8-5c5b-4352-8008-3184eb62245d,01/18/2011,03:00,EcoFin Meeting,MEDIUM,EUR,,,,,ALL DAY
abb543c8-12b0-4c96-aa19-62ef780104a3,01/18/2011,03:01,Nationwide Consumer Confidence (Dec),MEDIUM,GBP,54,0.64,51,45,
d64795b2-dd53-42a2-8193-bc8c27e7eb0e,01/18/2011,03:01,RICS Housing Price Balance (Dec),MEDIUM,GBP,-39%,0.45,-43%,-40% ,
4cc56278-81a7-49f0-a5a9-b1580d68efc7,01/18/2011,05:55,FDI - Foreign Direct Investment (YTD) (YoY) (Dec),LOW,CNY,17.4%,-,-,15.7%,
07dc1ac7-8724-479c-93d9-1969dbbbede7,01/18/2011,07:30,Capacity Utilization (Nov),LOW,JPY,1.6%,-,-,-2.3%,
7cc83919-3787-4802-8d28-c842748e7cf1,01/18/2011,07:30,Industrial Production (MoM) (Nov),MEDIUM,JPY,1%,-,-,1%,
ab0f675f-d688-45be-ad2e-17d95dfab791,01/18/2011,07:30,Industrial Production (YoY) (Nov),MEDIUM,JPY,5.8%,-,-,5.8%,
001012e9-6ef0-4707-a66b-5dc279ac140e,01/18/2011,11:00,Gross Wages (YoY) (Nov),LOW,HUF,-1.2%,-,-,-,
69a80502-03f9-48d7-a24f-3d44b45ec518,01/18/2011,12:30,Consumer Price Index (MoM) (Dec),MEDIUM,GBP,1%,4.01,0.7%,0.4%,
a13510a8-b544-4feb-a7f7-f92a0b03355d,01/18/2011,12:30,Consumer Price Index (YoY) (Dec),MEDIUM,GBP,3.7%,5.35,3.3%,3.3%,
8c8a1e99-09f1-44ab-bbc2-4fbdcd552810,01/18/2011,12:30,Core Consumer Price Index (YoY) (Dec),MEDIUM,GBP,2.9%,1.32,2.6%,2.7%,
c0008783-ec7a-40e7-ad40-f0c9091e2777,01/18/2011,12:30,Retail Price Index (MoM) (Dec),MEDIUM,GBP,0.7%,0.00,0.7%,0.4%,
0671f575-397f-4155-ad0b-d4c9aaea714f,01/18/2011,12:30,Retail Price Index (YoY) (Dec),MEDIUM,GBP,4.8%,0.00,4.8%,4.7%,
2eabf296-e31d-402f-b5bf-f92a021474f9,01/18/2011,12:53,DCLG House Price Index (YoY) (Nov),LOW,GBP,4%,-1.80,5.9%,5.5%,
18becc4d-d881-4944-95e6-bdf7a608a23e,01/18/2011,13:00,ZEW Survey – Current Situation (Jan),MEDIUM,EUR,82.8,-,-,82.6,
d9faeec3-ce33-43f1-a321-71fcfa8bd316,01/18/2011,13:00,ZEW Survey – Economic Sentiment (Jan),MEDIUM,EUR,15.4,1.28,5.9,4.3,
2521010f-2a4a-4247-97c2-835493b87e46,01/18/2011,13:00,ZEW Survey – Economic Sentiment (Jan),MEDIUM,EUR,25.4,1.03,17.3,13.8,
ae27847f-b93f-4393-a34d-77f6d6394e15,01/18/2011,16:30,NY Empire State Manufacturing Index (Jan),NONE,USD,11.92,-0.03,12.3,11.9,
cfa18bc6-4b0c-4521-a1cf-54972ba15fbe,01/18/2011,17:00,BoC Interest Rate Decision,HIGH,CAD,1%,0,1%,1%,
43bba2fd-4c53-4392-ba60-6bfee6fa7dbe,01/18/2011,17:00,Net Long-Term TIC Flows (Nov),MEDIUM,USD,$85.1B,1.35,$46.7B,$29.4B,
0c4baeaf-ef3f-4de7-87cd-f2629464fcca,01/18/2011,17:00,Total Net TIC Flows (Nov),LOW,USD,$35.6B,-,-,$1.7B,
5e377314-c9da-498a-bf85-c28874b47293,01/18/2011,18:00,NAHB Housing Market Index (Jan),LOW,USD,16,-0.98,17,16,
99c989cd-af4b-485e-9601-76a2a971c635,01/19/2011,02:30,Westpac Consumer Confidence (Jan),LOW,AUD,-5.7%,-,-,0.2%,
4782cc94-f2b8-43c7-9324-e9d54b0381ad,01/19/2011,02:50,Tertiary Industry Index (MoM) (Nov),MEDIUM,JPY,0.6%,0.00,0.6%,0.5% ,
cfa5e1bc-139f-469b-b75f-1e24eb1f29b7,01/19/2011,11:00,Consumer Price Index (MoM) (Dec),MEDIUM,ZAR,0.2%,-,-,-,
ec6703a2-382e-49ee-ad3e-93bf06e2556c,01/19/2011,11:00,Consumer Price Index (YoY) (Dec),MEDIUM,ZAR,3.5%,-,-,-,
2fe22bc1-3971-4169-8bb1-eb3310b370eb,01/19/2011,12:00,Current Account n.s.a (Nov),LOW,EUR,€-5.4B,-,-,€2.8B,
701897a9-9f41-4ec1-98d6-42ab04010e1b,01/19/2011,12:00,Current Account s.a (Nov),LOW,EUR,€-10.5B,-0.86,€-7.3B,€-0.3B,
b729f149-a573-46c5-a89f-7d9e4c6b2181,01/19/2011,12:30,Average Earnings Excluding Bonus (3Mo/Yr) (Nov),LOW,GBP,2.3%,-,-,2.2% ,
e1e1cbee-a474-4970-a8b8-5df187a992ca,01/19/2011,12:30,Average Earnings Including Bonus (3Mo/Yr) (Nov),MEDIUM,GBP,2.1%,-0.51,2.2%,2.1%,
1aa5bf0c-6f9a-48b9-bc8d-d854843e875c,01/19/2011,12:30,Claimant Count Change (Dec),MEDIUM,GBP,-3.4K,-0.23,-1.4K,1.4K,
e3a262b9-73b1-4c6f-8f8a-9eb1ae275088,01/19/2011,12:30,Claimant Count Rate (Dec),MEDIUM,GBP,4.5%,-,-,4.4% ,
8fb0fb90-d2a0-4cf2-8ad3-04d34ab76d59,01/19/2011,12:30,ILO Unemployment Rate (3M) (Nov),MEDIUM,GBP,7.9%,0.00,7.9%,7.9%,
3a4f0cda-20af-497c-8ace-c05a2034f18c,01/19/2011,12:30,Retail Sales (YoY) (Nov),MEDIUM,ZAR,7.8%,-,-,-,
dc64be8e-9698-4c2e-9f0c-285d8fbbb5d0,01/19/2011,13:00,Construction Output s.a (MoM) (Nov),LOW,EUR,-0.9%,-,-,0.4% ,
eafd9b00-14ec-490b-b1f6-fff037ce2e51,01/19/2011,13:00,Construction Output w.d.a (YoY) (Nov),MEDIUM,EUR,-6.8%,-,-,-3.8% ,
ac1321e6-a273-4616-aa8e-a883f3e0c36d,01/19/2011,14:55,NBP Base rate,HIGH,PLN,3.75%,-,-,3.5%,
ecf16746-a3a4-45a3-b42d-f262c6985146,01/19/2011,15:00,MBA Mortgage Applications,LOW,USD,5%,-,-,2.2%,
cc3139ec-c10c-4dba-a18c-c6ff1acf164e,01/19/2011,16:00,Corporate Sector Wages (Dec),LOW,PLN,5.4%,-,3.8%,3.6%,
0ba1b694-fd32-4efc-a346-84eebe718e8c,01/19/2011,16:30,Manufacturing Sales (MoM) (Nov),MEDIUM,CAD,-0.6%,-2.23,1.1%,1.3% ,
6da73df9-46e7-4a31-a501-d4a22e8b6bbd,01/19/2011,16:30,Building Permits (MoM) (Dec),LOW,USD,0.627M,4.04,0.56M,0.56M,
1d06c2fa-623b-442c-a844-c619c00971dd,01/19/2011,16:30,Housing Starts (MoM) (Dec),MEDIUM,USD,0.52M,-0.78,0.55M,0.545M,
f01bdd53-44e6-4400-9716-a319fb0038ad,01/19/2011,18:30,BoC Monetary Policy Report,HIGH,CAD,,,,,REPORT
7ec8c376-08eb-4443-83b6-3a5a88ddc798,01/20/2011,00:45,Consumer Price Index (QoQ) (Q4),MEDIUM,NZD,2.3%,0.00,2.3%,1.1%,
543d916e-b915-4922-83aa-081d45c856f0,01/20/2011,02:30,Consumer Inflation Expectations (Jan),LOW,AUD,4.6%,-,-,2.8%,
bf911f6d-4f86-433c-bed3-ae03069323dc,01/20/2011,05:00,Consumer Price Index (YoY) (Dec),LOW,CNY,4.6%,-,4.7%,5.1%,
7e875d3f-8959-41ac-9458-488668115287,01/20/2011,05:00,Fixed Asset Investment (YTD) (YoY) (Dec),MEDIUM,CNY,24.5%,-8.00,24.9%,24.9%,
d23eb71d-aaeb-4fbe-9262-66033302b82e,01/20/2011,05:00,Gross Domestic Product (YoY) (Q4),LOW,CNY,9.8%,-,9.4%,9.9% ,
cc3ab12f-0412-48d8-970c-ddfd5023c275,01/20/2011,05:00,Industrial Production (YoY) (Dec),LOW,CNY,13.5%,-0.67,13.6%,13.3%,
9d3bcb0b-62a3-48fd-bb21-727046b10ed3,01/20/2011,05:00,Producer Price Index (YoY) (Dec),MEDIUM,CNY,5.9%,-,5.7%,5%,
60c9465c-b740-480a-b674-8e7df7052748,01/20/2011,05:00,Retail Sales (YoY) (Dec),LOW,CNY,19.1%,0.80,18.9%,18.7%,
8ef797f6-93d2-4a5f-8f60-4020896e2f35,01/20/2011,08:00,Coincident Index (Nov),LOW,JPY,103,-,-,102.1,
b8bff06c-f620-4480-a006-725eacf0a764,01/20/2011,08:00,Leading Economic Index (Nov),LOW,JPY,99.4,-,-,101,
f22c9f1b-a316-4e4d-a5db-50c84cb7dadc,01/20/2011,10:00,Producer Price Index (MoM) (Dec),MEDIUM,EUR,0.7%,0.98,0.5%,0.2%,
c618b370-336b-4fcc-b78c-128b254702c7,01/20/2011,10:00,Producer Price Index (YoY) (Dec),MEDIUM,EUR,5.3%,1.66,4.9%,4.2% ,
84895941-aea8-465e-92a1-d59be28bf9d9,01/20/2011,11:30,Consumer Confidence,LOW,DKK,3.3,-,-,-,
e1605c22-089f-47ae-9313-08781037da05,01/20/2011,11:30,Consumer Confidence Adj (Jan),MEDIUM,EUR,-8,-,-,-,
8f03de5c-9059-464e-bee3-c1c3e5440776,01/20/2011,11:30,Unemployment Rate s.a (3M) (Dec),LOW,EUR,5.1%,-,-,-,
66a0bc9d-27bf-4582-bbe7-99a267d8001b,01/20/2011,12:00,ECB Monthly Report,MEDIUM,EUR,,,,,REPORT
6dfda54e-74bc-4bf9-8f21-11e6f8ccbb04,01/20/2011,13:00,ZEW Survey – Expectations (Jan),MEDIUM,CHF,-18.4,-,-,-12.5,
0f03ba41-c95f-4678-8237-e4ef9ca53cd9,01/20/2011,14:00,CBI Industrial Trends Survey – Orders (MoM) (Jan),MEDIUM,GBP,-16%,-2.06,-1%,-3%,
1a4588bb-8217-44b6-9bee-674ca0e53883,01/20/2011,16:00,Industrial Output (YoY) (Dec),MEDIUM,PLN,11.5%,-,-,-,
dafa7dfc-0dc2-4542-a996-f63035c2a7dc,01/20/2011,16:00,Net Inflation (Dec),LOW,PLN,1.6%,-,-,-,
2ca3ce73-e8c2-4ad6-b6b6-456e773bd315,01/20/2011,16:00,Producer Price Index (YoY) (Dec),MEDIUM,PLN,6.1%,-,-,-,
24f696c7-cb32-4df9-991a-cda2a46af545,01/20/2011,16:00,CBRT Interest Rate Decision,LOW,TRY,6.25%,-,-,6.5%,
24aec58d-52a9-4f9e-94c0-3a2996938aa3,01/20/2011,16:30,Leading Indicators (MoM) (Dec),MEDIUM,CAD,0.4%,0.00,0.4%,0.3% ,
17d4201e-947d-4adb-b7f7-06b10d775959,01/20/2011,16:30,Wholesale Sales (MoM) (Nov),LOW,CAD,1%,0.68,0.6%,0.1% ,
e1cdfb8c-6760-4e40-a841-1512f04e75cc,01/20/2011,16:30,Continuing Jobless Claims,LOW,USD,3.897M,-0.00,3.99M,3.879M,
c77c2bc9-cfcc-4150-a047-1670c0f92184,01/20/2011,16:30,Initial Jobless Claims,LOW,USD,403K,-1.13,426K,445K,
61efc8de-a97a-43ca-bc77-aebbb6afb7bd,01/20/2011,18:00,Consumer Confidence (Jan) PREL,MEDIUM,EUR,-11,0.84,-12,-11,
52df89de-5cb3-4ad5-8b1c-e4dba76de87f,01/20/2011,18:00,Existing Home Sales (MoM) (Dec),MEDIUM,USD,5.22M,0.86,4.92M,4.02M,
81f999ec-5972-4995-873b-5f3f3806e315,01/20/2011,18:00,Existing Home Sales Change (MoM) (Dec),MEDIUM,USD,12.5%,2.98,4.5%,5% ,
7263e18e-7711-4d6f-b711-3806d778f662,01/20/2011,18:00,Philadelphia Fed Manufacturing Survey (Jan),HIGH,USD,19.3,-0.28,22.3,15.4,
811ec0ba-e47a-41c1-bd15-97afb1e32ee7,01/20/2011,19:00,EIA Crude Oil Stocks Change,LOW,USD,2.6M,-,-,-2.154M,
37dc0bbb-fd9c-43d1-a368-7b63ae02a9b2,01/20/2011,20:00,SNB's Hildebrand speech,MEDIUM,CHF,,,,,SPEECH
9a2ac127-07b6-4237-bfc4-0d15201d8f5e,01/21/2011,00:30,Business NZ PMI (Dec),LOW,NZD,53.2,-,-,55,
cf2a93ce-5729-4743-9a27-daeb7f7c7532,01/21/2011,00:45,Retail Sales (QoQ) (Q4),MEDIUM,NZD,1.2%,-0.13,1.3%,-2.5% ,
e232b484-975c-4453-8eb1-3508143f8be7,01/21/2011,00:45,Retail Sales ex Autos (QoQ) (Q3),LOW,NZD,-0.4%,-1.46,0.6%,0.4% ,
7f10ff19-b2d7-4a5e-b718-390eb16137dc,01/21/2011,03:30,Export Price Index (QoQ) (Q4),LOW,AUD,-8.1%,-,-,7.8%,
86c7abb3-b08a-49e3-a82e-86cb0171e3a2,01/21/2011,03:30,Import Price Index (QoQ) (Q4),LOW,AUD,-3.8%,-2.82,0.9%,0.7% ,
dcb06caf-9e5b-499d-8fff-06f69cf69a0c,01/21/2011,03:30,RBA Foreign Exchange Transaction (Dec),LOW,AUD,855M,-,-,526M,
69c01a79-adcc-4018-93ce-ce4c5c12d21a,01/21/2011,07:30,All Industry Activity Index (MoM) (Nov),LOW,JPY,-0.2%,-1.61,0.2%,-0.2% ,
319b0e62-67d0-4088-ae1a-02b6a0436d1f,01/21/2011,10:45,Business Climate in Manufacturing (Sep),LOW,EUR,108,-,-,-,
d507bc45-04d6-4f20-acdb-b6b028f0bdb9,01/21/2011,11:30,Consumer Spending Volume (Nov),LOW,EUR,2.8%,-,-,-,
3a4f2b98-53e2-4597-a060-9cfaf81389e1,01/21/2011,12:00,IFO – Business Climate (Jan),MEDIUM,EUR,110.3,0.67,110,102.9,
f9a4a076-c8f7-4419-a13c-89d839b19282,01/21/2011,12:00,IFO – Current Assessment (Jan),MEDIUM,EUR,112.8,-,-,100.2,
c262e52a-09e3-4ad5-b725-1314e08cd418,01/21/2011,12:00,IFO – Expectations (Jan),MEDIUM,EUR,107.8,-,-,105.6,
ca40a285-62fe-43c2-9bc9-414c8f1ea1c5,01/21/2011,12:30,Mortgage Approvals (Dec) PREL,LOW,GBP,40K,-7.34,49K,47.287K,
772e2c58-8ef3-4f22-a276-56a249f16233,01/21/2011,12:30,Retail Sales (MoM) (Dec),LOW,GBP,-1.4%,-2.46,0.1%,-0.3% ,
5955623b-7d2d-46c0-acdd-debd1a9a3119,01/21/2011,12:30,Retail Sales (YoY) (Dec),LOW,GBP,-0.7%,-3.27,1.3%,-1.1% ,
b8e8f2d4-6914-4bdf-a7b8-6b6f132e0f95,01/21/2011,15:30,"FX Reserves, USD",LOW,INR,$297.42B,-,-,-,
757aa424-7c65-432f-af94-6fd8f5f0f958,01/21/2011,16:30,Retail Sales (MoM) (Nov),MEDIUM,CAD,1.5%,1.97,0.5%,0.7% ,
e27cf134-c5c7-4da4-b5f0-a636936e50ed,01/21/2011,16:30,Retail Sales ex Autos (MoM) (Nov),MEDIUM,CAD,0.9%,0.74,0.6%,0.8% ,
57b9fba4-0c2d-4b9d-8ca3-8421268d6542,01/24/2011,03:30,Producer Price Index (QoQ) (Q4),LOW,AUD,0.1%,-1.09,0.5%,1.4% ,
13370968-a2ce-4f1d-b32c-acfca6bb7a97,01/24/2011,03:30,Producer Price Index (YoY) (Q4),LOW,AUD,2.7%,-1.16,3.2%,2.2%,
163fe457-d1ea-4aa0-898c-1832d47d1294,01/24/2011,11:00,Interest Rate Decision,NONE,BRL,11.25%,-,-,10.75%,
1b868c0c-06bd-4545-9ecb-158ff9059af6,01/24/2011,11:30,HCOB Manufacturing PMI (Jan) PREL,MEDIUM,EUR,-,-0.79,61.1,-,
03ddf5b3-cdc7-454d-ac94-9e62c9d6cbb0,01/24/2011,11:30,HCOB Services PMI (Jan) PREL,MEDIUM,EUR,-,0.49,59.2,-,
95548b2c-7444-4cef-ae28-d5bf0f7bfef2,01/24/2011,11:30,Business Confidence (Jan),LOW,EUR,2.7,-,-,-,
e8a316d1-a1cb-4aee-b6ba-81ae8db4844e,01/24/2011,12:00,HCOB Manufacturing PMI (Jan) PREL,MEDIUM,EUR,-,-0.33,57.1,-,
c5d4a5f8-f731-4721-a229-4c34dd267f86,01/24/2011,12:00,HCOB Services PMI (Jan) PREL,MEDIUM,EUR,-,0.87,54.2,-,
285ee948-cc56-41a8-9adc-4831e12a38df,01/24/2011,13:00,Industrial New Orders (YoY) (Nov),LOW,EUR,20%,0.65,17.5%,14.8% ,
0f017fbd-99b9-4cb1-928e-6940f2b6a3ff,01/24/2011,13:00,Industrial New Orders s.a. (MoM) (Nov),MEDIUM,EUR,2.2%,-0.05,2.3%,1.4%,
5b425c1a-f03e-43a5-8e50-fa9a3eff204b,01/24/2011,16:00,MNB Interest Rate Decision,LOW,HUF,6%,-,-,5.75%,
b8ecb2dc-8f06-45ba-a586-ad2ef91034bd,01/24/2011,17:00,Industrial Output (Dec),LOW,RUB,6.3%,-,13%,6.7%,
6566aac8-bd4a-4f7d-8c8b-8804a53bdb40,01/24/2011,22:00,Industrial Output (12M),LOW,ARS,9.7,-,-,-,
c3ad5117-e04e-47e6-bcd2-009c87cae863,01/25/2011,02:50,BoJ Monetary Policy Meeting Minutes,NONE,JPY,,,,,REPORT
b3b9c3de-0d6a-4e9f-a5ed-9a492f0456f4,01/25/2011,03:00,Reverse Repo Rate,NONE,INR,5.5%,-,-,5.25%,
ece81460-1ead-44f2-bfa9-1c392fe8f259,01/25/2011,03:30,Consumer Price Index (QoQ) (Q4),MEDIUM,AUD,0.4%,-2.04,0.8%,0.7%,
290af56f-cd42-4389-a393-965526fd2045,01/25/2011,03:30,Consumer Price Index (YoY) (Q4),LOW,AUD,2.7%,-1.88,3%,2.9% ,
fb510395-ba30-4f10-8f38-626617bb65f8,01/25/2011,03:30,RBA Trimmed Mean CPI (QoQ) (Q4),LOW,AUD,0.3%,-,-,-,
f0f9fe9e-6291-4191-98ee-88df5f9573fb,01/25/2011,06:35,BoJ Interest Rate Decision,HIGH,JPY,0.1%,0,0.1%,0.1%,
51869c0d-ee00-4bf7-8444-1548c12a2bcb,01/25/2011,09:45,Consumer Spending (MoM) (Dec),LOW,EUR,0.4%,-,-,-1%,
e0ba8ea0-0ea7-4799-93cd-ac2c7d2d5245,01/25/2011,10:00,UBS Consumption Indicator (Dec),MEDIUM,CHF,1.83,-,-,1.62,
9e5e626b-2c7d-4d6e-85c4-76f9ad4973ef,01/25/2011,10:00,GfK Consumer Confidence Survey (Feb),MEDIUM,EUR,5.8,1.25,5.4,5.5,
8c2b1ccc-b0d3-4961-8b44-47153c161c03,01/25/2011,10:00,Unemployment Rate (Dec),LOW,EUR,8.2%,-,-,7.7%,
997caa90-8f33-46fb-a9e2-abbf0ec8a8a9,01/25/2011,11:00,Retail Sales (YoY) (Nov),NONE,HUF,-0.3%,-,-,-0.7%,
dc07a455-efc4-4349-820b-4909b4e74887,01/25/2011,12:26,RBI Interest Rate Decision (Repo Rate),LOW,INR,6.5%,-,-,6.25%,
308f97b6-bd6e-45e7-83bd-d6870d8d17b5,01/25/2011,12:30,Gross Domestic Product (QoQ) (Q4) PREL,HIGH,GBP,-0.5%,-1.59,0.5%,-0.6%,
1fd23b44-8d11-4f9c-8367-dd5eb7dc9290,01/25/2011,12:30,Gross Domestic Product (YoY) (Q4) PREL,MEDIUM,GBP,1.7%,-1.49,2.6%,1.5%,
d1bd3f87-b767-4022-a4e2-8960173cb6a7,01/25/2011,12:30,Index of Services (3M/3M) (Nov),MEDIUM,GBP,0.3%,-4.17,0.8%,0.9% ,
4b03bef8-e2f1-4de7-8a41-1da624975134,01/25/2011,12:30,Public Sector Net Borrowing (Dec),MEDIUM,GBP,£14.496B,-1.87,£18.4B,£13.588B,
e1db9312-72f5-4d57-a87d-b6bfc59e741c,01/25/2011,12:59,Cash Reserve Ratio,NONE,INR,6%,-,-,6%,
1147ac1c-83cf-4d1d-956e-3fcb919fdc19,01/25/2011,15:00,BoC Consumer Price Index Core (MoM) (Dec),LOW,CAD,-0.3%,-1.03,-0.1%,0%,
30ea9ca5-7f7b-4801-b1d2-ca9244edb116,01/25/2011,15:00,BoC Consumer Price Index Core (YoY) (Dec),MEDIUM,CAD,1.5%,-6.00,1.8%,1.4%,
9d16776a-81fe-4973-9d10-feb2cdaee7ee,01/25/2011,15:00,Consumer Price Index (MoM) (Dec),MEDIUM,CAD,0%,-0.70,0.2%,0.1%,
37ecdf91-2a06-4e41-a9b2-681f2205775c,01/25/2011,15:00,Consumer Price Index (YoY) (Dec),MEDIUM,CAD,2.4%,-0.89,2.5%,2%,
ed626275-60d9-4bdd-bdeb-ef4a0e9669e3,01/25/2011,15:30,Current Account (Dec),NONE,BRL,$-3.493B,-,-,$-4.7B,
7a19d94b-3086-404b-aa5c-cfca1048e424,01/25/2011,17:00,S&P/Case-Shiller Home Price Indices (YoY) (Nov),LOW,USD,-1.6%,-0.37,-1.4%,-0.9% ,
2ec98520-bd10-428a-ae58-c975618567e3,01/25/2011,18:00,Consumer Confidence (Jan),MEDIUM,USD,64.8,4.19,54.5,52.5,
744a1399-36f9-42b0-84f0-1aa9b68876a3,01/25/2011,18:00,Housing Price Index (MoM) (Nov),LOW,USD,-0.3%,-0.45,-0.1%,0.1% ,
f9a77df1-6edc-43c4-aba8-cea147f6e0a8,01/25/2011,18:00,Richmond Fed Manufacturing Index (Jan),LOW,USD,18,-0.69,23,23,
f413d368-c42a-4e63-b330-2a01b083aedc,01/25/2011,22:40,BoE's Governor King speech,NONE,GBP,,,,,IN PROGRESS
3e177539-441b-46b1-b1d7-309939ad0630,01/26/2011,02:50,Corporate Service Price Index (YoY) (Dec),LOW,JPY,-1.4%,-0.60,-1.3%,-1.3%,
e5a5ad85-863f-45d0-9261-c7d0d95033d5,01/26/2011,03:00,Australia Day,NONE,AUD,,,,,ALL DAY
56f05ab5-d3cd-4265-95f0-77746728262e,01/26/2011,03:00,World Economic Forum - Davos,MEDIUM,CHF,,,,,ALL DAY
15937497-3cbb-4aab-af08-581a4b8b2fac,01/26/2011,08:00,BoJ Monthly Economic Survey,NONE,JPY,,,,,REPORT
90628f98-4634-41da-b0dd-6b2ef555a09c,01/26/2011,11:30,Trade Balance (MoM) (Dec),LOW,SEK,10.9B,-,-,10B,
dc164a11-d188-4c86-912f-7e7848c88073,01/26/2011,12:23,Consumer Price Index (MoM) (Jan),LOW,ISK,-0.9%,-,-,0.3%,
a6f43a77-d512-4396-9cf2-309ef8c5b45a,01/26/2011,12:23,Consumer Price Index (YoY) (Jan),NONE,ISK,1.8%,-,-,2.5%,
e74170a9-022a-4b63-ac96-42815149d05c,01/26/2011,12:30,BoE Minutes,HIGH,GBP,,,,,REPORT
26ee59f6-0154-4d15-ae8e-9c0edda9857e,01/26/2011,12:41,Current Account Balance EUR (Nov),LOW,EUR,€-81M,-,-,€-104M,
16d541b5-2e4d-4c82-939b-48dff0e3e9ae,01/26/2011,12:47,BBA Mortgage Approvals (Dec),LOW,GBP,28.9K,-2.83,29.9K,30K,
150bb13f-b0b9-44db-84c7-74ff224c2b7b,01/26/2011,15:00,Mid-month Inflation (Jan),LOW,BRL,0.76%,-,-,-,
534ec5a5-93ec-4808-9f60-d8778b55634e,01/26/2011,15:00,MBA Mortgage Applications,LOW,USD,-12.9%,-,-,5%,
8b19800f-ecce-4840-a2bb-c915ca9332ae,01/26/2011,18:00,Retail Sales (YoY) (Dec),LOW,PLN,12%,-,-,-,
0e341061-6474-4572-b217-2d43ba4e7d83,01/26/2011,18:00,Unemployment (MoM) (Dec),MEDIUM,PLN,12.3%,-,-,-,
df20a116-a183-4515-990e-a79650cf2106,01/26/2011,18:00,New Home Sales (MoM) (Dec),MEDIUM,USD,0.331M,1.53,0.303M,0.287M,
8de3c178-e443-4a5d-906a-7d11e9997c94,01/26/2011,18:00,New Home Sales Change (MoM) (Dec),MEDIUM,USD,17.5%,-,-,-1.4% ,
5ba6ea1c-81d4-4ccf-864a-ac71bb7d3851,01/26/2011,18:30,EIA Crude Oil Stocks Change,LOW,USD,4.836M,-,-,2.6M,
b75cd5e8-408a-4cca-952a-465f9417dd2a,01/26/2011,22:15,Fed Interest Rate Decision,HIGH,USD,0.25%,0,0.25%,0.25%,
745e836b-9a79-4a65-8825-df7ffb4f7302,01/26/2011,23:00,RBNZ Interest Rate Decision,HIGH,NZD,3%,0,3%,3%,
04ef56f6-a5fd-4437-894e-cabd9edd0fce,01/27/2011,02:00,Gross Domestic Product Growth (QoQ) (Q4) PREL,LOW,KRW,0.5%,-,-,-,
306db6fb-d9b2-4937-9269-e23db95bf708,01/27/2011,02:00,Gross Domestic Product Growth (YoY) (Q4) PREL,LOW,KRW,4.8%,-,-,-,
5bef7a46-f7a0-47d4-b9c2-52e595805420,01/27/2011,02:30,Westpac Leading Index (MoM) (Dec),LOW,AUD,0.04%,-,-,0.08% ,
3df94c9c-db21-4f99-a99a-1df916bcd147,01/27/2011,02:50,Adjusted Merchandise Trade Balance (Dec),LOW,JPY,¥579.913B,0.63,¥523.9B,¥425.7B,
f536c0d2-e90e-4d35-a47a-3dc258ba1323,01/27/2011,02:50,Merchandise Trade Balance Total (Dec),MEDIUM,JPY,¥725.854B,1.21,¥465B,¥157.6B,
bf156a34-a1df-4e2e-af1a-b5562cce04e8,01/27/2011,03:00,World Economic Forum - Davos,MEDIUM,CHF,,,,,ALL DAY
7c665ae2-4ece-4c28-ac86-0a722c228c8c,01/27/2011,03:01,Hometrack Housing Prices s.a (MoM) (Jan),LOW,GBP,-0.2%,-,-,-1.6%,
8194771a-75fe-43d4-8bf9-e7a763cba88e,01/27/2011,10:00,Consumer Confidence (Jan),MEDIUM,EUR,16.6,-,-,-,
4439ad49-89c1-405b-a189-7de9c0e12c06,01/27/2011,10:00,Industrial Confidence (Jan),NONE,EUR,6,-,-,6,
e7f41d89-5d26-46d0-82f2-4509020b9b05,01/27/2011,11:15,Consumer Confidence (MoM) (Jan),LOW,SEK,23.7,-,-,20.8,
78ce9b87-ebb6-4fff-9f4a-a719da632a3d,01/27/2011,11:30,Unemployment Rate (Dec),LOW,DKK,4.1%,-,-,4.2% ,
282dfa5b-fdd8-4405-880d-f0cedd45672c,01/27/2011,11:30,Producer Price Index (MoM) (Dec),NONE,SEK,2.2%,-,-,0.8%,
7e677d28-76b5-4941-8534-f21b5952bbb6,01/27/2011,11:30,Producer Price Index (YoY) (Dec),NONE,SEK,4.3%,-,-,2.2%,
fcb14f9a-b489-4d39-a3f9-fc3a41205543,01/27/2011,11:30,Unemployment Rate (Dec),NONE,SEK,7.4%,-,-,7.1%,
41596f55-ebd0-4535-864b-9408ee8f0406,01/27/2011,11:48,Central Bank Reserves $,LOW,RUB,$482B,-,-,-,
b4501976-eb53-485b-b13c-81830a273bc0,01/27/2011,12:30,Producer Price Index (MoM) (Dec),NONE,ZAR,0.3%,-,-,0.7%,
f35d9f79-ed9e-4f3a-9bf9-ccfcbb7bc848,01/27/2011,12:30,Producer Price Index (YoY) (Dec),NONE,ZAR,5.8%,-,-,6.2%,
0c3575b8-2a49-4030-970e-e7b8607e6cde,01/27/2011,13:00,Consumer Confidence (Jan),MEDIUM,EUR,-11.2,-0.07,-11.1,-11,
42fff599-6dc5-4f23-b88d-ff5fde8f8305,01/27/2011,13:00,Economic Sentiment Indicator (Jan),LOW,EUR,106.8,0.18,106.7,102.9,
690bc657-5b4a-4db3-9b9a-3719addc499f,01/27/2011,13:00,Industrial Confidence (Jan),LOW,EUR,6.1,1.13,4.5,2.3,
e32f9396-9e4c-4451-9afd-7139c8b52266,01/27/2011,14:00,Unemployment Rate (Dec),LOW,BRL,5.3%,-,-,5.7%,
ad02a372-9975-417b-9109-a9a882f2a0d6,01/27/2011,14:00,CBI Distributive Trades Survey – Realized (MoM) (Jan),LOW,GBP,37%,-,39%,56%,
416ba975-9440-4f54-b06f-25c1a286b089,01/27/2011,16:21,Consumer Price Index (MoM) (Jan) PREL,HIGH,EUR,-0.5%,-1.58,-0.4%,1%,
add9368d-a85d-4e9c-a5b8-b1efec94cba4,01/27/2011,16:23,Consumer Price Index (YoY) (Jan) PREL,HIGH,EUR,1.9%,-,-,1.7%,
dffa265f-2f9c-44b4-8fb1-835d5b0bd568,01/27/2011,16:30,Continuing Jobless Claims,LOW,USD,4.009M,-,-,3.86M,
ca739a87-1cfd-4aea-a111-958fda7fa95c,01/27/2011,16:30,Durable Goods Orders (Dec),MEDIUM,USD,-0.4%,-0.95,1.6%,2.1% ,
7b6a0380-b923-492a-a5b1-1f54bef4922c,01/27/2011,16:30,Durable Goods Orders ex Transportation (Dec),MEDIUM,USD,3%,1.12,0.9%,5.9% ,
ec7ca230-7c1e-45e7-9b32-9c7cb2df2117,01/27/2011,16:30,Initial Jobless Claims,LOW,USD,457K,2.06,409K,404K,
42670992-e538-4ae4-b2ad-6a8dbf5039de,01/27/2011,18:00,Pending Home Sales (MoM) (Dec),MEDIUM,USD,-3.2%,-0.80,1.1%,3% ,
9da86aa8-9023-4cd6-b395-039c0e1eb0aa,01/28/2011,02:30,National Consumer Price Index (YoY) (Dec),MEDIUM,JPY,0%,-,-0.1%,0.1%,
8652bc91-359a-4558-b465-4eb66eaa355c,01/28/2011,02:30,"National CPI ex Food, Energy (YoY) (Dec)",MEDIUM,JPY,-0.7%,-,-,-0.9%,
cdbd9ed1-b859-4124-b824-c358598c31b5,01/28/2011,02:30,National CPI ex Fresh Food (YoY) (Nov),MEDIUM,JPY,-0.4%,0.00,-0.4%,-0.5%,
8bef82f4-e89d-423c-a736-56a7a69d28dc,01/28/2011,02:30,Overall Household Spending (YoY) (Dec),MEDIUM,JPY,-3.3%,-6.75,-0.5%,-0.4%,
237bac09-e9f3-4521-9d54-74907723a64a,01/28/2011,02:30,Tokyo Consumer Price Index (YoY) (Jan),LOW,JPY,-0.1%,0.33,-0.2%,-0.1% ,
d6712f88-4a08-4403-a005-7fa72e22b30b,01/28/2011,02:30,"Tokyo CPI ex Food, Energy (YoY) (Jan)",LOW,JPY,-0.3%,5.00,-0.5%,-0.6% ,
d0ccf3ab-d7f0-43b0-846d-f8c8c2ab5349,01/28/2011,02:30,Tokyo CPI ex Fresh Food (YoY) (Jan),LOW,JPY,-0.2%,0.86,-0.3%,-0.4%,
f2ab8a04-9e9c-4dc0-b7d0-ba891070ec7a,01/28/2011,02:30,Unemployment Rate (Dec),MEDIUM,JPY,4.9%,-2.67,5.1%,5% ,
57421f74-5d5a-4ce6-931e-3ab8de0fad76,01/28/2011,02:50,BoJ Minutes,MEDIUM,JPY,,,,,REPORT
123b935d-8dd5-4a55-8733-0b169242733e,01/28/2011,02:50,Large Retailer Sales (Dec),MEDIUM,JPY,-1.7%,-4.31,-0.5%,0.1%,
3aecf822-e89d-4881-ba66-02fe116f9431,01/28/2011,02:50,Retail Trade (YoY) (Dec),MEDIUM,JPY,-2.1%,-2.68,0.6%,2.1% ,
4dfe0c73-c7e4-49e5-a432-1f22a47234f4,01/28/2011,02:50,Retail Trade s.a (MoM) (Dec),MEDIUM,JPY,-4.1%,-2.38,-1.4%,2.1%,
6df0a68b-d2a8-4c6a-a9f4-24f71cc52544,01/28/2011,03:00,World Economic Forum - Davos,MEDIUM,CHF,,,,,ALL DAY
ef8dcc07-9476-4056-bb3b-01ca4f042366,01/28/2011,03:01,GfK Consumer Confidence (Jan),LOW,GBP,-29,-,-,-21,
959da853-dc68-48da-8677-0599b136074d,01/28/2011,11:00,Registered Unemployment n.s.a (Jan),NONE,NOK,3.1%,-,-,2.7%,
dce59851-5a6a-4fa8-b1b3-e635485efd11,01/28/2011,11:00,Registered Unemployment s.a (Jan),HIGH,NOK,92.678K,-,-,90K,
7d115bb8-f891-4b6b-b504-aac3e4fab6b8,01/28/2011,11:30,Industrial Outlook (Jan),LOW,DKK,4,-,-,-1,
377145a7-c3dc-4d7c-bb1b-7c2266f6f625,01/28/2011,11:30,Retail Sales (MoM) (Dec),LOW,SEK,-0.8%,-,-,0.1%,
6814d658-c7d4-4413-9bef-19d170a7d081,01/28/2011,11:30,Retail Sales (YoY) (Dec),NONE,SEK,3.1%,-,-,5.3%,
4a2a75fc-2820-4a64-b8e3-b457cb99cf37,01/28/2011,12:00,M3 Money Supply (3m) (Dec),LOW,EUR,1.6%,0.00,1.6%,1.3% ,
2e7fdf57-d603-4c50-9bfe-66c7a72d0c1d,01/28/2011,12:00,M3 Money Supply (YoY) (Dec),LOW,EUR,1.7%,-0.49,1.9%,1.4% ,
105ec8b6-bb62-428d-b313-3bdcdddc3024,01/28/2011,12:00,Unemployment Rate (3M) (Oct),LOW,HUF,10.8%,-,-,-,
848264d0-1462-4894-870c-0dfd0c9c1c1d,01/28/2011,13:30,KOF Leading Indicator (Jan),MEDIUM,CHF,2.14,2.21,2.05,2.1,
26b88b3b-7202-4f6d-bbbc-a65ed6e8f598,01/28/2011,14:30,Bank Loan Growth,NONE,INR,23.6%,-,-,24.4%,
9d5c517e-c35f-4ad9-80b1-5465ce6f107e,01/28/2011,14:30,"FX Reserves, USD",NONE,INR,$299.17B,-,-,$297.42B,
9b5f20d8-5aa9-4a67-a926-1ce09ed51007,01/28/2011,14:30,M3 Money Supply,NONE,INR,16.6%,-,-,16.5%,
2aa218ca-c7a8-4a5e-a844-e7e07b194f03,01/28/2011,15:30,Employment Cost Index (Q4),LOW,USD,0.4%,-,-,-,
974dfeec-bf0e-4275-befd-291cea54d252,01/28/2011,16:30,Core Personal Consumption Expenditures (QoQ) (Q4) PREL,MEDIUM,USD,1.8%,-3.29,4.1%,2.4%,
79c29977-06b6-42e1-abd0-671419833aee,01/28/2011,16:30,Gross Domestic Product Annualized (Q4) PREL,HIGH,USD,3.2%,-1.85,3.5%,3% ,
596fed17-246a-4296-b6f8-870116c49370,01/28/2011,16:30,Gross Domestic Product Price Index (Q4) PREL,HIGH,USD,2.1%,0.48,1.7%,1.2% ,
17aeca3d-4e68-43ed-bd5e-10b628d1d3bc,01/28/2011,17:55,Michigan Consumer Sentiment Index (Jan),MEDIUM,USD,74.2,0.64,73.1,72.7,
587ac23c-a700-4788-99fc-6fefe86fc1fa,01/29/2011,03:00,World Economic Forum - Davos,MEDIUM,CHF,-,-,-,-,
4ab81af5-9e38-42cc-ad46-3df212ff259c,01/31/2011,00:45,Building Permits s.a. (MoM) (Dec),LOW,NZD,-18.2%,-7.86,-1.3%,7.8%,
e2a5a276-b8bd-4824-b488-c20740810067,01/31/2011,00:45,Trade Balance NZD (MoM) (Dec),MEDIUM,NZD,$-218M,-1.50,$55M,$-177M,
c91006bc-a8b3-4bb6-8eec-b62c308fc4a3,01/31/2011,02:15,Jibun Bank Manufacturing PMI (Jan),MEDIUM,JPY,-,-,-,-,
fb52e1ea-e59b-4f65-bd64-05c377971042,01/31/2011,02:50,Industrial Production (MoM) (Dec) PREL,LOW,JPY,3.1%,0.20,2.9%,1%,
f41f17bb-6bcd-4ac6-9053-2e8763303d7d,01/31/2011,02:50,Industrial Production (YoY) (Dec) PREL,LOW,JPY,4.6%,0.36,4.4%,5.8%,
1ff923ef-0eca-4134-a0ed-48af5adb3421,01/31/2011,03:30,Private Sector Credit (MoM) (Dec),LOW,AUD,0.2%,-0.71,0.3%,0.3%,
11258242-bb56-4205-b2ee-0f5e6d1724de,01/31/2011,03:30,Private Sector Credit (YoY) (Dec),LOW,AUD,3.4%,0.00,3.4%,3.6%,
6df93388-0869-4445-86eb-d6770651f115,01/31/2011,03:30,TD-MI Inflation Gauge (MoM) (Jan),LOW,AUD,0.4%,-,-,0.2%,
bccde96c-e9ff-4a93-8714-d7bc8879ef93,01/31/2011,03:30,TD-MI Inflation Gauge (YoY) (Jan),LOW,AUD,3.4%,-,-,3.8%,
691144d4-762a-44fc-8672-823a04f608d8,01/31/2011,07:00,Vehicle Production (YoY) (Dec),LOW,JPY,-5.1%,-,-,-6.7%,
d4668929-f6a6-4424-b0f5-50406aaece5a,01/31/2011,08:00,Construction Orders (YoY) (Dec),LOW,JPY,13.1%,-,1.1%,-5.3%,
043b2e96-e895-4f4c-82b9-41d6c19005fe,01/31/2011,08:00,Housing Starts (YoY) (Dec),LOW,JPY,7.5%,0.58,4.9%,6.8%,
2b714ba3-a778-4bf7-96da-677935b9fd1e,01/31/2011,09:00,M3 Money Supply (YoY) (Dec),MEDIUM,ZAR,7.23%,-,-,6.92%,
6e43759b-5f7f-4f11-bfe9-c9067f73a81f,01/31/2011,09:00,Private Sector Credit (Dec),MEDIUM,ZAR,5.58%,-,-,4.63%,
e5897bd5-2b8c-44e8-ad54-1934b65891aa,01/31/2011,09:30,Annualized Housing Starts (Dec),LOW,JPY,0.861M,-,-,0.83M,
4759fff3-2199-43b2-8c73-b2364db73775,01/31/2011,10:00,Retail Sales (MoM) (Dec),MEDIUM,EUR,0.3%,-1.52,1.9%,0.2% ,
56bd0e4a-17c5-4e2e-b369-2d80d8160f60,01/31/2011,10:00,Retail Sales (YoY) (Dec),MEDIUM,EUR,-1.3%,-0.97,1.1%,3.4% ,
200c2cb5-c95f-4028-ab28-68d00f6fa9c2,01/31/2011,11:00,Producer Price Index (YoY) (Dec),MEDIUM,HUF,8.1%,-,-,-,
d94516eb-9672-41b6-9b7a-7fb0764d3685,01/31/2011,11:45,Gross Domestic Product 2011/2012 (12m),HIGH,INR,8%,-,-,-,
b1628a69-f82e-4af0-9e3f-332c5a548e44,01/31/2011,12:00,M2 Money Supply (YoY) (Dec),NONE,CZK,3.3%,-,-,3.6%,
6deaf558-ab44-4f40-9bc8-2a6d872b9dea,01/31/2011,12:00,Credit Indicator (Dec),NONE,NOK,6.2%,-,-,5.9%,
78b95d28-5710-4249-9330-d660fe16f07b,01/31/2011,12:00,Retail Sales (Dec),LOW,NOK,-2%,-,-,2%,
06f4a556-f4ef-4082-8711-2ab5e6f3cb15,01/31/2011,13:00,Harmonized Index of Consumer Prices (YoY) (Jan) PREL,LOW,EUR,2.4%,0.00,2.4%,2.4%,
1427985f-3bcf-47b3-90eb-74c61855962a,01/31/2011,13:30,"Federal Fiscal Deficit, INR (Dec)",LOW,INR,"1,712.49B",-,-,"1,623.36B",
03b05412-74af-49cd-9b95-0d65b8a21166,01/31/2011,15:00,Trade Balance (in Rands) (Dec),LOW,ZAR,10.3B,-,-,8.4B,
eb5ef2e5-df26-45d7-ab71-2b756a2b5e4f,01/31/2011,15:30,Nominal Budget Balance (Dec),LOW,BRL,-8.683B,-,-,-14.4B,
2489281f-bb43-438b-8c60-85d219352dc5,01/31/2011,15:30,Primary Budget Surplus (Dec),LOW,BRL,10.85B,-,-,4.2B,
0f33a2f9-b81b-452f-a008-e8e790b4933d,01/31/2011,16:30,Gross Domestic Product (MoM) (Nov),HIGH,CAD,0.4%,1.40,0.2%,0.5% ,
9049db8b-1513-46f9-8c74-4c16df7e68ec,01/31/2011,16:30,Industrial Product Price (MoM) (Dec),LOW,CAD,0.8%,0.53,0.6%,0.9% ,
ac9ef95b-d57a-4c74-91c7-830b82953ed9,01/31/2011,16:30,Raw Material Price Index (Dec),LOW,CAD,4.2%,0.99,2.7%,2.5% ,
8f410afa-53e9-45cf-a5b0-e6cdca2dd059,01/31/2011,16:30,Core Personal Consumption Expenditures - Price Index (MoM) (Dec),MEDIUM,USD,0%,-,-,0.1%,
63a3b509-36c7-4d1e-a738-ab4ab473952c,01/31/2011,16:30,Core Personal Consumption Expenditures - Price Index (YoY) (Dec),MEDIUM,USD,0.7%,-,-,1.1% ,
3c2f514d-72f6-4713-8d83-de54632cf1cd,01/31/2011,16:30,Personal Consumption Expenditures - Price Index (MoM) (Dec),MEDIUM,USD,0.3%,-2.04,0.6%,0.2% ,
64ec0fa4-d04f-4af6-b629-716d36273fb1,01/31/2011,16:30,Personal Income (MoM) (Dec),NONE,USD,0.4%,-0.63,0.5%,0.3% ,
15086039-2e2f-403c-8bff-908091543882,01/31/2011,17:45,Chicago PMI (Jan),LOW,USD,68.8,1.35,65.5,64.5,
fa395baa-d7c9-4c34-9db3-92bc38b17e69,02/01/2011,01:30,AiG Performance of Mfg Index (Jan),MEDIUM,AUD,46.7,-,-,46.3,
df56eda1-d0ca-4908-9a54-303e855a2d68,02/01/2011,03:30,House Price Index (QoQ) (Q4),LOW,AUD,0.7%,0.87,0%,-0.9% ,
443c6dbc-8322-416c-a12f-69dab23fb196,02/01/2011,03:30,House Price Index (YoY),NONE,AUD,5.8%,0.11,5.6%,9.6% ,
b607b041-bdaf-40d2-927d-c183e9b472e9,02/01/2011,03:30,National Australia Bank's Business Conditions (Dec),LOW,AUD,6,-,-,2,
688968fd-8f9f-4403-9203-73d46f6d3e74,02/01/2011,03:30,National Australia Bank's Business Confidence (Dec),MEDIUM,AUD,-3,-,-,6,
f226f3ec-e1bc-437e-a96a-5f34070282b6,02/01/2011,04:00,NBS Manufacturing PMI (Jan),MEDIUM,CNY,52.9,-4.80,54.1,53.9,
132c9b3e-83f7-48d2-929a-2842d6d4282d,02/01/2011,04:25,Labor Cash Earnings (YoY) (Dec),LOW,JPY,0.1%,-,-,0.1% ,
6c67138e-123a-407e-9898-4bb1b53db6d6,02/01/2011,05:00,ANZ Commodity Price (Jan),LOW,NZD,3.8%,-,-,1.5% ,
062a32ff-c03b-4b7f-af00-47a06b99697a,02/01/2011,05:30,RatingDog Manufacturing PMI (Jan),LOW,CNY,-,-,-,-,
9865030c-f495-4f4e-b632-751c570fa175,02/01/2011,06:30,RBA Interest Rate Decision,HIGH,AUD,4.75%,0.00,4.75%,4.75%,
f4d17dd2-382a-4431-9b7a-f9fd02116e8e,02/01/2011,06:30,RBA Rate Statement,MEDIUM,AUD,,,,,REPORT
6e495dca-fd2a-4911-849e-35b6e2d6ae76,02/01/2011,08:00,S&P Global Manufacturing PMI (Jan),MEDIUM,RUB,-,-,-,-,
aa40d424-7b3b-49a2-9a42-45bae0871e18,02/01/2011,08:00,Vehicle Sales (YoY) (Jan),LOW,JPY,-22%,-,-,-28.3%,
92e5d3de-099f-420d-9424-4cd8037476a5,02/01/2011,08:30,RBA Commodity Index SDR (YoY) (Jan),LOW,AUD,48.7%,-,-,47.7%,
e61ff6d7-b395-4b29-97a6-ccebc3fc1b50,02/01/2011,10:00,Nationwide Housing Prices n.s.a (YoY) (Jan),LOW,GBP,-1.4%,-0.65,-1%,0.1% ,
a7ba1337-afed-4387-b508-0621554c82eb,02/01/2011,10:00,Nationwide Housing Prices s.a (MoM) (Jan),LOW,GBP,-0.1%,0.28,-0.2%,0.3% ,
f6b2cd6a-1770-4d6f-83f6-d843257c3364,02/01/2011,10:30,Manufacturing PMI (Jan),MEDIUM,SEK,61.5,-,-,60.2,
272dd962-d118-4ebc-b7ad-472c259c7e2a,02/01/2011,11:00,HALPIM Manufacturing PMI (Jan),MEDIUM,HUF,54.7,-,-,54,
9f0bb9d1-6162-41c7-89b9-0268b2ec3a9d,02/01/2011,11:00,S&P Global Manufacturing PMI (Jan),MEDIUM,PLN,-,-,-,-,
04a0af52-ab82-4463-88d0-e3928c92181a,02/01/2011,11:15,Real Retail Sales (YoY) (Dec),MEDIUM,CHF,-0.8%,-,-,4% ,
eb16703e-5b7c-46cd-be3c-804643ada717,02/01/2011,11:30,SVME - Purchasing Managers' Index (Jan),LOW,CHF,60.5,0.55,59.3,61.1,
f9a42777-5307-49f6-8394-50e13e1fbb0f,02/01/2011,11:30,S&P Global PMI (Jan),MEDIUM,CZK,-,-,-,-,
66098986-26c7-4c55-bf0c-c409404de046,02/01/2011,11:30,Retail Sales (YoY) (Dec),MEDIUM,DKK,0.3%,-,-,2.1%,
f8aa77bd-a158-41ac-9a4f-619f25a17809,02/01/2011,11:55,HCOB Manufacturing PMI (Jan),LOW,EUR,-,-,-,-,
ce294709-9220-4d26-88a0-3a32a14a8a47,02/01/2011,11:58,HCOB Manufacturing PMI (Jan),MEDIUM,EUR,-,0.58,56.9,-,
56c9a02b-d4e2-477b-a3d3-e650aeed9432,02/01/2011,12:00,Unemployment Change (Jan),MEDIUM,EUR,-18K,-0.51,-11K,3K,
e90833cd-5905-4a40-bc13-f67b00ed6bcb,02/01/2011,12:00,Unemployment Rate s.a. (Jan),MEDIUM,EUR,7.4%,-1.58,7.5%,7.4% ,
1260cb54-3a1b-4fa6-a13e-44240d8a9637,02/01/2011,12:00,Purchasing Manager Index (Jan),MEDIUM,ZAR,54.6,-,-,51.7,
023e45d2-174f-4df4-b014-f40601863a33,02/01/2011,12:30,M4 Money Supply (MoM) (Dec),LOW,GBP,-1.3%,-8.00,0.3%,-0.8% ,
737fb0b4-7df7-478c-b6dd-ec978e35354b,02/01/2011,12:30,M4 Money Supply (YoY) (Dec),LOW,GBP,-1.5%,-,-,-1.4% ,
75969a01-dde6-457e-8a6c-200c0a22fec5,02/01/2011,12:30,Mortgage Approvals (Dec),LOW,GBP,43K,-1.06,47K,40K,
51e374dd-2148-4696-b8aa-d675f0690792,02/01/2011,12:30,Net Lending to Individuals (MoM) (Dec),NONE,GBP,£0.5B,-0.12,£0.6B,£0.4B,
651160c4-7d9d-44d5-afba-497c44d3f1e2,02/01/2011,12:30,S&P Global Manufacturing PMI (Jan),MEDIUM,GBP,-,1.63,58.1,-,
3e994baf-2cdf-4d26-99e1-8d0215f5e9f7,02/01/2011,12:30,Consumer Credit (Dec),LOW,GBP,£0.8B,-,-,£0.1B,
1eddede3-7293-4e5f-a1ba-23c392cb3f66,02/01/2011,13:00,Unemployment Rate (Dec),LOW,EUR,10%,-2.04,10.1%,10.3% ,
400fa04b-2920-4af6-94e3-82a3e51fb191,02/01/2011,16:00,Budget Balance (Jan),NONE,CZK,10.61B,-,-,-156.29B,
73e76b9d-7418-4a96-bef8-47b89b8a9f90,02/01/2011,17:00,Trade Balance (Jan),MEDIUM,BRL,0.42B,-,-,-,
f39706ac-6a19-4fe7-a6ef-4ce39d2e5447,02/01/2011,18:00,Construction Spending (MoM) (Dec),LOW,USD,-1.6%,-2.16,0.2%,0.3% ,
37b604b4-903f-4dbd-be71-b80a77a3c696,02/01/2011,18:00,ISM Manufacturing PMI (Jan),MEDIUM,USD,60.8,2.32,57.6,56.6,
513d3420-81fe-48d1-adb8-d8c5327c3f1b,02/01/2011,18:00,ISM Manufacturing Prices Paid (Jan),LOW,USD,81.5,1.64,73.9,73.3,
cd97d7d0-494b-4784-a730-afd0a96db622,02/01/2011,19:15,ECB's President Trichet speech,MEDIUM,EUR,,,,,SPEECH
f7a2f633-d5ea-4dac-8714-e8fd79ff8310,02/02/2011,01:00,Total Vehicle Sales (Jan),LOW,USD,12.62M,-,-,12.55M,
1c33f132-5754-4bd5-bd37-63d08240ff97,02/02/2011,02:50,Monetary Base (YoY) (Jan),LOW,JPY,5.5%,-2.24,7.6%,7%,
ad9eb082-aeac-41b5-93ce-29cae6970380,02/02/2011,03:04,HIA New Home Sales (MoM) (Dec),MEDIUM,AUD,-0.6%,-,-,-0.2%,
6d0963b3-cc76-43f5-a1c9-254cd227f972,02/02/2011,12:00,Labour Force Survey (Q4),LOW,NOK,3.6%,-,-,-,
7a8f1e3f-5c23-438b-86ee-53d736fa559a,02/02/2011,12:00,Total New Vehicle Sales (Jan),LOW,ZAR,"45,135",-,-,"39,504",
180eb81c-6cf2-40f2-a1c4-3361dedbb580,02/02/2011,12:30,S&P Global Construction PMI (Jan),LOW,GBP,-,2.36,49.7,-,
3078e223-dd2e-4e9e-b94c-f881ff29e12d,02/02/2011,13:00,Fipe's IPC Inflation (Jan),LOW,BRL,1.15%,-,-,0.54%,
33d77db2-b95a-4814-8eca-757c6cff4549,02/02/2011,13:00,Producer Price Index (MoM) (Dec),LOW,EUR,0.8%,0.00,0.8%,0.4%,
4a94d47d-bc30-47d4-be63-5dc72c61e8eb,02/02/2011,13:00,Producer Price Index (YoY) (Dec),HIGH,EUR,5.3%,1.25,5.2%,4.3% ,
f244737c-725f-4748-bdaf-066710521def,02/02/2011,13:00,CBI Interest Rate Decision,LOW,ISK,4.25%,-,-,4.5%,
5da0bd6d-0cca-451d-a72e-afd6a6abf40b,02/02/2011,14:00,Industrial Output (MoM) (Dec),LOW,BRL,-0.8%,-,-,-0.1%,
ea285b79-1d6f-435b-b2f6-d63f4339b090,02/02/2011,14:00,Industrial Output (YoY) (Dec),LOW,BRL,2.7%,-,-,5.3%,
5c61eab7-53b3-4208-8882-3e09c7830e8d,02/02/2011,15:00,MBA Mortgage Applications,LOW,USD,11.3%,-,-,-12.9%,
54e5358c-20d7-4112-82e4-954f7e8cfff6,02/02/2011,16:15,ADP Employment Change (Jan),MEDIUM,USD,189K,0.62,151K,101K,
1aa5aff8-2b73-422a-b225-1f8c682780f8,02/02/2011,18:00,Currency Reserves (Jan),LOW,DKK,430.1B,-,-,418.6B,
aebf9743-3aee-49f6-9475-8e9a206cba51,02/02/2011,18:30,EIA Crude Oil Stocks Change,LOW,USD,2.6M,-,-,4.836M,
6f8fd1e4-c490-4314-96da-f43a822b106a,02/03/2011,00:45,Unemployment Rate (Q4),NONE,NZD,6.7%,0.29,6.5%,6.1% ,
9c36ac2b-54ea-4094-bfeb-43350a0f9063,02/03/2011,01:30,AiG Performance of Services Index (Jan),LOW,AUD,45.5,-,-,46.4,
653f99a4-775a-4c1e-9b46-7c7150fc6c2b,02/03/2011,03:30,Building Permits (MoM) (Dec),LOW,AUD,8.7%,2.30,1.4%,-7.9% ,
683996fb-06df-4d60-94a8-7d3fda43fc38,02/03/2011,03:30,Building Permits (YoY) (Dec),LOW,AUD,-5%,2.06,-13.7%,-9.9%,
55a7545f-5f92-48ff-99ea-2484a6ad5022,02/03/2011,03:30,Investment Lending for Homes (Q4),LOW,AUD,3%,-,-,-1.7% ,
497051b1-f3ee-4281-a1f9-765655e9cd6e,02/03/2011,03:30,Trade Balance (MoM) (Dec),MEDIUM,AUD,2.018M,-0.08,2.078M,"1,020M",
3a1d04f6-4008-4bf9-b569-cd6c953b71ad,02/03/2011,04:30,RBA Monetary Policy Statement,HIGH,AUD,,,,,REPORT
0c0f431c-f93f-4233-8bca-231956cfd11d,02/03/2011,08:00,S&P Global Services PMI (Jan),MEDIUM,RUB,-,-,-,-,
a132f5bd-bb54-40ed-9e5c-e74db4625c98,02/03/2011,10:15,Trade Balance (Dec),MEDIUM,CHF,"1,257M",-,-,"1,928M",
a32a7684-32a7-4271-b1f9-24cc563edd51,02/03/2011,11:53,HCOB Services PMI (Jan),LOW,EUR,-,0.27,60,-,
fd3064cc-7e73-415c-83c2-5d4743b92169,02/03/2011,12:00,HCOB Services PMI (Jan),MEDIUM,EUR,-,0.59,55.2,-,
54c000f0-91f4-4062-8254-7586a30820fb,02/03/2011,12:13,Central Bank Reserves $,LOW,RUB,$492.2B,-,-,$482B,
1ec0fa8a-0d27-4c47-aa6f-15b13652d9a1,02/03/2011,12:28,S&P Global Services PMI (Jan),LOW,GBP,-,2.16,51.1,-,
610e2181-ee6e-4ea8-884c-d489e2f1c7c3,02/03/2011,12:30,Reuters Econometer (Jan),NONE,ZAR,266.09,-,-,265.42,
5a575d80-199f-484d-89d3-28130f6414fc,02/03/2011,13:00,Retail Sales (MoM) (Dec),LOW,EUR,-0.4%,-2.66,0.6%,0.2% ,
2e77e99c-0bfc-40f2-8377-a97436212707,02/03/2011,13:00,Retail Sales (YoY) (Dec),LOW,EUR,-0.4%,-0.73,0.2%,1.6% ,
7244e105-6c2f-4947-86ff-a149fe9b6dfa,02/03/2011,15:00,CNB Interest Rate Decision,LOW,CZK,0.75%,-,-,0.75%,
ee86535c-3257-43d7-8df6-c3c1ee9f718f,02/03/2011,15:45,ECB Main Refinancing Operations Rate,HIGH,EUR,1%,0,1%,1%,
d7b97c2c-2056-42da-8f84-8b5c992fd7a0,02/03/2011,16:30,ECB's President Trichet speech,MEDIUM,EUR,,,,,SPEECH
fd7aadbd-d9d3-4f9c-b23e-91a8f5d1d69c,02/03/2011,16:30,Continuing Jobless Claims,LOW,USD,3.935M,-,-,3.991M,
999176ea-30ba-4bb5-b59e-5aab8f06157a,02/03/2011,16:30,Initial Jobless Claims,LOW,USD,419K,-0.03,420K,454K,
65298530-2b93-4149-93cc-465345bec635,02/03/2011,16:30,Nonfarm Productivity (Q4) PREL,LOW,USD,2.6%,0.70,2.1%,2.3%,
7cbcaaec-f6b2-4a0e-8307-cc02dabbf4df,02/03/2011,16:30,Unit Labor Costs (Q4) PREL,LOW,USD,-0.6%,-1.35,0.5%,-0.1%,
5ee2e751-fd45-43e3-8a66-78bd6bc3af7b,02/03/2011,18:00,Factory Orders (MoM) (Dec),MEDIUM,USD,1.4%,1.90,-0.2%,2.1% ,
b67acfc6-9a8c-4cf5-b6ac-815653a7598c,02/03/2011,18:00,ISM Services PMI (Jan),NONE,USD,59.4,1.85,57,56.9,
fd61460a-ddb9-4287-8ff0-a10b38857ccd,02/03/2011,21:00,Former Fed's Chair Bernanke speech,LOW,USD,,,,,SPEECH
ec687ecf-8082-4a62-a22c-5642c1f6c4e3,02/04/2011,00:45,Visitor Arrivals (YoY) (Dec),LOW,NZD,1.3%,-,-,3%,
c8c7f29d-6622-42d3-8b4b-5ccf4765f8f6,02/04/2011,11:00,Halifax House Prices (MoM) (Jan),LOW,GBP,0.8%,-,-,-0.9% ,
2e305675-41e7-4e7d-9868-884c476aa82e,02/04/2011,11:00,Halifax House Prices (YoY/3m) (Jan),LOW,GBP,-2.4%,-,-,-0.7% ,
3e2c322f-e89a-4e9c-96ef-a55e5e5718db,02/04/2011,14:30,ECB's President Trichet speech,MEDIUM,EUR,,,,,SPEECH
560d2156-3758-4161-80dd-c02de476c83b,02/04/2011,15:00,Net Change in Employment (Jan),HIGH,CAD,69.2K,4.94,22.4K,45.1K,
969e05e5-04f4-4e6c-bd55-d4d0fb02148e,02/04/2011,15:00,Unemployment Rate (Jan),HIGH,CAD,7.8%,1.51,7.6%,7.7% ,
623b30d1-2d0f-412d-be74-80d8afbf73d3,02/04/2011,16:00,Consumer Price Index (MoM) (Jan),MEDIUM,RUB,2.4%,-,2.2%,-,
4ffd3624-ded7-45c3-9bfc-e462ee69d5d0,02/04/2011,16:30,Average Hourly Earnings (MoM) (Jan),LOW,USD,0.4%,1.36,0.2%,0.1%,
791f3214-e7ee-4cea-b1f3-d466743e8811,02/04/2011,16:30,Average Weekly Hours (Jan),LOW,USD,34.2,-2.31,34.3,34.3,
1d572dad-880a-47d0-8a39-0a310432d714,02/04/2011,16:30,Nonfarm Payrolls (Jan),HIGH,USD,63K,-0.87,121K,72K,
7af42475-fed5-469b-9da1-fd5273380472,02/04/2011,16:30,Unemployment Rate (Jan),HIGH,USD,9%,-3.08,9.5%,9.3% ,
bdc5695b-2dc9-4aef-abd8-cefe1cd9e401,02/04/2011,18:00,Ivey Purchasing Managers Index (Jan),MEDIUM,CAD,41.4,-1.47,53.7,50,
cea29799-e101-404d-a339-e19a85f13444,02/07/2011,01:30,AiG Performance of Construction Index (Jan),LOW,AUD,40.2,-,-,43.8,
e1e49254-90a4-4e6f-a3dd-2535732fd716,02/07/2011,03:30,ANZ Job Advertisements (Jan),LOW,AUD,3%,-,-,2% ,
3b001881-93d3-471e-80fa-bc7a45e463bb,02/07/2011,03:30,Retail Sales s.a. (MoM) (Dec),MEDIUM,AUD,0.2%,-0.52,0.5%,0.3% ,
f504db26-4b9d-436f-abee-bab0a93e9386,02/07/2011,08:00,Coincident Index (Dec) PREL,MEDIUM,JPY,103.1,0,103.1,103,
e5ca9a92-faf8-46d9-99c0-acf817dcbfb4,02/07/2011,08:00,Leading Economic Index (Dec) PREL,MEDIUM,JPY,101.4,-,101.5,99.4,
de12fd54-ec22-4b00-be7f-111e9c630827,02/07/2011,08:30,Gross Domestic Product 2011/2012 (12m),LOW,INR,7.9%,-,-,8%,
e25e9674-c4e9-4029-9bb2-5ccddadb86bc,02/07/2011,08:30,Gross Domestic Product Quarterly (YoY) (Q2),LOW,INR,8.9%,-,-,8.9%,
f91ff655-33e9-4507-931e-8a58f7f7c8dd,02/07/2011,09:00,Gross $Gold & Forex Reserve (Jan),LOW,ZAR,$45.47B,-,-,$43.834B,
3233930b-3f1e-4369-9453-1816b1c6ea5b,02/07/2011,09:00,Net $Gold & Forex Reserve (Jan),LOW,ZAR,$44.45B,-,-,$43.353B,
493d1e05-1925-4206-b69b-c4ac0d666b5b,02/07/2011,11:00,Construction output (YoY) (Dec),LOW,CZK,-12.1%,-,-,-0.1%,
235a4277-2153-4edb-98e8-4a182f920060,02/07/2011,11:00,Foreign Trade Balance (MoM) (Dec),MEDIUM,CZK,0.57B,-,0.91B,12.39B,
4548d041-071f-4869-8a2d-821f1144c113,02/07/2011,11:00,Industrial Production (YoY) (Dec),MEDIUM,CZK,12%,-,13.5%,15.9%,
706aa87b-cb06-4379-a295-1047cf760d62,02/07/2011,11:00,Retail Sales (YoY) (Dec),MEDIUM,CZK,-0.2%,-,3%,5%,
585861ec-2c3f-4c43-a9b0-adabff934aff,02/07/2011,11:30,Industrial Production (MoM) (Dec),MEDIUM,DKK,-1.1%,-,-,-1.4%,
75073f3d-0203-4004-b39b-42fb7706de09,02/07/2011,12:00,FX Reserves (Jan),LOW,CZK,€30.25B,-,-,€31.98B,
60bd0f1a-53d8-4648-8f8f-081dbfb217b5,02/07/2011,12:00,Manufacturing Output (Dec),MEDIUM,NOK,-1%,-,0.5%,0.9%,
007c98e6-8ea7-40b7-98c1-80371c8ec846,02/07/2011,12:30,Sentix Investor Confidence (Feb),MEDIUM,EUR,16.7,1.32,14.1,10.6,
9a436c90-3691-4a1f-892f-14f9f7c92b0d,02/07/2011,14:00,Factory Orders n.s.a. (YoY) (Dec),MEDIUM,EUR,19.48%,-0.60,21.3%,20.6%,
7412db60-1e2a-4f1e-9b85-2a2c0a4dc063,02/07/2011,14:00,Factory Orders s.a. (MoM) (Dec),MEDIUM,EUR,-3.6%,-0.67,-1.4%,5.3% ,
5f1d5ca0-ce51-4f59-a745-bc2c3115b927,02/07/2011,16:00,Central Bank FX Reserves (Jan),LOW,PLN,€70.2B,-,-,€70B,
8133eefb-26d2-46bf-8de0-dda56c1aa521,02/07/2011,16:30,Building Permits (MoM) (Dec),MEDIUM,CAD,2.6%,-0.04,2.9%,-9.9% ,
08223ae0-59c0-420b-b14a-20d90771dd68,02/07/2011,23:00,Consumer Credit Change (Dec),MEDIUM,USD,$4.09B,0.57,$2.2B,$1.13B,
ade73e2f-3a59-4b62-af8c-6a878825db8d,02/08/2011,02:50,Current Account n.s.a. (Dec),LOW,JPY,"¥1,195.3B",0.13,"¥1,150B","¥1,105.7B",
7733f0df-9eba-4dbd-ac64-cccf32f1cace,02/08/2011,02:50,Money Supply M2+CD (YoY) (Jan),LOW,JPY,2.3%,0.00,2.3%,2.3%,
953f5e2f-f5c3-4c55-a893-8812e8ea7b1f,02/08/2011,02:50,Trade Balance - BOP Basis (Dec),LOW,JPY,¥768.8B,-0.20,¥779.7B,¥392.4B,
949441d0-61b4-40f9-96b4-b6aaebacd1d9,02/08/2011,03:01,BRC Like-For-Like Retail Sales (YoY) (Jan),LOW,GBP,2.3%,-,-,-0.3%,
d6eddf44-b942-42dd-8cf2-ae4bb08cafcd,02/08/2011,03:01,RICS Housing Price Balance (Jan),MEDIUM,GBP,-31%,0.68,-38%,-38% ,
fd07b8f9-16fc-43cd-b7c0-f0b5e1af1894,02/08/2011,03:30,National Australia Bank's Business Conditions (Jan),MEDIUM,AUD,-6,-,-,6,
46f0b05b-5534-45a6-b1da-493105a8b906,02/08/2011,03:30,National Australia Bank's Business Confidence (Jan),MEDIUM,AUD,4,-,-,-3,
d39084b1-8638-4889-853c-3e5d3cdfdbbc,02/08/2011,08:00,Eco Watchers Survey: Current (Jan),MEDIUM,JPY,44.3,-0.58,45.6,47.8,
0de3733c-3874-4286-9414-957b8beb72ac,02/08/2011,08:00,Eco Watchers Survey: Outlook (Jan),MEDIUM,JPY,47.2,-,-,47,
32b72172-8eba-4881-b35e-2fac7ab22082,02/08/2011,09:45,Unemployment Rate s.a (MoM) (Jan),MEDIUM,CHF,3.8%,0.00,3.8%,3.8%,
66fb407f-6306-484e-af91-d3c3b095c19f,02/08/2011,10:45,Trade Balance EUR (Jan),LOW,EUR,€-5.1B,-,-,€-3.9B,
dbf5d85f-0db5-4704-b5d4-92afa5ace743,02/08/2011,11:00,Unemployment Rate (Jan),HIGH,CZK,9.7%,-,9.8%,9.6%,
74ba080e-de43-4a0e-9ddf-d96ec65fa11f,02/08/2011,11:00,Industrial Output (YoY) (Dec),MEDIUM,HUF,8.5%,-,-,14.7%,
3cfd4c74-f180-46a2-8b18-ca1e5c56c0b8,02/08/2011,11:00,Industrial Production (MoM) (Dec),MEDIUM,RON,-0.2%,-,-,1.6%,
171f8abc-901a-4e62-bf7a-b3decd126b8f,02/08/2011,11:00,Industrial Output (YoY) (Dec),LOW,EUR,19.7%,-,-,-,
f92edff9-c66b-427f-845f-fdcf19a8beb0,02/08/2011,11:30,Current Account (Dec),MEDIUM,DKK,7.8B,-,7B,11.1B,
57c6c850-a1bc-4f07-be00-5f47e4182651,02/08/2011,11:30,Trade Balance (Dec),MEDIUM,DKK,6.7B,-,5B,5.4B,
7c8863f2-c1b1-44f1-ac6b-3c35741c402b,02/08/2011,11:30,Manufacturing Output (MoM) (Dec),MEDIUM,EUR,0.2%,-,-,0.6%,
1f5f3d1b-b7fb-4d34-b856-f66005d10aaf,02/08/2011,12:30,Unemployment Total (Q4),LOW,ZAR,4.137M,-,-,4.396M,
28263658-5b5e-4da3-9a9e-f4da03d959c2,02/08/2011,13:30,PBoC Interest Rate Decision,HIGH,CNY,6.06%,-,-,5.81%,
60f1db30-f8c9-41b0-ac9c-a3830a32fb88,02/08/2011,13:45,Trade Balance (Jan),MEDIUM,ISK,7.8B,-,-,13.1B,
d8159338-1d65-4222-861c-d1432dd2932e,02/08/2011,14:00,IPCA Inflation (Jan),LOW,BRL,0.83%,-,-,0.63%,
b3e941b4-28d6-40a0-b0a9-2a09f433a9ef,02/08/2011,14:00,Industrial Production n.s.a. w.d.a. (YoY) (Dec),MEDIUM,EUR,10%,-1.02,11.5%,12.1% ,
e80811fe-5805-4d87-80d1-c280528865e3,02/08/2011,14:00,Industrial Production s.a. (MoM) (Dec),MEDIUM,EUR,-0.6%,-0.74,0.2%,-0.5% ,
5068d42f-2735-4284-b828-83bd748b695b,02/08/2011,16:15,Housing Starts s.a (YoY) (Jan),MEDIUM,CAD,170.6K,-0.03,171K,166.8K,
5c7e3b13-b610-4cd3-b03f-e3e99672f596,02/08/2011,18:00,RealClearMarkets/TIPP Economic Optimism (MoM) (Feb),LOW,USD,50.9,-0.81,52.8,51.9,
adf5f1a8-76ae-404b-b1ce-354fc54f71c8,02/08/2011,19:00,Budget Balance (Jan),LOW,HUF,-122.8B,-,-,434.9B,
1b9b558f-fac0-48c4-82ed-8ef605dac695,02/09/2011,02:30,Westpac Consumer Confidence (Feb),MEDIUM,AUD,1.9%,-,-,-5.7%,
87c30999-5175-469b-956a-18fc0101a378,02/09/2011,03:01,BRC Shop Price Index (YoY) (Jan),LOW,GBP,2.5%,-,-,2.1%,
a14c4bef-86bc-4f97-ae50-b1c7c9bcc1d6,02/09/2011,08:00,Consumer Confidence Index (Jan),MEDIUM,JPY,41.1,-,-,41.5,
642063ee-faf0-4e10-87dd-34cb6422cd4d,02/09/2011,09:00,Machine Tool Orders (YoY) (Jan),LOW,JPY,89.8%,-,-,104.2% ,
0905a19d-72f0-478b-b7de-7478badc8d34,02/09/2011,10:00,Current Account n.s.a. (Dec),LOW,EUR,€19.3B,1.79,€14B,€15.5B,
6b24d502-8e92-4f41-9ca2-d6042ee421f9,02/09/2011,10:00,Trade Balance s.a. (Dec),MEDIUM,EUR,€14.2B,1.33,€12B,€12.3B,
29962b2b-50d1-4f57-bd27-a1dc6f9b735f,02/09/2011,10:00,Trade Balance (Dec),MEDIUM,EUR,€0.04B,-,-,€-0.2B,
400e1443-f051-403a-8cdd-082ee157d4c1,02/09/2011,11:00,Consumer Price Index (MoM) (Jan),MEDIUM,CZK,0.7%,-,1.2%,0.5%,
c375e977-d229-450a-83a6-8de1b9a9708e,02/09/2011,11:00,Consumer Price Index (YoY) (Jan),MEDIUM,CZK,1.7%,-,2.3%,2.3%,
c0c8b2c5-d74a-483d-b97c-a7bf111814e5,02/09/2011,11:00,Trade Balance (Dec),MEDIUM,HUF,€457M,-,-,€651.9M,
adb20807-a7f1-4ddc-8151-167e5ffc3405,02/09/2011,11:00,Trade Balance (Dec),MEDIUM,RON,€-0.778B,-,-,€-0.9B,
e9685bfc-6668-4c96-b806-2997d3f8d7e4,02/09/2011,11:00,Foreign Trade Balance (Dec),LOW,EUR,€-241.8M,-,-,-,
aba50acf-8d85-40ea-a291-6972dd9bac1e,02/09/2011,12:30,Goods Trade Balance (Dec),MEDIUM,GBP,£-9.686B,-2.01,£-8.6B,£-9.077B,
69b0f93a-41c0-44f0-82d8-134f76b2c516,02/09/2011,12:30,Trade Balance; non-EU (Dec),LOW,GBP,£-5.816B,-0.25,£-4.88B,£-5.343B,
ea67e05d-743a-4672-96da-67c516b689bb,02/09/2011,15:00,MBA Mortgage Applications,LOW,USD,-5.5%,-,-,11.3%,
d4be218a-a0de-4af3-ad4d-ef33ea77556a,02/09/2011,18:00,Fed's Chair Bernanke testifies,HIGH,USD,,,,,SPEECH
0f4a7831-7643-4b49-b444-e6e986096fb1,02/09/2011,18:30,EIA Crude Oil Stocks Change,LOW,USD,1.9M,-,2.25M,2.6M,
32b9587f-3418-4f75-beab-35cefe6c4e37,02/10/2011,02:50,Machinery Orders (MoM) (Dec),LOW,JPY,1.7%,-0.48,5.2%,-5.5% ,
70bad7d4-80d6-41d6-b480-cf77c2e00169,02/10/2011,02:50,Producer Price Index (MoM) (Jan),LOW,JPY,0.5%,1.12,0.3%,0.5% ,
04c6e274-9ca7-4830-8ec5-f45a86bdab43,02/10/2011,02:50,Producer Price Index (YoY) (Jan),LOW,JPY,1.6%,1.15,1.4%,1.2%,
19da57b1-e3d4-4a4f-abda-a0d9000268d6,02/10/2011,03:00,Consumer Inflation Expectations (Feb),MEDIUM,AUD,4.3%,-,-,4.6%,
d422182a-8202-4635-aac4-56bafce33318,02/10/2011,03:30,Employment Change s.a. (Jan),HIGH,AUD,7.7K,-0.62,20.3K,2.3K,
b9088667-afcd-43fe-890e-fa1ed10b2cf7,02/10/2011,03:30,Unemployment Rate s.a. (Jan),HIGH,AUD,5%,0.00,5%,5%,
6e740821-5373-4024-8613-f74019e71321,02/10/2011,09:45,SECO Consumer Climate (3m) (Q4),MEDIUM,CHF,10,-0.14,11,8,
5436e3ce-deac-4838-a889-9af26757e94d,02/10/2011,10:00,Industrial Output (MoM) (Dec),MEDIUM,EUR,1.2%,-,-,-1%,
33a8f1f5-d03c-4f53-a1eb-fe4f5eea89f7,02/10/2011,11:15,Consumer Price Index (MoM) (Jan),MEDIUM,CHF,-0.4%,-2.26,-0.1%,0%,
43062f7f-e21f-49c9-bff9-1ec536108e21,02/10/2011,11:15,Consumer Price Index (YoY) (Jan),MEDIUM,CHF,0.3%,-2.57,0.6%,0.5%,
ab222586-0fcd-4131-9a2e-2eeceb37ee90,02/10/2011,11:30,Consumer Price Index (YoY) (Jan),MEDIUM,DKK,2.7%,-,2.5%,2.8%,
43b3d14d-701c-4533-9309-f162842b492f,02/10/2011,11:30,Inflation (HICP) (YoY) (Jan),MEDIUM,DKK,2.6%,-,2.4%,2.8%,
9997dc32-1961-4e7c-824b-14066bc081f0,02/10/2011,11:30,Consumer Price Index n.s.a (YoY) (Jan),MEDIUM,EUR,2%,-,2.3%,1.9%,
b62e8e7a-feef-41e3-8ae5-052222a84789,02/10/2011,11:30,Industrial Production Value (MoM) (Dec),MEDIUM,SEK,-2.1%,-,0.5%,1.1%,
e55d867e-6b1d-4983-bd09-d9bcab10ec6e,02/10/2011,11:30,Industrial Production Value (YoY) (Dec),MEDIUM,SEK,10%,-,13.3%,12.1%,
283cb4ca-4c28-45e5-b2fd-6e674b7c99f1,02/10/2011,11:30,New Orders Manufacturing (YoY) (Dec),MEDIUM,SEK,17.7%,-,-,15.9%,
fecb0d90-d6f3-407f-84ba-8795cb38a2fc,02/10/2011,12:00,ECB Monthly Report,MEDIUM,EUR,,,,,REPORT
709917b8-1444-4eb1-8b7e-fe0ae78e8da3,02/10/2011,12:00,Consumer Price Index (YoY) (Jan),MEDIUM,NOK,2%,-,2.4%,2.8%,
0f510711-5a13-4c52-a482-e72b4cd5164e,02/10/2011,12:00,Core Inflation (YoY) (Jan),MEDIUM,NOK,0.7%,-,1.1%,1%,
3aa66cc7-ec0f-4859-a205-73a0c637f168,02/10/2011,12:00,Producer Price Index (YoY) (Jan),MEDIUM,NOK,22.2%,-,-,23.9%,
d4382bd4-159d-4a91-b5b2-80d18947ae73,02/10/2011,12:30,Industrial Production (MoM) (Dec),MEDIUM,GBP,0.6%,0.54,0.5%,-1% ,
0289ab47-688d-4457-bbdf-fd24d46e5d9e,02/10/2011,12:30,Industrial Production (YoY) (Dec),LOW,GBP,3.7%,0.00,3.7%,0.1% ,
55071291-25ad-4a7d-89df-e83405731634,02/10/2011,12:30,Manufacturing Production (MoM) (Dec),LOW,GBP,-0.1%,-5.88,0.5%,-0.6% ,
dbd30a88-1e48-45ab-b6e4-893156597a6b,02/10/2011,12:30,Manufacturing Production (YoY) (Dec),LOW,GBP,4.5%,-5.23,5.4%,-0.8% ,
ad93b1ff-3231-43c9-bd80-c1e515c25181,02/10/2011,14:00,Manufacturing Production Index (YoY) (Dec),LOW,ZAR,0.2%,-,-,4.6%,
afb2bfb6-e28b-435b-9882-c81e621b51e6,02/10/2011,15:00,BoE Interest Rate Decision,HIGH,GBP,0.5%,0,0.5%,0.5%,
ef748507-7355-4709-9e24-8d5b01440b46,02/10/2011,16:30,New Housing Price Index (MoM) (Dec),LOW,CAD,0.1%,-3.08,0.6%,0.3%,
577fd06e-5c79-4c34-b35e-d671372a9f39,02/10/2011,16:30,Continuing Jobless Claims,LOW,USD,3.91M,0.00,3.9M,3.925M,
a5c6be1e-e5ac-45cf-a5aa-a6b842469cb8,02/10/2011,16:30,Initial Jobless Claims,LOW,USD,385K,-1.00,411K,415K,
6fa14df6-b8e6-4cb3-a394-813b8b42b8eb,02/10/2011,18:00,NIESR GDP Estimate (3M) (Jan),MEDIUM,GBP,-0.2%,-,-,0.5% ,
e09af2f5-32aa-4b4c-aa6a-2ba33a972e1e,02/10/2011,18:00,Wholesale Inventories (Dec),LOW,USD,1.3%,0.70,0.7%,-0.2% ,
9c2cbadf-e5aa-4441-9f0a-7a232ed7e56e,02/10/2011,18:41,Budget Fulfilment (Jan),LOW,RUB,3.6%,-,-,-3.9%,
89f9957e-c491-473c-b068-bf51810744cd,02/10/2011,22:00,Monthly Budget Statement (Jan),LOW,USD,$-49.8B,1.34,$-69.5B,$-80B,
d313c8e5-2b50-47c3-a8b7-6d65ba65b2ac,02/11/2011,00:45,Food Price Index (MoM) (Jan),LOW,NZD,1.8%,-,-,-0.8%,
e9676843-f2d2-47ef-ae68-ab6e016216ae,02/11/2011,01:30,RBA's Governor Stevens speech,HIGH,AUD,,,,,SPEECH
55227038-481f-42d2-843a-ca237bfcece7,02/11/2011,02:58,Foreign Trade (Dec),MEDIUM,RUB,$15.44B,-,$12.5B,$10.9B,
73d383ba-73c8-4c5a-9f0f-ca7920d26132,02/11/2011,03:00,National Foundation Day,NONE,JPY,,,,,ALL DAY
a6dc7ea0-01ce-489c-88a9-c1937424754d,02/11/2011,08:30,Industrial Output (Dec),MEDIUM,INR,1.6%,-,-,6.4% ,
00a34355-b13a-403f-a49b-cdea44c34872,02/11/2011,08:30,Manufacturing Output (Dec),LOW,INR,1%,-,-,2.3%,
8d2a70bb-72dc-4905-968e-59eccef2bc81,02/11/2011,08:42,Cumulative Industrial Output (Dec),LOW,INR,8.6%,-,-,9.5%,
f5e6f9ee-cc09-4ef0-a409-49862130e189,02/11/2011,10:00,Consumer Price Index (MoM) (Jan),MEDIUM,EUR,-0.4%,1.34,-0.5%,-0.5%,
59a7e8b8-8557-4012-95fc-303881c270d4,02/11/2011,10:00,Consumer Price Index (YoY) (Jan),MEDIUM,EUR,2%,1.06,1.9%,1.9%,
966572e1-a87b-4aca-a65e-d1a6996cd83b,02/11/2011,11:00,Wholesale Price Index (MoM) (Jan),LOW,EUR,1.2%,-,-,1.4% ,
1f3d56c7-8eb7-45c5-a9c6-9a64ece28e27,02/11/2011,11:00,Wholesale Price Index (YoY) (Jan),LOW,EUR,9.4%,-,-,7.8% ,
a615e7d2-72f4-4365-be83-00adfdd5e293,02/11/2011,11:00,Core Inflation (MoM) (Jan),LOW,EUR,0.5%,-,-,-,
ed548dbc-3e71-4aa9-9704-b91d65e051b5,02/11/2011,11:00,Core Inflation (YoY) (Jan),LOW,EUR,1.6%,-,-,-,
589cc2b7-d097-48fa-b9cf-7bd9359dec14,02/11/2011,11:00,Headline Inflation (MoM) (Jan),LOW,EUR,1.9%,-,-,-,
d7d65fc1-0f8c-47d3-ab84-a7d7cf626225,02/11/2011,11:00,Headline Inflation (YoY) (Jan),LOW,EUR,3%,-,-,-,
5d7d1f0f-47b1-45c4-a776-7b3e72702e39,02/11/2011,12:00,Current Account (MoM) (Dec),MEDIUM,CZK,-4.69B,-,-12.85B,-1.98B,
5db4254c-0f43-4f17-928e-d0d816e3625d,02/11/2011,12:30,Producer Price Index - Input (MoM) n.s.a (Jan),MEDIUM,GBP,2.3%,1.01,1.4%,3.4% ,
d7e854bf-2818-4d6f-b1ec-4b9ab2d1da0d,02/11/2011,12:30,Producer Price Index - Input (YoY) n.s.a (Jan),MEDIUM,GBP,14.1%,1.36,12.7%,12.5% ,
2c4e3791-6181-46b1-af48-674028dac346,02/11/2011,12:30,Producer Price Index - Output (MoM) n.s.a (Jan),MEDIUM,GBP,1.1%,4.68,0.4%,0.5% ,
39a73574-22de-4754-8662-378fed719b8a,02/11/2011,12:30,Producer Price Index - Output (YoY) n.s.a (Jan),MEDIUM,GBP,5%,4.96,3%,4.2% ,
51f68e52-59c9-4e87-9afb-0a2db6d57cbe,02/11/2011,14:30,Bank Loan Growth,LOW,INR,23.2%,-,-,23.6%,
8162b3c2-357d-4ca7-b84d-060b045b49b7,02/11/2011,14:30,"FX Reserves, USD",LOW,INR,$299.42B,-,-,$299.395B,
96d988ab-b89b-40fa-8636-f10f80e95500,02/11/2011,14:30,M3 Money Supply,MEDIUM,INR,16.2%,-,-,16.6%,
616aaca5-bf03-407a-9797-9b5650c95c06,02/11/2011,16:00,Current Account (Dec),MEDIUM,PLN,"€-1,573M",-,-,"€-2,286M",
460fb86e-b106-46c5-92b4-e8dc8831f2b4,02/11/2011,16:30,International Merchandise Trade (Dec),MEDIUM,CAD,$1.71B,1.42,$-0.4B,$-0.51B,
2f8b3f53-ce4a-4491-94ca-467a798479e2,02/11/2011,16:30,Goods and Services Trade Balance (Dec),MEDIUM,USD,$-40.26B,0.03,$-40.4B,$-38.7B,
9aabd951-fd1a-4f93-b838-a91799b1031d,02/11/2011,17:55,Michigan Consumer Sentiment Index (Feb) PREL,MEDIUM,USD,75.1,0.29,74.6,74.5,
515d98c3-0cab-4242-bb19-c3a138c61593,02/11/2011,20:30,ECB's President Trichet speech,MEDIUM,EUR,,,,,SPEECH
255effb2-af84-4d53-911e-0cf576d4d0c7,02/14/2011,00:45,Retail Sales (QoQ) (Q4),MEDIUM,NZD,-0.4%,-,-,-0.2% ,
c8a993f3-bfb9-41c2-9d71-e7b6e10c7bf1,02/14/2011,00:45,Retail Sales ex Autos (QoQ) (Q4),MEDIUM,NZD,0%,-,-,0.2% ,
22cdb815-82eb-46a3-9b5d-f323c8410a70,02/14/2011,02:50,Gross Domestic Product (QoQ) (Q4) PREL,HIGH,JPY,-0.8%,-,-,1.1%,
348f36d2-6950-404a-9db0-8b25b546e15b,02/14/2011,02:50,Gross Domestic Product Annualized (Q4) PREL,HIGH,JPY,-1.1%,-,-,4.5%,
e2cc5274-b94a-4747-a044-16cbc56c6abc,02/14/2011,02:50,Gross Domestic Product Deflator (YoY) (Q1) PREL,LOW,JPY,-1.6%,-,-,-2.4%,
9989abff-46a0-4f57-8d95-8abf79432b05,02/14/2011,03:00,EcoFin Meeting,MEDIUM,EUR,,,,,ALL DAY
aa676b7a-a80a-48d0-b68a-2dbab15a603d,02/14/2011,03:30,Home Loans (Q4),LOW,AUD,2.1%,0.73,1%,1.8% ,
01864fb2-66e8-4f17-b1bc-0b4054957bf2,02/14/2011,09:15,Trade Balance USD (Jan),MEDIUM,CNY,$6.461B,-,$10.3B,$12.95B,
35217b41-1ab8-4f79-a2cb-69955165a7a3,02/14/2011,09:30,WPI Inflation (Jan),LOW,INR,8.23%,-,8.05%,8.43%,
30f0d219-9d14-4ec0-a2ab-ef64e0aee806,02/14/2011,11:00,Consumer Price Index (Jan),LOW,RON,7%,-,-,8%,
117d8bf0-3e3a-4b29-9a1b-ddfbd8036584,02/14/2011,13:00,Industrial Production s.a. (MoM) (Dec),MEDIUM,EUR,0.3%,0.65,-0.2%,0.9% ,
2b6f707c-8ae4-41d1-8636-52bca5fed90e,02/14/2011,13:00,Industrial Production w.d.a. (YoY) (Dec),MEDIUM,EUR,8.8%,0.67,8%,8% ,
1ac5c2de-7b92-49eb-a5ec-fae035ab15a5,02/14/2011,16:00,M3 Money Supply (YoY) (Jan),LOW,PLN,8.1%,-,9.2%,8.6%,
8160c76d-af03-4ddc-8cf1-5c064b120a65,02/14/2011,16:30,New Motor Vehicle Sales (MoM) (Dec),LOW,CAD,-4.8%,-,-,0.3%,
d0596052-bbf8-472b-99ea-05f897dee400,02/15/2011,03:00,EcoFin Meeting,MEDIUM,EUR,,,,,ALL DAY
c190480d-8583-42d6-81c6-88fcd477f5e7,02/15/2011,03:30,RBA Meeting Minutes,MEDIUM,AUD,,,,,REPORT
5e44d87c-f4b2-436e-8cc1-370ff92155c4,02/15/2011,05:00,Consumer Price Index (YoY) (Jan),MEDIUM,CNY,4.9%,-1.85,5.3%,4.6%,
769f17de-0f17-462e-99c8-90fb059c8037,02/15/2011,05:00,Producer Price Index (YoY) (Jan),MEDIUM,CNY,6.6%,1.33,6.4%,5.9%,
4798937e-f33b-46af-9b46-f8fe2a9496f9,02/15/2011,06:42,BoJ Interest Rate Decision,HIGH,JPY,0.1%,0,0.1%,0.1%,
0674062b-ca3d-477d-a087-3cea224e1998,02/15/2011,07:30,Capacity Utilization (Dec),LOW,JPY,3%,-,-,2.2% ,
3e923796-f389-44ec-a874-b4bd28684b02,02/15/2011,07:30,Industrial Production (MoM) (Dec),MEDIUM,JPY,3.3%,0.20,3.1%,3.1%,
17acc95f-700c-49d4-aa9f-564f80ce79d8,02/15/2011,07:30,Industrial Production (YoY) (Dec),MEDIUM,JPY,4.9%,-,-,4.6%,
047a65a7-4f46-4499-88bf-b9ecdf4eff5c,02/15/2011,10:00,Gross Domestic Product (QoQ) (Q4) PREL,HIGH,EUR,0.4%,-0.27,0.5%,0.8%,
4edfc888-c2ca-4f24-9c4e-228a9a3b916f,02/15/2011,10:00,Gross Domestic Product (YoY) (Q4) PREL,LOW,EUR,4%,-,-,3.9%,
daf4740e-6fd7-4937-9eff-fd46efa0e321,02/15/2011,10:00,Gross Domestic Product w.d.a (YoY) (Q4) PREL,LOW,EUR,4%,-,-,3.9%,
b7235212-171b-442d-bfc3-f000352c5bc0,02/15/2011,10:00,Gross Domestic Product (MoM) (Dec),HIGH,EUR,0.3%,-,-,0.7%,
93e9d684-bbc4-486c-ba85-bb01b1bdd28d,02/15/2011,10:00,Gross Domestic Product (YoY) (Dec),HIGH,EUR,7.3%,-,-,7.5%,
b670a545-5e05-4f57-9187-8cd219682335,02/15/2011,10:22,M2 Money Supply (YoY) (Jan),MEDIUM,CNY,17.2%,-,-,19.7%,
5ca9267a-b69d-45f3-911c-373ac8b08e79,02/15/2011,11:00,Export Prices (YoY) (Dec),LOW,CZK,2.3%,-,-,0.8%,
8f3f1087-4667-4a66-890b-15bf45ebc471,02/15/2011,11:00,Import Prices (YoY) (Dec),LOW,CZK,5.9%,-,-,4.3%,
0536a8c7-c96d-479a-a928-c6ba1615865c,02/15/2011,11:00,Producer Price Index (MoM) (Jan),MEDIUM,CZK,1.4%,-,1%,1%,
8c0543a1-f401-4df0-b104-c6917e4c6f59,02/15/2011,11:00,Producer Price Index (YoY) (Jan),MEDIUM,CZK,4.6%,-,4.2%,3.6%,
cb93f1a1-1267-4e4e-b337-f8e4efb21af8,02/15/2011,11:00,Current Account (Dec),MEDIUM,EUR,€0.8B,-,-,€0.5B,
bdc54507-e6cb-41f7-9909-cd4f2956cfa0,02/15/2011,11:00,Consumer Price Index (YoY) (Jan),MEDIUM,HUF,4%,-,4.3%,4.7%,
95da3925-6fd4-40df-9b10-a3c0458128ee,02/15/2011,11:00,Core Consumer Price Index (YoY) (Jan),MEDIUM,HUF,1.7%,-,-,1.9% ,
640ae733-1d84-4fd6-a4e0-e1aa2bcc73ef,02/15/2011,11:00,Gross Domestic Product (YoY) (Q4),LOW,HUF,2%,-,1.7%,1.7%,
05c7f214-8365-4719-971c-132212fe60a0,02/15/2011,11:00,Gross Domestic Product (Q4),HIGH,RON,-0.6%,-,-,-2.5%,
58ff67be-a1ae-4bcb-b44b-0b5cb580fe52,02/15/2011,11:15,Real GDP Growth,NONE,EUR,3.6%,-,-,-4.7%,
e9c7abbe-9b65-48cb-8666-b2dccdc8cc95,02/15/2011,11:30,Gross Domestic Product n.s.a (YoY) (Q4),LOW,EUR,2.4%,-,-,-,
1ffc1902-a5d8-472b-83e5-15c5172f05a2,02/15/2011,11:30,Gross Domestic Product s.a (QoQ) (Q4),LOW,EUR,0.6%,-,-,-,
b3194a1c-cbf9-4488-96cc-4d6a017f2ac9,02/15/2011,11:30,Retail Sales (YoY) (Jan),LOW,EUR,0.7%,-,-,-,
8de96331-645b-4a85-a76f-5648f8401af9,02/15/2011,11:30,Capacity Utilization (Q4),MEDIUM,SEK,0.2%,-,-,1.7%,
3f9e0aeb-3340-4e19-9822-17f097d85a49,02/15/2011,11:30,Riksbank Interest Rate Decision,NONE,SEK,1.5%,-,-,1.25%,
b53c63a8-d631-4c1a-90b3-33f8455fa44f,02/15/2011,12:00,Trade Balance (Jan),MEDIUM,NOK,36.5B,-,-,35.6B,
5a82efa9-e0ac-4b07-b7ed-0fd8cf6128b6,02/15/2011,12:30,Consumer Price Index (MoM) (Jan),MEDIUM,GBP,0.1%,0.00,0.1%,1%,
affe6560-11ae-4fba-a5d2-e34266870a0e,02/15/2011,12:30,Consumer Price Index (YoY) (Jan),MEDIUM,GBP,4%,-0.74,4.1%,3.7%,
72e10770-9eee-48bf-b1db-f0cfcaa8d919,02/15/2011,12:30,Core Consumer Price Index (YoY) (Jan),MEDIUM,GBP,3%,-,-,2.9%,
a941b89f-2e46-4326-9dea-59b85507a5f9,02/15/2011,12:30,DCLG House Price Index (YoY) (Dec),LOW,GBP,3.8%,-0.64,4.3%,4%,
803d43f7-4c91-45f9-9ae4-a685c63b327c,02/15/2011,12:30,Retail Price Index (MoM) (Jan),LOW,GBP,0.3%,0.89,0.2%,0.7%,
eba8bb30-ae78-4d83-990b-83b2db444550,02/15/2011,12:30,Retail Price Index (YoY) (Jan),LOW,GBP,5.1%,-2.24,5.3%,4.8%,
b038015b-5e22-4f4f-a5e9-571781d26727,02/15/2011,13:00,ZEW Survey – Current Situation (Feb),LOW,EUR,85.2,0.47,83,82.8,
01a023c6-85f8-4235-bc66-f52097b9e2bd,02/15/2011,13:00,ZEW Survey – Economic Sentiment (Feb),LOW,EUR,15.7,-0.55,20.3,15.4,
2a8db435-167a-4083-b339-6629071199aa,02/15/2011,13:00,Gross Domestic Product s.a. (QoQ) (Q4) PREL,HIGH,EUR,0.3%,-2.04,0.4%,0.3%,
67c7be38-0684-4bce-849e-397131964c4f,02/15/2011,13:00,Gross Domestic Product s.a. (YoY) (Q4) PREL,HIGH,EUR,2%,-1.15,2.1%,1.9%,
33cc64f4-65f9-4032-8d84-3e4c640c2617,02/15/2011,13:00,Trade Balance n.s.a. (Dec),MEDIUM,EUR,€-1.4B,-0.63,€1.1B,€-2.5B,
0fe17b68-42d5-4caf-b642-6d3fa4e382bd,02/15/2011,13:00,Trade Balance s.a. (Dec),MEDIUM,EUR,€-1.8B,-0.41,€-0.9B,€-3.5B,
f23fe290-e50b-4676-a242-6e70358bda14,02/15/2011,13:00,ZEW Survey – Economic Sentiment (Feb),LOW,EUR,29.5,-0.22,31.3,25.4,
b8b6bc04-002d-41ef-948b-a523944025ea,02/15/2011,14:00,Retail Sales (MoM) (Dec),MEDIUM,BRL,0.2%,-,-,1.1%,
f3de87b6-5f4c-438b-8ce7-c456657688b2,02/15/2011,16:00,Consumer Price Index (MoM) (Jan),MEDIUM,PLN,1.2%,-,7.5%,0.4%,
651d3056-78bc-420a-a82c-6177cba24b2c,02/15/2011,16:00,Consumer Price Index (YoY) (Jan),MEDIUM,PLN,3.8%,-,-,3.1%,
51b8fb2c-b6a1-43be-8d2e-1d3d708ef597,02/15/2011,16:30,Export Price Index (MoM) (Jan),LOW,USD,1.2%,-,0.6%,0.7%,
a680b7e3-4fbb-49bf-b395-fdcb79790183,02/15/2011,16:30,Import Price Index (MoM) (Jan),LOW,USD,1.3%,1.11,0.9%,1.4% ,
96afeab4-cafc-4887-aa1a-de2f0a48c142,02/15/2011,16:30,Import Price Index (YoY) (Jan),LOW,USD,5.3%,0.39,4.4%,5.3% ,
546f8cc9-9e29-49fb-aec2-42c86d5fb2ad,02/15/2011,16:30,NY Empire State Manufacturing Index (Feb),LOW,USD,15.43,0.01,15.3,9.6,
cd83c57e-8dee-4f0c-9ee1-421d67702bd4,02/15/2011,16:30,Retail Sales (MoM) (Jan),MEDIUM,USD,0.7%,0.86,0.5%,0.5%,
1ac4ade2-5bf5-4574-928f-3ef686a8bade,02/15/2011,16:30,Retail Sales ex Autos (MoM) (Jan),MEDIUM,USD,0.6%,0.00,0.6%,0.6% ,
71c4db8a-a618-4a15-b70b-c5afba0e4111,02/15/2011,17:00,Industrial Output (Jan),MEDIUM,RUB,6.7%,-,5.9%,6.3%,
e3dfaafa-bca0-4147-8191-cf9e43618b84,02/15/2011,17:00,Net Long-Term TIC Flows (Dec),MEDIUM,USD,$62.5B,-0.87,$91.3B,$84.4B,
4e4258f7-2049-4448-a5c6-b947f6c06b5e,02/15/2011,17:00,Total Net TIC Flows (Dec),MEDIUM,USD,$49.7B,-,-,$30B,
1c40823b-5018-4936-9531-6f017f8f9b4b,02/15/2011,18:00,Business Inventories (Dec),LOW,USD,1.1%,0.80,0.8%,0.8% ,
e5b4eadc-850d-44bf-935f-d88b89def55b,02/15/2011,18:00,NAHB Housing Market Index (Feb),LOW,USD,16,-,-,16,
96ee54ec-cdfa-40c4-a547-dafc974574a6,02/15/2011,21:00,Treasury's Geithner speech,MEDIUM,USD,,,,,SPEECH
7e7969e2-1391-4d68-9717-0f421ce2584a,02/16/2011,02:30,Westpac Leading Index (MoM) (Jan),LOW,AUD,0.27%,-,-,0.04%,
3062a120-3b84-4071-ab95-0a0d2b705a22,02/16/2011,02:50,Tertiary Industry Index (MoM) (Dec),MEDIUM,JPY,-0.8%,-0.65,-0.5%,0.6%,
f8b504dd-b883-4f64-a58e-85353e0f7602,02/16/2011,03:01,Nationwide Consumer Confidence (Jan),MEDIUM,GBP,48,-0.18,49,53,
42f195a4-1d45-443e-9e97-558e2c0678ae,02/16/2011,03:30,New Motor Vehicle Sales (MoM) (Jan),LOW,AUD,-2.4%,-,-,0.8% ,
542e931e-698a-475c-9398-09394fd849a7,02/16/2011,03:30,New Motor Vehicle Sales (YoY) (Jan),LOW,AUD,-2.8%,-,-,-3.1%,
a2c574b3-3304-4e81-8537-5734a6873122,02/16/2011,08:00,BoJ Monthly Economic Survey,MEDIUM,JPY,,,,,REPORT
bb19bf37-e84e-4219-b62b-6a82304ae2b5,02/16/2011,11:00,Consumer Price Index (MoM) (Jan),MEDIUM,ZAR,0.4%,-,-,0.2%,
95dc2441-a3e4-4412-8c20-cf2152cf3f9c,02/16/2011,11:00,Consumer Price Index (YoY) (Jan),MEDIUM,ZAR,3.7%,-,-,3.5%,
a4acbbda-08fc-41db-84bf-c834bd5c9130,02/16/2011,12:30,Average Earnings Excluding Bonus (3Mo/Yr) (Dec),LOW,GBP,2.3%,0.00,2.3%,2.3%,
0538c039-e8dc-4189-93f3-6e9306afa060,02/16/2011,12:30,Average Earnings Including Bonus (3Mo/Yr) (Dec),LOW,GBP,1.8%,-1.12,2%,2.2% ,
e2f507e2-f107-442a-b1a8-dce7cac2f9b0,02/16/2011,12:30,Claimant Count Rate (Jan),MEDIUM,GBP,4.5%,0.00,4.5%,4.4% ,
5abe4c55-2d42-4a72-b928-505245797574,02/16/2011,12:30,ILO Unemployment Rate (3M) (Dec),HIGH,GBP,7.9%,0.00,7.9%,7.9%,
f2d5904b-0fd5-4419-9d43-7b4f4a252fe7,02/16/2011,12:30,Claimant Count Change (Jan),MEDIUM,GBP,1.5K,0.70,-3K,1.6K,
9a23e2f5-e87d-4f4b-b56c-d53534edf4b8,02/16/2011,13:00,Unemployment Rate (Q4),LOW,EUR,11.1%,-,-,-,
aeda43cc-c908-431a-a8ce-7ae9349b7286,02/16/2011,13:30,BoE Monetary Policy Report,HIGH,GBP,,,,,REPORT
a41f89ac-4f48-40bf-9d9f-cf6e9aeda229,02/16/2011,13:30,BoE's Governor King speech,HIGH,GBP,,,,,IN PROGRESS
eae3cdae-9899-4700-bc48-2e06d03daed5,02/16/2011,14:00,Retail Sales (YoY) (Dec),MEDIUM,ZAR,8.3%,-,-,7.8%,
84aa52aa-6ae7-4bd2-8348-c1bc430bd8a0,02/16/2011,15:00,MBA Mortgage Applications,LOW,USD,-9.5%,-,-,-5.5%,
4de3f4fe-9296-49dd-9597-5b4002929a2b,02/16/2011,16:00,Corporate Sector Wages (Jan),LOW,PLN,5%,-,5.1%,5.4%,
b26b128a-5f7c-4458-82b1-c7ab3e1dc3dd,02/16/2011,16:30,Canadian Portfolio Investment in Foreign Securities (Dec),LOW,CAD,$1.94B,-,-,$2.88B,
8c90ff52-679f-4c1d-a479-3832e680ed09,02/16/2011,16:30,Foreign Portfolio Investment in Canadian Securities (Dec),LOW,CAD,$9.4B,0.40,$7.22B,$8.14B,
8ce2d28c-b0dc-45c8-8e88-a9765d824c9a,02/16/2011,16:30,Leading Indicators (MoM) (Jan),LOW,CAD,0.4%,0.45,0.3%,0.5% ,
a445cd24-752c-4f6b-8d27-956e0be83d09,02/16/2011,16:30,Manufacturing Sales (MoM) (Dec),LOW,CAD,0.6%,-1.72,2.5%,-1.5% ,
af3b965c-315b-4e56-89e3-bf85786fe5d3,02/16/2011,16:30,Building Permits (MoM) (Jan),LOW,USD,0.568M,-0.05,0.57M,0.632M,
457f7e33-cb0b-4017-a02d-b688afa07843,02/16/2011,16:30,Housing Starts (MoM) (Jan),LOW,USD,0.618M,1.77,0.55M,0.539M,
039c312a-121b-49c8-880a-fb5acc84b563,02/16/2011,16:30,Producer Price Index (MoM) (Jan),MEDIUM,USD,0.8%,-0.46,0.9%,0.3% ,
b305c3e9-3308-4bab-b90b-9866a96bb560,02/16/2011,16:30,Producer Price Index (YoY) (Jan),MEDIUM,USD,3.6%,0.48,3.5%,2.8% ,
039f51e3-bac6-4d0c-83f9-310b2c7875f0,02/16/2011,17:15,Capacity Utilization (Jan),MEDIUM,USD,76.8%,0.42,76.6%,75.6% ,
eec7e0ed-89eb-45bd-86da-dbd5c4248434,02/16/2011,17:15,Industrial Production (MoM) (Jan),MEDIUM,USD,0.3%,-0.95,0.7%,1% ,
b65cc76a-46c9-4144-b931-9ddbf5346c88,02/16/2011,18:00,Treasury's Geithner speech,MEDIUM,USD,,,,,SPEECH
a7aad3d7-897a-4027-b900-9f2022a7b4d4,02/16/2011,18:30,EIA Crude Oil Stocks Change,LOW,USD,0.86M,-,-,1.9M,
9bb2dbe6-3c0b-4aa2-8df2-c144555cb88d,02/16/2011,22:00,FOMC Minutes,MEDIUM,USD,,,,,REPORT
53e787df-4cee-42ba-9bc4-fce0afa4dd3e,02/16/2011,22:00,Treasury's Geithner speech,MEDIUM,USD,,,,,SPEECH
f9c923c9-d53b-446e-b77e-8cfab8e2e961,02/17/2011,00:30,Business NZ PMI (Jan),LOW,NZD,53.2,-,-,53.2,
5a00f309-0a89-42f7-83a1-c1288d4dae18,02/17/2011,00:45,Producer Price Index - Input (QoQ) (Q4),LOW,NZD,0.9%,0.71,0.4%,0.7%,
3849833b-16aa-49c5-b229-7fbd7f92afee,02/17/2011,00:45,Producer Price Index - Output (QoQ) (Q4),LOW,NZD,0.2%,-,-,1.2%,
274c6182-52f5-4175-89f4-f9dbbe00a14b,02/17/2011,03:00,Unemployment Rate (Jan),MEDIUM,RUB,7.6%,-,7.35%,-,
75899adc-dba8-4d92-861e-8301bb383fc1,02/17/2011,06:54,FDI - Foreign Direct Investment (YTD) (YoY) (Jan),LOW,CNY,23.4%,-,-,15.6% ,
2c2d982c-8a98-4778-837b-73bbff6b44ba,02/17/2011,10:00,Export Prices (YoY) (Jan),LOW,EUR,7.6%,-,-,6.9%,
ece75744-b2c5-439e-9546-6a4607738754,02/17/2011,10:00,Import Prices (YoY) (Jan),LOW,EUR,11.3%,-,-,11.2%,
79eeb418-ee3c-4b14-add4-cc9a97083a59,02/17/2011,10:00,Producer Price Index (YoY) (Jan),MEDIUM,EUR,7.2%,-,-,7.8%,
489a1bbd-9ef9-4408-afe1-4b7542caa9f4,02/17/2011,11:30,Unemployment Rate s.a (3M) (Jan),LOW,EUR,5.1%,-,-,5.1%,
7df548fc-4f5e-4ce5-abc6-b26c5d72feb5,02/17/2011,11:30,Consumer Price Index (MoM) (Jan),MEDIUM,SEK,-0.5%,-,-,0.7%,
1ba814ae-1f7b-449b-958d-cc3c60357f50,02/17/2011,11:30,Consumer Price Index (YoY) (Jan),MEDIUM,SEK,2.5%,-,-,2.3%,
fd71af9e-6335-41a6-9248-3b502a309e3d,02/17/2011,11:30,Unemployment Rate (Jan),HIGH,SEK,8.2%,-,-,7.4%,
95b2c698-dd45-4e9d-9c02-344bd629fb6b,02/17/2011,12:00,Current Account n.s.a (Dec),MEDIUM,EUR,€1B,-,-,€0.2B,
73bc1afc-4458-4599-b102-e41d60a617c0,02/17/2011,12:00,Current Account s.a (Dec),MEDIUM,EUR,€-12.5B,-1.40,€-8.2B,€-4.4B,
73905782-b732-4fb7-a66b-8851f12ac8c5,02/17/2011,12:00,Gross Domestic Product Growth (Q4),LOW,NOK,2.3%,-,-,-1.6%,
595b33d4-a045-46c8-82b3-01c444074b33,02/17/2011,12:00,Gross Domestic Product Growth Mainland (Q4),LOW,NOK,0.3%,-,-,0.9%,
b33e09fa-5729-4098-9524-17c088034caa,02/17/2011,12:00,Producer Price Index (MoM) (Jan),MEDIUM,RUB,2.1%,-,-,-,
7841671f-b398-4fc3-8ef8-8519cff39ab2,02/17/2011,12:00,Producer Price Index (YoY) (Jan),MEDIUM,RUB,19.4%,-,-,-,
145d3fa5-6c70-4508-8b01-d3c8c29bd452,02/17/2011,12:30,BoE's Sentance Speech,MEDIUM,GBP,,,,,IN PROGRESS
e76d5266-761e-49e2-84a6-041c1a1e44b8,02/17/2011,13:00,ZEW Survey – Expectations (Feb),LOW,CHF,-17.2,-,-,-18.4,
ebd9a17f-8881-41cc-8ffa-6e328ea7c74e,02/17/2011,13:00,Construction Output s.a (MoM) (Dec),LOW,EUR,-0.2%,-,-,-1.6% ,
caefb77a-3db3-4cac-a74b-b88447b3f558,02/17/2011,13:00,Construction Output w.d.a (YoY) (Dec),LOW,EUR,-12%,-,-,-4.1% ,
43f57bc2-78c9-41e0-a8f5-928810d3a9dd,02/17/2011,14:00,CBI Industrial Trends Survey – Orders (MoM) (Feb),LOW,GBP,-8%,-0.31,-5%,-16%,
4c8f6c86-a5e4-46ed-ac03-8b2075e498f4,02/17/2011,16:30,Wholesale Sales (MoM) (Dec),LOW,CAD,0.9%,-1.76,1.9%,0.9% ,
21994442-4d1c-4308-a36b-528765e8d38c,02/17/2011,16:30,Consumer Price Index (MoM) (Jan),MEDIUM,USD,0.4%,0.00,0.4%,0.4%,
4f9d164b-7ffb-40b0-915c-9bc66a7e1e1e,02/17/2011,16:30,Consumer Price Index (YoY) (Jan),MEDIUM,USD,1.6%,0.00,1.6%,1.5%,
39b68808-ebd5-49bf-b2fa-886318dfdde4,02/17/2011,16:30,Consumer Price Index ex Food & Energy (MoM) (Jan),MEDIUM,USD,0.2%,-,-,0.1%,
fd06b29c-79ea-4f18-aaab-b118acd00177,02/17/2011,16:30,Consumer Price Index ex Food & Energy (YoY) (Jan),MEDIUM,USD,1%,-,-,0.7% ,
1fc40663-983f-4d52-8835-e003386d162c,02/17/2011,16:30,Continuing Jobless Claims,LOW,USD,3.935M,0.00,3.895M,3.888M,
5d2d6e62-8bd4-4c3c-9aff-7f5ba2efb325,02/17/2011,16:30,Initial Jobless Claims,LOW,USD,413K,0.39,401K,383K,
1d4defd3-a8e5-416a-a639-c375aa72c221,02/17/2011,17:30,BoC Review (Q4),LOW,CAD,,,,,REPORT
da128efc-cf09-4248-961c-f698ea320470,02/17/2011,18:00,Consumer Confidence (Feb) PREL,MEDIUM,EUR,-9.9,0.86,-11,-11.2,
93cb146e-a33d-40a1-81df-b3d87d20c474,02/17/2011,18:00,Fed's Chair Bernanke testifies,HIGH,USD,,,,,SPEECH
47f4b6eb-8926-4d49-a620-c1f399b05517,02/17/2011,18:00,Philadelphia Fed Manufacturing Survey (Feb),MEDIUM,USD,35.9,1.95,21.4,16.5,
b255dc2f-3f03-4851-affb-30d44806339e,02/18/2011,02:50,BoJ Monetary Policy Meeting Minutes,MEDIUM,JPY,,,,,REPORT
694cc44d-410f-4de9-9fd4-2b089f2e7fc4,02/18/2011,03:00,G20 Meeting,MEDIUM,EUR,,,,,ALL DAY
fd08de02-540e-4605-b81e-010608b587f5,02/18/2011,03:30,RBA Foreign Exchange Transaction (Jan),LOW,AUD,326M,-,-,855M,
4ab1948f-7d2b-45e6-9df2-5f4709085b47,02/18/2011,08:00,Coincident Index (Dec),LOW,JPY,104,-,-,103.1,
4af98fc0-e2aa-4e74-bf8e-f11bcd8d86a0,02/18/2011,08:00,Leading Economic Index (Dec),LOW,JPY,100,-,-,101.4,
76dce98f-24fe-44c5-958c-945e594ccd64,02/18/2011,09:45,Business Climate in Manufacturing (Jan),LOW,EUR,106,-,-,108,
41345b82-464d-4db3-9023-5e140bcd6e14,02/18/2011,10:00,Producer Price Index (MoM) (Jan),MEDIUM,EUR,1.2%,3.35,0.6%,0.6% ,
e2014817-aaee-443d-bc34-ed913f567f25,02/18/2011,10:00,Producer Price Index (YoY) (Jan),MEDIUM,EUR,5.7%,2.48,5.1%,4.9% ,
a9c1ab69-8ddd-49ae-892f-3b34d9e2ff97,02/18/2011,10:00,Gross Domestic Product (QoQ) (Q4),LOW,EUR,0.2%,-,-,-,
de94b99c-d4b7-44e3-b8ce-b09b394df70d,02/18/2011,10:00,Gross Domestic Product (YoY) (Q4),LOW,EUR,0.6%,-,-,-,
41bc4d55-0665-4fef-aa84-0883d3ffcd16,02/18/2011,11:00,Consumer Price Index (YoY) (Jan),MEDIUM,EUR,3%,-,-,2.5% ,
36fc647b-ae06-410b-9172-c1c6560fb38c,02/18/2011,11:00,Gross Wages (YoY) (Dec),LOW,HUF,-4.6%,-,-,-1.2%,
ce2c7c06-bb09-4cea-90fc-0a0cf227d443,02/18/2011,11:30,Consumer Confidence Adj (Feb),MEDIUM,EUR,-5,-,-,-8,
fc2005c5-2688-42dc-8bf9-470ec18f54d7,02/18/2011,12:30,Retail Sales (MoM) (Jan),MEDIUM,GBP,1.5%,1.28,0.6%,-1.9% ,
d5a8c7d5-d658-43d3-9039-d198506d883b,02/18/2011,12:30,Retail Sales (YoY) (Jan),MEDIUM,GBP,5.1%,1.48,4%,-2.7% ,
67cd0b9f-386e-4ca6-8e58-8ea4c08ce8c3,02/18/2011,12:40,Mortgage Approvals (Jan) PREL,LOW,GBP,41K,-1.45,46K,58K,
b92ace0b-b6af-4ab4-8f0d-9234a11f2bfd,02/18/2011,13:00,Unemployment Rate (Jan),LOW,EUR,12.98%,-,-,-,
3314eaad-1a6d-4869-9a0c-e2885a2a73f7,02/18/2011,14:30,"FX Reserves, USD",LOW,INR,$298.66B,-,-,$299.415B,
426a3d14-37e8-436f-afe7-403754a055c7,02/18/2011,15:00,BoC Consumer Price Index Core (MoM) (Jan),MEDIUM,CAD,0%,-1.03,0.2%,-0.3%,
d3b0611e-9eb1-4e79-a9c4-b20902efc88e,02/18/2011,15:00,BoC Consumer Price Index Core (YoY) (Jan),MEDIUM,CAD,1.4%,-1.21,1.5%,1.5%,
d6fede57-aaf2-4217-912f-2740c434cf13,02/18/2011,15:00,Consumer Price Index (MoM) (Jan),LOW,CAD,0.3%,0.00,0.3%,0%,
da18d923-863d-49e4-866a-46a614949b0d,02/18/2011,15:00,Consumer Price Index (YoY) (Jan),LOW,CAD,2.3%,-0.92,2.4%,2.4%,
9d26dbfe-e3b5-44c1-a67c-093b3096650d,02/18/2011,16:00,Industrial Output (YoY) (Jan),MEDIUM,PLN,10.3%,-,10.35%,11.5%,
61b345b3-6d10-4856-b067-1fc352520076,02/18/2011,16:00,Producer Price Index (YoY) (Jan),MEDIUM,PLN,6.2%,-,-,6.1%,
15094287-c843-4159-afbc-7cffb5a0d23c,02/18/2011,16:00,Former Fed's Chair Bernanke speech,MEDIUM,USD,,,,,SPEECH
8f47f03d-ad82-40cf-9251-a10d338f7131,02/18/2011,16:20,BoE's Governor King speech,MEDIUM,GBP,,,,,IN PROGRESS
71fbf72e-3af4-4ea0-addb-5be7f4c9a249,02/18/2011,17:45,Treasury's Geithner speech,MEDIUM,USD,,,,,SPEECH
c9991332-f40e-4dd0-8d06-c14bd646e09a,02/19/2011,03:00,G20 Meeting,MEDIUM,EUR,,,,,ALL DAY
bdb963c0-01c3-4c3e-98e9-ed31f77d04af,02/21/2011,03:00,Presidents' Day,NONE,USD,,,,,ALL DAY
3448026d-8ae5-4c42-b647-279cce8e747c,02/21/2011,03:01,Rightmove House Price Index (MoM) (Feb),MEDIUM,GBP,3.1%,-,-,0.6% ,
8b0decb8-417f-460d-bdb8-b7073111293a,02/21/2011,03:01,Rightmove House Price Index (YoY) (Feb),MEDIUM,GBP,0.3%,-,-,0% ,
0ff16364-e235-4476-bb97-6ab917e7d2ec,02/21/2011,05:30,RatingDog Manufacturing PMI (Feb) PREL,LOW,CNY,-,-,-,-,
43a24a4c-d724-446a-a548-1ada6a9bc382,02/21/2011,07:30,All Industry Activity Index (MoM) (Dec),LOW,JPY,-0.3%,-2.95,0.1%,-0.1% ,
0316ff60-c4e6-4aa5-a24e-81feb236c76c,02/21/2011,11:30,HCOB Manufacturing PMI (Feb) PREL,MEDIUM,EUR,-,1.48,60.3,-,
3dbbaa0d-526c-4059-b54e-53b7c48d48f5,02/21/2011,11:30,HCOB Services PMI (Feb) PREL,MEDIUM,EUR,-,-1.30,60.3,-,
432b8864-4291-485d-8b14-d5826e302bee,02/21/2011,11:30,Consumer Confidence (Feb),MEDIUM,DKK,-0.5,-,-,3.3,
e7fd9471-ed9d-47c9-8df8-49d9a31b53db,02/21/2011,11:30,Business Confidence (Feb),LOW,EUR,1.7,-,-,2.7,
6ad8ee06-12fb-4ecd-bb9a-31402955f490,02/21/2011,12:00,IFO – Business Climate (Feb),MEDIUM,EUR,111.3,1.87,110.3,101.5,
ca2c46c3-3ff2-42e6-b973-5a262bb5d0eb,02/21/2011,12:00,IFO – Current Assessment (Feb),MEDIUM,EUR,114.8,-,-,99.5,
a382e5e7-ab5e-40d1-adff-8b583f97cf56,02/21/2011,12:00,IFO – Expectations (Feb),MEDIUM,EUR,107.9,-,-,103.6,
4bb54ff2-abf5-4a22-979c-aa3e40b11d23,02/21/2011,12:00,HCOB Manufacturing PMI (Feb) PREL,MEDIUM,EUR,-,2.73,57.3,-,
e8ee04f1-6a85-4e30-8fe4-067a9c47a219,02/21/2011,12:00,HCOB Services PMI (Feb) PREL,MEDIUM,EUR,-,1.31,56,-,
4559c00f-1c17-43cc-bc39-6ed2be0acfc3,02/21/2011,16:00,Gross Domestic Product (QoQ) (Q4),LOW,MXN,1.3%,-,-,-,
e0e31036-3728-43e7-ba32-7be55d2e5308,02/21/2011,16:00,Gross Domestic Product (YoY) (Q4),LOW,MXN,4.6%,-,-,-,
36fcf6b3-7bf9-406c-98a4-d005fc1bc82e,02/21/2011,16:07,MNB Interest Rate Decision,MEDIUM,HUF,6%,-,-,6%,
f7e61479-a18c-4ae4-afbc-39493b39b4ff,02/22/2011,05:00,RBNZ Inflation Expectations (QoQ) (Q1),MEDIUM,NZD,2.6%,-,-,2.6%,
1de289ed-8c19-4cf3-86dc-dde434e203d1,02/22/2011,10:00,UBS Consumption Indicator (Jan),LOW,CHF,1.66,-,-,1.84,
08d357e7-fbd1-4bdf-8e0d-222488bb8ffd,02/22/2011,10:00,GfK Consumer Confidence Survey (Mar),MEDIUM,EUR,6,-,-,5.7,
22414ee9-5f30-4b3a-894a-4e88d1717fee,02/22/2011,10:00,Unemployment Rate (Jan),LOW,EUR,8%,-,-,8.2%,
615cf2a8-f650-4a6c-85cc-8a0720aa1a2e,02/22/2011,10:15,Trade Balance (Jan),LOW,CHF,"2,044M",0.81,"1,300M","1,283M",
5dfbacae-a53f-4519-9b66-d3877a82a604,02/22/2011,12:30,Public Sector Net Borrowing (Jan),LOW,GBP,£-6.305B,-2.38,£-0.7B,£15.702B,
a9210330-4620-4b47-8ec8-46c56e71d966,02/22/2011,12:30,Gross Domestic Product (QoQ) (Q4),MEDIUM,ZAR,4.5%,-,-,1.24% ,
f771304d-f09f-4fe3-a719-69573e23c6ed,02/22/2011,12:30,Gross Domestic Product (YoY) (Q4),LOW,ZAR,3.8%,-,-,2.6% ,
8c76716b-7295-48e3-a4ff-c42bc32c594d,02/22/2011,13:00,RBA's Governor Stevens speech,LOW,AUD,,,,,SPEECH
feecaeee-6f8d-48be-8265-7efd41760bff,02/22/2011,15:00,Mid-month Inflation (Jan),HIGH,BRL,0.97%,-,-,0.76%,
c06ab7fb-22cf-4ef1-b0ad-424a5248d941,02/22/2011,16:30,Retail Sales (MoM) (Dec),HIGH,CAD,-0.2%,-,-,1.9% ,
1007893d-c806-4ff4-b2c3-4c7019fc53bf,02/22/2011,16:30,Retail Sales ex Autos (MoM) (Dec),LOW,CAD,0.6%,-0.27,0.7%,1.3% ,
2f922275-17b7-4637-90c0-a8d6a8bc6e9c,02/22/2011,17:00,S&P/Case-Shiller Home Price Indices (YoY) (Dec),LOW,USD,-2.4%,-0.83,-2.1%,-1.6%,
c15e6fd5-27e3-4fb6-81c9-45d7a1616c13,02/22/2011,18:00,Consumer Confidence (Feb),HIGH,USD,72,1.78,63,60.6,
b172a4f6-4ce3-4b9e-8c56-8faff30bb1b6,02/22/2011,18:00,Richmond Fed Manufacturing Index (Feb),MEDIUM,USD,25,1.03,17,14,
0a7c6594-34a6-4198-9410-43c0a8bcac74,02/23/2011,02:50,Adjusted Merchandise Trade Balance (Jan),LOW,JPY,¥268.828B,-7.46,¥845B,¥580B,
22b4bd14-c9a3-4fe3-80d9-6a40ac583691,02/23/2011,02:50,Corporate Service Price Index (YoY) (Jan),LOW,JPY,-1.2%,-,-,-1.3% ,
adbf115b-4712-4d4c-929a-63e8b19f529f,02/23/2011,02:50,Merchandise Trade Balance Total (Jan),LOW,JPY,¥-471.4B,-2.70,¥170.9B,¥719.6B,
0d89d876-dd67-4134-b259-74077df79b0d,02/23/2011,03:30,Construction Work Done (Q4),LOW,AUD,1.4%,-0.05,1.5%,-2.4% ,
308bf509-7159-46b5-bb76-16bb740e142d,02/23/2011,03:30,Wage Price Index (QoQ) (Q4),LOW,AUD,0.9%,0.00,0.9%,1.1% ,
cff47496-9807-41e5-af51-6587d18eeaf7,02/23/2011,03:30,Wage Price Index (YoY) (Q4),LOW,AUD,3.8%,0.00,3.8%,3.6%,
38640597-2dfc-4662-ae8e-a75e8c564e4b,02/23/2011,11:00,Retail Sales (YoY) (Dec),MEDIUM,HUF,-1.7%,-,-,-0.3%,
38f378cf-c926-4072-82ee-af6bf2f065e3,02/23/2011,11:15,Producer and Import Prices (MoM) (Jan),LOW,CHF,0.1%,0.00,0.1%,0.3%,
346a720c-2b33-46ff-9a24-0e2890b3db1c,02/23/2011,11:15,Producer and Import Prices (YoY) (Jan),LOW,CHF,0%,0.00,0%,0.3%,
c9ec221d-0e98-46bb-8927-b92bf4c5efae,02/23/2011,11:30,Consumer Spending Volume (Nov),LOW,EUR,1.1%,-,-,2.6% ,
55d57767-b0cd-4d0c-b91b-e65e23f36bd9,02/23/2011,12:00,Labour Force Survey (Q4),LOW,NOK,3.4%,-,3.6%,3.6%,
8792ea18-c7f8-4093-a083-5c1259810180,02/23/2011,12:05,Current Account Balance EUR (Dec),LOW,EUR,€-308M,-,-,€-34M,
56f795b5-b52c-4d4b-b1f0-0ac46b5f3caf,02/23/2011,12:30,BBA Mortgage Approvals (Jan),LOW,GBP,29.2K,0.63,29K,28.7K,
348fa19f-d247-4eb6-87da-7cc401da4160,02/23/2011,12:30,BoE Minutes,HIGH,GBP,,,,,REPORT
7dd67f2b-36a2-44f4-afc4-7d9b3d0d52b9,02/23/2011,13:00,Industrial New Orders (YoY) (Dec),LOW,EUR,19.2%,0.73,16.2%,19.9% ,
a5053cc8-ae75-49c9-a92c-564a5c56696a,02/23/2011,13:00,Industrial New Orders s.a. (MoM) (Dec),LOW,EUR,2.7%,1.73,-1%,2.1% ,
ca8eeeb8-f241-4c49-a2c9-eb0a9bf4d792,02/23/2011,15:00,MBA Mortgage Applications,LOW,USD,13.2%,-,-,-9.5%,
b766d40a-0a86-43f0-b1d0-98bb7cd93f45,02/23/2011,16:30,Current Account (Jan),LOW,BRL,$-5.4B,-,-,$-3.493B,
6667066b-b3a0-42ae-bed7-c7c74bb5f74c,02/23/2011,18:00,Existing Home Sales (MoM) (Jan),MEDIUM,USD,5.4M,0.68,5.3M,4.27M,
ba12f66c-ab30-4897-9390-ec2a9caefef3,02/23/2011,18:00,Existing Home Sales Change (MoM) (Jan),MEDIUM,USD,3.4%,1.18,-1.1%,6.2% ,
ae6a4aee-c0df-4e31-8c09-fcadfcdcfb8d,02/23/2011,21:30,Philadelphia Fed's Plosser speech,LOW,USD,,,,,SPEECH
9fa6847d-370d-4322-a72d-8e859af14d38,02/24/2011,03:30,Private Capital Expenditure (Q4),LOW,AUD,1.5%,-0.26,2.2%,3.5% ,
b40575f8-f11c-4ed8-ad4f-53e70fecf322,02/24/2011,10:00,Gross Domestic Product (QoQ) (Q4),MEDIUM,EUR,0.4%,0.00,0.4%,0.4%,
abef3b03-ef7c-4673-8a41-e2a724b73247,02/24/2011,10:00,Gross Domestic Product (YoY) (Q4),MEDIUM,EUR,3.8%,-0.38,4%,4%,
96015988-80e7-4af9-9e16-321d442da478,02/24/2011,10:00,Gross Domestic Product w.d.a (YoY) (Q4),MEDIUM,EUR,3.8%,-0.43,4%,4%,
2f722140-1619-4a3f-9b19-662ba0f24419,02/24/2011,10:00,Consumer Confidence (Feb),MEDIUM,EUR,20,-,-,16.6,
daaf0895-6671-429f-9435-1bd3ba92e6c3,02/24/2011,10:00,Industrial Confidence (Feb),MEDIUM,EUR,4,-,-,6,
4117af4f-69f6-4686-9b09-5ba2b86c08b9,02/24/2011,11:15,Employment Level (QoQ) (Q4),LOW,CHF,4.1M,0.00,4.1M,4.604M,
24cd0383-2176-47a3-a796-966838757f0d,02/24/2011,11:15,Consumer Confidence (MoM) (Feb),MEDIUM,SEK,21.4,-,-,23.7,
ad4dafca-205f-4878-89f8-12471c0a1d2c,02/24/2011,12:00,Retail Sales (YoY) (Jan),MEDIUM,PLN,5.8%,-,8.7%,12%,
dee770b8-e4e9-4fc9-806b-815e97d31ece,02/24/2011,12:00,Unemployment (MoM) (Jan),HIGH,PLN,13%,-,12.9%,12.3%,
930ad39d-c77d-47ba-9e17-b14ddea51f9b,02/24/2011,13:00,Consumer Confidence (Feb),MEDIUM,EUR,-10,-,-,-9.9,
e6bb0ea6-3650-4ffe-8e32-2fbd7e96462c,02/24/2011,13:00,Economic Sentiment Indicator (Feb),LOW,EUR,108,1.76,106.8,102.7,
1052b109-55ca-4673-8d28-af958c6cc5c6,02/24/2011,13:00,Industrial Confidence (Feb),LOW,EUR,6.6,0.07,6.5,3.3,
59273b5e-4dd6-46b9-a9b9-f099291228ea,02/24/2011,13:30,Producer Price Index (YoY) (Jan),LOW,ZAR,5.5%,-,-,5.8%,
c331d21d-5248-4151-8182-35a0d3c86acb,02/24/2011,13:30,Producer Price Index (MoM) (Jan),LOW,ZAR,1.1%,-,-,0.3%,
227a1133-bf6b-4d34-8844-4ec0a5401fd8,02/24/2011,14:00,CBI Distributive Trades Survey – Realized (MoM) (Feb),LOW,GBP,6%,-,-,37%,
97351ccd-44ad-4df0-9d15-76a62a782014,02/24/2011,15:30,Unemployment Rate (Jan),LOW,BRL,6.1%,-,-,5.3%,
74620bf5-a4e3-4554-9fc8-3a8e4e17cd1c,02/24/2011,16:30,Continuing Jobless Claims,LOW,USD,3.833M,-,-,3.911M,
773bc543-af16-409c-91a9-a28d31b2b885,02/24/2011,16:30,Durable Goods Orders (Jan),HIGH,USD,3.6%,0.34,2.9%,-1.9% ,
945e92c2-7ce7-4e2d-a85b-87b34b991c1e,02/24/2011,16:30,Durable Goods Orders ex Transportation (Jan),MEDIUM,USD,-3%,-2.15,0.4%,1.2% ,
674602dc-fbf4-4cb5-ab36-fc639e638832,02/24/2011,16:30,Initial Jobless Claims,LOW,USD,388K,-0.63,405K,410K,
5a3d53fc-2cc9-46c1-963e-7ab927acae84,02/24/2011,17:00,Housing Price Index (MoM) (Dec),MEDIUM,USD,-1%,-,-,-0.3%,
30a10987-a3cf-4247-ad57-2a95691e7221,02/24/2011,17:00,New Home Sales Change (MoM) (Jan),MEDIUM,USD,-9.6%,-,-,13.6% ,
0d3b1fb2-7790-4522-a5a5-174983618c8d,02/24/2011,18:00,New Home Sales (MoM) (Jan),MEDIUM,USD,0.31M,-0.98,0.33M,0.326M,
b79e7bba-221f-46e8-9258-0d75e6bee83a,02/24/2011,18:09,Consumer Price Index (MoM) (Feb),MEDIUM,ISK,1.2%,-,-,-0.9%,
b2fb0737-1301-4b00-b388-d56b5e91e580,02/24/2011,18:09,Consumer Price Index (YoY) (Feb),MEDIUM,ISK,1.9%,-,-,1.8%,
470499b4-1bc5-44be-97ec-fa08b051de3f,02/24/2011,19:00,EIA Crude Oil Stocks Change,LOW,USD,0.8M,-,-,0.86M,
1d1967cb-f91f-4522-9d62-21aa6776fe06,02/24/2011,21:30,BoE's Sentance Speech,MEDIUM,GBP,,,,,IN PROGRESS
d2e57769-f26c-4c7c-90bf-e7e25603d3b3,02/25/2011,02:30,National Consumer Price Index (YoY) (Jan),MEDIUM,JPY,0%,25.00,-1%,0%,
b7a26615-3b14-4da5-83be-097a0c6bb108,02/25/2011,02:30,"National CPI ex Food, Energy (YoY) (Jan)",MEDIUM,JPY,-0.6%,0.00,-0.6%,-0.8% ,
5dd63a6f-fe90-4a9f-b94d-33e587cefe07,02/25/2011,02:30,National CPI ex Fresh Food (YoY) (Jan),MEDIUM,JPY,-0.2%,1.34,-0.3%,-0.4%,
bc9a1ee7-df9b-413a-94d0-a94b7851365f,02/25/2011,02:30,Tokyo Consumer Price Index (YoY) (Feb),MEDIUM,JPY,-0.1%,0.33,-0.2%,-0.5% ,
ff777731-8dc0-4eac-af59-799681173484,02/25/2011,02:30,"Tokyo CPI ex Food, Energy (YoY) (Feb)",MEDIUM,JPY,-0.3%,0.00,-0.3%,-1% ,
90abe065-ab78-4159-afd7-b4c308f18ca8,02/25/2011,02:30,Tokyo CPI ex Fresh Food (YoY) (Feb),MEDIUM,JPY,-0.4%,-0.86,-0.3%,-0.8% ,
a03a8593-dfab-42f5-80f5-a317372f7456,02/25/2011,03:01,GfK Consumer Confidence (Feb),MEDIUM,GBP,-28,-,-,-29,
928bce62-9e93-4889-b5f4-3f6569e36421,02/25/2011,09:45,Consumer Spending (MoM) (Jan),LOW,EUR,-0.3%,-,-,0.6% ,
cb549c41-7d2b-49e4-beab-d78a133767a5,02/25/2011,11:00,Registered Unemployment n.s.a (Feb),HIGH,NOK,3%,-,-,3.1%,
25cee8bc-bcd7-4e85-bb85-28780f6b3a9d,02/25/2011,11:00,Registered Unemployment s.a (Feb),HIGH,NOK,86.092K,-,-,87.67K,
6a2e0060-b82f-4435-b821-12947b065569,02/25/2011,11:30,Industrial Outlook (Feb),MEDIUM,DKK,3,-,-,3,
0834091e-048b-4628-9150-0be59e25d5e2,02/25/2011,12:00,M3 Money Supply (3m) (Jan),LOW,EUR,1.7%,-,-,1.6% ,
a86994c8-daf6-45f0-b956-15c5d04c0177,02/25/2011,12:00,M3 Money Supply (YoY) (Jan),LOW,EUR,1.5%,-0.98,1.9%,1.2% ,
3dd942d9-044c-4894-9865-5c21c4f5195b,02/25/2011,12:30,Gross Domestic Product (QoQ) (Q4) PREL,HIGH,GBP,-0.6%,-1.32,0.3%,-0.5%,
49a65245-d4ad-43c6-a1af-b4a8163d0781,02/25/2011,12:30,Gross Domestic Product (YoY) (Q4) PREL,MEDIUM,GBP,1.5%,-0.30,1.7%,1.7%,
1327d47b-33f0-43db-8c15-373824c4da71,02/25/2011,12:30,Index of Services (3M/3M) (Dec),LOW,GBP,-0.6%,-1.05,-0.4%,0.8% ,
8c022cf4-e0c7-4531-9319-fe75fdd0a89c,02/25/2011,12:30,Total Business Investment (QoQ) (Q4) PREL,LOW,GBP,-2.5%,-,-,3.1%,
1994b784-37b9-4cd2-82fb-4ab14167d37d,02/25/2011,12:30,Total Business Investment (YoY) (Q4) PREL,LOW,GBP,10%,-,-,8.9%,
2791ca42-e5af-4215-b6f7-5f2468b1415a,02/25/2011,13:30,KOF Leading Indicator (Feb),MEDIUM,CHF,2.19,3.40,2.06,2.1,
8c27b783-8ce0-44d4-8eac-16c3118dbc67,02/25/2011,14:30,Bank Loan Growth,LOW,INR,23.9%,-,-,23.2%,
2d60adf1-4597-4ea1-b237-adcb8bd7016f,02/25/2011,14:30,"FX Reserves, USD",LOW,INR,$300.63B,-,-,$298.66B,
137be8b1-f283-4437-82b0-ba1dd3ac8116,02/25/2011,14:30,M3 Money Supply,LOW,INR,16.9%,-,-,16.2%,
e6169677-9eaa-4023-bac2-98013f9bbc72,02/25/2011,16:00,Consumer Price Index (MoM) (Feb) PREL,MEDIUM,EUR,0.5%,0.00,0.5%,-0.4%,
c116306e-51f5-4bdd-886b-151f9ac85b87,02/25/2011,16:00,Consumer Price Index (YoY) (Feb) PREL,MEDIUM,EUR,2%,-,-,2%,
33a13896-7dec-41ee-a423-dc58448e7534,02/25/2011,16:30,Nominal Budget Balance (Jan),LOW,BRL,-1.53B,-,-,-8.683B,
358df91f-ea4f-4cc9-a0f5-f8e85bdf4b40,02/25/2011,16:30,Primary Budget Surplus (Jan),LOW,BRL,17.7B,-,-,10.85B,
ee6ebb01-8706-4fcf-8127-3499e37b154f,02/25/2011,16:30,Core Personal Consumption Expenditures (QoQ) (Q4) PREL,MEDIUM,USD,1.8%,-1.56,4.3%,1.8%,
7a5d8fc9-d948-4e2e-9cf1-af8ecfdc433a,02/25/2011,16:30,Gross Domestic Product Annualized (Q4) PREL,HIGH,USD,2.8%,-3.69,3.3%,3.2%,
fb18b8f1-1dd0-45ce-89ac-5f28ae826587,02/25/2011,16:30,Gross Domestic Product Price Index (Q4) PREL,MEDIUM,USD,2.1%,2.31,0.3%,2.1%,
75fa0292-661a-4ff8-bfa9-c444a1682d90,02/25/2011,17:00,"Current Account, $ (QoQ) (Q4)",LOW,MXN,$-3M,-,-,-,
a7853654-113e-453b-9012-c3a4a33abab5,02/25/2011,17:00,Accumulated Current Account/GDP (Q4),LOW,MXN,-0.5%,-,-,-,
a7485b1c-ffca-41dd-877e-ad3a03d7e9d4,02/25/2011,17:55,Michigan Consumer Sentiment Index (Feb),HIGH,USD,77.5,1.34,75.4,75.1,
98c8df96-adcc-40fc-ae03-047e668dd1c6,02/25/2011,18:15,Fed's Lacker speech,LOW,USD,,,,,SPEECH
532c7989-fc45-465d-a10e-5f47e2f74acf,02/28/2011,00:45,Trade Balance NZD (MoM) (Jan),MEDIUM,NZD,$9M,0.18,$-25M,$-218M,
45677880-a242-483a-b2ce-2c22718c7aa0,02/28/2011,02:15,Jibun Bank Manufacturing PMI (Feb),MEDIUM,JPY,-,-,-,-,
e3866d09-f72f-4d60-9bdd-007784170aa7,02/28/2011,02:50,Industrial Production (MoM) (Jan) PREL,LOW,JPY,2.4%,-1.99,4.1%,3.3%,
237bd120-a790-4517-9929-3252cd36cb0e,02/28/2011,02:50,Industrial Production (YoY) (Jan) PREL,LOW,JPY,4.7%,-24.00,5.9%,4.9%,
8d635e0d-5dc4-45ed-b2ca-958a5601e3c2,02/28/2011,02:50,Large Retailer Sales (Jan),LOW,JPY,-0.7%,-,-,-1.8% ,
668823ac-7704-458d-be96-be0fb733d1d4,02/28/2011,02:50,Retail Trade (YoY) (Jan),MEDIUM,JPY,0.1%,1.25,-1.5%,-1.9% ,
95d24f9d-f7ac-41f3-a1b9-e11f21e181e7,02/28/2011,02:50,Retail Trade s.a (MoM) (Jan),MEDIUM,JPY,4.1%,1.06,2.7%,-4.1%,
34fb7c26-1720-4f80-9349-dc50dd46e10e,02/28/2011,03:30,Company Gross Operating Profits (QoQ) (Q4),LOW,AUD,-2.8%,-0.56,0.8%,-3.6% ,
9e8651b6-5ea1-439f-a0ad-7370783421ae,02/28/2011,03:30,Private Sector Credit (MoM) (Jan),LOW,AUD,0.3%,0.00,0.3%,0.3% ,
50ba1ee8-e26b-41fc-86df-3d7ed533c00b,02/28/2011,03:30,Private Sector Credit (YoY) (Jan),LOW,AUD,3.3%,-,-,3.4%,
fef9e773-81a8-4d5b-8d81-d433cd91aa96,02/28/2011,03:30,TD-MI Inflation Gauge (MoM) (Feb),LOW,AUD,0.2%,-,-,0.4%,
ce24f01e-05ca-41f0-b94d-e91b6528678a,02/28/2011,03:30,TD-MI Inflation Gauge (YoY) (Feb),LOW,AUD,3.6%,-,-,3.4%,
5535f772-f303-41da-baf1-5153b7e2dba9,02/28/2011,05:00,ANZ Business Confidence (Feb),MEDIUM,NZD,34.5,-,-,29.5,
d23eb257-258e-4a02-b86b-e29d5ee7c4b8,02/28/2011,06:00,Terms of Trade Index (Q4),MEDIUM,NZD,0.8%,-,-,3%,
fe4cb325-e6c1-46a8-8b3f-1c1ea859837e,02/28/2011,07:00,Vehicle Production (YoY) (Jan),LOW,JPY,-30.9%,-,-,-5.1%,
2accf54d-1366-4777-be27-b0f6aa25e030,02/28/2011,08:00,Annualized Housing Starts (Jan),LOW,JPY,0.847M,-0.96,0.871M,0.861M,
dccba872-c55f-464e-a129-6c97463938ca,02/28/2011,08:00,Construction Orders (YoY) (Jan),LOW,JPY,-10.7%,-,-,13.1%,
1d123e15-67f0-43d2-9480-548772bb9f13,02/28/2011,08:00,Housing Starts (YoY) (Jan),LOW,JPY,2.7%,-0.65,5.6%,7.5%,
377b7caf-a81b-4a94-a331-16ae2615bdae,02/28/2011,08:30,Gross Domestic Product Quarterly (YoY) (Q3),LOW,INR,8.2%,-,-,8.9%,
9a1b26a0-3943-4840-aa69-928d6f7b0b3c,02/28/2011,09:00,Private Sector Credit (Jan),LOW,ZAR,5.01%,-,-,5.58%,
68d363e9-f6e5-404d-a257-464815e5ea0c,02/28/2011,10:00,M3 Money Supply (YoY) (Jan),LOW,ZAR,8.19%,-,-,7.23%,
b1c08636-9bf4-4996-9b0a-3f83176b008c,02/28/2011,11:00,Unemployment Rate (3M) (Nov),LOW,HUF,11.5%,-,-,10.8%,
8b198546-6f70-4285-a5ce-e1370e61f007,02/28/2011,11:00,EU Norm Inflation (MoM) (Jan),MEDIUM,EUR,2.1%,-,1.9%,0.2%,
f460bc60-d479-465e-ae58-42e9d02a8431,02/28/2011,11:00,EU Norm Inflation (YoY) (Jan),MEDIUM,EUR,3.2%,-,3%,1.3%,
cfb92051-80d4-4c11-bebb-03aa913085aa,02/28/2011,11:30,Gross Domestic Product (QoQ) (Q4),HIGH,DKK,-0.4%,-,-,1%,
cda9e692-23b3-4f3e-bdcd-e871107cd5ed,02/28/2011,11:30,Gross Domestic Product (YoY) (Q4),HIGH,DKK,2.7%,-,-,3.3%,
84dcfe32-bdd9-4569-af60-fa739e9d7c4b,02/28/2011,11:30,Producer Price Index (MoM) (Jan),MEDIUM,SEK,-1.7%,-,-,2.2%,
e67b1bf0-b2d6-4506-bc67-07f15611ce25,02/28/2011,11:30,Producer Price Index (YoY) (Jan),MEDIUM,SEK,0.5%,-,-,4.3%,
a3f56755-ba93-4e01-bcc7-4cb3ad13769a,02/28/2011,11:30,Retail Sales (MoM) (Jan),MEDIUM,SEK,0.2%,-,-,-0.8%,
c8637f38-9242-4f6e-b84f-4cfa215092fa,02/28/2011,11:30,Retail Sales (YoY) (Jan),MEDIUM,SEK,2.4%,-,-,3.1%,
1d097d79-2642-495e-8011-c838fd47e014,02/28/2011,11:30,Trade Balance (MoM) (Jan),LOW,SEK,7.7B,-,-,10.9B,
18a9544d-1694-400e-bdb9-3b22e807c06a,02/28/2011,12:00,M2 Money Supply (YoY) (Jan),MEDIUM,CZK,3.7%,-,-,3.3%,
7c425f7a-0939-414e-a0e3-9482282e121a,02/28/2011,12:00,Credit Indicator (Jan),LOW,NOK,6.1%,-,-,6.2%,
160eea1c-7baa-42cc-a67a-65029b2c5305,02/28/2011,13:00,Core Harmonized Index of Consumer Prices (YoY) (Jan),MEDIUM,EUR,1.1%,-1.21,1.2%,1%,
f2e1cef2-474b-4afb-b189-4eecf8f94663,02/28/2011,13:00,Harmonized Index of Consumer Prices (MoM) (Jan),MEDIUM,EUR,-0.7%,-2.50,-0.6%,0.6%,
3344f20c-a962-4cb0-8bb9-2119ee550a15,02/28/2011,13:00,Harmonized Index of Consumer Prices (YoY) (Jan),MEDIUM,EUR,2.3%,-2.31,2.4%,2.4%,
da682a09-10b1-488f-9155-c730c619c038,02/28/2011,15:00,Trade Balance (in Rands) (Jan),MEDIUM,ZAR,-4.9B,-,-,10.3B,
9b702156-3755-4f1b-a3d6-aea8a69e9cdd,02/28/2011,16:30,Current Account (Q4),MEDIUM,CAD,-10.28B,-,-,-20.04B,
eb83ab5e-061f-4d75-a1e8-262fec4970aa,02/28/2011,16:30,Gross Domestic Product (MoM) (Dec),MEDIUM,CAD,0.5%,1.20,0.3%,0.5% ,
8d62d8c5-6abd-4844-8734-a3475a60c674,02/28/2011,16:30,Gross Domestic Product Annualized (Q4),HIGH,CAD,3.1%,0.47,2.9%,2.8% ,
bef50031-6b8d-47ea-80be-232daba7c522,02/28/2011,16:30,Core Personal Consumption Expenditures - Price Index (YoY) (Jan),MEDIUM,USD,0.8%,-,-,1.1% ,
a9c0956d-9723-4eec-af48-57b21d943950,02/28/2011,16:30,Fed's Dudley speech,LOW,USD,,,,,SPEECH
cfaa20ee-5df7-4a75-99cd-e4f16cb7bfaf,02/28/2011,16:30,Personal Consumption Expenditures - Price Index (MoM) (Jan),HIGH,USD,0.3%,-,-,0.2% ,
e99d0de7-993a-4549-8a8e-f85fcc91e803,02/28/2011,16:30,Personal Consumption Expenditures - Price Index (YoY) (Jan),LOW,USD,1.2%,-2.24,1.4%,1.3% ,
1c04a414-79a6-420a-a631-fb09f2f71d7a,02/28/2011,16:30,Personal Income (MoM) (Jan),LOW,USD,1.2%,6.03,0.4%,0.8% ,
249c3921-ec8a-4a4f-ba9f-17fc641bc12d,02/28/2011,16:30,Core Personal Consumption Expenditures - Price Index (MoM) (Jan),MEDIUM,USD,0.2%,-,-,0%,
e4ae3163-38a6-446e-bab3-a26de4792f62,02/28/2011,17:45,Chicago PMI (Feb),LOW,USD,71.2,1.75,68.1,65.9,
2cdc9fc2-fcef-4935-a060-7f1a13e5d3ca,02/28/2011,18:00,Pending Home Sales (MoM) (Jan),MEDIUM,USD,-2.8%,-0.03,-2.6%,0.6% ,
2edd6e4e-2b1b-4499-9b14-be60c6dd5162,03/01/2011,01:30,AiG Performance of Mfg Index (Feb),LOW,AUD,51.1,-,-,46.7,
8a708e04-b85c-4e5c-8c39-c4e08ef49201,03/01/2011,02:30,Overall Household Spending (YoY) (Jan),MEDIUM,JPY,-1%,0.30,-1.3%,-3.3%,
bd5fc6e3-6da0-4bb3-bf99-4e8f5ca9e091,03/01/2011,02:30,Unemployment Rate (Jan),MEDIUM,JPY,4.9%,0.00,4.9%,4.9%,
7c7136e1-6176-4b1f-b30a-e0ff80694756,03/01/2011,03:30,Current Account Balance (Q4),MEDIUM,AUD,-8.1B,-0.80,-6.9B,-10.3B,
73dae291-d07d-4576-922b-d869f0192eeb,03/01/2011,03:30,Retail Sales s.a. (MoM) (Jan),LOW,AUD,0.4%,0.20,0.3%,0.2%,
c0fd6c86-a21f-4066-9436-ac868d9c2e50,03/01/2011,04:00,NBS Manufacturing PMI (Feb),MEDIUM,CNY,52.2,0.12,52.1,52.9,
3c81ea11-abd1-4486-9d86-a1ab8b5760f9,03/01/2011,04:30,Labor Cash Earnings (YoY) (Jan),LOW,JPY,0.2%,-,-,0% ,
76dc53d8-c890-4f17-bd4e-7574328d2f08,03/01/2011,05:00,ANZ Commodity Price (Feb),LOW,NZD,2.7%,-,-,4.2% ,
cb2ce5a3-c810-4f1d-8152-5d6bc602f054,03/01/2011,05:30,RatingDog Manufacturing PMI (Feb),LOW,CNY,-,-,52.2,-,
71787924-f2a1-4daa-992f-ead51f7d8109,03/01/2011,06:30,RBA Interest Rate Decision,HIGH,AUD,4.75%,0.00,4.75%,4.75%,
25a9a783-6d88-46b9-8438-b50f008bf4d7,03/01/2011,07:30,RBA Rate Statement,MEDIUM,AUD,,,,,REPORT
172e3e9a-a5ae-4d15-a782-57bbb7ed4982,03/01/2011,08:00,Vehicle Sales (YoY) (Feb),LOW,JPY,-25.5%,-,-,-22%,
5a8a1e84-41d3-4783-8a04-7f7498bad8b0,03/01/2011,08:30,RBA Commodity Index SDR (YoY) (Feb),LOW,AUD,44.9%,-,-,48.7%,
6e65d403-dcf9-42c1-b8bb-2cae42b5be06,03/01/2011,09:00,S&P Global Manufacturing PMI (Feb),MEDIUM,RUB,-,-,-,-,
7c08c68c-a10a-424f-9e0b-36056655dd31,03/01/2011,09:45,Gross Domestic Product (QoQ) (Q4),MEDIUM,CHF,0.8%,1.15,0.6%,0.5% ,
6e44ffac-537e-47bb-9507-9b0cc577a80c,03/01/2011,09:45,Gross Domestic Product (YoY) (Q4),MEDIUM,CHF,3.1%,1.14,2.7%,2.6%,
2661aa76-847e-4a2e-ba51-6cfc212e12fc,03/01/2011,10:00,Nationwide Housing Prices n.s.a (YoY) (Feb),MEDIUM,GBP,-0.1%,0.16,-0.2%,-1.4%,
4f849f4f-27d4-4dd1-99bb-049397e14022,03/01/2011,10:00,Nationwide Housing Prices s.a (MoM) (Feb),MEDIUM,GBP,0.7%,2.76,-0.2%,-0.2% ,
aea60aa3-ef33-484d-ba6f-6fa4848d7d4a,03/01/2011,10:30,Manufacturing PMI (Feb),MEDIUM,SEK,60.9,-,-,61.5,
6b5a4fea-7408-45d6-b5da-fcec4f4a9399,03/01/2011,11:00,Gross Domestic Product (QoQ) (Q4),HIGH,EUR,1.7%,-,-,0.5%,
077798c5-211c-49f7-86c1-4e5097b675ca,03/01/2011,11:00,Gross Domestic Product Qtr Prelim (YoY) (Q4),MEDIUM,EUR,5.2%,-,-,3.7%,
da560f09-1c72-4401-bd10-67714f491a74,03/01/2011,11:00,HALPIM Manufacturing PMI (Feb),MEDIUM,HUF,56.9,-,-,54.7,
2f1d6118-f6dc-46a8-b5d7-a9b612003e70,03/01/2011,11:00,Producer Price Index (YoY) (Jan),MEDIUM,HUF,6.3%,-,-,8.1%,
f231c4ff-d6b9-468a-bee8-881c15c96dc2,03/01/2011,11:00,S&P Global Manufacturing PMI (Feb),MEDIUM,PLN,-,-,55.5,-,
54566271-2fb0-4c67-bf2c-8022bd53ebe5,03/01/2011,11:30,SVME - Purchasing Managers' Index (Feb),MEDIUM,CHF,63.5,2.31,60.7,60.6,
475ac08c-d2fc-461b-b14a-6182f76eaa14,03/01/2011,11:30,S&P Global PMI (Feb),MEDIUM,CZK,-,-,-,-,
cdea4ad8-ca3a-47b4-9023-9c0bd7aef4c9,03/01/2011,11:30,Retail Sales (YoY) (Jan),MEDIUM,DKK,0.4%,-,-,0.3%,
0caf85e3-e589-47be-871e-82622eac8143,03/01/2011,11:30,Gross Domestic Product (QoQ) (Q4),LOW,SEK,1.6%,-,-,2.1%,
fa5cc772-2778-423c-8106-bee26ad12972,03/01/2011,11:30,Gross Domestic Product (YoY) (Q4),HIGH,SEK,7.7%,-,-,6.9%,
3bfb911a-ef6e-434a-a116-7074910108f1,03/01/2011,11:30,Consumer Credit (Jan),LOW,GBP,£-0.3B,-,-,£0.8B,
913ec1af-4cc8-4312-88e1-d83ebbbfda3e,03/01/2011,11:55,HCOB Manufacturing PMI (Feb),MEDIUM,EUR,-,0.06,62.6,-,
a5ee17f4-e3bb-4eea-a3e0-e8d8eb9330bd,03/01/2011,11:55,Unemployment Change (Feb),LOW,EUR,-54K,-2.76,-13K,-5K,
5c986be4-3d59-450a-b508-d57634991724,03/01/2011,11:55,Unemployment Rate s.a. (Feb),MEDIUM,EUR,7.3%,-13.79,8.6%,7.4%,
94ddbd80-3a65-4125-b025-09d7848ad083,03/01/2011,12:00,HCOB Manufacturing PMI (Feb),MEDIUM,EUR,-,0.00,59,-,
7bf5220b-34d6-425f-976f-770ddbf99d8c,03/01/2011,12:00,Purchasing Manager Index (Feb),MEDIUM,ZAR,54.8,-,-,54.6,
554c504f-621d-47d7-8d58-97c39e58ab59,03/01/2011,12:28,S&P Global Manufacturing PMI (Feb),MEDIUM,GBP,-,-0.48,61.5,62,
a4cd3697-3965-47db-8d1d-6199c434bc35,03/01/2011,12:30,M4 Money Supply (MoM) (Jan),MEDIUM,GBP,0.8%,0.70,0.4%,-0.3% ,
6a03a00d-aa79-4a87-ac41-fe15cb727453,03/01/2011,12:30,M4 Money Supply (YoY) (Jan),MEDIUM,GBP,-1.7%,-,-,-1.3% ,
2a18182f-42a7-4427-917c-e2eefa9e833c,03/01/2011,12:30,Mortgage Approvals (Jan),MEDIUM,GBP,46.152K,1.17,42.5K,41K,
1fd6da88-4e00-48e3-b0a2-a26a50ed3e5f,03/01/2011,12:30,Net Lending to Individuals (MoM) (Jan),LOW,GBP,£1.4B,1.48,£0.3B,£-0.1B,
0b4dc5d3-0a9a-4892-b174-aaa9d8409925,03/01/2011,13:00,Harmonized Index of Consumer Prices (YoY) (Feb) PREL,MEDIUM,EUR,2.4%,0.00,2.4%,2.3%,
17fca787-d015-45e9-8bcd-00be490daacc,03/01/2011,13:00,Unemployment Rate (Jan),MEDIUM,EUR,10%,0.00,10%,10.2% ,
3e497f96-d152-4be7-ab1a-8cc17740bf88,03/01/2011,17:00,Trade Balance (Feb),MEDIUM,BRL,1.199B,-,2.1B,0.42B,
d33c2a67-cc5e-416c-823c-77d6f23cd6bf,03/01/2011,17:00,BoC Interest Rate Decision,HIGH,CAD,1%,0,1%,1%,
1cc63f23-dcb8-4353-8f75-3e059680ff98,03/01/2011,18:00,Construction Spending (MoM) (Jan),LOW,USD,-1.8%,-1.24,-0.4%,-1.8% ,
5d677c94-2045-4a4d-bdbc-fae8462990e4,03/01/2011,18:00,Fed's Chair Bernanke testifies,MEDIUM,USD,,,,,SPEECH
9ea3f43b-6b1e-4b43-970c-cde7b9c8f671,03/01/2011,18:00,ISM Manufacturing PMI (Feb),MEDIUM,USD,61.4,0.52,60.7,59.1,
b59d4143-efe2-4dd1-bd33-8254fadad157,03/01/2011,18:00,ISM Manufacturing Prices Paid (Feb),MEDIUM,USD,82,0.02,81.9,79.6,
19d48fa4-10b3-413b-b7ba-7c3b0b2759a7,03/02/2011,01:00,Total Vehicle Sales (Feb),LOW,USD,13.44M,6.85,12.6M,12.62M,
cfdab0f9-3f62-4b45-9e9e-e7295d5aea30,03/02/2011,02:50,Monetary Base (YoY) (Feb),LOW,JPY,5.6%,-0.67,6.4%,5.5%,
ad482c0d-5917-4517-8d23-f74841bd35c0,03/02/2011,03:00,HIA New Home Sales (MoM) (Jan),MEDIUM,AUD,2.4%,-,-,-0.6%,
f47bdf40-a3db-458e-a61a-98b8ba2d9362,03/02/2011,03:30,Gross Domestic Product (QoQ) (Q4),HIGH,AUD,0.8%,0.78,0.6%,0.7% ,
c24ddfaa-c409-44b9-b5b7-986bd5088f2a,03/02/2011,03:30,Gross Domestic Product (YoY) (Q4),MEDIUM,AUD,2.7%,-,-,2.6% ,
e157b1c1-6deb-42fb-86a3-94b2a56c918b,03/02/2011,11:00,Gross Domestic Product Qtr (YoY) (Q1),LOW,PLN,4.5%,-,-,-,
f6311330-4d7d-4054-95b5-b41336dce152,03/02/2011,11:00,Current Account (Q4),LOW,NOK,91B,-,-,-,
539f5568-57a3-45bd-86a0-9bad92c0333b,03/02/2011,11:30,Current Account (QoQ) (Q4),MEDIUM,SEK,51.5B,-,-,50.3B,
c89ea6c7-cfad-4216-9912-74a86e20e827,03/02/2011,12:00,Retail Sales (Feb),MEDIUM,NOK,-0.1%,-,-,-2%,
c4197eab-71d1-4f68-838d-3d03936400d7,03/02/2011,12:00,Total New Vehicle Sales (Feb),LOW,ZAR,"49,164",-,-,"45,135",
3c221023-c9cd-4503-b062-5efd04204412,03/02/2011,12:30,S&P Global Construction PMI (Feb),LOW,GBP,-,1.40,53.3,-,
ad96dff0-8d7f-4d77-b00a-84ed8090668c,03/02/2011,13:00,Fipe's IPC Inflation (Feb),MEDIUM,BRL,0.6%,-,-,1.15%,
d5cdaa2a-1cd3-4fc6-8ddc-b51aebaa38af,03/02/2011,13:00,Producer Price Index (MoM) (Jan),LOW,EUR,1.3%,3.16,1.1%,0.7% ,
ba220c80-6678-4c7c-b58e-ec86a8e54856,03/02/2011,13:00,Producer Price Index (YoY) (Jan),LOW,EUR,5.9%,3.75,5.6%,5% ,
8a7e9783-0929-408d-ae45-e31f3abb2fa6,03/02/2011,14:50,NBP Base rate,HIGH,PLN,3.75%,0,3.75%,3.75%,
8a8642e3-d379-45b4-865e-285b9ef7dbb3,03/02/2011,15:00,Industrial Output (MoM) (Jan),MEDIUM,BRL,0.2%,-,-,-0.7% ,
9d96827c-cd77-4538-abfc-a46aa57dfcef,03/02/2011,15:00,Industrial Output (YoY) (Jan),MEDIUM,BRL,2.5%,-,-,2.7%,
42633f13-9cdd-4dbc-9a7d-186ce46bb74a,03/02/2011,15:00,MBA Mortgage Applications,LOW,USD,-6.5%,-,-,13.2%,
855a9680-20c3-4f30-a0ea-2a3dc8188c55,03/02/2011,16:15,ADP Employment Change (Feb),MEDIUM,USD,208K,0.43,184K,56K,
3a89cd04-1a62-4c84-9426-dc9b09b85d22,03/02/2011,16:30,Industrial Product Price (MoM) (Jan),LOW,CAD,0.4%,0.00,0.4%,0.9% ,
eb2c2cb8-1867-46ca-8d4a-d43cf6e3925a,03/02/2011,16:30,Raw Material Price Index (Jan),LOW,CAD,0.4%,-1.93,3.3%,4.7% ,
89a22b2d-5558-449c-854e-a96e4734d686,03/02/2011,18:00,Currency Reserves (Feb),LOW,DKK,446.4B,-,-,430.1B,
ea80812a-652e-41f1-8922-5367b98040c9,03/02/2011,18:00,Fed's Chair Bernanke testifies,MEDIUM,USD,,,,,SPEECH
8e5ccaf8-bc30-4bec-a97a-a40ac0abbaa2,03/02/2011,18:30,EIA Crude Oil Stocks Change,LOW,USD,-0.364M,-,-,0.8M,
2c9256d3-b916-4712-9ec6-30472761c3f8,03/02/2011,22:00,Fed's Beige Book,MEDIUM,USD,,,,,REPORT
4f47b0e0-4752-42ec-b07e-5c2e0dbd8a22,03/03/2011,01:00,Interest Rate Decision,LOW,BRL,11.75%,-,-,11.25%,
97867697-ff8b-4ccc-9642-6a12316fcac9,03/03/2011,01:30,AiG Performance of Services Index (Feb),MEDIUM,AUD,48.7,-,-,45.5,
cedb63d3-fea4-4895-8969-a88912205def,03/03/2011,02:50,Capital Spending (Q4),LOW,JPY,3.8%,-0.52,5.9%,5%,
d90f442a-ada3-46f3-bfbf-9a8c8916c72f,03/03/2011,03:30,Building Permits (MoM) (Jan),LOW,AUD,-11.6%,-1.68,-3.1%,0.7% ,
ec6c46f3-0845-4c3f-ac0e-8ed1ae54d757,03/03/2011,03:30,Building Permits (YoY) (Jan),LOW,AUD,-24.8%,-,-,-5%,
27d42c60-e5ba-4ebb-ae2d-cf82f93b8363,03/03/2011,03:30,Trade Balance (MoM) (Jan),MEDIUM,AUD,1.43M,-0.61,1.56M,897M,
1a66a074-a401-4328-885a-5cf4f0bf272d,03/03/2011,08:30,ILO Unemployment (Q4),LOW,EUR,9.7%,-,-,-,
e22fb5ad-cefc-4359-910c-65f6e7ad2f90,03/03/2011,09:00,S&P Global Services PMI (Feb),LOW,RUB,-,-,-,-,
4c2e5915-c5e9-4507-8e29-d3d20f4e9f98,03/03/2011,10:00,Retail Sales (YoY) (Jan),MEDIUM,EUR,2.4%,-,-,-0.2% ,
a0fa01c9-506e-4c9f-8fd2-1067bde08bdd,03/03/2011,10:00,Retail Sales (MoM) (Jan),MEDIUM,EUR,0.4%,-,-,-0.2% ,
9c3e19cb-ee0e-445e-b529-d62d1929f658,03/03/2011,11:00,Gross Domestic Product (Q4),HIGH,RON,-0.6%,-,-,-0.6%,
1feec820-bcc6-46ea-825a-e48f3de18aff,03/03/2011,11:00,Gross Domestic Product Qtr Final (YoY) (Q4),HIGH,EUR,3.5%,-,-,3.5%,
d6162372-cc07-4930-b815-1e210732d3a6,03/03/2011,11:15,Real Retail Sales (YoY) (Jan),MEDIUM,CHF,-2.4%,-,-,0.6% ,
052d4a0c-2597-4c2b-a768-10933f6e10cf,03/03/2011,11:30,Unemployment Rate (Jan),LOW,DKK,4.2%,-,-,4.1%,
90c10529-74b3-4749-89ca-e1b5c49019fc,03/03/2011,11:55,HCOB Services PMI (Feb),MEDIUM,EUR,-,-1.21,59.5,-,
446121bf-bcb1-431e-a842-7471d538004a,03/03/2011,12:00,HCOB Services PMI (Feb),MEDIUM,EUR,-,-0.30,57.2,-,
378f1f0b-9600-40a2-8de3-6c8e8c453f71,03/03/2011,12:30,S&P Global Services PMI (Feb),MEDIUM,GBP,-,-0.70,54.3,-,
8bae1da1-4814-4968-90ee-4fe15320f578,03/03/2011,12:30,Reuters Econometer (Feb),MEDIUM,ZAR,263.05,-,-,266.09,
edbf0325-6a91-436b-9eae-beb6f0f5664a,03/03/2011,13:00,Gross Domestic Product s.a. (QoQ) (Q4) PREL,HIGH,EUR,0.3%,0.00,0.3%,0.3%,
8b4884f2-fd50-40a4-a5ef-224528c3e70f,03/03/2011,13:00,Gross Domestic Product s.a. (YoY) (Q4) PREL,HIGH,EUR,2%,0.00,2%,2%,
7e0970b9-b1d4-45ca-9259-1a2da63fe180,03/03/2011,13:00,Retail Sales (MoM) (Jan),MEDIUM,EUR,0.2%,-0.55,0.4%,0.1% ,
6f2fa3a5-b17c-4d7a-8beb-cd8d4f6d9819,03/03/2011,13:00,Retail Sales (YoY) (Jan),MEDIUM,EUR,0.4%,0.63,0%,-0.7% ,
2a14e739-2fdf-4417-b20c-3781ec9f33d2,03/03/2011,13:00,Budget Fulfilment,LOW,RUB,-4.1%,-,-,3.6%,
fe137416-394f-40cd-8050-5254ddbc94a1,03/03/2011,15:00,Gross Domestic Product (QoQ) (Q4),HIGH,BRL,0.7%,-,-,0.5%,
b1a6656e-3fc2-4028-a8a2-416a212ca6b2,03/03/2011,15:00,Gross Domestic Product (YoY) (Q4),LOW,BRL,5%,-,-,-,
0f8f4204-20e9-457f-af6a-4de395e988fb,03/03/2011,15:45,ECB Main Refinancing Operations Rate,HIGH,EUR,1%,0,1%,1%,
fa717c69-bc30-4516-83ef-dcad5ffee4a0,03/03/2011,16:30,ECB's President Trichet speech,MEDIUM,EUR,,,,,SPEECH
83eaef35-04df-4de8-84dd-2426ffbee734,03/03/2011,16:30,Continuing Jobless Claims,LOW,USD,3.791M,-,-,3.79M,
27ad92e8-e627-49e1-a58c-c2587bdb17f5,03/03/2011,16:30,Initial Jobless Claims,LOW,USD,371K,-0.58,386K,391K,
b92080fd-eb6c-449d-b1b2-a566d5dd592b,03/03/2011,16:30,Nonfarm Productivity (Q4),LOW,USD,2.6%,0.00,2.6%,2.6%,
971ea46e-aa25-4ca1-9bf4-da9a6917c881,03/03/2011,16:30,Unit Labor Costs (Q4),LOW,USD,-0.6%,0.00,-0.6%,-0.6%,
b20ed3e4-81bb-4fe0-a070-f54e86322f59,03/03/2011,18:00,ISM Services PMI (Feb),MEDIUM,USD,59.7,-0.30,59.9,57.6,
625496c8-3431-4f38-9978-faef1453e7cc,03/04/2011,11:00,Halifax House Prices (MoM) (Feb),LOW,GBP,-0.9%,-0.35,-0.6%,-0.5% ,
21c6ddb7-1ffd-4317-808d-4770f228bf16,03/04/2011,11:00,Halifax House Prices (YoY/3m) (Feb),LOW,GBP,-2.8%,-,-,-2.4%,
2c6b4910-843f-4fc5-a4c7-d373f4f2f101,03/04/2011,14:30,"FX Reserves, USD",LOW,INR,$300.79B,-,-,$300.628B,
24fa8e28-1d70-4ff5-87ef-bacc34a32423,03/04/2011,15:00,IPCA Inflation (Feb),MEDIUM,BRL,0.97%,-,-,0.83%,
b8acb38d-acd2-412b-9aec-3738297e19be,03/04/2011,15:30,Average Hourly Earnings (MoM) (Feb),MEDIUM,USD,0%,-1.36,0.2%,0.4%,
9aef26cb-79fb-4a41-9435-f6002646b139,03/04/2011,16:00,Consumer Price Index (MoM) (Feb),MEDIUM,RUB,0.8%,-,-,2.4%,
63dac1a6-393c-4a56-95ff-144be5e81d33,03/04/2011,16:30,Average Hourly Earnings (YoY) (Feb),LOW,USD,1.7%,-,-,2% ,
bf424237-bdec-4f8d-94c7-f06f6a51a8ad,03/04/2011,16:30,Average Weekly Hours (Feb),LOW,USD,34.3,0.00,34.3,34.2,
fda82244-28df-41d4-ae84-95eaf9ba9a0a,03/04/2011,16:30,Nonfarm Payrolls (Feb),HIGH,USD,194K,0.16,183K,19K,
e95920d5-6635-405c-9ea8-bd3aa28bc320,03/04/2011,16:30,Unemployment Rate (Feb),HIGH,USD,8.9%,-0.83,9.1%,9.1% ,
1305afd6-d0e0-4d8c-85b9-0d1d4a19533d,03/04/2011,18:00,Ivey Purchasing Managers Index (Feb),MEDIUM,CAD,69.3,2.63,47.9,41.4,
d8da62cf-180b-4025-901c-cffba0b40f59,03/04/2011,18:00,Factory Orders (MoM) (Jan),MEDIUM,USD,3.3%,1.42,2.2%,0.8% ,
9595b352-c4ff-4324-aa72-aefd17784346,03/04/2011,18:25,ECB's President Trichet speech,MEDIUM,EUR,,,,,SPEECH
0dc9463f-c5cc-4b14-9c8c-604c2a90c1e3,03/07/2011,00:45,Building Permits s.a. (MoM) (Jan),LOW,NZD,9.6%,-,-,-18.6% ,
ce18c464-8400-45fa-909a-ea6430a5f5c1,03/07/2011,02:30,AiG Performance of Construction Index (Feb),LOW,AUD,44.6,-,-,40.2,
762b78c0-f9c9-44d3-9081-b5088e88ce8b,03/07/2011,03:30,ANZ Job Advertisements (Feb),LOW,AUD,1.1%,-,-,2.4% ,
b1bd9a6c-5279-4777-b2a5-b3f37c97341a,03/07/2011,08:00,Coincident Index (Jan) PREL,LOW,JPY,106.2,6.00,105.9,102.4,
39ea0a2a-7ee3-428e-89cf-b9b2a2bb7422,03/07/2011,08:00,Leading Economic Index (Jan) PREL,MEDIUM,JPY,101.9,-,102.3,101.4,
cc804c7a-0739-4a90-8460-7b8cf62d0003,03/07/2011,09:00,Gross $Gold & Forex Reserve (Feb),LOW,ZAR,$47.31B,-,-,$45.471B,
9e659ff9-a73b-4db4-80c3-c8dc11cd379f,03/07/2011,09:00,Net $Gold & Forex Reserve (Feb),LOW,ZAR,$44.78B,-,-,$44.451B,
2d6b9d45-6a2d-4c8b-9cdc-49477325585e,03/07/2011,11:30,Industrial Production (MoM) (Feb),LOW,DKK,3.7%,-,-,-1.1%,
9a96421c-7e9b-4885-bbf0-3a6eab498def,03/07/2011,12:00,FX Reserves (Feb),LOW,CZK,€30.39B,-,-,€30.17B,
8e179de8-81e4-4146-914a-1e396ec900a2,03/07/2011,12:00,Manufacturing Output (Jan),LOW,NOK,0.6%,-,-,-1%,
5c66df8c-e017-4803-bd8f-1a1dfcc03797,03/07/2011,12:30,Sentix Investor Confidence (Mar),MEDIUM,EUR,17.1,0.15,16.8,16.7,
7863a753-de6d-4965-b549-bda7f1e09e11,03/07/2011,15:00,ECB's President Trichet speech,MEDIUM,EUR,,,,,SPEECH
36758bbd-ce89-474a-92bd-e3244db31311,03/07/2011,16:00,Central Bank FX Reserves (Feb),LOW,PLN,€74.9B,-,-,€70.2B,
89df9f02-68c1-4538-9c24-0bc152bd8740,03/07/2011,16:00,Fed's Lockhart speech,LOW,USD,,,,,SPEECH
9a331732-6de7-4508-8728-5f1598c67921,03/07/2011,16:30,Building Permits (MoM) (Jan),LOW,CAD,-6.6%,-1.25,3.3%,4.1% ,
d838c4f8-6b9e-4929-b07b-8b95125d7d16,03/07/2011,17:15,Fed's Richard Fisher speech,LOW,USD,,,,,SPEECH
eb0e19f1-0911-4603-a2a8-0efb89fa3c72,03/07/2011,19:00,Budget Balance (Feb),LOW,HUF,-436.9B,-,-,-122.8B,
9bea6bfb-b4c9-4f09-a0ee-f0fe9a7abd25,03/07/2011,23:00,Consumer Credit Change (Jan),LOW,USD,$4.45B,0.26,$3.6B,$-0.77B,
04ed4c9f-acfb-414e-a454-2da93f1f0698,03/08/2011,02:50,Current Account n.s.a. (Jan),LOW,JPY,¥461.9B,-0.03,¥470B,"¥1,352.9B",
e53c8483-744a-4682-b605-0b766903ecc5,03/08/2011,02:50,Money Supply M2+CD (YoY) (Feb),LOW,JPY,2.4%,0.82,2.3%,2.3%,
b501b851-5087-452c-a466-0ba36882ad92,03/08/2011,02:50,Trade Balance - BOP Basis (Jan),MEDIUM,JPY,¥-394.5B,-0.56,¥-371.8B,¥894.6B,
2f506a16-2be3-412c-9816-b05a980fc67d,03/08/2011,03:01,BRC Like-For-Like Retail Sales (YoY) (Feb),LOW,GBP,-0.4%,-,-,2.3%,
afba0cb1-0239-4f43-9d1c-ee130b0149be,03/08/2011,03:01,RICS Housing Price Balance (Feb),MEDIUM,GBP,-26%,0.00,-26%,-31%,
c4a12f8c-32d2-4243-ab2d-9e46cac0e1d1,03/08/2011,03:30,National Australia Bank's Business Conditions (Feb),LOW,AUD,-2,-,-,-6,
e2d369c6-f1d9-47ba-8ac7-dfa9a94e4e41,03/08/2011,03:30,National Australia Bank's Business Confidence (Feb),MEDIUM,AUD,14,-,-,4,
a862e9d9-2c4d-484a-a62b-eb11c3766f84,03/08/2011,08:00,Eco Watchers Survey: Current (Feb),LOW,JPY,48.4,1.72,45.7,47.7,
1cade187-c281-4e9e-b18c-d7028e21f51a,03/08/2011,08:00,Eco Watchers Survey: Outlook (Feb),LOW,JPY,47.2,-,-,48,
071460f3-1686-4016-a6bd-ba220f3fe65b,03/08/2011,08:00,Eco Watchers Survey: Outlook (Mar),MEDIUM,JPY,-,-,-,46,
9886e417-0748-4dc4-8523-ed66eb9074d0,03/08/2011,09:45,Unemployment Rate s.a (MoM) (Feb),MEDIUM,CHF,3.6%,-1.34,3.7%,3.8%,
d42cec10-1361-40fc-98a1-7a28fdeabe73,03/08/2011,09:45,Trade Balance EUR (Feb),LOW,EUR,€-6.1B,-,-,€-5.1B,
d47c0559-0fd8-4766-b80e-513f91218add,03/08/2011,11:00,Unemployment Rate (Feb),LOW,CZK,9.6%,-,-,9.7%,
dc4f9f2c-f537-4da5-badb-230dd1a6f0c7,03/08/2011,11:00,Industrial Output (YoY) (Jan),LOW,HUF,13.4%,-,-,8.5%,
2f3f2c83-eaa0-4b90-942a-05da05cea702,03/08/2011,11:00,Industrial Output (YoY) (Jan),LOW,EUR,17.3%,-,-,19.7%,
80f9abc8-302a-418f-8e9f-0a0c3451eaf8,03/08/2011,12:34,Gross Domestic Product (QoQ) (Q4),LOW,ISK,-1.5%,-,-,1.2% ,
f84c68a7-5c76-4e45-aa7a-faa07b04797b,03/08/2011,12:34,Gross Domestic Product (YoY) (Q4),LOW,ISK,0.1%,-,-,-2.1% ,
b3847cb0-b865-4aa3-87f9-127435e1375a,03/08/2011,12:35,Trade Balance (Feb),LOW,ISK,10.3B,-,-,8.5B,
e7e7ca16-909c-4820-a9b0-014e8ea6b0a9,03/08/2011,14:00,Factory Orders n.s.a. (YoY) (Jan),LOW,EUR,16.5%,0.32,15.6%,19.48%,
d064d690-1665-4a76-bde4-a8598f0289a3,03/08/2011,14:00,Factory Orders s.a. (MoM) (Jan),LOW,EUR,3.1%,0.18,2.5%,-3.2% ,
8a5f1f2b-9351-4e82-b591-b2d3989d9d4f,03/08/2011,16:15,Housing Starts s.a (YoY) (Feb),MEDIUM,CAD,183.7K,0.63,175K,170.2K,
685112be-7642-47f0-8d3f-80638a7fcb8d,03/08/2011,18:00,RealClearMarkets/TIPP Economic Optimism (MoM) (Mar),LOW,USD,43,-3.22,51.7,50.9,
f00266f4-2365-45d7-baff-72861d3253ff,03/09/2011,00:45,Visitor Arrivals (YoY) (Jan),LOW,NZD,1.8%,-,-,1.3%,
99c1ed4a-2f54-42db-9ada-7ec1942fe77a,03/09/2011,02:30,Westpac Consumer Confidence (Mar),MEDIUM,AUD,-2.4%,-,-,1.9%,
48acd117-6b13-4d1f-9805-07c5614d56d2,03/09/2011,02:50,Machinery Orders (MoM) (Jan),LOW,JPY,4.2%,0.20,2.8%,1.2% ,
dd0f187a-e9e6-4ef2-99bb-630571a43e77,03/09/2011,03:01,BRC Shop Price Index (YoY) (Feb),LOW,GBP,2.7%,-,-,2.5%,
eb91d968-1aa9-4bdd-acb6-918ee8255b50,03/09/2011,03:30,Home Loans (Q1),MEDIUM,AUD,-6.3%,-4.08,-0.3%,1.4% ,
c70dee73-48a4-4338-8ce0-3b813967b025,03/09/2011,03:30,Investment Lending for Homes (Q1),LOW,AUD,-6.8%,-,-,3.4% ,
4d3e0584-4c71-4bcd-a064-0ad8321410ca,03/09/2011,11:00,Consumer Price Index (MoM) (Feb),LOW,CZK,0.1%,-,-,0.7%,
2318fac5-9f87-4c6e-a3eb-377f885afe3b,03/09/2011,11:00,Consumer Price Index (YoY) (Feb),LOW,CZK,1.8%,-,-,1.7%,
139584ea-8278-4d06-b8ee-6743b712cd26,03/09/2011,11:00,Foreign Trade Balance (MoM) (Jan),LOW,CZK,13.99B,-,-,0.99B,
f4a3f542-483c-4e69-8b9e-6d70febc0489,03/09/2011,11:00,Industrial Production (MoM) (Jan),LOW,RON,1%,-,-,-0.2%,
c5dc9de8-b895-4a79-9909-ec71444e5d05,03/09/2011,11:15,Consumer Price Index (MoM) (Feb),MEDIUM,CHF,0.4%,0.54,0.3%,-0.4%,
ce878688-53a1-4234-bf5f-56bfbed9b29b,03/09/2011,11:15,Consumer Price Index (YoY) (Feb),MEDIUM,CHF,0.5%,0.58,0.4%,0.3%,
bee56236-4c52-4d7e-8770-f29c27fbf375,03/09/2011,11:30,Industrial Production Value (MoM) (Jan),LOW,SEK,3.2%,-,-,-2.1%,
8937a80e-053b-44b1-8e73-96ef25d41f58,03/09/2011,11:30,Industrial Production Value (YoY) (Jan),LOW,SEK,18.5%,-,-,10%,
c60ef104-6390-409e-9849-b80838f59787,03/09/2011,11:30,New Orders Manufacturing (YoY) (Jan),LOW,SEK,8.6%,-,-,17.7%,
90884fbf-6c06-4613-9175-8bd32860aa8d,03/09/2011,12:30,Goods Trade Balance (Jan),MEDIUM,GBP,£-7.789B,1.25,£-8.5B,£-9.514B,
80e0e279-c29d-4e46-9ba9-fb53552096e2,03/09/2011,12:30,Trade Balance; non-EU (Jan),LOW,GBP,£-4.21B,2.49,£-8.5B,£-5.538B,
ad4741df-97f0-4ee8-a30d-198c3684940b,03/09/2011,14:00,Industrial Production n.s.a. w.d.a. (YoY) (Jan),MEDIUM,EUR,12.5%,0.90,11.1%,10%,
6afb4a22-30e7-40db-aca3-0d51a97031dd,03/09/2011,14:00,Industrial Production s.a. (MoM) (Jan),MEDIUM,EUR,2%,0.18,1.8%,0.6% ,
746ea1bd-3ac8-4b81-b5a8-bfbbcafb1a7c,03/09/2011,15:00,MBA Mortgage Applications,LOW,USD,15.5%,-,-,-6.5%,
7054eabc-ef7e-449b-bce4-6785afd641be,03/09/2011,16:30,New Housing Price Index (MoM) (Jan),LOW,CAD,0.2%,0.38,0.1%,0.1%,
14503c17-931f-4238-a6af-467d7b5e8fbf,03/09/2011,16:45,RBA's Governor Stevens speech,MEDIUM,AUD,,,,,SPEECH
42b47d9e-d6c2-45b6-8fb4-668239d125ab,03/09/2011,18:00,Wholesale Inventories (Jan),LOW,USD,1%,0.00,1%,1% ,
e9b05749-f162-4d78-9034-8ab482d2ea89,03/09/2011,18:30,EIA Crude Oil Stocks Change,LOW,USD,2.5M,-,-,-0.364M,
4c86858b-30fe-4f7a-877d-aa99f7dfa0e7,03/09/2011,21:30,Treasury's Geithner speech,MEDIUM,USD,,,,,SPEECH
49136c76-7fd9-436f-95a5-ed639996038c,03/09/2011,23:00,RBNZ Interest Rate Decision,HIGH,NZD,2.5%,-,2.75%,3%,
47a71ae6-7230-41d3-b556-710cae178c09,03/10/2011,02:50,Gross Domestic Product (QoQ) (Q4),MEDIUM,JPY,-0.9%,-2.24,-0.3%,-0.8%,
f3828fac-6df6-4b1f-92de-6a10b8dee013,03/10/2011,02:50,Gross Domestic Product Annualized (Q4),MEDIUM,JPY,-3.7%,-2.23,-1.2%,-1.1%,
8f49c9fa-51be-45fa-9b32-9998e400fe1a,03/10/2011,02:50,Gross Domestic Product Deflator (YoY) (Q3),LOW,JPY,-1.9%,-1.24,-1.6%,-1.6%,
d119ceff-f9a0-4e33-bc7f-02379bb909dc,03/10/2011,02:50,Producer Price Index (MoM) (Feb),LOW,JPY,0.2%,-1.34,0.4%,0.4% ,
45694aa8-acd1-4d34-a9b8-129e4186ad46,03/10/2011,02:50,Producer Price Index (YoY) (Feb),LOW,JPY,1.7%,-1.20,1.9%,0.6% ,
30d3cb35-9b62-4d3e-9b2f-fc98f1f8c34a,03/10/2011,03:30,Employment Change s.a. (Feb),HIGH,AUD,-10.1K,-1.39,21.5K,24K,
e9abe824-191c-4321-a240-193651d69e43,03/10/2011,03:30,Unemployment Rate s.a. (Feb),HIGH,AUD,5%,0.00,5%,5%,
ddea735e-4476-4e93-a17f-154f68f96c88,03/10/2011,05:00,BoK Interest Rate Decision,LOW,KRW,3%,-,-,2.25%,
c7c6e458-ee16-4713-a9e5-3a88888f3edc,03/10/2011,06:01,Trade Balance USD (Feb),MEDIUM,CNY,$-7.3B,-,$5B,$5.78B,
f4af385a-4f9b-4e85-b926-6d138b64de87,03/10/2011,08:30,Nonfarm Payrolls (QoQ) (Q4),LOW,EUR,0.2%,-,-,-,
3ad560fd-755c-4421-9cdd-b746517eff63,03/10/2011,09:00,Machine Tool Orders (YoY) (Feb),LOW,JPY,73.9%,-,-,89.4% ,
c1481d64-4bff-4974-b685-883682a02e94,03/10/2011,10:00,Current Account n.s.a. (Jan),LOW,EUR,€7.1B,-0.93,€10.5B,€21.1B,
13b965f4-1e91-497f-8706-754e45dd2d3e,03/10/2011,10:00,Trade Balance s.a. (Jan),MEDIUM,EUR,€11.8B,-1.33,€14.3B,€12.7B,
874832be-8f92-457f-a230-1fc2463c2f95,03/10/2011,10:00,Industrial Output (MoM) (Jan),LOW,EUR,1.9%,-,-,1% ,
039fa5d0-1297-4dc3-8d01-98160ab50343,03/10/2011,10:00,Trade Balance (Jan),LOW,EUR,€-0.08B,-,-,€0.035B,
b064a1c3-0bef-406b-a5c4-6aa23fab12c2,03/10/2011,11:00,Trade Balance (Jan),LOW,HUF,€400.6M,-,-,€456.9M,
12e6988a-80f2-4766-834c-431dbf9c4eba,03/10/2011,11:00,Consumer Price Index (Feb),LOW,RON,7.6%,-,-,7%,
b484f101-7ae5-4bd1-93f8-1f34022bafc1,03/10/2011,11:30,Consumer Price Index (YoY) (Feb),LOW,DKK,2.7%,-,-,2.7%,
04bff188-9bf3-430a-9f11-85c20b9277f8,03/10/2011,11:30,Inflation (HICP) (YoY) (Feb),LOW,DKK,2.6%,-,-,2.6%,
bb2802aa-0d7d-4a6e-b098-cb09482fd392,03/10/2011,11:30,Consumer Price Index n.s.a (YoY) (Feb),LOW,EUR,1.9%,-,-,2%,
1a311122-309e-49ae-91d6-a5a8ab1e93b5,03/10/2011,11:30,Gross Domestic Product (QoQ) (Q4),LOW,EUR,-0.6%,-,-,-,
89aede7f-c1d3-4c5f-994f-ad6039801533,03/10/2011,11:30,Consumer Price Index (MoM) (Feb),LOW,SEK,0.6%,-,-,-0.5%,
a5e07097-bc0b-4320-bfd1-3ce906323067,03/10/2011,11:30,Consumer Price Index (YoY) (Feb),LOW,SEK,2.5%,-,-,2.5%,
7e473a9a-b01e-4869-a74d-1f726f0af22c,03/10/2011,12:00,ECB Monthly Report,MEDIUM,EUR,,,,,REPORT
d6a7569d-aeef-429d-9eb2-910c2dc2fd24,03/10/2011,12:00,Consumer Price Index (YoY) (Feb),LOW,NOK,1.2%,-,-,2%,
28769016-2a42-4fc1-8bc3-b2ef08543f3b,03/10/2011,12:00,Core Inflation (YoY) (Feb),LOW,NOK,0.8%,-,-,0.7%,
07a2d1b4-bbd9-40d1-8dc0-858ecffa3793,03/10/2011,12:00,Producer Price Index (YoY) (Feb),LOW,NOK,21.2%,-,-,22.2%,
f400a955-8eac-4170-8cbe-67724b8124fe,03/10/2011,12:30,Industrial Production (MoM) (Jan),MEDIUM,GBP,0.3%,-0.52,0.4%,-1.7% ,
161ec518-6374-4e50-b604-82d565bcd460,03/10/2011,12:30,Industrial Production (YoY) (Jan),LOW,GBP,4.2%,0.00,4.2%,-1.1% ,
7783eee8-1ae1-483d-b494-9d7c79b94377,03/10/2011,12:30,Manufacturing Production (MoM) (Jan),LOW,GBP,0.9%,0.92,0.6%,-1.2% ,
e380a1a2-d5f4-49d1-b903-1e28fdd07c11,03/10/2011,12:30,Manufacturing Production (YoY) (Jan),LOW,GBP,6.6%,0.73,6.3%,-1.5% ,
a7afafed-697c-49c9-a377-915549022371,03/10/2011,13:00,Gross Domestic Product (YoY) (Q4),LOW,EUR,1%,-,-,-,
31521681-fcab-4270-99fe-c73c987e793b,03/10/2011,13:40,Central Bank Reserves $,LOW,RUB,$497.2B,-,-,$484.7B,
6d6a0204-a2d9-4570-b305-a02461586201,03/10/2011,14:00,Manufacturing Production Index (YoY) (Jan),LOW,ZAR,1.3%,-,-,0.2%,
c5a0975b-9709-4c1c-83fc-c57a1dd95bc7,03/10/2011,15:00,Consumer Inflation Expectations (Mar),MEDIUM,AUD,3.6%,-,-,4.3%,
ae48d367-cc70-4abd-9bad-dad9a6755165,03/10/2011,15:00,BoE Interest Rate Decision,HIGH,GBP,0.5%,0,0.5%,0.5%,
47250c16-7b3f-4e1e-bf97-b42fd6ba1004,03/10/2011,16:15,RBA's Governor Stevens speech,MEDIUM,AUD,,,,,SPEECH
98ba2064-376e-470a-955e-2baf65b89776,03/10/2011,16:30,International Merchandise Trade (Jan),MEDIUM,CAD,$0.382B,-1.65,$2.5B,$1.12B,
2d2ac5f3-faf3-49e1-869c-926b4166e5b5,03/10/2011,16:30,Continuing Jobless Claims,LOW,USD,3.786M,-,-,3.774M,
f198813f-7d71-4a57-9099-a1567d05bec0,03/10/2011,16:30,Goods and Services Trade Balance (Jan),MEDIUM,USD,$-46.97B,-1.73,$-41.4B,$-41.7B,
e36f6c53-8a56-4859-b41f-666f26cfa318,03/10/2011,16:30,Initial Jobless Claims,LOW,USD,401K,1.72,378K,368K,
52c11f1e-ec4e-4fe3-b39f-14569d847896,03/10/2011,18:00,NIESR GDP Estimate (3M) (Feb),MEDIUM,GBP,0.1%,-,-,-0.1% ,
cc56792f-59ec-49f1-be9c-d8a236bbfe92,03/10/2011,22:00,Monthly Budget Statement (Feb),MEDIUM,USD,$-222.5B,1.16,$-240B,$-49.8B,
781423e0-3283-4ef8-a3d6-8544f6fd537e,03/11/2011,00:45,Food Price Index (MoM) (Feb),LOW,NZD,0.1%,-,-,1.8%,
899991ce-fa04-41be-857f-ada52a6069b3,03/11/2011,03:00,EU Extraordinary Economic Summit,MEDIUM,EUR,,,,,ALL DAY
a3db7e39-2027-443b-941a-53432fb17e10,03/11/2011,03:00,Foreign Trade (Jan),LOW,RUB,$14.9B,-,$19.2B,$15.44B,
481ecd3d-fe5a-4d74-b56a-9b6623cf6dc9,03/11/2011,05:00,Consumer Price Index (YoY) (Feb),MEDIUM,CNY,4.9%,0.70,4.7%,4.9%,
69c386bb-45eb-4eaa-ad30-6e3dd4ff47e6,03/11/2011,05:00,Fixed Asset Investment (YTD) (YoY) (Feb),LOW,CNY,24.9%,9.41,23.3%,24.5%,
7cc89cad-773c-4bd8-8f49-6264f91eea3d,03/11/2011,05:00,Industrial Production (YoY) (Feb),LOW,CNY,14.1%,3.27,13.3%,13.5%,
4b71522c-f205-452b-9568-44c7abb201fd,03/11/2011,05:00,Producer Price Index (YoY) (Feb),MEDIUM,CNY,7.2%,2.12,6.9%,6.6%,
c4e37526-5c6b-48d4-ad4d-1da5b6849ba7,03/11/2011,05:00,Retail Sales (YoY) (Feb),MEDIUM,CNY,15.8%,-14.81,19%,19.1%,
cd25320b-fc27-427d-bac5-4b0dd8cf123f,03/11/2011,08:30,Industrial Output (Jan),LOW,INR,3.7%,-,-,8.1% ,
e2be182f-fe3d-45e2-85d0-9213817f7048,03/11/2011,08:42,Cumulative Industrial Output (Jan),LOW,INR,8.3%,-,-,8.6%,
d4be28c7-87ee-4a9e-be18-69b362b5705e,03/11/2011,08:42,Manufacturing Output (Jan),LOW,INR,3.3%,-,-,1%,
710b9ad8-1472-4b41-bd9f-1f7d8c5fe7de,03/11/2011,10:00,Gross Domestic Product (YoY) (Q1),LOW,CZK,2.6%,-,-,-,
38c2b6ec-3551-4436-99fc-4a884026349d,03/11/2011,10:00,Consumer Price Index (MoM) (Feb),MEDIUM,EUR,0.5%,0.00,0.5%,0.5%,
6878fb07-2e8f-45bf-bb4c-96e29374ffe4,03/11/2011,10:00,Consumer Price Index (YoY) (Feb),MEDIUM,EUR,2.1%,-1.22,2.2%,2%,
8fcd5364-270a-4078-bc6c-1a081d21cbcb,03/11/2011,10:00,Wholesale Price Index (MoM) (Feb),LOW,EUR,1.4%,0.48,1%,1% ,
fde41b8a-43ba-449c-8134-0537d063ea2c,03/11/2011,10:00,Wholesale Price Index (YoY) (Feb),LOW,EUR,10.8%,-,-,7.5% ,
3f56a618-9c19-4ac5-a23f-91d661da0765,03/11/2011,10:00,Harmonized Index of Consumer Prices (YoY) (Feb),LOW,EUR,3.3%,-,-,-,
e632a17e-164c-416e-9e57-f293de48e150,03/11/2011,11:00,Construction output (YoY) (Jan),LOW,CZK,8.3%,-,-,-14.6% ,
6a120ff1-d940-4323-b290-72dd712714fb,03/11/2011,11:00,Industrial Production (YoY) (Jan),LOW,CZK,16.9%,-,-,12.7% ,
2f520def-4a2f-4c00-87f1-14424d2134e0,03/11/2011,11:00,Consumer Price Index (YoY) (Feb),LOW,HUF,4.1%,-,-,4%,
9cb9b8e6-b121-4ea4-8b60-fba3ced1eaa3,03/11/2011,11:00,Core Consumer Price Index (YoY) (Feb),LOW,HUF,1.9%,-,-,1.7%,
8a4f48e1-d9a1-4a9d-ad55-6c3338b015ba,03/11/2011,11:00,Gross Domestic Product (YoY) (Q4),LOW,HUF,1.9%,-,-,2%,
eaf60e1a-259e-47fd-ac38-73be8cc44fcd,03/11/2011,11:00,Gross Domestic Product (QoQ) (Q4),LOW,EUR,0.1%,-,-,-,
144f10f8-d1ee-4e3b-823b-2071f430d825,03/11/2011,11:00,Gross Domestic Product (YoY) (Q4),LOW,EUR,1.5%,-,-,-,
bf9426b5-14b0-45cc-b380-c96487240275,03/11/2011,11:00,Core Inflation (MoM) (Feb),LOW,EUR,0.4%,0,0.4%,0.5%,
7126f684-25f4-4417-a12f-1f40424ec513,03/11/2011,11:00,Core Inflation (YoY) (Feb),LOW,EUR,1.8%,-,-,1.6%,
f6456330-10d5-4b2c-bd0e-e69c17ebe079,03/11/2011,11:00,Foreign Trade Balance (Jan),LOW,EUR,€136M,-,-,€-193M,
0092604f-84aa-4edf-bfba-462a868fa0f9,03/11/2011,11:00,Headline Inflation (MoM) (Feb),LOW,EUR,0.3%,-,-,1.9%,
10f28836-78a1-4fc3-a755-bf2d2293eba1,03/11/2011,11:00,Headline Inflation (YoY) (Feb),LOW,EUR,3.3%,-,-,3%,
05477587-6679-490b-8dce-546c5e37f974,03/11/2011,11:30,Current Account (Jan),LOW,DKK,8.8B,-,-,7.8B,
e71242ae-4383-415e-89e9-4258603dd4da,03/11/2011,11:30,Trade Balance (Jan),LOW,DKK,6.3B,-,-,6B,
a3c36e66-1e9d-4451-bab9-5dd2213ff47c,03/11/2011,12:30,Producer Price Index - Input (MoM) n.s.a (Feb),MEDIUM,GBP,1.4%,-0.12,1.5%,1.8% ,
2d9c81ea-13d3-42ab-b6d1-9050742368de,03/11/2011,12:30,Producer Price Index - Input (YoY) n.s.a (Feb),MEDIUM,GBP,14.9%,0.58,14.4%,13.4% ,
767c7bca-a9e7-4e60-9ab0-b4d212f124dd,03/11/2011,12:30,Producer Price Index - Output (MoM) n.s.a (Feb),MEDIUM,GBP,0.5%,-0.35,0.6%,1% ,
47d4a8fa-beb4-4a20-a56c-192fa78d74ba,03/11/2011,12:30,Producer Price Index - Output (YoY) n.s.a (Feb),MEDIUM,GBP,5.3%,0.11,5.2%,4.8% ,
4d7261a2-6ad8-4535-bcc1-5dd7c3e5419f,03/11/2011,14:30,Bank Loan Growth,LOW,INR,23.2%,-,-,23.9%,
6e9c0583-fb70-4362-8e2e-7128a211589c,03/11/2011,14:30,"FX Reserves, USD",LOW,INR,$302.59B,-,-,$300.786B,
0a73943f-b13b-468f-84b9-298da4860a8d,03/11/2011,14:30,M3 Money Supply,LOW,INR,16.5%,-,-,16.9%,
9e9e5102-913d-4ab4-8890-88c76e428c9d,03/11/2011,15:00,Net Change in Employment (Feb),HIGH,CAD,15.1K,-0.36,23.5K,59.3K,
80072204-6f8b-4588-af8f-73f79c423ef9,03/11/2011,15:00,Unemployment Rate (Feb),HIGH,CAD,7.8%,0.62,7.7%,7.8%,
b9db3385-661f-4aeb-9356-bf10d0b52fb5,03/11/2011,16:30,Fed's Dudley speech,LOW,USD,,,,,SPEECH
5704647a-277d-4b02-9360-c46f975cae8e,03/11/2011,16:30,Retail Sales (MoM) (Feb),MEDIUM,USD,1.1%,0.82,0.9%,0.8% ,
edd9f136-4f29-4c15-9ff8-70e82972a24b,03/11/2011,16:30,Retail Sales ex Autos (MoM) (Feb),MEDIUM,USD,1.1%,1.71,0.6%,0.6%,
8e67689e-3461-4feb-8e7f-ff5b59c45b7f,03/11/2011,17:55,Michigan Consumer Sentiment Index (Mar) PREL,MEDIUM,USD,68.2,-4.91,76.3,77.5,
866f5603-609e-4554-a80d-cc42c09ab0fc,03/11/2011,18:00,Business Inventories (Jan),LOW,USD,1%,0.90,0.7%,1.2% ,
4c130223-0c0d-4863-9cd5-9ecd0e9da73b,03/11/2011,23:45,BoE's Governor King speech,MEDIUM,GBP,,,,,IN PROGRESS
c1362447-022f-4598-823a-2a8397d47133,03/14/2011,03:00,M2 Money Supply (YoY) (Feb),LOW,CNY,15.7%,-13.00,17%,17.2%,
5d2dd76d-82b1-42f0-9268-5e1564176f3e,03/14/2011,05:30,BoE's Governor King speech,MEDIUM,GBP,,,,,IN PROGRESS
1d6db523-7993-40c8-bf54-af897b06cedb,03/14/2011,07:30,Capacity Utilization (Jan),LOW,JPY,3.6%,-,-,1.7% ,
5f7e210e-dbe0-494a-bb79-3c06b073919c,03/14/2011,07:30,Industrial Production (MoM) (Jan),MEDIUM,JPY,1.3%,-1.36,2.4%,2.4%,
0bcc0ab3-df31-4944-a483-b1cb8437ab63,03/14/2011,07:30,Industrial Production (YoY) (Jan),MEDIUM,JPY,3.5%,-,-,4.7%,
6f421396-063b-4bbe-bb7a-95659af5fa84,03/14/2011,08:00,Consumer Confidence Index (Feb),MEDIUM,JPY,40.6,-,-,41.7,
121e0613-ef7f-49c7-92bf-7d0cd0f94904,03/14/2011,08:48,BoJ Interest Rate Decision,MEDIUM,JPY,0.1%,0,0.1%,0.1%,
7e45d295-0841-4d12-ae75-51190709c436,03/14/2011,09:30,WPI Inflation (Feb),LOW,INR,8.31%,-,-,8.23%,
56456b8a-c023-4f26-9068-06aa29bef48f,03/14/2011,10:00,Consumer Price Index (YoY) (Feb),LOW,EUR,3.3%,-,-,3%,
b5c23c2e-51bf-4fe7-950c-894cd81a4abd,03/14/2011,10:16,BoJ Monetary Policy Statement,MEDIUM,JPY,,,,,REPORT
fa0fbe68-98bd-4514-ae51-ba53ac841b30,03/14/2011,11:00,Trade Balance (Jan),LOW,RON,€-0.19B,-,-,€-0.778B,
f638001c-f752-4300-b60c-bebf210adc92,03/14/2011,12:00,Current Account (MoM) (Jan),LOW,CZK,-0.31B,-,-,-0.69B,
7b602768-7e20-4f97-b0ec-278d03b744cb,03/14/2011,13:00,Industrial Production s.a. (MoM) (Jan),MEDIUM,EUR,0.2%,-0.25,0.4%,0.7% ,
2d0d6637-efc9-4b60-99e5-03fd076919ca,03/14/2011,13:00,Industrial Production w.d.a. (YoY) (Jan),LOW,EUR,6.3%,-,-,9.3% ,
a07692f7-9e04-4b52-932e-8ea8f91dd9bc,03/14/2011,15:30,Capacity Utilization (Q4),LOW,CAD,76.8%,-5.72,79.1%,79.3% ,
6204d3c7-0661-4012-b468-c8facb1b28c0,03/14/2011,16:00,M3 Money Supply (YoY) (Feb),LOW,PLN,8.3%,-,-,8.1%,
f01c2e5b-e071-4de9-ab9b-40656a3e10fa,03/15/2011,03:00,EcoFin Meeting,MEDIUM,EUR,,,,,ALL DAY
cb9f74cf-daef-46a0-95ac-e65e1712479c,03/15/2011,03:30,New Motor Vehicle Sales (MoM) (Feb),LOW,AUD,0.2%,-,2.3%,-1.9% ,
20b26203-aeb8-4638-8e8e-ab92f1aa1e0d,03/15/2011,03:30,New Motor Vehicle Sales (YoY) (Feb),LOW,AUD,-1.5%,-,-,-2.8%,
5181989e-fec4-4311-a0b1-03b20634f8ad,03/15/2011,03:30,RBA Meeting Minutes,HIGH,AUD,,,,,REPORT
b36ae6e3-e144-41df-814e-1d755df5fcbc,03/15/2011,07:40,FDI - Foreign Direct Investment (YTD) (YoY) (Feb),LOW,CNY,27.1%,-,-,23.4%,
81c2e9df-dfc3-49bf-bdd1-2d1f12191d47,03/15/2011,09:00,Machine Tool Orders (YoY),NONE,JPY,-,-,-,73.7% ,
7d3d67fd-9919-44d9-a76a-d5f165f67be7,03/15/2011,11:00,Import Prices (YoY) (Jan),LOW,CZK,4.6%,-,-,5.9%,
cba74abb-1860-46b9-a557-dc07253d6248,03/15/2011,11:00,Producer Price Index (MoM) (Feb),LOW,CZK,0.5%,-,-,1.4%,
6fd97da1-7ed5-4285-9144-74a6a333f88c,03/15/2011,11:00,Producer Price Index (YoY) (Feb),LOW,CZK,5.4%,-,-,4.6%,
3a357848-ed9d-4e3d-a969-98d0b5a9c189,03/15/2011,11:00,Current Account (Jan),LOW,EUR,€0.4B,-,-,€0.8B,
99440616-1195-472c-8499-740c60b0c3db,03/15/2011,11:30,Manufacturing Output (MoM) (Jan),LOW,EUR,2.8%,-,-,-0.4% ,
8163161b-55d1-477d-8992-512bb6e71aa5,03/15/2011,11:30,Retail Sales (YoY) (Jan),LOW,EUR,1.5%,-,-,0.6% ,
d8dc5725-ad55-4091-9a56-f0f67e90e133,03/15/2011,12:30,DCLG House Price Index (YoY) (Jan),LOW,GBP,0.5%,-3.47,3.5%,3.8%,
81a27e2f-7663-418f-af3e-3ce004942468,03/15/2011,13:00,ZEW Survey – Current Situation (Mar),MEDIUM,EUR,85.4,0.12,84.9,85.2,
32e8bf4d-266e-42ae-ab8e-b8f1b40793ce,03/15/2011,13:00,ZEW Survey – Economic Sentiment (Mar),HIGH,EUR,14.1,-0.40,16.2,15.7,
8aa0c46c-4116-4713-9c91-077b3fbd1d29,03/15/2011,13:00,Employment Change (QoQ) (Q4),LOW,EUR,0.2%,0,0.2%,0%,
28afc4d9-ea35-4690-914e-993627f2ba51,03/15/2011,13:00,Employment Change (YoY) (Q4),LOW,EUR,0.2%,-,-,-0.3% ,
e5117e6f-6f6d-4227-9b6a-0ad914cac9b9,03/15/2011,13:00,ZEW Survey – Economic Sentiment (Mar),MEDIUM,EUR,31,-0.70,34.5,29.5,
1e03ce25-fba6-470d-a395-2641c0c1dd3c,03/15/2011,15:30,Retail Sales (MoM) (Jan),LOW,BRL,1.2%,-,-,0% ,
6a85e89d-6e97-405d-a436-7794c566307b,03/15/2011,15:30,Labor Productivity (QoQ) (Q4),LOW,CAD,0.3%,0.00,0.3%,0.8% ,
95e0642f-74dd-454d-be98-e07b29675ba1,03/15/2011,15:30,New Motor Vehicle Sales (MoM) (Jan),LOW,CAD,3.2%,0.33,2.3%,-4.8%,
c8ab96ce-eade-439e-8a08-fb87937fda3d,03/15/2011,15:30,Import Price Index (MoM) (Feb),LOW,USD,1.4%,1.56,0.9%,1.5% ,
2c7c53f7-9ee2-4313-92a2-70f293d6e208,03/15/2011,15:30,Import Price Index (YoY) (Feb),LOW,USD,6.9%,0.18,6.5%,5.6% ,
f3a2a120-68d5-4a8b-ab79-ed6036f747f6,03/15/2011,15:30,NY Empire State Manufacturing Index (Mar),LOW,USD,17.5,0.11,16.2,12.1,
3b7d1cd7-2060-43b8-9ca8-7937399e45f0,03/15/2011,16:00,Consumer Price Index (MoM) (Feb),LOW,PLN,0.2%,-,-,1.2%,
09b29be1-dc88-41ea-8cb1-6d5934bed742,03/15/2011,16:00,Consumer Price Index (YoY) (Feb),LOW,PLN,3.6%,-,-,3.8%,
8b1b95b7-6d46-4e72-9596-2a28bbe8ce29,03/15/2011,16:00,Net Long-Term TIC Flows (Jan),MEDIUM,USD,$51.1B,-0.62,$72.3B,$61.3B,
b43eb33a-1702-4971-9826-d47b79cf7c92,03/15/2011,16:00,Total Net TIC Flows (Jan),LOW,USD,$30.6B,-,-,$59.4B,
8d7480a8-512d-4e0c-b594-bcb8fc627fd0,03/15/2011,16:30,Export Price Index (MoM) (Feb),LOW,USD,1.3%,-,-,1.2%,
22748900-7d34-4f18-ae0f-fda28a97955b,03/15/2011,17:00,NAHB Housing Market Index (Mar),LOW,USD,17,0.00,17,16,
7c06c595-ffbe-4256-8c6d-e16d217b6117,03/15/2011,21:15,Fed Interest Rate Decision,HIGH,USD,0.25%,0,0.25%,0.25%,
a3cdd172-f74d-4c95-b14a-647e974ff7be,03/16/2011,02:30,Westpac Leading Index (MoM) (Feb),LOW,AUD,-0.17%,-,-,0.27%,
f37243f6-8aba-4f09-943e-168d33eecd40,03/16/2011,02:50,BSI Large Manufacturing Conditions Index (QoQ) (Q1),MEDIUM,JPY,-3.2,-,-,-8,
eca4e4ca-b50c-43d4-a9b3-b8f60db04ebc,03/16/2011,03:30,Dwelling Unit Starts (QoQ) (Q4),LOW,AUD,-4%,-0.38,-1.1%,-13.2%,
128de484-a6cd-4d2f-9a7a-35dfda8c6f17,03/16/2011,08:00,BoJ Monthly Economic Survey,MEDIUM,JPY,,,,,REPORT
cfe2cb2f-a4b8-4ab6-b560-5c37254342e1,03/16/2011,10:00,BoE's Governor King speech,MEDIUM,GBP,,,,,IN PROGRESS
c377e2da-da10-48d2-beb5-9f3586b59342,03/16/2011,11:00,Retail Sales (YoY) (Jan),LOW,CZK,6.9%,-,-,-0.2%,
7cabe38f-ba85-4cfc-b6fa-1abcb3f38aa4,03/16/2011,11:00,EU Norm Inflation (MoM) (Feb),LOW,EUR,0.3%,-,-,2.1%,
4b285a67-59ea-447a-9de1-06f30d1efd1d,03/16/2011,11:00,EU Norm Inflation (YoY) (Feb),LOW,EUR,3.5%,-,-,3.2%,
1bd45f87-4fb5-43ef-bb5f-d8b44323d8d4,03/16/2011,12:00,CBI Interest Rate Decision,LOW,ISK,4.25%,-,-,4.25%,
a9ff49be-e733-4788-a03b-cb38558da1a3,03/16/2011,12:30,Average Earnings Excluding Bonus (3Mo/Yr) (Jan),MEDIUM,GBP,2.3%,0.86,2.2%,2.2% ,
a2819fa8-e715-4c6e-a273-758f19c14c8c,03/16/2011,12:30,Average Earnings Including Bonus (3Mo/Yr) (Jan),MEDIUM,GBP,2.3%,0.63,2.2%,2.2% ,
46704012-24f9-42fa-b51b-65ee0dfb2c75,03/16/2011,12:30,Claimant Count Change (Feb),MEDIUM,GBP,-10.2K,-,-,7.8K,
badffb81-6e79-4368-959f-b61b8d8deed6,03/16/2011,12:30,Claimant Count Rate (Feb),MEDIUM,GBP,4.5%,0.00,4.5%,4.4% ,
48dc2dc5-d978-4385-8014-515b160769b3,03/16/2011,12:30,ILO Unemployment Rate (3M) (Jan),MEDIUM,GBP,8%,0.98,7.9%,7.9%,
14ce9eb4-062d-4110-ace1-a816eb07f7d6,03/16/2011,13:00,ZEW Survey – Expectations (Mar),MEDIUM,CHF,-13.5,-,-,-17.2,
7a0ecb1a-2468-4bf9-8ebc-7b05d9386312,03/16/2011,13:00,Core Harmonized Index of Consumer Prices (YoY) (Feb),MEDIUM,EUR,1%,-1.21,1.1%,1.1%,
def98512-cd94-4be2-adbf-5691549cb292,03/16/2011,13:00,Harmonized Index of Consumer Prices (MoM) (Feb),LOW,EUR,0.4%,0.00,0.4%,-0.7%,
563a29c9-87cf-4e19-9988-aec4f5bd303a,03/16/2011,13:00,Harmonized Index of Consumer Prices (YoY) (Feb),MEDIUM,EUR,2.4%,0.00,2.4%,2.4%,
9446c03c-5719-4e8f-a32d-b38a9cbe3da1,03/16/2011,14:00,MBA Mortgage Applications,LOW,USD,-0.7%,-,-,15.5%,
aef380eb-1b2a-47fa-9497-268876ace369,03/16/2011,14:00,Retail Sales (YoY) (Jan),LOW,ZAR,6.3%,-,-,8.3%,
92188121-c705-4923-82fc-b870dde54eac,03/16/2011,15:30,Manufacturing Sales (MoM) (Jan),LOW,CAD,4.4%,2.22,1.5%,2.4% ,
73d0b5c8-52a4-4b9e-bdaf-a6033d38e2f2,03/16/2011,15:30,Building Permits (MoM) (Feb),LOW,USD,0.534M,-0.85,0.565M,0.576M,
3c198528-aaba-4faf-bc10-4f17b8ab3cd0,03/16/2011,15:30,Current Account (Q4),LOW,USD,$-112.2B,-1.34,$-109B,$-116.6B,
48b74ee3-3d28-4c84-ad5a-d28ccacac0d7,03/16/2011,15:30,Housing Starts (MoM) (Feb),MEDIUM,USD,0.512M,-1.51,0.575M,0.63M,
0bd7382e-ac79-47fa-b73e-84bd49481804,03/16/2011,15:30,Producer Price Index (MoM) (Feb),LOW,USD,1.6%,3.86,0.7%,0.6% ,
5380d5e2-4296-45fa-85ef-860767715386,03/16/2011,15:30,Producer Price Index (YoY) (Feb),MEDIUM,USD,5.6%,3.81,4.8%,2.4% ,
418556a4-ef34-40d1-877c-317d9f25f7de,03/16/2011,15:30,Producer Price Index ex Food & Energy (MoM) (Feb),LOW,USD,0.2%,0.00,0.2%,0.4% ,
ae093194-4b2d-4629-ac78-a1dc25a18d1d,03/16/2011,15:30,Producer Price Index ex Food & Energy (YoY) (Feb),MEDIUM,USD,1.8%,0.00,1.8%,1.3% ,
d0dbd88f-b55b-46c0-b8bb-bb711d7d7440,03/16/2011,16:00,Norges Bank Interest Rate Decision,LOW,NOK,2%,-,-,1.75%,
402ee0d7-3c9f-4dd2-adf0-b580ba408546,03/16/2011,16:00,Corporate Sector Wages (Feb),LOW,PLN,4.1%,-,-,5%,
ed4a3f9b-585a-4f49-bcf5-964707f25254,03/16/2011,17:30,EIA Crude Oil Stocks Change,LOW,USD,1.745M,-,-,2.5M,
5bb1b098-cf05-4865-bb0a-d34380f6f564,03/16/2011,17:39,Industrial Output (Feb),LOW,RUB,5.8%,-0.37,7.2%,6.7%,
467533c2-667f-4120-9bdf-76fb2746343c,03/17/2011,02:50,BoJ Monetary Policy Meeting Minutes,LOW,JPY,,,,,REPORT
235f77ab-df51-436e-b3de-1467c81c1353,03/17/2011,02:50,Tertiary Industry Index (MoM) (Jan),MEDIUM,JPY,-0.1%,-5.80,1.5%,-0.8%,
1ee344de-9c02-4b3b-8154-4a6f5c391c33,03/17/2011,04:30,RBA Foreign Exchange Transaction (Feb),LOW,AUD,414M,-,-,326M,
1820f01c-7373-4265-a42d-1451cd432c7d,03/17/2011,09:45,SECO Economic Forecasts (Mar),MEDIUM,CHF,,,,,REPORT
ad760128-5753-4bdf-9628-5fd651a3882d,03/17/2011,10:00,Export Prices (YoY) (Feb),LOW,EUR,7.9%,-,-,7.6%,
18a4663a-2d6d-4975-b61c-bf332e60759b,03/17/2011,10:00,Import Prices (YoY) (Feb),LOW,EUR,10%,-,-,11.3%,
9c4c19c5-8dc4-4baf-b2fd-77398f9e1c32,03/17/2011,10:00,Producer Price Index (YoY) (Feb),LOW,EUR,7.8%,-,-,7.2%,
4fcdf1ee-6a98-409b-84a0-068184562765,03/17/2011,10:04,RBI Interest Rate Decision (Repo Rate),LOW,INR,6.75%,-,-,6.5%,
6a409b7f-ee21-4d75-8eb8-b230ff213d1b,03/17/2011,10:04,Cash Reserve Ratio,LOW,INR,6%,-,-,6%,
ec80903b-4fa1-4b3d-8af6-00af32f42943,03/17/2011,10:04,Reverse Repo Rate,LOW,INR,5.75%,-,-,5.5%,
17dd4831-b79f-422b-98a9-f95e184f5f23,03/17/2011,10:30,SNB Press Conference,HIGH,CHF,,,,,SPEECH
36b22ab7-70a8-4488-9792-4b58f98e9ff8,03/17/2011,11:15,Industrial Production (QoQ) (Q4),MEDIUM,CHF,7.7%,1.52,4.7%,1.8% ,
27abe331-2b18-4597-9b6d-76bcc294eb23,03/17/2011,11:15,Industrial Production (YoY) (Q4),MEDIUM,CHF,6%,-0.03,6.3%,6.2% ,
a2e8e71f-7446-420d-82f0-e8affcb23888,03/17/2011,11:30,SNB Interest Rate Decision,HIGH,CHF,0.25%,0,0.25%,0.25%,
c35fc3fa-2d0a-4652-b2c5-be1f9f89cb4c,03/17/2011,11:30,Unemployment Rate s.a (3M) (Feb),LOW,EUR,5.1%,-,-,5.1%,
0504ae47-781e-4948-92d3-4baf987325a5,03/17/2011,11:30,Unemployment Rate (Feb),LOW,SEK,7.9%,-,-,8.2%,
9b77949f-2465-4507-b44a-b5aea29c2ca6,03/17/2011,11:30,Consumer Inflation Expectations,HIGH,GBP,4%,-,-,-,
f3d48d63-1ab3-4c17-aa7b-4ee3b48e8d5a,03/17/2011,12:00,Producer Price Index (MoM) (Feb),LOW,RUB,3.3%,-,1.5%,1% ,
29f7d4a9-44fd-48d5-b66c-46c9e7f9c9e9,03/17/2011,12:00,Producer Price Index (YoY) (Feb),LOW,RUB,21.4%,-,-,16.7% ,
1dc8d30a-bb69-4341-9d8b-66c88a3749a1,03/17/2011,13:00,Construction Output s.a (MoM) (Jan),LOW,EUR,3.6%,-,-,-6% ,
8dad98be-7780-48cd-80c0-8969df37b48e,03/17/2011,13:00,Construction Output w.d.a (YoY) (Jan),LOW,EUR,-4.5%,-,-,-0.8% ,
d2c55805-d89e-40b4-9f60-83728a06f024,03/17/2011,13:00,Central Bank Reserves $,LOW,RUB,$497.3B,-,-,$492.7B,
0a8b8b1f-4c46-4e9c-a9c6-1bda90355429,03/17/2011,15:30,Canadian Portfolio Investment in Foreign Securities (Jan),LOW,CAD,$-1.98B,-,-,$-1.94B,
377a3126-d572-46b7-9bcb-719a7741c73f,03/17/2011,15:30,Foreign Portfolio Investment in Canadian Securities (Jan),LOW,CAD,$13.37B,0.92,$10.36B,$10.23B,
c90a8c45-b733-4eaa-8e2c-55e7da91aa20,03/17/2011,15:30,Wholesale Sales (MoM) (Jan),LOW,CAD,1.6%,0.75,1.1%,1% ,
43786c52-e73c-4aae-a0ae-390b6dfa32de,03/17/2011,15:30,Consumer Price Index (MoM) (Feb),LOW,USD,0.5%,2.04,0.4%,0.3% ,
51d4572d-364f-4761-82ce-d62d60632962,03/17/2011,15:30,Consumer Price Index (YoY) (Feb),MEDIUM,USD,2.1%,2.12,2%,1.6%,
1eaa2c4d-7d56-44c3-9aa2-f0152e1dc4f0,03/17/2011,15:30,Consumer Price Index ex Food & Energy (MoM) (Feb),LOW,USD,0.2%,1.25,0.1%,0.2%,
85c6b701-d2cb-4a7c-8145-66b630a935f1,03/17/2011,15:30,Consumer Price Index ex Food & Energy (YoY) (Feb),MEDIUM,USD,1.1%,0.00,1.1%,1%,
48293e1b-f587-4037-b3b3-d8376fc7c070,03/17/2011,15:30,Continuing Jobless Claims,LOW,USD,3.723M,-1.80,3.75M,3.771M,
2467522a-767d-489b-9200-07e4a8a5e39d,03/17/2011,15:30,Initial Jobless Claims,LOW,USD,387K,0.00,387K,397K,
631babba-353c-4cd2-b928-3e79fafb4ef8,03/17/2011,16:00,Industrial Output (YoY) (Feb),LOW,PLN,10.7%,-,-,10.3%,
ee062792-6206-40ad-89ae-a17eb674a471,03/17/2011,16:00,Producer Price Index (YoY) (Feb),LOW,PLN,7.5%,-,-,6.2%,
d0e84c37-6d18-482a-80e8-9f4df76b995d,03/17/2011,16:15,Capacity Utilization (Feb),LOW,USD,76.5%,0.00,76.5%,75.5% ,
6c9f1cda-d56a-4a57-ab55-ac20cb1590ab,03/17/2011,16:15,Industrial Production (MoM) (Feb),MEDIUM,USD,0.1%,-1.12,0.6%,-0.2% ,
38d3701e-2a76-4c42-ad3f-983679eb4948,03/17/2011,17:00,Philadelphia Fed Manufacturing Survey (Mar),MEDIUM,USD,43.4,1.83,29,28.9,
a0e25e68-e337-42e0-ae15-49caf8e82aad,03/18/2011,01:00,G7 Meeting,MEDIUM,EUR,-,-,-,-,
ddf446b9-d3f6-4975-a582-b1b31fd001f3,03/18/2011,03:01,Nationwide Consumer Confidence (Feb),LOW,GBP,39,-1.84,48,47,
d7acb2be-3304-46e4-a7e8-0fc505278bfc,03/18/2011,08:00,Coincident Index (Jan),LOW,JPY,105.4,-,-,106.2,
db7cba26-1bf1-475d-add9-de0e3484803d,03/18/2011,08:00,Leading Economic Index (Jan),LOW,JPY,100.9,-,-,101.9,
ee72b167-cf1b-47c9-8d4f-f81fe5d77fec,03/18/2011,10:00,Producer Price Index (MoM) (Feb),MEDIUM,EUR,0.7%,0.00,0.7%,1.1% ,
e47eb7ce-7a25-4574-900a-f51aba231f95,03/18/2011,10:00,Producer Price Index (YoY) (Feb),MEDIUM,EUR,6.4%,0.41,6.3%,5.3% ,
415d628f-61f7-4129-acb9-2ffeb01e9a63,03/18/2011,11:00,Gross Wages (YoY) (Jan),LOW,HUF,1.6%,-,-,-4.6%,
f6511212-5681-4fc8-9a2e-d61078596502,03/18/2011,11:15,Producer and Import Prices (MoM) (Feb),LOW,CHF,0.2%,-0.93,0.4%,0.1%,
6068d156-6f6c-4895-b2e5-b823928cf18d,03/18/2011,11:15,Producer and Import Prices (YoY) (Feb),LOW,CHF,0.5%,-,-,0%,
9939d39c-ac56-4dc4-9b77-4346c1cfc123,03/18/2011,12:00,Current Account n.s.a (Jan),LOW,EUR,€-20.8B,-,-,€9.6B,
f7313aa2-8258-4449-9c00-001577b33b9f,03/18/2011,12:00,Current Account s.a (Jan),LOW,EUR,€-5.6B,1.53,€-10.6B,€-7.7B,
3d114b68-f62c-43f0-a8c3-017d4a50290a,03/18/2011,12:00,Gross Domestic Product s.a (YoY) (Q4),LOW,EUR,-8.8%,-,-,-4.6% ,
6ed34885-ff50-48f2-bb38-d515ddecd5d5,03/18/2011,12:30,Mortgage Approvals (Feb) PREL,LOW,GBP,43K,-0.91,47K,46K,
47ca4c1e-532f-4600-91c2-c2c93584b820,03/18/2011,13:00,Trade Balance n.s.a. (Jan),LOW,EUR,€-16.1B,-2.45,€-9B,€-1.5B,
26ce38b1-e36a-40f5-9cbe-afc9bb4404b5,03/18/2011,13:00,Trade Balance s.a. (Jan),LOW,EUR,€-3.7B,-1.18,€-1.3B,€-4B,
f6d20109-782e-489d-901f-b58a268a2426,03/18/2011,14:00,BoC Consumer Price Index Core (MoM) (Feb),LOW,CAD,0.2%,-,-,0%,
e8346a0a-cd9b-4ffa-8f64-efbc39b1b350,03/18/2011,14:00,BoC Consumer Price Index Core (YoY) (Feb),MEDIUM,CAD,0.9%,-,-,1.4%,
debd8fac-ecaf-4571-8a81-0c42192d960b,03/18/2011,14:00,Consumer Price Index (MoM) (Feb),MEDIUM,CAD,0.3%,-0.63,0.4%,0.3%,
9afb6482-c6a0-47a6-a989-3c93b54b41b3,03/18/2011,14:00,Consumer Price Index (YoY) (Feb),HIGH,CAD,2.2%,-0.92,2.3%,2.3%,
50090c37-7fdf-47cf-a2b6-b25f92a38466,03/18/2011,14:30,"FX Reserves, USD",LOW,INR,$301.84B,-,-,$302.593B,
c6873eb8-e244-46b7-a647-bcadddc865c9,03/18/2011,17:00,Unemployment Rate (Feb),LOW,RUB,7.4%,-,-,7.6%,
8fe4c291-e426-480e-b312-2cf9d5ec012e,03/18/2011,19:00,ECB's President Trichet speech,MEDIUM,EUR,,,,,SPEECH
efc776f3-3747-4914-9f51-4a09ba110de3,03/18/2011,22:00,Annual Current Account (Q2),LOW,ARS,2.82B,-,-,-,
d9e79b38-e36e-4810-aca5-6352ae92312c,03/21/2011,03:00,Vernal Equinox Day,NONE,JPY,,,,,ALL DAY
b517c037-7b74-4935-ad84-380b3d854530,03/21/2011,03:01,Rightmove House Price Index (MoM) (Mar),LOW,GBP,0.8%,-,-,2.6% ,
a988d570-57d3-4ccb-8087-cabb901cbd9a,03/21/2011,03:01,Rightmove House Price Index (YoY) (Mar),LOW,GBP,0.9%,-,-,0.8% ,
c7fe2d65-4463-49e6-b1aa-f56844d5e050,03/21/2011,15:00,Unemployment Rate (Feb),LOW,EUR,13.16%,-,-,12.98%,
606fe74d-1055-4674-b3e2-a5726ef15bca,03/21/2011,16:00,Current Account (Jan),LOW,PLN,€-930M,-,"€-1,242.5M","€-1,573M",
35ddaf5a-7a8d-4f62-9eab-d4078c75bc00,03/21/2011,17:00,ECB's President Trichet speech,MEDIUM,EUR,,,,,SPEECH
233c4e86-30c1-4d0b-bacb-d06e13f0f833,03/21/2011,17:00,Existing Home Sales (MoM) (Feb),MEDIUM,USD,4.92M,-1.61,5.15M,4.42M,
5298dc76-afaf-40a9-baf5-e982d4b3815f,03/21/2011,17:00,Existing Home Sales Change (MoM) (Feb),MEDIUM,USD,-8.9%,-1.08,-4.9%,3.5% ,
2ac65652-b831-400f-8def-a05b7c9affa2,03/22/2011,07:30,All Industry Activity Index (MoM) (Jan),MEDIUM,JPY,-0.5%,-20.00,2.7%,-0.3%,
b47cc144-70a7-4357-8e78-62b512feaaf1,03/22/2011,10:00,Trade Balance (Feb),MEDIUM,CHF,"2,380M",2.29,"2,130M","2,044M",
f0538d93-e9d5-4911-810c-7957ec4a5b82,03/22/2011,10:00,Unemployment Rate (Feb),LOW,EUR,8%,-,-,8%,
1a075c0b-f61e-408e-808f-40925afb8b4b,03/22/2011,11:30,Consumer Confidence Adj (Mar),LOW,EUR,-10,-,-,-5,
74b832af-0688-4213-9a60-eb4551ba1e87,03/22/2011,12:30,Consumer Price Index (MoM) (Feb),MEDIUM,GBP,0.7%,0.91,0.6%,0.1%,
36e04777-339a-4e78-91cb-5d916a2e8637,03/22/2011,12:30,Consumer Price Index (YoY) (Feb),HIGH,GBP,4.4%,1.20,4.2%,4%,
8abfa158-5e58-4fd1-955b-ebb18535b9b6,03/22/2011,12:30,Core Consumer Price Index (YoY) (Feb),MEDIUM,GBP,3.4%,1.63,3.2%,3%,
ba41713f-b952-4f91-936e-d3afd8bffbea,03/22/2011,12:30,Public Sector Net Borrowing (Feb),MEDIUM,GBP,£7.9B,0.73,£5.7B,£-1.982B,
2998f790-9e34-4a8b-9a35-6e6fd8c181ec,03/22/2011,12:30,Retail Price Index (MoM) (Feb),MEDIUM,GBP,1%,2.68,0.7%,0.3%,
7e3bf34c-030b-42ee-adf4-75f4afa91699,03/22/2011,12:30,Retail Price Index (YoY) (Feb),MEDIUM,GBP,5.5%,2.00,5.2%,5.1%,
e6e9eaad-4eee-47a8-87af-2dc1c7ad25fe,03/22/2011,13:30,SNB's Hildebrand speech,MEDIUM,CHF,,,,,SPEECH
c3597771-d92f-4b27-81b2-f84dcd47a247,03/22/2011,14:00,CBI Industrial Trends Survey – Orders (MoM) (Mar),LOW,GBP,5%,1.04,-5%,-8%,
00497aae-931c-4b99-8b38-7d69c2373992,03/22/2011,15:30,Leading Indicators (MoM) (Feb),MEDIUM,CAD,1.1%,2.04,0.7%,0.3% ,
570db565-441b-4d1d-9b07-0e803ac8f1c3,03/22/2011,15:30,Retail Sales (MoM) (Jan),MEDIUM,CAD,-0.4%,-2.63,1.1%,-0.3% ,
1d2be6e6-5a04-410d-ae59-9dd74da68f61,03/22/2011,15:30,Retail Sales ex Autos (MoM) (Jan),MEDIUM,CAD,-0.2%,-5.16,0.8%,0.2% ,
e1de8a7b-bcc1-4ffc-afc5-bff1a7bb061c,03/22/2011,15:30,Treasury's Geithner speech,MEDIUM,USD,,,,,SPEECH
022ff00d-2ac0-44d2-ac40-90e8be690bec,03/22/2011,16:00,Net Inflation (Feb),LOW,PLN,1.7%,-,2.1%,1.6%,
b3189e22-a40d-4223-841f-09b9d9d6b3bc,03/22/2011,17:00,BoE's Sentance Speech,MEDIUM,GBP,,,,,IN PROGRESS
a5f3d352-130c-4ce3-910c-ad2c16403904,03/22/2011,17:00,Housing Price Index (MoM) (Jan),MEDIUM,USD,-1%,-,-,-0.7% ,
a28c6f5a-ad23-4d45-9b76-8499d7b3ca7a,03/22/2011,17:00,Richmond Fed Manufacturing Index (Mar),LOW,USD,20,-0.48,23,12,
137ae4d6-a8ad-4795-a97c-bff0b20e3663,03/23/2011,00:45,Current Account (QoQ) (Q4),MEDIUM,NZD,$-3.63B,-,-,$-3.048B,
801e978e-d0b4-4382-b796-acc390d09ee5,03/23/2011,11:00,Retail Sales (YoY) (Jan),LOW,HUF,0.1%,-,-,-1.7%,
e70d1456-a4b5-44db-b8be-7826ace691ec,03/23/2011,11:15,Consumer Confidence (MoM) (Mar),LOW,SEK,19,-,-,21.4,
f5a5115c-2346-42f6-8e2e-a0847566e54c,03/23/2011,11:30,Consumer Confidence (Mar),LOW,DKK,-0.8,-,-,-0.5,
ee731016-d12a-4d4f-b9b5-63575523b642,03/23/2011,12:00,Retail Sales (YoY) (Feb),LOW,PLN,12.2%,-,7.5%,5.8%,
4823acaf-3a7b-4e41-8ab1-740beb75ef89,03/23/2011,12:00,Unemployment (MoM) (Feb),LOW,PLN,13.2%,-,-,13%,
ad64d174-ceb6-4c1e-a454-eb663cf02d2f,03/23/2011,12:30,BBA Mortgage Approvals (Feb),LOW,GBP,30.2K,-,-,28.9K,
ac387466-010a-41cf-9b2f-9af54f914c97,03/23/2011,12:30,BoE Minutes,HIGH,GBP,,,,,REPORT
87a171f6-aa03-422e-a553-b09d63f2d9b4,03/23/2011,12:30,Consumer Price Index (MoM) (Feb),LOW,ZAR,0.7%,-,-,0.4%,
6eb989fd-498f-433a-bfb4-52da5374eb18,03/23/2011,12:30,Consumer Price Index (YoY) (Feb),LOW,ZAR,3.7%,-,-,3.7%,
182a3a28-6efa-4c69-af10-c8b423e13e1e,03/23/2011,13:00,Industrial New Orders (YoY) (Jan),LOW,EUR,21.9%,0.14,21.4%,18.7% ,
393cba1c-4b2b-40f8-a179-0eb237576f5a,03/23/2011,13:00,Industrial New Orders s.a. (MoM) (Jan),LOW,EUR,1.2%,-0.04,1.3%,2.3% ,
1fcdba2d-f0ed-46d4-b6f2-7fdb86cfd0ad,03/23/2011,14:00,Fed's Richard Fisher speech,LOW,USD,,,,,SPEECH
dfd605cc-6b29-429a-868c-8254ea0f306f,03/23/2011,14:00,MBA Mortgage Applications,LOW,USD,2.7%,-,-,-0.7%,
cd7af291-5186-4844-af6b-0344b20c68fb,03/23/2011,15:00,IPCA Inflation (Mar),LOW,BRL,0.8%,-,0.99%,0.8% ,
dce479e8-b925-4380-9474-3f91c51385cf,03/23/2011,15:00,Mid-month Inflation (Mar),LOW,BRL,0.6%,-,-,0.97%,
73fa9f15-9ea9-415e-bfed-2d83ef75438e,03/23/2011,15:30,Budget Report,MEDIUM,GBP,,,,,REPORT
65d1cb8c-a3d8-4e40-b637-0efc0c7b3a97,03/23/2011,16:00,Private Spending (YoY) (Q4),LOW,MXN,4.6%,-,-,-,
bdf28eb1-8f2c-4bf6-a6aa-3d1a84c58603,03/23/2011,16:00,Private Spending (QoQ) (Q4),LOW,MXN,1.17%,-,-,-,
fa4c89cb-d21f-4953-a545-a8aec5e48937,03/23/2011,17:00,New Home Sales (MoM) (Feb),MEDIUM,USD,0.281M,-0.88,0.3M,0.307M,
18a3fd19-2cd8-452f-8c43-e06f911bb7c4,03/23/2011,17:00,New Home Sales Change (MoM) (Feb),MEDIUM,USD,-13.5%,-3.50,5.6%,-5.8% ,
d9452de0-04cb-481a-b57e-9fcfc7d65688,03/23/2011,17:30,EIA Crude Oil Stocks Change,LOW,USD,2.1M,-,-,1.745M,
38482037-b1a7-4cde-8b5a-1096b3fa9d47,03/23/2011,18:00,Consumer Confidence (Mar) PREL,MEDIUM,EUR,-10.6,0.32,-11,-11.2,
b179a8a9-a769-44e4-af95-049418622e93,03/23/2011,19:00,Former Fed's Chair Bernanke speech,MEDIUM,USD,,,,,SPEECH
c6728fbf-7b59-4027-b65d-4d6a19ca0ed1,03/24/2011,00:45,Gross Domestic Product (QoQ) (Q4),HIGH,NZD,0.5%,-,-,-0.2%,
926296a1-b337-4a7f-b76d-b1ebfcf77180,03/24/2011,00:45,Gross Domestic Product (YoY) (Q4),HIGH,NZD,1.7%,-,-,2% ,
3bfa6927-3859-4ab2-a47f-968c933dfdd1,03/24/2011,02:50,Adjusted Merchandise Trade Balance (Feb),LOW,JPY,¥555.977B,-0.44,¥676.8B,¥270B,
a7370b43-520c-447d-8dd4-f37b4e251409,03/24/2011,02:50,Merchandise Trade Balance Total (Feb),MEDIUM,JPY,¥653.3B,-0.77,¥897.3B,¥-497.2B,
cb1383c3-bb26-4115-98b2-1f0f57eff136,03/24/2011,03:00,EU Extraordinary Economic Summit,MEDIUM,EUR,,,,,ALL DAY
982677d8-912d-40cc-9d15-7f7a587b322c,03/24/2011,04:30,Financial Stability Review,LOW,AUD,,,,,REPORT
655a4026-ecb9-4851-8049-5ee6d5580992,03/24/2011,05:30,RatingDog Manufacturing PMI (Mar) PREL,LOW,CNY,-,-,-,-,
7a99831f-826e-49b2-8013-a8da5d9a22fa,03/24/2011,08:45,Business Climate in Manufacturing (Feb),LOW,EUR,109,-,-,106,
8a3de60c-1517-4647-a621-774a0ffe11ff,03/24/2011,11:30,HCOB Manufacturing PMI (Mar) PREL,MEDIUM,EUR,-,-0.92,62,-,
881d3ebd-5c6f-45da-9cbd-ac897672d065,03/24/2011,11:30,HCOB Services PMI (Mar) PREL,MEDIUM,EUR,-,2.21,58.4,-,
5de10c7d-2e64-42f1-897b-23210fc08641,03/24/2011,11:30,Gross Domestic Product n.s.a (YoY) (Q4),LOW,EUR,2.5%,-,2.4%,2.4%,
ed461ef5-a618-4535-b56f-b13ae494a8c3,03/24/2011,11:30,Gross Domestic Product s.a (QoQ) (Q4),LOW,EUR,0.6%,0,0.6%,0.6%,
4095745c-8ce8-423c-bf0f-99c2270456ac,03/24/2011,11:30,Producer Price Index (MoM) (Feb),LOW,SEK,0%,-,-,-1.7%,
7cbac458-a42e-459e-91d7-3d831ffdfb5d,03/24/2011,11:30,Producer Price Index (YoY) (Feb),LOW,SEK,0.3%,-,-,0.5%,
82b44b73-22c5-4fd4-97d2-9bfb42740e34,03/24/2011,12:00,HCOB Manufacturing PMI (Mar) PREL,MEDIUM,EUR,-,-0.90,58.3,-,
ffdc84ec-394b-4709-89e2-5aa96f35344d,03/24/2011,12:00,HCOB Services PMI (Mar) PREL,MEDIUM,EUR,-,1.16,56.3,-,
f50085ce-3931-4b22-a8a1-05832c2b0608,03/24/2011,12:30,Retail Sales (MoM) (Feb),LOW,GBP,-0.9%,-0.35,-0.6%,1.9% ,
ff7f868c-f64e-49eb-ad57-cc9deab3f5e8,03/24/2011,12:30,Retail Sales (YoY) (Feb),LOW,GBP,1.3%,-1.00,2.4%,3% ,
0938dddd-24cd-4078-abc1-8c8f63b8c330,03/24/2011,13:19,Central Bank Reserves $,LOW,RUB,$500B,-,-,$497.3B,
9b3ee6b6-e3cb-433f-8192-90616c72e59a,03/24/2011,15:00,CNB Interest Rate Decision,LOW,CZK,0.75%,-,-,0.75%,
15369f33-9854-48aa-8e5d-536307a260d0,03/24/2011,15:30,Unemployment Rate (Feb),LOW,BRL,6.4%,-,-,6.1%,
6fb2f614-c06d-47ca-b0bd-ddc6e983a957,03/24/2011,15:30,Continuing Jobless Claims,LOW,USD,3.765M,2.15,3.693M,3.706M,
bdcee748-4c55-4ae5-be36-b48b27679d93,03/24/2011,15:30,Durable Goods Orders (Feb),MEDIUM,USD,-1.1%,-0.98,1%,5.3% ,
0ef84e9d-0d7b-4469-a46f-0de9d3807755,03/24/2011,15:30,Durable Goods Orders ex Transportation (Feb),MEDIUM,USD,-0.6%,-0.89,1.3%,-0.8% ,
49dbad97-3e8d-49f9-b1f2-fe144c2715fc,03/24/2011,15:30,Initial Jobless Claims,LOW,USD,394K,0.71,383K,385K,
1fcd583d-e656-4cc7-b6bb-beed3f46e2d6,03/24/2011,16:30,SARB Interest Rate Decision,LOW,ZAR,5.5%,-,-,6% ,
4468c91a-a405-4363-9eac-811c5cf1b2fa,03/24/2011,20:00,SNB's Danthine speech,MEDIUM,CHF,,,,,SPEECH
fcd7666e-4b78-4c99-b936-d54d08ffb945,03/25/2011,02:30,National Consumer Price Index (YoY) (Feb),MEDIUM,JPY,0%,0.00,0%,-0.6% ,
41ef6882-1bea-494d-bd48-602a5f34a83e,03/25/2011,02:30,"National CPI ex Food, Energy (YoY) (Feb)",MEDIUM,JPY,-0.6%,0.00,-0.6%,-1.3% ,
8ae259b4-0c13-40f7-8d52-38765a9929f4,03/25/2011,02:30,National CPI ex Fresh Food (YoY) (Feb),MEDIUM,JPY,-0.3%,0.00,-0.3%,-0.8% ,
59d05abd-aaf8-4012-a280-5a2f5186fca9,03/25/2011,02:30,Tokyo Consumer Price Index (YoY) (Mar),LOW,JPY,-0.3%,-0.78,-0.1%,-0.5% ,
0e880f1d-576b-47c0-b41e-f339d3ff5193,03/25/2011,02:30,"Tokyo CPI ex Food, Energy (YoY) (Mar)",LOW,JPY,-0.3%,0.00,-0.3%,-0.9% ,
7d9a895a-4b63-43a5-9761-a3fe8fdce90c,03/25/2011,02:30,Tokyo CPI ex Fresh Food (YoY) (Mar),LOW,JPY,-0.3%,0.00,-0.3%,-0.8% ,
12d9c1a5-fe8b-479f-9d56-1da63f7b009e,03/25/2011,02:50,Corporate Service Price Index (YoY) (Feb),LOW,JPY,-1.1%,-,-,-1% ,
157539b7-f458-4b3f-967e-923178f741ba,03/25/2011,03:00,EU Extraordinary Economic Summit,MEDIUM,EUR,,,,,ALL DAY
61b9b47b-beae-4f63-8373-4637eda2777f,03/25/2011,10:30,SNB Quarterly Bulletin,LOW,CHF,,,,,REPORT
f7f3e235-323b-4bad-8a2e-c597de2be408,03/25/2011,11:30,Business Confidence (Mar),LOW,EUR,5.8,-,-,1.7,
44a76a30-5137-4bd8-a3fc-d45236e34d8f,03/25/2011,11:30,Consumer Spending Volume (Jan),LOW,EUR,0.2%,-,-,1% ,
fff2e854-f771-41a2-a8a0-8174e9213198,03/25/2011,12:00,IFO – Business Climate (Mar),MEDIUM,EUR,111.1,1.22,110.5,102.2,
1801ce79-b0a2-40fe-928d-6b2cbd7090b8,03/25/2011,12:00,IFO – Current Assessment (Mar),MEDIUM,EUR,115.8,0.67,114.6,101.4,
50562de5-864d-4c37-8818-a32ae98f91fe,03/25/2011,12:00,IFO – Expectations (Mar),MEDIUM,EUR,106.5,-0.21,106.8,103.1,
4a081067-2b0e-4921-94e1-79b808ea0e0b,03/25/2011,12:00,M3 Money Supply (3m) (Feb),LOW,EUR,1.8%,2.83,1.6%,1.7% ,
80664627-44e6-43d3-a331-c994b7aacbaf,03/25/2011,12:00,M3 Money Supply (YoY) (Feb),LOW,EUR,2.1%,1.20,1.7%,1.4% ,
fd0e152e-3168-4873-83f7-43e674fa70e8,03/25/2011,14:30,Bank Loan Growth,LOW,INR,23.2%,-,-,23.2%,
ada9844f-973a-465c-8e5e-c36735421647,03/25/2011,14:30,"FX Reserves, USD",LOW,INR,$303.48B,-,-,$301.838B,
36098d0a-b617-482a-9243-78ab22d43cea,03/25/2011,14:30,M3 Money Supply,LOW,INR,16.6%,-,-,16.5%,
2a807d17-b3ef-4008-a1be-76245e3b39f2,03/25/2011,14:30,Fed's Richard Fisher speech,LOW,USD,,,,,SPEECH
6ceb74bb-bd34-462e-a87b-5b46eaae1c0c,03/25/2011,15:30,Core Personal Consumption Expenditures (QoQ) (Q4),MEDIUM,USD,4%,-,-,1.8%,
7b3b6043-a460-4bdc-9700-e066d82715dc,03/25/2011,15:30,Gross Domestic Product Annualized (Q4),HIGH,USD,3.1%,0.52,3%,2.8%,
d7a1ece3-4a24-46ba-948c-8ad689dd98f5,03/25/2011,15:30,Gross Domestic Product Price Index (Q4),HIGH,USD,2.1%,1.60,0.4%,2.1%,
11379c22-480a-457e-9dd5-e112d5fdc996,03/25/2011,16:00,"Trade Balance s/a, $ (Feb)",LOW,MXN,$-0.294B,-,-,-,
83fe1b5b-18a6-4ec8-9b5d-e0d19f361032,03/25/2011,16:30,Current Account (Feb),LOW,BRL,$-3.4B,-,-,$-5.4B,
09f8f977-9e0e-4578-9ed6-c632f23c4913,03/25/2011,16:55,Michigan Consumer Sentiment Index (Mar),MEDIUM,USD,67.5,-0.19,68.2,68.2,
6e2f0425-450e-4d82-9d47-183b636cfd48,03/25/2011,19:15,Philadelphia Fed's Plosser speech,LOW,USD,,,,,SPEECH
dae87df9-5914-4675-b9b7-0abbd0a7d1e0,03/28/2011,09:00,Consumer Confidence (Mar),LOW,EUR,17.7,-,-,20,
c89cbfd4-5320-4516-99ab-12aee8f56951,03/28/2011,09:00,Industrial Confidence (Mar),LOW,EUR,11,-,-,4,
427f8de8-506f-42c4-b6ea-f11360d64b58,03/28/2011,10:30,Retail Sales (MoM) (Feb),LOW,SEK,0%,-,-,0.2% ,
02c00105-9bd8-4b2a-9e5a-0d119e247d84,03/28/2011,10:30,Retail Sales (YoY) (Feb),LOW,SEK,3%,-,-,2.4% ,
e0e0f3da-b201-4e16-b282-2e671d868262,03/28/2011,10:30,Trade Balance (MoM) (Feb),LOW,SEK,12B,-,-,77B,
d995fdcf-50b1-4a68-aa32-990d12be2be5,03/28/2011,15:00,MNB Interest Rate Decision,LOW,HUF,6%,-,-,6%,
0c2c35aa-b0d9-432e-807d-d80ce81e7556,03/28/2011,15:30,Core Personal Consumption Expenditures - Price Index (MoM) (Feb),LOW,USD,0.2%,0.00,0.2%,0.2%,
a1625d54-83cd-4c15-b648-3029b52e1af4,03/28/2011,15:30,Core Personal Consumption Expenditures - Price Index (YoY) (Feb),LOW,USD,0.9%,0.00,0.9%,1.1% ,
2731eb54-b3a4-41b3-a91e-098d1f48a0a9,03/28/2011,15:30,Personal Consumption Expenditures - Price Index (MoM) (Feb),MEDIUM,USD,0.4%,-1.25,0.6%,0.3%,
1506906d-99bb-46c0-b27a-0dd4662103dc,03/28/2011,15:30,Personal Consumption Expenditures - Price Index (YoY) (Feb),LOW,USD,1.6%,-,-,1.6% ,
ac3f78f3-d865-4d3b-9ba7-484ff6d123b5,03/28/2011,15:30,Personal Income (MoM) (Feb),MEDIUM,USD,0.4%,0.00,0.4%,1.6% ,
8e08ee82-e743-48e8-bc13-c0944158f0f5,03/28/2011,16:00,ECB's President Trichet speech,MEDIUM,EUR,,,,,SPEECH
092e0025-bf2d-474b-b6bb-1d219fcb2a45,03/28/2011,17:00,Pending Home Sales (MoM) (Feb),MEDIUM,USD,0.7%,-0.03,0.9%,0.2% ,
7bd56537-ea7f-4b23-b76f-c5f57d527223,03/29/2011,00:45,Trade Balance NZD (MoM) (Feb),MEDIUM,NZD,$184M,-0.53,$272M,$9M,
b5144b7d-2d72-4e52-96aa-eff41a51b23d,03/29/2011,02:30,Overall Household Spending (YoY) (Feb),MEDIUM,JPY,-0.2%,-0.20,0%,-0.3% ,
a0acfd5d-a215-4126-8ed0-24381b083edd,03/29/2011,02:30,Unemployment Rate (Feb),MEDIUM,JPY,4.6%,-2.94,4.9%,4.8% ,
88b71bfb-1cb0-4f01-a265-297ce6e77337,03/29/2011,02:50,Large Retailer Sales (Feb),MEDIUM,JPY,0.5%,1.18,-0.4%,0.7% ,
9da0fb75-2935-4d52-921b-444806572958,03/29/2011,02:50,Retail Trade (YoY) (Feb),MEDIUM,JPY,0.1%,0.36,-0.5%,0.3% ,
94f157b4-53f7-4f9b-9402-b371afaa99c3,03/29/2011,02:50,Retail Trade s.a (MoM) (Feb),MEDIUM,JPY,0.8%,0.18,0.5%,4.1%,
77c742fe-8416-4677-af4a-0e79515c3e68,03/29/2011,04:25,HIA New Home Sales (MoM) (Feb),MEDIUM,AUD,0.6%,-,-,2.5% ,
b4fd3fe3-027c-4961-a08d-843552e1b444,03/29/2011,09:00,UBS Consumption Indicator (Feb),MEDIUM,CHF,1.45,-,-,1.68,
a4db23c5-7290-4c65-a99e-8da90e9f6f7b,03/29/2011,09:00,GfK Consumer Confidence Survey (Apr),MEDIUM,EUR,5.9,0.00,5.9,6,
be750bce-d531-49c1-8ee6-a05c2fd42f7e,03/29/2011,09:45,Consumer Spending (MoM) (Feb),LOW,EUR,0.9%,-,-,-0.5% ,
72af9570-f7f5-4dc0-98a6-61c6b9a5e59e,03/29/2011,11:30,Current Account (Q4),MEDIUM,GBP,£-12.956B,-0.62,£-10.4B,£-13.268B,
7ccc47cc-e354-4f9b-81ad-31c77c016397,03/29/2011,11:30,Gross Domestic Product (QoQ) (Q4),HIGH,GBP,-0.5%,0.15,-0.6%,-0.6%,
bcf58774-34a3-4fb7-9cdb-5c456fa90878,03/29/2011,11:30,Gross Domestic Product (YoY) (Q4),MEDIUM,GBP,1.5%,0.00,1.5%,1.5%,
ea3c3085-e4c0-43a9-b1d6-755a7a81f23b,03/29/2011,11:30,M4 Money Supply (MoM) (Feb),LOW,GBP,-0.3%,-1.51,0.7%,-0.1% ,
ed965f05-88f5-4caf-b4e1-ea2d3c9f89d8,03/29/2011,11:30,M4 Money Supply (YoY) (Feb),LOW,GBP,-1.4%,-,-,-1.7%,
eae0374f-0982-495e-8e7a-c410e54270ec,03/29/2011,11:30,Mortgage Approvals (Feb),MEDIUM,GBP,46.708K,0.05,46.5K,43K,
69c88bde-5f57-4ad9-8abe-282a7f331d75,03/29/2011,11:30,Net Lending to Individuals (MoM) (Feb),MEDIUM,GBP,£1.7B,0.70,£1.2B,£1.5B,
0c2d3c60-7e41-444e-a032-2eda3c6d32da,03/29/2011,11:30,Total Business Investment (QoQ) (Q4),LOW,GBP,0%,-,-,-2.5%,
dfb3f2e2-90d0-4561-8ae7-e436d2cf222d,03/29/2011,11:30,Total Business Investment (YoY) (Q4),LOW,GBP,12.2%,-,-,10%,
a22d4c68-818d-4500-b29c-3841a4fb7bab,03/29/2011,11:30,Consumer Credit (Feb),LOW,GBP,£0.8B,-,-,£-0.3B,
a65efedd-694a-439f-8e5b-004c171a5cdf,03/29/2011,12:09,Consumer Price Index (MoM) (Mar),LOW,ISK,1%,-,-,1.2%,
8028a24b-a228-434b-b969-c21454f9598f,03/29/2011,12:09,Consumer Price Index (YoY) (Mar),LOW,ISK,2.3%,-,-,1.9%,
8d9f543b-5b16-4fe9-a340-33b4bdafa304,03/29/2011,16:00,S&P/Case-Shiller Home Price Indices (YoY) (Jan),LOW,USD,-3.1%,0.44,-3.2%,-2.4%,
235a3838-dfaf-4fb9-bb86-edf69a329f62,03/29/2011,17:00,Consumer Confidence (Mar),MEDIUM,USD,63.8,-0.43,66,70.4,
b4d49574-8171-46e4-9889-562f0b44d848,03/29/2011,17:00,Consumer Price Index (YoY) (Mar) PREL,HIGH,EUR,2.1%,0.00,2.1%,2.1%,
49ae14b3-5d3d-4ccd-b22f-a6beef3c5b96,03/29/2011,17:00,Consumer Price Index (MoM) (Mar) PREL,MEDIUM,EUR,0.5%,1.58,0.4%,0.5%,
47653f30-e569-423c-986d-2712eb642145,03/30/2011,00:45,Building Permits s.a. (MoM) (Feb),MEDIUM,NZD,-9.8%,-1.28,-1%,9.6%,
18ff15cb-540a-4291-9c4a-c2b6180bc04a,03/30/2011,02:50,Industrial Production (MoM) (Feb) PREL,MEDIUM,JPY,0.4%,0.60,-0.1%,1.3%,
af31e076-7ee3-447c-9b56-838cf7b5c677,03/30/2011,02:50,Industrial Production (YoY) (Feb) PREL,MEDIUM,JPY,2.8%,-1.71,4%,3.5%,
d4dc521e-7ae6-4a20-b28d-5292f8327285,03/30/2011,09:00,M3 Money Supply (YoY) (Feb),LOW,ZAR,7.55%,-,-,7.23% ,
0a865d64-b12f-48e2-a5bc-7d1d7cef8653,03/30/2011,09:00,Private Sector Credit (Feb),LOW,ZAR,5.43%,-,-,5.01%,
2ab04d05-c869-4d4f-8947-a4cc255b76c9,03/30/2011,10:00,Retail Sales (YoY) (Feb),LOW,EUR,-4.5%,-,-,-,
53a1f394-f0b3-4348-bc41-26df6cef56bf,03/30/2011,10:30,Industrial Outlook (Mar),LOW,DKK,0,-,-,3,
089d8e1e-2707-4aba-8b55-6462a18f8422,03/30/2011,11:00,Current Account Balance EUR (Jan),LOW,EUR,€-54M,-,-,€-308M,
d3ad1612-366f-4fc7-8d11-2eed19522ebe,03/30/2011,11:30,Index of Services (3M/3M) (Jan),LOW,GBP,-0.6%,1.64,-0.9%,0.1% ,
14822ac8-4288-417f-ab5f-0861f7b2e494,03/30/2011,12:00,Consumer Confidence (Mar),MEDIUM,EUR,-10,1.24,-10.6,-10.6,
eb36eb7f-f2ec-4272-8369-72d2b587445c,03/30/2011,12:00,Economic Sentiment Indicator (Mar),LOW,EUR,107.3,-0.42,107.5,103.2,
8f0b5666-4693-4427-9e6e-d542fefc49a9,03/30/2011,12:00,Industrial Confidence (Mar),LOW,EUR,6.7,0.57,6,3.2,
27d525d4-db75-4395-87f2-89ab52f90809,03/30/2011,12:00,Consumer Confidence (Mar),LOW,EUR,-48.4,-,-,-,
1204ef3c-7819-4ea6-8ec8-80a3c22d7cc7,03/30/2011,12:00,Business Confidence (Mar),LOW,EUR,-1.4,-,-,-,
1a2eb891-f56a-4732-b862-03fb0640f50b,03/30/2011,12:30,KOF Leading Indicator (Mar),MEDIUM,CHF,2.25,1.83,2.16,2.18,
398d0f46-f218-4abc-9a8d-af41eac61f15,03/30/2011,13:00,CBI Distributive Trades Survey – Realized (MoM) (Mar),LOW,GBP,15%,1.39,-1%,6%,
c14dac99-c1fb-4218-9646-cbc95f88680a,03/30/2011,14:00,Inflation Index/IGP-M (Mar),LOW,BRL,0.62%,-,-,0.96% ,
9e17a9bc-d26f-4a50-98cd-b38b55ce10a5,03/30/2011,14:00,MBA Mortgage Applications,LOW,USD,-7.5%,-,-,2.7%,
1da2f822-bb60-4a65-ae17-cd38d77f099a,03/30/2011,15:15,ADP Employment Change (Mar),MEDIUM,USD,207K,0.04,205K,179K,
5a178c11-a19d-4912-9807-d69093f72a7e,03/30/2011,15:30,Industrial Product Price (MoM) (Feb),LOW,CAD,0.9%,2.85,0%,0.7% ,
5178e0a8-eb6d-47ad-b718-d5395a6dc9dc,03/30/2011,15:30,Raw Material Price Index (Feb),LOW,CAD,2.1%,0.83,0.5%,1.5% ,
800a2118-c14f-4fc9-a73d-fec3de618e1f,03/30/2011,17:30,EIA Crude Oil Stocks Change,LOW,USD,2.945M,-,-,2.1M,
dcc0159e-6bf7-433f-a359-a78cf4b19fb0,03/31/2011,00:00,"Fiscal Balance, pesos (Feb)",LOW,MXN,12B,-,-,-,
fbe6f9be-9d65-4e7a-bb34-47d1274c667c,03/31/2011,02:00,Gross Domestic Product Growth (QoQ) (Q4),LOW,KRW,0.5%,-,-,0.5%,
674d8287-2bc1-4630-946e-11fa8d974968,03/31/2011,02:00,Gross Domestic Product Growth (YoY) (Q4),LOW,KRW,4.7%,-,-,4.8%,
746b6b6d-3baa-441a-a054-c0d7cc260dce,03/31/2011,02:01,GfK Consumer Confidence (Mar),MEDIUM,GBP,-28,0.97,-30,-28,
1dee5c0d-b15c-4130-b7a2-c19c29031558,03/31/2011,02:15,Jibun Bank Manufacturing PMI (Mar),MEDIUM,JPY,-,-,-,-,
b9d1f0ab-db9f-4f44-adf1-6e1976dddc84,03/31/2011,03:30,Building Permits (MoM) (Feb),LOW,AUD,-7.4%,-1.94,4%,-13% ,
3da5ff86-64ea-4631-8b15-c0be1f6a853b,03/31/2011,03:30,Building Permits (YoY) (Feb),LOW,AUD,-21.8%,-1.48,-12.8%,-24.8%,
b9ad1b4b-045a-42fa-88be-bd0cf59cb860,03/31/2011,03:30,Private Sector Credit (MoM) (Feb),MEDIUM,AUD,0.6%,2.26,0.3%,0.3%,
525b8741-7a29-4941-aed4-1b6d5b5bd7af,03/31/2011,03:30,Private Sector Credit (YoY) (Feb),MEDIUM,AUD,3.4%,1.35,3.2%,3.3%,
3aa48832-f5c8-43c6-8fda-d7896e327157,03/31/2011,03:30,Retail Sales s.a. (MoM) (Feb),MEDIUM,AUD,1%,1.16,0.4%,0.4%,
d28ce427-f1ba-477a-ad76-98e1171c6c1f,03/31/2011,04:30,Labor Cash Earnings (YoY) (Feb),LOW,JPY,0.3%,0.00,0.3%,0.2%,
0826fc51-7ebb-4ddf-9023-7db4e8d6dc06,03/31/2011,05:00,ANZ Business Confidence (Mar),LOW,NZD,-8.7,-,-,34.5,
2ea65e1a-074a-483b-9e5e-e39e5c06742d,03/31/2011,08:00,Annualized Housing Starts (Feb),MEDIUM,JPY,0.872M,0.76,0.849M,0.84M,
8d0ee683-d883-4df1-aef9-e1e8bfb2f693,03/31/2011,08:00,Construction Orders (YoY) (Feb),LOW,JPY,19.5%,-,-,-10.7%,
f0bbdb9c-6b1d-4592-8e61-593c75b4789f,03/31/2011,08:00,Housing Starts (YoY) (Feb),MEDIUM,JPY,10.1%,-,-,2.7%,
013a71e3-113a-4252-9f1e-1163475f0f7c,03/31/2011,09:00,Retail Sales (MoM) (Feb),MEDIUM,EUR,-0.4%,-1.36,0.4%,0.1% ,
3a508359-8241-4629-b12b-afbe9a3bb334,03/31/2011,09:00,Retail Sales (YoY) (Feb),MEDIUM,EUR,1.1%,-,-,3.3% ,
59a61f08-bb13-49f8-bd95-ccfa4ddbe497,03/31/2011,09:00,Nationwide Housing Prices n.s.a (YoY) (Mar),MEDIUM,GBP,0.1%,1.18,-0.6%,-0.1%,
24af6237-44da-4a08-a914-8867be07da79,03/31/2011,09:00,Nationwide Housing Prices s.a (MoM) (Mar),MEDIUM,GBP,0.5%,1.33,-0.1%,0.1% ,
49001a8d-fc11-4a88-8767-7e4c9e873809,03/31/2011,09:30,Current Account Balance (QoQ) (Q4),LOW,HUF,0.36,-,-,0.439,
0fdd5197-63a3-4414-8793-b78147782387,03/31/2011,10:00,Quarterly Gross Domestic Product (Q1),LOW,TRY,9.2%,-,-,-,
23bed2ee-5d21-4b57-8405-5dd416ff5168,03/31/2011,10:30,Gross Domestic Product (YoY) (Q4),LOW,DKK,3%,-,-,2.7%,
c26e6160-969c-4ba1-a673-351d9248a247,03/31/2011,10:30,Unemployment Rate (Feb),LOW,DKK,4%,-,-,4.2%,
28100b76-b603-4c88-aeab-24b8c47ca75f,03/31/2011,10:55,Unemployment Change (Mar),MEDIUM,EUR,-55K,-1.12,-29K,-43K,
08f62d7c-0b3e-4d67-bf44-d5ce66cd3bf0,03/31/2011,10:55,Unemployment Rate s.a. (Mar),MEDIUM,EUR,7.1%,-0.16,7.2%,7.3%,
01ca40a6-dd3e-43d4-9e7d-5a4141209cba,03/31/2011,11:00,Foreign Debt (Q4),LOW,CZK,71.38B,-,-,67.93B,
5fcbb783-0f7f-43a6-bec6-5fd7d8bcd0d8,03/31/2011,11:00,M2 Money Supply (YoY) (Feb),LOW,CZK,2.8%,-,-,3.6% ,
9e235519-e846-4307-be7e-2c74823eb8a3,03/31/2011,11:00,Current Account Balance (Mar),LOW,EUR,€-6.58B,-,-,-,
2d580757-2bb6-4752-b7dd-ad41a224e882,03/31/2011,11:00,Credit Indicator (Feb),LOW,NOK,5.9%,-,-,6.1%,
410f199e-d7d7-4cec-b9cc-a05d015114c1,03/31/2011,11:30,Bank of England Credit Conditions Report (QoQ) (Q1),MEDIUM,GBP,-,-,-,-,
00cd9604-6718-4c00-884f-959ffb462228,03/31/2011,12:00,Harmonized Index of Consumer Prices (YoY) (Mar) PREL,MEDIUM,EUR,2.6%,-,-,2.4%,
3a25f059-389a-491c-bf38-860a471ab5f5,03/31/2011,12:00,Central Bank Reserves $,LOW,RUB,$504B,-,-,$500B,
b67b194c-0098-4c5d-91b4-f13dab71b079,03/31/2011,12:30,Producer Price Index (MoM) (Feb),LOW,ZAR,1.5%,-,-,1.1%,
be577149-a781-40a3-bb5f-f640f6d58108,03/31/2011,12:30,Producer Price Index (YoY) (Feb),LOW,ZAR,6.7%,-,-,5.5%,
20980ec2-39e8-4a52-a768-cda95c48a09b,03/31/2011,14:30,Balance Payment $ (Q4),LOW,INR,$4B,-,-,$3.3B,
157a0433-6c1f-426e-ab45-a094d6b75aca,03/31/2011,14:30,Current Account Balance $ (Q4),LOW,INR,$-9.7B,-,-,$15.8B,
aedfcb74-cf51-43ce-b7a8-e1f622c5bf4a,03/31/2011,14:30,External Debt (Q4),LOW,INR,297.5B,-,-,295.8B,
48886494-1efd-4c7e-83cd-5b1af8f9f77a,03/31/2011,14:30,Trade Deficit – RBI (Q4),LOW,INR,-31.6B,-,-,-35.4B,
b6b8b066-7192-48b7-838b-21a2143ece83,03/31/2011,15:00,Trade Balance (in Rands) (Feb),LOW,ZAR,-0.4B,-,-,-4.9B,
2cde5825-b3e8-4774-baa5-b69ac2e7f155,03/31/2011,15:30,Gross Domestic Product (MoM) (Jan),MEDIUM,CAD,0.5%,0.00,0.5%,0.7% ,
ea545128-3bcc-4006-aa5d-4b6b52a0acd2,03/31/2011,15:30,Continuing Jobless Claims,LOW,USD,3.732M,-,-,3.721M,
e5b9d114-2935-4c4e-bfc9-b4cf9dc2ccb5,03/31/2011,15:30,Initial Jobless Claims,LOW,USD,392K,0.79,380K,382K,
fa3c9eb7-19fd-44ab-a43b-6abd4b53f121,03/31/2011,16:30,Nominal Budget Balance (Feb),LOW,BRL,-11.2B,-,-,-1.53B,
c267afe0-6a9e-4d70-9bf2-b44962820d62,03/31/2011,16:30,Primary Budget Surplus (Feb),LOW,BRL,7.9B,-,-,17.7B,
2fa029dd-0c1c-4170-a4ef-fe8dfad9d772,03/31/2011,16:45,Chicago PMI (Mar),LOW,USD,70.6,1.60,69,64.7,
511a2e8b-13a8-403f-bbcb-1427496a8fef,03/31/2011,17:00,Factory Orders (MoM) (Feb),MEDIUM,USD,-0.3%,-1.30,0.5%,3.7% ,
9b906267-ec59-415a-9572-e90dac381677,04/01/2011,00:45,Manufacturing Sales (Q4),LOW,NZD,3%,-,-,-,
46660a97-bedf-4b39-a0e5-3359e2979d32,04/01/2011,01:30,AiG Performance of Mfg Index (Mar),MEDIUM,AUD,47.9,-,-,51.1,
d2082a85-f908-4505-8d90-a261c15a8d08,04/01/2011,02:50,Tankan Large All Industry Capex (Q1),MEDIUM,JPY,-0.4%,-0.38,1.8%,2.9%,
736566e2-e422-4d5d-bcec-201be90e5cc5,04/01/2011,02:50,Tankan Large Manufacturing Index (Q1),MEDIUM,JPY,6,0.00,6,5,
a0052207-a424-46a2-9705-7a4d1c528c88,04/01/2011,02:50,Tankan Large Manufacturing Outlook (Q2),LOW,JPY,2,0.00,2,2,
1013795f-0159-4a4d-b3d3-bb88fc6d9b5e,04/01/2011,02:50,Tankan Non - Manufacturing Index (Q1),MEDIUM,JPY,3,0.83,2,1,
5bccbd6f-4349-456c-bda2-624401d882ec,04/01/2011,02:50,Tankan Non - Manufacturing Outlook (Q1),MEDIUM,JPY,-1,-0.47,0,-1,
f5460e5e-0599-400c-8340-c9c64e4a554e,04/01/2011,04:00,NBS Manufacturing PMI (Mar),MEDIUM,CNY,53.4,-1.22,54.3,52.2,
11004fa1-c6c3-499b-85f4-aed86efd31bf,04/01/2011,05:30,RatingDog Manufacturing PMI (Mar),LOW,CNY,-,-,52.4,-,
0f953781-eef5-4e7c-8f12-5f2bdf3211df,04/01/2011,08:00,S&P Global Manufacturing PMI (Mar),LOW,RUB,-,-,-,-,
0c821bc6-f350-4fb4-bb61-498ce0cbf2d3,04/01/2011,08:30,RBA Commodity Index SDR (YoY) (Mar),LOW,AUD,42.2%,-,-,47.8% ,
8f6d1614-fa84-4cc3-b49e-c0a01d550f08,04/01/2011,10:00,Registered Unemployment n.s.a (Mar),LOW,NOK,2.9%,-,-,3%,
18a7fc54-4831-4dcd-a569-bfa3428ef934,04/01/2011,10:00,S&P Global Manufacturing PMI (Mar),LOW,PLN,-,-,-,-,
c6233cae-c2d8-4187-9286-59eb5fa69a33,04/01/2011,10:15,Real Retail Sales (YoY) (Feb),MEDIUM,CHF,1.8%,1.90,-1.3%,1.2% ,
7466426c-f801-4607-bebc-aacb457fd72b,04/01/2011,10:30,SVME - Purchasing Managers' Index (Mar),MEDIUM,CHF,59.3,-2.38,62.3,61.8,
b95e5c3e-a426-4b0a-9d99-268be22016a7,04/01/2011,10:30,S&P Global PMI (Mar),LOW,CZK,-,-,-,-,
d12c161f-b23c-4f5c-8272-eeb39d8f24a8,04/01/2011,10:30,Retail Sales (YoY) (Feb),LOW,DKK,-0.2%,-,-,0.2% ,
c9b659e0-ee12-4133-be14-1c6d8411ead0,04/01/2011,10:31,Gross Domestic Product Monthly (YoY) (Feb),LOW,RUB,4.4%,-,3.9%,-,
f94f316e-48d6-4b38-bc32-1bb473a5592a,04/01/2011,10:55,HCOB Manufacturing PMI (Mar),MEDIUM,EUR,-,0.00,60.9,-,
5eb6d8d7-bfaf-49a4-a330-bb40761c2eb6,04/01/2011,11:00,HCOB Manufacturing PMI (Mar),MEDIUM,EUR,-,-0.25,57.7,-,
0ca0c83d-7246-408f-bc91-9bf805660448,04/01/2011,11:00,Registered Unemployment s.a (Mar),LOW,NOK,84.4K,-,-,84.356K,
8e11cfc0-21a9-48f6-9a57-d865f2f6813c,04/01/2011,11:30,S&P Global Manufacturing PMI (Mar),MEDIUM,GBP,-,-3.17,60.9,61.5,
14df6864-3fe4-4bcf-b255-fbfb89993903,04/01/2011,12:00,Unemployment Rate (Feb),MEDIUM,EUR,9.9%,0.00,9.9%,10.2% ,
9127b350-9c83-495b-b18e-604ca3228c41,04/01/2011,12:00,Purchasing Manager Index (Mar),LOW,ZAR,57.2,-,-,54.8,
ab451fe1-0963-4fe8-aada-a211e35edbca,04/01/2011,12:00,Public Deficit/GDP (Q4),LOW,EUR,-3.8%,-,-,-,
9ed85f31-8a31-4fc3-8609-93e3b4f13feb,04/01/2011,12:00,HALPIM Manufacturing PMI (Mar),LOW,HUF,53.8,-,-,57,
61b95085-03d0-4b2a-b564-e8aafe0af21b,04/01/2011,15:00,Industrial Output (MoM) (Feb),LOW,BRL,1.9%,-,-,0.2%,
74f37c51-b8be-46a7-b6c6-605e6fa6d6d3,04/01/2011,15:00,Industrial Output (YoY) (Feb),LOW,BRL,6.9%,-,-,2.5%,
c387eee5-781d-468a-8863-97d5531cde12,04/01/2011,15:00,Budget Balance (Mar),LOW,CZK,-25.2B,-,-,10.61B,
693972ce-6d6e-4c7c-8939-1c9d9f7ca357,04/01/2011,15:15,Philadelphia Fed's Plosser speech,LOW,USD,,,,,SPEECH
7b88c7c2-804b-4ede-8de6-1d66c12f34b9,04/01/2011,15:30,Average Hourly Earnings (MoM) (Mar),MEDIUM,USD,0%,-1.36,0.2%,0.1% ,
379b16b3-8b83-48b4-bf81-3421c5252c08,04/01/2011,15:30,Average Hourly Earnings (YoY) (Mar),MEDIUM,USD,1.7%,-2.50,1.9%,1.9% ,
4ff9e502-494d-4fdf-86b9-1e28356cf9da,04/01/2011,15:30,Average Weekly Hours (Mar),LOW,USD,34.3,0.00,34.3,34.3,
3bef0586-30b4-4435-8d01-129696603be1,04/01/2011,15:30,Nonfarm Payrolls (Mar),HIGH,USD,221K,0.47,190K,212K,
ef3c63b8-3c73-47af-897c-ed875aa29a40,04/01/2011,15:30,Unemployment Rate (Mar),HIGH,USD,8.8%,-0.41,8.9%,9% ,
1fcadd4d-6abc-4c19-b973-227d56e44a62,04/01/2011,16:00,Fed's Dudley speech,LOW,USD,,,,,SPEECH
e24b26d3-c61f-4fdb-8d1b-d58dc2761151,04/01/2011,17:00,Construction Spending (MoM) (Feb),MEDIUM,USD,-2.4%,-2.38,0.5%,-3.7% ,
75b2ac93-33aa-47bc-8018-b30e4b7c18b7,04/01/2011,17:00,ISM Manufacturing PMI (Mar),MEDIUM,USD,61.2,0.17,61,59.2,
9a80b810-55b5-4685-9c0b-c67615c35a90,04/01/2011,17:00,ISM Manufacturing Prices Paid (Mar),LOW,USD,85,0.64,83,80.2,
aa1400d2-fa12-4535-bc68-8627c0c5de1d,04/01/2011,17:00,Gross Domestic Product Quarterly (YoY) (Q1),LOW,RUB,4.5%,-,-,2.7%,
8d1b5ab2-3dfe-419d-b40c-673968ab4315,04/02/2011,00:00,Total Vehicle Sales (Mar),LOW,USD,13.11M,-0.99,13.37M,13.44M,
04dac34c-f75c-43fd-910e-1417db4099e6,04/04/2011,02:50,Monetary Base (YoY) (Mar),LOW,JPY,16.9%,10.19,5.8%,5.6%,
c923c2f3-e93d-456f-bfac-67655320f664,04/04/2011,04:30,ANZ Job Advertisements (Mar),LOW,AUD,1.3%,-,-,1.2% ,
d00b8051-f536-4c0b-8d21-3054383022e3,04/04/2011,05:30,TD-MI Inflation Gauge (MoM) (Mar),LOW,AUD,0.6%,-,-,0.2%,
279795a0-090b-4a1f-90c9-d4c5a47718bc,04/04/2011,05:30,TD-MI Inflation Gauge (YoY) (Mar),LOW,AUD,3.8%,-,-,3.6%,
640690f4-2ea5-4bd3-865d-f957f7158baa,04/04/2011,06:00,ANZ Commodity Price (Mar),LOW,NZD,4.8%,-,-,2.6% ,
307bc499-ad89-4739-8c35-4eab29520c64,04/04/2011,10:00,Retail Sales (YoY) (Feb),LOW,CZK,6.5%,-,3.9%,6.8% ,
8b8786c3-1e58-467b-a7fa-14cc29f5aa44,04/04/2011,11:30,Sentix Investor Confidence (Apr),LOW,EUR,14.2,-0.91,16,17.1,
9f708f2c-1f16-4737-9a9d-ef2430f5ea6b,04/04/2011,11:30,S&P Global Construction PMI (Mar),MEDIUM,GBP,-,0.66,54.8,-,
69966a0a-1d8d-46e1-aeb6-d1ccdc82b2fd,04/04/2011,12:00,Producer Price Index (MoM) (Feb),LOW,EUR,0.8%,0.00,0.8%,1.2% ,
9960ec5f-38ca-44da-86cf-a7cc90c05bee,04/04/2011,12:00,Producer Price Index (YoY) (Feb),LOW,EUR,6.6%,-1.02,6.7%,5.5% ,
46de4a69-14b3-43f1-82de-e53feda1ee36,04/04/2011,12:00,Total New Vehicle Sales (Mar),LOW,ZAR,"53,478",-,-,"49,164",
a6325da2-edbc-4536-9158-aedd25059037,04/04/2011,16:00,Fipe's IPC Inflation (Mar),LOW,BRL,0.35%,-,-,0.6%,
f5ee79bf-4b36-4f63-8290-30732f94a42f,04/04/2011,16:05,Fed's Lockhart speech,LOW,USD,,,,,SPEECH
f073f822-d8ff-4184-a783-ab9adbb56906,04/04/2011,17:00,Currency Reserves (Mar),LOW,DKK,453.9B,-,-,446.4B,
e089645b-1481-4e2a-8735-97bda3529c3c,04/04/2011,17:00,Consumer Price Index (MoM) (Mar),LOW,RUB,0.4%,-,-,0.8%,
6989acda-2b17-4cdc-8218-ceb6ce34d9f3,04/04/2011,17:30,Bank of Canada Business Outlook Survey (Jan),LOW,CAD,,,,,REPORT
0ea7dc06-60f5-4b03-9101-15715f1b8abc,04/05/2011,01:00,NZIER Business Confidence (QoQ) (Q1),LOW,NZD,-27%,-,-,8%,
b736dd97-e151-4d06-bead-eab2fab528ea,04/05/2011,02:15,Former Fed's Chair Bernanke speech,MEDIUM,USD,,,,,SPEECH
2dcbf9e3-90ec-4e22-815c-b1acc069edd5,04/05/2011,02:30,AiG Performance of Services Index (Mar),MEDIUM,AUD,46.5,-,-,48.7,
54ef6d88-aa7c-42ad-94b6-cf20b109bd54,04/05/2011,04:30,Trade Balance (MoM) (Feb),MEDIUM,AUD,-0.295M,-6.91,1.2M,844M,
c9e3f6ff-9f64-4cdc-a8d3-d2c0aec8fe4e,04/05/2011,07:30,RBA Interest Rate Decision,HIGH,AUD,4.75%,0.00,4.75%,4.75%,
1d206c6d-e05a-4a22-84af-ebcf82e603aa,04/05/2011,07:30,RBA Rate Statement,MEDIUM,AUD,,,,,REPORT
f238072c-060d-477e-82d4-f6e34ac80fa0,04/05/2011,09:00,S&P Global Services PMI (Mar),LOW,RUB,-,-,-,-,
a5710d8c-66da-4023-bacd-ea18911f38c8,04/05/2011,10:50,HCOB Services PMI (Mar),MEDIUM,EUR,-,0.00,60.1,-,
bc4dd905-5e99-4439-ab63-d78464a9a271,04/05/2011,11:00,HCOB Services PMI (Mar),MEDIUM,EUR,-,0.58,56.9,-,
e9cd8b8d-c366-4c80-b7c0-c56090dc9e3a,04/05/2011,11:30,S&P Global Services PMI (Mar),MEDIUM,GBP,-,2.01,52.5,-,
b43441df-d07a-4fdf-a6aa-76f236d564b6,04/05/2011,12:00,Retail Sales (MoM) (Feb),MEDIUM,EUR,0.3%,0.52,0.1%,-0.6% ,
26ba9493-1dc9-4663-ae33-ace0049a6f1e,04/05/2011,12:00,Retail Sales (YoY) (Feb),MEDIUM,EUR,1.3%,1.35,0.6%,0.4%,
f522339f-60a8-47f3-86eb-490461ebe14c,04/05/2011,14:11,PBoC Interest Rate Decision,HIGH,CNY,6.31%,-,-,6.06%,
843f2c9a-64ce-44b1-ab80-a49ecfaa67da,04/05/2011,14:55,NBP Base rate,LOW,PLN,4%,0,4%,3.75%,
0286c5c1-8027-40c6-ad72-3501ad578421,04/05/2011,17:00,ISM Services PMI (Mar),MEDIUM,USD,57.3,-2.40,59.5,58,
da8a9222-32ca-4dca-91d5-5271b9a3237e,04/05/2011,18:15,Philadelphia Fed's Plosser speech,LOW,USD,,,,,SPEECH
fe9967f4-e1a5-4857-b6db-93c0d0c446af,04/05/2011,21:00,FOMC Minutes,HIGH,USD,,,,,REPORT
d8edf81b-9bbe-421d-8b0e-44884d88c139,04/06/2011,02:01,BRC Shop Price Index (YoY) (Mar),LOW,GBP,2.4%,-,-,2.7%,
7c5fbde4-7719-4147-b7cf-8f635f1698d8,04/06/2011,04:30,Home Loans (Q1),LOW,AUD,-4.7%,-0.85,-1.8%,-4.7% ,
76d0cf87-c2a4-4582-bb03-e887be4e0a28,04/06/2011,04:30,Investment Lending for Homes (Q1),LOW,AUD,-2.3%,-,-,-7.7% ,
bf511741-d9c8-4e12-874c-250973f52102,04/06/2011,08:00,Coincident Index (Feb) PREL,LOW,JPY,106.3,-0.67,106.4,105.4,
2680337d-ea03-42f2-ba09-6adad07ac782,04/06/2011,08:00,Leading Economic Index (Feb) PREL,LOW,JPY,104.2,0.00,104.2,100.9,
7aa4d01f-a417-4a9d-ae30-044bc0b0ceb4,04/06/2011,10:00,Halifax House Prices (MoM) (Mar),LOW,GBP,0%,-0.28,0.2%,0% ,
e3fdcbf5-99f9-4c7f-bf36-aa4afbf7f7e3,04/06/2011,10:00,Halifax House Prices (YoY/3m) (Mar),LOW,GBP,-2.9%,-,-2.8%,-2.8%,
608c30cc-153b-4f2b-bd1c-a4f0c251af95,04/06/2011,10:15,Consumer Price Index (MoM) (Mar),LOW,CHF,0.6%,2.06,0.2%,0.4%,
9446f88d-dfb7-4907-8d53-12d2489cc5f7,04/06/2011,10:15,Consumer Price Index (YoY) (Mar),LOW,CHF,1%,-,-,0.5%,
1d34071d-0300-4634-8454-c481299c5175,04/06/2011,11:30,Industrial Production (MoM) (Feb),HIGH,GBP,-1.2%,-8.63,0.4%,-1.8% ,
a683b40c-b923-42b7-b277-6232818738c2,04/06/2011,11:30,Industrial Production (YoY) (Feb),HIGH,GBP,2.4%,-,-,-3.1% ,
9a8244a8-5f29-4839-a61d-5fffaa1f94db,04/06/2011,11:30,Manufacturing Production (MoM) (Feb),MEDIUM,GBP,0%,-1.77,0.6%,1.1% ,
684526e8-5563-4d0a-9b56-d6077b9bb251,04/06/2011,11:30,Manufacturing Production (YoY) (Feb),MEDIUM,GBP,4.9%,-,-,0% ,
55b70310-62e7-40ef-bddd-d7e5a78f08d0,04/06/2011,12:00,Gross Domestic Product s.a. (QoQ) (Q4),HIGH,EUR,0.3%,0.00,0.3%,0.3%,
5013026c-15f9-4539-8141-6a63f12f4a1c,04/06/2011,12:00,Gross Domestic Product s.a. (YoY) (Q4),HIGH,EUR,2%,0.00,2%,2%,
0219bd2f-20b6-4d4d-82f5-7c0a0416a23a,04/06/2011,13:00,Factory Orders n.s.a. (YoY) (Feb),LOW,EUR,21.1%,-,-,16% ,
796c34b3-a022-4752-8b7e-2f2eb0ba192f,04/06/2011,13:00,Factory Orders s.a. (MoM) (Feb),LOW,EUR,1.9%,-,-,4.4% ,
f5443b33-9e57-432a-9451-e5d1ffff5da4,04/06/2011,14:00,Fed's Lockhart speech,LOW,USD,,,,,SPEECH
0e1b88cf-a600-4a82-b4dc-52a06d776e4f,04/06/2011,14:00,MBA Mortgage Applications,LOW,USD,-2%,-,-,-7.5%,
0ca218aa-94c6-452f-8cb1-fd430395bcb7,04/06/2011,17:00,Ivey Purchasing Managers Index (Mar),MEDIUM,CAD,73.2,0.62,65.4,69.3,
a28f0e18-efd5-4654-bab1-2000a8f3b4bf,04/06/2011,17:00,NIESR GDP Estimate (3M) (Mar),MEDIUM,GBP,0.5%,-,-,0.2% ,
3dd0d805-3377-4e41-bfc4-4e6412ccd081,04/06/2011,17:30,EIA Crude Oil Stocks Change,LOW,USD,2M,-,-,2.945M,
31dd68ad-8630-4eb0-9a5c-230458659ddd,04/07/2011,02:30,AiG Performance of Construction Index (Mar),LOW,AUD,39.4,-,-,44.6,
9a73d4d1-9927-4e71-aa77-da23a3d89530,04/07/2011,03:00,EcoFin Meeting,MEDIUM,EUR,,,,,ALL DAY
90f7b153-d93a-4b28-b492-30f26f120951,04/07/2011,04:30,Employment Change s.a. (Mar),MEDIUM,AUD,43.3K,0.77,24.3K,-10.1K,
db35bcf8-7385-44f8-af80-d03f867906af,04/07/2011,04:30,Unemployment Rate s.a. (Mar),MEDIUM,AUD,4.9%,-0.57,5%,5%,
dc5a73c9-7cfb-4277-9a9d-2e8325b7345c,04/07/2011,07:00,BoJ Interest Rate Decision,HIGH,JPY,0.1%,0,0.1%,0.1%,
a6e20920-b236-4167-b88a-6c904e44ef1f,04/07/2011,07:10,BoJ Monetary Policy Statement,HIGH,JPY,,,,,REPORT
795d6efc-5c65-431a-a9ee-e247b4f30ef9,04/07/2011,09:00,Gross $Gold & Forex Reserve (Mar),LOW,ZAR,$49.266B,-,-,$47.311B,
c54b282d-9801-4588-b367-0e7f1070b843,04/07/2011,09:00,Net $Gold & Forex Reserve (Mar),LOW,ZAR,$44.725B,-,-,$44.775B,
ca402ba5-f209-401b-941b-8728aba1811b,04/07/2011,09:45,Trade Balance EUR (Mar),LOW,EUR,€-6.4B,-,-,€-5.9B,
f794bb3e-ce41-4815-b9da-c1f2b48c08fd,04/07/2011,10:00,Industrial Output (YoY) (Feb),LOW,HUF,14.3%,-,-,13.6% ,
cedb8058-be64-4150-b741-947c7bc24eae,04/07/2011,10:30,Industrial Production (MoM) (Feb),LOW,DKK,-4.6%,-,-,3.7%,
63c44eaf-c0fc-41e0-b3c2-d795caf4a481,04/07/2011,10:30,Consumer Price Index n.s.a (YoY) (Mar),LOW,EUR,2%,-,-,1.9%,
b44a568d-4555-45c0-a28c-50e9570f8353,04/07/2011,11:00,FX Reserves (Mar),LOW,CZK,€29.9B,-,-,€30.39B,
bd5a7c00-449d-4d7e-85f9-a7252fd74d0c,04/07/2011,12:30,Reuters Econometer (Mar),LOW,ZAR,252.22,-,-,263.05,
84f3790e-6c2e-4ccd-8648-856452813155,04/07/2011,13:00,Industrial Production n.s.a. w.d.a. (YoY) (Feb),LOW,EUR,16.8%,-,-,12.5%,
8bc40fa8-81ae-40c8-ac88-1ec840119c16,04/07/2011,13:00,Industrial Production s.a. (MoM) (Feb),LOW,EUR,1.7%,1.05,0.6%,0.8% ,
42fdf0c4-fdf0-44c7-9088-cc61a6c2c0c6,04/07/2011,14:00,Central Bank Reserves $,LOW,RUB,$504.5B,-,-,$504B,
d5bfc9ed-d0a5-42d3-b103-cb8c1f99a80d,04/07/2011,14:00,BoE Interest Rate Decision,HIGH,GBP,0.5%,0,0.5%,0.5%,
422a773a-39c0-4ad0-835b-506dfccc812c,04/07/2011,14:00,Manufacturing Production Index (YoY) (Feb),LOW,ZAR,6%,-,-,1.3%,
3beff6cf-ec8f-4ad3-a059-2d9c29090033,04/07/2011,14:45,ECB Main Refinancing Operations Rate,HIGH,EUR,1.25%,0,1.25%,1%,
62afd824-7caf-471e-b7dd-af2c50004a80,04/07/2011,15:00,IPCA Inflation (Mar),LOW,BRL,0.79%,-,-,0.6% ,
cdb4ba74-365c-4f6d-bbe2-debdf1f24249,04/07/2011,15:00,Central Bank FX Reserves (Mar),LOW,PLN,€75.03B,-,-,€74.9B,
3a1fce95-2808-49a7-9e11-8f7077782189,04/07/2011,15:30,Building Permits (MoM) (Feb),LOW,CAD,9.8%,0.80,3.2%,1.6% ,
8c0aadf7-e320-4e54-8f08-d0591d63b2b6,04/07/2011,15:30,Continuing Jobless Claims,LOW,USD,3.723M,-,-,3.714M,
400463ef-bb45-4c4e-bc56-987a60c6cfc2,04/07/2011,15:30,Initial Jobless Claims,LOW,USD,385K,0.00,385K,388K,
776bd442-8757-45c3-aeea-3044f043d10a,04/07/2011,15:30,ECB's President Trichet speech,MEDIUM,EUR,,,,,SPEECH
d41aeaac-8a3b-46b4-b2a6-8cfb8a9f4871,04/07/2011,18:00,Budget Balance (Mar),LOW,HUF,-182.4B,-,-,-436.9B,
e85f3b9f-bdfa-4803-aa8b-68f5516b1e1b,04/07/2011,22:00,Consumer Credit Change (Feb),LOW,USD,$7.55B,1.08,$4.8B,$10.55B,
9c32e0a7-4b48-4d9b-a173-80ffe6d95138,04/08/2011,02:50,Current Account n.s.a. (Feb),LOW,JPY,"¥1,641B",-0.32,"¥1,743B",¥659.8B,
7d1ec450-03f5-479a-adfe-b88a75dbdcee,04/08/2011,02:50,Trade Balance - BOP Basis (Feb),LOW,JPY,¥723.3B,-,-,¥-253.7B,
9f2a5163-61bb-44d4-98b1-9b87b2f45824,04/08/2011,03:00,EcoFin Meeting,MEDIUM,EUR,,,,,ALL DAY
3706f5f1-a450-4030-af49-78c43fe34bb2,04/08/2011,08:00,BoJ Monthly Economic Survey,MEDIUM,JPY,,,,,REPORT
db958ffa-4ab9-45e9-a896-ec082fd3e4cd,04/08/2011,08:00,Eco Watchers Survey: Current (Mar),LOW,JPY,27.7,-13.81,49.6,49.2,
465f88a1-d8f2-4538-9d6d-02b5ab4ff1a4,04/08/2011,08:45,Unemployment Rate s.a (MoM) (Mar),HIGH,CHF,3.4%,1.34,3.3%,3.6%,
a316c209-02b8-4456-b31e-f2f9fb3a384b,04/08/2011,09:00,Current Account n.s.a. (Feb),LOW,EUR,€8.9B,-,-,€8.9B,
4bbb3c2d-514f-43fb-98a1-1b8ec2a97e7b,04/08/2011,09:00,Trade Balance s.a. (Feb),MEDIUM,EUR,€11.3B,-1.34,€14.2B,€13.6B,
745150f8-b27c-4398-8c37-5cc03e359528,04/08/2011,10:00,Unemployment Rate (Mar),LOW,CZK,9.2%,-,-,9.6%,
df1e18fd-e15b-4164-bb8f-73e1477e5cda,04/08/2011,10:00,Trade Balance (Feb),LOW,HUF,€831M,-,-,€400.6M,
fd906a2a-0341-4865-9e5d-f1fc6468248a,04/08/2011,10:00,Industrial Production (MoM) (Feb),LOW,RON,0.3%,-,-,1%,
2d0c09ff-936f-44ba-9c7f-d56ece3c1455,04/08/2011,10:00,Foreign Trade Balance (Feb),LOW,EUR,€36.8M,-,-,€136M,
68232007-37a4-4a37-929a-4e81514b5ced,04/08/2011,10:00,Industrial Output (YoY) (Feb),LOW,EUR,10.8%,-,-,17.1% ,
e4b9c499-25d7-4ea5-925b-dc39b009a857,04/08/2011,10:30,Manufacturing Output (MoM) (Feb),LOW,EUR,1.2%,-,-,3.5% ,
7bc22684-614e-42e2-81b9-42e3b6f6b49c,04/08/2011,11:00,Danmarks Nationalbank's interest rate change,NONE,DKK,1%,-,-,0.75%,
8d02b4f4-5fb7-4617-b3fe-0fde1218296a,04/08/2011,11:30,Producer Price Index - Input (MoM) n.s.a (Mar),LOW,GBP,3.7%,1.20,2.7%,0.9% ,
ff297e50-d651-4bc2-b469-27435e007122,04/08/2011,11:30,Producer Price Index - Input (YoY) n.s.a (Mar),LOW,GBP,14.8%,2.09,13.2%,14.6% ,
34538e85-aafc-4655-8757-8b4f1a913cc1,04/08/2011,11:30,Producer Price Index - Output (MoM) n.s.a (Mar),LOW,GBP,1.1%,1.77,0.6%,0.5%,
212a3740-3f1c-46da-a966-aece7ee6334f,04/08/2011,11:30,Producer Price Index - Output (YoY) n.s.a (Mar),LOW,GBP,5.6%,-,-,5.3%,
bc2fcd58-2685-4231-8811-fdd37efaa441,04/08/2011,13:27,Trade Balance (Mar),LOW,ISK,6.3B,-,-,10.2B,
b741ff1e-2f39-4ba1-b854-1543ee1b233d,04/08/2011,14:00,Net Change in Employment (Mar),HIGH,CAD,-1.5K,-1.56,32.4K,0.4K,
1c44b62e-ba72-4084-8dae-10dc8b53b08b,04/08/2011,14:00,Unemployment Rate (Mar),HIGH,CAD,7.7%,0.00,7.7%,7.7% ,
d6f269a6-9d64-4de0-b60b-701a9d2ddc49,04/08/2011,14:30,Bank Loan Growth,LOW,INR,21.4%,-,-,23.2%,
da90f85c-4a76-4263-96da-766610ec1c74,04/08/2011,14:30,"FX Reserves, USD",LOW,INR,$305.486B,-,-,$303.506B,
4beb67b0-df50-4322-9f8e-edb341c395c1,04/08/2011,14:30,M3 Money Supply,LOW,INR,16%,-,-,16.6%,
e50ada86-bdc6-45e6-8a07-9deab669a12b,04/08/2011,15:00,Fed's Lockhart speech,LOW,USD,,,,,SPEECH
2db9b161-c493-4578-a3b6-63242abba02f,04/08/2011,15:15,Housing Starts s.a (YoY) (Mar),MEDIUM,CAD,184.7K,0.33,180K,179.4K,
79803635-f51d-4b23-87d3-45f9a2a9f927,04/08/2011,17:00,Wholesale Inventories (Feb),LOW,USD,1%,-0.24,1.2%,1.1% ,
9862b309-5080-4411-b892-5780cfc3f1f0,04/08/2011,17:15,Fed's Richard Fisher speech,LOW,USD,,,,,SPEECH
9f2dc6e0-05b3-4c3b-97d7-442c650d3f68,04/08/2011,19:30,Philadelphia Fed's Plosser speech,LOW,USD,,,,,SPEECH
049bb34b-f81d-422e-958c-1ec14f42121e,04/09/2011,00:00,Producer Price Index Growth (MoM) (Mar),LOW,KRW,1.2%,-,-,-,
5500ff6f-340d-4b86-a042-0176ae124241,04/09/2011,00:00,Producer Price Index Growth (YoY) (Mar),LOW,KRW,7.3%,-,-,-,
9680fffb-3800-43c6-8013-d8a9a0a55448,04/11/2011,00:39,Trade Balance USD (Mar),MEDIUM,CNY,$0.139B,-,$-3.35B,$-7.87B,
f7fbef1b-ed48-48ee-9f24-166cdceaeb30,04/11/2011,02:50,Machinery Orders (MoM) (Feb),LOW,JPY,-2.3%,-0.21,-0.9%,5% ,
f5e2f5c8-7d8c-4d9c-a741-bdc4699ec227,04/11/2011,08:30,Industrial Output (Feb),LOW,INR,3.6%,-,-,7.5% ,
83d56534-2981-42ea-b5f0-1c69b5df230f,04/11/2011,08:42,Manufacturing Output (Feb),LOW,INR,3.5%,-,-,3.3%,
09622cf1-f4e6-4c7e-a376-bbd31decd135,04/11/2011,10:00,Consumer Price Index (MoM) (Mar),LOW,CZK,0.1%,-,0.2%,0.1%,
d1a8b542-b445-4d9d-88e8-b2c3e53717a4,04/11/2011,10:00,Consumer Price Index (YoY) (Mar),LOW,CZK,1.7%,-,-,1.8%,
f25711cb-9c1d-4c12-94d5-9893f4c0d334,04/11/2011,10:00,Consumer Price Index (Mar),LOW,RON,8%,-,-,7.6%,
6d1241d5-1720-4fbf-8de5-382fb656793e,04/11/2011,10:00,Trade Balance (Feb),LOW,RON,€-0.392B,-,-,€-0.186B,
4ff2b2fc-7c1b-4114-99a5-9e945423616b,04/11/2011,10:30,Consumer Price Index (YoY) (Mar),LOW,DKK,2.7%,-,-,2.7%,
1b22b1b3-aef3-449e-b72a-86073ae0bc35,04/11/2011,10:30,Current Account (Feb),LOW,DKK,5.2B,-,-,8.8B,
3ccc9df2-7513-4b66-89de-edb484bb3c40,04/11/2011,10:30,Inflation (HICP) (YoY) (Mar),LOW,DKK,2.5%,-,-,2.6%,
c889ec44-2438-4373-a4db-0362e1665394,04/11/2011,10:30,Trade Balance (Feb),LOW,DKK,6.1B,-,-,5.9B,
8355ac2a-09ca-4d06-be54-0c8767084831,04/11/2011,11:00,Consumer Price Index (YoY) (Mar),LOW,NOK,1%,-,-,1.2%,
52a4d8e5-601e-4259-a04a-4b136911be2d,04/11/2011,11:00,Core Inflation (YoY) (Mar),LOW,NOK,0.8%,-,-,0.8%,
5d78531a-b2d6-41ca-9d9b-a93801be462a,04/11/2011,11:00,Producer Price Index (YoY) (Mar),LOW,NOK,21.4%,-,-,21.2%,
10863992-6e0e-44ce-a0a3-45b1067f6ef5,04/11/2011,12:15,Fed's Dudley speech,LOW,USD,,,,,SPEECH
da78c7e0-4f6a-4622-8d1e-de6f3f16a312,04/11/2011,12:49,Foreign Trade (Feb),LOW,RUB,$17.4B,-,-,$17.3B,
7154586e-2653-4a6a-be2d-24e0778321b3,04/12/2011,02:01,BRC Like-For-Like Retail Sales (YoY) (Mar),LOW,GBP,-3.5%,-,-,-0.4%,
39e58bce-7b84-4159-80fe-1a1fd9700153,04/12/2011,02:01,RICS Housing Price Balance (Mar),LOW,GBP,-23%,0.00,-23%,-27% ,
0fe8e5f9-934b-41b8-80b6-1a8d250bf3a9,04/12/2011,02:50,BoJ Monetary Policy Meeting Minutes,MEDIUM,JPY,,,,,REPORT
2732a106-23cf-4ed8-8895-66804162efcc,04/12/2011,02:50,Money Supply M2+CD (YoY) (Mar),LOW,JPY,2.7%,1.35,2.5%,2.4%,
8c961f4f-ad7b-465e-909e-08f17e0a9dbb,04/12/2011,04:30,National Australia Bank's Business Conditions (Mar),LOW,AUD,9,-,-,-6,
9a89b4dc-14e7-42e2-b16b-f28f4d6c6fc9,04/12/2011,04:30,National Australia Bank's Business Confidence (Mar),MEDIUM,AUD,9,-,-,14,
f60511c6-86f7-4f6e-89aa-a1e6551c4c3b,04/12/2011,09:00,Consumer Price Index (MoM) (Mar),MEDIUM,EUR,0.5%,0.00,0.5%,0.5%,
3971eded-9e2c-4548-8fd1-ef9c76aedd63,04/12/2011,09:00,Consumer Price Index (YoY) (Mar),HIGH,EUR,2.1%,0.00,2.1%,2.1%,
074b7eda-4b1d-4925-ba20-bffaa0f3480f,04/12/2011,09:00,Machine Tool Orders (YoY) (Mar),MEDIUM,JPY,49.6%,-,-,-,
b420fd44-b8b8-48dc-9e00-8c6b7cef469c,04/12/2011,10:00,Harmonized Index of Consumer Prices (YoY) (Mar),LOW,EUR,3.3%,-,-,3.3%,
a188f995-a922-4c78-bef6-0bf471b60f23,04/12/2011,10:00,Consumer Price Index (YoY) (Mar),LOW,HUF,4.5%,-,-,4.1%,
040ca26f-7f10-490c-abf2-f6c2c19ed7b2,04/12/2011,10:00,Core Consumer Price Index (YoY) (Mar),LOW,HUF,2.5%,-,-,1.9%,
4349a9b1-524a-49d2-a608-df493f4e6921,04/12/2011,10:30,Consumer Price Index (YoY) (Mar),LOW,SEK,2.9%,-,-,2.5%,
9f6a2efc-43dd-450e-8cd7-cba821daafb4,04/12/2011,11:30,Consumer Price Index (MoM) (Mar),MEDIUM,GBP,0.3%,-3.06,0.6%,0.7%,
30901a47-d9bc-460d-aeb2-d45709b329d0,04/12/2011,11:30,Consumer Price Index (YoY) (Mar),HIGH,GBP,4%,-2.46,4.4%,4.4%,
3b3c35a6-681c-41ad-ad98-80e7f7c7c8ff,04/12/2011,11:30,Core Consumer Price Index (YoY) (Mar),MEDIUM,GBP,3.2%,-0.77,3.3%,3.4%,
85e70515-0709-4dbe-98dc-66b7282074f6,04/12/2011,11:30,DCLG House Price Index (YoY) (Feb),LOW,GBP,0.5%,-0.76,1.3%,0.5%,
d86aaab9-73ae-438e-bacd-4536eb615692,04/12/2011,11:30,Goods Trade Balance (Feb),MEDIUM,GBP,£-7B,1.63,£-8.1B,£-7.43B,
254e8522-610d-426f-ae88-007916d0f66d,04/12/2011,11:30,Retail Price Index (MoM) (Mar),MEDIUM,GBP,0.5%,-0.71,0.6%,1%,
c0fa76c7-8308-4995-92c0-ce5b61840dac,04/12/2011,11:30,Retail Price Index (YoY) (Mar),MEDIUM,GBP,5.3%,-1.15,5.5%,5.5%,
95123651-e592-404d-af78-e9a04cdeea3b,04/12/2011,11:30,Trade Balance; non-EU (Feb),MEDIUM,GBP,£-2.849B,1.05,£-4.9B,£-4.107B,
9a357860-432a-481e-86c2-ffbecb8e8d15,04/12/2011,12:00,ZEW Survey – Current Situation (Apr),MEDIUM,EUR,87.1,0.62,85.2,85.4,
0b24c76e-f85a-4a86-88a5-b20592056f3e,04/12/2011,12:00,ZEW Survey – Economic Sentiment (Apr),MEDIUM,EUR,7.6,-0.83,12.2,14.1,
b7a01b18-6dd8-4f99-8750-6cbae9aa841e,04/12/2011,12:00,ZEW Survey – Economic Sentiment (Apr),MEDIUM,EUR,19.7,-1.59,29.8,31,
9c704774-b6ff-4f06-83ff-b94c83ecc4a4,04/12/2011,13:15,Budget Fulfilment,LOW,RUB,1.1%,-,-,-4.1%,
90ecda5a-c95a-44fd-8334-3eef150b7724,04/12/2011,13:15,Fed's Dudley speech,LOW,USD,,,,,SPEECH
28dcf5bd-c265-4946-ac7e-65c91332f765,04/12/2011,15:30,Retail Sales (MoM) (Feb),LOW,BRL,-0.4%,-,-,1.2%,
40019807-add8-40d7-82f3-20147921b24e,04/12/2011,15:30,International Merchandise Trade (Feb),LOW,CAD,$0.356B,-0.23,$0.7B,$0.74B,
3428bf83-68fe-4eac-abaa-dc60e790e39e,04/12/2011,15:30,New Housing Price Index (MoM) (Feb),LOW,CAD,0.4%,0.00,0.4%,0.2%,
66210a5d-c836-4566-baea-05e210747451,04/12/2011,15:30,Goods and Services Trade Balance (Feb),MEDIUM,USD,$-45.44B,-0.65,$-43.1B,$-48.1B,
6d3f3ea6-3dd1-40b4-9307-5c0fef72343e,04/12/2011,15:30,Import Price Index (MoM) (Mar),MEDIUM,USD,2.6%,2.31,1.9%,1.7% ,
d5d837a7-a409-40d5-baa9-f8cea380ae36,04/12/2011,15:30,Import Price Index (YoY) (Mar),MEDIUM,USD,9.7%,0.37,8.9%,7.6% ,
c67ee078-e914-4ff5-a7a4-bd7d52cf55c2,04/12/2011,15:30,Export Price Index (MoM) (Mar),LOW,USD,1.5%,-,-,1.3%,
aa701b6d-6eec-425a-8c91-2250df0967c1,04/12/2011,16:00,BoC Interest Rate Decision,HIGH,CAD,1%,0,1%,1%,
e7beb181-14e0-4e0f-9d57-eab95009bb24,04/12/2011,17:00,RealClearMarkets/TIPP Economic Optimism (MoM) (Apr),LOW,USD,40.8,-1.01,45.7,43,
f5ce0a4e-476b-4162-a4aa-a3ac4eff27b5,04/12/2011,21:00,Monthly Budget Statement (Mar),MEDIUM,USD,$-188.2B,-2.04,$-157.5B,$-222.5B,
ab3189d9-ae38-4452-b235-9f8697113493,04/12/2011,21:50,Fed's Richard Fisher speech,LOW,USD,,,,,SPEECH
420f7437-5e97-4ca6-a70b-59a804b089cc,04/13/2011,01:45,Food Price Index (MoM) (Mar),LOW,NZD,0.3%,-,-,0.1%,
341bafbc-70fe-4a8b-8061-53b781b40763,04/13/2011,01:45,Visitor Arrivals (YoY) (Feb),LOW,NZD,0.2%,-,-,3.5% ,
24571c04-0047-4d47-abe3-18506cd0e180,04/13/2011,02:50,Producer Price Index (MoM) (Mar),LOW,JPY,0.6%,0.98,0.4%,0.1% ,
8dc5c3da-ecc7-4535-bf1a-c1e075bce5b1,04/13/2011,02:50,Producer Price Index (YoY) (Mar),LOW,JPY,2%,0.52,1.9%,0.7% ,
d31a400a-099d-4cf3-b220-50fe5a687525,04/13/2011,03:30,Westpac Consumer Confidence (Apr),LOW,AUD,1.2%,-,-,-2.4%,
86571265-6b95-4ef8-a638-a130f16c20cb,04/13/2011,09:00,Wholesale Price Index (MoM) (Mar),LOW,EUR,1.3%,0.00,1.3%,0.9% ,
8be55413-9b94-41ae-8553-0ccfa1716613,04/13/2011,09:00,Wholesale Price Index (YoY) (Mar),LOW,EUR,10.9%,-,-,8.3% ,
08f4515c-1df8-4f43-934c-72b3225fb784,04/13/2011,10:00,Core Inflation (MoM) (Mar),LOW,EUR,0.5%,-,0.2%,0.4%,
71df13c0-dd62-40d9-81df-2df2320c326b,04/13/2011,10:00,Core Inflation (YoY) (Mar),LOW,EUR,2.2%,-,-,1.8%,
f19f52c2-f0ce-48ac-98ef-35af31728699,04/13/2011,10:00,Headline Inflation (MoM) (Mar),LOW,EUR,0.4%,-,0.2%,0.3%,
6b4d21a1-c6b9-4fa5-88ef-7eff5161943a,04/13/2011,10:00,Headline Inflation (YoY) (Mar),LOW,EUR,3.6%,-,-,3.3%,
a72828b7-0e6e-4621-80dc-d9927a746fae,04/13/2011,10:15,Producer and Import Prices (MoM) (Mar),LOW,CHF,0.4%,0.00,0.4%,0.2%,
e46b3536-42dd-4332-8618-f53e4e0b0786,04/13/2011,10:15,Producer and Import Prices (YoY) (Mar),LOW,CHF,0.4%,0.00,0.4%,0.5%,
02c3a079-d114-4d53-8f0c-133c61f6a371,04/13/2011,11:00,Current Account (MoM) (Feb),LOW,CZK,15.95B,-,-,-0.31B,
d5af91da-fa3e-4bf0-8621-11110502971f,04/13/2011,11:30,Average Earnings Excluding Bonus (3Mo/Yr) (Feb),LOW,GBP,2.2%,0.00,2.2%,2.2% ,
29b6ea03-6a28-4857-83be-707417e4f0c3,04/13/2011,11:30,Average Earnings Including Bonus (3Mo/Yr) (Feb),LOW,GBP,2.1%,-3.13,2.6%,2.5% ,
54a5e943-e6d8-49b4-8dd7-12a2be803c9c,04/13/2011,11:30,Claimant Count Change (Mar),HIGH,GBP,-8.5K,-1.02,-3.1K,-3.3K,
1dba2a26-08e0-4344-a5e1-9874f39df585,04/13/2011,11:30,Claimant Count Rate (Mar),MEDIUM,GBP,4.5%,0.00,4.5%,4.4% ,
7e40d375-662d-4cde-9869-601902fa7f98,04/13/2011,11:30,ILO Unemployment Rate (3M) (Feb),MEDIUM,GBP,7.8%,-2.67,8%,7.9% ,
85070bea-a4f2-4dad-95bb-f01f66f51439,04/13/2011,12:00,Industrial Production s.a. (MoM) (Feb),MEDIUM,EUR,0.6%,-0.27,0.8%,-0.5% ,
7580d594-c195-4cd2-a08f-fb84bec6c2e7,04/13/2011,12:00,Industrial Production w.d.a. (YoY) (Feb),LOW,EUR,7.7%,-0.30,8%,5.9% ,
9731e0e6-939f-45a4-8aeb-46b07c47b297,04/13/2011,14:00,MBA Mortgage Applications,LOW,USD,-6.7%,-,-,-2%,
12ffefc6-4f90-4281-b74f-49957d382a82,04/13/2011,14:45,ECB Rate On Deposit Facility,MEDIUM,EUR,0.5%,-,-,0.25%,
9265f3eb-5d70-4412-9340-9f1a3d3bd6f5,04/13/2011,15:00,Consumer Price Index (MoM) (Mar),LOW,PLN,0.9%,-,-,0.2%,
7a48c309-4d00-4404-aabc-a47833ae3e42,04/13/2011,15:00,Consumer Price Index (YoY) (Mar),LOW,PLN,4.3%,-,-,3.6%,
cabb5785-898a-4ac7-8739-b74ab5504d50,04/13/2011,15:00,Current Account (Feb),LOW,PLN,€-685M,-,-,€-930M,
351411d4-484f-480b-bd5a-7e7de44e50f7,04/13/2011,15:30,Retail Sales (MoM) (Mar),MEDIUM,USD,0.9%,1.63,0.5%,0.8% ,
1c5a1490-bb74-4ab9-b5a2-101516c1a50d,04/13/2011,15:30,Retail Sales ex Autos (MoM) (Mar),MEDIUM,USD,1.2%,1.70,0.6%,0.7% ,
25d34081-ad75-412f-b212-bcd5cff91a4f,04/13/2011,17:00,Business Inventories (Feb),LOW,USD,0.7%,-0.30,0.8%,0.7% ,
4b7eaae8-8b2c-4101-88bd-67010bb04c5c,04/13/2011,17:30,BoC Monetary Policy Report,HIGH,CAD,,,,,REPORT
3144f7f6-f4bd-47e5-b7bf-00a3c7a38151,04/13/2011,17:30,EIA Crude Oil Stocks Change,LOW,USD,1.627M,-,-,2M,
230bc7d8-cd6b-46dd-a307-d95d62e68318,04/13/2011,20:00,RBA's Governor Stevens speech,LOW,AUD,,,,,SPEECH
51bb4db3-c14a-457f-a676-bcf7660417ef,04/13/2011,21:00,Fed's Beige Book,MEDIUM,USD,,,,,REPORT
b71fe25a-2c04-4879-83e2-346eb256b56b,04/13/2011,22:30,Barack Obama Press Conference,LOW,USD,,,,,SPEECH
a0ea77f0-3a9d-482a-973d-1ce7812cf05d,04/14/2011,01:30,Business NZ PMI (Mar),MEDIUM,NZD,50.1,-,-,51.3,
b25065b0-2b2f-4e03-91d1-4cf32af0c424,04/14/2011,02:00,Unemployment Rate (Mar),LOW,KRW,4%,-,-,-,
6f4f84c7-5754-4608-b419-d91ce38c9437,04/14/2011,02:01,Nationwide Consumer Confidence (Mar),MEDIUM,GBP,45,1.16,40,38,
465ea033-aec6-48fd-8a47-2c635ed8600d,04/14/2011,03:00,G7 Meeting,LOW,EUR,,,,,ALL DAY
f9b92088-10df-454e-a599-ecc3adf49025,04/14/2011,04:00,Consumer Inflation Expectations (Apr),MEDIUM,AUD,3.5%,-,-,3.6%,
1953631d-1340-430d-b51f-ba86f84f70f4,04/14/2011,04:30,New Motor Vehicle Sales (MoM) (Mar),LOW,AUD,3.9%,-,2.8%,0.2%,
67f8e61c-8021-4d7f-8e7a-46f0308155b5,04/14/2011,04:30,New Motor Vehicle Sales (YoY) (Mar),LOW,AUD,1.9%,-,-,-1.5%,
c398f93a-dfd8-4abf-b055-36d8b16a1d5f,04/14/2011,05:00,Central Bank Reserves $,LOW,RUB,$508.4B,-,-,$504.5B,
9d10e048-8b26-4c80-8256-9e06fc490a2f,04/14/2011,09:00,Consumer Price Index (YoY) (Mar),LOW,EUR,3.3%,-,-,3.3%,
97fa21fd-f351-49d2-baff-03c076be965c,04/14/2011,10:30,Retail Sales (YoY) (Feb),LOW,EUR,3.4%,-,-,1.5%,
ee9900de-72c3-462f-a1d8-41a8b543c084,04/14/2011,11:00,ECB Monthly Report,MEDIUM,EUR,,,,,REPORT
a399588a-d98c-4645-9ec3-467b744905a0,04/14/2011,12:00,ZEW Survey – Expectations (Apr),MEDIUM,CHF,8.8,-,-,-13.5,
4dddb2b8-537b-46c1-ac71-b2a18a2b4ece,04/14/2011,12:51,Foreign Exchange Reserves (QoQ) (Q1),MEDIUM,CNY,¥3.045T,-,¥2.98T,¥194T,
122df3f8-c410-4a20-aaf8-f8fa61c926a4,04/14/2011,12:52,M2 Money Supply (YoY) (Mar),LOW,CNY,16.6%,1.50,15.4%,15.7%,
87b89c33-0d22-4fd0-9026-33b2f2193e1d,04/14/2011,15:00,M3 Money Supply (YoY) (Mar),LOW,PLN,10.8%,-,-,8.3%,
9b6ba044-a7fb-4c3d-99a6-79bcee0fa7e4,04/14/2011,15:30,Manufacturing Sales (MoM) (Feb),LOW,CAD,-1.8%,-1.38,0.6%,3.3% ,
c2a21d1f-8dde-4b86-b3be-2dd25befea66,04/14/2011,15:30,SNB's Danthine speech,MEDIUM,CHF,,,,,SPEECH
394661f3-50db-4479-9534-0a79a3b02fab,04/14/2011,15:30,Continuing Jobless Claims,LOW,USD,3.68M,-0.61,3.71M,3.723M,
14984a56-2c9c-4951-b6d9-45208e983a3b,04/14/2011,15:30,Initial Jobless Claims,LOW,USD,412K,3.83,379K,385K,
0c1124aa-10b5-40f8-8da3-ded1849cb672,04/14/2011,15:30,Producer Price Index (MoM) (Mar),LOW,USD,0.7%,-0.97,1.1%,0.6% ,
81eebca4-bbd9-457b-87db-074afc11c4a5,04/14/2011,15:30,Producer Price Index (YoY) (Mar),MEDIUM,USD,5.8%,-1.70,6.4%,3.3% ,
01c58392-80a1-44f8-8a63-d0be71ae5b5b,04/14/2011,15:30,Producer Price Index ex Food & Energy (MoM) (Mar),LOW,USD,0.3%,0.30,0.2%,0.3% ,
ad9fb134-3158-40c1-870f-7028b0c86579,04/14/2011,15:30,Producer Price Index ex Food & Energy (YoY) (Mar),MEDIUM,USD,1.9%,0.00,1.9%,1.8%,
91e7d458-d430-4ab5-9c8d-a252ab317742,04/14/2011,19:30,Philadelphia Fed's Plosser speech,LOW,USD,,,,,SPEECH
469581ed-2e37-4b08-8d9b-451d0d5d718e,04/15/2011,03:00,G20 Meeting,MEDIUM,EUR,,,,,ALL DAY
4958501a-5a37-403a-b6d4-3a2df9481e0e,04/15/2011,05:00,Consumer Price Index (YoY) (Mar),MEDIUM,CNY,5.4%,0.66,5.2%,4.9%,
6597a9d9-ad0b-4a63-ae23-4edb45a69900,04/15/2011,05:00,Fixed Asset Investment (YTD) (YoY) (Mar),MEDIUM,CNY,25%,-0.39,25.3%,24.9%,
a406713e-b137-4bbe-8f91-89db9a5e19b0,04/15/2011,05:00,Gross Domestic Product (YoY) (Q1),HIGH,CNY,9.7%,-,9.3%,9.9% ,
800bbc72-389f-4148-ae46-6269de4499dc,04/15/2011,05:00,Industrial Production (YoY) (Mar),MEDIUM,CNY,14.8%,-,14%,14.9% ,
5075defc-6188-4778-8737-a3640abde366,04/15/2011,05:00,Producer Price Index (YoY) (Mar),MEDIUM,CNY,7.3%,0.82,7.2%,7.2%,
c6f845f1-ae91-4e6d-ad2d-f667dc19a2c9,04/15/2011,05:00,Retail Sales (YoY) (Mar),MEDIUM,CNY,17.4%,0.76,16.3%,15.8%,
8732f8a6-3118-4828-ba8d-d541ba1be074,04/15/2011,07:30,Capacity Utilization (Feb),LOW,JPY,2.9%,-,-,-0.5% ,
40c8dc1d-7ef5-4c29-bc99-5312ccec5980,04/15/2011,07:30,Industrial Production (MoM) (Feb),MEDIUM,JPY,1.8%,1.63,0.4%,0.4%,
f1737fbf-a4b6-4f9f-9f3a-cdc8f1d35663,04/15/2011,07:30,Industrial Production (YoY) (Feb),MEDIUM,JPY,-12.9%,-,-,2.8%,
23c5c768-6883-4c25-9d9a-e4249088380d,04/15/2011,09:30,WPI Inflation (Mar),LOW,INR,8.98%,-,-,8.31%,
1a68e247-2f07-4aff-b17a-eccbadf4c18f,04/15/2011,10:00,Export Prices (YoY) (Feb),LOW,CZK,0.2%,-,-,2.3%,
9d164b16-dbc9-4e7d-a11e-d7750edbcbff,04/15/2011,10:00,Import Prices (YoY) (Feb),LOW,CZK,4.3%,-,-,4.6%,
c95afb74-0e79-40f5-a2d2-e61b1e31051e,04/15/2011,10:00,Producer Price Index (MoM) (Mar),LOW,CZK,1%,-,0.6%,0.5%,
0cacde41-91a9-453b-932c-76dc7e2365cc,04/15/2011,10:00,Producer Price Index (YoY) (Mar),LOW,CZK,6.3%,-,-,5.4%,
5e702e69-16ef-4653-ab42-54b7959b8536,04/15/2011,10:00,Current Account (Feb),LOW,EUR,€0.5B,-,-,€0.4B,
f45422b2-fb68-481b-8502-d6cab02939d4,04/15/2011,10:00,EU Norm Inflation (MoM) (Mar),LOW,EUR,0.4%,-,0.2%,0.3%,
aed4cf16-e936-420d-b9c9-88fca6ae86de,04/15/2011,10:00,EU Norm Inflation (YoY) (Mar),LOW,EUR,3.8%,-,-,3.5%,
b71513eb-514a-4779-91d2-d0f1e2b927c6,04/15/2011,12:00,Core Harmonized Index of Consumer Prices (YoY) (Mar),MEDIUM,EUR,1.3%,-,-,1%,
7913c34e-2c0e-4b26-98cd-f775a5054bd4,04/15/2011,12:00,Harmonized Index of Consumer Prices (MoM) (Mar),LOW,EUR,1.4%,1.58,1.3%,0.4%,
27f244b5-65c4-4e5b-a9ff-bf8e0d134834,04/15/2011,12:00,Harmonized Index of Consumer Prices (YoY) (Mar),MEDIUM,EUR,2.7%,2.31,2.6%,2.6%,
c14b2f4e-0fb5-48c4-9628-cf9d6f40367d,04/15/2011,12:00,Trade Balance n.s.a. (Feb),MEDIUM,EUR,€-3.2B,0.23,€-4B,€-16.4B,
a8e0a4bf-49a5-4760-a532-9d37abc54a94,04/15/2011,12:00,Trade Balance s.a. (Feb),MEDIUM,EUR,€-2.7B,0.36,€-3.4B,€-4.5B,
610107d1-e711-4146-9a46-0fe46a95a79e,04/15/2011,14:30,"FX Reserves, USD",LOW,INR,$308.203B,-,-,$305.486B,
335320c4-1820-4f4e-b1bc-f1a58af4d3f5,04/15/2011,15:30,New Motor Vehicle Sales (MoM) (Feb),LOW,CAD,-0.6%,-,-,3.2%,
76017315-ac46-4946-bc46-8d699390d020,04/15/2011,15:30,Consumer Price Index (MoM) (Mar),LOW,USD,0.5%,1.34,0.4%,0.3% ,
6c6570b5-6448-424c-812c-5e02ba5e11f1,04/15/2011,15:30,Consumer Price Index (YoY) (Mar),MEDIUM,USD,2.7%,2.12,2.6%,2.1%,
455024e1-e2dc-4471-a688-8b43dbb9da02,04/15/2011,15:30,Consumer Price Index ex Food & Energy (MoM) (Mar),LOW,USD,0.1%,-1.06,0.2%,0.2%,
7690b969-6bfa-4f2a-8cd3-0dd5a6fd661c,04/15/2011,15:30,Consumer Price Index ex Food & Energy (YoY) (Mar),MEDIUM,USD,1.2%,0.00,1.2%,1.1%,
025e9312-302c-46ce-a808-0699b8d0812c,04/15/2011,15:30,NY Empire State Manufacturing Index (Apr),LOW,USD,21.7,0.35,18,12.4,
7cc3b4b2-f370-4ede-923f-ba8dfa7e4292,04/15/2011,16:00,Net Long-Term TIC Flows (Feb),MEDIUM,USD,$27.2B,-1.06,$59.4B,$48.6B,
8cb3d1ff-097b-4d32-a6ff-c8034cd2d038,04/15/2011,16:00,Total Net TIC Flows (Feb),LOW,USD,$95.6B,-,-,$34.2B,
54190048-1181-456c-b936-94fac8bfe863,04/15/2011,16:15,Capacity Utilization (Mar),LOW,USD,77%,-0.67,77.3%,75.1% ,
776300e1-36ba-48e2-9834-092b03b52d8b,04/15/2011,16:15,Industrial Production (MoM) (Mar),MEDIUM,USD,0.7%,0.44,0.5%,-0.4% ,
43d1280d-4d94-4bfe-831c-d904e616585b,04/15/2011,16:55,Michigan Consumer Sentiment Index (Apr) PREL,MEDIUM,USD,69.6,0.16,69,67.5,
c344dab6-c47c-4142-8310-3f7287512ecc,04/15/2011,17:00,Banxico Interest Rate Decision,LOW,MXN,4.5%,-,-,-,
23cd8c9c-aa4e-4e57-8668-bc658759e408,04/15/2011,17:10,Industrial Output (Mar),LOW,RUB,5.3%,-,-,5.8%,
236bd80f-b212-409e-a2f1-241cf41b74c5,04/15/2011,17:10,Producer Price Index (MoM) (Mar),LOW,RUB,1.3%,-,-,3.3%,
d0d77987-0ab2-498c-a4e5-7fbbb741d3ee,04/15/2011,17:23,Producer Price Index (YoY) (Mar),LOW,RUB,20.9%,-,-,21.4%,
eb390e82-f262-4884-a8e1-91e75ffef1bf,04/17/2011,03:00,IMF Meeting,LOW,USD,,,,,ALL DAY
0a4adf2c-a6e0-4750-8848-131b085008e6,04/18/2011,01:45,Consumer Price Index (QoQ) (Q1),MEDIUM,NZD,0.8%,-,-,2.3%,
48e26873-fd69-40e7-8df0-258468dcfdae,04/18/2011,02:01,Rightmove House Price Index (MoM) (Apr),MEDIUM,GBP,1.7%,-,-,0.1% ,
8aa91514-ac9f-466d-892a-2f3a7625c59d,04/18/2011,02:01,Rightmove House Price Index (YoY) (Apr),MEDIUM,GBP,0.1%,-,-,0.9%,
f069d5b2-a0c2-4366-bc80-4e9bb168e7f5,04/18/2011,15:00,Corporate Sector Wages (Mar),LOW,PLN,4%,-0.12,4.1%,4.1%,
f2af921e-701d-44c2-b0db-d65400f1ce25,04/18/2011,15:30,Canadian Portfolio Investment in Foreign Securities (Feb),LOW,CAD,$-2.72B,-,-,$1.93B,
62db564d-355e-486f-b709-bc7822d98b28,04/18/2011,15:30,Foreign Portfolio Investment in Canadian Securities (Feb),LOW,CAD,$2.47B,-2.98,$10B,$18.32B,
f75bae70-c710-4089-93c8-8e6768ebe7dd,04/18/2011,17:00,NAHB Housing Market Index (Apr),LOW,USD,16,-2.00,17,17,
f3322a5b-fc30-43f7-9420-2bff61bc1823,04/18/2011,19:00,Fed's Bullard speech,LOW,USD,,,,,SPEECH
89debbdf-98bf-499e-8c1a-a62f7a5366c9,04/18/2011,19:30,Fed's Richard Fisher speech,LOW,USD,,,,,SPEECH
02966b4d-5388-4e00-96ad-6919f8229067,04/19/2011,03:00,Unemployment Rate (Mar),LOW,RUB,7.1%,-,7.4%,7.4%,
6995ddcd-9e30-48bc-a21d-cc8f03d23546,04/19/2011,04:30,RBA Meeting Minutes,HIGH,AUD,,,,,REPORT
3aab0c4c-64cd-485e-89b1-eed94085efe8,04/19/2011,04:43,FDI - Foreign Direct Investment (YTD) (YoY) (Mar),LOW,CNY,29.4%,-,-,27.1%,
7ff64709-c51e-4a61-8a3b-b0c286bc8072,04/19/2011,05:30,RatingDog Manufacturing PMI (Apr) PREL,LOW,CNY,-,-,-,-,
738e2c00-fb91-41c2-900c-c16b500ee2b3,04/19/2011,08:00,Consumer Confidence Index (Mar),MEDIUM,JPY,38.6,-,-,41.2,
96b16d33-8be8-4494-9cf8-3a571340270b,04/19/2011,10:00,Gross Wages (YoY) (Feb),LOW,HUF,4.8%,-,-,1.6%,
066f69b1-56a0-4ccb-b825-972d0e1d1aaa,04/19/2011,10:30,HCOB Manufacturing PMI (Apr) PREL,MEDIUM,EUR,-,1.38,60,-,
2ebcd7e2-ca10-4a96-96d8-5adb03531624,04/19/2011,10:30,HCOB Services PMI (Apr) PREL,MEDIUM,EUR,-,-2.24,59.8,-,
c228a302-1025-4a0b-ad23-3e0c67798cd4,04/19/2011,11:00,Current Account n.s.a (Feb),LOW,EUR,€-8.9B,-,-,€-23.4B,
61a0a562-4b93-48e8-b2eb-117a5e092998,04/19/2011,11:00,Current Account s.a (Feb),LOW,EUR,€-6.5B,-,-,€-7B,
86ac983f-6701-4fd8-8bf2-e2cd1f9fc88f,04/19/2011,11:00,HCOB Manufacturing PMI (Apr) PREL,MEDIUM,EUR,-,0.89,57,-,
bccb6552-02b1-4dec-ac1e-c2c14583470a,04/19/2011,11:00,HCOB Services PMI (Apr) PREL,MEDIUM,EUR,-,0.00,56.9,-,
c708e967-01e0-4681-bde8-2b8d1017673e,04/19/2011,12:00,Construction Output s.a (MoM) (Feb),LOW,EUR,-0.8%,-,-,8.8% ,
93842657-07d7-4e78-be65-ee14c633f333,04/19/2011,12:00,Construction Output w.d.a (YoY) (Feb),LOW,EUR,3.5%,-,-,0.3% ,
69292abe-086b-4024-981a-6ea70debcf0c,04/19/2011,12:30,Consumer Confidence (Apr) PREL,MEDIUM,EUR,-11.4,-0.93,-11,-10.6,
3d112232-3e10-4df4-b9a3-cb90bad1dd84,04/19/2011,14:00,BoC Consumer Price Index Core (MoM) (Mar),MEDIUM,CAD,0.7%,2.31,0.2%,0.2%,
c176cb46-e4bf-4af0-83e6-c608a9e6560b,04/19/2011,14:00,BoC Consumer Price Index Core (YoY) (Mar),MEDIUM,CAD,1.7%,6.12,1.2%,0.9%,
07ff72d6-7083-4f17-bd2c-2f2963f72b3d,04/19/2011,14:00,Consumer Price Index (MoM) (Mar),HIGH,CAD,1.1%,3.34,0.6%,0.3%,
5069deb9-b2d8-4efc-ba77-06d425aa0d93,04/19/2011,14:00,Consumer Price Index (YoY) (Mar),HIGH,CAD,3.3%,5.77,2.8%,2.2%,
55f6f558-0f5f-4f68-aaa4-2d36d9acd7d1,04/19/2011,15:00,Industrial Output (YoY) (Mar),LOW,PLN,7%,-,-,10.7%,
773d7c63-945a-4c0a-988d-41e9e71b2126,04/19/2011,15:00,Producer Price Index (YoY) (Mar),LOW,PLN,9.3%,-,-,7.3% ,
ce196f9f-b1af-49f8-b5b1-fcaedb523d91,04/19/2011,15:30,Unemployment Rate (Mar),LOW,BRL,6.5%,-,-,6.4%,
78cc1c65-4e99-4e2a-8909-d50e9790ad4a,04/19/2011,15:30,Leading Indicators (MoM) (Mar),MEDIUM,CAD,0.6%,2.04,0.3%,0.8% ,
ce59a9bb-9c81-4e93-8a80-de728013df28,04/19/2011,15:30,Wholesale Sales (MoM) (Feb),LOW,CAD,-0.9%,-1.09,-0.2%,2.3% ,
c815c1db-8c61-45ad-b7c1-7ba8760c8b32,04/19/2011,15:30,Building Permits (MoM) (Mar),LOW,USD,0.574M,0.98,0.54M,0.542M,
83c487c0-9142-4fd4-bd45-261532bfc029,04/19/2011,15:30,Housing Starts (MoM) (Mar),MEDIUM,USD,0.585M,1.36,0.52M,0.517M,
f3f1f920-2c4a-4020-a21b-edf1dc2f8392,04/20/2011,02:50,Adjusted Merchandise Trade Balance (Mar),LOW,JPY,¥1.409B,-1.34,¥327.5B,¥556B,
54ba1492-3d2d-44b8-930d-97d55c2952eb,04/20/2011,02:50,Merchandise Trade Balance Total (Mar),MEDIUM,JPY,¥196.5B,-1.52,¥645.4B,¥637B,
20e760f3-331b-4ac6-a133-91fd593ab9f7,04/20/2011,02:50,Tertiary Industry Index (MoM) (Feb),LOW,JPY,1%,1.35,0.2%,0.1% ,
8b53fe0c-9c11-431f-9ec5-9f1330762cfe,04/20/2011,03:30,Westpac Leading Index (MoM) (Mar),LOW,AUD,-0.01%,-,-,-0.17%,
83e0c6a5-bf77-4531-ac2e-dea8007bfc19,04/20/2011,04:30,Export Price Index (QoQ) (Q1),LOW,AUD,5.2%,-,5%,-8.1%,
1a4d99f0-106f-4e5f-b435-8a205b24837a,04/20/2011,04:30,Import Price Index (QoQ) (Q1),LOW,AUD,1.4%,0.21,0.9%,-3.7% ,
5c2c8024-20eb-4172-9516-306aff3acdb9,04/20/2011,09:00,Producer Price Index (MoM) (Mar),MEDIUM,EUR,0.4%,-1.66,0.8%,0.7%,
f0865ab7-8749-472f-ae7d-89c914f357eb,04/20/2011,09:00,Producer Price Index (YoY) (Mar),LOW,EUR,6.2%,-1.66,6.6%,6.1% ,
0269d10c-f514-4e17-9fa7-f1e62544c224,04/20/2011,10:30,Consumer Confidence (Apr),LOW,DKK,2,-,-,-0.8,
26bbca7b-c853-4876-989c-1b426642adb2,04/20/2011,10:30,Riksbank Interest Rate Decision,NONE,SEK,1.75%,-,-,1.5%,
a5df8b60-c5b1-4c03-bbe6-80de52dd32d5,04/20/2011,11:30,BoE Minutes,HIGH,GBP,,,,,REPORT
f520b82f-a1ae-446b-860c-5935d7a5e1e8,04/20/2011,12:30,Consumer Price Index (MoM) (Mar),LOW,ZAR,1.2%,-,-,0.7%,
7c6d9478-f227-418c-93a3-f3f893d11a12,04/20/2011,12:30,Consumer Price Index (YoY) (Mar),LOW,ZAR,4.1%,-,-,3.7%,
d3e7d730-a60a-48f3-8ba2-e7e4d7e875cc,04/20/2011,12:30,Retail Sales (YoY) (Feb),LOW,ZAR,5.6%,-,-,6.4% ,
2ad658d0-dc7c-4603-84bd-1772147a286d,04/20/2011,12:39,CBI Interest Rate Decision,LOW,ISK,4.25%,-,-,4.25%,
b70a7d95-0400-46bd-8789-5ddc43158f99,04/20/2011,14:00,MBA Mortgage Applications,LOW,USD,5.3%,-,-,-6.7%,
5892ce10-9d9f-4789-9517-3489fe8a2857,04/20/2011,15:00,Mid-month Inflation (Apr),LOW,BRL,0.77%,-,-,0.6%,
9140f50f-c729-4611-84a4-fa5a7c52888e,04/20/2011,15:00,Net Inflation (Mar),LOW,PLN,2%,-,1.8%,1.7%,
352fa1f2-11bd-4d88-8b62-6e904dea18ea,04/20/2011,15:00,Unemployment Rate (Mar),LOW,EUR,13.13%,-,13.07%,13.16%,
512ee868-dbe9-4c92-9789-e4877caf158f,04/20/2011,17:00,1st half-month Core Inflation (Apr),LOW,MXN,0.05%,-,-,-,
95bc7a96-72ab-4257-8e8b-8fe46df0a6e9,04/20/2011,17:00,Existing Home Sales (MoM) (Mar),MEDIUM,USD,5.09M,0.51,5M,4.16M,
e1f126b0-c0a2-493c-962f-e23ecbfd86d4,04/20/2011,17:00,Existing Home Sales Change (MoM) (Mar),MEDIUM,USD,3.5%,0.23,2.5%,-5.9% ,
2156c7ac-e0f0-4205-b473-764972aff3c0,04/20/2011,17:30,EIA Crude Oil Stocks Change,LOW,USD,-2.3M,-,1.3M,1.627M,
0a5f8cf0-ab36-47d8-a70d-7794b7ac07a1,04/21/2011,01:00,Interest Rate Decision,LOW,BRL,12%,-,-,11.75%,
88db3e4d-491f-4865-902b-89507b4442a4,04/21/2011,03:00,Central Bank Reserves $,LOW,RUB,$512.8B,-,-,$508.4B,
1562c8a2-8fea-4852-b00a-d045eca59a62,04/21/2011,04:30,Producer Price Index (QoQ) (Q1),MEDIUM,AUD,1.2%,0.53,1%,0.1%,
4f427d7a-3800-4662-825f-182fa8ff3175,04/21/2011,04:30,Producer Price Index (YoY) (Q1),MEDIUM,AUD,2.9%,0.45,2.7%,2.7%,
2173a332-1fac-484e-8e4e-a410cd8f67c1,04/21/2011,04:30,RBA Foreign Exchange Transaction (Mar),LOW,AUD,699M,-,-,414M,
7835966b-fcb8-429c-90c4-a97517bb504d,04/21/2011,08:00,Coincident Index (Feb),LOW,JPY,106.5,-,-,106.3,
4c7c9b6d-7eea-412b-ace8-e556ea3952da,04/21/2011,08:00,Leading Economic Index (Feb),LOW,JPY,103.3,-,-,104.2,
0541c264-6446-4e47-bc97-86f8fbe61ff7,04/21/2011,10:30,Unemployment Rate s.a (3M) (Mar),LOW,EUR,5.1%,-,-,5.1%,
f18e847b-b03c-4528-846f-175277187fda,04/21/2011,11:00,IFO – Business Climate (Apr),MEDIUM,EUR,114.2,7.31,110.5,101.9,
0172a4ab-596e-47ba-9796-65a4b02b024f,04/21/2011,11:00,IFO – Current Assessment (Apr),MEDIUM,EUR,121,13.26,115.5,101.4,
bb3e51a2-68f5-49e0-95ec-8a479fde2c93,04/21/2011,11:00,IFO – Expectations (Apr),MEDIUM,EUR,107.7,2.43,105.5,102.4,
066a51c3-212d-48ec-88ff-fc5549e60197,04/21/2011,11:30,Mortgage Approvals (Mar),LOW,GBP,44K,-1.22,48K,47.428K,
a3b627c0-7206-43a7-a156-ba1dcfc100a5,04/21/2011,11:30,Public Sector Net Borrowing (Mar),MEDIUM,GBP,£15.646B,-0.92,£18.7B,£6.395B,
6c79703d-3abe-4b90-b12f-a1e6437924ff,04/21/2011,11:30,Retail Sales (MoM) (Mar),LOW,GBP,0.3%,0.98,-0.5%,-0.5% ,
deb0dedd-5423-4b26-87ff-2c8841042ed7,04/21/2011,11:30,Retail Sales (YoY) (Mar),LOW,GBP,1.1%,0.09,1%,-0.4% ,
ba55ce5e-9171-47b1-83ec-bfd915888686,04/21/2011,13:00,Current Account Balance (Feb),LOW,EUR,€1.835B,-,-,-,
89f41929-09a3-4242-9593-41e51181cc51,04/21/2011,15:30,Retail Sales (MoM) (Feb),MEDIUM,CAD,0.5%,0.00,0.5%,-0.3% ,
20985943-c806-475f-ae59-49104d0c9cf6,04/21/2011,15:30,Retail Sales ex Autos (MoM) (Feb),MEDIUM,CAD,0.8%,0.65,0.5%,0.2% ,
bbb5affd-8754-41b9-a3cc-592957203d08,04/21/2011,15:30,Continuing Jobless Claims,LOW,USD,3.695M,0.42,3.675M,3.68M,
341e59af-f88c-4d86-8af0-b4dc0d15e15f,04/21/2011,15:30,Initial Jobless Claims,LOW,USD,403K,1.08,390K,412K,
a1f86154-66cf-4fde-8f9b-2dae66fd4404,04/21/2011,17:00,Housing Price Index (MoM) (Feb),MEDIUM,USD,-1.5%,-3.05,-0.2%,-0.6% ,
4735decd-177b-41f9-9f23-91e43eb5dc0d,04/21/2011,17:00,Philadelphia Fed Manufacturing Survey (Apr),MEDIUM,USD,18.5,-2.42,36.5,36.4,
9e232c48-36c3-4161-a52e-2b9b5c2e2fad,04/22/2011,03:00,Good Friday,NONE,AUD,,,,,ALL DAY
efbe7904-578c-4d97-a495-c4ed98535aa7,04/22/2011,03:00,Good Friday,NONE,CAD,,,,,ALL DAY
08e08f7e-e0f8-418b-878f-d47209ba284c,04/22/2011,03:00,Good Friday,NONE,CHF,,,,,ALL DAY
f1078355-ffb3-4b35-9d18-26eee6a24fe2,04/22/2011,03:00,Good Friday,NONE,EUR,,,,,ALL DAY
6b5e260b-045c-4dfc-9480-e585860c37a9,04/22/2011,03:00,Good Friday,NONE,GBP,,,,,ALL DAY
7eaa796a-e6b0-4d14-b071-b24671ba3407,04/22/2011,09:45,Business Climate in Manufacturing (Apr),LOW,EUR,109,-,-,109,
4f0cc078-a413-4bae-89d7-b43aeb9fae0f,04/22/2011,10:00,Retail Sales (YoY) (Feb),LOW,HUF,0.2%,-,-,0.1%,
ca73d73c-7e60-4f7c-a719-a8579a154bdb,04/22/2011,10:30,Consumer Spending Volume (Feb),LOW,EUR,0.3%,-,-,0.7% ,
e9fb9fe2-f7aa-46a5-a96e-9db78acf456c,04/22/2011,14:30,Bank Loan Growth,LOW,INR,21.9%,-,-,21.4%,
81b60a17-5afc-4bfe-a51d-a9a0940ffe78,04/22/2011,14:30,M3 Money Supply,LOW,INR,17.6%,-,-,16%,
d2c336f4-e4a3-4914-9efa-3807b058ea17,04/22/2011,17:00,1st half-month Inflation (Apr),LOW,MXN,-0.09%,-,-,-,
5b22fae1-7554-40e7-8f3a-88665e197ac2,04/25/2011,02:50,Corporate Service Price Index (YoY) (Mar),LOW,JPY,-1.2%,0.00,-1.2%,-1% ,
00cc6cb2-57f8-4dcc-bb74-fc448ee77d60,04/25/2011,03:00,ANZAC Day,NONE,AUD,,,,,ALL DAY
1b690eff-2a3c-445d-a030-aa96efc92ded,04/25/2011,03:00,Easter Monday,NONE,AUD,,,,,ALL DAY
3e19196a-27a0-4317-8fab-40d56876ba9c,04/25/2011,03:00,Easter Monday,NONE,CAD,,,,,ALL DAY
4fd7cd5e-754c-4e3a-9f60-518c360a10c1,04/25/2011,03:00,Easter Monday,NONE,CHF,,,,,ALL DAY
d52ebe20-88ed-4d7b-9fc0-e29e253708a7,04/25/2011,03:00,Easter Monday,NONE,EUR,,,,,ALL DAY
e4e6c639-d50a-4a6a-b2bd-799471505eee,04/25/2011,03:00,Easter Monday,NONE,GBP,,,,,ALL DAY
942dc227-1a30-4f2e-b248-f9127659d22c,04/25/2011,17:00,New Home Sales (MoM) (Mar),MEDIUM,USD,0.305M,0.00,0.28M,0.27M,
bc0f3fb1-b2f1-499a-86be-549a34d1bb93,04/25/2011,17:00,New Home Sales Change (MoM) (Mar),MEDIUM,USD,8.3%,-0.47,12%,-12.1% ,
ab913c3b-d0f9-406e-94bf-0bc1405c3cf8,04/26/2011,00:00,Consumer Sentiment Index (Apr),LOW,KRW,100,-,-,-,
13129a16-f713-468f-8c1c-67ea53027f62,04/26/2011,02:50,All Industry Activity Index (MoM) (Feb),LOW,JPY,0.7%,-,-,-0.5%,
a3cadc82-ac88-4248-bff6-c83fdf057ff2,04/26/2011,09:00,Trade Balance (Mar),MEDIUM,CHF,997M,-5.96,"2,270M",2.486M,
cd166736-c905-4c47-a4d0-43a8bcea0d60,04/26/2011,09:00,UBS Consumption Indicator (Mar),MEDIUM,CHF,1.68,-,-,1.46,
6537e9d6-e5c0-4279-bdcf-a44e3cd85640,04/26/2011,10:30,Business Confidence (Apr),LOW,EUR,4.6,-,-,5.8,
cd2c54b2-f616-4b9d-98a3-e0c8ccb68aab,04/26/2011,11:30,Unemployment Rate (Mar),LOW,SEK,8.1%,-,-,7.9%,
4a67bbf0-3b4b-44fe-a6a0-a4f49bcd3cba,04/26/2011,13:00,CBI Industrial Trends Survey – Orders (MoM) (Apr),LOW,GBP,-11%,-1.54,4%,5%,
1a184b3f-d77e-435a-bc53-77983ff5d1c4,04/26/2011,16:00,Retail Sales (MoM) (Feb),LOW,MXN,0.3%,-,-,-,
7a62819f-093c-47f0-aaed-4f3945abb244,04/26/2011,16:00,Retail Sales (YoY) (Feb),LOW,MXN,2.7%,-,-,-,
abb3d50f-9f7a-46b8-b3fa-ecd48b600332,04/26/2011,16:00,S&P/Case-Shiller Home Price Indices (YoY) (Feb),LOW,USD,-3.3%,-0.09,-3.27%,-3.1%,
979e2628-5af5-495e-83a2-38fa3639c916,04/26/2011,16:30,Current Account (Mar),LOW,BRL,$-5.7B,-,-,$-3.4B,
eca071a4-6370-4397-8a9c-a6bf1486ca04,04/26/2011,17:00,Consumer Confidence (Apr),MEDIUM,USD,66,0.27,64.5,63.8,
9d970afa-e1fd-4c5c-91c2-62482cdbea9f,04/26/2011,17:00,Richmond Fed Manufacturing Index (Apr),LOW,USD,10,-1.43,20,15,
2ae35269-185a-4ab5-b8c0-8dd6eb0e6da0,04/27/2011,02:00,Gross Domestic Product Growth (QoQ) (Q1) PREL,LOW,KRW,1.4%,-,-,0.5%,
25b421b3-fe47-4321-8a9b-090a20a849ab,04/27/2011,02:00,Gross Domestic Product Growth (YoY) (Q1) PREL,LOW,KRW,4.2%,-,-,4.7%,
c68c1649-2e8a-47f6-a7dc-864ad1a84348,04/27/2011,02:50,Large Retailer Sales (Mar),MEDIUM,JPY,-7.5%,-3.57,-4.7%,0.5%,
bc0b26b5-0eef-42f7-8f92-e4561f499465,04/27/2011,02:50,Retail Trade (YoY) (Mar),MEDIUM,JPY,-8.3%,-1.40,-6.1%,0.4% ,
51937a33-a3ef-4db7-9787-fc030eb84319,04/27/2011,02:50,Retail Trade s.a (MoM) (Mar),MEDIUM,JPY,-7.6%,-1.45,-5.4%,0.8%,
f6c45539-59ab-4ec4-aea0-82c9e6cb6958,04/27/2011,03:30,RBA Trimmed Mean CPI (QoQ) (Q1),LOW,AUD,0.9%,-,-,0.4% ,
fca8d04e-7de8-491f-9dbf-e86e25e85852,04/27/2011,04:00,ANZ Business Confidence (Apr),MEDIUM,NZD,14.2,-,-,-8.7,
1db64669-c187-47b4-b57f-4951db8ebaa8,04/27/2011,04:30,Consumer Price Index (QoQ) (Q1),MEDIUM,AUD,1.6%,1.78,1.2%,0.4%,
8860f0f9-e05f-4e5d-9307-fde0320ba1a4,04/27/2011,04:30,Consumer Price Index (YoY) (Q1),HIGH,AUD,3.3%,1.68,3%,2.8% ,
7fdf6da6-9e67-4547-b401-1457c46f18a4,04/27/2011,09:00,GfK Consumer Confidence Survey (May),MEDIUM,EUR,5.7,-0.88,5.9,5.9,
5b079081-97e4-4cd2-a9cf-26aa4ff4a124,04/27/2011,09:00,Consumer Confidence (Apr),LOW,EUR,17.8,-,-,17.7,
1ce1f136-6fe7-44b5-b75f-49851d076562,04/27/2011,09:00,Industrial Confidence (Apr),LOW,EUR,7,-,-,11,
3223349a-d6ec-49fc-b182-2433e89c22db,04/27/2011,09:45,Consumer Confidence (Apr),LOW,EUR,83,-,-,-,
eccd22da-3db1-4078-a2d4-b5c54fbb9a8f,04/27/2011,11:00,Retail Sales (YoY) (Mar),LOW,PLN,9.4%,-,-,12.2%,
b705e176-2a35-4cc9-980c-ccaca0fb0b7f,04/27/2011,11:00,Unemployment (MoM) (Mar),LOW,PLN,13.1%,-,-,13.2%,
c3a8b3ea-41ea-4968-9d1f-252029e69154,04/27/2011,11:00,Current Account Balance EUR (Feb),LOW,EUR,€171M,-,-,€-54M,
7eb3d2bc-3581-472f-b6c2-c14f82ecd4e1,04/27/2011,11:30,BBA Mortgage Approvals (Mar),LOW,GBP,31.2K,-,-,29.9K,
2e395568-f70e-44ec-9540-940de238ebba,04/27/2011,11:30,Gross Domestic Product (QoQ) (Q1) PREL,HIGH,GBP,0.5%,0.00,0.5%,-0.6% ,
fe6b38bc-cc3d-4b27-9b6e-21d42b315e40,04/27/2011,11:30,Gross Domestic Product (YoY) (Q1) PREL,HIGH,GBP,1.8%,0.00,1.8%,1.5%,
5906e655-6c46-40bf-aa6f-507163adb4a9,04/27/2011,11:30,Index of Services (3M/3M) (Feb),LOW,GBP,-0.4%,-0.38,-0.3%,-0.4% ,
d28fedef-8376-4aed-98a8-8978843b7637,04/27/2011,12:00,Industrial New Orders (YoY) (Feb),LOW,EUR,21.5%,-0.11,21.8%,20.9% ,
f888141c-6a5e-4db3-a47b-7133de364d80,04/27/2011,12:00,Industrial New Orders s.a. (MoM) (Feb),MEDIUM,EUR,0.5%,-0.41,1.5%,0.1% ,
dbf2db08-6acb-48b3-aa3b-205396a19a97,04/27/2011,14:00,MBA Mortgage Applications,LOW,USD,-5.6%,-,-,5.3%,
ecd75c9e-aa2a-4b2a-b10f-d199d12fa571,04/27/2011,15:08,Consumer Price Index (MoM) (Apr) PREL,MEDIUM,EUR,0.2%,0.00,0.2%,0.5%,
29c39800-56ed-4c6e-b403-10e9afbcd4ec,04/27/2011,15:08,Consumer Price Index (YoY) (Apr) PREL,MEDIUM,EUR,2.4%,0.00,2.4%,2.1%,
42118207-b24d-44e8-8f75-aebb3f4da94f,04/27/2011,15:30,Durable Goods Orders (Mar),MEDIUM,USD,4.4%,1.69,2.2%,-3.6% ,
70de3b53-8ddc-4060-b10b-5b4031f8a00e,04/27/2011,15:30,Durable Goods Orders ex Transportation (Mar),MEDIUM,USD,2.5%,0.38,1.7%,-1.4% ,
4af4991f-9ff7-4fb7-a88d-b62643c058b6,04/27/2011,16:00,"Trade Balance s/a, $ (Mar)",LOW,MXN,$0.848B,-,-,$-0.294B,
6f47e8ad-1ff1-4453-a514-01babd651e1a,04/27/2011,16:00,"Trade Balance, $ (Mar)",LOW,MXN,$1.445B,-,-,-,
c2a696ce-2884-4cc3-be8c-9ea24b5c2bfc,04/27/2011,17:30,EIA Crude Oil Stocks Change,LOW,USD,6.2M,-,-,-2.3M,
c48c30b2-bd11-48ed-8337-7014fc34fd7e,04/27/2011,19:30,Fed Interest Rate Decision,HIGH,USD,0.25%,0,0.25%,0.25%,
b404128e-ecdd-42fc-82f7-ce6b9379f01d,04/27/2011,21:15,Former Fed's Chair Bernanke speech,HIGH,USD,,,,,SPEECH
b3b7e7ea-1dad-4bdc-89d4-bd90e74bee8f,04/28/2011,00:00,RBNZ Interest Rate Decision,HIGH,NZD,2.5%,0.00,2.5%,2.5%,
0e62ce3b-91f7-40c6-a2f7-ec988f1d3235,04/28/2011,02:01,GfK Consumer Confidence (Apr),MEDIUM,GBP,-31,-2.45,-27,-28,
56882b63-a90f-41ed-b13d-865d9db9575b,04/28/2011,02:15,Jibun Bank Manufacturing PMI (Apr),MEDIUM,JPY,-,-,-,-,
b8bfb4ba-be11-4950-9d9e-60c3c2d00bcd,04/28/2011,02:30,National Consumer Price Index (YoY) (Mar),MEDIUM,JPY,0%,0.00,0%,-0.5% ,
ba98b77d-c409-4c8c-be94-de7d19d04d95,04/28/2011,02:30,"National CPI ex Food, Energy (YoY) (Mar)",MEDIUM,JPY,-0.7%,-1.58,-0.6%,-1.2% ,
7995fb84-e1b3-403f-a2f3-0f3ed3911899,04/28/2011,02:30,National CPI ex Fresh Food (YoY) (Mar),MEDIUM,JPY,-0.1%,1.34,-0.2%,-0.8% ,
c7317d49-814c-40e2-bb55-e0653cb01b89,04/28/2011,02:30,Overall Household Spending (YoY) (Mar),MEDIUM,JPY,-8.5%,-1.42,-7%,0.5% ,
d1307afb-3ab5-4327-a57e-68fd77a46fcd,04/28/2011,02:30,Tokyo Consumer Price Index (YoY) (Apr),LOW,JPY,-0.1%,-0.62,0%,-0.7% ,
3f2292b3-f259-4b31-a4c2-a29d24b795df,04/28/2011,02:30,"Tokyo CPI ex Food, Energy (YoY) (Apr)",LOW,JPY,0%,-1.25,0.1%,-0.9% ,
e17569af-10fd-4cee-8719-9461f31cb0c4,04/28/2011,02:30,Tokyo CPI ex Fresh Food (YoY) (Apr),LOW,JPY,0.2%,3.92,-0.2%,-0.8% ,
21a0f202-0b2c-42ec-b83c-ff1fed82352d,04/28/2011,02:30,Unemployment Rate (Mar),MEDIUM,JPY,4.6%,-,-,4.7% ,
6ae13d38-775c-41b5-b6a7-919ef8107fe7,04/28/2011,02:50,Industrial Production (MoM) (Mar) PREL,MEDIUM,JPY,-15.3%,-4.20,-10.6%,1.8%,
8fa82178-5ca5-4c4f-9f50-135256197f1c,04/28/2011,02:50,Industrial Production (YoY) (Mar) PREL,MEDIUM,JPY,-12.9%,-,-8.5%,-12.9%,
dcf28211-f9e3-4ce0-b999-0f8103861112,04/28/2011,03:00,Central Bank Reserves $,LOW,RUB,$517.9B,-,-,$512.8B,
9ac39428-bad8-455a-bad8-f7b5ad3f788d,04/28/2011,07:36,BoJ Interest Rate Decision,HIGH,JPY,0.1%,0,0.1%,0.1%,
aaa0b7b5-5985-4a8a-b935-4755dfdd135d,04/28/2011,08:00,Construction Orders (YoY) (Mar),LOW,JPY,-11%,-,-,19.5%,
e896b531-d158-4901-b3f6-c309705cab9e,04/28/2011,08:00,Housing Starts (YoY) (Mar),MEDIUM,JPY,-2.4%,-0.25,-1.7%,10.1%,
e53d9310-a824-4ac6-ab31-7c029513d3b3,04/28/2011,08:00,Annualized Housing Starts (Mar),LOW,JPY,0.807M,-,-,0.842M,
ecd69866-b121-4346-a206-257729a30082,04/28/2011,09:45,Consumer Spending (MoM) (Mar),LOW,EUR,-1%,-,-,0.9%,
38daf409-d73d-4092-b5bc-edd65412c403,04/28/2011,10:00,Industrial Outlook (Apr),LOW,DKK,9,-,-,0,
555f140e-b276-4ab5-a1ab-92187b9ae4de,04/28/2011,10:00,Unemployment Rate (Mar),LOW,EUR,8.4%,-,-,8%,
06f09ae0-5885-40ee-9f37-8ae75f9d3cab,04/28/2011,10:15,Consumer Confidence (MoM) (Apr),LOW,SEK,17.6,-,-,19,
438b55d4-1502-41e8-821b-10ece3c46aa7,04/28/2011,10:30,Producer Price Index (MoM) (Mar),LOW,SEK,0%,-,-,0%,
333838a1-f9dd-4dac-a5f7-daca2bb74d90,04/28/2011,10:30,Producer Price Index (YoY) (Mar),LOW,SEK,1.7%,-,-,0.3%,
15cd26a3-dd13-4042-ac62-2ee9bbc92473,04/28/2011,10:30,Trade Balance (MoM) (Mar),LOW,SEK,9.6B,-,-,12B,
6439e2a5-6c7d-4ef8-9e06-ed785dc5c539,04/28/2011,10:55,Unemployment Change (Apr),MEDIUM,EUR,-33K,0.19,-37K,-34K,
9fdd3ba1-3bfd-4a05-acc3-d4e07fed2370,04/28/2011,10:55,Unemployment Rate s.a. (Apr),MEDIUM,EUR,7.1%,0.20,7%,7.2% ,
aaac6ad9-6e7b-47c1-aca6-2c041c3f7b9f,04/28/2011,11:00,Unemployment Rate (3M) (Mar),LOW,HUF,11.6%,-,-,11.2% ,
007b551c-5e22-4dde-914b-7a52bf1b81a7,04/28/2011,12:30,Producer Price Index (MoM) (Mar),LOW,ZAR,0.9%,-,-,1.5%,
d80e6a93-9dad-4415-a4ff-e361a6e63c30,04/28/2011,12:30,Producer Price Index (YoY) (Mar),LOW,ZAR,7.3%,-,-,6.7%,
9945ac27-1b99-4b61-b6d2-1e645d86d33d,04/28/2011,12:38,Consumer Price Index (MoM) (Apr),LOW,ISK,0.8%,-,-,1%,
c0db62d8-727e-40cd-b12a-7723447406ab,04/28/2011,12:38,Consumer Price Index (YoY) (Apr),LOW,ISK,2.8%,-,-,2.3%,
271f4cee-85ae-4f1d-a9db-267bfdadd55f,04/28/2011,14:00,Inflation Index/IGP-M (Apr),LOW,BRL,0.45%,-,-,0.62%,
c0e89aa9-64e1-4fe6-9b76-d1ace8b43a67,04/28/2011,15:30,Continuing Jobless Claims,LOW,USD,3.659M,-,-,3.695M,
eed6f776-5c8f-44c1-9561-70b2a8d56c42,04/28/2011,15:30,Core Personal Consumption Expenditures (QoQ) (Q1) PREL,MEDIUM,USD,2.7%,-,-,4%,
4cf700bc-cffe-47d6-a4ee-ada6ed9a4303,04/28/2011,15:30,Fed's Dudley speech,LOW,USD,,,,,SPEECH
ced0f9f6-09fa-47b7-b10b-94a73f3c2523,04/28/2011,15:30,Gross Domestic Product Annualized (Q1) PREL,HIGH,USD,1.8%,0.00,1.8%,2% ,
b6e0d3ae-2992-418c-b923-47e27865aeae,04/28/2011,15:30,Gross Domestic Product Price Index (Q1) PREL,MEDIUM,USD,3.8%,1.14,2.4%,2.3% ,
4af87432-8949-4181-a5f5-0d64217a8eef,04/28/2011,15:30,Initial Jobless Claims,LOW,USD,429K,-,-,403K,
00def862-3551-412b-8b3b-6cd7ab79cc54,04/28/2011,17:00,Pending Home Sales (MoM) (Mar),MEDIUM,USD,3.5%,0.39,1.5%,-1.5% ,
c67a5fd0-d832-4c76-b9b7-79507ed4ae6c,04/29/2011,01:45,Trade Balance NZD (MoM) (Mar),MEDIUM,NZD,$586M,2.58,$200M,$184M,
c770429c-0e73-42f0-9cc6-911eef4b2d61,04/29/2011,02:00,Current Account Balance (Mar),LOW,KRW,2.38B,-,-,-,
200929f2-1668-4490-9499-9f03329a78b2,04/29/2011,02:00,Industrial Output (YoY) (Mar),LOW,KRW,9%,-,-,-,
a37b944b-b217-41a7-b083-ff3f5fc01777,04/29/2011,02:00,Industrial Output Growth (Mar),LOW,KRW,1.7%,-,-,-,
74b49927-4fd6-4c90-bfb8-79d157f00d70,04/29/2011,02:00,Service Sector Output (Mar),LOW,KRW,2.2%,-,-,-,
a2097012-7df0-403f-9ecf-2d687194f708,04/29/2011,03:00,Showa Day,NONE,JPY,,,,,ALL DAY
62d1bdfd-9144-4914-8779-aa74d104dc90,04/29/2011,04:30,Private Sector Credit (MoM) (Mar),MEDIUM,AUD,0.6%,1.34,0.4%,0.4% ,
475effd3-52ea-40e4-bcb6-393af226182f,04/29/2011,04:30,Private Sector Credit (YoY) (Mar),MEDIUM,AUD,3.6%,1.81,3.3%,3.4%,
274199d7-174c-4729-8852-ba1a45690425,04/29/2011,05:30,RatingDog Manufacturing PMI (Apr),LOW,CNY,-,-,-,-,
dc9ef319-f854-4668-a14a-906ee325bd0e,04/29/2011,09:00,Retail Sales (MoM) (Mar),MEDIUM,EUR,-2.7%,-,-,2.3% ,
d16c2232-a54c-497b-be23-99f91b77d5f9,04/29/2011,09:00,Retail Sales (YoY) (Mar),MEDIUM,EUR,-3.6%,-,-,2.9% ,
6d98a14a-aef5-4456-b17c-71e94087b841,04/29/2011,09:00,BoJ Outlook Report,MEDIUM,JPY,,,,,REPORT
dc822894-7d7e-4c9f-bb7c-1238352e1387,04/29/2011,09:00,M3 Money Supply (YoY) (Mar),LOW,ZAR,6.53%,-,-,7.55%,
23f24783-b08b-4287-a22a-9b22c0fd9a27,04/29/2011,09:00,Private Sector Credit (Mar),LOW,ZAR,5.13%,-,-,5.43%,
18a73473-db74-4f04-a58d-0a8828922a55,04/29/2011,09:30,Infrastructure Output (YoY) (Mar),LOW,INR,7.4%,-,-,2.3%,
5c153fe0-4a77-439b-bcdb-5f6cc02108c1,04/29/2011,09:45,Producer Prices (MoM) (Mar),LOW,EUR,0.9%,-,-,-,
09c5bf49-2fb6-42e3-a6be-b29ee73bcab3,04/29/2011,10:00,Current Account Balance (Feb),LOW,EUR,€-5.4B,-,-,€-5.71B,
257459da-460d-43eb-8be0-1391e54087fe,04/29/2011,10:00,Retail Sales (YoY) (Mar),LOW,EUR,-8.6%,-,-,-4.5%,
b815348f-c172-4869-aa35-baf9eb6ffa1b,04/29/2011,10:00,Unemployment Survey (Q1),LOW,EUR,21.3%,-,-,-,
c9318fac-7e8b-46d8-ae37-3993c3215ed1,04/29/2011,10:00,Producer Price Index (YoY) (Mar),LOW,HUF,6.6%,-,-,7% ,
1842fbf7-9fdc-44db-a2eb-7cc9b1a1a3c9,04/29/2011,10:30,Retail Sales (MoM) (Mar),LOW,SEK,-0.8%,-,-,0%,
a68de213-568f-4a27-a624-1812dddbf59e,04/29/2011,10:30,Retail Sales (YoY) (Mar),LOW,SEK,0.4%,-,-,3%,
ee75ebc2-0873-47c4-8d78-06fa63e09cc3,04/29/2011,11:00,M2 Money Supply (YoY) (Mar),LOW,CZK,2.5%,-,-,2.8%,
a963e4cb-0851-49b5-8188-4f7ffdd6e572,04/29/2011,11:00,M3 Money Supply (3m) (Mar),LOW,EUR,2%,1.21,1.9%,1.7% ,
064af590-3794-4e16-926a-f477e4937923,04/29/2011,11:00,M3 Money Supply (YoY) (Mar),LOW,EUR,2.3%,0.26,2.2%,1.6% ,
e93b59f7-bbad-45e1-a429-9b0f62ed7888,04/29/2011,11:00,Registered Unemployment n.s.a (Apr),LOW,NOK,2.8%,-,-,2.9%,
bdc24a5e-0824-4dbf-b576-22712106049c,04/29/2011,11:00,Registered Unemployment s.a (Apr),LOW,NOK,83.13K,-,-,86.33K,
a70adb01-1f94-4ddb-aaf1-571c0c0dfaf0,04/29/2011,12:00,Consumer Confidence (Apr),MEDIUM,EUR,-11.6,-0.37,-11.4,-11.4,
b8ff8a51-278a-4656-bbcd-e339e8460b88,04/29/2011,12:00,Economic Sentiment Indicator (Apr),LOW,EUR,106.1,-1.46,107,102.9,
f5d85ff5-cc7f-40bb-94b2-52faa10c9a69,04/29/2011,12:00,Harmonized Index of Consumer Prices (YoY) (Apr) PREL,MEDIUM,EUR,2.8%,1.41,2.7%,2.7%,
70716527-2dc9-400b-8be5-00a90b286ccb,04/29/2011,12:00,Industrial Confidence (Apr),LOW,EUR,5.6,-0.82,6.6,3.8,
176d4fd4-fa9f-4a0d-b57c-265c6cd98618,04/29/2011,12:00,Unemployment Rate (Mar),MEDIUM,EUR,9.9%,0.00,9.9%,10.2% ,
a0e55246-1773-4ec3-8aec-b6ca899cac27,04/29/2011,12:00,Business Confidence (Apr),LOW,EUR,-1.8,-,-,-1.4,
a3683e4d-f3f9-4c46-a723-cceea7c868c7,04/29/2011,12:00,Consumer Confidence (Apr),LOW,EUR,-49.5,-,-,-35.5,
bcdc1ecd-cfa5-4f1b-9233-40df463d89e9,04/29/2011,12:30,KOF Leading Indicator (Apr),MEDIUM,CHF,2.3,2.37,2.2,2.25,
8d0d62f3-99d4-457e-a275-b0d095b640bc,04/29/2011,13:30,"Federal Fiscal Deficit, INR (Mar)",LOW,INR,"2,750.88B",-,-,"1,712.49B",
ae19e0fb-d425-4beb-acf5-19a67bf7cc2b,04/29/2011,14:30,"FX Reserves, USD",LOW,INR,$313.511B,-,-,$308.203B,
d9c8a8fe-facf-44fc-afaa-c86ee23e5aa8,04/29/2011,15:00,Trade Balance (in Rands) (Mar),LOW,ZAR,0.97B,-,-,-0.4B,
5267fae4-beca-47a5-9fa3-355c15527256,04/29/2011,15:30,Gross Domestic Product (MoM) (Feb),HIGH,CAD,-0.1%,-0.53,0%,0.3% ,
cb2be8d7-a787-4e47-97f0-5b6b99336c22,04/29/2011,15:30,Core Personal Consumption Expenditures - Price Index (MoM) (Mar),MEDIUM,USD,0.1%,-,-,0.2%,
05a169a8-2ea5-4825-a489-561b31f2db46,04/29/2011,15:30,Core Personal Consumption Expenditures - Price Index (YoY) (Mar),MEDIUM,USD,0.9%,-,-,1.2% ,
071a1b51-4de2-419c-a054-eb79c462dede,04/29/2011,15:30,Employment Cost Index (Q1),LOW,USD,0.6%,-,-,0.4%,
65fdc876-2eed-4e4a-b128-3613ef049e6f,04/29/2011,15:30,Personal Consumption Expenditures - Price Index (MoM) (Mar),MEDIUM,USD,0.4%,-,-,0.3% ,
8f268cc3-d75a-4ad7-b2b3-e68817e8d420,04/29/2011,15:30,Personal Consumption Expenditures - Price Index (YoY) (Mar),LOW,USD,1.8%,-,-,1.8% ,
92362cfe-754e-4d2d-91c4-a68b5fbc6d84,04/29/2011,15:30,Personal Income (MoM) (Mar),MEDIUM,USD,0.4%,0.00,0.4%,0.6% ,
7d022369-3567-4ef8-9a44-2e2372976fee,04/29/2011,16:30,Nominal Budget Balance (Mar),LOW,BRL,-6.9B,-,-,-11.2B,
eb87cc1f-bb37-4d9b-99b1-544974af49a7,04/29/2011,16:30,Primary Budget Surplus (Mar),LOW,BRL,13.6B,-,-,7.9B,
1133b67d-4d02-42f4-a4a2-a7843a9d118f,04/29/2011,16:45,Chicago PMI (Apr),LOW,USD,67.6,-1.25,68.5,68.7,
b4cec8b9-a51c-46c4-ae60-7d5d2f9e39c1,04/29/2011,16:55,Michigan Consumer Sentiment Index (Apr),MEDIUM,USD,69.8,-0.06,70,69.6,
3f70c0e2-162b-4463-8fb7-3e2dd80ad2e7,04/29/2011,17:00,Gross Domestic Product Monthly (YoY) (Mar),LOW,RUB,3.8%,-,-,4.4%,
c3e7166a-efd9-4221-968d-e6b808a8a7b4,04/29/2011,19:30,Former Fed's Chair Bernanke speech,LOW,USD,,,,,SPEECH
397ba11d-2241-466f-9dcd-ad6dee1bed36,04/29/2011,22:30,"Fiscal Balance, pesos (Mar)",LOW,MXN,-10B,-,-,12B,
2ee2af51-4117-47ee-b39c-67e941b9ddcc,04/30/2011,00:00,BOK Manufacturing BSI (May),LOW,KRW,95,-,-,-,
03b904de-f25c-4699-9e05-9bb1e7d2a9b6,05/01/2011,03:00,Labour Day,NONE,EUR,,,,,ALL DAY
2f6a27b7-ad84-444a-ac3a-eb63ba981612,05/01/2011,04:00,NBS Manufacturing PMI (Apr),MEDIUM,CNY,52.9,-1.57,53.9,53.4,
9965fd10-96ac-403d-be3d-4c896f203164,05/01/2011,05:00,Trade Balance (Apr) PREL,LOW,KRW,$5.82B,-,-,-,
d1a90760-a67f-43d8-969f-3057a3391c63,05/02/2011,02:00,Consumer Price Index Growth (MoM) (Apr),LOW,KRW,0%,-,-,-,
a98d755c-746b-414d-85e8-9f4b8b19783a,05/02/2011,02:00,Consumer Price Index Growth (YoY) (Apr),LOW,KRW,4.2%,-,-,-,
52d3418c-65e7-4fef-8593-9addbfb97f8d,05/02/2011,02:30,AiG Performance of Mfg Index (Apr),MEDIUM,AUD,48.4,-,-,47.9,
809dda2f-2173-43fd-8a90-69ce7ffffdb3,05/02/2011,03:00,Early May,NONE,GBP,,,,,ALL DAY
36411a94-319e-4ea5-b531-c5f69bb0d48b,05/02/2011,03:30,TD-MI Inflation Gauge (MoM) (Apr),LOW,AUD,0.3%,-,-,0.6%,
38ef9655-702a-49ff-939f-5f0bc6295dc4,05/02/2011,03:30,TD-MI Inflation Gauge (YoY) (Apr),MEDIUM,AUD,3.6%,-,-,3.8%,
793e75cc-2e36-47d3-a476-be896dfb3e46,05/02/2011,04:30,House Price Index (QoQ) (Q1),MEDIUM,AUD,-1.1%,-0.83,-0.5%,-0.7% ,
915bb82f-0924-4daa-8779-e27362f1c282,05/02/2011,04:30,House Price Index (YoY) (Q1),MEDIUM,AUD,0%,-1.09,1.6%,4.4% ,
dcaa65ec-450c-431d-941f-a0ce91dd9b28,05/02/2011,04:30,Labor Cash Earnings (YoY) (Mar),MEDIUM,JPY,-0.1%,-,-,0.1% ,
dbb98f57-2f3c-405b-aabf-66d1160e559b,05/02/2011,06:00,ANZ Commodity Price (Apr),LOW,NZD,1.6%,-,-,4.7% ,
f504615e-556b-4dbd-8629-def072379c74,05/02/2011,08:30,RBA Commodity Index SDR (YoY) (Apr),LOW,AUD,31.9%,-,-,41.3% ,
74adbbd9-75e7-4d05-ac0e-b6ddec133eb6,05/02/2011,10:00,Retail Sales (YoY) (Mar),LOW,DKK,-7.7%,-,-,-0.2%,
c5b17d2f-bf99-40ce-9671-4fda428666bd,05/02/2011,10:00,Trade Deficit Government (Mar),LOW,INR,$5.6B,-,-,-,
456ee44b-8ed9-4acc-a883-d883f73a4d36,05/02/2011,10:13,HCOB Manufacturing PMI (Apr),LOW,EUR,-,-,-,-,
524d6cc0-c055-4127-b7b4-3b6d4aacfb1c,05/02/2011,10:15,Real Retail Sales (YoY) (Mar),MEDIUM,CHF,-0.2%,-,-,1.8%,
b4173a0c-07d7-42e6-98e9-0f60ee7830e0,05/02/2011,10:30,SVME - Purchasing Managers' Index (Apr),MEDIUM,CHF,58.4,-0.66,59.8,58.9,
536c7f09-316e-4dd5-94f9-44e32ca3707c,05/02/2011,10:30,S&P Global PMI (Apr),LOW,CZK,-,-,-,-,
31730aec-03d1-4b19-83f9-9b668b20927e,05/02/2011,10:30,Manufacturing PMI (Apr),LOW,SEK,59.8,-,-,60.9,
a1696b0f-b0b3-4d4c-9eb8-12114a4c0738,05/02/2011,10:48,HCOB Manufacturing PMI (Apr),LOW,EUR,-,-,56.9,-,
12d60143-b769-4c83-b2e1-6a355e00620d,05/02/2011,10:55,HCOB Manufacturing PMI (Apr),MEDIUM,EUR,-,0.24,61.7,-,
0ab19e85-cf24-4897-85cf-74b4dfdaef7f,05/02/2011,11:00,HCOB Manufacturing PMI (Apr),MEDIUM,EUR,-,0.37,57.7,-,
37ad4b47-e47c-47c1-96fe-8b6d5bcf4808,05/02/2011,12:00,HALPIM Manufacturing PMI (Apr),LOW,HUF,56.9,-,-,53.8,
1cbfaebb-5134-42d5-bc8a-6ff1607d79d1,05/02/2011,15:00,Budget Balance (Apr),LOW,CZK,-67.5B,-,-,-25.2B,
26d03aee-00a8-4d4c-96e1-7cc23fb220ad,05/02/2011,15:30,Industrial Product Price (MoM) (Mar),LOW,CAD,1%,0.95,0.7%,1.1% ,
84b7f37a-e952-4bf9-bb71-ee57ad2aff87,05/02/2011,15:30,Raw Material Price Index (Mar),LOW,CAD,5.8%,1.93,2.5%,3.6% ,
2632fbca-342d-45f8-988a-8020921fa38f,05/02/2011,17:00,Trade Balance (Apr),LOW,BRL,1.86B,-,-,1.3B,
386600df-deec-4425-9178-08afbed90508,05/02/2011,17:00,Construction Spending (MoM) (Mar),MEDIUM,USD,0.1%,-0.15,0.3%,-0.2% ,
206dd903-51dc-4b62-bfd7-c37ec52a0291,05/02/2011,17:00,ISM Manufacturing PMI (Apr),MEDIUM,USD,60.4,0.81,59.5,58.4,
e0020a8a-e6b5-4e7a-bf20-c2ec94f7167a,05/02/2011,17:00,ISM Manufacturing Prices Paid (Apr),LOW,USD,85.5,0.82,83,82.3,
27687daf-f4b1-4b21-b389-42187c5c88a9,05/02/2011,N/A,Loan Officer Survey (Q1),LOW,USD,,,,,REPORT
889282ce-288d-4412-b277-030daff03be2,05/03/2011,03:00,Constitution Day,NONE,JPY,,,,,ALL DAY
a34d72fa-c494-4c2b-8471-a57ada9bb2c7,05/03/2011,07:30,RBA Interest Rate Decision,HIGH,AUD,4.75%,0,4.75%,4.75%,
363f71f6-1dab-4c45-960f-5413d8e41434,05/03/2011,07:30,RBA Rate Statement,MEDIUM,AUD,,,,,REPORT
f5c9b096-a039-4d51-9df2-356772580b1a,05/03/2011,08:40,RBI Interest Rate Decision (Repo Rate),LOW,INR,7.25%,-,-,6.75%,
c9744fac-11d5-4a92-9ddb-4c9f13d40572,05/03/2011,08:40,Reverse Repo Rate,LOW,INR,6.25%,-,-,5.75%,
7478ec90-171b-4328-8a31-7d9fce75a9a6,05/03/2011,N/A,S&P Global Manufacturing PMI (Apr),LOW,RUB,-,-,-,-,
1e95d5dd-b918-4cb9-a3ae-9346588165fd,05/03/2011,11:00,Labour Force Survey (Q1),LOW,NOK,3.2%,-,-,3.4%,
fa4be662-29f5-45ff-8693-187481eafce6,05/03/2011,11:30,S&P Global Manufacturing PMI (Apr),MEDIUM,GBP,-,-1.16,57.5,57.1,
6c02e672-e8e7-44f5-a152-7ca34aa24b9d,05/03/2011,12:00,Producer Price Index (MoM) (Mar),MEDIUM,EUR,0.8%,1.25,0.7%,0.7% ,
d9ffcb85-a17e-4553-aa44-e4e57df91f4f,05/03/2011,12:00,Producer Price Index (YoY) (Mar),HIGH,EUR,6.8%,1.51,6.6%,6.2% ,
00231ff0-aec7-41e1-bddc-e27e6b9d5a57,05/03/2011,12:00,Purchasing Manager Index (Apr),LOW,ZAR,56.4,-,-,57.2,
e2bf05d8-9cc7-4c62-80d8-1f57fb9b2cbe,05/03/2011,13:00,CBI Distributive Trades Survey – Realized (MoM) (Apr),LOW,GBP,21%,-,-,15%,
7941966f-e207-41b7-b79b-51d0f8742b60,05/03/2011,14:00,Fipe's IPC Inflation (Apr),LOW,BRL,0.7%,-,-,0.35%,
8d7ef352-1b62-4c0e-be3d-41335190baf7,05/03/2011,15:00,Industrial Output (MoM) (Mar),LOW,BRL,1.1%,-,-,1.9%,
91a838dc-3b60-4c3e-aee8-83777c82f372,05/03/2011,15:00,Industrial Output (YoY) (Mar),LOW,BRL,-2.1%,-,-,6.9%,
ebc9c5ca-3bb0-4d3c-bdde-52ba59edbe3c,05/03/2011,17:00,Currency Reserves (Apr),LOW,DKK,454.1B,-,-,453.9B,
72a688bd-dc59-48c9-960d-47081faed37f,05/03/2011,17:00,Factory Orders (MoM) (Mar),MEDIUM,USD,3.8%,2.51,1.5%,-1.5% ,
4b5e3f9d-b19f-4920-944b-aa0d64e84fe1,05/04/2011,00:00,Total Vehicle Sales (Apr),LOW,USD,13.17M,0.43,13M,13.11M,
fa28aacd-62d1-45fb-aec2-826b3ba963cc,05/04/2011,01:45,Building Permits s.a. (MoM) (Mar),LOW,NZD,2%,-,-,-9.7% ,
b5440930-5208-43e3-9a6e-d7903e4d825d,05/04/2011,01:45,Visitor Arrivals (YoY) (Mar),LOW,NZD,-11.4%,-,-,0.2%,
c2d79a6a-8d33-4103-bc5e-783fcb0f7578,05/04/2011,02:01,BRC Shop Price Index (YoY) (Apr),LOW,GBP,2.5%,-,-,2.4%,
ab53db5b-5ae1-46c9-ae57-48c16c32128c,05/04/2011,02:30,AiG Performance of Services Index (Apr),MEDIUM,AUD,51.5,-,-,46.5,
8a768668-d9cc-45ff-ae7d-72ab502225a2,05/04/2011,03:00,Greenery Day,NONE,JPY,,,,,ALL DAY
5b7920bc-1d0f-41fe-a344-75ad930e41db,05/04/2011,04:00,HIA New Home Sales (MoM) (Mar),MEDIUM,AUD,4.3%,-,-,0.6%,
0588e29e-0be9-4a4f-9af4-e80c27fac600,05/04/2011,09:00,Nationwide Housing Prices n.s.a (YoY) (Apr),MEDIUM,GBP,-1.3%,-1.30,-0.7%,0.1%,
ae751228-4d78-4702-af26-bb58d9bcf35c,05/04/2011,09:00,Nationwide Housing Prices s.a (MoM) (Apr),MEDIUM,GBP,-0.2%,-1.28,0.2%,1% ,
5f281f1c-d020-474c-b47c-bb188c9aa247,05/04/2011,10:00,S&P Global Manufacturing PMI (Apr),LOW,PLN,-,-,-,-,
a52f23fc-884e-4082-a0f5-706bf337f5fb,05/04/2011,10:13,HCOB Services PMI (Apr),LOW,EUR,-,-,-,-,
34ab1223-7c4e-4fa0-b74b-d2788d13333b,05/04/2011,10:48,HCOB Services PMI (Apr),LOW,EUR,-,-,63.4,-,
0dd02be4-dc94-4a55-8527-1bb67909c818,05/04/2011,10:55,HCOB Services PMI (Apr),MEDIUM,EUR,-,-0.72,57.7,-,
04c49e23-4b0c-4543-91f5-55a06d55dd7c,05/04/2011,11:00,HCOB Services PMI (Apr),MEDIUM,EUR,-,-0.39,56.9,-,
2f63950d-1bbe-4d15-bd7e-cf73161165e3,05/04/2011,11:00,Retail Sales (Mar),LOW,NOK,-0.6%,-,-,-0.1%,
009c50cd-d98a-4bed-8b30-d88585b68f0d,05/04/2011,11:30,M4 Money Supply (MoM) (Mar),LOW,GBP,0.1%,-0.45,0.4%,0.4% ,
4178f5d2-6c5a-418c-81e7-247135a24f4c,05/04/2011,11:30,M4 Money Supply (YoY) (Mar),LOW,GBP,-1.1%,-,-,-1.6% ,
65ed6d73-64a1-44a2-916a-4d44c7916233,05/04/2011,11:30,Mortgage Approvals (Mar),MEDIUM,GBP,47.145K,-0.41,48.5K,47.428K,
3f4ebaf1-87eb-40e0-9a23-15daab2a6f26,05/04/2011,11:30,Net Lending to Individuals (MoM) (Mar),LOW,GBP,£1.1B,-,-,£0.3B,
a7e73dd6-cb29-4ba1-84f0-30a1df9d6419,05/04/2011,11:30,S&P Global Construction PMI (Apr),LOW,GBP,-,-,-,-,
bfced8d0-c532-4204-9580-1928d067f21e,05/04/2011,11:30,Consumer Credit (Mar),LOW,GBP,£0.5B,-,-,£0.8B,
13084b02-acce-4f83-95e1-7195f8ea64df,05/04/2011,12:00,Retail Sales (MoM) (Mar),MEDIUM,EUR,-0.9%,-2.06,-0.1%,1% ,
97bc860d-42fb-44c1-90e3-9ef31b281979,05/04/2011,12:00,Retail Sales (YoY) (Mar),MEDIUM,EUR,-1.7%,-2.60,0%,0.8% ,
2e417a23-a681-4b84-adc3-b0701accc91a,05/04/2011,14:00,MBA Mortgage Applications,LOW,USD,4%,-,-,-5.6%,
d3385eb4-8c9d-43a7-9524-ccc0373b0ada,05/04/2011,15:15,ADP Employment Change (Apr),MEDIUM,USD,177K,-0.45,200K,384K,
af702447-d9db-4f17-a08b-d2ff98493855,05/04/2011,16:00,Consumer Confidence (Apr),LOW,MXN,89.7,-,-,-,
f595f460-6cc1-4b35-bf55-a6c4d18393f4,05/04/2011,16:00,Consumer Confidence s.a (Apr),LOW,MXN,89.3,-,-,-,
998cf36a-f829-4696-8c76-3819f2707269,05/04/2011,17:00,ISM Services PMI (Apr),MEDIUM,USD,52.8,-2.93,57.4,55.8,
4a5cb416-0736-4047-a47e-07ed3cdafbaf,05/04/2011,17:30,EIA Crude Oil Stocks Change,LOW,USD,3.4M,-,-,6.2M,
61df9576-bc02-4cc5-a7f5-be69a4fff6c2,05/05/2011,01:45,Unemployment Rate (Q1),MEDIUM,NZD,6.5%,-0.29,6.7%,6.2% ,
8653a923-4f54-4878-a66e-87bf19a6e4a2,05/05/2011,02:00,Fed's Lockhart speech,LOW,USD,,,,,SPEECH
8493bf17-e98c-4cfd-9545-5833e6a85936,05/05/2011,03:00,Children's Day,NONE,JPY,,,,,ALL DAY
c96565f2-748c-460f-b25e-6b879454866a,05/05/2011,03:00,Central Bank Reserves $,LOW,RUB,$523.9B,-,-,$517.9B,
73e162fc-d319-4a12-8134-1089252269c5,05/05/2011,04:30,Building Permits (MoM) (Mar),LOW,AUD,8.6%,0.53,5%,-1.9% ,
50252df8-2697-4047-b5c8-72b3768a4bf9,05/05/2011,04:30,Building Permits (YoY) (Mar),LOW,AUD,-18.1%,0.80,-25.2%,-21.8%,
f945cb9b-7ece-4b9e-8a01-207a50c34cf0,05/05/2011,04:30,Retail Sales s.a. (MoM) (Mar),MEDIUM,AUD,-0.3%,-1.25,0.5%,0.8% ,
965dd75e-48b2-4be9-86c5-825dac88989e,05/05/2011,N/A,S&P Global Services PMI (Apr),LOW,RUB,-,-,-,-,
f8d96ebf-204e-4c0e-ac3e-358729671520,05/05/2011,11:30,S&P Global Services PMI (Apr),MEDIUM,GBP,-,-0.50,55.8,-,
6b45888f-12c9-4e41-9c62-791279d23f96,05/05/2011,12:30,Business Confidence Index (May),LOW,ZAR,86.9,-,-,-,
83563bca-146f-4a84-a11d-df01c3114e9d,05/05/2011,12:30,Reuters Econometer (Apr),LOW,ZAR,244.85,-,-,252.22,
8404beb8-6913-4d50-a342-2fd7e7b3abec,05/05/2011,13:00,Factory Orders n.s.a. (YoY) (Mar),MEDIUM,EUR,8.4%,-2.84,15.4%,20.1% ,
e66d037c-40d8-44c5-ae99-a23ae98b0610,05/05/2011,13:00,Factory Orders s.a. (MoM) (Mar),LOW,EUR,-2.7%,-0.98,0.4%,1.2% ,
c19cc335-2f39-4a45-b07c-78fbfb23740e,05/05/2011,14:00,BoE Asset Purchase Facility (May),HIGH,GBP,£200B,-,-,-,
649948d1-3c43-48b9-95b9-830aa72653e8,05/05/2011,14:00,BoE Interest Rate Decision,HIGH,GBP,0.5%,0,0.5%,0.5%,
39830d3f-2e0e-44b9-a35d-db4ce0e38145,05/05/2011,14:45,ECB Main Refinancing Operations Rate,HIGH,EUR,1.25%,0,1.25%,1.25%,
a71fd628-dbe1-4e99-b083-027e26218eff,05/05/2011,15:30,Building Permits (MoM) (Mar),LOW,CAD,16.8%,2.91,-2.5%,7.9% ,
4d6de8e3-a99f-4266-b046-5be892ad45fc,05/05/2011,15:30,ECB's President Trichet speech,HIGH,EUR,,,,,SPEECH
067e2afb-eea9-4eeb-b1bd-7f22e2b7ac51,05/05/2011,15:30,Continuing Jobless Claims,LOW,USD,3.751M,4.56,3.637M,3.641M,
2d2191bd-ca3a-43cf-ba9a-0ad83fdbf857,05/05/2011,15:30,Initial Jobless Claims,LOW,USD,478K,5.74,410K,429K,
f85008b6-0767-43ae-8b3c-8dffc05fc8b2,05/05/2011,15:30,Nonfarm Productivity (Q1) PREL,LOW,USD,1.6%,2.91,0.5%,2.6%,
44d42c67-ce22-4750-ade2-e2c842e6361e,05/05/2011,15:30,Unit Labor Costs (Q1) PREL,LOW,USD,1%,-2.12,2.1%,-0.6%,
8274a619-4e58-47d6-8725-bb091a2f774f,05/05/2011,16:30,Former Fed's Chair Bernanke speech,LOW,USD,,,,,SPEECH
5d1254bf-d900-458e-bdbd-b629ec7c50fd,05/05/2011,17:00,Ivey Purchasing Managers Index (Apr),MEDIUM,CAD,57.7,-0.66,65.1,73.2,
225246d8-ed23-4b37-8e33-cd1ca6f5d7f5,05/05/2011,18:00,Budget Balance (Apr),LOW,HUF,75.9B,-,-,-182.4B,
6a42d508-2cd9-4d2b-885c-dd82c39ca6af,05/06/2011,01:45,Employment Change (Q1),MEDIUM,NZD,1.3%,-,-,-,
f31cf9b6-aa1e-4bdf-abdd-078b4b0b70d8,05/06/2011,02:30,AiG Performance of Construction Index (Apr),MEDIUM,AUD,37.9,-,-,39.4,
580fced3-34f5-404c-8b7e-ead87548f7d3,05/06/2011,02:50,Monetary Base (YoY) (Apr),LOW,JPY,23.9%,-,-,16.9%,
cf62d0d2-f628-467d-bb70-c324189632c5,05/06/2011,04:30,RBA Monetary Policy Statement,HIGH,AUD,,,,,REPORT
0afa13a1-1afb-4545-8598-676aeb2c0b30,05/06/2011,08:45,Unemployment Rate s.a (MoM) (Apr),MEDIUM,CHF,3.1%,-2.67,3.3%,3.4%,
7770b107-120d-4d63-aeb9-0e76d05f3264,05/06/2011,09:00,Gross Domestic Product (MoM) (Feb),LOW,EUR,0.4%,-,-,0.6% ,
c4b65dd3-5908-4d1f-9153-596a8725a7fb,05/06/2011,09:00,Gross Domestic Product (YoY) (Feb),LOW,EUR,8%,-,-,7.2% ,
47f21510-91c1-494d-8871-80ca63b754bf,05/06/2011,09:45,Budget Balance (Mar),LOW,EUR,€-33.56B,-,-,-,
820a5aa7-349a-401b-8390-24798816c1ea,05/06/2011,09:45,"Exports, EUR (Mar)",LOW,EUR,€35.085B,-,-,-,
6751e975-29b0-4fd9-876e-e10e786f2974,05/06/2011,09:45,"Imports, EUR (Mar)",LOW,EUR,€40.991B,-,-,-,
e4f496a7-4a15-4d04-a27e-5095970377ef,05/06/2011,09:45,Trade Balance EUR (Mar),LOW,EUR,€-5.906B,-,-,€-6.6B,
c8544f94-e4c1-4933-a5ba-ac0f7842290d,05/06/2011,10:00,Retail Sales (YoY) (Mar),LOW,CZK,2%,-,-,6.5%,
7d983f75-e8eb-48d7-ac20-74a82345b259,05/06/2011,10:00,Industrial Output Cal Adjusted (YoY) (Mar),LOW,EUR,-0.9%,-,-,-,
bd00d35a-f58a-4313-87c9-c5cec4eb95fe,05/06/2011,10:00,Industrial Output (YoY) (Mar),LOW,HUF,9.2%,-,-,14.3%,
77478eeb-44e1-46ee-920e-80a649b40683,05/06/2011,10:30,Industrial Production (MoM) (Mar),LOW,DKK,2.1%,-,-,-4.6%,
3de04ca7-df5c-4641-8414-7b5dbb90843c,05/06/2011,11:00,FX Reserves (Apr),LOW,CZK,€29.51B,-,-,€29.9B,
e6f98eba-5572-439b-9140-edad55c2b0c4,05/06/2011,11:00,Manufacturing Output (Mar),LOW,NOK,0.9%,-,-,0.6%,
97e1b1c8-4bec-41b5-a506-4685d50f2757,05/06/2011,11:30,Producer Price Index - Input (MoM) n.s.a (Apr),LOW,GBP,2.8%,1.48,1.6%,2.4% ,
d7625988-4165-4a96-8ecc-6700fd580718,05/06/2011,11:30,Producer Price Index - Input (YoY) n.s.a (Apr),MEDIUM,GBP,17.9%,2.01,16.4%,14.6% ,
9f6e6cc9-269c-4c93-886c-80828f8ea07e,05/06/2011,11:30,Producer Price Index - Output (MoM) n.s.a (Apr),LOW,GBP,1%,0.98,0.7%,0.9% ,
4c74fc9e-4be3-423d-8e76-471b5ddf1eea,05/06/2011,11:30,Producer Price Index - Output (YoY) n.s.a (Apr),MEDIUM,GBP,5.5%,0.53,5.1%,5.4% ,
b1c43b03-d6fc-4d44-9802-2212c56c3b12,05/06/2011,12:30,BoE's Governor King speech,MEDIUM,GBP,,,,,IN PROGRESS
af060f2f-b6a7-4ebb-a472-ebbb63ddef0f,05/06/2011,13:00,Industrial Production n.s.a. w.d.a. (YoY) (Mar),MEDIUM,EUR,11.2%,0.63,10.3%,14.8% ,
2ca86650-645f-4912-aecc-d6344c55f8ac,05/06/2011,13:00,Industrial Production s.a. (MoM) (Mar),LOW,EUR,1.2%,0.74,0.5%,1% ,
360668fe-4cb2-4013-bfdf-949a3a222a85,05/06/2011,14:00,Net Change in Employment (Apr),HIGH,CAD,58.3K,1.44,20K,20.7K,
3acb5271-ef7a-45cd-a624-7cf25775bba7,05/06/2011,14:00,Unemployment Rate (Apr),HIGH,CAD,7.6%,-0.58,7.7%,7.7%,
780748cc-75ac-44ad-94a3-a972457a63d9,05/06/2011,15:00,IPCA Inflation (Apr),LOW,BRL,0.77%,-,-,0.79%,
c5f28a39-83d3-4962-88e4-87ee019d147d,05/06/2011,15:00,Central Bank FX Reserves (Apr),LOW,PLN,€75.37B,-,-,€75.03B,
ee592722-4664-4449-822a-97a0aae7adc6,05/06/2011,15:30,Average Hourly Earnings (MoM) (Apr),MEDIUM,USD,0.1%,-0.68,0.2%,0%,
7a1f09e0-04f7-4f2a-b2a6-a6b9fbea7c11,05/06/2011,15:30,Average Hourly Earnings (YoY) (Apr),MEDIUM,USD,1.9%,0.98,1.8%,1.9% ,
2ec89e4b-7cda-4e8a-8797-4e044acc97db,05/06/2011,15:30,Average Weekly Hours (Apr),LOW,USD,34.4,2.50,34.3,34.3,
1516a7a8-8e4b-4ff3-8117-c35fcb9f3bfd,05/06/2011,15:30,Nonfarm Payrolls (Apr),HIGH,USD,232K,0.90,196K,235K,
6fac40ed-406e-4168-b399-0d93c88d450a,05/06/2011,15:30,Unemployment Rate (Apr),HIGH,USD,9%,0.86,8.8%,9% ,
981cb943-173b-4620-b1c0-70eefc6db3e2,05/06/2011,17:00,Fed's Dudley speech,MEDIUM,USD,,,,,SPEECH
2a7cb918-cefe-49de-bc60-7ddec70cb4b6,05/06/2011,22:00,Consumer Credit Change (Mar),MEDIUM,USD,$4.82B,-0.07,$5B,$6.41B,
91b996c9-172b-4dde-886e-ce117664113e,05/09/2011,02:50,BoJ Monetary Policy Meeting Minutes,LOW,JPY,,,,,REPORT
e4a61ebf-4419-4e34-bc0f-90210101770c,05/09/2011,04:30,ANZ Job Advertisements (Apr),LOW,AUD,-0.4%,-,-,1.3%,
00c24990-c091-4445-afdf-3b2849a86849,05/09/2011,04:30,National Australia Bank's Business Conditions (Apr),LOW,AUD,5,-,-,9,
c1f9d198-0019-4f02-a438-90c22df61749,05/09/2011,04:30,National Australia Bank's Business Confidence (Apr),LOW,AUD,7,-,-,9,
cddfc05b-6c00-4a9e-9f21-f50c48cb56d7,05/09/2011,09:00,Current Account n.s.a. (Mar),MEDIUM,EUR,€19.6B,-,-,€10.8B,
738d4206-f29b-4121-8491-2e1806909308,05/09/2011,09:00,Trade Balance s.a. (Mar),MEDIUM,EUR,€15.1B,0.84,€13.5B,€12.5B,
17a48140-41a4-4408-8e13-9e1c457c55b0,05/09/2011,09:00,Gross $Gold & Forex Reserve (Apr),LOW,ZAR,$50.602B,-,-,$49.266B,
6aa00d70-60e9-4fab-96b7-a5885c7ba3e6,05/09/2011,09:00,Net $Gold & Forex Reserve (Apr),LOW,ZAR,$46.039B,-,-,$44.725B,
6eeef385-9b53-4c5d-9e52-d88e1b89cd49,05/09/2011,10:00,Trade Balance (Mar),LOW,EUR,€-0.295B,-,-,€-0.08B,
fe389509-ef07-4239-ba69-63266bb46bb3,05/09/2011,10:00,Industrial Production (MoM) (Mar),LOW,RON,-0.8%,-,-,0.3%,
8507fabc-b73e-45a3-8b29-25e4c83a6cf8,05/09/2011,10:00,Industrial Output (YoY) (Mar),LOW,EUR,6.8%,-,9.5%,10.8%,
60703fc3-5988-4816-8e6b-58b6950b42fa,05/09/2011,10:00,Industrial Production (YoY) (Mar),LOW,TRY,10.4%,-,-,-,
0def189c-b30c-45ea-a687-f604969ebf95,05/09/2011,10:00,Halifax House Prices (MoM) (Apr),LOW,GBP,-1.4%,-,-,1% ,
20bc7e28-4eb9-4155-9bc4-ab85faa1511a,05/09/2011,10:00,Halifax House Prices (YoY/3m) (Apr),LOW,GBP,-3.7%,-,-,-2.9%,
2676a09b-dd56-4664-9993-aab1a7c5f1d6,05/09/2011,10:30,Current Account (Mar),LOW,DKK,7.6B,-,-,5.2B,
36b4b464-dfb1-447d-9da4-e1fa9ed695f0,05/09/2011,11:00,Construction output (YoY) (Mar),LOW,CZK,5.8%,-,-,8.3%,
e7ceea8b-3f26-42df-91ce-81255855d957,05/09/2011,11:00,Industrial Production (YoY) (Mar),LOW,CZK,9.2%,-,12.3%,16.9%,
c4e83058-2d64-4a4d-ad4f-54de1671d42e,05/09/2011,11:00,Unemployment Rate (Apr),LOW,CZK,8.6%,-,8.7%,9.2%,
d95f1f77-a095-4dff-8b4a-a9fca09368ba,05/09/2011,11:00,Credit Indicator (Mar),LOW,NOK,6.3%,-,-,5.9%,
dc10db19-2177-4b3f-a462-4f3ae6748c6b,05/09/2011,11:00,Foreign Trade Balance (Mar),LOW,EUR,€171.1M,-,€82.6M,€36.8M,
1aa9cc0c-92c9-4d41-af39-ec9c7fd3d79e,05/09/2011,11:30,Trade Balance (Mar),LOW,DKK,7.8B,-,-,7.1B,
4ff0e9d3-367d-49a7-ba48-6e863cfb84c4,05/09/2011,11:30,Sentix Investor Confidence (May),MEDIUM,EUR,10.9,-2.44,14.7,14.2,
3d646f90-9aa8-4c9f-b910-bc45db9a60a0,05/09/2011,12:00,Gross Domestic Product s.a (QoQ) (Q1),LOW,EUR,0.2%,-,-,-,
11193e6f-7abb-4ffa-9c08-f1719515b81a,05/09/2011,13:05,Trade Balance (Apr),LOW,ISK,7.6B,-,-,6.5B,
5ca0b0e0-a265-4125-9dfc-8f63303ce8ce,05/09/2011,15:15,Housing Starts s.a (YoY) (Apr),MEDIUM,CAD,178.7K,-0.36,183K,185.1K,
c7d9e7ff-9988-4249-a844-604a0a5595bc,05/09/2011,17:00,12-Month Inflation (Apr),LOW,MXN,3.36%,-,-,-,
da022914-3610-4219-aa59-e7336de57e68,05/09/2011,17:00,Core Inflation (Apr),LOW,MXN,0.08%,-,-,-,
968d833c-c6c3-4665-afc3-8d64febd6282,05/09/2011,17:00,Headline Inflation (Apr),LOW,MXN,-0.01%,-,-,-,
9a767423-0ecd-406a-ad27-105f3cd30cb7,05/09/2011,17:00,Treasury Cash Balance (Apr),LOW,TRY,1.43B,-,-,-,
a05f475b-246f-47ed-a373-fe955920cd17,05/10/2011,02:01,BRC Like-For-Like Retail Sales (YoY) (Apr),LOW,GBP,5.2%,-,-,-3.5%,
7d134135-b789-490d-ae5b-b53961d1f69b,05/10/2011,02:01,RICS Housing Price Balance (Apr),MEDIUM,GBP,-21%,0.34,-22%,-26% ,
b83773f5-bf97-41fd-aa99-5a1f6fb33f86,05/10/2011,04:30,Trade Balance (MoM) (Mar),LOW,AUD,"1,691M",2560.15,0.53M,-398M,
a7722d32-c029-4991-b5d6-12a8da589d05,05/10/2011,05:00,Trade Balance USD (Apr),LOW,CNY,$11.423B,1.39,$3.3B,$-0.19B,
2f0f8687-fccd-45d7-b1b9-dcf0d760c10d,05/10/2011,08:45,SECO Consumer Climate (3m) (Q1),LOW,CHF,-1,-1.53,10,0,
6dcade77-45df-4bb5-ba89-1b1fa4ff63e5,05/10/2011,09:45,Industrial Output (MoM) (Mar),LOW,EUR,-1.1%,-,-,-,
23b9cbc3-2e79-47ce-987f-3c7d5f174673,05/10/2011,10:00,Consumer Price Index (MoM) (Apr),LOW,CZK,0.3%,-,-,0.1%,
3614b193-3568-4311-b3b2-1c7986e18655,05/10/2011,10:00,Consumer Price Index (YoY) (Apr),LOW,CZK,1.6%,-,-,1.7%,
d636c877-ad34-49f2-950b-09b0cd17219b,05/10/2011,10:00,Foreign Trade Balance (MoM) (Mar),LOW,CZK,21.34B,-,-,15.69B,
80373b40-42e6-499e-bf97-e0e6dfc6080c,05/10/2011,10:00,Industrial Output (MoM) (Mar),LOW,EUR,-1.2%,-,-,-2.7% ,
2618cf45-74f0-4d6f-a612-2526be684f9c,05/10/2011,10:00,Trade Balance (Mar) PREL,LOW,HUF,€831.1M,-,-,€816.4M,
3af26c5c-c37c-4030-aafd-5ca813a6b75f,05/10/2011,10:00,Industrial Output s.a. (MoM) (Apr),LOW,EUR,0.7%,-,-,-,
5ced5778-9331-4df9-b96d-1f86e6dce640,05/10/2011,10:00,Consumer Price Index (Apr),LOW,RON,8.3%,-,-,8%,
6196a4c6-134a-4687-93a7-224cee1e4074,05/10/2011,10:00,Trade Balance (Mar),LOW,RON,€-0.806B,-,-,€-0.392B,
30b6aa59-a56b-4a79-a988-2ec5d47fb831,05/10/2011,10:15,Consumer Price Index (MoM) (Apr),MEDIUM,CHF,0.1%,-1.75,0.5%,0.6%,
2cdd3bdc-5fc7-4113-9f67-d21564912aab,05/10/2011,10:15,Consumer Price Index (YoY) (Apr),HIGH,CHF,0.3%,-1.56,0.6%,1%,
586b3da1-91d5-494a-93a2-1f467bfd9743,05/10/2011,10:30,Consumer Price Index (YoY) (Apr),LOW,DKK,2.9%,-,-,2.7%,
9dbd4dd6-67d4-4bd7-8081-f776f56df652,05/10/2011,10:30,Inflation (HICP) (YoY) (Apr),LOW,DKK,2.8%,-,-,2.5%,
c0c03808-fc29-4c77-b537-6763d5666d42,05/10/2011,10:30,Consumer Price Index n.s.a (YoY) (Apr),LOW,EUR,2.1%,-,-,2%,
9ea288f5-82cc-4815-8080-38ba4397f1d9,05/10/2011,10:30,Manufacturing Output (MoM) (Mar),LOW,EUR,-2.2%,-,-,1.2%,
e5c49990-5645-411c-b97d-f65fb350e096,05/10/2011,11:00,Consumer Price Index (MoM) (Apr),LOW,NOK,0.5%,-,-,-,
43637b56-71ce-4096-97ee-1e27abe531f7,05/10/2011,11:00,Consumer Price Index (YoY) (Mar),LOW,NOK,1.3%,-,-,1%,
8ec93054-c46a-4a1f-ae72-bbd1e0918c2b,05/10/2011,11:00,Core Inflation (MoM) (Apr),LOW,NOK,0.8%,-,-,-,
c2cc77f8-2be5-4833-81c9-39470e650232,05/10/2011,11:00,Core Inflation (YoY) (Mar),LOW,NOK,1.3%,-,-,0.8%,
320bc491-1594-4c1d-9d06-0e69b30ab71e,05/10/2011,11:00,Producer Price Index (YoY) (Apr),LOW,NOK,20%,-,-,21.4%,
50fc6b3c-381a-4903-90a8-00d50816c070,05/10/2011,11:30,Industrial Production Value (MoM) (Mar),LOW,SEK,0.9%,-,-,4.1% ,
cfa01e18-31a0-4494-bb77-b1041331d764,05/10/2011,11:30,Industrial Production Value (YoY) (Mar),LOW,SEK,14.9%,-,-,15% ,
f64a4418-5dad-4fd3-9210-176a748946cf,05/10/2011,12:14,Foreign Trade (Mar),LOW,RUB,$17.31B,-,-,$17.4B,
17ccded2-d976-45fe-9189-44f9593849b1,05/10/2011,13:00,Global Trade Balance (Mar),LOW,EUR,€-4.271B,-,-,-,
284f6626-6a03-4155-ad25-8d5d74bd4237,05/10/2011,15:30,Import Price Index (MoM) (Apr),MEDIUM,USD,2.1%,1.16,1.8%,3% ,
d03d178f-e9f2-4a17-a4d5-40872246850c,05/10/2011,15:30,Import Price Index (YoY) (Apr),MEDIUM,USD,11.1%,0.29,10.5%,10.3% ,
74b69148-9eff-4c57-8343-d4e5522d559f,05/10/2011,15:30,Export Price Index (MoM) (Apr),LOW,USD,0.8%,-,-,1.5%,
19811bdb-69d9-44aa-a1f6-8646190a589d,05/10/2011,17:00,RealClearMarkets/TIPP Economic Optimism (MoM) (May),LOW,USD,42.8,-,-,40.8,
c55c8e93-412d-40d7-ab51-c74c6f1b4db5,05/10/2011,17:00,Wholesale Inventories (Mar),LOW,USD,1.3%,0.47,1%,1%,
54bed155-c4fb-4983-8a13-ade839bff671,05/11/2011,00:00,Producer Price Index Growth (MoM) (Apr),LOW,KRW,0.3%,-,-,1.2%,
288cbdcd-07fa-4b70-9ccc-371eb6a08ef1,05/11/2011,00:00,Producer Price Index Growth (YoY) (Apr),LOW,KRW,6.8%,-,-,7.3%,
6a7eb7e0-f462-4d27-bda7-9d37d3f4ea37,05/11/2011,02:00,Unemployment Rate (Apr),LOW,KRW,3.6%,-,-,4%,
7c46a7f1-d919-475c-b842-7065f616c465,05/11/2011,05:00,Consumer Price Index (YoY) (Apr),LOW,CNY,5.3%,0.00,5.3%,5.4%,
5d078b6f-9d42-44a9-b867-5a6a43827908,05/11/2011,05:00,Fixed Asset Investment (YTD) (YoY) (Apr),LOW,CNY,25.4%,-,-,25%,
fab05558-49b4-47e0-befb-bf76428e7a43,05/11/2011,05:00,Industrial Production (YoY) (Apr),LOW,CNY,13.4%,-,-,14.8%,
c14c01b7-e45e-4847-9b1c-f73d90544b4b,05/11/2011,05:00,Producer Price Index (YoY) (Apr),LOW,CNY,6.8%,-,-,7.3%,
45ade530-db8e-4118-b1ea-0e5bac758bf0,05/11/2011,05:00,Retail Sales (YoY) (Apr),LOW,CNY,17.1%,-0.31,17.6%,17.4%,
dff0234e-17d7-4b92-8a8a-99e5c51d8002,05/11/2011,08:00,Coincident Index (Mar) PREL,LOW,JPY,103.6,0.00,103.6,106.5,
7d20925c-008b-45bd-981f-e020acea79c7,05/11/2011,08:00,Leading Economic Index (Mar) PREL,MEDIUM,JPY,99.5,-1.50,99.8,104.2,
a069adf9-9aa1-4e9c-8410-356fd62d350e,05/11/2011,08:30,Inflation ex-tobacco (MoM) (Apr),LOW,EUR,0.4%,-,-,-,
68a36849-d295-4898-8e9d-89cea3a0c642,05/11/2011,09:00,Consumer Price Index (MoM) (Apr),HIGH,EUR,0.2%,-2.50,0.3%,0.2%,
0cd271fa-ff4a-4e4e-9981-b3f35ae9c644,05/11/2011,09:00,Consumer Price Index (YoY) (Apr),HIGH,EUR,2.4%,0.00,2.4%,2.4%,
0e896a98-ca29-4b3e-b476-f8d527eb94d2,05/11/2011,09:00,Wholesale Price Index (MoM) (Apr),LOW,EUR,0.2%,-,-,1.3%,
6e7f1e5c-70c3-4568-9fbf-6691ac1f8dab,05/11/2011,09:00,Wholesale Price Index (YoY) (Apr),LOW,EUR,9.2%,-,-,8.4% ,
144c2f8c-38a2-4435-8370-ac150082f0d3,05/11/2011,09:45,Current Account (Mar),LOW,EUR,€-4.1B,-,-,-,
a3ddedae-7638-4dde-8991-df711d59a1a1,05/11/2011,10:00,Consumer Price Index (YoY) (Apr),LOW,HUF,4.7%,-,-,4.5%,
9a71c680-22a1-4761-b598-93c8164032b6,05/11/2011,10:00,Core Consumer Price Index (YoY) (Apr),LOW,HUF,2.7%,-,-,2.5%,
b50baf3a-ce69-4c72-a6d0-0131d5d49074,05/11/2011,10:00,Current Account Balance (Apr),LOW,TRY,$-9.766B,-,-,-,
52d70f7f-8161-4f48-a223-1d45a245c145,05/11/2011,11:30,Goods Trade Balance (Mar),LOW,GBP,£-7.708B,-0.26,£-7.5B,£-5.602B,
1bedd0fa-de1f-4b98-a554-33fe8b4503a2,05/11/2011,11:30,Trade Balance; non-EU (Mar),LOW,GBP,£-4.495B,-0.51,£-3.5B,£-1.719B,
fe9420f8-d354-496d-bb4d-ad2c5c188e76,05/11/2011,11:45,Individual Investment (Current Year) (Q2),LOW,EUR,15%,-,-,-,
a24f409c-b82e-46c0-b071-749a0e2bb4fa,05/11/2011,12:00,Consumer Price Index (MoM) (Apr),LOW,EUR,0.4%,-,-,-,
3defb032-4377-451a-b0ed-06e1f3d71ad1,05/11/2011,12:00,Consumer Price Index (YoY) (Apr),LOW,EUR,4.1%,-,-,-,
8ef5c8be-309c-4336-b47d-a5b04f17eabb,05/11/2011,12:30,BoE Monetary Policy Report,MEDIUM,GBP,,,,,REPORT
63732de0-6f41-40ea-bca5-94ecf33f714a,05/11/2011,12:30,BoE's Governor King speech,LOW,GBP,,,,,IN PROGRESS
7fde9758-58b1-4361-a9ca-98007cd7d190,05/11/2011,14:00,MBA Mortgage Applications,LOW,USD,8.2%,-,-,4%,
08358d64-b4b5-4d25-af60-0e17fbcccb05,05/11/2011,14:00,Manufacturing Production Index (YoY) (Mar),LOW,ZAR,4.6%,-,-,6%,
de2fa97c-ad0f-4955-b62e-1075480b4b93,05/11/2011,15:27,NBP Base rate,LOW,PLN,4.25%,-,-,4%,
151a08d6-1647-4bfa-8d86-ae2a0dcb1e0d,05/11/2011,15:30,International Merchandise Trade (Mar),MEDIUM,CAD,$-0.417B,-0.59,$0.5B,$-0.05B,
75959c19-63cb-49a8-ab8c-f853ff9f8fb7,05/11/2011,15:30,Goods and Services Trade Balance (Mar),MEDIUM,USD,$-46.82B,0.05,$-47B,$-44.8B,
5e922a93-9761-4c7a-9fa1-c4817a4e04ff,05/11/2011,17:30,EIA Crude Oil Stocks Change,LOW,USD,3.8M,-,-,3.4M,
492febcc-a69a-4536-afa1-18befb7d5d2f,05/11/2011,21:00,Monthly Budget Statement (Apr),LOW,USD,$-40.49B,-5.29,$63.8B,$-188.2B,
3ed9110e-c989-45e2-b3fe-aa31948777fa,05/12/2011,01:30,Business NZ PMI (Apr),MEDIUM,NZD,52,-,-,49,
bb9e7b43-edf9-44cc-bc97-e96101e1640a,05/12/2011,01:45,Food Price Index (MoM) (Apr),LOW,NZD,0.1%,-,-,0.3%,
c85a4b41-5621-4540-9c5d-13757ab21c67,05/12/2011,02:50,Current Account n.s.a. (Mar),MEDIUM,JPY,"¥1,679.1B",5.03,"¥1,209.8B","¥1,811.2B",
121457f9-fd8c-4cf3-8f63-03c02808f052,05/12/2011,02:50,Money Supply M2+CD (YoY) (Apr),LOW,JPY,2.7%,-0.58,2.8%,2.6% ,
1be8d202-5dee-40c7-8ef4-b0c5294325f2,05/12/2011,02:50,Trade Balance - BOP Basis (Mar),MEDIUM,JPY,¥240.3B,-1.96,¥305B,¥827.7B,
c951ba76-d97a-4b53-991e-43df7b56f2fb,05/12/2011,04:30,Employment Change s.a. (Apr),MEDIUM,AUD,-29.4K,-1.82,17.4K,37.8K,
0ccfd385-27f8-4b7a-9622-20c84c7d4848,05/12/2011,04:30,Unemployment Rate s.a. (Apr),MEDIUM,AUD,4.9%,0.00,4.9%,4.9%,
10200283-d24f-4fcc-b677-ddfeba1b4ea9,05/12/2011,06:00,Money Supply Growth (Mar),LOW,KRW,7.6%,-,-,-,
11c78847-5d6e-440e-b6e1-21542f2e0110,05/12/2011,08:30,Consumer Price Index (EU norm) (MoM) (Mar),LOW,EUR,0.4%,-,-,-,
2232096a-c9cb-4606-9e79-e64a9b66f9ed,05/12/2011,08:30,Consumer Price Index (EU norm) (YoY) (Apr),LOW,EUR,2.2%,-,-,-,
e93a77b3-9fd4-4f72-b013-cd875e8b14c3,05/12/2011,08:30,Industrial Output (Mar),LOW,INR,7.3%,-,-,6.7% ,
ec4c6641-f30f-4dd9-8349-42b2ca1c11f5,05/12/2011,08:30,Manufacturing Output (Mar),LOW,INR,7.9%,-,-,3.5%,
5a5accf8-6a22-4a27-8898-fdd4aaacc2ad,05/12/2011,09:00,Eco Watchers Survey: Current (Apr),MEDIUM,JPY,28.3,0.44,24.3,24,
de280237-b77b-47e6-baa8-bb35dc3b3b75,05/12/2011,09:00,Eco Watchers Survey: Outlook (Apr),LOW,JPY,38.4,-,-,25.1,
ac323fce-f973-462f-a288-b38682cc90ca,05/12/2011,09:00,Machine Tool Orders (YoY) (Apr),LOW,JPY,32.3%,-,-,49.5% ,
1cfa7eb9-41d0-460a-9a6a-4b3c0ba462c9,05/12/2011,10:00,Consumer Price Index (MoM) (Apr),LOW,EUR,1.2%,-,-,-,
a98b6f74-f896-4dfc-ba09-4b9e699710c6,05/12/2011,10:00,Consumer Price Index (YoY) (Apr),LOW,EUR,3.8%,-,-,-,
c7394ca5-e474-4f3d-a5e6-ceaff3c34ab9,05/12/2011,10:00,Harmonized Index of Consumer Prices (MoM) (Apr),LOW,EUR,0.9%,-,-,-,
dd085c2e-1716-43b8-a460-6eb236bf0486,05/12/2011,10:00,Harmonized Index of Consumer Prices (YoY) (Apr),LOW,EUR,3.5%,-,-,3.3%,
1191f82b-7621-45dd-8361-02cdf061b6ef,05/12/2011,10:00,Core Inflation (MoM) (Apr),LOW,EUR,0.5%,-,-,0.5%,
8137e019-308d-42bb-81f0-526509849c64,05/12/2011,10:00,Core Inflation (YoY) (Apr),LOW,EUR,2.3%,-,-,2.2%,
67618038-9b03-4251-982f-494c8298d601,05/12/2011,10:00,Headline Inflation (YoY) (Apr),LOW,EUR,3.7%,-,-,3.6%,
9ccdcee7-30de-4b57-a188-24f03605ece8,05/12/2011,10:00,Headline Inflation (MoM) (Apr),LOW,EUR,0.4%,-,-,0.4%,
c7271d60-b126-45f5-b4c5-eac2a72c3624,05/12/2011,10:30,Consumer Price Index (MoM) (Apr),LOW,SEK,0.4%,-,-,0.6%,
b66b10b0-7fea-4d58-b710-9e60b0b08412,05/12/2011,10:30,Consumer Price Index (YoY) (Apr),LOW,SEK,3.3%,-,-,2.9%,
a5f32b11-b37a-44e9-b0ad-25d8362b073d,05/12/2011,11:00,ECB Monthly Report,MEDIUM,EUR,,,,,REPORT
a8cc77dc-758c-40f6-bae4-5b0c1f44ab45,05/12/2011,11:00,Industrial Output w.d.a (YoY) (May),LOW,EUR,3.4%,-,-,-,
04c24577-ff10-4aa3-9421-ba9f876b35ee,05/12/2011,11:30,Industrial Production (MoM) (Mar),MEDIUM,GBP,0.2%,-1.10,0.9%,-3.3% ,
a5ffc8d3-76cb-49c7-91e0-93fa6e9df90c,05/12/2011,11:30,Industrial Production (YoY) (Mar),LOW,GBP,0.1%,-5.10,1.1%,-6.6% ,
d268a498-d9c4-453b-a85a-71fd11d21fd6,05/12/2011,11:30,Manufacturing Production (MoM) (Mar),LOW,GBP,0.2%,-0.23,0.3%,-0.2% ,
95436d43-bd87-431c-83cf-8637cf1a9b7a,05/12/2011,11:30,Manufacturing Production (YoY) (Mar),LOW,GBP,2.2%,-1.36,2.8%,-0.5% ,
4117603f-9938-4980-8e6c-0b89d1096f12,05/12/2011,12:00,Industrial Production s.a. (MoM) (Mar),LOW,EUR,0%,-0.77,0.4%,1% ,
5ba05dc7-409e-4d37-a46a-81130db69715,05/12/2011,12:00,Industrial Production w.d.a. (YoY) (Mar),LOW,EUR,5.8%,-0.54,6.3%,8.1% ,
6ff26054-41e6-41c9-8708-d84b174b4041,05/12/2011,15:00,Retail Sales (MoM) (Mar),LOW,BRL,1.2%,-,-,-0.4%,
7f9b7113-fe93-45bc-898a-b190f55798fb,05/12/2011,15:30,New Housing Price Index (MoM) (Mar),MEDIUM,CAD,0%,-1.24,0.3%,0.4%,
f6c663b5-77a2-464e-98fa-ae09912bf782,05/12/2011,15:30,Continuing Jobless Claims,LOW,USD,3.792M,1.79,3.685M,3.733M,
cd11cd18-50a9-4199-9e56-18cbcc438dda,05/12/2011,15:30,Initial Jobless Claims,LOW,USD,438K,0.31,430K,474K,
8c252c0a-c578-4dd2-8f2c-12d7fbad2ee7,05/12/2011,15:30,Philadelphia Fed's Plosser speech,LOW,USD,,,,,SPEECH
722a8813-6b7b-403a-a144-404713ded3a3,05/12/2011,15:30,Producer Price Index (MoM) (Apr),MEDIUM,USD,0.8%,0.46,0.6%,0.7%,
39a3a396-1086-4b2c-9c5e-6abdcf5bcedc,05/12/2011,15:30,Producer Price Index (YoY) (Apr),MEDIUM,USD,6.8%,0.67,6.5%,4% ,
af7b39b0-47da-4730-86bd-45a428bc70cb,05/12/2011,15:30,Producer Price Index ex Food & Energy (MoM) (Apr),MEDIUM,USD,0.3%,0.29,0.2%,0.5% ,
c6fe6f40-6adb-435d-8025-aeb4da049bc0,05/12/2011,15:30,Producer Price Index ex Food & Energy (YoY) (Apr),MEDIUM,USD,2.1%,0.00,2.1%,1.9%,
1110b438-5b8c-439c-af34-0614495d3348,05/12/2011,15:30,Retail Sales (MoM) (Apr),MEDIUM,USD,0.3%,-1.29,0.6%,0.9%,
0acb8b0a-af79-41fa-8078-6f2fb0be1ee9,05/12/2011,15:30,Retail Sales ex Autos (MoM) (Apr),MEDIUM,USD,0.5%,-0.26,0.6%,1.1% ,
63f1cfc8-c38d-40de-a84f-44ebd22bc766,05/12/2011,15:59,Norges Bank Interest Rate Decision,LOW,NOK,2.25%,-,-,2%,
5500aeb3-f507-4291-9cef-49f740ca261b,05/12/2011,16:00,Industrial Output (MoM) (Mar),LOW,MXN,-0.2%,-,-,-,
d8db4edb-fb9e-44f3-a0b2-577a9e007b91,05/12/2011,16:00,Industrial Output (YoY) (Mar),LOW,MXN,4.2%,-,-,-,
9b403767-b3c6-4d76-be25-358216efb4f3,05/12/2011,16:48,SARB Interest Rate Decision,LOW,ZAR,5.5%,-,-,5.5%,
e7fa4d2c-2b19-4dfa-b2a8-0e1c739bab76,05/12/2011,17:00,NIESR GDP Estimate (3M) (Apr),MEDIUM,GBP,0.1%,-,-,0.7% ,
c3b21125-c0b0-4dab-a02a-449f89b07630,05/12/2011,17:00,Business Inventories (Mar),LOW,USD,1.3%,1.29,1%,0.6% ,
ab09cdea-b517-475f-907a-1ecc3b524953,05/12/2011,17:00,Fed's Chair Bernanke testifies,MEDIUM,USD,,,,,SPEECH
4a510232-d5e9-4508-9cfc-daf879192dcd,05/13/2011,04:00,BoK Interest Rate Decision,LOW,KRW,3%,-,-,3%,
5eca3056-6b99-4805-ae0f-f7374ea329b6,05/13/2011,08:30,Gross Domestic Product (QoQ) (Q1) PREL,LOW,EUR,1%,-,-,-,
df89acf4-db6b-477e-9591-aa025459854b,05/13/2011,09:00,Gross Domestic Product (QoQ) (Q1) PREL,MEDIUM,EUR,1.5%,7.50,0.9%,0.4%,
7b16260f-91f4-4026-b588-e96ab619fce3,05/13/2011,09:00,Gross Domestic Product (YoY) (Q1) PREL,MEDIUM,EUR,5.2%,4.29,4.5%,3.8%,
93ccb891-70e9-4ade-90e4-0d03be228a91,05/13/2011,09:00,Gross Domestic Product w.d.a (YoY) (Q1) PREL,MEDIUM,EUR,4.9%,4.29,4.2%,3.8%,
51ae3cb2-125f-4951-88cb-5b29b511f5b0,05/13/2011,09:00,Consumer Price Index (YoY) (Apr),LOW,EUR,3.2%,-,-,3.3%,
9d989d33-1c13-483b-bf6e-1821e93b8a2d,05/13/2011,09:00,Gross Domestic Product (MoM) (Mar),LOW,EUR,1.2%,-,-,0.4%,
455a1c35-b721-48c2-b986-a3721166d5c3,05/13/2011,09:00,Gross Domestic Product (YoY) (Mar),LOW,EUR,5.5%,-,-,8%,
500a30c5-9299-4ade-aa63-ad06f62f33d4,05/13/2011,10:00,Gross Domestic Product (YoY) (Q1) PREL,LOW,CZK,2.5%,-,-,2.6%,
96255197-caa7-4fee-b690-0fc68078e1c8,05/13/2011,10:00,Gross Domestic Product - Estimated (QoQ) (Q1),LOW,EUR,0.3%,-,-,-,
3e76f716-7e7f-46e0-a4e9-330be3552a78,05/13/2011,10:00,Gross Domestic Product - Estimated (YoY) (Q1),LOW,EUR,0.8%,-,-,-,
7318b9fe-6024-43b5-9a6f-ecd9b5ea61e6,05/13/2011,10:00,Current Account (Mar),LOW,EUR,€-0.3B,-,-,€0.5B,
8781c90d-1a90-45f4-b5f0-a9cbbd582e8e,05/13/2011,10:00,Gross Domestic Product (YoY) (Q1) PREL,LOW,HUF,2.4%,-,-,1.9%,
2b22ba51-4438-4435-af40-ef5f6f922992,05/13/2011,10:00,Gross Domestic Product (Q1),LOW,RON,1.6%,-,-,-0.6%,
d66c5056-a0e2-4f49-a695-74532197cd5b,05/13/2011,10:15,Producer and Import Prices (MoM) (Apr),MEDIUM,CHF,0.3%,-0.57,0.4%,0.4%,
8ee41dc2-0b4d-4e57-99dc-a327b43acc65,05/13/2011,10:15,Producer and Import Prices (YoY) (Apr),MEDIUM,CHF,0.1%,-2.83,0.5%,0.4%,
5ba23c52-8ee7-4fca-927c-36d4a07c5df2,05/13/2011,10:30,Retail Sales (YoY) (Mar),LOW,EUR,1.5%,-,-,3% ,
4d488373-9fdd-4e22-97c1-8e5e226ef657,05/13/2011,10:30,Capacity Utilization (Q1),LOW,SEK,0.4%,-,-,0.2%,
c249224a-424d-44f5-8006-5b6326323714,05/13/2011,11:00,ECB's President Trichet speech,MEDIUM,EUR,,,,,SPEECH
92b2e72b-bafd-4092-a38c-01ea3de522e1,05/13/2011,11:45,Nonfarm Payrolls (QoQ) (Q1) PREL,LOW,EUR,0.4%,-,-,0.2%,
d3737b67-7a01-415d-83c2-11022f74f675,05/13/2011,12:00,Gross Domestic Product s.a. (QoQ) (Q1) PREL,MEDIUM,EUR,0.8%,4.08,0.6%,0.3%,
1fbed798-f797-4467-9bd3-40bd354b4d57,05/13/2011,12:00,Gross Domestic Product s.a. (YoY) (Q1) PREL,MEDIUM,EUR,2.5%,7.50,2.2%,2%,
13748814-ce28-4ae5-b04e-e2f10586f8e3,05/13/2011,12:29,M2 Money Supply (YoY) (Apr),LOW,CNY,15.3%,-,-,16.6%,
95bb200b-8758-4cc3-b74e-34caea85cdfb,05/13/2011,13:15,Budget Fulfilment,LOW,RUB,0.9%,-,-,1.1%,
2337db80-5d2e-4d93-9c91-d770f2f115df,05/13/2011,14:30,"FX Reserves, USD",LOW,INR,$309.535B,-,-,$309.705B,
27208854-d10c-4eb2-bf78-50fcbf692524,05/13/2011,15:00,Consumer Price Index (MoM) (Apr),LOW,PLN,0.5%,-,-,0.9%,
62895756-6b2a-432f-abac-4ce3723d16cf,05/13/2011,15:00,Consumer Price Index (YoY) (Apr),LOW,PLN,4.5%,-,-,4.3%,
f75e27c5-397a-42ab-b739-13e1f00d75e2,05/13/2011,15:00,M3 Money Supply (YoY) (Apr),LOW,PLN,9.1%,-,-,10.8%,
105f3b83-f14e-4d95-9ff3-cd68233f7603,05/13/2011,15:30,New Motor Vehicle Sales (MoM) (Mar),LOW,CAD,2%,-,-,-0.6%,
10c772dc-2980-4d9c-bb8e-2e064ed936c3,05/13/2011,15:30,Consumer Price Index (MoM) (Apr),MEDIUM,USD,0.4%,0.00,0.4%,0.5%,
4174d452-42aa-414c-a278-459f5705d12a,05/13/2011,15:30,Consumer Price Index (YoY) (Apr),HIGH,USD,3.2%,2.00,3.1%,2.7%,
acb55aac-7b41-47ea-8262-9233e71ce107,05/13/2011,15:30,Consumer Price Index ex Food & Energy (MoM) (Apr),MEDIUM,USD,0.2%,0.00,0.2%,0.1%,
600fdd60-51c6-4d57-8643-ffdbcf368d94,05/13/2011,15:30,Consumer Price Index ex Food & Energy (YoY) (Apr),HIGH,USD,1.3%,0.00,1.3%,1.2%,
4d91a1ed-dcaa-4d94-96ef-c728438a4d50,05/13/2011,16:55,Michigan Consumer Sentiment Index (May) PREL,MEDIUM,USD,72.4,0.68,70,69.8,
309634e2-b497-42cc-b46a-30dad3581300,05/15/2011,06:00,Trade Balance (Apr),LOW,KRW,$5.14B,-,-,$5.82B,
8e9f3b87-811b-4412-bd65-9d0d4ba0cafe,05/15/2011,10:00,Unemployment Rate (Apr),LOW,TRY,10.8%,-,-,-,
e8dbeac3-79e5-4bc4-8018-980b61051aaf,05/15/2011,N/A,Fed's Lockhart speech,LOW,USD,,,,,SPEECH
cffe1c3f-aa4f-46c6-a035-d5feb857aad1,05/16/2011,00:00,Export Price Growth (YoY) (Apr),LOW,KRW,7.7%,-,-,-,
7714475e-e862-4b0a-a42a-057385a3e1af,05/16/2011,00:00,Import Price Growth (YoY) (Apr),LOW,KRW,19%,-,-,-,
2202e4c7-c0bd-4202-ae2d-b95c5f3a11aa,05/16/2011,02:01,Rightmove House Price Index (MoM) (May),LOW,GBP,1.3%,-,-,1.2% ,
8b84834d-02ac-4de5-8402-cb0596838c46,05/16/2011,02:01,Rightmove House Price Index (YoY) (May),LOW,GBP,0.7%,-,-,0.5% ,
4d404aff-dce3-4dc6-ab02-f4d7024aa6d0,05/16/2011,02:50,Machinery Orders (MoM) (Mar),LOW,JPY,2.9%,5.82,-10%,1.3% ,
1335c06f-5963-4165-af00-c2bc9e10217e,05/16/2011,02:50,Producer Price Index (MoM) (Apr),LOW,JPY,0.9%,3.13,0.4%,0.5% ,
c388cffa-863c-4de3-95aa-62e0077d8bed,05/16/2011,02:50,Producer Price Index (YoY) (Apr),MEDIUM,JPY,2.5%,2.46,2.1%,1.3% ,
739eb804-19a7-4f91-8df2-a31f3c41775a,05/16/2011,04:30,Home Loans (Q1),MEDIUM,AUD,-1.1%,-0.85,2%,-1.5% ,
0b3bc0d4-0d3d-4373-a5b2-00db830122e0,05/16/2011,04:30,Investment Lending for Homes (Q1),LOW,AUD,2.1%,-,-,0.9% ,
7e23d008-bf02-4f23-9999-84bd11431144,05/16/2011,04:30,New Motor Vehicle Sales (MoM) (Apr),LOW,AUD,-4.1%,-,-,3.4% ,
10e97088-df00-4bb3-98c6-10b6e68ea074,05/16/2011,04:30,New Motor Vehicle Sales (YoY) (Apr),LOW,AUD,-8.4%,-,-,1.9%,
cc2c29c6-c46c-4d72-a5ee-94be26f5074e,05/16/2011,08:00,Consumer Confidence Index (Apr),MEDIUM,JPY,33.1,-3.02,36.7,38.5,
8e307680-7678-41b0-89be-ae543feda3b9,05/16/2011,09:30,WPI Inflation (Apr),LOW,INR,8.66%,-,-,8.98%,
b1fe03ee-3f61-40b6-ae75-99aac60d4abe,05/16/2011,10:00,Export Prices (YoY) (Mar),LOW,CZK,1.6%,-,-,0.2%,
2933f7a3-dd89-4d13-b267-ae8dfdb7f868,05/16/2011,10:00,Import Prices (YoY) (Mar),LOW,CZK,5.3%,-,-,4.3%,
269c2278-6de4-4a3d-8938-d4e77568f5d6,05/16/2011,10:00,Producer Price Index (MoM) (Apr),LOW,CZK,0.8%,-,0.6%,1%,
5fe502db-6f3f-4b16-a779-43d99cdbd3f4,05/16/2011,10:00,Producer Price Index (YoY) (Apr),LOW,CZK,6.4%,-,6.2%,6.3%,
038b8436-1c29-42b2-8f78-d72c695ca7a5,05/16/2011,10:00,EU Norm Inflation (MoM) (Apr),LOW,EUR,0.5%,-,0.4%,0.4%,
7a5e9313-941c-4907-b0f6-c3603086a022,05/16/2011,10:00,EU Norm Inflation (YoY) (Apr),LOW,EUR,3.9%,-,3.8%,3.8%,
b031ef0c-cabf-44ca-90e4-0dc93bbc61e6,05/16/2011,10:00,Consumer Confidence (May),LOW,TRY,93.46,-,-,-,
5172c2bf-19db-43b9-bff9-a94cc8f48989,05/16/2011,11:00,Current Account (MoM) (Mar),LOW,CZK,1.5B,-,-9B,15.95B,
ed5dd5cd-e44a-4856-9445-145d23b49a33,05/16/2011,11:00,Consumer Price Index (MoM) (May),LOW,EUR,0.5%,-,-,-,
c051468a-f40a-4338-a048-bdce42dff18e,05/16/2011,11:00,Consumer Price Index (YoY) (Apr),LOW,EUR,2.6%,-,-,-,
1f0b674e-d9a0-4156-8fb9-ee2175556a8c,05/16/2011,11:00,Trade Balance (Apr),LOW,NOK,39.2B,-,-,36.5B,
d0ea260d-6892-43e8-8e41-18a36ffdedae,05/16/2011,11:00,Budget Balance (Apr),LOW,TRY,1.056B,-,-,-,
bc7227f5-6857-437f-a4bd-f145759900ff,05/16/2011,11:00,Trade Balance EU (Mar),LOW,EUR,€-1.074B,-,-,-,
1616d30a-03ad-4e35-b08b-761ab8b1b226,05/16/2011,11:00,Consumer Price Index (EU Norm) (YoY) (Apr),LOW,EUR,3%,-,-,-,
a3d36899-191a-471e-bec8-d429129b2b7e,05/16/2011,11:00,Global Trade Balance (Mar),LOW,EUR,€-3.938B,-,-,-,
39719b0e-baa4-444e-9ccb-a060ba04873a,05/16/2011,11:00,Consumer Price Index (EU Norm) (MoM) (Apr),LOW,EUR,0.2%,-,-,-,
6b9f89c4-d59b-44dd-8c4d-100af0f127f0,05/16/2011,12:00,Core Harmonized Index of Consumer Prices (YoY) (Apr),HIGH,EUR,1.6%,-,-,1.3%,
46cd6202-b404-4ec5-9d23-b6f77efd8f69,05/16/2011,12:00,Harmonized Index of Consumer Prices (MoM) (Apr),MEDIUM,EUR,0.6%,0.00,0.6%,1.3% ,
361b30cb-ff0b-4fd7-8f66-1d8851d4706e,05/16/2011,12:00,Harmonized Index of Consumer Prices (YoY) (Apr),MEDIUM,EUR,2.8%,0.00,2.8%,2.8%,
d878bd5f-bca5-4cf7-b496-2c3b7645f753,05/16/2011,12:00,Trade Balance n.s.a. (Mar),MEDIUM,EUR,€1.6B,-,-,€-3.2B,
9a6c3f0c-7dee-4ea3-be30-c00aa2fb5782,05/16/2011,12:00,Trade Balance s.a. (Mar),MEDIUM,EUR,€-2.2B,-1.99,€1.7B,€-4.1B,
1b78592e-afbe-4569-8825-1598c98a109a,05/16/2011,15:00,Current Account (Mar),LOW,PLN,"€-1,376M",-,-,€-685M,
4b33a9d1-4efb-4b13-bbfb-6ae5a6de7d4b,05/16/2011,15:04,MNB Interest Rate Decision,LOW,HUF,6%,-,-,6%,
7dbfbbe7-b94d-498c-822c-e3bd11fc0628,05/16/2011,15:30,Manufacturing Sales (MoM) (Mar),LOW,CAD,1.9%,0.15,1.6%,-1.7% ,
34d68c3b-26e4-4d36-acfa-eac8aefd486e,05/16/2011,15:30,NY Empire State Manufacturing Index (May),MEDIUM,USD,11.88,-4.01,21.3,19.1,
15d05dde-144b-468c-bf1b-a933c89a9228,05/16/2011,16:00,Former Fed's Chair Bernanke speech,MEDIUM,USD,,,,,SPEECH
c86c854d-8d4f-454e-a134-d866f405e4db,05/16/2011,16:00,Net Long-Term TIC Flows (Mar),MEDIUM,USD,$24B,-1.09,$57.7B,$21.7B,
3d0c1e85-019e-465b-8680-495000613b47,05/16/2011,16:00,Total Net TIC Flows (Mar),MEDIUM,USD,$127.1B,-,-,$91.5B,
43fa3fa7-da44-43bc-bac4-14ebae70bc9f,05/16/2011,17:00,NAHB Housing Market Index (May),LOW,USD,16,-2.00,17,16,
1a5798ce-a080-43f4-b590-12606b86e342,05/16/2011,17:00,Gross Domestic Product Quarterly (YoY) (Q1),LOW,RUB,4.1%,-,-,4.5%,
bbcacfdf-8152-4c02-867b-835f3df6508e,05/17/2011,03:00,EcoFin Meeting,MEDIUM,EUR,,,,,ALL DAY
542e523e-b9d9-4a84-9532-5b5687813140,05/17/2011,04:30,RBA Meeting Minutes,HIGH,AUD,,,,,REPORT
ade07c66-d134-4498-87c1-fb51e3836f00,05/17/2011,04:50,FDI - Foreign Direct Investment (YTD) (YoY) (Apr),LOW,CNY,26%,-,-,29.4%,
752f4076-a3b4-435b-a9fa-385590c48c6d,05/17/2011,10:00,Export Prices (YoY) (Apr),LOW,EUR,7.1%,-,-,7.5% ,
3238eebb-4434-4a2f-8e7f-f863ec43eec1,05/17/2011,10:00,Import Prices (YoY) (Apr),LOW,EUR,9.6%,-,-,10.9% ,
c2998982-abf4-46f1-a9b4-5323f3fca7fa,05/17/2011,10:00,Producer Price Index (YoY) (Apr),LOW,EUR,7.3%,-,-,7% ,
3714a13a-7a69-44e5-bfc8-3b628b24d216,05/17/2011,11:00,Consumer Price Index (MoM) (Apr),LOW,ZAR,0.3%,-,-,1.2%,
d4f7fa73-e1c4-4d7d-827b-54eb663d5dac,05/17/2011,11:00,Consumer Price Index (YoY) (Apr),LOW,ZAR,4.2%,-,-,4.1%,
e73df486-1c0c-4de0-861a-552b0b9c321a,05/17/2011,11:30,Consumer Price Index (MoM) (Apr),MEDIUM,GBP,1%,1.53,0.7%,0.3%,
ad01822f-9afe-4519-bc32-02bf325958ea,05/17/2011,11:30,Consumer Price Index (YoY) (Apr),HIGH,GBP,4.5%,1.47,4.1%,4%,
00e94314-6f5a-4f0c-970e-1f0bd1e8f0a2,05/17/2011,11:30,Core Consumer Price Index (YoY) (Apr),HIGH,GBP,3.7%,1.90,3.4%,3.2%,
e355aa95-39dc-4606-84a1-9afa07cf2249,05/17/2011,11:30,Retail Price Index (MoM) (Apr),LOW,GBP,0.8%,0.00,0.8%,0.5%,
047f83b9-d568-4c40-b7da-859d6bea749e,05/17/2011,11:30,Retail Price Index (YoY) (Apr),LOW,GBP,5.2%,-0.49,5.3%,5.3%,
bcbf555b-77ea-46c6-8bde-2f0a0598365a,05/17/2011,11:50,DCLG House Price Index (YoY) (Mar),LOW,GBP,0.9%,0.00,0.9%,0.7% ,
7595e82c-94b4-4a02-92c2-feff43973448,05/17/2011,12:00,ZEW Survey – Current Situation (May),LOW,EUR,91.5,-,-,87.1,
03f81759-78c4-41d3-9af5-e59270c8bdf8,05/17/2011,12:00,ZEW Survey – Economic Sentiment (May),MEDIUM,EUR,3.1,-0.25,4.4,7.6,
9e62989b-83a3-4e3b-8f7d-31b9ab48de89,05/17/2011,12:00,ZEW Survey – Economic Sentiment (May),MEDIUM,EUR,13.6,-0.66,17.9,19.7,
6947c1db-c8f0-4c86-be53-8a41a2530390,05/17/2011,14:00,Retail Sales (YoY) (Mar),LOW,ZAR,5.1%,-,-,5.6%,
cc66b0f2-19ed-4cae-9e0f-66770af4e316,05/17/2011,15:30,Canadian Portfolio Investment in Foreign Securities (Mar),LOW,CAD,$1.73B,-,$-5B,$2.86B,
d98c71b7-af29-42ee-b574-61f03fa85a2d,05/17/2011,15:30,Foreign Portfolio Investment in Canadian Securities (Mar),LOW,CAD,$6.44B,0.48,$4.37B,$3.01B,
55be3f60-5701-4507-940e-0d70ab8c4d2d,05/17/2011,15:30,Building Permits (MoM) (Apr),MEDIUM,USD,0.563M,-0.77,0.59M,0.583M,
a5ccf66b-c457-436a-8115-818af16a199e,05/17/2011,15:30,Housing Starts (MoM) (Apr),MEDIUM,USD,0.541M,-0.56,0.57M,0.6M,
ae38f87f-682a-4f4e-9a0a-faff9e56e887,05/17/2011,16:15,Capacity Utilization (Apr),LOW,USD,76.7%,-1.78,77.6%,75.9% ,
c17e0316-0e1d-49c1-aef4-ebcfefe8d280,05/17/2011,16:15,Industrial Production (MoM) (Apr),LOW,USD,0%,-0.92,0.4%,1% ,
ff3dd987-f633-4a99-9640-fe41540068fa,05/18/2011,01:45,Producer Price Index - Input (QoQ) (Q1),MEDIUM,NZD,2.2%,4.40,0.6%,0.9%,
164594f6-89e5-4fbc-999c-5a46975a1ce4,05/18/2011,01:45,Producer Price Index - Output (QoQ) (Q1),MEDIUM,NZD,1.7%,1.37,0.5%,0.2%,
31aeff6e-adbb-4bad-a2ec-faaf78d172da,05/18/2011,02:50,Tertiary Industry Index (MoM) (Mar),MEDIUM,JPY,-5.9%,-0.64,-5.4%,0.8% ,
60025135-e717-4938-84c1-9d5a0c529e64,05/18/2011,03:30,Westpac Consumer Confidence (May),MEDIUM,AUD,-1.3%,-,-,1.2%,
bbea0058-a887-466d-9c6a-8e289d2d10d0,05/18/2011,04:30,Wage Price Index (QoQ) (Q1),MEDIUM,AUD,0.8%,-2.94,1.1%,1% ,
2f5a4dec-472f-475f-9e85-d54cf6c5cb60,05/18/2011,04:30,Wage Price Index (YoY) (Q1),MEDIUM,AUD,3.8%,-1.47,4%,3.8%,
668b33c1-0748-4424-ad25-46f20687c2b3,05/18/2011,10:00,Gross Domestic Product (QoQ) (Q1),LOW,EUR,0.3%,-,-,0.1% ,
7c5db891-9601-4429-8dbf-cd10c37a972e,05/18/2011,10:00,Gross Domestic Product (YoY) (Q1),LOW,EUR,0.9%,-,-,0.1% ,
b7c0fe1a-f490-4e82-a5d1-5bf95bdda3e4,05/18/2011,10:00,Gross Wages (YoY) (Mar),LOW,HUF,-1.4%,-,-,4.8%,
ee756df6-b356-4cc2-acc3-ce0980e96b17,05/18/2011,10:30,Consumer Confidence (May),LOW,DKK,2.6,-,-,2,
e8b3ba5f-a555-4e8b-b05b-bbd0bb0b9f05,05/18/2011,11:30,Average Earnings Excluding Bonus (3Mo/Yr) (Mar),LOW,GBP,2.1%,-0.98,2.2%,2.1% ,
72d4c7d0-5bb9-4294-b32b-d612275d04f5,05/18/2011,11:30,Average Earnings Including Bonus (3Mo/Yr) (Mar),LOW,GBP,2.3%,1.50,2%,2.6% ,
548f79b1-2fbe-456f-9cf1-8a32563487df,05/18/2011,11:30,BoE Minutes,HIGH,GBP,,,,,REPORT
d8d9008f-686a-4d54-a647-14ee957ad213,05/18/2011,11:30,Claimant Count Change (Apr),LOW,GBP,16.9K,3.22,0K,5K,
93c6ff07-4e1a-4955-b5e1-88a86fe38ce4,05/18/2011,11:30,Claimant Count Rate (Apr),MEDIUM,GBP,4.6%,0.00,4.5%,4.4% ,
86220ac2-0606-4517-93f1-f93dd4b9b7b1,05/18/2011,11:30,ILO Unemployment Rate (3M) (Mar),LOW,GBP,7.7%,-1.51,7.9%,7.8%,
73b47055-083d-42d7-9282-897b3ca68e30,05/18/2011,12:00,Construction Output s.a (MoM) (Mar),LOW,EUR,-0.1%,-,-,0.8% ,
7aad6b9b-3232-438b-ae32-f6abbcba6ce1,05/18/2011,12:00,Construction Output w.d.a (YoY) (Mar),LOW,EUR,-4.9%,-,-,4.1% ,
0736afd1-a7f4-48ef-ad19-746c0553fb25,05/18/2011,13:00,Unemployment Rate (Q1),LOW,EUR,12.4%,-,-,11.1%,
033a1766-5e96-4578-8227-7346a21cf42a,05/18/2011,14:00,MBA Mortgage Applications,LOW,USD,7.8%,-,-,8.2%,
cac7f78b-f168-4892-b2e6-b97e30d16ebd,05/18/2011,15:00,Corporate Sector Wages (Apr),LOW,PLN,5.9%,-,-,4%,
17504c17-c58f-4800-a333-65cbca5d9738,05/18/2011,15:00,Net Inflation (Apr),LOW,PLN,2.1%,-,-,2%,
c089adcd-686d-4649-b43e-30e169c2a3c6,05/18/2011,15:30,Leading Indicators (MoM) (Apr),MEDIUM,CAD,0.9%,2.04,0.6%,0.8% ,
93b25c2f-d552-42d6-8c55-49758e2dd819,05/18/2011,15:30,Wholesale Sales (MoM) (Mar),LOW,CAD,0.3%,-1.34,1.2%,-1.9% ,
4c16682d-9dd7-47e4-adc1-3a3d0f19e122,05/18/2011,17:30,EIA Crude Oil Stocks Change,LOW,USD,0M,-,1.5M,3.8M,
a136b316-3d9a-47d7-baf5-b36e9591dbe9,05/18/2011,20:30,Fed's Richard Fisher speech,LOW,USD,,,,,SPEECH
1bd98417-05da-4558-af0e-c9e0aa69766e,05/18/2011,21:00,FOMC Minutes,HIGH,USD,,,,,REPORT
b319498c-fd1b-4e7c-9c4f-cc3e030edfd6,05/19/2011,02:00,Fed's Bullard speech,LOW,USD,,,,,SPEECH
ea2b1578-035d-42ee-af5d-2b169280f630,05/19/2011,02:01,Nationwide Consumer Confidence (Apr),LOW,GBP,44,-0.92,49,44,
2f075a9a-4505-4d0d-b4c3-0e881c8c9a2a,05/19/2011,02:40,Industrial Output (Apr),LOW,RUB,4.5%,-,-,5.3%,
4c899896-0238-493c-a197-417435865a9f,05/19/2011,02:50,Gross Domestic Product (QoQ) (Q1) PREL,LOW,JPY,-0.9%,-1.19,-0.5%,-0.3% ,
3de70afb-2256-4834-9677-beb47573794a,05/19/2011,02:50,Gross Domestic Product Annualized (Q1) PREL,MEDIUM,JPY,-3.7%,-1.25,-1.9%,-3.7%,
bdcb9422-3846-475c-b8aa-e50288f3639e,05/19/2011,02:50,Gross Domestic Product Deflator (YoY) (Q1) PREL,MEDIUM,JPY,-1.9%,-0.40,-1.8%,-2.4% ,
f974467b-cf80-46db-8bad-ce323bba27b3,05/19/2011,03:00,Central Bank Reserves $,LOW,RUB,$514.4B,-,-,$523.9B,
bd0c0b24-81a4-43b5-940c-9d8a897e43a8,05/19/2011,04:00,Consumer Inflation Expectations (May),MEDIUM,AUD,3.3%,-,-,3.5%,
20967f8e-9934-4a68-828f-4d357447ce50,05/19/2011,04:30,RBA Foreign Exchange Transaction (Apr),LOW,AUD,570M,-,-,699M,
96601825-6b30-4bfc-92c9-d3ff7fcfdc39,05/19/2011,07:30,Capacity Utilization (Mar),LOW,JPY,-21.5%,-,-,0.8% ,
1afc0f32-e018-43ec-b359-cab118a283ad,05/19/2011,07:30,Industrial Production (MoM) (Mar),LOW,JPY,-15.5%,-,-,-15.3%,
63b7240e-7101-4451-b321-0dc5f91319ab,05/19/2011,07:30,Industrial Production (YoY) (Mar),LOW,JPY,-13.1%,-,-,-12.9%,
13502632-1b91-48e2-a909-1aa75030c48e,05/19/2011,10:30,Unemployment Rate s.a (3M) (Apr),LOW,EUR,5%,-,-,5.1%,
e26855f1-709d-4b57-9c41-d18848f06910,05/19/2011,11:30,Retail Sales (MoM) (Apr),MEDIUM,GBP,1.1%,0.00,1.1%,0% ,
c3cd2a7d-7337-4084-b674-5e2253e13187,05/19/2011,11:30,Retail Sales (YoY) (Apr),MEDIUM,GBP,2.4%,-0.09,2.5%,0% ,
71d3c027-c200-4627-8c2b-87aebdcf78dc,05/19/2011,11:30,Retail Sales ex-Fuel (MoM) (Apr),MEDIUM,GBP,1.2%,-,-,-,
d4da4514-8f20-4abe-91f6-32fc450b6ef6,05/19/2011,11:30,Retail Sales ex-Fuel (YoY) (Apr),MEDIUM,GBP,2.3%,-,-,-,
05fd633d-cbcd-4c8e-90b0-94e3570d905e,05/19/2011,12:00,ZEW Survey – Expectations (May),LOW,CHF,-11.5,-,-,8.8,
29ccf9e6-117b-4fe1-b952-5f443b743c2d,05/19/2011,12:00,Unemployment Rate (Apr),LOW,EUR,12.94%,-,-,13.13%,
2dbfe2c1-3692-4259-bf6e-51c9dfa6a758,05/19/2011,13:00,Current Account Balance (Mar),LOW,EUR,€-2.94B,-,-,€1.835B,
ea511fbd-16cc-47ad-8edf-26a093361ef8,05/19/2011,13:00,CBI Industrial Trends Survey – Orders (MoM) (May),LOW,GBP,-2%,0.27,-5%,-11%,
688a40a2-2464-4234-bcb4-2461f8000b0a,05/19/2011,15:30,Continuing Jobless Claims,LOW,USD,3.736M,0.22,3.723M,3.756M,
59702bc8-904d-4cd1-8cfc-a162c460a7bc,05/19/2011,15:30,Initial Jobless Claims,LOW,USD,414K,-0.25,420K,434K,
24e3f70a-4970-4273-aa92-4a89c814f7aa,05/19/2011,16:00,ECB's President Trichet speech,MEDIUM,EUR,,,,,SPEECH
4528cb08-dc3f-44e9-b707-27fcd57862fd,05/19/2011,16:00,Gross Domestic Product (QoQ) (Q1),LOW,MXN,0.5%,-,-,1.3%,
c36d35fc-9192-4cab-a6ad-6d274b08b29e,05/19/2011,16:00,Gross Domestic Product (YoY) (Q1),LOW,MXN,4.6%,-,-,4.6%,
b8ea994a-5567-4237-b6b0-d62939f03d94,05/19/2011,17:00,Existing Home Sales (MoM) (Apr),LOW,USD,5M,-,-,4.26M,
b5280c74-49ba-46cb-bcf4-42f28331049f,05/19/2011,17:00,Existing Home Sales Change (MoM) (Apr),MEDIUM,USD,-1.8%,-0.90,2%,2.4% ,
1898911f-5a78-4112-80b0-69891c181359,05/19/2011,17:00,Philadelphia Fed Manufacturing Survey (May),MEDIUM,USD,3.9,-1.31,20,13,
62e15305-26a4-489f-a947-339754c9647f,05/19/2011,17:30,BoC Review (Q1),LOW,CAD,,,,,REPORT
dcbb6ecf-f514-4445-8dd9-eda6a8c8eeab,05/20/2011,01:45,Visitor Arrivals (YoY) (Apr),LOW,NZD,5%,-,-,-11.4%,
b2a38f1c-e86a-4b73-a60b-3a5f6faf7382,05/20/2011,03:30,Primary Budget Balance (MoM) (Apr),LOW,ARS,1.97,-,-,-,
ba396f57-3d8e-493a-bf06-ca3447bc3cf9,05/20/2011,07:22,BoJ Interest Rate Decision,HIGH,JPY,0.1%,0,0.1%,0.1%,
06605177-aa47-414d-9f14-7da9557a0218,05/20/2011,07:30,All Industry Activity Index (MoM) (Mar),LOW,JPY,-6.4%,-0.24,-6.1%,2.9% ,
bcb9c21f-40cc-4dad-9586-ecb8144a118d,05/20/2011,09:00,Producer Price Index (MoM) (Apr),MEDIUM,EUR,1%,1.20,0.6%,0.6% ,
e7c787b1-e6e9-40a0-ae92-49d628cd4594,05/20/2011,09:00,Producer Price Index (YoY) (Apr),MEDIUM,EUR,6.4%,1.13,6%,6.2%,
05fe935d-91c9-4bc3-b3a2-d2d9f099e3f1,05/20/2011,09:00,Industrial Orders n.s.a (YoY) (Mar),LOW,EUR,21.2%,-,-,-,
6228d60f-cc76-4495-a7c5-1c633c1c8d00,05/20/2011,09:00,Industrial Orders s.a (MoM) (Mar),LOW,EUR,8%,-,-,-,
df69ee2c-157a-4efe-85cb-ae46aa85b2d7,05/20/2011,09:00,Industrial Sales n.s.a. (YoY) (Mar),LOW,EUR,12.2%,-,-,-,
ba6f8672-0dd4-47e1-8ee9-c5d7e10ed1e9,05/20/2011,09:00,Industrial Sales s.a. (MoM) (Mar),LOW,EUR,2%,-,-,-,
d3b97428-c0be-4a1d-815a-59ef1e333986,05/20/2011,10:15,BoJ Monetary Policy Statement,HIGH,JPY,,,,,REPORT
5760d498-2918-49dd-8afd-3329fb6f916a,05/20/2011,10:30,Consumer Confidence Adj (May),LOW,EUR,-10,-,-,-8,
41857e65-5427-48f5-8c08-1848d81182ea,05/20/2011,10:30,Consumer Spending Volume (Mar),LOW,EUR,0%,-,-,0.3%,
b7411222-52a4-426c-8d11-edaa18dd5e49,05/20/2011,11:00,Current Account n.s.a (Mar),LOW,EUR,€-2B,-,-,€-15.6B,
2f745d93-24b1-4f6f-8686-807595f8ad64,05/20/2011,11:00,Current Account s.a (Mar),LOW,EUR,€-3B,1.03,€-6.5B,€-7.7B,
9b2cc80c-6c08-4b6b-9028-c901917f60cd,05/20/2011,12:00,Producer Price Index (YoY) (Apr),LOW,RUB,20.2%,-,-,20.9%,
734697ba-f5da-4284-9c18-bf250e742787,05/20/2011,12:00,Producer Price Index (MoM) (Apr),LOW,RUB,2%,-,-,1.3%,
e99a2712-6925-414f-9f41-d25644c8d7ed,05/20/2011,12:00,Trade Balance non-EU (Apr),LOW,EUR,€-1.807B,-,-,-,
b874ba1d-097d-470e-b021-5910cdb88e27,05/20/2011,14:00,BoC Consumer Price Index Core (MoM) (Apr),MEDIUM,CAD,0.2%,0.00,0.2%,0.7%,
3233a3a4-13e2-46c3-ada0-2009b4b8bd78,05/20/2011,14:00,BoC Consumer Price Index Core (YoY) (Apr),HIGH,CAD,1.6%,0.00,1.6%,1.7%,
de8ee576-e1c2-4cf4-b2df-c0641e8e3fa0,05/20/2011,14:00,Consumer Price Index (MoM) (Apr),MEDIUM,CAD,0.3%,-0.77,0.5%,1.1%,
c425a845-a98b-4f78-82b2-791c03d2d1fc,05/20/2011,14:00,Consumer Price Index (YoY) (Apr),HIGH,CAD,3.3%,-0.37,3.4%,3.3%,
7c744dda-1dcc-4479-a373-8d7a79ed168e,05/20/2011,14:30,Bank Loan Growth,LOW,INR,22.5%,-,-,22% ,
0c6952fc-d082-4437-988d-c279e436c54f,05/20/2011,14:30,"FX Reserves, USD",LOW,INR,$307.493B,-,-,$309.535B,
e20eefe8-b6a0-498b-931e-b54038d34091,05/20/2011,14:30,M3 Money Supply,LOW,INR,16.9%,-,-,17% ,
6a6daa9a-617c-47da-b195-d9170ca40ff0,05/20/2011,15:00,Industrial Output (YoY) (Apr),LOW,PLN,6.6%,-,-,7%,
ec5b64aa-b201-44fe-b7fd-5cedc9460d78,05/20/2011,15:00,Producer Price Index (YoY) (Apr),LOW,PLN,8.9%,-,-,9.3%,
c91dfd9e-ce63-4d87-917e-b84a7d7974d0,05/20/2011,15:30,Retail Sales (MoM) (Mar),MEDIUM,CAD,-0.1%,-1.17,0.9%,0.3% ,
b46ac2ca-932e-45dd-9da6-ee650d61c0b6,05/20/2011,15:30,Retail Sales ex Autos (MoM) (Mar),MEDIUM,CAD,-0.2%,-1.83,0.7%,0.2% ,
0f79f518-5b83-4d3b-9851-fcea19032043,05/20/2011,16:30,SNB's Danthine speech,MEDIUM,CHF,,,,,SPEECH
8b2737f9-2001-4f01-b59e-c8befc9407ab,05/20/2011,17:00,Consumer Confidence (May) PREL,MEDIUM,EUR,-11.6,0.97,-12,-11.6,
9f83a25b-8f0c-4efa-982c-f383e3b0a6a2,05/20/2011,22:00,Monthly Econ Activity (MoM) (Mar),LOW,ARS,7.8%,-,-,-,
5db0b0fa-7be0-47c6-be9e-8ff7028c60f9,05/23/2011,03:00,Victoria Day,NONE,CAD,,,,,ALL DAY
df6ddcc8-2cd3-494a-976d-7da6f1a36bb2,05/23/2011,05:30,RatingDog Manufacturing PMI (May) PREL,MEDIUM,CNY,-,-,-,-,
dddb0c48-92f8-453c-bb13-ea569ecdc24a,05/23/2011,08:00,BoJ Monthly Economic Survey,MEDIUM,JPY,,,,,REPORT
0618c257-bb18-4d42-a2bf-3d0c3d70cb5e,05/23/2011,08:00,Coincident Index (Mar),LOW,JPY,103.4,-,-,103.6,
c940fe8d-5d51-4ca4-a2e4-9a7207027e21,05/23/2011,08:00,Leading Economic Index (Mar),LOW,JPY,99.6,-,-,99.5,
9c9be876-abfe-467d-a68a-6a9c517bc404,05/23/2011,09:58,HCOB Manufacturing PMI (May) PREL,LOW,EUR,-,-,-,-,
defabd28-c8eb-4b8a-9ccf-3bfb8e76b318,05/23/2011,09:58,HCOB Services PMI (May) PREL,LOW,EUR,-,-,-,-,
3f9d47eb-21b4-4370-9c00-9e8b2e67dd01,05/23/2011,10:28,HCOB Manufacturing PMI (May) PREL,MEDIUM,EUR,-,-3.24,61.1,-,
fff9ed6e-e9b0-4599-ad1f-f4be61d37ed5,05/23/2011,10:28,HCOB Services PMI (May) PREL,MEDIUM,EUR,-,-1.67,57,-,
21951733-42a0-4e22-a300-000772731f6d,05/23/2011,10:58,HCOB Manufacturing PMI (May) PREL,MEDIUM,EUR,-,-6.12,57.5,-,
fea71bdb-c930-4782-9823-8c765ac7133f,05/23/2011,10:58,HCOB Services PMI (May) PREL,MEDIUM,EUR,-,-4.23,56.8,-,
c4acaf79-e3c4-49d7-8523-034d4a1e5243,05/23/2011,11:00,Consumer Confidence (May),LOW,EUR,106.5,-,-,-,
b4a12a49-e03c-48ad-884f-bcd597542193,05/23/2011,16:00,Retail Sales (MoM) (Mar),LOW,MXN,0.01%,-,-,0.3%,
2f7d70b8-416d-44b4-9123-c128b13d1ab6,05/23/2011,16:00,Retail Sales (YoY) (Mar),LOW,MXN,1%,-,-,2.7%,
9bc638d2-7544-482c-9a20-ba5549124883,05/23/2011,22:00,Trade Balance (MoM) (Apr),LOW,ARS,"$1,300M",-,-,-,
857a5b54-c92e-4ad2-b491-22f64a6dbe6d,05/24/2011,06:00,RBNZ Inflation Expectations (QoQ) (Q2),MEDIUM,NZD,3%,-,-,2.64% ,
a21f2647-7ebd-4b0c-940d-e5d1e7668ef9,05/24/2011,09:00,Gross Domestic Product (QoQ) (Q1),MEDIUM,EUR,1.3%,-0.77,1.5%,1.5%,
b683110b-4630-4122-8de3-8ebb0a8faf99,05/24/2011,09:00,Gross Domestic Product (YoY) (Q1),MEDIUM,EUR,5%,-0.33,5.2%,5.2%,
60f83fe6-9150-45d4-8613-a738ffad7f79,05/24/2011,09:00,Gross Domestic Product w.d.a (YoY) (Q1),MEDIUM,EUR,4.9%,0.00,4.9%,4.9%,
8271b4e9-d504-4660-b640-83c60e00860d,05/24/2011,09:00,Unemployment Rate (Apr),LOW,EUR,7.9%,-,-,8.4%,
214b3ef6-83b8-4145-bc4b-730376638246,05/24/2011,09:45,Business Climate in Manufacturing (May),LOW,EUR,106,-,-,110,
3be1631d-5d7b-4e1c-9030-cbcfd7c11142,05/24/2011,10:00,Retail Sales (YoY) (Mar),LOW,HUF,-0.9%,-,-,0.2%,
20654fcf-9798-45d6-9aed-7bcf60588f34,05/24/2011,10:30,Business Confidence (May),LOW,EUR,3.1,-,-,4.6,
ce821312-e479-4d82-80e5-9b8c0f0af6ab,05/24/2011,11:00,IFO – Business Climate (May),MEDIUM,EUR,114.2,0.41,113.7,102.2,
3ffdbf63-9652-48f9-8abd-8ddd903867e1,05/24/2011,11:00,IFO – Current Assessment (May),LOW,EUR,121.5,0.41,120.7,102.7,
d591d380-28c4-420a-b1b5-fa6f66b7e3a7,05/24/2011,11:00,IFO – Expectations (May),MEDIUM,EUR,107.4,0.37,107,101.8,
2515dd3f-dbfd-4ef2-a7d8-5c8338a6909b,05/24/2011,11:00,Gross Domestic Product Growth (Q1),LOW,NOK,-0.6%,-,-,2.4% ,
5f2de399-0753-409e-bc74-80baef250369,05/24/2011,11:00,Gross Domestic Product Growth Mainland (Q1),LOW,NOK,0.5%,-,-,0.3%,
86ef554a-bbdf-4dce-ab1c-008540fa2f4f,05/24/2011,11:30,Public Sector Net Borrowing (Apr),MEDIUM,GBP,£7.748B,0.98,£4.4B,£10.287B,
b4734e20-6d87-473f-9206-a9848e9d5963,05/24/2011,12:00,Industrial New Orders (YoY) (Mar),LOW,EUR,14.3%,-,-,21.3% ,
6e5dff83-99b1-412d-b521-c91f1ad000db,05/24/2011,12:00,Industrial New Orders s.a. (MoM) (Mar),LOW,EUR,-1.5%,-0.24,-1.1%,0.9% ,
db193640-3c0e-4682-b8b2-7b93b97e97b4,05/24/2011,14:30,CBI Distributive Trades Survey – Realized (MoM) (May),LOW,GBP,18%,0.71,11%,21%,
4155b3c8-b5a1-4835-aa58-5ee8b88f26c3,05/24/2011,14:30,Manufacturing Confidence (May),LOW,TRY,117.2,-,-,-,
9ff6e5a8-99b9-42de-b83d-698e3c5a7673,05/24/2011,14:30,Capacity Utilization (May),LOW,TRY,75.2%,-,-,-,
5e1f4448-e84f-4329-9693-30d43e60f26e,05/24/2011,15:00,Mid-month Inflation (Apr),LOW,BRL,0.7%,-,-,0.77%,
de81e615-8a7f-404b-bf76-bf109fefc1b0,05/24/2011,16:50,Philadelphia Fed's Plosser speech,LOW,USD,,,,,SPEECH
f54f9750-0d33-41c8-96db-5265ed95eca8,05/24/2011,17:00,1st half-month Core Inflation (May),LOW,MXN,0.07%,-,-,0.05%,
be6d8cc2-f110-4f9c-aeee-c47bf2340a43,05/24/2011,17:00,1st half-month Inflation (May),LOW,MXN,-0.75%,-,-,-0.09%,
8e969571-2127-4376-b7b1-313e13baa9c4,05/24/2011,17:00,New Home Sales (MoM) (Apr),MEDIUM,USD,0.316M,0.00,0.305M,0.3M,
4c4b7988-85e5-42a1-add8-0d7250f6bad4,05/24/2011,17:00,New Home Sales Change (MoM) (Apr),MEDIUM,USD,6.5%,0.59,1.7%,11.1% ,
ac9649f5-6566-48ee-9b22-0a13aeaee292,05/24/2011,17:00,Richmond Fed Manufacturing Index (May),LOW,USD,-6,-1.81,10,4,
10d46bfe-f838-4e53-ae81-81ebffe5cd0d,05/24/2011,20:20,Fed's Bullard speech,LOW,USD,,,,,SPEECH
85ea37ae-25af-48c6-a57b-33dcfd43d117,05/25/2011,02:50,Adjusted Merchandise Trade Balance (Apr),MEDIUM,JPY,¥-469.559B,1.03,¥-695.9B,¥96.3B,
aae07464-194a-44f0-8339-aae08d52fa81,05/25/2011,02:50,BoJ Monetary Policy Meeting Minutes,MEDIUM,JPY,,,,,REPORT
70df60fe-873a-40d5-938d-8c09e70bc180,05/25/2011,02:50,Merchandise Trade Balance Total (Apr),MEDIUM,JPY,¥-463.7B,0.80,¥-703.7B,¥170.9B,
07969dca-9c7d-4686-b71d-3ffdf27f9535,05/25/2011,03:30,Westpac Leading Index (MoM) (Apr),LOW,AUD,-0.08%,-,-,0% ,
e3d448bb-9e26-4b43-a11d-7adcd9359281,05/25/2011,04:30,Construction Work Done (Q1),MEDIUM,AUD,1.2%,-0.16,1.5%,2% ,
c706686e-b1aa-44dd-9e39-69d6326cb785,05/25/2011,09:00,GfK Consumer Confidence Survey (Jun),MEDIUM,EUR,5.6,-0.44,5.7,5.7,
90bc45bb-aedc-452c-8327-3eb1d122b58e,05/25/2011,11:00,Retail Sales (YoY) (Apr),LOW,PLN,18.6%,-,-,9.4%,
d4a720ca-361c-4798-a0aa-4ab5d38741d6,05/25/2011,11:00,Unemployment (MoM) (Apr),LOW,PLN,12.6%,-,-,13.1%,
1f0b3169-ba76-4a6f-a1da-46e07fcacad6,05/25/2011,11:00,Retail Sales n.s.a (YoY) (Mar),LOW,EUR,-2.1%,-,-,-,
9923eaba-ad6f-4324-9471-d46b8234e29b,05/25/2011,11:00,Foreign Arrivals (Apr),LOW,TRY,31.3%,-,-,-,
be3b6c8e-c3e6-4957-be41-824d25a0f661,05/25/2011,11:00,Retail Sales s.a. (MoM) (Mar),LOW,EUR,-0.2%,-,-,-,
78ff326b-a364-4682-af5a-4fb1ebfbdebf,05/25/2011,11:30,Unemployment Rate (Apr),LOW,SEK,7.9%,-,-,8.1%,
14f78142-cbce-4a3b-94a1-3f0c6e9b4988,05/25/2011,11:30,BBA Mortgage Approvals (Apr),LOW,GBP,29.7K,-3.34,32.2K,31.7K,
2aca4db0-39f0-40f1-8180-a1c7894942e5,05/25/2011,11:30,Gross Domestic Product (QoQ) (Q1) PREL,HIGH,GBP,0.5%,0.00,0.5%,0.5%,
8e760040-0437-46e4-9eed-1ffb80bab170,05/25/2011,11:30,Gross Domestic Product (YoY) (Q1) PREL,HIGH,GBP,1.8%,0.00,1.8%,1.8%,
eb19c7a4-618c-456e-b405-e583b3077af6,05/25/2011,11:30,Index of Services (3M/3M) (Mar),LOW,GBP,0.9%,0.00,0.9%,-0.4%,
830dd3c1-e1d4-4e01-9aa6-2ac500168fc9,05/25/2011,11:30,Total Business Investment (QoQ) (Q1) PREL,MEDIUM,GBP,-7.1%,-10.00,2.4%,0%,
3ac98257-240b-4736-8f63-bf3878e60270,05/25/2011,11:30,Total Business Investment (YoY) (Q1) PREL,MEDIUM,GBP,-3.2%,-,-,12.2%,
903f6ef0-8e66-425a-bd5d-b14f96447278,05/25/2011,13:56,Consumer Price Index (MoM) (May),LOW,ISK,0.94%,-,-,0.8%,
f8f5c409-e015-4da3-bb21-a1a8340a4d0d,05/25/2011,13:56,Consumer Price Index (YoY) (May),LOW,ISK,3.4%,-,-,2.8%,
6ff7197e-03bc-4e8d-b8e2-8973522fabb8,05/25/2011,14:00,MBA Mortgage Applications,LOW,USD,1.1%,-,-,7.8%,
c6c5f344-6ca8-4a0f-8f69-0a7806307d7b,05/25/2011,15:30,Durable Goods Orders (Apr),MEDIUM,USD,-2.7%,-0.73,-1.5%,8.3% ,
eb9390bf-603f-4704-a0e6-49ffe76f8c30,05/25/2011,15:30,Durable Goods Orders ex Transportation (Apr),MEDIUM,USD,-0.4%,-0.65,0.9%,3.4% ,
1096b032-ad31-4eb8-867e-c7cda52913d2,05/25/2011,16:00,"Trade Balance s/a, $ (Apr)",LOW,MXN,$-0.123B,-,-,$0.848B,
0cc61212-8fd3-4faf-9cac-b78f33050a00,05/25/2011,16:00,"Trade Balance, $ (Apr)",LOW,MXN,$0.767B,-,-,$1.445B,
8348f474-33a7-46d4-b732-6efd8c345e34,05/25/2011,16:30,Current Account (Apr),LOW,BRL,$-3.5B,-,-,$-5.7B,
79474a28-f65b-4c19-b801-0fcfe7cd1874,05/25/2011,17:00,"Current Account, $ (QoQ) (Q1)",LOW,MXN,"$-1,376M",-,-,$-3M,
0f173c78-da68-4062-b4a0-837fec455b4b,05/25/2011,17:00,Housing Price Index (MoM) (Mar),LOW,USD,-0.4%,-,-,-0.9% ,
0ea1d223-9a3b-4fc0-868e-255e26446823,05/25/2011,17:00,Accumulated Current Account/GDP (Q1),LOW,MXN,-0.5%,-,-,-0.5%,
bcf92100-8522-4607-ba47-51d7b7dff4ad,05/25/2011,17:30,EIA Crude Oil Stocks Change,LOW,USD,0.6M,-,-,0M,
b7d62663-2725-4cef-9dcb-afb63ac77bc7,05/25/2011,17:40,ECB's Stark speech,LOW,EUR,,,,,SPEECH
762e11f6-7f2a-407e-ab95-49462830d446,05/26/2011,00:00,Consumer Sentiment Index (May),LOW,KRW,104,-,-,100,
b48549ce-8efc-4593-a091-0c5e85fff9fc,05/26/2011,02:50,Corporate Service Price Index (YoY) (Apr),LOW,JPY,-0.7%,1.68,-1%,-1% ,
657306f7-cfd8-42d4-98f4-22367fa599bb,05/26/2011,03:00,G8 Meeting,MEDIUM,EUR,,,,,ALL DAY
7995a1da-6b8d-4a08-9344-17660f114f7b,05/26/2011,03:00,Central Bank Reserves $,LOW,RUB,$516.8B,-,-,$514.4B,
85c45d78-7d20-4f84-a812-615086b7d4bd,05/26/2011,04:30,Private Capital Expenditure (Q1),MEDIUM,AUD,3.4%,0.24,2.8%,4.2% ,
6dec283e-995e-4053-a614-8180dd002308,05/26/2011,09:15,Trade Balance (Apr),MEDIUM,CHF,"1,436M",-0.72,"2,050M",1.087M,
ad050bc1-5cf5-4552-8a22-e78da2d29888,05/26/2011,09:45,Consumer Confidence (May),LOW,EUR,83,-,-,86,
0e25a4ab-eb69-4f1f-a6b2-2b69adb91763,05/26/2011,10:15,Employment Level (QoQ) (Q1),MEDIUM,CHF,4.11M,0.21,4.1M,4.594M,
e04608de-c985-4efd-a2ed-51d5b595d618,05/26/2011,10:15,Consumer Confidence (MoM) (May),LOW,SEK,17.9,-,-,17.6,
8751517f-a756-4d7d-965c-725201b5ae88,05/26/2011,10:30,Producer Price Index (MoM) (Apr),LOW,SEK,0%,-,-,0%,
60049291-8110-4047-9df2-fee6536b281e,05/26/2011,10:30,Producer Price Index (YoY) (Apr),LOW,SEK,1.9%,-,-,1.7%,
51a82eaf-3ca2-4df3-9dbe-12267709fbd6,05/26/2011,10:30,Trade Balance (MoM) (Apr),LOW,SEK,5.8B,-,-,9.6B,
4f14ab91-de31-48d8-8217-e8ffde7ccfc2,05/26/2011,11:00,Labour Force Survey (Q1),LOW,NOK,3.3%,-,-,3.1% ,
7e52a991-205b-4bda-860e-00b8f2e99f88,05/26/2011,11:00,Business Confidence (May),LOW,EUR,101.1,-,-,-,
fd2c1dc9-fcaf-4fb1-b2eb-c7e5f79e175d,05/26/2011,12:20,ECB's President Trichet speech,MEDIUM,EUR,,,,,SPEECH
33a4b186-218d-4096-8099-80b3fa2c9aa9,05/26/2011,12:30,Producer Price Index (MoM) (Apr),LOW,ZAR,0.9%,-,-,0.9%,
fba9f2d4-2e17-4e7d-8912-adbfc415bc82,05/26/2011,12:30,Producer Price Index (YoY) (Apr),LOW,ZAR,6.6%,-,-,7.3%,
a3e7a69e-e1f1-4e9a-a285-96aff99b9391,05/26/2011,15:00,Unemployment Rate (Apr),LOW,BRL,6.4%,-,-,6.5%,
ec8f716c-1ab4-4edf-880d-975307407269,05/26/2011,15:30,Continuing Jobless Claims,LOW,USD,3.712M,0.25,3.7M,3.711M,
23ef54e3-492f-4423-93e7-ad83e5701272,05/26/2011,15:30,Core Personal Consumption Expenditures (QoQ) (Q1) PREL,MEDIUM,USD,2.2%,-,-,2.7%,
ec67f514-6ded-4c3b-97a4-f71499dd872f,05/26/2011,15:30,Gross Domestic Product Annualized (Q1) PREL,HIGH,USD,1.8%,-1.87,2.2%,1.8%,
5f660624-734d-438c-8a84-a6fa7740caa5,05/26/2011,15:30,Gross Domestic Product Price Index (Q1) PREL,LOW,USD,3.8%,2.52,1.9%,3.8%,
84f89079-5393-4d51-8b92-98699b4b88d9,05/26/2011,15:30,Initial Jobless Claims,LOW,USD,428K,0.99,400K,409K,
3469ed0f-dc09-4a38-81d0-72a2ce7ef9ad,05/26/2011,16:00,Jobless Rate s.a (Apr),LOW,MXN,5.22%,-,-,-,
0d35f7cb-5195-447f-9024-40292b01b151,05/26/2011,16:00,Jobless Rate (Apr),LOW,MXN,5.1%,-,-,-,
f1fb585b-9b05-4e4d-813b-19f80f3ceaf7,05/26/2011,17:00,Gross Domestic Product Monthly (YoY) (Apr),LOW,RUB,3.3%,-,-,4.2% ,
4087f8d3-6bad-4857-9484-925b5addb58a,05/27/2011,02:00,Current Account Balance (Apr),LOW,KRW,1.82B,-,-,2.38B,
77346193-02c9-4909-be19-81448e875d12,05/27/2011,02:01,GfK Consumer Confidence (May),MEDIUM,GBP,-21,4.01,-31,-31,
455ff929-ef9b-4527-a6ff-8469d52ebae2,05/27/2011,02:30,National Consumer Price Index (YoY) (Apr),MEDIUM,JPY,0.3%,0.00,0.3%,-0.5% ,
725723c7-13fd-4cac-b4d4-61c5f6eff4be,05/27/2011,02:30,"National CPI ex Food, Energy (YoY) (Apr)",MEDIUM,JPY,-0.1%,0.00,-0.1%,-1.3% ,
ca697a5a-df2e-47b1-8456-e65a4de22324,05/27/2011,02:30,National CPI ex Fresh Food (YoY) (Apr),MEDIUM,JPY,0.6%,0.00,0.6%,-0.7% ,
e04af25c-1253-430d-a586-ed7a325e4972,05/27/2011,02:30,Tokyo Consumer Price Index (YoY) (May),MEDIUM,JPY,-0.1%,-1.25,0.1%,-0.7% ,
c8fe3c9a-fe72-4845-b8df-460038ba4524,05/27/2011,02:30,"Tokyo CPI ex Food, Energy (YoY) (May)",MEDIUM,JPY,0.1%,0.00,0.1%,-0.7% ,
4de1d7c8-e843-4da6-afe4-0ab57d259f19,05/27/2011,02:30,Tokyo CPI ex Fresh Food (YoY) (May),MEDIUM,JPY,0.1%,-0.58,0.2%,-0.5% ,
43c770bf-58f5-4e02-ac9f-8323b1363d18,05/27/2011,02:50,Large Retailer Sales (Apr),LOW,JPY,-1.9%,-0.41,-1.3%,-7.7% ,
ba7be441-ae9b-4a2a-b511-c49bf65c8478,05/27/2011,02:50,Retail Trade (YoY) (Apr),MEDIUM,JPY,-4.8%,0.73,-6.1%,-8% ,
87c4c297-9126-4f42-8cca-9c1dfc05738a,05/27/2011,02:50,Retail Trade s.a (MoM) (Apr),MEDIUM,JPY,4.1%,0.89,2.6%,-7.8% ,
938a0f02-f6c9-4d6c-9fdc-6e9bd89be94d,05/27/2011,03:00,G8 Meeting,MEDIUM,EUR,,,,,ALL DAY
5f660ac9-6b40-4b52-b800-97a1d807d22c,05/27/2011,09:00,Consumer Confidence (May),LOW,EUR,15.4,-,-,17.8,
be579547-1094-4d87-9a3b-a9ac7965a0dd,05/27/2011,09:00,Industrial Confidence (May),LOW,EUR,8,-,-,7,
637542ee-7499-42cc-9af0-689431c79d76,05/27/2011,09:00,Nationwide Housing Prices n.s.a (YoY) (May),LOW,GBP,-1.2%,-,-,-1.3%,
83447e69-12bd-4aee-83b7-4d655faf7ac9,05/27/2011,09:00,Nationwide Housing Prices s.a (MoM) (May),LOW,GBP,0.3%,0.44,0.1%,-0.1% ,
9edc71fe-7f1d-4be6-9cae-a96720434282,05/27/2011,10:00,Retail Sales (YoY) (Apr),LOW,EUR,-2%,-,-,-8.6%,
95c7472f-8253-42c7-882c-3d02c306a82c,05/27/2011,10:30,Unemployment Rate (Apr),LOW,DKK,3.8%,-,-,4%,
3fdf8849-6a71-479a-810c-f591fddea106,05/27/2011,10:30,Gross Domestic Product (QoQ) (Q1),LOW,SEK,0.8%,-,-,1.2% ,
ff7073a6-ac01-4cb6-bfcc-69db7e304fe5,05/27/2011,10:30,Gross Domestic Product (YoY) (Q1),LOW,SEK,6.4%,-,-,7.3% ,
a54142a4-a22d-4edc-bba0-95c9e51c8e23,05/27/2011,11:00,M3 Money Supply (3m) (Apr),LOW,EUR,2.1%,-2.83,2.3%,2%,
37e6be8c-b39e-4cd4-9db6-f231bc276078,05/27/2011,11:00,M3 Money Supply (YoY) (Apr),LOW,EUR,2%,-1.46,2.5%,1.8% ,
28c0f414-7c61-4e8e-a72d-b880531116fb,05/27/2011,11:00,Wage Inflation (MoM) (Apr),LOW,EUR,0.1%,-,-,-,
c90efb07-a162-46af-9709-17a64dd51c4e,05/27/2011,11:00,Wage Inflation (YoY) (Apr),LOW,EUR,1.8%,-,-,-,
4b09cabd-48b2-4093-925d-d3d4258cff3b,05/27/2011,12:00,Consumer Confidence (May),LOW,EUR,-9.9,-,-,-11.6,
92dfee35-18e2-4b59-98b8-ef54a3b23094,05/27/2011,12:00,Economic Sentiment Indicator (May),MEDIUM,EUR,105.5,-0.23,105.7,102.1,
efed70ed-cecf-4f3e-be85-69172f2fe54f,05/27/2011,12:00,Industrial Confidence (May),LOW,EUR,3.8,-1.06,5.3,3.6,
b1123ce7-d70c-4947-b192-f8901fabefda,05/27/2011,12:00,Business Confidence (May),LOW,EUR,-2,-,-,-1.8,
6c2019b5-08d8-488d-b01b-1a43a441699c,05/27/2011,12:00,Consumer Confidence (May),LOW,EUR,-50.3,-,-,-36,
56ef770f-ea2e-4a83-a074-77a2e2147a8c,05/27/2011,12:30,KOF Leading Indicator (May),LOW,CHF,2.3,1.51,2.24,2.29,
6a70a15e-127a-443f-9e6d-bbd6876c24b4,05/27/2011,14:30,"FX Reserves, USD",LOW,INR,$308.534B,-,-,$307.493B,
c63a3c99-16f4-4cc7-82ea-e47cf5855389,05/27/2011,15:00,Consumer Price Index (MoM) (May) PREL,LOW,EUR,0%,0.00,0%,0.2%,
c801457b-519f-4b87-9344-12c31f920a3a,05/27/2011,15:00,Consumer Price Index (YoY) (May) PREL,MEDIUM,EUR,2.3%,0.00,2.3%,2.4%,
a1ae4587-4951-49ff-ad8b-3c46893cec4c,05/27/2011,15:30,Core Personal Consumption Expenditures - Price Index (MoM) (Apr),MEDIUM,USD,0.2%,0.00,0.2%,0.2% ,
5749f662-a386-4d8e-8fa4-b42030fc32ee,05/27/2011,15:30,Core Personal Consumption Expenditures - Price Index (YoY) (Apr),MEDIUM,USD,1.1%,1.12,1%,1.2% ,
307845f0-d4f2-4efb-9436-de6017fab655,05/27/2011,15:30,Personal Consumption Expenditures - Price Index (MoM) (Apr),MEDIUM,USD,0.3%,-2.50,0.5%,0.4%,
d178d89b-6d6f-4830-bdb5-818071811942,05/27/2011,15:30,Personal Consumption Expenditures - Price Index (YoY) (Apr),MEDIUM,USD,2.2%,-,-,2.1% ,
8dd30277-42f9-4fed-ba26-d56657dd92a2,05/27/2011,15:30,Personal Income (MoM) (Apr),MEDIUM,USD,0.3%,-0.30,0.4%,0.2% ,
c5bf55f8-2a6a-47a7-a96f-0e98d3c474b4,05/27/2011,16:55,Michigan Consumer Sentiment Index (May),LOW,USD,74.3,0.53,72.4,72.4,
880c7956-b36d-4928-bf4c-2b02c0dbd9c1,05/27/2011,17:00,Banxico Interest Rate Decision,LOW,MXN,4.5%,-,-,4.5%,
1a8f2a4d-e19b-4f5c-8f8b-9604dc4f952e,05/27/2011,17:00,Pending Home Sales (MoM) (Apr),MEDIUM,USD,-11.3%,-4.77,-1%,0.1% ,
d83f8ede-27f0-4e7b-b338-c2e8f081df1c,05/28/2011,03:00,Whit monday,NONE,ISK,,,,,ALL DAY
58346c7a-e860-42cc-aad4-01c961a0b2fe,05/30/2011,01:45,Trade Balance NZD (MoM) (Apr),MEDIUM,NZD,"$1,148M",2.54,$600M,$583M,
88efb1b2-f7cf-4d2b-842b-e19601245be6,05/30/2011,03:00,Spring Bank Holiday,NONE,GBP,,,,,ALL DAY
a702d51e-3a77-43df-8294-416287357319,05/30/2011,03:00,Memorial Day,NONE,USD,,,,,ALL DAY
9800915c-3fe1-4cd3-8b01-fc330e551da2,05/30/2011,04:29,HIA New Home Sales (MoM) (Apr),LOW,AUD,0.2%,-,-,4.3%,
39953bf9-cc98-416a-8e21-e98320e3d9e8,05/30/2011,04:30,Company Gross Operating Profits (QoQ) (Q1),LOW,AUD,-2.2%,-0.71,2%,-0.3% ,
762e975c-ff22-4e43-82e0-bfb9d6fd3196,05/30/2011,10:00,Industrial Outlook (May),LOW,DKK,12,-,-,9,
2a234060-a0f8-4873-bc6f-3b1c5ea49ecd,05/30/2011,10:00,Harmonized Index of Consumer Prices (YoY) (May) PREL,LOW,EUR,3.4%,-,-,3.5%,
c529032d-b1b5-4e5d-a307-98dd732c2b51,05/30/2011,10:00,Unemployment Rate (3M) (Apr),LOW,HUF,11.4%,-,-,11.6%,
e8296dc3-9116-4700-ad74-47988083176e,05/30/2011,10:30,Retail Sales (MoM) (Apr),LOW,SEK,1.6%,-,-,-0.8%,
8c388797-2cf5-408e-a36d-94fd333eac4d,05/30/2011,10:30,Retail Sales (YoY) (Apr),LOW,SEK,5.2%,-,-,0.7% ,
e41b193e-985d-4952-a554-e97101cce593,05/30/2011,14:00,Inflation Index/IGP-M (May),LOW,BRL,0.43%,-,-,0% ,
f183ceb8-f2ba-48a4-9e7f-a3618b018441,05/30/2011,15:30,Current Account (Q1),MEDIUM,CAD,-10.07B,-7.40,-2.9B,-11.5B,
010c56f4-6b9b-4674-9a71-9805e5447f41,05/30/2011,15:30,Gross Domestic Product (MoM) (Mar),MEDIUM,CAD,0.3%,0.74,0.2%,-0.2% ,
1e95cccb-d7e4-4a7a-bcbc-cbc7663425c8,05/30/2011,15:30,Gross Domestic Product Annualized (Q1),MEDIUM,CAD,3.6%,-0.99,4%,4.5% ,
0516120d-d1cb-49c9-9b1b-4c25a8d4a2d4,05/30/2011,22:30,"Fiscal Balance, pesos (May)",LOW,MXN,-107.6B,-,-,-10B,
d9d677db-a6e2-47ff-98a7-dadf07328b1b,05/31/2011,00:00,BOK Manufacturing BSI (Jun),LOW,KRW,93,-,-,95,
13bcf45b-9824-4307-9a92-22df0002b01a,05/31/2011,02:00,Industrial Output (YoY) (Apr),LOW,KRW,6.9%,-,-,8.7% ,
20edf74b-6a56-467c-ac3e-8e424927d1c3,05/31/2011,02:00,Industrial Output Growth (Apr),LOW,KRW,-1.5%,-,-,1.4% ,
b0030557-6c80-447a-8278-f787aeecbfbd,05/31/2011,02:00,Service Sector Output (Apr),LOW,KRW,0%,-,-,2% ,
300f66fc-7544-489e-9768-551d059085ce,05/31/2011,02:15,Jibun Bank Manufacturing PMI (May),MEDIUM,JPY,-,-,-,-,
b7196aca-0206-4d7f-b88d-371c3b89a73c,05/31/2011,02:30,Overall Household Spending (YoY) (Apr),MEDIUM,JPY,-3%,-0.18,-2.8%,-8.2% ,
df5cdab9-c6fe-43d5-a212-181e84d277c3,05/31/2011,02:30,Unemployment Rate (Apr),MEDIUM,JPY,4.7%,0.00,4.7%,4.7% ,
53cf0247-b5a9-4e8c-a972-a7551c87449a,05/31/2011,02:50,Industrial Production (MoM) (Apr) PREL,MEDIUM,JPY,1%,-0.52,2.2%,-15.5%,
4b0bd049-cf5b-46a2-b101-ab1909246f13,05/31/2011,02:50,Industrial Production (YoY) (Apr) PREL,MEDIUM,JPY,-14%,-1.00,-12.4%,-13.1%,
cd3446da-3ee4-40c2-a875-de530b9ea82b,05/31/2011,04:00,ANZ Business Confidence (May),MEDIUM,NZD,38.3,-,-,14.2,
5faefa53-c796-44f4-bc12-4a458594973f,05/31/2011,04:30,Building Permits (MoM) (Apr),LOW,AUD,-0.3%,0.20,-1.8%,10.3% ,
88d4669a-240b-4310-81ce-ef20f7223095,05/31/2011,04:30,Building Permits (YoY) (Apr),LOW,AUD,-12.3%,0.05,-12.7%,-18.1%,
79bfb6a2-3db9-4d6b-b8f5-5df0fffd57cd,05/31/2011,04:30,Current Account Balance (Q1),MEDIUM,AUD,-11.12B,-0.91,-10B,-12.1B,
57332e12-809d-4a58-8c64-65dd4be3fde2,05/31/2011,04:30,Private Sector Credit (MoM) (Apr),MEDIUM,AUD,0%,-3.54,0.5%,0.5% ,
a8dfa71a-4b9c-450a-b931-cea6ec9b5917,05/31/2011,04:30,Private Sector Credit (YoY) (Apr),MEDIUM,AUD,3.3%,-2.80,3.8%,3.5% ,
3a13ca56-5c1b-40dd-8d19-4e33a4afa6f4,05/31/2011,04:30,Labor Cash Earnings (YoY) (Apr),MEDIUM,JPY,-1.4%,-3.24,-0.2%,-0.2% ,
9c929a77-df55-4c60-8814-d185f55b6179,05/31/2011,08:00,Annualized Housing Starts (Apr),LOW,JPY,0.798M,1.42,0.77M,0.816M,
55c338ae-ebce-4660-81ea-d491fdeff1a6,05/31/2011,08:00,Construction Orders (YoY) (Apr),LOW,JPY,31.4%,-,-,-11%,
b3b2f5b9-c0db-4037-bc21-5c3cddc5cb16,05/31/2011,08:00,Housing Starts (YoY) (Apr),MEDIUM,JPY,0.3%,1.92,-3.9%,-2.4%,
726afede-5de1-47c0-8a73-bd802e7ca8f0,05/31/2011,08:30,Gross Domestic Product 2011/2012 (12m),LOW,INR,8.5%,-,-,7.9%,
fa17810a-2758-49c0-a19d-3b48ee0b378b,05/31/2011,08:30,Gross Domestic Product Quarterly (YoY) (Q1),LOW,INR,7.8%,-,-,8.2%,
2eae3d55-29c3-4e37-9ee5-9be8c3ac8c7a,05/31/2011,08:45,Gross Domestic Product (QoQ) (Q1),MEDIUM,CHF,0.6%,-0.75,0.7%,0.8% ,
b3632bde-31b1-47a3-b4e1-f0415fa9ea6b,05/31/2011,08:45,Gross Domestic Product (YoY) (Q1),MEDIUM,CHF,2.5%,-1.33,3%,2.9% ,
eeab1a21-78f7-434a-b65c-f65386623774,05/31/2011,09:00,UBS Consumption Indicator (Apr),MEDIUM,CHF,1.57,-,-,1.66,
a955a73b-9836-4378-8caa-503d837b8e37,05/31/2011,09:00,Retail Sales (MoM) (Apr),MEDIUM,EUR,0%,-2.55,1.5%,-2.5% ,
92d00c30-bf51-4a74-9304-0a251bb396d4,05/31/2011,09:00,Retail Sales (YoY) (Apr),MEDIUM,EUR,3.7%,1.47,-0.1%,-2.9% ,
206fb8e8-8bba-4ccb-80c6-a506a77c2cd5,05/31/2011,09:00,M3 Money Supply (YoY) (Apr),LOW,ZAR,6%,-,-,6.53%,
c0e5e214-a392-4e36-8c32-7a9ea8e09431,05/31/2011,09:00,Private Sector Credit (Apr),LOW,ZAR,6.18%,-,-,5.13%,
b019a029-4f36-4c9a-941b-fec7324200e0,05/31/2011,09:45,Consumer Spending (MoM) (Apr),LOW,EUR,-1.4%,-,4.4%,-0.7% ,
ace400ee-a5ce-49ec-b4a4-c7ba628121c7,05/31/2011,09:45,Producer Prices (MoM) (Apr),LOW,EUR,0.8%,0,0.8%,0.7% ,
0f9b0f2c-c85a-40f7-a2a4-5a27381e447d,05/31/2011,10:00,Gross Domestic Product (QoQ) (Q1),LOW,DKK,-0.5%,-,-,-0.4%,
629f8329-5bc4-4956-bb57-23ce9b9d3f37,05/31/2011,10:00,Gross Domestic Product (YoY) (Q1),LOW,DKK,1.1%,-,-,3%,
91070788-2905-49b1-95f0-d8834f41441b,05/31/2011,10:00,Current Account Balance (Mar),LOW,EUR,€-5.7B,-,-,€-5.02B,
7fdbf7c8-64c0-4fde-9331-3557c52f7ea5,05/31/2011,10:00,Producer Price Index (YoY) (Apr),LOW,HUF,4.9%,-,-,6.6%,
ab962e4e-7f1b-4a3d-bb5d-c882b5d72de1,05/31/2011,10:00,Trade Balance (Apr),LOW,TRY,-9.052B,-,-,-,
39044aac-bb0f-4e27-aa78-ae96504f3414,05/31/2011,10:30,Current Account (QoQ) (Q1),LOW,SEK,71.1B,-,-,53.3B,
cea2b2e9-a7da-450e-9718-de287bb02e42,05/31/2011,10:55,Unemployment Change (May),HIGH,EUR,-8K,1.12,-30K,-42K,
d9c7209c-d8c9-4c04-9375-5db21ad9f9e4,05/31/2011,10:55,Unemployment Rate s.a. (May),MEDIUM,EUR,7%,0.00,7%,7.1%,
0cd1022f-2430-435a-a505-881839cde120,05/31/2011,11:00,M2 Money Supply (YoY) (Apr),LOW,CZK,1.2%,-,-,2.5%,
e4d7eb48-2707-4be9-a64a-3e1c36da2742,05/31/2011,11:00,Credit Indicator (Apr),LOW,NOK,6.4%,-,-,6.3%,
70dec4bb-3aba-4bcc-813d-67114a7162cf,05/31/2011,11:00,Retail Sales (Apr),LOW,NOK,0.1%,-,-,-0.6%,
d4293408-ee0d-4edd-8690-33242dced9fe,05/31/2011,11:00,Gross Domestic Product Qtr (YoY) (Q1),LOW,PLN,4.4%,-,-,4.5%,
5a601f15-2bf0-4154-bbcf-8f633c8d701f,05/31/2011,11:00,Producer Price Index (YoY) (Apr),LOW,EUR,5.2%,-,-,-,
ab903d6f-8a98-45bb-a0a5-2697a349f331,05/31/2011,11:00,Producer Price Index (MoM) (Apr),LOW,EUR,0.2%,-,-,-,
d6483d85-f871-4e93-a2f6-8c8fee074fdf,05/31/2011,11:00,Unemployment (Apr),LOW,EUR,8%,-,-,-,
ea849968-eab3-4889-8fca-03d5f71fd9bd,05/31/2011,12:00,Harmonized Index of Consumer Prices (YoY) (May) PREL,MEDIUM,EUR,2.7%,-2.00,2.8%,2.8%,
6bc88d2c-0f45-4328-b0de-06afbbe9dfc8,05/31/2011,12:00,Unemployment Rate (Apr),MEDIUM,EUR,9.9%,0.00,9.9%,10.1% ,
7f1ce479-015e-4ccb-8632-d04bc5fed5ff,05/31/2011,12:30,Gross Domestic Product (QoQ) (Q1),LOW,ZAR,4.8%,-,-,4.4% ,
3de84b36-6132-4526-b53f-af72ea7f3a93,05/31/2011,12:30,Gross Domestic Product (YoY) (Q1),LOW,ZAR,3.6%,-,-,3.8%,
5948edbc-7286-4f7b-9456-7a330088a3c4,05/31/2011,14:00,"Federal Fiscal Deficit, INR (Mar)",LOW,INR,"3,690.4B",-,-,"2,750.88B",
c3ad542e-eec9-4339-a060-ff184926b464,05/31/2011,15:00,Industrial Output (MoM) (Apr),LOW,BRL,-2.1%,-,-,0.5% ,
53af2b49-5b7c-4975-b79c-9fe9e666d656,05/31/2011,15:00,Industrial Output (YoY) (Apr),LOW,BRL,-1.3%,-,-,-2.1%,
b60a4e37-773e-4058-b92d-7a26875c4721,05/31/2011,15:30,Industrial Product Price (MoM) (Apr),LOW,CAD,0.5%,-0.63,0.7%,1.7% ,
3f6a99b6-09fa-493b-bf5d-c42784adc786,05/31/2011,15:30,Raw Material Price Index (Apr),LOW,CAD,6.9%,1.31,4.2%,4.9% ,
e9350a8c-2725-46f1-bead-62bc96d2c58f,05/31/2011,16:00,BoC Interest Rate Decision,HIGH,CAD,1%,0,1%,1%,
3bbe88fc-2039-49ba-8260-14d45e64bc7e,05/31/2011,16:00,S&P/Case-Shiller Home Price Indices (YoY) (Mar),LOW,USD,-3.6%,-0.73,-3.4%,-3.5% ,
f6d88601-482c-41dc-b661-9da92bf1f2f5,05/31/2011,16:30,Nominal Budget Balance (Apr),LOW,BRL,-1.59B,-,-,-6.9B,
89d1ea8a-a991-4dde-a27b-d6b57d183fd4,05/31/2011,16:30,Primary Budget Surplus (Apr),LOW,BRL,18.1B,-,-,13.6B,
f78e22f8-4f7f-402e-8bac-a1fd235a6203,05/31/2011,16:45,Chicago PMI (May),MEDIUM,USD,56.6,-4.26,63,66.1,
dd5c66bb-29ff-4ba3-82ba-7688645b0dec,05/31/2011,17:00,Consumer Confidence (May),MEDIUM,USD,61.7,-0.77,66,65.4,
49483fb4-b1de-441a-86b7-e7ac8adaf8a9,06/01/2011,01:45,Terms of Trade Index (Q1),MEDIUM,NZD,0.9%,-,-,0.8%,
5481c8b6-69f7-4bee-946c-f19b0fff4600,06/01/2011,02:00,Consumer Price Index Growth (MoM) (May),LOW,KRW,0%,-,-,0%,
13dbf139-b00c-4e25-9231-b7fd0a322b11,06/01/2011,02:00,Consumer Price Index Growth (YoY) (May),LOW,KRW,4.1%,-,-,4.2%,
9311c82d-5968-413c-b544-e6f8a837418b,06/01/2011,02:30,AiG Performance of Mfg Index (May),MEDIUM,AUD,47.7,-,-,48.4,
55a1819c-8cb9-4dfb-84e7-e8989e2153a7,06/01/2011,03:00,Imports (May),LOW,IDR,3.5%,-,-,-,
d263af84-406d-4118-86fc-7d360bc0b31b,06/01/2011,03:00,S&P Global Manufacturing PMI (May),LOW,KRW,-,-,-,-,
9e587613-444b-40f9-96ed-c8c2807d300b,06/01/2011,03:00,Trade Balance (May) PREL,LOW,KRW,$2.75B,-,-,$5.14B,
a77e68ad-e284-463c-9565-6fa3625933cd,06/01/2011,03:00,Core Inflation (YoY) (May),LOW,IDR,4.64%,-,-,-,
d0757070-8783-4d49-af0d-80b3e9493634,06/01/2011,03:00,Inflation (YoY) (May),LOW,IDR,5.98%,-,-,-,
4a7fc99e-eaeb-45d6-ae3b-8f5b60877cae,06/01/2011,03:00,Inflation (MoM) (May),LOW,IDR,0.12%,-,-,-,
6b4f9f02-2662-41b6-b4e4-759e00238e56,06/01/2011,03:00,Trade Balance (May),LOW,IDR,$1.63B,-,-,-,
1aa4b261-e321-4365-a6f0-f4de9b12bc2e,06/01/2011,03:00,Exports (May),LOW,IDR,16.55%,-,-,-,
2a80ff2d-de98-4b2a-bc96-bb3e1bfb4471,06/01/2011,04:00,NBS Manufacturing PMI (May),MEDIUM,CNY,52,0.80,51.6,52.9,
5d92b60e-ed1f-45e0-a55e-157f6c3d244d,06/01/2011,04:00,ANZ Commodity Price (May),LOW,NZD,0.4%,-,-,1.1% ,
760f8901-b669-4164-8216-17199555cf2a,06/01/2011,04:30,Gross Domestic Product (QoQ) (Q1),MEDIUM,AUD,-0.9%,-2.33,-0.3%,0.8%,
7c1ad423-f10d-4554-b0de-6e363766e5c9,06/01/2011,04:30,Gross Domestic Product (YoY) (Q1),MEDIUM,AUD,1%,-2.13,1.8%,2.6% ,
cfc25841-3338-427b-83d9-9910b7b6541a,06/01/2011,05:30,RatingDog Manufacturing PMI (May),LOW,CNY,-,-,-,-,
c7232bcb-47b9-4e0c-8f18-9ea5a18de2ae,06/01/2011,08:30,ILO Unemployment (Q1),LOW,EUR,9.7%,-,9.4%,9.2% ,
cb24b7fa-132b-47df-9286-41f9c3a2d922,06/01/2011,09:00,S&P Global Manufacturing PMI (May),LOW,RUB,-,-,-,-,
6081e6ad-b9fa-4941-8461-1df56607c65c,06/01/2011,09:30,RBA Commodity Index SDR (YoY) (May),LOW,AUD,29.1%,-,-,32.3% ,
67885dc9-f872-4a94-9025-878266e572da,06/01/2011,09:30,Trade Deficit Government (Apr),LOW,INR,$9B,-,-,$5.6B,
67e144ec-9115-4c26-8027-39d0b4be8e5b,06/01/2011,10:00,HALPIM Manufacturing PMI (May),LOW,HUF,52.4,-,-,56.9,
ca218ec6-c6dd-40f6-a25f-1b2366cd24fe,06/01/2011,10:00,S&P Global Manufacturing PMI (May),LOW,PLN,-,-,-,-,
83311055-4872-4a8a-be04-2a700770ed46,06/01/2011,10:13,HCOB Manufacturing PMI (May),LOW,EUR,-,-,-,-,
ef26c3ef-16bf-4b12-be9b-6050c46c346e,06/01/2011,10:15,Real Retail Sales (YoY) (Apr),MEDIUM,CHF,7.8%,2.77,1.9%,1.2% ,
0ae2cb0d-8db8-48a1-9b7a-d657e7c90982,06/01/2011,10:30,SVME - Purchasing Managers' Index (May),LOW,CHF,59.2,0.70,57.8,57.7,
8284c8d7-f348-48b6-91f7-ab6490e50dc9,06/01/2011,10:30,S&P Global PMI (May),LOW,CZK,-,-,-,-,
81edc065-737a-4ffe-97fa-7c8d47bd8ee3,06/01/2011,10:30,Retail Sales (YoY) (Apr),LOW,DKK,8.1%,-,-,-7.8% ,
8f3bae01-131e-4e95-bcc7-bc1fbc90b46a,06/01/2011,10:45,HCOB Manufacturing PMI (May),LOW,EUR,-,-,-,-,
6dd6464e-ba4a-4c48-9628-41df7b463c07,06/01/2011,10:48,HCOB Manufacturing PMI (May),LOW,EUR,-,-,55,-,
a567fd7a-403f-4659-8c57-ac4dd4385ac0,06/01/2011,10:55,HCOB Manufacturing PMI (May),MEDIUM,EUR,-,-0.33,58.2,-,
572ea4aa-0c03-4b7c-854f-1f1d0cd27174,06/01/2011,11:00,HCOB Manufacturing PMI (May),MEDIUM,EUR,-,-0.17,54.8,-,
30a4e895-2e79-46c9-b899-38c45cb45bb6,06/01/2011,11:00,Current Account (Q1),LOW,NOK,73B,-,-,91B,
c555cfd2-ed02-4033-b0bf-f07c8ae103ca,06/01/2011,11:00,Current Account Balance EUR (Mar),LOW,EUR,€-151M,-,-,€171M,
5db9e7bc-6628-4bef-bc20-286987347d8b,06/01/2011,11:30,M4 Money Supply (MoM) (Apr),LOW,GBP,0.1%,-0.29,0.3%,0.7% ,
8d90d102-c0cc-4ee9-a57a-0e347e20f3e9,06/01/2011,11:30,M4 Money Supply (YoY) (Apr),LOW,GBP,-0.9%,-,-,-1.3% ,
b430d31a-fb44-46b8-8d91-8adfbb468d5b,06/01/2011,11:30,Mortgage Approvals (Apr),MEDIUM,GBP,45.447K,-0.54,47K,48.408K,
c6857ab8-b64f-40e1-b384-6b4fd4bf57bf,06/01/2011,11:30,Net Lending to Individuals (MoM) (Apr),LOW,GBP,£1.6B,0.77,£1.1B,£0B,
fe420443-c038-4ec4-9cf2-cff23b53b098,06/01/2011,11:30,S&P Global Manufacturing PMI (May),MEDIUM,GBP,-,-0.82,54.3,54.6,
72c7fd2c-fa6a-4ac6-abcc-45b3286106a5,06/01/2011,11:30,Consumer Credit (Apr),LOW,GBP,£0.5B,-,-,£0.5B,
f4bdc889-d24a-4ff9-857b-a6c69ea3d4b4,06/01/2011,12:00,Purchasing Manager Index (May),LOW,ZAR,55.1,-,-,56.4,
fc691411-c76b-4a3d-833e-95cbd5e73bca,06/01/2011,14:00,MBA Mortgage Applications,LOW,USD,-4%,-,-,1.1%,
31066787-0a1b-4a8a-a983-0601f805099f,06/01/2011,15:00,Budget Balance (May),LOW,CZK,-81.47B,-,-,-67.5B,
265e0fa8-9b5a-4a2a-a773-730509b42ad0,06/01/2011,15:15,ADP Employment Change (May),MEDIUM,USD,36K,-2.38,175K,177K,
bbae12b7-7c90-4544-b572-d54fd2be3509,06/01/2011,16:00,ECB's President Trichet speech,MEDIUM,EUR,,,,,SPEECH
48a135d4-4bd2-4862-b285-20722a0f54c3,06/01/2011,17:00,Construction Spending (MoM) (Apr),MEDIUM,USD,-0.6%,-1.12,0.5%,1.4% ,
59dcd12d-0533-48f7-8dd6-44e876f07238,06/01/2011,17:00,ISM Manufacturing PMI (May),MEDIUM,USD,53.5,-5.09,58.8,57.9,
885b91d6-72f2-4a7e-afda-2a2503a7186f,06/01/2011,17:00,ISM Manufacturing Prices Paid (May),MEDIUM,USD,76.5,-1.76,81,82.6,
09fd9249-888d-4809-8b2c-7ead03735cd3,06/01/2011,17:00,Treasury's Geithner speech,MEDIUM,USD,,,,,SPEECH
afbb4ed3-2c34-402c-bcac-ac6c01712bbe,06/02/2011,00:00,Total Vehicle Sales (May),LOW,USD,11.75M,-2.81,12.85M,13.17M,
13f56e89-dbe2-46a8-a914-f4b7538c6b28,06/02/2011,00:00,Tax Revenue (MoM) (May),LOW,ARS,50.64B,-,-,-,
f48a64c4-051d-4c9b-9419-b6f6701dcc44,06/02/2011,02:50,Capital Spending (Q1),MEDIUM,JPY,3%,-0.15,3.2%,3.8%,
7a9bb6bd-b9ce-4cb4-9ff2-23e4dfaddf43,06/02/2011,02:50,Monetary Base (YoY) (May),LOW,JPY,16.2%,-1.58,24.7%,23.9%,
f82d60a8-6d96-4ba6-9863-b00480acb1ae,06/02/2011,03:00,Ascension Day,NONE,CHF,,,,,ALL DAY
0ef5e8cf-7f1e-41f8-9697-f314a9fcbdd7,06/02/2011,03:00,Ascension Day,NONE,EUR,,,,,ALL DAY
dbd2da20-8624-40a8-8f76-67e79d6f23f5,06/02/2011,04:30,Retail Sales s.a. (MoM) (Apr),MEDIUM,AUD,1.2%,1.71,0.4%,-0.5% ,
4d512cde-701b-408c-a1b1-a53517fc20fb,06/02/2011,04:30,Trade Balance (MoM) (Apr),MEDIUM,AUD,"1,620M",2.39,2.13M,"1,681M",
715d2891-8331-4f57-9eee-9ff08c7d5acd,06/02/2011,10:00,Trade Balance (Mar),LOW,HUF,€839.7M,-,-,€831.1M,
3b5836cd-7328-404e-a7ed-d00572e69a96,06/02/2011,10:30,Central Bank Reserves $,LOW,RUB,$518.3B,-,-,$516.8B,
a22d191c-5232-4121-bcb7-191f09f90aba,06/02/2011,11:30,S&P Global Construction PMI (May),MEDIUM,GBP,-,0.09,53.8,-,
daa27c01-ef0a-4880-98bd-fca750349f6b,06/02/2011,12:15,ECB's President Trichet speech,MEDIUM,EUR,,,,,SPEECH
da236121-74f0-4646-8570-24d4d833d58e,06/02/2011,15:30,Continuing Jobless Claims,LOW,USD,3.747M,-,-,3.69M,
169be8a0-d623-48cc-8b2d-2e1dfa916bb2,06/02/2011,15:30,Initial Jobless Claims,LOW,USD,426K,-0.04,427K,424K,
3a2dd138-1f29-44a0-ae06-216e71eb754b,06/02/2011,15:30,Nonfarm Productivity (Q1),LOW,USD,1.8%,0.00,1.8%,1.6%,
b6806f7d-d430-4039-8ba7-0fa05bf9cf98,06/02/2011,15:30,Unit Labor Costs (Q1),LOW,USD,4.8%,7.28,0.8%,1%,
d6375183-ac0e-4848-9224-e2ad77cebd3c,06/02/2011,17:00,Factory Orders (MoM) (Apr),MEDIUM,USD,-0.9%,-0.58,-0.3%,5.5% ,
c0a92571-f14b-4425-92f0-87fcb916a1c2,06/02/2011,18:00,EIA Crude Oil Stocks Change,LOW,USD,2.9M,-,-,0.6M,
8642c9e6-000f-418f-8203-bc75b4248e20,06/03/2011,01:45,Building Permits s.a. (MoM) (Apr),LOW,NZD,-1.2%,-0.42,0.5%,2.2% ,
e1b18a75-c62a-4c56-bd7c-28154d0bf0cc,06/03/2011,02:30,AiG Performance of Services Index (May),MEDIUM,AUD,49.9,-,-,51.5,
c4ff0d29-bfa7-4376-9438-a368d5768e69,06/03/2011,09:00,S&P Global Services PMI (Mar),LOW,RUB,-,-,-,-,
f3623b91-85f5-4b88-8eed-29cd239e35bd,06/03/2011,10:00,Retail Sales (YoY) (Apr),LOW,CZK,2.7%,-,-,2.1% ,
d0c9e3a2-2b37-4e3c-91f5-04277238af3a,06/03/2011,10:00,Gross Domestic Product (QoQ) (Q1),LOW,EUR,0.1%,-,-,1.7%,
811ac15c-b240-4395-bdb5-36daa30b2025,06/03/2011,10:00,Gross Domestic Product Qtr Prelim (YoY) (Q1),LOW,EUR,1.9%,-,-,5.2%,
54ba86e6-af78-4cf4-a065-4740eb1d3202,06/03/2011,10:00,Producer Price Index (YoY) (May),LOW,TRY,9.63%,-,-,-,
d8b72614-7d76-417e-a169-51784f1b017b,06/03/2011,10:00,Consumer Price Index (YoY) (May),LOW,TRY,7.17%,-,-,-,
99216d1d-6841-436c-a304-863c68ef963f,06/03/2011,10:00,Consumer Price Index (MoM) (May),LOW,TRY,2.42%,-,-,-,
77135c0a-4014-4590-a1d5-3e4ce6fd2141,06/03/2011,10:13,HCOB Services PMI (May),LOW,EUR,-,-,-,-,
ca7a6f5c-441e-4bbc-8b36-b4180bb93fbd,06/03/2011,10:45,HCOB Services PMI (May),LOW,EUR,-,-,-,-,
4f3862f1-92ad-47fe-9823-38d1b98339b6,06/03/2011,10:48,HCOB Services PMI (May),LOW,EUR,-,-,62.8,-,
f1f393b8-d60e-4911-8bc6-25cfe5247257,06/03/2011,10:55,HCOB Services PMI (May),MEDIUM,EUR,-,0.84,54.9,-,
35925d36-156a-4d39-93d5-f54f2c62caa6,06/03/2011,11:00,HCOB Services PMI (May),MEDIUM,EUR,-,0.87,55.4,-,
18f431b8-87b1-4290-bf60-88fa23f77992,06/03/2011,11:30,S&P Global Services PMI (May),MEDIUM,GBP,-,-0.13,54.2,-,
bee6180e-c537-4b56-a6a7-e0479fd8445c,06/03/2011,12:00,Producer Price Index (MoM) (May),LOW,TRY,0.15%,-,-,-,
30283a8d-6dbe-4459-a406-4e112d8bd7e7,06/03/2011,14:30,Bank Loan Growth,LOW,INR,22.3%,-,-,22.5%,
a7518239-da5a-4f8e-a9da-e0cd56fdb1bd,06/03/2011,14:30,"FX Reserves, USD",LOW,INR,$310.215B,-,-,$308.534B,
5fdc5d66-036f-4873-87ab-51cf27a77b05,06/03/2011,14:30,M3 Money Supply,LOW,INR,16.8%,-,-,16.9%,
740defbb-64c3-4342-8e85-fe301aecb569,06/03/2011,15:00,Gross Domestic Product (QoQ) (Q1),LOW,BRL,1.3%,-,-,0.7%,
c450f3d0-18e4-43db-b88b-d57499bab4e5,06/03/2011,15:00,Gross Domestic Product (YoY) (Q1),LOW,BRL,4.2%,-,-,5%,
a5d594cb-0f59-4e24-8c05-42fd9143304e,06/03/2011,15:30,Average Hourly Earnings (MoM) (May),MEDIUM,USD,0.3%,0.68,0.2%,0.2% ,
cf6d5be7-cd5b-4968-9bba-e3e25db1ee38,06/03/2011,15:30,Average Hourly Earnings (YoY) (May),MEDIUM,USD,1.8%,-0.89,1.9%,1.9%,
06f5c23e-cd6b-4b50-8ee8-653ebfc7149b,06/03/2011,15:30,Average Weekly Hours (May),LOW,USD,34.4,1.58,34.3,34.4,
1e961007-3f3a-4fdb-9830-54f4b837f113,06/03/2011,15:30,Nonfarm Payrolls (May),HIGH,USD,25K,-4.79,190K,314K,
c32b77c0-24f0-4359-a0df-6aacdcce6515,06/03/2011,15:30,Unemployment Rate (May),MEDIUM,USD,9.1%,0.86,8.9%,9.1% ,
51c4c117-3b16-4fe9-9eac-ee2a6f9eab1e,06/03/2011,16:00,Consumer Confidence (May),LOW,MXN,89.3,-,-,89.7,
dbd19c96-c5c6-4e17-81b8-9ff4c5cd790b,06/03/2011,16:00,Consumer Confidence s.a (May),LOW,MXN,89.9,-,-,89.3,
184448ca-3a44-4cfd-9131-be83deb2cc46,06/03/2011,17:00,ISM Services PMI (May),LOW,USD,54.6,0.24,54,55.2,
3fd633db-ddc3-4580-995f-14dbf60d67ad,06/06/2011,03:30,TD-MI Inflation Gauge (MoM) (May),LOW,AUD,0.2%,-,-,0.3%,
02d90ec0-0ba8-4734-82ff-6c7fe0e168a2,06/06/2011,03:30,TD-MI Inflation Gauge (YoY) (May),MEDIUM,AUD,3.3%,-,-,3.6%,
088e7965-5619-4dbf-bd58-2af08c205e13,06/06/2011,04:30,ANZ Job Advertisements (May),LOW,AUD,-6.5%,-,-,0.4% ,
e8c815c8-36e9-4f53-8cc9-38f78adfc64a,06/06/2011,10:00,Construction output (YoY) (Apr),LOW,CZK,-6%,-,-,4.6% ,
05e26fb0-dfdd-409c-89a8-9af839a4238f,06/06/2011,10:00,Foreign Trade Balance (MoM) (Apr),LOW,CZK,12.78B,-,15B,21.49B,
3be110c2-0a7d-4555-9f6c-f4f0ca28471a,06/06/2011,10:00,Industrial Production (YoY) (Apr),LOW,CZK,4.7%,-4.13,8%,9.5% ,
cdce7fa0-4acc-472f-bfc4-c10e00a64394,06/06/2011,10:00,Industrial Output Cal Adjusted (YoY) (Apr),LOW,EUR,-1.6%,-,-1.3%,-0.9%,
1579eaf1-3dce-42f7-86db-3b6e5ebc2d22,06/06/2011,10:30,Philadelphia Fed's Plosser speech,LOW,USD,,,,,SPEECH
a66e9fd3-5dcd-4a4d-8396-9615e7ffe661,06/06/2011,11:30,Sentix Investor Confidence (Jun),MEDIUM,EUR,3.5,-2.39,8.6,10.9,
7e6dc9eb-1c73-4c3a-a54d-193d52b201d2,06/06/2011,12:00,Producer Price Index (MoM) (Apr),MEDIUM,EUR,0.9%,1.34,0.8%,0.8%,
ee5ef14e-9ccc-4766-a34e-6a87f4317b69,06/06/2011,12:00,Producer Price Index (YoY) (Apr),HIGH,EUR,6.7%,0.75,6.6%,6.4% ,
66f129fc-6678-472b-9702-1d34142359fc,06/06/2011,15:30,Building Permits (MoM) (Apr),LOW,CAD,-21.5%,-1.27,-7%,1.8% ,
a75020c3-166b-4f94-b16e-49a30b8f80fa,06/06/2011,17:00,Ivey Purchasing Managers Index (May),MEDIUM,CAD,69.1,0.76,60,57.7,
033bb0ec-8185-4922-962c-142cedc95c90,06/06/2011,17:00,Currency Reserves (May),LOW,DKK,453.4B,-,-,454.1B,
91e66725-3c3d-42df-8548-304ed36f848e,06/06/2011,20:15,Treasury's Geithner speech,MEDIUM,USD,,,,,SPEECH
604e873f-68c7-445f-a7e9-8c8fdf2c1288,06/07/2011,00:30,Fed's Richard Fisher speech,LOW,USD,,,,,SPEECH
e8ee2320-3587-4f68-9eb1-db73f75d9a79,06/07/2011,02:01,BRC Like-For-Like Retail Sales (YoY) (May),LOW,GBP,-2.1%,-,2%,5.2%,
dfcec531-a64c-444c-858c-f680098a8222,06/07/2011,02:30,AiG Performance of Construction Index (May),MEDIUM,AUD,39.6,-,-,37.9,
629ae215-d029-4348-b333-26221fc42ffe,06/07/2011,03:31,Consumer Price Index (MoM) (May),LOW,RUB,0.5%,0,0.5%,0.6% ,
92c1eaa1-9c56-42f0-9c07-4cc2c54874fa,06/07/2011,07:30,RBA Interest Rate Decision,HIGH,AUD,4.75%,0,4.75%,4.75%,
5fe3b3e2-abb4-4861-a62b-d6e56d54474c,06/07/2011,07:30,RBA Rate Statement,MEDIUM,AUD,,,,,REPORT
a4ec443f-ae51-48d2-989b-18a16d8e4697,06/07/2011,08:00,Coincident Index (Apr) PREL,LOW,JPY,103.8,2.00,103.7,103.4,
e9e9d281-9585-4a23-abdb-273b9a7ef849,06/07/2011,08:00,Leading Economic Index (Apr) PREL,LOW,JPY,96.4,-0.67,96.5,99.6,
8926e314-7ff4-4c20-88bf-a76986785ef0,06/07/2011,09:00,Gross $Gold & Forex Reserve (May),LOW,ZAR,$50.119B,-,-,$50.602B,
327cf880-4533-4125-b2f4-d9e110301fce,06/07/2011,09:00,Net $Gold & Forex Reserve (May),LOW,ZAR,$45.864B,-,-,$46.039B,
fcf494f0-448a-4a41-b619-97ac08571def,06/07/2011,10:00,Industrial Output (YoY) (Apr),LOW,HUF,6.9%,-,-,9.2%,
71803258-b444-4bfc-860e-a4f79a1a7b2d,06/07/2011,10:00,Registered Unemployment n.s.a (May),LOW,NOK,2.5%,-,-,2.8%,
8f188c27-7600-44ef-853b-cf0fee6fdf5c,06/07/2011,10:00,Registered Unemployment s.a (May),LOW,NOK,83.534K,-,-,83.13K,
dfa24884-1d85-44c7-bc0f-ba8890281cdc,06/07/2011,10:00,Halifax House Prices (MoM) (May),LOW,GBP,0.4%,-,-,-0.9% ,
4d58950e-c99a-4416-95fa-2c0258139ea6,06/07/2011,10:00,Halifax House Prices (YoY/3m) (May),LOW,GBP,-4.2%,-,-,-3.7%,
edfaabb9-95b7-43aa-9e61-eab6b5dc87db,06/07/2011,10:15,Consumer Price Index (MoM) (May),MEDIUM,CHF,0%,0.33,-0.1%,0.1%,
c7883a9b-0028-41ff-93fd-c6fd30a9e5e0,06/07/2011,10:15,Consumer Price Index (YoY) (May),MEDIUM,CHF,0.4%,0.44,0.3%,0.3%,
215160df-ba6d-4d1a-a22d-62a93aa0cf89,06/07/2011,11:00,FX Reserves (May),LOW,CZK,€30.26B,-,-,€29.51B,
07d0f0a1-15fc-446a-ab0d-f979fa97d324,06/07/2011,12:00,Retail Sales (MoM) (Apr),MEDIUM,EUR,0.7%,0.94,0.3%,-1.4% ,
0a2b064e-2ed6-4617-b3b9-64cb5cb4fe57,06/07/2011,12:00,Retail Sales (YoY) (Apr),MEDIUM,EUR,0.8%,0.89,0%,-1.6% ,
515cd17a-8046-4701-ad09-95b548622055,06/07/2011,13:00,Factory Orders n.s.a. (YoY) (Apr),MEDIUM,EUR,7.2%,-0.44,9.1%,8.4%,
bccb2502-89b8-447f-a3d6-8584e987a5bb,06/07/2011,13:00,Factory Orders s.a. (MoM) (Apr),LOW,EUR,2.9%,0.29,2%,-3.3% ,
53181990-6122-44a1-9c3a-cdfbfcaa5584,06/07/2011,15:00,IPCA Inflation (May),LOW,BRL,0.47%,-,-,0.77%,
354bc3e3-5dc1-49ad-92f4-d08bf6453cec,06/07/2011,15:00,Central Bank FX Reserves (May),LOW,PLN,€74.7B,-,-,€75.37B,
93500e6b-aae4-41a1-8726-67ef6bf441e3,06/07/2011,17:00,Budget Balance (May),LOW,HUF,-58B,-,-,75.9B,
09fb2173-307c-46ed-a07c-edbe1812c4e4,06/07/2011,17:00,RealClearMarkets/TIPP Economic Optimism (MoM) (Jun),LOW,USD,44.6,0.52,42,42.8,
bb9afcfb-5983-4fc2-bf77-efa19b04357a,06/07/2011,19:30,Fed's Lockhart speech,LOW,USD,,,,,SPEECH
de1cde17-af7c-45ff-b295-163250bc5abf,06/07/2011,22:00,Consumer Credit Change (Apr),MEDIUM,USD,$5.67B,0.66,$5B,$8.25B,
a85ed5cc-9786-4814-b335-40d30425ce7d,06/07/2011,22:45,Former Fed's Chair Bernanke speech,MEDIUM,USD,,,,,SPEECH
3e550088-2c77-45b1-ac34-709fc9f249cd,06/08/2011,02:00,Gross Domestic Product Growth (QoQ) (Q1),LOW,KRW,1.3%,-,-,1.4%,
de6a5ad4-a2a3-49fa-8f70-a943131a3114,06/08/2011,02:00,Gross Domestic Product Growth (YoY) (Q1),LOW,KRW,4.2%,-,-,4.2%,
5dbb9c71-32a8-4394-826c-3fdb1f407b7d,06/08/2011,02:01,BRC Shop Price Index (YoY) (May),LOW,GBP,2.3%,-,-,2.5%,
24ff7dfc-58f4-4f51-b395-989e1658752e,06/08/2011,02:50,Current Account n.s.a. (Apr),LOW,JPY,¥405.6B,0.59,¥266B,"¥1,852.5B",
38e0d3d5-f2b1-44b5-88e5-55f382375ec8,06/08/2011,02:50,Money Supply M2+CD (YoY) (May),LOW,JPY,2.7%,0.00,2.7%,2.7%,
9cd7dcd3-9d1e-4276-9150-6ade411e16d3,06/08/2011,02:50,Trade Balance - BOP Basis (Apr),MEDIUM,JPY,¥-417.5B,-2.12,¥-379B,¥359.4B,
2504a807-d14a-4a68-8ea9-7dcc45c897ab,06/08/2011,04:30,Home Loans (Q2),MEDIUM,AUD,4.6%,0.65,2.3%,-0.5% ,
3f743ba5-c67d-4d26-9567-ed90508ce734,06/08/2011,04:30,Investment Lending for Homes (Q2),LOW,AUD,-1.6%,-,-,-7.6% ,
00a7d082-5c58-4c9e-9493-f4cfd4950df2,06/08/2011,08:00,Eco Watchers Survey: Current (May),MEDIUM,JPY,36,0.32,33,24.1,
32b77c70-ecc9-420b-b697-d3e3218e82ef,06/08/2011,08:00,Eco Watchers Survey: Outlook (May),MEDIUM,JPY,44.9,-,33.3,34.5,
2994a3f1-3cbf-441d-a2f4-ec9a6567428f,06/08/2011,08:45,Unemployment Rate s.a (MoM) (May),MEDIUM,CHF,2.9%,-0.86,3%,3.1%,
9cc55ce9-21c2-4fad-bb4d-ffb18fdfa9cb,06/08/2011,09:00,Current Account n.s.a. (Apr),LOW,EUR,€9B,-0.62,€11.4B,€21.9B,
aecc7939-175e-421f-9bf9-36e9b4a8a724,06/08/2011,09:00,Trade Balance s.a. (Apr),MEDIUM,EUR,€11.9B,-1.38,€15B,€14.7B,
d4483224-bb08-4aca-b40b-9e5b42d2ccc8,06/08/2011,09:45,Budget Balance (Apr),LOW,EUR,€-61.35B,-,-,€-33.56B,
ab1bb2a8-2049-4903-bdfd-a17028f05578,06/08/2011,09:45,"Exports, EUR (Apr)",LOW,EUR,€34.3B,-,-,€35.164B,
d15a77a9-1575-4b61-bd8a-f08f18317a47,06/08/2011,09:45,"Imports, EUR (Apr)",LOW,EUR,€41.5B,-,-,€40.91B,
1ab04efd-b855-4b34-8955-41e79ea5087c,06/08/2011,09:45,Trade Balance EUR (Apr),LOW,EUR,€-7.2B,-,-,€-5.746B,
2bc7af7b-d7b2-43f9-9170-a829b12f0de1,06/08/2011,10:00,Unemployment Rate (May),LOW,CZK,8.2%,0,8.2%,8.6%,
f4340116-5f7a-46bc-ab59-c28301b005ec,06/08/2011,10:00,Gross Domestic Product (Q1),LOW,RON,1.7%,-,-,1.6%,
dbd7849d-0884-49c9-90a4-3ba6bc79f1f2,06/08/2011,10:00,Industrial Production (MoM) (Apr),LOW,RON,-0.2%,-,-,-0.8%,
a7348387-54e3-4557-af68-ea15a9f6e83c,06/08/2011,10:00,Gross Domestic Product Qtr Final (YoY) (Q1),LOW,EUR,3.5%,-,-,3.5%,
b06c5f1e-b094-4eb5-ace7-9fdf14fb940c,06/08/2011,10:00,Industrial Production (YoY) (Apr),LOW,TRY,8.3%,-,-,10.4%,
1b4331db-4fe8-413b-854b-e59694e336f3,06/08/2011,11:00,Manufacturing Output (Apr),LOW,NOK,-1.1%,-,-,0.9%,
b59a142c-fdf6-4a9d-a273-650277aca8bb,06/08/2011,12:00,Gross Domestic Product s.a. (QoQ) (Q1) PREL,HIGH,EUR,0.8%,0.00,0.8%,0.8%,
8e16e1dc-4ada-4cce-9dfc-06f8af813fb5,06/08/2011,12:00,Gross Domestic Product s.a. (YoY) (Q1) PREL,MEDIUM,EUR,2.5%,0.00,2.5%,2.5%,
2408da29-ffab-4fd8-8ec3-d85cd4f750e1,06/08/2011,12:00,Gross Domestic Product (QoQ) (Q1),LOW,ISK,2%,-,-,-1.5%,
12c7d440-940f-4c63-93c5-e5a6d7f5e7b2,06/08/2011,12:00,Gross Domestic Product (YoY) (Q1),LOW,ISK,2.2%,-,-,0.1%,
ac3eaeb9-4242-4346-a719-97e9d8e97074,06/08/2011,12:30,Business Confidence Index (Jun),LOW,ZAR,85.8,-,-,86.9,
e919d647-cfcc-422a-ad5e-3547d8a2df04,06/08/2011,13:00,Industrial Production n.s.a. w.d.a. (YoY) (Apr),MEDIUM,EUR,9.6%,-0.36,10%,11.2%,
0571c369-731e-4587-98f8-0ef4db1d7c34,06/08/2011,13:00,Industrial Production s.a. (MoM) (Apr),LOW,EUR,-0.8%,-1.44,0.2%,0.2% ,
7b4c1e9f-57ea-4fb9-ab68-6b5ccd9697ac,06/08/2011,14:00,MBA Mortgage Applications,LOW,USD,-0.4%,-,-,-3.96% ,
2e8018d0-494c-48b3-aaf4-d6ab7e33e7ca,06/08/2011,14:50,NBP Base rate,LOW,PLN,4.5%,0,4.5%,4.25%,
bf5122bb-42a9-4818-9084-53eb825934ad,06/08/2011,15:15,Housing Starts s.a (YoY) (May),LOW,CAD,194.1K,1.45,185K,187.9K,
d2aa223f-56cc-4891-93ef-70ea7f438f25,06/08/2011,16:00,Gross Domestic Product (QoQ) (Q1),LOW,EUR,1.1%,-,-,-,
c1889d3d-cf05-4eba-934b-7f532cfbd4f0,06/08/2011,17:30,EIA Crude Oil Stocks Change,LOW,USD,-4.8M,-,-,2.9M,
ef575457-7b4c-4d61-b509-c765e0427185,06/08/2011,17:42,Treasury Cash Balance (May),LOW,TRY,3.103B,-,-,1.43B,
c87d8b98-1165-4dec-9e2e-f058594c4bcd,06/08/2011,21:00,Fed's Beige Book,MEDIUM,USD,,,,,REPORT
2b49584d-160d-44b7-a331-394146f2bccc,06/09/2011,00:00,RBNZ Interest Rate Decision,HIGH,NZD,2.5%,0.00,2.5%,2.5%,
77f88924-94a1-4fc8-a19e-1f1237a1e5d6,06/09/2011,00:00,RBNZ Monetary Policy Statement,HIGH,NZD,,,,,REPORT
4307e5e8-1f6f-44cb-92a6-b18ea72b4b27,06/09/2011,01:00,Interest Rate Decision,LOW,BRL,12.25%,0,12.25%,12%,
b48c0376-f58a-40fe-b6e3-5d274c910e7c,06/09/2011,02:50,Gross Domestic Product (QoQ) (Q1),MEDIUM,JPY,-0.3%,1.51,-0.8%,-0.9%,
d841bbd4-3620-4689-a822-a49abb15f826,06/09/2011,02:50,Gross Domestic Product Annualized (Q1),MEDIUM,JPY,-1.3%,1.25,-3.1%,-3.7%,
8ae8ab64-a1e5-4252-9a42-22836af8ecd9,06/09/2011,02:50,Gross Domestic Product Deflator (YoY) (Q4),LOW,JPY,-2.2%,-1.39,-1.9%,-1.9%,
1f8cb09c-5ace-4050-8c9b-910d936c6583,06/09/2011,04:30,Employment Change s.a. (May),HIGH,AUD,-0.5K,-1.16,25K,-22.1K,
73f6ccc0-e945-4f58-9484-849fb1a88806,06/09/2011,04:30,Unemployment Rate s.a. (May),HIGH,AUD,4.9%,0.00,4.9%,4.9%,
f5c6343e-e69b-472c-ba6c-26e283f30049,06/09/2011,06:00,Money Supply Growth (Apr),LOW,KRW,7.7%,-,-,7.6%,
6211b9d1-c039-4274-be22-4615ed5cd57d,06/09/2011,08:00,Consumer Confidence Index (May),MEDIUM,JPY,34.2,-0.23,34.5,33.2,
d6c0d930-9507-4c2e-9e38-546eae70febf,06/09/2011,08:30,Nonfarm Payrolls (QoQ) (Q1),LOW,EUR,0.4%,-,-,0.4%,
09579025-ed4d-4555-b2f7-f972214410d4,06/09/2011,09:00,Machine Tool Orders (YoY) (May),LOW,JPY,34%,-,-,32.3%,
f5d7b360-bb2f-42d4-a5d8-7e09cfcedeb5,06/09/2011,10:00,Consumer Price Index (MoM) (May),LOW,CZK,0.5%,1.00,0.3%,0.3%,
9c83f2c6-1a33-43b2-a166-30df13d9c5e2,06/09/2011,10:00,Consumer Price Index (YoY) (May),LOW,CZK,2%,-,1.8%,1.6%,
459d75da-9c04-4ab4-8b2f-1ac952f98313,06/09/2011,10:00,Gross Domestic Product (YoY) (Q1),LOW,CZK,2.8%,-,-,2.5%,
2bfa42c4-7cc9-471f-92d6-964532b850bb,06/09/2011,10:00,Trade Balance (Apr) PREL,LOW,HUF,€479M,-,-,€839.7M,
132f0eda-e0f9-44a3-b418-dfdf54df8723,06/09/2011,10:00,Trade Balance (Apr),LOW,RON,€-0.897B,-,-,€-0.806B,
78f43c1e-1149-409b-adc7-6a0dae6e49b7,06/09/2011,10:00,Foreign Trade Balance (Apr),LOW,EUR,€12M,-,-,€135.5M,
290a026e-fc68-48e7-89c5-2e997418c3f1,06/09/2011,10:30,Current Account (Apr),LOW,DKK,10.1B,-,-,7.5B,
183266ef-1391-4c33-ac00-dc5739c49ec8,06/09/2011,10:30,Industrial Production (MoM) (Apr),LOW,DKK,2.6%,-,-,0.2% ,
43df2bbf-f769-4b0f-bf9c-1f109b443fe1,06/09/2011,10:30,Trade Balance (Apr),LOW,DKK,7B,-,-,7B,
ef5f4cf1-c4d2-437f-bd37-e70dba516192,06/09/2011,10:30,Consumer Price Index n.s.a (YoY) (May),LOW,EUR,2.3%,-,-,2.1%,
f816f70d-a1a8-48b6-8bfe-da646706e1ae,06/09/2011,10:30,Manufacturing Output (MoM) (Apr),LOW,EUR,-0.3%,-,-,-2% ,
4b714a11-5e0d-41a1-8a0f-02967e96b9d8,06/09/2011,11:30,Goods Trade Balance (Apr),MEDIUM,GBP,£-7.643B,-0.12,£-7.549B,£-7.593B,
24993ff8-2b62-47ec-8bac-f15e9b808697,06/09/2011,11:30,Trade Balance; non-EU (Apr),MEDIUM,GBP,£-4.508B,-0.07,£-4.35B,£-4.491B,
7ccf6290-b21d-4708-9656-935706e2cab3,06/09/2011,12:00,Gross Domestic Product s.a (YoY) (Q1),LOW,EUR,-8.1%,-,-,-6.6% ,
ca9df344-5823-44c4-a43b-f18548648556,06/09/2011,12:00,Trade Balance (May),LOW,ISK,6.8B,-,-,7.6B,
329a20c8-1805-4441-bebe-4cd9714004aa,06/09/2011,12:00,Consumer Price Index (MoM) (May),LOW,EUR,-0.1%,-,-,0.4%,
6d12c07f-84fe-463d-9b55-8c80d08c3e16,06/09/2011,12:00,Consumer Price Index (YoY) (May),LOW,EUR,3.8%,-,-,4.1%,
de328137-d574-48bc-b977-a9ff03328a1d,06/09/2011,12:30,Reuters Econometer (May),LOW,ZAR,254.74,-,-,244.85,
97b75a1a-49ee-4eb8-a525-29b3f1d5b08d,06/09/2011,12:46,Central Bank Reserves $,LOW,RUB,$522.8B,-,-,$518.3B,
fcba1aac-2a9a-48a2-aa15-e35af283c248,06/09/2011,13:00,Global Trade Balance (Feb),LOW,EUR,€-4.482B,-,-,€-4.271B,
b68925e6-1b09-4e04-b6d8-09cc5ab1b169,06/09/2011,13:00,Gross Domestic Product (QoQ) (Q1),LOW,EUR,-0.6%,-,-,-0.6%,
d25fbee2-74e1-47ad-9cf2-55aec7b9b0d5,06/09/2011,13:00,Gross Domestic Product (YoY) (Q1),LOW,EUR,-0.6%,-,-,1%,
bc52fd87-b06d-4d37-bb2b-7fdd444fff19,06/09/2011,14:00,BoE Asset Purchase Facility (Jun),HIGH,GBP,£200B,-,-,£200B,
fd07dcfc-f02e-45b1-9d0c-de9ddb94a023,06/09/2011,14:00,BoE Interest Rate Decision,HIGH,GBP,0.5%,0,0.5%,0.5%,
fcbdf73c-85b9-4c04-8cd0-28f98312b651,06/09/2011,14:00,Manufacturing Production Index (YoY) (Apr),LOW,ZAR,0.4%,-,-,4.6%,
2b3ccc3f-995b-4304-994d-7900d577781a,06/09/2011,14:45,ECB Main Refinancing Operations Rate,HIGH,EUR,1.25%,0,1.25%,1.25%,
ea4bd2c6-a710-4279-8633-ed5dba8994e2,06/09/2011,15:30,International Merchandise Trade (Apr),MEDIUM,CAD,$-0.857B,-0.84,$0.5B,$-0.99B,
03d717ba-5d7d-4390-a5fd-acfedb73a72f,06/09/2011,15:30,New Housing Price Index (MoM) (Apr),LOW,CAD,0.3%,0.77,0.1%,0%,
babf19a4-875f-4990-a377-dd8325794750,06/09/2011,15:30,ECB Press Conference,HIGH,EUR,,,,,"IN PROGRESS , Average: 4.2"
f0a792ba-db7b-4b5b-a5a2-79a98125de56,06/09/2011,15:30,Continuing Jobless Claims,LOW,USD,3.696M,-0.08,3.7M,3.747M,
6fb6227d-0315-4d8e-8f13-15833cf6e831,06/09/2011,15:30,Goods and Services Trade Balance (Apr),MEDIUM,USD,$-43.63B,1.49,$-48.9B,$-44.3B,
ff489da1-6ee1-4b6d-ab19-fdc2c4f9f54f,06/09/2011,15:30,Initial Jobless Claims,LOW,USD,430K,0.41,419K,426K,
0ee37e42-41f2-4d64-917b-724988ed1ac9,06/09/2011,17:00,12-Month Inflation (May),LOW,MXN,3.25%,-,-,3.36%,
12c6694a-4c1b-4b80-b6d9-5f688d371bc5,06/09/2011,17:00,Core Inflation (May),LOW,MXN,0.18%,-,-,0.08%,
252a0d48-3ce4-4ad5-ae21-7fa1ae90d309,06/09/2011,17:00,Headline Inflation (May),LOW,MXN,-0.74%,-,-,-0.01%,
cbb97344-b8d3-4ea3-b91c-f551665717c6,06/09/2011,17:00,Wholesale Inventories (Apr),LOW,USD,1.1%,0.18,1%,1.1% ,
2f20cb12-bbb6-4106-abd3-91ad71907b26,06/09/2011,21:00,Philadelphia Fed's Plosser speech,LOW,USD,,,,,SPEECH
3c031381-9c92-4f86-9d89-9a6465dc9de8,06/10/2011,00:00,Producer Price Index Growth (MoM) (May),LOW,KRW,-0.1%,-,-,0.3%,
683b9f03-67af-4b13-8c3a-93c437c88693,06/10/2011,00:00,Producer Price Index Growth (YoY) (May),LOW,KRW,6.2%,-,-,6.8%,
5fab19d4-a4cf-4d56-8e46-f7425eb7c39d,06/10/2011,02:50,Producer Price Index (MoM) (May),LOW,JPY,-0.1%,-1.35,0.2%,0.8% ,
699f7ea8-0f1e-463e-b4d8-13064e48e2c5,06/10/2011,02:50,Producer Price Index (YoY) (May),LOW,JPY,2.2%,-1.53,2.5%,1.8% ,
db70564d-0378-4dfe-951f-7501c4b9a9c9,06/10/2011,02:50,Tertiary Industry Index (MoM) (Apr),MEDIUM,JPY,2.5%,-0.26,2.7%,-6% ,
ab2635b9-161d-40f1-bee5-54807c322b29,06/10/2011,03:00,G8 Meeting,NONE,EUR,,,,,ALL DAY
9d147088-c0c7-4de3-a795-91d923acc1d4,06/10/2011,04:00,BoK Interest Rate Decision,LOW,KRW,3.25%,-,-,3%,
3e886b3e-1344-4896-83fc-bedcd781275a,06/10/2011,05:00,Trade Balance USD (May),MEDIUM,CNY,$13.1B,-0.90,$19.8B,$11.22B,
c2d40d02-aadf-4c7f-addf-cff6c8e3d903,06/10/2011,08:30,Industrial Output (Apr),LOW,INR,6.3%,-,-,9.4% ,
ad546272-11f6-4a58-8b10-182bf0129a8b,06/10/2011,08:30,Manufacturing Output (Apr),LOW,INR,6.9%,-,-,7.9%,
89b60979-cdfa-41da-b9d0-f6e75133b846,06/10/2011,09:00,Consumer Price Index (MoM) (May),MEDIUM,EUR,0%,0.00,0%,0%,
ed628b50-14ed-40f1-bdc1-b496f8d46f86,06/10/2011,09:00,Consumer Price Index (YoY) (May),HIGH,EUR,2.3%,0,2.3%,2.3%,
be0351c7-8592-49db-9112-7144fb0387ce,06/10/2011,09:00,Wholesale Price Index (MoM) (May),LOW,EUR,0%,-,-,0.2%,
f39b78a2-5d6f-443b-b15b-a56d686f4818,06/10/2011,09:00,Wholesale Price Index (YoY) (May),LOW,EUR,8.9%,-,-,6.9% ,
3c3cb7e6-57ee-4280-a178-2a637313777f,06/10/2011,09:00,Industrial Output (MoM) (Apr),LOW,EUR,2.3%,-,-,-1.2%,
6093de9d-d48c-49ca-9adc-7f2ce6c8d1e8,06/10/2011,09:45,Industrial Output (MoM) (Apr),LOW,EUR,-0.5%,-,-,-1.3% ,
1ebf74eb-ab1b-4047-94f8-7cdd8e6ff6e7,06/10/2011,10:00,Consumer Price Index (YoY) (May),LOW,DKK,3.1%,-,-,2.9%,
9bc5afb8-2b8f-4253-a346-914553ed9223,06/10/2011,10:00,Inflation (HICP) (YoY) (May),LOW,DKK,3.1%,-,-,2.8%,
d23253cf-84cb-4f93-a747-546cc314216f,06/10/2011,10:00,Consumer Price Index (May),LOW,RON,8.4%,-,-,8.3%,
a77137da-1d7c-4672-bf33-bd8cefdfcd03,06/10/2011,10:30,Industrial Production Value (MoM) (Apr),LOW,SEK,-0.7%,-,-,0.9%,
d1612efe-db55-4e6f-977b-fbda8c40320f,06/10/2011,11:00,Gross Domestic Product (QoQ) (Q1),LOW,EUR,0.1%,0,0.1%,0.1%,
3c5b6c01-6355-4b7e-9aa0-43b7d9d9956a,06/10/2011,11:00,Gross Domestic Product (YoY) (Q1),LOW,EUR,1%,-,-,1.5%,
f2fd095a-9422-457f-b180-532376188e27,06/10/2011,11:00,Consumer Price Index (MoM) (May),LOW,NOK,-0.2%,-,-,0.5%,
ca5045d7-6fa7-4298-bdab-b4d7aa0fbaad,06/10/2011,11:00,Consumer Price Index (YoY) (May),LOW,NOK,1.6%,-,-,1.3%,
1623d643-e578-42a8-8d8f-69749106189e,06/10/2011,11:00,Core Inflation (MoM) (May),LOW,NOK,-0.2%,-,-,0.8%,
0a546583-564c-4e11-9d94-99d1d072f59b,06/10/2011,11:00,Core Inflation (YoY) (May),LOW,NOK,1%,-,-,1.3%,
d58dacce-a905-4baf-b8ad-ccdf2b2f7097,06/10/2011,11:00,Producer Price Index (YoY) (May),LOW,NOK,18%,-,-,20%,
65e9e21d-440b-4794-adc9-68a9ba40b25c,06/10/2011,11:30,Industrial Production Value (YoY) (Apr),LOW,SEK,11.9%,-,-,15% ,
1c9e58c3-89b5-4f12-8c76-7bd8350c3981,06/10/2011,11:30,Consumer Inflation Expectations,HIGH,GBP,3.9%,-,-,4%,
73f5cb24-ce0b-413c-a471-d216a3d113d9,06/10/2011,11:30,Industrial Production (MoM) (Apr),MEDIUM,GBP,-1.7%,-2.62,0%,-0.3% ,
554e15d9-1a9c-4f7b-ba81-f4d675d40a18,06/10/2011,11:30,Industrial Production (YoY) (Apr),MEDIUM,GBP,-1.2%,-6.59,1.3%,-8.4% ,
3788c537-3a4c-48f3-ae41-8b1e60be8c9e,06/10/2011,11:30,Manufacturing Production (MoM) (Apr),MEDIUM,GBP,-1.6%,-3.92,-0.1%,-0.6% ,
1b50e8bb-1c7b-4fad-9ae9-8859fe532e37,06/10/2011,11:30,Manufacturing Production (YoY) (Apr),MEDIUM,GBP,1.2%,-5.16,3.4%,-2.7% ,
0212ae2c-00a9-46fe-81dc-60dda881bc9f,06/10/2011,11:30,Producer Price Index - Input (MoM) n.s.a (May),LOW,GBP,-1.7%,-0.95,-1%,2.2% ,
990588e6-7176-45f5-9016-0050f9235282,06/10/2011,11:30,Producer Price Index - Input (YoY) n.s.a (May),LOW,GBP,16.1%,-0.14,16.2%,17.6% ,
31af5e7e-2d66-4b1f-ada0-3ac2844ac7de,06/10/2011,11:30,Producer Price Index - Output (MoM) n.s.a (May),LOW,GBP,0.2%,-0.33,0.3%,1% ,
4b631c67-43d5-48e7-a93f-ac12987198f4,06/10/2011,11:30,Producer Price Index - Output (YoY) n.s.a (May),MEDIUM,GBP,5.4%,0.13,5.3%,5.5% ,
a9700e0a-1ac2-41b7-825d-af07bc258ee6,06/10/2011,14:00,Net Change in Employment (May),HIGH,CAD,22.3K,0.08,20K,29.8K,
51b430a9-12d2-4b5e-b34a-3b4ae3da5372,06/10/2011,14:00,Unemployment Rate (May),HIGH,CAD,7.4%,-1.71,7.6%,7.7% ,
0bfb1d43-966b-4e75-93f0-86b7f8753735,06/10/2011,14:30,"FX Reserves, USD",LOW,INR,$312.904B,-,-,$310.215B,
53957709-7666-4d15-afa7-8298b7c71d1f,06/10/2011,15:00,Retail Sales (MoM) (Apr),LOW,BRL,-0.2%,-,-,1.2%,
5fcf9480-d224-4289-935f-6e47c3602b3a,06/10/2011,15:30,Labor Productivity (QoQ) (Q1),LOW,CAD,0.4%,-1.01,0.9%,0.4% ,
9ca01968-7d50-4df8-9d59-b860a05f7ca0,06/10/2011,15:30,Export Price Index (MoM) (May),LOW,USD,0.4%,-,-,0.8%,
b837253b-44ea-48bc-9db4-a7d913a98a11,06/10/2011,15:30,Import Price Index (MoM) (May),LOW,USD,0.1%,3.46,-0.7%,2.6% ,
2f675eef-eac7-4d89-9208-40ae98b4bcb5,06/10/2011,15:30,Import Price Index (YoY) (May),LOW,USD,12.5%,4.53,11.2%,11.9% ,
d3c9b013-5663-4fb8-9f59-ec758b809d95,06/10/2011,17:00,NIESR GDP Estimate (3M) (May),MEDIUM,GBP,0.5%,-,-,0.3% ,
456771a6-9cf2-4fd0-9b1c-a1f3386e74bb,06/10/2011,21:00,Monthly Budget Statement (May),MEDIUM,USD,$-57.64B,2.00,$-150B,$-40.49B,
1a426249-2b52-467d-9349-e174ecf4dfc0,06/13/2011,02:50,Machinery Orders (MoM) (Apr),LOW,JPY,-3.3%,-0.80,1.8%,-1.7% ,
b40b6ea5-21f4-40ec-8224-d49d5732a12f,06/13/2011,03:00,Queen's Birthday,NONE,AUD,,,,,ALL DAY
d33273ef-6c80-4e68-b87c-430b50d48540,06/13/2011,03:00,Whit Monday,NONE,CHF,,,,,ALL DAY
abfd76f6-4706-45ef-9d63-31f9cc75e4f4,06/13/2011,05:23,M2 Money Supply (YoY) (May),LOW,CNY,15.1%,-0.32,15.5%,15.3%,
d2f2617c-83b1-43b1-9e1f-102c57af2a70,06/13/2011,09:25,Foreign Trade (Apr),LOW,RUB,$19.3B,0.55,$17.3B,$17.31B,
49b3061b-b0d7-4af6-9d67-82f8a9f3058e,06/13/2011,10:00,Core Inflation (MoM) (May),LOW,EUR,0.4%,-,-,0.5%,
1bd549d0-1c42-44f8-b334-c7bff8182f6d,06/13/2011,10:00,Core Inflation (YoY) (May),LOW,EUR,2.6%,-,-,2.3%,
30e5cdb7-c0c2-466e-af8f-a16a741dc023,06/13/2011,10:00,Headline Inflation (MoM) (May),LOW,EUR,0.3%,-,-,0.4%,
7864d62a-b38f-49f7-82c9-2366cb505ad4,06/13/2011,10:00,Headline Inflation (YoY) (May),LOW,EUR,4%,-,-,3.7%,
9bd75028-ea79-4311-a289-3d07814ef3b2,06/13/2011,10:00,Current Account Balance (Apr),LOW,TRY,$-7.68B,-,-,$-9.766B,
d33f042a-1310-44c7-9510-e618b24722bb,06/13/2011,11:00,Industrial Output s.a. (MoM) (Apr),LOW,EUR,1.1%,-,-,0.4% ,
1464fec6-cfe6-4d73-9465-63f9d0019a2f,06/13/2011,11:00,Industrial Output w.d.a (YoY) (Apr),LOW,EUR,3.8%,-,-,3.1% ,
0e7b474b-8eb6-4026-9c54-f6c77f12e15f,06/13/2011,16:00,ECB's President Trichet speech,MEDIUM,EUR,,,,,SPEECH
fe1d902b-c914-4c80-8d2a-4851a76d068f,06/13/2011,16:00,Industrial Output (MoM) (Apr),LOW,MXN,-0.1%,-,-,-0.2%,
d4c0d478-a09c-49fd-838a-c8cb4d46c327,06/13/2011,16:00,Industrial Output (YoY) (Apr),LOW,MXN,1.4%,-,-,4.2%,
8895f086-db74-40a8-9e46-b00ac4e2fe45,06/14/2011,01:45,Food Price Index (MoM) (May),LOW,NZD,0.5%,-,-,0.1%,
4160e72d-a0e2-4e00-b16f-ea97e7cbebfc,06/14/2011,02:01,RICS Housing Price Balance (May),MEDIUM,GBP,-28%,-2.93,-20%,-22% ,
a71f0d70-e64c-4e5a-8f99-7983969b6845,06/14/2011,02:50,BSI Large Manufacturing Conditions Index (QoQ) (Q2),MEDIUM,JPY,-23.3,-2.79,-2.1,-3.2,
1e8cedfb-fdad-4122-9958-e02267d6d0b0,06/14/2011,03:00,EcoFin Meeting,MEDIUM,EUR,,,,,ALL DAY
45d4ebf5-cd10-4684-a1c1-0a47cc5277c2,06/14/2011,04:30,National Australia Bank's Business Conditions (May),LOW,AUD,1,-,-,5,
86cbaa9c-8c26-4321-bebc-ebf7ca69562a,06/14/2011,04:30,National Australia Bank's Business Confidence (May),LOW,AUD,6,-,-,7,
99ee28df-45b5-4302-9d65-e018ba209332,06/14/2011,05:00,Consumer Price Index (YoY) (May),HIGH,CNY,5.5%,0.45,5.4%,5.3%,
90a6b169-cd1f-41f1-bd29-b95a3cc2f8c9,06/14/2011,05:00,Fixed Asset Investment (YTD) (YoY) (May),MEDIUM,CNY,25.6%,0.43,25.2%,25.4%,
7eae7c25-1fdb-493d-b04b-fa8e6a70fe55,06/14/2011,05:00,Industrial Production (YoY) (May),MEDIUM,CNY,13.3%,0.47,13.1%,13.4%,
f1bdf8c4-5a66-40dc-ae93-682168ca0624,06/14/2011,05:00,Producer Price Index (YoY) (May),MEDIUM,CNY,6.8%,4.24,6.5%,6.8%,
42d8caad-c594-4a46-9a18-a616ab21dc53,06/14/2011,05:00,Retail Sales (YoY) (May),MEDIUM,CNY,16.9%,-0.06,17%,17.1%,
b91b2583-2f8f-4888-b83b-67d13e0c084d,06/14/2011,06:45,BoJ Monetary Policy Statement,HIGH,JPY,,,,,REPORT
9faf609c-fab7-4dac-9f9f-52b1dfccd238,06/14/2011,06:45,BoJ Interest Rate Decision,HIGH,JPY,0.1%,0,0.1%,0.1%,
00f8ee38-51a2-400b-b648-89054e3bbe0c,06/14/2011,07:30,Capacity Utilization (Apr),LOW,JPY,-1.1%,-,-,-21.8% ,
1b1a045a-e073-41d2-bc3b-4f84bda05c05,06/14/2011,07:30,Industrial Production (MoM) (Apr),MEDIUM,JPY,1.6%,0.26,1%,1%,
1f595fd4-774c-4111-8e99-5e73cec47abf,06/14/2011,07:30,Industrial Production (YoY) (Apr),MEDIUM,JPY,-5.9%,-,-,-14%,
b1cdc231-8ae3-4fc8-9b42-17c9b165a1f8,06/14/2011,08:45,SECO Economic Forecasts (Jun),MEDIUM,CHF,,,,,REPORT
eee8ad36-5e12-406f-bf23-db34b139f259,06/14/2011,09:00,Consumer Price Index (YoY) (May),LOW,EUR,3.3%,-,-,3.2%,
6613c10a-e2e0-456a-9809-a2d9fc5b75a7,06/14/2011,09:30,WPI Inflation (May),LOW,INR,9.06%,-,-,8.66%,
734f8491-2131-45a8-8692-765f047f6049,06/14/2011,09:45,Current Account (Apr),LOW,EUR,€-5B,-,-,€-4.1B,
bf83a5cd-a051-4027-8e9b-0e7f08b7faca,06/14/2011,10:00,Consumer Price Index (MoM) (May),LOW,EUR,0%,-,-,1.2%,
bc72dd97-c6e0-4679-9b04-b31501d8a42d,06/14/2011,10:00,Consumer Price Index (YoY) (May),LOW,EUR,3.5%,-,-,3.8%,
a353e444-f650-4596-91c1-9caa1a51fd99,06/14/2011,10:00,Harmonized Index of Consumer Prices (MoM) (May),LOW,EUR,-0.1%,-,-,0.9%,
72c30324-0811-4fd5-995a-bd039a34caf4,06/14/2011,10:00,Harmonized Index of Consumer Prices (YoY) (May),LOW,EUR,3.4%,-,-,3.4%,
c401b162-b26b-47f3-83d6-236a546afe2a,06/14/2011,10:30,Consumer Price Index (MoM) (May),LOW,SEK,0.2%,-,-,0.4%,
99f368c3-6a2f-4cf2-910d-8df6b61f839b,06/14/2011,10:30,Consumer Price Index (YoY) (May),LOW,SEK,3.3%,-,-,3.3%,
f5e0c151-2fe2-4a4b-b9b7-5843a8284c40,06/14/2011,11:00,Current Account (MoM) (Apr),LOW,CZK,-6.74B,-,-,2.66B,
48b2b744-390c-4259-afd1-d92322b786d7,06/14/2011,11:30,Consumer Price Index (MoM) (May),MEDIUM,GBP,0.2%,0.00,0.2%,1%,
812a6a88-ebe0-459d-81e7-768c79ba4fe3,06/14/2011,11:30,Consumer Price Index (YoY) (May),HIGH,GBP,4.5%,0.00,4.5%,4.5%,
ea86cd89-eeb5-40b5-91fe-8a7d8d4ae756,06/14/2011,11:30,Core Consumer Price Index (YoY) (May),HIGH,GBP,3.3%,-1.22,3.5%,3.7%,
3a6cc394-f778-44ca-a888-82b6d0ed6194,06/14/2011,11:30,DCLG House Price Index (YoY) (Apr),LOW,GBP,-0.3%,-1.39,1.2%,0.9%,
2997f2f6-31a5-40bb-b981-a2fc8e229373,06/14/2011,11:30,Retail Price Index (MoM) (May),LOW,GBP,0.3%,0.00,0.3%,0.8%,
279fa6b1-610d-4b6c-af91-44e1ba717ac6,06/14/2011,11:30,Retail Price Index (YoY) (May),MEDIUM,GBP,5.2%,-1.08,5.4%,5.2%,
8db2a7f8-9ae2-47d2-91ef-fccfb362de90,06/14/2011,15:00,Current Account (Apr),LOW,PLN,€-959M,-,-,"€-1,376M",
e61241ff-e77b-439e-8509-b2d245e9fccd,06/14/2011,15:00,M3 Money Supply (YoY) (May),LOW,PLN,7.8%,-,-,9.1%,
eab2ca2a-247f-4fe7-9b67-57d16927e4f6,06/14/2011,15:30,Capacity Utilization (Q1),LOW,CAD,78.9%,1.45,76.8%,79.4% ,
fc43237e-f790-4f23-9347-6c5179afcb37,06/14/2011,15:30,New Motor Vehicle Sales (MoM) (Apr),LOW,CAD,-1.1%,-3.87,1.8%,2%,
66280713-d88f-4e7c-88ee-09cef18b5036,06/14/2011,15:30,Producer Price Index (MoM) (May),LOW,USD,0.2%,0.23,0.1%,0.5% ,
7ca36f8f-2435-4778-af19-ab3c51ecb322,06/14/2011,15:30,Producer Price Index (YoY) (May),MEDIUM,USD,7.3%,1.56,6.6%,4.2% ,
aff3cc93-1f6d-4f4c-a9f0-e812852a4686,06/14/2011,15:30,Producer Price Index ex Food & Energy (MoM) (May),LOW,USD,0.2%,0.00,0.2%,0.3%,
d7570094-2751-48ea-842a-43ae573255d8,06/14/2011,15:30,Producer Price Index ex Food & Energy (YoY) (May),MEDIUM,USD,2.1%,1.25,2%,2.5% ,
08348c55-ec7b-41d6-97e8-948805066631,06/14/2011,15:30,Retail Sales (MoM) (May),LOW,USD,-0.1%,0.70,-0.3%,0.5% ,
bbd9d30b-e550-40a7-916d-8caf9ed1a40d,06/14/2011,15:30,Retail Sales ex Autos (MoM) (May),MEDIUM,USD,0.2%,-0.27,0.3%,0.9% ,
02cf082c-2f02-4876-b6e1-65a1231663ba,06/14/2011,17:00,Business Inventories (Apr),LOW,USD,1%,0.00,1%,1.3%,
decf4e31-f114-404a-b587-73ba897c2bce,06/15/2011,00:00,Export Price Growth (YoY) (May),LOW,KRW,3.3%,-,-,7.7%,
5ae6f652-a54d-4941-9764-3e3e57b53227,06/15/2011,00:00,Import Price Growth (YoY) (May),LOW,KRW,13.2%,-,-,19%,
f9482f01-13e9-4442-946d-c89c778dffe8,06/15/2011,01:45,Retail Sales (QoQ) (Q1),MEDIUM,NZD,1.1%,0.14,1%,-0.9% ,
a8497fea-be31-4251-8e8b-c201b60e6f44,06/15/2011,01:45,Retail Sales ex Autos (QoQ) (Q1),MEDIUM,NZD,1%,0.50,0.7%,-0.8% ,
19ecc53d-7d2e-434c-8c32-4399396183ed,06/15/2011,02:00,Unemployment Rate (May),LOW,KRW,3.3%,-,-,3.6%,
b262cb4e-64bc-4cef-a9da-30dd820014ff,06/15/2011,02:36,Nationwide Consumer Confidence (May),MEDIUM,GBP,55,2.73,41,44,
b209be55-1bd6-4877-b385-49e856936c37,06/15/2011,03:30,Westpac Consumer Confidence (Jun),LOW,AUD,-2.6%,-,-,-1.3%,
89f0d2fd-e920-45d1-9900-fa00f9c2524b,06/15/2011,04:30,Dwelling Unit Starts (QoQ) (Q1),LOW,AUD,3.3%,0.57,-0.6%,-5.3% ,
af4c3ded-f5fe-49f3-9862-5dfb8c4e75d9,06/15/2011,05:00,RBA's Governor Stevens speech,HIGH,AUD,,,,,SPEECH
0aaf198f-301e-4e18-abc1-cc99cb9bb2e3,06/15/2011,06:00,Trade Balance (May),LOW,KRW,$2.2B,-,-,$2.75B,
edf6e0cc-a516-4a2f-ba1a-f2e5a01d0b4d,06/15/2011,08:00,BoJ Monthly Economic Survey,MEDIUM,JPY,,,,,REPORT
5595423b-fd8b-4cd3-b6b1-72d5eecd8080,06/15/2011,08:30,Consumer Price Index (EU norm) (MoM) (Apr),LOW,EUR,0.1%,-,-,0.4%,
dcefd163-a9e7-4194-92c4-aabe1dc42c64,06/15/2011,08:30,Consumer Price Index (EU norm) (YoY) (May),LOW,EUR,2.2%,-,-,2.2%,
b55beb42-e2ee-4e06-b02f-3af6a05eeb55,06/15/2011,08:30,Inflation ex-tobacco (MoM) (May),LOW,EUR,0.1%,-,-,0.4%,
60a3bb6b-0407-4988-9226-65d3ee21d7a9,06/15/2011,10:00,Export Prices (YoY) (Apr),LOW,CZK,1.4%,-,-,1.6%,
5705b7bd-2074-47b1-954e-1ebae92e0057,06/15/2011,10:00,Import Prices (YoY) (Apr),LOW,CZK,4.7%,-,-,5.3%,
06828fa7-b030-4434-aef8-c7bf6be8a31f,06/15/2011,10:00,Producer Price Index (MoM) (May),LOW,CZK,0.5%,-,-,0.8%,
205862f4-964e-4952-a0d6-dd6a0632590b,06/15/2011,10:00,Producer Price Index (YoY) (May),LOW,CZK,6.2%,-,-,6.4%,
bd5ca521-55e3-4020-9217-e482a4851cac,06/15/2011,10:00,Current Account (Apr),LOW,EUR,€-0.8B,-,-,€-0.3B,
7d4048c3-6ce3-485d-9a08-0a17837db64b,06/15/2011,10:00,Consumer Price Index (YoY) (May),LOW,HUF,3.9%,-,-,4.7%,
bc010b51-876f-4330-a399-9fcf79a8276d,06/15/2011,10:00,Core Consumer Price Index (YoY) (May),LOW,HUF,2.7%,-,-,2.7%,
a29a9282-f20e-479e-8e94-5cbcb278a9ae,06/15/2011,10:00,Industrial Output (YoY) (Apr),LOW,HUF,7.1%,-,-,6.9%,
824e9ed8-436e-48d2-b8e5-dc298f4b1dec,06/15/2011,10:15,Producer and Import Prices (MoM) (May),LOW,CHF,-0.2%,-2.26,0.1%,0.3%,
ef26855b-229c-4519-82b1-eb7d0f27f843,06/15/2011,10:15,Producer and Import Prices (YoY) (May),LOW,CHF,-0.4%,-1.38,-0.1%,0.1%,
68d7770b-393a-4fed-ac07-7056bc9eefe6,06/15/2011,11:00,CBI Interest Rate Decision,LOW,ISK,4.25%,-,-,4.25%,
2f7c05c1-ca79-4eb8-81a3-d9a29c37af40,06/15/2011,11:00,Trade Balance (May),LOW,NOK,24.2B,-,-,39.2B,
8fe2b5bb-9bc9-4441-9704-8974248dd28c,06/15/2011,11:00,Budget Balance (May),LOW,TRY,2.835B,-,-,1.056B,
059f043b-c2f3-4f07-8d65-96c2431c4ae2,06/15/2011,11:30,Average Earnings Excluding Bonus (3Mo/Yr) (Apr),LOW,GBP,2%,-0.98,2.1%,2% ,
d0837909-dc9d-4157-a185-825a93a1bd71,06/15/2011,11:30,Average Earnings Including Bonus (3Mo/Yr) (Apr),LOW,GBP,1.8%,-1.11,2.1%,2.7% ,
d0c8bcfd-8630-433a-8a31-1263c75c32d5,06/15/2011,11:30,Claimant Count Change (May),MEDIUM,GBP,22.5K,1.96,7.3K,21.2K,
2a995de1-41f1-4e2f-80d6-2c57c984f6f2,06/15/2011,11:30,Claimant Count Rate (May),MEDIUM,GBP,4.7%,2.50,4.6%,4.5% ,
eae61460-3f4f-4624-86bd-48418725eff1,06/15/2011,11:30,ILO Unemployment Rate (3M) (Apr),MEDIUM,GBP,7.7%,0.00,7.7%,7.8% ,
dd84068a-2fb4-4ff4-ad1a-bc1a75538f0a,06/15/2011,12:00,Industrial Production s.a. (MoM) (Apr),LOW,EUR,0.2%,0.81,-0.2%,0.1% ,
0ef38ddd-c292-4184-850e-4f47a27fb2bc,06/15/2011,12:00,Industrial Production w.d.a. (YoY) (Apr),MEDIUM,EUR,5.3%,0.51,4.8%,6.3% ,
0c6e7a2e-ea6f-4aa2-9ad0-718dd797b21d,06/15/2011,14:00,MBA Mortgage Applications,LOW,USD,13%,-,-,-0.4%,
312d4997-f8d3-46cf-aab3-7a516d100fd5,06/15/2011,14:00,Retail Sales (YoY) (May),LOW,ZAR,9.8%,-,-,5.1%,
bcd27738-5627-4026-a0b7-c159661da847,06/15/2011,15:00,Consumer Price Index (MoM) (May),LOW,PLN,0.6%,-,-,0.5%,
eb587da2-4877-4247-8a6f-60751c54f3cb,06/15/2011,15:00,Consumer Price Index (YoY) (May),LOW,PLN,5%,-,-,4.5%,
8cc7306d-c50e-470b-9e68-8cb367083f28,06/15/2011,15:30,Manufacturing Sales (MoM) (Apr),LOW,CAD,-1.3%,0.41,-2.1%,1.2% ,
27d45eb7-7b42-4f7e-936c-6cc2039d988f,06/15/2011,15:30,Consumer Price Index (MoM) (May),LOW,USD,0.2%,4.08,0%,0.5% ,
88c554d7-2262-4fcd-8059-1d1f75a62fec,06/15/2011,15:30,Consumer Price Index (YoY) (May),HIGH,USD,3.6%,9.24,3.2%,3.2%,
7a4fed9b-fb17-48c7-82be-f00c2316e7c4,06/15/2011,15:30,Consumer Price Index ex Food & Energy (MoM) (May),LOW,USD,0.3%,1.12,0.2%,0.1% ,
46d49b4f-fde4-40ca-9dc0-165a6db77abe,06/15/2011,15:30,Consumer Price Index ex Food & Energy (YoY) (May),HIGH,USD,1.5%,-,1.4%,1.3%,
c7280f83-69e7-4680-91eb-b855f3643e82,06/15/2011,15:30,NY Empire State Manufacturing Index (Jun),LOW,USD,-7.79,-4.65,13,10.1,
0727d8a2-f9bb-4013-a36b-b4c22fd77b7b,06/15/2011,16:00,Net Long-Term TIC Flows (Apr),MEDIUM,USD,$30.6B,-0.20,$36B,$13.9B,
f15b2dcb-f4cc-4c04-bf72-3ea9403e33f8,06/15/2011,16:00,Total Net TIC Flows (Apr),LOW,USD,$66.6B,-,-,$137.4B,
e7fa976e-8d73-4914-a5e0-7240d1614a72,06/15/2011,16:15,Capacity Utilization (May),LOW,USD,76.7%,-0.58,77.1%,75.6% ,
76703f97-4298-4c81-9b4f-1421686b3068,06/15/2011,16:15,Industrial Production (MoM) (May),MEDIUM,USD,-0.1%,-0.87,0.3%,-0.3% ,
41b0c2ae-50b4-4075-a2d7-c23668973ec6,06/15/2011,17:00,NAHB Housing Market Index (Jun),LOW,USD,13,-6.93,16,16,
e751cf47-56a1-4f5e-b8fa-d1ff87bb2b7c,06/15/2011,17:30,EIA Crude Oil Stocks Change,LOW,USD,-3.4M,-,-,-4.8M,
05ee5232-39fd-4d0c-9c36-3ba45cb71564,06/15/2011,22:00,Consumer Price Index (MoM) (May),LOW,ARS,0.7%,-,-,-,
0a983e12-b606-48d0-ad0c-c128e7328119,06/16/2011,01:30,Business NZ PMI (May),MEDIUM,NZD,54.7,-,-,53,
60b0344c-cf18-40f0-8ea7-60c76dba8b28,06/16/2011,03:00,Reverse Repo Rate,NONE,INR,6.5%,-,-,6.25%,
26d801d7-e0e4-4379-8e8d-be87709781cf,06/16/2011,04:30,New Motor Vehicle Sales (MoM) (May),LOW,AUD,-7.5%,-,-,-3.5% ,
1a0a88b9-1f6a-4069-afc4-245937fca3bb,06/16/2011,04:30,New Motor Vehicle Sales (YoY) (May),LOW,AUD,-14.8%,-,-,-8.4%,
6f4bfbd1-a3a4-4671-a9a6-020268ec6659,06/16/2011,04:30,RBA Foreign Exchange Transaction (May),LOW,AUD,601M,-,-,414M,
c312b88b-d929-444d-bb55-32b95f0e8f40,06/16/2011,10:00,EU Norm Inflation (MoM) (May),LOW,EUR,0.3%,-,-,0.5%,
7f68e43e-826f-42ba-9f3f-f3e7886d40bf,06/16/2011,10:00,EU Norm Inflation (YoY) (May),LOW,EUR,4.2%,-,-,3.9%,
b965d458-cd43-40a1-bdd5-ef18182aa83c,06/16/2011,10:00,Consumer Confidence (Jun),LOW,TRY,92.85,-,-,93.46,
961d6553-52dd-460f-91d3-c62c5f5e1215,06/16/2011,10:15,Industrial Production (QoQ) (Q1),MEDIUM,CHF,-9.6%,-0.95,-7.8%,7.4% ,
6d0353c2-f83e-48ab-a564-819ff8fbcbe7,06/16/2011,10:15,Industrial Production (YoY) (Q1),MEDIUM,CHF,4.9%,-0.07,5.6%,4.8% ,
21ada0f2-030c-4fb5-ab9a-730acb074cb6,06/16/2011,10:30,SNB Interest Rate Decision,HIGH,CHF,0.25%,0,0.25%,0.25%,
f2020b3f-85c5-4e5b-beeb-4702bc79284a,06/16/2011,10:30,Retail Sales (YoY) (Apr),LOW,EUR,3.4%,-,-,1.2% ,
3896558c-8c12-4aa1-9dc5-f13d1b2deaf5,06/16/2011,10:30,SNB Press Conference,HIGH,CHF,,,,,SPEECH
116deae7-d546-4f9e-b045-6016298b2ef6,06/16/2011,11:00,SNB Financial Stability Report,MEDIUM,CHF,,,,,REPORT
1f50d2b9-6f02-46ef-b24b-1dca8cd38f68,06/16/2011,11:00,ECB Monthly Report,MEDIUM,EUR,,,,,REPORT
7cbc1857-cf45-4abf-8876-de79121abe89,06/16/2011,11:00,Unemployment Rate (QoQ) (Q1),LOW,EUR,15.9%,-,-,-,
13e40276-11af-4266-88d8-93b7d6f93a8b,06/16/2011,11:00,Consumer Price Index (EU Norm) (MoM) (May),LOW,EUR,0.1%,-,-,0.2%,
15f33912-34e4-4b2c-960e-dad049b5a752,06/16/2011,11:00,Consumer Price Index (EU Norm) (YoY) (May),LOW,EUR,3%,-,-,3%,
7dee2d1a-8555-4d14-9cdd-b50ec03df600,06/16/2011,11:00,Consumer Price Index (YoY) (May),LOW,EUR,2.7%,-,-,2.6%,
cc61b2fe-2d8d-48ed-9316-3a87e67f2939,06/16/2011,11:00,Consumer Price Index (MoM) (May),LOW,EUR,0.1%,-,-,0.5%,
01830b57-de4a-40ba-a905-c6c53a6e80a8,06/16/2011,11:30,Retail Sales (MoM) (May),HIGH,GBP,-1.3%,-0.80,-0.6%,1.3% ,
8f7697d2-153e-4440-b721-60bb616f1803,06/16/2011,11:30,Retail Sales (YoY) (May),LOW,GBP,0%,-1.41,1.5%,0.6% ,
f22573ad-32c2-4214-aff9-911b6fe3a48c,06/16/2011,11:30,Retail Sales ex-Fuel (MoM) (May),MEDIUM,GBP,-1.5%,-,-,1.1% ,
179e7a20-88de-4a1f-83fa-6b8d15a998c4,06/16/2011,11:30,Retail Sales ex-Fuel (YoY) (May),MEDIUM,GBP,-0.2%,-,-,0.1% ,
f39200ec-3d7b-4532-85d1-d55bc77137fe,06/16/2011,12:00,Core Harmonized Index of Consumer Prices (YoY) (May),HIGH,EUR,1.5%,-,1.6%,1.6%,
53c232a9-ca6b-4f78-8246-536a5d1a2d50,06/16/2011,12:00,Employment Change (QoQ) (Q1),LOW,EUR,0.1%,-,0.2%,0.2%,
9eb66814-d987-4446-9ae7-99ee4cf5e538,06/16/2011,12:00,Employment Change (YoY) (Q1),MEDIUM,EUR,0.2%,-,-,0.1% ,
3b11e872-7252-4bbd-92c5-7f06c2ca3aca,06/16/2011,12:00,Harmonized Index of Consumer Prices (MoM) (May),MEDIUM,EUR,0%,0.00,0%,0.6%,
21e61f7f-96aa-45c4-958f-992aab464499,06/16/2011,12:00,Harmonized Index of Consumer Prices (YoY) (May),HIGH,EUR,2.7%,0.00,2.7%,2.7%,
c9938bf7-deaf-4f6e-9e44-f7766a0e001f,06/16/2011,12:30,Central Bank Reserves $,LOW,RUB,$528B,-,-,$522.8B,
ca41ffa8-8bd5-4cf8-a469-1229848be3d3,06/16/2011,13:00,Producer Price Index (MoM) (May),LOW,RUB,-2.2%,-,-,2%,
d42e6462-970c-4bd1-bc53-e9acb0db228d,06/16/2011,13:00,Producer Price Index (YoY) (May),LOW,RUB,18.6%,-,-,20.2%,
ba6eccc6-b58c-4853-a9df-bb5b92e36084,06/16/2011,15:00,Corporate Sector Wages (May),LOW,PLN,4.1%,-,-,5.9%,
9970f9fd-8871-4e61-9dea-ec0e666bf9a5,06/16/2011,15:30,Canadian Portfolio Investment in Foreign Securities (Apr),LOW,CAD,$3.31B,-,-,$-1.63B,
3d743751-7758-4a16-a769-ed144a0b493c,06/16/2011,15:30,Foreign Portfolio Investment in Canadian Securities (Apr),LOW,CAD,$8.52B,0.79,$5.45B,$8.55B,
6f7eaba8-a786-4836-85f0-32718cdd76a7,06/16/2011,15:30,Building Permits (MoM) (May),MEDIUM,USD,0.609M,1.52,0.552M,0.581M,
4a308c71-6fe9-4379-b634-4d096c784f09,06/16/2011,15:30,Continuing Jobless Claims,LOW,USD,3.698M,1.10,3.65M,3.676M,
3d97d85d-99f1-4de1-b3bf-9af67890ceda,06/16/2011,15:30,Current Account (Q1),MEDIUM,USD,$-119.59B,1.86,$-126B,$-100.6B,
a28e7986-afb4-499e-be1e-9fa69698075f,06/16/2011,15:30,Housing Starts (MoM) (May),MEDIUM,USD,0.549M,0.17,0.54M,0.554M,
6f89f4a5-0e17-4b45-808c-fda778f4bffe,06/16/2011,15:30,Initial Jobless Claims,LOW,USD,420K,0.00,420K,427K,
af1ff26b-10ec-4699-b12e-10def8cdfa9a,06/16/2011,17:00,Industrial Output (May),LOW,RUB,4.1%,-,-,4.5%,
0f69d226-b0e6-4938-95c7-20b0fdd8339a,06/16/2011,17:00,Philadelphia Fed Manufacturing Survey (Jun),MEDIUM,USD,-7.7,-1.04,7,6.2,
163b7c1c-4956-4cb9-97e3-2d3c744e984b,06/16/2011,20:10,Fed's Richard Fisher speech,LOW,USD,,,,,SPEECH
25a9a6e3-6898-49d1-9113-87975c942031,06/17/2011,02:50,BoJ Monetary Policy Meeting Minutes,MEDIUM,JPY,,,,,REPORT
2b63aef6-a03f-43f2-9b78-a8a7f1c369e7,06/17/2011,09:00,Export Prices (YoY) (May),LOW,EUR,5.9%,-,-,7.1%,
c2e052ff-3954-4013-96d8-ee4931199013,06/17/2011,09:00,Import Prices (YoY) (May),LOW,EUR,7.5%,-,-,9.6%,
71766ef9-bc6a-4701-ad4a-ece7f60c9929,06/17/2011,09:00,Producer Price Index (YoY) (May),LOW,EUR,6.6%,-,-,7.3%,
84dbd780-63be-4dbe-9743-607533cf99f2,06/17/2011,10:00,Gross Wages (YoY) (Apr),LOW,HUF,5.9%,-,-,-1.4%,
102a2d3e-efca-492a-9bb3-f2d430c6542e,06/17/2011,11:00,Global Trade Balance (Apr),LOW,EUR,€-3.767B,-,-,€-3.943B,
65f65151-7f83-4750-8be3-1806710864aa,06/17/2011,11:00,Trade Balance EU (Apr),LOW,EUR,€-0.691B,-,-,€-1.079B,
04f6dc4e-d567-4f1b-b823-3763554f5356,06/17/2011,12:00,Construction Output s.a (MoM) (Apr),LOW,EUR,1.2%,-,-,-1.9% ,
ec3896db-679f-4c4f-97e7-75405ff753ba,06/17/2011,12:00,Construction Output w.d.a (YoY) (Apr),LOW,EUR,-2%,-,-,-3.3% ,
d59aa729-42db-495b-ac73-b0a221710f82,06/17/2011,12:00,Trade Balance n.s.a. (Apr),MEDIUM,EUR,€-4.3B,-0.72,€-1.9B,€0.6B,
148cc6c4-fc24-4f4c-b445-c9570fb4b624,06/17/2011,12:00,Trade Balance s.a. (Apr),MEDIUM,EUR,€-2.5B,0.10,€-2.7B,€-3.1B,
033f89b0-af20-416f-b3bc-adf8bc16ede0,06/17/2011,14:30,Bank Loan Growth,LOW,INR,20.9%,-,-,22.3%,
464552c9-6e5a-4e22-9c6b-b4a0a4213da2,06/17/2011,14:30,"FX Reserves, USD",LOW,INR,$310.503B,-,-,$312.904B,
5c7f70aa-ad68-40b1-be37-b81b297788bf,06/17/2011,14:30,M3 Money Supply,LOW,INR,17.3%,-,-,16.8%,
a921ba3b-ffdd-4dea-9d5a-91dcce4b3dc0,06/17/2011,15:00,Industrial Output (YoY) (May),LOW,PLN,7.7%,-,-,6.6%,
9626d106-8082-448b-be57-180eb728c5f3,06/17/2011,15:00,Producer Price Index (YoY) (May),LOW,PLN,6.5%,-,-,8.9%,
0a38d113-43e2-4ac5-a37d-0f32bd5cbed6,06/17/2011,15:30,Wholesale Sales (MoM) (Apr),LOW,CAD,-0.1%,0.31,-0.3%,1.2% ,
6ae5395e-29a3-4d08-970f-4772d2af50c3,06/17/2011,16:55,Michigan Consumer Sentiment Index (Jun) PREL,MEDIUM,USD,71.8,-1.85,74,74.3,
6f7497ed-6c16-440b-b5b0-b08271b075ba,06/17/2011,22:00,Industrial Output n.s.a (YoY) (May),LOW,ARS,9.1%,-,-,-,
212acf15-a073-4847-b7af-ddb48843f4b4,06/20/2011,00:45,Manufacturing Sales (Q1),LOW,NZD,2.7%,-,-,3%,
1d0bdea1-84d7-49ce-b40f-2023750f3be6,06/20/2011,02:01,Rightmove House Price Index (MoM) (Jun),MEDIUM,GBP,0.6%,-,-,0.7% ,
2c75ecb5-1dc1-4f38-9240-8515d8544ba4,06/20/2011,02:01,Rightmove House Price Index (YoY) (Jun),MEDIUM,GBP,1.1%,-,-,1.1% ,
d98019e4-13ec-474c-9d5f-de962934bd80,06/20/2011,02:50,Adjusted Merchandise Trade Balance (May),LOW,JPY,¥-450B,0.31,¥-538.5B,¥-469.4B,
ec88007d-4ce2-48b0-8682-7decbbcbe713,06/20/2011,02:50,Merchandise Trade Balance Total (May),MEDIUM,JPY,¥-855.8B,-0.40,¥-710.1B,¥-477.7B,
08716a0e-119b-4bcc-a595-2a5aafc1e893,06/20/2011,03:00,EcoFin Meeting,MEDIUM,EUR,,,,,ALL DAY
61b7ba66-2184-4ce0-99bd-e50d53f4bde5,06/20/2011,08:00,Coincident Index (Apr),LOW,JPY,103.6,-,-,103.8,
fea94abc-56f0-49b3-b973-8f0425b58828,06/20/2011,08:00,Leading Economic Index (Apr),LOW,JPY,96.2,-,-,96.4,
3c463c2c-88da-479a-b7a7-e802598bc327,06/20/2011,09:00,Producer Price Index (MoM) (May),MEDIUM,EUR,0%,-0.29,0.1%,0.9% ,
da9d7cc2-070c-49d8-bd0e-4f97a8a6d47b,06/20/2011,09:00,Producer Price Index (YoY) (May),HIGH,EUR,6.1%,-0.57,6.3%,6.1% ,
1e0bb2af-af74-414f-9e5a-d738909eb5cb,06/20/2011,11:00,Current Account n.s.a (Apr),LOW,EUR,€-6.5B,-,-,€-0.8B,
d139c5ac-d2e3-4585-b787-4469ac3d8638,06/20/2011,11:00,Current Account s.a (Apr),LOW,EUR,€-5.4B,-0.15,€-4.8B,€-4.1B,
b65d866d-79e0-4363-b3fc-f399f84fa814,06/20/2011,11:00,Industrial Orders n.s.a (YoY) (Apr),LOW,EUR,5.8%,-,22%,21.2%,
09a0c2e4-f6a6-4a71-9bfd-fa119cf3007c,06/20/2011,11:00,Industrial Orders s.a (MoM) (Apr),LOW,EUR,-6%,-,-4%,8.1% ,
e59aa687-71af-49e9-a44c-395c170a8e00,06/20/2011,11:00,Industrial Sales n.s.a. (YoY) (Apr),LOW,EUR,14.3%,-,-,12.2%,
cf96ad75-8d80-4429-bcb2-6d253e65826b,06/20/2011,11:00,Industrial Sales s.a. (MoM) (Apr),LOW,EUR,1.5%,-,-1%,2%,
fc6bcdc7-4fe1-4513-8121-5996bb539a61,06/20/2011,11:10,Unemployment Rate (May),LOW,EUR,12.98%,-,12.78%,12.94%,
22f01985-95a3-4258-b153-96bdfa8eeb23,06/20/2011,15:00,MNB Interest Rate Decision,LOW,HUF,6%,-,-,6%,
3f0b9ab2-ae49-4a7f-b115-27cc68986370,06/21/2011,01:45,Visitor Arrivals (YoY) (May),LOW,NZD,-0.4%,-,-,5.2% ,
6e180e46-aa89-4df3-979b-7f3bc58d399c,06/21/2011,03:00,Unemployment Rate (May),LOW,RUB,6.1%,-3.27,7%,7.1%,
a1ed8f02-4a43-4776-90cb-548bf6056ff2,06/21/2011,04:30,RBA Meeting Minutes,HIGH,AUD,,,,,REPORT
1f5b1d33-4795-45b1-8ab8-8e761b5ba0fe,06/21/2011,07:30,All Industry Activity Index (MoM) (Apr),MEDIUM,JPY,1.4%,-0.41,1.9%,-6.3% ,
eb35d149-4ce3-480f-8620-9ac2a9517b2d,06/21/2011,11:30,Public Sector Net Borrowing (May),MEDIUM,GBP,£14.594B,-0.48,£16.3B,£10.162B,
8c74255b-3d3c-4c12-a32e-f2734f18e378,06/21/2011,12:00,ZEW Survey – Current Situation (Jun),MEDIUM,EUR,87.6,-3.24,90,91.5,
232d4325-bb9a-4957-bdf6-f8bb931fba5b,06/21/2011,12:00,ZEW Survey – Economic Sentiment (Jun),MEDIUM,EUR,-9,-1.43,-1.5,3.1,
1b55241a-b42c-45d9-a18e-d42a50ee5a7a,06/21/2011,12:00,ZEW Survey – Economic Sentiment (Jun),MEDIUM,EUR,-5.9,-2.59,9.4,13.6,
6c99046f-31c2-4321-8410-5e3ac017a93a,06/21/2011,12:00,Unemployment Rate (May),LOW,EUR,7.8%,-,-,8% ,
032ed74b-ed17-49cc-80d3-4c5ce6edc6a9,06/21/2011,13:00,CBI Industrial Trends Survey – Orders (MoM) (Jun),LOW,GBP,1%,0.61,-5%,-2%,
d914ce46-5a4a-46ff-850e-94de9b529c99,06/21/2011,15:00,Mid-month Inflation (May),LOW,BRL,0.23%,-,-,0.7%,
5c5bcf7a-74ee-4f67-acb6-346b91c69f9e,06/21/2011,15:30,Leading Indicators (MoM) (May),MEDIUM,CAD,0.8%,1.36,0.6%,0.8% ,
bf1dae6e-a9a6-41a6-bb18-678954b4ef6e,06/21/2011,15:30,Retail Sales (MoM) (Apr),MEDIUM,CAD,0.3%,-0.11,0.4%,0.6% ,
cae3db93-65d7-4c46-bf87-60497ab7804d,06/21/2011,15:30,Retail Sales ex Autos (MoM) (Apr),LOW,CAD,0%,-1.06,0.6%,0.6% ,
12d5aa74-053c-4405-ad20-f9a103b4d77b,06/21/2011,16:00,Private Spending (QoQ) (Q1),LOW,MXN,0.88%,-,-,1.12% ,
20adcde3-2735-4bc2-a85d-819bc505bc10,06/21/2011,16:00,Private Spending (YoY) (Q1),LOW,MXN,4.9%,-,-,4.6%,
934ad2eb-5555-4821-8c75-e4e7b2115f64,06/21/2011,17:00,Existing Home Sales (MoM) (May),MEDIUM,USD,4.81M,-0.23,4.85M,4.17M,
298564f4-81f8-4874-9f7b-bc06fb38077a,06/21/2011,17:00,Existing Home Sales Change (MoM) (May),MEDIUM,USD,-3.8%,0.04,-4%,-2.1% ,
0dacd3ab-cb3b-48cf-8d32-2f88db149f2b,06/22/2011,01:45,Current Account (QoQ) (Q1),MEDIUM,NZD,$-0.09B,3.64,$-3.89B,$-2.807B,
4c84bb3c-8393-46f1-b612-7dce15165d04,06/22/2011,03:30,Westpac Leading Index (MoM) (May),MEDIUM,AUD,-0.18%,-,-,-0.06% ,
6f1691d2-4b45-4648-a0c0-ceb4d12406c5,06/22/2011,09:45,Business Climate in Manufacturing (Jun),LOW,EUR,110,-,-,107,
935b8760-99c8-456f-8172-1d18d027e5dc,06/22/2011,10:15,Consumer Confidence (MoM) (Jun),LOW,SEK,16.7,-,-,17.9,
1f98eafa-6d66-49d6-be1c-076c48180a9f,06/22/2011,10:30,Consumer Confidence (Jun),LOW,DKK,3,-,-,2.6,
8dadc96e-fbd8-420c-835f-a667d406fdc0,06/22/2011,10:30,Consumer Confidence Adj (Jun),LOW,EUR,-11,-,-,-10,
c79a8ce3-7d67-4df8-8d78-4beee9a5bd7c,06/22/2011,10:30,Unemployment Rate (May),LOW,SEK,7.9%,-,-,7.9%,
36fb582a-51b0-46a3-b685-33d2e8985888,06/22/2011,11:00,Trade Balance non-EU (May),LOW,EUR,€-1.819B,-,-,€-3.07B,
615c7b26-4368-4c5f-88c4-0b125f507920,06/22/2011,11:00,Labour Force Survey (Q2),LOW,NOK,3.4%,-,-,3.3%,
5305f2ea-8f51-4729-8c9e-83320c02825b,06/22/2011,11:00,Unemployment (MoM) (May),LOW,PLN,12.2%,-,12.1%,12.6%,
276acc10-b0c1-461d-bc5e-cd3e878222e6,06/22/2011,11:00,Consumer Price Index (MoM) (May),LOW,ZAR,0.5%,-,-,0.3%,
4554ae47-cd93-49eb-a4c7-0a0b7b172e1b,06/22/2011,11:00,Consumer Price Index (YoY) (May),LOW,ZAR,4.6%,-,-,4.2%,
18a8b106-0df8-408a-a105-c2fca00a8f62,06/22/2011,11:30,BoE Minutes,HIGH,GBP,,,,,REPORT
b9bc512b-5b6f-4c5b-aa69-b6e51efd03e3,06/22/2011,12:00,ZEW Survey – Expectations (Jun),MEDIUM,CHF,-24.3,-,-,-11.5,
d31ce9af-1847-410f-a262-b41ff6d2c4db,06/22/2011,12:00,Industrial New Orders (YoY) (Apr),MEDIUM,EUR,10.3%,-2.71,14%,14.1% ,
ad4c5469-a503-4719-a453-4fc7c21b0303,06/22/2011,12:00,Industrial New Orders s.a. (MoM) (Apr),MEDIUM,EUR,-0.1%,-0.66,1%,-1.8% ,
aeabc393-d76d-4764-bce4-cabbd21ff624,06/22/2011,12:00,Retail Sales (YoY) (May),LOW,PLN,13.8%,0.18,13.1%,18.6%,
3e5b1d9a-93f2-45ac-a280-ffd92e64cfde,06/22/2011,13:00,Current Account Balance (Apr),LOW,EUR,€-3.912B,-,-,€-2.94B,
82a6eb50-0e3d-4206-ad1e-9c7a4244bf93,06/22/2011,14:00,MBA Mortgage Applications,LOW,USD,-5.9%,-,-,13%,
30dfd2a4-dcb8-4a31-a72b-e92fbd068539,06/22/2011,15:00,Norges Bank Interest Rate Decision,LOW,NOK,2.25%,-,-,2.25%,
2dd87a9d-2b3c-4727-b676-202c4279c29d,06/22/2011,15:00,Net Inflation (May),LOW,PLN,2.4%,0.67,2.2%,2.1%,
943c82ca-7090-4f28-ab96-f153182c71d7,06/22/2011,15:30,Unemployment Rate (May),LOW,BRL,6.4%,-,-,6.4%,
c4bfda68-63e5-4547-81d8-f9d84c532e65,06/22/2011,16:00,Retail Sales (MoM) (May),LOW,MXN,1.1%,-,-,-0.3% ,
c2e00c9c-1d48-4a16-82c6-224ea42b0bc7,06/22/2011,16:00,Retail Sales (YoY) (May),LOW,MXN,4.9%,-,-,1%,
8049591b-828e-44a0-8ecd-461eb4465528,06/22/2011,16:00,Gross Domestic Product Monthly (YoY) (May),LOW,RUB,3.8%,-,-,3.3%,
c91734f3-62fd-4963-bef8-1826506edc4b,06/22/2011,17:00,Consumer Confidence (Jun) PREL,MEDIUM,EUR,-10.3,-0.73,-10,-9.8,
073398b1-8e34-4ef9-9753-e45c4f2395f3,06/22/2011,17:00,Housing Price Index (MoM) (Apr),LOW,USD,0.2%,0.60,-0.2%,-1.1% ,
09cdfa21-00fe-454c-9404-32581f0718e5,06/22/2011,17:30,EIA Crude Oil Stocks Change,LOW,USD,-1.7M,-,-1.8M,-3.4M,
a36559f3-eef3-4caa-a8ef-561da750c1d4,06/22/2011,19:30,Fed Interest Rate Decision,HIGH,USD,0.25%,0,0.25%,0.25%,
2a0141cb-c51b-4156-ab4e-297053115a9e,06/22/2011,21:15,Fed's Monetary Policy Statement and Press Conference,HIGH,USD,,,,,SPEECH
925d0995-6dea-4eb4-828b-8af4fdef74a2,06/23/2011,03:00,EcoFin Meeting,MEDIUM,EUR,,,,,ALL DAY
9db63f90-c943-490f-8760-6f45ac91619d,06/23/2011,05:30,RatingDog Manufacturing PMI (Jun) PREL,MEDIUM,CNY,-,-,-,51.1,
00b9f6ff-521b-4fe0-b92f-f55542c324e2,06/23/2011,09:00,Trade Balance (May),MEDIUM,CHF,"3,254M",1.88,"1,790M",1.436M,
f0aa56b0-22c0-4baa-8ae3-06104764311c,06/23/2011,10:00,HCOB Manufacturing PMI (Jun) PREL,LOW,EUR,-,-4.29,54,-,
de28025e-ec1f-4d78-8385-e74ba8ec22a3,06/23/2011,10:00,HCOB Services PMI (Jun) PREL,LOW,EUR,-,-25.33,60.5,-,
ed2462fd-5d2f-40e1-9ae6-f952bf011428,06/23/2011,10:30,HCOB Manufacturing PMI (Jun) PREL,MEDIUM,EUR,-,-1.40,57,-,
bf271278-0513-438d-a9f7-64473fab17f8,06/23/2011,10:30,HCOB Services PMI (Jun) PREL,MEDIUM,EUR,-,2.05,55.7,-,
63ba690f-a362-455e-a49f-19263029229f,06/23/2011,10:30,Gross Domestic Product n.s.a (YoY) (Q1),LOW,EUR,2.8%,-,-,2.5%,
e05dc73e-0452-4d8b-89cf-087e9725d569,06/23/2011,10:30,Gross Domestic Product s.a (QoQ) (Q1),LOW,EUR,0.9%,0,0.9%,0.6%,
d777936d-4cec-47be-8447-579748acd08f,06/23/2011,10:30,Unemployment Rate s.a (3M) (May),LOW,EUR,5.1%,-,-,5%,
a05ecf70-b57f-470b-a447-0f8f34286e89,06/23/2011,10:30,Producer Price Index (MoM) (May),LOW,SEK,-0.9%,-,3.2%,0%,
7ff42645-e333-4296-9492-4c219fa74464,06/23/2011,10:30,Producer Price Index (YoY) (May),LOW,SEK,1%,-,-,1.9%,
c2bc3553-7c32-45de-b6d3-52814a9fda11,06/23/2011,11:00,HCOB Manufacturing PMI (Jun) PREL,MEDIUM,EUR,-,-1.51,53.8,-,
0187e3a8-bca6-4c8e-b28f-1e95c296f002,06/23/2011,11:00,HCOB Services PMI (Jun) PREL,MEDIUM,EUR,-,-1.60,55.3,-,
79f6e859-7021-4106-af36-de195279f172,06/23/2011,11:00,Consumer Confidence (Jun),LOW,EUR,105.8,-,105.3,100.5,
2ae9609d-b617-4606-af24-b131de44f34a,06/23/2011,11:30,BBA Mortgage Approvals (May),LOW,GBP,30.8K,0.72,30K,29.4K,
323fb27a-e392-4e39-93f6-932f20d106f8,06/23/2011,12:00,Central Bank Reserves $,LOW,RUB,$520.3B,-,-,$528B,
cb338b16-52d1-4742-9536-8261074e053a,06/23/2011,13:00,CBI Distributive Trades Survey – Realized (MoM) (Jun),LOW,GBP,-2%,-1.91,12%,18%,
a9db2ee8-6d12-4d95-9a72-f7769597b6b9,06/23/2011,14:00,Gross Domestic Product (YoY) (Q1),LOW,EUR,0.1%,-,-,-,
b927abf2-2993-4996-9517-8750558bab9c,06/23/2011,15:30,Continuing Jobless Claims,LOW,USD,3.714M,2.32,3.67M,3.675M,
c39333f4-7ac9-406e-8482-bbce9228c015,06/23/2011,15:30,Initial Jobless Claims,LOW,USD,429K,1.24,414K,420K,
992f286f-0e73-46d4-b607-6295b4c5a3b7,06/23/2011,16:00,Leading Indicator (Jun),LOW,EUR,-1.1,-,-,-,
0d24ae63-4241-4b36-8425-115f899a09da,06/23/2011,16:00,Jobless Rate (May),LOW,MXN,5.2%,-,-,5.1%,
8262369b-852f-4d83-98cf-d990c22ca31b,06/23/2011,16:00,Jobless Rate s.a (May),LOW,MXN,5.54%,-,-,5.17% ,
7faec359-4c4e-4a22-b08b-2287057ecaf6,06/23/2011,17:00,1st half-month Core Inflation (Jun),LOW,MXN,0.04%,-,-,0.07%,
1e040784-6007-40e1-8c88-716d81640625,06/23/2011,17:00,1st half-month Inflation (Jun),LOW,MXN,-0.05%,-,-,-0.75%,
e79b09f2-2768-4c0b-b415-8048aae0fb61,06/23/2011,17:00,New Home Sales (MoM) (May),MEDIUM,USD,0.308M,-0.10,0.31M,0.31M,
97b821a3-5e94-428f-842c-524f9b9a1ddc,06/23/2011,17:00,New Home Sales Change (MoM) (May),MEDIUM,USD,-0.6%,0.39,-4%,3.3% ,
813ec39a-6933-4230-adce-109f315bcb45,06/23/2011,19:00,ECB's President Trichet speech,MEDIUM,EUR,,,,,SPEECH
2ebed159-79e2-4fd8-954f-9f46ac1324b6,06/23/2011,22:00,Trade Balance (MoM) (May),LOW,ARS,"$1,680M",-,-,"$1,300M",
27154e3e-dbde-4d04-a568-7c98a8aeabda,06/24/2011,00:00,Consumer Sentiment Index (Jun),LOW,KRW,102,-,-,104,
3964faab-a7f5-44d6-a7eb-573db4f3a943,06/24/2011,02:30,Primary Budget Balance (MoM) (May),LOW,ARS,3.14,-,-,1.97,
2b5f0d66-fb0b-4eb1-aa53-40c6077986d1,06/24/2011,02:50,Corporate Service Price Index (YoY) (May),LOW,JPY,-0.9%,-1.18,-0.7%,-0.8% ,
97968524-f90f-4956-973d-f0d428b9249f,06/24/2011,03:00,EcoFin Meeting,MEDIUM,EUR,,,,,ALL DAY
43d46ab6-ae6a-418e-be12-ccedaaa91b79,06/24/2011,09:45,Consumer Confidence (Jun),LOW,EUR,83,-,84,87,
7b458c5f-e63e-457c-8866-585fc296e7db,06/24/2011,10:00,Retail Sales (YoY) (Apr),LOW,HUF,-1.2%,-,-,-0.9%,
bcc06676-c197-4e78-b4fc-5357599c2b51,06/24/2011,10:30,Industrial Production (YoY) (Apr),LOW,EUR,9.3%,-,-,-,
ed697d19-ad10-4eb8-95b5-5c051bd9f1df,06/24/2011,10:30,SNB Quarterly Bulletin,LOW,CHF,,,,,REPORT
e0e1c21d-5f06-47bb-aeb3-9cc039f4f060,06/24/2011,10:30,Business Confidence (Jun),LOW,EUR,2,-,-,3.1,
4ab996f8-0ce0-42e3-ab19-71699409fc54,06/24/2011,10:30,Consumer Spending Volume (Apr),LOW,EUR,0.5%,-,-,0.2% ,
74c14f09-854b-45ac-b028-97744ea9d369,06/24/2011,11:00,IFO – Business Climate (Jun),MEDIUM,EUR,114.5,0.87,113.4,102.3,
b53d7998-4f68-40aa-bbaa-cdb30114cf98,06/24/2011,11:00,IFO – Current Assessment (Jun),MEDIUM,EUR,123.3,1.27,120.8,103,
ec16e738-6a6e-4f98-9933-c1bd414ed8fe,06/24/2011,11:00,IFO – Expectations (Jun),MEDIUM,EUR,106.3,0.00,106.3,101.6,
8986b889-667b-460e-871a-2e2b2b63e48e,06/24/2011,11:00,Retail Sales n.s.a (YoY) (Apr),LOW,EUR,2.2%,-,-0.7%,-2% ,
20197e53-5576-4678-80df-0ddd020acf9f,06/24/2011,11:00,Retail Sales s.a. (MoM) (Apr),LOW,EUR,0.2%,-,-0.1%,-0.2%,
0fc678af-f3ca-4160-8d88-a06ecbe331bb,06/24/2011,11:00,Foreign Arrivals (May),LOW,TRY,4.28%,-,-,31.3%,
72e2a02a-34ef-4b44-9026-522f3792ed0b,06/24/2011,12:30,BoE's Governor King speech,MEDIUM,GBP,,,,,IN PROGRESS
50aea8ec-3e81-4bb0-94e5-f10581bd725e,06/24/2011,14:30,"FX Reserves, USD",LOW,INR,$310.562B,-,-,$310.503B,
9478c95b-750f-4448-877d-ebd428619617,06/24/2011,14:30,Capacity Utilization (Jun),LOW,TRY,76.7%,-,-,75.2%,
64ffc618-f6b4-4a69-bdac-8cd5a7b0f278,06/24/2011,14:30,Manufacturing Confidence (Jun),LOW,TRY,114.6,-,-,117.2,
daec2f07-b7e1-48ff-a24f-9954b0a2178a,06/24/2011,15:30,Core Personal Consumption Expenditures (QoQ) (Q1),LOW,USD,2.1%,-0.06,2.2%,2.2%,
7bc79349-3820-45fa-aeee-6e0c9b3ccc6a,06/24/2011,15:30,Durable Goods Orders (May),MEDIUM,USD,1.9%,0.18,1.6%,-5.6% ,
4e4a9345-4fe5-4ae6-a3b9-0fc18271484d,06/24/2011,15:30,Durable Goods Orders ex Transportation (May),MEDIUM,USD,0.7%,-0.15,1%,-1.7% ,
21adfffa-153b-4283-bb4b-8e9a3bbdf31b,06/24/2011,15:30,Gross Domestic Product Annualized (Q1),HIGH,USD,0.4%,-6.48,1.9%,1.8%,
54f16ebf-aaf6-47bb-b507-ccb1fc2f9189,06/24/2011,15:30,Gross Domestic Product Price Index (Q1),LOW,USD,4%,3.84,1.9%,3.8%,
8eaf9179-0346-4794-81f3-e0a7c1f43214,06/24/2011,16:00,"Trade Balance s/a, $ (May)",LOW,MXN,$-0.264B,-,-,$-0.123B,
ff7ad3a9-0405-4cf6-9cd2-0840c321359e,06/24/2011,16:00,"Trade Balance, $ (May)",LOW,MXN,$0.555B,-,-,$0.767B,
dae41cc3-d02a-4b01-ad84-3a95d9629f36,06/24/2011,22:00,Monthly Econ Activity (MoM) (Apr),LOW,ARS,7.1%,-,-,7.8%,
4aace3c2-1283-46c0-b5ec-6f35b32fe406,06/27/2011,01:45,Trade Balance NZD (MoM) (May),MEDIUM,NZD,$552M,-1.48,"$1,000M","$1,158M",
ea645a18-7539-4699-8e05-66d300a93678,06/27/2011,09:00,Consumer Confidence (Jun),LOW,EUR,11.4,-,-,15.4,
6df9ad1d-bbf8-4c83-bea1-d87b2f5d7b62,06/27/2011,10:30,Trade Balance (MoM) (May),LOW,SEK,6.3B,-,-,5.8B,
b2e1b970-a3cd-4894-84bd-d544edcc2d7a,06/27/2011,11:00,Industrial Confidence (Jun),LOW,EUR,5,-,-,8,
b4da26d8-ee03-46f4-804f-4fc7b5019c5a,06/27/2011,11:00,Wage Inflation (MoM) (May),LOW,EUR,0%,-,-,0.1%,
298f359d-9a05-474b-8062-83725e3c2b38,06/27/2011,11:00,Wage Inflation (YoY) (May),LOW,EUR,1.8%,-,-,1.8%,
f3a45ef6-14d4-46f5-8de9-017d61b5e0df,06/27/2011,12:00,Consumer Price Index (MoM) (Jun),LOW,ISK,0.5%,-,-,0.94%,
7dce1688-7d01-4a6b-9768-c1900ef20113,06/27/2011,12:00,Consumer Price Index (YoY) (Jun),LOW,ISK,4.2%,-,-,3.4%,
d1e9ae11-7ee5-44c7-be4f-f4f070897384,06/27/2011,15:30,Core Personal Consumption Expenditures - Price Index (MoM) (May),LOW,USD,0.2%,0,0.2%,0.2%,
33342937-1c1a-4578-adde-eb5a552d7a54,06/27/2011,15:30,Core Personal Consumption Expenditures - Price Index (YoY) (May),LOW,USD,1.3%,1.71,1.1%,1.4% ,
b2c57f58-7b88-404e-9309-c799b67c6842,06/27/2011,15:30,Personal Consumption Expenditures - Price Index (MoM) (May),LOW,USD,0.2%,2.12,0.1%,0.4% ,
8bd0524e-fa6e-4f0a-82a2-4b2f2e537864,06/27/2011,15:30,Personal Consumption Expenditures - Price Index (YoY) (May),LOW,USD,2.6%,1.96,2.4%,2.5% ,
18c1c0dc-95a8-47dc-8e29-cca137b776b6,06/27/2011,15:30,Personal Income (MoM) (May),MEDIUM,USD,0.2%,-0.58,0.4%,0.3%,
e7ee60e8-16f3-427b-998a-422826fa9229,06/27/2011,16:30,Current Account (May),LOW,BRL,$-4.1B,-,-,$-3.5B,
54ee6c62-8373-4751-82f0-012c60425996,06/28/2011,02:00,Current Account Balance (May),LOW,KRW,0.63B,-,-,1.82B,
e52253e8-287f-4841-9166-01e706e7f8be,06/28/2011,02:50,Large Retailer Sales (May),MEDIUM,JPY,-2.5%,-0.45,-1.9%,-1.9%,
688566e3-ad4a-4648-95cb-93d2c53e71aa,06/28/2011,02:50,Retail Trade (YoY) (May),MEDIUM,JPY,-1.3%,0.50,-2.2%,-3.9% ,
90dac0f2-568b-4b22-9d7b-a1bd0c66df29,06/28/2011,02:50,Retail Trade s.a (MoM) (May),LOW,JPY,2.4%,0.79,1%,4.1%,
d91e33a2-fe91-4799-a6ba-f4276cb6278f,06/28/2011,09:00,UBS Consumption Indicator (May),MEDIUM,CHF,1.88,-,-,1.58,
31c1c7b0-42be-4120-b429-c3d24a9e2ea4,06/28/2011,09:00,GfK Consumer Confidence Survey (Jul),MEDIUM,EUR,5.5,0.88,5.3,5.5,
504a8ad5-c720-464e-9d3f-be4fa9bbad04,06/28/2011,10:30,Retail Sales (MoM) (May),LOW,SEK,-2.3%,-,-,1.6%,
52ee973c-069a-4600-927f-c1b1059b0a38,06/28/2011,10:30,Retail Sales (YoY) (May),LOW,SEK,-1.1%,-,-,5.2%,
78b89e98-165e-404c-b6ec-35ab1b8c373e,06/28/2011,11:00,Producer Price Index (MoM) (May),LOW,EUR,-0.1%,-,0.1%,0.2%,
92475326-257d-4584-8ba5-b9dd2512d8c8,06/28/2011,11:00,Producer Price Index (YoY) (May),LOW,EUR,4.5%,-,4.8%,5.2%,
8288b7a4-6c24-4ca3-840a-65296f562e81,06/28/2011,11:30,Current Account (Q1),MEDIUM,GBP,£-4.12B,0.14,£-4.7B,£-12.416B,
12cecca4-3b77-40a9-8d16-a53d3d930296,06/28/2011,11:30,Gross Domestic Product (QoQ) (Q1),HIGH,GBP,0.4%,-0.21,0.5%,0.5%,
a764200e-9190-4570-84f7-fb6813f460ee,06/28/2011,11:30,Gross Domestic Product (YoY) (Q1),MEDIUM,GBP,1.6%,-0.57,1.8%,1.8%,
276623a1-9d79-4d68-898a-4057824c7f09,06/28/2011,11:30,Total Business Investment (QoQ) (Q1),LOW,GBP,-3.2%,0.72,-7.1%,-7.1%,
db656dbd-02b1-4b85-9e99-e97bf6c66e92,06/28/2011,11:30,Total Business Investment (YoY) (Q1),MEDIUM,GBP,2.7%,1.52,-3.2%,-3.2%,
06804c9c-ea52-4fe9-ab76-e72600aa810b,06/28/2011,12:00,Business Confidence (Jun),LOW,EUR,100.5,-,100.7,101.3,
0624adc9-3182-4a0a-9a6a-73c65590a934,06/28/2011,14:00,Consumer Confidence (May),LOW,EUR,56.3,-,-,-,
40289963-c41c-4a24-bd12-e0611f1f26c0,06/28/2011,15:41,Consumer Price Index (YoY) (Jun) PREL,HIGH,EUR,2.3%,-,-,2.3%,
14e8f00b-df05-4604-9c10-956063f2ba7c,06/28/2011,15:41,Consumer Price Index (MoM) (Jun) PREL,MEDIUM,EUR,0.1%,0.00,0.1%,0%,
8f32382c-4825-4f9e-96a6-a7f58c3107f4,06/28/2011,16:00,S&P/Case-Shiller Home Price Indices (YoY) (Apr),LOW,USD,-4%,0.00,-4%,-4% ,
7e8b67c1-2257-4365-a33c-fc5791cbb97b,06/28/2011,17:00,Consumer Confidence (Jun),MEDIUM,USD,57.6,-0.58,61,60.8,
5f09eeed-511d-4767-97d8-588e5b847c63,06/28/2011,17:00,Richmond Fed Manufacturing Index (Jun),LOW,USD,3,0.13,2,-1,
c64df950-5127-41dd-9815-fc6b4d02aef0,06/28/2011,19:00,Fed's Richard Fisher speech,MEDIUM,USD,,,,,SPEECH
551228db-fa32-4393-aa6c-7acfca45ee0a,06/28/2011,21:45,ECB's President Trichet speech,MEDIUM,EUR,,,,,SPEECH
a2f92f8b-c28a-4f6d-aafa-6d46bca7c106,06/29/2011,02:50,Industrial Production (MoM) (May) PREL,LOW,JPY,5.7%,0.09,5.5%,1.6%,
015d8513-9f0c-46d0-b25f-36a0fa6fff34,06/29/2011,02:50,Industrial Production (YoY) (May) PREL,MEDIUM,JPY,-5.9%,0.29,-6.3%,-5.9%,
07b48721-3dd6-4e19-bb83-cd4765fca89b,06/29/2011,08:30,Gross Domestic Product (QoQ) (Q1),LOW,EUR,0.9%,-,1%,1%,
64330484-b929-4d4a-a29b-7e5791740c4d,06/29/2011,10:00,Industrial Outlook (Jun),LOW,DKK,4,-,-,12,
d9d1f24a-16c9-4289-bbc6-8d6db4939bfc,06/29/2011,10:00,Retail Sales (YoY) (May),LOW,EUR,-6.6%,-,-,-2%,
7524f26d-086f-41c7-9d93-1e7c0dfba796,06/29/2011,10:00,Unemployment Rate (3M) (May),LOW,HUF,11%,-,-,11.4%,
a4451223-d332-4cb7-b5e7-8b49e6058438,06/29/2011,11:00,Foreign Debt (Q1),LOW,CZK,71.29B,-,-,71.38B,
53f8383c-2b51-4e62-8bb8-63f88116c253,06/29/2011,11:00,Credit Indicator (May),LOW,NOK,6.5%,-,-,6.4%,
6644f4e7-4cae-4a0b-aa95-642af101ca4b,06/29/2011,11:00,Current Account Balance EUR (Apr),LOW,EUR,€-278M,-,-,€-151M,
d9536a8f-b1a4-4489-bc1c-4e01aea37df1,06/29/2011,11:30,Consumer Credit (May),MEDIUM,GBP,£0.3B,-,£0.4B,£-0.1B,
2a191d85-772e-4ebc-9208-78df54e42772,06/29/2011,11:30,Index of Services (3M/3M) (Apr),LOW,GBP,0.9%,0.77,0.7%,0.8% ,
53ba3d3b-dd7a-4a40-adb9-b93ca81f6133,06/29/2011,11:30,M4 Money Supply (MoM) (May),LOW,GBP,0.1%,-0.29,0.3%,-0.3% ,
9b7807b6-13d0-451d-9430-5cb99baa20aa,06/29/2011,11:30,M4 Money Supply (YoY) (May),LOW,GBP,-0.3%,-,-,-0.9%,
fbaa9ad8-ebb2-4655-a625-5310fdfd77ef,06/29/2011,11:30,Mortgage Approvals (May),MEDIUM,GBP,46.418K,0.07,46.3K,46.029K,
3acac8ee-ae47-4982-a024-b45b55373639,06/29/2011,11:30,Net Lending to Individuals (MoM) (May),LOW,GBP,£1.3B,0.25,£1.2B,£1.1B,
afe23235-242c-422a-8050-7d6b23d8acc9,06/29/2011,12:00,Consumer Confidence (Jun),MEDIUM,EUR,-9.7,0.96,-10,-10.3,
4a321dbb-6299-4890-a3ca-043a5ff87427,06/29/2011,12:00,Economic Sentiment Indicator (Jun),LOW,EUR,105.4,0.58,105,101.6,
01a3f9d7-81ab-47e1-a01c-d79fe3889f9a,06/29/2011,12:00,Industrial Confidence (Jun),LOW,EUR,3.5,0.00,3.5,2.1,
271eb255-a25a-42a5-bec9-f06eb6260643,06/29/2011,12:00,Business Confidence (Jun),LOW,EUR,-2.2,-,-,-2,
db4505bc-6f05-4242-b7a6-02f8c8b94fa7,06/29/2011,12:00,Consumer Confidence (Jun),LOW,EUR,-50.7,-,-,-37.1,
c6d96626-0538-41f0-8db8-e9d71e5d7e3b,06/29/2011,12:00,Producer Price Index (YoY) (May),LOW,EUR,7.3%,-,-,-,
800152cc-9f8e-4864-8322-00a222b5c875,06/29/2011,12:30,Consumer Price Index (MoM) (Jun),LOW,EUR,0.31%,-,-,-,
1e714e4d-d427-46e1-bdad-f706a4ecf7b0,06/29/2011,12:30,KOF Leading Indicator (Jun),MEDIUM,CHF,2.23,0.00,2.23,2.3,
d848383b-4511-4fb6-80cf-713b3886e172,06/29/2011,12:30,Consumer Price Index (YoY) (Jun),LOW,EUR,3.67%,-,-,-,
02bca83a-cf24-448c-b7a4-746daaab294c,06/29/2011,13:00,Retail Sales (YoY) (May),LOW,EUR,-2.1%,-,-,-,
787004bd-ff23-4c2d-8510-33bb504468b6,06/29/2011,13:00,Retail Sales (MoM) (May),LOW,EUR,1.3%,-,-,-,
571beb7a-6fac-4246-b56f-24e598db3a4f,06/29/2011,13:30,Inflation Index/IGP-M (Jun),NONE,BRL,-0.18%,-,-,0.43%,
15014324-3053-451f-a3ac-a0e039800c11,06/29/2011,14:00,BoC Consumer Price Index Core (MoM) (May),LOW,CAD,0.5%,1.05,0.2%,0.2%,
6e100ee1-38e2-4b99-93d6-1374810c82e1,06/29/2011,14:00,BoC Consumer Price Index Core (YoY) (May),MEDIUM,CAD,1.8%,1.02,1.5%,1.6%,
868f6470-c1f6-467f-85c2-71192bec92d1,06/29/2011,14:00,Consumer Price Index (MoM) (May),MEDIUM,CAD,0.7%,1.53,0.3%,0.3%,
39528392-2018-482d-b56a-19df64ba7ff0,06/29/2011,14:00,Consumer Price Index (YoY) (May),HIGH,CAD,3.7%,1.67,3.3%,3.3%,
967b007b-0eff-4daa-acf6-8120ebe0c218,06/29/2011,14:00,Greek Austerity Plan Vote,HIGH,EUR,-,-,-,-,
83cb277d-a8e3-4b09-ac80-db9477f34837,06/29/2011,14:00,MBA Mortgage Applications,LOW,USD,-2.7%,-,-,-5.9%,
23754431-3f9e-40c1-bc5d-4b8ed92c80ad,06/29/2011,17:00,Pending Home Sales (MoM) (May),LOW,USD,8.2%,1.70,0.8%,-3.3% ,
67f10160-6835-4b9f-89a3-56c0d7e676b0,06/29/2011,17:30,EIA Crude Oil Stocks Change,LOW,USD,-4.4M,-,-,-1.7M,
e3764cdf-b892-4302-b4bd-187362eb29d5,06/30/2011,00:00,BOK Manufacturing BSI (Jul),LOW,KRW,87,-,-,93,
6f105df1-aa77-4ee6-a4a3-a166801ee5f7,06/30/2011,01:45,Building Permits s.a. (MoM) (May),LOW,NZD,2.4%,-0.13,3.2%,-1.6% ,
11a7fee5-c586-4f63-b6c0-edf5115aedd8,06/30/2011,02:00,Industrial Output (YoY) (May),LOW,KRW,8.1%,-,-,6.9%,
939384a5-169b-4037-8f05-87cbdc4e87bd,06/30/2011,02:00,Industrial Output Growth (May),LOW,KRW,0.9%,-,-,-1.5%,
b9507ac4-745b-4b0f-a789-ebc9bdbb92d7,06/30/2011,02:00,Service Sector Output (May),LOW,KRW,0.9%,-,-,0%,
03e494e4-cad9-4b11-9532-20cedf0bc1c1,06/30/2011,02:01,GfK Consumer Confidence (Jun),MEDIUM,GBP,-25,-0.17,-24,-21,
d09c5ebc-78f1-4045-8ef2-f4c6c80bd779,06/30/2011,02:15,Jibun Bank Manufacturing PMI (Jun),MEDIUM,JPY,-,-,-,-,
c414b6ef-474a-4c3f-915f-f143a7ae4016,06/30/2011,04:00,ANZ Business Confidence (Jun),MEDIUM,NZD,46.5,-,-,38.3,
eabcd49a-9140-4a96-b3e1-b8d39c877c35,06/30/2011,04:30,Private Sector Credit (MoM) (May),MEDIUM,AUD,0.3%,-0.36,0.4%,0%,
983b9e03-2139-4b71-ba51-be24d74ebe4a,06/30/2011,04:30,Private Sector Credit (YoY) (May),MEDIUM,AUD,3.1%,-0.32,3.2%,3.3%,
fde4fbd9-4404-4888-94f4-c26549c2a1f4,06/30/2011,08:00,Annualized Housing Starts (May),MEDIUM,JPY,0.815M,1.14,0.79M,0.805M,
98a69738-23a9-446e-9cb7-92a65968e80a,06/30/2011,08:00,Construction Orders (YoY) (May),MEDIUM,JPY,25.5%,-,-,31.4%,
ce12cecf-edc9-4ff0-9e11-37d1ffb49eeb,06/30/2011,08:00,Housing Starts (YoY) (May),MEDIUM,JPY,6.4%,1.19,3.1%,0.3%,
1f4029ba-a846-44f8-8116-06584925d72e,06/30/2011,09:00,Retail Sales (MoM) (May),MEDIUM,EUR,-2.5%,-5.91,0.7%,1.5% ,
88ddb0d5-0001-4943-86da-b20b11f3facf,06/30/2011,09:00,Retail Sales (YoY) (May),MEDIUM,EUR,3.1%,-,-,4.8% ,
53b6aefd-832d-4c7b-92f0-11c875de49a9,06/30/2011,09:00,Nationwide Housing Prices n.s.a (YoY) (Jun),LOW,GBP,-1.1%,-,-,-1.2%,
8da45317-25a5-4b63-b7e8-6be47865ce04,06/30/2011,09:00,Nationwide Housing Prices s.a (MoM) (Jun),LOW,GBP,0%,-0.22,0.1%,0.1% ,
c836cefd-ba46-4213-a5df-92a75fbd7956,06/30/2011,09:00,M3 Money Supply (YoY) (May),LOW,ZAR,6.19%,-,-,6%,
d1521bba-5aa7-45a2-a4c2-c1e1500a5699,06/30/2011,09:00,Private Sector Credit (May),LOW,ZAR,5.22%,-,-,6.18%,
3b510aa6-6224-40ac-a008-d7e3869bcf23,06/30/2011,09:30,Current Account Balance (QoQ) (Q1),LOW,HUF,0.385,-,-,0.366,
af96a086-abcf-4bfe-9e9e-8d71109f3602,06/30/2011,09:45,Consumer Spending (MoM) (May),LOW,EUR,-0.3%,-,1%,-1.8% ,
657daf97-d7d3-4561-aee4-a76dc69f04cd,06/30/2011,09:45,Producer Prices (MoM) (May),LOW,EUR,-0.5%,-,0.2%,1% ,
0d867354-2f58-47b6-9bb1-57c34c69a35d,06/30/2011,10:00,ECB's President Trichet speech,MEDIUM,EUR,,,,,SPEECH
e83504eb-bd9d-4766-9d09-7b219c98836a,06/30/2011,10:00,Harmonized Index of Consumer Prices (YoY) (Jun) PREL,LOW,EUR,3%,-,-,3.4%,
f90e8d1e-b974-4802-8e64-e4d8fe504d89,06/30/2011,10:00,Producer Price Index (YoY) (May),LOW,HUF,1.2%,-,-,4.9%,
6bf5d786-73f7-46ef-91a5-995bedfab4bd,06/30/2011,10:00,Trade Balance (Apr),LOW,HUF,€479.3M,-,-,€479M,
f7f148ab-97ab-4f48-a8e0-2d1e570b8a2d,06/30/2011,10:00,Quarterly Gross Domestic Product (Q1),LOW,TRY,11%,-,-,9.7% ,
b4a8aba7-4b87-4bcf-9a77-fc318669067c,06/30/2011,10:00,Trade Balance (May),LOW,TRY,-10.06B,-,-,-9.052B,
0b2fa2e5-838a-49a2-a865-e4cccd07399b,06/30/2011,10:01,Central Bank Reserves $,LOW,RUB,$537.7B,-,-,$520.3B,
b981a790-0bc5-4df7-b1af-394458ccd550,06/30/2011,10:30,Gross Domestic Product (QoQ) (Q1),LOW,DKK,-0.1%,-,-,-0.5%,
98760dcd-c194-48d7-a092-49c8e4145273,06/30/2011,10:30,Gross Domestic Product (YoY) (Q1),LOW,DKK,1.7%,-,-,1.1%,
0a53e371-78c6-4539-b8b3-25dcbc30cba9,06/30/2011,10:30,Unemployment Rate (May),LOW,DKK,4%,-,-,3.8%,
84ef1122-5045-444b-9dfd-f2b323512d3d,06/30/2011,10:55,Unemployment Change (Jun),MEDIUM,EUR,-8K,0.41,-17K,-15K,
65b86b05-f6bf-41bf-8e64-6c5315400e7d,06/30/2011,10:55,Unemployment Rate s.a. (Jun),MEDIUM,EUR,7%,0.00,7%,7.1% ,
d2b390ab-67cb-4939-9bf0-665fbb2e495c,06/30/2011,11:00,M2 Money Supply (YoY) (May),LOW,CZK,2.6%,-,-,1.2%,
a0ebd996-3d4c-431b-a3ba-b25dce33fb8d,06/30/2011,11:00,M3 Money Supply (3m) (May),LOW,EUR,2.2%,0.68,2.1%,2.1%,
0d707e62-bb17-4d6d-b1f2-64e5f716466c,06/30/2011,11:00,M3 Money Supply (YoY) (May),LOW,EUR,2.5%,1.21,2.1%,1.5% ,
8b82232e-57e2-4632-a4bc-33990312bdeb,06/30/2011,11:00,Retail Sales (May),LOW,NOK,1.2%,-,-,0.1%,
d046243b-2407-40aa-b2be-2f1c2ae33478,06/30/2011,11:30,Bank of England Credit Conditions Report (QoQ) (Q2),MEDIUM,GBP,-,-,-,-,
21a4deb5-1d58-4c87-a027-bf50157e9d3e,06/30/2011,11:48,Current Account Balance (Apr),LOW,EUR,€-3.36B,-,-,€-3.06B,
40f880e8-b1f7-476f-8454-348a78ab11c1,06/30/2011,12:00,Harmonized Index of Consumer Prices (YoY) (Jun) PREL,MEDIUM,EUR,2.7%,-1.34,2.8%,2.7%,
0f24dd4e-9f16-41cc-b5f7-74f7702e4b7f,06/30/2011,12:00,Consumer Price Index (EU Norm) (MoM) (Jun) PREL,LOW,EUR,0.1%,0,0.1%,0.1%,
3e8f4854-3990-410f-abbd-6b53329f4063,06/30/2011,12:00,Consumer Price Index (EU Norm) (YoY) (Jun) PREL,LOW,EUR,3%,0,3%,3%,
3448b039-eac6-4c7a-a694-90be78356970,06/30/2011,12:00,Consumer Price Index (MoM) (Jun) PREL,LOW,EUR,0.1%,0,0.1%,0.1%,
abe6f062-9a67-415c-bbf9-633973429055,06/30/2011,12:00,Consumer Price Index (YoY) (Jun) PREL,LOW,EUR,2.7%,0,2.7%,2.7%,
1e97c543-c7d5-49d6-9d35-d07c07678a66,06/30/2011,12:00,Retail Sales (YoY) (Apr),LOW,EUR,-8.8%,-,-,-,
18fc16b9-20fb-4260-b32e-c0bbbfa608aa,06/30/2011,12:30,Producer Price Index (MoM) (May),LOW,ZAR,0.4%,-,-,0.9%,
7537cb8a-9d2b-496b-92f9-0b11327d1abd,06/30/2011,12:30,Producer Price Index (YoY) (May),LOW,ZAR,6.9%,-,-,6.6%,
522c16e9-5375-49ab-b503-6da1b3c132fd,06/30/2011,14:00,Greek Austerity Plan Vote,HIGH,EUR,-,-,-,-,
93dc0c29-545c-431c-adc4-67c06b0a9be8,06/30/2011,14:30,Balance Payment $ (Q4),LOW,INR,$2B,-,-,$4B,
1a048b44-48d8-4d01-bf18-c9caf5f95423,06/30/2011,14:30,Current Account Balance $ (Q4),LOW,INR,$-5.4B,-,-,$-9.7B,
1351cb93-9bc9-43ed-9e62-613ef9592c88,06/30/2011,14:30,External Debt (Q4),LOW,INR,305.9B,-,-,297.5B,
140703d5-0828-4704-b044-4e742ec8ffa8,06/30/2011,14:30,Trade Deficit – RBI (Q4),LOW,INR,-29.9B,-,-,-31.6B,
33059591-ffe9-4eef-a117-9b42bc32ecc8,06/30/2011,15:00,Trade Balance (in Rands) (May),LOW,ZAR,-1B,-,-,0.97B,
eff9d79e-a678-4c97-8277-b67e6e4d81c3,06/30/2011,15:17,"Federal Fiscal Deficit, INR (Apr)",LOW,INR,"1,307.26B",-,-,"3,690.4B",
86bd574f-8b2e-4393-aad1-c372c75fdb8d,06/30/2011,15:17,Infrastructure Output (YoY) (May),LOW,INR,5.2%,-,-,7.4%,
6f61b2e9-8f99-47b3-9bb0-07fa987839ad,06/30/2011,15:30,Gross Domestic Product (MoM) (Apr),MEDIUM,CAD,0%,0.86,-0.1%,0.3%,
85d2ce78-b045-4459-81de-111ae2d6bd1b,06/30/2011,15:30,Continuing Jobless Claims,LOW,USD,3.724M,1.56,3.69M,3.697M,
761d07b1-e21e-4b76-b112-6b06484bcaff,06/30/2011,15:30,Initial Jobless Claims,LOW,USD,432K,1.12,420K,429K,
636351d5-6161-4ded-96f6-8f73ab50d256,06/30/2011,16:30,Nominal Budget Balance (May),LOW,BRL,-14.669B,-,-,-1.59B,
19b7915c-b11d-4fa6-9d1b-15f9c0f72e15,06/30/2011,16:30,Primary Budget Surplus (May),LOW,BRL,7.506B,-,-,18.1B,
d9ed4d73-8de0-4df5-b55e-36543f7b9e11,06/30/2011,16:45,Chicago PMI (Jun),LOW,USD,61.1,1.70,55,58.6,
e9c0167d-b97d-4208-9950-461417d6ef58,07/01/2011,02:00,Consumer Price Index Growth (MoM) (Jun),LOW,KRW,0.2%,-,-,0%,
bf87feb1-fa96-422a-839f-3074ffbc49e6,07/01/2011,02:00,Consumer Price Index Growth (YoY) (Jun),LOW,KRW,4.4%,-,-,4.1%,
27146dcd-ea45-4272-b2bc-c895c7b11d29,07/01/2011,02:30,AiG Performance of Mfg Index (Jun),MEDIUM,AUD,52.9,-,-,47.7,
a47e9730-1101-4830-ba40-2b91007de15c,07/01/2011,02:30,National Consumer Price Index (YoY) (May),MEDIUM,JPY,0.3%,0.26,0.2%,-0.4% ,
43b85de1-accd-4c01-9812-911f4733e904,07/01/2011,02:30,"National CPI ex Food, Energy (YoY) (May)",MEDIUM,JPY,0.1%,2.04,0%,-0.8% ,
260178fe-9c9d-4543-89e2-4b55133ec045,07/01/2011,02:30,National CPI ex Fresh Food (YoY) (May),MEDIUM,JPY,0.6%,2.04,0.5%,-0.2% ,
11a24d49-a6cf-40f0-8af8-b315d52a5260,07/01/2011,02:30,Overall Household Spending (YoY) (May),MEDIUM,JPY,-1.9%,-0.18,-1.7%,-2% ,
5f779ac4-18c2-4b3d-968f-fca8a6c66d97,07/01/2011,02:30,Tokyo Consumer Price Index (YoY) (Jun),LOW,JPY,-0.1%,0.00,-0.1%,-0.6% ,
cbdb2d0d-d8c3-4d4c-99ec-6bb94429f0ca,07/01/2011,02:30,"Tokyo CPI ex Food, Energy (YoY) (Jun)",LOW,JPY,0.1%,0.00,0.1%,-0.6% ,
ffa16d2e-f605-4b60-9533-4ea232a5ad8c,07/01/2011,02:30,Tokyo CPI ex Fresh Food (YoY) (Jun),LOW,JPY,0.1%,-0.54,0.2%,-0.4% ,
501dc124-5baa-47ca-9ac8-5739357c2d77,07/01/2011,02:30,Unemployment Rate (May),MEDIUM,JPY,4.5%,-2.31,4.8%,4.7%,
cb52eea5-235d-46db-9271-ab9c67726863,07/01/2011,02:50,Tankan Large All Industry Capex (Q2),MEDIUM,JPY,4.2%,0.33,2.3%,-0.4%,
e931993e-8eb1-45fb-84d8-d9350ce1608d,07/01/2011,02:50,Tankan Large Manufacturing Index (Q2),MEDIUM,JPY,-9,-0.67,-7,6,
91a60a8e-33a0-4cc8-a124-d2b2fcd2b98e,07/01/2011,02:50,Tankan Large Manufacturing Outlook (Q3),MEDIUM,JPY,2,0.00,2,2,
75cdb4c5-d5ad-45fb-8509-84048bdf83f4,07/01/2011,02:50,Tankan Non - Manufacturing Index (Q2),MEDIUM,JPY,-5,-0.83,-4,3,
779cae72-fcc5-4392-b03d-ecc935203bbb,07/01/2011,02:50,Tankan Non - Manufacturing Outlook (Q2),MEDIUM,JPY,-2,-0.89,0,-1,
4a171629-8d23-434b-96c1-0dad02278445,07/01/2011,03:00,Canada Day,NONE,CAD,,,,,ALL DAY
c6529f41-9fb7-44ec-a7e6-0bdaa1c595ad,07/01/2011,03:00,S&P Global Manufacturing PMI (Jun),LOW,KRW,-,-,-,-,
f59f7208-9114-49e8-b6ec-a36c31defa47,07/01/2011,03:00,Trade Balance (Jun) PREL,LOW,KRW,$3.3B,-,-,$2.2B,
7736b51e-cbf6-4bf3-9bb8-3ff955c20290,07/01/2011,04:00,HIA New Home Sales (MoM) (May),MEDIUM,AUD,-0.2%,-,-,0.2%,
c89deac7-2012-4877-92c6-29919f987698,07/01/2011,04:00,NBS Manufacturing PMI (Jun),MEDIUM,CNY,50.9,-1.09,51.6,52,
1c2d5167-d4a5-4064-bdbc-aebadc72877a,07/01/2011,05:00,Core Inflation (YoY) (Jun),LOW,IDR,4.63%,-,-,4.64%,
424d4cca-5f80-4b1a-abac-ea229401ba9a,07/01/2011,05:00,Exports (Jun),LOW,IDR,18.33%,-,-,16.55%,
9633c3af-a368-4267-9e22-7e271446d193,07/01/2011,05:00,Imports (Jun),LOW,IDR,3.32%,-,-,3.5%,
1dec3a4e-66fd-4ab5-851e-0429099f790d,07/01/2011,05:00,Inflation (MoM) (Jun),LOW,IDR,0.55%,-,-,0.12%,
c33fcd3f-26f2-4d4a-a637-271f21e0f03e,07/01/2011,05:00,Inflation (YoY) (Jun),LOW,IDR,5.54%,-,-,5.98%,
7b000d01-6a10-4ea4-8f9c-3e50e5eb0747,07/01/2011,05:00,Trade Balance (Jun),LOW,IDR,$3.5B,-,-,$1.63B,
fc165a29-824c-45b4-8b59-2a2e68f14452,07/01/2011,05:30,RatingDog Manufacturing PMI (Jun),LOW,CNY,-,-,-,-,
289536f8-ca32-4c9b-bae2-7728b726ec87,07/01/2011,07:00,S&P Global Manufacturing PMI (Jun),LOW,RUB,-,-,-,-,
1f70af60-01d9-4199-8845-a9daa96ad815,07/01/2011,09:30,RBA Commodity Index SDR (YoY) (Jun),LOW,AUD,28.2%,-,-,29.4% ,
beb1d811-4ea2-408c-8c67-de92de9ee288,07/01/2011,09:30,Trade Deficit Government (May),LOW,INR,$14.97B,-,-,$9B,
bdf11ebd-4e75-424a-be2f-b86a6eb99139,07/01/2011,09:30,Manufacturing PMI (Jun),LOW,SEK,52.9,-,-,59.8,
2778b1c4-f43d-4e32-8251-7efece9d2c73,07/01/2011,10:00,HALPIM Manufacturing PMI (Jun),LOW,HUF,54.4,-,-,52.4,
7dc691c3-b0ed-4ca8-b34b-c5ae0af4c3e7,07/01/2011,10:00,Registered Unemployment n.s.a (Jun),LOW,NOK,2.5%,-,-,2.5%,
db23d8b6-abc7-40dc-ac52-00da9eea5460,07/01/2011,10:00,Registered Unemployment s.a (Jun),LOW,NOK,84.703K,-,-,83.534K,
0ea5da87-7e6a-44f5-b4ab-90d7b59c897f,07/01/2011,10:00,S&P Global Manufacturing PMI (Jun),LOW,PLN,-,-,-,-,
e0693d90-d913-4b37-af24-ab0fe73d6e25,07/01/2011,10:00,AIB Manufacturing PMI (Jun),LOW,EUR,-,-,-,-,
69091eba-eb8f-45e7-96ae-98eeee915c3a,07/01/2011,10:13,HCOB Manufacturing PMI (Jun),LOW,EUR,-,-,-,-,
65304d02-0971-4322-b3c4-e8a8b505057c,07/01/2011,10:30,SVME - Purchasing Managers' Index (Jun),MEDIUM,CHF,53.4,-2.10,57.8,58.1,
0c126741-ef58-4dc5-8968-5b17bad6a23f,07/01/2011,10:30,S&P Global PMI (Jun),LOW,CZK,-,-,-,-,
da68621e-7765-4c9d-a7d1-f9e907301e0f,07/01/2011,10:30,Retail Sales (YoY) (May),LOW,DKK,-2.3%,-,-,8.1%,
b89a00f4-b8b2-4bd6-9068-cc2267a59177,07/01/2011,10:45,HCOB Manufacturing PMI (Jun),LOW,EUR,-,-,50.1,-,
70c4b86a-0542-489f-b7c3-84590194a997,07/01/2011,10:50,HCOB Manufacturing PMI (Jun),LOW,EUR,-,-0.34,52.8,-,
4e5ebe34-d5d7-4c81-a9eb-8db5e6556a25,07/01/2011,10:55,HCOB Manufacturing PMI (Jun),MEDIUM,EUR,-,-0.18,54.9,-,
668f2bdd-5f11-4f31-95b8-ffa6690b1375,07/01/2011,11:00,HCOB Manufacturing PMI (Jun),MEDIUM,EUR,-,0.00,52,-,
67d99dd5-b6c9-47ff-9d57-8e3007436e16,07/01/2011,11:00,S&P Global Manufacturing PMI (Jun),LOW,EUR,-,-,-,-,
7e852ab1-1dbe-47f4-b410-de2087ce4a58,07/01/2011,11:00,Unemployment (May),LOW,EUR,8.1%,-,8.2%,8.1% ,
1606496d-5f01-42d4-8698-a7c0c50c7adf,07/01/2011,11:30,S&P Global Manufacturing PMI (Jun),MEDIUM,GBP,-,-0.34,52.3,52.1,
5485d987-3dca-4d8f-94cc-0d9bf61ff263,07/01/2011,12:00,Unemployment Rate (May),MEDIUM,EUR,9.9%,0.00,9.9%,10% ,
d4ea574a-d247-427c-862b-a087ec7bc86a,07/01/2011,12:00,Public Deficit/GDP (Q1),LOW,EUR,-7.7%,-,-,-3.8%,
2db41931-0aea-49af-bb95-3350db25ebd7,07/01/2011,12:00,Purchasing Manager Index (Jun),LOW,ZAR,53.9,-,-,55.1,
f6934e63-35df-4838-bfcf-843d348fb2f0,07/01/2011,13:00,Unemployment Rate (Jun),LOW,EUR,5.7%,-,-,-,
0fdaf637-1513-4c0c-9d02-4fe6c8036f53,07/01/2011,13:00,Unemployment (Jun),LOW,EUR,207.9K,-,-,-,
56bfeb1d-fb06-4b6f-b545-5b1bc33f9401,07/01/2011,14:30,Bank Loan Growth,LOW,INR,20.7%,-,-,20.9%,
594dd7ee-ba68-4cb0-a729-6af2ba696b4f,07/01/2011,14:30,"FX Reserves, USD",LOW,INR,$309.02B,-,-,$310.562B,
9e2c76cc-9324-43af-b997-df40f5d7ed56,07/01/2011,14:30,M3 Money Supply,LOW,INR,17.1%,-,-,17.3%,
77ca1d5e-a965-4221-9b34-af9553d95f83,07/01/2011,15:00,Industrial Output (MoM) (May),LOW,BRL,1.1%,-,-,-2.1%,
14529f8e-0036-43be-95f3-1ffacc103b2b,07/01/2011,15:00,Industrial Output (YoY) (May),LOW,BRL,2.7%,-,-,-1.3%,
6d5605d4-8183-47b6-b8ce-07521450bac5,07/01/2011,15:00,Budget Balance (Jun),LOW,CZK,-62.86B,-,-,-81.47B,
872de360-e3de-4571-a372-618237f090fe,07/01/2011,16:30,Trade Balance (Jun),LOW,BRL,4.43B,-,-,3.231B,
b09728d3-ba89-43fe-b22a-4f8285ba3a6f,07/01/2011,16:55,Michigan Consumer Sentiment Index (Jun),MEDIUM,USD,71.5,-0.31,72,71.8,
2207c770-acd7-4a22-9a4a-b935d4293b75,07/01/2011,17:00,Construction Spending (MoM) (May),MEDIUM,USD,0.3%,0.34,0%,0% ,
93fc7813-714e-48e8-82a5-d6a616b5865b,07/01/2011,17:00,ISM Manufacturing PMI (Jun),MEDIUM,USD,55.3,1.35,51.5,54.8,
4139f17a-e01d-4fe6-bea1-ae40166d9f80,07/01/2011,17:00,ISM Manufacturing Prices Paid (Jun),MEDIUM,USD,68,-1.02,72,77.9,
77bbf92c-423e-4a9d-a909-88937045de0a,07/02/2011,00:00,Tax Revenue (MoM) (Jun),LOW,ARS,48.68B,-,-,50.64B,
81c194c9-d849-4320-9c7a-92ae05ad6364,07/02/2011,00:00,Total Vehicle Sales (Jun),LOW,USD,11.45M,-0.78,12M,11.75M,
3beec471-587f-4f03-a508-f9e8db8aa378,07/04/2011,02:50,Monetary Base (YoY) (Jun),LOW,JPY,17%,0.08,16.4%,16.2%,
dfb4f15e-4666-450b-9ec6-96125a02845d,07/04/2011,03:00,Independence Day,NONE,USD,,,,,ALL DAY
75cddcfa-9350-483b-93aa-a232679a51dc,07/04/2011,03:30,TD-MI Inflation Gauge (MoM) (Jun),LOW,AUD,0.3%,-,-,0.2%,
8610e0dd-3761-4789-a430-affb097624fe,07/04/2011,03:30,TD-MI Inflation Gauge (YoY) (Jun),MEDIUM,AUD,3.2%,-,-,3.3%,
26ea98a9-83fa-4876-a3a9-6cc1659fb9f6,07/04/2011,04:02,ANZ Commodity Price (Jun),LOW,NZD,-1.2%,-,-,-0.3% ,
bbfb106b-741f-436b-a5a0-1adb3f5c6985,07/04/2011,04:30,ANZ Job Advertisements (Jun),LOW,AUD,3.8%,-,-,-6.5%,
0d08f33d-dd93-4101-a0a9-249006b84b25,07/04/2011,04:30,Building Permits (MoM) (May),LOW,AUD,-6.3%,-0.81,-0.5%,-2.6% ,
2acfd3f0-9f2c-42c8-83c1-188ecf0c4b9d,07/04/2011,04:30,Building Permits (YoY) (May),LOW,AUD,-13.3%,-1.10,-5.6%,-11.5% ,
ed5355eb-b4d1-4866-8369-df46e8ee7e71,07/04/2011,04:30,Retail Sales s.a. (MoM) (May),MEDIUM,AUD,-0.6%,-1.54,0.3%,1.1% ,
c8b79633-9c56-4edf-86f3-d09cbd369046,07/04/2011,10:00,Retail Sales (YoY) (May),LOW,CZK,3.2%,-,-,2.7%,
aa191b3d-e298-4ecf-8d9b-9fc69e6c85d9,07/04/2011,10:00,Consumer Price Index (MoM) (Jun),LOW,TRY,-1.43%,-,-,2.42%,
8ef62ab0-66bb-4652-a098-dedcb026cc2e,07/04/2011,10:00,Consumer Price Index (YoY) (Jun),LOW,TRY,6.24%,-,-,7.17%,
dab99287-32a5-4c68-ae20-b917dc121895,07/04/2011,10:00,Producer Price Index (MoM) (Jun),LOW,TRY,0.01%,-,-,0.15%,
323fabb1-115b-4cb8-8501-5206dba4ac2e,07/04/2011,10:00,Producer Price Index (YoY) (Jun),LOW,TRY,10.19%,-,-,9.63%,
75abeccf-fedd-47e9-9c76-505c4ef4e12d,07/04/2011,10:15,Real Retail Sales (YoY) (May),MEDIUM,CHF,-3.9%,-2.62,4.6%,5.2% ,
db8b84d9-048a-43b3-89ae-6e4c1b6dba46,07/04/2011,11:30,Sentix Investor Confidence (Jul),MEDIUM,EUR,5.3,1.52,1.1,3.5,
f6783290-0c17-4cda-a2ce-ea2befe3a8db,07/04/2011,11:30,S&P Global Construction PMI (Jun),MEDIUM,GBP,-,0.00,53.6,-,
b33980e8-a519-46f9-b46d-ea6f7b19fbf3,07/04/2011,12:00,Producer Price Index (MoM) (May),LOW,EUR,-0.2%,-1.34,-0.1%,0.9%,
3541617a-eaff-4245-b8b8-bd0944a95019,07/04/2011,12:00,Producer Price Index (YoY) (May),MEDIUM,EUR,6.2%,-0.75,6.3%,6.5% ,
297c04bb-196a-44fc-a29d-47031e6bd9a3,07/04/2011,12:00,Industrial Production (YoY) (May),LOW,EUR,-10%,-,-,-,
45b453d3-0e5f-4ca4-9d92-247c938cfc96,07/04/2011,12:00,Total New Vehicle Sales (Jun),LOW,ZAR,"44,880",-,-,"53,478",
2a562452-066e-4d7b-8e18-94bdceeb0ef4,07/04/2011,14:00,Fipe's IPC Inflation (Jun),LOW,BRL,0.01%,-,-,0.7%,
e188b16f-47d9-4534-9947-5d973f34df44,07/04/2011,15:30,Industrial Product Price (MoM) (May),LOW,CAD,-0.2%,-0.27,-0.1%,1% ,
e582f61c-1c01-439b-9389-b9acda511069,07/04/2011,15:30,Raw Material Price Index (May),LOW,CAD,-5.3%,-1.06,-3%,5.5% ,
f691d9eb-c759-4f2a-9afa-6ceb67ad3ee1,07/04/2011,17:00,Currency Reserves (Jun),LOW,DKK,456.8B,-,-,453.4B,
af4885b1-f6cb-489e-abc8-8a3c706dc1c9,07/05/2011,01:00,NZIER Business Confidence (QoQ) (Q2),LOW,NZD,27%,-,-,-27%,
43b1decb-7ebd-437e-90ae-718305164d6c,07/05/2011,02:30,AiG Performance of Services Index (Jun),MEDIUM,AUD,48.5,-,-,49.9,
d8ba0f80-6c2a-40b9-a14f-a5828fd2e1da,07/05/2011,04:30,Trade Balance (MoM) (May),MEDIUM,AUD,2.7M,-2.34,"1,900M","1,344M",
b4627386-2874-409f-83c4-7ef217e614de,07/05/2011,04:30,Labor Cash Earnings (YoY) (May),MEDIUM,JPY,1%,2.83,-0.5%,-1.6% ,
af00b4d8-65d5-408a-a0b1-67af884606a3,07/05/2011,07:00,S&P Global Services PMI (Jun),LOW,RUB,-,-,-,-,
d8ec7188-2963-4075-9d8c-522b81beacf1,07/05/2011,07:30,RBA Interest Rate Decision,HIGH,AUD,4.75%,0,4.75%,4.75%,
02dfc17e-56d9-4613-be27-46834ad532a8,07/05/2011,07:30,RBA Rate Statement,MEDIUM,AUD,,,,,REPORT
5856ae33-9d80-4783-a3a0-93005dd5991f,07/05/2011,10:13,HCOB Services PMI (Jun),LOW,EUR,-,-,-,-,
f4b33b7c-1f35-4542-bfd5-e3281d635d45,07/05/2011,10:30,Riksbank Interest Rate Decision,NONE,SEK,2%,-,-,1.75%,
2070b71c-dc36-4ef5-9796-debef2917003,07/05/2011,10:43,HCOB Services PMI (Jun),LOW,EUR,-,-,56.7,-,
e7b0007b-f0c6-4637-a5fd-dcc14f49efdf,07/05/2011,10:48,HCOB Services PMI (Jun),LOW,EUR,-,4.23,49.4,-,
6737bd67-526b-4eec-9380-2ac282057393,07/05/2011,10:55,HCOB Services PMI (Jun),MEDIUM,EUR,-,-0.86,58.3,-,
7f9598eb-c3a0-4708-8738-d4f5bbe65522,07/05/2011,11:00,HCOB Services PMI (Jun),MEDIUM,EUR,-,-0.68,54.2,-,
d5d15c57-e597-481f-ab71-e06a7f81ce78,07/05/2011,11:30,S&P Global Services PMI (Jun),MEDIUM,GBP,-,0.15,53.5,-,
ca1faad9-5c5d-44d3-b17e-b709bc2f85ed,07/05/2011,12:00,Retail Sales (MoM) (May),LOW,EUR,-1.3%,-0.55,-1%,1.2% ,
15307dd4-c436-433e-9b44-6d83c2ad6676,07/05/2011,12:00,Retail Sales (YoY) (May),MEDIUM,EUR,-2.3%,-1.79,-0.6%,0.4% ,
40cd7057-9caa-41a7-91b6-4e065a282699,07/05/2011,12:30,Business Confidence Index (Jun),LOW,ZAR,102.4,-,-,85.8,
f2452a87-d897-4644-9de5-f02702d984e2,07/05/2011,15:28,Consumer Price Index (MoM) (Jun),LOW,RUB,-0.2%,-,-,0.5%,
22cebfff-b77a-42a8-9927-0e47c8ef77fc,07/05/2011,16:00,Consumer Confidence (Jun),LOW,MXN,93,-,-,89.3,
2e8ddb76-e29a-4c1d-9820-e6f4c07f1d81,07/05/2011,16:00,Consumer Confidence s.a (Jun),LOW,MXN,91.9,-,-,89.9,
2e12ca54-b063-43d8-a09a-7ed0e53cd5fd,07/05/2011,17:00,Factory Orders (MoM) (May),MEDIUM,USD,0.6%,-0.33,1%,-1.9% ,
4db1e190-cd19-4376-a29d-04a12e2dd401,07/06/2011,02:01,BRC Shop Price Index (YoY) (Jun),LOW,GBP,2.9%,-,-,2.3%,
0a083fe8-2c2c-4d33-b4c5-a3092c5f9db2,07/06/2011,08:00,Coincident Index (May) PREL,LOW,JPY,106,-2.00,106.1,103.6,
f76fa644-2076-41c3-9166-c4876191350e,07/06/2011,08:00,Leading Economic Index (May) PREL,LOW,JPY,99.8,0.00,99.8,96.2,
58ec4fb9-9495-4c43-8d65-efaddf599a3f,07/06/2011,09:00,Gross Domestic Product (MoM) (Apr),LOW,EUR,-0.9%,-,-,0.5% ,
f4f4e8b9-eb0f-41ea-a7ab-950ec283a8a0,07/06/2011,09:00,Gross Domestic Product (YoY) (Apr),LOW,EUR,3%,-,-,4.7% ,
b8fab3a6-93dd-4ba3-9fd4-b8651b2b7a96,07/06/2011,10:00,Industrial Production (MoM) (May),LOW,DKK,2.5%,-,-,2.6%,
b67b7524-4f80-4300-9319-a229b2af2b83,07/06/2011,10:00,Industrial Output Cal Adjusted (YoY) (May),LOW,EUR,0%,-,-,-1.6%,
d9e6450a-91cf-4ed1-af95-d5683cb7b02e,07/06/2011,10:00,Halifax House Prices (MoM) (Jun),LOW,GBP,1.2%,-,-,0.1% ,
ad41fade-8595-41b5-a1b7-6b83b79b1e0b,07/06/2011,10:00,Halifax House Prices (YoY/3m) (Jun),LOW,GBP,-3.5%,-,-,-4.2%,
2b058f4a-c25e-41d5-9bee-3d0ff8297426,07/06/2011,12:00,Gross Domestic Product s.a. (QoQ) (Q1),MEDIUM,EUR,0.8%,0.00,0.8%,0.8%,
8aa7af9f-4059-4d1f-9541-bd05c2db5776,07/06/2011,12:00,Gross Domestic Product s.a. (YoY) (Q1),MEDIUM,EUR,2.5%,0.00,2.5%,2.5%,
409ba11e-1ffd-4c33-bcae-c8aeffec008b,07/06/2011,13:00,Factory Orders n.s.a. (YoY) (May),MEDIUM,EUR,23%,4.62,9.8%,7.2%,
813acdba-9fcd-4481-b99e-e903a41c0e04,07/06/2011,13:00,Factory Orders s.a. (MoM) (May),MEDIUM,EUR,1.5%,0.77,-0.5%,1.5% ,
8b505d43-3673-426c-b815-293d91f675f2,07/06/2011,14:00,MBA Mortgage Applications,LOW,USD,-5.2%,-,-,-2.7%,
46992de6-2a83-4489-8efe-94f3b3a757c9,07/06/2011,15:30,Building Permits (MoM) (May),LOW,CAD,20.9%,1.32,5%,-13.9% ,
84c15101-eed7-452f-89de-502b4d4be428,07/06/2011,15:30,PBoC Interest Rate Decision,HIGH,CNY,6.56%,-,-,6.31%,
0c2d73a4-84cb-477d-8e6f-7e4688d852b3,07/06/2011,15:31,NBP Base rate,LOW,PLN,4.5%,-,-,4.5%,
959e08e4-7bce-4513-a1d3-6f80db5c755c,07/06/2011,17:00,ISM Services PMI (Jun),MEDIUM,USD,53.3,-0.08,53.5,55,
f0dea80e-49b6-41b9-95bd-0b7b951849eb,07/07/2011,02:30,AiG Performance of Construction Index (Jun),MEDIUM,AUD,35.8,-,-,39.6,
b4165317-c21d-407e-be87-5cdb3fb0cf78,07/07/2011,02:50,Machinery Orders (MoM) (May),LOW,JPY,3%,0.00,3%,-2.6% ,
9585c79b-7fae-428f-a061-4420e65b3639,07/07/2011,04:30,Employment Change s.a. (Jun),HIGH,AUD,18.2K,0.13,15.3K,-8.3K,
09d05a49-f00c-44d2-a655-e5712a341df2,07/07/2011,04:30,Unemployment Rate s.a. (Jun),HIGH,AUD,4.9%,0.00,4.9%,4.9%,
0fd67e13-40b0-4be5-9a8d-552c6c4a37bb,07/07/2011,09:00,Gross $Gold & Forex Reserve (Jun),LOW,ZAR,$50.041B,-,-,$50.119B,
baf3d334-f02d-4ac9-b0cc-c17ead64e882,07/07/2011,09:00,Net $Gold & Forex Reserve (Jun),LOW,ZAR,$47.162B,-,-,$45.864B,
b96cf0d7-ae7c-43ed-8c7f-2a0a434b3222,07/07/2011,09:45,"Exports, EUR (May)",LOW,EUR,€34.6B,-,-,€34.3B,
c18ce212-cc08-4bc2-addf-ff5985a13ebd,07/07/2011,09:45,"Imports, EUR (May)",LOW,EUR,€40.2B,-,-,€41.5B,
27d5b920-356d-4899-a2bc-62ebe95f3099,07/07/2011,09:45,Trade Balance EUR (May),LOW,EUR,€-6.4B,-,-,€-7.144B,
04d02102-9780-45b0-b55f-4b74e33896ce,07/07/2011,10:00,Foreign Trade Balance (MoM) (May),LOW,CZK,13.68B,-,-,12.56B,
b3c046b3-9c54-491b-8726-c1b5dfabb818,07/07/2011,10:00,Industrial Output (YoY) (May),LOW,HUF,7.6%,-,-,7.1%,
357dc146-127c-4a76-a195-212143fcee7a,07/07/2011,10:15,Consumer Price Index (MoM) (Jun),MEDIUM,CHF,-0.2%,-0.34,-0.1%,0%,
e4277d67-544e-4647-8dfd-e462c304a9ef,07/07/2011,10:15,Consumer Price Index (YoY) (Jun),MEDIUM,CHF,0.6%,-,-,0.4%,
0ec6764b-7b92-473b-9c39-481ec2dd97e0,07/07/2011,10:30,Consumer Price Index n.s.a (YoY) (Jun),LOW,EUR,2.3%,-,-,2.3%,
673a5daa-0490-44b6-a2be-ceaa9545b369,07/07/2011,11:00,Manufacturing Output (May),LOW,NOK,2.4%,-,-,-1.1%,
ce446b90-d3a6-4d10-8e11-02edb73bdd3c,07/07/2011,11:30,Industrial Production (MoM) (May),LOW,GBP,0.8%,-0.27,1%,-0.1% ,
0130daa8-455a-4d92-a4c7-675dfec39d36,07/07/2011,11:30,Industrial Production (YoY) (May),MEDIUM,GBP,-0.9%,-0.31,-0.6%,-8.7% ,
f57dcc25-f988-4c3c-8f09-444f32568a93,07/07/2011,11:30,Manufacturing Production (MoM) (May),LOW,GBP,1.8%,1.33,1%,-0.2% ,
27087b26-66da-4f82-9e46-8e51e3bd5409,07/07/2011,11:30,Manufacturing Production (YoY) (May),MEDIUM,GBP,2.8%,4.04,-0.6%,-2.7% ,
536ca49a-e201-41f0-8bd2-9c5f251fa7c1,07/07/2011,12:00,Consumer Price Index - Harmonized (YoY) (Jun),LOW,EUR,3.1%,-,-,-,
a8466314-ca59-4b6e-ac17-ec9de34df5b1,07/07/2011,12:00,Consumer Price Index (YoY) (Jun),LOW,EUR,3.3%,-,-,-,
e93dd645-c604-4382-8eb3-8943290f0a42,07/07/2011,12:30,Reuters Econometer (Jun),LOW,ZAR,248.99,-,-,254.74,
fc9d4984-01ec-4af7-bc5b-0b5a2360dcea,07/07/2011,13:00,Industrial Production n.s.a. w.d.a. (YoY) (May),MEDIUM,EUR,7.6%,0.53,7%,9.6%,
4aea150f-b1b8-4bb5-81ae-2d095787daf0,07/07/2011,13:00,Industrial Production s.a. (MoM) (May),MEDIUM,EUR,0.9%,0.12,0.8%,0.2% ,
ce692eac-e4f9-43e5-9a06-a6559673d165,07/07/2011,13:00,Consumer Price Index (MoM) (Jun),LOW,EUR,-0.1%,-,-,-,
d9b17ee4-79f3-4070-a540-79a4aa374d45,07/07/2011,13:00,HICP (MoM) (Jun),LOW,EUR,-0.2%,-,-,-,
f2911edb-a0b6-4176-994a-7ced8cae4084,07/07/2011,13:00,HICP (YoY) (Jun),LOW,EUR,1.1%,-,-,-,
03f1a956-16e3-4deb-ae12-e0f6680edb1c,07/07/2011,13:05,Consumer Price Index (YoY) (Jun),LOW,EUR,2.7%,-,-,-,
daaee79c-8525-4f59-86b4-ebd8c5182604,07/07/2011,14:00,BoE Asset Purchase Facility (Jul),HIGH,GBP,£200B,0,£200B,£200B,
5a44318f-670a-44be-886c-b93cfaca613f,07/07/2011,14:00,BoE Interest Rate Decision,HIGH,GBP,0.5%,0,0.5%,0.5%,
fa863664-f003-4134-8da8-08a38b4f6670,07/07/2011,14:45,ECB Main Refinancing Operations Rate,HIGH,EUR,1.5%,0,1.5%,1.25%,
a5e837d3-dd94-48ac-b23f-73a4eb7c7088,07/07/2011,15:00,IPCA Inflation (Jun),LOW,BRL,0.15%,-,-,0.47%,
df489015-0bcd-45ec-bc65-d32925405669,07/07/2011,15:00,Central Bank FX Reserves (Jun),LOW,PLN,€75.3B,-,-,€74.7B,
71f7d824-f8fc-461d-bb7a-64402806caf4,07/07/2011,15:15,ADP Employment Change (Jun),MEDIUM,USD,145K,1.19,70K,97K,
f595b630-82ee-4deb-aee4-56ba348b1b6d,07/07/2011,15:30,New Housing Price Index (MoM) (May),LOW,CAD,0.4%,0.77,0.2%,0.3%,
6ba31b32-2200-437b-ba4b-662f1fa2d52d,07/07/2011,15:30,ECB Press Conference,HIGH,EUR,,,,,"IN PROGRESS , Average: 4.2"
1733b712-551f-46af-bd3b-b87aa013270a,07/07/2011,15:30,Continuing Jobless Claims,LOW,USD,3.712M,0.58,3.7M,3.702M,
2ee4cbde-813e-41b8-bad4-22aa6df4e65d,07/07/2011,15:30,Initial Jobless Claims,LOW,USD,427K,0.91,421K,428K,
f1a73a42-fab6-42ca-9e57-7bb6ce3cfc50,07/07/2011,17:00,Ivey Purchasing Managers Index (Jun),MEDIUM,CAD,68.2,0.47,62.5,69.1,
0d76fdad-e452-46ee-ae68-ab285ea1b6dd,07/07/2011,17:00,Ivey Purchasing Managers Index s.a (Jun),LOW,CAD,59.9,-,-,-,
4b80ec6f-f856-4e30-9a46-3d8925e5a4a2,07/07/2011,17:00,Budget Balance (Jun),LOW,HUF,-310.4B,-,-,-58B,
402be77f-ea5d-4f65-a095-04cda5592829,07/07/2011,17:00,12-Month Inflation (Jun),LOW,MXN,3.28%,-,-,3.25%,
92f100c9-787b-4648-b60b-edb76ac73c17,07/07/2011,17:00,Core Inflation (Jun),LOW,MXN,0.22%,-,-,0.18%,
9a66f352-4e11-4626-8100-27750b41a6f9,07/07/2011,17:00,Headline Inflation (Jun),LOW,MXN,0%,-,-,-0.74%,
419e0872-8a5c-4ad4-bc55-aeaa927e97d2,07/07/2011,17:00,NIESR GDP Estimate (3M) (Jun),MEDIUM,GBP,0.2%,-,-,0.4% ,
580e91d1-4cf9-45f3-8cb4-4e8f8d700635,07/07/2011,18:00,EIA Crude Oil Stocks Change,LOW,USD,-0.9M,-,-,-4.4M,
24ea420a-f0ed-4f6d-9a8e-fe8d1cbb27d5,07/08/2011,00:00,Producer Price Index Growth (MoM) (Jun),LOW,KRW,-0.3%,-,-,-0.1%,
c9dcb242-bc13-445d-8de3-802b45a10a19,07/08/2011,00:00,Producer Price Index Growth (YoY) (Jun),LOW,KRW,6.2%,-,-,6.2%,
85a9ede5-6e53-4d2a-8194-e30373e18675,07/08/2011,02:50,Current Account n.s.a. (May),LOW,JPY,¥590.7B,1.03,¥388B,¥500.4B,
919b9c38-4e0b-4157-bb6c-f56eceb6e2ad,07/08/2011,02:50,Trade Balance - BOP Basis (May),MEDIUM,JPY,¥772.7B,84.97,¥-764B,¥-306.5B,
205df2c0-7af8-4ef3-98e4-39e3766474cd,07/08/2011,08:00,Eco Watchers Survey: Current (Jun),MEDIUM,JPY,49.6,0.97,40.1,33.4,
0888b7f9-ede5-48fe-99b6-eee8c790f46d,07/08/2011,08:00,Eco Watchers Survey: Outlook (Jun),MEDIUM,JPY,49,-,-,41.3,
70ab38c2-9e53-4cb2-bda4-6f16190e3420,07/08/2011,08:45,Unemployment Rate s.a (MoM) (Jun),MEDIUM,CHF,3%,0.00,3%,2.9%,
dc576328-0fcc-40f5-84f2-a8896dae67ef,07/08/2011,09:00,Current Account n.s.a. (May),MEDIUM,EUR,€6.7B,-0.10,€7B,€11.3B,
851c80b1-0861-41e9-88a1-7cafafa43347,07/08/2011,09:00,Trade Balance s.a. (May),MEDIUM,EUR,€12.9B,0.30,€12.2B,€12B,
d3e41db5-9d31-4d96-8764-c9e9e7160a9a,07/08/2011,09:45,Budget Balance (May),LOW,EUR,€-68.4B,-,-,€-61.35B,
f5cf1b92-2390-40e0-a643-ad4b97df568e,07/08/2011,11:00,Danmarks Nationalbank's interest rate change,LOW,DKK,1.25%,-,-,1%,
1aab37bf-e8e4-4859-92f1-36cedcc3e71e,07/08/2011,11:00,Trade Balance (May) PREL,NONE,HUF,€719.8M,-,-,€479.3M,
17e84250-1598-48ec-b67c-d70378b1296f,07/08/2011,11:00,Industrial Output s.a. (MoM) (May),LOW,EUR,-0.6%,-,-0.1%,1% ,
5369483c-d8b1-4ab8-a93a-d0427ce1db26,07/08/2011,11:00,Industrial Output w.d.a (YoY) (May),LOW,EUR,2%,-,2.2%,3.7% ,
f3242218-7a10-4543-aead-b19ab14c376b,07/08/2011,11:30,Industrial Production Value (MoM) (May),LOW,SEK,2.1%,-,-,-0.7%,
120ea283-45d6-46d1-a28c-1867921714b2,07/08/2011,11:30,Industrial Production Value (YoY) (May),LOW,SEK,13.2%,-,-,12% ,
fba07587-d4c0-4855-892b-a0466313b87f,07/08/2011,11:30,Producer Price Index - Input (MoM) n.s.a (Jun),LOW,GBP,0.2%,0.41,-0.1%,-0.6% ,
e72432f7-d42f-47bb-a8e7-94c6fbf64e8f,07/08/2011,11:30,Producer Price Index - Input (YoY) n.s.a (Jun),MEDIUM,GBP,16.8%,1.05,16.1%,15.7% ,
91830d6d-8aab-4c94-8184-33f4a8cf757a,07/08/2011,11:30,Producer Price Index - Output (MoM) n.s.a (Jun),LOW,GBP,0.1%,0.00,0.1%,0.2%,
3a4025ec-1b76-4a63-964b-57c615d51804,07/08/2011,11:30,Producer Price Index - Output (YoY) n.s.a (Jun),MEDIUM,GBP,5.7%,0.25,5.5%,5.3% ,
79293866-d728-4774-9be2-91849c7658b1,07/08/2011,14:00,Net Change in Employment (Jun),HIGH,CAD,28.4K,0.57,11.3K,-6.3K,
2e75bf4d-a75b-4e0e-9164-d938b4a4188b,07/08/2011,14:00,Unemployment Rate (Jun),HIGH,CAD,7.4%,0.00,7.4%,7.6% ,
a57085b8-3952-4e72-9fab-f6e585295056,07/08/2011,14:30,"FX Reserves, USD",LOW,INR,$315.715B,-,-,$309.02B,
3ad55a2d-e14f-4af6-aede-5f42bb9f0480,07/08/2011,15:30,Average Hourly Earnings (MoM) (Jun),MEDIUM,USD,0%,-1.23,0.2%,0.3%,
f484ca87-b6e2-4fe5-957c-97d2bb2bf6e4,07/08/2011,15:30,Average Hourly Earnings (YoY) (Jun),MEDIUM,USD,1.9%,-0.98,2%,2% ,
1f0d530f-b191-4863-b030-a98140189df6,07/08/2011,15:30,Average Weekly Hours (Jun),LOW,USD,34.3,-1.34,34.4,34.3,
2431d199-5ce3-4c62-9d1c-c11b37ebd05f,07/08/2011,15:30,Nonfarm Payrolls (Jun),HIGH,USD,46K,-0.58,90K,101K,
81db12d4-9a3f-41e9-be53-f643620945bb,07/08/2011,15:30,Unemployment Rate (Jun),HIGH,USD,9.2%,0.76,9%,9% ,
1c19372d-d9b9-404e-8f76-b6bfeb3d31ae,07/08/2011,17:00,Treasury Cash Balance (Jun),LOW,TRY,0.199B,-,-,3.103B,
50925857-371e-4541-841c-86d35b318da9,07/08/2011,17:00,Wholesale Inventories (May),MEDIUM,USD,1.7%,3.67,0.7%,0.8% ,
d19ab920-043b-43c1-946f-05c69cf1c835,07/08/2011,22:00,Consumer Credit Change (May),MEDIUM,USD,$5.08B,-0.90,$6B,$7.94B,
cbdd9d18-8776-425e-b6a6-4fa6d0371668,07/08/2011,22:30,Wholesale Prices n.s.a (YoY) (Jun),LOW,EUR,8.9%,-,-,-,
d998b791-ccc0-4f78-8329-197466c1ce92,07/08/2011,22:30,Wholesale Prices n.s.a (MoM) (Jun),LOW,EUR,0.5%,-,-,-,
92ca67df-d708-4df4-8fa7-f68fe46394b0,07/09/2011,01:00,Trade Balance (Apr),LOW,EUR,€-573.8M,-,-,-,
ea7b7816-52cb-4665-8e9a-538e5a2a8efd,07/09/2011,04:30,Consumer Price Index (YoY) (Jun),MEDIUM,CNY,6.4%,0.90,6.2%,5.5%,
8aa39568-f843-4aab-8274-a17d43d3dba5,07/09/2011,04:30,Producer Price Index (YoY) (Jun),MEDIUM,CNY,7.1%,2.41,6.9%,6.8%,
8549fe0d-c82d-42f4-acb8-5e93ed27e02a,07/10/2011,07:00,Trade Balance USD (Jun),MEDIUM,CNY,$22.273B,1.11,$14.2B,$12.93B,
c0eaf5a4-eb75-4155-a2eb-16add91fe70d,07/10/2011,14:00,ECB's President Trichet speech,MEDIUM,EUR,,,,,SPEECH
a356c46a-4a05-473a-be3c-8826fb5f96d3,07/11/2011,02:50,Money Supply M2+CD (YoY) (Jun),LOW,JPY,2.9%,0.98,2.8%,2.7%,
94bc94c2-1859-485e-8b07-c7ad6ca4712f,07/11/2011,04:30,Home Loans (Q2),MEDIUM,AUD,2.8%,-0.56,4.5%,1.9% ,
f7762acc-ffb9-4a86-888c-dae0f91bdc07,07/11/2011,04:30,Investment Lending for Homes (Q2),MEDIUM,AUD,5.4%,-,-,4.1% ,
a31f35c5-54a2-4dcc-a70c-e870748ed305,07/11/2011,08:00,Consumer Confidence Index (Jun),MEDIUM,JPY,35.3,-0.17,35.5,34.2,
32966720-63e5-4c8c-bf08-4ccf15dbb0a6,07/11/2011,09:00,Machine Tool Orders (YoY) (Jun),MEDIUM,JPY,53.5%,-,-,34.2% ,
4f31facf-938a-4f24-94e0-0670cfa92c50,07/11/2011,09:45,Industrial Output (MoM) (May),LOW,EUR,1.9%,-,0.5%,-1.7% ,
e73ba281-8d46-4eeb-b11d-25985689739b,07/11/2011,10:00,Current Account (May),LOW,DKK,10.8B,-,-,10.1B,
0cbfc861-0157-4763-a360-e840bd46d1fc,07/11/2011,10:00,Inflation (HICP) (YoY) (Jun),LOW,DKK,2.9%,-,-,3.1%,
e66260be-3785-482a-92eb-2debad7e9db7,07/11/2011,10:00,Trade Balance (May),LOW,DKK,5.6B,-,-,6.8B,
5df7667d-9b30-44b9-8432-7645647e92cb,07/11/2011,10:00,Consumer Price Index (Jun),LOW,RON,7.9%,-,-,8.4%,
9d1f4833-55e5-4b71-9959-f041f31696c6,07/11/2011,10:00,Trade Balance (May),LOW,RON,€-0.85B,-,-,€-0.897B,
6272a1c7-55a4-49a1-866b-b87ad16bada4,07/11/2011,10:00,Current Account Balance (May),LOW,TRY,$-7.75B,-,-,$-7.68B,
04e1fdf5-cb2f-425f-94a3-35e1e95ee37c,07/11/2011,10:30,Consumer Price Index (YoY) (Jun),LOW,DKK,3%,-,-,3.1%,
e75afd07-c79f-4990-bc5e-63b541d202cc,07/11/2011,11:00,Consumer Price Index (MoM) (May),LOW,NOK,-0.4%,-,-,-0.2%,
3a7fe7ce-0ade-409a-ae3b-4248c1a8c664,07/11/2011,11:00,Consumer Price Index (YoY) (May),LOW,NOK,1.3%,-,-,1.6%,
c7fcf27d-a536-4919-ae92-820aa256f342,07/11/2011,11:00,Core Inflation (MoM) (May),LOW,NOK,-0.2%,-,-,-0.2%,
565d9db7-a6cd-42c2-a793-93feb6de02ae,07/11/2011,11:00,Core Inflation (YoY) (May),LOW,NOK,0.7%,-,-,1%,
ec6c2c62-5e5a-46c2-98b7-ccbf9d468106,07/11/2011,11:00,Producer Price Index (YoY) (May),LOW,NOK,14.4%,-,-,18%,
a8415749-f2ab-4b2b-982b-348b49fe9f09,07/11/2011,13:00,Global Trade Balance (Mar),LOW,EUR,€-4.84B,-,-,€-4.482B,
1155ccf0-405e-4d33-bdf0-4393984b9126,07/11/2011,15:15,Housing Starts s.a (YoY) (Jun),MEDIUM,CAD,196.6K,2.23,185K,192.6K,
fcc9175f-9798-4bf9-a126-a18d5e494560,07/11/2011,15:45,EcoFin Meeting,MEDIUM,EUR,-,-,-,-,
226dd99c-5976-4a48-9135-7e988442bb20,07/11/2011,17:30,Bank of Canada Business Outlook Survey (Jan),MEDIUM,CAD,,,,,REPORT
ddf46b20-90b3-491e-bc53-bf01a394b5d3,07/12/2011,02:01,BRC Like-For-Like Retail Sales (YoY) (Jun),LOW,GBP,-0.6%,-,-1.4%,-2.1%,
1decf1f5-782f-4c3c-9152-3407ebbdb089,07/12/2011,02:01,RICS Housing Price Balance (Jun),MEDIUM,GBP,-26%,-0.21,-25%,-30% ,
f0705e9f-40af-4175-9d77-109fb584b2dd,07/12/2011,02:46,Foreign Trade (May),LOW,RUB,$16.6B,-,-,$19.3B,
8e4ebe58-b5ab-449e-9d09-e232caea790d,07/12/2011,02:50,Producer Price Index (MoM) (Jun),LOW,JPY,0.1%,1.03,-0.2%,-0.2% ,
c0183585-dd1d-4afd-ad20-71aafcb89e38,07/12/2011,02:50,Producer Price Index (YoY) (Jun),LOW,JPY,2.6%,0.78,2.4%,1.6% ,
36587ecc-3ca1-454d-a3ff-3cdc7a12f875,07/12/2011,02:50,Tertiary Industry Index (MoM) (May),LOW,JPY,0.8%,0.13,0.7%,2.6% ,
d738461d-0117-4a1f-8115-d0c5b134d404,07/12/2011,04:30,National Australia Bank's Business Conditions (Jun),LOW,AUD,2,-,-,1,
67310c93-86ca-4bee-bced-29135b74257a,07/12/2011,04:30,National Australia Bank's Business Confidence (Jun),LOW,AUD,0,-,-,6,
7a444c4a-e438-47a7-9a3b-62911e56a187,07/12/2011,05:05,M2 Money Supply (YoY) (Jun),LOW,CNY,15.9%,-,-,15.1%,
4925a3fe-d2ef-4ea6-aa3d-4900b8915a83,07/12/2011,05:05,Foreign Exchange Reserves (QoQ) (Q2),MEDIUM,CNY,¥3.198T,-,-,¥3.045T,
45b4f2aa-622b-4292-9ace-b56da8176d8d,07/12/2011,N/A,BoJ Monetary Policy Statement,HIGH,JPY,,,,,REPORT
7522807a-6218-426a-aadd-286ad98abfa9,07/12/2011,07:24,BoJ Interest Rate Decision,HIGH,JPY,0.1%,0,0.1%,0.1%,
81933787-3542-49b8-9164-07d54fd22c29,07/12/2011,08:30,Consumer Price Index (EU norm) (MoM) (Jun),LOW,EUR,0.1%,0,0.1%,0.1%,
64050bbc-b41c-454a-839e-42602dbca65f,07/12/2011,08:30,Consumer Price Index (EU norm) (YoY) (Jun),LOW,EUR,2.3%,-,2.2%,2.2%,
595239c2-af49-4e54-8274-c66e2263921e,07/12/2011,08:30,Inflation ex-tobacco (MoM) (Jun),LOW,EUR,0.1%,-,-,0.1%,
8978a1e5-c70f-4ca3-8854-336ed33ab4b0,07/12/2011,08:30,Cumulative Industrial Output (May),LOW,INR,5.7%,-,-,8.3%,
60a3830d-72c0-421d-857a-5ef705c56a01,07/12/2011,08:30,Industrial Output (May),LOW,INR,5.9%,-,-,5.3% ,
5646aeb4-8009-4535-8adb-e3d343c095e9,07/12/2011,08:30,Manufacturing Output (May),LOW,INR,5.6%,-,-,6.9%,
72122439-3de4-443a-b131-a3b5bbaeb558,07/12/2011,09:00,Consumer Price Index (MoM) (Jun),MEDIUM,EUR,0.1%,0.00,0.1%,0.1%,
89e16db6-6e45-4c31-b700-01e52866085e,07/12/2011,09:00,Consumer Price Index (YoY) (Jun),HIGH,EUR,2.3%,0,2.3%,2.3%,
c3d014e6-db89-4503-b415-bb85167303fb,07/12/2011,09:45,Current Account (May),LOW,EUR,€-5.5B,-,-,€-4.8B,
b0a9b8aa-ac2d-4041-89c6-a026c4e0adec,07/12/2011,10:00,Consumer Price Index (MoM) (Jun),LOW,CZK,-0.2%,-,-,0.5%,
6527d350-f242-40da-b147-30fe9817849e,07/12/2011,10:00,Consumer Price Index (YoY) (Jun),LOW,CZK,1.8%,-,-,2%,
5100dda9-57ab-451a-97d7-9c3798dd5b0e,07/12/2011,10:00,Unemployment Rate (Jun),LOW,CZK,8.1%,-,-,8.2%,
d924b39f-668f-4ae6-9721-8d2f46ec3f53,07/12/2011,10:00,Consumer Price Index (YoY) (Jun),LOW,HUF,3.5%,-,-,3.9%,
7c44c419-d303-45ee-9795-04679eb42782,07/12/2011,10:00,Core Inflation (MoM) (Jun),LOW,EUR,0%,-,-,0.4%,
56cca8b6-e14a-431a-91cc-06e06157c908,07/12/2011,10:00,Core Inflation (YoY) (Jun),LOW,EUR,2.6%,-,-,2.6%,
6cf2316b-4569-4920-beb3-f66ad5f34c59,07/12/2011,10:00,Headline Inflation (MoM) (Jun),LOW,EUR,0%,-,-,0.3%,
cec08b24-8da7-49f4-b68f-f483b7b14e15,07/12/2011,10:00,Headline Inflation (YoY) (Jun),LOW,EUR,3.9%,-,-,4%,
16dac557-8c27-4b7d-af41-924f95451111,07/12/2011,10:30,Consumer Price Index (MoM) (Jun),LOW,SEK,-0.2%,-,-,0.2%,
b1cdc260-f95c-4047-8cc8-2c1290644875,07/12/2011,10:30,Consumer Price Index (YoY) (Jun),LOW,SEK,3.1%,-,-,3.3%,
eff140fe-943d-428c-a588-c2b37e2d27b6,07/12/2011,N/A,EcoFin Meeting,MEDIUM,EUR,-,-,-,-,
5e7d7ba4-7c23-48cf-880f-475433dfa4c9,07/12/2011,11:30,Consumer Price Index (MoM) (Jun),MEDIUM,GBP,-0.1%,-1.55,0.2%,0.2%,
f25dc7fb-9347-4f27-ba6c-7b515a319daa,07/12/2011,11:30,Consumer Price Index (YoY) (Jun),MEDIUM,GBP,4.2%,-1.11,4.5%,4.5%,
c72a578f-d8ea-405e-af7e-488df08b6d8d,07/12/2011,11:30,Core Consumer Price Index (YoY) (Jun),MEDIUM,GBP,2.8%,-2.91,3.4%,3.3%,
30b9f5cd-8e2d-4551-8c1b-e20779f5d42f,07/12/2011,11:30,DCLG House Price Index (YoY) (May),LOW,GBP,-2.2%,-1.92,-0.2%,-0.3%,
35a2e981-fb58-4905-a500-9a13783251af,07/12/2011,11:30,Goods Trade Balance (May),MEDIUM,GBP,£-6.929B,0.49,£-7.3B,£-6.801B,
ac6c11f5-ee2a-47dd-8f10-abbbe80bfed8,07/12/2011,11:30,Retail Price Index (MoM) (Jun),LOW,GBP,0%,-2.21,0.3%,0.3%,
074d25e4-0c81-4ddc-90ba-90b4b7244156,07/12/2011,11:30,Retail Price Index (YoY) (Jun),LOW,GBP,5%,-1.03,5.2%,5.2%,
fdc4705f-8cf2-494d-a937-9fa8fd439429,07/12/2011,11:30,Trade Balance; non-EU (May),MEDIUM,GBP,£-5.053B,-0.39,£-4.25B,£-3.947B,
83629da4-8648-4844-aff7-0642aeb3b5a8,07/12/2011,12:00,Consumer Price Index (MoM) (Jun),LOW,EUR,-0.2%,-,-,-0.1%,
3d8857e6-32c2-4999-8deb-51b976c883e1,07/12/2011,12:00,Consumer Price Index (YoY) (Jun),LOW,EUR,3.4%,-,-,3.8%,
65599aec-d645-4260-9c5b-acc876cea92e,07/12/2011,14:00,Manufacturing Production Index (YoY) (May),LOW,ZAR,1%,-,-,0.4%,
400b616c-ccce-4288-8897-320a8d00698b,07/12/2011,15:00,Retail Sales (MoM) (May),LOW,BRL,0.7%,-,-,-0.2%,
88d22546-9897-470c-b35b-e31b29025ab8,07/12/2011,15:30,International Merchandise Trade (May),LOW,CAD,$-1.037B,-0.10,$-0.9B,$-0.24B,
93e147ca-d5b3-4a93-a009-5a7d8c5de5a2,07/12/2011,15:30,Goods and Services Trade Balance (May),MEDIUM,USD,$-50.83B,-1.89,$-44.1B,$-42.7B,
e8f11efe-c6d8-4f37-b230-9846c2e9ee9c,07/12/2011,16:00,Industrial Output (MoM) (May),LOW,MXN,1.1%,-,-,-0.1%,
17e976e0-1682-4795-9182-fc1642235ffa,07/12/2011,16:00,Industrial Output (YoY) (May),LOW,MXN,4.6%,-,-,1.4%,
c10bbb39-6566-473c-9e38-80a7adf060fb,07/12/2011,17:00,RealClearMarkets/TIPP Economic Optimism (MoM) (Jul),LOW,USD,41.4,-0.60,43.9,44.6,
d2f73867-462d-49fb-a9ed-245f10417dcf,07/12/2011,21:00,FOMC Minutes,HIGH,USD,,,,,REPORT
ea7a7d04-f63e-480b-b9b4-a148a183590c,07/13/2011,01:45,Food Price Index (MoM) (Jun),LOW,NZD,1.4%,-,-,0.5%,
51219660-9c39-43ed-bd75-fa3b1a592f7d,07/13/2011,02:00,Unemployment Rate (Jun),LOW,KRW,3.3%,-,-,3.3%,
47b1fb4f-3539-4bbe-a06c-8ba8b5b3a57f,07/13/2011,03:30,Westpac Consumer Confidence (Jul),MEDIUM,AUD,-8.3%,-,-,-2.6%,
8ccc5ab2-de33-4432-81de-f879c60dc600,07/13/2011,05:00,Gross Domestic Product (YoY) (Q2),MEDIUM,CNY,9.5%,0,9.5%,10.2% ,
ba94e320-f692-404c-ad2b-191c199e5cef,07/13/2011,05:00,Industrial Production (YoY) (Jun),LOW,CNY,15.1%,-,-,13.3%,
b3837aea-a099-4a78-8085-4fd2eb85c57e,07/13/2011,05:00,Retail Sales (YoY) (Jun),LOW,CNY,17.7%,-,-,16.9%,
e007650a-239b-4c1b-98ff-4a42330c6df0,07/13/2011,06:00,Money Supply Growth (May),LOW,KRW,7.7%,-,-,7.7%,
b5269381-5c18-41c0-a7b5-76fc2a227ebb,07/13/2011,07:30,Capacity Utilization (May),LOW,JPY,12.8%,-,-,-2.2% ,
1c264d1f-89b7-4385-bf47-9feb655c04ef,07/13/2011,07:30,Industrial Production (MoM) (May),MEDIUM,JPY,6.2%,0.24,5.7%,5.7%,
be1c7347-5648-455f-a92e-6e7e97a5388f,07/13/2011,07:30,Industrial Production (YoY) (May),MEDIUM,JPY,-1.6%,-,-,-5.9%,
32a2e858-abbc-4e56-a2e2-687e1c41e458,07/13/2011,08:00,BoJ Monthly Economic Survey,MEDIUM,JPY,,,,,REPORT
712ed46e-5ea1-47b6-a74c-efa892010c7f,07/13/2011,09:00,Wholesale Price Index (MoM) (Jun),LOW,EUR,-0.6%,-,-,-0.2% ,
647c1c6e-fe1f-4932-9f33-a3d6666bd597,07/13/2011,09:00,Wholesale Price Index (YoY) (Jun),LOW,EUR,8.5%,-,-,6.4% ,
c31f6a0a-4c72-4d1e-b508-5228476d0502,07/13/2011,10:00,Consumer Price Index (MoM) (Jun),LOW,EUR,-0.1%,-,-,0%,
0f3d5cc1-402d-4839-9a43-3e734392c82c,07/13/2011,10:00,Consumer Price Index (YoY) (Jun),LOW,EUR,3.1%,-,-,3.5%,
4af35f6e-b11d-48a0-8d7a-655d8269cd92,07/13/2011,10:00,Harmonized Index of Consumer Prices (MoM) (Jun),LOW,EUR,-0.2%,-,-,-0.1%,
a3c3ae9b-b8d6-4c0f-9bd5-16bb3bd85e7c,07/13/2011,10:00,Harmonized Index of Consumer Prices (YoY) (Jun),LOW,EUR,3%,-,-,3%,
da699bd1-04dd-47e5-be0e-8290dc93b057,07/13/2011,10:15,Producer and Import Prices (MoM) (Jun),LOW,CHF,-0.5%,-1.71,-0.3%,-0.2%,
84e6f58c-155f-40dd-ab8b-e74c9b6f7f7e,07/13/2011,10:15,Producer and Import Prices (YoY) (Jun),LOW,CHF,-0.4%,-0.56,-0.3%,-0.4%,
8c3e8557-edd1-49b1-9ebe-ec424983a091,07/13/2011,11:30,Average Earnings Excluding Bonus (3Mo/Yr) (May),LOW,GBP,2.1%,1.34,2%,2%,
4d492f22-7cca-486d-8f84-b7beb4026ca9,07/13/2011,11:30,Average Earnings Including Bonus (3Mo/Yr) (May),MEDIUM,GBP,2.3%,1.05,2%,2.4% ,
b3c10e97-eb07-465a-8beb-8a3cb1ec200d,07/13/2011,11:30,Claimant Count Change (Jun),MEDIUM,GBP,31.3K,1.80,15.2K,15.7K,
fe6765d3-4fce-4795-bb36-f8c8b1c09d89,07/13/2011,11:30,Claimant Count Rate (Jun),MEDIUM,GBP,4.8%,2.04,4.7%,4.5% ,
9e6b0a77-d44e-44b5-bb37-29889b5124e9,07/13/2011,11:30,ILO Unemployment Rate (3M) (May),HIGH,GBP,7.7%,0.00,7.7%,7.7%,
e8c0d3ab-53ce-48e8-b0d2-7fba9545a254,07/13/2011,12:00,Industrial Production s.a. (MoM) (May),LOW,EUR,0.2%,-0.83,0.5%,-0.4% ,
dd15d4aa-16a1-4226-944b-b03d871c4f9b,07/13/2011,12:00,Industrial Production w.d.a. (YoY) (May),MEDIUM,EUR,4.4%,-0.45,4.8%,5.4% ,
0df321c8-1bb0-471d-b221-af9aec34cc51,07/13/2011,14:00,MBA Mortgage Applications,LOW,USD,-5.1%,-,-,-5.2%,
3137da10-d66a-4457-919a-9802cec5fcbf,07/13/2011,14:45,ECB Rate On Deposit Facility,MEDIUM,EUR,0.75%,-,-,0.5%,
e6f3d068-271f-4e65-a15c-98a9d8f46c7d,07/13/2011,15:00,Consumer Price Index (MoM) (Jun),LOW,PLN,-0.4%,-,-,0.6%,
aa46f594-eac7-4db0-8ccd-4b7198470975,07/13/2011,15:00,Consumer Price Index (YoY) (Jun),LOW,PLN,4.2%,-,-,5%,
cbef8d6d-5b7c-4f5d-8cef-647154bb8ce4,07/13/2011,15:30,Export Price Index (MoM) (Jun),LOW,USD,0.1%,-,-,0.4% ,
71d300c5-9691-4cc0-86d6-9653bb4e744b,07/13/2011,15:30,Import Price Index (MoM) (Jun),LOW,USD,-0.6%,0.54,-0.7%,0.1%,
e0b31c50-12e8-472d-a818-ca6d7078738a,07/13/2011,15:30,Import Price Index (YoY) (Jun),LOW,USD,13.6%,1.32,13.2%,12.9% ,
b865b805-a93a-44e9-a9db-710f2ed25af4,07/13/2011,17:00,Fed's Chair Bernanke testifies,HIGH,USD,,,,,SPEECH
5996bc7f-be1b-422e-b6f8-08e3f4771dcb,07/13/2011,17:30,EIA Crude Oil Stocks Change,LOW,USD,-3.1M,-,-,-0.9M,
181e4f90-a10e-4ae7-acd5-a06bf1e2eda8,07/13/2011,21:00,Monthly Budget Statement (Jun),MEDIUM,USD,$-43B,0.35,$-65.5B,$-57.64B,
7a112849-1862-4112-9bf6-51b4a4f739d8,07/14/2011,01:30,Business NZ PMI (Jun),MEDIUM,NZD,54.3,-,-,52.9,
228fe3c0-2923-4190-836e-73c8298e7c63,07/14/2011,01:45,Gross Domestic Product (QoQ) (Q1),MEDIUM,NZD,0.9%,2.91,0.3%,-0.6% ,
e83dea66-bc8d-4832-a14b-23487605a16d,07/14/2011,01:45,Gross Domestic Product (YoY) (Q1),MEDIUM,NZD,1.7%,-,0.5%,0.2% ,
200a0750-23ed-449d-8572-fe138e68947c,07/14/2011,04:00,Consumer Inflation Expectations (Jun),MEDIUM,AUD,3.4%,-,-,3.3%,
05b85a1d-5fef-4182-a2d9-4eda0827f786,07/14/2011,04:00,BoK Interest Rate Decision,LOW,KRW,3.25%,-,-,3.25%,
3b257486-767b-4540-8202-8be17e9fb9e9,07/14/2011,09:00,Consumer Price Index (YoY) (Jun),LOW,EUR,3.5%,-,-,3.3%,
05f2259a-f91e-4c78-8b16-034979b30dfc,07/14/2011,09:30,WPI Inflation (Jun),LOW,INR,9.44%,-,-,9.06%,
41760d64-4f2e-466a-87e5-53da794abdf1,07/14/2011,10:00,Industrial Output (YoY) (Jun),LOW,HUF,7.3%,-,-,7.6%,
41ea9cba-19fb-489e-ac9b-fa6704069615,07/14/2011,10:00,EU Norm Inflation (MoM) (Jun),LOW,EUR,-0.1%,-,-,0.3%,
0a62481f-83ce-4814-a2b5-e2b6e2e9eb2f,07/14/2011,10:00,EU Norm Inflation (YoY) (Jun),LOW,EUR,4.1%,-,-,4.2%,
d6c1bb9f-1160-4c44-9fe9-c3afa99013a4,07/14/2011,10:30,Retail Sales (YoY) (May),LOW,EUR,0.7%,-,-,3.4%,
29001a47-6e65-4dcb-9ae8-bb0a0c32d14d,07/14/2011,11:00,ECB Monthly Report,MEDIUM,EUR,,,,,REPORT
2642ac90-0ccc-4d45-b563-1847ce2f9b60,07/14/2011,11:00,Consumer Price Index (EU Norm) (MoM) (Jun),LOW,EUR,0.1%,-,-,0.1%,
08379e55-08b3-4911-b18e-ba2d05788877,07/14/2011,11:00,Consumer Price Index (EU Norm) (YoY) (Jun),LOW,EUR,3%,-,-,3%,
0eb5c3ac-c87c-4f33-b20f-38f5acd06e7b,07/14/2011,11:00,Consumer Price Index (MoM) (Jun),LOW,EUR,0.1%,-,-,0.1%,
1bbbc673-b315-49a7-999e-bb4ca9db6604,07/14/2011,11:00,Consumer Price Index (YoY) (Jun),LOW,EUR,2.7%,-,-,2.7%,
9412e41a-a332-41d5-a4ef-a636ecf1b6dd,07/14/2011,12:00,Core Harmonized Index of Consumer Prices (YoY) (Jun),MEDIUM,EUR,1.6%,-,1.5%,1.5%,
52c9b200-c818-438c-a2fa-5a7c1df783d1,07/14/2011,12:00,Harmonized Index of Consumer Prices (MoM) (Jun),MEDIUM,EUR,0%,0.00,0%,0%,
8d7e7574-35f9-4ac7-ab83-00c01c2f9bcc,07/14/2011,12:00,Harmonized Index of Consumer Prices (YoY) (Jun),MEDIUM,EUR,2.7%,0.00,2.7%,2.7%,
18cd9349-4b10-42ea-aa4e-310ae560f63f,07/14/2011,13:30,30-y Bond Auction,LOW,GBP,4.18%,-,-,-,
ce2702cb-4354-44f2-976e-cc3101e6a8e0,07/14/2011,15:00,M3 Money Supply (YoY) (Jun),LOW,PLN,7.1%,-,-,7.8%,
e62670de-f336-4dcd-8c68-5612df508a08,07/14/2011,15:30,Continuing Jobless Claims,LOW,USD,3.748M,-,-,3.681M,
2ddf476f-1163-49d9-8356-8349503f8489,07/14/2011,15:30,Initial Jobless Claims,LOW,USD,408K,-2.66,422K,418K,
f059a537-01b8-4ccc-9b5a-ccd46b61b07c,07/14/2011,15:30,Producer Price Index (MoM) (Jun),MEDIUM,USD,-0.4%,-0.46,-0.2%,0.3% ,
859d3737-f78d-4f9f-90f2-cacd0a9fdebc,07/14/2011,15:30,Producer Price Index (YoY) (Jun),MEDIUM,USD,7%,-0.60,7.3%,4.1% ,
d4ee79cd-2dde-4a33-874d-c245db7a4c9d,07/14/2011,15:30,Producer Price Index ex Food & Energy (MoM) (Jun),MEDIUM,USD,0.3%,0.91,0.2%,0.2%,
fcdee278-87c8-44b8-b8b4-6c74662f3afa,07/14/2011,15:30,Producer Price Index ex Food & Energy (YoY) (Jun),MEDIUM,USD,2.4%,2.50,2.2%,2.3% ,
13f65ef5-3042-4d35-b1cf-43b8e7b98e61,07/14/2011,15:30,Retail Sales (MoM) (Jun),MEDIUM,USD,0.3%,1.29,0%,0% ,
a53cd9aa-d2fb-4775-b005-c66099fa40e6,07/14/2011,15:30,Retail Sales ex Autos (MoM) (Jun),MEDIUM,USD,0.2%,0.33,0.1%,0.2%,
a5756fb1-a87f-4806-90e4-d26dc0710036,07/14/2011,17:00,Business Inventories (May),MEDIUM,USD,0.9%,1.15,0.7%,0.9% ,
7ecdf547-c648-4e1c-92dc-d6300729d210,07/14/2011,17:00,Fed's Chair Bernanke testifies,HIGH,USD,,,,,SPEECH
a15ab43c-9275-4c4e-a80e-b9a0a87dfdea,07/14/2011,22:00,Consumer Price Index (MoM) (Jun),LOW,ARS,0.7%,-,-,0.7%,
b81a0111-46a3-41bc-b125-f6a87eb8e92d,07/15/2011,00:00,Export Price Growth (YoY) (Jun),LOW,KRW,-0.4%,-,-,3.3%,
39dcafc9-9491-4bcc-9c3e-d2177f19d029,07/15/2011,00:00,Import Price Growth (YoY) (Jun),LOW,KRW,25%,-,-,13.2%,
293dccea-5db1-4566-bf5c-39f0a684f0b3,07/15/2011,02:50,BoJ Monetary Policy Meeting Minutes,MEDIUM,JPY,,,,,REPORT
7bbe6e2c-29e9-44f2-805e-7388a6cb8a0c,07/15/2011,05:00,FDI - Foreign Direct Investment (YTD) (YoY) (Jun),LOW,CNY,18.4%,-,-,26.03% ,
7bbded28-6098-43e0-9116-b44de9399901,07/15/2011,06:00,Trade Balance (Jun),LOW,KRW,$2.8B,-,-,$3.3B,
f9c550fd-b4df-47d0-8747-981e6eb91429,07/15/2011,10:00,Export Prices (YoY) (May),LOW,CZK,-0.1%,-,-,1.4%,
32fe9a4e-4c45-42c9-96fc-2800521cc148,07/15/2011,10:00,Import Prices (YoY) (May),LOW,CZK,2.1%,-,-,4.7%,
f5a083da-8941-42ba-babd-64896a02e5f5,07/15/2011,10:00,Producer Price Index (MoM) (Jun),LOW,CZK,-0.2%,-,-,0.5%,
8a2a4d98-1554-4759-9aef-28a6a1f47498,07/15/2011,10:00,Producer Price Index (YoY) (Jun),LOW,CZK,5.5%,-,-,6.2%,
d06cf41a-6de7-4d73-956e-85213272022f,07/15/2011,10:00,Unemployment Rate (May),LOW,TRY,9.9%,-,-,10.8%,
889a5393-8351-4edf-8f63-cd1433d8b74d,07/15/2011,11:00,Current Account (MoM) (May),LOW,CZK,-23.12B,-,-,-6.74B,
31f02495-dc73-4408-8f40-c5e50c1a8007,07/15/2011,11:00,Current Account (May),LOW,EUR,€-0.9B,-,-,€-0.8B,
5a7e1734-830b-411d-82a5-19c54498c3ae,07/15/2011,11:00,Global Trade Balance (May),LOW,EUR,€-2.402B,-,-,€-3.761B,
b473e1b1-a8e7-495f-9d7d-e7652a5ee8b0,07/15/2011,11:00,Trade Balance EU (May),LOW,EUR,€-0.595B,-,-,€-0.686B,
580c641a-0774-4ac0-adf3-b404a8051f99,07/15/2011,11:00,Trade Balance (Jun),LOW,NOK,24.7B,-,-,24.2B,
0f4d42b6-eae5-4be2-b8a9-3c064abb5e74,07/15/2011,11:00,Budget Balance (Jun),LOW,TRY,3.1B,-,-,2.835B,
03994383-4430-47e3-b9b4-1e7a73883fb8,07/15/2011,12:00,Trade Balance n.s.a. (May),LOW,EUR,€-0.7B,-,-,€-5.3B,
5005b844-206f-4c14-9fd2-dc82a0bca85e,07/15/2011,12:00,Trade Balance s.a. (May),LOW,EUR,€-0.8B,1.28,€-2.97B,€-6.3B,
48c76b82-16a6-45e7-a887-64cac3c01ba6,07/15/2011,14:30,Bank Loan Growth,LOW,INR,19.9%,-,-,20.7%,
e7549d6a-a347-4add-96f0-e33645c08927,07/15/2011,14:30,"FX Reserves, USD",LOW,INR,$314.619B,-,-,$315.715B,
5b76f3f7-dc66-4671-b62e-8c566ba6d3de,07/15/2011,14:30,M3 Money Supply,LOW,INR,17.1%,-,-,17.1%,
81c37c2f-8468-4314-97a7-8edfc5baedd6,07/15/2011,15:00,Current Account (May),LOW,PLN,€0M,-,-,€-959M,
8ae30a70-4404-4ebf-ba09-de0b5006401a,07/15/2011,15:30,Manufacturing Sales (MoM) (May),LOW,CAD,-0.7%,-0.21,-0.3%,-0.6% ,
1bbd055b-783d-4f0b-b4e2-56072cc3b2ae,07/15/2011,15:30,Consumer Price Index (MoM) (Jun),MEDIUM,USD,-0.2%,0.00,-0.2%,0.3% ,
7af3a7f8-6831-4b8a-bd12-632947b42822,07/15/2011,15:30,Consumer Price Index (YoY) (Jun),MEDIUM,USD,3.6%,0.00,3.6%,3.6%,
9e9ad1ca-194c-4d82-98dd-5bebb272ab31,07/15/2011,15:30,Consumer Price Index ex Food & Energy (MoM) (Jun),HIGH,USD,0.3%,1.25,0.2%,0.2% ,
8e2069c5-6bc1-462e-8ab1-55c1f8aacce9,07/15/2011,15:30,Consumer Price Index ex Food & Energy (YoY) (Jun),HIGH,USD,1.6%,0.00,1.6%,1.5%,
c27f99fd-4d60-4754-b4bc-ada59296806d,07/15/2011,15:30,NY Empire State Manufacturing Index (Jul),MEDIUM,USD,-3.76,-0.88,4.2,-5.3,
7271cf4c-e5a4-44bb-b26b-d006399e6189,07/15/2011,16:15,Capacity Utilization (Jun),MEDIUM,USD,76.7%,-0.80,77%,75.6% ,
bcec2a23-6e26-471c-b6bf-15aff54bde6c,07/15/2011,16:15,Industrial Production (MoM) (Jun),MEDIUM,USD,0.4%,0.00,0.4%,0.1% ,
50bd3ddc-b7af-4775-9c69-1da1ee049045,07/15/2011,16:55,Michigan Consumer Sentiment Index (Jul) PREL,MEDIUM,USD,63.8,-5.18,72.5,71.5,
54917cbb-95d5-41fe-9c74-05315c8cb5c8,07/15/2011,18:00,Barack Obama Press Conference,LOW,USD,,,,,SPEECH
6e5f1f72-896a-4d3b-986f-31b973d6d004,07/15/2011,19:00,Bank Stress Test Info,HIGH,EUR,-,-,-,-,
9b6f8b28-23f2-4cf3-9c6c-e7b81da051e7,07/18/2011,01:45,Consumer Price Index (QoQ) (Q2),MEDIUM,NZD,1%,1.54,0.8%,0.8%,
af0d9200-d83e-423c-89ce-c6162e3b8ec5,07/18/2011,02:01,Rightmove House Price Index (MoM) (Jul),LOW,GBP,-1.6%,-,-,-0.3% ,
f9b83e8a-2c02-4350-9469-94ff15faf073,07/18/2011,02:01,Rightmove House Price Index (YoY) (Jul),MEDIUM,GBP,0.1%,-,-,-0.1% ,
5f7bfa09-8382-4115-b768-6a353e7da952,07/18/2011,03:00,Marine Day,NONE,JPY,,,,,ALL DAY
70f89fdb-f761-4ee7-86fe-5e1cbbdf45fb,07/18/2011,04:30,New Motor Vehicle Sales (MoM) (Jun),LOW,AUD,1.9%,-,-,-7.6% ,
094d7489-c018-4d1f-ad42-e1bf41eb8091,07/18/2011,04:30,New Motor Vehicle Sales (YoY) (Jun),LOW,AUD,-11.5%,-,-,-14.5% ,
06ac943b-0878-4e62-9663-55da31b154a9,07/18/2011,09:00,Export Prices (YoY) (Jun),LOW,EUR,5%,-,-,5.9%,
2713767b-bc5b-419f-90af-687e98480a04,07/18/2011,09:00,Import Prices (YoY) (Jun),LOW,EUR,6.6%,-,-,7.5%,
c8ad74df-edfd-43b4-9e99-b4ba3dc2ffe4,07/18/2011,09:00,Producer Price Index (YoY) (Jun),LOW,EUR,5.9%,-,-,6.6%,
fac21395-569a-4b04-bc6d-e71551c32ad4,07/18/2011,10:00,Consumer Confidence (Jun),LOW,TRY,96.42,-,-,92.85,
eb1bf8f2-9b3a-4586-9297-5ee9bc409279,07/18/2011,15:00,Corporate Sector Wages (Jun),LOW,PLN,5.8%,-,-,4.1%,
bfa15b26-6f1b-4e57-aaa8-1929b95f1aa4,07/18/2011,15:30,Canadian Portfolio Investment in Foreign Securities (May),LOW,CAD,$-3.61B,-,-,$-2.59B,
3e058528-a48c-463a-a5c6-bf85f404d77f,07/18/2011,15:30,Foreign Portfolio Investment in Canadian Securities (May),LOW,CAD,$15.34B,1.95,$7.41B,$7.89B,
70e8376d-61e9-4b67-94bb-82e0a151aa2d,07/18/2011,15:30,New Motor Vehicle Sales (MoM) (May),LOW,CAD,-6.1%,-3.47,0.5%,-1.1%,
facabb31-dca8-48f4-aa45-e056875e977a,07/18/2011,16:00,Net Long-Term TIC Flows (May),MEDIUM,USD,$24.2B,-2.33,$48.4B,$21.7B,
728c3cee-0140-498f-889a-ebc79138bd8b,07/18/2011,16:00,Total Net TIC Flows (May),LOW,USD,$-48.8B,-,-,$58.9B,
9ed9b5ec-6ea6-4609-8629-8dc009d566d0,07/18/2011,17:00,NAHB Housing Market Index (Jul),LOW,USD,15,0.00,15,13,
c3eef557-b21c-440f-b772-72633f9be756,07/18/2011,22:00,Monthly Econ Activity (MoM) (May),LOW,ARS,8.9%,-,-,7.1%,
8ea6ba2d-b374-4d1e-a4ec-ab806573fc70,07/19/2011,03:49,Primary Budget Balance (MoM) (Jun),LOW,ARS,0.93,-,-,3.14,
e3349454-c87d-4149-92b3-c1d3e607872f,07/19/2011,04:30,RBA Meeting Minutes,HIGH,AUD,,,,,REPORT
a1e6bcf1-4641-481d-944d-92404ad322c4,07/19/2011,10:00,Gross Wages (YoY) (May),LOW,HUF,6.7%,-,-,5.9%,
e0d22a31-62a6-4a69-8002-d1f5fb2f8eae,07/19/2011,12:00,ZEW Survey – Current Situation (Jul),MEDIUM,EUR,90.6,3.08,85,87.6,
e21162d7-6465-42f2-a97d-f276fcd08bca,07/19/2011,12:00,ZEW Survey – Economic Sentiment (Jul),MEDIUM,EUR,-15.1,-1.92,-10.9,-9,
74f96a78-b05d-4e3c-ab4d-9970bbd2a6f6,07/19/2011,12:00,Construction Output s.a (MoM) (May),LOW,EUR,0.1%,-,-,0.4% ,
70b3693d-653e-4080-b14e-1b5e878b0549,07/19/2011,12:00,Construction Output w.d.a (YoY) (May),LOW,EUR,-1.9%,-,-,-2.3% ,
39e04b09-d7e6-4416-99da-99d8da983a6c,07/19/2011,12:00,ZEW Survey – Economic Sentiment (Jul),MEDIUM,EUR,-7,0.08,-7.4,-5.9,
2fb0c051-2e4e-45be-8a8d-b4aa938053b8,07/19/2011,12:00,Unemployment Rate (MoM) (Apr),LOW,EUR,15.8%,-,-,-,
6b3461aa-420f-4e24-adc6-d8c274e4bfb6,07/19/2011,15:00,Industrial Output (YoY) (Jun),LOW,PLN,2%,-,-,7.7%,
78d1e02f-b41d-4d6a-9a1e-8ac8aaac1c7c,07/19/2011,15:00,Producer Price Index (YoY) (Jun),LOW,PLN,5.6%,-,-,6.5%,
bd3c5092-0a3d-4393-ad46-a7e8f1ee32d2,07/19/2011,15:30,Unemployment Rate (Jun),LOW,BRL,6.2%,-,-,6.4%,
b754cf14-f711-4981-9102-c851607d95c8,07/19/2011,15:30,Leading Indicators (MoM) (Jun),MEDIUM,CAD,0.1%,-10.79,1.2%,1% ,
78e3e666-408e-45ff-b84f-61efdf55325c,07/19/2011,15:30,Building Permits (MoM) (Jun),MEDIUM,USD,0.617M,0.20,0.61M,0.618M,
371229cc-ae78-4490-bd19-0b647b88260a,07/19/2011,15:30,Housing Starts (MoM) (Jun),MEDIUM,USD,0.613M,0.64,0.58M,0.561M,
88224530-52a6-49c5-ba7e-c429c21fa8a2,07/19/2011,16:00,BoC Interest Rate Decision,HIGH,CAD,1%,0,1%,1%,
74c78ea9-115d-4760-905a-fccd43952c4f,07/20/2011,03:30,Westpac Leading Index (MoM) (Jun),LOW,AUD,-0.18%,-,-,-0.23% ,
a6e488bc-b1fa-403a-8303-f98ff731a314,07/20/2011,08:00,Coincident Index (May),LOW,JPY,106.1,-,-,106,
1101e35b-d127-42ca-badc-29f732bda272,07/20/2011,08:00,Leading Economic Index (May),MEDIUM,JPY,99.4,-,-,99.8,
fb2d93be-0d1e-4bfa-8361-fc7aa4d10e76,07/20/2011,09:00,Producer Price Index (MoM) (Jun),LOW,EUR,0.1%,0.28,0%,0%,
4388f0b3-580d-4b48-abe3-d449ffb2308b,07/20/2011,09:00,Producer Price Index (YoY) (Jun),MEDIUM,EUR,5.6%,0.27,5.5%,5.6% ,
f209eb8a-8428-4069-9bb9-0e976043d61f,07/20/2011,10:00,Consumer Confidence (Jul),LOW,DKK,-0.6,-,-,3,
54248566-1e56-48af-838a-748eaf8399c9,07/20/2011,10:30,Consumer Confidence Adj (Jul),LOW,EUR,-12,-,-,-11,
8d774f97-e53d-4d9a-950e-db6362579d8a,07/20/2011,11:00,Industrial Orders n.s.a (YoY) (May),LOW,EUR,13.6%,-,-,5.8%,
da28baa2-7d92-4d38-86a9-ec27acd307a3,07/20/2011,11:00,Industrial Orders s.a (MoM) (May),LOW,EUR,-4.4%,-,-,-6.4% ,
701ff255-41f9-46dc-8baf-dd89bdd3b14c,07/20/2011,11:00,Industrial Sales n.s.a. (YoY) (May),LOW,EUR,10.8%,-,-,14.2% ,
d5dac3d3-293c-495e-b739-af422d977429,07/20/2011,11:00,Industrial Sales s.a. (MoM) (May),LOW,EUR,-1.7%,-,-,1.5%,
c58df957-6523-4373-b87a-7193e52b7197,07/20/2011,11:30,BoE Minutes,HIGH,GBP,,,,,REPORT
d1a79f9e-0eb3-4521-bb7f-29ede525cb71,07/20/2011,12:30,Consumer Price Index (MoM) (Jun),LOW,ZAR,0.4%,-,-,0.5%,
22ee74f8-b2ba-4051-adf9-5d450ada9836,07/20/2011,12:30,Consumer Price Index (YoY) (Jun),LOW,ZAR,5%,-,-,4.6%,
2afa5a83-11b4-466c-ae0b-83964033a741,07/20/2011,14:00,MBA Mortgage Applications,LOW,USD,15.5%,-,-,-5.1%,
45faa829-cf67-43d2-9cf4-e46cf5bd85c1,07/20/2011,14:00,Retail Sales (YoY) (May),LOW,ZAR,2%,-,-,9.8%,
3521cc3e-f36d-448a-9c08-24cc1a59db96,07/20/2011,15:00,Mid-month Inflation (Jun),LOW,BRL,0.1%,-,-,0.23%,
6dc8c238-cc54-4e7f-9399-c99f17482d22,07/20/2011,15:00,Net Inflation (Jun),LOW,PLN,2.4%,-,-,2.4%,
56d486c3-2641-42f8-8275-f5869ccee58a,07/20/2011,15:30,Wholesale Sales (MoM) (May),LOW,CAD,2%,2.94,0.2%,-0.7% ,
2218211d-2c3d-416a-8a52-27fd46c12cb9,07/20/2011,16:00,Retail Sales (MoM) (May),LOW,MXN,-2.1%,-,-,1.1%,
59d2568c-c801-42c5-9e44-fbc2acb0a5d1,07/20/2011,16:00,Retail Sales (YoY) (May),LOW,MXN,1%,-,-,4.9%,
c4a746ae-2ba9-446a-8c39-9fed9215ad4c,07/20/2011,17:00,Consumer Confidence (Jul) PREL,MEDIUM,EUR,-11.4,-4.60,-10,-9.7,
571076ad-fb20-431b-9155-383048e411ff,07/20/2011,17:00,Existing Home Sales (MoM) (Jun),MEDIUM,USD,4.84M,-0.63,4.95M,4.14M,
a2c4d505-b1ae-4ff2-9399-a8e25558cbe5,07/20/2011,17:00,Existing Home Sales Change (MoM) (Jun),MEDIUM,USD,0.6%,-0.72,2.9%,-0.7% ,
b9166d21-53d5-415f-8f45-80704105e1a9,07/20/2011,17:30,BoC Monetary Policy Report,HIGH,CAD,,,,,REPORT
59f302dc-bed5-477f-a7d6-684ba5554212,07/20/2011,17:30,EIA Crude Oil Stocks Change,LOW,USD,-3.7M,-,-,-3.1M,
67fb0963-e266-4ce0-9c0a-fcb921d3186f,07/21/2011,01:02,Interest Rate Decision,LOW,BRL,12.5%,-,-,12.25%,
1f1bb08c-ee3e-4b2a-ab64-c2411e2ce0e8,07/21/2011,01:45,Visitor Arrivals (YoY) (Jun),LOW,NZD,-9.9%,-,-,-0.4%,
5c27282f-cc2b-47ae-b6c2-07e53bbf335a,07/21/2011,02:01,Nationwide Consumer Confidence (Jun),LOW,GBP,51,-,-,55,
86dffe9a-f433-4406-beba-57b01a5d71df,07/21/2011,02:50,Adjusted Merchandise Trade Balance (Jun),LOW,JPY,¥-196.5B,0.30,¥-282.2B,¥-474.6B,
102ae033-f7b0-4aae-944e-d3bdcd3b3584,07/21/2011,02:50,Merchandise Trade Balance Total (Jun),MEDIUM,JPY,¥68.6B,0.82,¥-175.3B,¥-860.7B,
7354fba2-0877-46e2-831f-37c40e6e0a7d,07/21/2011,04:30,RBA Foreign Exchange Transaction (Jun),LOW,AUD,"1,280M",-,-,601M,
13e7950d-afcc-44ef-8cce-94bcb407fad3,07/21/2011,04:31,Gross Domestic Product Monthly (YoY) (Jun),LOW,RUB,3.9%,-,-,3.8%,
df1b698f-4859-4660-9d5f-0802bcbf6b4b,07/21/2011,05:30,RatingDog Manufacturing PMI (Jul) PREL,LOW,CNY,-,-,-,-,
00e3cbc9-dc3d-47a9-8fe5-1604afd9cf50,07/21/2011,07:30,All Industry Activity Index (MoM) (May),MEDIUM,JPY,1.8%,0.08,1.7%,1.5% ,
e2bb1e2c-55de-4aa8-af88-dac8ce90fa00,07/21/2011,09:00,Trade Balance (Jun),MEDIUM,CHF,"1,773M",-0.72,"2,470M",3.306M,
2959e1d3-cc81-4184-8265-98912c1eaeba,07/21/2011,09:58,HCOB Manufacturing PMI (Jul) PREL,LOW,EUR,-,-,-,-,
6a0e50cd-62fc-4854-bf73-8c13abdd2b71,07/21/2011,09:58,HCOB Services PMI (Jul) PREL,LOW,EUR,-,-,-,-,
e7867d59-30b2-479d-aabc-75ae755b6c59,07/21/2011,10:30,HCOB Manufacturing PMI (Jul) PREL,MEDIUM,EUR,-,-1.58,54,-,
f36c3503-0e9f-4ce1-92e6-45560fe0f945,07/21/2011,10:30,HCOB Services PMI (Jul) PREL,MEDIUM,EUR,-,-1.80,56.1,-,
ab756048-a7c3-4868-8198-8cf9ab3e157a,07/21/2011,10:30,Consumer Spending Volume (May),LOW,EUR,0.5%,-,-,0.5%,
fee1f6ff-679c-46df-b0fe-52676e2d5263,07/21/2011,10:30,Unemployment Rate s.a (3M) (Jun),LOW,EUR,5%,-,-,5.1%,
1cdce66d-be00-4e18-a91c-6ce0dde7f923,07/21/2011,10:58,HCOB Services PMI (Jul) PREL,MEDIUM,EUR,-,-0.14,51.5,-,
52d4f4a7-6b5d-4904-8279-f2d6112478dc,07/21/2011,11:00,Current Account n.s.a (May),LOW,EUR,€-18.7B,-,-,€-4.4B,
558e136f-eb60-44af-940a-a9855d5dba68,07/21/2011,11:00,Current Account s.a (May),LOW,EUR,€-5.6B,-0.25,€-4.7B,€-1.9B,
1352403b-6c99-4cba-ad1a-40fb45755203,07/21/2011,11:00,HCOB Manufacturing PMI (Jul) PREL,MEDIUM,EUR,-,-1.12,51.7,-,
6d361931-a682-4537-af21-75fdd36dad6a,07/21/2011,11:00,Trade Balance non-EU (May),LOW,EUR,€-1.536B,-,-,€-1.807B,
bae2dee7-a763-4294-a659-a510ead21f94,07/21/2011,11:30,Public Sector Net Borrowing (Jun),MEDIUM,GBP,£12.374B,0.59,£10.4B,£7.449B,
c9ccecc7-0854-4d07-8f07-d36d7426c9c7,07/21/2011,11:30,Retail Sales (MoM) (Jun),LOW,GBP,0.8%,0.16,0.7%,-2% ,
cd901c41-374a-4af4-a7c1-cdc9fae801ad,07/21/2011,11:30,Retail Sales (YoY) (Jun),MEDIUM,GBP,0.4%,0.54,-0.1%,-1.7% ,
a8a1dd4c-9b8d-4750-b314-1ad2c89a45dd,07/21/2011,11:30,Retail Sales ex-Fuel (MoM) (Jun),LOW,GBP,1%,-,0.5%,-1.9% ,
e7595936-933c-457c-8a3f-4062c3c03351,07/21/2011,11:30,Retail Sales ex-Fuel (YoY) (Jun),MEDIUM,GBP,0.2%,-,0.3%,-2% ,
b2716d3f-98d9-4598-b78d-bba7b8d79f37,07/21/2011,12:00,ZEW Survey – Expectations (Jul),MEDIUM,CHF,-58.9,-,-,-24.3,
935ea7b6-7784-4d79-a540-6f012babf275,07/21/2011,N/A,EcoFin Meeting,MEDIUM,EUR,-,-,-,-,
6ca82544-8e6f-46a8-8916-3d8613d3d77a,07/21/2011,14:15,Current Account Balance (May),LOW,EUR,€-5.535B,-,-,€-3.912B,
86fd3255-9d72-427e-9330-ab22f35ae10e,07/21/2011,15:30,Continuing Jobless Claims,LOW,USD,3.72M,-,-,3.727M,
25a418f7-eb45-4b11-ba7f-158ab1bd4b76,07/21/2011,15:30,Initial Jobless Claims,LOW,USD,422K,1.65,405K,405K,
6ee21712-6ee5-4d43-88cc-5dada71bfe3a,07/21/2011,16:00,Jobless Rate (Jun),LOW,MXN,5.42%,-,-,5.2%,
dbb52636-1a94-44d6-b312-6309092103ef,07/21/2011,16:00,Jobless Rate s.a (Jun),LOW,MXN,5.74%,-,-,5.54%,
27128bd6-c4a4-4e27-8c94-35d18d86f372,07/21/2011,17:00,Fed's Chair Bernanke testifies,MEDIUM,USD,,,,,SPEECH
8a747922-60e9-44a0-af27-868b4af9c429,07/21/2011,17:00,Housing Price Index (MoM) (May),LOW,USD,0.4%,-,-,0.3% ,
86bb6588-d93f-4acd-bc10-4486ab7fa4df,07/21/2011,17:00,Philadelphia Fed Manufacturing Survey (Jul),MEDIUM,USD,3.2,-0.11,4.8,-0.5,
78424009-4b3a-4e66-a650-1905762b5aba,07/22/2011,04:30,Export Price Index (QoQ) (Q2),LOW,AUD,6%,1.35,-1.1%,5.1% ,
e2acbd78-8aea-4be4-884a-76d7011edb2d,07/22/2011,04:30,Import Price Index (QoQ) (Q2),LOW,AUD,0.8%,-1.64,5%,1.4%,
a5382ec0-d31e-4c9d-ba12-010e0ed7536c,07/22/2011,09:45,Business Climate in Manufacturing (Jul),LOW,EUR,105,-,-,109,
2c78fd09-ef38-469b-87c8-337b9860972a,07/22/2011,11:00,IFO – Business Climate (Jul),MEDIUM,EUR,112.9,-0.59,113.6,102,
e5d4dfe7-c1ff-4f99-ac9c-9c83e64cbcf5,07/22/2011,11:00,IFO – Current Assessment (Jul),MEDIUM,EUR,121.4,-0.43,122.2,102.7,
cbdea77d-b390-4962-802c-c53db33ebe3a,07/22/2011,11:00,IFO – Expectations (Jul),MEDIUM,EUR,105,-0.57,105.5,101.4,
59379664-1b1e-4dc7-b2b2-670ab1d0ab30,07/22/2011,11:00,Retail Sales n.s.a (YoY) (May),LOW,EUR,-0.4%,-,-,2.5% ,
c616fda0-9f12-4a8f-abe1-1b95825cd2dc,07/22/2011,11:00,Retail Sales s.a. (MoM) (May),LOW,EUR,-0.2%,-,-,0.4% ,
609bfc47-fa36-4346-9a38-f6bd5ccdf0df,07/22/2011,11:00,Foreign Arrivals (Jun),LOW,TRY,8.02%,-,-,4.28%,
b45b9ed9-3d5b-48ea-ba2d-7a53e4e95ed1,07/22/2011,12:00,Industrial New Orders (YoY) (May),MEDIUM,EUR,13.8%,1.46,10.3%,8.6% ,
030f9437-3e1d-4eb0-b736-1c004a18715a,07/22/2011,12:00,Industrial New Orders s.a. (MoM) (May),LOW,EUR,3.6%,1.46,1%,0.7% ,
970ff3a1-2b99-47dc-abd9-0a57e127a3c1,07/22/2011,14:00,BoC Consumer Price Index Core (MoM) (Jun),MEDIUM,CAD,-0.6%,-2.23,0%,0.5%,
e457bb13-5782-4ddb-b42f-36e318bd37d4,07/22/2011,14:00,BoC Consumer Price Index Core (YoY) (Jun),MEDIUM,CAD,1.3%,-2.94,2%,1.8%,
2a238919-9774-404b-ba1b-d6f24d72e674,07/22/2011,14:00,Consumer Price Index (MoM) (Jun),MEDIUM,CAD,-0.7%,-1.79,-0.2%,0.7%,
e156b65d-400c-4a03-9823-01625cb351dd,07/22/2011,14:00,Consumer Price Index (YoY) (Jun),HIGH,CAD,3.1%,-1.47,3.5%,3.7%,
bbb515a7-34bd-4836-94b5-a64d01a4b319,07/22/2011,14:30,"FX Reserves, USD",LOW,INR,$314.507B,-,-,$314.619B,
34fb0ca8-f082-4d69-8fcd-c0d79dd82948,07/22/2011,15:30,Retail Sales (MoM) (May),LOW,CAD,0.3%,0.69,-0.3%,0.7% ,
345214f1-8b92-4504-8a8c-7b79595b9165,07/22/2011,15:30,Retail Sales ex Autos (MoM) (May),MEDIUM,CAD,0.6%,0.81,0.2%,0.3% ,
069e2621-3534-44a3-b9f6-454ad73e96d7,07/22/2011,17:00,1st half-month Core Inflation,NONE,MXN,0.14%,-,-,0.04%,
ebb39d64-d850-4d31-9304-787fba09b355,07/22/2011,17:00,1st half-month Inflation,NONE,MXN,0.32%,-,-,-0.05%,
312bd262-cfac-43d4-a9e0-abce7ab5db0b,07/22/2011,22:00,Industrial Output n.s.a (YoY) (Jun),LOW,ARS,8.2%,-,-,9.1%,
4ecef516-c034-4ee9-bfc4-a52c99acef1b,07/22/2011,22:00,Trade Balance (MoM) (Jun),LOW,ARS,"$1,019M",-,-,"$1,680M",
c5b85ac6-7525-42dc-8368-d635d2cd23f0,07/25/2011,04:30,Producer Price Index (QoQ) (Q2),MEDIUM,AUD,0.8%,0.52,0.6%,1.1% ,
21423ff9-457c-4f2a-a7eb-1d7a612356c0,07/25/2011,04:30,Producer Price Index (YoY) (Q2),MEDIUM,AUD,3.4%,0.68,3.1%,2.9%,
b1fca228-8d6e-49da-aa21-53dadfc50aaf,07/25/2011,10:30,Industrial Production (YoY) (May),LOW,EUR,6.8%,-,-,9.7% ,
a2de3627-97a8-4497-809d-d726c962f066,07/25/2011,10:30,Business Confidence (Jul),LOW,EUR,-2.2,-,-,2,
d1af4e7a-e10f-41ef-8687-d7a621bed415,07/25/2011,11:00,Consumer Confidence (Jul),LOW,EUR,103.7,-,-,100,
4bed104b-b51b-48d9-a32f-c1dba0a22cdc,07/25/2011,11:30,BBA Mortgage Approvals (Jun),LOW,GBP,32.1K,0.56,31.3K,30.8K,
3724c930-ce98-4537-90d8-bec655f7366f,07/25/2011,12:00,Consumer Price Index (MoM) (Jul),LOW,ISK,0.11%,-,-,0.5%,
862c29c5-4837-4628-9b24-90bcf47fcae0,07/25/2011,12:00,Consumer Price Index (YoY) (Jul),LOW,ISK,5%,-,-,4.2%,
db9b67e6-1ecb-4bbb-bd45-ed1ec016f4c6,07/25/2011,14:30,Capacity Utilization (Jul),LOW,TRY,75.4%,-,-,76.7%,
e92ead38-3b29-43b8-801d-7ed1ab1d612a,07/25/2011,14:30,Manufacturing Confidence (Jul),LOW,TRY,114.1,-,-,114.6,
2652bd49-b173-47a0-9484-1b5730bd3899,07/25/2011,16:00,Leading Indicator (Jul),LOW,EUR,-2.5,-,-,-1.1,
8e15ac31-d73e-451e-bc8e-430348037d9b,07/26/2011,00:00,Consumer Sentiment Index (Jul),LOW,KRW,102,-,-,102,
34c3f340-c3b9-4743-8d5c-c7e5191e6100,07/26/2011,01:45,Trade Balance NZD (MoM) (Jun),MEDIUM,NZD,$197M,-0.59,$404M,$550M,
47d4c8d3-e11b-4e8d-a723-10519f02e40a,07/26/2011,02:50,Corporate Service Price Index (YoY) (Jun),LOW,JPY,-0.8%,0.49,-0.9%,-0.9%,
2844acdf-b956-4e5e-86d1-ff77e8311086,07/26/2011,03:00,Reverse Repo Rate,NONE,INR,7%,-,-,6.5%,
9ea35c4f-8efc-4e3a-8afa-5436520614e7,07/26/2011,04:30,RBI Interest Rate Decision (Repo Rate),LOW,INR,8%,-,-,7.25%,
bae95a0f-bdb7-4a63-9f65-c5d5cd9eaceb,07/26/2011,07:00,RBA's Governor Stevens speech,HIGH,AUD,,,,,SPEECH
8f3c0fe9-80dc-46d9-9bf9-99fd369070e6,07/26/2011,09:00,UBS Consumption Indicator (Jun),MEDIUM,CHF,1.52,-,-,1.91,
f5bdeecf-60b2-439d-aa38-f7d679047a9d,07/26/2011,09:00,GfK Consumer Confidence Survey (Aug),LOW,EUR,5.3,-1.39,5.6,5.6,
7f721aa8-300d-43fd-a56f-d291a0db2871,07/26/2011,09:45,Consumer Confidence (Jul),LOW,EUR,85,-,-,87,
96c63800-6bc7-4559-9640-d838dd36a213,07/26/2011,10:00,Retail Sales (YoY) (May),LOW,HUF,0.7%,-,-,-1.3% ,
cecde568-f603-453e-9aa6-7eb56f83b0eb,07/26/2011,10:30,Producer Price Index (MoM) (Jun),LOW,SEK,0.1%,-,-,-0.9%,
da424f24-d3fe-44ca-a035-00b7b432b86f,07/26/2011,10:30,Producer Price Index (YoY) (Jun),LOW,SEK,-0.2%,-,-,1%,
d3289dd9-726d-4d1e-a354-63133484b24b,07/26/2011,11:00,Retail Sales (YoY) (Jun),LOW,PLN,10.9%,-,-,13.8%,
9f99d68e-6bbf-48b9-a4af-b2a6662fe9b1,07/26/2011,11:00,Unemployment (MoM) (Jun),LOW,PLN,11.8%,-,-,12.2%,
0f7a9c59-9743-4700-83d2-96d4613faeba,07/26/2011,11:30,Gross Domestic Product (QoQ) (Q2) PREL,MEDIUM,GBP,0.2%,0.00,0.2%,0.4%,
4c23c476-1856-4d9b-863a-b860f529b5e0,07/26/2011,11:30,Gross Domestic Product (YoY) (Q2) PREL,MEDIUM,GBP,0.7%,-1.02,0.8%,1.6%,
97e9dc1a-ca79-46d8-a27c-1ab544f1c1cc,07/26/2011,11:30,Index of Services (3M/3M) (May),LOW,GBP,1.2%,1.62,0.9%,1.3% ,
6879dff3-59c4-4c40-bdc6-8718d5e9c4f6,07/26/2011,15:00,MNB Interest Rate Decision,LOW,HUF,6%,-,-,6%,
06481968-6d2b-438c-bcff-c9e9ba429ed6,07/26/2011,16:00,"Trade Balance s/a, $ (Jun)",LOW,MXN,$-0.308B,-,-,$-0.264B,
7b608564-a85a-4799-aa20-8e8ebcd8dd4f,07/26/2011,16:00,"Trade Balance, $ (Jun)",LOW,MXN,$0.108B,-,-,$0.555B,
24dd62e6-fac7-4c16-ba19-7a082f5060bc,07/26/2011,16:00,S&P/Case-Shiller Home Price Indices (YoY) (May),LOW,USD,-4.5%,0.69,-4.6%,-4.2% ,
413213c3-b247-4b66-95f9-53d1683214a8,07/26/2011,16:30,Current Account (Jun),LOW,BRL,$-3.3B,-,-,$-4.1B,
b73d1c4a-68af-41a3-83de-ad595aa32fe4,07/26/2011,17:00,Consumer Confidence (Jul),MEDIUM,USD,59.2,0.27,57.9,58.5,
7160d56c-1d69-4a74-b48e-ae7a430e096a,07/26/2011,17:00,New Home Sales (MoM) (Jun),MEDIUM,USD,0.303M,-1.04,0.321M,0.305M,
e5060702-1c74-4e1d-a07a-e08d70279e12,07/26/2011,17:00,New Home Sales Change (MoM) (Jun),MEDIUM,USD,-1%,-0.15,0.3%,-1.6% ,
26909b51-1858-40e8-b810-4daa0bc7bf88,07/26/2011,17:00,Richmond Fed Manufacturing Index (Jul),MEDIUM,USD,-1,-0.72,5,6,
8eeefa15-8425-42af-83dd-8cebc56682af,07/27/2011,00:00,BOK Manufacturing BSI (Aug),LOW,KRW,90,-,-,87,
210471b6-4604-40d8-ac2f-43b26b535552,07/27/2011,02:00,Gross Domestic Product Growth (QoQ) (Q2),LOW,KRW,0.8%,-,-,1.3%,
6d63c5ef-b5ea-4789-a214-bc14c7822e32,07/27/2011,02:00,Gross Domestic Product Growth (YoY) (Q2),LOW,KRW,3.4%,-,-,4.2%,
4628bdc9-4610-497e-9773-320d83d840f0,07/27/2011,03:30,RBA Trimmed Mean CPI (QoQ) (Q2),LOW,AUD,0.7%,-,-,0.8% ,
54995a6d-c673-49e7-ba17-932f2e52e668,07/27/2011,04:00,ANZ Business Confidence (Jul),MEDIUM,NZD,47.6,-,-,46.5,
1ea7fe70-acfa-42e8-ab38-6338d968f849,07/27/2011,04:30,Consumer Price Index (QoQ) (Q2),MEDIUM,AUD,0.9%,0.65,0.7%,1.4% ,
4c2aa567-59a8-4c0f-9455-c948888052b5,07/27/2011,04:30,Consumer Price Index (YoY) (Q2),HIGH,AUD,3.6%,0.86,3.4%,3.3%,
28477c09-4f8b-4f45-b1a0-28c4878338aa,07/27/2011,09:00,Consumer Confidence (Jul),LOW,EUR,11.3,-,-,11.4,
fba77e6a-ca09-4c47-acf6-1101a97e7d40,07/27/2011,09:00,Industrial Confidence (Jul),LOW,EUR,-2,-,-,5,
02848ba4-c017-4a99-83ff-d74c406922cd,07/27/2011,10:30,Trade Balance (MoM) (Jun),LOW,SEK,8.2B,-,-,5.7B,
d20f3064-4b4a-4f4b-b8bd-09b38f8ade7d,07/27/2011,11:00,M3 Money Supply (3m) (Jun),MEDIUM,EUR,2%,-2.00,2.3%,2.2%,
551cfd90-e273-4965-b6c7-1a5102c444fc,07/27/2011,11:00,M3 Money Supply (YoY) (Jun),MEDIUM,EUR,1.9%,-1.30,2.4%,1.5% ,
c6fd71d0-87fd-41a3-ab01-591420ddd9cd,07/27/2011,11:00,Business Confidence (Jul),LOW,EUR,98.8,-,-,100.5,
f5a71aa4-bc3f-4acf-a2f5-2e078994a511,07/27/2011,11:00,Current Account Balance EUR (May),LOW,EUR,€-43M,-,-,€-245M,
3ce246c4-e617-4436-8809-c5c2526bc4ba,07/27/2011,12:30,KOF Leading Indicator (Jul),MEDIUM,CHF,1.98,-3.40,2.13,2.23,
bad22f4e-67ca-4b0d-9c33-25dceb2bc1d7,07/27/2011,13:00,CBI Industrial Trends Survey – Orders (MoM) (Jul),LOW,GBP,-10%,-0.80,-3%,1%,
75b31842-e1f7-456e-958a-ab9f3d7231ef,07/27/2011,14:00,MBA Mortgage Applications,LOW,USD,-5%,-,-,15.5%,
9f7ad6a1-5002-4cd5-9403-61f6b59c00ac,07/27/2011,14:30,M3 Money Supply,LOW,INR,16.7%,-,-,17.1%,
3d48e855-a1f7-40cf-b56b-34f3da97e526,07/27/2011,15:00,Consumer Price Index (MoM) (Jul) PREL,MEDIUM,EUR,0.4%,2.50,0.3%,0.1%,
60dc4b73-a091-4c86-953f-35d6c40db45f,07/27/2011,15:00,Consumer Price Index (YoY) (Jul) PREL,MEDIUM,EUR,2.4%,-,2.3%,2.3%,
44c0936f-8143-495f-9be3-b6da8de6d6eb,07/27/2011,15:30,Durable Goods Orders (Jun),MEDIUM,USD,-1.3%,-1.13,0.4%,3.2% ,
d7e228da-847f-47fc-9636-866dc3472ce8,07/27/2011,15:30,Durable Goods Orders ex Transportation (Jun),MEDIUM,USD,0.6%,0.07,0.5%,2.1% ,
8c5ba7b7-7376-4b63-a29b-4d1de0037b1e,07/27/2011,17:30,EIA Crude Oil Stocks Change,LOW,USD,2.3M,-,-,-3.7M,
c7be917d-d752-4eb9-9e57-d683acade9b8,07/27/2011,21:00,Fed's Beige Book,MEDIUM,USD,,,,,REPORT
ae5b3c6a-5dce-4fd2-8f56-f48303022bd2,07/28/2011,00:00,RBNZ Interest Rate Decision,HIGH,NZD,2.5%,0.00,2.5%,2.5%,
513b8ffe-e2e7-40df-87ef-4ccf2750a78a,07/28/2011,02:00,Current Account Balance (Jun),LOW,KRW,1.1B,-,-,0.71B,
e16261b9-13dc-4201-a78d-fea6884c683c,07/28/2011,02:50,Large Retailer Sales (Jun),MEDIUM,JPY,-0.5%,-0.08,-0.4%,-2.4% ,
65cfbb1a-a697-407b-88b2-dc88a99bc440,07/28/2011,02:50,Retail Trade (YoY) (Jun),MEDIUM,JPY,1.2%,1.25,-0.5%,-0.4% ,
e6457980-2050-49cf-b52e-82878e80a229,07/28/2011,02:50,Retail Trade s.a (MoM) (Jun),LOW,JPY,2.9%,0.99,1.5%,2.4%,
e62b9607-4653-417e-8e8b-2d4edc9ef4b4,07/28/2011,10:00,Industrial Outlook (Jul),LOW,DKK,6,-,-,4,
3d81b5fe-97a6-4a51-98d3-d419d7a8dcd8,07/28/2011,10:00,Unemployment Rate (Jun),LOW,DKK,4%,-,-,4%,
83bfbd06-2620-4f69-bc6b-4b8af478fe33,07/28/2011,10:00,Retail Sales (YoY) (Jun),LOW,EUR,-7%,-,-,-6.6%,
61a0451f-a991-45d7-9ce4-aac09c1b4574,07/28/2011,10:00,Unemployment Rate (3M) (Jun),LOW,HUF,10.8%,-,-,11%,
67e3ec91-4a86-46b4-bf40-95f364321e76,07/28/2011,10:15,Consumer Confidence (MoM) (Jul),LOW,SEK,12,-,-,16.7,
15d64852-b91d-4c99-966d-c6e476fbf304,07/28/2011,10:30,Retail Sales (MoM) (Jun),LOW,SEK,3.1%,-,-,-2.3%,
21de70da-2288-4847-9f0c-e0a93552c628,07/28/2011,10:30,Retail Sales (YoY) (Jun),LOW,SEK,3.4%,-,-,-1.1%,
75ddbbe6-ab94-4397-a288-c9b50b76ff2e,07/28/2011,10:30,Unemployment Rate (Jun),LOW,SEK,8.8%,-,-,7.9%,
e1ea15d1-ef82-489b-87c5-0246f968e0a3,07/28/2011,10:55,Unemployment Change (Jul),HIGH,EUR,-10K,0.13,-13K,-10K,
87edd7db-2066-43b2-8bd6-dbb09c6584a0,07/28/2011,10:55,Unemployment Rate s.a. (Jul),MEDIUM,EUR,7%,0.00,7%,7%,
2682cb2c-0bc0-4a42-aced-24b2ea23356d,07/28/2011,11:00,Wage Inflation (MoM) (Jun),LOW,EUR,0.1%,-,-,0%,
fdc96e67-2ec0-4b62-a22b-3a4040c0b7e5,07/28/2011,11:00,Wage Inflation (YoY) (Jun),LOW,EUR,1.8%,-,-,1.8%,
0fe61158-ed9f-4cd4-983d-11592b83c6e1,07/28/2011,12:00,Consumer Confidence (Jul),MEDIUM,EUR,-11.2,0.28,-11.4,-11.4,
6439fa61-bbfd-4dd5-bf54-4614cae4e356,07/28/2011,12:00,Economic Sentiment Indicator (Jul),LOW,EUR,103,-1.42,104,101.3,
9523e287-49e3-49e9-a80d-d34b857d638f,07/28/2011,12:00,Industrial Confidence (Jul),LOW,EUR,0.9,-1.38,2,1.4,
1d4eaf97-3eb5-4143-b458-67592b6ad9a6,07/28/2011,12:00,Business Confidence (Jul),LOW,EUR,-2.3,-,-,-2.2,
591a53fb-745e-4df2-919b-2e12bf37485d,07/28/2011,12:00,Consumer Confidence (Jul),LOW,EUR,-49.1,-,-,-37.2,
9e91bb27-17cc-45f2-9bf9-2d5a7d01a502,07/28/2011,12:30,Consumer Price Index (MoM) (Jul),LOW,EUR,0.12%,-,-,0.31%,
44888901-1528-44ed-9aa0-993fedae9af2,07/28/2011,12:30,Consumer Price Index (YoY) (Jul),LOW,EUR,3.75%,-,-,3.67%,
5f4c395f-7394-4736-88d1-c5450e2ca230,07/28/2011,12:30,Producer Price Index (MoM) (Jun),LOW,ZAR,4.4%,-,-,0.4%,
ed2a3180-4f3c-48b0-8eb2-4d5bea8a761e,07/28/2011,12:30,Producer Price Index (YoY) (Jun),LOW,ZAR,7.4%,-,-,6.9%,
923f7c68-4f2e-40f2-9b20-e48a864867bf,07/28/2011,12:30,Unemployment Total,NONE,ZAR,4.538M,-,-,4.137M,
e6f5e861-9709-4242-bf3e-f63dddd5b5b9,07/28/2011,13:00,Retail Sales (MoM) (Jun),LOW,EUR,1.1%,-,-,1.3%,
db42fe91-68b8-483b-b6c8-09d1f05aaecb,07/28/2011,13:00,Retail Sales (YoY) (Jun),LOW,EUR,0.2%,-,-,-2.1%,
d1828d86-901c-4f17-adc8-a873e8fa0289,07/28/2011,13:00,CBI Distributive Trades Survey – Realized (MoM) (Jul),LOW,GBP,-5%,-0.56,2%,-2%,
7bba9e04-16bf-479c-be21-dcab563e9520,07/28/2011,14:00,Inflation Index/IGP-M (Jul),NONE,BRL,-0.12%,-,-,-0.18%,
c58ecf37-8759-424a-b8c3-882fd8908009,07/28/2011,14:30,Unemployment Rate (%),LOW,ZAR,25.7%,-,-,-,
5f09037f-cacd-4c99-8260-aaa8b83e2506,07/28/2011,15:30,Continuing Jobless Claims,LOW,USD,3.72M,-,-,3.698M,
c2b8e0b7-2dea-4b9e-8918-101df8aa2b3b,07/28/2011,15:30,Initial Jobless Claims,LOW,USD,401K,-0.98,412K,418K,
ed187c18-2693-41d9-a7db-7662d6459bb5,07/28/2011,17:00,Pending Home Sales (MoM) (Jun),LOW,USD,2.4%,0.59,-1%,3.3% ,
3ce84134-20f0-4221-a258-dd55fa5d8862,07/29/2011,01:45,Building Permits s.a. (MoM) (Jun),LOW,NZD,-1%,-1.12,3%,2.2% ,
2fa16a31-6ca5-4a4b-a24f-9ff800e8aa27,07/29/2011,02:00,Industrial Output (YoY) (Jun),LOW,KRW,4.7%,-,-,8.3% ,
88dab167-3fdd-4efa-820f-f9a5f293bb7e,07/29/2011,02:00,Industrial Output Growth (Jun),LOW,KRW,0.7%,-,-,1.7% ,
43414cdb-26d1-432f-abfb-7282be568bb3,07/29/2011,02:00,Service Sector Output (Jun),LOW,KRW,0.9%,-,-,0.9% ,
72756e6b-f84b-4bd8-b423-6f6376fae36e,07/29/2011,02:01,GfK Consumer Confidence (Jul),MEDIUM,GBP,-30,-0.77,-26,-25,
d771af2e-40fd-49a8-a579-9c7340d51218,07/29/2011,02:15,Jibun Bank Manufacturing PMI (Jul),MEDIUM,JPY,-,-,-,-,
bee53b27-195a-4d2f-993a-f389b35a3970,07/29/2011,02:30,National Consumer Price Index (YoY) (Jun),MEDIUM,JPY,-0.4%,-1.53,0.2%,-0.4% ,
a5223bc2-1c3a-4a3c-b98f-1e030a51c419,07/29/2011,02:30,"National CPI ex Food, Energy (YoY) (Jun)",MEDIUM,JPY,-0.8%,-14.23,0.1%,-0.6% ,
664f6f7b-8441-4d9d-b2e5-5cb2b1a4701e,07/29/2011,02:30,National CPI ex Fresh Food (YoY) (Jun),MEDIUM,JPY,-0.2%,-14.29,0.5%,-0.1% ,
13c54f23-c90a-400a-91fd-973ff70c1fbf,07/29/2011,02:30,Overall Household Spending (YoY) (Jun),MEDIUM,JPY,-4.2%,-3.32,-2.2%,-1.2% ,
7458ced3-a941-42f6-ace3-e42cfd0ad04f,07/29/2011,02:30,Tokyo Consumer Price Index (YoY) (Jul),LOW,JPY,0.1%,0.86,0%,-0.6% ,
e92bb054-2636-4f4a-be2d-3db9184ef51b,07/29/2011,02:30,"Tokyo CPI ex Food, Energy (YoY) (Jul)",MEDIUM,JPY,-0.3%,-10.00,0.1%,-0.6% ,
99e1e7f0-e312-4ad1-a966-9bfa1a42b0d5,07/29/2011,02:30,Tokyo CPI ex Fresh Food (YoY) (Jul),LOW,JPY,0%,-1.03,0.2%,-0.4% ,
22812feb-851d-4170-8368-0be79af56e31,07/29/2011,02:30,Unemployment Rate (Jun),MEDIUM,JPY,4.6%,0.00,4.6%,4.6% ,
a06544d7-830b-43cb-a04d-85f4b3d53ad2,07/29/2011,02:50,Industrial Production (MoM) (Jun) PREL,LOW,JPY,3.9%,-0.83,4.5%,6.2%,
3e6cd557-bb31-47b9-9469-1abf22ef57f0,07/29/2011,02:50,Industrial Production (YoY) (Jun) PREL,MEDIUM,JPY,-1.6%,-0.40,-1.2%,-1.6%,
1f5f2a44-b94b-47a3-833b-b3838b3815b0,07/29/2011,04:30,Private Sector Credit (MoM) (Jun),MEDIUM,AUD,-0.1%,-1.79,0.4%,0.3%,
eaade0e3-e510-4b20-8e04-8e29ad4ef2d4,07/29/2011,04:30,Private Sector Credit (YoY) (Jun),MEDIUM,AUD,2.7%,-1.79,3.2%,3.4% ,
3b688b86-3376-46fc-816f-d7950b0b1831,07/29/2011,07:00,Vehicle Production (YoY) (Jun),LOW,JPY,1.8%,-,-,-6.3% ,
1ba73b67-d901-4a6e-bb4e-25cdbfd80200,07/29/2011,08:00,Annualized Housing Starts (Jun),MEDIUM,JPY,0.817M,0.42,0.809M,0.821M,
28abec06-482a-4daf-a2af-3af56d9a6056,07/29/2011,08:00,Housing Starts (YoY) (Jun),MEDIUM,JPY,5.8%,0.41,4.6%,6.4%,
9b7316af-485d-411a-85d5-2d9467bc45b6,07/29/2011,09:00,Retail Sales (MoM) (Jun),LOW,EUR,4.5%,3.52,1.6%,-2.7% ,
a1d116bd-c28b-4f30-9a68-df2375f23686,07/29/2011,09:00,Retail Sales (YoY) (Jun),MEDIUM,EUR,-2.1%,-,-,4.5% ,
70422bfe-60f0-4b0d-bd26-69f6806dd019,07/29/2011,09:00,Nationwide Housing Prices n.s.a (YoY) (Jul),MEDIUM,GBP,-0.4%,0.75,-0.8%,-1.1%,
2d55f099-03db-466e-aba6-e2f34225c735,07/29/2011,09:00,Nationwide Housing Prices s.a (MoM) (Jul),LOW,GBP,0.3%,1.07,-0.2%,0.3% ,
a7baa118-fca0-420a-a637-9d0bb246a60d,07/29/2011,09:00,M3 Money Supply (YoY) (Jun),LOW,ZAR,5.59%,-,-,6.14% ,
7c161773-6dbe-4389-bc52-7b5253f80581,07/29/2011,09:00,Private Sector Credit (Jun),LOW,ZAR,5.65%,-,-,5.18% ,
93c96912-f471-4563-adaf-b4ae4b8fa1bc,07/29/2011,09:45,Consumer Spending (MoM) (Jun),LOW,EUR,0.9%,-,-,-0.3% ,
50499576-5445-4661-aa6b-a706874feb75,07/29/2011,09:45,Producer Prices (MoM) (Jun),LOW,EUR,-0.1%,-,-,-0.2% ,
1e3285ed-7665-4602-8de5-56a5b207c867,07/29/2011,10:00,Harmonized Index of Consumer Prices (MoM) (Jul) PREL,LOW,EUR,3%,-,-,-0.2%,
329d8834-ad07-4ea5-a090-2f0b4db9e63d,07/29/2011,10:00,Unemployment Survey (Q2),LOW,EUR,20.9%,-,-,21.08% ,
6ba18938-1e6a-45fa-a46f-bb08a5689adb,07/29/2011,10:00,Producer Price Index (YoY) (Jun),LOW,HUF,-1%,-,-,1.2%,
5984a82a-b7c7-4a99-bb49-db506aaf3a3b,07/29/2011,10:00,Registered Unemployment n.s.a (Jul),LOW,NOK,2.8%,-,-,2.5%,
aed188db-eb87-4bb4-bcad-66352409b906,07/29/2011,10:00,Registered Unemployment s.a (Jul),LOW,NOK,84.32K,-,-,84.703K,
25595253-7c26-43d9-a29d-e53e0462e8ea,07/29/2011,10:00,Trade Balance (Jun),LOW,TRY,-10.2B,-,-,-10.06B,
d0e62992-59e9-4533-9fe3-c87a0efd56a3,07/29/2011,10:30,Gross Domestic Product (QoQ) (Q2),LOW,SEK,1%,-,-,0.8%,
7be9d2ce-d8d4-44dd-b28c-e78ade118954,07/29/2011,10:30,Gross Domestic Product (YoY) (Q2),LOW,SEK,5.3%,-,-,6.4%,
a151d6ea-2cda-4c0d-825b-72e46dbeef8d,07/29/2011,11:00,M2 Money Supply (YoY) (Jun),LOW,CZK,2.3%,-,-,2.6%,
47cd0b6a-0b7e-473f-a755-fd0a725070b8,07/29/2011,11:00,Producer Price Index (MoM) (Jun),LOW,EUR,0.1%,-,-,-0.1%,
2856dd9f-caa1-441a-b7a0-66ba96baae9c,07/29/2011,11:00,Producer Price Index (YoY) (Jun),LOW,EUR,4.3%,-,-,4.5%,
7db4504a-6d09-4435-ab75-4a366dbf7395,07/29/2011,11:30,Consumer Credit (Jun),MEDIUM,GBP,£0.4B,0.41,£0.3B,£-0.424B,
fa62f801-3c3e-48a8-91bb-39a5ab69f414,07/29/2011,11:30,M4 Money Supply (MoM) (Jun),LOW,GBP,-0.4%,-1.57,0.3%,0.3% ,
42ce017a-b972-4844-89d5-d2541bab025e,07/29/2011,11:30,M4 Money Supply (YoY) (Jun),LOW,GBP,-0.7%,-2.82,0.3%,-0.3%,
c1b4dca0-f553-492c-8659-d3e949f90473,07/29/2011,11:30,Mortgage Approvals (Jun),MEDIUM,GBP,48.5K,1.64,46K,47.017K,
d02cb021-ae9d-423d-8037-9bbe339a93d1,07/29/2011,11:30,Net Lending to Individuals (MoM) (Jun),LOW,GBP,£0.4B,-,-,£0.6B,
e8dced4b-4ea6-43c7-8a16-944e532d6f7a,07/29/2011,11:39,Current Account Balance (May),LOW,EUR,€-3.556B,-,-,€-1.07B,
aec7e6ad-a567-41dd-830d-a4a49aa613e6,07/29/2011,12:00,Harmonized Index of Consumer Prices (YoY) (Jul) PREL,MEDIUM,EUR,2.5%,-4.08,2.7%,2.7%,
32c48ca1-49dd-4061-9370-ad6f8924753b,07/29/2011,12:00,Producer Price Index (YoY) (Jun),LOW,EUR,6.6%,-,-,7.3%,
79072744-2cb8-4128-8c9f-10a274acf365,07/29/2011,12:00,Retail Sales (YoY) (May),LOW,EUR,-10.9%,-,-,-8.8%,
20138ee4-ba75-4eac-a707-950eeea4d600,07/29/2011,12:00,Consumer Price Index (EU Norm) (MoM) (Jul) PREL,LOW,EUR,-1.7%,-,-,0.1%,
73e8a4f2-77e0-401c-bbd3-cc1e2282c055,07/29/2011,12:00,Consumer Price Index (EU Norm) (YoY) (Jul) PREL,LOW,EUR,2.1%,-,-,3%,
b05ea38c-9398-4071-b84f-6247cc487d56,07/29/2011,13:30,"Federal Fiscal Deficit, INR (May)",LOW,INR,"1,626B",-,-,"1,307.26B",
66aea6fd-d9be-488d-b4cf-088762005f48,07/29/2011,14:30,Bank Loan Growth,LOW,INR,19.3%,-,-,19.9%,
f3ad0421-4b73-47d0-af58-ea38a5ad03c9,07/29/2011,14:30,"FX Reserves, USD",LOW,INR,$316.8B,-,-,$314.507B,
bae58a19-37af-4d29-9950-dc11579135db,07/29/2011,15:00,Trade Balance (in Rands) (Jun),LOW,ZAR,4.9B,-,-,-1B,
cc18e971-3549-4c81-98bf-daf1aeea09f9,07/29/2011,15:30,Gross Domestic Product (MoM) (May),MEDIUM,CAD,-0.3%,-3.92,0.1%,0%,
0b725a77-da81-4f16-ae1c-f3e016ee3fdd,07/29/2011,15:30,Industrial Product Price (MoM) (Jun),LOW,CAD,-0.2%,-1.51,0.4%,-0.4% ,
5417441a-853d-4916-8366-24b849fbb00a,07/29/2011,15:30,Raw Material Price Index (Jun),LOW,CAD,-2.4%,-1.47,1.4%,-5% ,
f83cb1bd-96cd-40f2-8491-d26731722645,07/29/2011,15:30,Core Personal Consumption Expenditures (QoQ) (Q2) PREL,MEDIUM,USD,0.1%,-0.58,1%,2.1%,
e09ff7df-5793-49de-b57f-f864f84d840f,07/29/2011,15:30,Employment Cost Index (Q2),LOW,USD,0.7%,-,-,0.6%,
8e80b609-de08-4969-9d45-42d1c16066fa,07/29/2011,15:30,Gross Domestic Product Annualized (Q2) PREL,MEDIUM,USD,1.3%,-0.53,1.6%,-1% ,
244c6105-09a9-4d68-b8dd-70e5c8c95c5b,07/29/2011,15:30,Gross Domestic Product Price Index (Q2) PREL,MEDIUM,USD,3.1%,4.75,2%,2.2% ,
fc986652-62ef-475a-9639-7cdfc2fd9a53,07/29/2011,16:00,Gross Domestic Product (QoQ) (Q2),LOW,EUR,0.7%,-,-,1.1%,
9fb4f300-3fd8-4eb2-8633-444a626921af,07/29/2011,16:30,Nominal Budget Balance (Jun),LOW,BRL,-5.618B,-,-,-14.669B,
3d449382-8a5b-4679-b33a-f491d14b5c9c,07/29/2011,16:30,Primary Budget Surplus (Jun),LOW,BRL,13.37B,-,-,7.506B,
14c03a5e-1920-4a7a-b6c9-c96945c5ba17,07/29/2011,16:45,Chicago PMI (Jul),MEDIUM,USD,59.8,-0.09,60.2,63.6,
b88ace14-a850-4319-ad10-aaf25deb1e19,07/29/2011,16:55,Michigan Consumer Sentiment Index (Jul),LOW,USD,63.7,-0.10,64.1,63.8,
58cc343f-a931-4d7c-bdbd-a6372552cc57,07/29/2011,17:20,Barack Obama Press Conference,MEDIUM,USD,,,,,SPEECH
197563af-fcc7-407f-9e7d-3fcaec08849a,08/01/2011,02:00,Consumer Price Index Growth (MoM) (Jul),LOW,KRW,0.7%,-,-,0.2%,
f4114b99-26e1-4052-8652-060e50ba9392,08/01/2011,02:00,Consumer Price Index Growth (YoY) (Jul),LOW,KRW,4.7%,-,-,4.4%,
c2d28d5b-55f3-4b1d-93d9-4d70e2f4214a,08/01/2011,02:30,AiG Performance of Mfg Index (Jul),MEDIUM,AUD,43.4,-,-,52.9,
0eca4606-67df-45cc-a79a-859c4f644b7e,08/01/2011,03:00,Bank Holiday,NONE,AUD,,,,,ALL DAY
a9f9ea99-55e9-41ae-a86b-d4eb9c338b11,08/01/2011,03:00,National Holiday,NONE,CHF,,,,,ALL DAY
20d098fd-a7ba-46eb-92cd-54721bcbebb3,08/01/2011,03:00,S&P Global Manufacturing PMI (Jul),LOW,KRW,-,-,-,-,
ada8e5de-d546-4102-81f5-5f5c7ae89f86,08/01/2011,04:00,HIA New Home Sales (MoM) (Jun),MEDIUM,AUD,-8.7%,-,-,-0.2%,
6f316771-eb23-440c-bafc-5d125599cd30,08/01/2011,04:00,NBS Manufacturing PMI (Jul),HIGH,CNY,50.7,0.89,50.2,50.9,
b77a0427-e8cd-49a6-b914-6a39302c6781,08/01/2011,04:00,ANZ Commodity Price (Jul),LOW,NZD,-0.1%,-,-,-0.9% ,
6391eb43-a11e-4328-85a0-9ae582fcdf50,08/01/2011,05:30,RatingDog Manufacturing PMI (Jul),LOW,CNY,-,-,-,-,
b81f0aad-720a-4ad5-aed8-c1e76cf39163,08/01/2011,06:00,Trade Balance (Jul) PREL,LOW,KRW,$7.2B,-,-,$2.8B,
998d52aa-2fad-4356-a675-2164c3f5f377,08/01/2011,07:00,Core Inflation (YoY) (Aug),LOW,IDR,4.55%,-,-,4.63%,
868f08d0-c0ef-439a-b824-f9d7e53f12a0,08/01/2011,07:00,Exports (Aug),LOW,IDR,18.39%,-,-,18.33%,
8930bd16-cc2e-4bc9-9caf-b81c7cea1497,08/01/2011,07:00,Imports (Aug),LOW,IDR,1.21%,-,-,3.32%,
1b3c70bd-be26-4174-90bc-bc98157fb54c,08/01/2011,07:00,Inflation (MoM) (Aug),LOW,IDR,0.67%,-,-,0.55%,
df221b88-36cf-4137-bd46-4867f74157f7,08/01/2011,07:00,Inflation (YoY) (Aug),LOW,IDR,4.61%,-,-,5.54%,
b75fc486-e1aa-47fe-8049-5d9cf571e46e,08/01/2011,07:00,Trade Balance (Aug),LOW,IDR,$3.33B,-,-,$3.5B,
e15eb72e-c4fd-4efc-9ad2-43e1e9c05504,08/01/2011,09:30,Trade Deficit Government (Jun),LOW,INR,$7.7B,-,-,$14.97B,
39ad38e5-313c-4c24-ad5b-752b755174b1,08/01/2011,09:30,Manufacturing PMI (Jul),LOW,SEK,50.1,-,-,52.9,
8d50d2a6-5584-42d3-aa72-22ed5a2377c6,08/01/2011,10:00,HALPIM Manufacturing PMI (Jul),LOW,HUF,52.1,-,-,54.4,
e4859ca4-5698-4ae4-9a5f-08217c3d8c55,08/01/2011,10:00,AIB Manufacturing PMI (Jul),LOW,EUR,-,-,-,-,
9d2f131c-f051-44a0-99d1-543b777a25b6,08/01/2011,10:00,S&P Global Manufacturing PMI (Jul),LOW,PLN,-,-,-,-,
5a374422-ff6a-4a0c-8424-230462891998,08/01/2011,10:13,HCOB Manufacturing PMI (Jul),LOW,EUR,-,-,-,-,
21f3b273-1793-4a10-b7c4-70593429c72a,08/01/2011,10:45,HCOB Manufacturing PMI (Jul),LOW,EUR,-,-,-,-,
bf3f5384-16fe-4282-8751-1a2b24865121,08/01/2011,10:55,HCOB Manufacturing PMI (Jul),MEDIUM,EUR,-,-,-,-,
6b7b6739-480b-4f5e-8a6b-551f41362d48,08/01/2011,11:00,HCOB Manufacturing PMI (Jul),MEDIUM,EUR,-,0.00,50.4,-,
c7b3a031-8dee-425a-a1a5-5d2a2a200353,08/01/2011,11:00,HCOB Manufacturing PMI (Jul),LOW,EUR,-,-,-,-,
bec8b5e5-4275-42bb-993a-be3174f7c442,08/01/2011,11:00,S&P Global Manufacturing PMI (Jul),LOW,EUR,-,-,-,-,
249ee9fe-2482-44de-863f-de92a8a5ae3d,08/01/2011,11:30,S&P Global Manufacturing PMI (Jul),MEDIUM,GBP,-,-1.26,51.1,51.3,
058cdee9-c0eb-4314-be70-4c29beac04f5,08/01/2011,12:00,Unemployment Rate (Jun),MEDIUM,EUR,10%,0.00,9.9%,10.1% ,
d8d64653-8efa-463d-9641-61244b110f4c,08/01/2011,12:00,Unemployment (Aug),LOW,EUR,8%,-,-,8.1%,
fcae1115-962d-4e5f-9335-216ef40b80f6,08/01/2011,12:00,Purchasing Manager Index (Jul),LOW,ZAR,44.2,-,-,53.9,
8b9dd48a-1b22-41d1-a745-a0ceb8bd5511,08/01/2011,13:00,Unemployment (Jul),LOW,EUR,209.7K,-,-,207.9K,
7b653fd2-c9a3-41e0-b6a5-af474406dbcb,08/01/2011,13:00,Unemployment Rate (Jul),LOW,EUR,5.6%,-,-,5.7%,
c484ffef-2b19-4bb7-b9f1-efb2758fc5b4,08/01/2011,15:00,Budget Balance (Jul),LOW,CZK,-61.06B,-,-,-62.86B,
58914cd2-821f-4e5c-9b38-9c1ca9aea5ab,08/01/2011,17:00,Trade Balance (Jul),LOW,BRL,3.135B,-,-,3.12B,
3624182f-6f64-4bc4-9b7a-a248448b6da9,08/01/2011,17:00,Construction Spending (MoM) (Jun),MEDIUM,USD,1.6%,-,-,0.8% ,
fd6586f6-b62f-4e88-a5dd-ae9ee86d2496,08/01/2011,17:00,ISM Manufacturing PMI (Jul),MEDIUM,USD,51.4,-1.25,55.1,55.8,
386098e1-371e-406c-b35d-fe45a7e84cd9,08/01/2011,17:00,ISM Manufacturing Prices Paid (Jul),MEDIUM,USD,59,-1.83,64.4,70.3,
8702fc78-3be6-477f-8db2-8d49c3ee40b2,08/02/2011,00:00,Tax Revenue (MoM) (Jul),LOW,ARS,47.85B,-,-,48.68B,
d1a687cd-111c-404b-8ca5-c141c2cae514,08/02/2011,02:50,Monetary Base (YoY) (Jul),LOW,JPY,15%,-0.44,18.1%,17%,
d77fb5cb-36f9-406b-90b8-162f29d320ec,08/02/2011,04:30,Building Permits (MoM) (Jun),LOW,AUD,-3.6%,-1.18,3.2%,-7.9% ,
6ff6589b-63b8-4d37-b61b-4bcc7e7ff81a,08/02/2011,04:30,Building Permits (YoY) (Jun),LOW,AUD,-14.3%,-,-,-14.4% ,
c34c5482-ac10-4316-9cb2-117172e1fcab,08/02/2011,04:30,House Price Index (QoQ) (Q2),MEDIUM,AUD,-0.5%,0.82,-0.9%,-1.8% ,
8fe5990f-8be8-46bb-a31a-f873d1e12d9c,08/02/2011,04:30,House Price Index (YoY) (Q1),MEDIUM,AUD,-1.9%,-,-,0.4% ,
30452f42-a7f0-4134-8104-466f64358d31,08/02/2011,04:30,Labor Cash Earnings (YoY) (Jun),MEDIUM,JPY,-0.7%,-1.25,0.4%,0.9% ,
3bb523b8-7889-4337-b195-9e9fb8d566e6,08/02/2011,07:30,RBA Interest Rate Decision,HIGH,AUD,4.75%,0,4.75%,4.75%,
06690bd6-aa57-4518-8c00-f92f68b83aa9,08/02/2011,07:30,RBA Rate Statement,MEDIUM,AUD,,,,,REPORT
56556b8e-0fba-49e0-9053-e592fee7e28c,08/02/2011,09:30,RBA Commodity Index SDR (YoY) (Jul),LOW,AUD,27.6%,-,-,28.2%,
b442dcbd-50e7-4f3b-aaf3-b4f5a9c3b2e3,08/02/2011,10:15,Real Retail Sales (YoY) (Jun),MEDIUM,CHF,7.9%,1.13,2.4%,0.3% ,
3a2b9d7b-b327-4f08-8d70-e373db5d07cc,08/02/2011,10:30,SVME - Purchasing Managers' Index (Jul),MEDIUM,CHF,53.5,0.19,53,53.6,
569c9e93-2d4e-4cb5-8b53-5a72d51d8e80,08/02/2011,11:30,S&P Global Construction PMI (Jul),MEDIUM,GBP,-,-,-,-,
8bd8c962-716a-475b-8afc-56eca03aee3d,08/02/2011,12:00,Producer Price Index (MoM) (Jun),MEDIUM,EUR,0%,-0.98,0.1%,-0.1% ,
f2e4da62-7012-4d67-b0c9-446b4b6307ee,08/02/2011,12:00,Producer Price Index (YoY) (Jun),MEDIUM,EUR,5.9%,-,-,5.9% ,
75d0042c-7636-4452-bedd-77e51de47662,08/02/2011,15:00,Industrial Output (MoM) (Jun),LOW,BRL,-1.6%,-,-,1.3% ,
e65971fd-77af-4788-9219-7910d98cd062,08/02/2011,15:00,Industrial Output (YoY) (Jun),LOW,BRL,0.9%,-,-,2.7%,
3ea83248-3b81-484e-b6a6-19e3ce77ecee,08/02/2011,15:30,Core Personal Consumption Expenditures - Price Index (MoM) (Jun),LOW,USD,0.2%,0.00,0.2%,0.2%,
7e1bc6dd-9389-4659-aa7e-6623e31ccb93,08/02/2011,15:30,Core Personal Consumption Expenditures - Price Index (YoY) (Jun),LOW,USD,1.4%,-,-,1.5% ,
26a5fc96-3ba3-4597-acb8-179f716847eb,08/02/2011,15:30,Personal Consumption Expenditures - Price Index (MoM) (Jun),MEDIUM,USD,-0.1%,-2.21,0.2%,0.3% ,
ea17611d-e93b-4913-a33e-f6c9aaf14243,08/02/2011,15:30,Personal Consumption Expenditures - Price Index (YoY) (Jun),LOW,USD,2.6%,-,-,2.8% ,
e138cb07-c06e-4353-9445-a3ff5f5c0d9a,08/02/2011,15:30,Personal Income (MoM) (Jun),MEDIUM,USD,0.2%,-0.28,0.3%,0.2%,
27c9939f-8d83-4884-a790-cfeccdc543ec,08/02/2011,17:00,Currency Reserves (Jul),LOW,DKK,456.9B,-,-,456.8B,
17367b6b-2aee-4507-970d-af06ae17da5c,08/03/2011,00:00,Total Vehicle Sales (Jul),LOW,USD,12.2M,0.46,11.9M,11.45M,
a4f5c0b1-a94d-4b45-8bdf-4be9e855c0a0,08/03/2011,01:45,Labour Cost Index (QoQ) (Q2),MEDIUM,NZD,0.5%,-,-,-,
3f689898-e02c-402e-8c3b-d249e26f3bc3,08/03/2011,01:45,Labour Cost Index (YoY) (Q2),MEDIUM,NZD,2.1%,-,-,-,
1b32f3d6-6f1b-4e12-8de8-42daf79a9624,08/03/2011,02:01,BRC Shop Price Index (YoY) (Jul),LOW,GBP,2.8%,-,-,2.9%,
20029f94-e799-4769-a521-702d48f157be,08/03/2011,02:30,AiG Performance of Services Index (Jul),MEDIUM,AUD,48.8,-,-,48.5,
d4162c40-acac-4f81-951f-9b00911d3c32,08/03/2011,04:30,Retail Sales s.a. (MoM) (Jun),MEDIUM,AUD,-0.1%,-0.71,0.4%,-0.6%,
057c59f3-96b4-4d54-aad5-2f5efce92cf0,08/03/2011,04:30,Trade Balance (MoM) (Jun),MEDIUM,AUD,1.82M,-0.00,2.23M,"1,827M",
160049bf-d281-4ede-bfb2-928359b6628e,08/03/2011,07:00,S&P Global Services PMI (Jul),LOW,RUB,-,-,-,-,
170c91cb-ca74-4e23-aba4-652751f20da9,08/03/2011,10:00,SNB Interest Rate Decision,HIGH,CHF,0%,-,-,0.25%,
cedae9f1-551b-4765-a0ba-a3c91b7518a6,08/03/2011,10:00,Trade Balance (May),LOW,HUF,€730.4M,-,-,€719.8M,
aafd8efb-ccbb-4eca-b20e-7ac5851f7070,08/03/2011,10:00,Consumer Price Index (MoM) (Jul),LOW,TRY,-0.41%,-,-,-1.43%,
777670dd-5b5d-4132-9401-52e5278daeb9,08/03/2011,10:00,Consumer Price Index (YoY) (Jul),LOW,TRY,6.31%,-,-,6.24%,
17e1edaa-5544-4084-9d84-584aeac1b2ee,08/03/2011,10:00,Producer Price Index (MoM) (Jul),LOW,TRY,-0.03%,-,-,0.01%,
d41b178d-ba6a-4b21-9431-04bb85fdc1e0,08/03/2011,10:00,Producer Price Index (YoY) (Jul),LOW,TRY,10.34%,-,-,10.19%,
f094910b-233e-4a74-85df-f59bad5c15b1,08/03/2011,10:13,HCOB Services PMI (Jul),LOW,EUR,-,-,49.5,-,
59d79ee5-28f0-4b1d-a506-25ab90300b83,08/03/2011,10:30,SNB Press Conference,HIGH,CHF,,,,,SPEECH
ad20843c-253b-4595-9fe8-7e44ce985ffe,08/03/2011,10:45,HCOB Services PMI (Jul),LOW,EUR,-,-,-,-,
a62b68f7-a7d9-4d3c-a6c2-88e68aba835a,08/03/2011,10:50,HCOB Services PMI (Jul),LOW,EUR,-,-,-,-,
827dcbe7-554f-49a1-a89f-c8b2c081f5d5,08/03/2011,10:53,HCOB Services PMI (Jul),MEDIUM,EUR,-,-,-,-,
d5756326-c8a1-43df-a611-6f95a81838a3,08/03/2011,10:58,HCOB Services PMI (Jul),MEDIUM,EUR,-,0.28,51.4,-,
3c84eb67-8582-479c-8287-d0b3d699e7f8,08/03/2011,11:28,S&P Global Services PMI (Jul),MEDIUM,GBP,-,0.87,53.4,-,
351a0a68-f3da-42b7-8a9c-d2e438a972e7,08/03/2011,12:00,Retail Sales (MoM) (Jun),MEDIUM,EUR,0.7%,0.48,0.5%,-2% ,
bd6b5de0-cbd7-40e5-a198-3d3b73ae4169,08/03/2011,12:00,Retail Sales (YoY) (Jun),HIGH,EUR,-0.7%,-,-,-1.9% ,
2c3a7593-db21-4d16-81d2-78e9dd9fe619,08/03/2011,14:00,MBA Mortgage Applications,LOW,USD,7.1%,-,-,-5%,
2e1a5266-d8dc-4040-b09d-9587c060fe6e,08/03/2011,15:15,ADP Employment Change (Jul),MEDIUM,USD,109K,0.10,102K,175K,
75955148-91d3-4f66-ab54-c8be03da737c,08/03/2011,17:00,Factory Orders (MoM) (Jun),MEDIUM,USD,-0.4%,0.00,-0.4%,0.9% ,
5120a71b-8125-48b6-86b1-cc4196a7cb9b,08/03/2011,17:00,ISM Services PMI (Jul),MEDIUM,USD,52.7,-0.64,53.9,54.2,
784d1a30-298c-4e69-a39a-93b618253a00,08/03/2011,17:30,EIA Crude Oil Stocks Change,LOW,USD,1M,-,-,2.3M,
3b819cc0-69f6-447e-aa41-acb7240eceb7,08/04/2011,01:45,Employment Change (Q2),MEDIUM,NZD,0.1%,-,-,0.9% ,
eb941146-e8ed-4437-8d92-46437b7fa141,08/04/2011,01:45,Unemployment Rate (Q2),MEDIUM,NZD,6.5%,0.00,6.5%,6% ,
bf32f4a2-c0da-4b3f-ad26-39035193fa6c,08/04/2011,08:00,BoJ Interest Rate Decision,HIGH,JPY,0.1%,0,0.1%,0.1%,
341eed4e-2e33-4ded-a79b-39e6b368e7cb,08/04/2011,08:00,BoJ Monetary Policy Statement,HIGH,JPY,,,,,REPORT
ee83a610-8545-4444-80c1-c089bbfaf8df,08/04/2011,10:00,Retail Sales (YoY) (Jun),LOW,CZK,-3.3%,-,-,3.2%,
aa5ce318-199e-4fd4-a8d1-2cbea5370c9f,08/04/2011,10:30,Consumer Price Index n.s.a (YoY) (Jul),LOW,EUR,2.6%,-,-,2.3%,
db40038b-718e-4980-a00e-b7149d687883,08/04/2011,11:00,Labour Force Survey (Q3),LOW,NOK,3.3%,-,-,3.4%,
177379bf-20a4-481c-8792-d1371355b70e,08/04/2011,12:30,Reuters Econometer (Jul),LOW,ZAR,251.57,-,-,248.99,
5e8d9fba-d518-46c0-89dc-28f9a60c5324,08/04/2011,13:00,Factory Orders n.s.a. (YoY) (Jun),MEDIUM,EUR,9.4%,-,-,23%,
12884d48-696f-440b-9377-74e2ec18f6d5,08/04/2011,13:00,Factory Orders s.a. (MoM) (Jun),MEDIUM,EUR,1.8%,0.98,-0.1%,3.2% ,
4b2bba5a-a58c-4256-a64f-011439816d8f,08/04/2011,14:00,Fipe's IPC Inflation (Jul),LOW,BRL,0.3%,-,-,0.01%,
967a5823-f88f-4d6d-8702-c659b0ff7083,08/04/2011,14:00,BoE Asset Purchase Facility (Aug),HIGH,GBP,£200B,0,£200B,£200B,
ea0f3363-4a99-41c1-b2ed-c7d3fae970e7,08/04/2011,14:00,BoE Interest Rate Decision,HIGH,GBP,0.5%,0,0.5%,0.5%,
021f37b8-ae69-4580-a108-4dd58d41b4dd,08/04/2011,14:45,ECB Main Refinancing Operations Rate,HIGH,EUR,1.5%,0,1.5%,1.5%,
bb9fcf10-bb6d-4d67-8753-67298b36d1b8,08/04/2011,15:30,ECB Press Conference,HIGH,EUR,,,,,"IN PROGRESS , Average: 4.2"
128250f5-c48d-4841-9b19-2134dd1d285c,08/04/2011,15:30,Continuing Jobless Claims,LOW,USD,3.748M,-,-,3.703M,
0923ccaf-53fa-4c1f-9b78-6f4a7047dee5,08/04/2011,15:30,Initial Jobless Claims,LOW,USD,402K,-0.48,408K,398K,
57ff8d5a-727c-4172-9a7e-82b738e34bbf,08/04/2011,16:00,Consumer Confidence (Jul),LOW,MXN,95.5,-,-,93,
a7c97475-4bd9-4162-831d-85283576b8d4,08/04/2011,16:00,Consumer Confidence s.a (Jul),LOW,MXN,93.7,-,-,91.9,
562b23ee-ec06-4ffd-8348-5db4f2764118,08/05/2011,02:30,AiG Performance of Construction Index (Jul),MEDIUM,AUD,36.1,-,-,35.8,
ea454fb0-d2d6-41e7-92d7-72b889364cb3,08/05/2011,04:30,RBA Monetary Policy Statement,HIGH,AUD,,,,,REPORT
e446d82b-80c1-4a24-9697-c6f86e55e3cb,08/05/2011,08:00,BoJ Monthly Economic Survey,MEDIUM,JPY,,,,,REPORT
ba14fed1-d708-4bae-9674-708436044d4f,08/05/2011,08:00,Coincident Index (Jun) PREL,LOW,JPY,108.6,-,-,106.3,
17b98ebb-d6b0-4790-89ca-9c07ef9a0dba,08/05/2011,08:00,Leading Economic Index (Jun) PREL,MEDIUM,JPY,103.2,-8.00,103.6,99.6,
29a3e666-7b7b-477a-92ac-d6305e7b1511,08/05/2011,09:00,Gross Domestic Product (YoY) (May),LOW,EUR,4.8%,-,-,3.2% ,
537d3f41-7052-493e-899a-5d401ecc0d4c,08/05/2011,09:00,Gross $Gold & Forex Reserve (Jul),LOW,ZAR,$50.108B,-,-,$50.041B,
3b511bf6-7410-4d51-a33d-3ef57f28d856,08/05/2011,09:00,Net $Gold & Forex Reserve (Jul),LOW,ZAR,$47.87B,-,-,$47.162B,
d52f6d9b-313b-44de-89bf-4e4579c6f892,08/05/2011,09:45,Trade Balance EUR (Jun),LOW,EUR,€-5.4B,-,-,€-7.4B,
c1f299ca-9a8f-419c-a1dd-f24022af6351,08/05/2011,10:00,Industrial Output Cal Adjusted (YoY) (Jun),LOW,EUR,-2%,-,-,-0.4% ,
1d9ff66f-f844-482b-aac7-fef48367bb66,08/05/2011,10:00,Industrial Output (YoY) (Jun),LOW,HUF,-1.4%,-,-,7.6% ,
0a05ff84-eb2b-4dbd-bf28-f217b834b0ec,08/05/2011,10:00,Halifax House Prices (MoM) (Jul),LOW,GBP,0.2%,-,-,-0.4% ,
811dd665-0e75-491d-8cd3-dbf6e7eb6e0a,08/05/2011,10:00,Halifax House Prices (YoY/3m) (Jul),LOW,GBP,-2.6%,-,-,-3.5%,
c4ba686a-85e0-4e16-bd78-6bbb6c48cfc6,08/05/2011,10:15,Consumer Price Index (MoM) (Jul),MEDIUM,CHF,-0.8%,-1.14,-0.5%,-0.2%,
f1485396-932a-48ac-b2bd-55c3d30d32e6,08/05/2011,10:15,Consumer Price Index (YoY) (Jul),MEDIUM,CHF,0.5%,-,-,0.6%,
8d183b5e-37e5-4275-9571-99573ff23bea,08/05/2011,10:30,Wholesale Prices n.s.a (MoM) (Jul),LOW,EUR,-0.2%,-,-,0.5%,
78cff708-4a0f-4208-95b4-acd951b6d785,08/05/2011,10:30,Wholesale Prices n.s.a (YoY) (Jul),LOW,EUR,9.3%,-,-,8.9%,
85ff3a6c-dd11-4471-8045-614fd8d12887,08/05/2011,10:30,Manufacturing Output (MoM) (Jun),LOW,EUR,0.1%,-,-,-0.3%,
d30efea4-cf1c-4fc4-a905-837b40f5d4d6,08/05/2011,10:43,Trade Balance (May),LOW,EUR,€-457.6M,-,-,€-406.5M,
8a672639-89e7-43ff-8823-65da8e6af984,08/05/2011,11:00,Industrial Output s.a. (MoM) (Jun),LOW,EUR,-0.8%,-,-,-0.6%,
f46c0f21-fdbe-48ca-b571-8d9960161861,08/05/2011,11:00,Industrial Output w.d.a (YoY) (Jun),LOW,EUR,0.1%,-,-,1.8% ,
c72ea553-1b3a-42cc-a157-7fad45bb95c2,08/05/2011,11:30,Producer Price Index - Input (MoM) n.s.a (Jul),MEDIUM,GBP,0.5%,-0.14,0.6%,0.2%,
981d4205-6034-4ad1-be88-d88753d1357c,08/05/2011,11:30,Producer Price Index - Input (YoY) n.s.a (Jul),MEDIUM,GBP,18.3%,-,-,17% ,
176cd5c1-639d-4fde-8d2b-bf2ebbb218b6,08/05/2011,11:30,Producer Price Index - Output (MoM) n.s.a (Jul),MEDIUM,GBP,0.3%,0.42,0.2%,0.1%,
4cfdfc3a-8b24-4d1e-9cf5-2dc2a66ae9ef,08/05/2011,11:30,Producer Price Index - Output (YoY) n.s.a (Jul),MEDIUM,GBP,6.1%,-,-,5.7%,
880cc5ff-62b6-479d-9078-dbf3337a6e8d,08/05/2011,12:00,Consumer Price Index - Harmonized (YoY) (Jul),LOW,EUR,2.1%,-,-,3.1%,
5e91d855-ac33-4974-94ba-93bd1a4a1463,08/05/2011,12:00,Consumer Price Index (YoY) (Jul),LOW,EUR,2.4%,-,-,3.3%,
acf52a3f-9204-490c-87dd-922eeaa2c01f,08/05/2011,12:00,Gross Domestic Product (QoQ) (Q2) PREL,LOW,EUR,0.3%,-,-,0.1%,
d6ef64b0-f7c9-4be0-a327-dddb8cd6a2a2,08/05/2011,12:00,Gross Domestic Product (YoY) (Q2) PREL,LOW,EUR,0.8%,-,-,1%,
1e48e593-d88f-436e-850f-770f537e480f,08/05/2011,12:00,Manufacturing Output,NONE,NOK,-1.5%,-,-,2.4%,
524f5f54-ea27-4295-8412-c67d9e721875,08/05/2011,13:00,Industrial Production n.s.a. w.d.a. (YoY) (Jun),MEDIUM,EUR,6.7%,-1.07,7.4%,7.6%,
f98e3f59-1d62-463a-93bd-a5c88c988860,08/05/2011,13:00,Industrial Production s.a. (MoM) (Jun),MEDIUM,EUR,-1%,-,-,0.9%,
67fd1375-2290-4df6-abf9-65eb614dd2f8,08/05/2011,14:00,Net Change in Employment (Jul),HIGH,CAD,7.1K,-,-,33.8K,
be0bb5c4-7a57-46a0-983f-b0b3a5ff50fa,08/05/2011,14:00,Unemployment Rate (Jul),HIGH,CAD,7.2%,-,-,7.6% ,
0b37372c-6b2f-4998-8d8f-42c92a703513,08/05/2011,14:30,"FX Reserves, USD",LOW,INR,$319.09B,-,-,$316.8B,
f10e4dac-e162-4343-8c5f-9edc1dbcf118,08/05/2011,15:00,IPCA Inflation (Jul),LOW,BRL,0.16%,-,-,0.15%,
c6dd5245-62c4-4aba-a3de-ac3d280a33c9,08/05/2011,15:00,Central Bank FX Reserves (Jul),LOW,PLN,€74.7B,-,-,€75.3B,
b6c45020-5b47-4eda-ae61-644121df234a,08/05/2011,15:30,Building Permits (MoM) (Jun),LOW,CAD,2.8%,0.55,-4.7%,13.1% ,
2528fadf-ac49-4fd7-933d-b89265d0efd4,08/05/2011,15:30,Average Hourly Earnings (MoM) (Jul),MEDIUM,USD,0.5%,2.57,0.2%,0.1% ,
055aa86a-c8a6-4895-aa32-5acce3f1ce70,08/05/2011,15:30,Average Hourly Earnings (YoY) (Jul),MEDIUM,USD,2.3%,-,-,2.1% ,
17795581-f17b-438b-8b7d-32792140fffb,08/05/2011,15:30,Average Weekly Hours (Jul),MEDIUM,USD,34.3,-,-,34.3,
565d7f06-8b5e-4720-815b-72872d010a7b,08/05/2011,15:30,Nonfarm Payrolls (Jul),HIGH,USD,127K,0.48,91K,236K,
f23fc960-76ec-4aee-a201-75f67309acab,08/05/2011,15:30,Unemployment Rate (Jul),HIGH,USD,9.1%,-0.57,9.2%,9.1% ,
a982d5a2-58e9-4a0b-8a4f-9376b817ab44,08/05/2011,16:00,CBRT Interest Rate Decision,LOW,TRY,5.75%,-,-,6.25%,
cf07931c-5e63-486d-ba66-a307286e1bd9,08/05/2011,17:00,Ivey Purchasing Managers Index (Jul),MEDIUM,CAD,45.4,-1.91,62.9,68.2,
c1e07a89-7831-47c5-8fb7-062ef22dbd38,08/05/2011,17:00,Ivey Purchasing Managers Index s.a (Jul),LOW,CAD,46.8,-,-,59.9,
8e06da90-fc7e-41a1-acd3-524bd3e26c7d,08/05/2011,18:00,Budget Balance (Jul),LOW,HUF,-459.9B,-,-,-310.4B,
755f7c95-f694-4c08-9be9-83021ddea712,08/05/2011,22:00,Consumer Credit Change (Jun),MEDIUM,USD,$11.35B,5.15,$5B,$3.99B,
bdd52527-664c-4a44-874d-14d724a83a79,08/06/2011,00:30,RealClearMarkets/TIPP Economic Optimism (MoM) (Aug),LOW,USD,35.8,-1.78,43.1,41.4,
5644a1b8-af53-4af3-90e9-964d9b325be0,08/08/2011,02:50,Current Account n.s.a. (Jun),LOW,JPY,¥526.9B,-0.64,¥652.8B,¥648.4B,
3e2fe327-4731-4632-9e65-92ba3a9b0427,08/08/2011,02:50,Trade Balance - BOP Basis (Jun),MEDIUM,JPY,¥131.5B,0.03,¥113.1B,¥-675.3B,
de78cb4d-4977-47d5-838a-64defc9e3b06,08/08/2011,04:30,ANZ Job Advertisements (Jul),LOW,AUD,-0.6%,-,-,3.7% ,
176e712b-de79-4836-9711-f5041074e62e,08/08/2011,08:00,Eco Watchers Survey: Current (Jul),MEDIUM,JPY,52.6,0.21,50.3,48,
cfe2bc8a-006a-49fb-97a5-75baee298e63,08/08/2011,08:00,Eco Watchers Survey: Outlook (Jul),MEDIUM,JPY,48.5,-,-,46.3,
12733b72-27ff-4a98-8505-75c24975edd9,08/08/2011,08:45,Unemployment Rate s.a (MoM) (Jul),MEDIUM,CHF,2.8%,-1.96,3%,3%,
42b3ce4e-fff6-459d-b9aa-eb46ba5b7e27,08/08/2011,09:30,Trade Balance (Jun),LOW,EUR,€-0.005B,-,-,€-0.455B,
90bd6127-d568-4160-a23b-631111a8f746,08/08/2011,10:00,Construction output (YoY) (Jun),LOW,CZK,-4.8%,-,-,-6%,
095411a2-8987-4a8b-b991-d4938d3dfe86,08/08/2011,10:00,Foreign Trade Balance (MoM) (Jun),LOW,CZK,18.11B,-,-,14.43B,
1683b088-a633-408c-98f8-e07ccbf38165,08/08/2011,10:00,Industrial Production (YoY) (Jun),LOW,CZK,7.9%,-,-,4.7%,
2062fd38-587b-4891-9faa-70b18c7e4ae9,08/08/2011,10:00,Unemployment Rate (Jul),LOW,CZK,8.2%,-,-,8.1%,
5f1c6a15-2ab9-49e1-a681-c18039868798,08/08/2011,10:00,Industrial Production (YoY) (Jun),LOW,TRY,6.7%,-,-,8.3%,
016b4ccf-e467-4c93-b3f8-223af854434f,08/08/2011,11:00,Credit Indicator (Jun),LOW,NOK,6%,-,-,6.5%,
660d0d2e-5f7d-4911-898c-db7eb258b2c2,08/08/2011,11:30,Sentix Investor Confidence (Aug),MEDIUM,EUR,-13.5,-5.22,3.6,5.3,
d5ec299a-cf3c-4923-8288-7f697e67c090,08/08/2011,17:00,Treasury Cash Balance (Jul),LOW,TRY,-2.07B,-,-,0.199B,
d92aef9c-9330-40a0-968d-ef94ce69fad6,08/08/2011,20:00,Barack Obama Press Conference,LOW,USD,,,,,SPEECH
a90d8f61-c6b2-4552-a502-f523a0a8b02d,08/09/2011,00:00,Producer Price Index Growth (MoM) (Jul),LOW,KRW,0.4%,-,-,-0.3%,
57cc2710-4a8e-46fa-ae65-c600d1a73388,08/09/2011,00:00,Producer Price Index Growth (YoY) (Jul),LOW,KRW,6.5%,-,-,6.2%,
3e5e37e2-442c-4d41-8340-d652092dda23,08/09/2011,02:01,BRC Like-For-Like Retail Sales (YoY) (Jul),LOW,GBP,0.6%,0.45,-0.5%,-0.6%,
8f41ed53-5e5b-442d-b192-78665f075491,08/09/2011,02:01,RICS Housing Price Balance (Jul),LOW,GBP,-22%,0.92,-25%,-26% ,
c274bcfd-3175-4aac-a4ba-6fde7bfd5006,08/09/2011,02:50,BoJ Monetary Policy Meeting Minutes,MEDIUM,JPY,,,,,REPORT
fe3101e3-dcab-4b0f-b1c8-bd807f1a63a4,08/09/2011,02:50,Money Supply M2+CD (YoY) (Jul),LOW,JPY,3%,0.98,2.9%,2.8% ,
fbac10f3-07f7-4992-9c21-b0e508518317,08/09/2011,04:30,Home Loans (Q2),MEDIUM,AUD,0.6%,-0.07,0.8%,0.9% ,
52185396-b323-4438-b061-4a6674e40623,08/09/2011,04:30,National Australia Bank's Business Conditions (Jul),MEDIUM,AUD,-1,-,-,2,
fc7a4ef2-9345-42db-80dc-a5ac3d9dae6d,08/09/2011,04:30,National Australia Bank's Business Confidence (Jul),MEDIUM,AUD,2,-,-,3,
67a09409-cb2e-4956-8397-c1f96eba86f7,08/09/2011,04:30,Investment Lending for Homes (Q2),LOW,AUD,-4.4%,-,-,3% ,
6c661f6d-5bc2-4a0b-8ab8-369b5da26aea,08/09/2011,04:35,Consumer Price Index (YoY) (Jul),MEDIUM,CNY,6.5%,1.25,6.4%,6.4%,
55e70b82-01c8-41cc-990a-134695008d3f,08/09/2011,04:35,Producer Price Index (YoY) (Jul),MEDIUM,CNY,7.5%,1.21,7.4%,7.1%,
8a181463-fdb0-4b1a-8f3c-d608004c8c8b,08/09/2011,08:00,Consumer Confidence Index (Jul),MEDIUM,JPY,37,-0.49,37.6,35.2,
c6341cdc-a297-4be3-9ae7-5af1a3c0a55d,08/09/2011,08:45,SECO Consumer Climate (3m) (Q2),MEDIUM,CHF,-17,-1.09,-8,2,
c13caff2-287e-4ca1-b82d-8175077c71f6,08/09/2011,09:00,Current Account n.s.a. (Jun),LOW,EUR,€11.5B,-,-,€9B,
4e56f29d-8c32-4fc7-bcd3-3c53466ce0dc,08/09/2011,09:00,Trade Balance s.a. (Jun),MEDIUM,EUR,€11.5B,-0.66,€12.8B,€11.9B,
6c6d54b0-bc79-4ade-a785-576728a1a055,08/09/2011,09:00,Machine Tool Orders (YoY) (Jul),MEDIUM,JPY,34.6%,-,-,53.3% ,
84ce6775-5d29-4dc8-bacb-fb3b842fec39,08/09/2011,09:45,Budget Balance (Jun),LOW,EUR,€-61.3B,-,-,€-68.4B,
7731d0be-daed-4198-8af5-4a98a1dead10,08/09/2011,10:00,Consumer Price Index (MoM) (Jul),LOW,CZK,0.3%,-,-,-0.2%,
7c1c28a9-f677-4b95-872b-cdd519c229f4,08/09/2011,10:00,Consumer Price Index (YoY) (Jul),LOW,CZK,1.7%,-,-,1.8%,
ebfb47e0-5a5a-4f27-be34-91fad9405d7b,08/09/2011,10:00,Current Account (Jun),LOW,DKK,12.2B,-,-,9.3B,
14e90394-5177-4d0c-a085-229786426820,08/09/2011,10:00,Industrial Production (MoM) (Jun),LOW,DKK,-5.2%,-,-,2.5%,
9763c5e0-e4ed-4754-9294-e253185db5c9,08/09/2011,10:00,Trade Balance (Jun),LOW,DKK,6.4B,-,-,6.6B,
02811be4-e658-4a38-8110-5d03daba13d8,08/09/2011,10:00,Trade Balance (Jun) PREL,LOW,HUF,€615M,-,-,€730.4M,
a3f20ae7-4435-4bee-8671-025d6b5691bb,08/09/2011,10:00,Industrial Production (MoM) (Jun),LOW,RON,-2.2%,-,-,-0.2%,
2f3e82d2-30a8-43d2-90cc-0ec9d4bf83de,08/09/2011,10:00,Foreign Trade Balance (Jun),LOW,EUR,€193.5M,-,-,€12M,
aa63b93b-4ab2-450b-92a3-657867ce0d7f,08/09/2011,10:00,Industrial Output (YoY) (Jun),LOW,EUR,5%,-,-,6.8%,
f51b2715-a1f4-44ba-9c23-65f6dd7cb5a0,08/09/2011,10:40,Fixed Asset Investment (YTD) (YoY) (Jul),LOW,CNY,25.4%,-0.13,25.5%,25.8% ,
b494689c-a97b-4c30-9c1d-c44c4840a232,08/09/2011,10:40,Industrial Production (YoY) (Jul),MEDIUM,CNY,14%,-2.47,14.7%,15.1%,
9f91466b-4e6d-4af1-8d45-ddff3a20b483,08/09/2011,10:40,Retail Sales (YoY) (Jul),MEDIUM,CNY,17.2%,-0.32,17.7%,17.7%,
4d6279ff-6899-47b4-aef8-48bbf00a09db,08/09/2011,11:30,Goods Trade Balance (Jun),LOW,GBP,£-8.873B,-0.85,£-8.2B,£-11.575B,
d0cc611e-f77f-42e6-a699-4e4bf22d9b66,08/09/2011,11:30,Industrial Production (MoM) (Jun),MEDIUM,GBP,0%,-0.59,0.4%,1.6% ,
94cd9d04-73b6-46e0-876b-3d085af1b85a,08/09/2011,11:30,Industrial Production (YoY) (Jun),MEDIUM,GBP,-0.3%,-0.53,0.2%,-7.2% ,
f45fa541-f50d-4ad7-8f93-8c922d3326c6,08/09/2011,11:30,Manufacturing Production (MoM) (Jun),LOW,GBP,-0.4%,-0.89,0.3%,1.3% ,
5bc5c2df-a5bc-48fb-a7fb-afc278abdd77,08/09/2011,11:30,Manufacturing Production (YoY) (Jun),MEDIUM,GBP,2.1%,-0.37,2.8%,-1.1% ,
8e9d0bfc-2d66-4764-b792-71dc11790d54,08/09/2011,11:30,Trade Balance; non-EU (Jun),LOW,GBP,£-5.718B,-0.45,£-4.8B,£-8.209B,
800c48df-3a61-449d-a4b4-496b75d9fa62,08/09/2011,12:00,Industrial Production (YoY) (Jun),LOW,EUR,-13.1%,-,-,-10%,
442f5548-234a-435e-9106-19929e0ceeb2,08/09/2011,12:00,Trade Balance (Jul),LOW,ISK,12.8B,-,-,6.8B,
b621a333-1f96-44aa-8e6f-3cd0affde681,08/09/2011,13:00,Global Trade Balance (Apr),LOW,EUR,€-4.254B,-,-,€-4.84B,
25a69934-eb05-40ee-b2f1-d9b570833c1b,08/09/2011,15:15,Housing Starts s.a (YoY) (Jul),LOW,CAD,205K,1.79,195K,196.4K,
2632f0a5-6a69-4a4e-b5bb-d08c5bfdfa26,08/09/2011,15:30,Nonfarm Productivity (Q2) PREL,LOW,USD,-0.3%,-,-,1.8%,
212de8f0-5d59-4606-b51a-025e0c12049c,08/09/2011,15:30,Unit Labor Costs (Q2) PREL,LOW,USD,3.3%,0.69,2%,4.8%,
f84f0b31-c6d2-4b70-94f5-a6d83da813f8,08/09/2011,16:00,12-Month Inflation (Jul),LOW,MXN,3.55%,-,-,3.28%,
bf7d7ad5-263d-4da9-84c6-f4ff53ee96b5,08/09/2011,16:00,Headline Inflation (Jul),LOW,MXN,0.48%,-,-,0%,
1bc89c5e-94e6-4b7c-94e3-81ae096cf83c,08/09/2011,17:00,NIESR GDP Estimate (3M) (Jul),MEDIUM,GBP,0.6%,-,-,0.1% ,
2f9af994-f79b-4c1c-aa5b-a5633ccfd820,08/09/2011,21:15,Fed Interest Rate Decision,HIGH,USD,0.25%,0,0.25%,0.25%,
c856c174-bdde-4578-a6b0-41bafbfa4665,08/10/2011,02:00,Unemployment Rate (Jul),LOW,KRW,3.3%,-,-,3.3%,
fc69e866-87b4-4baa-aa7f-f20766b8e7aa,08/10/2011,02:50,Producer Price Index (MoM) (Jul),LOW,JPY,0.2%,0.66,0%,0% ,
739d01a5-266d-439a-a32f-c8ffd85e1679,08/10/2011,02:50,Producer Price Index (YoY) (Jul),LOW,JPY,2.9%,1.16,2.6%,1.9% ,
22d560e0-7126-4d08-9efb-af90f7caec20,08/10/2011,02:50,Tertiary Industry Index (MoM) (Jun),MEDIUM,JPY,1.8%,0.89,1.1%,0.9% ,
ee6e6257-a0dc-43cd-9a1c-d220459ea32b,08/10/2011,03:30,Westpac Consumer Confidence (Aug),MEDIUM,AUD,-3.5%,-,-,-8.3%,
6f46c30b-6679-4d1d-87c2-1b437b833659,08/10/2011,06:00,Trade Balance USD (Jul),MEDIUM,CNY,$31.48B,0.51,$27.3B,$22.19B,
54d8c41f-fc3c-4721-beea-434e802629f6,08/10/2011,06:00,Money Supply Growth (Jun),LOW,KRW,8.1%,-,-,7.2% ,
6126c7ec-8606-4c00-bb97-d25662329886,08/10/2011,09:00,Consumer Price Index (MoM) (Jul),MEDIUM,EUR,0.4%,0.00,0.4%,0.4%,
35854f8f-b5d5-4b24-98a1-e9e91e6c34a9,08/10/2011,09:00,Consumer Price Index (YoY) (Jul),HIGH,EUR,2.4%,0.00,2.4%,2.4%,
e3784144-6b15-4310-a047-3eab3d14d5db,08/10/2011,09:00,Industrial Output (MoM) (Jun),LOW,EUR,-3%,-,-0.1%,0.5% ,
47555e31-e304-48a8-9856-d0a4078b77af,08/10/2011,09:45,Current Account (Jun),LOW,EUR,€-3.4B,-,-,€-5.5B,
e10da7cb-10f8-466e-a25a-1c8727bfc304,08/10/2011,09:45,Industrial Output (MoM) (Jun),LOW,EUR,-1.5%,-,-,3.3% ,
6e84317f-5c83-486c-ac62-8bf56e74e0d6,08/10/2011,10:00,Inflation (HICP) (YoY) (Jul),LOW,DKK,3%,-,-,2.9%,
5a259b17-06cb-41a1-b45e-6e21886f4181,08/10/2011,10:00,Consumer Price Index (Jul),LOW,RON,4.9%,-,-,7.9%,
25f02788-480a-49cf-874d-93c63b88c122,08/10/2011,11:00,Consumer Price Index (MoM) (Jun),LOW,NOK,-0.2%,-,-,-0.4%,
059d874d-f1d5-4881-84c3-f54ae926e298,08/10/2011,11:00,Consumer Price Index (YoY) (Jun),LOW,NOK,1.6%,-,-,1.3%,
49fab478-9d66-423d-b150-048b35742602,08/10/2011,11:00,Core Inflation (MoM) (Jun),LOW,NOK,-0.1%,-,-,-0.2%,
3fe032d2-4fcd-4988-b01c-7d366fb80cbd,08/10/2011,11:00,Core Inflation (YoY) (Jun),LOW,NOK,1.2%,-,-,0.7%,
1ca7bb6e-f474-4a72-8eac-048b4f86fc50,08/10/2011,11:00,Producer Price Index (YoY) (Jun),LOW,NOK,16.1%,-,-,14.4%,
24824831-03db-458d-905c-b60cca33cdac,08/10/2011,12:00,Consumer Price Index (MoM) (Jul),LOW,EUR,-0.1%,-,-,-0.2%,
8a551de5-0037-48de-ba18-8697af355149,08/10/2011,12:00,Consumer Price Index (YoY) (Jul),LOW,EUR,3.2%,-,-,3.4%,
77c549f3-529c-4f3a-b5d5-fbe36b25618d,08/10/2011,12:30,BoE Monetary Policy Report,HIGH,GBP,,,,,REPORT
ff5f2dd9-bcc1-4e34-bd85-066752c7c9b9,08/10/2011,12:30,BoE's Governor King speech,HIGH,GBP,,,,,IN PROGRESS
f68ab132-3895-4351-9e82-f496b69b5abd,08/10/2011,12:30,Business Confidence Index,NONE,ZAR,99,-,-,102.4,
b4945022-cd28-45d2-a8d6-f0ba8fcb6bef,08/10/2011,14:00,Consumer Confidence (Jul),LOW,EUR,55.9,-,-,56.3,
46a4b639-3bd1-4883-a16b-90f455c575f3,08/10/2011,14:00,MBA Mortgage Applications,LOW,USD,21.7%,-,-,7.1%,
9b99afc8-0ba8-4111-b55e-13e6b5a7954f,08/10/2011,14:30,M3 Money Supply,LOW,INR,16.4%,-,-,16.7%,
f038f53a-df6a-4841-b5bd-2fd27fb07cbe,08/10/2011,15:00,Norges Bank Interest Rate Decision,LOW,NOK,2.25%,-,-,2.25%,
a217ee50-03ca-42ce-b586-fdf42db2bdb4,08/10/2011,17:00,Wholesale Inventories (Jun),LOW,USD,0.6%,-0.73,0.9%,1.8% ,
d03667a7-4f6c-4280-a062-0eeb2174118d,08/10/2011,17:30,EIA Crude Oil Stocks Change,LOW,USD,-5.2M,-,-,1M,
82cc7e97-e0f3-4d39-bcb3-2002fed1309c,08/10/2011,21:00,Monthly Budget Statement (Jul),MEDIUM,USD,$-129.4B,0.17,$-140.3B,$-43B,
072419ac-b48d-4e82-ba4c-460336d7e209,08/11/2011,01:30,Business NZ PMI (Jul),MEDIUM,NZD,53.2,-,-,54.3,
981ff902-8f0e-4754-bef5-81671bdc8d30,08/11/2011,02:50,Machinery Orders (MoM) (Jun),MEDIUM,JPY,7.7%,0.96,1.9%,4.9% ,
8c13ef7f-e10e-4904-8ff4-1e5cbafb1877,08/11/2011,04:00,BoK Interest Rate Decision,LOW,KRW,3.25%,-,-,3.25%,
6b09a420-b288-46b9-9ae1-58be13dcbf37,08/11/2011,04:30,Consumer Inflation Expectations (Jul),LOW,AUD,2.7%,-,-,3.4%,
688efe7d-0157-4890-8ea8-b70c62a461b8,08/11/2011,04:30,Employment Change s.a. (Jul),HIGH,AUD,-0.1K,-0.43,10.3K,33.3K,
bfd66f67-b0d3-4f44-920a-030921c432ed,08/11/2011,04:30,Unemployment Rate s.a. (Jul),HIGH,AUD,5.1%,5.00,4.9%,4.9%,
5e0398f4-fe9b-463b-a655-5158af3ab2d7,08/11/2011,09:00,Wholesale Price Index (MoM) (Jul),LOW,EUR,-0.6%,-0.42,-0.3%,-0.4% ,
9be668b5-3936-4ee1-b383-1c77fb40efaf,08/11/2011,09:00,Wholesale Price Index (YoY) (Jul),LOW,EUR,8.2%,-,-,6.1% ,
c03579d0-141f-44a8-ae1a-37cd08dce778,08/11/2011,10:00,Consumer Price Index (YoY) (Jul),LOW,HUF,3.1%,-,-,3.5%,
71350805-b8a9-4e01-ba8d-11cfdbe3ebe9,08/11/2011,10:00,Core Consumer Price Index (YoY) (Jul),LOW,HUF,3.1%,-,-,2.7%,
a7600948-296b-402f-9c0e-56d78287e59d,08/11/2011,10:00,Current Account Balance (Jun),LOW,TRY,$-7.55B,-,-,$-7.75B,
91a03c58-ce49-4365-811d-47ec61ca4bfc,08/11/2011,10:30,Consumer Price Index (MoM) (Jul),LOW,SEK,0%,-,-,-0.2%,
e99a2b00-972e-4fad-b3ff-7eaf21b0df66,08/11/2011,10:30,Consumer Price Index (YoY) (Jul),LOW,SEK,3.3%,-,-,3.1%,
698e68cb-d5be-4a23-9de2-d10c5a55e2be,08/11/2011,11:00,Current Account (MoM) (Jun),LOW,CZK,-8.28B,-,-,-23.12B,
68a17c86-ffa5-419f-871f-aab4d2ce34e5,08/11/2011,11:00,ECB Monthly Report,HIGH,EUR,,,,,REPORT
4ac13b36-c477-4809-9816-c8e51cc1ee7a,08/11/2011,12:00,Unemployment Rate (MoM) (May),LOW,EUR,16%,-,-,15.8%,
f76e9b12-4f96-447b-8a04-842bea03fafe,08/11/2011,13:00,Consumer Price Index (MoM) (Jul),LOW,EUR,0%,-,-,-0.1%,
fb34deb4-179f-4c4b-99c3-f06e06b63044,08/11/2011,13:00,Consumer Price Index (YoY) (Jul),LOW,EUR,2.7%,-,-,2.7%,
021b02b6-70cc-49a0-bd84-a8d72779c3f0,08/11/2011,13:00,HICP (MoM) (Jul),LOW,EUR,-0.2%,-,-,-0.2%,
d4a650f7-6d42-46c5-a8e2-3e1f33f49042,08/11/2011,13:00,HICP (YoY) (Jul),LOW,EUR,1%,-,-,1.1%,
379a9fe1-ff08-47a7-8c20-e55ba3a0639b,08/11/2011,14:00,Manufacturing Production Index (YoY) (Jun),LOW,ZAR,0.9%,-,-,0.6% ,
2db3d460-7b7f-46f0-a292-8cc575dc98f5,08/11/2011,15:00,Retail Sales (MoM) (Jun),LOW,BRL,0.2%,-,-,0.6% ,
5dc33275-2bf3-48d6-b531-7dcd4296ba43,08/11/2011,15:00,Current Account (Jun),LOW,PLN,"€-1,596M",-,-,€0M,
956e7434-fa45-4737-ae2a-286a39b88279,08/11/2011,15:30,International Merchandise Trade (Jun),MEDIUM,CAD,$-1.368B,-0.65,$-0.9B,$-1.09B,
f071f2b5-6944-4072-b906-a3cb3284eb55,08/11/2011,15:30,New Housing Price Index (MoM) (Jun),LOW,CAD,0.3%,-1.08,0.5%,0.4%,
d1c3026e-0292-410c-a047-2a516e0d4a49,08/11/2011,15:30,Continuing Jobless Claims,LOW,USD,3.695M,-,3.73M,3.73M,
f34eff2f-fa13-4889-b0e6-00a566102aca,08/11/2011,15:30,Goods and Services Trade Balance (Jun),MEDIUM,USD,$-51.6B,-0.95,$-47.5B,$-47.7B,
399cf255-7db5-40da-a1b7-734ec24acaee,08/11/2011,15:30,Initial Jobless Claims,MEDIUM,USD,399K,-0.26,402K,400K,
350febf6-1a66-4f6a-9ed1-56df7d874c6e,08/11/2011,16:00,Industrial Output (MoM) (Jun),LOW,MXN,-0.6%,-,-,1.1%,
24a7cb28-e739-4873-b11b-965cc6265bc9,08/11/2011,16:00,Industrial Output (YoY) (Jun),LOW,MXN,3.7%,-,-,4.6%,
8c41c971-70ae-485f-9b02-68b0b3728260,08/12/2011,00:00,Export Price Growth (YoY) (Jul) PREL,LOW,KRW,-1.3%,-,-,-0.4%,
162fe64d-8229-4680-9ed7-6532dd3ae103,08/12/2011,00:00,Import Price Growth (YoY) (Jul) PREL,LOW,KRW,9.8%,-,-,25%,
b463608b-4d41-4658-bb47-e27478b5b4af,08/12/2011,05:00,M2 Money Supply (YoY),LOW,CNY,14.7%,-,-,15.9%,
d3fc1c49-9202-48b9-b859-438d1f0dffde,08/12/2011,07:30,Capacity Utilization (Jun),LOW,JPY,5.2%,-,-,14.4% ,
34359834-96fd-4e89-9822-8f2ec8c32998,08/12/2011,07:30,Industrial Production (MoM) (Jun),LOW,JPY,3.8%,-,-,3.9%,
c56fbe54-7078-4f94-b24c-67159254d40f,08/12/2011,07:30,Industrial Production (YoY) (Jun),MEDIUM,JPY,-2.8%,-8.15,3.9%,-1.6%,
8709be86-e03e-4282-a92b-4fa2b7353a51,08/12/2011,08:30,Consumer Price Index (EU norm) (MoM) (Jul),LOW,EUR,-0.5%,-,-0.3%,0.1%,
4ad9c2a9-11cf-4f79-aaaa-42b1ee8a26ad,08/12/2011,08:30,Consumer Price Index (EU norm) (YoY) (Jul),LOW,EUR,2.1%,-,2.2%,2.3%,
05620584-b367-4f00-a62c-a679902abd9c,08/12/2011,08:30,Gross Domestic Product (QoQ) (Q2) PREL,LOW,EUR,0%,-,0.3%,0.9%,
5c488ae8-d2ab-4483-a847-bb5d5b1a2ce3,08/12/2011,08:30,Inflation ex-tobacco (MoM) (Jul),LOW,EUR,-0.5%,-,-,0.1%,
5f8b9a15-86d7-4163-8ed0-8862f37a3657,08/12/2011,08:30,Cumulative Industrial Output (Jun),LOW,INR,6.8%,-,-,5.7%,
694a315e-4faf-4860-9a07-6023ffefe6b6,08/12/2011,08:30,Industrial Output (Jun),LOW,INR,8.8%,-,-,6.2% ,
25fcaf01-96ba-4805-a5de-43512a6cb981,08/12/2011,08:30,Manufacturing Output (Jun),LOW,INR,10%,-,-,8.9% ,
c033651f-fff5-48e9-bb97-e3e4a44772c8,08/12/2011,09:32,Foreign Trade (Jun),LOW,RUB,$17.4B,-,-,$16.6B,
87ce00a6-503c-4ca7-8ec4-ac3ccc7fefe7,08/12/2011,09:45,Nonfarm Payrolls (QoQ) (Q2) PREL,LOW,EUR,0.4%,-,-,0.4%,
80d8d442-72f3-45e1-b648-8bea8945abe7,08/12/2011,10:00,Consumer Price Index (MoM) (Jul),LOW,EUR,-0.5%,-,-,-0.1%,
230b2d8a-d4db-4e13-b9bc-a48a74e59b2a,08/12/2011,10:00,Harmonized Index of Consumer Prices (MoM) (Jul),LOW,EUR,-1.2%,-,-,3%,
c63c4d35-f659-49be-bd27-3edf4e6f9aa0,08/12/2011,10:00,Harmonized Index of Consumer Prices (YoY) (Jul),LOW,EUR,3%,-,-,3%,
82ec25cb-7abd-4dce-b38f-e0f9cc8d3a26,08/12/2011,10:00,Core Inflation (MoM) (Jul),LOW,EUR,-0.2%,-,-,0%,
cc2163f8-63c4-403d-bc8f-3e39f7ef5a83,08/12/2011,10:00,Core Inflation (YoY) (Jul),LOW,EUR,2.2%,-,-,2.6%,
adeea284-af5a-41f8-86e8-6341c225026c,08/12/2011,10:00,Headline Inflation (MoM) (Jul),LOW,EUR,-0.1%,-,-,0%,
3fe2234c-c081-4e02-b1d1-648d4a467408,08/12/2011,10:00,Headline Inflation (YoY) (Jul),LOW,EUR,3.7%,-,-,3.9%,
3b56d19c-5a9c-4b3b-a15a-ecd2f0e384d7,08/12/2011,11:00,Global Trade Balance (Jun),LOW,EUR,€-2.905B,-,-,€-2.407B,
ba5c912e-0428-4ca7-a8c0-218bca2ec53b,08/12/2011,11:00,Trade Balance EU (Jun),LOW,EUR,€-0.213B,-,-,€-0.6B,
fae991c7-3c0c-4ef5-859d-f9365483a55a,08/12/2011,11:00,Retail Sales (Jun),LOW,NOK,0.1%,-,-,1.2%,
0c72f21b-8fff-48bf-b1ed-801b960add8d,08/12/2011,11:30,Gross Domestic Product (QoQ) (Q2),LOW,HKD,-0.5%,-,-,-,
1b695b6d-3d13-4d7c-80b4-2ddcfffae6db,08/12/2011,11:30,Gross Domestic Product (YoY) (Q2),MEDIUM,HKD,5.1%,-,-,-,
fc2f92e7-8a83-4e98-85bd-4ef81cce6a10,08/12/2011,12:00,Industrial Production s.a. (MoM) (Jun),LOW,EUR,-0.8%,-3.21,0.1%,0.6% ,
85a7d5fc-7bf2-4484-8fb6-e542eb8ebd2a,08/12/2011,12:00,Industrial Production w.d.a. (YoY) (Jun),MEDIUM,EUR,2.6%,-3.04,4.2%,4.2% ,
7ba887d2-1c37-44b3-a44d-db6087f1058d,08/12/2011,12:00,Consumer Price Index (EU Norm) (MoM) (Jul),LOW,EUR,-1.7%,-,-0.7%,-1.7%,
43c221cf-393b-42fe-bbbf-ebbc8cc9de42,08/12/2011,12:00,Consumer Price Index (EU Norm) (YoY) (Jul),LOW,EUR,2.1%,0,2.1%,2.1%,
0986b064-721b-495e-8cfc-ba933402944d,08/12/2011,12:00,Consumer Price Index (MoM) (Jul),LOW,EUR,0.3%,0,0.3%,0.1%,
f224b95e-1ff7-4338-acb0-a758b897fa4d,08/12/2011,12:00,Consumer Price Index (YoY) (Jul),LOW,EUR,2.7%,0,2.7%,2.7%,
59e9524d-ab7a-4512-84a7-2449d1bf2080,08/12/2011,14:30,Bank Loan Growth,LOW,INR,18.5%,-,-,19.3%,
bab7ceed-1c91-4820-8009-c4bd978e88c0,08/12/2011,14:30,"FX Reserves, USD",LOW,INR,$317.23B,-,-,$319.09B,
58feb11f-84b1-4f1a-a2dd-b8c897e5b9b0,08/12/2011,15:00,Consumer Price Index (MoM) (Jul),LOW,PLN,-0.3%,-,-,-0.4%,
a785ac54-1143-447b-9f2b-c5a95de1bff9,08/12/2011,15:00,Consumer Price Index (YoY) (Jul),LOW,PLN,4.1%,-,-,4.2%,
62a4acb5-6d6e-46e2-8467-114b0f1da9bc,08/12/2011,15:00,M3 Money Supply (YoY) (Jul),LOW,PLN,7.3%,-,-,7.1%,
6ef675ad-34e9-49d1-9380-9947272cc5ed,08/12/2011,15:30,Retail Sales (MoM) (Jul),HIGH,USD,0.3%,-0.41,0.4%,0.7% ,
4ca2c9f1-7f8a-4f5e-ac91-a24ab73c20dd,08/12/2011,15:30,Retail Sales ex Autos (MoM) (Jul),MEDIUM,USD,0.3%,0.34,0.2%,0.6% ,
2e75fb4b-5f9f-49be-922c-dda83da06b78,08/12/2011,16:55,Michigan Consumer Sentiment Index (Aug) PREL,MEDIUM,USD,54.9,-2.33,63.3,63.7,
c418ba4a-f248-43a0-bf95-f4dad40cd484,08/12/2011,17:00,Business Inventories (Jun),MEDIUM,USD,0.4%,-1.85,0.7%,1.2% ,
66fc6951-6161-43eb-bb8a-e461893dc5a6,08/15/2011,02:01,Rightmove House Price Index (MoM) (Aug),LOW,GBP,-2.1%,-,-,-0.9% ,
d2688b9b-710f-4110-ba64-0116d062a7a0,08/15/2011,02:01,Rightmove House Price Index (YoY) (Aug),LOW,GBP,-0.3%,-,-,-0.7% ,
339327d2-0763-46cd-8793-fe6f411d139f,08/15/2011,02:50,Gross Domestic Product (QoQ) (Q2) PREL,MEDIUM,JPY,-0.3%,0.93,-0.7%,-0.3%,
bba96800-2644-47e4-b8f0-4bfafad10072,08/15/2011,02:50,Gross Domestic Product Annualized (Q2) PREL,MEDIUM,JPY,-1.3%,0.76,-2.6%,-3.5% ,
b724ff7a-21be-41b3-a2f7-7c370a0525c8,08/15/2011,02:50,Gross Domestic Product Deflator (YoY) (Q1) PREL,LOW,JPY,-2.2%,-5.30,-1.7%,-2.2%,
09c0367b-d5bb-4698-ac02-64a37e435d31,08/15/2011,04:30,New Motor Vehicle Sales (MoM) (Jul),LOW,AUD,9%,-,-,1.3% ,
669aee02-0398-46e6-a992-d5262b132986,08/15/2011,04:30,New Motor Vehicle Sales (YoY) (Jul),LOW,AUD,0.9%,-,-,-11.5%,
5db0b0ef-067e-4c43-b591-b51ff9d9867f,08/15/2011,09:00,Consumer Price Index (YoY) (Jul),LOW,EUR,4%,-,-,3.5%,
21a48e65-1c05-44cf-a905-84437631fd62,08/15/2011,10:00,Export Prices (YoY) (Jun),LOW,CZK,-1.4%,-,-,-0.1%,
0c78c179-eb7b-44e6-97e3-07b6c0b74c29,08/15/2011,10:00,Import Prices (YoY) (Jun),LOW,CZK,0.4%,-,-,2.1%,
f0770c66-292d-4655-8621-879141a20e68,08/15/2011,10:00,Producer Price Index (MoM) (Jul),LOW,CZK,-0.1%,-,-,-0.2%,
8046f9bb-05a9-465d-8246-44860910243d,08/15/2011,10:00,Producer Price Index (YoY) (Jul),LOW,CZK,5.4%,-,-,5.5%,
ae072b16-9c40-432d-a034-0b292b45bc06,08/15/2011,10:00,Current Account (Jun),LOW,EUR,€0.5B,-,-,€-0.9B,
1ab7bbcf-68fe-4cc4-a3ca-dc671aaf6eff,08/15/2011,10:00,Unemployment Rate (May),LOW,TRY,9.4%,-,-,9.9%,
1a1006fb-1031-4a5b-8751-bfd252c516bf,08/15/2011,10:15,Producer and Import Prices (MoM) (Jul),LOW,CHF,-0.7%,-1.96,-0.5%,-0.5%,
f7571b98-1e1a-44d2-a145-86c3108e6ced,08/15/2011,10:15,Producer and Import Prices (YoY) (Jul),LOW,CHF,-0.6%,-,-,-0.4%,
474348a4-9d80-4b26-8300-e7e9a2f93ea9,08/15/2011,10:30,Industrial Production Value (MoM) (Jun),LOW,SEK,-3.3%,-,-,2.6% ,
ef938823-33e4-4f3b-bd39-c188a512a84f,08/15/2011,10:30,Industrial Production Value (YoY) (Jun),LOW,SEK,6.4%,-,-,13.4% ,
a9e2616e-e9b2-4de8-831c-832367b97b35,08/15/2011,10:30,New Orders Manufacturing (YoY) (Jun),LOW,SEK,5.5%,-,-,12.1% ,
d3196a24-b333-45d5-b0b3-8ad4d2a98ddd,08/15/2011,11:00,Trade Balance (Jul),LOW,NOK,38.1B,-,-,24.7B,
03822b54-5455-4893-a95b-f5be53869566,08/15/2011,12:00,Gross Domestic Product s.a (YoY) (Q2),LOW,EUR,-7.4%,-,-,-8.1%,
6b8912ad-b29c-43c0-9309-e1d23ee01fd9,08/15/2011,12:30,Industrial Output (Jul),LOW,RUB,5.2%,0.64,4.5%,4.1%,
6ebd994b-6845-4366-b397-d70732d839b5,08/15/2011,15:30,New Motor Vehicle Sales (MoM) (Jun),LOW,CAD,10.8%,2.74,2.4%,-6.1%,
be0d2f1d-a625-426b-9a56-1bb1d5d1d6ee,08/15/2011,15:30,NY Empire State Manufacturing Index (Aug),LOW,USD,-7.72,-0.98,0.8,-6,
21d48eac-cb89-4afe-9c2f-93b4e353c9ec,08/15/2011,16:00,Net Long-Term TIC Flows (Jun),MEDIUM,USD,$3.4B,-2.67,$30.4B,$21.4B,
803140d8-ec21-4009-bd2d-97d2c3fa1e18,08/15/2011,16:00,Total Net TIC Flows (Jun),LOW,USD,$-29.4B,-,-,$-27.3B,
a00935e0-b30e-4c8f-a5d7-5e2572796fc3,08/15/2011,17:00,NAHB Housing Market Index (Aug),LOW,USD,15,0.00,15,15,
603beb3c-ae02-49dc-b154-5becced1ff17,08/15/2011,N/A,Loan Officer Survey (Q2),LOW,USD,,,,,REPORT
b09521dd-08d1-4858-987f-1cbff6d3f071,08/15/2011,22:00,Consumer Price Index (MoM) (Jul),LOW,ARS,0.8%,-,-,0.7%,
fe660854-e206-46b2-a104-7a6b744ed6d7,08/16/2011,04:30,RBA Meeting Minutes,HIGH,AUD,,,,,REPORT
fb848d82-9fba-4f1e-9828-1982e465c9de,08/16/2011,05:30,FDI - Foreign Direct Investment (YTD) (YoY) (Jul),LOW,CNY,18.6%,-,-,18.4%,
9650ac4f-1e1e-4222-8f16-618840ca2824,08/16/2011,06:00,Trade Balance (Jul),LOW,KRW,$6.3B,-,$2.8B,$7.2B,
5b27a0e5-befc-457a-8dd4-b2433698274b,08/16/2011,09:00,Gross Domestic Product (QoQ) (Q2) PREL,MEDIUM,EUR,0.1%,-1.44,0.5%,1.5% ,
e0cfb9b3-c33d-41d7-9540-b18d7bd393cf,08/16/2011,09:00,Gross Domestic Product (YoY) (Q2) PREL,MEDIUM,EUR,2.8%,-1.08,3.2%,5.2% ,
baac6955-9b67-450b-8e00-ce20dda896e1,08/16/2011,09:00,Gross Domestic Product w.d.a (YoY) (Q2) PREL,MEDIUM,EUR,2.7%,-0.59,2.9%,4.9%,
4b0610fb-83f8-42d4-afe9-3c0b9c19b033,08/16/2011,09:00,Gross Domestic Product (YoY) (Jun),LOW,EUR,2.8%,-,-,3.4% ,
65711434-ec69-47a7-8018-19c946ec7d8e,08/16/2011,09:30,WPI Inflation (Jul),LOW,INR,9.22%,-,9.1%,9.44%,
6f1f80d6-5462-4568-8e0f-ba6d8861f695,08/16/2011,10:00,Gross Domestic Product (QoQ) (Q2) PREL,LOW,EUR,1%,-,-,0.8% ,
2c7cd654-e305-4280-aae9-1147ccbee95a,08/16/2011,10:00,Gross Domestic Product (YoY) (Q1) PREL,LOW,CZK,2.4%,-,-,2.8%,
19592133-8145-4d24-b27a-c502ee4048cf,08/16/2011,10:00,Gross Domestic Product - Estimated (QoQ) (Q2),LOW,EUR,0.2%,-,-,0.3%,
8572372c-0a00-418a-8303-a74a843bb4f5,08/16/2011,10:00,Gross Domestic Product - Estimated (YoY) (Q2),LOW,EUR,0.8%,-,-,0.8%,
91b66d70-b27f-43be-98b1-9fdf2034b62d,08/16/2011,10:00,Gross Domestic Product (YoY) (Q2) PREL,LOW,HUF,1.5%,-,-,2.4%,
d8156a00-efd7-4430-8201-1e02277ceefe,08/16/2011,10:00,Gross Domestic Product Prelim (YoY) (Q2),LOW,EUR,3.3%,-,-,-,
ec037a4c-1ab9-4037-bf5d-8761d6d41c35,08/16/2011,10:00,Consumer Confidence (Jul),LOW,TRY,94.83,-,-,96.42,
3f49b636-1853-4284-926f-9aa0edb67e44,08/16/2011,10:30,Retail Sales (YoY) (Jun),LOW,EUR,0%,-,-,0.5% ,
225e587a-b3c5-4ba8-a233-52e062778f6e,08/16/2011,11:30,Consumer Price Index (MoM) (Jul),MEDIUM,GBP,0%,0.43,-0.1%,-0.1%,
8f735869-bb93-4880-8d14-a022410af7bd,08/16/2011,11:30,Consumer Price Index (YoY) (Jul),MEDIUM,GBP,4.4%,0.33,4.3%,4.2%,
7d5be6b0-af1d-43b0-83ed-b821a136d091,08/16/2011,11:30,Core Consumer Price Index (YoY) (Jul),MEDIUM,GBP,3.1%,0.31,3%,2.8%,
809d9e38-5336-426f-9e29-701b87679690,08/16/2011,11:30,DCLG House Price Index (YoY) (Jun),LOW,GBP,-2%,-2.83,0.9%,-1.6% ,
a10deddf-8df8-43cf-aa91-8a5d63fda493,08/16/2011,11:30,Retail Price Index (MoM) (Jul),LOW,GBP,-0.2%,0.00,-0.2%,0%,
ffc9f9b8-d0dc-4253-baee-aea5edfe837c,08/16/2011,11:30,Retail Price Index (YoY) (Jul),MEDIUM,GBP,5%,0.00,5%,5%,
89b77e59-3267-4f9a-91da-bd52411e0c0a,08/16/2011,12:00,Gross Domestic Product s.a. (QoQ) (Q2) PREL,MEDIUM,EUR,0.2%,-1.25,0.3%,0.8%,
b62664a8-d468-4b1f-8bbd-d9bd5829b738,08/16/2011,12:00,Gross Domestic Product s.a. (YoY) (Q2) PREL,MEDIUM,EUR,1.7%,-0.83,1.8%,2.5%,
54f23829-a96f-4219-a722-0a464a505cde,08/16/2011,12:00,Trade Balance n.s.a. (Jun),LOW,EUR,€-0.1B,-0.44,€1.1B,€-2.6B,
33cc9914-3d35-49ca-bece-3694364c56f5,08/16/2011,12:00,Trade Balance s.a. (Jun),LOW,EUR,€-2.7B,-1.23,€0B,€0.4B,
14f4dc96-258d-4d69-ab7c-4a3e6421df32,08/16/2011,12:00,Gross Domestic Product (QoQ) (Q2),LOW,EUR,0%,-,-,-0.6%,
6fdf7898-5415-4a1d-9ee9-be3eb3747f3f,08/16/2011,12:00,Gross Domestic Product (YoY) (Q2),LOW,EUR,-0.9%,-,-,-0.6%,
267be964-f1bc-4187-892c-76469391a14a,08/16/2011,15:30,Manufacturing Sales (MoM) (Jun),LOW,CAD,-1.3%,-0.58,-0.3%,-1.1% ,
24c171a2-9016-4957-830d-3104cd2eccfe,08/16/2011,15:30,Building Permits (MoM) (Jul),LOW,USD,0.601M,-0.12,0.605M,0.636M,
1dff79b6-9a67-4232-90b0-445508727ea8,08/16/2011,15:30,Housing Starts (MoM) (Jul),LOW,USD,0.601M,-0.16,0.608M,0.608M,
1d0cdc78-2980-4882-9ffb-d839136c1977,08/16/2011,15:30,Import Price Index (MoM) (Jul),LOW,USD,0.3%,1.56,-0.1%,-0.6%,
922d2103-ba5b-4828-969f-d9356b7c27f1,08/16/2011,15:30,Import Price Index (YoY) (Jul),LOW,USD,14%,2.99,13%,13.6%,
da7c68e8-68c6-45ad-a419-526d39bb2e0a,08/16/2011,16:15,Capacity Utilization (Jul),LOW,USD,77.5%,2.05,76.9%,75.7% ,
949423f7-35d4-4c71-b140-f1c322554ce2,08/16/2011,16:15,Industrial Production (MoM) (Jul),MEDIUM,USD,0.9%,1.47,0.5%,0.3% ,
ab3dfafb-b382-491c-8175-9d7bd642502a,08/17/2011,01:45,Producer Price Index - Input (QoQ) (Q2),LOW,NZD,0.9%,-0.61,1.2%,2.2%,
148c3d42-5280-4ba9-aaac-1d72b0e2449b,08/17/2011,01:45,Producer Price Index - Output (QoQ) (Q2),LOW,NZD,1.4%,1.94,0.8%,1.7%,
187fcaaa-864c-41d1-b001-b8b5f1f40866,08/17/2011,03:00,Producer Price Index (YoY) (Jul),LOW,RUB,16.1%,-,-,19.2% ,
7b2ff323-d3aa-410b-9fdb-5e7853df2817,08/17/2011,03:30,Westpac Leading Index (MoM) (Jul),LOW,AUD,-0.17%,-,-,-0.18%,
4f68ec08-fcd0-46a7-81aa-26b870c8e467,08/17/2011,03:36,Producer Price Index (MoM) (Jul),LOW,RUB,-1%,-,-,1.2% ,
f2341b0a-9890-4227-bec3-8956d8b526bf,08/17/2011,04:30,Wage Price Index (QoQ) (Q2),LOW,AUD,0.9%,0.00,0.9%,0.9% ,
920add8e-66d2-448b-b84c-5bfadb871f6e,08/17/2011,04:30,Wage Price Index (YoY) (Q2),LOW,AUD,3.8%,-,-,3.9% ,
41e7c5b4-e745-414e-909a-88beb0462645,08/17/2011,09:00,Import Prices (YoY) (Jul),LOW,EUR,8.4%,-,-,6.6%,
89dec4b2-3442-4c57-9d89-3fbefa0bb119,08/17/2011,09:00,Producer Price Index (YoY) (Jul),LOW,EUR,5.5%,-,-,5.9%,
4b729c5d-0af0-404d-af4f-f08bf9dad379,08/17/2011,10:00,EU Norm Inflation (MoM) (Jul),LOW,EUR,-0.2%,-,-,-0.1%,
aaf46f08-b406-4067-aaf8-0110153ce368,08/17/2011,10:00,EU Norm Inflation (YoY) (Jul),LOW,EUR,3.8%,-,-,4.1%,
045e4d0d-2d1a-4853-8f49-77a4a1171b3e,08/17/2011,11:00,HICP (MoM) (Jul),LOW,EUR,-0.4%,-,-,-,
b4b50ee0-d5ea-4a4d-8753-bebe9d239ec1,08/17/2011,11:00,HICP (YoY) (Jul),LOW,EUR,3.8%,-,-,-,
02f07f78-4592-49b7-a07a-426424cbe95b,08/17/2011,11:00,Current Account n.s.a (Jun),LOW,EUR,€-3.1B,-,-,€-16B,
246cc644-a52e-4a51-b7ff-9f2e90c73ab7,08/17/2011,11:00,Current Account s.a (Jun),LOW,EUR,€-7.1B,-1.05,€-3.6B,€-4.7B,
46ac1bdb-72c4-48b7-86e5-e369a13c2030,08/17/2011,11:30,Average Earnings Excluding Bonus (3Mo/Yr) (Jun),MEDIUM,GBP,2.3%,0.00,2.3%,2% ,
ea524814-b67f-4269-b6e3-10eb914d1036,08/17/2011,11:30,Average Earnings Including Bonus (3Mo/Yr) (Jun),MEDIUM,GBP,2.7%,1.23,2.3%,2.3%,
64f671b8-875a-4ec8-89f3-49f060898e0b,08/17/2011,11:30,BoE Minutes,HIGH,GBP,,,,,REPORT
f0e5c2f1-5651-4e55-a523-88bf5cea2ce2,08/17/2011,11:30,Claimant Count Change (Jul),MEDIUM,GBP,33.7K,1.58,20K,19.1K,
0ecb13bb-d6d5-43d3-9cb0-ea75bf20fe6f,08/17/2011,11:30,Claimant Count Rate (Jul),MEDIUM,GBP,4.9%,4.08,4.7%,4.6% ,
ad6fec5c-352f-455a-b73f-7846bd8baf8e,08/17/2011,11:30,ILO Unemployment Rate (3M) (Jun),MEDIUM,GBP,7.9%,1.67,7.7%,7.8% ,
8ddb93ab-ffb7-4853-94a8-6b92d8ec089e,08/17/2011,12:00,Core Harmonized Index of Consumer Prices (YoY) (Jul),MEDIUM,EUR,1.2%,-4.24,1.6%,1.6%,
8caa7d86-926c-46c6-be2b-db69788b4e91,08/17/2011,12:00,Harmonized Index of Consumer Prices (MoM) (Jul),LOW,EUR,-0.6%,0.00,-0.6%,0%,
34e5fe41-4a24-42ee-8d62-edf767f959d0,08/17/2011,12:00,Harmonized Index of Consumer Prices (YoY) (Jul),MEDIUM,EUR,2.5%,0.00,2.5%,2.5%,
00d20851-701c-42b1-a415-95b1dd4f278a,08/17/2011,12:00,CBI Interest Rate Decision,LOW,ISK,4.5%,-,-,4.25%,
0cc0bd05-852b-4329-9d15-94886c057b7a,08/17/2011,13:00,Unemployment Rate (Q2),LOW,EUR,12.1%,-,-,12.4%,
647af90e-cf0d-4933-b0ee-7e2a1d029f29,08/17/2011,14:00,MBA Mortgage Applications,LOW,USD,4.1%,-,-,21.7%,
270f176d-314a-45d6-aba9-a022b85ccf29,08/17/2011,14:00,Retail Sales (YoY) (Jun),LOW,ZAR,2.4%,-,-,0% ,
2152fce4-8250-44e4-8a65-edcbd26492b0,08/17/2011,15:00,Corporate Sector Wages (Jul),LOW,PLN,5.2%,-,-,5.8%,
5c8acff8-0f2f-4b79-95a6-1aad1a820de9,08/17/2011,15:30,Canadian Portfolio Investment in Foreign Securities (Jun),LOW,CAD,$-0.437B,-,-,$3.7B,
3aaf499e-91de-411e-b7cd-c9f4d7da9ccb,08/17/2011,15:30,Foreign Portfolio Investment in Canadian Securities (Jun),LOW,CAD,$-3.45B,-2.73,$10.33B,$15.54B,
bf3fbadb-8702-4ef0-a94b-75ff97c829be,08/17/2011,15:30,Producer Price Index (MoM) (Jul),LOW,USD,0.2%,0.22,0.1%,0.1% ,
6d396f4a-bc49-4890-980b-5239c901c3bc,08/17/2011,15:30,Producer Price Index (YoY) (Jul),MEDIUM,USD,7.2%,0.36,7%,4.4% ,
affa1b96-f2c8-491b-807a-47446f441f64,08/17/2011,15:30,Producer Price Index ex Food & Energy (MoM) (Jul),LOW,USD,0.3%,2.04,0.2%,0.2% ,
fea13011-205b-47f7-931f-e54385ef6ce1,08/17/2011,15:30,Producer Price Index ex Food & Energy (YoY) (Jul),MEDIUM,USD,2.5%,2.50,2.3%,2.6% ,
d0c11d4a-bf78-45a5-b4a3-b79ea7b47f2b,08/17/2011,17:30,EIA Crude Oil Stocks Change,LOW,USD,4.2M,-,-0.4M,-5.2M,
53d88349-08e2-4371-9375-88e6772a4952,08/18/2011,02:50,Adjusted Merchandise Trade Balance (Jul),LOW,JPY,¥-160.2B,-0.15,¥-131.9B,¥-191.2B,
be6855e7-769b-416c-abb2-0acf0ff70a3f,08/18/2011,02:50,Merchandise Trade Balance Total (Jul),LOW,JPY,¥70B,0.00,¥69.3B,¥64.5B,
004aad23-c29e-4b84-b1a5-44bd08df41d8,08/18/2011,04:30,RBA Foreign Exchange Transaction (Jul),LOW,AUD,605M,-,-,"1,280M",
895133f6-b1f4-4851-b1c0-e71db74a1767,08/18/2011,08:00,Coincident Index (Jun),LOW,JPY,107.4,-,-,108.6,
b9435142-f170-4a5b-86af-9b5194a8e09c,08/18/2011,08:00,Leading Economic Index (Jun),LOW,JPY,102.6,-,-,103.2,
d0b96673-603e-47b6-b138-16edec451fa0,08/18/2011,09:00,Current Account (YoY) (Jun),LOW,EUR,€-0.902B,-,-,-,
b4b28222-1f77-4988-8659-a2f7c5fe13c8,08/18/2011,10:30,Consumer Confidence Adj (Aug),LOW,EUR,-21,-,-,-12,
6469e710-df58-46a5-9bb7-d49cce0db8c2,08/18/2011,10:30,Unemployment Rate s.a (3M) (Jul),LOW,EUR,5.3%,-,-,5%,
a1c631f5-7dfc-4909-b6bc-6a9192777400,08/18/2011,10:30,Capacity Utilization (Q2),LOW,SEK,-0.1%,-,-,0.4%,
1ad0d155-c691-4373-ad86-ebb62c22f267,08/18/2011,11:30,Retail Sales (MoM) (Jul),LOW,GBP,0.2%,-0.40,0.4%,-0.3% ,
41c79a30-5660-4adf-83be-0b90af731636,08/18/2011,11:30,Retail Sales (YoY) (Jul),MEDIUM,GBP,0.2%,0.13,0.1%,-1.8% ,
3bf609a7-6194-4e42-ae54-f4e54c0adc46,08/18/2011,11:30,Retail Sales ex-Fuel (MoM) (Jul),LOW,GBP,0.2%,-,0.3%,-0.3% ,
8208d7f2-d78d-4acb-8943-b6854ec742b9,08/18/2011,11:30,Retail Sales ex-Fuel (YoY) (Jul),MEDIUM,GBP,0%,-,0.3%,-2.3% ,
c7f25546-2bac-41a3-9ad2-eb880b7d3cef,08/18/2011,12:00,Construction Output s.a (MoM) (Jun),LOW,EUR,-1.3%,-,-,0.6% ,
7539a6a2-b788-4c14-98cc-a096a7a5da61,08/18/2011,12:00,Construction Output w.d.a (YoY) (Jun),LOW,EUR,-11.3%,-,-,-0.6% ,
18093565-8219-4bed-9b25-9e3c08705bad,08/18/2011,15:00,Industrial Output (YoY) (Jul),LOW,PLN,1.8%,-,-,2%,
f1d85857-1f10-4c68-91d8-0b6811221e7f,08/18/2011,15:00,Producer Price Index (YoY) (Jul),LOW,PLN,5.9%,-,-,5.6%,
fdec8750-3e4c-4664-9272-f7468ca373c1,08/18/2011,15:30,Leading Indicators (MoM) (Jul),MEDIUM,CAD,0.1%,-0.18,0.2%,0.2% ,
d6b74927-e8ff-47bc-8476-680bfb059d82,08/18/2011,15:30,Wholesale Sales (MoM) (Jun),LOW,CAD,0%,0.00,0%,0.8% ,
017ce44b-b8bb-400a-9ae2-a45bd3335ab9,08/18/2011,15:30,Consumer Price Index (MoM) (Jul),MEDIUM,USD,0.5%,4.01,0.2%,0% ,
5e58b2dd-fa1a-48d7-b21f-037d93f9a5a3,08/18/2011,15:30,Consumer Price Index (YoY) (Jul),HIGH,USD,3.6%,2.21,3.3%,3.6%,
72d57216-f3d7-4836-98b5-75f39fbd4598,08/18/2011,15:30,Consumer Price Index ex Food & Energy (MoM) (Jul),MEDIUM,USD,0.2%,0.00,0.2%,0.2% ,
b2558b0e-9157-43f4-b521-1843a1e3978c,08/18/2011,15:30,Consumer Price Index ex Food & Energy (YoY) (Jul),HIGH,USD,1.8%,2.50,1.7%,1.6%,
5c24fc98-0d17-4acd-b18d-35a07f428d32,08/18/2011,15:30,Continuing Jobless Claims,LOW,USD,3.721M,-,3.7M,3.688M,
08a6ad6d-2e6e-4898-88e2-a847a57571f9,08/18/2011,15:30,Initial Jobless Claims,LOW,USD,412K,0.83,403K,395K,
106d37f3-4e1b-435a-a296-b68e4b911976,08/18/2011,17:00,Existing Home Sales (MoM) (Jul),MEDIUM,USD,4.67M,-2.01,4.92M,4.23M,
e266d055-8ee3-4eb1-a596-0ff1336a911e,08/18/2011,17:00,Existing Home Sales Change (MoM) (Jul),MEDIUM,USD,-3.5%,-3.42,3.5%,2.2% ,
2c1d4bb0-471c-4eaa-bc06-36453757ba86,08/18/2011,17:00,Philadelphia Fed Manufacturing Survey (Aug),MEDIUM,USD,-30.7,-2.85,4.2,7.1,
55f1b4d7-a79e-4b41-88dd-2247c443e3a6,08/18/2011,17:30,BoC Monetary Policy Report,MEDIUM,CAD,,,,,REPORT
1e592195-29c3-405e-a0a2-685f13173f6b,08/18/2011,17:30,BoC Review (Q2),LOW,CAD,,,,,REPORT
e9c3d168-412c-4d34-a012-bb9e97ad4110,08/19/2011,01:45,Visitor Arrivals (YoY) (Jul),LOW,NZD,-3.7%,-,-,-10% ,
61acff63-c848-468b-9f81-e6a6acfabd7e,08/19/2011,04:29,Unemployment Rate (Jul),LOW,RUB,6.5%,0.00,6.5%,6.4% ,
10efbb7c-defc-4cd6-b216-d5284c341fbe,08/19/2011,04:30,Central Bank Reserves $,LOW,RUB,$540.2B,-,-,$524.3B,
62592da7-56e9-4a1c-b458-f29b727a9d0b,08/19/2011,07:30,All Industry Activity Index (MoM) (Jun),MEDIUM,JPY,2.3%,0.08,2.2%,2% ,
e5b0975f-4622-40ab-9f58-ff8d98ebf7ee,08/19/2011,09:00,Producer Price Index (MoM) (Jul),MEDIUM,EUR,0.7%,2.30,0.1%,0.1%,
b23ab1c9-25ce-46cd-9e02-cc592ecb5583,08/19/2011,09:00,Producer Price Index (YoY) (Jul),HIGH,EUR,5.8%,1.81,5.3%,5.1% ,
44d93adc-a20f-4515-8fa4-59a0c929d3f1,08/19/2011,10:00,Gross Wages (YoY) (Jun),LOW,HUF,4.7%,-,-,6.7%,
62f40343-b3c6-43b3-b066-5333eee028be,08/19/2011,11:00,Producer Price Index (MoM) (Jun),LOW,EUR,-0.1%,-,-,-,
cd9203bf-2e70-41e2-8fc9-97309fadc8c3,08/19/2011,11:00,Producer Price Index (YoY) (Jun),LOW,EUR,3.9%,-,-,-,
96eb6a03-159b-40bf-9690-037ceb7061f5,08/19/2011,11:00,Unemployment Rate (Jul),LOW,EUR,13.15%,-,-,12.84% ,
7734399d-bd30-4601-87da-b20c1f862b7e,08/19/2011,11:30,Public Sector Net Borrowing (Jul),MEDIUM,GBP,£-5.2B,-2.18,£0.2B,£7.638B,
6c86d30c-b4b5-467a-9470-c2be9c4cda51,08/19/2011,14:00,BoC Consumer Price Index Core (MoM) (Jul),LOW,CAD,0.2%,0.00,0.2%,-0.6%,
705527fe-a209-4105-a0c1-93fedead2ebb,08/19/2011,14:00,BoC Consumer Price Index Core (YoY) (Jul),MEDIUM,CAD,1.6%,0.00,1.6%,1.3%,
2023e775-926b-4145-937e-0d6335923160,08/19/2011,14:00,Consumer Price Index (MoM) (Jul),MEDIUM,CAD,0.2%,0.00,0.2%,-0.7%,
6b2e1c4d-6ad2-4574-b014-82c1bc5dce24,08/19/2011,14:00,Consumer Price Index (YoY) (Jul),HIGH,CAD,2.7%,-0.30,2.8%,3.1%,
b136efef-c5f0-4ba6-bee4-da250b0f76d9,08/19/2011,14:30,"FX Reserves, USD",LOW,INR,$316.61B,-,-,$317.23B,
fa08b242-be18-4f5a-b7f4-ed2bee2de2ae,08/19/2011,15:00,Mid-month Inflation (Jul),LOW,BRL,0.27%,-,-,0.1%,
b5c208af-c8fa-4077-bcd1-cdea5bcb2b89,08/19/2011,15:00,Net Inflation (Jul),LOW,PLN,2.4%,-,-,2.4%,
0b727bbf-e7a6-4dee-b7ad-44f4f2a44da0,08/19/2011,16:00,Consumer Confidence Index (Aug),LOW,EUR,-9,-,-,-,
a469c22e-da6a-409d-941d-620789ea0745,08/19/2011,16:00,Gross Domestic Product (QoQ) (Q3),LOW,MXN,1.28%,-,-,0.5%,
8058d091-a8d4-426c-953f-65b9ed6026da,08/19/2011,16:00,Gross Domestic Product (YoY) (Q3),LOW,MXN,3.2%,-,3.6%,4.6%,
62031840-eade-4500-a755-e4a158bfda04,08/19/2011,22:00,Industrial Output n.s.a (YoY) (Jul),LOW,ARS,7.1%,-,-,8.2%,
4fbf1e17-a3f9-4efd-83b7-1f6d263c85fe,08/19/2011,22:00,Monthly Econ Activity (MoM) (Jun),LOW,ARS,8.2%,-,-,8.9%,
bbf6e634-0710-4703-96c0-e2632dcd11a8,08/22/2011,10:30,Consumer Spending Volume (Jun),LOW,EUR,-1%,-,-,0.3% ,
2dc01143-8d6c-413f-827e-51db7c9e61f3,08/22/2011,11:00,Current Account Balance (Jun),LOW,EUR,€-8.003B,-,-,€-5.535B,
d33e206b-f487-4608-a0b2-697b66241201,08/22/2011,16:00,Retail Sales (MoM) (Jun),LOW,MXN,0.7%,-,-,-2.1%,
db27d8bc-0164-433f-abb3-7b7059289fe5,08/22/2011,16:00,Retail Sales (YoY) (Jun),LOW,MXN,4.8%,-,-,1%,
cd91755a-b37d-4baa-9d88-dbeb1a37fecf,08/23/2011,05:30,RatingDog Manufacturing PMI (Aug) PREL,MEDIUM,CNY,-,-,-,-,
4c866427-e756-4d6c-a41d-e875c74b03ed,08/23/2011,06:00,RBNZ Inflation Expectations (QoQ) (Q3),MEDIUM,NZD,2.9%,-,-,3%,
a71b2b50-fcf9-4e40-8666-bbd6e0471bd2,08/23/2011,09:00,Trade Balance (Jul),MEDIUM,CHF,"2,808M",2.95,1.83M,"1,745M",
031136e9-6a3f-4df9-8e9a-a2a4be09434d,08/23/2011,09:00,Unemployment Rate (Jul),LOW,EUR,7.8%,-,-,7.7% ,
9566cd04-2ca7-49a4-9bb9-69ebc75f9a1d,08/23/2011,09:00,Machine Tool Orders (YoY) (Jul),MEDIUM,JPY,34.8%,-,-,34.6%,
ea91c905-634e-4dde-8241-650fbe3e246c,08/23/2011,10:00,Consumer Confidence (Aug),LOW,DKK,-2.2,-,-,-0.6,
904ee3ff-b84a-4fe0-95b0-75f374399920,08/23/2011,10:00,HCOB Manufacturing PMI (Aug) PREL,LOW,EUR,-,-,-,-,
38800d53-1003-4cb2-8e93-26f463e3e3a2,08/23/2011,10:00,HCOB Services PMI (Aug) PREL,LOW,EUR,-,-,-,54.2,
976af005-cffd-4483-a4f0-ed8515c9b47e,08/23/2011,10:30,HCOB Manufacturing PMI (Aug) PREL,MEDIUM,EUR,-,0.99,51.2,-,
25bc92ef-1ee1-4449-8602-7983d1050d5d,08/23/2011,10:30,HCOB Services PMI (Aug) PREL,LOW,EUR,-,-0.75,52.1,-,
6ef2f386-70da-468d-baf6-f863e3d0800b,08/23/2011,11:00,HCOB Manufacturing PMI (Aug) PREL,MEDIUM,EUR,-,0.00,49.7,-,
43135eaf-4153-46fc-80b7-6ed8b470f9d2,08/23/2011,11:00,HCOB Services PMI (Aug) PREL,LOW,EUR,-,0.68,51.1,-,
76a9b754-6302-4808-a180-1655895334af,08/23/2011,11:00,Gross Domestic Product Growth (Q2),LOW,NOK,0.4%,-,-,-0.4% ,
ca4264c1-63b8-4032-b35e-0a0810750a90,08/23/2011,11:00,Gross Domestic Product Growth Mainland (Q2),LOW,NOK,1%,-,-,0.6% ,
ed5b3e81-9f84-424a-9d22-2514a26ef3ca,08/23/2011,11:30,BBA Mortgage Approvals (Jul),MEDIUM,GBP,33.7K,0.90,32.3K,31.7K,
70b5fb29-e501-4182-a0f3-4c215a68cc43,08/23/2011,12:00,ZEW Survey – Current Situation (Aug),MEDIUM,EUR,53.5,-10.94,85,90.6,
ec7023cb-a063-4eb0-87d6-1c6542a6c843,08/23/2011,12:00,ZEW Survey – Economic Sentiment (Aug),MEDIUM,EUR,-37.6,-5.35,-26,-15.1,
1bbe0f53-2342-4b4a-986a-10dea4038692,08/23/2011,12:00,ZEW Survey – Economic Sentiment (Aug),MEDIUM,EUR,-40,-6.13,-6.2,-7,
0c433f1a-4009-4370-bf31-12b3fed5e183,08/23/2011,13:00,CBI Industrial Trends Survey – Orders (MoM) (Aug),LOW,GBP,1%,1.53,-13%,-10%,
06dfbba7-75bf-4dbc-b4e4-3980c00661d2,08/23/2011,14:00,CBRT Interest Rate Decision,LOW,TRY,5.75%,-,-,5.75%,
272dd1bd-6123-4fe2-8313-90d07e71e434,08/23/2011,15:00,MNB Interest Rate Decision,LOW,HUF,6%,-,-,6%,
4f58a741-2a8c-4819-8333-d975cf47a1cc,08/23/2011,15:30,Retail Sales (MoM) (Jun),MEDIUM,CAD,0.8%,0.27,0.6%,-0.4% ,
9e6e428f-fc57-4665-92c5-2d7a01545c91,08/23/2011,15:30,Retail Sales ex Autos (MoM) (Jun),LOW,CAD,0%,-0.67,0.4%,-0.2% ,
92935378-aabf-46b5-a17b-43400a81dba1,08/23/2011,16:30,Current Account (Jul),LOW,BRL,$-3.497B,-,-,$-6.665B,
02edc6e2-66b7-44b2-9106-02d0fe29627c,08/23/2011,17:00,Consumer Confidence (Aug) PREL,MEDIUM,EUR,-17,-7.41,-12,-11.2,
fff48fd3-68bf-4dbf-a9c7-410dd9b89e0b,08/23/2011,17:00,New Home Sales (MoM) (Jul),MEDIUM,USD,0.295M,-1.24,0.316M,0.301M,
b6319157-4df0-4ded-9949-f5cb7b0324f7,08/23/2011,17:00,New Home Sales Change (MoM) (Jul),MEDIUM,USD,-0.3%,-0.15,1%,-1.3% ,
39ff24a2-6129-43a3-bbe0-498975735c45,08/23/2011,17:00,Richmond Fed Manufacturing Index (Aug),LOW,USD,-10,-0.51,-7,6,
72a4d111-22d2-47b6-9ba2-8f0b1f735124,08/23/2011,22:00,Trade Balance (MoM) (Jul),LOW,ARS,$672M,-,-,"$1,019M",
3a75aded-f4c7-4786-b9f3-6f1bbd5840de,08/23/2011,22:00,Unemployment Rate (QoQ) (Q2),LOW,ARS,7.3%,-,-,-,
69e7ae81-0468-4172-a83c-9c6b3ead6b0d,08/24/2011,01:00,Industrial Production (YoY) (Jun),LOW,EUR,6.8%,-,-,6.7% ,
548d5be5-3812-43b9-8306-16eb324fead2,08/24/2011,01:45,Trade Balance NZD (MoM) (Jul),MEDIUM,NZD,$111M,0.56,$-99M,$201M,
de5b187c-d01a-4add-9eb8-96e9ab613c68,08/24/2011,02:50,Corporate Service Price Index (YoY) (Jul),LOW,JPY,-0.3%,0.58,-0.4%,-0.8%,
4ceb2a7e-8d83-4dd6-8c1b-922fd3e0d6d9,08/24/2011,04:30,Construction Work Done (Q2),LOW,AUD,-0.1%,-0.69,1.1%,1.8% ,
11011c6c-0059-4571-b7a8-69a7154252d9,08/24/2011,09:45,Consumer Confidence (Aug),LOW,EUR,82,-,-,89,
69ef50b1-5486-459e-9b10-e8849d523999,08/24/2011,10:00,Retail Sales (YoY) (Jun),LOW,HUF,-0.5%,-,-,0.7%,
3b8aea4d-1be1-48b4-bb84-91e8cb9f1f04,08/24/2011,11:00,IFO – Business Climate (Aug),MEDIUM,EUR,108.7,-1.79,111.3,102.3,
ef7b1cdf-04e7-44bb-a7bb-0abd75bb78b2,08/24/2011,11:00,IFO – Current Assessment (Aug),MEDIUM,EUR,118.1,-0.81,119.8,103.4,
c811a2f8-29f2-436c-b4a3-1fd57ea8b0c7,08/24/2011,11:00,IFO – Expectations (Aug),MEDIUM,EUR,100.1,-2.79,102.8,101.3,
d9b64c6a-8161-42a3-aa94-7fb9a14b865f,08/24/2011,11:00,Labour Force Survey (Q2),LOW,NOK,3.3%,-,-,3.3%,
aee606f2-8772-4720-b36d-df5363aa3484,08/24/2011,11:00,Retail Sales (YoY) (Jul),LOW,PLN,8.2%,-,-,10.9%,
e2cff7f9-fffa-4711-975e-a4a73ee9737b,08/24/2011,11:00,Unemployment (MoM) (Jul),LOW,PLN,11.7%,-,-,11.8%,
d5e9d0a1-ca45-40da-851f-8c82752e3247,08/24/2011,11:00,Consumer Price Index (MoM) (Jul),LOW,ZAR,0.9%,-,-,0.4%,
8d92cbc1-16e0-40b1-b149-fc780db3a564,08/24/2011,11:00,Consumer Price Index (YoY) (Jul),LOW,ZAR,5.3%,-,-,5%,
084ac444-56f4-4555-bb5a-443f0c955a42,08/24/2011,11:10,Gross Domestic Product Monthly (YoY) (Jul),LOW,RUB,4.2%,-,-,3.9%,
c4940eee-2aa7-4586-9a29-ba9f557b5cd0,08/24/2011,11:10,Primary Budget Balance (MoM) (Jul),LOW,ARS,387,-,-,0.93,
977b42bd-387c-456f-8793-0799703f5c27,08/24/2011,12:00,Industrial New Orders (YoY) (Jun),MEDIUM,EUR,10.6%,-0.51,11.9%,15.5% ,
b7e5d1d1-da11-488e-87b4-eb93b5ec72a2,08/24/2011,12:00,Industrial New Orders s.a. (MoM) (Jun),LOW,EUR,-1.2%,-1.33,0.6%,3.6%,
bfeda570-6e53-45f3-84ed-7e8f8b27d281,08/24/2011,13:00,Current Account Balance EUR (Jun),LOW,EUR,€16M,-,-,€-43M,
5ba33020-a7a5-47e4-8ef8-ec8869aa186b,08/24/2011,14:00,MBA Mortgage Applications,LOW,USD,-2.4%,-,-,4.1%,
0199fd4c-8177-4b34-b58a-eb00d7b61aa0,08/24/2011,14:30,M3 Money Supply,LOW,INR,17.3%,-,-,16.4%,
4f2131dc-a499-4dd1-a51a-60b21af988fc,08/24/2011,15:30,Durable Goods Orders (Jul),MEDIUM,USD,4.1%,1.27,2.1%,-2.7% ,
7ce3a797-5e1f-4c20-b432-95bb950d7081,08/24/2011,15:30,Durable Goods Orders ex Transportation (Jul),MEDIUM,USD,0.7%,0.93,-0.2%,-0.2% ,
6498e391-a491-4c13-8bcc-72f2f9cabc90,08/24/2011,16:00,Leading Indicator (Aug),LOW,EUR,-7.8,-,-,-2.5,
6d3cb0a7-848c-4239-88c5-73007c88bf72,08/24/2011,16:00,1st half-month Core Inflation (Aug),LOW,MXN,0.09%,-,-,0.14%,
0718e939-7f2a-46bb-9b3e-770c333ddb72,08/24/2011,16:00,1st half-month Inflation (Aug),LOW,MXN,0.09%,-,-,0.32%,
1675f105-f522-4fff-b882-48a32512778b,08/24/2011,16:00,"Trade Balance s/a, $ (Jul)",LOW,MXN,$-0.364B,-,-,$-0.308B,
5c3bc66c-5d9b-49ee-a108-27a5e04d67af,08/24/2011,16:00,"Trade Balance, $ (Jul)",LOW,MXN,$-1.179B,-,-,$0.108B,
b06b02dd-7753-4a7e-b66a-b6a964065ab8,08/24/2011,17:00,Housing Price Index (MoM) (Jun),MEDIUM,USD,0.7%,0.80,0.2%,-0.2% ,
adb6c9a5-edca-4c6a-a832-ddc7e95b96a0,08/24/2011,17:30,EIA Crude Oil Stocks Change,LOW,USD,-2.2M,-,0.7M,4.2M,
1269c6ec-1af7-484d-9023-99fa69d3a98b,08/25/2011,00:00,Consumer Sentiment Index (Aug),LOW,KRW,99,-,-,102,
ece44c13-b5f2-4d9c-97b5-052b50a453f2,08/25/2011,01:45,Food Price Index (MoM) (Jul),LOW,NZD,2%,-,-,1.4%,
58e6c698-2b03-41ae-8f33-c39a04215828,08/25/2011,01:45,Retail Sales (QoQ) (Q2),MEDIUM,NZD,1%,0.54,0.6%,1.3% ,
9b81ae33-bf3a-4b2b-9c05-7cb902cd23ee,08/25/2011,01:45,Retail Sales ex Autos (QoQ) (Q2),MEDIUM,NZD,1.1%,0.60,0.7%,1.4% ,
e0d9ceb4-9627-4659-b2a5-0ee91db04de9,08/25/2011,02:01,Nationwide Consumer Confidence (Jul),MEDIUM,GBP,49,0.34,46,51,
3e94401d-c81a-4918-8e4a-638f98d983f0,08/25/2011,09:00,GfK Consumer Confidence Survey (Sep),MEDIUM,EUR,5.2,0.00,5.2,5.4,
006d2f87-e5af-46c5-954e-a46444586831,08/25/2011,10:15,Consumer Confidence (MoM) (Aug),LOW,SEK,4.3,-,-,12,
b149e78a-bdff-4fd6-bd95-1837ea369121,08/25/2011,10:30,Business Confidence (Aug),LOW,EUR,-3.3,-,-,-2.2,
8df63313-1c07-411c-bc9e-1b69619c4b3e,08/25/2011,10:30,Producer Price Index (MoM) (Jul),LOW,SEK,0.4%,-,-,0.1%,
b798901a-15af-47ca-b360-07b9014c40ba,08/25/2011,10:30,Producer Price Index (YoY) (Jul),LOW,SEK,0.2%,-,-,-0.2%,
3ee9aa92-e86d-4c87-b936-ef1e66ed7a54,08/25/2011,10:30,Unemployment Rate (Jul),LOW,SEK,6.9%,-,-,8.8%,
1d1c04a6-94bc-437c-85ef-ba03995b2278,08/25/2011,11:21,Central Bank Reserves $,LOW,RUB,$541.8B,-,-,$540.2B,
f441e064-9324-46f0-8284-b7b9c56b3cc9,08/25/2011,12:00,ZEW Survey – Expectations (Aug),MEDIUM,CHF,-71.4,-,-,-58.9,
43be8c3e-cdb9-45f7-b301-153f78e7702b,08/25/2011,12:00,Consumer Price Index (MoM) (Aug),LOW,ISK,0.26%,-,-,0.11%,
22fc8521-974e-43e1-bf72-ab08e935b1ef,08/25/2011,12:00,Consumer Price Index (YoY) (Aug),LOW,ISK,5%,-,-,5%,
7e7d64ab-62ec-4026-8e2b-f43350bbfd7d,08/25/2011,12:30,Producer Price Index (MoM) (Jul),LOW,ZAR,2.7%,-,-,4.4%,
bff98ebc-abed-4de6-be7a-fdb5720370b8,08/25/2011,12:30,Producer Price Index (YoY) (Jul),LOW,ZAR,8.9%,-,-,7.4%,
73bca5a9-834c-48f0-8d70-56d0863ea91d,08/25/2011,13:00,CBI Distributive Trades Survey – Realized (MoM) (Aug),LOW,GBP,-14%,-0.34,-10%,-5%,
4e4a4551-21c0-43a4-8a19-fff3d88d814c,08/25/2011,14:30,Capacity Utilization (Aug),LOW,TRY,76.1%,-,-,75.4%,
3ac94f85-af57-4f50-a6f4-dbaede3071ad,08/25/2011,14:30,Manufacturing Confidence (Aug),LOW,TRY,109.8,-,-,114.1,
3756d130-1256-4c9b-9f4c-a90f9612e797,08/25/2011,15:00,Unemployment Rate (Jul),LOW,BRL,6%,-,-,6.2%,
8092d262-a63a-43e4-a003-863b91fb90f3,08/25/2011,15:30,Continuing Jobless Claims,LOW,USD,3.753M,1.89,3.7M,3.702M,
6e114df8-2f53-4ad1-acb7-9e4ca3379659,08/25/2011,15:30,Initial Jobless Claims,LOW,USD,421K,1.85,402K,408K,
77c22e9c-479b-4430-935a-f6196a5d3116,08/25/2011,16:00,Jobless Rate (Jul),LOW,MXN,5.62%,-,-,5.42%,
a2c95012-c946-45c3-9778-888262a2a3ec,08/25/2011,16:00,Jobless Rate s.a (Jul),LOW,MXN,5.28%,-,-,5.74%,
dfed47ad-0f42-4128-9160-7f902cd30cd3,08/25/2011,17:00,Accumulated Current Account/GDP (Q2),LOW,MXN,-0.6%,-,-,-0.5%,
d27feda3-e8ea-4bab-b217-1fd2d0a76fea,08/25/2011,17:00,"Current Account, $ (QoQ) (Q2)",LOW,MXN,"$-2,598M",-,-,"$-1,376M",
e741b17d-5bbf-4efe-98de-7e57f6aad9ab,08/26/2011,02:30,National CPI ex Fresh Food (YoY) (Jul),MEDIUM,JPY,0.1%,0.66,-0.1%,-0.2%,
95a9c9ba-08d9-4e9d-97f7-ebad738d4f09,08/26/2011,02:30,"Tokyo CPI ex Food, Energy (YoY) (Aug)",LOW,JPY,-0.6%,-3.23,-0.1%,-0.3%,
e4f2e3d6-a832-4f48-bfdb-da5c25a21003,08/26/2011,02:30,Tokyo CPI ex Fresh Food (YoY) (Aug),LOW,JPY,-0.2%,-0.48,-0.1%,-0.1% ,
e87e41c1-e904-4bc9-8f7e-2e17b918cdd6,08/26/2011,02:50,National Consumer Price Index (YoY) (Jul),MEDIUM,JPY,0.2%,0.79,0%,-0.4%,
6b3e0e42-1f6f-438b-94c6-6be009e4cfca,08/26/2011,02:50,"National CPI ex Food, Energy (YoY) (Jul)",MEDIUM,JPY,-0.5%,0.27,-0.6%,-0.7% ,
b0efd838-5194-4616-bf20-9aedaa11e63f,08/26/2011,02:50,Tokyo Consumer Price Index (YoY) (Aug),LOW,JPY,-0.2%,0.00,-0.2%,0.1%,
722ed614-5ac9-4feb-8f1c-0df674e31b25,08/26/2011,10:00,Gross Domestic Product (QoQ) (Q2),LOW,EUR,0.2%,-,-,-0.2% ,
913530a3-da06-41d4-ba42-5cab917e401c,08/26/2011,10:00,Gross Domestic Product (YoY) (Q2),LOW,EUR,0.7%,-,-,0% ,
e7ee18d0-9cb9-490d-8e2f-8f28a0bb887f,08/26/2011,10:00,Trade Balance (Jul),LOW,TRY,-9.01B,-,-,-10.2B,
416bf135-7a66-417a-90a1-9139bcea5e72,08/26/2011,10:30,Trade Balance (MoM) (Jul),LOW,SEK,12.2B,-,-,8.2B,
a18c3f4e-1e17-4456-8f4a-f422dacf8e9e,08/26/2011,11:00,M3 Money Supply (3m) (Jul),LOW,EUR,2.1%,-1.03,2.3%,2% ,
01e0e9ef-3913-46d2-bbdb-c7b5bb9cef86,08/26/2011,11:00,M3 Money Supply (YoY) (Jul),LOW,EUR,2.1%,-0.25,2.2%,1.2% ,
ac8adf78-fe03-45cb-b624-b732fbf43393,08/26/2011,11:00,Foreign Arrivals (Jul),LOW,TRY,5.49%,-,-,8.02%,
3ddbb87a-fd32-4470-804d-6bf5df31c916,08/26/2011,11:30,Gross Domestic Product (QoQ) (Q2) PREL,MEDIUM,GBP,0.2%,-,-,0.2%,
65e7bdee-07e7-42b2-9788-6c77105ff9fb,08/26/2011,11:30,Gross Domestic Product (YoY) (Q2) PREL,MEDIUM,GBP,0.7%,-,-,0.7%,
6a02ed41-cfdd-4c74-b0c1-086d3db0a153,08/26/2011,11:30,Index of Services (3M/3M) (Jun),LOW,GBP,0.2%,-2.46,0.6%,1.4% ,
c2bfdfd0-9577-4e27-99c1-b1618c74efe4,08/26/2011,11:45,Individual Investment (Current Year) (Q2),LOW,EUR,14%,-,-,15%,
8a183b87-ac0e-4605-83c8-4d829891cf49,08/26/2011,12:30,KOF Leading Indicator (Aug),MEDIUM,CHF,1.61,-2.72,1.86,2.04,
ade8f78a-58df-43ce-aea0-68749578b7c0,08/26/2011,13:30,Bank Loan Growth,LOW,INR,20.2%,-,-,18.5%,
b1122b47-04d2-46e3-96da-5ecd1706ca93,08/26/2011,14:30,"FX Reserves, USD",LOW,INR,$318.22B,-,-,$316.61B,
e16c91e7-72e8-44a1-b572-1bf4e85b2e3d,08/26/2011,15:30,Core Personal Consumption Expenditures (QoQ) (Q2) PREL,MEDIUM,USD,2.2%,5.00,0.2%,0.1%,
a415e31c-a515-434c-8cfa-b9d44bbf280a,08/26/2011,15:30,Gross Domestic Product Annualized (Q2) PREL,MEDIUM,USD,1%,-0.18,1.1%,1.3%,
7f676f0c-8498-4307-abb3-0d51b7879bd0,08/26/2011,15:30,Gross Domestic Product Price Index (Q2) PREL,MEDIUM,USD,3.3%,2.81,2.3%,3.1%,
d845b74f-029a-4f32-991b-0437ac3d8947,08/26/2011,16:30,Nominal Budget Balance (Jul),LOW,BRL,-5.01B,-,-,-5.618B,
cebaf07b-dc67-4bb6-bf6a-a78233ea579f,08/26/2011,16:30,Primary Budget Surplus (Jul),LOW,BRL,13.789B,-,-,13.37B,
deee854c-9c60-49c7-ba2f-cec6e4965b7d,08/26/2011,16:55,Michigan Consumer Sentiment Index (Aug),MEDIUM,USD,55.7,-0.16,56.3,54.9,
6a452c76-aafe-4bfd-82a9-9830edd988ee,08/26/2011,17:00,Banxico Interest Rate Decision,LOW,MXN,4.5%,-,-,4.5%,
77003a51-03c9-4152-87a3-3138765a2564,08/26/2011,17:00,Former Fed's Chair Bernanke speech,MEDIUM,USD,,,,,SPEECH
858a2c74-c9c3-485e-91d6-6b875e3b6720,08/29/2011,02:00,Current Account Balance (Jul),LOW,KRW,2.24B,-,-,1.1B,
5dd12647-854c-4ccb-a2b2-07bb70300695,08/29/2011,03:00,Summer Bank Holiday,NONE,GBP,,,,,ALL DAY
bc1cac15-84c5-4dda-be55-4974a23a8e6c,08/29/2011,04:00,HIA New Home Sales (MoM) (Jul),MEDIUM,AUD,-8%,-,-,-8.7%,
8a5a9324-e027-4343-8535-b10678c0b067,08/29/2011,09:00,Consumer Confidence (Aug),LOW,EUR,5.1,-,-,11.3,
178b5f81-091a-454c-8780-4f569a9e3bb7,08/29/2011,09:00,Industrial Confidence (Aug),LOW,EUR,-9,-,-,0,
19ffa386-4892-4759-a789-732ebeee2ee1,08/29/2011,10:00,Retail Sales (YoY) (Jul),LOW,EUR,-3.9%,-,-,-7%,
1a18f863-0d20-4006-908e-9428b5e77801,08/29/2011,10:00,Unemployment Rate (3M) (Jul),LOW,HUF,10.8%,-,-,10.8%,
0f8b24e7-d805-4d04-842e-e09c010c4c36,08/29/2011,10:30,Retail Sales (MoM) (Jul),LOW,SEK,-0.7%,-,-,3.1%,
504cbd17-46df-40ab-895a-aa2cd32d2ebb,08/29/2011,10:30,Retail Sales (YoY) (Jul),LOW,SEK,1.1%,-,-,3.4%,
9c3cd7f5-c753-44ad-922d-4e91eebbbdc2,08/29/2011,11:00,Consumer Confidence (Aug),LOW,EUR,100.3,-,-,97.5,
2c5867cd-1ae7-41ca-92e6-3d8ad681299c,08/29/2011,12:00,Producer Price Index (YoY) (Jul),LOW,EUR,9.1%,-,-,6.6%,
7f3d26bf-e504-4cc1-8f7a-76651c66bdc0,08/29/2011,13:00,Retail Sales (MoM) (Jul),LOW,EUR,-0.4%,-,-,1.1%,
1fef7b89-71d6-4212-b513-2f9c6d0c73fd,08/29/2011,13:00,Retail Sales (YoY) (Jul),LOW,EUR,-3.6%,-,-,0.2%,
e4cf1e82-edd0-4b1f-9411-a38b825eca82,08/29/2011,15:22,Consumer Price Index (MoM) (Aug) PREL,LOW,EUR,-0.1%,-2.50,0%,0.4%,
7b65de23-7d4b-41f4-bb63-022fdad2ffc1,08/29/2011,15:22,Consumer Price Index (YoY) (Aug) PREL,MEDIUM,EUR,2.3%,-,-,2.4%,
a659adb7-5ace-410e-ab33-ff3617184f3f,08/29/2011,15:30,Core Personal Consumption Expenditures - Price Index (MoM) (Jul),MEDIUM,USD,0.2%,0.00,0.2%,0.1% ,
8e3c057b-2bc0-42f8-bf2a-068d87c58f7a,08/29/2011,15:30,Core Personal Consumption Expenditures - Price Index (YoY) (Jul),LOW,USD,1.6%,1.41,1.4%,1.6% ,
e34bb840-0d6e-49f4-9cfb-a7f75c30fade,08/29/2011,15:30,Personal Consumption Expenditures - Price Index (MoM) (Jul),MEDIUM,USD,0.4%,-0.68,0.5%,0% ,
106cf882-2016-4f1f-84f9-d891f8cfab5b,08/29/2011,15:30,Personal Consumption Expenditures - Price Index (YoY) (Jul),LOW,USD,2.8%,10.32,1.4%,2.8% ,
86d574e9-418c-4be3-9632-b53e348838dd,08/29/2011,15:30,Personal Income (MoM) (Jul),MEDIUM,USD,0.1%,-2.67,0.3%,0.4% ,
489166d6-cb65-483e-849d-87cad31232a3,08/29/2011,17:00,Pending Home Sales (MoM) (Jul),LOW,USD,-1.3%,-0.08,-0.8%,2.4%,
694ae769-acd1-4ab9-99fd-45ad7d71fd58,08/30/2011,00:00,BOK Manufacturing BSI (Sep),LOW,KRW,80,-,-,90,
e0af6103-c0d9-4a4a-a8cd-29b45973dedc,08/30/2011,01:45,Building Permits s.a. (MoM) (Jul),LOW,NZD,-14.3%,-,-,-1.4% ,
16c10357-2027-4b30-9ff8-adee26e7b8f6,08/30/2011,02:30,Overall Household Spending (YoY) (Jul),MEDIUM,JPY,-2.1%,1.03,-2.9%,-3.5% ,
b3a68e8d-48f0-4798-89a8-8db2af4fe450,08/30/2011,02:30,Unemployment Rate (Jul),MEDIUM,JPY,4.7%,0.68,4.6%,4.7% ,
e89060a0-abd1-4cea-9c77-7ec32047782d,08/30/2011,02:50,Large Retailer Sales (Jul),MEDIUM,JPY,0.8%,0.83,-0.2%,-0.5%,
0d4d77f5-c58f-436d-bda2-10d89dde5049,08/30/2011,02:50,Retail Trade (YoY) (Jul),LOW,JPY,0.6%,-0.65,1.5%,1.9% ,
24daa141-08f8-49e4-b502-0a90283862df,08/30/2011,02:50,Retail Trade s.a (MoM) (Jul),LOW,JPY,-0.3%,-0.57,0.5%,2.9%,
2f34a7bd-56fa-4fce-8771-3e9bff08c3dd,08/30/2011,04:30,Building Permits (MoM) (Jul),MEDIUM,AUD,1.8%,-0.05,2.1%,0.6% ,
df3fa40e-03ad-4cac-a463-48b04d7ed420,08/30/2011,04:30,Building Permits (YoY) (Jul),LOW,AUD,-14.3%,-,-,-15.5% ,
fcc55ca7-3f1c-4899-bb78-8262e8d866f5,08/30/2011,08:30,Gross Domestic Product Quarterly (YoY) (Q2),LOW,INR,7.7%,-,-,7.8%,
75fff544-787f-4d66-bf98-a2178187c4de,08/30/2011,09:00,UBS Consumption Indicator (Jul),MEDIUM,CHF,1.28,-,-,1.48,
93110676-20d3-436c-a891-4be20f572c99,08/30/2011,09:30,Infrastructure Output (YoY) (Jul),LOW,INR,7.5%,-,-,5.3% ,
f19105df-125b-4c90-b3a4-01f40b8724cf,08/30/2011,10:00,Industrial Outlook (Aug),LOW,DKK,5,-,-,6,
b5ffe59e-07e0-4897-af35-7a84d705ab68,08/30/2011,10:00,Harmonized Index of Consumer Prices (MoM) (Aug),LOW,EUR,-0.06%,-,-,-1.2%,
2cf92a13-e353-4c02-828e-8d9306de1f2d,08/30/2011,10:00,Harmonized Index of Consumer Prices (YoY) (Aug),LOW,EUR,2.7%,-,-,3%,
7ccc39a1-610e-455f-a0c1-bbc29d773886,08/30/2011,11:00,UniCredit Bank Manufacturing PMI (Aug),LOW,EUR,-,-,-,-,
5ea6c547-368e-4188-8a93-58ec3162462c,08/30/2011,11:00,Retail Sales n.s.a (YoY) (Jun),LOW,EUR,-1.1%,-,-,-0.6% ,
f4264ec8-aac7-4b1d-aa3a-59949d1a16ba,08/30/2011,11:00,Retail Sales s.a. (MoM) (Jun),LOW,EUR,-0.3%,-,-,-0.1% ,
6e437745-eb15-4bc3-a825-acd65053cfe4,08/30/2011,11:00,Gross Domestic Product Qtr (YoY) (Q2),LOW,PLN,4.3%,-,-,4.4%,
fb5f2224-ac4c-4de9-85c2-539f611b7c8b,08/30/2011,11:30,Consumer Credit (Jul),NONE,GBP,£0.3B,-,-,£0.133B,
8055e1cb-92eb-482d-bf5e-2c4393a132ba,08/30/2011,11:30,M4 Money Supply (MoM) (Jul),LOW,GBP,0%,-,-,-0.2% ,
e6fb9ed9-ac55-48b2-87f2-a6eb2c2464a5,08/30/2011,11:30,M4 Money Supply (YoY) (Jul),LOW,GBP,-1.1%,-,-,-0.7%,
64ed347d-7eca-4621-97a8-53bec7efcfe1,08/30/2011,11:30,Mortgage Approvals (Jul),MEDIUM,GBP,49.644K,0.30,49K,49.382K,
fc8e7841-6400-4588-becf-db476c58be6e,08/30/2011,11:30,Net Lending to Individuals (MoM) (Jul),MEDIUM,GBP,£0.9B,-0.49,£1.1B,£-0.1B,
cb938409-6417-4c6c-b458-6da7db36c71b,08/30/2011,11:30,Gross Domestic Product (QoQ) (Q2),LOW,ZAR,1.3%,-,-,4.8%,
ffa7cea2-7082-4269-add0-db075bc2db29,08/30/2011,11:30,Gross Domestic Product (YoY) (Q2),LOW,ZAR,3.2%,-,-,3.6%,
29bdc7bb-33aa-4c9b-8a10-f61c5f86b4a3,08/30/2011,12:00,Consumer Confidence (Aug),MEDIUM,EUR,-16.5,0.05,-16.6,-17,
c95aeae5-836f-4e77-8fa2-ef5f9a3528e9,08/30/2011,12:00,Economic Sentiment Indicator (Aug),LOW,EUR,98.4,-6.99,102,99.7,
63b09cc4-c058-41f2-8a68-294f1f9bfc7c,08/30/2011,12:00,Industrial Confidence (Aug),LOW,EUR,-2.7,-2.72,-0.5,-0.7,
8cb103ba-1a1b-4a7c-9c7e-68068e4649d3,08/30/2011,12:00,Business Confidence (Aug),LOW,EUR,98.6,-,-,98.5,
0982c2a2-ac47-4f07-8dbd-b25b3073693d,08/30/2011,12:00,Business Confidence (Aug),LOW,EUR,-2.4,-,-,-2.3,
458550cb-9c06-4e15-80f9-d67d2cb57008,08/30/2011,12:00,Consumer Confidence (Aug),LOW,EUR,-49.1,-,-,-35.9,
e0ead662-741a-41a1-adee-df8a4fac42b6,08/30/2011,12:30,Consumer Price Index (MoM) (Aug),LOW,EUR,-0.08%,-,-,0.12%,
8b56a011-ac9f-491d-9082-9a9625611d55,08/30/2011,12:30,Consumer Price Index (YoY) (Aug),LOW,EUR,3.6%,-,-,3.75%,
39e84bb5-a925-43aa-882a-53a60d4155a0,08/30/2011,13:30,"Federal Fiscal Deficit, INR (Apr)",LOW,INR,"2,287.53B",-,-,"1,626B",
5987e529-5d27-4802-b309-ad15dd37536b,08/30/2011,14:00,Inflation Index/IGP-M (Aug),LOW,BRL,0.44%,-,-,-0.12%,
3c848b53-6995-40e7-ac30-1d0f616df9a6,08/30/2011,15:30,Current Account (Q2),MEDIUM,CAD,-16.14B,-1.10,-13.5B,-13.4B,
7ac112e2-8a7b-4365-a558-20b83101d189,08/30/2011,15:30,Industrial Product Price (MoM) (Jul),LOW,CAD,-0.4%,-0.79,0%,0% ,
5e599470-2703-40c9-9b1c-e6f32f08565a,08/30/2011,15:30,Raw Material Price Index (Jul),LOW,CAD,-1.1%,-0.35,-0.1%,-0.3% ,
79b1ea9c-489e-4467-a844-4cdde3c68f9c,08/30/2011,16:00,S&P/Case-Shiller Home Price Indices (YoY) (Jun),LOW,USD,-4.5%,1.81,-4.7%,-4.5%,
f5789fda-551a-4c60-9358-24d985219fd1,08/30/2011,17:00,Consumer Confidence (Aug),MEDIUM,USD,45.2,-2.92,52.2,59.5,
d7ea31f9-775b-4dd0-9c59-2ae49a808640,08/30/2011,21:00,FOMC Minutes,HIGH,USD,,,,,REPORT
57638dcb-eaa4-4583-9827-19b141a1364b,08/30/2011,22:30,"Fiscal Balance, pesos (Jul)",LOW,MXN,-38.8B,-,-,-7.9B,
b94f57b7-7de4-4e32-ac5f-975e27add116,08/31/2011,02:00,Industrial Output (YoY) (Jul),LOW,KRW,3.8%,-,-,4.7%,
2efdf6fb-04cb-4a71-bfa0-7da28d9156b4,08/31/2011,02:00,Industrial Output Growth (Jul),LOW,KRW,-1.9%,-,-,1.6% ,
c4329181-3046-4917-9a71-f7bd8cc6a5e3,08/31/2011,02:00,Service Sector Output (Jul),LOW,KRW,0.5%,-,-,0.8% ,
63aef028-b4b0-4ad6-985f-fc3fab620a8f,08/31/2011,02:01,GfK Consumer Confidence (Aug),MEDIUM,GBP,-31,0.00,-31,-30,
33a2732c-d322-4844-af87-d0a96dcae05c,08/31/2011,02:15,Jibun Bank Manufacturing PMI (Aug),MEDIUM,JPY,-,-,-,-,
4a3a1107-6a2f-4060-a0ba-a0d08e4c5066,08/31/2011,02:50,Industrial Production (MoM) (Jul) PREL,LOW,JPY,0.6%,-2.12,1.6%,3.8%,
b0d075b0-49ff-4341-981e-ed9e3c461d50,08/31/2011,02:50,Industrial Production (YoY) (Jul) PREL,MEDIUM,JPY,-2.8%,-0.28,-1.9%,-2.8%,
3eb4819e-7dae-46c6-a808-36fc1ad81a7f,08/31/2011,04:00,ANZ Business Confidence (Aug),MEDIUM,NZD,34.4,-,-,47.6,
ffe64b5f-2007-4df1-b3a0-3d8ad438cc60,08/31/2011,04:30,Private Sector Credit (MoM) (Jul),MEDIUM,AUD,0.3%,0.30,0.2%,0.1% ,
c2bc5281-40f4-4e20-bedc-a6b5843636f4,08/31/2011,04:30,Private Sector Credit (YoY) (Jul),MEDIUM,AUD,2.7%,-,-,3.1% ,
7271e23e-fee6-4717-9941-d3668211f0e9,08/31/2011,04:30,Labor Cash Earnings (YoY) (Jul),MEDIUM,JPY,-0.2%,0.18,-0.4%,-0.8% ,
685799c5-e87d-4b3d-8748-429244d184b0,08/31/2011,08:00,Annualized Housing Starts (Jul),MEDIUM,JPY,0.955M,6.54,0.829M,0.845M,
42caa79a-e61b-41af-8415-0bb2bf7380e4,08/31/2011,08:00,Construction Orders (YoY) (Jul),LOW,JPY,5.7%,-,-,25.5%,
e528c427-95ee-476d-9bdb-30852fe2c308,08/31/2011,08:00,Housing Starts (YoY) (Jul),MEDIUM,JPY,21.2%,8.68,4.7%,5.8%,
60519ae3-db62-4358-bb15-461ff104c7cc,08/31/2011,09:00,Retail Sales (MoM) (Jul),MEDIUM,EUR,0.3%,0.89,-1.5%,2.6% ,
ef5efd6e-7993-4f51-ae57-cfae944926ce,08/31/2011,09:00,Retail Sales (YoY) (Jul),MEDIUM,EUR,2%,-,-,-2% ,
19fda464-cc72-432c-bf2f-8894915a7eb2,08/31/2011,10:00,Gross Domestic Product (QoQ) (Q2),LOW,DKK,1%,-,-,-0.1%,
c8a48619-b99e-443a-a18b-8603fdf51a00,08/31/2011,10:00,Gross Domestic Product (YoY) (Q2),LOW,DKK,2%,-,-,1.7%,
5a37adc0-ca8e-408e-b684-f8f793a984d1,08/31/2011,10:00,Current Account Balance (Jun),LOW,EUR,€-2.27B,-,-,€-2.65B,
d665d784-334f-45d1-b026-6871de0cc334,08/31/2011,10:00,Producer Price Index (YoY) (Jul),LOW,HUF,-1%,-,-,-1%,
416bd212-277f-43c3-a66b-59617305fdb8,08/31/2011,10:30,Current Account (QoQ) (Q2),LOW,SEK,61.3B,-,-,71.1B,
1239c21e-8606-40e3-8be5-3b7a94c95ee8,08/31/2011,11:00,M2 Money Supply (YoY) (Jul),LOW,CZK,3.1%,-,-,2.2% ,
595328cb-7d14-4927-938d-f9b389c4f196,08/31/2011,11:00,Unemployment Change (Aug),MEDIUM,EUR,-9K,0.06,-10K,-10K,
f7455ff7-d69b-4e5b-8a8f-a38ee8dee6a8,08/31/2011,11:00,Unemployment Rate s.a. (Aug),MEDIUM,EUR,7%,0.00,7%,7%,
e1eb329e-4f0a-427b-93f8-8748e219f704,08/31/2011,11:00,Unemployment (Jul),LOW,EUR,8%,-,-,8%,
e356469d-e339-4e5a-a067-bab4559ca9ac,08/31/2011,11:00,Retail Sales (Jul),LOW,NOK,-0.9%,-,-,0.1%,
c0867253-083c-4a06-b426-11caa10a14fd,08/31/2011,12:00,Harmonized Index of Consumer Prices (YoY) (Aug) PREL,MEDIUM,EUR,2.5%,0.00,2.5%,2.5%,
a64956d6-582a-473c-afc8-07787966f2a9,08/31/2011,12:00,Unemployment Rate (Jul),MEDIUM,EUR,10%,2.50,9.9%,10.1% ,
da6dbddd-7ab9-4ba4-80ab-8d87ed207d8e,08/31/2011,12:00,Retail Sales (YoY) (Jun),LOW,EUR,-11.4%,-,-,-10.9%,
e57f8b6e-9810-4be0-8a98-5b6c72abdebf,08/31/2011,12:00,Consumer Price Index (EU Norm) (MoM) (Aug) PREL,LOW,EUR,0.3%,-,-,-1.7%,
fd0ead3d-9865-4680-ba64-6b1535b5ddd2,08/31/2011,12:00,Consumer Price Index (MoM) (Aug) PREL,LOW,EUR,0.3%,-,-,0.3%,
ea94651a-1d05-4a56-beab-3d5ee41d9972,08/31/2011,12:00,Consumer Price Index (YoY) (Aug) PREL,LOW,EUR,2.8%,-,-,2.7%,
9e7986fe-b32a-4d85-8558-b24d1af48cff,08/31/2011,13:00,Producer Price Index (MoM) (Jul),LOW,EUR,0%,-,-,0.1%,
f23943a8-3dbb-40bd-b2b2-16c27ff8da93,08/31/2011,13:00,Producer Price Index (YoY) (Jul),LOW,EUR,4.7%,-,-,4.3%,
2feaa8de-abed-42d5-be3d-3f665b660e6a,08/31/2011,14:00,MBA Mortgage Applications,LOW,USD,-9.6%,-,-,-2.4%,
d8774a9d-287b-44cc-9afc-e1fa2442e1c8,08/31/2011,15:00,Industrial Output (MoM) (Jul),LOW,BRL,0.5%,-,-,-1.6%,
15725968-7c3a-456c-b90a-87751708893d,08/31/2011,15:00,Industrial Output (YoY) (Jul),LOW,BRL,-0.3%,-,-,0.9%,
2bf5eff7-8066-4448-85e9-9d4cc3634dd9,08/31/2011,15:15,ADP Employment Change (Aug),MEDIUM,USD,89K,-0.23,105K,123K,
e16ada02-c7c3-4765-a27f-6ef2d22eb063,08/31/2011,15:30,Gross Domestic Product (MoM) (Jun),MEDIUM,CAD,0.2%,-0.54,0.3%,-0.2% ,
960b0547-f16d-4cc4-8bc3-93d077143e00,08/31/2011,15:30,Gross Domestic Product Annualized (Q2),MEDIUM,CAD,-0.5%,-2.26,0.1%,3% ,
61e3e49b-3033-4733-849a-d1bc7570c26c,08/31/2011,16:45,Chicago PMI (Aug),LOW,USD,58.1,1.09,53.7,61.9,
99391c32-12c5-4e7b-aaff-5164167df24e,08/31/2011,17:00,Factory Orders (MoM) (Jul),MEDIUM,USD,2.1%,0.53,1.5%,-0.8% ,
6c91eb8e-3ca0-4b50-85fb-7b7fc771b374,08/31/2011,17:30,EIA Crude Oil Stocks Change,LOW,USD,5.3M,-,-,-2.2M,
9ce63aec-6fc1-4525-b488-d777eda9a0cd,08/31/2011,19:30,Fed's Lockhart speech,LOW,USD,,,,,SPEECH
21447836-b2b7-4bad-bddf-8f887d68eb7c,09/01/2011,01:00,Interest Rate Decision,LOW,BRL,12%,-,-,12.5%,
136514bf-d216-4c06-a0cb-e51019508ac6,09/01/2011,01:45,Terms of Trade Index (Q2),MEDIUM,NZD,2.3%,0.80,0.6%,0.8% ,
a96e8dd2-c212-4f54-a702-80b395e9e63d,09/01/2011,02:00,AIB Manufacturing PMI (Aug),LOW,EUR,-,-,-,-,
b8444cd0-299e-4cad-9e8e-430c101753c3,09/01/2011,02:00,Consumer Price Index Growth (MoM) (Aug),LOW,KRW,0.9%,-,-,0.7%,
ce8aee26-bc12-4273-a353-defb8c389069,09/01/2011,02:00,Consumer Price Index Growth (YoY) (Aug),LOW,KRW,5.3%,-,-,4.7%,
6245dfc4-7a7a-46ab-9358-b5d99f451578,09/01/2011,02:30,AiG Performance of Mfg Index (Aug),MEDIUM,AUD,43.3,-,-,43.4,
24e8089c-00a6-4ff2-84b3-e909861001af,09/01/2011,04:00,NBS Manufacturing PMI (Aug),MEDIUM,CNY,50.9,-0.46,51.2,50.7,
c3d1ac4d-269f-4032-8701-fc62dd79992a,09/01/2011,04:00,ANZ Commodity Price (Aug),LOW,NZD,-1.4%,-,-,-0.6% ,
526855ac-61a2-4a45-86c1-562a699014b0,09/01/2011,04:30,Private Capital Expenditure (Q2),MEDIUM,AUD,6.2%,0.92,4.1%,6.8% ,
d84e5fa1-479d-4674-833b-8421fcdeea91,09/01/2011,04:30,Retail Sales s.a. (MoM) (Jul),MEDIUM,AUD,0.6%,0.42,0.3%,-0.1%,
1733209b-955d-4abd-b0a0-a53ab938b37a,09/01/2011,05:30,RatingDog Manufacturing PMI (Aug),LOW,CNY,-,-,-,-,
894060f6-26c6-4368-8e39-b6887fe536cf,09/01/2011,08:30,ILO Unemployment (Q2),LOW,EUR,9.6%,-,-,9.2% ,
a9bc2d12-2a9f-4eef-b35f-96e74add0e9c,09/01/2011,08:45,Gross Domestic Product (QoQ) (Q2),MEDIUM,CHF,0.5%,0.63,0.4%,0.5% ,
8dcbde0a-9a94-439a-b5c6-982edd1ce0c4,09/01/2011,08:45,Gross Domestic Product (YoY) (Q2),MEDIUM,CHF,2.2%,-,-,2.6% ,
6021fed8-3199-4087-996b-aed7e0f5611c,09/01/2011,09:00,Gross Domestic Product (QoQ) (Q2),MEDIUM,EUR,0.3%,0.59,0.1%,0.1%,
17ff61bc-c218-4772-9203-cc6e62229c3a,09/01/2011,09:00,Gross Domestic Product (YoY) (Q2),MEDIUM,EUR,3%,-,-,2.8%,
fa738658-a190-4af2-9a58-28f3acb23d10,09/01/2011,09:00,Gross Domestic Product w.d.a (YoY) (Q2),MEDIUM,EUR,2.9%,0.30,2.8%,2.7%,
f0e13188-c9fd-4935-98a8-3e3ce4993af1,09/01/2011,09:00,Nationwide Housing Prices n.s.a (YoY) (Aug),MEDIUM,GBP,-0.4%,-,-,-0.4%,
9e715110-8bd2-4b62-94e1-a00a8a914326,09/01/2011,09:00,Nationwide Housing Prices s.a (MoM) (Aug),LOW,GBP,-0.6%,-1.88,0.1%,0.4% ,
091603b7-279c-42ba-b8b6-bffa1cc258b1,09/01/2011,09:30,RBA Commodity Index SDR (YoY) (Aug),LOW,AUD,25.1%,-,-,27.6%,
71288b16-2567-4504-aa15-89e65a3d2146,09/01/2011,09:30,Trade Deficit Government (Jul),LOW,INR,$11.1B,-,-,$7.7B,
4034296a-cb69-4a17-8361-31779d714d48,09/01/2011,09:30,Manufacturing PMI (Aug),LOW,SEK,48.7,-,-,50.1,
6eb6b5ac-f179-43a1-8864-3e32485bc568,09/01/2011,10:00,Retail Sales (YoY) (Jul),LOW,DKK,-4.2%,-,-,-2.4% ,
9a6589f9-fa2b-46ba-9833-075b8cb763ff,09/01/2011,10:00,Unemployment Rate (Jul),LOW,DKK,4.1%,-,-,4%,
7f1f2b47-559d-4dd6-9ad0-97221426ab84,09/01/2011,10:00,HALPIM Manufacturing PMI (Aug),LOW,HUF,50.1,-,-,52.2,
d23ff110-d459-49ac-b46e-0c1bd9629f90,09/01/2011,10:00,S&P Global Manufacturing PMI (Aug),LOW,PLN,-,-,-,-,
f6439a2f-fd88-4bab-86ca-28238b0fb8bc,09/01/2011,10:13,HCOB Manufacturing PMI (Aug),LOW,EUR,-,-,-,-,
5afc8fb8-7401-400a-9707-a693d7f000f6,09/01/2011,10:15,Real Retail Sales (YoY) (Jul),MEDIUM,CHF,2.9%,-0.32,4.6%,2.8% ,
497696de-a71b-46ee-9ee8-5be2b11a23cd,09/01/2011,10:30,SVME - Purchasing Managers' Index (Aug),MEDIUM,CHF,51.7,0.19,51.3,51.7,
0fcffba0-1c82-46be-a2ff-6fb545ddc5c5,09/01/2011,10:30,S&P Global PMI (Aug),LOW,CZK,-,-,-,55.1,
c75fe289-df81-445e-85d1-7ae61ec3feab,09/01/2011,10:45,HCOB Manufacturing PMI (Aug),LOW,EUR,-,-,-,-,
3cac924f-d8ce-4106-83bd-fa8ecc967bd5,09/01/2011,10:49,Trade Balance (Aug),LOW,KRW,$0.82B,-,-,$6.3B,
01ad8aaa-83b7-4a7f-afa6-38aa1fd37124,09/01/2011,10:50,HCOB Manufacturing PMI (Aug),LOW,EUR,-,-,-,-,
a7127592-25f8-46c4-ae60-02382d646bce,09/01/2011,10:50,Import Price Growth (YoY) (Aug),LOW,KRW,29.2%,-,-,9.8%,
058903e3-a6f1-4a29-a47b-af0a4ea3cd1e,09/01/2011,N/A,S&P Global Manufacturing PMI (Aug),LOW,KRW,-,-,-,-,
757345a7-15ff-4838-b7b8-8fd6893cff81,09/01/2011,10:55,HCOB Manufacturing PMI (Aug),MEDIUM,EUR,-,-0.92,52,-,
e89c337f-ac6c-4ad2-88f9-5cfd163f6708,09/01/2011,11:00,HCOB Manufacturing PMI (Aug),MEDIUM,EUR,-,-0.90,49.7,-,
b4a06da6-9b9b-4ed4-a8c0-f689dba43a78,09/01/2011,11:00,S&P Global Manufacturing PMI (Aug),LOW,EUR,-,-,-,-,
f72f3e6b-252a-4c20-89bd-e1fb9c3afe0c,09/01/2011,11:00,Wage Inflation (MoM) (Jul),LOW,EUR,0%,-,-,0.1%,
397524f4-7846-470f-b7ee-736f3da3dffa,09/01/2011,11:00,Wage Inflation (YoY) (Jul),LOW,EUR,1.7%,-,-,1.8%,
5d50d3a0-1952-410d-afe6-9c3aeddfeee0,09/01/2011,11:00,Credit Indicator (Jul),LOW,NOK,6.3%,-,-,6%,
6d9c0e6f-fb4b-4b13-b3bd-c59356723b41,09/01/2011,11:30,S&P Global Manufacturing PMI (Aug),MEDIUM,GBP,-,-0.18,49.6,49.1,
7584b1ec-c384-422d-a70e-6d1186df0e9d,09/01/2011,12:00,Purchasing Manager Index (Aug),LOW,ZAR,46.7,-,-,44.2,
b764d3b8-7a45-47b6-8dca-40f673f2f81d,09/01/2011,13:00,Unemployment (Aug),LOW,EUR,219.2K,-,-,209.7K,
87f104d2-552f-482c-9169-9e0aa963c4d8,09/01/2011,13:00,Unemployment Rate (Sep),LOW,EUR,5.9%,-,-,5.6%,
fdf562cc-7875-4db3-b835-b670d6c5004b,09/01/2011,15:00,Budget Balance (Aug),LOW,CZK,-87.27B,-,-,-61.06B,
a4e69857-7e93-485c-a206-08e05191e85e,09/01/2011,15:30,Continuing Jobless Claims,LOW,USD,3.747M,-,-,3.641M,
717be3d0-2cda-4b04-8ee7-57431d6c0503,09/01/2011,15:30,Initial Jobless Claims,LOW,USD,412K,0.27,409K,417K,
73aebf66-f374-4889-a6cc-84d77c2417bd,09/01/2011,15:30,Nonfarm Productivity (Q2),LOW,USD,-0.7%,-0.69,-0.4%,-0.3%,
a457600e-267c-4613-9eaf-ed0bf1546660,09/01/2011,15:30,Unit Labor Costs (Q2),LOW,USD,2.8%,0.26,2.3%,3.3%,
48a744fe-78b4-42be-b40f-6ae5461696b0,09/01/2011,16:30,Trade Balance (Aug),LOW,BRL,3.873B,-,-,2.934B,
cb3f293e-b5cd-44ff-82bd-b4be6b6dcdb0,09/01/2011,17:00,Construction Spending (MoM) (Jul),MEDIUM,USD,-1.4%,-1.45,0.2%,2.5% ,
248a7069-bf74-4be1-8322-384ab54c48b8,09/01/2011,17:00,ISM Manufacturing PMI (Aug),MEDIUM,USD,52.5,1.22,48.5,52.9,
e4ab78c0-dcc3-469a-bb18-935784e6465c,09/01/2011,17:00,ISM Manufacturing Prices Paid (Aug),MEDIUM,USD,55.5,0.12,55.1,59.1,
69bb6297-1457-4b00-af90-4aaa95d104fa,09/02/2011,00:00,Total Vehicle Sales (Aug),LOW,USD,12.12M,0.04,12.1M,12.2M,
d72fd2c1-7963-48dc-bcbb-fb890fd78211,09/02/2011,02:50,Capital Spending (Q2),LOW,JPY,-7.8%,-2.89,2%,3%,
ea216379-68ca-44ae-b2c5-fe9b103830ce,09/02/2011,02:50,Monetary Base (YoY) (Aug),LOW,JPY,15.9%,0.24,14.2%,15%,
919223d4-467a-4d0c-81db-9253c053c0cb,09/02/2011,10:00,Retail Sales (YoY) (Jul),LOW,CZK,-1.7%,-,-,-3.5% ,
09b137a0-ccc0-4bf4-baed-74597fd0be5d,09/02/2011,10:00,Unemployment Change (Aug),LOW,EUR,51.2K,-,-,-,
d0286f1f-2109-4111-9e5d-3255634eebe1,09/02/2011,10:00,Trade Balance (Jun),LOW,HUF,€609.3M,-,-,€615M,
0b53fed7-53b9-4946-8409-8b07c629a223,09/02/2011,10:00,Registered Unemployment n.s.a (Aug),LOW,NOK,2.7%,-,-,2.8%,
4b83f8bd-11ff-49d0-9a42-b7c88ca07c16,09/02/2011,10:00,Registered Unemployment s.a (Aug),LOW,NOK,85.646K,-,-,84.409K,
b0d0872c-eb29-4623-b62b-31531df48e80,09/02/2011,11:30,S&P Global Construction PMI (Aug),LOW,GBP,-,0.00,52.6,-,
5642d273-236c-4746-954e-6e621dc27a0e,09/02/2011,12:00,Producer Price Index (MoM) (Jul),MEDIUM,EUR,0.5%,0.00,0.5%,0.1% ,
1b8adee4-b15a-4111-b340-013b4fb70778,09/02/2011,12:00,Producer Price Index (YoY) (Jul),HIGH,EUR,6.1%,0.00,6.1%,5.6% ,
bba1c843-ad66-4e13-a7db-0489f0c53690,09/02/2011,14:00,Fipe's IPC Inflation (Aug),NONE,BRL,0.39%,-,-,0.3%,
46de41f0-30aa-4f6f-aa09-7bf6302ce9a6,09/02/2011,14:30,"FX Reserves, USD",LOW,INR,$319.175B,-,-,$318.22B,
58ec0196-4e8e-4bc5-a684-de2ae393dadf,09/02/2011,15:00,Gross Domestic Product (QoQ) (Q2),LOW,BRL,0.8%,-,-,1.3%,
50c18323-6ae2-4e0e-b1fb-5912f3048420,09/02/2011,15:00,Gross Domestic Product (YoY) (Q2),LOW,BRL,3.1%,-,-,4.2%,
2ae8f6ce-a3bd-4aed-90fb-5c4a73871d5d,09/02/2011,15:30,Average Hourly Earnings (MoM) (Aug),MEDIUM,USD,-0.2%,-2.06,0.2%,0.4% ,
ac3faa65-519d-413f-b15b-e401e5cf9793,09/02/2011,15:30,Average Hourly Earnings (YoY) (Aug),MEDIUM,USD,1.9%,-,-,2.3%,
5644936c-ab1a-43d9-8e8c-86e26bbce65b,09/02/2011,15:30,Average Weekly Hours (Aug),LOW,USD,34.2,-1.34,34.3,34.4,
63100c3d-9128-4b38-858c-681a90808395,09/02/2011,15:30,Nonfarm Payrolls (Aug),HIGH,USD,104K,0.37,75K,60K,
abcc6873-61e8-44df-a61c-73eec9b70219,09/02/2011,15:30,Unemployment Rate (Aug),HIGH,USD,9.1%,0.00,9.1%,9% ,
eb614961-0342-4ebd-8099-8586c559876d,09/02/2011,17:00,Currency Reserves (Aug),LOW,DKK,475.7B,-,-,456.9B,
82ec81f6-aa29-471a-9e31-65b382de9032,09/03/2011,00:00,Tax Revenue (MoM) (Aug),LOW,ARS,46.78B,-,-,47.85B,
8638d772-3dc6-4fab-92cd-7ad4b89d813f,09/05/2011,02:30,AiG Performance of Services Index (Aug),MEDIUM,AUD,52.1,-,-,48.8,
86350a5a-a6ce-44ff-abd6-5923ec607c45,09/05/2011,03:00,Labor Day,NONE,CAD,,,,,ALL DAY
71f68a5c-79c4-41d2-b64b-8eaa4c8ce6d3,09/05/2011,03:00,Labor Day,NONE,USD,,,,,ALL DAY
bc5566a2-1e9f-4636-bee9-4b8647a414bf,09/05/2011,03:30,TD-MI Inflation Gauge (MoM) (Aug),LOW,AUD,0.1%,-,-,0% ,
983e3ef3-3d2d-48eb-a9f2-f650465feaa0,09/05/2011,03:30,TD-MI Inflation Gauge (YoY) (Aug),LOW,AUD,2.6%,-,-,2.9% ,
bb14b860-66a8-4c07-b634-65bbba3d6194,09/05/2011,04:30,ANZ Job Advertisements (Aug),LOW,AUD,-0.7%,-,-,-0.7% ,
1d3a49b5-2a6a-4754-b59e-0ae63c4f6729,09/05/2011,04:30,Company Gross Operating Profits (QoQ) (Q2),LOW,AUD,7.3%,0.66,3.1%,-2.7% ,
7581b947-f0e6-45ed-9679-5a503d3e88b7,09/05/2011,10:00,AIB Services PMI (Aug),LOW,EUR,-,-,-,-,
888778b6-1abc-4939-a569-64141288a4e7,09/05/2011,10:00,Consumer Price Index (MoM) (Aug),LOW,TRY,0.73%,-,-,-0.41%,
fd155139-ebfa-4cd2-b2af-d0b8f59fbdd5,09/05/2011,10:00,Producer Price Index (MoM) (Aug),LOW,TRY,1.76%,-,-,-0.03%,
0323c000-c082-4c86-82e6-294cc95cf789,09/05/2011,10:13,HCOB Services PMI (Aug),LOW,EUR,-,-,-,-,
e0700469-b7ee-468e-8d99-35fb9fa1d02c,09/05/2011,10:43,HCOB Services PMI (Aug),LOW,EUR,-,-,-,-,
4354906f-4182-455f-83c6-fde69932dc6b,09/05/2011,10:48,HCOB Services PMI (Aug),LOW,EUR,-,-,-,-,
b1469b6f-393e-455f-853f-7a41266d1178,09/05/2011,10:55,HCOB Services PMI (Aug),MEDIUM,EUR,-,0.32,50.4,-,
3af538ce-b5bd-4bf8-bd72-9f75f63a040b,09/05/2011,11:00,HCOB Services PMI (Aug),MEDIUM,EUR,-,1.12,50.9,-,
e79e1840-4cf9-44dd-b835-71a3eacc2a27,09/05/2011,11:00,Trade Balance non-EU (Jul),LOW,EUR,€-0.315B,-,-,€-1.534B,
190a9ed8-e7bf-4b79-8a92-c8c6e7468de7,09/05/2011,11:28,S&P Global Services PMI (Aug),MEDIUM,GBP,-,-1.51,54.3,-,
35ecf409-d62d-4fa1-9204-f9af8f885cb0,09/05/2011,11:30,Sentix Investor Confidence (Sep),LOW,EUR,-15.4,0.30,-17.5,-13.5,
e406d082-bda4-4652-bbbc-891a06fdad81,09/05/2011,12:00,Retail Sales (MoM) (Jul),MEDIUM,EUR,0.2%,0.46,0%,1% ,
a328e188-b1bc-42a0-aa32-a5ad14d62cd4,09/05/2011,12:00,Retail Sales (YoY) (Jul),MEDIUM,EUR,-0.4%,0.52,-1%,-0.8% ,
42aacac1-7860-4cc3-87c8-220553b60775,09/05/2011,16:00,Consumer Confidence (Aug),LOW,MXN,93.4,-,-,95.5,
6aad1d98-6cc2-45da-b238-72f8d350769a,09/05/2011,16:00,Consumer Confidence s.a (Aug),LOW,MXN,92.5,-,-,94.2,
e67c5898-f3f4-45d2-b8f3-659e42542c35,09/06/2011,01:00,Trade Balance (Jun),LOW,EUR,€-499.5M,-,-,€-331.9M,
23010a4e-8409-4e04-aa0f-3355cc1f72cb,09/06/2011,02:00,Gross Domestic Product Growth (QoQ) (Q2),LOW,KRW,0.9%,-,-,0.8%,
16a5cb8f-5169-43b1-9008-8c3a24969f9b,09/06/2011,02:01,BRC Like-For-Like Retail Sales (YoY) (Aug),LOW,GBP,-0.6%,-,-,0.6%,
7ce9a62c-476a-47b1-b18a-072a6c612492,09/06/2011,04:30,Current Account Balance (Q2),MEDIUM,AUD,-6.7B,0.34,-7.1B,-11.9B,
78d098c8-d4e9-4c90-b1cd-3de17966603e,09/06/2011,04:30,Home Loans (Q3),MEDIUM,AUD,1.9%,0.15,1.6%,0.1% ,
ca308a59-d86f-4776-a738-7c0d2d2f2a3d,09/06/2011,04:30,Investment Lending for Homes (Q3),LOW,AUD,1.9%,-,-,-2.1% ,
f482ea51-6e3f-43ee-ae12-999b39020015,09/06/2011,07:30,RBA Interest Rate Decision,HIGH,AUD,4.75%,0.00,4.75%,4.75%,
7f4dc9bf-8868-4536-b07d-aae8e349832a,09/06/2011,07:30,RBA Rate Statement,MEDIUM,AUD,,,,,REPORT
9c4be3f6-f4e9-426e-b16a-80e2ac44efc4,09/06/2011,10:00,Construction output (YoY) (Jul),LOW,CZK,-11.1%,-,-,-6.3% ,
ea73a92e-56dd-4f6b-985f-bc3db5b36dc7,09/06/2011,10:00,Foreign Trade Balance (MoM) (Jul),LOW,CZK,13.5B,-,-,17.64B,
38164423-15d7-47df-b786-af25bdad71b0,09/06/2011,10:00,Industrial Production (YoY) (Jul),LOW,CZK,4.4%,-,-,7.4% ,
12261a8f-1d82-410f-90db-209bdced8f5c,09/06/2011,10:00,Gross Domestic Product (Q2),LOW,RON,1.4%,-,-,1.7%,
f7bcaeec-e761-433f-9901-23b8aaecedef,09/06/2011,10:00,Gross Domestic Product Qtr Final (YoY) (Q2),LOW,EUR,3.3%,-,-,3.5%,
6cef03b2-af3e-4e3a-b6bd-35d8df2bb3e1,09/06/2011,10:15,Consumer Price Index (MoM) (Aug),MEDIUM,CHF,-0.3%,-0.35,-0.2%,-0.8%,
2b6a5f2e-f05f-4671-a1b2-123c12ce22ec,09/06/2011,10:15,Consumer Price Index (YoY) (Aug),MEDIUM,CHF,0.2%,-0.50,0.3%,0.5%,
3e5ccf5a-e680-4189-adcc-6eeccadb9fc7,09/06/2011,12:00,Gross Domestic Product s.a. (QoQ) (Q2) PREL,MEDIUM,EUR,0.2%,0.00,0.2%,0.2%,
ea099a00-3675-457f-8f18-8a72e04c6e7a,09/06/2011,12:00,Gross Domestic Product s.a. (YoY) (Q2) PREL,MEDIUM,EUR,1.6%,-0.74,1.7%,1.7%,
f1e78dca-d244-4cd2-8e0d-be2ad561bc34,09/06/2011,13:00,Factory Orders n.s.a. (YoY) (Jul),MEDIUM,EUR,8.7%,-0.13,9.8%,12.1% ,
368d76e7-e5da-40bb-8673-fecbca0b1f53,09/06/2011,13:00,Factory Orders s.a. (MoM) (Jul),MEDIUM,EUR,-2.6%,-0.59,-1.5%,-0.6% ,
58ae2522-2cdb-4e86-b433-c3188b845ee4,09/06/2011,14:00,Consumer Confidence (Aug),LOW,EUR,55.8,-,-,55.9,
937f71f6-9642-4c54-b9aa-cc162485c030,09/06/2011,15:00,IPCA Inflation (Aug),LOW,BRL,0.37%,-,-,0.16%,
da1b5e2f-420b-4f82-ab0b-7ea6a59aeefa,09/06/2011,17:00,ISM Services PMI (Aug),MEDIUM,USD,53.3,1.11,51.3,53.5,
183d73f1-85be-485d-a6b5-eb7bd9446196,09/06/2011,20:10,Fed Minneapolis's Kocherlakota speech,LOW,USD,,,,,SPEECH
3ad9f6a3-c777-4738-9b77-52f6c594a71c,09/07/2011,02:01,BRC Shop Price Index (YoY) (Aug),LOW,GBP,2.7%,-,-,2.8%,
46f10dda-f2e0-4162-8c56-a69321bc4fb4,09/07/2011,02:23,AiG Performance of Construction Index (Aug),MEDIUM,AUD,32.1,-,-,36.1,
c9e530a8-0849-484f-950b-005afb19a865,09/07/2011,02:30,RBA's Governor Stevens speech,HIGH,AUD,,,,,SPEECH
bb3307f7-dc9c-4919-9ad0-c7aad6bb8913,09/07/2011,04:30,Gross Domestic Product (QoQ) (Q2),MEDIUM,AUD,1.4%,1.20,1%,-0.2% ,
722f3dc3-6c3d-4067-a903-65546f4254fb,09/07/2011,04:30,Gross Domestic Product (YoY) (Q2),MEDIUM,AUD,1.9%,2.86,0.6%,1.9% ,
a68b812b-ca2b-470a-a146-44a964db9305,09/07/2011,06:00,Money Supply Growth (Jul),LOW,KRW,9%,-,-,8.1% ,
fba81088-9fec-4bdd-b7ef-8a25df4fbade,09/07/2011,06:22,BoJ Interest Rate Decision,HIGH,JPY,0.1%,0.00,0.1%,0.1%,
5e3c1bf2-1fc3-46c8-8c49-3611eb85374e,09/07/2011,08:00,Coincident Index (Jul) PREL,LOW,JPY,109,0.00,108.9,108.8,
8bd9a35c-679b-41bd-9247-17714eb963a1,09/07/2011,08:00,Leading Economic Index (Jul) PREL,MEDIUM,JPY,106,0.50,105.9,103.2,
6cf7f882-c003-4c68-a7f2-631036f77585,09/07/2011,09:00,Trade Balance (Jul),LOW,EUR,€-0.09B,-,-,€-0.005B,
6fb3b085-0e5b-4dd8-8dc3-60b30e910c6c,09/07/2011,09:00,Industrial Output (YoY) (Jul),LOW,HUF,0.3%,-,-,-1.4%,
15084aaa-b3fd-4e29-a1ef-71b1c9938867,09/07/2011,09:00,Gross $Gold & Forex Reserve (Aug),LOW,ZAR,$51.449B,-,-,$50.108B,
c1db6fbd-5545-431a-a92e-adf2e69ab179,09/07/2011,09:00,Net $Gold & Forex Reserve (Aug),LOW,ZAR,$49.125B,-,-,$47.87B,
5c2054d3-4cab-4b46-b047-3e90d599ee23,09/07/2011,10:00,Industrial Production (MoM) (Jul),LOW,DKK,3.3%,-,-,-5.2%,
f44bd7c0-628b-4325-b8e9-bbc65ace83c4,09/07/2011,10:00,Halifax House Prices (MoM) (Aug),LOW,GBP,-1.1%,-,-,0.6% ,
c7aa34f7-d748-4820-8e2c-4ece5ce574cd,09/07/2011,10:00,Halifax House Prices (YoY/3m) (Aug),LOW,GBP,-2.6%,-,-,-2.6%,
8b7bef23-8c04-4869-ab50-aa3bb930dfab,09/07/2011,10:30,Wholesale Prices n.s.a (MoM) (Aug),LOW,EUR,0.7%,-,-,-0.2%,
f514bcb8-6495-4b34-b3b9-742892d6082d,09/07/2011,10:30,Wholesale Prices n.s.a (YoY) (Aug),LOW,EUR,6.5%,-,-,9.3%,
aa4778dc-b4d6-42f6-bb92-713bb2764efa,09/07/2011,10:30,Riksbank Interest Rate Decision,LOW,SEK,2%,-,-,2%,
a228ff0e-9206-4769-a740-4b7ae63974a2,09/07/2011,11:00,FX Reserves (Aug),LOW,CZK,€29.84B,-,-,€30B,
a2208df1-8bdc-4782-92d6-b22ca1d05c0f,09/07/2011,11:30,Industrial Production (MoM) (Jul),LOW,GBP,-0.4%,-0.65,0%,0.5% ,
cd6f5421-f802-4814-a3e1-714c307e0408,09/07/2011,11:30,Industrial Production (YoY) (Jul),MEDIUM,GBP,-0.9%,-0.34,-0.6%,-5.4% ,
733b2698-ebfa-47ca-a46d-d9391dfdc737,09/07/2011,11:30,Manufacturing Production (MoM) (Jul),LOW,GBP,-0.2%,-0.26,0%,-0.8% ,
1e52f6cb-07fe-437a-9e9a-05a65f362e12,09/07/2011,11:30,Manufacturing Production (YoY) (Jul),MEDIUM,GBP,2.6%,0.38,1.9%,-1.5% ,
b609f33c-d9bf-48a2-8996-f5338d5bbea5,09/07/2011,12:00,Consumer Price Index - Harmonized (YoY) (Aug),LOW,EUR,1.4%,-,-,2.1%,
4eb6b883-917b-4963-b254-2c593ec683b9,09/07/2011,12:00,Consumer Price Index (YoY) (Aug),LOW,EUR,1.7%,-,-,2.4%,
32f85f88-c12f-4134-af68-0adfd9b58a55,09/07/2011,12:00,NBP Base rate,LOW,PLN,4.5%,-,-,4.5%,
5ad38536-7937-4b3f-a5d4-34ab428233aa,09/07/2011,13:00,Industrial Production n.s.a. w.d.a. (YoY) (Jul),MEDIUM,EUR,10.1%,5.10,6.7%,6.7%,
641e45d9-0342-4aad-8cc0-2b0ad1f0d0a6,09/07/2011,13:00,Industrial Production s.a. (MoM) (Jul),MEDIUM,EUR,3.9%,4.80,0.5%,-1.5% ,
cd5da3a3-ff23-4e7a-8305-1a533091a31b,09/07/2011,13:00,Manufacturing Output,NONE,NOK,-1.5%,-,-,-1.5%,
7d74f09f-66c7-4d54-bf7b-efacf3643bcd,09/07/2011,13:30,M3 Money Supply,LOW,INR,16.7%,-,-,17.3%,
c43edebc-4414-42ff-8b80-a6cd270dc982,09/07/2011,14:00,MBA Mortgage Applications,LOW,USD,-4.9%,-,-,-9.6%,
1979bad8-9e29-453f-b934-956313f773c4,09/07/2011,15:00,Central Bank FX Reserves (Aug),LOW,PLN,€74.1B,-,-,€74.7B,
3e030dd8-2d45-4774-8693-984e4d2c750b,09/07/2011,16:00,BoC Interest Rate Decision,HIGH,CAD,1%,0.00,1%,1%,
59255185-89a7-4f36-98d6-216519443264,09/07/2011,17:00,Ivey Purchasing Managers Index (Aug),MEDIUM,CAD,57.6,1.05,46.7,45.4,
aebb0ef0-0514-4d2a-afbb-59dde805cdeb,09/07/2011,17:00,Ivey Purchasing Managers Index s.a (Aug),LOW,CAD,56.4,-,-,46.8,
7931872d-f88a-4450-b16f-67641ac18d3f,09/07/2011,17:00,NIESR GDP Estimate (3M) (Aug),MEDIUM,GBP,0.4%,-,-,0.6%,
e69f84a2-9cec-48de-ac1e-2bc90c1e6603,09/07/2011,18:00,Budget Balance (Aug),LOW,HUF,-50.1B,-,-,-459.9B,
d6ffaa37-f949-40b3-94e4-51a32f36f1b3,09/07/2011,21:00,Fed's Beige Book,MEDIUM,USD,,,,,REPORT
2697d670-3e16-48d5-9228-91c3f65f442f,09/08/2011,02:50,Current Account n.s.a. (Jul),LOW,JPY,¥990.2B,-0.85,"¥1,175.8B",¥655.1B,
74d36180-bd3e-4b0c-8631-37d00d0f476f,09/08/2011,02:50,Machinery Orders (MoM) (Jul),LOW,JPY,-8.2%,-0.64,-4.2%,7.2% ,
6cc78990-9661-4d0d-bc7b-8a312d60f4e3,09/08/2011,02:50,Trade Balance - BOP Basis (Jul),MEDIUM,JPY,¥694.7B,0.87,¥149.1B,¥215.3B,
e4fb82f0-bd49-4196-8744-ba0acb417515,09/08/2011,04:30,Employment Change s.a. (Aug),HIGH,AUD,-10.5K,-0.90,10K,3.5K,
45406d6e-ab05-48d9-b32e-a8c425f48721,09/08/2011,04:30,Unemployment Rate s.a. (Aug),HIGH,AUD,5.3%,2.04,5.1%,5.1%,
aadd1afa-f9b1-4fbb-a549-9adf5e465419,09/08/2011,08:00,BoJ Monthly Economic Survey,NONE,JPY,,,,,REPORT
3dd1775e-fb31-4a09-9c10-5e6066a19d93,09/08/2011,08:00,Eco Watchers Survey: Current (Aug),MEDIUM,JPY,47.3,-,-,50.2,
4e57ece5-3fc0-42a7-bfd1-d0b1f06c40f5,09/08/2011,08:00,Eco Watchers Survey: Outlook (Aug),LOW,JPY,47.1,-,-,47.5,
aa0c7f12-c204-4764-bbf8-fb2865a0f59d,09/08/2011,08:45,Unemployment Rate s.a (MoM) (Aug),MEDIUM,CHF,2.8%,0.00,2.8%,2.8%,
c5977d36-1ea4-4ce9-aaca-0426a9054ef0,09/08/2011,09:00,Current Account n.s.a. (Jul),LOW,EUR,€7.8B,-0.54,€9.5B,€13.2B,
aa5519e3-b080-4873-a7da-199aef2af76a,09/08/2011,09:00,Trade Balance s.a. (Jul),MEDIUM,EUR,€10.6B,-0.48,€11.5B,€11.9B,
06897c79-138e-4985-b1ba-82f88e7e3bb4,09/08/2011,09:45,"Exports, EUR (Jul)",LOW,EUR,€34.8B,-,-,€34.2B,
3a26dc55-1c89-4c22-9a1e-212c8aa471e5,09/08/2011,09:45,"Imports, EUR (Jul)",LOW,EUR,€41.628B,-,-,€41.6B,
47ca3279-457e-48f2-a154-a6ea44198de8,09/08/2011,09:45,Nonfarm Payrolls (QoQ) (Q2),LOW,EUR,0.2%,-,-,0.4%,
132e7426-f814-41b1-ab73-85da0e7e37da,09/08/2011,09:45,Trade Balance EUR (Jul),LOW,EUR,€-6.4B,-,-,€-5.6B,
31552596-ac39-410a-a6f1-24153f429ef2,09/08/2011,10:00,Gross Domestic Product (YoY) (Q1),LOW,CZK,2.2%,-,-,2.4%,
caa7ef7f-9620-47d7-bd55-025d77cc6e4d,09/08/2011,10:00,Unemployment Rate (Aug),LOW,CZK,8.2%,-,-,8.2%,
f50ca6a3-9f9d-4afb-9407-279117e7356d,09/08/2011,10:00,Current Account (Jul),LOW,DKK,10B,-,-,12.2B,
a5c4a2bd-6204-486a-a005-a7fcef31220c,09/08/2011,10:00,Trade Balance (Jul),LOW,DKK,5.9B,-,-,6B,
cb3a5dd5-0330-4328-b642-269445d11e6e,09/08/2011,10:00,Industrial Output Cal Adjusted (YoY) (Jul),LOW,EUR,-2.3%,-,-,-2%,
c6e17a57-39f8-453b-b4c7-3e4536cbd20d,09/08/2011,10:00,Gross Domestic Product (YoY) (Q2),LOW,HUF,1.5%,-,-,1.5%,
d440e489-0e06-4f18-ba43-22769b2a1a16,09/08/2011,10:00,Industrial Production (MoM) (Jul),LOW,RON,1.2%,-,-,-2.2%,
ca916ecf-cf24-47ad-8836-44e7eec2c849,09/08/2011,10:00,Foreign Trade Balance (Jul),LOW,EUR,€44.8M,-,-,€207M,
74dee99b-9e07-4808-8ebe-987b70082b24,09/08/2011,10:00,Industrial Output (YoY) (Jul),LOW,EUR,5.1%,-,-,4.9% ,
35d324ab-a752-4581-b37a-e857c2294414,09/08/2011,10:30,Consumer Price Index n.s.a (YoY) (Aug),LOW,EUR,2.6%,-,-,2.6%,
952ea99d-c1df-4142-bba5-68f75a90606d,09/08/2011,11:16,Central Bank Reserves $,LOW,RUB,$543.4B,-,-,$544B,
2d3e7391-9f81-4523-a7d0-19d0cb92f9f6,09/08/2011,12:00,Gross Domestic Product (QoQ) (Q2),LOW,ISK,-3.6%,-,-,2%,
72742874-4b69-4e4d-8aa4-a71a9306868a,09/08/2011,12:00,Gross Domestic Product (YoY) (Q2),LOW,ISK,2.1%,-,-,2.2%,
23500db0-bf00-4f01-89cb-662c2612113e,09/08/2011,12:00,Trade Balance (Aug),LOW,ISK,8.2B,-,-,10.4B,
073d7701-1625-45c7-86cf-5f59e9e97628,09/08/2011,12:30,Business Confidence Index (Aug),LOW,ZAR,98.6,-,-,99,
ac598ab8-fc5a-46d4-9b34-816b90afc3b8,09/08/2011,12:30,Reuters Econometer (Sep),LOW,ZAR,263.2,-,-,251.57,
f4366186-14d3-4107-b69c-f6f87d57335c,09/08/2011,13:00,Consumer Price Index (MoM) (Aug),LOW,EUR,0.2%,-,-,0%,
c15bc200-3ed6-48cc-9ad3-f4441edccd98,09/08/2011,13:00,Consumer Price Index (YoY) (Aug),LOW,EUR,2.2%,-,-,2.7%,
1d60f120-294b-4e0c-9909-5ec8a05ff8e5,09/08/2011,13:00,HICP (MoM) (Aug),LOW,EUR,0.2%,-,-,-0.2%,
b256b4ec-9cf9-45cc-bdb4-da2b00e52ef5,09/08/2011,13:00,HICP (YoY) (Aug),LOW,EUR,1%,-,-,1%,
8c133b0b-71ea-446b-bff1-2fd67a6040c0,09/08/2011,13:00,Gross Domestic Product (QoQ) (Q2),LOW,EUR,0%,-,-,0%,
d06dac33-aed7-4821-8053-f523cd0d5800,09/08/2011,13:00,Gross Domestic Product (YoY) (Q2),LOW,EUR,-0.9%,-,-,-0.9%,
d9626d63-0593-4a7e-9ee0-8922d5a44522,09/08/2011,14:00,BoE Asset Purchase Facility (Sep),NONE,GBP,£200B,-,-,£200B,
525cbeed-d4e8-459d-8d92-0591864745a9,09/08/2011,14:00,BoE Interest Rate Decision,HIGH,GBP,0.5%,0.00,0.5%,0.5%,
27516e6d-ad52-4e48-a8fb-b26152104dd3,09/08/2011,14:00,Manufacturing Production Index (YoY) (Jul),LOW,ZAR,-6%,-,-,0.9%,
049621b5-31b9-4cdc-a7e6-f86fb9827ce0,09/08/2011,14:45,ECB Main Refinancing Operations Rate,HIGH,EUR,1.5%,0.00,1.5%,1.5%,
459ea466-f30f-4c6e-b97d-c2a8ceccc7f6,09/08/2011,15:30,Building Permits (MoM) (Jul),LOW,CAD,-0.4%,0.14,-2%,-0.9% ,
d1312efc-2f8b-488e-8980-cc264a4afabe,09/08/2011,15:30,International Merchandise Trade (Jul),LOW,CAD,$-0.539B,0.60,$-0.8B,$-1.11B,
c5e6cf05-2fde-4c89-b71d-e6b134681d6d,09/08/2011,15:30,New Housing Price Index (MoM) (Jul),LOW,CAD,0.1%,-0.98,0.3%,0.3%,
da305a9e-b767-49d5-a9e8-d3f5c4416c82,09/08/2011,15:30,ECB's President Trichet speech,HIGH,EUR,,,,,SPEECH
457c57f2-6008-4f62-a585-1d23cb2256fc,09/08/2011,15:30,Continuing Jobless Claims,LOW,USD,3.738M,0.91,3.705M,3.735M,
c8619f66-ba54-4b02-bbdd-fe610ac27072,09/08/2011,15:30,Goods and Services Trade Balance (Jul),MEDIUM,USD,$-45.63B,1.31,$-51B,$-49.9B,
3f414cde-e4e9-4253-90b3-3d9908e6084c,09/08/2011,15:30,Initial Jobless Claims,MEDIUM,USD,417K,0.78,410K,409K,
51b9c060-f0a2-435d-b812-368ba7d8f3e6,09/08/2011,16:00,12-Month Inflation (Aug),LOW,MXN,3.42%,-,-,3.55%,
6f8d28b8-87f1-445d-add9-7ecf53f7a663,09/08/2011,16:00,Core Inflation (Aug),LOW,MXN,0.12%,-,-,0.19% ,
da354610-67ca-450f-8fa2-53290790d7d9,09/08/2011,16:00,Headline Inflation (Aug),LOW,MXN,0.16%,-,-,0.48%,
54b4e260-5c43-4104-b800-90cf806b56ad,09/08/2011,18:00,EIA Crude Oil Stocks Change,LOW,USD,-4M,-,-,5.3M,
846f2a0a-80fc-414b-bf00-2cf6a097a5fa,09/08/2011,20:00,Former Fed's Chair Bernanke speech,LOW,USD,,,,,SPEECH
f282152f-14db-488c-a83e-f6efa530d00f,09/08/2011,22:00,Consumer Credit Change (Jul),MEDIUM,USD,$11.92B,2.49,$5.4B,$9.12B,
ecb2a3db-e5f8-4287-8626-6be2d4798f05,09/09/2011,00:00,Producer Price Index Growth (MoM) (Aug),LOW,KRW,0.3%,-,-,0.4%,
04e30bba-3782-4b1a-a246-6f96f4b24f30,09/09/2011,00:00,Producer Price Index Growth (YoY) (Aug),LOW,KRW,6.6%,-,-,6.5%,
0edab99d-15a5-4253-adf7-1ca8eca75bb3,09/09/2011,02:00,Barack Obama Press Conference,MEDIUM,USD,,,,,SPEECH
b90094df-7a00-475a-a84d-11a27e7a09ec,09/09/2011,02:50,Bank Lending (YoY) (Aug),LOW,JPY,-0.5%,-,-,-,
1b700f41-074e-4b38-bcc8-0bce56f78a6d,09/09/2011,02:50,Gross Domestic Product (QoQ) (Q2),MEDIUM,JPY,1.5%,4.61,-0.5%,-0.3%,
5cd6aef9-ab30-43eb-bf6f-5b080de2c699,09/09/2011,02:50,Gross Domestic Product Annualized (Q2),MEDIUM,JPY,-2.1%,-0.06,-2%,-1.3%,
45ee4d20-f7ff-423f-a208-9352e8d13af1,09/09/2011,02:50,Gross Domestic Product Deflator (YoY) (Q1),LOW,JPY,-1.9%,-2.67,-1.5%,-2.2%,
c610dd5c-8c83-4261-a111-0b41dd09dec8,09/09/2011,02:50,Money Supply M2+CD (YoY) (Aug),LOW,JPY,2.7%,-1.96,2.9%,2.9% ,
3c217259-8c69-4233-ab78-31e92d580867,09/09/2011,03:00,G7 Meeting,MEDIUM,EUR,,,,,ALL DAY
85625006-f3fe-40f5-801d-066931eda8d7,09/09/2011,04:30,Consumer Price Index (YoY) (Aug),MEDIUM,CNY,6.2%,0.00,6.2%,6.5%,
42a978fa-04c8-4c21-8a58-367e95573339,09/09/2011,05:00,Producer Price Index (YoY) (Aug),MEDIUM,CNY,7.3%,1.21,7.2%,7.5%,
1bb400a5-b32b-4a84-921a-51c18676bbe1,09/09/2011,08:00,Consumer Confidence Index (Aug),MEDIUM,JPY,37,-3.40,41.3,36.8,
97b334aa-4f8f-49c3-b771-6259a79b5237,09/09/2011,08:46,Industrial Production (YoY) (Aug),MEDIUM,CNY,13.5%,-1.14,14.2%,14%,
c5c50a05-7a23-4774-911a-11744f45d737,09/09/2011,08:46,Retail Sales (YoY) (Aug),MEDIUM,CNY,17%,0.15,16.9%,17.2%,
e0ce78ad-3543-4b27-9fbc-bfaaeb85f383,09/09/2011,09:00,Consumer Price Index (MoM) (Aug),MEDIUM,EUR,0%,1.58,-0.1%,-0.1%,
9cf9c27f-8503-4b8b-9c6c-818dff9a9566,09/09/2011,09:00,Consumer Price Index (YoY) (Aug),HIGH,EUR,2.4%,2.12,2.3%,2.3%,
3d41a8b8-ab17-41fe-bcd8-f2932bb26c7a,09/09/2011,09:00,Wholesale Price Index (MoM) (Aug),LOW,EUR,0.1%,-,-,-0.2% ,
a225f5e7-b258-48ed-b605-bc59ee641c8a,09/09/2011,09:00,Wholesale Price Index (YoY) (Aug),LOW,EUR,6.5%,-,-,6.2% ,
cdf5f35a-5414-4228-befe-2502d426386f,09/09/2011,09:00,Industrial Output (MoM) (Jul),LOW,EUR,-0.4%,-,-,-3%,
ee40aaca-e303-40c6-b1e8-ce74d24cc625,09/09/2011,09:45,Budget Balance (Jul),LOW,EUR,€-86.6B,-,-,€-61.3B,
74b3fe54-944e-4909-a891-17506a131c0d,09/09/2011,09:45,Industrial Output (MoM) (Jul),LOW,EUR,1.8%,-,-,-2.7% ,
8eb10c43-86c0-4dfb-9b26-62444ad50f20,09/09/2011,10:00,Consumer Price Index (MoM) (Aug),LOW,CZK,-0.3%,-,-,0.3%,
880e4e7b-ff05-40fb-a92d-1e438939f188,09/09/2011,10:00,Consumer Price Index (YoY) (Aug),LOW,CZK,1.7%,-,-,1.7%,
208f617a-a243-4432-b37b-ef4bd5e2d18c,09/09/2011,10:00,Trade Balance (Jul) PREL,LOW,HUF,€373.8M,-,-,€609.3M,
cf1d4807-805f-460c-9802-66e20f52e8a2,09/09/2011,10:00,Trade Balance (Jul),LOW,RON,€-0.636B,-,-,€-1.12B,
9782343b-ff55-4177-b2a9-bc67c5bb0e9a,09/09/2011,10:00,Industrial Production (YoY) (Jul),LOW,TRY,6.9%,-,-,6.7%,
efd31e1a-7074-40ad-82ed-b399d9f63e89,09/09/2011,10:30,Manufacturing Output (MoM) (Jul),LOW,EUR,0%,-,-,-0.3% ,
95ebf4eb-33e7-4f48-9333-0baa780782bd,09/09/2011,10:30,Industrial Production Value (MoM) (Jul),LOW,SEK,2.8%,-,-,-3.3%,
f5fe6a08-bcf1-4a23-91ce-1618974db294,09/09/2011,10:30,Industrial Production Value (YoY) (Jul),LOW,SEK,8.2%,-,-,6.4%,
b28aa218-ee10-4884-b157-018eb95ee998,09/09/2011,10:30,New Orders Manufacturing (YoY) (Jul),LOW,SEK,0.4%,-,-,5.5%,
78b60614-7c39-4efd-9b40-87e4af648b4a,09/09/2011,11:00,Gross Domestic Product (QoQ) (Q2),LOW,EUR,0.3%,-,-,0.3%,
a2f109af-cac5-41d5-a961-7c94d14c2084,09/09/2011,11:00,Gross Domestic Product (YoY) (Q2),LOW,EUR,0.2%,-,-,0.8%,
9ded45ba-161f-45d3-bf8f-f25df01d8cf7,09/09/2011,11:00,Consumer Price Index (MoM) (Jul),LOW,NOK,-0.6%,-,-,-0.2%,
ae613c1f-17be-47ef-be63-0823b353cd84,09/09/2011,11:00,Consumer Price Index (YoY) (Jul),LOW,NOK,1.3%,-,-,1.6%,
53ed9c07-843e-45b3-9d3a-073841041fb3,09/09/2011,11:00,Core Inflation (MoM) (Jul),LOW,NOK,-0.6%,-,-,-0.1%,
4667027e-6dc1-49c4-9225-8a1537a90c9f,09/09/2011,11:00,Core Inflation (YoY) (Jul),LOW,NOK,0.8%,-,-,1.2%,
c675a29c-9893-49be-b92c-8fe7d359fdef,09/09/2011,11:00,Producer Price Index (YoY) (Jul),LOW,NOK,12.8%,-,-,16.1%,
5e162151-8346-46e1-9338-3809d06137e7,09/09/2011,11:30,Producer Price Index - Input (MoM) n.s.a (Aug),LOW,GBP,-1.8%,-0.43,-1.5%,0.3% ,
fe318b94-8be0-44c3-b587-84965b7a0a2b,09/09/2011,11:30,Producer Price Index - Input (YoY) n.s.a (Aug),LOW,GBP,16.2%,-0.87,16.8%,18.5% ,
3271ee81-42d4-439a-adf5-63a3a309daf3,09/09/2011,11:30,Producer Price Index - Output (MoM) n.s.a (Aug),LOW,GBP,0%,-0.46,0.1%,0.3% ,
aea0b814-dfd9-4c9b-9db6-58a39c4ddc37,09/09/2011,11:30,Producer Price Index - Output (YoY) n.s.a (Aug),MEDIUM,GBP,6%,0.80,5.9%,6.1% ,
bc339691-6d4b-4b56-b338-a3bc792736b7,09/09/2011,13:00,Global Trade Balance (May),LOW,EUR,€-3.884B,-,-,€-4.254B,
7da152c9-d6ec-46e0-8e9c-aba93c8a41ef,09/09/2011,14:00,Net Change in Employment (Aug),MEDIUM,CAD,-5.5K,-1.19,23.4K,23.1K,
e4fafbfd-3e6b-415c-95a0-91fbbf2df174,09/09/2011,14:00,Unemployment Rate (Aug),MEDIUM,CAD,7.3%,0.00,7.3%,7.3% ,
114ece17-2c9d-4df5-876d-83bc09037b0f,09/09/2011,14:30,Bank Loan Growth,LOW,INR,20.6%,-,-,20.2%,
ba672939-e5d1-4ec0-8d5f-33f99d80e136,09/09/2011,14:30,"FX Reserves, USD",LOW,INR,$320.785B,-,-,$319.175B,
5cd6f569-619b-4bd8-aa16-12d69c72392f,09/09/2011,15:15,Housing Starts s.a (YoY) (Aug),MEDIUM,CAD,191.9K,-1.41,200K,209.9K,
c4da064d-0e03-4cea-9634-a000b18626c8,09/09/2011,15:30,Labor Productivity (QoQ) (Q2),LOW,CAD,-1%,-2.70,0.2%,0.8% ,
2ae8d821-c13e-48c1-b258-ba4e3a950606,09/09/2011,17:00,Treasury Cash Balance (Aug),LOW,TRY,0.925B,-,-,-2.07B,
fc70b9b1-9c85-440a-9ed7-b9e6f852be9f,09/09/2011,17:00,Wholesale Inventories (Jul),LOW,USD,0.8%,0.00,0.8%,0.6%,
2b4b3d0f-c247-4131-938f-8e0bcb75f181,09/11/2011,03:00,Trade Balance USD (Aug),MEDIUM,CNY,$17.76B,-1.28,$24.7B,$30.14B,
b3e59a3c-9204-49d9-be45-00d8176c9000,09/11/2011,05:00,M2 Money Supply (YoY) (Aug),LOW,CNY,13.5%,-0.88,14.2%,14.7%,
b8f1d233-8947-4f33-be10-4c44b5543f72,09/12/2011,02:50,BoJ Monetary Policy Meeting Minutes,MEDIUM,JPY,,,,,REPORT
73c708ed-f0a5-4f7b-a603-6b6abce75196,09/12/2011,02:50,BSI Large Manufacturing Conditions Index (QoQ) (Q3),MEDIUM,JPY,10.3,-,-,-23.3,
b65a6aab-d2bc-4b76-b97b-889489647f25,09/12/2011,02:50,Producer Price Index (MoM) (Aug),LOW,JPY,-0.2%,-,-,0.3% ,
6e3ea40e-cc6b-40fe-a27b-f1acb614ac80,09/12/2011,02:50,Producer Price Index (YoY) (Aug),LOW,JPY,2.6%,-,-,2.2% ,
bb66059f-589f-4d08-895b-7b26e76f7c66,09/12/2011,02:50,Tertiary Industry Index (MoM) (Jul),MEDIUM,JPY,-0.3%,-1.19,0.3%,1.9% ,
92eb13a5-b967-4435-bee6-03cea788cb8c,09/12/2011,04:30,Trade Balance (MoM) (Jul),MEDIUM,AUD,1.82M,-0.00,1.91M,"1,079M",
8ba54baf-6305-4e11-94ae-3cd9a2386e3d,09/12/2011,08:30,Cumulative Industrial Output (Jul),LOW,INR,5.8%,-,-,6.8%,
a58d0353-e0be-4b2a-9db4-a0ec3fa5486e,09/12/2011,08:30,Industrial Output (Jul),LOW,INR,3.3%,-,-,9.5% ,
47d0b9f5-5aac-4a95-9429-b5526365435a,09/12/2011,08:30,Manufacturing Output (Jul),LOW,INR,2.3%,-,-,10%,
1a4f30fa-28bc-48d3-81ff-b113f8aa37de,09/12/2011,10:00,Consumer Price Index (Aug),LOW,RON,4.3%,-,-,4.9%,
8b93a215-2b3a-48ad-b9c4-4b94ba234762,09/12/2011,10:00,Core Inflation (MoM) (Aug),LOW,EUR,-0.2%,-,-,-0.2%,
376c987c-cd4f-4217-8ecd-e29b2b55a30f,09/12/2011,10:00,Core Inflation (YoY) (Aug),LOW,EUR,2.3%,-,-,2.2%,
2a327a35-4300-412b-9b10-5a8d75dc6371,09/12/2011,10:00,Headline Inflation (MoM) (Aug),LOW,EUR,0.1%,-,-,-0.1%,
786f233e-f15c-4e65-8717-bc6707c37edc,09/12/2011,10:00,Headline Inflation (YoY) (Aug),LOW,EUR,4%,-,-,3.7%,
7d2c13d3-d208-4f14-a66c-2f538eb225f9,09/12/2011,10:00,Current Account Balance (Jul),LOW,TRY,$-5.32B,-,-,$-7.55B,
3b4fdb70-ebfa-4df8-a0c9-5ebe3213ea45,09/12/2011,10:00,Quarterly Gross Domestic Product (Q2),LOW,TRY,8.8%,-,-,11.8% ,
2155fcdb-c169-4f6e-860f-59371640922f,09/12/2011,11:00,Current Account (MoM) (Jul),LOW,CZK,-12.8B,-,-,-9.31B,
7e4e2fc1-665f-4251-ae4e-f996ea2e1fb4,09/12/2011,11:00,Industrial Output s.a. (MoM) (Jul),LOW,EUR,-0.7%,-,-,-0.6% ,
3e618566-8fcf-4c6f-9d08-f0069fed56dd,09/12/2011,11:00,Industrial Output w.d.a (YoY) (Jul),LOW,EUR,-1.1%,-,-,0.2% ,
990649da-972b-45de-bf46-3e644f0fd39a,09/12/2011,12:00,Consumer Price Index (MoM) (Aug),LOW,EUR,-0.4%,-,-,-0.1%,
456183be-7512-46c1-affe-49d88530e492,09/12/2011,12:00,Consumer Price Index (YoY) (Aug),LOW,EUR,2.9%,-,-,3.2%,
476830a4-f225-43f4-87a5-dd297af807b6,09/12/2011,13:15,Budget Fulfilment,LOW,RUB,2.3%,-,-,0.9%,
713e5d65-f321-4e5a-82fb-faa2b49e0eaf,09/12/2011,15:00,Current Account (Jul),LOW,PLN,"€-1,611M",-,-,"€-1,596M",
96908a86-d4f4-4571-9406-c3437b6b3320,09/12/2011,16:00,Industrial Output (MoM) (Jul),LOW,MXN,0.5%,-,-,-0.6%,
3713416d-3c5c-47b0-a394-308e0dad6047,09/12/2011,16:00,Industrial Output (YoY) (Aug),LOW,MXN,3.2%,-,-,3.7%,
194364d0-406c-48ec-b7f6-03adbe673a0e,09/12/2011,23:00,Fed's Richard Fisher speech,LOW,USD,,,,,SPEECH
9ae1f01d-c69c-4e9f-8512-643d22f87c47,09/13/2011,00:45,Manufacturing Sales (Q2),LOW,NZD,1.6%,-,-,0.6% ,
a9c370a8-9d9e-458a-aa5a-906a9370f995,09/13/2011,01:45,Food Price Index (MoM) (Aug),LOW,NZD,-1.3%,-,-,2%,
03834a27-4b5d-4808-8169-094097a7ddc9,09/13/2011,02:01,RICS Housing Price Balance (Aug),MEDIUM,GBP,-23%,-0.27,-22%,-21% ,
110500ac-46f4-48e9-a9e9-1616185b9d1c,09/13/2011,04:30,National Australia Bank's Business Conditions (Aug),LOW,AUD,-3,-,-,0,
dbbdb0ce-2cde-4c78-a861-1d6183531698,09/13/2011,04:30,National Australia Bank's Business Confidence (Aug),MEDIUM,AUD,-9,-,-,1,
16c0988f-d1bf-4f56-afa1-ed1293ed7367,09/13/2011,08:30,Consumer Price Index (EU norm) (MoM) (Aug),LOW,EUR,0.6%,-,-,-0.5%,
efdbce24-4a5f-48b8-9e36-65e7ae397a8c,09/13/2011,08:30,Consumer Price Index (EU norm) (YoY) (Aug),LOW,EUR,2.4%,-,-,2.1%,
df39e2ce-b1b9-4c73-8865-ef06acaa7fde,09/13/2011,08:30,Inflation ex-tobacco (MoM) (Aug),LOW,EUR,0.5%,-,-,-0.5%,
f92e4974-d26e-4eea-8479-90f5035e319f,09/13/2011,09:45,Current Account (Jul),LOW,EUR,€-3.8B,-,-,€-3.4B,
1d8f46cb-37b7-41d9-b2da-36d683803d8c,09/13/2011,10:00,Consumer Price Index (MoM) (Aug),LOW,EUR,0.1%,-,-,-0.5%,
f02f7167-4bbf-4476-a83c-ddefab5a3cba,09/13/2011,10:00,Consumer Price Index (YoY) (Aug),LOW,EUR,3%,-,-,3.2% ,
dd48991b-9cc2-41e7-9b2f-00b4d41e06e4,09/13/2011,10:00,Harmonized Index of Consumer Prices (MoM) (Aug),LOW,EUR,0%,-,-,-0.06%,
2a2e3998-c018-419b-a8d2-5dec78beb0e3,09/13/2011,10:00,Harmonized Index of Consumer Prices (YoY) (Aug),LOW,EUR,2.7%,-,-,2.7%,
f41dc553-04b1-4716-a2f8-53170e86eafd,09/13/2011,10:00,Consumer Price Index (YoY) (Aug),LOW,HUF,3.6%,-,-,3.1%,
c64b3774-a7d0-4a16-b5c2-db96ab9b8852,09/13/2011,10:30,Consumer Price Index (MoM) (Aug),LOW,SEK,0%,-,-,0%,
225528ad-4c30-4bf7-a4d1-10e02147b97a,09/13/2011,10:30,Consumer Price Index (YoY) (Aug),LOW,SEK,3.4%,-,-,3.3%,
2ba21fe9-cf04-43c5-8b43-357435232eb2,09/13/2011,11:30,Consumer Price Index (MoM) (Aug),MEDIUM,GBP,0.6%,0.00,0.6%,0%,
1e7ade79-26ce-4b67-9f15-54ccc846a496,09/13/2011,11:30,Consumer Price Index (YoY) (Aug),MEDIUM,GBP,4.5%,0.00,4.5%,4.4%,
66b29a16-237c-4a46-82e0-2478dca3afe0,09/13/2011,11:30,Core Consumer Price Index (YoY) (Aug),MEDIUM,GBP,3.1%,0.33,3%,3.1%,
87ae8eb1-9c2e-42e5-9dfb-52df86d6a3d3,09/13/2011,11:30,DCLG House Price Index (YoY) (Jul),LOW,GBP,-1.5%,-0.40,-1.1%,-2%,
77c54fe7-0a4d-4437-87b3-866bb361e77f,09/13/2011,11:30,Goods Trade Balance (Jul),MEDIUM,GBP,£-8.154B,0.46,£-8.5B,£-9.425B,
3d530999-2c77-4133-83e3-2bc4ad89dc7c,09/13/2011,11:30,Retail Price Index (MoM) (Aug),LOW,GBP,0.6%,0.00,0.6%,-0.2%,
23ddd1ce-ce93-410f-8d6e-a780f3c447d9,09/13/2011,11:30,Retail Price Index (YoY) (Aug),LOW,GBP,5.2%,1.25,5.1%,5%,
c67c1af1-92d5-4a6d-aa0d-8c41aed83836,09/13/2011,11:30,Trade Balance; non-EU (Jul),MEDIUM,GBP,£-4.651B,-,-,£-6.108B,
50254422-3996-429d-a2c9-0486640645e8,09/13/2011,14:00,Retail Sales (MoM),NONE,BRL,1.4%,-,-,0.2%,
feebee21-7e6e-48da-ad2b-d5319a4adf96,09/13/2011,15:00,Consumer Price Index (MoM) (Aug),LOW,PLN,0%,-,-,-0.3%,
65a3131a-21c4-412f-8723-b9c7d00323be,09/13/2011,15:00,Consumer Price Index (YoY) (Aug),LOW,PLN,4.3%,-,-,4.1%,
534b0719-b73f-4cf4-a457-8772d0640e3e,09/13/2011,15:30,Export Price Index (MoM) (Aug),LOW,USD,0.4%,-,-,-0.4% ,
a2f47e8f-fd88-4bd7-9674-6770402dacc0,09/13/2011,15:30,Import Price Index (MoM) (Aug),LOW,USD,-0.2%,2.33,-0.8%,0.1% ,
3eb38aee-f878-4c4c-b09e-9824797e500f,09/13/2011,15:30,Import Price Index (YoY) (Aug),LOW,USD,13%,1.28,12.6%,13.7% ,
8e3481dd-1bbe-4c4d-a981-528d2186345a,09/13/2011,17:00,RealClearMarkets/TIPP Economic Optimism (MoM) (Sep),LOW,USD,39.9,0.79,37,35.8,
c1a745e5-d7d0-4699-b7c3-21743249a4e1,09/13/2011,21:00,Monthly Budget Statement (Aug),MEDIUM,USD,$-134.15B,-,-,$-129.4B,
3691a241-9131-41d0-943b-ab64581f4af7,09/14/2011,03:30,Westpac Consumer Confidence (Sep),MEDIUM,AUD,8.1%,-,-,-3.5%,
bec3b309-d94b-4887-83fa-38fa178d9727,09/14/2011,04:30,Dwelling Unit Starts (QoQ),LOW,AUD,-4.7%,-,-,3.1% ,
fe05c54f-5012-4efe-8371-9373f0d97c6d,09/14/2011,07:30,Capacity Utilization (Jul),LOW,JPY,0.6%,-,-,6.6% ,
10932296-cded-447f-836b-93cb9abbbe3c,09/14/2011,07:30,Industrial Production (MoM) (Jul),LOW,JPY,0.4%,-0.33,0.6%,0.6%,
69f59387-0f12-4499-b624-7f897232e9f3,09/14/2011,07:30,Industrial Production (YoY) (Jul),MEDIUM,JPY,-3%,-,-,-2.8%,
d86983cc-1a7f-4a15-9dbd-81f98f7f2eb9,09/14/2011,09:00,Consumer Price Index (YoY) (Aug),LOW,EUR,3.8%,-,-,4%,
301b6168-52e6-4dc5-b12b-594a45b0d639,09/14/2011,09:30,WPI Inflation (Aug),LOW,INR,9.78%,-,-,9.22%,
779faa37-c3c8-487a-b0ea-5eff126774b7,09/14/2011,10:00,EU Norm Inflation (MoM) (Aug),LOW,EUR,0.1%,-,-,-0.2%,
0b4d50a2-63d2-4dd7-9780-16ede72b7f6f,09/14/2011,10:00,EU Norm Inflation (YoY) (Aug),LOW,EUR,4.1%,-,-,3.8%,
be248b19-5cc3-4b67-a9d3-d4ec6a61f30d,09/14/2011,10:15,Producer and Import Prices (MoM) (Aug),LOW,CHF,-1.2%,-8.83,-0.3%,-0.7%,
55a10341-ce4c-461d-b86a-a9f5fbab1a97,09/14/2011,10:15,Producer and Import Prices (YoY) (Aug),LOW,CHF,-1.9%,-5.06,-1.1%,-0.6%,
aafb0c5e-610a-4d58-8c93-274bb169c927,09/14/2011,11:30,Average Earnings Excluding Bonus (3Mo/Yr) (Jul),LOW,GBP,2.1%,0.00,2.1%,2.1% ,
54c0c289-1006-4cf4-9285-01795a0887bc,09/14/2011,11:30,Average Earnings Including Bonus (3Mo/Yr) (Jul),MEDIUM,GBP,2.8%,0.27,2.7%,2.4% ,
6b932e14-36b3-4fd4-b047-f8f39f78d5e3,09/14/2011,11:30,Claimant Count Change (Aug),LOW,GBP,19.1K,-1.53,32K,35.6K,
b4f3a007-d94b-4fd0-8f07-2ed3c9ad0999,09/14/2011,11:30,Claimant Count Rate (Aug),MEDIUM,GBP,4.9%,-1.58,5%,4.7% ,
2707910d-c4bd-47e1-8420-7c0076beee14,09/14/2011,11:30,ILO Unemployment Rate (3M) (Jul),MEDIUM,GBP,7.9%,0.00,7.9%,7.9%,
6a8e482d-d475-47f2-b1f9-6cb1d6b5600c,09/14/2011,12:00,Industrial Production s.a. (MoM) (Jul),LOW,EUR,1.1%,-0.96,1.5%,-1.4% ,
6363d4d6-960d-480b-b5e6-98a1d4d04029,09/14/2011,12:00,Industrial Production w.d.a. (YoY) (Jul),MEDIUM,EUR,4.4%,-0.30,4.6%,2.5% ,
223aec34-283b-4f56-a2fb-d9d8c1f88ba6,09/14/2011,14:00,MBA Mortgage Applications,LOW,USD,6.3%,-,-,-4.9%,
36924e08-6470-45c2-b1d6-dc4bbb2dbdfb,09/14/2011,15:00,M3 Money Supply (YoY) (Aug),LOW,PLN,8.5%,-,-,7.3%,
a435db16-e20b-4590-98c4-1e15869bfed8,09/14/2011,15:30,Capacity Utilization (Q2),LOW,CAD,79.9%,0.13,79.7%,80.1% ,
e50f77cc-5939-4379-9b92-eb3ab86f35d2,09/14/2011,15:30,Producer Price Index (MoM) (Aug),LOW,USD,0%,0.45,-0.1%,0.2%,
7dc82dbb-29bd-42cc-b7bf-e82f2e24b37a,09/14/2011,15:30,Producer Price Index (YoY) (Aug),MEDIUM,USD,6.5%,0.22,6.4%,4.4% ,
17ef51ba-6d14-4f28-a666-b08d518910cc,09/14/2011,15:30,Producer Price Index ex Food & Energy (MoM) (Aug),LOW,USD,0.1%,-2.50,0.2%,0.2% ,
2810c112-c98c-4d0f-8fd6-c4258ced4b36,09/14/2011,15:30,Producer Price Index ex Food & Energy (YoY) (Aug),MEDIUM,USD,2.5%,-1.12,2.6%,2.6% ,
deb1e3bf-757f-47d6-ae07-413e84462f72,09/14/2011,15:30,Retail Sales (MoM) (Aug),MEDIUM,USD,0.3%,0.38,0.2%,-0.1% ,
da61e19d-1968-4be6-981d-e1d3f159bed1,09/14/2011,15:30,Retail Sales ex Autos (MoM) (Aug),MEDIUM,USD,0.5%,1.17,0.2%,0% ,
55525442-3e83-4b1a-9c7e-c71c43a9861f,09/14/2011,17:00,Business Inventories (Jul),MEDIUM,USD,0.5%,0.00,0.5%,0.4%,
d05fdc8a-ff64-4f75-b83b-bdf8371853f0,09/14/2011,17:30,EIA Crude Oil Stocks Change,LOW,USD,-6.7M,-,-,-4M,
6d9ab5b0-7555-4581-8ca0-ebaa7383739e,09/14/2011,22:00,Consumer Price Index (MoM) (Aug),LOW,ARS,0.8%,-,-,0.8%,
5f5ce4c5-77bc-4099-a0aa-d769b4f80fca,09/15/2011,00:00,RBNZ Interest Rate Decision,HIGH,NZD,2.5%,0.00,2.5%,2.5%,
0a65aaab-0f7e-4f96-9970-33fcbe2d1912,09/15/2011,00:00,RBNZ Monetary Policy Statement,HIGH,NZD,,,,,REPORT
033d2db0-f326-43ca-8367-43d3f5dd6f1a,09/15/2011,01:30,Business NZ PMI (Aug),LOW,NZD,52.9,-,-,52.9,
82c6afe7-e674-4504-a667-0f3bac529ce2,09/15/2011,03:00,FDI - Foreign Direct Investment (YTD) (YoY) (Aug),LOW,CNY,17.7%,-,-,18.6%,
d473bd62-d3b5-4571-88f5-efbfae8e013a,09/15/2011,04:00,Consumer Inflation Expectations (Aug),LOW,AUD,2.8%,-,-,2.7%,
b52e0f16-7b9f-4c66-aa3c-5cf84ff1c772,09/15/2011,04:30,New Motor Vehicle Sales (MoM) (Aug),LOW,AUD,3.4%,-,-,8.6% ,
c1278ca2-7ca0-4e07-a0c6-cd04c4d93d62,09/15/2011,04:30,New Motor Vehicle Sales (YoY) (Aug),LOW,AUD,4.4%,-,-,0.9%,
68642c6f-420e-4f1f-bfc6-04a87ae1e518,09/15/2011,04:30,RBA Foreign Exchange Transaction (Aug),LOW,AUD,367M,-,-,605M,
a3a522f9-de5b-45db-beb1-5eb98ed59eb1,09/15/2011,06:00,Trade Balance (Aug),LOW,KRW,$0.5B,-,-,$0.82B,
3a101106-5c15-42f7-bfcc-016a68a13051,09/15/2011,10:00,Export Prices (YoY) (Jul),LOW,CZK,0.2%,-,-,-1.4%,
31ef67d9-ae84-4ddc-a60d-6d53668c40e3,09/15/2011,10:00,Import Prices (YoY) (Jul),LOW,CZK,2.4%,-,-,0.4%,
9a2de283-3178-4797-903f-ead3b39dbb8d,09/15/2011,10:00,Producer Price Index (MoM) (Aug),LOW,CZK,-0.1%,-,-,-0.1%,
0351b6d0-9dde-46e3-b3d9-fbe8b4efa736,09/15/2011,10:00,Producer Price Index (YoY) (Aug),LOW,CZK,5.7%,-,-,5.4%,
a00992a3-7e14-4063-b59e-ae519bea9488,09/15/2011,10:00,Current Account (Aug),LOW,EUR,€0.2B,-,-,€0.5B,
32be0900-eda0-46c5-bb16-9b6d9527a022,09/15/2011,10:00,Industrial Output (YoY) (Jul),LOW,HUF,0.3%,-,-,0.3%,
3f9b4191-133d-4230-a350-280c5b70f259,09/15/2011,10:00,Unemployment Rate (Jul),LOW,TRY,9.2%,-,-,9.4%,
ecc87308-7fdc-44e2-989c-81e5582ee029,09/15/2011,10:15,Industrial Production (QoQ) (Q2),MEDIUM,CHF,2.9%,-0.05,3%,-9.2% ,
e1267eb8-1a6b-4c16-b10f-f69f785dadd3,09/15/2011,10:15,Industrial Production (YoY) (Q2),MEDIUM,CHF,2.6%,-0.06,2.7%,2.4% ,
44055dd3-9eb9-426f-abd4-9efae55d5512,09/15/2011,10:30,SNB Interest Rate Decision,HIGH,CHF,0%,-,-,0%,
03ec5be0-eca9-425b-b543-da5d421e3fad,09/15/2011,10:30,Retail Sales (YoY) (Jul),LOW,EUR,-0.6%,-,-,0%,
490562c3-dcc3-4ccd-a70d-57cc29f751d4,09/15/2011,10:30,Unemployment Rate s.a (3M) (Aug),LOW,EUR,5.4%,-,-,5.3%,
c6d0b3bb-3e30-41fa-b117-eb58736b5e64,09/15/2011,10:30,Unemployment Rate (Aug),LOW,SEK,6.6%,-,-,6.9%,
04daaf83-d402-475b-977d-9a1f59510dfa,09/15/2011,10:30,SNB Press Conference,MEDIUM,CHF,,,,,SPEECH
00a54d16-7d74-47bc-a803-527b995b3ed1,09/15/2011,11:00,HICP (MoM) (Aug),LOW,EUR,0.1%,-,-,-0.4%,
04b70f53-95be-4a5b-992c-6639e15be052,09/15/2011,11:00,HICP (YoY) (Aug),LOW,EUR,3.7%,-,-,3.8%,
b31aa686-0844-468a-8b38-158bb2e43243,09/15/2011,11:00,ECB Monthly Report,MEDIUM,EUR,,,,,REPORT
a4bd8f3b-7d8b-472d-bc21-f4c554da5eb7,09/15/2011,11:00,Unemployment Rate (QoQ) (Q2),LOW,EUR,16.3%,-,-,15.9%,
04614a09-e331-4f8f-a411-2ccd4ae2890f,09/15/2011,11:00,Consumer Price Index (EU Norm) (MoM) (Aug),LOW,EUR,0.4%,-,-,0.3%,
911a8998-35f1-45db-a559-a7e20d72fab1,09/15/2011,11:00,Consumer Price Index (EU Norm) (YoY) (Aug),LOW,EUR,2.3%,-,-,2.1%,
117f5c84-c289-4fe3-b5a8-3d2b35e5a4bc,09/15/2011,11:00,Trade Balance (Aug),LOW,NOK,32B,-,-,38.1B,
55dc627e-4154-434c-91b6-9acac118b5cb,09/15/2011,11:00,Budget Balance (Jul),LOW,TRY,-3.5B,-,-,3.1B,
aca7a894-ba2c-4f04-bd1a-82f4addd4ef0,09/15/2011,11:30,Consumer Inflation Expectations,HIGH,GBP,4.2%,-,-,3.9%,
63d2023b-0b05-4c13-baf2-1b333f63c2f8,09/15/2011,11:30,Retail Sales (MoM) (Aug),LOW,GBP,-0.4%,-0.21,-0.3%,0.3% ,
11f0c574-be5d-4d67-9523-2c48198d7fd0,09/15/2011,11:30,Retail Sales (YoY) (Aug),MEDIUM,GBP,-0.8%,-0.87,-0.2%,-2% ,
ec11d796-f4d9-44df-8a88-adb06a1ca8de,09/15/2011,11:30,Retail Sales ex-Fuel (MoM) (Aug),LOW,GBP,-0.4%,-,-0.3%,0.4% ,
2dc2b710-e259-482b-8299-7f0d67d8717d,09/15/2011,11:30,Retail Sales ex-Fuel (YoY) (Aug),MEDIUM,GBP,-1%,-,-0.1%,-2.2% ,
d31d1a65-ab12-43d5-be63-a46318488f2f,09/15/2011,11:50,Central Bank Reserves $,LOW,RUB,$538.8B,-,-,$543.4B,
0c45d9be-2ba3-4719-9030-609218936b11,09/15/2011,12:00,Core Harmonized Index of Consumer Prices (YoY) (Aug),HIGH,EUR,1.2%,0.00,1.2%,1.2% ,
e83a1a2f-adf8-4477-bc7b-27488cd9d24f,09/15/2011,12:00,Employment Change (QoQ) (Q2),LOW,EUR,0.2%,0.00,0.2%,0% ,
c967a86b-96e5-4ebb-9a0f-484eea6009d3,09/15/2011,12:00,Employment Change (YoY) (Q2),LOW,EUR,0.4%,-,-,0.2%,
c269fb90-8452-4d31-bb02-bd96ba3506f7,09/15/2011,12:00,Harmonized Index of Consumer Prices (MoM) (Aug),HIGH,EUR,0.2%,0.00,0.2%,-0.6%,
b1d84fc1-7a72-4220-812f-b8ce2da7965b,09/15/2011,12:00,Harmonized Index of Consumer Prices (YoY) (Aug),MEDIUM,EUR,2.5%,0.00,2.5%,2.5%,
592f1e6a-db2d-4347-895b-8ac4fa2ce768,09/15/2011,15:30,Manufacturing Sales (MoM) (Jul),LOW,CAD,3%,1.53,1.3%,-0.5% ,
0b96dbde-c2e4-40b0-8a7e-2766320f3092,09/15/2011,15:30,New Motor Vehicle Sales (MoM),LOW,CAD,-6.2%,-,-,10.8%,
3c79d069-90c5-4bc1-b349-c9b94cd281a5,09/15/2011,15:30,Consumer Price Index (MoM) (Aug),HIGH,USD,0.4%,1.71,0.2%,0.3% ,
4f4d69d7-49d3-42bf-8b56-10bb82259469,09/15/2011,15:30,Consumer Price Index (YoY) (Aug),HIGH,USD,3.8%,1.36,3.6%,3.6%,
b12f4497-9092-4661-b985-b28e622a1748,09/15/2011,15:30,Consumer Price Index ex Food & Energy (MoM) (Aug),HIGH,USD,0.2%,0.00,0.2%,0.2%,
de89383a-85a0-4d00-be33-c0fb72d6f5b2,09/15/2011,15:30,Consumer Price Index ex Food & Energy (YoY) (Aug),HIGH,USD,2%,2.04,1.9%,1.7% ,
65b788ec-7d0e-479d-9124-4de24f16ea59,09/15/2011,15:30,Continuing Jobless Claims,LOW,USD,3.755M,1.38,3.71M,3.717M,
3873b9a7-caba-4621-8948-19b2596dd05b,09/15/2011,15:30,Current Account (Q2),LOW,USD,$-124.72B,-0.58,$-122.5B,$-119.2B,
9fd43466-5af0-49a1-b0ce-c17ebf919350,09/15/2011,15:30,Initial Jobless Claims,LOW,USD,432K,3.03,410K,417K,
7e4295ba-da52-467a-8fbb-fc9a31f4837b,09/15/2011,15:30,NY Empire State Manufacturing Index (Sep),LOW,USD,-8.82,-0.63,-3.9,-3.9,
03e9bfb8-33f4-4f35-b944-3774c24be0e4,09/15/2011,16:15,Capacity Utilization (Aug),LOW,USD,77.6%,0.21,77.5%,76% ,
f1062cea-f063-4267-8a1b-c619fe472267,09/15/2011,16:15,Industrial Production (MoM) (Aug),MEDIUM,USD,0%,-0.31,0.1%,0.5% ,
a3145215-2937-4f37-940d-bada8f7694df,09/15/2011,17:00,Industrial Output (Aug),LOW,RUB,6.2%,-,-,5.2%,
5f00fadf-eae8-4ae3-9d8d-20816f585ef8,09/15/2011,17:00,Philadelphia Fed Manufacturing Survey (Sep),MEDIUM,USD,-17.5,-0.14,-16,-19.5,
1f68c929-540c-4671-af02-15866576f025,09/15/2011,19:00,BoC's Lane speech,LOW,CAD,,,,,SPEECH
1ddae010-c05b-4fa0-9462-14be0566e2b7,09/15/2011,21:30,Cash Reserve Ratio,LOW,INR,6%,-,-,6%,
f1329df1-a7e8-4b2c-985a-d95fa479c2da,09/15/2011,21:30,RBI Interest Rate Decision (Repo Rate),LOW,INR,8.25%,-,-,8%,
e8eb3892-67ae-44bb-8949-e130bd946b33,09/16/2011,00:00,Import Price Growth (YoY) (Aug),LOW,KRW,28.9%,-,-,29.2%,
4a085f3e-ac71-462c-959e-ccaaddf618b1,09/16/2011,03:00,EcoFin Meeting,MEDIUM,EUR,,,,,ALL DAY
e0fceaf5-08ec-4b09-9cd2-a811f4b3baf3,09/16/2011,03:00,Producer Price Index (YoY) (Aug),LOW,RUB,18%,-,-,16.1%,
795f02c7-6e2c-4a66-9cb3-d2f3b5f20027,09/16/2011,04:00,Reverse Repo Rate,NONE,INR,7.25%,-,-,7%,
cb7bf757-5059-404e-9685-13f1d69f2f66,09/16/2011,10:00,Gross Wages (YoY) (Jul),LOW,HUF,6.2%,-,-,4.7%,
69fadf61-bbed-4380-9f82-030e1322ccb5,09/16/2011,10:00,Consumer Confidence (Aug),LOW,TRY,91.74,-,-,94.83,
8ee061ca-ba6d-41d3-9a2c-7b28fc6b0200,09/16/2011,11:00,Current Account n.s.a (Jul),LOW,EUR,€-2B,-,-,€2.3B,
db78e0f1-b0a2-4041-895a-da4f8ffa6e9b,09/16/2011,11:00,Current Account s.a (Jul),LOW,EUR,€-6.8B,-0.39,€-5.6B,€0.2B,
66b79133-8772-4b50-9453-31f31bd77cf2,09/16/2011,11:00,Global Trade Balance (Aug),LOW,EUR,€1.44B,-,-,€-2.905B,
4be1ddcc-1d97-4741-a57c-cce0fe080165,09/16/2011,11:00,Trade Balance EU (Jul),LOW,EUR,€-0.402B,-,-,€-0.294B,
3f8ccc97-01da-4078-9b91-c86be096fa75,09/16/2011,12:00,Trade Balance n.s.a. (Jul),LOW,EUR,€2.4B,-,-,€-1.2B,
a2b04fdb-f5ac-4934-83bd-bce0b888df27,09/16/2011,12:00,Trade Balance s.a. (Jul),LOW,EUR,€-3.6B,-2.36,€1.7B,€-6.1B,
0b7e81d2-8898-4410-858e-0cc511ee0916,09/16/2011,12:14,Export Price Growth (YoY) (Aug),LOW,KRW,1.8%,-,-,-1.3%,
e8a7ed80-6982-43de-8888-45e86c8d6723,09/16/2011,13:00,Budget Balance (Aug),NONE,TRY,2.8B,-,-,-3.5B,
4dbf23dc-ba64-4bf9-a100-c3df274d4115,09/16/2011,14:30,"FX Reserves, USD",LOW,INR,$316.5B,-,-,$320.785B,
7596b38e-d671-479b-ad86-46133fbfad9d,09/16/2011,15:00,Corporate Sector Wages (Aug),LOW,PLN,5.4%,-,-,5.2%,
b0cc1da9-0f89-4e50-8f51-5e95ecc91bea,09/16/2011,15:30,Canadian Portfolio Investment in Foreign Securities (Jul),LOW,CAD,$-1.82B,-,-,$0.89B,
dfecf178-c3e6-41ab-8d9e-4386440f0424,09/16/2011,15:30,Foreign Portfolio Investment in Canadian Securities (Jul),MEDIUM,CAD,$12.13B,-,-,$-1.73B,
f1cff021-bab3-4475-92aa-42db0afa49bc,09/16/2011,16:00,Net Long-Term TIC Flows (Jul),MEDIUM,USD,$9.1B,-1.79,$27.3B,$2.3B,
3fc8a521-70cb-4473-8f7b-03945562a499,09/16/2011,16:00,Total Net TIC Flows (Jul),LOW,USD,$-52.4B,-,-,$-23.1B,
dd94b7c1-9d0f-42c5-9679-4defd16f4cba,09/16/2011,16:55,Michigan Consumer Sentiment Index (Sep) PREL,MEDIUM,USD,57.8,0.46,56,55.7,
8b157080-3769-48da-a200-0c37f2f2d581,09/16/2011,22:00,Gross Domestic Product (QoQ) (Q2),LOW,ARS,9.1%,-,-,-,
1646208c-23f2-4bf8-b7f0-384df6fce34f,09/17/2011,03:00,EcoFin Meeting,MEDIUM,EUR,,,,,ALL DAY
f3a66812-b7df-45fc-9287-ddf1163fca49,09/19/2011,00:00,Westpac Consumer Survey (Q3),MEDIUM,NZD,112,-,-,-,
63f6c32c-084e-45c7-b6ac-7d2921a7d158,09/19/2011,02:01,Rightmove House Price Index (MoM) (Sep),LOW,GBP,0.7%,-,-,-1.1% ,
76c15c54-8f20-4f30-b44a-a7e4ae8841fa,09/19/2011,02:01,Rightmove House Price Index (YoY) (Sep),MEDIUM,GBP,1.5%,-,-,-1% ,
1a67eef6-cf07-403a-b83a-41d74d03c2d9,09/19/2011,03:00,Respect-for-the-Aged Day Bank Holiday,NONE,JPY,,,,,ALL DAY
5f028a08-2d6b-49da-bb56-c80909acac2c,09/19/2011,09:00,Export Prices (YoY) (Aug),LOW,EUR,4.1%,-,-,5%,
cd73e7e9-891c-4bc1-b944-b0cbb0ac0883,09/19/2011,09:00,Import Prices (YoY) (Aug),LOW,EUR,6.6%,-,-,8.4%,
9bb734fd-d889-4fd6-890e-8db645f34587,09/19/2011,11:00,Producer Price Index (MoM) (Jul),LOW,EUR,0%,-,-,-0.1%,
525a505f-eebe-43bd-8f14-5d61c47e7d4b,09/19/2011,11:00,Producer Price Index (YoY) (Jul),LOW,EUR,3.6%,-,-,3.9%,
eac6a804-442b-4d9c-a1e3-3a22958b1c80,09/19/2011,11:00,Unemployment Rate (Aug),LOW,EUR,13.12%,-,-,13.15%,
b3fc8185-892c-4e68-bdbc-8c00bc4d0a09,09/19/2011,12:00,Construction Output s.a (MoM) (Jul),LOW,EUR,1.8%,-,-,-2.9% ,
78aa9463-8580-467a-b558-39d1cc192182,09/19/2011,12:00,Construction Output w.d.a (YoY) (Jul),LOW,EUR,1.2%,-,-,-9.1% ,
6b57fe56-5764-460d-8fe9-bb333cbc32a9,09/19/2011,15:00,Industrial Output (YoY) (Aug),LOW,PLN,8.1%,-,-,1.8%,
332e9c82-c6d6-4aac-9dd7-b6993ee9e22b,09/19/2011,15:00,Producer Price Index (YoY) (Jul),LOW,PLN,6.6%,-,-,5.9%,
d21cd7a8-a4cf-4614-9d65-ad7d2d04152f,09/19/2011,17:00,NAHB Housing Market Index (Sep),LOW,USD,14,-0.91,15,15,
93af30e8-2129-4519-b911-122f00a62274,09/19/2011,17:30,Unemployment Rate (Aug),NONE,RUB,6.1%,-,-,6.5%,
974f4162-1fe5-4736-9a35-67291b95c1e3,09/19/2011,17:30,Barack Obama Press Conference,MEDIUM,USD,,,,,SPEECH
2b59d987-1a4a-4c54-a0fa-0d32f04d32c6,09/20/2011,00:00,Primary Budget Balance (MoM) (Aug),LOW,ARS,431,-,-,0.388,
3cbcc27e-1e51-4d57-9bb8-19893d79452e,09/20/2011,04:30,RBA Meeting Minutes,HIGH,AUD,,,,,REPORT
b7f2c97d-2044-4382-80fa-8b90be895fcd,09/20/2011,08:00,Coincident Index (Jul),LOW,JPY,107.1,-,-,109,
d6061183-9f35-42c6-b831-0fc83ce071c7,09/20/2011,08:00,Leading Economic Index (Jul),MEDIUM,JPY,104.6,-,-,106,
762fbd09-58e6-4442-b8bf-992341fdbfc0,09/20/2011,08:45,SECO Economic Forecasts,LOW,CHF,,,,,REPORT
2778f578-d219-424b-a332-b1038b775167,09/20/2011,09:00,Trade Balance (Aug),MEDIUM,CHF,760M,0.49,1.97M,"2,825M",
f198c65a-ff4c-48db-81fa-3bd9a90a72dc,09/20/2011,09:00,Producer Price Index (MoM) (Aug),HIGH,EUR,-0.3%,-1.41,0.2%,0.6% ,
5d075075-c9ed-4d82-94ec-d14b70626200,09/20/2011,09:00,Producer Price Index (YoY) (Aug),HIGH,EUR,5.5%,-0.87,5.8%,5.3% ,
8b3ace8b-c6b3-419f-8766-e24f2df1930a,09/20/2011,09:00,Unemployment Rate (Sep),LOW,EUR,7.7%,-,-,7.8%,
2a4adbcc-2c41-400d-be34-f60d33818270,09/20/2011,10:30,Consumer Confidence Adj (Sep),LOW,EUR,-30,-,-,-21,
8ba452b6-033f-43f8-8c78-fe225908d41a,09/20/2011,10:30,Gross Domestic Product (QoQ) (Q2),LOW,SEK,0.9%,-,-,1%,
bdd56a0d-e592-4b8a-b94c-4acced16f04e,09/20/2011,10:30,Gross Domestic Product (YoY) (Q2),LOW,SEK,4.9%,-,-,4.8% ,
bc1aa38c-7b2e-4759-bbb4-08aab8ec7171,09/20/2011,11:00,Industrial Orders n.s.a (YoY) (Jun),LOW,EUR,6.5%,-,-,13.6%,
8d2b675f-0517-4005-b046-22ec0269a2a3,09/20/2011,11:00,Industrial Orders s.a (MoM) (Jun),LOW,EUR,1.8%,-,-,4.1% ,
d8017a72-f510-4dbd-a726-5c68b90f579f,09/20/2011,11:00,Industrial Sales n.s.a. (YoY) (Jun),LOW,EUR,7.8%,-,-,10.8%,
fb56b0fc-90ce-4bb3-9835-1027da03f520,09/20/2011,11:00,Industrial Sales s.a. (MoM) (Jun),LOW,EUR,1.8%,-,-,-1.7%,
bfe00bd2-7bd0-4c75-8225-cf611afce6e0,09/20/2011,11:18,Producer Price Index (MoM) (Aug),LOW,RUB,4.6%,-,-,-1%,
eb2d9b14-4bd2-4778-8f29-6f6001e4a755,09/20/2011,12:00,ZEW Survey – Current Situation (Sep),MEDIUM,EUR,43.6,0.25,40,53.5,
a2bc0c80-fb2b-47a1-94f2-63f511096827,09/20/2011,12:00,ZEW Survey – Economic Sentiment (Sep),HIGH,EUR,-43.3,0.17,-43.9,-37.6,
9f51561b-0ff4-42e5-86d2-dcab90ffa2fd,09/20/2011,12:00,ZEW Survey – Economic Sentiment (Sep),MEDIUM,EUR,-44.6,-0.19,-42.3,-40,
4fd85626-c744-49be-8f82-d2f945a344cc,09/20/2011,14:00,Mid-month Inflation,LOW,BRL,0.53%,-,-,0.27%,
c7041f3f-2779-4fda-8ce2-3c95375accb5,09/20/2011,15:00,MNB Interest Rate Decision,LOW,HUF,6%,-,-,6%,
c45f750a-c3cc-4aa8-9198-b1004033333f,09/20/2011,15:00,Net Inflation (Aug),LOW,PLN,2.7%,-,-,2.4%,
97d7caa7-58fb-4e5e-a620-1fd9244ccfca,09/20/2011,15:30,Leading Indicators (MoM) (Aug),MEDIUM,CAD,0%,-0.38,0.2%,0.2% ,
11e310cb-d172-4633-babd-efb8c24369f9,09/20/2011,15:30,Wholesale Sales (MoM) (Jul),LOW,CAD,0.9%,0.31,0.6%,0.5% ,
591476ac-62a4-47ac-87ad-82634575d7ee,09/20/2011,15:30,Building Permits (MoM) (Aug),MEDIUM,USD,0.625M,0.85,0.6M,0.621M,
a4d910c0-8eba-43b4-8dc0-ad6c90dba3fb,09/20/2011,15:30,Housing Starts (MoM) (Aug),MEDIUM,USD,0.572M,-0.55,0.59M,0.623M,
8c316a1a-fb4c-49ad-8c0f-2d4812bf7a9b,09/20/2011,16:00,Consumer Confidence Index (Sep),LOW,EUR,-9,-,-,-9,
1c4afca2-48c7-43ea-b986-770cbc05192e,09/21/2011,01:45,Current Account (QoQ) (Q2),MEDIUM,NZD,$-0.92B,-0.12,$-0.69B,$0.357B,
4c15a466-df30-44f1-908c-a5f89495721b,09/21/2011,01:45,Visitor Arrivals (YoY) (Aug),LOW,NZD,4.7%,-,-,-3.7%,
000b82b5-e503-4afa-8da0-a896764da0de,09/21/2011,02:00,Unemployment Rate (Aug),LOW,KRW,3.1%,-,-,3.3%,
19633da5-b720-4c64-8261-5751e58f1f68,09/21/2011,02:06,Nationwide Consumer Confidence (Aug),MEDIUM,GBP,48,0.15,47,49,
77d70f52-3bac-43c4-9739-9e3e068d48eb,09/21/2011,02:50,Adjusted Merchandise Trade Balance (Aug),LOW,JPY,¥-294.378B,-1.46,¥-22.1B,¥-130.5B,
99ba793b-b6e5-4bc7-a46c-8c1129605439,09/21/2011,02:50,Merchandise Trade Balance Total (Aug),MEDIUM,JPY,¥-775.3B,-1.83,¥-300B,¥69.7B,
a290a30f-76c8-48fc-9445-fd809d3b1fc4,09/21/2011,03:30,Westpac Leading Index (MoM) (Aug),LOW,AUD,-0.04%,-,-,-0.17%,
d738a2db-5df7-4cd5-a9b1-8b4bc5741e70,09/21/2011,07:30,All Industry Activity Index (MoM) (Jul),MEDIUM,JPY,0.4%,-1.92,0.9%,2.3%,
501eac72-f0be-4ff7-a7ba-f3acd7789b09,09/21/2011,10:00,Retail Sales (YoY),NONE,HUF,-1.3%,-,-,-0.5%,
9feda3de-838e-4eb9-9dca-0e711c9813a0,09/21/2011,11:00,Labour Force Survey (Q3),NONE,NOK,3.2%,-,-,3.3%,
2a823160-1142-4fc7-b950-e9652f3121e6,09/21/2011,11:00,Current Account Balance (Jul),LOW,EUR,€-8.713B,-,-,€-8.003B,
abb4a3e9-c4df-4c3e-9f09-4912310fee84,09/21/2011,11:00,Consumer Price Index (YoY),NONE,ZAR,5.3%,-,-,5.3%,
2f89f2fa-888c-403e-b300-84f5885f63eb,09/21/2011,11:00,Consumer Price Index (MoM),NONE,ZAR,0.2%,-,-,0.9%,
0ed00f0f-91f0-4fb6-b195-6484e630e2c1,09/21/2011,11:30,BoE Minutes,HIGH,GBP,,,,,REPORT
15cb3f7c-167c-415e-9839-1f131d703ba7,09/21/2011,11:30,Public Sector Net Borrowing (Aug),MEDIUM,GBP,£10.93B,-0.11,£11.3B,£3.198B,
cfe9fe42-3329-40e2-9fb6-1c3be65db7e1,09/21/2011,12:00,Gross Domestic Product Monthly (YoY) (Aug),LOW,RUB,5.2%,-,-,4.2%,
ba7a3ae4-7c01-406b-be83-fb57037cbe31,09/21/2011,12:00,CBI Interest Rate Decision,LOW,ISK,4.5%,-,-,4.5%,
c9fcd90b-ef95-465d-a31f-a6857a91892b,09/21/2011,14:00,BoC Consumer Price Index Core (MoM) (Aug),LOW,CAD,0.4%,0.54,0.2%,0.2%,
f1c9d52c-dffd-4894-8683-02bdaa88787b,09/21/2011,14:00,BoC Consumer Price Index Core (YoY) (Aug),MEDIUM,CAD,1.9%,0.74,1.6%,1.6%,
ff24ce84-d2bf-4014-a146-a7d36e0dd48d,09/21/2011,14:00,Consumer Price Index (MoM) (Aug),MEDIUM,CAD,0.3%,0.54,0.1%,0.2%,
9ed1b19d-9d5a-4e70-a717-fe992ca558ae,09/21/2011,14:00,Consumer Price Index (YoY) (Aug),HIGH,CAD,3.1%,0.59,2.9%,2.7%,
5e60c73c-683c-476a-ba48-dfcda0d33416,09/21/2011,14:00,MBA Mortgage Applications,LOW,USD,0.6%,-,-,6.3%,
84f0f900-5f0c-4c64-bd74-0ccff2c1b931,09/21/2011,14:00,Retail Sales (YoY) (Jul),LOW,ZAR,2.8%,-,-,2.2% ,
01d44ca8-60a1-4172-b9ae-3cd76e74534b,09/21/2011,14:30,M3 Money Supply,LOW,INR,16.4%,-,-,16.7%,
aebae26e-310a-43cb-af42-e58b5ea5a6ac,09/21/2011,15:00,Norges Bank Interest Rate Decision,LOW,NOK,2.25%,-,-,2.25%,
e06f0f11-491d-49c0-b51b-5119bdd1c1d9,09/21/2011,16:00,Retail Sales (MoM) (Jul),LOW,MXN,0.29%,-,-,0.7%,
bcdc049e-faff-4db7-ae7a-1ea069a5be8c,09/21/2011,16:00,Retail Sales (YoY) (Jul),LOW,MXN,3.1%,-,-,4.8%,
6347acce-3975-4a0a-b437-eb7e790062aa,09/21/2011,17:00,Existing Home Sales (MoM) (Aug),MEDIUM,USD,5.06M,2.39,4.76M,4.15M,
0721aa8e-8f25-4987-9c10-68acca66f901,09/21/2011,17:00,Existing Home Sales Change (MoM) (Aug),LOW,USD,8.4%,2.43,1.4%,-1.9% ,
8ba6d4c1-512a-4ae8-ae2e-8b0601420c62,09/21/2011,17:30,EIA Crude Oil Stocks Change,LOW,USD,-7.3M,-,-,-6.7M,
6303c68c-aa24-430e-b014-928f7cc75162,09/21/2011,21:15,Fed Interest Rate Decision,HIGH,USD,0.25%,0.00,0.25%,0.25%,
40528a0d-d06b-4562-a179-0ca0f4ff30b1,09/22/2011,01:45,Gross Domestic Product (QoQ) (Q2),MEDIUM,NZD,0.1%,-1.13,0.5%,1% ,
2c2ad3f2-3464-40c3-9f49-27d8bf9bcf42,09/22/2011,01:45,Gross Domestic Product (YoY) (Q2),MEDIUM,NZD,1.5%,-,1.7%,0.9% ,
6bd3e3c3-12e2-41e6-bd72-4277c7ab390f,09/22/2011,03:00,G20 Meeting,MEDIUM,EUR,,,,,ALL DAY
820e8acd-ea6e-4e7d-9248-8e4b2182c4bd,09/22/2011,05:30,RatingDog Manufacturing PMI (Sep) PREL,LOW,CNY,-,-,-,49.8,
46d8f7ba-3133-40c6-879b-3570bf4d7437,09/22/2011,N/A,RBA Annual Report,LOW,AUD,-,-,-,-,
9de8cf3f-d736-45a8-8ea4-3a605671cd6e,09/22/2011,10:00,Consumer Confidence (Sep),LOW,DKK,-3.6,-,-,-2.2,
1030dfd1-bd9f-463b-a254-aa4c653ae5d6,09/22/2011,10:00,HCOB Manufacturing PMI (Sep) PREL,LOW,EUR,-,-,-,-,
835405c4-9b55-417a-8280-2156d8e4b155,09/22/2011,10:30,HCOB Manufacturing PMI (Sep) PREL,MEDIUM,EUR,-,-0.20,50.2,-,
3bbf9e29-501d-49b5-81e5-cae139ffa60e,09/22/2011,10:30,HCOB Services PMI (Sep) PREL,MEDIUM,EUR,-,-0.22,50.6,-,
a63b106a-93c1-400b-8d82-078ac7f35ad6,09/22/2011,10:30,Consumer Spending Volume (Jul),LOW,EUR,0.2%,-,-,-0.9% ,
6d9d923d-a35c-44aa-b89e-a5830c76c93e,09/22/2011,10:30,Gross Domestic Product n.s.a (YoY) (Q2),LOW,EUR,1.6%,-,-,2.8%,
f9b40c72-7237-49bd-9ff1-10583243643b,09/22/2011,10:30,Gross Domestic Product s.a (QoQ) (Q2),LOW,EUR,0.2%,-,-,0.9%,
0cf919c5-a52c-4fbc-af0a-77fe935c3e57,09/22/2011,11:00,HCOB Manufacturing PMI (Sep) PREL,MEDIUM,EUR,-,-0.38,48.6,-,
534b99e5-6ece-4209-8f5c-900c7e7fb2ea,09/22/2011,11:00,HCOB Services PMI (Sep) PREL,MEDIUM,EUR,-,-5.17,51.1,-,
4e15a6f3-70a7-4635-90df-2d3b79fe2588,09/22/2011,11:00,Central Bank Reserves $,NONE,RUB,$532B,-,-,$538.8B,
857df053-491e-4e79-ad0d-fdaaa10dee83,09/22/2011,12:00,ZEW Survey – Expectations (Sep),MEDIUM,CHF,-75.7,-,-,-71.4,
592cefa5-1a31-45e7-935e-01a73220ab81,09/22/2011,12:00,Industrial New Orders (YoY) (Jul),MEDIUM,EUR,8.9%,-0.62,10.5%,11.1% ,
fdd523b7-31a9-4c5c-8276-752ef7259323,09/22/2011,12:00,Industrial New Orders s.a. (MoM) (Jul),LOW,EUR,-1.6%,-0.33,-1.1%,-0.7% ,
bc07ad27-7719-4edc-8230-47ca78df6a3e,09/22/2011,13:00,Gross Domestic Product (QoQ) (Q2),LOW,EUR,1.4%,-,-,-,
d75d2bb0-1655-4f01-95ae-ffb83f3ecbb4,09/22/2011,13:00,Gross Domestic Product (YoY) (Q2),LOW,EUR,2.1%,-,-,0.1%,
bd818279-052c-4a87-b1c6-c1b35cd4209e,09/22/2011,13:00,CBI Industrial Trends Survey – Orders (MoM) (Sep),LOW,GBP,-9%,-0.39,-5%,1%,
213391c6-d202-4231-809b-8a655fd2496c,09/22/2011,14:00,CNB Interest Rate Decision,LOW,CZK,0.75%,-,-,0.75%,
fb2d93c0-8835-4a7c-8d99-2dedea80b960,09/22/2011,15:00,Unemployment Rate (Aug),LOW,BRL,6%,-,-,6%,
f453e7bd-7162-4d2f-905c-819c118777b6,09/22/2011,15:30,Retail Sales (MoM) (Jul),MEDIUM,CAD,-0.5%,-0.38,-0.3%,1% ,
8f2db831-5fcd-4850-9bc8-be1dfe77e0f5,09/22/2011,15:30,Retail Sales ex Autos (MoM) (Jul),LOW,CAD,0.1%,-0.20,0.2%,0.5% ,
fed9bc83-8c96-47f8-9c3c-bb7032f7d612,09/22/2011,15:30,Continuing Jobless Claims,LOW,USD,3.749M,-,-,3.726M,
b825ba91-f079-4667-a000-31747026dfce,09/22/2011,15:30,Initial Jobless Claims,LOW,USD,428K,1.38,418K,428K,
551f5a9a-2837-4640-8ce3-906126f72992,09/22/2011,16:00,1st half-month Core Inflation (Sep),LOW,MXN,0.22%,-,-,0.09%,
e5403d6e-661a-466e-8ed2-e922ef597103,09/22/2011,16:00,1st half-month Inflation (Sep),LOW,MXN,0.21%,-,-,0.09%,
2b30ecde-8149-4d3d-ac99-dcd5a4af45f8,09/22/2011,16:00,Private Spending (QoQ) (Q2),LOW,MXN,0.7%,-,-,0.88%,
ddabc402-3195-48a3-bb5b-caa4a49dab59,09/22/2011,16:00,Private Spending (YoY) (Q2),LOW,MXN,4.3%,-,-,4.9%,
134fe73c-cdc7-4e6a-917a-8fdd8fb09bde,09/22/2011,16:19,SARB Interest Rate Decision,LOW,ZAR,5.5%,-,-,5.5%,
d0d51130-c640-4671-b9f0-848a66a822ec,09/22/2011,17:00,Consumer Confidence (Sep) PREL,MEDIUM,EUR,-18.9,-0.45,-18,-16.5,
962e38ac-40c4-4d81-9340-4f5c41de1644,09/22/2011,17:00,Housing Price Index (MoM) (Jul),MEDIUM,USD,0%,0.00,0%,0.3% ,
5f876cd4-8b69-4e65-b472-a954b8240e0f,09/22/2011,22:00,Trade Balance (MoM) (Aug),LOW,ARS,$640M,-,-,$672M,
3f8c95e4-02a2-4536-a363-1f91c70da216,09/23/2011,01:00,Industrial Production (YoY) (Jul),LOW,EUR,5.4%,-,-,5.5% ,
57d845cf-121f-4738-8024-15e7badaed54,09/23/2011,03:00,G20 Meeting,MEDIUM,EUR,,,,,ALL DAY
16912449-e16a-42a4-963c-3150080365d8,09/23/2011,03:00,Autumnal Equinox Day,NONE,JPY,,,,,ALL DAY
b78c1edd-19b5-4dac-be09-6afad0b8e0fe,09/23/2011,04:30,Financial Stability Review,LOW,AUD,,,,,REPORT
f6c1ffbe-e309-458c-b373-4567b436cff8,09/23/2011,09:15,Consumer Confidence (Sep),LOW,EUR,80,-,-,85,
fe1da156-f407-4ad3-a3ff-ab11a6b7c978,09/23/2011,09:45,Business Climate in Manufacturing (Sep),LOW,EUR,99,-,-,105,
99e5119d-40fc-4205-b187-1e31fca26dc5,09/23/2011,10:30,SNB Quarterly Bulletin,LOW,CHF,,,,,REPORT
9b88c7b6-304f-4787-a18e-753046f37e6c,09/23/2011,11:00,Retail Sales n.s.a (YoY) (Jul),LOW,EUR,-2.4%,-,-,-1.2% ,
b64ce4a7-a1e5-4f5b-a76d-7d8c90609ff8,09/23/2011,11:00,Retail Sales s.a. (MoM) (Jul),LOW,EUR,-0.1%,-,-,-0.2% ,
d7971666-8bf6-4202-8419-a846508e2154,09/23/2011,11:00,Retail Sales (YoY) (Aug),LOW,PLN,11.3%,-,-,8.2%,
13f79141-d73a-4b7a-bb8f-48260452f6e8,09/23/2011,11:00,Unemployment (MoM) (Aug),LOW,PLN,11.8%,-,-,10.7% ,
70b4d83e-f1c6-4258-be2b-274d40c8ae3b,09/23/2011,11:00,Foreign Arrivals (Aug),LOW,TRY,9.62%,-,-,5.49%,
71c34ec1-663a-4e03-8e31-b83580951278,09/23/2011,11:30,BBA Mortgage Approvals (Aug),MEDIUM,GBP,35.1K,-,-,33.7K,
a1c6fd51-b158-485d-b41e-4a2169f5f04c,09/23/2011,12:00,Trade Balance non-EU (Aug),LOW,EUR,€-2.399B,-,-,€-0.315B,
d34168f2-eee3-4b83-aa91-5216f157f94e,09/23/2011,14:30,Bank Loan Growth,LOW,INR,20.4%,-,-,20.6%,
ecee4690-98be-4624-8abb-1a844ddddc63,09/23/2011,14:30,"FX Reserves, USD",LOW,INR,$316.763B,-,-,$316.5B,
703263a5-fac9-4256-bbe7-ab1228262317,09/23/2011,16:00,Leading Indicator (Sep),LOW,EUR,-9.4,-,-,-7.8,
c5f2e7cb-0fa4-4907-88b3-d80a00dbafc8,09/23/2011,16:00,Jobless Rate (Aug),LOW,MXN,5.79%,-,-,5.62%,
2e03e5e3-81b3-4d10-849f-388194cc8735,09/23/2011,16:00,Jobless Rate s.a (Aug),LOW,MXN,5.39%,-,-,5.27% ,
087e5404-a840-4c80-bf69-dcdf08001b69,09/23/2011,16:30,Current Account (Aug),LOW,BRL,$-4.9B,-,-,$-8.791B,
bdc71989-a1dd-47ae-9cc7-8be35cc8100a,09/23/2011,22:00,Industrial Output n.s.a (YoY) (Aug),LOW,ARS,5.2%,-,-,7.1%,
af914f24-dcfb-40a0-a722-f7478e3f4cad,09/23/2011,22:00,Monthly Econ Activity (MoM) (Jul),LOW,ARS,7.6%,-,-,8.2%,
a81f1c0a-37ee-4d3f-a6bd-9746c7eee34d,09/23/2011,23:25,ECB's President Trichet speech,MEDIUM,EUR,,,,,SPEECH
f00098fa-a163-43e9-9f83-88a446176a0a,09/24/2011,11:00,G20 Meeting,MEDIUM,EUR,-,-,-,-,
26a2e6f6-4d6e-46a3-b347-c1941bc7e3dd,09/26/2011,00:45,Trade Balance NZD (MoM) (Aug),LOW,NZD,$-697M,-1.03,$-315M,$103M,
9c28534d-7371-4954-baa9-7e9cd32e5ebc,09/26/2011,10:30,Business Confidence (Sep),LOW,EUR,-0.5,-,-,-3.3,
bc5a58a4-42f3-44c0-b0fc-d0d4c1e88c2c,09/26/2011,10:30,Trade Balance (MoM) (Aug),LOW,SEK,5.3B,-,-,12.2B,
db560f28-dd61-42ca-b6b5-2cb4c4160d60,09/26/2011,11:00,IFO – Business Climate (Sep),MEDIUM,EUR,107.4,0.43,106.5,99.6,
406f79b3-817b-4bb4-b1d2-7a481743054b,09/26/2011,11:00,IFO – Current Assessment (Sep),MEDIUM,EUR,117.9,0.74,116,102.2,
7b9eb2f4-264a-4970-85e4-7e505b3f555d,09/26/2011,11:00,IFO – Expectations (Sep),MEDIUM,EUR,98,0.38,97.4,97.1,
7476bb0e-6c63-4b52-b127-b1560dd049e6,09/26/2011,11:00,Consumer Confidence (Sep),LOW,EUR,94.2,-,-,94.1,
70693120-961f-418a-a66e-f8ebce34ba6e,09/26/2011,14:30,Capacity Utilization (Sep),LOW,TRY,76.2%,-,-,76.1%,
377baae9-7d19-4b97-9811-c077c8f9a046,09/26/2011,14:30,Manufacturing Confidence (Sep),LOW,TRY,112.4,-,-,109.8,
1970179f-3c1b-4bc2-a21a-2fa13439f9d8,09/26/2011,15:30,Chicago Fed National Activity Index (Aug),LOW,USD,-0.43,-,-,-,
d7fd9506-886a-44a9-94c9-2eb31f769982,09/26/2011,16:00,"Trade Balance s/a, $ (Aug)",LOW,MXN,$0.071B,-,-,$-0.364B,
971f6302-8f62-4c37-9288-57c696db6741,09/26/2011,16:00,"Trade Balance, $ (Aug)",LOW,MXN,$-0.806B,-,-,$-1.179B,
883a02da-3ea2-4aad-8b62-0f10a3e8f600,09/26/2011,17:00,New Home Sales (MoM) (Aug),MEDIUM,USD,0.29M,-0.35,0.296M,0.296M,
a69ecee4-3dc1-412b-a5cd-2a39b79d0037,09/26/2011,17:00,New Home Sales Change (MoM) (Aug),MEDIUM,USD,-0.3%,0.22,-1%,-1.7% ,
0c3a509f-1966-4b55-96a5-d882fb1f0b95,09/27/2011,02:00,Consumer Sentiment Index (Sep),LOW,KRW,99,-,-,99,
bd582bf1-d339-4e7b-a025-1914c0763484,09/27/2011,02:50,Corporate Service Price Index (YoY) (Aug),LOW,JPY,-0.3%,0.62,-0.4%,-0.7% ,
23459ebb-c42f-4e72-8c45-4b55f75334de,09/27/2011,09:00,UBS Consumption Indicator (Aug),MEDIUM,CHF,0.8,-,-,1.29,
fc62caf3-9888-4e13-b376-845958162d24,09/27/2011,09:00,GfK Consumer Confidence Survey (Oct),MEDIUM,EUR,5.2,0.58,5.1,5.3,
338c5e9d-b81f-4a2b-ae7d-24b6c48079bf,09/27/2011,09:00,Consumer Confidence (Sep),LOW,EUR,2.3,-,-,5.1,
d6319966-8a05-47b5-b37d-2e380f08cb73,09/27/2011,09:00,Industrial Confidence (Sep),LOW,EUR,-8,-,-,-9,
e5289847-c676-4ad7-b16c-ff35c9fa0b39,09/27/2011,10:30,Producer Price Index (MoM) (Aug),LOW,SEK,0.3%,-,-,0.4%,
7dc1fc15-287e-44b9-b480-d315fee50b22,09/27/2011,10:30,Producer Price Index (YoY) (Aug),LOW,SEK,0.9%,-,-,0.2%,
6eb9dcf0-7ed7-4164-81f3-00e6b75eb102,09/27/2011,11:00,M3 Money Supply (3m) (Aug),LOW,EUR,2.3%,1.79,2%,2.1% ,
b0b21c52-c3f9-41aa-a530-707dd38e4f82,09/27/2011,11:00,M3 Money Supply (YoY) (Aug),LOW,EUR,2.7%,2.29,1.9%,1.3% ,
8bc6de62-17b1-4be4-8b85-bf4af011217d,09/27/2011,11:00,Wage Inflation (MoM) (Aug),LOW,EUR,0.3%,-,-,0%,
f470ac67-91bf-475e-865d-6341f5846432,09/27/2011,11:00,Wage Inflation (YoY) (Aug),LOW,EUR,1.7%,-,-,1.7%,
d71ab578-7977-4889-8b9e-a27bc265c1fc,09/27/2011,13:00,CBI Distributive Trades Survey – Realized (MoM) (Sep),MEDIUM,GBP,-15%,0.00,-15%,-14%,
9c9310f5-d1f7-4ab2-a3ab-4ddcd68257a1,09/27/2011,16:00,S&P/Case-Shiller Home Price Indices (YoY) (Jul),LOW,USD,-4.1%,2.24,-4.4%,-4.4% ,
a0953352-eb8b-497b-919e-f6ced7974ecc,09/27/2011,17:00,Consumer Confidence (Sep),MEDIUM,USD,46.4,0.12,46,45.2,
3d098009-d167-4c28-b334-e20238d695da,09/27/2011,17:00,Richmond Fed Manufacturing Index (Sep),LOW,USD,-6,0.34,-8,1,
606da391-9b0b-401f-a4b6-360675237d56,09/27/2011,19:30,Fed's Lockhart speech,LOW,USD,,,,,SPEECH
1b23f8ee-a4e7-4cfb-8b3f-0073b60c8e32,09/28/2011,04:00,HIA New Home Sales (MoM) (Aug),MEDIUM,AUD,1.1%,-,-,-8%,
817f7eea-442a-44f9-8e43-e98ac59423a1,09/28/2011,08:30,Gross Domestic Product (QoQ) (Q2),LOW,EUR,0%,-,-,0%,
66b5963c-bd55-40fe-a6b8-15e24ffc627f,09/28/2011,10:15,Consumer Confidence (MoM) (Sep),LOW,SEK,-5.8,-,-,4.3,
003ad840-b4fe-4e64-afde-110871e6cb42,09/28/2011,11:00,Business Confidence (Sep),LOW,EUR,94.5,-,-,99.9,
14f8f247-0c79-4097-93b6-78814371e9fb,09/28/2011,11:30,Bank of England Credit Conditions Report (QoQ),MEDIUM,GBP,-,-,-,-,
caa48fb3-f5e3-4cf5-9c76-1ca549847aeb,09/28/2011,12:00,Unemployment Rate (3M) (Sep),LOW,HUF,10.8%,-,-,10.8%,
6b2dbbc7-6cfc-4063-a2c2-03d7965b0e57,09/28/2011,12:00,Consumer Price Index (MoM) (Sep),LOW,ISK,0.63%,-,-,0.26%,
90a34be2-5dfa-4602-b6e5-68d2e139e644,09/28/2011,12:00,Consumer Price Index (YoY) (Sep),LOW,ISK,5.7%,-,-,5%,
ce59746b-4b39-4a0c-a8f7-4c5df6d9a1e9,09/28/2011,13:00,Current Account Balance EUR (Jul),LOW,EUR,€-22M,-,-,€16M,
a3cf2580-c511-4472-9cbb-cdb1925bb660,09/28/2011,14:00,MBA Mortgage Applications,LOW,USD,9.3%,-,-,0.6%,
511672ff-e838-48f5-9ba9-1a833219ee7d,09/28/2011,15:29,Consumer Price Index (MoM) (Sep) PREL,MEDIUM,EUR,0.1%,2.67,-0.1%,0%,
7b3c6216-65f0-4a9e-b259-c964763fd81a,09/28/2011,15:29,Consumer Price Index (YoY) (Sep) PREL,MEDIUM,EUR,2.6%,4.00,2.4%,2.4%,
13c3a399-3e43-4e99-b494-e73d6b867d1b,09/28/2011,15:30,Durable Goods Orders (Aug),MEDIUM,USD,-0.1%,0.19,-0.4%,2.4% ,
3cf0b22a-b271-4f96-9426-fc7f2d4d68bb,09/28/2011,15:30,Durable Goods Orders ex Transportation (Aug),MEDIUM,USD,-0.4%,-0.75,0.2%,1.2% ,
bbf44b5f-1b3b-4200-9ac9-f743745f0045,09/28/2011,17:30,EIA Crude Oil Stocks Change,LOW,USD,1.915M,-,-,-7.3M,
9e67f466-697c-42c3-8288-92910d0a2f4a,09/28/2011,22:30,"Fiscal Balance, pesos (Sep)",LOW,MXN,-6.5B,-,-,-38.8B,
4ce99f84-c03b-42f6-b484-a7d623ce0b6c,09/29/2011,00:00,Former Fed's Chair Bernanke speech,MEDIUM,USD,,,,,SPEECH
93d21ddd-bb52-4059-9d3b-04bcaa0b27b2,09/29/2011,02:00,Current Account Balance (Aug),LOW,KRW,2.83B,-,-,2.24B,
f3286713-ba1f-4c48-8fd6-9124f2effcda,09/29/2011,02:50,Large Retailer Sales (Aug),LOW,JPY,-2.6%,-1.62,-0.6%,0.8%,
bca32a4f-67bc-4d0d-a2d5-7e33d43a4e14,09/29/2011,02:50,Retail Trade (YoY) (Aug),MEDIUM,JPY,-2.6%,-1.22,-0.8%,0.9% ,
acf89884-c1ed-4ce3-bca0-d4c6eccab392,09/29/2011,02:50,Retail Trade s.a (MoM) (Aug),LOW,JPY,-1.7%,-1.26,0.2%,-0.3%,
2e788568-ecd9-4fec-9b33-fd5fe63e916f,09/29/2011,09:00,M3 Money Supply (YoY) (Aug),LOW,ZAR,6.22%,-,-,5.99% ,
f89076b3-7b5e-4684-8124-eac0ee4fb38c,09/29/2011,09:00,Private Sector Credit (Aug),LOW,ZAR,6.06%,-,-,5.25% ,
28f9bf9c-7fec-4c87-b7ab-9bcc5a8aae65,09/29/2011,09:00,Nationwide Housing Prices s.a (MoM) (Sep),LOW,GBP,0.1%,-,-,-0.9% ,
792bf637-793f-4946-8d85-7d24075fd8dc,09/29/2011,09:04,Nationwide Housing Prices n.s.a (YoY) (Sep),LOW,GBP,-0.3%,-,-,-0.4%,
3c0a3985-c94d-4d4c-8a94-5baedae17573,09/29/2011,10:00,Industrial Outlook (Sep),LOW,DKK,-1,-,-,5,
54812583-3183-4c61-9d2e-976c954309f7,09/29/2011,10:00,Unemployment Rate (Aug),LOW,DKK,4.2%,-,-,6.1% ,
babb5055-1470-4008-a8e6-db6068ff6daa,09/29/2011,10:00,Harmonized Index of Consumer Prices (YoY) (Sep),LOW,EUR,3%,-,-,2.7%,
bfa84bf4-a03b-4e00-8d24-195e7f793a3f,09/29/2011,10:00,Retail Sales (YoY) (Aug),LOW,EUR,-3.8%,-,-,-3.9%,
8dad1795-f6ea-4ab7-9714-b26ff43a6eeb,09/29/2011,10:00,Producer Price Index (YoY) (Aug),LOW,HUF,-0.1%,-,-,-1%,
eb3575ec-370b-46fa-b39d-0bda7cd4faa1,09/29/2011,10:30,Retail Sales (MoM) (Aug),LOW,SEK,-0.3%,-,-,-0.7%,
5fc44ac3-9976-47cd-9beb-a3619355f101,09/29/2011,10:30,Retail Sales (YoY) (Aug),LOW,SEK,0.2%,-,-,1.1%,
bb9ee25e-b59b-4d12-9f93-9039e67f5189,09/29/2011,10:55,Unemployment Change (Sep),LOW,EUR,-22K,-1.72,-9K,-16K,
af6a60da-3d95-4975-b459-93225dfd1601,09/29/2011,10:55,Unemployment Rate s.a. (Sep),LOW,EUR,6.9%,-,-,7%,
45bda41d-b6e3-4dcc-b556-0f8b7a87bb7c,09/29/2011,11:00,Foreign Debt (Q2),LOW,CZK,73.2B,-,-,70.69B,
24adb9db-0edf-48b3-9181-f7871fb3cda9,09/29/2011,11:00,Public Deficit/GDP (Q1),LOW,EUR,-3.2%,-,-,-7.7%,
536152fd-6d9a-498e-b80d-a198ae7b9bb1,09/29/2011,11:00,Retail Sales (Aug),LOW,NOK,1.7%,-,-,-0.9%,
f1877d58-342d-46e5-bada-c18ee1c5d944,09/29/2011,11:00,Central Bank Reserves $,NONE,RUB,$526B,-,-,$532B,
c88f3feb-9fea-4d58-ae50-99f903a9fc6c,09/29/2011,11:30,Consumer Credit (Aug),LOW,GBP,£0.5B,1.24,£0.2B,£-0.186B,
61d302da-1c02-47ec-9333-3da059cb21c6,09/29/2011,11:30,M4 Money Supply (MoM) (Aug),LOW,GBP,-0.4%,-2.20,0.3%,-0.6% ,
77bdfb2a-cb64-4072-8371-bedf1c75518b,09/29/2011,11:30,M4 Money Supply (YoY) (Aug),LOW,GBP,-0.8%,-,-,-1.1%,
d9f3ae8b-604a-4b8c-b8ed-01ccc7cc981e,09/29/2011,11:30,Mortgage Approvals (Aug),MEDIUM,GBP,52.347K,1.93,49.5K,50.875K,
c724c70d-f4f5-4a07-817e-e8e491c89ae2,09/29/2011,11:30,Net Lending to Individuals (MoM) (Aug),MEDIUM,GBP,£0.5B,-0.68,£0.8B,£0.3B,
21de1731-96b6-45f4-a98b-2f41866d3652,09/29/2011,12:00,Consumer Confidence (Sep),MEDIUM,EUR,-19.1,-0.11,-18.9,-18.9,
4d4337d1-f784-4e53-ad63-a42e5644bc70,09/29/2011,12:00,Economic Sentiment Indicator (Sep),MEDIUM,EUR,95,-0.73,96,96.6,
7099f950-0217-4dee-a66f-17b8ca95f1b3,09/29/2011,12:00,Industrial Confidence (Sep),MEDIUM,EUR,-5.9,-1.39,-4.9,-2.9,
082dd0db-01bb-4d5a-8822-da9afaf0b611,09/29/2011,12:00,Business Confidence (Sep),NONE,EUR,2.7,-,-,-2.4,
788bc413-4881-49e1-983e-0f184647bb01,09/29/2011,12:00,Consumer Confidence (Sep),NONE,EUR,-50.8,-,-,-35.5,
5128c1a8-692e-4e89-9915-1de72c0772c3,09/29/2011,12:30,Consumer Price Index (MoM) (Sep),LOW,EUR,0.27%,-,-,-0.08%,
139341cd-5a8f-4fc2-9927-6e7eee34826d,09/29/2011,12:30,Consumer Price Index (YoY) (Sep),LOW,EUR,3.55%,-,-,3.6%,
e63d87dc-5721-472b-abab-d2501dddfaab,09/29/2011,12:30,Producer Price Index (MoM) (Aug),LOW,ZAR,1%,-,-,2.7%,
c078234c-34b4-48ce-8a59-6460b4bf93db,09/29/2011,12:30,Producer Price Index (YoY) (Aug),LOW,ZAR,9.6%,-,-,8.9%,
416efa0b-e914-4174-b595-fc574a015a52,09/29/2011,14:00,Inflation Index/IGP-M (Sep),LOW,BRL,0.65%,-,-,0.44%,
d9a61296-c3fb-46ff-bef2-e14c3988932f,09/29/2011,14:00,Consumer Confidence,LOW,EUR,53.3,-,-,55.8,
d1b42710-662d-4033-9d7d-6e9cc79d4b13,09/29/2011,15:30,Industrial Product Price (MoM) (Aug),LOW,CAD,0.4%,2.64,-0.4%,0% ,
b0accba7-cc0e-401a-b7b2-a1baa20930e8,09/29/2011,15:30,Raw Material Price Index (Aug),LOW,CAD,-3.2%,-0.68,-1.3%,-0.4% ,
b594bf27-5dfd-45df-8fa5-98127789a486,09/29/2011,15:30,Continuing Jobless Claims,LOW,USD,3.752M,-,-,3.727M,
186a4c7f-43d8-4227-a27a-441f356eaed4,09/29/2011,15:30,Core Personal Consumption Expenditures (QoQ) (Q2),MEDIUM,USD,0.7%,-,-,2.2%,
70ab53ed-12f4-4d6d-b24f-af5a43999bda,09/29/2011,15:30,Gross Domestic Product Annualized (Q2),HIGH,USD,1.3%,0.19,1.2%,1%,
6b9c3ce3-adf9-4be7-8c55-3d5d3a8e0a05,09/29/2011,15:30,Gross Domestic Product Price Index (Q2),MEDIUM,USD,3.3%,-,-,3.3%,
099fdc77-d2a6-4901-bab4-8c626781a8e3,09/29/2011,15:30,Initial Jobless Claims,LOW,USD,395K,-3.47,420K,423K,
984de768-c84e-41b2-93d2-f071fca58438,09/29/2011,17:00,Pending Home Sales (MoM) (Aug),MEDIUM,USD,-1.2%,0.07,-1.6%,0.3% ,
cbff65fa-c433-47a8-b2f1-ffd84b34636b,09/30/2011,00:45,Building Permits s.a. (MoM) (Aug),MEDIUM,NZD,16.6%,-,-,14.3% ,
705d29f8-325e-48f5-bc72-b41b065acba5,09/30/2011,02:00,Industrial Output (YoY) (Oct),LOW,KRW,4.8%,-,-,6.4% ,
f4c8744e-093d-4725-a0fe-b50874253002,09/30/2011,02:00,Industrial Output Growth (Aug),LOW,KRW,-1.9%,-,-,-0.4% ,
7163840f-b42f-4bd5-a24d-a98f0c2f9343,09/30/2011,02:00,Service Sector Output (Aug),LOW,KRW,0.5%,-,-,0.4% ,
6f6b9318-2768-425e-81b0-448cf4e1c679,09/30/2011,02:01,GfK Consumer Confidence (Sep),MEDIUM,GBP,-30,0.58,-33,-31,
1695c6f8-9563-4866-8b9e-3def05f43eff,09/30/2011,02:15,Jibun Bank Manufacturing PMI (Sep),MEDIUM,JPY,-,-,-,-,
ebd7284f-5c9a-44c1-a2cd-a2e4de7c8434,09/30/2011,02:30,National Consumer Price Index (YoY) (Aug),MEDIUM,JPY,0.2%,0.36,0.1%,0.2%,
7058a745-e3db-4427-8636-1237917117d9,09/30/2011,02:30,"National CPI ex Food, Energy (YoY) (Aug)",MEDIUM,JPY,-0.5%,0.27,-0.6%,-0.4% ,
e37ac83d-5027-492c-a127-55a2b407d296,09/30/2011,02:30,National CPI ex Fresh Food (YoY) (Aug),MEDIUM,JPY,0.2%,0.31,0.1%,0.1%,
2781e9d5-39b4-4635-b3d7-a0346f309a68,09/30/2011,02:30,Overall Household Spending (YoY) (Sep),MEDIUM,JPY,-4.1%,-1.49,-2.6%,-2.1%,
033df434-1149-4835-9a9c-08a3d9533fc9,09/30/2011,02:30,Tokyo Consumer Price Index (YoY) (Sep),LOW,JPY,-0.2%,0.00,-0.2%,-0.2%,
7bf81707-a186-4536-8d11-8d7b32592d65,09/30/2011,02:30,"Tokyo CPI ex Food, Energy (YoY) (Sep)",LOW,JPY,-0.4%,0.48,-0.5%,-0.5% ,
8369bffa-eb78-4d80-a8e5-0911d2825ca1,09/30/2011,02:30,Tokyo CPI ex Fresh Food (YoY) (Sep),LOW,JPY,-0.1%,0.00,-0.1%,-0.2%,
6d376daf-dc0d-42a1-a148-05e00cac8b72,09/30/2011,02:30,Unemployment Rate (Aug),MEDIUM,JPY,4.3%,-2.67,4.7%,4.7%,
dea99021-b994-41b1-a693-026e9883ad92,09/30/2011,02:50,Industrial Production (MoM) (Aug) PREL,LOW,JPY,0.8%,-1.26,1.5%,0.4%,
bd23aab0-619d-4606-adf9-ca05ddffdd56,09/30/2011,02:50,Industrial Production (YoY) (Aug) PREL,MEDIUM,JPY,0.6%,-0.17,1.1%,-3%,
c08fc973-cf02-4cd4-b010-6d432e62bc9a,09/30/2011,03:00,ANZ Business Confidence (Sep),MEDIUM,NZD,30.3,-,-,34.4,
ab8282f5-976d-4b5b-922e-a3604e502e77,09/30/2011,04:30,Private Sector Credit (MoM) (Aug),LOW,AUD,0.2%,0.00,0.2%,0.4% ,
f9097601-802d-4cb1-a9b0-ac01aa9e569e,09/30/2011,04:30,Private Sector Credit (YoY) (Aug),MEDIUM,AUD,3%,0.59,2.8%,3.3% ,
4695d08e-969c-46bd-b797-b1f7e47004fa,09/30/2011,08:00,Annualized Housing Starts (Aug),MEDIUM,JPY,0.934M,1.74,0.86M,0.968M,
6b95cc35-87d8-4912-a607-7e76d21bd349,09/30/2011,08:00,Construction Orders (YoY) (Aug),LOW,JPY,9.3%,-,-,5.7%,
450d7d6c-dbca-41fe-a933-b271e091588a,09/30/2011,08:00,Housing Starts (YoY) (Aug),MEDIUM,JPY,14%,1.56,4.6%,21.2%,
51f3ab2c-8ff9-4ddc-8ac1-efafebf2d480,09/30/2011,09:00,Retail Sales (MoM) (Aug),MEDIUM,EUR,-2.7%,-1.04,-0.4%,0.6% ,
c927e771-d867-4c77-bdf2-a976265b52b9,09/30/2011,09:00,Retail Sales (YoY) (Aug),MEDIUM,EUR,-0.2%,-,-,-2.5% ,
af5c0924-b592-4f65-98c3-15d28af1b140,09/30/2011,09:30,Infrastructure Output (YoY) (Aug),LOW,INR,3.5%,-,-,7.8% ,
f2f652eb-1277-41b0-a175-3160b6769dc8,09/30/2011,09:45,Consumer Spending (MoM) (Jul),LOW,EUR,-0.2%,-,-,0.9%,
371d0e8e-0029-4e93-bf82-a0660b6e40df,09/30/2011,09:45,Consumer Spending (MoM) (Aug),LOW,EUR,0.2%,0.00,0.2%,1.2% ,
637cf640-1ed0-4ddf-9f4e-db5b93e50e9e,09/30/2011,09:45,Producer Prices (MoM) (Aug),LOW,EUR,0%,-,-,0.6% ,
e59c9b35-5017-4b54-92f4-11a0c91a9c90,09/30/2011,10:00,Current Account Balance (Jul),LOW,EUR,€-1.5B,-,-,€-0.8B,
a23701d0-b639-4af7-bcb8-7a8ad5c087d6,09/30/2011,10:00,Current Account Balance (QoQ) (Q2),LOW,HUF,0.53,-,-,0.787,
27ea4a30-fbd4-4994-a506-034601c80f27,09/30/2011,10:00,Registered Unemployment n.s.a (Sep),LOW,NOK,2.5%,-,-,2.7%,
37ac0fe8-1556-4d1c-82c6-87ab5a544c5a,09/30/2011,10:00,Registered Unemployment s.a (Sep),LOW,NOK,85.68K,-,-,85.646K,
6559e5f8-75d8-4043-9002-ab7db4f02104,09/30/2011,10:00,Trade Balance (Aug),LOW,TRY,-8.23B,-,-,-9.01B,
37689914-b5a5-45f1-a62d-830a9c239f90,09/30/2011,11:00,UniCredit Bank Manufacturing PMI (Sep),LOW,EUR,-,-,-,-,
10096e33-a23a-4975-baab-b447ea477013,09/30/2011,11:00,M2 Money Supply (YoY) (Aug),NONE,CZK,3.1%,-,-,3.1%,
6aa7e480-a109-4a97-b499-0da59baa2da6,09/30/2011,11:00,Unemployment (Aug),LOW,EUR,8%,0.00,8%,8%,
be8db750-a493-451e-8226-422cff8519e2,09/30/2011,11:00,Credit Indicator (Aug),LOW,NOK,6.7%,-,-,6.3%,
a648ca5a-3df3-4726-be19-88b6fa59f070,09/30/2011,12:00,Harmonized Index of Consumer Prices (YoY) (Sep) PREL,MEDIUM,EUR,3%,6.25,2.5%,2.5%,
6ddda444-55d0-409f-b3a3-a027b8b21234,09/30/2011,12:00,Unemployment Rate (Aug),MEDIUM,EUR,10.1%,2.04,10%,10.2% ,
b46a4805-a424-424a-90e5-c4f3b13d8ac9,09/30/2011,12:00,Retail Sales (YoY) (Jul),LOW,EUR,-4.3%,-,-,-11.4%,
6f633cdc-9ce2-49bc-bc86-03cfe7993a09,09/30/2011,12:00,Consumer Price Index (EU Norm) (MoM) (Sep) PREL,LOW,EUR,1.9%,0.00,0.6%,0.4%,
a1e335ab-0399-4100-b662-074fa2346b34,09/30/2011,12:00,Consumer Price Index (EU Norm) (YoY) (Sep) PREL,LOW,EUR,3.5%,0.00,2.6%,2.3%,
54231d0d-4396-493f-a277-7050c7392a28,09/30/2011,12:00,Consumer Price Index (MoM) (Sep) PREL,LOW,EUR,0.1%,0.00,-0.1%,0.3%,
cf5aa20a-130f-4326-ae22-7fc842e87de6,09/30/2011,12:00,Consumer Price Index (YoY) (Sep) PREL,LOW,EUR,3.1%,0.00,2.9%,2.8%,
b6c87e1e-9114-4b66-b140-5e3c93acbfe4,09/30/2011,12:30,KOF Leading Indicator (Sep),MEDIUM,CHF,1.21,-1.06,1.35,1.61,
61b9a115-0497-4e5a-bd43-8d0ee7e82bdc,09/30/2011,13:00,Producer Price Index (YoY) (Aug),LOW,EUR,4.5%,-,-,4.7%,
29d77bb8-444c-4f68-94df-6d7d27b30ed7,09/30/2011,13:30,"Federal Fiscal Deficit, INR (Apr)",LOW,INR,"2,735.23B",-,-,"2,287.53B",
d13ab960-5133-4cdf-8f7c-af9499bd7f80,09/30/2011,14:30,Balance Payment $ (Q2),LOW,INR,$5.4B,-,-,$2B,
98dbd53e-e2d5-4dcd-a8d4-2e9199c2e5ad,09/30/2011,14:30,Current Account Balance $ (Q2),LOW,INR,$-14.1B,-,-,$-5.4B,
1662140d-21dc-4a1a-85d3-ff2d5887e63e,09/30/2011,14:30,External Debt (Q2),LOW,INR,-,-,-,305.9B,
6d9f2f2a-e54a-439b-8aba-1c15e27f488e,09/30/2011,14:30,"FX Reserves, USD",LOW,INR,$312.707B,-,-,$316.763B,
9889a3cb-9e4e-4ce1-b6ee-b3f1370fc925,09/30/2011,14:30,Trade Deficit – RBI (Q2),LOW,INR,-35.4B,-,-,-29.9B,
5e51a070-5712-4fb9-9bac-aee0732e978b,09/30/2011,15:00,Trade Balance (in Rands) (Aug),LOW,ZAR,-3.7B,-,-,4.9B,
5ebbdef5-93b2-4766-a87d-1eb7f84fcb46,09/30/2011,15:30,Gross Domestic Product (MoM) (Jul),MEDIUM,CAD,0.4%,0.55,0.3%,0.4% ,
2eee6d56-4d46-4b81-be71-76e4af026389,09/30/2011,15:30,Core Personal Consumption Expenditures - Price Index (MoM) (Aug),MEDIUM,USD,0.2%,0.00,0.2%,0.1% ,
82971f8f-eb55-4cf2-ab24-e10c70e743ec,09/30/2011,15:30,Core Personal Consumption Expenditures - Price Index (YoY) (Aug),MEDIUM,USD,1.7%,0.00,1.7%,1.7% ,
ef061cb8-f0dd-4304-b424-356de6c6f614,09/30/2011,15:30,Personal Consumption Expenditures - Price Index (MoM) (Aug),MEDIUM,USD,0.3%,0.74,0.2%,0.2% ,
7086011a-137e-4833-b5e8-f8c2f4910449,09/30/2011,15:30,Personal Consumption Expenditures - Price Index (YoY) (Aug),MEDIUM,USD,2.9%,-0.17,3%,2.9% ,
c61a4519-f722-4f43-b1d5-873ceddd919a,09/30/2011,15:30,Personal Income (MoM) (Aug),MEDIUM,USD,-0.1%,-2.67,0.1%,0.6% ,
d3f08ed2-86a4-42ff-83aa-f3ecf9fe37c1,09/30/2011,16:30,Primary Budget Surplus (Aug),LOW,BRL,4.56B,-,-,13.789B,
be4a4d28-cf7e-4644-8f57-68aada1e2237,09/30/2011,16:45,Chicago PMI (Sep),LOW,USD,61.3,1.32,55.5,59.1,
d7938591-06a6-4efc-8552-9fc64d87b395,09/30/2011,16:55,Michigan Consumer Sentiment Index (Sep),MEDIUM,USD,59.4,0.36,57.8,57.8,
6ed8d6db-7369-4c2f-ba8d-ea1a2aceb026,09/30/2011,18:00,Fed's Bullard speech,LOW,USD,,,,,SPEECH
812d7eb4-b557-4c6f-ac1c-7a07adc1fd67,10/01/2011,04:00,NBS Manufacturing PMI (Aug),MEDIUM,CNY,51.2,-,-,50.9,
f83407cc-47cb-4c38-a234-698974ea4f8a,10/01/2011,13:00,Unemployment (Sep),LOW,EUR,218.2K,-,-,219.2K,
045970d0-8728-477e-a300-1c40a1e0ec90,10/02/2011,00:00,Tax Revenue (MoM) (Oct),LOW,ARS,47.73B,-,-,46.78B,
05950f5c-ba6b-4fe0-a0c6-9590d30add5a,10/03/2011,01:30,AiG Performance of Mfg Index (Sep),MEDIUM,AUD,42.3,-,-,43.3,
d6f831a4-0eb4-4a97-9a56-feb9a09c9ab1,10/03/2011,02:50,Tankan Large All Industry Capex (Q3),MEDIUM,JPY,3%,-0.97,4.3%,4.2%,
26ddad22-b772-422d-bec6-5c79a09ff12d,10/03/2011,02:50,Tankan Large Manufacturing Index (Q3),MEDIUM,JPY,2,0.00,2,-9,
6471d90a-a38e-453e-9578-824f0b6d224b,10/03/2011,02:50,Tankan Large Manufacturing Outlook (Q4),MEDIUM,JPY,4,0.42,3,4,
949454fc-e355-459e-aa3c-a3b20a766c8b,10/03/2011,02:50,Tankan Non - Manufacturing Index (Q3),MEDIUM,JPY,1,-1.15,3,-5,
56328a03-303d-440c-9129-c1966f2545c5,10/03/2011,02:50,Tankan Non - Manufacturing Outlook (Q3),MEDIUM,JPY,1,-0.60,2,-2,
913fed06-bdf6-4696-b8bb-e2452518366f,10/03/2011,03:00,Labour Day,NONE,AUD,,,,,ALL DAY
09e87edd-5377-4c0c-9db1-eb35f47a821f,10/03/2011,03:00,Day of German Unity,NONE,EUR,,,,,ALL DAY
3e5ecd8e-cb47-401e-94e4-37a3e1e76033,10/03/2011,03:00,Core Inflation (YoY),LOW,IDR,4.93%,-,-,4.55%,
0174e594-852a-4dfd-be5d-766f941d0b3a,10/03/2011,03:00,Exports (Oct),LOW,IDR,18.65%,-,-,18.39%,
2b606faa-7e1f-406e-9bd8-28cf6cc0c521,10/03/2011,03:00,Imports (Oct),LOW,IDR,3.57%,-,-,1.21%,
7798f370-c535-465f-80f6-48e50c54d6b2,10/03/2011,03:00,Inflation (MoM) (Oct),LOW,IDR,0.27%,-,-,0.67%,
bf6cd114-4d56-49c0-83db-c3e63b0af02a,10/03/2011,03:00,Inflation (YoY) (Oct),LOW,IDR,4.61%,-,-,4.61%,
7b73d3a5-890e-41f6-b349-be67f9896e83,10/03/2011,03:00,Trade Balance (Oct),LOW,IDR,$3.76B,-,-,$3.33B,
b646a830-cccd-450e-9bae-a5dcf4dfbda1,10/03/2011,03:00,ANZ Commodity Price (Sep),LOW,NZD,-1.3%,-,-,-2.8% ,
69cfed0f-85b4-478b-a2e7-6f02c8ffc128,10/03/2011,07:00,S&P Global Manufacturing PMI (Sep),LOW,RUB,-,-,-,-,
b7118328-07be-4bde-863d-22cf0f4ce9ca,10/03/2011,08:00,Vehicle Sales (YoY) (Sep),LOW,JPY,1.7%,-,-,-12.4% ,
3aaf6681-5118-49ae-bdef-46dc8aedf77b,10/03/2011,09:30,Trade Deficit Government (Aug),LOW,INR,$14B,-,-,$11.1B,
f88acde7-8ed0-4cc4-9672-84fedd0d72d1,10/03/2011,09:30,Manufacturing PMI (Sep),LOW,SEK,48.1,-,-,48.7,
c7beaaaf-5abb-4637-976f-2c1d97a7579d,10/03/2011,10:00,HALPIM Manufacturing PMI (Sep),LOW,HUF,50.7,-,-,50.1,
501f3949-7784-45b0-9828-bb436815db2c,10/03/2011,10:00,Consumer Price Index (MoM) (Sep),LOW,TRY,0.75%,-,-,0.73%,
243c5145-8034-4c63-9e85-d13a7aa93ed3,10/03/2011,10:00,Consumer Price Index (YoY) (Sep),LOW,TRY,1.55%,-,-,6.31%,
86bf7ff7-6af6-4bed-894b-0eb1e3c14fa1,10/03/2011,10:00,Producer Price Index (MoM) (Sep),LOW,TRY,1.55%,-,-,1.76%,
42418aad-3cc7-4ed6-9b80-30414e58b153,10/03/2011,10:00,Producer Price Index (YoY) (Sep),LOW,TRY,12.15%,-,-,10.34%,
4fd9b96c-5c18-403f-9205-d157f1f5ae95,10/03/2011,10:13,HCOB Manufacturing PMI (Sep),LOW,EUR,-,-,-,-,
736f5185-cca6-443c-9e9b-2b3ca9751429,10/03/2011,10:15,Real Retail Sales (YoY) (Aug),MEDIUM,CHF,-0.8%,-0.98,4.5%,1.1% ,
ce137093-2c77-4542-b1ad-2eaa904064b5,10/03/2011,10:30,SVME - Purchasing Managers' Index (Sep),MEDIUM,CHF,48.2,-1.02,50.3,52.3,
45fc1cd0-5b0c-48ac-a12e-024557c4d375,10/03/2011,10:45,HCOB Manufacturing PMI (Sep),LOW,EUR,-,-,-,-,
199625cb-8506-41e9-a2f7-246b2b9d87e4,10/03/2011,10:50,HCOB Manufacturing PMI (Sep),LOW,EUR,-,-,-,-,
132afdd7-2a75-40e7-808d-5874f4b1b29e,10/03/2011,10:55,HCOB Manufacturing PMI (Sep),MEDIUM,EUR,-,0.30,50,-,
eacfccf2-3be3-4f52-9196-a9fa00b7790e,10/03/2011,11:00,HCOB Manufacturing PMI (Sep),MEDIUM,EUR,-,0.20,48.4,-,
2e7d11e6-c1d7-451b-8bbd-6ab51cc1704b,10/03/2011,11:00,S&P Global Manufacturing PMI (Sep),LOW,EUR,-,-,-,-,
401019c1-3c09-4fe7-984e-3b95e24f3488,10/03/2011,11:00,Trade Balance (Jul),NONE,HUF,€354.8M,-,-,€373.8M,
9cafd51b-78cc-4f97-b30f-d9bbec9274c2,10/03/2011,11:00,S&P Global Manufacturing PMI (Sep),NONE,PLN,-,-,-,-,
f1cc3929-715b-4617-b7b4-e794c488fb91,10/03/2011,11:30,S&P Global Manufacturing PMI (Sep),MEDIUM,GBP,-,1.86,48.9,49,
e40b7ac2-769c-4798-a3d6-41d97e20d2c2,10/03/2011,12:00,Producer Price Index (YoY) (Sep),LOW,EUR,7.8%,-,-,9.1%,
8b386707-0df3-44f2-8959-082b3e347918,10/03/2011,12:00,Purchasing Manager Index (Sep),LOW,ZAR,50.7,-,-,46.7,
fd615388-4fa7-4edb-9ffa-41fb4a00ac48,10/03/2011,12:30,Retail Sales (YoY) (Aug),NONE,DKK,0.2%,-,-,-4.2%,
7b8d8d26-b580-4c0f-83b1-d16b073a71be,10/03/2011,15:00,Budget Balance (Sep),NONE,CZK,-105.14B,-,-,-87.27B,
dd458ea1-dcfa-4770-a5ea-26f386a582a3,10/03/2011,17:00,Trade Balance (Sep),NONE,BRL,3.07B,-,-,3.671B,
6e2ebed0-0f1a-446b-8871-d4a2e828d844,10/03/2011,17:00,Construction Spending (MoM) (Aug),MEDIUM,USD,1.6%,1.61,-0.2%,-0.3% ,
69578241-9c2e-42a9-a0c5-4e0910bb2797,10/03/2011,17:00,ISM Manufacturing PMI (Sep),MEDIUM,USD,52.5,0.52,50.5,52.6,
b08230e7-3f9e-44b9-94ac-0386ce198e45,10/03/2011,17:00,ISM Manufacturing Prices Paid (Sep),MEDIUM,USD,56,0.55,54.3,57.5,
82fa7d0c-e3a3-437d-bf00-5155a49c60ec,10/03/2011,18:00,EcoFin Meeting,MEDIUM,EUR,-,-,-,-,
51048dfe-cef8-48c1-8655-7f9bb214e435,10/04/2011,00:00,NZIER Business Confidence (QoQ) (Q3),LOW,NZD,25%,-,-,27%,
bad9ee3d-8335-45b3-9344-cce4228a7908,10/04/2011,00:00,Total Vehicle Sales (Sep),LOW,USD,13.04M,1.42,12.3M,12.12M,
476f392c-367f-4753-b89f-d0a175ee848f,10/04/2011,01:00,Fed's Lacker speech,LOW,USD,,,,,SPEECH
9d048164-b199-4d4c-a081-c3a314eb6d07,10/04/2011,02:00,Consumer Price Index Growth (MoM) (Sep),LOW,KRW,0.1%,-,-,0.9%,
a1779598-0339-4d8b-8018-6c38983c5225,10/04/2011,02:00,Consumer Price Index Growth (YoY) (Sep),LOW,KRW,4.3%,-,-,5.3%,
45474459-a192-44bd-aca2-424f79dac1f7,10/04/2011,02:50,Monetary Base (YoY) (Sep),LOW,JPY,16.7%,0.10,16.3%,15.9%,
87534b71-e45d-4767-bcea-db1a62b784e4,10/04/2011,03:00,EcoFin Meeting,MEDIUM,EUR,,,,,ALL DAY
bd2793b4-dc13-4c32-80bb-1c60fbfb449f,10/04/2011,03:30,Building Permits (MoM) (Aug),LOW,AUD,11.4%,2.53,1.1%,2% ,
de4d11bf-aa29-432d-bc49-8ee19f7f4b8b,10/04/2011,03:30,Building Permits (YoY) (Aug),LOW,AUD,-5.5%,1.59,-15.1%,-15% ,
df31e132-0ace-4494-826c-17554be495ce,10/04/2011,03:30,Trade Balance (MoM) (Aug),MEDIUM,AUD,2.95M,0.00,2.14M,634M,
44882b1a-e962-4650-9f02-12940ccfa6a4,10/04/2011,04:30,Labor Cash Earnings (YoY) (Aug),MEDIUM,JPY,-0.4%,-1.11,0.7%,-0.3% ,
69aa20ab-e957-4285-a6a2-0f6a5e9a85cb,10/04/2011,06:30,RBA Interest Rate Decision,HIGH,AUD,4.75%,0.00,4.75%,4.75%,
ddbc56d0-179a-4817-a646-d3670625bc59,10/04/2011,06:30,RBA Rate Statement,MEDIUM,AUD,,,,,REPORT
80cf0927-9f8d-4283-80a6-d17f3cfd02a0,10/04/2011,08:30,RBA Commodity Index SDR (YoY) (Sep),LOW,AUD,21.9%,-,-,25% ,
f7b87096-2b5a-4d1c-9ca9-a3324e10ad9f,10/04/2011,10:00,Unemployment Change (Sep),LOW,EUR,95.8K,-,-,51.2K,
3a56375a-6c56-47ab-850b-636b1ea50f0c,10/04/2011,N/A,S&P Global Manufacturing PMI (Sep),LOW,KRW,-,-,-,-,
e12817c0-a7f5-433b-baf7-c834aa80b6ce,10/04/2011,11:30,S&P Global Construction PMI (Sep),LOW,GBP,-,-16.97,51.7,-,
48cee879-ba6b-429a-88f6-21ea5003a8d6,10/04/2011,12:00,Producer Price Index (MoM) (Aug),MEDIUM,EUR,-0.2%,0.00,-0.2%,0.5%,
acd3dbb4-e6f4-4699-a79f-052d50a345ee,10/04/2011,12:00,Producer Price Index (YoY) (Aug),HIGH,EUR,5.8%,0.00,5.8%,5.9% ,
3506622d-93e0-4ee4-945e-96bc23650793,10/04/2011,12:00,Total New Vehicle Sales (Sep),LOW,ZAR,"54,364",-,-,"44,880",
1e7f2af9-192f-4b8d-b6c4-4fea2bbd08f9,10/04/2011,14:00,Fipe's IPC Inflation (Sep),NONE,BRL,0.25%,-,-,0.39%,
70a8c754-c139-4cd5-8611-a2ba8ea2d2d3,10/04/2011,15:00,Industrial Output (MoM) (Aug),LOW,BRL,-0.2%,-,-,0.5%,
6b6200b7-6311-4665-9428-313775f389bd,10/04/2011,15:00,Industrial Output (YoY) (Aug),LOW,BRL,1.8%,-,-,-0.3%,
368b5946-f926-4d54-909b-4a87e86f6261,10/04/2011,16:00,Consumer Confidence (Sep),LOW,MXN,92.4,-,-,93.4,
558b8b97-b5db-4d44-abd0-1f503dd2fd4a,10/04/2011,16:00,Consumer Confidence s.a (Sep),LOW,MXN,91,-,-,92.5,
b4d6fc9e-d61f-494d-a8c8-268631107149,10/04/2011,17:00,Currency Reserves (Sep),LOW,DKK,490.3B,-,-,475.7B,
b47061ba-bcce-4890-baab-3fc6525b29ae,10/04/2011,17:00,Factory Orders (MoM) (Aug),MEDIUM,USD,0.1%,0.10,0%,1% ,
30e5955e-9dab-4d66-adc5-bc6dbefb7dbb,10/04/2011,17:00,Fed's Chair Bernanke testifies,HIGH,USD,,,,,SPEECH
3e4f99e3-1f93-430f-8eed-a5405e4fffd9,10/05/2011,01:30,AiG Performance of Services Index (Sep),MEDIUM,AUD,50.3,-,-,52.1,
83e8552d-748b-44e4-91a4-1dba854454bd,10/05/2011,02:01,BRC Shop Price Index (YoY) (Sep),LOW,GBP,2.7%,-,-,2.7%,
57fd7acb-3196-476f-abcb-fa2a60a34ae8,10/05/2011,03:30,Retail Sales s.a. (MoM) (Aug),MEDIUM,AUD,0.6%,0.60,0.2%,0.5% ,
6e5919ca-4e01-4fe2-ae27-650d0d7722a0,10/05/2011,07:00,S&P Global Services PMI (Sep),LOW,RUB,-,-,-,56.9,
fbede906-dc38-43ce-a38b-fac788048305,10/05/2011,08:05,Consumer Price Index (MoM) (Sep),LOW,RUB,0%,-,-,0.2% ,
44f58c9b-c34e-49c2-9f0e-e818d4579959,10/05/2011,10:00,AIB Services PMI (Sep),LOW,EUR,-,-,-,-,
451837ec-890e-42a7-a46d-3b838668921b,10/05/2011,10:15,HCOB Services PMI (Sep),LOW,EUR,-,-,-,-,
9eb53905-5d86-4a32-9476-241593f19c9c,10/05/2011,10:45,HCOB Services PMI (Sep),LOW,EUR,-,-,-,-,
05dde0a3-27e0-4cf2-8775-5ec35eff7c29,10/05/2011,10:50,HCOB Services PMI (Sep),LOW,EUR,-,-,-,-,
f4bf739e-393c-4c9a-8517-9b0f038c3db5,10/05/2011,10:55,HCOB Services PMI (Sep),MEDIUM,EUR,-,-0.41,50.3,-,
c4547736-7127-4b8d-bfb2-f22261699d7e,10/05/2011,11:00,HCOB Services PMI (Sep),LOW,EUR,-,-,-,-,
a5705a9a-642d-43c2-a495-fb20164ce8bb,10/05/2011,11:28,Gross Domestic Product (QoQ) (Q2),MEDIUM,GBP,0%,-3.16,0.2%,0.2%,
57a83e26-07eb-4d16-afc6-489236b62403,10/05/2011,11:30,Gross Domestic Product (YoY) (Q2),MEDIUM,GBP,0.6%,-1.21,0.7%,0.7%,
beb34371-c56d-4acb-a1ec-2e5193c638cd,10/05/2011,11:30,S&P Global Services PMI (Sep),MEDIUM,GBP,-,1.26,50.7,-,
1ac983e8-6944-447e-a3a5-3b3c185a664f,10/05/2011,11:30,Total Business Investment (QoQ) (Q2),LOW,GBP,11.6%,-,-,-6.5% ,
08755e76-4f33-4a25-bfc3-06811feb8e67,10/05/2011,11:30,Total Business Investment (YoY) (Q2),MEDIUM,GBP,3.8%,-,-,2.1% ,
9998446e-c2a1-42bf-bd68-93e54cc22e6d,10/05/2011,12:00,Retail Sales (MoM) (Aug),MEDIUM,EUR,0.1%,0.69,-0.2%,0.2%,
41f57413-013e-4ed2-b3b7-0d24d1faaea4,10/05/2011,12:00,Retail Sales (YoY) (Aug),MEDIUM,EUR,-0.1%,0.51,-0.7%,-0.6% ,
dedfd8f7-81e3-4339-a2dc-cb332406fca3,10/05/2011,12:00,NBP Base rate,LOW,PLN,4.5%,-,-,4.5%,
67aa6cbd-87fa-4d19-a36c-ef77921847cb,10/05/2011,12:18,Gross Domestic Product s.a. (QoQ) (Q2),MEDIUM,EUR,0.2%,0.00,0.2%,0.2%,
51c798b5-586d-4181-a231-c979438dc83e,10/05/2011,12:18,Gross Domestic Product s.a. (YoY) (Q2),MEDIUM,EUR,1.4%,-1.36,1.6%,1.6%,
4ab11866-52d0-45cd-ac90-80112030763d,10/05/2011,14:00,MBA Mortgage Applications,LOW,USD,-4.3%,-,-,9.3%,
75d4125a-4542-4830-9174-48dd8fbd1d02,10/05/2011,14:30,M3 Money Supply,LOW,INR,16.3%,-,-,16.4%,
dadfdc75-b224-40d1-981c-a285c247c6fd,10/05/2011,15:15,ADP Employment Change (Sep),MEDIUM,USD,116K,0.59,75K,71K,
74b9eecc-21b9-44ad-9aa0-6288f2cbbeca,10/05/2011,17:00,ISM Services PMI (Sep),MEDIUM,USD,53,0.14,52.7,53.5,
aa49899e-d1d5-4bae-b0c0-55a42d16463d,10/05/2011,17:30,EIA Crude Oil Stocks Change,LOW,USD,-4.679M,-,-,1.915M,
cc82a892-b345-4661-a185-8a0581ede4c8,10/06/2011,09:00,Gross Domestic Product (MoM) (Jul),LOW,EUR,0.2%,-,-,-0.9%,
fdcb5486-4b59-4e71-ad5f-069641cd1f92,10/06/2011,09:00,Gross Domestic Product (YoY) (Jul),LOW,EUR,4.9%,-,-,2.5% ,
6de20b0c-c1c6-42b5-bf52-78160a8b4e40,10/06/2011,09:30,Central Bank Reserves $,LOW,RUB,$516.8B,-,-,$526B,
b20ac68d-99b9-4bfc-94a3-aa7b5c89bee6,10/06/2011,10:00,Industrial Output Cal Adjusted (YoY) (Aug),LOW,EUR,0%,-,-,-2.8% ,
41df9407-0a03-4bce-9559-09af2f558f0d,10/06/2011,10:00,Industrial Output (YoY) (Aug),LOW,HUF,4.4%,-,-,0.3%,
3f492b91-5461-40d9-93de-03acd0754476,10/06/2011,10:08,Halifax House Prices (YoY/3m) (Sep),LOW,GBP,-2.3%,0.00,0.2%,-2.6%,
0c20dd6d-637d-43fc-a6b1-ab38bdb1f4a1,10/06/2011,10:09,Halifax House Prices (MoM) (Sep),LOW,GBP,-0.3%,3.57,-2.1%,0.1% ,
cbd83fa7-6410-4967-8000-44706f2aa27d,10/06/2011,10:15,Consumer Price Index (MoM) (Sep),MEDIUM,CHF,0.3%,1.15,0.1%,-0.3%,
40e8310f-d27c-4bb6-930c-9bd0650434c9,10/06/2011,10:15,Consumer Price Index (YoY) (Sep),MEDIUM,CHF,0.5%,1.22,0.3%,0.2%,
36901bb7-e579-4420-8ea4-03072079c80b,10/06/2011,10:30,Consumer Price Index n.s.a (YoY) (Sep),LOW,EUR,2.7%,-,-,2.6%,
39af923b-5faf-4307-ad18-8404afe54a7b,10/06/2011,11:00,Retail Sales (YoY),NONE,CZK,2.3%,-,-,-1.7%,
a82a364f-1c5d-4335-8992-de468a43bbbc,10/06/2011,11:30,Index of Services (3M/3M) (Jul),LOW,GBP,0.8%,-0.41,0.9%,0.5% ,
5ac3edcf-0e85-4310-8b6c-5f83ff3b79ad,10/06/2011,12:30,Reuters Econometer (Sep),LOW,ZAR,267.3,-,-,263.2,
50d3a885-e0cf-4c21-b89b-a753b76e6249,10/06/2011,13:00,Factory Orders n.s.a. (YoY) (Aug),MEDIUM,EUR,4%,-0.09,4.7%,8.7%,
9a112057-7d9e-4d6e-900f-c43b31a2b218,10/06/2011,13:00,Factory Orders s.a. (MoM) (Aug),MEDIUM,EUR,-1.4%,-0.77,0.1%,-2.2% ,
c310e339-96e8-4641-b6f0-df7941bc372f,10/06/2011,14:00,BoE Asset Purchase Facility (Oct),NONE,GBP,£275B,-,-,£200B,
da35b943-2ec6-4ccb-b571-dc81891aab5c,10/06/2011,14:00,BoE Interest Rate Decision,HIGH,GBP,0.5%,0.00,0.5%,0.5%,
3646ac4f-c649-40ce-a7ef-3a95b829d5e7,10/06/2011,14:45,ECB Main Refinancing Operations Rate,HIGH,EUR,1.5%,0.00,1.5%,1.5%,
190c551a-d7ed-4120-b976-ebe9ae03409b,10/06/2011,15:30,Building Permits (MoM) (Aug),LOW,CAD,-10.1%,-0.87,0.3%,2.9% ,
76f8e499-23fe-4452-81cd-1ab5df462312,10/06/2011,15:30,ECB's President Trichet speech,HIGH,EUR,,,,,SPEECH
504d84ae-a6c7-4d31-a3bf-053e81e0df69,10/06/2011,15:30,Continuing Jobless Claims,LOW,USD,3.725M,0.00,3.725M,3.729M,
d5da6265-e933-4dd3-8e96-02962a9ae47d,10/06/2011,15:30,Initial Jobless Claims,LOW,USD,405K,-0.39,411K,391K,
b3982555-e1aa-46e2-afd0-a61117c8d21a,10/06/2011,17:00,Ivey Purchasing Managers Index (Sep),MEDIUM,CAD,63.4,0.77,55,57.6,
1ba926cf-f18a-4062-b7d3-a91277707f2c,10/06/2011,17:00,Ivey Purchasing Managers Index s.a (Sep),LOW,CAD,55.7,-,-,56.4,
73f4060c-23f0-40b1-b30f-acf77e8d2de6,10/07/2011,01:30,AiG Performance of Construction Index (Sep),MEDIUM,AUD,30,-,-,32.1,
848b10e1-3e7b-4e7e-b829-826615d4f402,10/07/2011,07:00,BoJ Interest Rate Decision,HIGH,JPY,0.1%,0.00,0.1%,0.1%,
a7b1f085-e1b7-428c-a07f-2012f84577fc,10/07/2011,08:00,Coincident Index (Aug) PREL,LOW,JPY,107.4,0.00,107.4,107.1,
609b3423-b2ad-4198-a56b-87c320604ac8,10/07/2011,08:00,Leading Economic Index (Aug) PREL,MEDIUM,JPY,103.8,0.00,103.8,104.6,
3a193786-9342-4721-82f8-88ffbdd6a909,10/07/2011,08:45,Unemployment Rate s.a (MoM) (Sep),MEDIUM,CHF,2.8%,0.00,2.8%,2.8%,
c621a53a-cdc3-4312-8227-e4672a01bb93,10/07/2011,09:00,Gross $Gold & Forex Reserve,NONE,ZAR,$49.725B,-,-,$51.449B,
16e607b0-e08a-4483-9946-e1ba475a0f25,10/07/2011,09:00,Net $Gold & Forex Reserve,NONE,ZAR,$47.93B,-,-,$49.125B,
3c412904-a7fe-4242-a711-5f68656b09be,10/07/2011,09:45,Budget Balance (Aug),LOW,EUR,€-102.8B,-,-,€-86.6B,
370911aa-cc3d-4793-b647-09f049200fdc,10/07/2011,09:45,"Exports, EUR (Aug)",LOW,EUR,€37.918B,-,-,€34.8B,
36ff30f4-3c11-44ca-b263-a8d9ff10394f,10/07/2011,09:45,"Imports, EUR (Aug)",LOW,EUR,€42.228B,-,-,€41.2B,
2908a7c9-7cd7-4349-9b41-efea6e8390f1,10/07/2011,09:45,Trade Balance EUR (Aug),LOW,EUR,€-4.3B,-,-,€-6.5B,
a8bdf949-a3c1-4969-8b4e-4ee65c7ac644,10/07/2011,10:00,Construction output (YoY) (Aug),LOW,CZK,-7.7%,-,-,-11.1%,
c07a5471-b948-4de6-b042-ef315c9c636b,10/07/2011,10:00,Foreign Trade Balance (MoM) (Aug),LOW,CZK,3.13B,-,-,14B,
8e757166-c95e-40d5-988c-dd65f3e28f1a,10/07/2011,10:00,Industrial Production (YoY) (Aug),LOW,CZK,5.9%,-,-,4.4%,
09f8fde3-133b-4d68-81ee-9aa674add56e,10/07/2011,10:00,Industrial Output (YoY) (Aug),LOW,EUR,4.2%,-,-,5% ,
625366a3-4bb9-44d8-b81c-a990a509e372,10/07/2011,10:30,Trade Balance (Jul),NONE,EUR,€-608.4M,-,-,€-499.5M,
a914b84d-3496-4078-9ed7-4968c946235a,10/07/2011,11:00,FX Reserves (Sep),LOW,CZK,€30.13B,-,-,€30.03B,
7165d06b-9f6a-4159-8d20-a9905ddc7cb9,10/07/2011,11:00,Industrial Production (MoM) (Aug),NONE,DKK,-4.3%,-,-,3.3%,
a01ab5d9-23b6-48d1-9b8f-256274f9766d,10/07/2011,11:00,Industrial Production (MoM),LOW,RON,1.9%,-,-,1.2%,
7e37040f-7e2c-4952-b778-2542103f2d6b,10/07/2011,11:30,Producer Price Index - Input (MoM) n.s.a (Sep),LOW,GBP,1.8%,0.62,1.4%,-1% ,
1a57b146-7df7-493a-b21d-09ed6db42da7,10/07/2011,11:30,Producer Price Index - Input (YoY) n.s.a (Sep),LOW,GBP,17.7%,0.75,17.1%,16.2%,
5134e110-d698-483b-9a3a-68d67e683b7d,10/07/2011,11:30,Producer Price Index - Output (MoM) n.s.a (Sep),LOW,GBP,0.3%,0.00,0.3%,0.1% ,
604b1d09-adb4-49bf-baa1-b40f006d9de0,10/07/2011,11:30,Producer Price Index - Output (YoY) n.s.a (Sep),MEDIUM,GBP,6.3%,0.82,6.2%,6.1% ,
fbfefeb4-767e-45cc-9f40-9c2968bda68f,10/07/2011,13:00,Industrial Production n.s.a. w.d.a. (YoY) (Aug),MEDIUM,EUR,7.7%,0.90,6.4%,10.1%,
43e4bcf5-1926-4f2a-8227-ad2fd35e6920,10/07/2011,13:00,Industrial Production s.a. (MoM) (Aug),MEDIUM,EUR,-0.4%,0.34,-0.9%,3% ,
117d3ec3-7f46-4c97-83cf-04f4b698b5fa,10/07/2011,13:00,Manufacturing Output,NONE,NOK,3.3%,-,-,-1.5%,
5bb006e4-108e-49e6-a8e9-e55f6e7cc3b8,10/07/2011,14:00,Net Change in Employment (Sep),HIGH,CAD,60.9K,1.51,19.6K,24.5K,
f2e3200e-bed4-4c69-b85b-2757fc91e822,10/07/2011,14:00,Unemployment Rate (Sep),HIGH,CAD,7.1%,-2.41,7.3%,7.3%,
108c8e97-f214-44fe-b7a1-ed7b541eef09,10/07/2011,14:30,Bank Loan Growth,LOW,INR,19.5%,-,-,20.4%,
b6341b93-01cc-4a2b-bc0a-723c05923192,10/07/2011,14:30,"FX Reserves, USD",LOW,INR,$311.482B,-,-,$312.707B,
53763aca-fd4c-4dee-a148-9a916b1362a2,10/07/2011,15:00,IPCA Inflation,NONE,BRL,0.53%,-,-,0.37%,
bd306ad3-6a5d-43de-927f-accfdea5f219,10/07/2011,15:30,Average Hourly Earnings (MoM) (Sep),MEDIUM,USD,0.3%,0.41,0.2%,-0.1% ,
70dd5590-043e-4ccb-8481-469efc226732,10/07/2011,15:30,Average Hourly Earnings (YoY) (Sep),MEDIUM,USD,1.9%,0.00,1.9%,2% ,
6e6d78da-9308-4a08-8ae7-82d79f1ce94b,10/07/2011,15:30,Average Weekly Hours (Sep),LOW,USD,34.3,1.12,34.2,34.3,
e669b732-3d5d-44de-a422-594c5d3190b9,10/07/2011,15:30,Nonfarm Payrolls (Sep),HIGH,USD,210K,1.76,73K,126K,
ccb435bf-d731-4cfc-a14f-04ab0171c29f,10/07/2011,15:30,Unemployment Rate (Sep),HIGH,USD,9.1%,0.00,9.1%,9% ,
908ae8ba-7309-4ead-aa93-eed77159d621,10/07/2011,16:00,12-Month Inflation (Sep),LOW,MXN,3.14%,-,-,3.42%,
689d6fa8-eefb-4781-89de-e1506474d26e,10/07/2011,16:00,Core Inflation (Sep),LOW,MXN,0.27%,-,-,0.12%,
426bb491-cd49-4d47-81d7-da2506efa3b0,10/07/2011,16:00,Headline Inflation (Sep),LOW,MXN,0.25%,-,-,0.16%,
7936b381-ff41-4586-b3d7-db765e942a6b,10/07/2011,16:00,Central Bank FX Reserves (Sep),NONE,PLN,€74.09B,-,-,€74.1B,
ffa0c7bf-d02b-41a6-b5d7-60da28f8dbf5,10/07/2011,17:00,Wholesale Inventories (Aug),LOW,USD,0.1%,-1.15,0.6%,0.8%,
e7ebd70a-8328-4086-be46-949e52089366,10/07/2011,17:45,Fed's Lockhart speech,LOW,USD,,,,,SPEECH
395681ae-7841-45c1-b4d5-ca8ece34ebbe,10/07/2011,18:00,Budget Balance,NONE,HUF,-25.9B,-,-,-50.1B,
859e97ee-66a8-489f-9450-58a901957a51,10/07/2011,22:00,Consumer Credit Change (Aug),MEDIUM,USD,$-9.68B,-5.42,$8B,$24.41B,
b95e2026-9ba0-4c01-91dc-d4a95060c2cf,10/10/2011,03:00,Thanksgiving Day,NONE,CAD,,,,,ALL DAY
6e5fbd24-2611-44a5-a825-e97e755b4358,10/10/2011,03:00,Health-Sports Day,NONE,JPY,,,,,ALL DAY
d45a6083-77c6-42a4-aa50-1bff6cd8d070,10/10/2011,03:00,Columbus Day,NONE,USD,,,,,ALL DAY
65cc5ea3-6cb2-48b2-9773-d9bc73fa048a,10/10/2011,03:30,ANZ Job Advertisements (Sep),LOW,AUD,-2.2%,-,-,-0.6% ,
91c701b7-ce32-4469-84a7-954901fc97b7,10/10/2011,09:00,Current Account n.s.a. (Aug),LOW,EUR,€6.5B,0.49,€5B,€9.7B,
fba57f44-cf90-49d9-a29a-0afc4e894800,10/10/2011,09:00,Trade Balance s.a. (Aug),MEDIUM,EUR,€13.8B,2.45,€9.8B,€10.9B,
3756a1ab-a77c-4fc7-9d42-52de8870b90e,10/10/2011,09:00,Industrial Output (MoM) (Aug),LOW,EUR,2.1%,-,-,-0.4%,
10381458-c29d-49d9-b16b-4fe0d32d7fd8,10/10/2011,09:45,Industrial Output (MoM) (Aug),LOW,EUR,0.5%,-,-,1.1% ,
b4795766-323d-4070-8f82-f93513440081,10/10/2011,10:00,Consumer Price Index (MoM) (Sep),LOW,CZK,-0.2%,-,-,-0.3%,
5f1bb78b-c8ac-437c-8a96-643e98ed17d8,10/10/2011,10:00,Consumer Price Index (YoY) (Sep),LOW,CZK,1.8%,-,-,1.7%,
657b2742-0814-4aef-9693-0233f9b99a02,10/10/2011,10:00,Unemployment Rate (Sep),LOW,CZK,8%,-,-,8.2%,
9237aba7-c5f0-4ac1-8704-741bcb76bdcc,10/10/2011,10:00,Consumer Price Index (YoY) (Sep),LOW,DKK,2.5%,-,-,3%,
3c64d43b-dd4b-4570-9f6c-93724b5f5787,10/10/2011,10:00,Current Account (Aug),LOW,DKK,10.5B,-,-,10B,
4febfc0c-5c7b-4c9e-b7ee-ba18d2f67f23,10/10/2011,10:00,Inflation (HICP) (YoY) (Sep),LOW,DKK,2.4%,-,-,3%,
79c40fc7-f89d-4c8a-998a-e029ce6ce0fc,10/10/2011,10:00,Trade Balance (Aug),LOW,DKK,5.6B,-,-,4.9B,
f65097a8-5c07-4c52-aeb0-8be0b00037b2,10/10/2011,10:00,Trade Balance (Aug) PREL,LOW,HUF,€492.4M,-,-,€354.8M,
cf1e1366-e592-4510-b184-2c265784450b,10/10/2011,10:00,Foreign Trade Balance (Aug),LOW,EUR,€194.4M,-,-,€117.5M,
d348d104-2537-415e-a28d-83340f3a7dc2,10/10/2011,10:00,Industrial Production (YoY) (Aug),LOW,TRY,3.8%,-,-,6.9%,
d2125c53-6599-4d31-a81c-810501c4cb0d,10/10/2011,10:30,Industrial Production Value (MoM) (Aug),LOW,SEK,-3.1%,-,-,2.8%,
1766bed0-b2ac-4144-ae2c-96fcf784cbdf,10/10/2011,10:30,Industrial Production Value (YoY) (Aug),LOW,SEK,5.6%,-,-,8.2%,
dd66d5fb-4135-4e5c-a6d5-8e92b2255002,10/10/2011,10:30,New Orders Manufacturing (YoY) (Aug),LOW,SEK,9%,-,-,0.4%,
ab71f5f1-09bb-45d0-a376-0e908a95cd32,10/10/2011,11:00,Industrial Output s.a. (MoM) (Aug),LOW,EUR,3.9%,-,-,-0.7%,
3413774d-2e23-4c39-bad2-780bb0cfccb2,10/10/2011,11:00,Industrial Output w.d.a (YoY) (Aug),LOW,EUR,4.7%,-,-,-1.6% ,
93678089-5a35-4c46-bade-875137cf91ea,10/10/2011,11:00,Consumer Price Index (MoM) (Sep),LOW,NOK,0.9%,-,-,-0.6%,
0daddb68-358f-46f2-ac02-941021940ffc,10/10/2011,11:00,Consumer Price Index (YoY) (Sep),LOW,NOK,1.6%,-,-,1.3%,
d90c0b39-e868-489d-915e-46fe28e4982d,10/10/2011,11:00,Core Inflation (MoM) (Sep),LOW,NOK,1.2%,-,-,-0.6%,
dc1d976a-f348-49b9-873e-30d493ec491d,10/10/2011,11:00,Core Inflation (YoY) (Sep),LOW,NOK,1.2%,-,-,0.8%,
9879f647-49f5-41af-b4e4-e082943c5c96,10/10/2011,11:00,Producer Price Index (YoY) (Sep),LOW,NOK,15.3%,-,-,12.8%,
b2053b63-42f2-4c01-a5dc-b7a37cb640bd,10/10/2011,11:30,Sentix Investor Confidence (Oct),MEDIUM,EUR,-18.5,0.12,-19.4,-15.4,
a68749c6-14c9-4e8c-8f32-602643b8af95,10/10/2011,12:00,Industrial Production (YoY) (Aug),LOW,EUR,-11.7%,-,-,-13.1%,
9ee5d68a-18b8-4ad6-9094-24802763faac,10/10/2011,12:00,Trade Balance (Sep),LOW,ISK,15.47B,-,-,8.2B,
32dfac92-65e3-492d-91e9-456a17815a96,10/10/2011,13:00,Global Trade Balance (Jun),LOW,EUR,€-3.306B,-,-,€-3.884B,
2c3afe90-19c1-442f-b060-1d230b5794cf,10/10/2011,17:00,Treasury Cash Balance (Sep),LOW,TRY,2.094B,-,-,0.925B,
fc962ca0-1447-47e0-a040-74c994f22b5a,10/11/2011,00:00,Producer Price Index Growth (MoM) (Sep),LOW,KRW,0.1%,-,-,0.3%,
b3a08297-feea-42b8-b4eb-3b60e38b244f,10/11/2011,00:00,Producer Price Index Growth (YoY) (Sep),LOW,KRW,5.7%,-,-,6.6%,
3ab33357-1c9c-49b6-acb3-4932ba932706,10/11/2011,02:01,BRC Like-For-Like Retail Sales (YoY) (Sep),LOW,GBP,0.3%,-,-,-0.6%,
1c6575a1-5c68-4b86-a323-47a9eee20d44,10/11/2011,02:01,RICS Housing Price Balance (Sep),MEDIUM,GBP,-23%,0.00,-23%,-22% ,
8c3827e3-0a66-4068-8913-ecafb5933453,10/11/2011,02:50,Current Account n.s.a. (Aug),LOW,JPY,¥407.5B,1.72,¥0.51B,"¥1,171.4B",
871493c1-5057-4881-b2f5-43835586d632,10/11/2011,03:00,Foreign Trade (Jul),LOW,RUB,$14.67B,-,-,$17.4B,
9424fad3-1fb5-4170-9032-141b44ba7081,10/11/2011,03:30,National Australia Bank's Business Conditions (Sep),LOW,AUD,2,-,-,-2,
a251390a-62d3-478a-9f1f-8a62ac8bd82b,10/11/2011,03:30,National Australia Bank's Business Confidence (Sep),LOW,AUD,-1,-,-,-7,
c9993005-0203-4c51-9661-9f602168390c,10/11/2011,08:00,BoJ Monthly Economic Survey,HIGH,JPY,,,,,REPORT
83506282-a133-490f-b6ef-e26056f7a0bf,10/11/2011,08:00,Consumer Confidence Index (Sep),MEDIUM,JPY,38.6,0.68,37.4,36.9,
390ae56f-6398-4685-8c79-2062edf1ca42,10/11/2011,09:00,Eco Watchers Survey: Current (Sep),MEDIUM,JPY,45.3,-0.15,46.9,47.3,
d4989c29-41e5-46f6-b216-d27f563a7958,10/11/2011,09:00,Eco Watchers Survey: Outlook (Sep),MEDIUM,JPY,46.4,-,-,48.8,
254e8a1a-c7b4-4145-aa2f-343291514dfd,10/11/2011,10:00,Consumer Price Index (MoM) (Sep),LOW,EUR,0.2%,-,-,0.1%,
e5f7e6e2-4baa-429c-b51c-74413a296118,10/11/2011,10:00,Consumer Price Index (YoY) (Sep),LOW,EUR,3.1%,-,-,3%,
1e0bbf41-246e-4834-acd6-34fbcb0134ff,10/11/2011,10:00,Harmonized Index of Consumer Prices (MoM) (Sep),LOW,EUR,1.2%,-,-,0%,
1e4b71e9-b35f-492f-b2e4-ce313c274336,10/11/2011,10:00,Harmonized Index of Consumer Prices (YoY) (Sep),LOW,EUR,3%,-,-,3%,
b81deb5f-2565-4f72-bdcb-e7ffd04b75ab,10/11/2011,10:00,Consumer Price Index (YoY) (Sep),LOW,HUF,3.6%,-,-,3.6%,
510c4139-76e5-4aae-9cc6-c483c5b18395,10/11/2011,10:00,Core Consumer Price Index (YoY) (Sep),LOW,HUF,3%,-,-,3.1%,
7eaa13ba-9947-4b2f-972d-f3ea8038c436,10/11/2011,10:00,Consumer Price Index (Sep),LOW,RON,3.5%,-,-,4.3%,
b51ba4de-5392-4cb1-933a-172ae47528f3,10/11/2011,10:00,Current Account Balance (Jul),LOW,TRY,$-3.96B,-,-,$-5.32B,
9d6f1748-468d-4708-9a0a-b6c889c221e8,10/11/2011,10:30,Manufacturing Output (MoM) (Aug),LOW,EUR,-0.5%,-,-,0% ,
0592467e-bc62-415a-a7fe-9d0bf054c122,10/11/2011,10:30,Consumer Price Index (MoM) (Sep),LOW,SEK,0.7%,-,-,0%,
5f1dd669-fd10-4359-a4fa-e1a399434e8b,10/11/2011,10:30,Consumer Price Index (YoY) (Sep),LOW,SEK,3.2%,-,-,3.4%,
aefe860c-5a4d-4323-ad58-fb68ee07b21f,10/11/2011,11:30,DCLG House Price Index (YoY) (Aug),LOW,GBP,-1.3%,-3.41,2.3%,-1.5%,
87357956-5058-470a-9726-60ae88218bfd,10/11/2011,11:30,Industrial Production (MoM) (Aug),LOW,GBP,0.3%,0.94,-0.2%,-0.2% ,
b031b6a3-601b-48a1-a5e9-1dc76734664c,10/11/2011,11:30,Industrial Production (YoY) (Aug),MEDIUM,GBP,-0.9%,0.36,-1.2%,-5.1% ,
65023bc8-d9ab-448f-bc13-4ff9a8ce63c7,10/11/2011,11:30,Manufacturing Production (MoM) (Aug),LOW,GBP,-0.3%,-0.40,0%,-0.2%,
72c46177-f63c-4fcb-b4c6-145e508c10b1,10/11/2011,11:30,Manufacturing Production (YoY) (Aug),MEDIUM,GBP,1.6%,0.00,1.6%,-1.5% ,
e6d60be2-f866-4664-a161-96af9609743e,10/11/2011,12:00,Consumer Price Index (YoY) (Sep),LOW,EUR,3.1%,-,-,1.7%,
b7944981-2d11-4687-b3e4-47006239fd46,10/11/2011,14:00,Retail Sales (MoM) (Aug),LOW,BRL,-0.4%,-,-,1.4%,
bd22f432-0471-494d-a2bd-61bd6ae9f605,10/11/2011,15:15,Housing Starts s.a (YoY) (Sep),MEDIUM,CAD,208.8K,2.79,186K,191.8K,
2314b9b5-420b-494e-88b1-83ad28dae646,10/11/2011,17:00,NIESR GDP Estimate (3M) (Sep),MEDIUM,GBP,0.5%,-,-,0.2% ,
206f11c7-5504-4178-b406-a3c2cc6dc244,10/11/2011,17:00,RealClearMarkets/TIPP Economic Optimism (MoM) (Oct),LOW,USD,40.3,-0.93,44.2,39.9,
e7bae260-ab3f-4a1c-99f0-210f39b142ed,10/12/2011,02:00,Unemployment Rate (Sep),LOW,KRW,3.2%,-,-,3.1%,
52300453-e67a-4fed-bcbf-d262cc43b9b7,10/12/2011,02:30,Westpac Consumer Confidence (Oct),MEDIUM,AUD,0.4%,-,-,8.1%,
8c6f3549-b16e-4f3f-8ff6-b76a53b0830a,10/12/2011,02:50,Machinery Orders (MoM) (Aug),MEDIUM,JPY,11%,1.03,4.1%,-5.1% ,
d6f7ac03-ea11-4cab-b1d7-0f7aade41128,10/12/2011,03:30,Home Loans (Q3),MEDIUM,AUD,1.2%,0.05,1.1%,-0.7% ,
195f8c1b-6794-4838-a3f1-5bb1e3a81e74,10/12/2011,03:30,Investment Lending for Homes (Q3),LOW,AUD,1.8%,-,-,0.2% ,
416210f7-fdff-4974-98cf-e08d6574facf,10/12/2011,06:00,Money Supply Growth (Aug),LOW,KRW,8.6%,-,-,9%,
e07e663a-6c5f-4ddb-89b8-b87a97bd06c0,10/12/2011,08:30,Consumer Price Index (EU norm) (YoY) (Sep),LOW,EUR,2.4%,-,-,2.4%,
51da19dd-4e0c-491a-87cc-8f05060b41de,10/12/2011,08:30,Inflation ex-tobacco (MoM) (Sep),LOW,EUR,-0.1%,-,-,0.5%,
4dc72522-c314-42f8-8cbc-094671066717,10/12/2011,08:30,Cumulative Industrial Output (Sep),LOW,INR,5.6%,-,-,5.8%,
a18cd649-ccad-48bf-afbf-5a345eec1442,10/12/2011,08:30,Industrial Output (Aug),LOW,INR,4.1%,-,-,3.7% ,
dc85b2eb-4052-4ab5-ae16-74512ad33a38,10/12/2011,08:30,Manufacturing Output (Aug),LOW,INR,4.5%,-,-,2.3%,
2a099ed5-3af6-4e6d-b462-cde33e1a0193,10/12/2011,09:00,Wholesale Price Index (MoM) (Sep),LOW,EUR,0.3%,-,-,-0.1% ,
2321105f-802d-4334-ab23-525ebc878831,10/12/2011,09:00,Wholesale Price Index (YoY) (Sep),LOW,EUR,5.7%,-,-,5% ,
65e3be50-ac43-4df4-b67b-c20d04195770,10/12/2011,09:00,Machine Tool Orders (YoY) (Sep),LOW,JPY,20.3%,-,-,34.8%,
230ff28b-4a6d-467a-96f3-d4296f34c9f8,10/12/2011,09:30,Consumer Price Index (EU norm) (MoM) (Oct),LOW,EUR,0%,-,-,0.6%,
368e8958-ccf8-4b2e-a60a-1e33905ccce9,10/12/2011,09:45,Current Account (Aug),LOW,EUR,€-2.4B,-,-,€-4.5B,
e405699b-a7a8-43f1-b61c-958b006fa29b,10/12/2011,11:30,Average Earnings Excluding Bonus (3Mo/Yr) (Aug),LOW,GBP,1.8%,-1.34,1.9%,2% ,
19ae4dae-00df-4997-8a9d-ee0aa7e8d4ba,10/12/2011,11:30,Average Earnings Including Bonus (3Mo/Yr) (Aug),MEDIUM,GBP,2.7%,0.00,2.7%,2.7% ,
330932a3-023b-4e22-bd89-23aaa1860f05,10/12/2011,11:30,Claimant Count Change (Sep),HIGH,GBP,13.4K,-0.92,23.9K,21.6K,
7625e151-07ce-4939-8075-7deb00df101d,10/12/2011,11:30,Claimant Count Rate (Sep),MEDIUM,GBP,5%,0.00,5%,4.8% ,
b787c446-bb2d-4a1c-9194-1f03c2293d4a,10/12/2011,11:30,ILO Unemployment Rate (3M) (Aug),MEDIUM,GBP,8.1%,1.58,7.9%,8% ,
5f2bd33f-d87c-4c68-b3ef-719a04f48c11,10/12/2011,12:00,Industrial Production s.a. (MoM) (Aug),LOW,EUR,1.4%,5.28,-0.8%,1% ,
630cef91-0ead-4eeb-a22a-03bb1938fecc,10/12/2011,12:00,Industrial Production w.d.a. (YoY) (Aug),MEDIUM,EUR,6%,5.76,2.1%,3.9% ,
10dd5d88-9e88-48af-bcb2-be71b5359a4e,10/12/2011,14:00,MBA Mortgage Applications,LOW,USD,1.3%,-,-,-4.3%,
9f82c2cb-b69f-4965-a524-47b073fdcf23,10/12/2011,14:00,Manufacturing Production Index (YoY) (Aug),LOW,ZAR,5.9%,-,-,-6%,
44becbf5-bb0a-4144-9cea-4eb39440ac8f,10/12/2011,15:30,New Housing Price Index (MoM) (Aug),LOW,CAD,0.1%,0.00,0.1%,0.1%,
44c5c8d2-0125-4be1-9484-f7008b3bafc6,10/12/2011,16:00,Industrial Output (MoM) (Aug),LOW,MXN,-1.1%,-,-,0.5%,
3bfe249a-ce83-4a15-9220-134d41b7d5a7,10/12/2011,16:00,Industrial Output (YoY) (Aug),LOW,MXN,3.1%,-,-,3.2%,
44be97c9-48e8-4175-b9ee-d34b03e07ea9,10/12/2011,21:00,FOMC Minutes,HIGH,USD,,,,,REPORT
9d302275-46ce-4808-a78a-25ed4d36886e,10/13/2011,00:30,Business NZ PMI (Sep),LOW,NZD,50.5,-,-,53.3,
95bab43b-d91a-43a8-b7e4-66664dbde559,10/13/2011,00:45,Food Price Index (MoM) (Sep),LOW,NZD,-1%,-,-,-1.3%,
830b39d4-a0f9-47c2-9b9d-6c032c2edf36,10/13/2011,02:50,Bank Lending (YoY) (Sep),LOW,JPY,-0.3%,-,-,-0.5%,
8c0b67f6-9259-4b0a-a56c-ba0281454216,10/13/2011,02:50,BoJ Monetary Policy Meeting Minutes,HIGH,JPY,,,,,REPORT
e83c258c-ffb4-466e-a1a7-b08a6971cb65,10/13/2011,02:50,Tertiary Industry Index (MoM) (Aug),MEDIUM,JPY,0%,0.64,-0.3%,-0.1% ,
010a8dd8-e084-4b82-aad8-7554c5ddbcec,10/13/2011,03:00,Consumer Inflation Expectations (Sep),LOW,AUD,3.1%,-,-,2.8%,
bba1158c-4ea9-411a-b779-4a9fe5fa00e3,10/13/2011,03:00,Budget Fulfilment (Sep),LOW,RUB,3%,-,-,2.3%,
be12c0ab-0a4b-413e-b180-984a501a41a3,10/13/2011,03:00,Central Bank Reserves $,NONE,RUB,$510.4B,-,-,$516.8B,
f4ea46c2-932d-4b77-92ab-c3ba31c2a56b,10/13/2011,03:30,Employment Change s.a. (Sep),HIGH,AUD,20.4K,0.62,10.1K,8.9K,
1792041e-a461-4dcc-9696-ac2cafa61da5,10/13/2011,03:30,Unemployment Rate s.a. (Sep),HIGH,AUD,5.2%,-1.02,5.3%,5.3%,
e2fa0493-18ec-4cc3-a87d-c516e7d94360,10/13/2011,04:00,BoK Interest Rate Decision,LOW,KRW,3.25%,-,-,3.25%,
eda1b1ff-feac-44ed-b1a3-fa23b2142a2a,10/13/2011,05:45,Trade Balance USD (Sep),MEDIUM,CNY,$14.514B,-0.38,$17.1B,$17.86B,
650d058e-9711-40e6-81c7-10318e2784ec,10/13/2011,09:00,Consumer Price Index (MoM) (Sep),MEDIUM,EUR,0.1%,0.00,0.1%,0.1%,
0c5fabb3-0498-4db3-ac26-b3edac3fd3f5,10/13/2011,09:00,Consumer Price Index (YoY) (Sep),HIGH,EUR,2.6%,0.00,2.6%,2.6%,
7e978d04-f82b-4ee8-8760-9eab9af0bac3,10/13/2011,10:00,Core Inflation (MoM) (Sep),LOW,EUR,0.1%,-,-,-0.2%,
dad57b05-9f7b-4e6a-bb0f-bbd9e4c7baf3,10/13/2011,10:00,Core Inflation (YoY) (Sep),LOW,EUR,2.5%,-,-,2.3%,
34ada395-75d6-4842-b40f-1bd890dfaa5b,10/13/2011,10:00,Headline Inflation (MoM) (Sep),LOW,EUR,0.3%,-,-,0.1%,
fd8752fc-f7d0-4ebe-8a18-df2e3b3a4ad0,10/13/2011,10:00,Headline Inflation (YoY) (Sep),LOW,EUR,4.3%,-,-,4%,
a44fd37e-964d-4236-afaa-bf9cab1551c0,10/13/2011,10:15,Producer and Import Prices (MoM) (Sep),LOW,CHF,-0.1%,-2.09,0.5%,-1.2%,
6fd9b1d7-7df8-47e6-b9b9-fec51c2c03ad,10/13/2011,10:15,Producer and Import Prices (YoY) (Sep),LOW,CHF,-2%,-,-,-1.9%,
9925e3cb-f346-44af-af49-d2f363a8b31b,10/13/2011,10:30,Retail Sales (YoY) (Aug),LOW,EUR,2.6%,-,-,-0.7% ,
cfc1de4c-3e89-4617-b097-c05cd06836a8,10/13/2011,11:00,Current Account (MoM) (Aug),LOW,CZK,-33.65B,-,-,-12.8B,
af2ba2d1-64dd-4f5d-94bd-08f4c559a725,10/13/2011,11:00,ECB Monthly Report,HIGH,EUR,,,,,REPORT
60d90e65-a2fa-4aee-a2f5-967f768ab4a8,10/13/2011,11:30,Goods Trade Balance (Aug),LOW,GBP,£-8.617B,0.35,£-8.8B,£-9.523B,
c153b2ec-382b-4705-8436-a6aa6b3a765f,10/13/2011,11:30,Trade Balance; non-EU (Aug),LOW,GBP,£-5.142B,0.14,£-5.3B,£-5.546B,
8f5a227c-29ce-4b18-8e4d-460aa617d400,10/13/2011,12:00,Consumer Price Index (MoM) (Sep),LOW,EUR,0.8%,-,-,-0.4%,
2af941aa-4956-46ff-82c5-ede547b064fa,10/13/2011,12:00,Consumer Price Index (YoY) (Sep),LOW,EUR,3.6%,-,-,2.9%,
762d6d49-7aa3-48f3-a7a5-d50b359bf1dd,10/13/2011,13:00,Consumer Price Index (MoM) (Sep),LOW,EUR,0.3%,-,-,0.2%,
86701f2a-3b43-44e2-ba9d-0f55d1ace231,10/13/2011,13:00,Consumer Price Index (YoY) (Sep),LOW,EUR,2.6%,-,-,2.2%,
2259d6bd-0e27-4017-9d51-97fab92a522e,10/13/2011,13:00,HICP (MoM) (Sep),LOW,EUR,0.1%,-,-,0.2%,
39f5d6df-2727-4374-bba8-63b67f4c6c9e,10/13/2011,13:00,HICP (YoY) (Sep),LOW,EUR,1.3%,-,-,1%,
e0ad98ef-ab33-48ac-8bbf-9f0a1f82c32a,10/13/2011,15:00,Consumer Price Index (MoM) (Sep),LOW,PLN,0.1%,-,-,0%,
6bb46a71-7cc3-42cb-af1b-64dbe04bf8ec,10/13/2011,15:00,Consumer Price Index (YoY) (Sep),LOW,PLN,3.9%,-,-,4.3%,
566b3ee2-4e63-4727-934f-1f62428df94d,10/13/2011,15:00,Current Account (Aug),LOW,PLN,"€-2,017M",-,-,"€-1,611M",
024dd2e0-aac4-40d6-84ae-5c6a462e95f8,10/13/2011,15:30,International Merchandise Trade (Aug),LOW,CAD,$-0.487B,0.73,$-0.9B,$0.15B,
25077488-72b2-4b4c-ac22-708666bae36f,10/13/2011,15:30,Continuing Jobless Claims,LOW,USD,3.694M,-0.32,3.7M,3.7M,
bcb9f6fb-8181-45e3-a9fb-ac01f3341968,10/13/2011,15:30,Goods and Services Trade Balance (Aug),MEDIUM,USD,$-44.92B,0.28,$-46.3B,$-46.1B,
368c45b9-b28c-40f6-a77d-a84c3d6ea604,10/13/2011,15:30,Initial Jobless Claims,LOW,USD,409K,0.00,409K,401K,
9c2c074e-d2d5-4370-bab4-9ff2c0fe5314,10/13/2011,18:00,EIA Crude Oil Stocks Change,LOW,USD,1.344M,0.00,0.304M,-4.679M,
29dccb00-ac5d-41de-8f15-886cffc2d58b,10/14/2011,02:00,Export Price Growth (YoY) (Sep),LOW,KRW,18.8%,-,-,1.8%,
d52abff0-876d-42a6-b687-ca60577a2ab5,10/14/2011,02:50,Money Supply M2+CD (YoY) (Sep),LOW,JPY,2.7%,0.00,2.7%,2.7%,
61a90adb-bf95-4ab1-b25e-6414b4d7a988,10/14/2011,02:50,Producer Price Index (MoM) (Sep),LOW,JPY,-0.1%,-,-,-0.1% ,
5846d09c-92b4-41dc-a67a-51b02ed688ae,10/14/2011,02:50,Producer Price Index (YoY) (Sep),LOW,JPY,2.5%,0.00,2.5%,2.2% ,
0a512d6a-1ab3-4850-bc89-dcbb62155dc7,10/14/2011,03:00,G20 Meeting,MEDIUM,EUR,,,,,ALL DAY
f50c5d16-b401-4200-9b27-6079389c7460,10/14/2011,05:00,Consumer Price Index (YoY) (Sep),HIGH,CNY,6.1%,-2.67,6.3%,6.2%,
b8597a6b-3019-4c6f-b018-b2cd4e49593b,10/14/2011,05:00,Foreign Exchange Reserves (QoQ) (Q3),MEDIUM,CNY,¥3.2T,-,-,¥3.198T,
f65a40bc-9de1-4179-97b3-67494db9cfde,10/14/2011,05:00,M2 Money Supply (YoY) (Sep),LOW,CNY,13%,-8.00,14.2%,13.5%,
0189ae38-a5a3-4d0d-af6c-bb67a2f00fa6,10/14/2011,05:00,Producer Price Index (YoY) (Sep),MEDIUM,CNY,6.5%,-3.62,6.8%,7.3%,
e2351038-4a5f-41dd-8f48-6c4e270783c1,10/14/2011,09:00,Consumer Price Index (YoY) (Sep),LOW,EUR,3.7%,-,-,3.8%,
4a383e5d-7c4d-4567-ab7e-b9e01e8c390c,10/14/2011,09:30,WPI Inflation (Sep),LOW,INR,9.72%,-,-,9.78%,
fee09540-c2a1-4ce4-84c7-2275af9f33a3,10/14/2011,10:00,Current Account (Aug),LOW,EUR,€0.2B,-,-,€0.2B,
2b3c59be-485a-44ed-a40f-ea6e578f3914,10/14/2011,10:00,Industrial Output (YoY) (Aug),LOW,HUF,4.5%,-,-,4.4%,
89e8aa76-75f2-4dcd-b318-f6a3d4d8c020,10/14/2011,10:00,EU Norm Inflation (MoM) (Sep),LOW,EUR,0.3%,-,-,0.1%,
6d2ceeaf-c2b1-4361-b38d-df9059697061,10/14/2011,10:00,EU Norm Inflation (YoY) (Sep),LOW,EUR,4.4%,-,-,4.1%,
0b6bdba1-c83a-42b3-97c4-7b18509c7df9,10/14/2011,11:00,HICP (MoM) (Sep),LOW,EUR,0.6%,-,-,0.1%,
85701a0e-ad74-4907-bf16-77404063a90b,10/14/2011,11:00,HICP (YoY) (Sep),LOW,EUR,3.9%,-,-,3.7%,
e1251778-4457-4a57-ac96-6bce53d47291,10/14/2011,11:00,Global Trade Balance (Sep),LOW,EUR,€-3.15B,-,-,€1.44B,
f05abab9-394b-45c0-a266-4e604773c44a,10/14/2011,12:00,Core Harmonized Index of Consumer Prices (YoY) (Sep),HIGH,EUR,1.6%,0.53,1.5%,1.2%,
50084041-11fa-48ef-b0af-3fdf09640ba3,10/14/2011,12:00,Harmonized Index of Consumer Prices (MoM) (Sep),MEDIUM,EUR,0.8%,-,-,0.2%,
ab0711ca-0b33-41ed-8572-1aac61e1d730,10/14/2011,12:00,Harmonized Index of Consumer Prices (YoY) (Sep),HIGH,EUR,3%,0.00,3%,3%,
7dfd46b5-2128-405c-a336-a367bc7bbda6,10/14/2011,12:00,Trade Balance n.s.a. (Aug),LOW,EUR,€-4.8B,-,-,€0.6B,
6e495317-d89d-4083-82cb-32b5c0fbe668,10/14/2011,12:00,Trade Balance s.a. (Aug),LOW,EUR,€-1.2B,-0.04,€-1.1B,€-4.4B,
47af1eff-936b-4441-9b69-4174b137f556,10/14/2011,14:30,"FX Reserves, USD",LOW,INR,$312.231B,-,-,$311.482B,
99278e2e-317d-40ff-952c-09f0f3c00b25,10/14/2011,15:00,M3 Money Supply (YoY) (Sep),LOW,PLN,10.1%,-,-,8.5%,
db8bd855-9e44-42b4-b32c-8409ace92a01,10/14/2011,15:30,Manufacturing Sales (MoM) (Aug),LOW,CAD,1.4%,0.85,0.6%,3%,
ce7ab3fb-20f4-45c8-a9f8-a9150a586268,10/14/2011,15:30,Export Price Index (MoM) (Sep),LOW,USD,0.5%,-,-,0.4%,
bb40cc7d-9fd4-4b08-850f-3b5b763aa460,10/14/2011,15:30,Import Price Index (MoM) (Sep),LOW,USD,0.3%,2.48,-0.3%,-0.4% ,
71688590-7f2b-45b7-adb6-170214890d06,10/14/2011,15:30,Import Price Index (YoY) (Sep),LOW,USD,13.4%,-,-,12.9% ,
c699cc3b-e3ea-4fdf-8601-f448f65b147b,10/14/2011,15:30,Retail Sales (MoM) (Sep),HIGH,USD,1.1%,2.79,0.5%,0.3%,
6412be51-797f-490f-bff5-3223aec16eaa,10/14/2011,15:30,Retail Sales ex Autos (MoM) (Sep),MEDIUM,USD,0.5%,2.00,0.2%,0.5% ,
fd90d0d9-f302-4213-9111-438107be72f5,10/14/2011,16:55,Michigan Consumer Sentiment Index (Oct) PREL,HIGH,USD,57.5,-0.94,61,59.4,
bdfd34fa-e3ff-40a8-91f2-a1b55f801e1e,10/14/2011,17:00,Banxico Interest Rate Decision,LOW,MXN,4.5%,-,-,4.5%,
c1cacb7f-e852-4b7e-a093-7c1e5cc7fd71,10/14/2011,17:00,Business Inventories (Aug),LOW,USD,0.4%,0.49,0.3%,0.5% ,
b93cbcb8-f452-4c5c-a717-17728e94428c,10/14/2011,21:00,Monthly Budget Statement (Sep),MEDIUM,USD,$-61.55B,0.00,$-61.9B,$-134.15B,
cb8de376-ee47-4859-8eb0-3f9856a8cd41,10/14/2011,22:00,Consumer Price Index (MoM) (Sep),LOW,ARS,0.8%,-,-,0.8%,
3a057bbe-6eaa-4400-b3c4-87ca39c278de,10/15/2011,03:00,G20 Meeting,MEDIUM,EUR,,,,,ALL DAY
bd3bfe44-877d-4b49-8ecb-7aff5f882237,10/17/2011,02:01,Rightmove House Price Index (MoM) (Oct),LOW,GBP,2.8%,-,-,0.3% ,
6fedf1a5-c005-4415-a5b7-5fe6ed1bbf6a,10/17/2011,02:01,Rightmove House Price Index (YoY) (Oct),MEDIUM,GBP,1.2%,-,-,0.1% ,
000db18f-0d65-4f22-ae69-5e4e74bd878a,10/17/2011,03:30,New Motor Vehicle Sales (MoM) (Sep),LOW,AUD,-1.5%,-,-,3.3% ,
ce4ea455-73bd-422d-b6eb-3501247d66b2,10/17/2011,03:30,New Motor Vehicle Sales (YoY) (Sep),LOW,AUD,1.3%,-,-,4.4%,
eb3a7179-1ab3-44d8-b9f9-97520853610a,10/17/2011,06:00,Import Price Growth (YoY) (Sep),LOW,KRW,29.3%,-,-,28.9%,
5f7c7115-f469-4310-aa5a-82a22464e8e9,10/17/2011,06:00,Trade Balance (Sep),LOW,KRW,$1.6B,-,-,$0.5B,
3e64fdae-ba71-45d9-872f-59ac3f4e21ae,10/17/2011,07:30,Capacity Utilization (Aug),LOW,JPY,2.4%,-,-,1% ,
4a7d8252-4dc6-4f9c-a918-36727e449058,10/17/2011,07:30,Industrial Production (MoM) (Aug),MEDIUM,JPY,0.6%,-0.70,0.8%,0.8%,
db7da33b-d753-47fe-8ead-535ba7026418,10/17/2011,07:30,Industrial Production (YoY) (Aug),MEDIUM,JPY,-4%,-,-,0.6%,
b4523e85-467f-41fe-879a-7386cba5d1e2,10/17/2011,09:00,Export Prices (YoY) (Sep),LOW,EUR,3.3%,-,-,4.1%,
8b5ab838-6290-44e3-a9da-61d8824df809,10/17/2011,09:00,Import Prices (YoY) (Sep),LOW,EUR,7.6%,-,-,6.6%,
d8ed33b6-6966-4465-a0e8-ae399b8d343e,10/17/2011,09:00,Producer Price Index (YoY) (Sep),LOW,EUR,4.3%,-,-,5.7% ,
8ef03ca1-2bad-4988-97b6-5c715740b99f,10/17/2011,10:00,Export Prices (YoY) (Aug),LOW,CZK,1.5%,-,-,0.2%,
eb11de88-dc41-42d4-8eb2-28ea334e4425,10/17/2011,10:00,Import Prices (YoY) (Aug),LOW,CZK,3%,-,-,2.4%,
56a75bdd-f6f6-4dcc-bd65-a186bbd5b669,10/17/2011,10:00,Producer Price Index (MoM) (Sep),LOW,CZK,0.2%,-,-,-0.1%,
985f0b2e-3e0c-49b7-829e-2d01ec99b607,10/17/2011,10:00,Producer Price Index (YoY) (Sep),LOW,CZK,5.6%,-,-,5.7%,
80b3a99e-82d6-4a55-9e20-e55efd97c5a9,10/17/2011,10:00,Consumer Confidence (Sep),LOW,TRY,93.7,-,-,91.74,
01f9c723-8ad3-425f-9f21-78ea86ad1c1c,10/17/2011,10:00,Unemployment Rate (Jul),LOW,TRY,9.1%,-,-,9.2%,
f6fc570a-8291-4cc8-9d28-a292f077226d,10/17/2011,11:00,Trade Balance (Sep),LOW,NOK,34.1B,-,-,32B,
ae7b3e31-811b-413f-91ae-04b2ee035223,10/17/2011,12:38,Producer Price Index (MoM) (Sep),LOW,RUB,-0.7%,-,-,4.6%,
665faf36-617a-4e65-a101-6db9ba5a3985,10/17/2011,15:30,Canadian Portfolio Investment in Foreign Securities (Aug),LOW,CAD,$-2.05B,-,-,$1.98B,
7053e7f9-da17-4b19-9429-5b463b38c3c9,10/17/2011,15:30,Foreign Portfolio Investment in Canadian Securities (Aug),LOW,CAD,$8.22B,-0.13,$9.23B,$11.96B,
3fd38f19-2591-4c81-b1f9-ef6323a764ef,10/17/2011,15:30,New Motor Vehicle Sales (MoM),LOW,CAD,-0.4%,-0.42,2.3%,-6.2%,
65a05753-f910-4583-a95f-4236235104b3,10/17/2011,15:30,NY Empire State Manufacturing Index (Oct),LOW,USD,-8.48,-0.84,-3.9,-4.3,
9ee4068e-5781-462a-a1c9-3a3e71da1fa0,10/17/2011,16:15,Capacity Utilization (Sep),LOW,USD,77.7%,0.40,77.5%,76.4% ,
80f563fe-cdb0-4f30-bbd1-7e01b9e6c849,10/17/2011,16:15,Industrial Production (MoM) (Sep),MEDIUM,USD,-0.1%,-1.01,0.2%,0.6% ,
ca44d7f8-85bf-4e5f-98c5-6ddab672b587,10/17/2011,17:30,Bank of Canada Business Outlook Survey,MEDIUM,CAD,,,,,REPORT
c4a105ea-9b91-421d-9f68-55fe2ae8aa43,10/18/2011,03:00,Gross Domestic Product (QoQ) (Q3),MEDIUM,CNY,2.3%,-,-,-,
12ad841e-6b9a-4726-8710-ad678ee589e2,10/18/2011,03:30,RBA Meeting Minutes,HIGH,AUD,,,,,REPORT
5a0eb945-8e4d-4972-bbe0-64d17121669b,10/18/2011,05:00,Fixed Asset Investment (YTD) (YoY) (Sep),MEDIUM,CNY,24.9%,0.00,24.9%,25.4%,
e37fdb94-246f-4888-832f-b1c57f9ce136,10/18/2011,05:00,Gross Domestic Product (YoY) (Q3),LOW,CNY,9.1%,-,9.3%,10% ,
dc5236c6-fe90-4dd0-914f-795aa5b6dcb7,10/18/2011,05:00,Industrial Production (YoY) (Sep),MEDIUM,CNY,13.8%,0.71,13.5%,13.5%,
a11f5ca7-9aa2-4510-8e1f-56343ae8be06,10/18/2011,05:00,Retail Sales (YoY) (Sep),MEDIUM,CNY,17.7%,2.31,17.1%,17%,
17a4802a-5263-4301-b629-36d9eb23ad74,10/18/2011,09:00,Machine Tool Orders (YoY) (Sep),LOW,JPY,36.6%,-,-,20.3%,
b907ea8d-5ad2-49ea-8b49-41229284edfe,10/18/2011,10:00,Gross Wages (YoY) (Aug),LOW,HUF,6.5%,-,-,6.2%,
d279620a-dc59-4aa3-97b9-fee5c74c0b5d,10/18/2011,11:30,Consumer Price Index (MoM) (Sep),MEDIUM,GBP,0.6%,1.03,0.4%,0.6%,
7dbfe075-e116-40d5-a284-b9c6241f1d37,10/18/2011,11:30,Consumer Price Index (YoY) (Sep),HIGH,GBP,5.2%,1.34,4.9%,4.5%,
b7d9d6e3-298d-41bc-a461-cd84cea5aec9,10/18/2011,11:30,Core Consumer Price Index (YoY) (Sep),MEDIUM,GBP,3.3%,0.32,3.2%,3.1%,
7e4a1d46-30f1-4cdc-9950-fe7606abf361,10/18/2011,11:30,Retail Price Index (MoM) (Sep),LOW,GBP,0.8%,0.83,0.7%,0.6%,
0c6ab25e-08a7-4ace-abe6-e4ea1970de61,10/18/2011,11:30,Retail Price Index (YoY) (Sep),LOW,GBP,5.6%,0.86,5.5%,5.2%,
e85a3774-525a-49dd-bcb2-c708b6650fac,10/18/2011,12:00,ZEW Survey – Current Situation (Oct),MEDIUM,EUR,38.4,-0.11,40,43.6,
3f87785d-be5d-4f0a-8ece-4b5cfdea9c87,10/18/2011,12:00,ZEW Survey – Economic Sentiment (Oct),MEDIUM,EUR,-48.3,-0.82,-44.7,-43.3,
53b31637-b103-4f4a-aa86-97de807fb5f2,10/18/2011,12:00,ZEW Survey – Economic Sentiment (Oct),MEDIUM,EUR,-51.2,-0.48,-45.2,-44.6,
b4341963-bbca-4e8a-a7f8-162ec993a905,10/18/2011,12:00,Unemployment Rate (MoM) (Jul),LOW,EUR,16.5%,-,-,16%,
a37176aa-522b-44cf-866e-71c35ea5896a,10/18/2011,13:00,Budget Balance (Sep),NONE,TRY,-1.9B,-,-,2.8B,
254ad8da-cb9d-4771-af0e-354b150fc1f7,10/18/2011,15:00,Corporate Sector Wages (Sep),LOW,PLN,5.2%,-,-,5.4%,
f0488173-8e8c-49e4-beb1-44393f5de107,10/18/2011,15:30,Producer Price Index (MoM) (Sep),MEDIUM,USD,0.8%,4.42,0.2%,0.2% ,
4c7efad7-4451-4d22-ae89-ca27ba47fbb5,10/18/2011,15:30,Producer Price Index (YoY) (Sep),HIGH,USD,6.9%,1.55,6.4%,4.4% ,
1476b94d-e9e1-4d68-aa2a-745112e5cbf9,10/18/2011,15:30,Producer Price Index ex Food & Energy (MoM) (Sep),MEDIUM,USD,0.2%,0.00,0.2%,0.4% ,
e029c628-d448-4628-8c18-e2d3adc8ec46,10/18/2011,15:30,Producer Price Index ex Food & Energy (YoY) (Sep),HIGH,USD,2.5%,2.57,2.2%,3% ,
0ab5c3e0-9ec5-4ca4-9012-90992cb95137,10/18/2011,16:00,Net Long-Term TIC Flows (Aug),MEDIUM,USD,$58B,3.16,$27.8B,$2B,
6b887b6f-882d-4794-9ae2-2c506c4c84c4,10/18/2011,16:00,Total Net TIC Flows (Aug),LOW,USD,$89.3B,-,-,$-76B,
aa12123b-9063-4e41-980c-52b404288fba,10/18/2011,17:00,NAHB Housing Market Index (Oct),LOW,USD,17,1.83,15,14,
d9b84d4b-1a4a-4bbf-be4e-7bd843f75c57,10/18/2011,20:15,Former Fed's Chair Bernanke speech,HIGH,USD,,,,,SPEECH
0c67965e-6629-4b27-8ca9-5851426f2fa0,10/18/2011,22:00,Monthly Econ Activity (MoM) (Aug),LOW,ARS,8.6%,-,-,7.6%,
5b990f3e-9a73-43f9-b0a7-3d41c1bdafca,10/19/2011,02:30,Westpac Leading Index (MoM) (Sep),LOW,AUD,-0.03%,-,-,-0.05% ,
9cea3b66-8f81-46de-a976-086dd4ce04cb,10/19/2011,07:30,All Industry Activity Index (MoM) (Aug),MEDIUM,JPY,-0.3%,0.37,-0.4%,0.4%,
51fecbf4-3b14-4962-a0d1-dddadfb25e07,10/19/2011,10:55,Industrial Output (Sep),LOW,RUB,3.9%,-,-,6.2%,
3e82c2b8-1aca-4ad3-9e4b-3b32182089a6,10/19/2011,11:00,Current Account n.s.a (Aug),LOW,EUR,€-7.2B,-,-,€1.8B,
e047f7ef-bfe2-46dd-b2af-99de2fe52864,10/19/2011,11:00,Current Account s.a (Aug),LOW,EUR,€-5.9B,0.62,€-7.3B,€-6.9B,
fdcc2d57-0bf9-4518-a2a4-41cc4e522748,10/19/2011,11:00,Industrial Orders n.s.a (YoY) (Aug),LOW,EUR,7.8%,-,-,6.5%,
ab7c6db6-656e-4e89-9bfb-375052319036,10/19/2011,11:00,Industrial Orders s.a (MoM) (Aug),LOW,EUR,4.2%,-,-,1.8%,
60c7e547-242f-4894-808e-aa06e96b2b79,10/19/2011,11:00,Industrial Sales n.s.a. (YoY) (Aug),LOW,EUR,11.6%,-,-,7.7% ,
5050908f-a522-4866-be73-693b390247b1,10/19/2011,11:00,Industrial Sales s.a. (MoM) (Aug),LOW,EUR,3.8%,-,-,1.6% ,
d76bf4aa-56e1-48bf-8565-164e4daf85d5,10/19/2011,11:00,Consumer Price Index (MoM) (Oct),LOW,ZAR,0.4%,-,-,0.2%,
41a33c45-4dde-4678-9be4-85e5f3cea2f5,10/19/2011,11:00,Consumer Price Index (YoY) (Oct),LOW,ZAR,5.7%,-,-,5.3%,
a1fe87a4-0833-4f98-b4d0-d2ae7c664e0a,10/19/2011,11:30,BoE Minutes,HIGH,GBP,,,,,REPORT
030e02f0-19c8-4bdd-b40e-5a20e5cff4b2,10/19/2011,12:00,Construction Output s.a (MoM) (Aug),LOW,EUR,-0.4%,-,-,0.7% ,
03f5b62f-c017-401a-acfc-3190ea71170e,10/19/2011,12:00,Construction Output w.d.a (YoY) (Aug),LOW,EUR,2.5%,-,-,-0.8% ,
9fa11e06-4833-4802-b7b1-28e031a28430,10/19/2011,14:00,MBA Mortgage Applications,LOW,USD,-14.9%,-,-,1.3%,
b03badd9-3631-4af7-8b00-8588e29d5f2a,10/19/2011,14:00,Retail Sales (YoY) (Aug),LOW,ZAR,7.1%,-,-,2.8%,
270ee8ef-389c-4a1e-af17-94f84ce37703,10/19/2011,14:30,M3 Money Supply,LOW,INR,16.2%,-,-,16.3%,
77e53c37-69db-4cc4-aafa-af3a26929948,10/19/2011,15:00,Norges Bank Interest Rate Decision,LOW,NOK,2.25%,-,-,2.25%,
5cc0a5a8-d253-4997-a8c2-2adaaca1cae7,10/19/2011,15:00,Industrial Output (YoY) (Sep),LOW,PLN,7.7%,-,-,8.1%,
004fbcce-48a7-4eee-b31b-6daa7fa82372,10/19/2011,15:00,Producer Price Index (YoY) (Sep),LOW,PLN,8.1%,-,-,6.6%,
3567dfb2-5728-4422-8159-33b04296a106,10/19/2011,15:30,Leading Indicators (MoM) (Sep),LOW,CAD,0.1%,0.00,0.1%,0%,
a554c156-b7d2-4007-b090-fda4734b5103,10/19/2011,15:30,Building Permits (MoM) (Sep),MEDIUM,USD,0.589M,-0.74,0.61M,0.647M,
74f0e2e6-e790-4bb2-9231-9a7076512c95,10/19/2011,15:30,Consumer Price Index (MoM) (Sep),MEDIUM,USD,0.3%,0.00,0.3%,0.3% ,
dd241557-3bcf-4d97-bd66-51744bff17cb,10/19/2011,15:30,Consumer Price Index (YoY) (Sep),HIGH,USD,3.9%,0.71,3.8%,3.8%,
9e5eed55-d166-49bd-9988-241e835b69d7,10/19/2011,15:30,Consumer Price Index ex Food & Energy (MoM) (Sep),MEDIUM,USD,0.1%,-2.04,0.2%,0.3% ,
df7b185d-dab3-4e0a-99ab-0e4531f7c443,10/19/2011,15:30,Consumer Price Index ex Food & Energy (YoY) (Sep),HIGH,USD,2%,-2.04,2.1%,2%,
6ae0b614-836e-46ea-adc2-ff372022ddf2,10/19/2011,15:30,Housing Starts (MoM) (Sep),LOW,USD,0.63M,1.84,0.59M,0.585M,
782080fa-cda9-45b2-99a5-56091b1ccb54,10/19/2011,16:00,Consumer Confidence Index (Oct),LOW,EUR,-7,-,-,-9,
03ab90b4-2ea0-432b-a6a7-27796985e55b,10/19/2011,17:30,EIA Crude Oil Stocks Change,LOW,USD,-4.729M,-,-,1.344M,
22b2ef70-db9e-40e7-adf8-345a2fbb01d5,10/19/2011,21:00,Fed's Beige Book,MEDIUM,USD,,,,,REPORT
38aeae73-2540-47c6-8568-7be15e902269,10/19/2011,23:00,Interest Rate Decision,LOW,BRL,11.5%,-,-,12%,
d4ec7a9d-568a-4573-bd27-c800ab2a7030,10/20/2011,02:30,Fed's Lacker speech,LOW,USD,,,,,SPEECH
f1aec49b-c43d-4888-8246-bc2d63673e3b,10/20/2011,03:30,RBA Foreign Exchange Transaction (Sep),LOW,AUD,641M,-,-,367M,
989d464d-2a78-456b-b073-105258b1c42e,10/20/2011,04:30,National Australia Bank's Business Confidence (QoQ) (Q3),MEDIUM,AUD,-3,-,-,-,
2527d4af-4344-40cb-b5b1-ee9cda6ca14d,10/20/2011,05:02,FDI - Foreign Direct Investment (YTD) (YoY) (Sep),MEDIUM,CNY,16.6%,-,-,17.7%,
eb2f1e94-6f0d-431a-8a92-6331b233289e,10/20/2011,08:00,Coincident Index (Aug),LOW,JPY,90.3,-346.00,107.6,107.4,
d542db43-1a92-4897-b964-c135abba9cc7,10/20/2011,08:00,Leading Economic Index (Aug),MEDIUM,JPY,93.8,-,-,103.8,
7bbac020-899f-4e09-bf53-6731d0f5d5f4,10/20/2011,09:00,Trade Balance (Sep),MEDIUM,CHF,1.911M,0.00,1.37M,808M,
0909a270-867f-4d79-a7fe-3ff726bdbccf,10/20/2011,09:00,Producer Price Index (MoM) (Sep),MEDIUM,EUR,0.3%,-0.26,0.4%,-0.2% ,
a1b3c251-33bf-4a81-8c64-43c998d3d07b,10/20/2011,09:00,Producer Price Index (YoY) (Sep),HIGH,EUR,5.5%,0.00,5.5%,5.2% ,
09630885-e0f1-440e-bdec-84e4d615d3f3,10/20/2011,10:00,Current Account (YoY) (Aug),LOW,EUR,€0.145B,-,-,€-1.583B,
0d795f60-21c2-4384-b4cf-1282b9c1bdf6,10/20/2011,10:30,Unemployment Rate s.a (3M) (Sep),LOW,EUR,5.6%,-,-,5.4%,
41a45872-f1c0-491f-a240-ebe6f9807c7f,10/20/2011,10:30,Unemployment Rate (Sep),LOW,SEK,6.8%,-,-,6.6%,
d2b6c592-59f4-48aa-8c31-03ccd0d7a614,10/20/2011,10:54,Central Bank Reserves $,LOW,RUB,$517.7B,-,-,$510.4B,
c0100a61-0548-480f-b086-8a8af06ee5bb,10/20/2011,11:00,Producer Price Index (MoM) (Aug),LOW,EUR,-0.2%,-,-,0%,
9d6a5f4e-8685-42db-959b-9e788fee1b55,10/20/2011,11:00,Producer Price Index (YoY) (Aug),LOW,EUR,3.2%,-,-,3.6%,
829f8b60-69be-42f3-8df7-f6ccbb463668,10/20/2011,11:00,Trade Balance non-EU (Sep),LOW,EUR,€-1.838B,-,-,€-2.399B,
35e6f4af-118c-4979-9792-7f8be12de135,10/20/2011,11:00,Unemployment Rate (Sep),LOW,EUR,13.37%,-,-,13.12%,
aa0f0c63-84a1-4b7d-9775-dd4fc87662e9,10/20/2011,11:30,Consumer Confidence,LOW,DKK,-6.6,-,-,-3.6,
29e73cce-90c5-4e32-b216-1601427ab148,10/20/2011,11:30,Retail Sales (MoM) (Sep),LOW,GBP,0.5%,1.79,0%,-0.1% ,
d28ded0e-6c01-436f-aeaf-98019bc43b95,10/20/2011,11:30,Retail Sales (YoY) (Sep),MEDIUM,GBP,0.5%,-0.29,0.7%,-2.2% ,
e6426bc0-1ac4-4250-a7e0-857626243d04,10/20/2011,11:30,Retail Sales ex-Fuel (MoM) (Sep),LOW,GBP,0.6%,-,0.2%,-0.1% ,
e49464a7-e6a1-4969-9b9c-082ba75c9f4c,10/20/2011,11:30,Retail Sales ex-Fuel (YoY) (Sep),MEDIUM,GBP,0.3%,-,0.6%,-2.4% ,
581bfd4a-9af0-4634-a4fd-e85c835bb6a5,10/20/2011,12:00,ZEW Survey – Expectations (Oct),MEDIUM,CHF,-54.4,0.00,-78,-75.7,
1356d5ba-67c3-4c92-90a4-f25755d3e98f,10/20/2011,14:00,Mid-month Inflation (Sep),LOW,BRL,0.42%,-,-,0.53%,
98356806-07bd-41fe-8940-2ce039366fd2,10/20/2011,14:00,CBRT Interest Rate Decision,LOW,TRY,5.75%,-,-,5.75%,
9766540a-03f0-44b6-892f-9d85a311cf1a,10/20/2011,15:00,Net Inflation (Sep),LOW,PLN,2.6%,-,-,2.7%,
b8b6acee-ec9b-48c2-994c-0e7fd8fcc89c,10/20/2011,15:30,Wholesale Sales (MoM) (Aug),LOW,CAD,0.3%,-0.23,0.5%,1.8% ,
3819b6d1-0280-4d48-ba3f-3fba76da2352,10/20/2011,15:30,Continuing Jobless Claims,LOW,USD,3.741M,2.46,3.685M,3.67M,
bad17271-170e-4363-aeb4-776793c1180b,10/20/2011,15:30,Initial Jobless Claims,LOW,USD,404K,0.25,400K,404K,
25783ae6-819e-4e18-80a9-8bd9470851e9,10/20/2011,16:00,Retail Sales (MoM) (Aug),LOW,MXN,-0.3%,-,-,0.4% ,
969f282d-8798-4410-8f3c-4bf97a69f194,10/20/2011,16:00,Retail Sales (YoY) (Aug),LOW,MXN,2.7%,-,-,3.1%,
12886ba5-9970-4610-8619-39ed4581fe2a,10/20/2011,17:00,Consumer Confidence (Oct) PREL,MEDIUM,EUR,-20,0.05,-20.1,-19.1,
e7eb40d8-aec7-4ce0-afcc-513b2763f0da,10/20/2011,17:00,Existing Home Sales (MoM) (Sep),MEDIUM,USD,4.9M,-0.16,4.93M,4.38M,
aa133900-1d06-4f00-be36-df7587960248,10/20/2011,17:00,Existing Home Sales Change (MoM) (Sep),LOW,USD,-3.2%,-0.25,-2%,5.5% ,
7f3bf186-6d3d-4857-a746-4466aab2f2cb,10/20/2011,17:00,Philadelphia Fed Manufacturing Survey (Oct),MEDIUM,USD,8.7,1.44,-9,-10.7,
fa79f5b2-ccfd-4904-a318-a505a854b654,10/20/2011,17:15,Fed's Bullard speech,LOW,USD,,,,,SPEECH
e3cfbc18-23d2-4d20-989b-f5e6dc496f06,10/21/2011,00:45,Visitor Arrivals (YoY) (Sep),LOW,NZD,18%,-,-,4.7%,
1f79b9da-9349-4b8c-bdbc-4822a8e82bd6,10/21/2011,02:01,Nationwide Consumer Confidence (Sep),MEDIUM,GBP,45,-0.73,50,48,
2d0cd356-191e-463e-aa31-3ca7d4687ff3,10/21/2011,03:00,EcoFin Meeting,MEDIUM,EUR,,,,,ALL DAY
12bba4e2-26e2-4e3c-b32e-8415e56ac7ae,10/21/2011,03:30,Export Price Index (QoQ) (Q3),LOW,AUD,4%,0.08,3.6%,6.1% ,
beb4ebc4-ba01-43fb-8970-57647fbc260b,10/21/2011,03:30,Import Price Index (QoQ) (Q3),LOW,AUD,0%,-0.19,0.5%,0.8%,
e359c14c-437a-4757-b7c2-859b705628e0,10/21/2011,03:52,Unemployment Rate (Sep),LOW,RUB,6%,-,-,6.1%,
9407ec4b-d05e-4554-9aa9-84f4f985248e,10/21/2011,09:45,Business Climate in Manufacturing (Oct),LOW,EUR,97,-,-,99,
5224d5d7-f20b-4501-a257-57d414091877,10/21/2011,10:00,Retail Sales (YoY) (Aug),LOW,HUF,0.4%,-,-,-1.4% ,
c8381b72-1939-499f-9e37-afe4a55094b4,10/21/2011,10:30,Consumer Confidence Adj (Aug),LOW,EUR,-33,-,-,-30,
ec46a0eb-6669-420b-b143-40aff34f355b,10/21/2011,10:30,Consumer Spending Volume (Aug),LOW,EUR,-1%,-,-,0.3% ,
45971548-ad49-4cf2-9470-1f3a13c3ce3d,10/21/2011,10:52,Current Account Balance (Aug),LOW,EUR,€-8.75B,-,-,€-8.713B,
36fcb56d-2809-450e-a34b-dd2bb36ef361,10/21/2011,11:00,IFO – Business Climate (Oct),MEDIUM,EUR,106.4,0.07,106.3,97.9,
e67a0f28-f9c1-4bb5-b817-c887e302a8ef,10/21/2011,11:00,IFO – Current Assessment (Oct),MEDIUM,EUR,116.7,0.13,116.5,100,
dcdf8483-942f-4ddc-b51a-4da0c2a28079,10/21/2011,11:00,IFO – Expectations (Oct),MEDIUM,EUR,97,0.00,97,95.8,
d8b5bfe5-a036-4c8d-8484-6f6eafeb44fa,10/21/2011,11:30,Public Sector Net Borrowing (Sep),MEDIUM,GBP,£10.2B,-0.53,£11.8B,£8.068B,
6688d8d5-ef4b-4b66-910f-853175b84f6b,10/21/2011,14:00,BoC Consumer Price Index Core (MoM) (Sep),MEDIUM,CAD,0.5%,0.64,0.3%,0.4%,
4cb6dc07-0737-492a-8d3a-345ef01fc392,10/21/2011,14:00,BoC Consumer Price Index Core (YoY) (Sep),MEDIUM,CAD,2.2%,0.82,1.9%,1.9%,
11ada22d-0225-4e6f-806f-ed729c23c24e,10/21/2011,14:00,Consumer Price Index (MoM) (Sep),HIGH,CAD,0.2%,0.32,0.1%,0.2% ,
5fc48c4a-5bb6-4aa6-99d7-69219242f1ff,10/21/2011,14:00,Consumer Price Index (YoY) (Sep),HIGH,CAD,3.2%,0.73,3%,3.1%,
3538f743-4bbb-44a4-bb9d-745602c15284,10/21/2011,14:30,Bank Loan Growth,LOW,INR,19.5%,-,-,19.5%,
bb86c3e4-ef42-4c2d-85dd-a9beea35688a,10/21/2011,14:30,"FX Reserves, USD",LOW,INR,$317.5B,-,-,$312.231B,
1eb7f938-03ad-40c5-891a-f49a5826c3e8,10/21/2011,16:00,Jobless Rate (Sep),LOW,MXN,5.68%,-,-,5.79%,
efbfec66-6f76-441b-a05a-e468ddb5a4a9,10/21/2011,16:00,Jobless Rate s.a (Sep),LOW,MXN,5.21%,-,-,5.44% ,
0a9d1e3f-3a86-44a4-ab76-2d4005e51e98,10/21/2011,20:00,Fed Minneapolis's Kocherlakota speech,LOW,USD,,,,,SPEECH
e825ebc4-51f5-4792-9198-1fe422ecc0d2,10/21/2011,22:00,Trade Balance (MoM) (Sep),LOW,ARS,"$1,064M",-,-,$640M,
676b9a31-be89-4fd2-b1d0-77f38b66e3ac,10/23/2011,03:00,EU Extraordinary Economic Summit,HIGH,EUR,,,,,ALL DAY
608be623-80b8-423f-b967-5f4ddabfc1fa,10/24/2011,02:50,Adjusted Merchandise Trade Balance (Sep),LOW,JPY,¥-96.7B,-,-,¥-294.4B,
78f17d56-e484-4fe0-96c9-a6d6fb009d09,10/24/2011,02:50,Merchandise Trade Balance Total (Sep),MEDIUM,JPY,¥-296.2B,-1.84,¥198B,¥-777.5B,
cc04a487-919c-4c84-858d-18546270dbec,10/24/2011,03:30,Producer Price Index (QoQ) (Q3),MEDIUM,AUD,0.6%,-0.61,0.8%,0.8%,
74dcaee9-16e3-460a-bedc-82562d093946,10/24/2011,03:30,Producer Price Index (YoY) (Q3),HIGH,AUD,2.7%,-0.53,2.9%,3.4%,
c1ff66e6-17b4-4d01-b41f-3af4467b5e9b,10/24/2011,05:30,RatingDog Manufacturing PMI (Oct) PREL,LOW,CNY,-,-,-,-,
aeca14ba-25ac-4cfa-8d7e-6c099b78b736,10/24/2011,10:00,HCOB Manufacturing PMI (Oct) PREL,LOW,EUR,-,-,-,-,
37c67d5a-b7a4-4e71-890e-07d3136933d0,10/24/2011,10:00,HCOB Services PMI (Oct) PREL,LOW,EUR,-,-,-,-,
a00b00c3-5a33-4256-8f68-9fb9f3f50728,10/24/2011,10:30,HCOB Manufacturing PMI (Oct) PREL,MEDIUM,EUR,-,-1.57,50,-,
51af2b0d-e254-4d5c-8b75-1d403495905a,10/24/2011,10:30,HCOB Services PMI (Oct) PREL,MEDIUM,EUR,-,2.69,49.8,-,
48faf9fc-0308-4d0a-9699-beca530e8e22,10/24/2011,10:30,Business Confidence (Oct),LOW,EUR,-3.2,-,-,-0.5,
3d3b7d5f-c93f-4b15-a529-639884c2ff6d,10/24/2011,11:00,HCOB Manufacturing PMI (Oct) PREL,MEDIUM,EUR,-,-2.79,48.1,-,
194e8480-e173-4b1d-931f-fc49ee85ba7c,10/24/2011,11:00,HCOB Services PMI (Oct) PREL,MEDIUM,EUR,-,-1.33,48.6,-,
3b3814f9-b01a-4d4b-a0d7-fd3d0b490218,10/24/2011,12:00,Industrial New Orders (YoY) (Aug),MEDIUM,EUR,5.9%,0.04,5.8%,8.9% ,
1ab6d2a9-9843-415b-ae2c-ab32a4063f3e,10/24/2011,12:00,Industrial New Orders s.a. (MoM) (Aug),LOW,EUR,1.4%,0.86,0.1%,-2.1% ,
025369e2-8bd2-48a2-ac3b-32880f0e9df0,10/24/2011,14:30,Capacity Utilization (Oct),LOW,TRY,77%,-,-,76.2%,
333b898f-b225-4d9b-a135-301923758dd3,10/24/2011,14:30,Manufacturing Confidence (Oct),LOW,TRY,101.9,-,-,112.4,
d6ab6fce-6d17-48b0-ad2b-fb2843cef89f,10/24/2011,15:30,Chicago Fed National Activity Index (Sep),LOW,USD,-0.22,-,-,-0.03,
9af496e8-329a-413c-a690-df34ff66085a,10/24/2011,16:00,1st half-month Core Inflation (Oct),LOW,MXN,0.2%,-,-,0.22%,
eaf5be62-c2f2-4901-bd4a-8110c6a9e25d,10/24/2011,16:00,1st half-month Inflation (Oct),LOW,MXN,0.61%,-,-,0.21%,
f3ef844a-9f3a-4334-bbad-a721c67e1243,10/25/2011,00:45,Consumer Price Index (QoQ) (Q3),MEDIUM,NZD,0.4%,-2.70,0.8%,1%,
c77949d3-1050-455b-bd2d-47f337bff71f,10/25/2011,01:00,Industrial Production (YoY) (Aug),LOW,EUR,5.6%,-,-,4.4% ,
e724141e-aaf4-4f88-9766-ceb1e1a1c03a,10/25/2011,09:00,UBS Consumption Indicator (Sep),MEDIUM,CHF,0.82,-,-,0.79,
98e453ca-e2c9-4489-a1aa-3d14396080c1,10/25/2011,09:00,GfK Consumer Confidence Survey (Nov),MEDIUM,EUR,5.4,1.74,5.1,5.2,
d2809cc9-860b-4a07-a5ac-d55aa97802b9,10/25/2011,09:00,Unemployment Rate (Sep),LOW,EUR,7.7%,-,-,7.7%,
57d9bc6a-f83e-4137-b20c-b807d477263e,10/25/2011,09:30,Cash Reserve Ratio,LOW,INR,6%,-,-,6%,
8d4870fe-4b36-4d98-88e1-22366b5d8833,10/25/2011,09:30,RBI Interest Rate Decision (Repo Rate),LOW,INR,8.5%,-,-,8.25%,
35abc50f-1929-4664-aa03-54fc82ac23d8,10/25/2011,09:30,Reverse Repo Rate,LOW,INR,7.5%,-,-,7.25%,
46829cf3-e0cf-42c2-ae22-1d2460e49a20,10/25/2011,09:45,Consumer Confidence (Oct),LOW,EUR,82,-,-,84,
98f9f699-1dd1-43e9-8755-df71ffe1808a,10/25/2011,10:30,Producer Price Index (MoM) (Sep),LOW,SEK,-0.7%,-,-,0.3%,
02a37ffb-dded-4f9b-8649-149a39705e0a,10/25/2011,10:30,Producer Price Index (YoY) (Sep),LOW,SEK,-0.2%,-,-,0.9%,
6ceeb83e-306e-4a1d-9ad2-fb9a24eb2fe5,10/25/2011,11:00,Retail Sales n.s.a (YoY) (Aug),NONE,EUR,0.3%,-,-,-2.4%,
e4c0fdd4-8190-49ac-8b4c-79d91ba1d61b,10/25/2011,11:00,Retail Sales s.a. (MoM) (Aug),LOW,EUR,-0.1%,-,-,-0.1%,
ea6fd2dc-e4f3-4310-9526-20123b607c5b,10/25/2011,11:00,Retail Sales (YoY) (Sep),LOW,PLN,11.4%,-,-,11.3%,
497cd804-0025-4a5a-ac8c-66001a8f5826,10/25/2011,11:00,Foreign Arrivals (Sep),LOW,TRY,12.5%,-,-,9.62%,
e1b9ef98-194a-4e70-afd3-b692760da287,10/25/2011,11:30,BBA Mortgage Approvals (Sep),MEDIUM,GBP,33.5K,-1.82,36.3K,35.2K,
6e78fe04-73b9-4349-9d63-b1481f681b1f,10/25/2011,11:30,Current Account (Q2),MEDIUM,GBP,£-7.386B,0.46,£-9.2B,£-3.302B,
5c563b7d-61ec-4945-a074-9c6e5a39c97f,10/25/2011,11:45,BoE's Governor King speech,MEDIUM,GBP,,,,,IN PROGRESS
5cba37f3-ebc1-4cd8-87bb-2ea54ed11784,10/25/2011,12:00,Consumer Confidence (Oct),LOW,EUR,93.3,-,-,91.4,
455363da-1551-4943-a538-791a78a74091,10/25/2011,15:00,MNB Interest Rate Decision,LOW,HUF,6%,-,-,6%,
a19c2349-ef40-45e4-982a-c85d5c96b3fc,10/25/2011,15:00,Unemployment (MoM) (Sep),LOW,PLN,11.8%,-,-,11.6% ,
d107efb6-f579-4c67-a018-2a25cd6dc0d6,10/25/2011,15:30,Current Account (Sep),LOW,BRL,$-2.2B,-,-,$-6.118B,
9154e3e6-de3b-4938-a878-88e1340d3c9a,10/25/2011,15:30,Retail Sales (MoM) (Aug),MEDIUM,CAD,0.6%,0.76,0.2%,-0.6% ,
2ac11277-7727-42cb-b335-25628683f77c,10/25/2011,15:30,Retail Sales ex Autos (MoM) (Aug),LOW,CAD,0.4%,0.00,0.4%,0.1% ,
526327dc-8f54-4433-848d-ee9ce87fba36,10/25/2011,16:00,Leading Indicator (Oct),LOW,EUR,-10.4,-,-,-9.4,
a85c0d42-71c9-4cfb-8af2-17b8fcae64c7,10/25/2011,16:00,BoC Interest Rate Decision,HIGH,CAD,1%,0.00,1%,1%,
113b54cc-1eb2-4bee-a81f-1abfe7cf2966,10/25/2011,16:00,"Trade Balance s/a, $ (Sep)",LOW,MXN,$-1.162B,-,-,$0.071B,
07731dfc-b83b-4cca-970d-34c22d01a0e5,10/25/2011,16:00,"Trade Balance, $ (Sep)",LOW,MXN,$-1.831B,-,-,$-0.806B,
81353fd6-308e-44c6-ae08-4111622138af,10/25/2011,16:00,S&P/Case-Shiller Home Price Indices (YoY) (Aug),LOW,USD,-3.8%,-1.16,-3.6%,-4% ,
37aed63e-ecb0-4508-b780-7bf5f3c078ba,10/25/2011,17:00,Consumer Confidence (Oct),MEDIUM,USD,40.9,-1.73,46.2,45.4,
7323091c-225b-49b5-8a2f-16467ec4584d,10/25/2011,17:00,Housing Price Index (MoM) (Aug),MEDIUM,USD,-0.2%,-0.47,0.1%,0.2% ,
a218fee3-e9c2-4895-887b-5603a1e121be,10/25/2011,17:00,Richmond Fed Manufacturing Index (Oct),LOW,USD,-6,-1.24,2,-2,
5ddb1182-a955-4718-b844-4c2b541cf425,10/25/2011,22:00,Industrial Output n.s.a (YoY) (Sep),LOW,ARS,5.1%,-,-,5.2%,
3fdd4ffe-e123-455e-96b8-e613fa8c13ba,10/26/2011,02:50,Corporate Service Price Index (YoY) (Sep),LOW,JPY,-0.1%,1.88,-0.4%,-0.5% ,
5b84a50a-02ee-41d9-8d4b-9ebe9b65c664,10/26/2011,03:00,EU Extraordinary Economic Summit,HIGH,EUR,,,,,ALL DAY
4d3bc5b3-e08a-4edd-bd96-aca7473cd2a7,10/26/2011,03:00,ANZ Business Confidence (Oct),MEDIUM,NZD,13.2,-,-,30.3,
d8cf5c7b-9ac8-4f33-bcee-8d8511f69e56,10/26/2011,03:30,Consumer Price Index (QoQ) (Q3),MEDIUM,AUD,0.6%,0.00,0.6%,0.9%,
63683a3b-3dee-4a2e-830b-23be4809a579,10/26/2011,03:30,Consumer Price Index (YoY) (Q3),HIGH,AUD,3.5%,0.00,3.5%,3.5% ,
0f6e6d79-28d5-4eb5-9019-539679be090d,10/26/2011,03:30,RBA Trimmed Mean CPI (QoQ) (Q3),LOW,AUD,0.4%,-,-,0.8% ,
37fb40b4-b735-4fdb-9090-042545c49d2e,10/26/2011,03:30,RBA Trimmed Mean CPI (YoY) (Q3),LOW,AUD,3.5%,-,-,-,
401ab44d-f19f-44a7-89d4-38e17365afff,10/26/2011,10:30,Trade Balance (MoM) (Sep),LOW,SEK,11.9B,-,-,5.3B,
cf7d1c8b-33e2-4347-92ad-13215116ea87,10/26/2011,11:00,Business Confidence (Oct),LOW,EUR,94.2,-,-,94.5,
b64051f1-f19e-4f2b-830f-c650ccdfcceb,10/26/2011,11:00,Current Account Balance EUR (Aug),LOW,EUR,€-15M,-,-,€-127M,
28e57f15-8dfb-4e51-bee0-31dee6fc3bdd,10/26/2011,13:00,CBI Industrial Trends Survey – Orders (MoM) (Oct),LOW,GBP,-18%,-1.21,-9%,-9%,
63c5c2a3-aeec-4cb6-85f8-4f74241d47f1,10/26/2011,14:00,MBA Mortgage Applications,LOW,USD,4.9%,-,-,-14.9%,
934e43de-e438-40fb-98e2-7cc9a76aecc6,10/26/2011,15:30,Durable Goods Orders (Sep),HIGH,USD,-1.5%,-0.46,-0.9%,5% ,
e5687177-2a61-40fa-a0f2-85d95401ac21,10/26/2011,15:30,Durable Goods Orders ex Transportation (Sep),MEDIUM,USD,1.8%,1.92,0.4%,-0.3% ,
1b5a3da2-8779-4121-90fb-2cf8f5e199f2,10/26/2011,17:00,New Home Sales (MoM) (Sep),MEDIUM,USD,0.302M,0.00,0.302M,0.299M,
ecbb21a3-efa6-44d5-9bef-2689c27e1669,10/26/2011,17:00,New Home Sales Change (MoM) (Sep),MEDIUM,USD,3.4%,0.69,1.7%,1% ,
903c2db6-c855-403f-8a8e-4eac3304bfe4,10/26/2011,17:30,BoC Monetary Policy Report,HIGH,CAD,,,,,REPORT
71cd3a95-2769-468b-b93b-e87a814c47f2,10/26/2011,17:30,EIA Crude Oil Stocks Change,LOW,USD,4.735M,-,-,-4.729M,
626e6a8f-6a49-4e3e-bca5-5d5c6561e836,10/26/2011,22:45,Primary Budget Balance (MoM) (Sep),NONE,ARS,449,-,-,431,
d9c3b2d5-b839-48b1-b458-5fc3640077cc,10/26/2011,23:00,RBNZ Interest Rate Decision,HIGH,NZD,2.5%,0.00,2.5%,2.5%,
70134b5b-b16f-4584-889e-e574b0846588,10/27/2011,00:00,Consumer Sentiment Index (Oct),LOW,KRW,100,-,-,99,
8440c0a4-bb26-4af9-ba40-42f7363930fb,10/27/2011,00:45,Trade Balance NZD (MoM) (Sep),MEDIUM,NZD,$-789M,-0.97,$-421M,$-690M,
24c27b20-6ed2-4f0f-af44-5a1f98555207,10/27/2011,02:00,Gross Domestic Product Growth (QoQ) (Q3),LOW,KRW,0.7%,-,-,0.9%,
41a0183c-0adc-4631-a6fa-be596092df30,10/27/2011,02:00,Gross Domestic Product Growth (YoY) (Q3),LOW,KRW,3.4%,-,-,3.4%,
c2495b3e-863e-4195-9c33-b6ec1b26221f,10/27/2011,02:50,Large Retailer Sales (Sep),MEDIUM,JPY,-3.6%,-1.14,-2.5%,-2.6%,
10f62460-a6c9-41d1-adfa-3d4bfb7a42c6,10/27/2011,02:50,Retail Trade (YoY) (Sep),MEDIUM,JPY,-1.1%,-0.74,-0.1%,-2.4% ,
d51ef0b1-db4c-4582-bda6-f51ebd39d17f,10/27/2011,02:50,Retail Trade s.a (MoM) (Sep),LOW,JPY,-1.4%,-0.64,-0.5%,-1.7%,
0a7e17a3-9d5c-4d3a-8e8a-1adb10233efe,10/27/2011,03:00,Central Bank Reserves $,LOW,RUB,$514.6B,-,-,$517.7B,
7148f723-cca0-4eaf-83d5-ac3c7584d1b0,10/27/2011,07:00,BoJ Interest Rate Decision,HIGH,JPY,0.1%,0.00,0.1%,0.1%,
5bdd3d6b-b16a-468f-ab89-9d9e7115eb15,10/27/2011,07:00,BoJ Monetary Policy Statement,MEDIUM,JPY,,,,,REPORT
ee4dde50-8f14-4ee6-9649-154d15f940c3,10/27/2011,09:00,Consumer Confidence (Oct),LOW,EUR,1.3,-,-,2.3,
9243b0e4-a621-4466-8b40-e9308ea15c1b,10/27/2011,09:00,Industrial Confidence (Oct),LOW,EUR,-7,-,-,-10,
c7e3edcc-cbab-43d5-8211-bd6b6fd0d397,10/27/2011,10:00,Retail Sales (YoY) (Oct),LOW,EUR,-5.6%,-,-,-4.4% ,
3bd129c0-3e3f-445b-830f-88264f0a84c2,10/27/2011,10:00,Trade Balance (Sep),LOW,TRY,-10.41B,-,-,-8.23B,
7ba7c6a6-f231-44b6-b279-06bae43cea15,10/27/2011,11:00,M3 Money Supply (3m) (Sep),LOW,EUR,2.6%,0.00,2.6%,2.3% ,
e88f91d4-e0d4-441c-b4a5-43c302f4c7c2,10/27/2011,11:00,M3 Money Supply (YoY) (Sep),LOW,EUR,3%,0.39,2.8%,1.7% ,
9271b5cc-28d6-4e30-9498-c29f7e7b2380,10/27/2011,12:00,Consumer Confidence (Oct),LOW,EUR,-19.9,0.00,-19.9,-20,
00982ef5-cb54-4d9c-83b8-fa0cc63b3249,10/27/2011,12:00,Economic Sentiment Indicator (Oct),LOW,EUR,94.4,0.44,93.8,94.1,
c9d78e4c-0a62-4977-8255-2f1153312830,10/27/2011,12:00,Industrial Confidence (Oct),LOW,EUR,-6.5,0.70,-7,-5.4,
475a6968-487b-4095-b3e5-7717fd0e351b,10/27/2011,12:00,Producer Price Index (YoY) (Sep),LOW,EUR,8.3%,-,-,7.8%,
4a81aabc-a2ae-46c3-9b89-bbf69dab22f3,10/27/2011,12:00,Consumer Price Index (MoM) (Oct),LOW,ISK,0.3%,-,-,0.63%,
f4f665f9-c72d-449c-a5ca-90a1c18abfe2,10/27/2011,12:00,Consumer Price Index (YoY) (Oct),LOW,ISK,5.3%,-,-,5.7%,
a0994978-0549-42e4-b640-238108e1fb8e,10/27/2011,12:00,Business Confidence (Oct),LOW,EUR,-2.9,-,-,2.7,
6b55c495-8aa0-474a-ab57-fc9fa494950e,10/27/2011,12:00,Consumer Confidence (Oct),LOW,EUR,-53,-,-,-36.5,
6e1faa43-9a42-44aa-a428-2226d3ab195f,10/27/2011,12:30,Consumer Price Index (MoM) (Oct),LOW,EUR,0.15%,-,-,0.27%,
44bfd28c-38bb-48ec-8d33-6f3a8f902671,10/27/2011,12:30,Consumer Price Index (YoY) (Oct),LOW,EUR,3.57%,-,-,3.55%,
15e848dd-9f14-4331-8c30-bd39a426aaf2,10/27/2011,12:30,Producer Price Index (MoM) (Oct),LOW,ZAR,-3.3%,-,-,1%,
2d29c1f7-9b8a-48d8-bdd9-9a60edc1f683,10/27/2011,12:30,Producer Price Index (YoY) (Sep),LOW,ZAR,10.5%,-,-,9.6%,
ae269897-597d-4c4e-ba7c-dbf8de4871d1,10/27/2011,13:00,CBI Distributive Trades Survey – Realized (MoM) (Oct),MEDIUM,GBP,-11%,0.57,-15%,-15%,
5767e66b-1bef-400e-9a28-2ba4ceeeac22,10/27/2011,14:00,Unemployment Rate (Sep),LOW,BRL,6%,-,-,6%,
05b90d56-85e4-4d09-afbb-d6e1f3332920,10/27/2011,15:30,Consumer Price Index (MoM) (Oct) PREL,MEDIUM,EUR,0%,-0.98,0.1%,0.1%,
c3d52584-1399-4b4e-a985-54fa18847c2d,10/27/2011,15:30,Consumer Price Index (YoY) (Oct) PREL,MEDIUM,EUR,2.5%,-,-,2.6%,
be8e7dcb-51e1-4d9e-bc75-93947df9d114,10/27/2011,15:30,Continuing Jobless Claims,LOW,USD,3.698M,-0.07,3.7M,3.741M,
d6bf5286-ef44-4703-bc6b-50647b64d6e2,10/27/2011,15:30,Core Personal Consumption Expenditures (QoQ) (Q3) PREL,HIGH,USD,2.4%,-,-,0.7%,
7c27ca78-de98-4afe-96b7-834984d6be7b,10/27/2011,15:30,Gross Domestic Product Annualized (Q3) PREL,HIGH,USD,2.5%,0.00,2.5%,2.9% ,
112e62c2-aa25-4f27-aac1-20a7c7b98cd3,10/27/2011,15:30,Gross Domestic Product Price Index (Q3) PREL,HIGH,USD,2%,-0.69,2.3%,2.7% ,
c2d54294-70d9-40e2-8114-c6abed2846f8,10/27/2011,15:30,Initial Jobless Claims,LOW,USD,406K,0.17,404K,403K,
faa08da9-d376-4c5d-97f4-a679a6702512,10/27/2011,17:00,Pending Home Sales (MoM) (Sep),LOW,USD,-4.6%,-0.82,0.2%,0% ,
69a0cd46-416c-4863-b000-a205426088b6,10/28/2011,02:00,Current Account Balance (Sep),LOW,KRW,2.08B,-,-,2.83B,
3acdebbe-1749-49de-9029-086ce5701676,10/28/2011,02:01,GfK Consumer Confidence (Oct),MEDIUM,GBP,-32,-0.42,-30,-30,
45cfab5a-9df4-4d47-9bca-c99ef531ed26,10/28/2011,02:30,National Consumer Price Index (YoY) (Sep),MEDIUM,JPY,0%,-0.35,0.1%,0.2%,
c22dd0d2-988a-4ae0-8bc6-9331d4605219,10/28/2011,02:30,"National CPI ex Food, Energy (YoY) (Sep)",MEDIUM,JPY,-0.4%,0.00,-0.4%,-0.4% ,
48f99dc1-4405-48bd-aee0-b4adfb2d99f4,10/28/2011,02:30,Overall Household Spending (YoY) (Sep),MEDIUM,JPY,-1.9%,1.49,-3.4%,-4.1%,
3de85a13-cdd3-473a-a2f6-1d59aaddbfbb,10/28/2011,02:30,Tokyo Consumer Price Index (YoY) (Oct),LOW,JPY,-0.5%,0.00,-0.5%,-0.3% ,
83921740-3f02-43b6-8929-7e07c53ff4c4,10/28/2011,02:30,"Tokyo CPI ex Food, Energy (YoY) (Oct)",LOW,JPY,-1%,-,-,-0.4%,
d610eab7-066f-479f-bfd5-c9bcf10c282f,10/28/2011,02:30,Tokyo CPI ex Fresh Food (YoY) (Oct),LOW,JPY,-0.4%,0.00,-0.4%,-0.1%,
74fa98f8-b16a-49e1-aaf5-c5a7e8c7fd77,10/28/2011,02:30,Unemployment Rate (Sep),MEDIUM,JPY,4.1%,-2.06,4.5%,4.5% ,
4d87f33c-296e-4aa4-ae2b-9cb659214a24,10/28/2011,02:30,National CPI ex Fresh Food (YoY) (Sep),MEDIUM,JPY,0.2%,0.00,0.2%,0.2%,
b830b9d1-1112-4c45-9f2c-518eb90c543f,10/28/2011,02:50,Industrial Production (MoM) (Sep) PREL,LOW,JPY,-4%,-5.56,-2.1%,0.6%,
866c811b-22ef-44e7-b8e5-68a2d33287a0,10/28/2011,02:50,Industrial Production (YoY) (Sep) PREL,MEDIUM,JPY,-0.4%,0.67,-2.3%,-4%,
18db26de-711f-453c-b5de-ee1b870c3635,10/28/2011,07:40,Vehicle Production (YoY) (Sep),LOW,JPY,-4.5%,-,-,-8.9% ,
6fa3935f-c99e-4aec-82fb-be36e9e9d50d,10/28/2011,09:00,BoJ Outlook Report,MEDIUM,JPY,,,,,REPORT
4b44d422-49d4-4e46-8d6a-e6114b22c673,10/28/2011,09:45,Consumer Spending (MoM) (Sep),LOW,EUR,-0.2%,-,-,-0.2% ,
04ceaf65-a2a4-43f8-baec-d795c138fb49,10/28/2011,10:00,Harmonized Index of Consumer Prices (YoY) (Oct) PREL,LOW,EUR,3%,-,-,3%,
ae1249f0-2976-41b3-81e5-19574f308f64,10/28/2011,10:00,Unemployment Survey (Q3),LOW,EUR,21.5%,-,-,20.64% ,
f8cd9b27-2c02-44f3-919b-6654d51f7a63,10/28/2011,10:00,Unemployment Rate (3M) (Jul),LOW,HUF,10.7%,-,-,10.8%,
96ace766-8988-4f83-b601-7589977254b7,10/28/2011,10:15,Consumer Confidence (MoM) (Oct),LOW,SEK,-7.5,-,-,-5.8,
ecf79781-619c-4fe8-81b3-9bbea6176314,10/28/2011,10:22,Gross Domestic Product Monthly (YoY) (Sep),LOW,RUB,5.7%,-,-,5.2%,
ce9ced13-e13c-4383-a57b-6aad2b68c907,10/28/2011,10:30,Retail Sales (MoM) (Sep),LOW,SEK,-0.2%,-,-,-0.8% ,
afac8689-768f-49f7-9286-6014b144ca37,10/28/2011,10:30,Retail Sales (YoY) (Sep),LOW,SEK,-0.6%,-,-,0.2%,
69698a84-c53d-4876-9e0b-6906670f80b7,10/28/2011,11:00,UniCredit Bank Manufacturing PMI (Oct),LOW,EUR,-,-,-,-,
2b3a4af6-75e8-4617-ac07-b3fd1ac95dd9,10/28/2011,11:00,Registered Unemployment n.s.a (Oct),LOW,NOK,2.4%,-,-,2.5%,
d8689975-b499-4b86-9760-bfb77d15398c,10/28/2011,11:00,Registered Unemployment s.a (Oct),LOW,NOK,85.235K,-,-,85.68K,
b16c681d-bedc-4360-8f62-b3e38c30b849,10/28/2011,12:30,KOF Leading Indicator (Oct),MEDIUM,CHF,0.75,-2.60,1.04,1.21,
aa8419f0-6086-4d07-9d5e-7e4559ea0b77,10/28/2011,13:00,Retail Sales (MoM) (Sep),LOW,EUR,-0.8%,-,-,-0.4%,
1d86e2b1-7798-405f-9930-3db750d45573,10/28/2011,13:00,Retail Sales (YoY) (Sep),LOW,EUR,-3.8%,-,-,-0.6% ,
f7999ee0-02d8-4c26-9d45-19da5016bb65,10/28/2011,14:00,Inflation Index/IGP-M (Oct),NONE,BRL,0.53%,-,-,0.65%,
cecb13b0-72e0-4d1f-9678-ba677d95f985,10/28/2011,14:30,"FX Reserves, USD",LOW,INR,$318.358B,-,-,$317.5B,
a04f8bad-58b6-4f92-819f-cb4af4f10f79,10/28/2011,15:30,Core Personal Consumption Expenditures - Price Index (MoM) (Sep),LOW,USD,0%,0.00,0.2%,0.2%,
51cdb180-4136-4d51-89c9-616f3a6b67cc,10/28/2011,15:30,Core Personal Consumption Expenditures - Price Index (YoY) (Sep),MEDIUM,USD,1.6%,-1.12,1.7%,1.8% ,
8ddedd2e-1884-4821-8345-19381bcd0515,10/28/2011,15:30,Employment Cost Index (Q3),LOW,USD,0.3%,-,-,0.6% ,
7639a89d-a3ca-46fb-b743-a76e5708d83e,10/28/2011,15:30,Personal Consumption Expenditures - Price Index (MoM) (Sep),MEDIUM,USD,0.2%,-,-,0.2% ,
bc0da208-eed1-41a0-9154-98b17e50e527,10/28/2011,15:30,Personal Consumption Expenditures - Price Index (YoY) (Sep),MEDIUM,USD,2.9%,-0.17,3%,3% ,
b8da79fc-324c-41b5-abbe-14ec5033e9d5,10/28/2011,15:30,Personal Income (MoM) (Sep),MEDIUM,USD,0.1%,-4.08,0.3%,0.2% ,
f42c97f1-2959-4ab1-88bf-adb02807a68c,10/28/2011,16:00,Gross Domestic Product (QoQ) (Q3),LOW,EUR,0%,-,-,0.7%,
315f0dd4-13e0-4d11-845a-984035338f80,10/28/2011,16:55,Michigan Consumer Sentiment Index (Oct),MEDIUM,USD,60.9,0.76,58,57.5,
daf86451-8c63-42e3-a8b0-b8b1215155cb,10/31/2011,00:00,BOK Manufacturing BSI (Nov),LOW,KRW,84,-,-,80,
1bd9b0e1-1519-45a6-a2b6-e96767983162,10/31/2011,00:45,Building Permits s.a. (MoM) (Sep),LOW,NZD,-17.2%,-14.25,2%,12.5% ,
34fa3bd3-0b8c-4f83-82fb-542701fadd1c,10/31/2011,02:00,Industrial Output (YoY) (Sep),LOW,KRW,6.8%,-,-,4% ,
5626c131-395c-4141-b51f-dac5b54659f4,10/31/2011,02:00,Industrial Output Growth (Sep),LOW,KRW,-0.3%,-,-,-0.3% ,
e15d91ab-6ad4-49a8-9bc4-b9aa0294ea9e,10/31/2011,02:00,Service Sector Output (Sep),LOW,KRW,-0.5%,-,-,0.4% ,
774659ad-a696-47a8-b56f-6432a261c4ac,10/31/2011,02:15,Jibun Bank Manufacturing PMI (Sep),MEDIUM,JPY,-,-,-,-,
30d99273-7edc-40d9-95dc-ae7b43890437,10/31/2011,03:30,Private Sector Credit (MoM) (Sep),MEDIUM,AUD,0.5%,0.79,0.3%,0.3% ,
22c028bc-f4d3-4438-9109-84e8b51cf7db,10/31/2011,03:30,Private Sector Credit (YoY) (Sep),MEDIUM,AUD,3.4%,0.89,3.1%,3.4% ,
8d1f0e34-0355-4eec-8ca4-8e530586032f,10/31/2011,05:00,M3 Money Supply (YoY) (Oct),LOW,NZD,5%,-,-,-2% ,
5c90e82a-7fc9-425e-85fd-a8f6979c57e9,10/31/2011,08:00,Annualized Housing Starts (Sep),MEDIUM,JPY,0.745M,-3.75,0.906M,0.94M,
3be5f42e-91fb-444d-9c46-cf4b5399ed02,10/31/2011,08:00,Construction Orders (YoY) (Sep),LOW,JPY,-9.3%,-,-,9.3%,
2c1c1d7b-adc7-4dda-80b7-1604c799e10b,10/31/2011,08:00,Housing Starts (YoY) (Sep),MEDIUM,JPY,-10.8%,-3.51,8.5%,14%,
74913b91-c533-4042-9e05-b1bfa8fa029f,10/31/2011,09:00,Retail Sales (MoM) (Sep),NONE,EUR,0.3%,-,-,-0.1% ,
06651e24-143a-4f36-8dd0-eb7aac67e0fb,10/31/2011,09:00,M3 Money Supply (YoY) (Sep),LOW,ZAR,6.8%,-,-,6.22%,
9f17c889-aa4b-4ef1-aa27-3d6c759b8a8a,10/31/2011,09:00,Private Sector Credit (Sep),LOW,ZAR,5.47%,-,-,6.06%,
ed6e8f7c-f29b-4ca4-9daf-93efc2b75640,10/31/2011,10:00,Retail Sales (YoY) (Sep),NONE,EUR,0.6%,-,-,3.4% ,
d9bff3c8-04c5-4e91-ae96-17c1b7562d73,10/31/2011,10:45,Producer Prices (MoM) (Sep),LOW,EUR,0.3%,-,-,0%,
3db274b8-6847-4ef6-ae68-327c59b2ba78,10/31/2011,11:00,Current Account Balance (Aug),LOW,EUR,€1.45B,-,-,€-0.1B,
505ae1ac-0a94-4ae3-b53b-4513358bf0fa,10/31/2011,11:15,Real Retail Sales (YoY) (Sep),MEDIUM,CHF,-1.4%,-0.64,2.3%,-1.4% ,
095bfc04-307d-4739-b10c-ca062e325b4b,10/31/2011,12:00,M2 Money Supply (YoY) (Sep),LOW,CZK,4.5%,-,-,3.1%,
146079af-96c5-4cea-bbb0-38b2b8c38e71,10/31/2011,12:00,Unemployment (Sep),LOW,EUR,8.3%,-,-,7.9% ,
68e77fb6-a4b7-438f-9f54-df3c85e27c95,10/31/2011,12:00,Retail Sales (Sep),LOW,NOK,-0.7%,-,-,1.7%,
42c695a9-27d7-492c-80b0-0be863c08e70,10/31/2011,12:30,Consumer Credit (Sep),MEDIUM,GBP,£0.58B,1.05,£0.4B,£0.188B,
c72d4896-4679-4077-a5c7-73e0ffdbb95c,10/31/2011,12:30,M4 Money Supply (MoM) (Sep),LOW,GBP,-0.4%,-3.02,0.3%,-0.5% ,
f0c686bd-99a3-4e1f-afb2-efb9c50adb4f,10/31/2011,12:30,M4 Money Supply (YoY) (Sep),LOW,GBP,-1.7%,-,-,-0.9% ,
60f0e509-b3f3-4726-8f82-9a4dc3cb8238,10/31/2011,12:30,Mortgage Approvals (Sep),MEDIUM,GBP,51.193K,-,-,52.899K,
6140ded5-dfb9-4d75-8b65-9c7585d7aba6,10/31/2011,12:30,Net Lending to Individuals (MoM) (Sep),MEDIUM,GBP,£0.3B,-1.78,£0.9B,£0.9B,
76f8824a-8e0d-4b8c-9780-ca997cc9b8c9,10/31/2011,13:00,Harmonized Index of Consumer Prices (YoY) (Oct) PREL,MEDIUM,EUR,3%,0.00,3%,3%,
2d9a6520-af3f-4149-9539-c2eb84d846a2,10/31/2011,13:00,Unemployment Rate (Sep),MEDIUM,EUR,10.2%,4.08,10%,10.3% ,
f295b17d-4ace-4940-acf3-c7a3cbf75adc,10/31/2011,13:00,Retail Sales (YoY) (Aug),LOW,EUR,-1.5%,-,-,-4.3%,
03df7b5b-9a23-4c04-8417-4d293f6092d6,10/31/2011,13:00,Consumer Price Index (EU Norm) (MoM) (Oct) PREL,LOW,EUR,0.9%,-,-,1.9%,
806536f6-4b60-486a-bf26-5e715df1e604,10/31/2011,13:00,Consumer Price Index (EU Norm) (YoY) (Oct) PREL,LOW,EUR,3.8%,-,-,3.5%,
f528138c-6ad5-4bc1-9f05-5eb6f5c8f9f3,10/31/2011,13:00,Consumer Price Index (MoM) (Oct) PREL,LOW,EUR,0.6%,-,-,0.1%,
ae2bdfd5-c183-48d8-bb6b-08abc2027a82,10/31/2011,13:00,Consumer Price Index (YoY) (Oct) PREL,LOW,EUR,3.4%,-,-,3.1%,
93572deb-9658-4d4d-97a8-ab1702fc3036,10/31/2011,13:30,"Federal Fiscal Deficit, INR (Apr)",LOW,INR,"2,924.58B",-,-,"2,735.23B",
334aef87-c46c-4e0e-9b7a-66372c6319e3,10/31/2011,13:30,Infrastructure Output (YoY) (Sep),LOW,INR,2.3%,-,-,3.5%,
5ee132ce-55a9-463d-b967-6f2294cb56c0,10/31/2011,14:00,Producer Price Index (MoM) (Sep),LOW,EUR,0.2%,-,-,0.3% ,
c7601679-af11-41a5-8589-16a0c0348c1c,10/31/2011,15:00,Trade Balance (in Rands) (Sep),LOW,ZAR,2.5B,-,-,-3.7B,
dea84e10-abc2-47e2-a29d-659f3edfc1d9,10/31/2011,15:30,Nominal Budget Balance (Sep),LOW,BRL,-9.171B,-,-,-5.01B,
2e7640b2-a07c-415e-977b-d4f74b6e613d,10/31/2011,15:30,Primary Budget Surplus (Sep),LOW,BRL,8.096B,-,-,4.56B,
14a6b9cf-686b-4695-818f-60437b853281,10/31/2011,15:30,Gross Domestic Product (MoM) (Aug),MEDIUM,CAD,0.4%,1.02,0.2%,0.7% ,
f8a6c80d-9670-4721-a6a0-f5db2005db6a,10/31/2011,15:30,Industrial Product Price (MoM) (Sep),LOW,CAD,0.5%,0.83,0.1%,0.8% ,
28f5fb60-2835-43de-b5fb-9c4b43c55424,10/31/2011,15:30,Raw Material Price Index (Sep),LOW,CAD,1.4%,1.88,-2.7%,-2.3% ,
bce15828-08a8-4079-a9fc-cb6c2d420548,10/31/2011,16:45,Chicago PMI (Oct),LOW,USD,59.3,0.00,59.3,62.5,
885d7082-7ebc-420e-85ab-e2ca654d17e5,11/01/2011,01:30,AiG Performance of Mfg Index (Oct),MEDIUM,AUD,47.4,-,-,42.3,
56a14a4d-0b6a-456e-9682-25bdc36c32dd,11/01/2011,01:45,Labour Cost Index (QoQ) (Q3),MEDIUM,NZD,0.5%,-,-,0.5%,
e88c392f-5542-4d1d-8863-edd1331618db,11/01/2011,01:45,Labour Cost Index (YoY) (Q3),MEDIUM,NZD,2%,-,-,2.1%,
eb3c474c-5556-4488-bb12-39975dcc2abc,11/01/2011,02:00,Consumer Price Index Growth (MoM) (Oct),LOW,KRW,-0.2%,-,-,0.1%,
b9686e14-2f54-4d5f-8002-b3e8c5010822,11/01/2011,02:00,Consumer Price Index Growth (YoY) (Oct),LOW,KRW,3.6%,-,-,4.3%,
f2c9895e-309a-46ec-ae78-5d410193284b,11/01/2011,02:50,BoJ Monetary Policy Meeting Minutes,MEDIUM,JPY,,,,,REPORT
57389a5c-3a0f-4106-ab24-b56dd47784b2,11/01/2011,03:00,S&P Global Manufacturing PMI (Oct),LOW,KRW,-,-,-,-,
69b7a256-899c-48f9-9865-652baef5452a,11/01/2011,03:00,ANZ Commodity Price (Oct),LOW,NZD,-3.5%,-,-,-0.8% ,
b8485757-5161-4dcb-beee-5aec277f8409,11/01/2011,03:06,Trade Balance (Oct),LOW,KRW,$4.3B,-,-,$1.6B,
ff95d4e8-f488-4898-8870-541a14e3a4fc,11/01/2011,03:07,Import Price Growth (YoY) (Oct),LOW,KRW,16.4%,-,-,29.3%,
b4986a2f-bf07-4da2-8544-ee03d2017153,11/01/2011,03:07,Export Price Growth (YoY) (Oct),LOW,KRW,9.3%,-,-,5.8% ,
5cff912f-585b-42d0-a653-6ae3ed01679f,11/01/2011,03:30,House Price Index (QoQ) (Q3),MEDIUM,AUD,-1.9%,-1.02,-1.4%,-0.8% ,
dedc68ce-ae97-4bd2-ac1f-c5134cfee32e,11/01/2011,03:30,House Price Index (YoY) (Q1),MEDIUM,AUD,-3.4%,-1.00,-1.8%,-2.2% ,
a62635a9-b9fc-442f-95b8-791e1217a988,11/01/2011,03:30,RBA Rate Statement,MEDIUM,AUD,,,,,REPORT
d5c443d5-3c75-46e3-9130-1266025fa7b3,11/01/2011,04:00,NBS Manufacturing PMI (Oct),HIGH,CNY,50.4,-2.82,51.8,51.2,
d9679ad7-eac0-4abd-b0ef-51d134f60efd,11/01/2011,04:30,Labor Cash Earnings (YoY) (Sep),MEDIUM,JPY,-0.4%,0.00,-0.4%,-0.5% ,
cb3ce9d0-0456-4cf8-bfa6-1477db062c95,11/01/2011,05:30,RatingDog Manufacturing PMI (Oct),LOW,CNY,-,-,-,-,
f4c3a20f-6dc0-4dc0-be97-a3f43db779b6,11/01/2011,06:30,RBA Interest Rate Decision,HIGH,AUD,4.5%,0.00,4.75%,4.75%,
c1c38535-a69e-44dd-9f94-f86f36a19489,11/01/2011,08:00,Vehicle Sales (YoY) (Oct),LOW,JPY,28.3%,-,-,1.7%,
d184c544-57cf-4a81-ad60-f169ff033968,11/01/2011,08:00,S&P Global Manufacturing PMI (Oct),LOW,RUB,-,-,-,-,
59550ad8-d042-4ee7-ade3-347681839842,11/01/2011,08:09,Core Inflation (YoY) (Nov),LOW,IDR,4.43%,-,-,4.93%,
4db81ee9-7cf7-49ca-9bf4-6d2098884075,11/01/2011,08:09,Imports (Nov),LOW,IDR,2.37%,-,-,3.57%,
acde1f00-5992-470d-bed6-bd29046482ca,11/01/2011,08:10,Exports (Sep),LOW,IDR,17.54%,-,-,18.65%,
cf6e1b24-f611-4b82-bd4d-e4a0593aa8dd,11/01/2011,08:10,Inflation (YoY) (Nov),LOW,IDR,4.42%,-,-,4.61%,
81e7a836-2ea7-4141-86cb-42915a5d2576,11/01/2011,08:10,Trade Balance (Nov),LOW,IDR,$2.72B,-,-,$3.76B,
d31d0dcc-5d59-4b72-8c75-8b178fdec65d,11/01/2011,08:30,RBA Commodity Index SDR (YoY) (Oct),LOW,AUD,19.6%,-,-,26.6% ,
11d0a059-09ac-41c4-b939-49e6ca04e205,11/01/2011,09:30,Trade Deficit Government (Sep),LOW,INR,$9.8B,-,-,$14B,
19eb1332-816c-4e81-a2a4-cd16695a67e6,11/01/2011,10:00,Nationwide Housing Prices n.s.a (YoY) (Oct),LOW,GBP,0.8%,0.00,0.5%,-0.3%,
5a064cfe-2671-482f-9521-2aec5c2b1e56,11/01/2011,10:00,Nationwide Housing Prices s.a (MoM) (Oct),LOW,GBP,0.4%,0.94,0%,0.2% ,
b46ce9c5-2199-45a0-b30f-eee2ee5402fb,11/01/2011,10:30,Manufacturing PMI (Oct),LOW,SEK,49.8,-,-,48.1,
b72a910f-e744-443e-9d2c-277bd7b48e95,11/01/2011,11:30,SVME - Purchasing Managers' Index (Oct),MEDIUM,CHF,46.9,-0.42,47.8,50.5,
eead60e0-a815-4cb9-8727-614bb5e833a2,11/01/2011,12:00,Purchasing Manager Index (Oct),LOW,ZAR,50.5,-,-,50.7,
44bd52ae-bb5c-4690-96ea-df542ddaf89b,11/01/2011,12:28,S&P Global Manufacturing PMI (Oct),MEDIUM,GBP,-,-1.51,50,51.1,
cf7aeafd-cbb4-4405-9d3a-6c5131b084b0,11/01/2011,12:30,Retail Sales (YoY) (Sep),NONE,DKK,-1.2%,-,-,0.2%,
6fc24fc0-69e4-48af-8d28-b0aac00a18c9,11/01/2011,12:30,Gross Domestic Product (QoQ) (Q3) PREL,MEDIUM,GBP,0.5%,2.41,0.3%,0%,
b9f7a3d6-f471-4abd-9b21-43b664954568,11/01/2011,12:30,Gross Domestic Product (YoY) (Q3) PREL,MEDIUM,GBP,0.5%,1.41,0.4%,0.6%,
5155ec19-b690-4762-9801-96eadbfc6502,11/01/2011,12:30,Index of Services (3M/3M) (Aug),LOW,GBP,0.6%,0.41,0.5%,0.8%,
99427c21-b4cb-4705-9079-1928662d024e,11/01/2011,14:00,Industrial Output (MoM) (Sep),LOW,BRL,-2%,-,-,-0.2%,
72444a6b-c79a-43f4-aaa3-b48f2c900502,11/01/2011,14:00,Industrial Output (YoY) (Sep),LOW,BRL,-1.6%,-,-,1.8%,
5fcf69ac-1569-4d13-8358-40f3387d7ec7,11/01/2011,14:00,Unemployment Rate (%) (Q3),LOW,ZAR,25%,-,-,25.7%,
76488407-29d4-4424-9706-baf463a1fc66,11/01/2011,14:00,Unemployment Total (Q3),LOW,ZAR,4.442M,-,-,4.538M,
c4981057-b784-4015-ac3f-7cd294a8d9d9,11/01/2011,15:30,Trade Balance (Oct),LOW,BRL,2.355B,-,-,2.835B,
e8dc8dea-cfeb-4c1c-ad78-fb18924803e6,11/01/2011,16:00,Budget Balance (Oct),LOW,CZK,-91.48B,-,-,-105.14B,
79941668-464b-4693-ace6-fb875fb03daa,11/01/2011,17:00,Construction Spending (MoM) (Sep),MEDIUM,USD,0.2%,-0.17,0.4%,2.5% ,
0bd9c02f-4b0b-4ebb-ac52-b0071dba1a5b,11/01/2011,17:00,ISM Manufacturing PMI (Oct),MEDIUM,USD,51.8,-0.13,52.3,53.7,
45d0d406-ae1e-4388-b276-9de2f877e8d4,11/01/2011,17:00,ISM Manufacturing Prices Paid (Oct),MEDIUM,USD,41,-4.95,55.1,57,
e56055a4-9749-4f4a-86d9-b131806540e8,11/02/2011,00:00,Total Vehicle Sales (Oct),LOW,USD,13.26M,0.25,13.1M,13.04M,
8b41e8fa-9d1e-4e8b-9527-7c614032f6ec,11/02/2011,02:50,Monetary Base (YoY) (Oct),LOW,JPY,17%,-0.08,17.3%,16.7%,
8e400837-1705-4385-9fbc-e5b6f58d1228,11/02/2011,03:00,HIA New Home Sales (MoM) (Sep),MEDIUM,AUD,-3.5%,-,-,1.1%,
d8eb4148-90f5-4c36-b020-b4d3018e9e23,11/02/2011,03:30,Building Permits (MoM) (Sep),LOW,AUD,-14.2%,-1.58,-4.5%,13.9% ,
a8aa3288-5534-45ec-b4dc-ea13a9d4c6e5,11/02/2011,03:30,Building Permits (YoY) (Sep),LOW,AUD,-12.6%,-1.80,0.1%,-5.5%,
8795ebd3-669b-492b-b95b-2e1d70fc65e4,11/02/2011,11:00,S&P Global Manufacturing PMI (Oct),LOW,EUR,-,-,-,-,
310291d8-1997-4842-95eb-32dd6b94945f,11/02/2011,11:00,HALPIM Manufacturing PMI (Oct),LOW,HUF,48.2,-,-,50.8,
55379045-06cc-4099-8567-4f5587dbd030,11/02/2011,11:00,Producer Price Index (YoY) (Sep),LOW,HUF,4.1%,-,-,-0.1%,
6a4f1e50-1167-423f-92e6-a999caf921f8,11/02/2011,11:00,AIB Manufacturing PMI (Oct),LOW,EUR,-,-,-,-,
938f8d7d-328f-424a-89e9-295f26507df8,11/02/2011,11:00,CBI Interest Rate Decision,LOW,ISK,4.75%,-,-,4.5%,
315970bf-b732-45ef-b20a-6321b81572bd,11/02/2011,11:00,S&P Global Manufacturing PMI (Oct),LOW,PLN,-,-,-,-,
98ee36fd-fecf-4410-9e10-630d414f9b00,11/02/2011,11:13,HCOB Manufacturing PMI (Oct),LOW,EUR,-,-,-,-,
bf53dece-759f-4842-9a4f-900bb5a1f850,11/02/2011,11:45,HCOB Manufacturing PMI (Oct),LOW,EUR,-,-,-,-,
9743112f-bd5c-415f-a4fa-964646108d1c,11/02/2011,11:50,HCOB Manufacturing PMI (Oct),LOW,EUR,-,-,-,-,
c19b43f3-c1d2-417b-8b39-04e4e9cbdedd,11/02/2011,11:53,HCOB Manufacturing PMI (Oct),MEDIUM,EUR,-,0.26,48.9,-,
4861c57c-d4ad-43fa-941a-e0a873fc4e13,11/02/2011,11:55,Unemployment Change (Oct),HIGH,EUR,6K,-0.35,10K,-37K,
7d0112ea-40b1-41eb-8c5a-abb59fc077ab,11/02/2011,11:55,Unemployment Rate s.a. (Oct),MEDIUM,EUR,7%,0.00,6.9%,6.9%,
86cbc2a7-f2db-4c69-bdbe-260c1082c37a,11/02/2011,11:58,HCOB Manufacturing PMI (Oct),MEDIUM,EUR,-,-0.55,47.3,-,
b1bdee14-e98e-43b9-9301-3b26a9aed254,11/02/2011,12:00,Labour Force Survey (Q3),LOW,NOK,3.2%,-,-,3.2%,
85f3caad-35d6-450a-b149-21fc5ab40cb1,11/02/2011,12:00,Total New Vehicle Sales (Oct),NONE,ZAR,"52,338",-,-,"54,364",
232588a5-4f6e-4511-9a1f-29d75e22b71f,11/02/2011,12:30,S&P Global Construction PMI (Oct),LOW,GBP,-,5.09,50.2,-,
b2b18df0-3908-460e-b790-99a41f4ecc82,11/02/2011,14:00,Unemployment (Oct),LOW,EUR,235K,-,-,218.2K,
cce03302-ad46-41eb-9af9-b445609c5db0,11/02/2011,14:00,Unemployment Rate (Oct),LOW,EUR,6.4%,-,-,5.9%,
1922d621-9a46-4531-ae5d-a353cd3c64f1,11/02/2011,14:00,MBA Mortgage Applications,LOW,USD,0.2%,-,-,4.9%,
5772b181-76fd-4ffe-9b23-2a48f443d2d1,11/02/2011,14:30,M3 Money Supply,LOW,INR,14.4%,-,-,16.2%,
66bf23ac-d5b6-4d46-889d-ede7bee31368,11/02/2011,15:15,ADP Employment Change (Oct),MEDIUM,USD,130K,0.40,101K,185K,
1e0424fb-f842-434c-af5d-b2201486548f,11/02/2011,17:30,EIA Crude Oil Stocks Change,LOW,USD,1.826M,-,-,4.735M,
22a40056-a507-4596-b88f-ca90e82f44fb,11/02/2011,18:00,Currency Reserves (Oct),LOW,DKK,489.9B,-,-,490.3B,
12d174dc-18da-453d-b7be-77fc75bf1cd4,11/02/2011,19:30,Fed Interest Rate Decision,HIGH,USD,0.25%,0.00,0.25%,0.25%,
4ca36bdc-a7a9-4939-8f60-6631aab4b34d,11/02/2011,21:15,Fed's Monetary Policy Statement and Press Conference,HIGH,USD,,,,,SPEECH
a32297e8-0397-4ba3-9251-113bf868a828,11/03/2011,00:45,Employment Change (Q3),MEDIUM,NZD,0.2%,-,0.6%,0.4% ,
4ae35b7a-fa20-4f9d-a7db-82c856d13448,11/03/2011,00:45,Unemployment Rate (Q3),MEDIUM,NZD,6.6%,0.56,6.4%,6.1% ,
c57fea99-58a8-40ec-9349-4b4ff280ab50,11/03/2011,01:30,AiG Performance of Services Index (Oct),MEDIUM,AUD,48.8,-,-,50.3,
2430c19a-a3ba-460d-946b-5e607d12bf09,11/03/2011,03:00,G20 Meeting,MEDIUM,EUR,,,,,ALL DAY
5cbd03fb-879d-472a-a993-30d79709f8d7,11/03/2011,03:00,Culture Day,NONE,JPY,,,,,ALL DAY
9e5e06c0-c62e-4ba1-9015-5a637acd5fd1,11/03/2011,03:00,Central Bank Reserves $,LOW,RUB,$522B,-,-,$514.6B,
54b7b529-4fbb-4875-9665-44a89f635254,11/03/2011,03:30,Retail Sales s.a. (MoM) (Sep),MEDIUM,AUD,0.4%,-0.16,0.5%,0.6%,
a69509f8-9fe0-48f6-91fe-699620b20d37,11/03/2011,08:00,S&P Global Services PMI (Oct),LOW,RUB,-,-,-,-,
65f81576-662f-4720-9205-c001f49127cc,11/03/2011,10:00,Unemployment Change (Oct),LOW,EUR,134.2K,-,-,95.8K,
f093985a-89a1-4f1e-97d8-c152a8479560,11/03/2011,11:00,Trade Balance (Aug),LOW,HUF,€501.3M,-,-,€492.4M,
89297606-df25-4bcf-9f59-88c7cc128f30,11/03/2011,11:00,Consumer Price Index (MoM) (Oct),LOW,TRY,3.27%,-,-,0.75%,
aed8b8c5-6569-4205-a33d-cb8aea103d46,11/03/2011,11:00,Consumer Price Index (YoY) (Oct),LOW,TRY,7.66%,-,-,1.55%,
0b043100-dad8-49f6-a357-fd312906a0ba,11/03/2011,11:00,Producer Price Index (MoM) (Oct),LOW,TRY,1.6%,-,-,1.55%,
2498a8fb-5b4b-4fa9-87ac-1b5d312d33ec,11/03/2011,11:00,Producer Price Index (YoY) (Oct),LOW,TRY,12.58%,-,-,12.15%,
f288e8e4-342e-44c4-b5aa-72ce9e45f77c,11/03/2011,12:30,S&P Global Services PMI (Oct),MEDIUM,GBP,-,-0.31,51.9,-,
bef8f03b-c8d8-457c-acff-3ab1fec594fb,11/03/2011,14:00,Fipe's IPC Inflation (Oct),NONE,BRL,0.39%,-,-,0.25%,
a1e5e7ff-c336-4721-87b5-d76d2e0efbdb,11/03/2011,15:30,Continuing Jobless Claims,LOW,USD,3.707M,-,-,3.645M,
b51d3a3a-eae0-4f97-8cac-a6974d7f2b5a,11/03/2011,15:30,Initial Jobless Claims,LOW,USD,400K,-0.19,402K,402K,
cb2c01b3-ac89-40cc-bc68-b25c3f9b4689,11/03/2011,15:30,Nonfarm Productivity (Q3) PREL,LOW,USD,3.1%,1.02,2.6%,-0.7%,
da388210-7070-475e-a5ea-bcaea2747c66,11/03/2011,15:30,Unit Labor Costs (Q3) PREL,LOW,USD,-2.4%,-1.17,-0.4%,2.8%,
d3180c04-6611-477f-be7e-99a978c5e6ac,11/03/2011,15:45,ECB Main Refinancing Operations Rate,HIGH,EUR,1.25%,0.00,1.5%,1.5%,
21f95eed-c394-4e1b-a533-0ee69f826f15,11/03/2011,16:30,ECB Press Conference,HIGH,EUR,,,,,"IN PROGRESS , Average: 4.2"
45e51d41-da80-4b3b-90da-aa11f3c557be,11/03/2011,17:00,Factory Orders (MoM) (Sep),MEDIUM,USD,-0.1%,-0.24,0%,2.1% ,
93c0ea7c-4519-4c22-9219-ab64d118df47,11/03/2011,17:00,ISM Services PMI (Oct),MEDIUM,USD,52.9,-0.96,53.9,52.3,
ad8e7bcc-9a79-4fa3-8217-8b0faff2142c,11/03/2011,20:30,SNB's Danthine speech,MEDIUM,CHF,,,,,SPEECH
f8d55bd9-e466-449b-9bbe-7be679e5172a,11/04/2011,00:00,Tax Revenue (MoM) (Sep),LOW,ARS,47.56B,-,-,47.73B,
2c255221-f7c2-4110-8b46-cd1c19914049,11/04/2011,03:00,G20 Meeting,MEDIUM,EUR,,,,,ALL DAY
407713a0-c944-4e78-b44f-2ffa161d8d17,11/04/2011,04:30,RBA Monetary Policy Statement,HIGH,AUD,,,,,REPORT
77f68739-0be4-4616-a22b-c6cd9d50c5e8,11/04/2011,10:00,Gross Domestic Product (YoY) (Aug),LOW,EUR,3.5%,-,-,4.9%,
0c7f6d7f-e93b-42de-bd94-a67170abc2c7,11/04/2011,10:00,AIB Services PMI (Oct),LOW,EUR,-,-,-,-,
8ee38d2b-6f5c-426f-abe5-e4dbd4727f45,11/04/2011,11:00,Industrial Output Cal Adjusted (YoY) (Sep),LOW,EUR,-1.4%,-,-,0.3% ,
9505f463-a12c-4a69-b310-42e24a4ef40e,11/04/2011,11:13,HCOB Services PMI (Oct),LOW,EUR,-,-,-,-,
fd03f52e-5879-47e3-8c4e-80a4047d7757,11/04/2011,11:45,HCOB Services PMI (Oct),LOW,EUR,-,-,-,-,
f46e1151-f113-4145-82a4-904deecbe6ae,11/04/2011,11:50,HCOB Services PMI (Oct),LOW,EUR,-,-,-,-,
7aadf223-514c-4067-9c5a-59f006446c3a,11/04/2011,11:53,HCOB Services PMI (Oct),MEDIUM,EUR,-,-1.11,52.1,-,
c1e9d7be-5050-43a1-a9f5-5ae8ad31fc34,11/04/2011,11:58,HCOB Services PMI (Oct),MEDIUM,EUR,-,-0.71,47.2,-,
c2cd842f-7b92-4258-8367-36753df159a4,11/04/2011,13:00,Producer Price Index (MoM) (Sep),LOW,EUR,0.3%,1.34,0.2%,-0.1% ,
cdbb123f-451a-4aa7-b3ad-e80c9258c5e6,11/04/2011,13:00,Producer Price Index (YoY) (Sep),MEDIUM,EUR,5.8%,0.00,5.8%,5.7% ,
05accee9-1896-494c-b41f-583885be0d47,11/04/2011,13:27,CNB Interest Rate Decision,LOW,CZK,0.75%,-,-,0.75%,
171f64fe-ac60-4ba1-a1cd-7bf26c456d62,11/04/2011,13:45,Consumer Price Index (MoM) (Oct),LOW,RUB,0.5%,-,-,0%,
2b162bd7-8460-4dc0-9bae-4b4ace390039,11/04/2011,14:00,Net Change in Employment (Oct),HIGH,CAD,-54K,-2.87,20K,18.2K,
d40e4a1d-1de0-4716-aacb-22cb45c9a154,11/04/2011,14:00,Unemployment Rate (Oct),HIGH,CAD,7.3%,2.24,7.1%,7.4% ,
42196db3-749a-4d8a-925d-cb8d42d426e7,11/04/2011,14:00,Factory Orders n.s.a. (YoY) (Sep),MEDIUM,EUR,2.4%,-0.81,7.5%,6.3% ,
df7c52d9-8c70-4ab8-9b51-f2e2979cbe37,11/04/2011,14:00,Factory Orders s.a. (MoM) (Sep),MEDIUM,EUR,-4.6%,-3.18,0.1%,-0.3% ,
7b1d70bc-d5f4-470d-8821-822b50f42c51,11/04/2011,14:30,Bank Loan Growth,LOW,INR,19.3%,-,-,19.5%,
9d6a9a2c-5861-4849-917a-e8267b9a951e,11/04/2011,14:30,"FX Reserves, USD",LOW,INR,$320.39B,-,-,$318.358B,
9fe08341-b43b-40c2-bbe9-3bf55e5cb070,11/04/2011,15:30,Building Permits (MoM) (Sep),LOW,CAD,-4.1%,-0.53,1.85%,-5.4% ,
ca814ccc-4c09-4821-a682-6c727dd1cb2a,11/04/2011,15:30,Average Hourly Earnings (MoM) (Oct),MEDIUM,USD,0.3%,0.40,0.2%,0.2% ,
9c7a9cc2-7ea9-409e-84d4-29bce3448a6b,11/04/2011,15:30,Average Hourly Earnings (YoY) (Oct),MEDIUM,USD,1.8%,0.00,1.8%,1.9%,
791e2490-a55b-44a1-9604-3890e909005e,11/04/2011,15:30,Average Weekly Hours (Oct),MEDIUM,USD,34.3,0.00,34.3,34.4,
b3a29fd5-b771-44e0-abe4-549b20bed418,11/04/2011,15:30,Nonfarm Payrolls (Oct),HIGH,USD,100K,0.05,95K,221K,
d472df9b-054c-4f15-8300-1def6330d818,11/04/2011,15:30,Unemployment Rate (Oct),HIGH,USD,9%,-0.83,9.1%,9% ,
53da11e0-1dbd-4fde-8763-1d80f2623001,11/04/2011,17:00,Ivey Purchasing Managers Index (Oct),MEDIUM,CAD,55.6,0.11,54.4,63.4,
c07a16b3-d480-4a35-9f2c-520144c232c6,11/04/2011,17:00,Ivey Purchasing Managers Index s.a (Oct),LOW,CAD,54.4,-,-,55.7,
4fc473b1-0cca-4bc5-9201-1d95c16a5d43,11/04/2011,17:00,Consumer Confidence (Oct),LOW,MXN,90.6,-,-,92.4,
d9c36e40-91c7-4c0f-ad56-3ccecd594092,11/04/2011,17:00,Consumer Confidence s.a (Oct),LOW,MXN,92.6,-,-,90.7,
f62075ed-2c46-4127-a5b9-22263f2a411c,11/07/2011,01:30,AiG Performance of Construction Index (Oct),MEDIUM,AUD,34.7,-,-,30,
af4698b8-8aa4-446b-8f1d-f80841c927f3,11/07/2011,03:30,ANZ Job Advertisements (Oct),LOW,AUD,-0.6%,-,-,-2.1% ,
776d9f37-af5a-408c-9dd2-ff3f9eefa231,11/07/2011,08:00,Coincident Index (Sep) PREL,LOW,JPY,88.9,-0.01,89,107.6,
600410b1-00b3-4368-a2b3-a973e8ee6c34,11/07/2011,08:00,Leading Economic Index (Sep) PREL,LOW,JPY,93.8,-50.00,96.3,104.3,
18866651-fa1a-4f05-a60c-0fd4ccf3369f,11/07/2011,09:00,Gross $Gold & Forex Reserve (Oct),LOW,ZAR,$50.345B,-,-,$49.725B,
c15567b1-84ca-4b1d-b002-7a0f6bc83bf5,11/07/2011,09:00,Net $Gold & Forex Reserve (Oct),LOW,ZAR,$49.221B,-,-,$47.93B,
20871037-7107-40ed-b43f-d50610df9310,11/07/2011,09:45,Unemployment Rate s.a (MoM) (Oct),MEDIUM,CHF,2.9%,-1.25,3%,2.8%,
6939ba10-9cb3-4470-9715-ad9cfe8a3fd6,11/07/2011,11:00,Construction output (YoY) (Sep),LOW,CZK,-7.1%,-,-,-6% ,
11b2e56c-3a71-477b-a476-50947c6faa56,11/07/2011,11:00,Foreign Trade Balance (MoM) (Sep),LOW,CZK,21.58B,-,-,-9.37B,
a7320835-75dc-46ea-989b-40447a33db25,11/07/2011,11:00,Industrial Production (YoY) (Sep),LOW,CZK,1.6%,-,-,5.9%,
3ea2cbf7-424b-4fef-90cc-d2b0e41971ef,11/07/2011,11:00,Industrial Production (MoM) (Sep),NONE,DKK,1%,-,-,-4.3%,
86e221ed-770f-4e1c-bb55-022e0af39845,11/07/2011,11:00,Halifax House Prices (MoM) (Oct),LOW,GBP,1.2%,1.19,0.1%,-0.6% ,
97c5d1ed-625f-4e7d-903c-d6cf0b0af7bc,11/07/2011,11:00,Halifax House Prices (YoY/3m) (Oct),LOW,GBP,-1.8%,0.00,-2.3%,-2.3%,
8807465d-b31c-4a80-865d-879075ab745c,11/07/2011,11:15,Consumer Price Index (MoM) (Oct),MEDIUM,CHF,-0.1%,-2.29,0.3%,0.3%,
1fe41fb0-4c59-4430-b4a4-ba902958c87d,11/07/2011,11:15,Consumer Price Index (YoY) (Oct),MEDIUM,CHF,-0.1%,-2.41,0.2%,0.5%,
76bcb954-c288-4726-93e9-21b1b85619fc,11/07/2011,11:30,Wholesale Prices n.s.a (MoM) (Oct),LOW,EUR,-0.5%,-,-,-1.3% ,
0b0ac085-c6f2-4f60-a083-7b42b0d76ec4,11/07/2011,11:30,Wholesale Prices n.s.a (YoY) (Oct),LOW,EUR,6.2%,-,-,6.9% ,
a9984d8f-be0e-4916-9b77-353c4844db30,11/07/2011,12:00,FX Reserves (Oct),LOW,CZK,€30.12B,-,-,€30.13B,
7df37696-1264-4ff2-a6a6-c7d2140e6f6d,11/07/2011,12:00,Manufacturing Output (Sep),LOW,NOK,0.8%,-,-,3.3%,
b01178e0-abf6-4afb-bbd2-d9a111b5b5ab,11/07/2011,12:30,Sentix Investor Confidence (Nov),MEDIUM,EUR,-21.2,-0.27,-19.1,-18.5,
750634a8-0c62-482b-bee6-3d60c40a56bf,11/07/2011,13:00,Retail Sales (MoM) (Sep),LOW,EUR,-0.6%,-2.07,-0.1%,-0.3% ,
d1c5af4a-e1b0-4627-8538-a3043fe96463,11/07/2011,13:00,Retail Sales (YoY) (Sep),MEDIUM,EUR,-1.4%,-0.77,-0.5%,0% ,
370e119f-dfa2-4721-8068-a6b9d1abd120,11/07/2011,14:00,Industrial Production n.s.a. w.d.a. (YoY) (Sep),MEDIUM,EUR,5.4%,-1.23,7.2%,7.7%,
c66ba0d4-7b98-4760-aac9-8dc760b185d6,11/07/2011,14:00,Industrial Production s.a. (MoM) (Sep),LOW,EUR,-2.8%,-1.38,-0.8%,-0.6% ,
14062bda-efde-4133-ae1a-c1ca941d1e71,11/07/2011,14:30,Trade Balance (Oct),LOW,CLP,$836.65M,-,-,-,
10f1029d-2354-432d-a29b-ef9e1eb7e147,11/07/2011,16:00,Central Bank FX Reserves (Oct),LOW,PLN,€73.3B,-,-,€74.09B,
ca37e9cd-7276-44fa-b9d4-ad93af9abbce,11/07/2011,18:00,Budget Balance (Oct),LOW,HUF,242.7B,-,-,-25.9B,
0a13f8a7-90e8-4986-85f7-b013cc188660,11/07/2011,N/A,Loan Officer Survey (Q3),LOW,USD,,,,,REPORT
18c8b88f-d7af-4360-958a-5c0f5f86a28a,11/07/2011,23:00,Consumer Credit Change (Sep),MEDIUM,USD,$6.88B,0.19,$5.2B,$-8.38B,
f777ee28-1425-4a0c-8eb3-dd597d561fc9,11/08/2011,02:00,Trade Balance (Aug),LOW,EUR,"€-1,138M",-,-,€-570.4M,
995dcd7b-db70-4f8f-9343-5a63ba6fd939,11/08/2011,03:00,EcoFin Meeting,MEDIUM,EUR,,,,,ALL DAY
80c54345-3886-43c4-b92c-603ed66e23d0,11/08/2011,03:01,BRC Like-For-Like Retail Sales (YoY) (Oct),LOW,GBP,-0.6%,-,-,0.3%,
58ede508-33f3-4c5a-b944-41c06b8c2627,11/08/2011,03:01,RICS Housing Price Balance (Oct),MEDIUM,GBP,-24%,-0.28,-23%,-23%,
84144806-711f-453a-875b-3a0854e48105,11/08/2011,03:30,National Australia Bank's Business Conditions (Oct),LOW,AUD,-1,-,-,2,
31022d44-bd47-4c2e-ad9d-7f45171be581,11/08/2011,03:30,National Australia Bank's Business Confidence (Oct),MEDIUM,AUD,2,-,-,-1,
310aa15d-75c7-4cd2-824a-bb895483706b,11/08/2011,03:30,Trade Balance (MoM) (Sep),MEDIUM,AUD,2.56M,-0.00,3.04M,"1,919M",
3782b511-5e67-49ec-900f-87a504119fe8,11/08/2011,09:45,SECO Consumer Climate (3m) (Q3),MEDIUM,CHF,-24,-0.95,-20,-9,
8597a559-232f-4331-82c9-ffa8b6d9f306,11/08/2011,10:00,Current Account n.s.a. (Sep),LOW,EUR,€16B,2.16,€12.3B,€9.7B,
606834f5-24a3-476c-9d6b-1eae40ce0906,11/08/2011,10:00,Trade Balance s.a. (Sep),MEDIUM,EUR,€15.1B,1.09,€12.5B,€13.2B,
2270149e-f1ec-4e90-8fca-665d231a32d4,11/08/2011,10:45,"Exports, EUR (Sep)",LOW,EUR,€35.663B,-,-,€37.42B,
0f7d755e-e961-40c9-a117-4ad8470b5002,11/08/2011,10:45,"Imports, EUR (Sep)",LOW,EUR,€41.966B,-,-,€42.387B,
17cf4ed9-f52b-495e-b470-96a14cde3e36,11/08/2011,10:45,Trade Balance EUR (Sep),NONE,EUR,€-6.6B,-,-,€-5B,
bf93b859-ade3-4996-afb6-16146857ef7d,11/08/2011,11:00,Retail Sales (YoY) (Sep),LOW,CZK,0%,-,-,2.3%,
975d1469-3b8a-4fd5-b5c4-f69e720f1745,11/08/2011,11:00,Unemployment Rate (Oct),LOW,CZK,7.9%,-,-,8%,
406e3718-4a13-4688-ad40-3e72b341568f,11/08/2011,11:00,Industrial Output (YoY) (Sep) PREL,LOW,HUF,3%,-,-,4.4% ,
62d47f80-e00b-4f47-a3e9-cdd2e1b90679,11/08/2011,11:00,Industrial Production (MoM) (Sep),LOW,RON,-0.6%,-,-,1.9%,
d6cf28a0-f3e7-4d40-82a4-01f7e4b41b54,11/08/2011,11:30,Manufacturing Output (MoM) (Sep),LOW,EUR,-0.5%,-,-,-0.6% ,
3a0f33d0-fb23-40ba-a4e2-d960e0e87733,11/08/2011,12:00,Trade Balance (Oct),LOW,ISK,8B,-,-,15.47B,
4a337f2c-2976-4124-b5ae-5344d8c33304,11/08/2011,12:30,Industrial Production (MoM) (Sep),LOW,GBP,0%,-0.14,0.1%,-0.4% ,
bf30f1ca-0789-44a1-ae23-7c3b49df3251,11/08/2011,12:30,Industrial Production (YoY) (Sep),MEDIUM,GBP,-1.5%,-0.73,-0.8%,-5.6% ,
8d242d7c-25fe-43b5-8ac3-b4e05401e46f,11/08/2011,12:30,Manufacturing Production (MoM) (Sep),LOW,GBP,0.1%,-0.13,0.2%,0.1% ,
3979ca71-b712-4f3f-a5da-9a6497db2eb5,11/08/2011,12:30,Manufacturing Production (YoY) (Sep),MEDIUM,GBP,1.3%,-0.32,1.9%,-1.8% ,
c9f83c7f-6031-4d45-b4c2-f7faa42a44be,11/08/2011,14:00,Consumer Price Index (Inflation) (MoM) (Oct),NONE,CLP,0.5%,-,-,-,
7fa10088-86ff-47c8-9e78-7154c2d0ff97,11/08/2011,14:00,Core Consumer Price Index (Inflation) (MoM) (Oct),NONE,CLP,0.3%,-,-,-,
387d8b41-3a56-42c9-ac4f-db3a149629c0,11/08/2011,16:15,Housing Starts s.a (YoY) (Oct),MEDIUM,CAD,208.8K,0.79,201K,209.4K,
3b5f2956-9229-4b0e-9120-f1aea71ee888,11/08/2011,18:00,NIESR GDP Estimate (3M) (Oct),MEDIUM,GBP,0.4%,-,-,0.5%,
58a61071-e4bc-4f33-83eb-64a372a927ce,11/08/2011,18:00,RealClearMarkets/TIPP Economic Optimism (MoM) (Nov),LOW,USD,40.6,-0.10,41,40.3,
76cccdf9-6f96-472e-838a-df4bab0f12b2,11/09/2011,02:00,Unemployment Rate (Oct),LOW,KRW,3.1%,-,-,3.2%,
dbcc7ac5-1a50-4dce-9ebc-8b0d770fe9c5,11/09/2011,02:30,Westpac Consumer Confidence (Nov),MEDIUM,AUD,6.3%,-,-,0.4%,
2ec4304f-b3f9-40fb-9c3e-f7bd99d9f13f,11/09/2011,02:50,Current Account n.s.a. (Sep),LOW,JPY,"¥1,584.8B",0.61,"¥1,452.2B",¥552.6B,
fbd05f11-586f-49eb-b77b-d20a967010d2,11/09/2011,02:50,Trade Balance - BOP Basis (Sep),MEDIUM,JPY,¥373.2B,0.04,¥351.7B,¥-571.3B,
7401a25d-4719-4785-a125-053996e16723,11/09/2011,03:01,BRC Shop Price Index (YoY) (Oct),LOW,GBP,2.1%,-,-,2.7%,
565de986-9cce-4087-9a14-3bd9edb46895,11/09/2011,03:30,Home Loans (Q3),MEDIUM,AUD,1.9%,0.16,1.7%,0.1% ,
7a42269d-6c05-4ee6-a8aa-06e4feff434a,11/09/2011,03:30,Investment Lending for Homes (Q3),LOW,AUD,1.9%,-,-,1.6% ,
bdb8937c-7a87-483d-b821-2c25c7f29ade,11/09/2011,04:30,Consumer Price Index (YoY) (Oct),HIGH,CNY,5.5%,0.74,5.4%,6.1%,
c27dccec-9a34-4400-84e0-c021e139834f,11/09/2011,04:30,Producer Price Index (YoY) (Oct),HIGH,CNY,5%,-3.43,5.7%,6.5%,
0ad9ba72-6a5e-4983-84bf-dd3f36750cdb,11/09/2011,08:00,Eco Watchers Survey: Current (Oct),MEDIUM,JPY,45.9,-0.17,46.5,47.1,
63e8a07d-83aa-4f67-8d98-5a5a7d942ff8,11/09/2011,08:00,Eco Watchers Survey: Outlook (Oct),MEDIUM,JPY,45.9,-,-,48.2,
fab94a01-2a69-4d81-97cb-93d6f5f0eda0,11/09/2011,10:12,Retail Sales (YoY) (Oct),MEDIUM,CNY,17.2%,-1.01,17.6%,17.7%,
94bc6729-a1a6-49a1-a37d-7a606966b179,11/09/2011,10:13,Industrial Production (YoY) (Oct),MEDIUM,CNY,13.2%,-0.21,13.3%,13.8%,
76579249-ee8c-4b7e-8ddd-6c87b393d27b,11/09/2011,10:45,Budget Balance (Sep),LOW,EUR,€-92.7B,0.00,€-101B,€-102.8B,
3edd8812-d20a-4d10-857e-28aabc3878de,11/09/2011,11:00,Consumer Price Index (MoM) (Oct),LOW,CZK,0.3%,-,-,-0.2%,
b3e72904-83b6-441b-9b30-0f45c1501de4,11/09/2011,11:00,Consumer Price Index (YoY) (Oct),LOW,CZK,2.3%,-,-,1.8%,
58caa40c-a0ba-48cd-b316-edda9df1e171,11/09/2011,11:00,Trade Balance (Sep) PREL,LOW,HUF,€741.5M,-,-,€501.3M,
4c5d002e-13ce-49fb-ad56-c476c8550628,11/09/2011,11:00,Trade Balance (Sep),LOW,RON,€-0.741B,-,-,€-0.636B,
4fca550b-2aa6-454a-8ae4-0e37f7331f21,11/09/2011,11:00,Foreign Trade Balance (Sep),LOW,EUR,€398.5M,-,-,€160.6M,
4c7e3102-03b9-4291-8198-36fc77193d3b,11/09/2011,11:30,Industrial Production Value (MoM) (Sep),LOW,SEK,1.3%,-,-,-3.1%,
41efdd7b-d15d-4f0e-8d66-6d7cf62c6dca,11/09/2011,11:30,Industrial Production Value (YoY) (Sep),LOW,SEK,4.8%,-,-,5.6%,
42868608-3230-4bef-830e-6f626fb4f6da,11/09/2011,11:30,New Orders Manufacturing (YoY) (Sep),LOW,SEK,1.7%,-,-,9%,
d954051c-20b0-4112-93a7-9e0766c53201,11/09/2011,11:45,Individual Investment (Current Year) (Q3),LOW,EUR,11%,-,-,14%,
6c8f6190-10bb-4cf1-bd09-e6beead0ed64,11/09/2011,12:00,Industrial Output (YoY) (Sep),LOW,EUR,7.4%,-,-,4.2% ,
8f72e76b-78b2-4c64-ac26-f419912dc8a3,11/09/2011,12:30,Goods Trade Balance (Sep),MEDIUM,GBP,£-10.175B,-4.04,£-7.9B,£-9.318B,
010a8501-97f0-420a-b2c2-62c5b0ff3b89,11/09/2011,12:30,Trade Balance; non-EU (Sep),LOW,GBP,£-5.712B,-1.61,£-4.975B,£-5.377B,
e7eb1ee4-642e-4fe9-8dcb-45da2bf4b47d,11/09/2011,13:00,Consumer Price Index - Harmonized (YoY) (Oct),LOW,EUR,2.9%,-,-,1.4%,
acd8a7c5-aacf-40d4-8f4b-fde08570c4dc,11/09/2011,13:00,Consumer Price Index (YoY) (Oct),LOW,EUR,3%,-,-,3.1%,
7bffa338-8862-4cba-a355-91f8a25fe2a8,11/09/2011,13:00,Industrial Production (YoY) (Sep),LOW,EUR,-1.7%,-,-,-11.7%,
60ecc392-438b-4dfe-b1bf-42a63d661bf1,11/09/2011,14:00,Global Trade Balance (Jul),LOW,EUR,€-3.756B,-,-,€-3.306B,
fbd817ba-cbf6-4ea2-aece-2512ecd06897,11/09/2011,14:00,Manufacturing Production Index (YoY) (Sep),LOW,ZAR,7.7%,-,-,5.6% ,
7b2a6c56-c219-4c5c-8e2f-1fe09f039186,11/09/2011,14:45,ECB Rate On Deposit Facility,MEDIUM,EUR,0.5%,-,-,0.75%,
145c284b-c5cd-41fd-b70e-4e975296c15c,11/09/2011,15:00,MBA Mortgage Applications,LOW,USD,10.3%,-,-,0.2%,
55313a29-7b1d-4696-8b4c-856ba98f91c6,11/09/2011,15:10,NBP Base rate,LOW,PLN,4.5%,-,-,4.5%,
b1be305f-da68-460d-8af4-ed7823e66fae,11/09/2011,16:30,New Housing Price Index (MoM) (Sep),LOW,CAD,0.2%,0.00,0.2%,0.1%,
ad51007f-1ef5-49f1-b2bc-30ecb4b3d424,11/09/2011,16:30,Former Fed's Chair Bernanke speech,MEDIUM,USD,,,,,SPEECH
35409122-0fb4-4656-a97c-4a1db45fc8ee,11/09/2011,18:00,12-Month Inflation (Oct),LOW,MXN,3.2%,-,-,3.2%,
f346ca86-31a3-4d67-924a-f104eeda5bfc,11/09/2011,18:00,12-Month Inflation (Oct),LOW,MXN,3.2%,-,-,3.14%,
868af4f0-447d-4dd9-a5ef-ba402cdf5d43,11/09/2011,18:00,Core Inflation (Oct),LOW,MXN,0.26%,-,-,0.27%,
11086eaf-12e5-40d0-bf43-408158376114,11/09/2011,18:00,Headline Inflation (Oct),LOW,MXN,0.68%,-,-,0.25%,
0ed3990e-ccaa-4887-8616-bf388336e86c,11/09/2011,18:00,Wholesale Inventories (Sep),LOW,USD,0%,-0.97,0.5%,0.4% ,
3b5c3ce2-6138-4cfa-8d18-a3354b3f7f5e,11/09/2011,18:30,EIA Crude Oil Stocks Change,LOW,USD,-1.37M,-,-,1.826M,
6b0cd14b-ea51-47ca-afa8-5818af0a56db,11/10/2011,00:00,Producer Price Index Growth (MoM) (Oct),LOW,KRW,0%,-,-,0.1%,
18e831cd-22ce-4e5c-8e11-38b18a02db25,11/10/2011,00:00,Producer Price Index Growth (YoY) (Oct),LOW,KRW,5.6%,-,-,5.7%,
628e52fb-b088-4065-820b-546305f1cd0e,11/10/2011,00:30,Business NZ PMI (Oct),MEDIUM,NZD,46.6,-,-,51.2,
275e27e3-580c-4637-9c58-42a73e4e1a49,11/10/2011,02:50,Bank Lending (YoY) (Oct),LOW,JPY,0%,-,-,-0.3%,
c3df9967-2590-4ece-a98f-6de4e9f240d7,11/10/2011,02:50,Machinery Orders (MoM) (Sep),LOW,JPY,-8.2%,-0.26,-6.9%,1.4% ,
491fa2a1-8ec7-4b62-8762-4ead183889c8,11/10/2011,02:50,Money Supply M2+CD (YoY) (Oct),LOW,JPY,2.8%,0.91,2.7%,2.7%,
a22f84f6-ea64-4180-a8ff-2eef285b7512,11/10/2011,03:00,Central Bank Reserves $,LOW,RUB,$517.8B,-,-,$522B,
44782a26-d474-4289-8b12-25a9f194a28a,11/10/2011,03:00,Foreign Trade (Aug),LOW,RUB,$16.7B,-,-,$14.67B,
4b72ad5b-8718-47db-a14f-16871ddd6a7d,11/10/2011,03:00,Consumer Inflation Expectations (Nov),LOW,AUD,2.5%,-,-,3.1%,
7df56ccd-676a-4043-b7a3-6da72ffc1efe,11/10/2011,03:30,Employment Change s.a. (Oct),HIGH,AUD,16.8K,0.48,10.3K,29K,
ada36354-9466-4200-b159-7ccdfbad1390,11/10/2011,03:30,Unemployment Rate s.a. (Oct),HIGH,AUD,5.2%,-0.83,5.3%,5.2%,
c28d452f-3c8e-423e-bd22-12de771e4665,11/10/2011,05:30,Trade Balance USD (Oct),MEDIUM,CNY,$17B,-1.51,$26.05B,$14.59B,
84f7ba2e-1dec-4547-842f-d3c5ebf70f6c,11/10/2011,06:00,Money Supply Growth (Sep),LOW,KRW,8.9%,-,-,8.6%,
985190a1-5b6c-4283-81b0-dd568934266e,11/10/2011,08:00,Consumer Confidence Index (Oct),MEDIUM,JPY,38.6,-0.38,39.3,38.2,
66818522-7e96-49d9-be8f-9dab19f7e144,11/10/2011,09:00,Machine Tool Orders (YoY) (Oct),MEDIUM,JPY,-8.2%,-,-,36.6%,
02a387a7-708f-4365-9ff6-646ec94e009d,11/10/2011,09:30,Consumer Price Index (EU norm) (MoM) (Oct),LOW,EUR,0.3%,2.00,0.1%,0%,
51056612-79f4-4e4c-86a1-a52c0c661806,11/10/2011,09:30,Consumer Price Index (EU norm) (YoY) (Oct),LOW,EUR,2.5%,0.00,2.5%,2.4%,
58daffe8-772c-48af-be3e-a77750825347,11/10/2011,09:30,Inflation ex-tobacco (MoM) (Oct),LOW,EUR,0.2%,-,-,-0.1%,
2dd56c0f-d49f-4462-afbf-4b27aa3b5456,11/10/2011,10:00,Consumer Price Index (MoM) (Oct),MEDIUM,EUR,0%,0.00,0%,0%,
33438652-eac9-4707-8e6c-3fbf2da58647,11/10/2011,10:00,Consumer Price Index (YoY) (Oct),HIGH,EUR,2.5%,0.00,2.5%,2.5%,
5f4a247a-e5d4-422a-bfbd-bb7bf6b61ccc,11/10/2011,10:00,Wholesale Price Index (MoM) (Oct),LOW,EUR,-1%,-1.88,0.2%,0.2% ,
6a98aff6-4cd8-427b-8ad9-68f41437a4f3,11/10/2011,10:00,Wholesale Price Index (YoY) (Oct),LOW,EUR,5%,-,-,4.6% ,
896e54bf-d3b3-4a09-a128-ad74dad9d852,11/10/2011,10:00,Industrial Output (MoM) (Sep),LOW,EUR,-1%,-,-,2.1%,
1099a5ec-5c9f-4363-bd5e-4470dbdb6d35,11/10/2011,10:45,Industrial Output (MoM) (Sep),LOW,EUR,-2.1%,-,-0.7%,-0.8% ,
b00b102b-089e-4fbb-b790-4bb2623a4381,11/10/2011,11:00,Credit Expansion (YoY) (Aug),NONE,EUR,-0.9,-,-,-,
8febf802-51b0-4821-8c90-d79395ae47bc,11/10/2011,11:30,Consumer Price Index n.s.a (YoY) (Oct),LOW,EUR,2.6%,-,-,2.7%,
caaf6700-a24b-4f6b-a682-32356bdf3a99,11/10/2011,11:30,Consumer Price Index (MoM) (Oct),LOW,SEK,0%,-,-,0.7%,
de733acd-4e0f-4f52-a9f4-bf2d0446baa8,11/10/2011,11:30,Consumer Price Index (YoY) (Oct),LOW,SEK,2.9%,-,-,3.2%,
448c7e6a-6281-4b43-b893-b54c4d807f6b,11/10/2011,12:00,ECB Monthly Report,MEDIUM,EUR,,,,,REPORT
8097f2e4-8554-46b3-941e-8ed0b90c4c6d,11/10/2011,12:00,Industrial Output s.a. (MoM) (Sep),LOW,EUR,-4.6%,0.00,-2%,4.3% ,
9adf5e86-69f9-4eab-abf7-61315d5444fc,11/10/2011,12:00,Industrial Output w.d.a (YoY) (Sep),LOW,EUR,-2.7%,0.00,-1.1%,4.7%,
1e8568b6-f656-44c0-ab7c-ec37d9e383bf,11/10/2011,12:00,Consumer Price Index (MoM) (Oct),LOW,NOK,-0.1%,-,-,0.9%,
a44bf540-6d87-4b32-9de7-dacf54229f13,11/10/2011,12:00,Consumer Price Index (YoY) (Oct),LOW,NOK,1.4%,-,-,1.6%,
96cd3219-33d9-4444-8fe0-5018c793d7a8,11/10/2011,12:00,Core Inflation (MoM) (Oct),LOW,NOK,0%,-,-,1.2%,
99a2f2f9-16ef-4543-a705-2acbf2df5c66,11/10/2011,12:00,Core Inflation (YoY) (Oct),LOW,NOK,1.2%,-,-,1.2%,
25eccc32-2b7a-4b5f-89eb-c410283cd5b1,11/10/2011,12:00,Producer Price Index (YoY) (Oct),LOW,NOK,15.3%,-,-,15.3%,
83035f9f-fe59-48be-9d6d-0cb39db65db3,11/10/2011,12:30,Reuters Econometer (Nov),LOW,ZAR,271.51,-,-,267.3,
dbdf3cb0-e907-45e3-b778-213d6fff4302,11/10/2011,13:00,Unemployment Rate (MoM) (Jul),LOW,EUR,18.4%,-,-,16.5%,
e506bf5b-20cf-4974-85c3-5de6a8945bf6,11/10/2011,13:00,HICP (MoM) (Oct),LOW,EUR,0.3%,-,-,0.1%,
8f669dde-dea9-4177-95a6-ebc72787b943,11/10/2011,13:00,HICP (YoY) (Oct),LOW,EUR,1.5%,-,-,1.3%,
c63f1474-1c72-4063-ad50-a0cda9b23f65,11/10/2011,14:00,Retail Sales (MoM) (Sep),LOW,BRL,0.6%,-,-,-0.4%,
fc5e9c7a-2f5c-4278-98b5-94bccdb9e38c,11/10/2011,14:00,Consumer Price Index (MoM) (Oct),LOW,EUR,0.3%,-,-,0.3%,
e856dbdf-93f2-485f-9e4d-b0bfc317fdfb,11/10/2011,14:00,Consumer Price Index (YoY) (Oct),LOW,EUR,2.8%,-,-,2.6%,
e582fb4a-7549-409a-bbe0-9e3dd3fca021,11/10/2011,15:00,BoE Asset Purchase Facility (Nov),HIGH,GBP,£275B,0.00,£275B,£275B,
7dc625be-9978-4a87-b039-b5d88c15f1e4,11/10/2011,15:00,BoE Interest Rate Decision,HIGH,GBP,0.5%,0.00,0.5%,0.5%,
0a4d5f07-dcc9-4ef1-b36e-96dd0d0c565c,11/10/2011,15:30,Export Price Index (MoM) (Oct),LOW,USD,-2%,-,-,0.5%,
ac341e77-7373-4640-9888-535fececd8ee,11/10/2011,16:00,SARB Interest Rate Decision,LOW,ZAR,5.5%,-,-,5.5%,
77d19c6c-357d-4679-beb8-69b9acf363ac,11/10/2011,16:30,International Merchandise Trade (Sep),LOW,CAD,$1.027B,2.42,$-0.5B,$0.21B,
2c391b62-b56e-4d6e-b7aa-1b4cbe938f9a,11/10/2011,16:30,Continuing Jobless Claims,LOW,USD,3.665M,-0.59,3.68M,3.683M,
dc0569a1-60d8-4193-bbe5-7da8e3939b1b,11/10/2011,16:30,Goods and Services Trade Balance (Sep),MEDIUM,USD,$-44.17B,0.39,$-46.1B,$-45.1B,
e78d1777-cd71-4b55-b4a1-81a0d211da0c,11/10/2011,16:30,Import Price Index (MoM) (Oct),LOW,USD,-0.5%,-2.96,0.2%,-0.1% ,
667bc9b3-aa87-42bd-a945-6341025b6e66,11/10/2011,16:30,Import Price Index (YoY) (Oct),LOW,USD,11%,-3.66,12.3%,12.7% ,
8ca1a641-aebb-45dc-98d5-35a654612843,11/10/2011,16:30,Initial Jobless Claims,LOW,USD,393K,-2.62,402K,397K,
0e8ff3e3-3469-4969-a864-89fb1037a15e,11/10/2011,22:00,Monthly Budget Statement (Oct),MEDIUM,USD,$-98.47B,0.18,$-105B,$-64.57B,
01a6cc04-ed13-4661-8e91-226a102c51e1,11/11/2011,00:45,Food Price Index (MoM) (Oct),LOW,NZD,-1.3%,-,-,-1%,
66b72074-acb5-49d5-8470-17d9cfbb707d,11/11/2011,02:50,Producer Price Index (MoM) (Oct),LOW,JPY,-0.8%,-11.37,2.2%,-0.2% ,
9fc05a8f-84e1-4652-bec9-53d93fa05b41,11/11/2011,02:50,Producer Price Index (YoY) (Oct),LOW,JPY,1.6%,-2.82,2.3%,2% ,
5e05cf1c-ba33-4c21-b995-5bb36cd6f914,11/11/2011,02:50,Tertiary Industry Index (MoM) (Sep),MEDIUM,JPY,-0.7%,-0.68,-0.4%,-0.2% ,
de614f67-3e49-4467-9adc-f79132fd1093,11/11/2011,03:00,Remembrance Day,NONE,CAD,,,,,ALL DAY
eac88c12-03ec-4e18-99e7-1ae439cce892,11/11/2011,03:00,Veterans Day,NONE,USD,,,,,ALL DAY
98d3a4df-7b79-46a9-a28b-3d96b97b3d5c,11/11/2011,04:00,BoK Interest Rate Decision,LOW,KRW,3.25%,-,-,3.25%,
4356d28d-ab66-4fbc-a246-c3a8a48021d0,11/11/2011,08:30,Cumulative Industrial Output (Sep),LOW,INR,5%,-,-,5.6%,
972fff3e-447c-4ff6-b83e-4ea81dfcca6f,11/11/2011,08:30,Industrial Output (Sep),LOW,INR,1.9%,-,-,3.4% ,
56a41e2d-1458-4327-8e10-bbe85175d156,11/11/2011,08:30,Manufacturing Output (Sep),LOW,INR,2.1%,-,-,4.5%,
bc21618f-df22-491e-872d-98db41b23011,11/11/2011,11:00,Gross Domestic Product - Estimated (QoQ) (Q3),LOW,EUR,0%,-,-,0.2%,
15e03e5d-18d9-4ff8-a836-eb1c076c559b,11/11/2011,11:00,Gross Domestic Product - Estimated (YoY) (Q3),LOW,EUR,0.8%,-,-,0.7% ,
8848814a-3a1f-46cf-aac9-87cce8c9b09b,11/11/2011,11:00,Consumer Price Index (YoY) (Oct),LOW,HUF,3.9%,-,-,3.6%,
3642f536-6940-4e40-a334-24bd30394790,11/11/2011,11:00,Core Inflation (MoM) (Oct),LOW,EUR,0.2%,-,-,0.1%,
2cce587c-a74b-4ab6-a8ca-f0899482e0c2,11/11/2011,11:00,Core Inflation (YoY) (Oct),LOW,EUR,2.7%,-,-,2.5%,
6397bd13-227c-4675-ac0d-fdcf9622e683,11/11/2011,11:00,Headline Inflation (MoM) (Oct),LOW,EUR,0.2%,-,-,0.3%,
e42f66da-bafc-4850-b0c0-d4f4b68d31df,11/11/2011,11:00,Headline Inflation (YoY) (Oct),LOW,EUR,4.4%,-,-,4.3%,
9bcfdff8-1e6e-4269-b1da-46cb762f1889,11/11/2011,11:00,Industrial Production (YoY) (Sep),LOW,TRY,12%,-,-,3.8%,
0ab1fb3b-465e-4570-8108-890a60a55743,11/11/2011,11:50,Gross Domestic Product (QoQ) (Q3),MEDIUM,HKD,0.1%,-,-,-0.4% ,
6a44c6ac-97fc-4113-883a-eb4802e0829c,11/11/2011,12:30,Producer Price Index - Input (MoM) n.s.a (Oct),LOW,GBP,-0.8%,-2.24,0.1%,1.3% ,
f8cda977-2970-4287-94cd-08996b4b7505,11/11/2011,12:30,Producer Price Index - Input (YoY) n.s.a (Oct),MEDIUM,GBP,14.3%,27.47,-0.3%,17.5% ,
a32fa8fd-b7f5-4784-8b36-2a98995e7cfd,11/11/2011,12:30,Producer Price Index - Output (MoM) n.s.a (Oct),LOW,GBP,0%,-2.67,0.2%,0.3%,
e2289576-0008-4aa3-aac8-1ceba6bc992a,11/11/2011,12:30,Producer Price Index - Output (YoY) n.s.a (Oct),MEDIUM,GBP,5.7%,-4.62,5.9%,6.3%,
bb8f2063-8b65-4ad8-8852-6cc2a9d78efc,11/11/2011,13:00,Consumer Price Index (MoM) (Oct),LOW,EUR,1.1%,-,-,0.8%,
c756c2d3-8d99-4220-a3e5-d869020fa009,11/11/2011,13:00,Consumer Price Index (YoY) (Oct),LOW,EUR,4.2%,-,-,3.6%,
3ad348a8-e02c-43b1-b5d4-7140064c0dc4,11/11/2011,13:30,"FX Reserves, USD",LOW,INR,$314.66B,-,-,$320.39B,
3420fb81-a75e-4619-ba94-b90380fc3284,11/11/2011,14:00,IPCA Inflation (Oct),LOW,BRL,0.43%,-,-,0.53%,
6bf4b4b7-202c-48b8-9b70-6ec7fa46bdc6,11/11/2011,17:00,Industrial Output (MoM) (Sep),LOW,MXN,1.7%,-,-,-1.1%,
2d662fc2-9011-428e-91f6-02fd90c57c00,11/11/2011,17:00,Industrial Output (YoY) (Sep),LOW,MXN,3.6%,-,-,3.1%,
b1226637-c925-4f35-af9f-d06230ad3de0,11/11/2011,17:55,Michigan Consumer Sentiment Index (Nov) PREL,MEDIUM,USD,64.2,1.28,61.3,60.9,
f179354f-b753-4cb2-be66-8d89202ff3ad,11/11/2011,18:00,Treasury Cash Balance (Oct),LOW,TRY,-1.72B,-,-,2.094B,
9b6adc54-e83e-4fd6-a78b-45d0aba90f88,11/11/2011,22:00,Consumer Price Index (MoM) (Oct),LOW,ARS,0.6%,-,-,0.8%,
e6b271ea-be6e-4b2f-9c5f-73ac87062d2b,11/12/2011,00:00,REINZ House Price Index (MoM) (Oct),MEDIUM,NZD,-0.3%,-,-,-,
b2ca8654-14d5-46d9-b195-d4c72e92aae4,11/13/2011,03:00,M2 Money Supply (YoY) (Oct),LOW,CNY,12.9%,-0.30,13%,13%,
454072aa-5cac-4979-ba58-689cd7b99674,11/14/2011,00:45,Retail Sales (QoQ) (Q3),MEDIUM,NZD,2.4%,2.31,0.6%,0.5% ,
108d5724-e8c4-4e0a-ac3b-9e010a2b6d99,11/14/2011,00:45,Retail Sales ex Autos (QoQ) (Q3),MEDIUM,NZD,2.6%,2.94,0.7%,0.4% ,
3b79e1df-9057-49fc-82dd-a246910de335,11/14/2011,02:50,Gross Domestic Product (QoQ) (Q3) PREL,MEDIUM,JPY,1.5%,0.00,1.5%,1.5%,
bedaf409-134b-431b-aaf9-52930a734c60,11/14/2011,02:50,Gross Domestic Product Annualized (Q3) PREL,MEDIUM,JPY,6%,0.06,5.9%,-2.1%,
679028e1-e9cd-4228-ab88-25852a77f434,11/14/2011,07:30,Capacity Utilization (Sep),LOW,JPY,-3.6%,-,-,3.1% ,
0f6c5300-371c-4a9d-b4d4-ee80232f4a2e,11/14/2011,07:30,Industrial Production (MoM) (Sep),LOW,JPY,-3.3%,-1.91,-2.1%,-4%,
2c58d1a8-f37c-4ad3-bf22-a55a95765776,11/14/2011,07:30,Industrial Production (YoY) (Sep),MEDIUM,JPY,0.4%,-,-,-0.4%,
bdefca96-9367-41f3-a322-a9270a299cc1,11/14/2011,09:30,WPI Inflation (Nov),LOW,INR,9.73%,-,-,9.72%,
aaea592b-d91a-405e-bed6-a3976900f72b,11/14/2011,10:00,Consumer Price Index (YoY) (Oct),LOW,EUR,3.5%,-,-,3.7%,
08b2fe69-ef49-4178-a255-801356c417e3,11/14/2011,10:45,Current Account (Sep),LOW,EUR,€-4B,-,-,€-2.9B,
d9cbf98b-213d-40d7-91e8-119cdac78866,11/14/2011,11:15,Producer and Import Prices (MoM) (Oct),LOW,CHF,-0.2%,0.37,-0.3%,-0.1%,
22175379-3a00-40a0-930a-b885b575a499,11/14/2011,11:15,Producer and Import Prices (YoY) (Oct),LOW,CHF,-1.8%,0.34,-1.9%,-2%,
216aa8e3-9d90-410e-bcd7-1eb4a702664f,11/14/2011,13:00,Industrial Production s.a. (MoM) (Sep),LOW,EUR,-2%,0.28,-2.3%,0.1% ,
f710d499-b33e-434a-b45f-8e340a8f53c5,11/14/2011,13:00,Industrial Production w.d.a. (YoY) (Sep),MEDIUM,EUR,2.2%,-0.75,3.6%,5.5% ,
0bf9a381-ca6b-4b27-89f7-10498f45a934,11/14/2011,13:00,Gross Domestic Product (YoY) (Q3),LOW,EUR,-1.7%,-,-,-0.9%,
0e1ce754-eeeb-4bea-853f-afbcd12c8807,11/14/2011,14:00,Gross Domestic Product Quarterly (YoY) (Q1),LOW,RUB,4.8%,-,-,4.1%,
b3077439-95dc-43d4-ad18-57c496911a0f,11/14/2011,16:00,M3 Money Supply (YoY) (Oct),LOW,PLN,10.5%,-,-,10.1%,
066bb83c-24a6-4e8b-961c-4124dfbb9d4a,11/15/2011,00:00,Export Price Growth (YoY) (Oct),LOW,KRW,8%,-,-,9.3%,
3f82ced0-a013-44b0-b642-a2a5e91ac58c,11/15/2011,00:00,Import Price Growth (YoY) (Oct),LOW,KRW,15.6%,-,-,16.4%,
911c4ef9-f8eb-495b-9bca-6d309ef0de43,11/15/2011,03:30,New Motor Vehicle Sales (MoM) (Oct),LOW,AUD,1%,-,-,-1.5%,
35260237-277b-49ce-9808-97eb2aebd70b,11/15/2011,03:30,New Motor Vehicle Sales (YoY) (Oct),LOW,AUD,4.3%,-,-,1.3%,
fa678fd2-1a3a-412b-ac62-fdbf7a57eaf5,11/15/2011,03:30,RBA Meeting Minutes,HIGH,AUD,,,,,REPORT
314128b5-0a1f-4cb8-9c74-1164bf6deceb,11/15/2011,06:00,Trade Balance (Oct),LOW,KRW,$4.1B,-,-,$4.3B,
8826ad3e-b7da-4919-8994-c650368f0506,11/15/2011,09:30,Gross Domestic Product (QoQ) (Q3) PREL,LOW,EUR,0.4%,-,-,0%,
db4d2021-e9d5-4b09-be72-fcc5a2042522,11/15/2011,09:45,Nonfarm Payrolls (QoQ) (Q3) PREL,LOW,EUR,0%,-,-,0.2%,
d1f01610-120d-4335-af78-1d20dc07d817,11/15/2011,10:00,Gross Domestic Product (QoQ) (Q3) PREL,MEDIUM,EUR,0.5%,0.00,0.5%,0.1% ,
f0ce9d38-9c3a-411b-9e92-80b4b5eadc07,11/15/2011,10:00,Gross Domestic Product (YoY) (Q3) PREL,MEDIUM,EUR,2.5%,0.23,2.4%,2.8% ,
06d6919c-3ac7-4733-8c36-a252a35ff4ce,11/15/2011,10:00,Gross Domestic Product w.d.a (YoY) (Q3) PREL,MEDIUM,EUR,2.6%,0.30,2.5%,2.7% ,
2cfbbde3-d917-4b35-99d1-67b1f57880b4,11/15/2011,10:00,Gross Domestic Product (YoY) (Sep),LOW,EUR,1.6%,-,-,3.5%,
2ff2ef4d-1285-4839-9d8c-5e84871ef440,11/15/2011,11:00,Gross Domestic Product (QoQ) (Q3) PREL,LOW,EUR,0.3%,-,-,1%,
4175bf9f-0105-445f-8edb-8be459a46872,11/15/2011,11:00,Export Prices (YoY) (Sep),LOW,CZK,3.1%,-,-,1.5%,
da8c44ea-57bd-4006-9047-06f8ca80ddce,11/15/2011,11:00,Gross Domestic Product (YoY) (Q1) PREL,LOW,CZK,1.5%,-,-,2.2%,
a02e0eb0-af3d-496f-8807-94b38b6db126,11/15/2011,11:00,Import Prices (YoY) (Sep),LOW,CZK,5%,-,-,3%,
f7cd757d-d44f-4ef9-b04f-e9bcfe5c5111,11/15/2011,11:00,Producer Price Index (MoM) (Oct),LOW,CZK,0%,-,-,0.2%,
a6d84737-64bf-4a53-a19c-94a9d0745134,11/15/2011,11:00,Producer Price Index (YoY) (Oct),LOW,CZK,5.6%,-,-,5.6%,
b8b3aca5-71ca-4bbb-8b15-3ffa8d3d37fc,11/15/2011,11:00,Consumer Price Index (MoM) (Oct),LOW,EUR,0.8%,-,-,0.2%,
7c351436-1f0a-44c1-869f-19964aae13f1,11/15/2011,11:00,Consumer Price Index (YoY) (Oct),LOW,EUR,3%,-,-,3.1%,
9d8e8fdb-8e17-440c-8ac3-e63c689c7ba5,11/15/2011,11:00,Harmonized Index of Consumer Prices (MoM) (Oct),LOW,EUR,0.4%,-,-,1.2%,
847744cf-1545-40ff-9ed1-c967a1b48761,11/15/2011,11:00,Harmonized Index of Consumer Prices (YoY) (Oct),LOW,EUR,3%,-,-,3%,
604d4463-22fe-49a9-8c6e-46e6dcc08a7e,11/15/2011,11:00,Current Account (Sep),LOW,EUR,€0.5B,-,-,€0.2B,
dbbcc5cb-bf6a-45b7-8688-86e082035fce,11/15/2011,11:00,Gross Domestic Product (YoY) (Q3) PREL,LOW,HUF,1.4%,-,-,1.5%,
5443837b-604c-4285-a615-44369eca594f,11/15/2011,11:00,Industrial Output (YoY) (Sep),LOW,HUF,3%,-,-,3%,
77f8dabb-9606-40a5-ab17-11894ea46b3b,11/15/2011,11:00,Gross Domestic Product (Q3),LOW,RON,4.4%,-,-,1.4%,
aa39b3b1-7903-426a-b56a-2fe05c5a3711,11/15/2011,11:00,Gross Domestic Product Prelim (YoY) (Q3) PREL,LOW,EUR,2.9%,-,-,3.3%,
97b0196f-b247-4e4f-8cf0-70c48b377763,11/15/2011,11:00,Current Account Balance (Sep),LOW,TRY,$-6.76B,-,-,$-3.96B,
0b6d37ca-a599-4b80-ac93-b2212bc996df,11/15/2011,11:30,Gross Domestic Product n.s.a (YoY) (Q3) PREL,LOW,EUR,1.1%,-,-,1.6%,
f77992a6-e67a-4e63-8e45-bc5b22062211,11/15/2011,11:30,Gross Domestic Product s.a (QoQ) (Q3) PREL,LOW,EUR,-0.3%,-,-,0.2%,
d6ffca4c-13e2-442c-a4fe-9313670f8838,11/15/2011,11:30,Retail Sales (YoY) (Sep),LOW,EUR,-0.7%,-,-,2.5% ,
402c153f-e09a-4a35-b949-860309985fdd,11/15/2011,12:00,Current Account (MoM) (Sep),LOW,CZK,3.67B,-,-,-33.65B,
91492a92-0be9-4340-ada4-371770f4ed3f,11/15/2011,12:00,Gross Domestic Product s.a (YoY) (Q3),LOW,EUR,-5%,-,-,-7.3% ,
34785843-b689-4ef7-9e98-789fcf1c8f0c,11/15/2011,12:00,Global Trade Balance (Sep),LOW,EUR,€-1.881B,-,-,€-1.829B,
18b7e59e-3edc-4d20-b817-6d193557373e,11/15/2011,12:00,Trade Balance EU (Sep),LOW,EUR,€-0.049B,-,-,€1.773B,
2d63c723-762b-4e08-9d95-f824c89f7475,11/15/2011,12:00,Trade Balance (Oct),LOW,NOK,26.7B,-,-,34.1B,
f505738d-f681-432c-afdc-e59da2ef8c53,11/15/2011,12:00,Budget Balance (Oct),LOW,TRY,-1.9B,-,-,-1.9B,
7e646e3f-112a-4c14-820e-67dcb25908ae,11/15/2011,12:30,Consumer Price Index (MoM) (Oct),MEDIUM,GBP,0.1%,-0.60,0.2%,0.6%,
88c62075-0597-4adb-a210-b59b66108a04,11/15/2011,12:30,Consumer Price Index (YoY) (Oct),HIGH,GBP,5%,-0.52,5.1%,5.2%,
d52a7d16-f598-455a-9ba6-f04f7e53263e,11/15/2011,12:30,Core Consumer Price Index (YoY) (Oct),MEDIUM,GBP,3.4%,0.73,3.2%,3.3%,
db3ca7fc-e762-40f1-96dc-e23ad4ca9720,11/15/2011,12:30,Retail Price Index (MoM) (Oct),LOW,GBP,0%,-0.74,0.1%,0.8%,
f2d5c041-c609-4f83-bd91-38704f799fb1,11/15/2011,12:30,Retail Price Index (YoY) (Oct),LOW,GBP,5.4%,-0.74,5.5%,5.6%,
889e9d03-59ca-4d80-b80d-dedbce0435ac,11/15/2011,12:57,DCLG House Price Index (YoY) (Sep),MEDIUM,GBP,-1.4%,-2.80,1.7%,-1.3%,
614a7c93-2fb1-4c97-9898-5919791062b1,11/15/2011,13:00,ZEW Survey – Current Situation (Nov),MEDIUM,EUR,34.2,0.16,32,38.4,
9c4afc88-0d04-4d28-b538-2ecd32ed50b6,11/15/2011,13:00,ZEW Survey – Economic Sentiment (Nov),MEDIUM,EUR,-55.2,0.02,-55.3,-48.3,
60e9f632-1bc3-4515-bbbd-3af70fae3da2,11/15/2011,13:00,Gross Domestic Product s.a. (QoQ) (Q3) PREL,MEDIUM,EUR,0.2%,0.00,0.2%,0.2% ,
df3354ce-55cb-485e-9457-b0138b955424,11/15/2011,13:00,Gross Domestic Product s.a. (YoY) (Q3) PREL,MEDIUM,EUR,1.4%,0.00,1.4%,1.6% ,
bce64205-04bb-4fce-ad59-a50245f194de,11/15/2011,13:00,Trade Balance n.s.a. (Sep),LOW,EUR,€2.5B,0.19,€2B,€-7.1B,
faf2cc0f-5384-4fd7-a67b-e8dee0cd3cce,11/15/2011,13:00,Trade Balance s.a. (Sep),LOW,EUR,€2.5B,1.47,€-1.3B,€-2.9B,
bd0b98be-fa62-4ccf-a678-b186ea7d8ed4,11/15/2011,13:00,ZEW Survey – Economic Sentiment (Nov),MEDIUM,EUR,-59.1,-0.53,-52.5,-51.2,
b33aa47e-24cf-42ac-aa79-9190d9685385,11/15/2011,15:00,Consumer Confidence (Oct),LOW,EUR,63.7,-,-,53.3,
164a7394-f013-4ebd-bca5-9c350178e954,11/15/2011,16:00,Consumer Price Index (MoM) (Oct),LOW,PLN,0.7%,-,-,0.1%,
e1f15a66-dddd-41f6-ad91-41fce9a15c97,11/15/2011,16:00,Consumer Price Index (YoY) (Oct),LOW,PLN,4.3%,-,-,3.9%,
7b66cae6-4616-4178-9170-492a31db5b91,11/15/2011,16:00,Current Account (Sep),LOW,PLN,"€-1,901M",-,-,"€-1,730M",
7041c052-ecec-4f31-8a7a-1f06c4e755cf,11/15/2011,16:30,Manufacturing Sales (MoM) (Sep),LOW,CAD,2.6%,1.56,1.1%,1.3% ,
8c3e5b3c-4f61-4166-979b-c0e87c4fe586,11/15/2011,16:30,New Motor Vehicle Sales (MoM) (Sep),LOW,CAD,1.5%,-0.07,1.9%,-0.4%,
6231af3f-5687-490a-8b9c-55aa54904ddd,11/15/2011,16:30,NY Empire State Manufacturing Index (Nov),LOW,USD,0.61,0.44,-2,-5.7,
766a5a3c-b8eb-44b7-8a1d-b8d6e1b9f99d,11/15/2011,16:30,Producer Price Index (MoM) (Oct),LOW,USD,-0.3%,-0.78,-0.1%,0.4% ,
d4241814-7dbf-48b5-b4c5-3ae743674cdf,11/15/2011,16:30,Producer Price Index (YoY) (Oct),MEDIUM,USD,5.9%,-1.16,6.3%,4.5% ,
43979bb0-8093-43bf-be45-b216a26541d3,11/15/2011,16:30,Producer Price Index ex Food & Energy (MoM) (Oct),LOW,USD,0%,-2.67,0.2%,0.2%,
5c05bacb-2ee8-433b-8557-0932b6046216,11/15/2011,16:30,Producer Price Index ex Food & Energy (YoY) (Oct),MEDIUM,USD,2.8%,-0.74,2.9%,3% ,
5ed752a6-c413-4924-9d13-440828c23873,11/15/2011,16:30,Retail Sales (MoM) (Oct),MEDIUM,USD,0.6%,1.30,0.3%,0.9% ,
a2a2d151-0372-48fa-92eb-4fa1470204a2,11/15/2011,16:30,Retail Sales ex Autos (MoM) (Oct),MEDIUM,USD,0.6%,2.67,0.2%,0.2% ,
70f6f3ba-d003-4258-ae7c-cb55827bdff1,11/15/2011,18:00,Business Inventories (Sep),MEDIUM,USD,0%,-1.20,0.2%,0.5% ,
6aa60f45-dc6d-4e0c-b21b-1272affe48ab,11/16/2011,00:00,BCCH Interest Rate,NONE,CLP,5.25%,-,-,-,
4e51c9ce-4569-4a80-8063-804ec731565f,11/16/2011,02:30,Westpac Leading Index (MoM) (Oct),LOW,AUD,0.12%,-,-,-0.03%,
b9b1c3d3-a84f-4b0e-989e-28fc060fdbbf,11/16/2011,03:30,Wage Price Index (QoQ) (Q3),LOW,AUD,0.7%,-1.71,0.9%,0.7% ,
dc22284d-7401-4f04-9dd5-9748d5a55769,11/16/2011,03:30,Wage Price Index (YoY) (Q3),LOW,AUD,3.6%,-2.45,3.8%,3.8%,
a5ef2915-f08b-4da7-9cff-fba702ea4b4a,11/16/2011,04:30,FDI - Foreign Direct Investment (YTD) (YoY) (Oct),MEDIUM,CNY,15.9%,-,-,16.6%,
fdedd952-7ca9-4e9b-948e-0bb1a7ec7d32,11/16/2011,06:30,BoJ Interest Rate Decision,HIGH,JPY,0.1%,0.00,0.1%,0.1%,
420b0cd8-7f01-4ab7-9bcd-b6015d59096f,11/16/2011,07:29,Producer Price Index (MoM) (Oct),LOW,RUB,1.7%,-,-,-0.7%,
debcc441-0877-4cb4-9cf9-7a713a07acbe,11/16/2011,07:30,Producer Price Index (YoY) (Oct),LOW,RUB,17.5%,-,-,18%,
edd88a69-abac-4166-b2c5-bd49193977b9,11/16/2011,11:00,Gross Domestic Product (QoQ) (Q3),LOW,EUR,0%,-,-,-0.3% ,
cbfd7ed3-291b-4c86-9951-6203d9e27f22,11/16/2011,11:00,Gross Domestic Product (YoY) (Q3),LOW,EUR,0.8%,-,-,-0.5% ,
da20a652-1c9e-4f0f-b678-afe4e2bcc8e7,11/16/2011,11:00,Consumer Confidence (Oct),LOW,TRY,89.7,-,-,93.7,
cd538ab1-05e7-4a5b-865d-2624b318b695,11/16/2011,11:30,Capacity Utilization (Q3),LOW,SEK,0.3%,-,-,-0.1%,
613348bb-594f-45f2-86db-71cd986b426f,11/16/2011,12:00,HICP (MoM) (Oct),LOW,EUR,0.2%,-,-,0.6%,
47f6c642-5d7d-423a-a2fb-230bba0bf287,11/16/2011,12:00,HICP (YoY) (Oct),LOW,EUR,3.8%,-,-,4% ,
f8792d69-664e-434e-90ce-4211b450bfaf,11/16/2011,12:00,Consumer Price Index (EU Norm) (MoM) (Oct),LOW,EUR,0.6%,-,-,0.9%,
e84fab32-e5d2-415a-81e4-d9badfc0ed65,11/16/2011,12:00,Consumer Price Index (EU Norm) (YoY) (Oct),LOW,EUR,3.4%,-,-,3.8%,
d852f1ab-4c40-4954-85e1-e84426c33358,11/16/2011,12:30,Average Earnings Excluding Bonus (3Mo/Yr) (Sep),LOW,GBP,1.7%,1.34,1.6%,2% ,
3d168529-6bf7-464f-a34f-0fe35ecbaaaa,11/16/2011,12:30,Average Earnings Including Bonus (3Mo/Yr) (Sep),MEDIUM,GBP,2.3%,-0.82,2.5%,2.6% ,
acf78a64-490a-4409-9a30-88b5634292b7,11/16/2011,12:30,Claimant Count Change (Oct),HIGH,GBP,2.5K,-1.41,21K,19.3K,
da5a17e4-f815-4bbc-9b88-e3f8477e8c1f,11/16/2011,12:30,Claimant Count Rate (Oct),MEDIUM,GBP,5%,-0.98,5.1%,4.8% ,
0c0ccc8f-f7cd-4aae-a925-f377c6113e4a,11/16/2011,12:30,ILO Unemployment Rate (3M) (Sep),MEDIUM,GBP,8.3%,1.02,8.2%,8.2% ,
5733599a-6ce2-4ccf-ac2a-224cc97a30d9,11/16/2011,13:00,Core Harmonized Index of Consumer Prices (YoY) (Oct),HIGH,EUR,1.6%,0.00,1.6%,1.6% ,
1963d750-65cc-4855-8ab0-891dbe9606e6,11/16/2011,13:00,Harmonized Index of Consumer Prices (MoM) (Oct),MEDIUM,EUR,0.3%,0.00,0.3%,0.7% ,
90362ac7-e8db-45f8-9959-5e542794932f,11/16/2011,13:00,Harmonized Index of Consumer Prices (YoY) (Oct),HIGH,EUR,3%,0.00,3%,3%,
e556917d-dc30-4229-b9bc-54847648005c,11/16/2011,13:30,BoE Monetary Policy Report,MEDIUM,GBP,,,,,REPORT
5763a1e1-e3ae-4d9e-9245-620241af496b,11/16/2011,13:30,BoE's Governor King speech,HIGH,GBP,,,,,IN PROGRESS
e0ef4d15-6e4a-434a-82fc-4a3f9ae3ab7b,11/16/2011,14:00,Unemployment Rate (Q3),LOW,EUR,12.4%,-,-,12.1%,
01140334-f356-4c30-a700-d5411f6b6f29,11/16/2011,14:00,Retail Sales (YoY) (Sep),LOW,ZAR,8.3%,-,-,7.1%,
24f4485f-b93e-41e3-bd42-90254fab2d37,11/16/2011,15:00,MBA Mortgage Applications,LOW,USD,-10%,-,-,10.3%,
1fd41167-170b-4cea-87b9-501fcf4c7e93,11/16/2011,16:30,Consumer Price Index (MoM) (Oct),MEDIUM,USD,-0.1%,-0.83,0%,0.2% ,
bf019759-50da-4fea-b272-a28131bb28de,11/16/2011,16:30,Consumer Price Index (YoY) (Oct),HIGH,USD,3.5%,-0.71,3.6%,3.9%,
137e469b-ecdb-44dd-b949-9f16e9de7045,11/16/2011,16:30,Consumer Price Index ex Food & Energy (MoM) (Oct),MEDIUM,USD,0.1%,0.00,0.1%,0.1%,
bd7b1cdc-e442-461c-8352-bfc1853f5f43,11/16/2011,16:30,Consumer Price Index ex Food & Energy (YoY) (Oct),HIGH,USD,2.1%,0.00,2.1%,2%,
4d477105-32d4-488d-9bfd-1fee548d742e,11/16/2011,17:00,Net Long-Term TIC Flows (Sep),MEDIUM,USD,$68.3B,0.23,$63.4B,$57.9B,
f5697383-4a0b-4455-8dfb-11559ab97107,11/16/2011,17:00,Total Net TIC Flows (Sep),LOW,USD,$65B,-,-,$100.7B,
82776fc2-7b32-4557-889c-431111c99f7b,11/16/2011,17:15,Capacity Utilization (Oct),LOW,USD,77.9%,0.55,77.7%,76.3% ,
b672d5b2-91ed-4c0f-8aca-325c75b56c9f,11/16/2011,17:15,Industrial Production (MoM) (Oct),MEDIUM,USD,0.7%,1.08,0.4%,-0.1% ,
cb415d3d-9f2e-4b7c-8315-bae7d2f9e0b6,11/16/2011,18:00,NAHB Housing Market Index (Nov),LOW,USD,19,1.23,17,17,
6e951271-8023-456b-ae56-4b834a1e2e5b,11/16/2011,18:30,EIA Crude Oil Stocks Change,LOW,USD,-1.06M,-,-,-1.37M,
7f42c7cd-2ff1-4b08-b0ab-7725f99adc50,11/17/2011,00:45,Producer Price Index - Input (QoQ) (Q3),LOW,NZD,0.6%,-,-,0.9%,
6069a82f-9c5b-4d16-b9f2-42bfe982ce10,11/17/2011,00:45,Producer Price Index - Output (QoQ) (Q3),LOW,NZD,0.2%,-,-,1.4%,
a2eb0765-4333-44de-ab04-76f3f1914bde,11/17/2011,03:01,Nationwide Consumer Confidence (Oct),NONE,GBP,36,-,-,45,
f9a4ca1a-d713-48ec-a37d-7360604d1ccf,11/17/2011,03:30,RBA Foreign Exchange Transaction (Oct),LOW,AUD,330M,-,-,641M,
dc966317-bd8d-4818-bd82-f60e314e13d1,11/17/2011,04:44,Budget Fulfilment (Oct),LOW,RUB,3.2%,-,-,2.8% ,
7913b195-88e9-48a9-bce2-95f60c769e7b,11/17/2011,04:45,Industrial Output (Oct),LOW,RUB,3.6%,-,-,3.9%,
bf27ba1c-8b62-4009-a0d8-9eae3fa62497,11/17/2011,08:00,BoJ Monthly Economic Survey,MEDIUM,JPY,,,,,REPORT
6a87c1b7-0a38-454a-8617-d53bfea24461,11/17/2011,10:00,Export Prices (YoY) (Oct),LOW,EUR,2.4%,-,-,3.3%,
86b88ca0-257e-4ec0-a56e-db357aacb5e9,11/17/2011,10:00,Import Prices (YoY) (Oct),LOW,EUR,7.1%,-,-,7.6%,
c70cfcde-f2e3-44a6-8a0f-16808add38d8,11/17/2011,10:00,Producer Price Index (YoY) (Oct),LOW,EUR,3.7%,-,-,4.3%,
bc4cc1a3-f3de-49b4-83cb-a2f35585ed1e,11/17/2011,11:00,Central Bank Reserves $,NONE,RUB,$516B,-,-,$517.8B,
1e776a0a-22ec-4ec6-8269-2e935347cbdb,11/17/2011,11:30,Consumer Confidence Adj (Nov),NONE,EUR,-32,-,-,-33,
9a1bf9b8-0a8a-4cd0-91b3-e0c1f5681aa0,11/17/2011,11:30,Unemployment Rate s.a (3M) (Oct),LOW,EUR,5.8%,-,-,5.5% ,
8d207d6b-3dfc-4335-a754-61a92b46ad97,11/17/2011,12:30,Retail Sales (MoM) (Oct),LOW,GBP,1%,3.32,-0.3%,0.3% ,
fa8dcebc-6e19-4d79-8545-407553c05349,11/17/2011,12:30,Retail Sales (YoY) (Oct),MEDIUM,GBP,1.1%,1.90,-0.2%,-0.8% ,
79e0c92e-a529-4d45-a09d-1245789bc083,11/17/2011,12:30,Retail Sales ex-Fuel (MoM) (Oct),LOW,GBP,0.9%,-,-0.2%,0.2% ,
b57288c7-ad09-4e07-9c62-6394728b61a3,11/17/2011,12:30,Retail Sales ex-Fuel (YoY) (Oct),MEDIUM,GBP,1.1%,-,-0.1%,-1% ,
aaa9c905-19b2-4d7a-89ec-7439c75f8dc3,11/17/2011,13:00,ZEW Survey – Expectations (Nov),MEDIUM,CHF,-64.3,-,-,-54.4,
eee814dd-41dc-498e-8de4-b67b6be26ff2,11/17/2011,13:00,Construction Output s.a (MoM) (Sep),LOW,EUR,-1.5%,-,-,0% ,
61a13148-c038-4817-9209-73f96f5ffdee,11/17/2011,13:00,Construction Output w.d.a (YoY) (Sep),LOW,EUR,0.4%,-,-,0.8% ,
f90b700d-6871-46c1-b196-3cd4063fc117,11/17/2011,16:30,Canadian Portfolio Investment in Foreign Securities (Sep),LOW,CAD,$-0.932B,-,-,$2.49B,
7ff27b37-06c4-4e25-9780-2ac1d70a0214,11/17/2011,16:30,Foreign Portfolio Investment in Canadian Securities (Sep),LOW,CAD,$7.35B,-,-,$8.68B,
4f2f5d1a-d050-4546-b1c4-3306ada2ab1c,11/17/2011,16:30,Building Permits (MoM) (Oct),MEDIUM,USD,0.644M,1.27,0.61M,0.61M,
385065f9-8754-4478-9936-cef7fd610ffb,11/17/2011,16:30,Continuing Jobless Claims,LOW,USD,3.608M,0.00,3.608M,3.615M,
d216a6a3-c46b-40c7-9115-48bec9331bc7,11/17/2011,16:30,Housing Starts (MoM) (Oct),MEDIUM,USD,0.627M,0.76,0.61M,0.65M,
d58aaafe-5d39-47be-9305-7900f9a42662,11/17/2011,16:30,Initial Jobless Claims,LOW,USD,391K,-1.34,397K,390K,
fd38716d-bcf7-46dc-9730-5d922c1192ef,11/17/2011,17:30,BoC Review (Q3),LOW,CAD,,,,,REPORT
6570a328-effa-4f1a-b4ec-cc0edc48fe81,11/17/2011,18:00,Philadelphia Fed Manufacturing Survey (Nov),LOW,USD,3.6,-0.37,10,6.2,
573cc100-b63c-4d98-8131-715d51d58050,11/18/2011,10:00,Producer Price Index (MoM) (Oct),MEDIUM,EUR,0.2%,0.28,0.1%,0.2% ,
af7a8d50-616a-4fcb-ae44-76c9526365f8,11/18/2011,10:00,Producer Price Index (YoY) (Oct),HIGH,EUR,5.3%,0.00,5.3%,5.1% ,
b793284c-376a-4ef5-b52c-7f9147feb132,11/18/2011,11:00,Gross Wages (YoY) (Sep),LOW,HUF,5.2%,-,-,6.5%,
c50eede9-210d-43fb-b2e9-74e6f2c6342e,11/18/2011,12:00,Producer Price Index (MoM) (Sep),LOW,EUR,0.5%,-,-,-0.2%,
27e2ac74-3971-43bd-97b8-4268376c3506,11/18/2011,12:00,Producer Price Index (YoY) (Sep),LOW,EUR,3.5%,-,-,3.2%,
83ba4093-3951-4b87-bff8-74f8c1ba01b8,11/18/2011,12:00,Industrial Orders n.s.a (YoY) (Sep),LOW,EUR,-3.6%,-,-,10.5% ,
77ecc031-d881-47e7-abe7-cc28f90e9a9a,11/18/2011,12:00,Industrial Orders s.a (MoM) (Sep),LOW,EUR,-8.2%,-,-,5% ,
64591fae-8bbd-4a42-9581-c669aae369ac,11/18/2011,12:00,Industrial Sales n.s.a. (YoY) (Sep),LOW,EUR,1.9%,-,-,12% ,
17de53c0-d1d6-41ad-935e-bb52f25010c9,11/18/2011,12:00,Industrial Sales s.a. (MoM) (Sep),LOW,EUR,-5.5%,-,-,4% ,
6b967ac0-5e07-4857-aa96-a0eb5b5cdf3a,11/18/2011,13:30,Bank Loan Growth,LOW,INR,18.4%,-,-,19.3%,
86617d87-4483-44f2-aee4-ebc850fcf8b2,11/18/2011,14:30,Gross Domestic Product (YoY) (Q3),LOW,CLP,4.8%,-,-,-,
2343225f-3d81-459d-8edc-75a703bf12e7,11/18/2011,15:00,BoC Consumer Price Index Core (MoM) (Oct),MEDIUM,CAD,0.3%,0.62,0.1%,0.5%,
5bd4a384-4a15-49e4-bc4c-0b25e7a5524d,11/18/2011,15:00,BoC Consumer Price Index Core (YoY) (Oct),HIGH,CAD,2.1%,0.52,1.9%,2.2%,
4ab786cb-36d5-4787-b5fb-63a61aa22a55,11/18/2011,15:00,Consumer Price Index (MoM) (Oct),MEDIUM,CAD,0.2%,0.33,0.1%,0.2%,
fd9c33f8-3c83-42ce-a930-1921a976f083,11/18/2011,15:00,Consumer Price Index (YoY) (Oct),HIGH,CAD,2.9%,0.71,2.7%,3.2%,
3da191b7-70e3-4418-9880-9d9396d53053,11/18/2011,16:00,Corporate Sector Wages (Oct),LOW,PLN,5.1%,-,-,5.2%,
80b843f2-2875-4e56-983b-3b0f1a875bb5,11/18/2011,16:30,Leading Indicators (MoM) (Oct),MEDIUM,CAD,0.3%,0.44,0.1%,-0.1% ,
7b343d8b-4b98-4175-97eb-3235a67999d1,11/18/2011,17:00,Consumer Confidence Index (Nov),LOW,EUR,-14,-,-,-7,
2f69ccd6-33d7-4cbc-b744-6576b8736359,11/18/2011,22:00,Monthly Econ Activity (MoM) (Sep),LOW,ARS,7.7%,-,-,8.6%,
42226310-4eac-4955-bea2-7a1e05b1853a,11/21/2011,02:50,Adjusted Merchandise Trade Balance (Oct),LOW,JPY,¥-495.7B,-2.48,¥-82B,¥-21.8B,
3e49d545-3f94-43fa-a87d-99c51110514e,11/21/2011,02:50,BoJ Monetary Policy Meeting Minutes,HIGH,JPY,,,,,REPORT
4bf6d854-c35a-4536-a3fd-4dde59b5af58,11/21/2011,02:50,Merchandise Trade Balance Total (Oct),MEDIUM,JPY,¥-280.2B,-1.09,¥28.8B,¥288.8B,
54a0a044-57f8-4a26-8db3-3a52a632fd09,11/21/2011,03:01,Rightmove House Price Index (MoM) (Nov),LOW,GBP,-3.1%,-,-,1.5% ,
bcf2dd3c-46e3-431b-b071-7c114d406b2d,11/21/2011,03:01,Rightmove House Price Index (YoY) (Nov),MEDIUM,GBP,1.2%,-,-,0.5% ,
24618668-880b-4533-b453-e762d76b8241,11/21/2011,07:30,All Industry Activity Index (MoM) (Sep),MEDIUM,JPY,-0.7%,1.02,-1%,-0.3% ,
378407ca-1159-4b2c-b191-c4fb0ebbdaf7,11/21/2011,08:00,Coincident Index (Sep),LOW,JPY,90.1,-,-,88.9,
5d494508-ed44-4d7b-9620-d4b875f1e5c0,11/21/2011,08:00,Leading Economic Index (Sep),MEDIUM,JPY,92.3,-,-,93.8,
326cc7a4-1e75-4d74-8079-289518263506,11/21/2011,11:30,Consumer Spending Volume (Sep),LOW,EUR,-1.9%,-,-,-1%,
6f731617-5c44-48c1-b548-6e62abcded5e,11/21/2011,11:44,Unemployment Rate (Oct),LOW,RUB,6.4%,-,-,6%,
9031a3f0-1db2-4bab-b36f-759071800ecf,11/21/2011,11:46,M3 Money Supply,LOW,INR,16.1%,-,-,14.4%,
844ebecc-81f5-4ddf-954d-e8129f01a255,11/21/2011,12:00,Current Account n.s.a (Sep),LOW,EUR,€-0.7B,-,-,€-4.2B,
e421a2f2-2c92-447b-a930-d6f88d1922db,11/21/2011,12:00,Current Account s.a (Sep),LOW,EUR,€2.2B,3.58,€-3.4B,€-2.6B,
52115bfc-8e53-4771-8e6c-549d184e7179,11/21/2011,12:00,Unemployment Rate (Oct),LOW,EUR,13.29%,-,-,13.37%,
6c10008b-dd23-418a-83cc-a1a4e7ad3b3b,11/21/2011,13:29,Trade Balance non-EU (Oct),LOW,EUR,€-0.808B,-,-,€-1.46B,
7ee78f42-0532-40af-8f98-5e44bfb8c684,11/21/2011,15:30,Chicago Fed National Activity Index (Oct),LOW,USD,-0.13,-,-,-0.27,
c89f7ab0-7fae-4398-88d9-2b40862df4b3,11/21/2011,16:00,Industrial Output (YoY) (Oct),LOW,PLN,6.5%,-,-,7.7%,
766f8793-c7b3-46e8-89d5-3fb2213587f2,11/21/2011,16:00,Producer Price Index (YoY) (Oct),LOW,PLN,8.5%,-,-,8.1%,
09cb05d3-a208-4fe7-a27c-e00a201d2b2f,11/21/2011,16:30,Wholesale Sales (MoM) (Sep),LOW,CAD,0.5%,-0.14,0.6%,-0.1% ,
c24ef028-6099-4ba5-b4bd-f218d576f109,11/21/2011,18:00,Existing Home Sales (MoM) (Oct),MEDIUM,USD,4.25M,-3.04,4.8M,4.33M,
ce5fb40d-de17-49b7-b6b0-7006fe968024,11/21/2011,18:00,Existing Home Sales Change (MoM) (Oct),MEDIUM,USD,1.4%,0.79,-2.2%,-1.1% ,
ceae9bf8-32e9-4c5b-a2db-6098db247ce0,11/21/2011,22:00,Unemployment Rate (QoQ) (Q3),LOW,ARS,7.2%,-,-,7.3%,
7896a8af-3f95-453f-9f17-2b1705aa1d14,11/22/2011,00:45,Visitor Arrivals (YoY) (Oct),LOW,NZD,17%,-,-,26.3% ,
61d43fe4-934f-48fd-99c0-174037c84a2d,11/22/2011,05:00,RBNZ Inflation Expectations (QoQ) (Q4),MEDIUM,NZD,2.8%,-,-,2.86% ,
ff2dbee8-5cea-4503-a56b-041d2b4b993b,11/22/2011,10:00,Trade Balance (Oct),MEDIUM,CHF,2.159M,0.00,2.06M,1.85M,
e28b1fb1-7dbf-4f8f-b7ef-663f59efae0a,11/22/2011,10:00,Unemployment Rate (Oct),LOW,EUR,7.7%,-,-,7.7%,
4bbc1e22-688b-49d3-8c75-0a67f507b509,11/22/2011,11:00,Consumer Confidence (Nov),LOW,DKK,-9.2,-,-,-6.6,
51d3752c-8550-4eb2-9c6e-5af65e1b206a,11/22/2011,11:30,Unemployment Rate (Oct),LOW,SEK,6.9%,-,-,6.8%,
3825d8b0-f835-45d6-ba64-21a32cbdd742,11/22/2011,12:00,Gross Domestic Product Growth (Q3),LOW,NOK,1.1%,-,-,0.4%,
b918d03c-ce5c-4bac-8883-98f022ac705e,11/22/2011,12:00,Gross Domestic Product Growth Mainland (Q3),LOW,NOK,0.8%,-,-,1%,
135756e0-b979-41db-b02d-1e7d835067d7,11/22/2011,12:30,Public Sector Net Borrowing (Oct),MEDIUM,GBP,£3B,-0.54,£4.3B,£12.482B,
10b1deb0-fcee-4444-ad5e-efd5a6f966e9,11/22/2011,15:30,Current Account (Oct),LOW,BRL,$-3.109B,-,-,$-5.695B,
de543608-b890-4ee1-86ba-7cc31a8de8c4,11/22/2011,16:00,Net Inflation (Oct),LOW,PLN,2.8%,-,-,2.6%,
662da73f-1dfb-4cd7-bb4e-cb2b21895f45,11/22/2011,16:30,Retail Sales (MoM) (Sep),MEDIUM,CAD,1%,1.67,0.5%,0.3% ,
550e5cf7-d025-4eb0-858c-14e51c10da8a,11/22/2011,16:30,Retail Sales ex Autos (MoM) (Sep),LOW,CAD,0.4%,0.00,0.4%,0.1% ,
c73717ac-3261-43c2-ac09-ca26cc2dbd9c,11/22/2011,16:30,Core Personal Consumption Expenditures (QoQ) (Q3) PREL,MEDIUM,USD,2.3%,0.16,2.1%,2.4%,
48a40f26-06a4-4346-8ae9-2d1bbc6d1c9b,11/22/2011,16:30,Gross Domestic Product Annualized (Q3) PREL,HIGH,USD,2%,-0.85,2.5%,2.5%,
57cb2e78-1d23-4b86-9b75-051ce51d8162,11/22/2011,16:30,Gross Domestic Product Price Index (Q3) PREL,HIGH,USD,1.9%,-0.70,2.5%,2%,
cb8da809-5781-44a3-8763-46604da5efc3,11/22/2011,17:00,Gross Domestic Product (QoQ) (Q3),LOW,MXN,1.3%,-,-,1.28% ,
40e779fb-eefe-4707-90f1-63b81e39214c,11/22/2011,17:00,Gross Domestic Product (YoY) (Q3),LOW,MXN,4.5%,-,-,3.2% ,
3e8b293c-7846-4242-ac8b-c1fdf2d11095,11/22/2011,18:00,Consumer Confidence (Nov) PREL,MEDIUM,EUR,-20.4,-1.06,-20,-19.9,
d1aee6d8-e41e-407e-9cdd-1d823bdd5c13,11/22/2011,18:00,Richmond Fed Manufacturing Index (Nov),LOW,USD,0,0.52,-2,-1,
0a61c219-55e8-46e7-a322-368a45476494,11/22/2011,22:00,Trade Balance (MoM) (Oct),LOW,ARS,"$1,222M",-,-,"$1,064M",
a2da813c-69fe-4f09-9a66-fdaba973aac8,11/22/2011,22:00,FOMC Minutes,HIGH,USD,,,,,REPORT
e533a318-e6ef-41cf-b8a8-6193cdca44fd,11/23/2011,03:00,Labor Thanksgiving Day,NONE,JPY,,,,,ALL DAY
ff8cafd4-4b1a-483d-8655-74048bf5c3fa,11/23/2011,03:30,Construction Work Done (Q3),LOW,AUD,11.7%,5.73,2.1%,1.8% ,
296d91a4-6b54-46c2-94f4-bbb81ace35fd,11/23/2011,05:30,RatingDog Manufacturing PMI (Nov) PREL,LOW,CNY,-,-,-,-,
941d9a33-5b00-431c-80a6-fe7b1ee4db7c,11/23/2011,10:45,Business Climate in Manufacturing (Nov),LOW,EUR,96,-,-,97,
61b5b431-9366-4578-9908-6da76cd58472,11/23/2011,10:58,HCOB Manufacturing PMI (Nov) PREL,LOW,EUR,-,-,-,-,
d70d207d-3371-4bde-aaf8-fc5707aeceaa,11/23/2011,10:58,HCOB Services PMI (Nov) PREL,LOW,EUR,-,-,-,-,
dac8bcc6-e9fb-4d58-8f05-a4eb05701dda,11/23/2011,11:00,Consumer Price Index (MoM) (Oct),LOW,ZAR,0.5%,-,-,0.4%,
2fd41e55-5877-4ce5-aae1-41ad2057bf7d,11/23/2011,11:00,Consumer Price Index (YoY) (Oct),LOW,ZAR,6%,-,-,5.7%,
6ea32d2e-1845-435f-a69a-86b2737fc423,11/23/2011,11:30,HCOB Manufacturing PMI (Nov) PREL,MEDIUM,EUR,-,-0.82,48.4,-,
34128073-9ba0-44c9-a69b-28e55ea00b8f,11/23/2011,11:30,HCOB Services PMI (Nov) PREL,MEDIUM,EUR,-,0.93,50.2,-,
47133b37-3b02-49f7-b1b8-e66cc45b93fd,11/23/2011,11:47,Current Account Balance (Sep),LOW,EUR,€-9.636B,-,-,€-8.75B,
664ad893-9514-4ede-830a-ab2f3c01cf4b,11/23/2011,11:48,Current Account (YoY) (Sep),LOW,EUR,€-1.097B,-,-,€0.145B,
4667f91e-9a54-4195-83c3-3d1434eff4c0,11/23/2011,12:00,HCOB Manufacturing PMI (Nov) PREL,MEDIUM,EUR,-,-0.59,46.6,-,
0b3714fb-6b0c-4438-b722-96903e139228,11/23/2011,12:00,HCOB Services PMI (Nov) PREL,MEDIUM,EUR,-,1.76,46.1,-,
96bc8bf0-d1b7-4cf8-8991-1fe95cf79c53,11/23/2011,12:00,Labour Force Survey (Q3),LOW,NOK,3.3%,-,-,3.2%,
d2c08671-cc1a-4d72-8c45-e326fb110f1e,11/23/2011,12:30,BBA Mortgage Approvals (Oct),MEDIUM,GBP,35.2K,1.74,32.3K,33.1K,
851da80d-99bb-4810-9ead-71bbd9169a12,11/23/2011,12:30,BoE Minutes,HIGH,GBP,,,,,REPORT
498f62fa-fd9c-443a-8332-ac3868ad7c01,11/23/2011,13:00,Industrial New Orders (YoY) (Sep),MEDIUM,EUR,1.6%,-1.89,6.1%,6.2% ,
e076f40b-48c4-4e42-8861-421f20b60962,11/23/2011,13:00,Industrial New Orders s.a. (MoM) (Sep),LOW,EUR,-7.8%,-3.34,-2.4%,1.9% ,
73389596-9888-4f8c-9fd0-02cb01cf27b4,11/23/2011,14:00,Mid-month Inflation (Oct),LOW,BRL,0.46%,-,-,0.42%,
7bb239ce-a946-4ef0-ba82-90a15a3dbc42,11/23/2011,15:00,CBRT Interest Rate Decision,LOW,TRY,5.75%,-,-,5.75%,
d198d969-9ecd-4b15-9841-218b85ec6763,11/23/2011,15:00,MBA Mortgage Applications,LOW,USD,-1.2%,-,-,-10%,
24cb0b08-001e-483f-9498-eb5d30f078a2,11/23/2011,16:30,Continuing Jobless Claims,LOW,USD,3.705M,3.29,3.615M,3.608M,
9d779a2a-7fe4-43c6-a9b5-d3a68537fda6,11/23/2011,16:30,Core Personal Consumption Expenditures - Price Index (MoM) (Oct),MEDIUM,USD,0.1%,-1.25,0.2%,0.1% ,
04c29e7b-d294-43e6-bd41-6cd8dc4072f6,11/23/2011,16:30,Core Personal Consumption Expenditures - Price Index (YoY) (Oct),MEDIUM,USD,1.7%,0.00,1.7%,1.9% ,
3c8b3bf5-1af6-4b76-bdb0-7e94e81f129c,11/23/2011,16:30,Durable Goods Orders (Oct),MEDIUM,USD,0%,0.90,-1.1%,-5.5% ,
e4dc27b4-e15c-4fa4-b728-15c1f86c500b,11/23/2011,16:30,Durable Goods Orders ex Transportation (Oct),MEDIUM,USD,1.5%,-,-,0.8% ,
7fa7215d-c1b0-47e4-8e12-4c83a9d7b14c,11/23/2011,16:30,Initial Jobless Claims,LOW,USD,396K,1.24,390K,388K,
2cbc9516-bdf4-4968-9af8-4633a07c4aee,11/23/2011,16:30,Personal Consumption Expenditures - Price Index (MoM) (Oct),MEDIUM,USD,-0.1%,-,-,0.1% ,
6988ccc1-be14-4ac3-ab74-c205b33727a1,11/23/2011,16:30,Personal Consumption Expenditures - Price Index (YoY) (Oct),MEDIUM,USD,2.7%,0.00,2.7%,3% ,
c846fd53-8bc7-4ccc-ae06-20c9e692a55d,11/23/2011,16:30,Personal Income (MoM) (Oct),MEDIUM,USD,0.4%,2.50,0.3%,0% ,
cebb4585-6f6f-4750-814a-dfce277aa1d0,11/23/2011,17:00,Retail Sales (MoM) (Sep),LOW,MXN,0.9%,-,-,-0.3%,
7d6e2c99-5321-4942-b9a7-4bfc070d2809,11/23/2011,17:00,Retail Sales (YoY) (Sep),LOW,MXN,4.7%,-,-,2.7%,
33e73660-53cf-4742-a9a4-c9dc9c8b91cf,11/23/2011,17:55,Michigan Consumer Sentiment Index (Nov),MEDIUM,USD,64.1,-0.04,64.2,64.2,
325a8933-1433-436d-834f-2f17521b1b9b,11/23/2011,18:30,EIA Crude Oil Stocks Change,LOW,USD,-6.219M,-,-,-1.06M,
36e2b196-e79a-41d9-a041-19808e571d7e,11/24/2011,00:00,Consumer Sentiment Index (Nov),LOW,KRW,103,-,-,100,
5efc14e9-c7d9-4b96-8845-2d8638d9b79a,11/24/2011,00:45,Trade Balance NZD (MoM) (Oct),MEDIUM,NZD,$-228M,0.95,$-454M,$-788M,
d31d9245-c8f5-45d1-af3e-5b9593d083ec,11/24/2011,02:19,Primary Budget Balance (MoM) (Oct),LOW,ARS,446,-,-,449,
98740397-951c-4ab4-8231-c06e04df68aa,11/24/2011,03:00,Thanksgiving Day,NONE,USD,,,,,ALL DAY
04f369e8-69ab-4116-ae8b-cb1287e27ff4,11/24/2011,10:00,Gross Domestic Product (QoQ) (Q3),MEDIUM,EUR,-0.2%,-2.03,0.5%,0.5%,
aa434bed-edaa-41f9-822c-91531ca849e3,11/24/2011,10:00,Gross Domestic Product (YoY) (Q3),MEDIUM,EUR,1.5%,-2.60,2.5%,2.5%,
b6b91d82-949e-46d2-935f-6dbd81e0bfb8,11/24/2011,10:00,Gross Domestic Product w.d.a (YoY) (Q3),MEDIUM,EUR,2.6%,0.00,2.6%,2.6%,
7f032482-e7ac-4980-b7f5-80442e49b05e,11/24/2011,11:00,Retail Sales (YoY) (Sep),LOW,HUF,0.3%,-,-,0.4%,
96688a43-4a18-42a0-a9b7-786a3ed47248,11/24/2011,11:00,Central Bank Reserves $,NONE,RUB,$515.1B,-,-,$516B,
3d85f691-f0bb-4146-8336-5a5763612376,11/24/2011,11:15,Consumer Confidence (MoM) (Nov),LOW,SEK,-7.4,-,-,-7.5,
23200140-27b6-4ab3-8422-bafe88dd1916,11/24/2011,11:30,Producer Price Index (MoM) (Oct),LOW,SEK,-0.3%,-,-,-0.7%,
6c256f7c-f7bb-4091-8e52-d24055d626db,11/24/2011,11:30,Producer Price Index (YoY) (Oct),LOW,SEK,0.3%,-,-,-0.2%,
39e6a921-758c-4472-afdd-e5953c9c3d35,11/24/2011,12:00,IFO – Business Climate (Nov),MEDIUM,EUR,106.6,0.82,105.5,97.8,
181af7ff-1be7-43bc-8190-228072fb5b6f,11/24/2011,12:00,IFO – Current Assessment (Nov),MEDIUM,EUR,116.7,0.76,115.5,100.1,
ed45e03e-7b14-4061-9afe-3a8fc2a1ffe7,11/24/2011,12:00,IFO – Expectations (Nov),MEDIUM,EUR,97.3,1.14,96,95.7,
8a211e3e-5407-4b5c-adab-42bcd4c3b9c7,11/24/2011,12:00,CBE Interest Rate Decision,NONE,EGP,9.25%,-,-,8.25%,
650534d0-2de7-476b-bae5-0f8d82fcbf06,11/24/2011,12:00,Consumer Confidence (Nov),LOW,EUR,96.1,-,-,90.2,
8bd6c427-9349-460d-a0fa-3b93717e59bf,11/24/2011,12:25,RBA's Governor Stevens speech,MEDIUM,AUD,,,,,SPEECH
80d9059e-cbbd-40f0-ab06-90ababe8f42b,11/24/2011,12:30,Gross Domestic Product (QoQ) (Q3) PREL,MEDIUM,GBP,0.5%,0.00,0.5%,0.5%,
53e10e3b-9c45-4a50-86ce-7b679a938c10,11/24/2011,12:30,Gross Domestic Product (YoY) (Q3) PREL,MEDIUM,GBP,0.5%,-,-,0.5%,
645b7246-1487-4b70-af68-f008a7a61f8c,11/24/2011,12:30,Index of Services (3M/3M) (Sep),LOW,GBP,0.7%,-,-,0.5% ,
59b6eef3-e9ae-475d-83a4-66fdc1cae3f1,11/24/2011,12:30,Total Business Investment (QoQ) (Q3) PREL,LOW,GBP,-1.4%,-,-,11.6%,
025a97a1-f4c8-4ca9-9033-a7a8e49e51c1,11/24/2011,12:30,Total Business Investment (YoY) (Q3) PREL,MEDIUM,GBP,0.3%,-,-,3.8%,
1ace1918-df19-492b-9468-c994a1eb4f7f,11/24/2011,12:30,Producer Price Index (MoM) (Oct),LOW,ZAR,-0.3%,-,-,-3.3%,
10d6ed5a-f251-427e-927e-eae845b49d90,11/24/2011,12:30,Producer Price Index (YoY) (Oct),LOW,ZAR,10.6%,-,-,10.5%,
e66a1b2d-fff1-4c23-8825-b763ec45367e,11/24/2011,14:00,Unemployment Rate (Oct),LOW,BRL,5.8%,-,-,6%,
25708940-1165-4bd5-9201-b2c1ce22d272,11/24/2011,15:00,CBI Industrial Trends Survey – Orders (MoM) (Nov),LOW,GBP,-19%,0.00,-19%,-18%,
4b95b55e-429d-4050-bf4c-be5cf081e621,11/24/2011,15:30,Capacity Utilization (Nov),LOW,TRY,76.9%,-,-,77%,
eb1fd7a0-fe2c-44e0-94c5-4302564a13f5,11/24/2011,15:30,Manufacturing Confidence (Nov),LOW,TRY,102.3,-,-,101.9,
bf7a4c60-8219-46ba-ae2c-b659b4b316b6,11/24/2011,17:00,Leading Indicator (Nov),LOW,EUR,-12.2,-,-,-10.4,
ad99e256-1529-4be0-9caf-8854fa7bc94c,11/24/2011,17:00,1st half-month Core Inflation (Nov),LOW,MXN,0.25%,-,-,0.2%,
9d95b8dc-697e-4d51-a951-d8f390aeecf3,11/24/2011,17:00,1st half-month Inflation (Nov),LOW,MXN,0.97%,-,-,0.61%,
58c869a0-e978-4c6e-8943-3d30afefaf44,11/24/2011,17:00,"Trade Balance s/a, $ (Oct)",LOW,MXN,$-0.451B,-,-,$-1.162B,
01cc5d3b-8c63-45c2-839b-54afa0c0ad50,11/24/2011,17:00,"Trade Balance, $ (Oct)",LOW,MXN,$-0.466B,-,-,$-1.831B,
59a36458-d748-4087-ad6f-94301b464d95,11/25/2011,02:30,National Consumer Price Index (YoY) (Oct),MEDIUM,JPY,-0.2%,0.00,-0.2%,0%,
69955fd0-d340-41b0-842f-a3b2b3704661,11/25/2011,02:30,"National CPI ex Food, Energy (YoY) (Oct)",MEDIUM,JPY,-1%,-0.26,-0.9%,-0.4%,
7284e727-9da3-475b-b857-fc614fd45591,11/25/2011,02:30,National CPI ex Fresh Food (YoY) (Oct),MEDIUM,JPY,-0.1%,0.00,-0.1%,0.2%,
2eda6b85-c7b0-417c-ab5e-190003864465,11/25/2011,02:30,Tokyo Consumer Price Index (YoY) (Nov),LOW,JPY,-0.8%,-7.50,-0.5%,-0.5%,
e2768c91-b83d-4f48-8bf0-f95c26285ea5,11/25/2011,02:30,"Tokyo CPI ex Food, Energy (YoY) (Nov)",LOW,JPY,-1.1%,-0.83,-0.9%,-0.8% ,
213b87d2-9094-4fb3-95ca-d2bdcbd3386f,11/25/2011,02:30,Tokyo CPI ex Fresh Food (YoY) (Nov),LOW,JPY,-0.5%,-2.67,-0.3%,-0.4%,
9453ba94-1345-4d69-be6c-869b18aef442,11/25/2011,02:50,Corporate Service Price Index (YoY) (Oct),LOW,JPY,0.1%,0.63,0%,-0.3% ,
f3dcc0ec-6081-4748-adc6-f27f4c70aa2c,11/25/2011,10:45,Consumer Confidence (Nov),LOW,EUR,80,-,-,86,
4e510533-4002-4b9c-8384-dd5466de160d,11/25/2011,11:00,Foreign Arrivals (Oct),LOW,TRY,7.03%,-,-,12.5%,
b8a3ef35-bcad-465e-a76a-c5bddcf69239,11/25/2011,12:00,Consumer Price Index (MoM) (Nov),LOW,ISK,0%,-,-,0.3%,
1d5d1ca6-2a79-4574-bca0-ac74a40c37c0,11/25/2011,12:00,Retail Sales n.s.a (YoY) (Sep),LOW,EUR,-1.6%,-,-,0.3%,
0fb7b852-e8ae-462b-be23-bedb8914dd78,11/25/2011,12:00,Retail Sales s.a. (MoM) (Sep),LOW,EUR,-0.3%,-,-,0% ,
0fcc7e33-4f02-4c6f-81fd-27e74ac77ce0,11/25/2011,12:00,Retail Sales (YoY) (Oct),LOW,PLN,11.2%,-,-,11.4%,
fd297747-cab0-4a2e-bb21-6feda5fadd53,11/25/2011,12:00,Unemployment (MoM) (Oct),LOW,PLN,11.8%,-,-,11.8%,
67790b3c-09f2-465f-9700-e1240dd06446,11/25/2011,13:30,"FX Reserves, USD",LOW,INR,$308.624B,-,-,$314.66B,
d01de7ff-7568-4443-b9a0-07dd3546914b,11/25/2011,15:30,Nominal Budget Balance (Oct),LOW,BRL,-6.298B,-,-,-9.171B,
6bb05fe5-7261-4c23-b617-b688d672cb00,11/25/2011,15:30,Primary Budget Surplus (Oct),LOW,BRL,13.959B,-,-,8.096B,
130510a6-c66c-4b8e-b2b9-0c4f0f77b2ca,11/25/2011,17:00,Jobless Rate (Oct),LOW,MXN,5%,-,-,5.68%,
388b859d-7701-4d09-963e-69a9455c9866,11/25/2011,17:00,Jobless Rate s.a (Oct),LOW,MXN,4.83%,-,-,5.26% ,
ddf8d04f-e9fd-45fc-953e-c957b2ada76c,11/25/2011,18:00,Accumulated Current Account/GDP (Q3),LOW,MXN,-0.7%,-,-,-0.6%,
b6578667-bf45-4f12-af9a-7dffc414f378,11/25/2011,18:00,"Current Account, $ (QoQ) (Q3)",LOW,MXN,"$-3,757M",-,-,"$-2,598M",
e72de237-7d64-4339-8c1b-07f36d29945a,11/25/2011,22:00,Industrial Output n.s.a (YoY) (Oct),LOW,ARS,4.1%,-,-,5.1%,
11f22f61-8b61-4568-9dee-96b3f36c339c,11/28/2011,03:00,ANZ Business Confidence (Nov),MEDIUM,NZD,18.3,-,-,13.2,
a4d7fef0-44ae-4ca5-ac2d-83f452ffb4f4,11/28/2011,03:01,Hometrack Housing Prices s.a (MoM) (Nov),LOW,GBP,-0.1%,-,-,-2.2% ,
1b669bb2-6960-43cf-91ca-9078fe175c83,11/28/2011,10:00,Consumer Confidence (Nov),LOW,EUR,1.5,-,-,1.3,
44974be1-cc3b-485c-8d62-e4180ba0f9a2,11/28/2011,10:00,Industrial Confidence (Nov),LOW,EUR,-10,-,-,-6,
84eefd18-b53c-4773-881e-c929073668f4,11/28/2011,11:00,Unemployment Rate (3M) (Aug),LOW,HUF,10.8%,-,-,10.7%,
b814349e-dcbb-4788-bba0-d22cc5422b4d,11/28/2011,11:30,Retail Sales (MoM) (Oct),LOW,SEK,0.4%,-,-,-0.2%,
89dd0b94-516f-4ab8-9f4e-2383b0790889,11/28/2011,11:30,Retail Sales (YoY) (Oct),LOW,SEK,-0.5%,-,-,-0.6%,
59e56765-c36e-4e78-b283-3c87f3299a94,11/28/2011,11:30,Trade Balance (MoM) (Oct),LOW,SEK,7.2B,-,-,11.9B,
63b553b3-f4cc-4943-ae55-2ee597b884a8,11/28/2011,12:00,M3 Money Supply (3m) (Oct),LOW,EUR,2.8%,-1.40,3.1%,2.6% ,
ae7c7d57-1f17-4377-a7b8-4dfe8109cf02,11/28/2011,12:00,M3 Money Supply (YoY) (Oct),LOW,EUR,2.6%,-1.81,3.4%,1.7% ,
0dccbd01-7667-472a-9e31-cfac78056eb9,11/28/2011,12:00,Business Confidence (Nov),LOW,EUR,94.4,-,-,94,
daae43a6-39cc-4720-9bf4-4060a44355b7,11/28/2011,13:00,Retail Sales (YoY) (Oct),LOW,EUR,-3.8%,-,-,-3.9% ,
a62c22bb-09e6-43d1-b41f-ec800138b3fc,11/28/2011,14:00,CBI Distributive Trades Survey – Realized (MoM) (Nov),MEDIUM,GBP,-19%,-1.14,-12%,-11%,
8aabe566-b48a-42ff-8044-a92d2951ba4d,11/28/2011,15:00,GfK Consumer Confidence Survey (Dec),MEDIUM,EUR,5.6,1.94,5.2,5.3,
5644ee70-1fc5-45cb-9436-ff5dcba992f7,11/28/2011,16:00,Consumer Price Index (MoM) (Nov) PREL,HIGH,EUR,0%,-0.98,0.1%,0%,
1ac4a966-091d-44d3-9922-9350b1e22a8d,11/28/2011,16:00,Consumer Price Index (YoY) (Nov) PREL,HIGH,EUR,2.5%,1.21,2.4%,2.5%,
f34139ad-94b8-48c3-83b6-bfe836cc676d,11/28/2011,18:00,New Home Sales (MoM) (Oct),MEDIUM,USD,0.311M,-0.12,0.312M,0.304M,
b5a4993d-c916-4956-a13f-c3356403d43b,11/28/2011,18:00,New Home Sales Change (MoM) (Oct),MEDIUM,USD,1.3%,0.72,0%,1.7% ,
28cc75c8-993d-4ba7-944f-573836f00df8,11/29/2011,02:00,Current Account Balance (Oct),LOW,KRW,2.1B,-,-,2.35B,
6839e8f4-811c-4ee6-b636-cd6168b83852,11/29/2011,02:30,Overall Household Spending (YoY) (Oct),MEDIUM,JPY,-0.4%,0.75,-1.4%,-1.9%,
2578b53c-240f-4bdf-b62a-3f7867147eff,11/29/2011,02:30,Unemployment Rate (Oct),MEDIUM,JPY,4.5%,1.43,4.2%,4.2% ,
bd301712-296c-4d62-bcf7-44c72b550431,11/29/2011,02:50,Large Retailer Sales (Oct),MEDIUM,JPY,-1.4%,-0.20,-1.2%,-3.6%,
0ea14d4d-3e61-4a27-befd-0dee3a66a0f3,11/29/2011,02:50,Retail Trade (YoY) (Oct),MEDIUM,JPY,1.9%,0.84,0.8%,-1.5% ,
849b6054-440a-45bf-b63c-e2dbe754bf2c,11/29/2011,02:50,Retail Trade s.a (MoM) (Oct),LOW,JPY,1.4%,0.60,0.6%,-1.5% ,
b4799960-ca2c-4a5b-af0e-eef140278b3b,11/29/2011,03:00,EcoFin Meeting,MEDIUM,EUR,,,,,ALL DAY
2a27cd6a-0ce4-460f-a06a-07144a1685aa,11/29/2011,03:30,Mid-Year Economic and Fiscal Outlook,HIGH,AUD,,,,,REPORT
bc53b676-f520-403b-86d1-21a2cc3d9df2,11/29/2011,09:00,M3 Money Supply (YoY) (Oct),LOW,ZAR,7.26%,-,-,6.8%,
7ae00d97-3856-4df2-a7d4-dd99d459465a,11/29/2011,09:00,Private Sector Credit (Oct),LOW,ZAR,5.52%,-,-,5.47%,
e009de10-9bf6-4645-b44e-21e7d9b73452,11/29/2011,10:00,Nationwide Housing Prices n.s.a (YoY) (Nov),MEDIUM,GBP,1.6%,6.00,1.3%,0.8%,
1f988e26-29df-4515-a147-60e8b3257295,11/29/2011,10:00,Nationwide Housing Prices s.a (MoM) (Nov),LOW,GBP,0.4%,0.93,0%,0% ,
d61e9cbf-dda5-4243-9b4a-34d2206d5405,11/29/2011,11:00,Industrial Outlook (Nov),LOW,DKK,2,-,-,1,
772f2c90-d23c-450d-b381-4e0168180ac8,11/29/2011,11:00,Harmonized Index of Consumer Prices (YoY) (Nov) PREL,LOW,EUR,2.9%,-,-,3%,
c469663b-17cf-40dd-b348-a74f9239095a,11/29/2011,11:00,Retail Sales (YoY) (Oct),LOW,EUR,-7%,-,-,-5.6% ,
db0760cc-8f22-4d48-90c1-5530f8e8dd95,11/29/2011,11:30,Gross Domestic Product (QoQ) (Q3),LOW,SEK,1.6%,-,-,0.9%,
6e5bdb5e-ad65-4dc7-9c99-d0ea186f4d5d,11/29/2011,11:30,Gross Domestic Product (YoY) (Q3),LOW,SEK,4.5%,-,-,4.9%,
1c9b9e45-12a8-40a3-8c42-de0c3bd0d6bc,11/29/2011,12:00,UniCredit Bank Manufacturing PMI (Nov),LOW,EUR,-,-,-,-,
433dd8da-6b4c-4995-a0af-156e82313b0a,11/29/2011,12:00,UBS Consumption Indicator (Oct),MEDIUM,CHF,0.9,-,-,0.84,
af817ab9-313a-463a-989c-914eb66e281e,11/29/2011,12:00,Consumer Price Index (YoY) (Nov),LOW,ISK,5.2%,-,-,5.3%,
03ceab2d-2021-483b-bf33-0e37c7df2f3c,11/29/2011,12:00,Wage Inflation (MoM) (Oct),LOW,EUR,0%,-,-,0% ,
0abf45fd-af86-48a7-9bc4-1166e7296a41,11/29/2011,12:00,Wage Inflation (YoY) (Oct),LOW,EUR,1.7%,-,-,1.7%,
e2ea757a-863f-47c5-99e8-1f8c8777873d,11/29/2011,12:00,Credit Indicator (Oct),LOW,NOK,6.8%,-,-,6.5% ,
8ab5adab-a285-41aa-9e1f-d45a453e7ffa,11/29/2011,12:30,Consumer Credit (Oct),LOW,GBP,£0.1B,-2.98,£0.5B,£-0.233B,
64334da1-f0d0-45bc-a513-9ae9bb6ac1e8,11/29/2011,12:30,M4 Money Supply (MoM) (Oct),LOW,GBP,-0.3%,-0.46,-0.2%,-0.4%,
d02d6934-5850-4645-bdb6-01c1a19ac279,11/29/2011,12:30,M4 Money Supply (YoY) (Oct),LOW,GBP,-2.7%,-,-,-1.6% ,
958d08b3-aad5-41f8-a0c4-2ee7c3efcdce,11/29/2011,12:30,Mortgage Approvals (Oct),LOW,GBP,52.786K,0.61,51.8K,50.922K,
e2308f44-b26b-43ea-ab73-0205326dc55b,11/29/2011,12:30,Net Lending to Individuals (MoM) (Oct),MEDIUM,GBP,£1.2B,0.53,£1B,£0.2B,
585b1aca-cd29-4665-98d4-5de60e52436c,11/29/2011,12:30,Gross Domestic Product (QoQ) (Q3),LOW,ZAR,1.7%,-,-,1.3%,
2cd2330e-1014-49af-8951-afd63eccf755,11/29/2011,12:30,Gross Domestic Product (YoY) (Q3),LOW,ZAR,3%,-,-,3% ,
6bc30574-d057-4456-b774-7ebca5c12b92,11/29/2011,13:00,Consumer Confidence (Nov),MEDIUM,EUR,-20.7,-0.85,-20.4,-20.4,
515348ea-5e25-4365-8024-975511c1eca2,11/29/2011,13:00,Economic Sentiment Indicator (Nov),LOW,EUR,93.5,-0.27,93.9,93.3,
0d50e997-9e5d-4e29-8024-4f0cb048620f,11/29/2011,13:00,Industrial Confidence (Nov),LOW,EUR,-7.2,0.43,-7.6,-5.4,
5c0e8976-2afb-45ba-8f1a-f119693fdba7,11/29/2011,13:00,Producer Price Index (YoY) (Oct),LOW,EUR,8.1%,-,-,8.3%,
a31ed026-7e16-4133-abd4-b1c2cd0de2f5,11/29/2011,13:00,Business Confidence (Nov),LOW,EUR,-3.5,-,-,-2.9,
6b9015f0-00eb-447a-a21f-8cdffbbb64bb,11/29/2011,13:00,Consumer Confidence (Nov),LOW,EUR,-56,-,-,-38,
bffcd595-a728-4d22-ae66-3c14a612faa7,11/29/2011,13:30,Consumer Price Index (MoM) (Nov),LOW,EUR,0.4%,-,-,0.15%,
1b16f44c-4cb0-45e9-9b7b-2d8a8137a18b,11/29/2011,13:30,Consumer Price Index (YoY) (Nov),LOW,EUR,3.85%,-,-,3.57%,
11d1e9d2-3916-4bb6-a5ad-609ab53f48f0,11/29/2011,14:00,Inflation Index/IGP-M (Nov),NONE,BRL,-0.12%,-,-,0.53%,
c4bdcd0b-6588-4ff7-870b-dc394b02d11e,11/29/2011,15:00,Industrial Production (YoY) (Oct),LOW,CLP,-0.8%,-,-,-,
72cfc032-6a78-4bab-82ae-53d6d5ac68e9,11/29/2011,15:30,Autumn Forecast Statement,MEDIUM,GBP,,,,,REPORT
6233fc85-9647-496f-a780-d17928fd9663,11/29/2011,16:30,Current Account (Q3),MEDIUM,CAD,-12.32B,-0.44,-11.3B,-13.72B,
374fb619-80a9-4c82-ab5a-017877d92e90,11/29/2011,17:00,MNB Interest Rate Decision,LOW,HUF,6.5%,-,-,6%,
0a663d4c-face-47cd-a370-0ffa5ee4b1d3,11/29/2011,17:00,S&P/Case-Shiller Home Price Indices (YoY) (Sep),LOW,USD,-3.5%,-2.91,-3%,-3.7% ,
ab3b70ac-7b2b-4770-9021-57273aeb07ef,11/29/2011,18:00,Consumer Confidence (Nov),MEDIUM,USD,55.2,3.50,44,39.8,
a09ffc0e-5394-4b86-9405-d83122e82d23,11/29/2011,18:00,Housing Price Index (MoM) (Sep),MEDIUM,USD,0.4%,0.46,0.1%,-0.3% ,
b75ebcf9-1b0f-4e9c-b0e4-29971ddaff6a,11/30/2011,00:45,Building Permits s.a. (MoM) (Oct),LOW,NZD,10.7%,-,-,-17.1% ,
16e6fe0e-8efb-46b8-be71-848f26f93ef2,11/30/2011,02:00,Industrial Output (YoY) (Aug),LOW,KRW,6.2%,-,-,6.8%,
5cf51616-89bb-4500-b3c3-b9cf63119dc5,11/30/2011,02:00,Industrial Output Growth (Oct),LOW,KRW,-0.7%,-,-,-0.3%,
700cd048-2158-402b-9bf7-451c62f29989,11/30/2011,02:00,Service Sector Output (Oct),LOW,KRW,0.7%,-,-,-0.5%,
7073509f-86dc-43f1-ba02-f673aa8dcd6b,11/30/2011,02:15,Jibun Bank Manufacturing PMI (Nov),MEDIUM,JPY,-,-,-,-,
b9f813f5-daef-4dbe-b544-e293c01cbb76,11/30/2011,02:50,Industrial Production (MoM) (Oct) PREL,LOW,JPY,2.4%,2.01,1.1%,-3.3%,
56bd2aee-5757-4ff5-828f-f5e8a0c84210,11/30/2011,02:50,Industrial Production (YoY) (Oct) PREL,MEDIUM,JPY,0.4%,1.17,-1%,0.4%,
6fcc37bd-3f62-410c-a685-28a2d03b67f2,11/30/2011,03:00,EcoFin Meeting,MEDIUM,EUR,,,,,ALL DAY
3c7299ee-a4ce-480e-8ca9-1a66028b1ca9,11/30/2011,03:01,GfK Consumer Confidence (Nov),MEDIUM,GBP,-31,0.86,-33,-32,
c842d8d9-6ecd-4550-aa20-2bb5315ad05d,11/30/2011,03:27,HIA New Home Sales (MoM) (Oct),MEDIUM,AUD,5.5%,-,-,-3.5%,
da21cb7f-6023-438c-9a08-c9b5ed29be89,11/30/2011,03:30,Private Capital Expenditure (Q3),MEDIUM,AUD,14.6%,3.30,8.2%,5.7% ,
de487400-4726-48cf-8105-3b8e7dde618c,11/30/2011,03:30,Private Sector Credit (MoM) (Oct),MEDIUM,AUD,0.2%,-0.83,0.4%,0.5%,
8cc4e4a0-e57e-47fc-85f3-c1f6c8aba555,11/30/2011,03:30,Private Sector Credit (YoY) (Oct),MEDIUM,AUD,3.5%,-0.30,3.6%,3.7% ,
21dd5da5-ffad-4aac-baad-3d15bdfd03e6,11/30/2011,04:30,Labor Cash Earnings (YoY) (Oct),MEDIUM,JPY,0%,0.21,-0.2%,-0.5% ,
5aca52f3-0a96-4fb1-934d-8882c456541a,11/30/2011,05:00,M3 Money Supply (YoY) (Nov),LOW,NZD,6.5%,-,-,5%,
20f488ad-841c-4b0b-953c-bc5176c2ab1d,11/30/2011,08:00,Construction Orders (YoY) (Oct),LOW,JPY,24.3%,-,-,-9.3%,
f5001dcc-40f5-43d5-832d-1cdf6d366bcd,11/30/2011,08:00,Housing Starts (YoY) (Oct),MEDIUM,JPY,-5.8%,0.02,-6.1%,-10.8%,
0c6e2a92-a641-4dd6-8e2a-60ff7d546bfa,11/30/2011,08:30,Gross Domestic Product Quarterly (YoY) (Q3),LOW,INR,6.9%,-,-,7.7%,
a62bdb5c-850c-432c-93f8-bcc8cdc5be6d,11/30/2011,09:30,Infrastructure Output (YoY) (Oct),LOW,INR,0.1%,-,-,2.3%,
33372929-ed9d-49e9-964f-cd6406d1acca,11/30/2011,10:00,Retail Sales (MoM) (Oct),LOW,EUR,-0.2%,-0.13,0.1%,-0.4% ,
b44bf538-1644-40d3-adbb-bdd774003c4d,11/30/2011,10:00,Retail Sales (YoY) (Oct),LOW,EUR,-0.6%,-0.85,2%,1.2% ,
79811378-1bb5-4e34-b76e-8337162891b2,11/30/2011,10:45,Consumer Spending (MoM) (Oct),LOW,EUR,0.1%,-,-,-0.5% ,
f0704a2b-83e6-4d40-a171-fc828e61c1bb,11/30/2011,10:45,Producer Prices (MoM) (Oct),LOW,EUR,0.5%,-,-,0.2% ,
67b87f51-55c1-45a4-98a6-0000d8bbfd5b,11/30/2011,11:00,Current Account Balance (Sep),LOW,EUR,€-3.61B,-,-,€-1.44B,
fe5613bf-acbb-4ec2-a4c0-bc945c5c424c,11/30/2011,11:00,Producer Price Index (YoY) (Oct),LOW,HUF,7%,-,-,4.1%,
968316d2-9bee-4160-8166-b500104aec84,11/30/2011,11:00,Trade Balance (Oct),LOW,TRY,-7.98B,-,-,-10.41B,
87ff2f10-8da2-49c0-a838-b413b3043ce0,11/30/2011,11:30,Gross Domestic Product (QoQ) (Q3),LOW,DKK,-0.8%,-,-,1%,
27c0f7c9-2a46-45cb-81af-1c40482d2e9d,11/30/2011,11:30,Gross Domestic Product (YoY) (Q3),LOW,DKK,-0.2%,-,-,2%,
1a979f7a-754d-4bec-9cce-175878840250,11/30/2011,11:30,Business Confidence (Nov),LOW,EUR,-4.8,-,-,-3.2,
4bc65610-ff53-4dd9-8e94-ae254de0d24a,11/30/2011,11:30,Current Account (QoQ) (Q3),LOW,SEK,76.1B,-,-,61.3B,
ef9899ce-a3a9-4509-95d4-42a2224ce7c8,11/30/2011,11:55,Unemployment Change (Nov),HIGH,EUR,-23K,-2.30,-6K,-3K,
e35abdde-ca4c-443f-bd62-ab7d5f24aaf4,11/30/2011,11:55,Unemployment Rate s.a. (Nov),MEDIUM,EUR,6.9%,-2.50,7%,6.9% ,
ebafd622-cb6d-41f8-89e3-5ace7e91b489,11/30/2011,12:00,M2 Money Supply (YoY) (Oct),LOW,CZK,4.3%,-,-,4.4% ,
e88dbbdd-8ab8-429e-b998-82ea128c81bf,11/30/2011,12:00,Unemployment (Oct),NONE,EUR,8.5%,-,-,8.3%,
251c1ba9-c63c-4537-b870-b40429376952,11/30/2011,12:00,Retail Sales (Oct),LOW,NOK,0.8%,-,-,-0.7%,
7272c600-1e94-4a9c-8dc0-f3132446a7f3,11/30/2011,12:00,Gross Domestic Product Qtr (YoY) (Q3),LOW,PLN,4.2%,-,-,4.3%,
0931e9ab-59ef-4ecd-a6c7-f8678d8274f5,11/30/2011,12:00,Current Account Balance EUR (Sep),LOW,EUR,€149M,-,-,€-34M,
7f88dc03-740a-47a9-ae30-df416da40da0,11/30/2011,13:00,Unemployment Rate (Oct),MEDIUM,EUR,10.3%,1.58,10.2%,10.5% ,
00a002a7-f769-4f4b-ade3-6cec7e53d0b0,11/30/2011,13:00,Retail Sales (YoY) (Sep),LOW,EUR,-6.5%,-,-,-1.5%,
0b057036-86f2-4520-bf38-e67035648396,11/30/2011,13:00,Harmonized Index of Consumer Prices (YoY) (Nov) PREL,MEDIUM,EUR,3%,-,-,3%,
3a943c54-7ae8-4baa-a8ce-cb69928829bd,11/30/2011,13:30,KOF Leading Indicator (Nov),MEDIUM,CHF,0.34,-2.87,0.63,0.8,
1aee93ca-6859-4387-a944-3d01e2161696,11/30/2011,13:30,"Federal Fiscal Deficit, INR",LOW,INR,"3,070.09B",-,-,"2,924.58B",
bc9d32ea-e04f-4637-888e-04a5d3588bb2,11/30/2011,13:30,M3 Money Supply,LOW,INR,15.2%,-,-,16.1%,
d2504529-73a6-43bc-ae57-d011387bfbe4,11/30/2011,14:00,Producer Price Index (MoM) (Oct),LOW,EUR,-0.1%,-,-,0.2%,
638a1778-c907-4a3c-b789-9a32863bd93c,11/30/2011,14:00,Producer Price Index (YoY) (Oct),LOW,EUR,4.5%,-,-,4.5%,
032c58b6-ae44-4cc5-88cd-b1cf79ada18e,11/30/2011,15:00,Unemployment rate (Aug),LOW,CLP,7.2%,-,-,-,
e6d95d17-5644-47c0-85e5-6b566eda9c31,11/30/2011,15:00,MBA Mortgage Applications,LOW,USD,-11.7%,-,-,-1.2%,
7fa3eb87-bdb9-494f-a581-7d929b25e4ec,11/30/2011,15:00,Trade Balance (in Rands) (Oct),LOW,ZAR,-9.6B,-,-,2.5B,
9650c126-17cb-4560-93e7-d296b2b919c1,11/30/2011,16:15,ADP Employment Change (Nov),MEDIUM,USD,204K,2.37,131K,137K,
d0ca904f-e532-4994-9e5c-82049df849af,11/30/2011,16:30,Gross Domestic Product (MoM) (Sep),MEDIUM,CAD,0.2%,0.00,0.2%,0.5% ,
2064d9fb-c05a-42b5-97ac-e54ef7c330f9,11/30/2011,16:30,Gross Domestic Product Annualized (Q3),MEDIUM,CAD,4.2%,-,-,0.7% ,
5fd0080a-039e-4d1a-87d3-e952df78fcfc,11/30/2011,16:30,Industrial Product Price (MoM) (Oct),LOW,CAD,-0.1%,-0.78,0.3%,0.4% ,
1a287ec8-df1a-48e5-8f2e-03b772623997,11/30/2011,16:30,Raw Material Price Index (Oct),LOW,CAD,-1%,-0.93,1.5%,1% ,
f9893ffe-9586-41b2-a85a-ce8c8ccd3738,11/30/2011,16:30,Nonfarm Productivity (Q3),MEDIUM,USD,1.9%,-,-,3.1%,
531bbcd4-c6fc-4550-8a30-5c874c6dbb01,11/30/2011,16:30,Unit Labor Costs (Q3),LOW,USD,-2.5%,-0.24,-2%,-2.4%,
08e143d0-1f21-464f-99f7-dc946070732e,11/30/2011,17:45,Chicago PMI (Nov),LOW,USD,62.5,1.38,58.6,59.3,
51de356c-87b8-4ee0-b5b3-4b2a2a04e6e0,11/30/2011,18:00,Pending Home Sales (MoM) (Oct),LOW,USD,10.4%,2.24,1.3%,-1.7% ,
2a0aaa6f-38bd-471a-a605-603713beaac1,11/30/2011,18:30,EIA Crude Oil Stocks Change,LOW,USD,3.932M,-,-,-6.219M,
d92e26db-9859-48aa-a772-4b93f48eb746,11/30/2011,22:00,Fed's Beige Book,HIGH,USD,,,,,REPORT
9d8c2e79-8b8f-4926-bd24-edc546757835,11/30/2011,23:00,Interest Rate Decision,LOW,BRL,11%,-,-,11.5%,
307c63cb-4256-4a35-aec3-9be2f0c22e2b,11/30/2011,23:30,"Fiscal Balance, pesos (Oct)",LOW,MXN,-0.9B,-,-,-6.5B,
7f71b137-c941-486a-acd4-4a276567244d,12/01/2011,00:45,Terms of Trade Index (Q3),MEDIUM,NZD,-0.6%,-2.03,3.4%,2.4% ,
a7fec127-de96-4763-ae99-5ed69eb6e177,12/01/2011,01:30,AiG Performance of Mfg Index (Nov),MEDIUM,AUD,47.8,-,-,47.4,
e0d82258-6a03-4fcb-aba5-a36a0b458e22,12/01/2011,02:00,Consumer Price Index Growth (MoM) (Nov),LOW,KRW,0.1%,-,-,-0.2%,
640ba453-c6bc-4c45-8def-1fe722ac83bf,12/01/2011,02:00,Consumer Price Index Growth (YoY) (Nov),LOW,KRW,4.2%,-,-,3.9% ,
cbfe6037-7d0b-437d-8307-5cf423093ac6,12/01/2011,03:00,Import Price Growth (YoY) (Nov),LOW,KRW,11.3%,-,-,15.6%,
79bed60e-7bc3-40cd-be03-67011c68eab9,12/01/2011,03:00,ANZ Commodity Price (Nov),LOW,NZD,-1%,-,-,-2.6% ,
4330a9d9-824c-4135-9899-d6f9fe9a64f7,12/01/2011,03:04,Trade Balance (Nov),LOW,KRW,$3.9B,-,-,$4.1B,
3ba54ec6-442b-4668-8126-6862d70a08e1,12/01/2011,N/A,S&P Global Manufacturing PMI (Nov),LOW,KRW,-,-,-,-,
14a17bdd-76bb-49a0-8971-b90186c216b4,12/01/2011,03:11,Export Price Growth (YoY) (Nov),LOW,KRW,13.8%,-,-,9.2% ,
90261612-8cf9-4fd4-b6bd-9b6fa3ea753e,12/01/2011,03:30,Building Permits (MoM) (Oct),LOW,AUD,-10%,-,-,-17.5% ,
7d06f57d-4272-48b5-9aca-d746b05a148e,12/01/2011,03:30,Building Permits (YoY) (Oct),LOW,AUD,-29.8%,-,-,-12% ,
79d47aab-9f4e-441b-ae83-427909bca737,12/01/2011,03:30,Retail Sales s.a. (MoM) (Oct),MEDIUM,AUD,0.2%,-,-,0.4%,
5273ad42-6a2a-4878-b778-067d14b7b310,12/01/2011,04:00,NBS Manufacturing PMI (Nov),HIGH,CNY,49,-1.16,49.8,50.4,
0558944d-6d30-4b8a-be24-7f49b5654e37,12/01/2011,05:30,RatingDog Manufacturing PMI (Nov),LOW,CNY,-,-,-,-,
f09c4abc-fa72-42d6-9277-f5fdcc26608f,12/01/2011,07:16,Inflation (YoY) (Dec),LOW,IDR,4.15%,-,-,4.42%,
59112780-63cf-464b-ad7b-8bb6d907b277,12/01/2011,07:16,Inflation (MoM) (Nov),LOW,IDR,0.21%,-,-,0.27%,
20adf901-fd7d-440d-868b-67cdc5fb4706,12/01/2011,07:17,Core Inflation (YoY) (Dec),LOW,IDR,4.24%,-,-,4.43%,
f00fe3f8-0152-473b-96b5-d929bf2b887c,12/01/2011,07:18,Exports (Oct),LOW,IDR,16.8%,-,-,17.82% ,
b5d813c8-90e8-49a9-b29b-4d24dfe840ff,12/01/2011,07:19,Trade Balance (Dec),LOW,IDR,$1.15B,-,-,$2.72B,
62612544-473b-4f3d-a12b-ce1e18d977ae,12/01/2011,07:20,Imports (Dec),LOW,IDR,1.15%,-,-,15.1% ,
23322f95-da35-44c0-8da5-6e3a67d2d5b2,12/01/2011,08:00,Vehicle Sales (YoY) (Nov),LOW,JPY,24.1%,-,-,28.3%,
44ac18c3-ed9a-4744-beed-d8f2618b5406,12/01/2011,08:00,S&P Global Manufacturing PMI (Nov),LOW,RUB,-,-,-,-,
42b08ca9-c607-48fb-acfa-09bc0f51c457,12/01/2011,08:30,RBA Commodity Index SDR (YoY) (Nov),LOW,AUD,17.5%,-,-,19.4% ,
cf317947-f26c-4575-b81a-9f45e8a134e3,12/01/2011,09:30,ILO Unemployment (Q3),LOW,EUR,9.7%,-,-,9.1% ,
491bf051-7781-425c-9ab9-87e7b1d5ae57,12/01/2011,09:30,Trade Deficit Government (Oct),LOW,INR,$19.6B,-,-,$9.8B,
e1c8f146-be89-42b3-9456-aff60acd5da4,12/01/2011,09:45,Gross Domestic Product (QoQ) (Q3),MEDIUM,CHF,0.3%,0.63,0.2%,0.6% ,
3b2ddfda-7033-4f10-83c3-20666520abd3,12/01/2011,09:45,Gross Domestic Product (YoY) (Q3),MEDIUM,CHF,1.6%,-0.57,1.8%,2.5% ,
4219cb49-d5c3-4b25-af52-9dc1633bf9fc,12/01/2011,10:13,HCOB Manufacturing PMI (Nov),LOW,EUR,-,-,-,-,
99ae82a2-81ff-4e17-aa6b-70bf28d8e72f,12/01/2011,10:30,Manufacturing PMI (Nov),LOW,SEK,47.6,-,-,49.8,
383b8d50-2070-43ad-bcb2-5adb34613b13,12/01/2011,11:00,Retail Sales (YoY) (Oct),LOW,DKK,-3.6%,-,-,-1.2%,
7da80b7c-50bb-4029-8e1a-d2225f78f533,12/01/2011,11:00,Unemployment Rate (Oct),LOW,DKK,4.2%,-,-,4.2%,
d5fe13da-f6c7-4158-b4ed-182d648e0782,12/01/2011,11:00,HCOB Manufacturing PMI (Nov),LOW,EUR,-,-,-,-,
c5d47825-4ecb-45d5-a8e5-3ec10d8d2c36,12/01/2011,11:00,HALPIM Manufacturing PMI (Nov),LOW,HUF,47.8,-,-,48.2,
261563f9-07b0-4788-8d8c-83afe72b40fd,12/01/2011,11:00,S&P Global Manufacturing PMI (Nov),LOW,PLN,-,-,-,-,
231c9a86-957a-4daf-8966-d9cd6de96480,12/01/2011,11:30,SVME - Purchasing Managers' Index (Nov),MEDIUM,CHF,44.8,-1.04,46.7,48.7,
2117d9cf-1a17-49d0-a36c-a90701490958,12/01/2011,11:30,S&P Global PMI (Nov),LOW,CZK,-,-,-,-,
04661869-b54c-44a9-bdfa-81b5c14bd275,12/01/2011,11:45,HCOB Manufacturing PMI (Nov),LOW,EUR,-,-,-,-,
4e9a6891-dc44-4b83-bba5-d44975b52b75,12/01/2011,11:51,Central Bank Reserves $,LOW,RUB,$510.2B,-,-,$515.1B,
94ca9fb3-5e32-4274-80ad-c47d9d57ab6f,12/01/2011,11:55,HCOB Manufacturing PMI (Nov),MEDIUM,EUR,-,0.00,47.9,-,
eac94729-c48f-4f30-82a8-c5a62c0d4be1,12/01/2011,12:00,HCOB Manufacturing PMI (Nov),MEDIUM,EUR,-,0.00,46.4,-,
c46436ee-8be9-4794-ab9e-eacd5cf935b9,12/01/2011,12:00,S&P Global Manufacturing PMI (Nov),LOW,EUR,-,-,-,-,
8102fe7f-ae70-49db-8610-82c414a3d878,12/01/2011,12:00,Purchasing Manager Index (Nov),LOW,ZAR,51.6,-,-,50.5,
dc5b1d90-4d42-46c8-b90a-40c6dbb4d482,12/01/2011,12:30,S&P Global Manufacturing PMI (Nov),MEDIUM,GBP,-,0.35,47.2,47.4,
9e47a053-dfcd-464e-88a4-331d88029c01,12/01/2011,12:30,Reuters Econometer (Nov),LOW,ZAR,271.25,-,-,271.51,
45cb344b-c8b0-4ec8-8828-e820f9406cb8,12/01/2011,13:30,Financial Stability Report,MEDIUM,GBP,,,,,REPORT
b5b82bb4-b59c-4e17-af6d-3fde6abda438,12/01/2011,14:00,Unemployment (Nov),LOW,EUR,253.4K,-,-,235K,
165e5521-1164-47da-aff7-7f1249cdb4a8,12/01/2011,14:00,Unemployment Rate (Nov),LOW,EUR,6.9%,-,-,6.4%,
9bf6151f-7460-4b7e-be9c-a473381470b3,12/01/2011,15:30,Trade Balance (Nov),LOW,BRL,0.583B,-,-,2.137B,
d28d4c7d-9ea1-45fe-816d-231330284776,12/01/2011,16:00,Budget Balance (Nov),LOW,CZK,-125.93B,-,-,-91.48B,
6e109193-9b21-4430-8530-38431e209821,12/01/2011,16:30,Continuing Jobless Claims,LOW,USD,3.757M,2.56,3.65M,3.705M,
db6177eb-e95f-4ce4-9b58-b3cc894fee36,12/01/2011,16:30,Initial Jobless Claims,LOW,USD,404K,2.60,390K,393K,
537a6cdc-6157-4e4b-b305-016271e1679b,12/01/2011,18:00,Construction Spending (MoM) (Oct),MEDIUM,USD,-0.2%,-0.49,0.4%,0.2%,
5c57e475-8585-4637-b40c-a5d8af74f5d1,12/01/2011,18:00,ISM Manufacturing PMI (Nov),MEDIUM,USD,52.2,0.21,51.6,51.4,
ac1fd9da-7e87-4dff-ba76-9545e26ca439,12/01/2011,18:00,ISM Manufacturing Prices Paid (Nov),MEDIUM,USD,45,-0.04,45.2,41.4,
ecc93e01-4974-4cc0-b17f-a7e35ec08bcc,12/01/2011,23:40,Tax Revenue (MoM) (Nov),LOW,ARS,47.28B,-,-,47.56B,
a348a8cf-abe4-4bac-aec2-617164d41f56,12/02/2011,01:00,Total Vehicle Sales (Dec),LOW,USD,13.63M,0.55,13.4M,13.26M,
a7176dcf-fed2-419c-a556-bbe1f10fb610,12/02/2011,02:50,Capital Spending (Q3),MEDIUM,JPY,-9.8%,-1.54,-3.4%,-7.8%,
42f60175-694e-4d98-a0b0-3099d985a111,12/02/2011,02:50,Monetary Base (YoY) (Nov),LOW,JPY,19.5%,1.12,17.7%,17%,
c5365f30-9b97-42d1-9b6b-615233f8b073,12/02/2011,10:00,Unemployment Change (Nov),LOW,EUR,59.5K,-,-,134.2K,
00450fa8-b2ab-469c-9290-10c6f3b9f255,12/02/2011,11:00,Trade Balance (Sep),LOW,HUF,€740.6M,-,-,€741.5M,
9c6cce51-b084-4f04-9c6f-893421020e5f,12/02/2011,11:00,Registered Unemployment n.s.a (Nov),LOW,NOK,2.4%,-,-,2.4%,
36ac6a02-3a82-465f-b15e-e30c5d3dc3dd,12/02/2011,11:00,Registered Unemployment s.a (Nov),LOW,NOK,84.303K,-,-,85.235K,
0d358a38-3846-48d2-af1f-f9d5ac55fee8,12/02/2011,11:15,Real Retail Sales (YoY) (Oct),MEDIUM,CHF,0.1%,-0.23,1.2%,-1.5% ,
88dc88d2-5cb4-485d-a445-71bb380977cc,12/02/2011,12:00,Total New Vehicle Sales (Nov),NONE,ZAR,"49,499",-,-,"52,338",
53601cc1-4b89-457d-9750-c90289afdc82,12/02/2011,12:30,S&P Global Construction PMI (Nov),MEDIUM,GBP,-,0.05,52.2,-,
a2dfd07d-48e5-474c-b329-6fb6f0989f39,12/02/2011,13:00,Fipe's IPC Inflation (Nov),LOW,BRL,0.6%,-,-,0.39%,
523ec56a-f547-455b-b093-602de273b124,12/02/2011,13:00,Producer Price Index (MoM) (Nov),MEDIUM,EUR,0.1%,-1.34,0.2%,0.2% ,
600db100-e3a9-4a05-a194-921bfbb281c9,12/02/2011,13:00,Producer Price Index (YoY) (Nov),HIGH,EUR,5.5%,-1.58,5.6%,5.6% ,
ee30b056-ed0e-4f5f-abe3-3d1357362177,12/02/2011,13:30,Bank Loan Growth,LOW,INR,17.7%,-,-,18.4%,
d24c1bbf-0ea0-4acb-bdf0-8c5ba0c37b78,12/02/2011,13:30,"FX Reserves, USD",LOW,INR,$304.365B,-,-,$308.624B,
3cc6d5f3-748e-4c2b-adb2-86c5efce4feb,12/02/2011,14:00,Industrial Output (MoM) (Oct),LOW,BRL,-0.6%,-,-,-2%,
dd81881f-1057-4063-8eed-4af6e40b6bec,12/02/2011,14:00,Industrial Output (YoY) (Oct),LOW,BRL,-2.2%,-,-,-1.6%,
fa59178b-7283-41f2-a520-519a7e2ce958,12/02/2011,15:00,Net Change in Employment (Nov),HIGH,CAD,-18.6K,-0.90,17.2K,-31.8K,
62312955-5eee-4d40-97bc-1fb0056a9691,12/02/2011,15:00,Unemployment Rate (Nov),HIGH,CAD,7.4%,0.67,7.3%,7.4% ,
369e4055-47a8-49c1-b3ff-851beee625c1,12/02/2011,16:30,Average Hourly Earnings (MoM) (Nov),MEDIUM,USD,0%,-0.81,0.2%,0.3%,
cbb8af2a-cad5-404b-b8c5-f4021ff84a26,12/02/2011,16:30,Average Hourly Earnings (YoY) (Nov),MEDIUM,USD,1.8%,-2.67,2%,2% ,
02eb0fc0-cca7-410e-b1ee-6cee2f0fb4e9,12/02/2011,16:30,Average Weekly Hours (Nov),LOW,USD,34.3,0.00,34.3,34.4,
76583e57-91da-468f-93b1-bea35850c122,12/02/2011,16:30,Nonfarm Payrolls (Nov),HIGH,USD,100K,-0.32,119K,212K,
25acb873-2e07-43c9-9d02-95a811985272,12/02/2011,16:30,Unemployment Rate (Nov),HIGH,USD,8.7%,-2.74,9%,8.8% ,
c7883703-37a3-4808-8ad5-1c126169c41c,12/02/2011,18:00,Currency Reserves (Nov),LOW,DKK,467.7B,-,-,489.9B,
6a73d55e-88eb-45e5-9736-4f341259c132,12/02/2011,18:00,Banxico Interest Rate Decision,LOW,MXN,4.5%,-,-,4.5%,
6497abbe-a43d-47f4-b8a5-0ee1cd2d3569,12/03/2011,00:00,FX Reserves (Nov),LOW,KRW,308.63B,-,-,-,
b093572f-0daa-4293-807a-706b2fb52923,12/05/2011,01:30,AiG Performance of Services Index (Nov),MEDIUM,AUD,47.7,-,-,48.8,
1ca35b62-6dba-4d92-9622-8b577b6a29b2,12/05/2011,02:30,TD-MI Inflation Gauge (MoM) (Nov),LOW,AUD,-0.1%,-,-,-0.1% ,
a82a9f21-e715-47b7-9d93-0830c5fda576,12/05/2011,02:30,TD-MI Inflation Gauge (YoY) (Nov),MEDIUM,AUD,2.1%,-,-,2.8% ,
93aec31a-02c7-4a42-a8d9-4432528556a2,12/05/2011,03:30,ANZ Job Advertisements (Nov),LOW,AUD,0.1%,-,-,-0.7% ,
1a356d31-b0d7-4eca-b8e6-2392fb9c5778,12/05/2011,03:30,Company Gross Operating Profits (QoQ) (Q3),LOW,AUD,4.7%,0.23,3.2%,7.6% ,
479acba5-66ef-4179-9410-ba80329d047e,12/05/2011,10:00,Gross Domestic Product (QoQ) (Q3),LOW,EUR,1.1%,-,-,0.8% ,
b258e2b9-6197-452b-a9fd-84fcd58c1219,12/05/2011,10:00,Gross Domestic Product Qtr Prelim (YoY) (Q3),LOW,EUR,3.3%,-,-,5.5% ,
fec00ddc-d055-41eb-b602-6813aa9b1805,12/05/2011,11:00,Industrial Output Cal Adjusted (YoY) (Oct),LOW,EUR,-4.2%,-,-,-1.8% ,
67cd6cb0-590c-4f1f-a934-c18ccebf1bff,12/05/2011,11:00,Consumer Price Index (MoM) (Nov),LOW,TRY,1.73%,-,-,3.27%,
c90f8dcf-288b-48ab-8619-8e78d2807207,12/05/2011,11:00,Consumer Price Index (YoY) (Nov),LOW,TRY,9.48%,-,-,7.66%,
4b7a48bc-a4db-4fe2-af69-8f8380fc8f93,12/05/2011,11:00,Producer Price Index (MoM) (Nov),LOW,TRY,0.65%,-,-,1.6%,
6026a075-19f1-4101-81bc-05129e7bdf0e,12/05/2011,11:00,Producer Price Index (YoY) (Nov),LOW,TRY,13.67%,-,-,12.58%,
85a9fa9b-a404-433e-9fcb-f7ee41faa0d5,12/05/2011,11:13,HCOB Services PMI (Nov),LOW,EUR,-,-,-,-,
0db3462d-cc4d-4102-bd4b-82abf2dad476,12/05/2011,11:43,HCOB Services PMI (Nov),LOW,EUR,-,0.00,44.1,-,
9347caad-bac8-47e8-9c07-1740388b8a77,12/05/2011,11:50,HCOB Services PMI (Nov),LOW,EUR,-,0.00,49.3,-,
0e219107-f46c-4cc3-841f-f3babfca170d,12/05/2011,11:53,HCOB Services PMI (Nov),MEDIUM,EUR,-,-0.81,51.4,-,
9ce7ed3a-9ac6-420c-abd6-44194204ebf5,12/05/2011,12:00,HCOB Services PMI (Nov),MEDIUM,EUR,-,-0.21,47.8,-,
7c53ef8d-7279-489e-9c83-a1c6c7e78dbe,12/05/2011,12:30,Sentix Investor Confidence (Dec),MEDIUM,EUR,-24,-0.34,-21.4,-21.2,
55714825-af5a-4a4b-aed9-9038cf681171,12/05/2011,12:30,S&P Global Services PMI (Nov),MEDIUM,GBP,-,0.71,50.7,-,
afc2308f-3216-4ddf-b353-7e55e1794c23,12/05/2011,13:00,Retail Sales (MoM) (Oct),MEDIUM,EUR,0.1%,-0.31,0.2%,-0.2% ,
4ea1ecf7-08ce-46c6-a1c4-141658f6560e,12/05/2011,13:00,Retail Sales (YoY) (Oct),MEDIUM,EUR,-0.7%,0.10,-0.8%,-1.2% ,
ab4f0219-e373-4c64-89cc-a11ab49970ab,12/05/2011,14:30,IMACEC (Oct),LOW,CLP,3.4%,-,-,-,
95bd9080-bfa2-4dfb-96fa-2d8a6a426a5c,12/05/2011,16:52,Consumer Price Index (MoM) (Nov),LOW,RUB,0.4%,-,-,0.5%,
2c6ac97b-33ad-4c11-9fbc-dde61c029bcc,12/05/2011,17:00,Consumer Confidence (Nov),LOW,MXN,89.5,-,-,90.6,
91173e90-9aa5-40b7-b0fa-9a048e3fc4b7,12/05/2011,17:00,Consumer Confidence s.a (Nov),LOW,MXN,91.7,-,-,92.6,
8a68a6bb-55da-46f6-adf2-a80437d2df96,12/05/2011,18:00,Factory Orders (MoM) (Oct),MEDIUM,USD,-0.2%,0.00,-0.2%,-2.4% ,
4a634662-bb6b-4ae5-8e25-1cbdb4dc8987,12/05/2011,18:00,ISM Services PMI (Nov),MEDIUM,USD,52,-1.40,53.6,52.8,
3e671d16-b155-4120-af32-59ce2830cb92,12/06/2011,02:00,Gross Domestic Product Growth (QoQ) (Q3),LOW,KRW,0.8%,-,-,0.7%,
585bc47b-a061-4853-bbbd-165c7dbeabce,12/06/2011,02:00,Gross Domestic Product Growth (YoY) (Q3),LOW,KRW,3.5%,-,-,3.4%,
48ca6c74-14a1-4cc3-80bb-99066d520314,12/06/2011,03:01,BRC Like-For-Like Retail Sales (YoY) (Nov),LOW,GBP,-1.6%,-,-,-0.6%,
58b8bd8a-974f-4112-84dd-22fe9703187c,12/06/2011,03:30,Current Account Balance (Q3),MEDIUM,AUD,-5.82B,-0.27,-5.5B,-11.1B,
dc237095-c95e-4c65-b3c9-363612879545,12/06/2011,06:30,RBA Interest Rate Decision,HIGH,AUD,4.25%,0.00,4.25%,4.5%,
0b227e51-f29f-45b5-88bf-3b3a20be74ac,12/06/2011,06:30,RBA Rate Statement,MEDIUM,AUD,,,,,REPORT
62477766-45e7-424e-87e7-7684f36a0c87,12/06/2011,11:00,Retail Sales (YoY) (Oct),LOW,CZK,1.5%,-,-,-0.5% ,
0e75269d-6cd0-4ee3-a5eb-be33f2186255,12/06/2011,11:00,Gross Domestic Product Qtr Final (YoY) (Q3),LOW,EUR,3%,-,-,3.3%,
39f4004c-bd1a-494e-b511-d0355762ca99,12/06/2011,11:00,Halifax House Prices (MoM) (Nov),MEDIUM,GBP,-1%,-,-,-0.5% ,
f246e843-300b-4795-9ea8-21ad90a515e4,12/06/2011,11:00,Halifax House Prices (YoY/3m) (Nov),MEDIUM,GBP,-1%,-,-,-1.8%,
7dfd3d2c-c0c4-4265-b20e-8a107fc2b439,12/06/2011,11:15,Consumer Price Index (MoM) (Nov),MEDIUM,CHF,-0.2%,-0.97,0%,-0.1%,
67c7e82e-ed9a-4410-8a20-636c6f705181,12/06/2011,11:15,Consumer Price Index (YoY) (Nov),MEDIUM,CHF,-0.5%,-0.97,-0.3%,-0.1%,
9a12d63b-2072-4149-83ed-db3524574b69,12/06/2011,13:00,Gross Domestic Product s.a. (QoQ) (Q3) PREL,MEDIUM,EUR,0.2%,0.00,0.2%,0.2%,
d767d4b7-df91-4845-990f-40d51414553c,12/06/2011,13:00,Gross Domestic Product s.a. (YoY) (Q3) PREL,HIGH,EUR,1.4%,0.00,1.4%,1.4%,
0920f90e-88ea-4b5c-9b55-abd1a39a85c0,12/06/2011,13:30,30-y Bond Auction,LOW,GBP,3.29%,-,-,4.18%,
2803484d-ef70-4959-81d2-8bd3d6bf7a8a,12/06/2011,14:00,Gross Domestic Product (QoQ) (Q3),LOW,BRL,0%,-,-,0.8%,
839e4d02-58ab-425b-9583-d04b0e036931,12/06/2011,14:00,Gross Domestic Product (YoY) (Q3),LOW,BRL,2.1%,-,-,3.1%,
56797168-18b0-403a-b3ae-35edf5d468f5,12/06/2011,14:00,Factory Orders n.s.a. (YoY) (Oct),MEDIUM,EUR,5.2%,0.48,1.9%,2.4%,
c8d7f534-26a6-488a-964b-e2553a0a7a6a,12/06/2011,14:00,Factory Orders s.a. (MoM) (Oct),MEDIUM,EUR,5%,1.69,0.8%,-3.7% ,
c5c97ae4-cad0-45e9-8064-a0389cdc94dc,12/06/2011,15:00,Consumer Confidence (Nov),LOW,EUR,60.1,-,-,63.7,
7e706624-a609-4c51-a552-531467b60224,12/06/2011,16:30,Building Permits (MoM) (Oct),LOW,CAD,11.6%,1.07,1.6%,-5.8% ,
a4ba91b0-f467-4fc9-bbd0-929268219b0e,12/06/2011,17:00,BoC Interest Rate Decision,HIGH,CAD,1%,0.00,1%,1%,
b39cc2d7-21fb-4145-8a99-b7d04ce5a0c4,12/06/2011,17:00,Ivey Purchasing Managers Index s.a (Nov),LOW,CAD,59.9,-,-,54.4,
6dca48e2-4e0a-4dd2-a5ee-15c860547c39,12/06/2011,18:00,Ivey Purchasing Managers Index (Nov),MEDIUM,CAD,57.1,0.21,55,55.6,
9c9cbcc3-285d-443b-9eb2-030f4f88afe8,12/07/2011,01:30,AiG Performance of Construction Index (Nov),MEDIUM,AUD,39.6,-,-,34.7,
25b82777-fadd-4fc2-8c47-8d12e9e7778c,12/07/2011,02:00,Trade Balance (Sep),LOW,EUR,€-591.1M,-,-,"€-1,095.6M",
c148fcdc-61bd-4f97-b955-0fa2ea712e79,12/07/2011,03:01,BRC Shop Price Index (YoY) (Nov),LOW,GBP,2%,-,-,2.1%,
ad2047f1-7dc8-4ade-a6d5-fa88c0b72413,12/07/2011,03:30,Gross Domestic Product (QoQ) (Q3),MEDIUM,AUD,0.8%,-0.52,1%,1.2% ,
62232a30-e09a-4b45-a450-bff2c2243d65,12/07/2011,03:30,Gross Domestic Product (YoY) (Q3),MEDIUM,AUD,2.5%,0.26,2.3%,2.5% ,
47cad626-6a23-4e3b-b2ce-4b87ddbddf6d,12/07/2011,06:00,Money Supply Growth (Oct),LOW,KRW,8.9%,-,-,8.9%,
95e11dde-7680-4bbd-88b6-6ed37df73088,12/07/2011,08:00,Coincident Index (Oct) PREL,LOW,JPY,90.3,0.00,90.3,90.1,
00329600-11e4-400e-a2b0-490f0ef20c8b,12/07/2011,08:00,Leading Economic Index (Oct) PREL,MEDIUM,JPY,91.5,0.00,91.5,92.3,
980a251e-1a7b-400a-b401-a9d448e9322d,12/07/2011,09:00,Gross $Gold & Forex Reserve (Nov),LOW,ZAR,$49.65B,-,-,$50.345B,
0de709c3-5f80-4fd5-bf66-69db3dd22b6d,12/07/2011,09:45,Unemployment Rate s.a (MoM) (Nov),MEDIUM,CHF,3.1%,0.00,3.1%,2.9%,
4c324330-4b9c-4eb7-80f0-d36392bd1786,12/07/2011,10:00,Net $Gold & Forex Reserve,NONE,ZAR,$48.633B,-,-,$49.221B,
a273fbbb-9147-4b25-b74f-0ee4b4212d13,12/07/2011,10:45,"Exports, EUR (Oct)",LOW,EUR,€36.2B,-,-,€35.663B,
59cc9941-b59b-44a4-8ef8-73178384e187,12/07/2011,10:45,"Imports, EUR (Oct)",LOW,EUR,€41.8B,-,-,€41.966B,
52d9315e-1ee1-4f95-a301-05f7f7561dae,12/07/2011,10:45,Trade Balance EUR (Oct),LOW,EUR,€-5.6B,0.00,€-6B,€-6.3B,
7771df35-1afc-4546-ba23-4a1ac33cdf25,12/07/2011,11:00,Construction output (YoY) (Oct),LOW,CZK,-8%,-,-,-6.7% ,
02e7fb92-564c-4f23-8bcb-9bee45deb8db,12/07/2011,11:00,Foreign Trade Balance (MoM) (Oct),LOW,CZK,25.96B,-,-,20.97B,
bdad2db2-9cb5-460e-aed9-4284df2d1cb6,12/07/2011,11:00,Industrial Production (YoY) (Oct),LOW,CZK,1.7%,-,-,2.5% ,
dbf45e01-bf70-4edd-a124-03eff02f05c8,12/07/2011,11:00,Industrial Production (MoM) (Oct),LOW,DKK,-0.3%,-,-,1%,
d797277e-a626-491d-b2bd-841f97c550a4,12/07/2011,11:00,Industrial Output (YoY) (Oct) PREL,LOW,HUF,3%,-,-,3%,
ab4df791-c940-4bd3-ae3b-52b53136b9e0,12/07/2011,11:00,CBI Interest Rate Decision,LOW,ISK,4.75%,-,-,4.75%,
53cfd96b-ce27-4e1d-9615-8d52cc1c083b,12/07/2011,11:00,Gross Domestic Product (QoQ) (Q3),LOW,ISK,4.7%,-,-,-2.8% ,
e39c6a65-d274-4d84-a952-943b30a019a6,12/07/2011,11:30,Wholesale Prices n.s.a (MoM) (Nov),LOW,EUR,0.4%,-,-,-0.5%,
ca98b384-47cb-4a6e-8fc5-d3cd69b46fd3,12/07/2011,11:30,Wholesale Prices n.s.a (YoY) (Nov),LOW,EUR,5.5%,-,-,6.2%,
5beb6b85-5be8-43d5-806f-74b2af83b21c,12/07/2011,12:00,FX Reserves (Nov),LOW,CZK,€30.74B,-,-,€29.89B,
dac3c987-9628-4f8d-a051-51382ffd5114,12/07/2011,12:00,Gross Domestic Product (YoY) (Q3),LOW,ISK,3.8%,-,-,2.1%,
1064a9ab-300c-4af2-aba6-c88b13b6138d,12/07/2011,12:00,Industrial Output s.a. (MoM) (Oct),LOW,EUR,-0.9%,-,-,-4.8% ,
818a94da-5861-4df2-993f-de2c0ab2aeb4,12/07/2011,12:00,Industrial Output w.d.a (YoY) (Oct),LOW,EUR,-4.1%,-2.00,-2.7%,-2.7%,
25dd9d76-ddec-4b5f-8481-bc26f4152109,12/07/2011,12:00,Current Account (Q3),LOW,NOK,118B,-,-,73B,
c82e5e82-54b3-4833-907b-fa66c3460a44,12/07/2011,12:00,Manufacturing Output (Oct),LOW,NOK,-0.8%,-,-,0.8%,
62078ff0-e09d-41a3-b273-c07e9d33b234,12/07/2011,12:30,Industrial Production (MoM) (Oct),MEDIUM,GBP,-1%,-2.11,-0.3%,0.2% ,
148e00ac-2a0d-4ed7-b564-81202ea890a8,12/07/2011,12:30,Industrial Production (YoY) (Oct),MEDIUM,GBP,-2.1%,-4.18,-0.7%,-5.5% ,
9c79d82e-bb1b-4045-9b1d-6ddf6763b04d,12/07/2011,12:30,Manufacturing Production (MoM) (Oct),LOW,GBP,-0.9%,-1.21,-0.3%,-0.4% ,
16d92f45-3667-4d13-b331-e9f5b9e0ab8c,12/07/2011,12:30,Manufacturing Production (YoY) (Oct),MEDIUM,GBP,0.1%,-0.86,1.4%,-1.4% ,
a1b67413-8f2a-4f55-b943-7adf3368f0fe,12/07/2011,13:00,NBP Base rate,LOW,PLN,4.5%,-,-,4.5%,
e4b559f8-5920-46b2-8c85-c0771f5d163b,12/07/2011,14:00,Consumer Price Index (Inflation) (MoM) (Nov) PREL,NONE,CLP,0.3%,-,-,0.5%,
59eb9a46-3320-4e87-8ab3-601efd04e3d0,12/07/2011,14:00,Core Consumer Price Index (Inflation) (MoM) (Nov),NONE,CLP,0.2%,-,-,0.3%,
d4e2946c-4556-4e74-aa6c-bc344bffdef0,12/07/2011,14:00,Industrial Production n.s.a. w.d.a. (YoY) (Oct),MEDIUM,EUR,4.2%,0.39,3.5%,5.4%,
7fd1d20b-52c4-44cf-b3a2-ca9eca6de900,12/07/2011,14:00,Industrial Production s.a. (MoM) (Oct),LOW,EUR,0.8%,0.27,0.3%,-1.5% ,
b10f9c4c-b760-4afc-b685-8c7741bc7462,12/07/2011,14:00,Retail Sales (YoY) (Oct),LOW,ZAR,5.7%,-,-,8.3%,
9904a9ec-7dcd-4eb8-8bc7-5ae96465c5ab,12/07/2011,14:30,Trade Balance (Nov),LOW,CLP,$657M,-,-,$836.65M,
05f572d5-8a61-4f5d-9e74-afd19bef2991,12/07/2011,15:00,MBA Mortgage Applications,LOW,USD,12.8%,-,-,-11.7%,
3eaa9deb-4c8e-4dfb-81b1-b6d92412fd9d,12/07/2011,16:00,Central Bank FX Reserves (Nov),LOW,PLN,€74.3B,-,-,€73.3B,
234c08db-fe08-4bb2-a483-f84684b33d78,12/07/2011,17:00,Gross Domestic Product (QoQ) (Q3),LOW,EUR,-0.1%,-,-,0%,
64f7d627-9aa2-4717-bc9c-b85a75d29105,12/07/2011,18:00,Budget Balance (Nov),LOW,HUF,79.9B,-,-,242.7B,
6cd3832d-ced6-4e7c-9a94-89eb45529a02,12/07/2011,18:00,NIESR GDP Estimate (3M) (Nov),MEDIUM,GBP,0.3%,-,-,0.5% ,
d3abcc67-bc3f-4a2e-a5e0-fd8fed295a1d,12/07/2011,18:30,EIA Crude Oil Stocks Change,LOW,USD,1.336M,-,-,3.932M,
a75d1623-666c-4ac9-b58a-11bc3ecf9ff0,12/07/2011,23:00,RBNZ Interest Rate Decision,HIGH,NZD,2.5%,0.00,2.5%,2.5%,
5b7a6f46-27f6-4f0a-ad36-58541b8604e4,12/07/2011,23:00,RBNZ Monetary Policy Statement,HIGH,NZD,,,,,REPORT
6c5c1b47-8359-469f-8b01-15d8a8c37465,12/07/2011,23:00,Consumer Credit Change (Oct),MEDIUM,USD,$6.02B,-0.11,$7B,$10.95B,
d0b6b20c-043a-424c-8388-0c06cd22cbf4,12/08/2011,00:45,Manufacturing Sales (Q3),LOW,NZD,0.2%,-,-,0.5% ,
e6c9e441-8c23-4fed-b8c7-3602de1de1ed,12/08/2011,02:50,Current Account n.s.a. (Oct),LOW,JPY,¥562.4B,2.58,¥0.54B,"¥1,614.5B",
ccf3c50e-e460-400f-8bb9-1fc311508e0a,12/08/2011,02:50,Machinery Orders (MoM) (Oct),LOW,JPY,-6.9%,-1.84,0.8%,-1% ,
52fd30dd-61f0-4b4a-a9ca-c51d045d408b,12/08/2011,02:50,Trade Balance - BOP Basis (Oct),MEDIUM,JPY,¥-206.1B,-,-,¥498.6B,
7eb56a02-cfe6-4fe9-95c7-e006486fa3e6,12/08/2011,03:00,Central Bank Reserves $,LOW,RUB,$514.1B,-,-,$510.2B,
89dd570e-83de-44d9-b7bd-e3b09e57f1c8,12/08/2011,03:30,Employment Change s.a. (Nov),HIGH,AUD,-7.5K,-1.58,10.6K,2K,
910365c1-bb91-4ab8-83eb-54c28498b881,12/08/2011,03:30,Unemployment Rate s.a. (Nov),HIGH,AUD,5.2%,0.00,5.2%,5.2%,
2d53e0c5-81be-472a-a8c3-21aa85e339e2,12/08/2011,04:00,BoK Interest Rate Decision,LOW,KRW,3.25%,-,-,3.25%,
3bb7f339-36b9-4f8c-933c-1aa0cd45ae9f,12/08/2011,08:00,Eco Watchers Survey: Current (Nov),MEDIUM,JPY,45,-0.39,46.5,49.8,
a9219216-ec2f-455c-a916-6510f3e35f09,12/08/2011,08:00,Eco Watchers Survey: Outlook (Nov),MEDIUM,JPY,44.7,-,-,49.2,
05fecfad-aaeb-4b3f-965c-7c0b5cc8fdc2,12/08/2011,09:30,Nonfarm Payrolls (QoQ) (Q3),LOW,EUR,0%,-,-,0%,
a0260bdf-1fbc-4e93-b88e-faefe7cd67d1,12/08/2011,10:00,Trade Balance (Oct),LOW,EUR,€-0.61B,-,-,€-0.09B,
af311a1b-9d0c-47d6-8ea5-d3885f218a51,12/08/2011,10:20,RBA's Governor Stevens speech,MEDIUM,AUD,,,,,SPEECH
80a08ae8-5052-46af-88dc-2b46120fc6f5,12/08/2011,11:00,Unemployment Rate (Nov),LOW,CZK,8%,-,-,7.9%,
7ea76be3-fc2e-4f7a-a116-59cdcdf2b41b,12/08/2011,11:00,Industrial Output (YoY) (Oct),LOW,EUR,7.7%,-,-,7.4%,
b61bcdbc-0fd0-4182-9e32-8c2a5b6bfc06,12/08/2011,11:00,Industrial Production (YoY) (Oct),LOW,TRY,7.3%,-,-,12%,
f47bb01a-123a-47ed-9b6c-ec2386f77a30,12/08/2011,11:30,Consumer Price Index n.s.a (YoY) (Nov),LOW,EUR,2.6%,-,-,2.6%,
9b4d98a3-a912-4c74-94d5-1335c949cb64,12/08/2011,12:00,Trade Balance (Nov),LOW,ISK,7.6B,-,-,8.1B,
db991d63-126b-4c1b-b7d5-7222c4183c4e,12/08/2011,13:00,Consumer Price Index - Harmonized (YoY) (Nov),LOW,EUR,2.8%,-,-,2.9%,
c750a80b-e786-4c89-9f04-6fc89310632a,12/08/2011,13:00,Consumer Price Index (YoY) (Nov),LOW,EUR,2.9%,-,-,3%,
bb7dbf9a-446e-41fa-88bb-66662cb00475,12/08/2011,13:00,Industrial Production (YoY) (Oct),LOW,EUR,-12.3%,-,-,-1.7%,
0c2b76b4-b4b2-494a-afe9-5babc541ad82,12/08/2011,13:00,Unemployment Rate (MoM) (Sep),LOW,EUR,17.5%,-,-,18.4%,
a520a144-6664-406d-9e2b-1f73ef2c9148,12/08/2011,14:00,IPCA Inflation (Nov),LOW,BRL,0.52%,-,-,0.43%,
3dea13fe-084e-4b09-9d79-64c22672e54e,12/08/2011,14:00,Consumer Price Index (MoM) (Nov),LOW,EUR,0%,-,-,0.3%,
862b1b80-96ee-4350-bf50-97d6cf6ae5d9,12/08/2011,14:00,Consumer Price Index (YoY) (Nov),LOW,EUR,2.9%,-,-,2.8%,
af3e2001-2e0e-4f3e-bd05-b434a5e327bf,12/08/2011,14:00,HICP (MoM) (Nov),LOW,EUR,0%,-,-,0.3%,
cbf52aec-0c15-46c4-932e-c930ec193db9,12/08/2011,14:00,HICP (YoY) (Nov),LOW,EUR,1.7%,-,-,1.5%,
b3324b27-338b-41ff-a322-0bceac517ca9,12/08/2011,14:00,Manufacturing Production Index (YoY),LOW,ZAR,1.2%,-,-,7.7%,
1c71368c-475e-494c-a42b-a684d886eb72,12/08/2011,15:00,BoE Asset Purchase Facility (Dec),HIGH,GBP,£275B,0.00,£275B,£275B,
746962d4-55c4-4e7d-a58d-dc025bb16d9c,12/08/2011,15:00,BoE Interest Rate Decision,HIGH,GBP,0.5%,0.00,0.5%,0.5%,
9fc7d75a-377a-493e-a0dd-888dc1f3b8f8,12/08/2011,15:45,ECB Main Refinancing Operations Rate,HIGH,EUR,1%,-2.50,1.25%,1.25%,
cff4ca47-22dd-49f4-93e2-fef002b61fd8,12/08/2011,16:15,Housing Starts s.a (YoY) (Nov),MEDIUM,CAD,185.6K,-1.75,203K,212.6K,
50ba88c6-629f-4350-beb6-7a7a31ce851c,12/08/2011,16:30,New Housing Price Index (MoM) (Oct),LOW,CAD,0.2%,-2.00,0.5%,0.2%,
b26a9398-5078-4341-8117-bd3748cbe0d7,12/08/2011,16:30,ECB Press Conference,HIGH,EUR,,,,,"IN PROGRESS , Average: 4.2"
d08791cb-e2a8-48c0-b7e6-b92a030211e3,12/08/2011,16:30,Continuing Jobless Claims,LOW,USD,3.599M,-1.88,3.7M,3.757M,
030e88a7-8469-4b46-8a04-9cba2d6d895e,12/08/2011,16:30,Initial Jobless Claims,LOW,USD,385K,-1.43,397K,404K,
95c516e0-54ba-4cfb-b400-78eeb20f9f4a,12/08/2011,17:00,12-Month Inflation (Nov),LOW,MXN,3.48%,-,-,3.2%,
cde183b0-ef7b-434c-a381-ec0cd054c6d2,12/08/2011,17:00,Core Inflation (Nov),LOW,MXN,0.32%,-,-,0.26%,
6132e944-0c57-4966-9789-475b02f532ed,12/08/2011,17:00,Headline Inflation (Nov),LOW,MXN,1.08%,-,-,0.68%,
9120dc54-ca45-46fd-a7f1-ddb612d553ec,12/08/2011,18:00,Treasury Cash Balance (Nov),LOW,TRY,-4.49B,-,-,-1.72B,
e081f3bc-e54b-4732-8f0a-ef442d0d0ccc,12/08/2011,18:00,Wholesale Inventories (Oct),LOW,USD,1.2%,1.43,0.4%,-0.1% ,
1cf0ce56-2f71-4554-b7b3-b924b4bef70d,12/08/2011,19:00,Federal Reserve releases Quarterly Flow of Funds Accounts,MEDIUM,USD,-,-,-,-,
083b93d5-b08b-42a3-9832-f8662c69333c,12/09/2011,00:00,Producer Price Index Growth (MoM) (Nov),LOW,KRW,-0.2%,-,-,0%,
5196fa43-9f3b-4e7d-aefc-071e209fb40f,12/09/2011,00:00,Producer Price Index Growth (YoY) (Nov),LOW,KRW,5.1%,-,-,5.6%,
e48f3818-e656-401f-a84a-f97e86bce559,12/09/2011,02:50,Bank Lending (YoY) (Nov),LOW,JPY,0.2%,-,-,0%,
be629f29-6a78-4591-9438-969d0c34fccb,12/09/2011,02:50,Gross Domestic Product (QoQ) (Q3),MEDIUM,JPY,-0.6%,-2.33,1.3%,1.5%,
d1a0bf15-035f-4893-8a63-787e56e9f640,12/09/2011,02:50,Gross Domestic Product Annualized (Q3),MEDIUM,JPY,-2.3%,-5.91,5.1%,6%,
d2f3a624-8e4f-4bd6-972e-d464e1214841,12/09/2011,02:50,Gross Domestic Product Deflator (YoY) (Q2),LOW,JPY,-1.6%,2.26,-1.9%,-1.6% ,
5f0c8c44-a6e2-466f-86e1-cc3a36752637,12/09/2011,02:50,Money Supply M2+CD (YoY) (Nov),LOW,JPY,3%,2.57,2.7%,2.8%,
7a35e10f-1163-4577-8edb-b66145366bee,12/09/2011,03:00,EU Extraordinary Economic Summit,HIGH,EUR,,,,,ALL DAY
833b7a7c-bbab-4975-83c2-33c9c0851cbc,12/09/2011,04:30,Consumer Price Index (YoY) (Nov),HIGH,CNY,4.2%,-2.95,4.6%,5.5%,
648f3157-b1e2-40af-aa27-6ede0b588d70,12/09/2011,04:30,Producer Price Index (YoY) (Nov),HIGH,CNY,2.7%,-1.78,3.3%,5%,
5a4c2fea-dc7b-4cc1-8814-cc98700e0291,12/09/2011,05:00,Fixed Asset Investment (YTD) (YoY) (Nov),LOW,CNY,24.5%,-,-,24.9%,
38f7e105-1132-443c-a54a-b90f94d3bfab,12/09/2011,05:00,Industrial Production (YoY) (Nov),LOW,CNY,12.4%,-,-,13.2%,
8bfdadaa-9d8a-468c-8f0f-a61f7de7dfe0,12/09/2011,05:00,Retail Sales (YoY) (Nov),MEDIUM,CNY,17.3%,-,-,17.2%,
4ce60676-9911-4248-86ea-65a4f86e3dcd,12/09/2011,10:00,Consumer Price Index (MoM) (Nov),MEDIUM,EUR,0%,0.00,0%,0%,
8fe1c106-cb19-4a85-a9e7-0a98922ba394,12/09/2011,10:00,Consumer Price Index (YoY) (Nov),MEDIUM,EUR,2.4%,0.00,2.4%,2.5%,
e9dbdf33-ae06-4b96-8414-b3a6e9800576,12/09/2011,10:00,Current Account n.s.a. (Oct),LOW,EUR,€10B,-1.81,€14B,€19.3B,
6f8cbb19-dc18-48bb-87ed-edc1f9acc5c1,12/09/2011,10:00,Trade Balance s.a. (Oct),MEDIUM,EUR,€12.5B,-1.23,€15B,€14.6B,
cbdccd31-fd87-45b2-89b2-21f08dad7fa7,12/09/2011,10:00,Industrial Output (MoM) (Oct),LOW,EUR,-1.2%,-,-,-0.4% ,
073069c6-1cc8-4daf-93fa-344a5a3752fd,12/09/2011,10:45,Budget Balance (Oct),LOW,EUR,€-99.4B,-,-,€-92.7B,
9d69d4b2-9560-4e28-9336-e144a21edea2,12/09/2011,10:45,Industrial Output (MoM) (Oct),LOW,EUR,0.1%,-,-0.2%,-0.7% ,
afa968b2-c15d-4c1a-a41b-87bb3ae53e98,12/09/2011,11:00,Gross Domestic Product (QoQ) (Q1),LOW,EUR,0.2%,-,-,0.3%,
2fcda413-776e-43fd-91ad-7c990a6eb9ba,12/09/2011,11:00,Consumer Price Index (MoM) (Nov),LOW,CZK,0.4%,-,-,0.3%,
eeccc90f-02f8-43e5-970b-3c72e6adfea3,12/09/2011,11:00,Consumer Price Index (YoY) (Nov),LOW,CZK,2.5%,-,-,2.3%,
d15f2361-3617-410f-94f6-c2c721a4ec55,12/09/2011,11:00,Gross Domestic Product (YoY) (Q1),LOW,CZK,1.2%,-,-,1.5%,
6e9f8cc3-5fea-448a-96a3-c03036b048be,12/09/2011,11:00,Current Account (Oct),LOW,DKK,8.7B,-,-,10.5B,
0f66b8a1-4832-4c11-8cfa-aaf65eb3df3f,12/09/2011,11:00,Trade Balance (Oct),LOW,DKK,6.9B,-,-,5.5B,
27563caa-ed5b-40ae-ab3b-30282229c0b0,12/09/2011,11:00,Gross Domestic Product (YoY) (Q3),LOW,HUF,1.4%,-,-,1.4%,
a2d146ce-d019-4cb2-b8f8-bad42dd3313b,12/09/2011,11:00,Foreign Trade Balance (Oct),LOW,EUR,€588.8M,-,-,€396.6M,
5a36bf07-21ef-4e8b-aab0-2c393a99e97c,12/09/2011,11:30,Manufacturing Output (MoM) (Oct),LOW,EUR,0%,0.00,-0.2%,-0.2% ,
2f755585-518a-4171-835e-0eb3f5d66b8c,12/09/2011,11:30,Industrial Production Value (MoM) (Oct),LOW,SEK,0.4%,-,-,1.3%,
2c204d64-593c-4e60-89b6-5e506ade4a68,12/09/2011,11:30,Industrial Production Value (YoY) (Oct),LOW,SEK,4.7%,-,-,4.8%,
7083a09e-23b6-4b1c-aa86-3bbb0872306f,12/09/2011,11:30,New Orders Manufacturing (YoY) (Oct),LOW,SEK,-5%,-,-,1.7%,
bb002022-b06e-4588-9101-3dd7278177ee,12/09/2011,12:00,Consumer Price Index (MoM) (Nov),LOW,NOK,0%,-,-,-0.1%,
cda7b1f1-2acf-4492-a735-47b73e1ba920,12/09/2011,12:00,Consumer Price Index (YoY) (Nov),LOW,NOK,1.2%,-,-,1.4%,
39c9dd2d-5a3a-4a28-829a-8b403605a272,12/09/2011,12:00,Core Inflation (MoM) (Nov),LOW,NOK,-0.2%,-,-,0%,
546799cf-395d-4b03-8797-61c975c2dbf2,12/09/2011,12:00,Core Inflation (YoY) (Nov),LOW,NOK,1%,-,-,1.2%,
5214c8f6-5bbd-425d-90e7-b2327da8b34d,12/09/2011,12:00,Producer Price Index (YoY) (Nov),LOW,NOK,12.9%,-,-,15.3%,
8d9d7b69-7d06-4dd6-8a09-81d92f600357,12/09/2011,12:30,Goods Trade Balance (Oct),LOW,GBP,£-7.868B,1.71,£-9.5B,£-10.375B,
d302a5c0-0fb2-480f-b8ec-bcf33f15ec9d,12/09/2011,12:30,Producer Price Index - Input (MoM) n.s.a (Nov),LOW,GBP,0.3%,0.86,-0.1%,-0.7% ,
9f416c5a-c842-4d6b-934a-800f73d57d75,12/09/2011,12:30,Producer Price Index - Input (YoY) n.s.a (Nov),MEDIUM,GBP,13.6%,0.11,12.9%,14.3% ,
57cb0b0b-9d7c-421d-a14e-a88a283458b9,12/09/2011,12:30,Producer Price Index - Output (MoM) n.s.a (Nov),LOW,GBP,0.2%,1.96,0%,0%,
814fd41d-2a8f-4f2f-90cc-fb7391c893f6,12/09/2011,12:30,Producer Price Index - Output (YoY) n.s.a (Nov),MEDIUM,GBP,5.4%,0.67,5.3%,5.7%,
a1185803-1aaa-4847-866b-e905c12475aa,12/09/2011,12:30,Trade Balance; non-EU (Oct),LOW,GBP,£-4.556B,2.02,£-5.4B,£-5.88B,
9418b33b-26aa-410a-9282-14babcbc95c8,12/09/2011,13:30,"FX Reserves, USD",LOW,INR,$306.844B,-,-,$304.365B,
26229460-daa0-4b12-a722-4b369447d7fa,12/09/2011,14:00,Global Trade Balance (Aug),LOW,EUR,€-3.558B,-,-,€-3.756B,
a2128802-79be-4234-992b-19df5775bfc7,12/09/2011,14:00,Gross Domestic Product (QoQ) (Q3),LOW,EUR,-0.6%,-,-,0%,
e3799272-5ca4-4d9b-b73b-edc05b7be4e8,12/09/2011,14:00,Gross Domestic Product (YoY) (Q3),LOW,EUR,-1.7%,-,-,-1.7%,
c76bd078-862a-4fae-93fa-95871dc9e571,12/09/2011,16:30,International Merchandise Trade (Oct),LOW,CAD,$-0.487B,-1.90,$0.8B,$1.09B,
8b18fd1f-4b22-4402-8f8e-2430f295d62a,12/09/2011,16:30,Labor Productivity (QoQ) (Q3),LOW,CAD,0.6%,1.48,-0.2%,0.1% ,
c241417c-393d-49e2-8f66-d01ea99089a0,12/09/2011,16:30,Goods and Services Trade Balance (Oct),MEDIUM,USD,$-43.27B,0.05,$-43.5B,$-43.5B,
d0cd0348-383a-4925-b0dd-579113985bc1,12/09/2011,17:55,Michigan Consumer Sentiment Index (Dec) PREL,MEDIUM,USD,67.7,0.88,65.6,64.1,
8efc7013-fd7b-4a37-9f99-22bf86b9c2db,12/10/2011,00:00,REINZ House Price Index (MoM) (Nov),LOW,NZD,1.1%,-,-,-0.3%,
1696f2fe-5a1c-45d9-a663-93ef502037ab,12/10/2011,02:50,BSI Large Manufacturing Conditions Index (QoQ) (Q4),LOW,JPY,-6.1,-,-,10.3,
8656cffd-0df6-4bbd-9282-cfbe6fb003f1,12/10/2011,08:30,Trade Balance USD (Nov),NONE,CNY,$14.5B,-,-,$17.13B,
dd44cb02-6691-439a-aaef-85be73f9ac91,12/12/2011,02:50,Producer Price Index (MoM) (Nov),LOW,JPY,0.1%,0.15,-0.1%,-0.8%,
c8f31cba-1a1d-4acb-a3cc-0f24f56b9a68,12/12/2011,02:50,Producer Price Index (YoY) (Nov),LOW,JPY,1.6%,0.28,1.5%,1.3% ,
72364797-0f36-43c0-b493-18e36b71a9ed,12/12/2011,03:30,Home Loans (Q4),MEDIUM,AUD,0.8%,1.08,0%,-2.7% ,
13f545d1-eb53-4e95-80de-8405610446b6,12/12/2011,03:30,Investment Lending for Homes (Q4),LOW,AUD,-5.5%,-,-,0.2% ,
04045f36-dec1-4566-b282-0ac142101e41,12/12/2011,03:30,Trade Balance (MoM) (Oct),MEDIUM,AUD,1.42M,-0.00,2M,"1,007M",
b9bdb0d3-02bf-446b-a89a-ad8a38ea0600,12/12/2011,08:00,Consumer Confidence Index (Nov),MEDIUM,JPY,38.1,-0.11,38.3,38.7,
6740274f-4f36-4c93-9329-7d4fe312c581,12/12/2011,08:30,Cumulative Industrial Output (Oct),LOW,INR,3.5%,-,-,5%,
18638793-cacd-426f-80dd-0216cc67ba84,12/12/2011,08:30,Industrial Output (Oct),LOW,INR,-5.1%,-,-,2.5% ,
2bfc8061-c5b2-4173-8ea9-b251d59ead07,12/12/2011,08:30,Manufacturing Output (Oct),LOW,INR,-6%,-,-,2.1%,
92ca32d5-5418-44a9-a7c4-7d43d0cc0a2d,12/12/2011,09:00,Machine Tool Orders (YoY) (Nov),MEDIUM,JPY,15.9%,-,-,26% ,
7e1f201e-72e2-4db3-894f-9557ff44a7ae,12/12/2011,10:00,Wholesale Price Index (MoM) (Nov),LOW,EUR,0.7%,0.13,0.6%,-0.8% ,
6b25634a-a8d3-41eb-ac71-bbf3e0c3a5b7,12/12/2011,10:00,Wholesale Price Index (YoY) (Nov),LOW,EUR,4.9%,-,-,4% ,
b2cd15e9-2461-4433-8d6f-bb6b4b6db838,12/12/2011,10:15,Employment Level (QoQ) (Q3),MEDIUM,CHF,4.047M,-,-,4.62M,
b1bdf4c1-c74c-4a37-a547-8b3fd286b4da,12/12/2011,10:45,Current Account (Oct),LOW,EUR,€-4.2B,-,-,€-4B,
ef641c22-ddc2-4608-8189-5e02255d3815,12/12/2011,11:00,Consumer Price Index (YoY) (Nov),LOW,DKK,2.6%,-,-,2.5%,
6592c278-2861-44f0-9a95-9ba6f0849c55,12/12/2011,11:00,Inflation (HICP) (YoY) (Nov),LOW,DKK,2.5%,-,-,2.4%,
43bfd364-a75f-4224-9726-99f8e22f7720,12/12/2011,11:00,Consumer Price Index (Nov),LOW,RON,3.4%,-,-,3.5%,
4c7af8ec-ae14-4a70-aaf6-0bb8ac42fdef,12/12/2011,11:00,Trade Balance (Oct),LOW,RON,€-0.74B,-,-,€-0.741B,
fdc3b526-b310-47f2-b1d7-9eecae14e2ac,12/12/2011,11:00,Current Account Balance (Oct),LOW,TRY,$-4.15B,-,-,$-6.76B,
3490fa4e-58de-4d12-885d-2837024264c8,12/12/2011,11:00,Quarterly Gross Domestic Product (Q3),LOW,TRY,8.2%,-,-,11.5% ,
b18c3647-1eaa-412a-af70-a7e29ed47546,12/12/2011,11:30,Retail Sales ex-Fuel (MoM) (Nov),NONE,GBP,-0.8%,-,-,0.9% ,
ff2a3c31-48ab-449f-ae62-691cfb727c28,12/12/2011,17:00,Industrial Output (MoM) (Oct),LOW,MXN,-0.5%,-,-,1.7%,
956350e1-c39b-4bbf-88ac-d136f6f612a4,12/12/2011,17:00,Industrial Output (YoY) (Oct),LOW,MXN,3.3%,-,-,3.6%,
0594fa74-21b7-43dc-89a2-40f8519cefb4,12/12/2011,22:00,Monthly Budget Statement (Nov),MEDIUM,USD,$-137.3B,1.57,$-150B,$-98.47B,
8e9c796b-eb0f-45d8-814e-760ee345e168,12/13/2011,00:00,Export Price Growth (YoY) (Nov),LOW,KRW,5.4%,-,-,13.8%,
8466cf5d-b3ff-41b9-8998-f025f52f448b,12/13/2011,00:45,Food Price Index (MoM) (Nov),LOW,NZD,0.2%,-,-,-1.3%,
328806d8-5e51-4a7c-ace0-e616bcdddb16,12/13/2011,02:50,Tertiary Industry Index (MoM) (Oct),MEDIUM,JPY,0.7%,0.44,0.5%,-0.7%,
1a92acf3-653b-4e85-87d6-1615cf89c8ad,12/13/2011,03:01,RICS Housing Price Balance (Nov),MEDIUM,GBP,-17%,5.16,-25%,-23% ,
8bf1a9de-5579-4418-b76f-4f44b69f216e,12/13/2011,03:30,Dwelling Unit Starts (QoQ) (Q3),MEDIUM,AUD,-5.8%,-,-,-4.7%,
53bc223c-960f-42b0-83e0-994433871b2f,12/13/2011,03:30,National Australia Bank's Business Conditions (Nov),LOW,AUD,1,-,-,0,
8fcf7d74-09bd-4788-800d-45211b3a19ad,12/13/2011,03:30,National Australia Bank's Business Confidence (Nov),MEDIUM,AUD,2,-,-,3,
eb505114-3809-4162-a301-01f611bb4ebc,12/13/2011,08:00,BoJ Monthly Economic Survey,LOW,JPY,,,,,REPORT
ddc80fb1-3248-4169-b208-f04abd34f80b,12/13/2011,09:30,Consumer Price Index (EU norm) (MoM) (Nov),LOW,EUR,0.3%,1.22,0.1%,0.3%,
0ab95481-85ee-4255-a855-a016226d37b8,12/13/2011,09:30,Consumer Price Index (EU norm) (YoY) (Nov),LOW,EUR,2.7%,2.45,2.5%,2.5%,
064ff267-36e3-4924-88a6-fc99a06e1325,12/13/2011,09:30,Inflation ex-tobacco (MoM) (Nov),LOW,EUR,0.2%,-,-,0.2%,
7b65ad0a-4883-49ab-848c-938faa880c42,12/13/2011,09:45,SECO Economic Forecasts,MEDIUM,CHF,,,,,REPORT
c19c914b-edf7-403a-9dca-0bc8e4541cf9,12/13/2011,11:00,Consumer Price Index (YoY) (Nov),LOW,HUF,4.3%,-,-,3.9%,
2f57d30f-6cd9-46c8-87d3-2677d36facbb,12/13/2011,11:00,Core Consumer Price Index (YoY) (Nov),LOW,HUF,3.1%,-,-,3%,
2595755c-2ddc-4cab-b0e5-c3f6a1645409,12/13/2011,11:00,Core Inflation (MoM) (Nov),LOW,EUR,0.2%,-,-,0.2%,
74fe9167-fd9f-408e-aa47-ae901bcade63,12/13/2011,11:00,Core Inflation (YoY) (Nov),LOW,EUR,2.5%,-,-,2.7%,
5e20f90b-ace0-4917-a797-4b8422cb093e,12/13/2011,11:00,Headline Inflation (MoM) (Nov),LOW,EUR,0.5%,-,-,0.2%,
562cf3ef-2c3f-4916-883f-ec2988897472,12/13/2011,11:00,Headline Inflation (YoY) (Nov),LOW,EUR,4.6%,-,-,4.4%,
5ea22fed-27c7-4c8a-b29d-104cb49620b9,12/13/2011,11:30,Consumer Price Index (MoM) (Nov),LOW,SEK,0.2%,-,-,0%,
94d1f2ff-062a-45cc-8d23-46241c7f4502,12/13/2011,11:30,Consumer Price Index (YoY) (Nov),LOW,SEK,2.8%,-,-,2.9%,
a16acf06-60d3-4117-ae4b-f5a7e1ed2a36,12/13/2011,12:00,Current Account (MoM) (Oct),LOW,CZK,1.31B,-,-,5.17B,
2f8b62f4-0c3b-4175-bc49-bf8caa23a453,12/13/2011,12:02,Foreign Trade (Oct),LOW,RUB,$16.6B,-,-,$16.252B,
1a0ccbfe-cafa-4838-9f54-e04b97f952b9,12/13/2011,12:03,Budget Fulfilment (Nov),LOW,RUB,2.8%,-,-,3.2%,
74ac0196-eb87-4b88-857c-2aac54d8d949,12/13/2011,12:30,Consumer Price Index (MoM) (Nov),MEDIUM,GBP,0.2%,0.00,0.2%,0.1%,
76c6c161-f265-4009-82e7-8812eebae9c7,12/13/2011,12:30,Consumer Price Index (YoY) (Nov),HIGH,GBP,4.8%,0.00,4.8%,5%,
b3589660-ca62-4f19-856d-5a78bf5935d6,12/13/2011,12:30,Core Consumer Price Index (YoY) (Nov),HIGH,GBP,3.2%,-0.34,3.3%,3.4%,
09e8e394-a4ff-42d1-9bc6-4cedf9c5fd69,12/13/2011,12:30,DCLG House Price Index (YoY) (Oct),LOW,GBP,-0.4%,0.44,-0.9%,-1.4%,
482862fb-1f89-41b8-8210-c79258e8aaf2,12/13/2011,12:30,Retail Price Index (MoM) (Nov),LOW,GBP,0.2%,0.00,0.2%,0%,
89a740e4-7e4b-49f3-bbb0-85917c98ef4e,12/13/2011,12:30,Retail Price Index (YoY) (Nov),LOW,GBP,5.2%,0.00,5.2%,5.4%,
3db8ca30-053d-42b4-922c-63f89a05f36f,12/13/2011,13:00,ZEW Survey – Current Situation (Dec),MEDIUM,EUR,26.8,-0.30,31,34.2,
102f1340-8429-43ed-aedb-c2fb7ba98f18,12/13/2011,13:00,ZEW Survey – Economic Sentiment (Dec),HIGH,EUR,-53.8,0.27,-55,-55.2,
eb7ecb42-4586-44f5-862e-76384e3f45c7,12/13/2011,13:00,ZEW Survey – Economic Sentiment (Dec),MEDIUM,EUR,-54.1,0.50,-60.3,-59.1,
f19ed627-9194-4316-9d36-3d6a0acba9f2,12/13/2011,14:00,Retail Sales (MoM) (Oct),LOW,BRL,0%,-,-,0.6%,
bafa0d79-b35b-46e0-a677-d8861d28cdd1,12/13/2011,16:00,Consumer Price Index (MoM) (Nov),LOW,PLN,0.7%,-,-,0.7%,
e459e6ff-c5b8-413f-b526-057b3a4ffa6d,12/13/2011,16:00,Consumer Price Index (YoY) (Nov),LOW,PLN,4.8%,-,-,4.3%,
2f4c6667-a09e-46a2-b880-0052991fcf85,12/13/2011,16:00,Current Account (Oct),LOW,PLN,"€-1,546M",-,-,"€-1,901M",
beb8d7ef-679d-48af-a45c-4b448c96218d,12/13/2011,16:30,Retail Sales (MoM) (Nov),MEDIUM,USD,0.4%,-0.86,0.6%,0.7% ,
3a34f6e6-f448-461f-b827-359073371407,12/13/2011,16:30,Retail Sales ex Autos (MoM) (Nov),MEDIUM,USD,0.3%,-1.67,0.5%,0.5% ,
04cc6657-2148-4ada-913a-ae4e881b6bfd,12/13/2011,18:00,Business Inventories (Oct),LOW,USD,0.8%,2.16,0.4%,-0.3% ,
683fccd8-5784-41a2-a4e8-ba2138a9e9b8,12/13/2011,18:00,RealClearMarkets/TIPP Economic Optimism (MoM) (Dec),LOW,USD,42.8,0.09,42.5,40.6,
7747d850-47ba-46e5-aef8-9fc46a1b38c4,12/13/2011,22:15,Fed Interest Rate Decision,HIGH,USD,0.25%,0.00,0.25%,0.25%,
bec8e855-5ab2-4f40-a228-3e00125263f3,12/14/2011,00:00,BCCH Interest Rate,NONE,CLP,5.25%,-,-,5.25%,
44fea89b-95c9-4a09-8bd1-24d4aacd075a,12/14/2011,02:00,Unemployment Rate (Nov),LOW,KRW,3.1%,-,-,3.1%,
8de00939-dc55-463f-a389-1d0eea19d8a8,12/14/2011,02:30,Westpac Consumer Confidence (Dec),MEDIUM,AUD,-8.3%,-,-,6.3%,
09e03cb3-a258-4abb-9cdc-f0b9560b4ebd,12/14/2011,07:30,Capacity Utilization (Oct),LOW,JPY,4.1%,-,-,-1.7% ,
47e3cc50-4911-451b-bb70-af7ca210047e,12/14/2011,07:30,Industrial Production (MoM) (Oct),LOW,JPY,2.2%,-0.19,2.4%,2.4%,
8db14e49-2abe-42ee-a3ca-c1a2517fe78d,12/14/2011,07:30,Industrial Production (YoY) (Oct),MEDIUM,JPY,0.1%,-,-,0.4%,
5bc90731-3218-4349-826f-2b2ec77e7da3,12/14/2011,09:30,WPI Inflation (Oct),LOW,INR,9.11%,-,-,9.73%,
e6d0be4d-d447-41b5-86a3-51736e4b84c4,12/14/2011,10:00,M2 Money Supply (YoY) (Nov),LOW,CNY,12.7%,-0.22,12.8%,12.9%,
9622d302-23f8-4dd9-bd23-46175e8f5203,12/14/2011,10:00,Consumer Price Index (YoY) (Dec),LOW,EUR,3.4%,-,-,3.5%,
6e5e99e4-ce8a-48f4-ba0f-ab2f2e5f2bbe,12/14/2011,11:00,Consumer Price Index (MoM) (Nov),LOW,EUR,0.4%,-,-,0.8%,
05c1f35f-e540-4136-83eb-272d84f849ae,12/14/2011,11:00,Consumer Price Index (YoY) (Nov),LOW,EUR,2.9%,-,-,3%,
5e443e4e-b96b-40a8-bc42-42da0bd326bc,12/14/2011,11:00,Harmonized Index of Consumer Prices (MoM) (Nov),LOW,EUR,0.2%,-,-,0.4%,
fc318cef-7d14-4304-a897-bbe5db219d48,12/14/2011,11:00,Harmonized Index of Consumer Prices (YoY) (Nov),LOW,EUR,2.9%,-,-,2.9%,
23d54c3d-38d5-4900-bded-57e4c93438e9,12/14/2011,11:00,Consumer Price Index (MoM) (Nov),LOW,ZAR,0.3%,-,-,0.5%,
7de389dd-3ccd-473c-b227-c0c06f324ba3,12/14/2011,11:00,Consumer Price Index (YoY) (Nov),LOW,ZAR,6.1%,-,-,6%,
a9a36375-4ba6-496d-bbbf-69af95569285,12/14/2011,11:15,Producer and Import Prices (MoM) (Nov),LOW,CHF,-0.8%,-1.43,-0.3%,-0.2%,
60818786-0527-4697-9507-0261443ebdaa,12/14/2011,11:15,Producer and Import Prices (YoY) (Nov),MEDIUM,CHF,-2.4%,-1.30,-1.9%,-1.8%,
a0082fb4-9ccc-4ce9-bd62-f471b543a921,12/14/2011,12:00,Consumer Price Index (MoM) (Nov),LOW,EUR,0.1%,-,-,1.1%,
eab4d6c5-2868-4d6d-b87e-b8c768edbce5,12/14/2011,12:00,Consumer Price Index (YoY) (Nov),LOW,EUR,4%,-,-,4.2%,
c7434852-401e-4fed-a966-d7d664bf9017,12/14/2011,12:30,Average Earnings Excluding Bonus (3Mo/Yr) (Oct),MEDIUM,GBP,1.8%,1.34,1.7%,1.6% ,
8b8d0ec1-4ef4-4c94-845a-fee5ab889bd5,12/14/2011,12:30,Average Earnings Including Bonus (3Mo/Yr) (Oct),LOW,GBP,2.1%,0.47,2%,2.2% ,
6675ef78-6d78-497f-bfd3-044759067a91,12/14/2011,12:30,Claimant Count Change (Nov),MEDIUM,GBP,0.2K,-0.94,13.7K,-0.3K,
5dca4409-954d-449e-b118-25209ead0f82,12/14/2011,12:30,Claimant Count Rate (Nov),MEDIUM,GBP,5%,-0.86,5.1%,4.8% ,
57c1594e-e108-4871-b507-9c7408154580,12/14/2011,12:30,ILO Unemployment Rate (3M) (Oct),MEDIUM,GBP,8.3%,0.00,8.3%,8.3%,
7fec083a-33ea-49d1-9709-f9bad981d9a7,12/14/2011,13:00,ZEW Survey – Expectations (Dec),MEDIUM,CHF,-72,-,-,-64.3,
bb088e8b-89be-46ae-93b7-671c7bc20336,12/14/2011,13:00,Industrial Production s.a. (MoM) (Oct),LOW,EUR,-0.3%,-0.46,0.2%,-1% ,
d1c1b9a1-efb4-42cc-a9c5-2e483bde0877,12/14/2011,13:00,Industrial Production w.d.a. (YoY) (Oct),MEDIUM,EUR,1%,-0.55,2.1%,1.7% ,
3ad5f940-a53b-4c4c-b810-4d1358d677b0,12/14/2011,13:30,M3 Money Supply,LOW,INR,16.3%,-,-,15.2%,
4aa92e8c-baba-47a2-8a9a-7de602afaadc,12/14/2011,14:45,ECB Rate On Deposit Facility,MEDIUM,EUR,0.25%,-,-,0.5%,
7766e1b4-f313-45b0-b5c7-f00a316443fe,12/14/2011,15:00,MBA Mortgage Applications,LOW,USD,4.1%,-,-,12.8%,
c3ee5621-7e24-4cb3-a4c7-743c55e3df31,12/14/2011,15:30,Export Price Index (MoM) (Nov),LOW,USD,0.1%,-,-,-2%,
460ea777-1026-424e-a750-d582cccce696,12/14/2011,16:00,Norges Bank Interest Rate Decision,LOW,NOK,1.75%,-,-,2.25%,
89752aa7-f814-4d87-bf38-2b3acfa0cff7,12/14/2011,16:00,M3 Money Supply (YoY) (Nov),LOW,PLN,11.6%,-,-,10.3% ,
538c643d-25bd-4bcc-8978-4bb3fa5ba83c,12/14/2011,16:30,Leading Indicators (MoM) (Nov),MEDIUM,CAD,0.9%,1.33,0.3%,0.2% ,
fa3d6e9b-60a4-4227-b0c0-4653e9673155,12/14/2011,16:30,Manufacturing Sales (MoM) (Oct),LOW,CAD,-0.6%,0.00,-0.6%,2% ,
ba3abc78-e305-44b6-9d22-cc311b059da8,12/14/2011,16:30,New Motor Vehicle Sales (MoM) (Oct),LOW,CAD,3.3%,-,-,1.5%,
617368ac-0955-4a06-8514-4a8457db25b3,12/14/2011,16:30,Import Price Index (MoM) (Nov),LOW,USD,0.8%,-0.62,1.1%,-0.4% ,
018da18f-2ddc-4e0a-a7bd-36f93779383d,12/14/2011,16:30,Import Price Index (YoY) (Nov),LOW,USD,9.9%,-0.22,10.1%,11.1% ,
79a3c12a-c13f-4921-8903-a2f34a9df968,12/14/2011,18:30,EIA Crude Oil Stocks Change,LOW,USD,-1.932M,-,-,1.336M,
98e90429-bbe6-414e-8488-ef2e4378c697,12/15/2011,00:30,Business NZ PMI (Nov),LOW,NZD,45.96,-,-,47.1,
a4c3be14-bd04-4d2c-887d-0f4f5621d748,12/15/2011,02:50,Tankan Large All Industry Capex (Q4),MEDIUM,JPY,1.4%,-0.78,2.5%,3%,
2a44a4ba-1eef-489b-b716-278abc8fe2b8,12/15/2011,02:50,Tankan Large Manufacturing Index (Q4),MEDIUM,JPY,-4,-1.51,-2,2,
a40badc9-01c4-45a4-ab23-037731d642d0,12/15/2011,02:50,Tankan Large Manufacturing Outlook (Q1),MEDIUM,JPY,-5,-0.94,-3,-5,
e49f6b53-cc33-4f16-8f3c-a8cc12b312d4,12/15/2011,02:50,Tankan Non - Manufacturing Index (Q4),MEDIUM,JPY,4,1.46,1,1,
0b799241-a16c-48e2-9bf8-dc8bc3072f89,12/15/2011,02:50,Tankan Non - Manufacturing Outlook (Q4),MEDIUM,JPY,0,-0.60,1,1,
1e3d844c-5393-4559-a36e-593abdd298f7,12/15/2011,03:00,Consumer Inflation Expectations (Dec),LOW,AUD,2.4%,-,-,2.5%,
65a5455a-6ee6-4eb6-8650-6550d29da7ce,12/15/2011,03:30,New Motor Vehicle Sales (MoM) (Nov),LOW,AUD,-0.6%,-,-,1.1% ,
0139c13c-3c4c-47af-8db7-ac5c5293b2d8,12/15/2011,03:30,New Motor Vehicle Sales (YoY) (Nov),LOW,AUD,2.9%,-,-,4.4% ,
69ff56a1-d297-4a5e-8e40-2cbbda70c12b,12/15/2011,04:00,FDI - Foreign Direct Investment (YTD) (YoY) (Nov),NONE,CNY,13.2%,-,-,15.9%,
c0d3d13b-8dc7-4b68-964f-e320344de7b2,12/15/2011,05:30,RatingDog Manufacturing PMI (Dec) PREL,MEDIUM,CNY,-,-,-,-,
5c1fe59f-dd37-43ae-8be9-6e3a7529ec9a,12/15/2011,06:00,Trade Balance (Dec),LOW,KRW,$3.4B,-,-,$3.9B,
94dbebe0-ac10-4e1f-8080-2f11466b76db,12/15/2011,10:30,SNB Press Conference,HIGH,CHF,,,,,SPEECH
c79c765b-d85c-4763-b4cf-45aa1b02c1a1,12/15/2011,11:00,Export Prices (YoY) (Oct),LOW,CZK,4.5%,-,-,3.1%,
4b04926d-ab5b-47f3-9898-f521e90c505b,12/15/2011,11:00,Import Prices (YoY) (Oct),LOW,CZK,6.9%,-,-,5%,
5e9a77d2-970b-4956-bf14-a2b7fa9ec673,12/15/2011,11:00,Producer Price Index (MoM) (Nov),LOW,CZK,0.4%,-,-,0%,
228aec79-483b-4700-87a2-bcb71ac6589c,12/15/2011,11:00,Producer Price Index (YoY) (Nov),LOW,CZK,5.6%,-,-,5.6%,
227f63b4-fd21-4361-8b35-e01cb1e9e665,12/15/2011,11:00,Current Account (Oct),LOW,EUR,€-0.4B,-,-,€0.5B,
0bbc70f8-5105-445e-9dc6-6cad0d050c8b,12/15/2011,11:00,HCOB Manufacturing PMI (Dec) PREL,LOW,EUR,-,0.00,47.1,-,
30855216-5fbf-416c-82c2-25c469d2201c,12/15/2011,11:00,HCOB Services PMI (Dec) PREL,LOW,EUR,-,0.00,49.2,-,
448d629e-51ba-41c7-ae92-e7e85961a5ef,12/15/2011,11:00,Industrial Output (YoY) (Oct),LOW,HUF,3%,-,-,3%,
6c2d0d5e-665d-4a5c-9a63-f977e74431c0,12/15/2011,11:00,EU Norm Inflation (MoM) (Nov),LOW,EUR,0.5%,-,-,0.3%,
b1b3726a-d995-4d6f-a537-7ac06278c68a,12/15/2011,11:00,EU Norm Inflation (YoY) (Nov),LOW,EUR,4.8%,-,-,4.4%,
b088c8d5-1296-4576-b005-21fee00103b9,12/15/2011,11:00,Unemployment Rate (Sep),LOW,TRY,8.8%,-,-,9.1%,
1182fe65-772e-49d9-8cd3-8192760a1a60,12/15/2011,11:15,Industrial Production (QoQ) (Q3),MEDIUM,CHF,-2%,-0.55,-0.9%,3.6% ,
0da1659b-e45b-45d8-8715-5d7354b86005,12/15/2011,11:15,Industrial Production (YoY) (Q3),MEDIUM,CHF,-4.8%,-4.13,0%,2.5% ,
ba5fd0db-d35d-4d2f-bea8-a3efbe4c81b3,12/15/2011,11:30,SNB Interest Rate Decision,HIGH,CHF,0%,0.00,0%,0%,
36766ff6-446d-4a9c-9095-7874faa065cf,12/15/2011,11:30,HCOB Manufacturing PMI (Dec) PREL,MEDIUM,EUR,-,0.96,47.6,-,
2060a4c0-539b-42cc-8267-3dcfbe05c9c5,12/15/2011,11:30,HCOB Services PMI (Dec) PREL,MEDIUM,EUR,-,1.79,50.1,-,
1b7bcb4b-b6fa-4399-911f-dbe73429e7a5,12/15/2011,11:30,Retail Sales (YoY) (Oct),LOW,EUR,-1.6%,-,-,-1% ,
a30f2a12-bf60-4aae-a17d-e2150cbfc555,12/15/2011,11:30,Unemployment Rate s.a (3M) (Nov),LOW,EUR,5.8%,-,-,5.8%,
991173e1-632b-4ddc-b5a4-9eb2919a263e,12/15/2011,11:30,Unemployment Rate (Nov),LOW,SEK,6.7%,-,-,6.9%,
95147080-663b-4e76-88ee-c3eed2941e38,12/15/2011,11:30,Consumer Inflation Expectations,HIGH,GBP,4.1%,-,-,4.2%,
c696c9f5-1bf6-4fcb-96de-fe9dc667bd5d,12/15/2011,11:30,Retail Sales ex-Fuel (YoY) (Nov),NONE,GBP,0%,-,-,-0.6% ,
8ede5833-27a2-46fe-ba41-7daf919a2e9b,12/15/2011,12:00,HICP (MoM) (Nov),LOW,EUR,0%,-,-,0.2%,
113657d7-44ad-4eb9-b36d-39bc5a8c1ddf,12/15/2011,12:00,ECB Monthly Report,HIGH,EUR,,,,,REPORT
18b8d570-1b1f-461c-b909-0ad4159d64ca,12/15/2011,12:00,HCOB Manufacturing PMI (Dec) PREL,MEDIUM,EUR,-,2.24,46.2,-,
ecdcaddd-27e9-41d6-9417-af8fd9e5cc74,12/15/2011,12:00,HCOB Services PMI (Dec) PREL,MEDIUM,EUR,-,1.03,47.1,-,
703f7127-5779-49ae-8a71-d3f49de7ca83,12/15/2011,12:00,Consumer Price Index (EU Norm) (MoM) (Nov),LOW,EUR,-0.1%,-,-,0.6%,
856f3b7e-fd8d-4336-a758-da92ec4e82f1,12/15/2011,12:00,Consumer Price Index (EU Norm) (YoY) (Nov),LOW,EUR,3.3%,-,-,3.4%,
4499e01c-982e-4432-bb17-f64b4446bbbc,12/15/2011,12:00,Trade Balance (Nov),LOW,NOK,35.5B,-,-,26.7B,
d568472f-116a-459c-bae1-10a87a312668,12/15/2011,12:00,Budget Balance (Nov),LOW,TRY,2.15B,-,-,-1.9B,
43f0f672-c60e-491b-be40-1c50bf6679ee,12/15/2011,12:30,10-y Obligaciones Auction,LOW,EUR,5.55%,-,-,-,
d3e128ff-43b1-47bd-883e-900d2dbdd501,12/15/2011,12:30,Retail Sales (MoM) (Nov),LOW,GBP,-0.5%,-0.18,-0.4%,1% ,
da5af689-a6a8-42d0-a896-14f15b8ce0af,12/15/2011,12:30,Retail Sales (YoY) (Nov),MEDIUM,GBP,0.4%,0.15,0.3%,-0.4% ,
794ef1a4-238c-43e4-8065-687e4e8b775a,12/15/2011,12:30,Producer Price Index (MoM) (Nov),LOW,ZAR,0.2%,-,-,-0.3%,
fa6d9edc-fbe9-4df6-a0bf-959e154bca18,12/15/2011,12:30,Producer Price Index (YoY) (Nov),LOW,ZAR,10.1%,-,-,10.6%,
f4c63206-0204-46ba-b94b-94514b8b05c1,12/15/2011,12:41,Central Bank Reserves $,LOW,RUB,$513B,-,-,$514.1B,
0c49ee00-fe65-4c40-80dd-ead2d960557f,12/15/2011,13:00,Core Harmonized Index of Consumer Prices (YoY) (Nov),HIGH,EUR,1.6%,-0.54,1.7%,1.6%,
a56ff77f-515c-4b7a-bb32-3fc79ae04c4a,12/15/2011,13:00,Employment Change (QoQ) (Q3),MEDIUM,EUR,-0.2%,-3.92,0.2%,0.1% ,
c2821553-b0bd-483d-8a2e-c60c5204235d,12/15/2011,13:00,Employment Change (YoY) (Q3),MEDIUM,EUR,0.2%,-,-,0.4%,
5b23d6a1-1bb6-4196-9965-4353045e9a27,12/15/2011,13:00,Harmonized Index of Consumer Prices (MoM) (Nov),MEDIUM,EUR,0.1%,0.00,0.1%,0.4% ,
3148af40-8ac2-4c02-85b6-556003b81423,12/15/2011,13:00,Harmonized Index of Consumer Prices (YoY) (Nov),HIGH,EUR,3%,0.00,3%,3%,
7d3e2381-f486-45d9-9002-5a1ed7c49374,12/15/2011,13:00,Unemployment Rate (QoQ) (Q3),LOW,EUR,17.7%,-,-,16.3%,
c2d0b8b4-b025-4d93-a095-f666212a88a1,12/15/2011,14:00,CBI Industrial Trends Survey – Orders (MoM) (Dec),LOW,GBP,-23%,-0.37,-20%,-19%,
feaa5725-d1f6-4a76-8f03-b500a9d0376f,12/15/2011,16:30,Capacity Utilization (Q3),LOW,CAD,80%,0.67,79%,79.7% ,
ef03d0a8-e791-4f11-ad4a-b10819fb35d6,12/15/2011,16:30,Continuing Jobless Claims,LOW,USD,3.625M,-0.20,3.64M,3.942M,
640d0c27-f324-4a56-9437-f6aad65b3c16,12/15/2011,16:30,Current Account (Q3),MEDIUM,USD,$-107.63B,0.02,$-107.7B,$-119.4B,
4c348804-fc16-495e-88c1-a13a3c6d971d,12/15/2011,16:30,Initial Jobless Claims,LOW,USD,368K,-2.14,389K,385K,
55440b3d-80fb-4513-8b4e-7adf44b4f7d3,12/15/2011,16:30,NY Empire State Manufacturing Index (Dec),LOW,USD,8.19,1.28,3.1,4.9,
c86c9e7f-7a9a-469a-83ec-0fb73828bc77,12/15/2011,16:30,Producer Price Index (MoM) (Nov),LOW,USD,0.3%,0.34,0.2%,-0.4% ,
01357f53-0289-4d22-a110-390ec57fa61f,12/15/2011,16:30,Producer Price Index (YoY) (Nov),MEDIUM,USD,5.7%,-0.91,6%,3.7% ,
d3826cd8-a64b-472c-ba21-8ead560e4168,12/15/2011,16:30,Producer Price Index ex Food & Energy (MoM) (Nov),LOW,USD,0.1%,-0.86,0.2%,-0.3% ,
39b6d80c-852c-494b-8cb1-a32f7cb9102a,12/15/2011,16:30,Producer Price Index ex Food & Energy (YoY) (Nov),MEDIUM,USD,2.9%,0.60,2.8%,2.6% ,
05f894d5-bef1-42ce-ad23-19ab9d8c15a3,12/15/2011,17:00,Net Long-Term TIC Flows (Oct),MEDIUM,USD,$8.3B,-2.08,$53.4B,$76.4B,
8f1a89c2-0fef-4ac8-81ed-32d8f6565189,12/15/2011,17:00,Total Net TIC Flows (Oct),LOW,USD,$-39.6B,-,-,$75.2B,
b9f625e8-3cda-4465-8dfa-37a4a288c612,12/15/2011,17:15,Capacity Utilization (Nov),LOW,USD,77.9%,0.00,77.9%,76.7% ,
aca776a9-0db9-4b97-b02e-df048355b3ba,12/15/2011,17:15,Industrial Production (MoM) (Nov),MEDIUM,USD,-0.3%,-2.33,0.3%,0.7%,
0f2aecf8-b5aa-4252-94bd-e2017630ed97,12/15/2011,18:00,Philadelphia Fed Manufacturing Survey (Dec),LOW,USD,10.3,0.31,5.1,4,
b1369390-6919-4903-a887-ce9fa5145752,12/16/2011,00:00,Import Price Growth (YoY) (Nov),LOW,KRW,13.6%,-,-,11.3%,
c3a56063-b70e-4b08-a6a8-ee7291b31d10,12/16/2011,02:42,Producer Price Index (MoM) (Nov),LOW,RUB,1.6%,-,-,1.7%,
03d8dcf8-fd0d-460a-ad3b-6062370c6789,12/16/2011,02:42,Producer Price Index (YoY) (Nov),LOW,RUB,15.7%,-,-,17.5%,
0a1a16eb-9951-4878-afa7-de71a5a3250f,12/16/2011,09:30,Cash Reserve Ratio,LOW,INR,6%,-,-,6%,
f34bfbe4-9909-492b-a011-71cc0457a7e6,12/16/2011,09:30,RBI Interest Rate Decision (Repo Rate),LOW,INR,8.5%,-,-,8.5%,
ae540537-e89b-4f83-9394-ef713ed7bcc2,12/16/2011,09:30,Reverse Repo Rate,LOW,INR,7.5%,-,-,7.5%,
d4db2a61-b3f9-4785-80be-55db2c968f7a,12/16/2011,10:45,Business Climate in Manufacturing (Dec),LOW,EUR,94,-,-,95,
f736ae21-2a1d-4b1f-9eab-d122bb01638e,12/16/2011,11:00,Gross Wages (YoY) (Oct),LOW,HUF,6.1%,-,-,5.2%,
242234c2-7ec6-42ef-9fc7-63ea51b63fbc,12/16/2011,11:00,Consumer Confidence (Nov),LOW,TRY,91,-,-,89.7,
8f15c0ce-b47f-4719-855e-507425b44315,12/16/2011,12:00,Labor Cost Index (Q3),MEDIUM,EUR,2.6%,-,-,-,
10f83cbe-8905-4f83-aefe-07ea23f463a3,12/16/2011,13:00,Trade Balance n.s.a. (Oct),LOW,EUR,€1B,0.00,€1B,€-0.2B,
2eb006f5-3a31-4825-8ad1-a615fd26a81d,12/16/2011,13:00,Trade Balance s.a. (Oct),LOW,EUR,€0.5B,0.00,€0.5B,€-0.2B,
67aee60a-8a82-431c-adcb-c86380018def,12/16/2011,13:30,Bank Loan Growth,LOW,INR,17.7%,-,-,17.7%,
c6c7a603-5c10-4568-945e-01a6136cc142,12/16/2011,13:30,"FX Reserves, USD",LOW,INR,$306.775B,-,-,$306.844B,
92ac2b78-85d1-4743-885c-fb266cef635b,12/16/2011,16:00,Corporate Sector Wages (Nov),LOW,PLN,4.4%,-,-,5.1%,
69eb8743-7261-4c62-ad42-35530c43ef10,12/16/2011,16:30,Canadian Portfolio Investment in Foreign Securities (Oct),LOW,CAD,$-2.13B,-,-,$0.93B,
cdd962d4-8b9d-4d58-890a-17d46498a7a3,12/16/2011,16:30,Foreign Portfolio Investment in Canadian Securities (Oct),LOW,CAD,$3.85B,-0.47,$7.25B,$14.32B,
4be7475e-7ce8-4aba-9057-047aa5f5a592,12/16/2011,16:30,Consumer Price Index (MoM) (Nov),MEDIUM,USD,0%,-0.68,0.1%,0.1% ,
89be7cc5-25a7-4501-9522-ba2550bb2fd8,12/16/2011,16:30,Consumer Price Index (YoY) (Nov),HIGH,USD,3.4%,-0.71,3.5%,3.5%,
4b92ea89-7147-4aad-afab-e2fc521174ef,12/16/2011,16:30,Consumer Price Index ex Food & Energy (MoM) (Nov),MEDIUM,USD,0.2%,1.58,0.1%,0.2% ,
6cdc5fc4-6a09-40dc-b63e-18c7c6290457,12/16/2011,16:30,Consumer Price Index ex Food & Energy (YoY) (Nov),HIGH,USD,2.2%,1.34,2.1%,2.1%,
21bae21c-4a4b-40b7-9fdc-4d027adb3435,12/16/2011,22:00,Consumer Price Index (MoM) (Nov),LOW,ARS,0.6%,-,-,0.6%,
a6bd716e-7829-4b36-802d-f83088ea707e,12/16/2011,22:00,Gross Domestic Product (QoQ) (Q3),LOW,ARS,9.3%,-,-,9.1%,
8714b388-8877-4bf9-9e64-60c4732fb500,12/18/2011,14:00,Gross Domestic Product (QoQ) (Q3),LOW,EUR,-1.9%,-,-,1.6% ,
bb418fbc-5bdb-4b6e-b2a3-d76acf3940d0,12/18/2011,14:00,Gross Domestic Product (YoY) (Q3),LOW,EUR,-0.1%,-,-,2.3% ,
3f5fc7df-3ade-4a10-ac93-c7900a09b867,12/19/2011,00:00,Westpac Consumer Survey (Q4),MEDIUM,NZD,101.3,-,-,112,
d7f965e1-bde8-475a-bf7a-467ede7501e1,12/19/2011,03:00,ANZ Business Confidence (Dec),MEDIUM,NZD,16.9,-,-,18.3,
6afff03b-c9a1-437b-bb6e-40795146360a,12/19/2011,03:01,Rightmove House Price Index (MoM) (Dec),LOW,GBP,-2.7%,-,-,-1.8% ,
18e296bf-291b-43a4-a954-861c89cc4b0f,12/19/2011,03:01,Rightmove House Price Index (YoY) (Dec),MEDIUM,GBP,1.5%,-,-,-0.1% ,
8b845ebc-dd1b-4d7d-a9ca-0f53b173600c,12/19/2011,03:07,Industrial Output (Nov),LOW,RUB,3.9%,-,-,3.6%,
dd4b8164-c2d3-447c-84cb-c2be8b84af35,12/19/2011,10:00,Export Prices (YoY) (Dec),LOW,EUR,1%,-,-,2.4%,
a2ce1d00-b67e-48b5-9d2c-4802c141e779,12/19/2011,10:00,Import Prices (YoY) (Dec),LOW,EUR,4.6%,-,-,7.1%,
51685cfa-d52f-412a-a48c-1c402a0f2820,12/19/2011,10:00,Producer Price Index (YoY) (Dec),LOW,EUR,3.7%,-,-,3.7%,
4f5a871f-de03-4f50-bf79-b7d4e3ce4ae2,12/19/2011,12:00,Current Account n.s.a (Oct),LOW,EUR,€2.6B,0.21,€1.9B,€0.3B,
9bdc519c-953b-489c-a86d-e1f963973ab0,12/19/2011,12:00,Current Account s.a (Oct),LOW,EUR,€-6.6B,-,-,€-2B,
90937b39-89ef-4c39-8b4b-6f0239589f3f,12/19/2011,12:00,Global Trade Balance (Nov),LOW,EUR,€-1.077B,-,-,€-1.84B,
2e6e2bf7-62bd-481b-9e69-70f6d123477f,12/19/2011,12:00,Trade Balance EU (Oct),LOW,EUR,€-0.217B,-,-,€-0.008B,
8f2e952a-0718-4530-b89a-1a16bcfbfbfd,12/19/2011,13:00,Construction Output s.a (MoM) (Oct),LOW,EUR,-1.4%,-,-,0% ,
694c2068-32b3-4bc3-9a17-3d990716a7eb,12/19/2011,13:00,Construction Output w.d.a (YoY) (Oct),LOW,EUR,-2.8%,-,-,-1% ,
28864aae-0f29-4e7e-8a9f-b60cc65ce0c7,12/19/2011,16:00,Industrial Output (YoY) (Nov),LOW,PLN,8.7%,-,-,6.5%,
4c999bcd-6a9f-4e77-8b2a-46c6faad4c00,12/19/2011,16:00,Producer Price Index (YoY) (Nov),LOW,PLN,8.9%,-,-,8.5%,
de8f01c0-7656-412e-843c-38a68bed9a17,12/19/2011,16:30,Wholesale Sales (MoM) (Oct),LOW,CAD,0.9%,0.41,0.6%,1.4% ,
cb76f315-d68d-4aba-874a-a8b2d20674bc,12/19/2011,17:00,Consumer Confidence Index (Dec),LOW,EUR,-12,-,-,-14,
76a91fa6-b63a-432a-82fa-c2a73b00f6be,12/19/2011,18:00,EU Financial Stability Review,MEDIUM,EUR,,,,,REPORT
7bd499e2-01d9-4722-b046-2e38f6551d62,12/19/2011,18:00,NAHB Housing Market Index (Dec),LOW,USD,21,0.00,21,19,
b4228ad5-a996-401e-9c34-3886dc078612,12/19/2011,18:30,ECB's President Draghi speech,HIGH,EUR,,,,,SPEECH
a4fb1d4d-79ea-447a-93cf-7ed0608fa9a4,12/20/2011,03:01,Nationwide Consumer Confidence (Nov),MEDIUM,GBP,40,1.77,34,36,
1c545076-c1e7-4990-ba44-3d5172cac3e1,12/20/2011,03:30,RBA Meeting Minutes,HIGH,AUD,,,,,REPORT
48c1ac3e-8d25-4e58-bb33-059359db1544,12/20/2011,07:30,All Industry Activity Index (MoM) (Oct),MEDIUM,JPY,0.8%,-1.47,1.2%,-0.9% ,
07cb6cd5-9b48-4714-afbf-d471af11789d,12/20/2011,08:00,Coincident Index (Oct),LOW,JPY,91.4,-,-,90.3,
9c02fd47-815d-4ac2-80c6-1811b65d2998,12/20/2011,08:00,Leading Economic Index (Oct),MEDIUM,JPY,92,-,-,91.5,
1b8c00cb-380c-4fd5-9ae3-44e2fe3beb23,12/20/2011,10:00,Trade Balance (Nov),MEDIUM,CHF,2.945M,0.00,2.47M,2.15M,
3de014a7-42fa-48ef-85ea-e2f8ad4ba202,12/20/2011,10:00,GfK Consumer Confidence Survey (Jan),MEDIUM,EUR,5.7,0.41,5.6,5.4,
d9e1b83f-6e13-4b6a-805a-382f561ad222,12/20/2011,10:00,Producer Price Index (MoM) (Nov),MEDIUM,EUR,0.1%,0.00,0.1%,0.2%,
c1ad59c5-9444-4105-8945-294b61c99ba6,12/20/2011,10:00,Producer Price Index (YoY) (Nov),HIGH,EUR,5.2%,0.00,5.2%,4.9% ,
1edee84b-3413-4b2e-ba5a-21ceb8032c3a,12/20/2011,10:00,Unemployment Rate (Nov),LOW,EUR,7.3%,-,-,7.7%,
25804b7b-284c-486b-b071-307845a797b7,12/20/2011,10:00,Current Account (YoY) (Oct),LOW,EUR,€-1.503B,-,-,€-1.097B,
d2c72553-7b4a-4682-8dd2-8de70ca94974,12/20/2011,11:30,Consumer Confidence Adj (Dec),LOW,EUR,-37,-,-,-32,
5f628c96-b91e-469d-95d1-3098ae3a278a,12/20/2011,11:30,Riksbank Interest Rate Decision,NONE,SEK,1.75%,-,-,2%,
339dfeca-8f5c-45ae-a2cf-82846c289150,12/20/2011,11:36,Unemployment Rate (Nov),LOW,RUB,6.3%,-,-,6.4%,
2cc65d63-52da-40b1-a494-7e5968d0f3a0,12/20/2011,12:00,Producer Price Index (MoM) (Oct),LOW,EUR,-0.1%,-,-,0.5%,
fd9fc641-0a11-47f8-b9b0-f118efdd0227,12/20/2011,12:00,Producer Price Index (YoY) (Oct),LOW,EUR,3.4%,-,-,3.5%,
cdaa3e26-6d95-4dc6-9aa7-df2ce14fe737,12/20/2011,12:00,IFO – Business Climate (Dec),MEDIUM,EUR,107.3,0.75,106.3,98.1,
5636216f-a045-452d-8787-744dde4da3cb,12/20/2011,12:00,IFO – Current Assessment (Dec),MEDIUM,EUR,116.7,0.54,116,100.8,
f1d3cbd5-83ca-4f47-8706-00600c7a5e37,12/20/2011,12:00,IFO – Expectations (Dec),MEDIUM,EUR,98.6,1.18,97,95.5,
f5b3c5b4-061b-4b02-8cf0-c0970b9d48d9,12/20/2011,12:00,Industrial Orders n.s.a (YoY) (Oct),LOW,EUR,-4.8%,-,-,-3.6%,
9ce04f4f-8ff6-433c-80a2-f9e1d96b1d71,12/20/2011,12:00,Industrial Orders s.a (MoM) (Oct),LOW,EUR,-1.6%,-,-,-8.3% ,
095aa8fa-f073-4e59-9ac7-5569e274d742,12/20/2011,12:00,Industrial Sales n.s.a. (YoY) (Oct),LOW,EUR,1.1%,-,-,1.9%,
bdb13843-5edc-4e05-8171-5730ab2d995b,12/20/2011,12:00,Industrial Sales s.a. (MoM) (Oct),MEDIUM,EUR,0.1%,-,-,-5.4% ,
6d9d01ce-0c11-446c-a1da-8d90ff289f60,12/20/2011,12:00,Unemployment Rate (Nov),LOW,EUR,13.33%,-,-,13.29%,
66e26f0c-0c09-4c80-8f0e-7549553e19c2,12/20/2011,14:00,CBI Distributive Trades Survey – Realized (MoM) (Dec),MEDIUM,GBP,9%,6.10,-17%,-19%,
7d7e47ef-d4d2-4e10-b6f9-1873c0f36620,12/20/2011,15:00,BoC Consumer Price Index Core (MoM) (Nov),MEDIUM,CAD,0.1%,-0.32,0.2%,0.3%,
804d443c-62e4-4f1e-aef0-fa81ab7011bd,12/20/2011,15:00,BoC Consumer Price Index Core (YoY) (Nov),HIGH,CAD,2.1%,-0.27,2.2%,2.1%,
642e8409-5107-4195-8888-63e1a51ad851,12/20/2011,15:00,Consumer Price Index (MoM) (Nov),MEDIUM,CAD,0.1%,-0.81,0.3%,0.2%,
30a7fc04-c54c-4855-9ccc-2c45e9e19dc1,12/20/2011,15:00,Consumer Price Index (YoY) (Nov),HIGH,CAD,2.9%,0.00,2.9%,2.9%,
ab9b9ec3-d73c-4fab-932f-8d2613a9925c,12/20/2011,15:30,Current Account (Nov),LOW,BRL,$-6.8B,-,-,$-6.014B,
e62f8e45-2640-40d2-bbeb-293e73175d42,12/20/2011,16:00,MNB Interest Rate Decision,LOW,HUF,7%,-,-,6.5%,
8a4ec7d7-2000-4917-92b6-0620d06fd565,12/20/2011,16:00,Net Inflation (Nov),LOW,PLN,3%,-,-,2.8%,
6b66772f-aeb7-43b3-8779-c8feb65e45e2,12/20/2011,16:30,Building Permits (MoM) (Nov),LOW,USD,0.68M,2.53,0.63M,0.671M,
633fab7c-34b7-4268-b53a-54079ed2823b,12/20/2011,16:30,Housing Starts (MoM) (Nov),LOW,USD,0.685M,2.01,0.64M,0.61M,
1b917dd1-6ef3-4755-b0f8-a169a78cd09d,12/20/2011,17:00,Retail Sales (MoM) (Oct),LOW,MXN,-0.1%,-,-,0.9%,
45932fc9-f9c1-41c4-9a7f-2ab1a560c157,12/20/2011,17:00,Retail Sales (YoY) (Oct),LOW,MXN,3%,-,-,4.7%,
b053f5d4-095d-4fd0-b244-ee137c97c240,12/20/2011,22:00,Industrial Output n.s.a (YoY) (Nov),LOW,ARS,4%,-,-,4.1%,
faf5a7ad-3483-48d2-9f4a-e6b414ebc4da,12/21/2011,00:45,Current Account (QoQ) (Q3),MEDIUM,NZD,$-4.75B,-0.59,$-3.775B,$-0.326B,
0ec3ad1c-03fc-46ce-8935-f9a56537905d,12/21/2011,00:45,Visitor Arrivals (YoY) (Nov),LOW,NZD,1.7%,-,-,16.8% ,
8547be14-b363-40c7-8114-e92ac38d6bfb,12/21/2011,02:30,Westpac Leading Index (MoM) (Nov),LOW,AUD,-0.5%,-,-,0.13% ,
59584b2c-20ef-46be-b26b-05fe7baf48ea,12/21/2011,02:50,Adjusted Merchandise Trade Balance (Nov),LOW,JPY,¥-537.9B,-1.18,¥-305.7B,¥-457.9B,
fc208b98-005c-476c-a3f7-92d4d88cd798,12/21/2011,02:50,Merchandise Trade Balance Total (Nov),MEDIUM,JPY,¥-684.7B,-0.70,¥-484.7B,¥-283B,
e5a9cd05-a060-46a3-bba0-67df9386ed48,12/21/2011,03:01,GfK Consumer Confidence (Dec),MEDIUM,GBP,-33,-1.17,-30,-31,
c87b6cfb-8c20-487b-a2bc-7524cfe4155f,12/21/2011,07:01,BoJ Interest Rate Decision,HIGH,JPY,0.1%,-,-,0.1%,
5c57e109-3030-4f4c-8e9c-ee0a1db7d72a,12/21/2011,11:00,Consumer Confidence (Dec),LOW,DKK,-9.8,-,-,-9.2,
a86338d6-2a97-4bc5-874a-a142e2899123,12/21/2011,11:15,Consumer Confidence (MoM) (Dec),LOW,SEK,-7.4,-,-,-7.4,
6c209567-c7fa-4399-842e-6b509919e18b,12/21/2011,12:00,Consumer Price Index (MoM) (Dec),LOW,ISK,0.4%,-,-,0%,
3ff0a514-8c9b-4783-ae4c-f5a987f3f884,12/21/2011,12:00,Consumer Price Index (YoY) (Dec),LOW,ISK,5.3%,-,-,5.2%,
6b7be0bc-440b-4489-b3d3-f8c8d471708c,12/21/2011,12:00,Gross Domestic Product (QoQ) (Q3) PREL,LOW,EUR,-0.2%,-,-,0.3%,
1928505b-c565-4a0b-bd6b-4e8bd4e33e19,12/21/2011,12:00,Gross Domestic Product (YoY) (Q3) PREL,LOW,EUR,0.2%,-,-,0.8% ,
21829c8b-2e2a-4727-b017-2775f1910833,12/21/2011,12:00,Labour Force Survey (Q4),LOW,NOK,3.3%,-,-,3.3%,
eaeb55cf-5083-4aaa-8062-b958f427523f,12/21/2011,12:30,BoE Minutes,HIGH,GBP,,,,,REPORT
513bc3a7-156c-4d06-b435-c4025689f942,12/21/2011,12:30,Public Sector Net Borrowing (Nov),MEDIUM,GBP,£15.085B,3.51,£6.7B,£11.399B,
d8a1aa88-9106-4bde-85f5-22cea472f518,12/21/2011,13:00,Current Account Balance EUR (Oct),LOW,EUR,€308M,-,-,€149M,
003792bb-0d1c-433b-8eb2-461c94530330,12/21/2011,13:15,ECB LTRO Auction,HIGH,EUR,€489B,-,-,-,
e99471c0-47be-4f96-b085-a5f71c515a9d,12/21/2011,14:00,Mid-month Inflation (Dec),LOW,BRL,0.56%,-,-,0.46%,
19f4c32e-ddcc-4913-9ef2-53f0f0f79e12,12/21/2011,15:00,MBA Mortgage Applications,LOW,USD,-2.6%,-,-,4.1%,
6c3c7d7e-6cbd-44e1-a49d-0d8f6a1be3cb,12/21/2011,16:30,Retail Sales (MoM) (Oct),MEDIUM,CAD,0.9%,1.77,0.4%,0.7% ,
850f0836-6ad0-410f-8927-3abf7ad7fe8e,12/21/2011,16:30,Retail Sales ex Autos (MoM) (Oct),LOW,CAD,0.6%,0.78,0.4%,0.3% ,
767fd205-f866-4739-a823-15d815197281,12/21/2011,17:00,Leading Indicator (Dec),LOW,EUR,-10.6,-,-,-12.2,
58c72ccc-f99e-4166-bc70-5d8a0ffba5f1,12/21/2011,18:00,Consumer Confidence (Dec) PREL,MEDIUM,EUR,-21.2,-1.08,-21,-20.7,
2bf37a58-2559-47e0-8644-4c129e10d1c4,12/21/2011,18:00,Private Spending (QoQ) (Q3),LOW,MXN,1.83%,-,-,0.7%,
344a2cea-88eb-42a8-8982-c96ef4a1b943,12/21/2011,18:00,Private Spending (YoY) (Q3),LOW,MXN,4.9%,-,-,4.3%,
ba738be6-1715-4379-8627-d5d3fba20145,12/21/2011,18:00,Existing Home Sales (MoM) (Nov),MEDIUM,USD,4.39M,-2.45,5.07M,4.34M,
256f0c67-aafb-4e7c-aea5-eebd9396b7bf,12/21/2011,18:00,Existing Home Sales Change (MoM) (Nov),LOW,USD,3.3%,0.14,2.6%,0.2% ,
0da6eb06-a16c-4cde-a1fa-ccc15066828c,12/21/2011,18:30,EIA Crude Oil Stocks Change,LOW,USD,-10.57M,0.00,-2.8M,-1.932M,
e04252ae-21a2-41df-8ced-7a2d66e8ef3a,12/21/2011,22:00,Current Account BOP (MoM) (Q3),LOW,ARS,-166M,-,-,-,
e4f5c271-7778-4764-b465-067c081d945d,12/21/2011,22:00,Trade Balance (MoM) (Nov),LOW,ARS,$684M,-,-,"$1,222M",
fd410272-55eb-49ac-ab39-ca2159ae728c,12/22/2011,00:45,Gross Domestic Product (QoQ) (Q3),MEDIUM,NZD,0.7%,0.26,0.6%,0.4% ,
e0ba526c-2c5c-405d-8c0c-7bdb223d4477,12/22/2011,00:45,Gross Domestic Product (YoY) (Q3),MEDIUM,NZD,1.9%,-,2.2%,0.6% ,
b158ca8c-9f52-474e-8019-4f28c3dfff5d,12/22/2011,03:00,Current Account Balance (Oct),LOW,EUR,€-10.01B,-,-,€-9.636B,
8f07cb40-cf0c-42a1-805c-40cb49ae3d7f,12/22/2011,08:00,BoJ Monthly Economic Survey,MEDIUM,JPY,,,,,REPORT
466771bd-9de4-494f-a114-785fb0af29d7,12/22/2011,11:00,Gross Domestic Product (QoQ) (Q3),LOW,DKK,-0.1%,-,-,-0.8%,
5cfec3ab-f76c-451e-8d06-5c1fd5054ef0,12/22/2011,11:00,Gross Domestic Product (YoY) (Q3),LOW,DKK,-0.5%,-,-,-0.2%,
2fc1a8eb-a43b-40f2-a2af-aaf202ae8b35,12/22/2011,11:00,Retail Sales (YoY) (Oct),LOW,HUF,0.6%,-,-,0.3%,
3e1cf5af-d944-485f-a336-e861372babce,12/22/2011,11:30,Consumer Spending Volume (Oct),LOW,EUR,-1.7%,-,-,-2% ,
2a85683b-98c1-47aa-a670-d82c998b76bc,12/22/2011,11:30,Gross Domestic Product n.s.a (YoY) (Q3),LOW,EUR,1.1%,-,-,1.1%,
0754e7e8-3df6-42fd-a05b-0e4192687640,12/22/2011,11:30,Gross Domestic Product s.a (QoQ) (Q3),LOW,EUR,-0.4%,-,-,-0.3%,
121c835a-a5e7-49b1-8dd6-d5ba7909dd38,12/22/2011,11:30,Producer Price Index (MoM) (Nov),LOW,SEK,0.8%,-,-,-0.3%,
3a9cf68c-5dea-4ff8-ab23-be71d9aead5f,12/22/2011,11:30,Producer Price Index (YoY) (Nov),LOW,SEK,0.3%,-,-,0.3%,
ad8065f4-3598-4502-a6e5-c25f1a4ff0a0,12/22/2011,12:00,Retail Sales n.s.a (YoY) (Oct),LOW,EUR,-1.4%,-,-,-1.6%,
c89dd24b-b866-450b-8904-8e8c1278fcf9,12/22/2011,12:00,Retail Sales s.a. (MoM) (Oct),LOW,EUR,0.2%,0.00,-0.1%,-0.4% ,
cfaf5a76-adfc-4548-a43a-1472708f9b75,12/22/2011,12:00,Registered Unemployment n.s.a (Dec),LOW,NOK,2.4%,-,-,2.4%,
237adbc1-9803-4abf-a7a9-4911d6c38473,12/22/2011,12:00,Registered Unemployment s.a (Dec),LOW,NOK,83.994K,-,-,84.303K,
8b3dea56-111b-4be4-86fe-130f1af63d0d,12/22/2011,12:00,Retail Sales (YoY) (Nov),LOW,PLN,12.6%,-,-,11.2%,
bdf4d164-c8d3-48ba-9abc-f44d7f627cb2,12/22/2011,12:00,Unemployment (MoM) (Nov),LOW,PLN,12.1%,-,-,11.8%,
715903d1-fb0e-4bc4-9c28-563e8f323eef,12/22/2011,12:30,Current Account (Q3),MEDIUM,GBP,£-10.515B,-2.05,£-4.3B,£-5.168B,
b6461521-629f-43a6-b367-4c4a78fed81a,12/22/2011,12:30,Gross Domestic Product (QoQ) (Q3),MEDIUM,GBP,-0.2%,-5.28,0.5%,0.5%,
c079779a-8b45-435b-af89-34d7210e38fd,12/22/2011,12:30,Gross Domestic Product (YoY) (Q3),MEDIUM,GBP,0.5%,0.00,0.5%,0.5%,
bb6c85fd-4c66-43e6-bf38-3654c22ac77d,12/22/2011,12:30,Total Business Investment (QoQ) (Q3),LOW,GBP,-5.6%,-0.75,-1.4%,-1.4%,
7229b3bf-81fe-47bc-bb9a-72879f240da1,12/22/2011,12:30,Total Business Investment (YoY) (Q3),MEDIUM,GBP,-2%,-0.54,0.3%,0.3%,
844855b5-c951-4c96-b293-6f4d5b733b90,12/22/2011,13:00,Retail Sales (MoM),NONE,EUR,1.6%,-,-,-0.8%,
2747f53d-05fc-44f3-9368-0f401fa09113,12/22/2011,13:00,Retail Sales (YoY) (Nov),LOW,EUR,-0.8%,-,-,-3.8%,
d8b4ca35-3c52-42ac-b2fd-a5eec12bc354,12/22/2011,13:00,Trade Balance non-EU (Nov),LOW,EUR,€-1.194B,-,-,€-0.808B,
5697d754-92a0-4bb4-bf30-6fa5bdb57692,12/22/2011,13:30,Consumer Price Index (MoM) (Dec),LOW,EUR,0.04%,-,-,0.4%,
8a543bd9-6a9c-4373-b1e8-6f95d7c64d20,12/22/2011,13:30,Consumer Price Index (YoY) (Dec),LOW,EUR,3.49%,-,-,3.85%,
d95141fb-383f-4bde-b033-1ffe9acca84f,12/22/2011,14:00,Unemployment Rate (Nov),LOW,BRL,5.2%,-,-,5.8%,
2bbb68c5-b1dd-430b-89e4-311ccfbf2e10,12/22/2011,15:00,CBRT Interest Rate Decision,LOW,TRY,5.75%,-,-,5.75%,
07db247e-db55-442f-94d5-a1dc1c699ae1,12/22/2011,15:30,Chicago Fed National Activity Index (Nov),LOW,USD,-0.37,-,-,0.15,
6777bd7e-42c6-4492-8a1e-aca2aac59fb7,12/22/2011,16:30,Continuing Jobless Claims,MEDIUM,USD,3.567M,-0.44,3.6M,3.603M,
b97e25c9-80ce-4b69-aeef-bea85b210c0d,12/22/2011,16:30,Core Personal Consumption Expenditures (QoQ) (Q3),MEDIUM,USD,2.1%,-0.14,2.3%,2.3%,
1adbed24-8e44-48cf-9b4a-85133e875e26,12/22/2011,16:30,Gross Domestic Product Annualized (Q3),MEDIUM,USD,1.8%,-0.93,2%,2%,
188434b3-16aa-48b4-983d-24ac3c7c4e55,12/22/2011,16:30,Gross Domestic Product Price Index (Q3),MEDIUM,USD,0.4%,-2.12,2.5%,1.9%,
8b2e3efb-4461-46ea-93a4-d37b0b9bd4ee,12/22/2011,16:30,Initial Jobless Claims,MEDIUM,USD,366K,-0.96,378K,366K,
d18bc30f-ac70-4bb2-bf82-ef40f117cf82,12/22/2011,17:00,1st half-month Core Inflation (Dec),LOW,MXN,0.35%,-,-,0.25%,
e23dad6d-ba60-4312-a1ac-20b13657aa90,12/22/2011,17:00,1st half-month Inflation (Dec),LOW,MXN,0.51%,-,-,0.97%,
d1fa7ed5-d3b0-4434-a0d4-94de63c1b7c9,12/22/2011,17:00,Jobless Rate (Dec),LOW,MXN,4.97%,-,-,5%,
80e5170a-258f-41ad-9f86-063505081c99,12/22/2011,17:00,Jobless Rate s.a (Dec),LOW,MXN,5.16%,-,-,4.83%,
de8076d3-21de-46ab-a359-5110645b01b2,12/22/2011,17:55,Michigan Consumer Sentiment Index (Dec),LOW,USD,69.9,0.70,68.2,67.7,
a3123108-5d46-4540-bb7d-495df53752fc,12/22/2011,18:00,Housing Price Index (MoM) (Oct),LOW,USD,-0.7%,-3.08,0.2%,0.6% ,
1c39b036-1bf6-42aa-9f10-c200a3612b0a,12/22/2011,20:00,Gross Domestic Product (YoY),LOW,COP,7.7%,-,-,-,
290771b1-2819-49cb-8fe5-226ffadf9d4c,12/22/2011,22:00,Monthly Econ Activity (MoM) (Oct),LOW,ARS,8.1%,-,-,7.7%,
79168f67-38e3-44ea-aa4e-8505089754e8,12/23/2011,03:00,The Emperor's Birthday,NONE,JPY,,,,,ALL DAY
931d2ca8-fa18-49e2-b403-092fee4d525c,12/23/2011,03:00,Gross Domestic Product Monthly (YoY) (Nov),LOW,RUB,5.4%,-,-,5.7%,
21f73fcb-11a7-4966-8e32-f915007fb494,12/23/2011,09:30,Gross Domestic Product (QoQ) (Q3),LOW,EUR,0.3%,-,-,0.4%,
093008b1-9146-4db0-85b1-eeef72310370,12/23/2011,10:30,SNB Quarterly Bulletin (Q4),LOW,CHF,,,,,REPORT
c497293b-5d29-4b7f-843d-352510d7b8b5,12/23/2011,10:45,Producer Prices (MoM) (Nov),LOW,EUR,0.4%,-,-,0.5%,
fee7a1e7-2ddb-4d26-9272-fd395fc89a52,12/23/2011,11:00,Credit Expansion (YoY) (Oct),LOW,EUR,-1.2,-,-,-0.1,
d6baf8ff-cff8-4f20-8a24-891ad6eaaf07,12/23/2011,11:00,Trade Balance (Oct),LOW,HUF,€490.3M,-,-,€740.6M,
453c82ec-d719-40d4-ba72-49164c847593,12/23/2011,11:42,Central Bank Reserves $,LOW,RUB,$501.3B,-,-,$513B,
bf2d5d17-cbdb-466a-a1a8-5c5419634f01,12/23/2011,11:44,Primary Budget Balance (MoM) (Nov),LOW,ARS,426,-,-,446,
672389a3-df94-45d8-9715-4eaa8bd8f376,12/23/2011,12:00,Industrial Production (YoY) (Oct),LOW,EUR,3%,-,-,5.6%,
d1f2f306-1f7e-4836-a090-f382d4c7e906,12/23/2011,12:00,Consumer Confidence (Dec),LOW,EUR,91.6,-,-,94.1,
569ca8a0-ada1-4e38-950f-fc3dff7cd50e,12/23/2011,12:00,Wage Inflation (MoM) (Nov),LOW,EUR,0%,-,-,0%,
1460a43b-2e8e-4f5d-b27f-dd62946a8b3d,12/23/2011,12:00,Wage Inflation (YoY) (Nov),LOW,EUR,1.5%,-,-,1.7%,
3626ec2f-95ee-46d2-becf-ef17853b6d9f,12/23/2011,12:00,Foreign Arrivals (Nov),LOW,TRY,7.06%,-,-,7.03%,
d4520527-c279-4546-8592-b03c820a15c8,12/23/2011,12:30,BBA Mortgage Approvals (Nov),MEDIUM,GBP,34.8K,-0.48,35.8K,35.3K,
76b617fa-c63f-46e8-a340-fee47b1447ae,12/23/2011,12:30,Index of Services (3M/3M) (Oct),LOW,GBP,0.2%,-0.40,0.3%,0.8% ,
f7d52be2-f9a5-4fd5-b27e-594572c9a180,12/23/2011,13:30,"FX Reserves, USD",LOW,INR,$300.863B,-,-,$306.775B,
594a59a4-b87e-437f-b2b7-c1c705f8fe51,12/23/2011,16:30,Gross Domestic Product (MoM) (Oct),MEDIUM,CAD,0%,-0.97,0.2%,0.3% ,
0de60418-e2ad-4223-aaf6-e3ecabffd895,12/23/2011,16:30,Core Personal Consumption Expenditures - Price Index (MoM) (Nov),LOW,USD,0.1%,0.00,0.1%,0% ,
298b93dd-c8e5-49ac-80ff-80ee55dcb60d,12/23/2011,16:30,Core Personal Consumption Expenditures - Price Index (YoY) (Nov),MEDIUM,USD,1.7%,0.00,1.7%,1.7%,
6c55fc24-b192-45f0-b842-50b393ed76a2,12/23/2011,16:30,Durable Goods Orders (Nov),MEDIUM,USD,4.3%,1.63,2.2%,3% ,
4d21bd82-3217-49b5-b536-6e4aa0f3aae7,12/23/2011,16:30,Durable Goods Orders ex Transportation (Nov),MEDIUM,USD,0.5%,0.13,0.4%,2% ,
b8555a5b-831a-4c25-b59d-ff0fed2c31cf,12/23/2011,16:30,Personal Consumption Expenditures - Price Index (MoM) (Nov),MEDIUM,USD,0.1%,-1.25,0.3%,0% ,
5e9884b0-2fb5-4b0e-99eb-85b1ee37c580,12/23/2011,16:30,Personal Consumption Expenditures - Price Index (YoY) (Nov),MEDIUM,USD,2.6%,-0.18,2.7%,2.7% ,
f2c1c5de-698f-4997-88f4-51ef1c34aa9d,12/23/2011,16:30,Personal Income (MoM) (Nov),MEDIUM,USD,0.1%,-2.57,0.4%,0.1% ,
e0f39f38-e833-4a46-87ad-d2933badffcf,12/23/2011,17:00,"Trade Balance s/a, $ (Nov)",LOW,MXN,$0.498B,-,-,$-0.451B,
2a70a06c-8e1b-468d-95cb-e21492050c79,12/23/2011,17:00,"Trade Balance, $ (Nov)",LOW,MXN,$-0.232B,-,-,$-0.466B,
da3927c5-72ec-4415-b2f5-1444c63c2f48,12/23/2011,18:00,New Home Sales (MoM) (Nov),MEDIUM,USD,0.318M,0.57,0.313M,0.316M,
d49821bf-7a3e-4091-a912-6df86d3edd88,12/23/2011,18:00,New Home Sales Change (MoM) (Nov),LOW,USD,2.3%,0.23,2%,3.9% ,
3c578dd9-137f-43f6-b81c-f2eec89fd5ab,12/25/2011,03:00,Christmas Day,NONE,CAD,,,,,ALL DAY
ccaff1f7-870e-4e57-bdd1-3eb737ff12e8,12/25/2011,03:00,Christmas Day,NONE,CHF,,,,,ALL DAY
7cd7d30f-0511-4a04-ad58-8ed5f71c1479,12/25/2011,03:00,Christmas Day,NONE,EUR,,,,,ALL DAY
0452f038-a9cc-4afe-aac1-145eda58119f,12/25/2011,03:00,Christmas Day,NONE,EUR,,,,,ALL DAY
cd6f3f63-de3c-44b8-b154-47059a18713b,12/25/2011,03:00,Christmas Day,NONE,IDR,,,,,ALL DAY
b76a0df6-9281-41a2-8d07-972a085be498,12/25/2011,03:00,Christmas Day,NONE,ZAR,,,,,ALL DAY
87838f25-86ae-4f44-b190-c9635da2e856,12/25/2011,11:47,Christmas Day,NONE,NZD,,,,,ALL DAY
47f5bf7d-2c58-4a7b-9702-437888979aab,12/26/2011,03:00,Christmas Day,NONE,AUD,,,,,ALL DAY
5abb8185-61fd-4cc4-a8ea-7b0f0fc3ddca,12/26/2011,03:00,Boxing Day,NONE,CAD,,,,,ALL DAY
235935a2-619f-495e-906b-01507305c641,12/26/2011,03:00,St. Stephen's Day,NONE,CZK,,,,,ALL DAY
ac453ff8-0131-4bc8-bdd6-f743a9871f0b,12/26/2011,03:00,Boxing Day,NONE,EUR,,,,,ALL DAY
f17c3c3e-efb4-4e4a-9d8a-78fbe38d3d55,12/26/2011,03:00,Boxing Day,NONE,DKK,,,,,ALL DAY
6fd956c7-e1d0-4e65-b5fa-3a0108dd98d9,12/26/2011,03:00,Boxing Day (don't use),NONE,EUR,,,,,ALL DAY
012064c1-0956-4653-a39c-e1b025b09ff4,12/26/2011,03:00,Boxing Day,NONE,EUR,,,,,ALL DAY
c6cf5099-2721-47ff-b47b-d014f251ac2d,12/26/2011,03:00,Christmas,NONE,HUF,,,,,ALL DAY
7fcb7549-ccc1-453c-8721-b137aec1f7b4,12/26/2011,03:00,St. Stephen's Day,NONE,EUR,,,,,ALL DAY
23716a92-2943-43ef-9179-352d79439b3f,12/26/2011,03:00,Boxing Day,NONE,ISK,,,,,ALL DAY
0d771efd-3ddc-4864-b78e-2e43a0321ffe,12/26/2011,03:00,Boxing Day,NONE,NOK,,,,,ALL DAY
4064e10e-aef3-46d0-8439-f505de3f5526,12/26/2011,03:00,Christmas Day,NONE,PLN,,,,,ALL DAY
477ba4da-69f3-403c-99c7-e2c4c7637c24,12/26/2011,03:00,Second Day of Christmas,NONE,SEK,,,,,ALL DAY
0c068936-64c1-44be-914a-0797095c0437,12/26/2011,03:00,St. Stephen's Day,NONE,EUR,,,,,ALL DAY
43c646af-58f1-44ba-9ac7-f88bd17e91ae,12/26/2011,03:00,Boxing Day,NONE,GBP,,,,,ALL DAY
017c109a-1f05-4a6e-a2af-f308efedac34,12/26/2011,03:00,Christmas Day,NONE,GBP,,,,,ALL DAY
70a82fc7-58f0-454e-80ab-37442f943cca,12/26/2011,03:00,Christmas Day,NONE,USD,,,,,ALL DAY
c301baff-91bd-4993-93ca-6e4f6a6bcb11,12/26/2011,15:30,Capacity Utilization (Dec),LOW,TRY,75.5%,-,-,76.9%,
effb2f44-1452-4ba2-877c-cc5f964e5b27,12/26/2011,15:30,Manufacturing Confidence (Dec),LOW,TRY,97.2,-,-,102.3,
1555b48a-ca95-4916-ab5f-8c6441bd30d4,12/27/2011,00:00,Consumer Sentiment Index (Dec),LOW,KRW,99,-,-,103,
09ede600-e372-4460-b98d-3355f7002e1a,12/27/2011,02:50,BoJ Monetary Policy Meeting Minutes,HIGH,JPY,,,,,REPORT
d4d189e3-87ff-4466-b76b-5fa26272f18b,12/27/2011,02:50,Corporate Service Price Index (YoY) (Nov),LOW,JPY,-0.1%,-1.25,0%,-0.3% ,
d2552181-7197-4680-8d02-795a05c5b537,12/27/2011,03:00,Boxing Day,NONE,AUD,,,,,ALL DAY
007bc0d4-3467-4ece-94f8-414c78d1a44f,12/27/2011,07:00,Vehicle Production (YoY) (Nov),LOW,JPY,4.5%,-,-,-4.5%,
21eb8606-ac80-4fdc-aaa4-57ac8bc24f49,12/27/2011,08:00,Annualized Housing Starts (Nov),MEDIUM,JPY,0.917M,1.19,0.802M,0.762M,
333e86ae-47ac-434b-afb8-aad0e7726740,12/27/2011,08:00,Construction Orders (YoY) (Nov),LOW,JPY,21%,-,-,24.3%,
f61a6d03-a4bd-4a50-ae7f-bc8564c4c3c1,12/27/2011,08:00,Housing Starts (YoY) (Nov),MEDIUM,JPY,-0.3%,0.38,-4.9%,-5.8%,
c2e36851-329a-4f53-910a-1b48818a86ae,12/27/2011,10:00,UBS Consumption Indicator (Nov),MEDIUM,CHF,0.78,-,-,0.91,
6a905179-26bd-4a69-bcae-5b76ba23f120,12/27/2011,10:00,Consumer Confidence (Dec),LOW,EUR,0.4,-,-,1.5,
afccbd0d-7ef7-415f-b600-63a713609125,12/27/2011,10:00,Industrial Confidence (Dec),LOW,EUR,-9,-,-,-10,
faed4845-db88-4d92-bc68-126dc35ee2f2,12/27/2011,11:30,Business Confidence (Dec),LOW,EUR,-1.3,-,-,-4.8,
b92bce03-4242-4a58-bc98-d3b103c45de6,12/27/2011,17:00,S&P/Case-Shiller Home Price Indices (YoY) (Oct),LOW,USD,-3.4%,-0.68,-3.2%,-3.6% ,
65472033-4e72-4a22-a99c-9c760e5e9a77,12/27/2011,18:00,Consumer Confidence (Dec),MEDIUM,USD,64.8,0.99,58.5,56,
dbecd028-c0b0-4c57-87a8-5e5f791923a4,12/27/2011,18:00,Richmond Fed Manufacturing Index (Dec),LOW,USD,3,-0.49,5,-2,
7ae501fa-c7bb-4b10-ab03-3df6674aa0f1,12/28/2011,00:00,BOK Manufacturing BSI (Jan),LOW,KRW,85,-,-,84,
0b7cb526-3925-4ed1-9845-0c971f9442f3,12/28/2011,02:30,National Consumer Price Index (YoY) (Nov),MEDIUM,JPY,-0.5%,-0.36,-0.4%,-0.2%,
e69d5bf9-93c1-413a-8c2e-3ecc4d351e08,12/28/2011,02:30,"National CPI ex Food, Energy (YoY) (Nov)",MEDIUM,JPY,-1.1%,0.00,-1.1%,-0.7% ,
12849335-cf56-4a4e-8009-02ff7c6fdbc2,12/28/2011,02:30,National CPI ex Fresh Food (YoY) (Nov),MEDIUM,JPY,-0.2%,0.00,-0.2%,-0.1%,
dae9d5a5-d824-4f17-8f67-05fe46f100b5,12/28/2011,02:30,Overall Household Spending (YoY) (Nov),MEDIUM,JPY,-3.2%,-1.40,-1.2%,-0.4%,
0586d750-5bac-472a-bc5e-ea5fd87fe393,12/28/2011,02:30,Tokyo Consumer Price Index (YoY) (Dec),LOW,JPY,-0.4%,1.47,-0.6%,-0.9% ,
cae19423-c6db-4229-8e44-608b8439c2dd,12/28/2011,02:30,"Tokyo CPI ex Food, Energy (YoY) (Dec)",LOW,JPY,-1.1%,-0.44,-1%,-1% ,
23d27e6d-a02f-4aaa-b561-99f73bf480e8,12/28/2011,02:30,Tokyo CPI ex Fresh Food (YoY) (Dec),LOW,JPY,-0.3%,1.12,-0.4%,-0.5%,
655ac42f-6696-4cf6-b37d-c0759bc63357,12/28/2011,02:30,Unemployment Rate (Nov),MEDIUM,JPY,4.5%,0.00,4.5%,4.4% ,
cb98b581-e2c8-4aeb-a32c-eee9bbfe5563,12/28/2011,02:50,Industrial Production (MoM) (Nov) PREL,LOW,JPY,-2.6%,-1.66,-0.8%,2.4% ,
3f29648b-aa4f-45e4-a08c-e330d41e7857,12/28/2011,02:50,Industrial Production (YoY) (Nov) PREL,MEDIUM,JPY,-4%,-8.00,-2%,0.1%,
2311c740-f24f-4cd8-a649-534ffcc4f020,12/28/2011,02:50,Large Retailer Sales (Nov),MEDIUM,JPY,-2.5%,-0.89,-1.6%,-1.4%,
0a1da55d-83bd-4cfb-9ff2-765a84f6273d,12/28/2011,02:50,Retail Trade (YoY) (Nov),MEDIUM,JPY,-2.2%,-1.64,0%,1.4% ,
bb2d44f4-f5fc-4111-98fe-fc34cc318734,12/28/2011,02:50,Retail Trade s.a (MoM) (Nov),LOW,JPY,-2%,-1.24,-0.5%,1.4%,
7138fc69-4624-4cc5-bf84-d004ba369d38,12/28/2011,04:30,Labor Cash Earnings (YoY) (Nov),LOW,JPY,-0.2%,-0.33,0%,-0.1% ,
8dac1ca2-e1a9-4585-aa21-40320c74da61,12/28/2011,11:30,Retail Sales (MoM) (Nov),LOW,SEK,0.7%,-,-,0.4%,
4bc51f66-1554-4d65-b584-3abb91d1ceea,12/28/2011,11:30,Retail Sales (YoY) (Nov),LOW,SEK,0.6%,-,-,-0.5%,
f23542df-c78f-46aa-a793-75317ec11747,12/28/2011,11:30,Trade Balance (MoM) (Nov),LOW,SEK,3.5B,-,-,7.8B,
5967b525-f15c-45e2-b314-f1e952780c2b,12/28/2011,12:00,UniCredit Bank Manufacturing PMI (Dec),LOW,EUR,-,-,-,-,
b00e87c7-106d-47a8-a76e-9e7ef6e5feff,12/28/2011,13:30,KOF Leading Indicator (Dec),MEDIUM,CHF,0.01,-3.32,0.23,0.35,
30a6a83f-7475-40d0-b967-cdba368377cb,12/28/2011,14:30,M3 Money Supply,LOW,INR,16.5%,-,-,16.3%,
0be1a724-e9fa-4678-8946-4b24ec8a9edd,12/28/2011,15:00,MBA Mortgage Applications,LOW,USD,0.3%,-,-,-2.6%,
b3891315-0eb5-49a5-9cee-d01b9978d82a,12/29/2011,02:00,Consumer Price Index Growth (MoM) (Dec),LOW,KRW,-,-,-,0.1%,
e7c3c17b-2494-4b94-a02a-dc6b89f7e6e9,12/29/2011,02:00,Consumer Price Index Growth (YoY) (Dec),LOW,KRW,-,-,-,4.2%,
d9caf27d-603b-4b65-b1be-111744409dd6,12/29/2011,02:00,Current Account Balance (Nov),LOW,KRW,4.51B,-,-,2.1B,
09039f20-2af7-492b-902c-76f5d4ff64b8,12/29/2011,02:00,Industrial Output (YoY) (Nov),LOW,KRW,5.8%,-,-,6.2%,
ad548c5b-c74b-47fb-8dd1-5e7809761065,12/29/2011,02:00,Industrial Output Growth (Nov),LOW,KRW,-0.4%,-,-,-0.7%,
b29bc7ef-18a5-48d1-9183-cac1309c3d79,12/29/2011,02:00,Service Sector Output (Nov) PREL,LOW,KRW,-,-,-,0.7%,
3a9050e6-f981-4117-9695-11c05c1a9e1f,12/29/2011,09:00,S&P Global Manufacturing PMI (Dec),LOW,RUB,-,-,-,-,
2c9ec0d2-f1e7-44ed-bf23-8aebfd465f94,12/29/2011,10:30,Current Account Balance (QoQ) (Q3),LOW,HUF,0.381,-,-,0.738,
2274c262-cf3d-45ca-8285-4698e230e785,12/29/2011,11:00,Retail Sales (YoY) (Nov),LOW,EUR,-7.3%,-,-,-7%,
a09f2a30-006d-4bd2-9763-21314d881d84,12/29/2011,11:00,Business Confidence (Dec),LOW,EUR,92.5,-,-,94.4,
14049f2e-28ee-4eba-98fa-5a5ebf9ee603,12/29/2011,12:00,M3 Money Supply (3m) (Nov),LOW,EUR,2.5%,-1.32,2.8%,2.8% ,
b6a2bfce-3cb6-4467-8d6b-8faef46a9bb3,12/29/2011,12:00,M3 Money Supply (YoY) (Nov),LOW,EUR,2%,-0.90,2.5%,1.4% ,
58fcd047-edd7-4668-b6b8-1b3e8e55d24b,12/29/2011,13:00,Producer Price Index (YoY) (Nov),LOW,EUR,7.4%,-,-,8.1%,
1a3d8981-f807-4b09-bc08-648995be0fca,12/29/2011,15:00,Industrial Production (YoY) (Nov),LOW,CLP,2%,-,-,-0.8%,
bd4422b5-d55f-4b23-a5bd-71f6e34300ad,12/29/2011,15:00,Unemployment rate (Sep),LOW,CLP,7.1%,-,-,7.2%,
73755996-440c-422c-b257-ae6be3d922d1,12/29/2011,16:30,Continuing Jobless Claims,LOW,USD,3.617M,0.35,3.59M,3.546M,
aee9edf0-ff06-4a65-8596-e7816faecff8,12/29/2011,16:30,Initial Jobless Claims,LOW,USD,387K,1.16,372K,364K,
5f1deef8-f652-452a-9f31-5945e451ba73,12/29/2011,16:33,Consumer Price Index (MoM) (Dec) PREL,MEDIUM,EUR,0.7%,-2.04,0.8%,0%,
33ddbad3-b2f3-4b9d-a559-161b1c2b84ef,12/29/2011,16:45,Consumer Price Index (YoY) (Dec) PREL,MEDIUM,EUR,2.3%,2.31,2.2%,2.4%,
22b70f0d-1cb0-4c7a-acbc-7e825189d9dc,12/29/2011,17:45,Chicago PMI (Dec),LOW,USD,62.2,0.48,61,61.1,
d1e78f15-a235-4ab6-91a4-d0078f7be339,12/29/2011,18:00,Pending Home Sales (MoM) (Nov),LOW,USD,7.3%,1.26,1.5%,3.3% ,
f6e62a53-1265-40fd-bcd8-123fd41fb434,12/29/2011,19:00,EIA Crude Oil Stocks Change,LOW,USD,3.899M,-,-,-10.57M,
39d38e5c-8a6d-45b1-afc2-d0ba7e59b544,12/30/2011,02:15,Jibun Bank Manufacturing PMI (Dec),MEDIUM,JPY,-,-,-,-,
d6bdbb97-67e7-4e22-9498-0d80c40f2a71,12/30/2011,03:30,Private Sector Credit (MoM) (Nov),MEDIUM,AUD,0.3%,0.00,0.3%,0.3% ,
4f3e22c0-5f07-41ca-886a-0001476af665,12/30/2011,03:30,Private Sector Credit (YoY) (Nov),MEDIUM,AUD,3.5%,-0.36,3.6%,3.8% ,
7d6e915e-87f8-4fc2-87b7-f304d9dae085,12/30/2011,05:30,RatingDog Manufacturing PMI (Dec),MEDIUM,CNY,-,-,-,-,
3c57169c-2a20-4ce8-9307-948b19fb0d21,12/30/2011,07:00,S&P Global Services PMI (Dec),LOW,RUB,-,-,-,-,
416a9928-5b35-4ba8-a39f-acd7b65b1a40,12/30/2011,09:00,M3 Money Supply (YoY) (Nov),LOW,ZAR,7.23%,-,-,7.26%,
f45ce89a-aea0-4ed1-8d75-33dc5afcd7d0,12/30/2011,09:00,Private Sector Credit (Oct),LOW,ZAR,6.22%,-,-,5.52%,
1a6464a5-c0d9-4669-837e-4649a5faed4a,12/30/2011,09:30,Infrastructure Output (YoY) (Oct),LOW,INR,6.8%,-,-,0.1%,
ad393518-f9d6-4bee-bf29-9bdfc1b4d0b0,12/30/2011,10:00,Nationwide Housing Prices n.s.a (YoY) (Dec),MEDIUM,GBP,1%,-10.61,1.5%,1.6%,
7ab92168-9f21-44bd-bc71-521be0bbe81d,12/30/2011,10:00,Nationwide Housing Prices s.a (MoM) (Dec),LOW,GBP,-0.2%,-0.41,0%,0.4%,
0aceeb40-c50c-493a-ae4f-bb08ca894b68,12/30/2011,11:00,Current Account Balance (Oct),LOW,EUR,€0.46B,-,-,€-2.06B,
9164f093-42dc-406f-84eb-b73a5e908048,12/30/2011,11:00,Harmonized Index of Consumer Prices (YoY) (Dec) PREL,LOW,EUR,2.3%,-,-,2.9%,
241ae74e-691a-4d6e-949c-4cedafba700a,12/30/2011,12:00,Foreign Debt (Q3),LOW,CZK,73.88B,-,-,73.18B,
02eedf82-2a7a-40db-84ce-456d61ec574b,12/30/2011,12:00,M2 Money Supply (YoY) (Nov),LOW,CZK,5.2%,-,-,4.3%,
9f26e398-1fe0-4c6d-8b04-3c8f26300b97,12/30/2011,12:00,Producer Price Index (MoM) (Nov),LOW,EUR,0.3%,-,-,-0.1%,
ddb10e3f-7020-4019-aaa3-abf8f164f623,12/30/2011,12:00,Producer Price Index (YoY) (Nov),LOW,EUR,4.4%,-,-,4.5%,
0422d940-880c-4016-9ed2-01b1b66cd963,12/30/2011,13:00,Retail Sales (YoY) (Oct),LOW,EUR,-10.8%,-,-,-6.5%,
09e54ab9-f852-4a59-9095-1ab369764c0a,12/30/2011,13:30,Bank Loan Growth,LOW,INR,17.1%,-,-,17.7%,
df481c42-50fe-47e3-9861-5864eb27fb4c,12/30/2011,13:30,"Federal Fiscal Deficit, INR (Apr)",LOW,INR,"3,533.69B",-,-,"3,070.09B",
ed1bc037-18cf-4462-87c2-62c2f2026c5a,12/30/2011,14:00,Current Account Balance $ (Q3),LOW,INR,$-16.9B,-,-,$-14.1B,
46c33d13-1993-488e-9062-45b2cb973243,12/30/2011,14:30,Balance Payment $ (Q2),LOW,INR,$276B,-,-,$5.4B,
1973ca95-c9b0-485b-bf4c-6bd6b805a382,12/30/2011,14:30,Trade Deficit – RBI (Q2),LOW,INR,-43.9B,-,-,-35.4B,
66a81ca1-285e-45aa-b856-72f0b1921cda,12/30/2011,15:00,Trade Balance (in Rands) (Nov),LOW,ZAR,-8B,-,-,-9.6B,
08e6aadb-55b3-4686-87aa-bdb5468baba9,12/30/2011,23:30,"Fiscal Balance, pesos (Nov)",LOW,MXN,-33.2B,-,-,-0.9B,
9b502ca8-8518-4e32-9999-10fa6e679d64,12/31/2011,03:00,New Year's Eve,NONE,EUR,,,,,ALL DAY
f708c9e7-af6d-4b92-a459-f8a07f421bdf,12/31/2011,03:00,Bank Holiday,NONE,JPY,,,,,ALL DAY
390e015d-16b5-4d8e-b05c-89bf9b2d1858,12/31/2011,03:00,New Year's Day,NONE,USD,,,,,ALL DAY