Id,Date,Time,Name,Impact,Currency,Actual,Deviation,Consensus,Previous,Sentiment
8e76c0c1-ddfd-44df-a1d5-0bff7d04b3ab,01/01/2009,03:00,New Year's Day,NONE,AUD,,,,,ALL DAY
af5f1558-1566-4401-918f-a4b5aa81eb8d,01/01/2009,03:00,New Year's Day,NONE,JPY,,,,,ALL DAY
1e2d783c-40f5-49c6-ac5c-22d1cf56e1cd,01/02/2009,08:30,RBA Commodity Index SDR (YoY) (Dec),LOW,AUD,31.5%,-,-,35%,
08daad84-ee76-4692-8c9d-0178bdeaebbe,01/02/2009,11:00,RBI Interest Rate Decision (Repo Rate),LOW,INR,5.5%,-,-,6.5%,
09120415-77e7-4532-9f9c-a7d71025a9b3,01/02/2009,11:55,HCOB Manufacturing PMI (Dec),MEDIUM,EUR,-,-,-,-,
a351454d-2cc7-4415-84aa-4ad36b6fdebd,01/02/2009,12:00,HCOB Manufacturing PMI (Dec),LOW,EUR,-,-,-,-,
52df3c3a-8d00-4f8d-928b-3f75df8e3bb8,01/02/2009,12:30,Bank of England Credit Conditions Report (QoQ) (Q4),MEDIUM,GBP,-,-,-,-,
91a9139e-f0bc-4781-a1e4-c7f6755ecee6,01/02/2009,12:30,Consumer Credit (Nov),LOW,GBP,£0.75B,-,-,£0.8B,
b9d7486c-6117-4b2a-bd26-a196614e2625,01/02/2009,12:30,M4 Money Supply (MoM) (Nov),LOW,GBP,1.2%,-,-,1.2%,
f97a671f-0306-41d2-8d85-ccee98d04239,01/02/2009,12:30,M4 Money Supply (YoY) (Nov),LOW,GBP,16.6%,-,-,16.3%,
87b6a099-0ecb-49ea-a426-401c9a9ab97a,01/02/2009,12:30,M4 Sterling Lending (Dec),LOW,GBP,£12.1B,-,-,£17.8B,
0153c01b-7cf8-4ad6-8d43-0b862e6e9917,01/02/2009,12:30,Mortgage Approvals (Nov),LOW,GBP,27K,-,-,32K,
2c9d6e18-1b05-48b8-9a60-2c1b758cb99b,01/02/2009,12:30,Net Lending to Individuals (MoM) (Nov),LOW,GBP,£1.6B,-,-,£1.3B,
5f09abed-04d3-40a6-bc8d-4bb1f9f5ed9e,01/02/2009,12:30,S&P Global Manufacturing PMI (Dec),LOW,GBP,-,-,-,-,
fb5d46f5-b26a-49b5-bfe3-53be9d43424e,01/02/2009,13:00,Halifax House Prices (MoM) (Dec),MEDIUM,GBP,-2.2%,-,-,-2.6%,
37293adf-f148-4d5a-b4df-196d3283fc7b,01/02/2009,13:00,Halifax House Prices (YoY/3m) (Dec),MEDIUM,GBP,-16.2%,-,-,-14.9%,
3a8af7de-fef9-4112-b779-c189d0875253,01/02/2009,18:00,ISM Manufacturing PMI (Dec),MEDIUM,USD,32.4,-,-,39,
364b9be9-4a79-48c1-9f59-d00d78212aea,01/05/2009,08:00,Vehicle Sales (YoY) (Dec),LOW,JPY,-16.7%,-,-,-18.2%,
20a2013a-a9af-4dd1-9e89-da177f7f0bf5,01/05/2009,11:30,SVME - Purchasing Managers' Index (Dec),MEDIUM,CHF,36.5,-,-,35.2,
ea8686b2-bb41-4ba6-985f-4411102943b3,01/05/2009,12:30,Sentix Investor Confidence (Jan),LOW,EUR,-34.4,-,-,-42.3,
9433f711-d964-4277-98fb-ac497b2c9f9b,01/05/2009,12:30,S&P Global Construction PMI (Dec),LOW,GBP,-,-,-,-,
8596f765-bc93-4cda-84e4-9cc88baf2011,01/05/2009,18:00,Construction Spending (MoM) (Nov),LOW,USD,-1.2%,0.16,-1.3%,-0.3% ,
32d90e35-4f37-488f-8eba-59121eda1989,01/06/2009,02:30,Monetary Base (YoY) (Dec),LOW,JPY,1.8%,-,-,1.9%,
29884bf8-3c42-4347-935c-52e4447887fe,01/06/2009,10:00,Nationwide Housing Prices s.a (MoM) (Dec),MEDIUM,GBP,-2.5%,-,-1.5%,-0.4%,
8d0c7278-d48e-42b5-bcb6-fcfa76ab0471,01/06/2009,10:05,Nationwide Housing Prices n.s.a (YoY) (Dec),MEDIUM,GBP,-15.9%,-,-14.7%,-13.9%,
62c16119-e04b-461d-bb4e-7ee5b44b6c75,01/06/2009,11:55,HCOB Services PMI (Dec),LOW,EUR,-,-,46.4,-,
4ae28720-bdf1-4288-9fc8-7a1c47506876,01/06/2009,12:00,HCOB Services PMI (Dec),NONE,EUR,-,-,42,-,
5404b3ef-7d0e-4eaf-bbd3-aad63e11c4f6,01/06/2009,12:30,S&P Global Services PMI (Dec),LOW,GBP,-,-,40.1,-,
3d904806-f392-4eed-81e8-9cef35d7264c,01/06/2009,13:00,Harmonized Index of Consumer Prices (YoY) (Dec) PREL,MEDIUM,EUR,1.6%,-,1.8%,2.1%,
3d6bd437-be6d-4c85-b83c-c0bcdc63cc35,01/06/2009,16:30,Industrial Product Price (MoM) (Nov),MEDIUM,CAD,-2.9%,-,-1%,0% ,
5e6bb1b1-e5bd-4b59-b626-8575711bfc1f,01/06/2009,18:00,Factory Orders (MoM) (Nov),MEDIUM,USD,-6.5%,-2.98,-2.3%,-6.7% ,
6de82324-d883-4458-8373-d117cd4b619b,01/06/2009,18:00,ISM Services PMI (Dec),LOW,USD,40.1,1.23,37,37.8,
d5f1e934-8a62-47b0-903e-d54e68156df6,01/06/2009,18:00,Pending Home Sales (MoM) (Nov),MEDIUM,USD,-4%,-0.68,-1%,-7.6% ,
c9a18a21-1d0d-4b1b-be2a-1c85ce475800,01/06/2009,22:00,FOMC Minutes,HIGH,USD,,,,,REPORT
d37b3703-5224-448a-8bc1-f7ddb46f187b,01/07/2009,00:45,Trade Balance NZD (MoM) (Nov),MEDIUM,NZD,$-588M,-,$-838M,$-942M,
20a4fc7b-9f61-4488-8358-b98f1c98c18d,01/07/2009,03:00,Consumer Inflation Expectations (Jan),LOW,AUD,2.7%,-,-,2.5%,
d1f7cb9b-fe6a-4686-81e5-f319c673c54d,01/07/2009,03:01,Nationwide Consumer Confidence (Dec),MEDIUM,GBP,48,-,-,50,
2f9dde67-eb7b-48c7-8beb-ddedde8a2293,01/07/2009,03:30,Retail Sales s.a. (MoM) (Dec),MEDIUM,AUD,0.2%,-,-,0.2% ,
3091d8c4-0603-44cb-9593-17f93bb4302d,01/07/2009,11:55,Unemployment Change (Dec),LOW,EUR,18K,-,10K,-10K,
6dc10c26-585a-47b2-a729-a909a62095ad,01/07/2009,11:55,Unemployment Rate s.a. (Dec),MEDIUM,EUR,7.8%,-,-,7.5% ,
bfe6df4f-182d-419c-be9f-6e1f380984b0,01/07/2009,13:00,Producer Price Index (MoM) (Nov),LOW,EUR,-2.1%,-,-0.9%,-0.8%,
dfd5d24a-81c2-47c1-b40d-4cef0016f6e5,01/07/2009,13:00,Producer Price Index (YoY) (Nov),LOW,EUR,2.9%,-,4.5%,6.3% ,
233030c2-8c85-443a-985b-0fa64407bca6,01/07/2009,15:00,MBA Mortgage Applications,LOW,USD,-8.2%,-,-,0%,
217c9977-2a67-42f1-9da6-fae16002705a,01/07/2009,16:15,ADP Employment Change (Dec),HIGH,USD,-659K,-1.71,-450K,-435K,
95055b7c-1192-467e-a7c5-9e28ce496f12,01/07/2009,18:35,Barack Obama Press Conference,MEDIUM,USD,,,,,SPEECH
ef87ddef-9ba8-48e6-bcd6-04e963c2e153,01/07/2009,18:35,EIA Crude Oil Stocks Change,NONE,USD,6.7M,-,-,0.5M,
c62f4532-8f1b-4fa1-8b5b-f89ec5ea56ba,01/08/2009,03:30,Building Permits (MoM) (Nov),NONE,AUD,-10.2%,-,-,-5.4%,
902c463a-e0e3-42b1-bedc-8dd8385a5ed4,01/08/2009,03:30,Building Permits (YoY) (Nov),LOW,AUD,-34.43%,-,-,-26%,
902d15f1-5609-4b58-bd24-4c24f35675e4,01/08/2009,03:30,Trade Balance (MoM) (Nov),MEDIUM,AUD,1.005M,-,-,"2,389M",
2891418d-d0dc-4e31-ad60-a9b75ea9f633,01/08/2009,09:45,Unemployment Rate s.a (MoM) (Dec),LOW,CHF,3%,-,2.9%,2.7%,
826756ab-7500-4a32-8ea6-b78ec6c3c1a9,01/08/2009,10:00,Trade Balance s.a. (Nov),LOW,EUR,€15.84B,-,-,€16.4B,
cda2db62-07ec-49d5-b253-3d477a50305a,01/08/2009,11:15,Consumer Price Index (MoM) (Dec),MEDIUM,CHF,-0.5%,-,-0.4%,-0.7%,
84e4046b-4822-4af0-a890-eca14493aa74,01/08/2009,11:15,Consumer Price Index (YoY) (Dec),MEDIUM,CHF,0.7%,-,0.9%,1.5%,
890b1746-0d06-459a-b113-76fc35849478,01/08/2009,13:00,Consumer Confidence (Dec),MEDIUM,EUR,-30.8,-,-26,-25,
e9e5a4b7-1427-4214-b48a-bc8ea256eb6b,01/08/2009,13:00,Economic Sentiment Indicator (Dec),LOW,EUR,70.4,-,72,74.9,
e723045a-f575-4771-b039-46eaf55e19d4,01/08/2009,13:00,Gross Domestic Product s.a. (QoQ) (Q3),MEDIUM,EUR,-0.6%,-,-0.2%,-0.2%,
b8ffa93f-dad3-4773-b85f-e12db55ac8c6,01/08/2009,13:00,Gross Domestic Product s.a. (YoY) (Q3),MEDIUM,EUR,0.1%,-,0.6%,0.6%,
1a03a46a-0a72-4beb-8ceb-1987068630e4,01/08/2009,13:00,Industrial Confidence (Dec),LOW,EUR,-33.2,-,-30,-25,
5b580a8b-ff72-4f41-8c30-caf10853b3ba,01/08/2009,13:00,Unemployment Rate (Nov),MEDIUM,EUR,8%,-,7.8%,7.7%,
5304045f-adc1-467c-8b17-e976a361ecbb,01/08/2009,14:00,Factory Orders n.s.a. (YoY) (Nov),MEDIUM,EUR,-26.1%,-,-19.7%,-17.5% ,
087b9551-e499-4407-97cc-a7615b71ad2d,01/08/2009,14:00,Factory Orders s.a. (MoM) (Nov),MEDIUM,EUR,-7.3%,-,-1.6%,-6.3% ,
fb764c66-06b7-4767-b722-06da224445b4,01/08/2009,15:00,BoE Interest Rate Decision,HIGH,GBP,1.5%,0,1.5%,2%,
af5306eb-be47-41b8-8fc2-26d00da2ec14,01/08/2009,16:30,Continuing Jobless Claims,LOW,USD,4.611M,-,-,4.506M,
be3fed2c-3f10-4169-8a2f-9d2121bb14ee,01/08/2009,16:30,Initial Jobless Claims,MEDIUM,USD,467K,-,540K,492K,
fd5bd126-dffa-48f9-9c6c-c46fc80c995f,01/08/2009,18:00,Ivey Purchasing Managers Index (Dec),MEDIUM,CAD,39.1,-,37.5,40.2,
80bb40b2-e29f-49f8-8f2f-38ed0f257c04,01/08/2009,23:00,Consumer Credit Change (Nov),LOW,USD,$-11B,-1.29,$-0.5B,$3.34B,
f7d37768-e5e2-4bae-a41e-a6f646c65787,01/09/2009,03:01,NIESR GDP Estimate (3M) (Jan),MEDIUM,GBP,-1.5%,-,-,-1%,
dd6fc805-988f-41fc-a759-ba098a30417b,01/09/2009,08:00,Coincident Index (Nov) PREL,LOW,JPY,94.9,0,94.9,97.7,
bed2e7c6-58b0-4565-88f3-9d02d0cba000,01/09/2009,08:00,Eco Watchers Survey: Current (Dec),LOW,JPY,15.9,-,-,21,
fa4dd3ca-bf0c-4acb-8001-59ca7371b8d4,01/09/2009,08:00,Eco Watchers Survey: Outlook (Dec),MEDIUM,JPY,17.6,-,-,24.7,
3fff3b2b-e871-432d-94c3-e174becbf1a0,01/09/2009,08:00,Leading Economic Index (Nov) PREL,LOW,JPY,81.5,-,81.4,85.2,
98ae3b87-3e22-4112-a620-42b287dfdad5,01/09/2009,10:00,Retail Sales (MoM) (Nov),LOW,EUR,0.3%,-,-,-1.6% ,
b5ca8dbf-19c5-4518-a7ef-d8b1a1f8741e,01/09/2009,10:00,Retail Sales (YoY) (Nov),MEDIUM,EUR,-3%,-,-,-1.5%,
13761302-90f5-429b-8dbd-7a2a75791323,01/09/2009,12:30,Industrial Production (MoM) (Nov),MEDIUM,GBP,-2.3%,-,-0.5%,-1.7% ,
6e7be02c-eca1-4cd4-97b4-23d7b6009f25,01/09/2009,12:30,Industrial Production (YoY) (Nov),MEDIUM,GBP,-6.9%,-,-5.2%,-5.2%,
82022a0c-5c1d-4fe3-9154-48a0ceaa002a,01/09/2009,12:30,Manufacturing Production (MoM) (Nov),MEDIUM,GBP,-2.9%,-,-0.9%,-1.4%,
d3dd2c2e-55db-4180-b34a-e99189bf036f,01/09/2009,12:30,Manufacturing Production (YoY) (Nov),MEDIUM,GBP,-7.4%,-,-5.2%,-4.9% ,
5e3b808e-8c41-4326-89a1-a5622486285d,01/09/2009,12:30,Producer Price Index - Input (MoM) n.s.a (Dec),MEDIUM,GBP,-2%,0,-2%,-3.3%,
6c66d0f4-860d-4974-90a1-e10d5f2fdf76,01/09/2009,12:30,Producer Price Index - Input (YoY) n.s.a (Dec),MEDIUM,GBP,4.3%,-,3%,7.5%,
5c93311a-be64-4905-92fb-9ec8f22a7db2,01/09/2009,12:30,Producer Price Index - Output (MoM) n.s.a (Dec),MEDIUM,GBP,0%,-,-0.6%,-0.7%,
a8aecf18-fcd7-4add-aefe-9eb88f7a5c72,01/09/2009,12:30,Producer Price Index - Output (YoY) n.s.a (Dec),MEDIUM,GBP,4.7%,-,4.6%,5.1%,
19a76476-c50d-4f93-a84c-39fe135888bf,01/09/2009,13:00,Retail Sales (MoM) (Nov),MEDIUM,EUR,0.32%,-,-0.1%,-1.32% ,
1d741d78-bff2-472d-aa7d-7a43400bb751,01/09/2009,13:00,Retail Sales (YoY) (Nov),MEDIUM,EUR,-1.64%,-,-1.6%,-2% ,
04d6bebb-9f9e-4090-8f21-a839dface7d8,01/09/2009,14:00,Industrial Production n.s.a. w.d.a. (YoY) (Nov),MEDIUM,EUR,-7.35%,-,-5.5%,-3.8%,
39b735bd-7be6-4937-b575-074eb3318886,01/09/2009,14:00,Industrial Production s.a. (MoM) (Nov),MEDIUM,EUR,-4.4%,-,-2%,-2.1%,
5c4b2073-f138-4c32-abd0-5c9ab7a0b546,01/09/2009,15:00,Net Change in Employment (Dec),MEDIUM,CAD,-40K,-,-20K,-71K,
77b59f61-ab68-4728-81c4-fd0c0203889f,01/09/2009,15:00,Unemployment Rate (Dec),MEDIUM,CAD,6.6%,-,6.5%,6.3%,
2cec075b-249f-4c5b-9904-6cb1fccc38af,01/09/2009,16:15,Housing Starts s.a (YoY) (Dec),MEDIUM,CAD,172K,-0.17,175K,169.6K,
a6fa20d0-3e41-4f33-9afc-36e70d204b8e,01/09/2009,16:30,Building Permits (MoM) (Nov),LOW,CAD,-10.4%,-,-,-17.1% ,
db612c40-3002-4982-8230-fe3b5b539b22,01/09/2009,16:30,Average Hourly Earnings (MoM) (Dec),HIGH,USD,0.3%,0.98,0.2%,0.6% ,
3062c320-eae0-4570-a91d-f38307895348,01/09/2009,16:30,Average Hourly Earnings (YoY) (Dec),HIGH,USD,3.7%,-,-,3.6% ,
81dc6b44-87e0-4b43-b6a9-14eb0bf17d25,01/09/2009,16:30,Average Weekly Hours (Dec),HIGH,USD,33.3,-2.50,33.5,34.1,
a29fe30f-c1d6-44cc-acc7-1b7804dc0b9a,01/09/2009,16:30,Nonfarm Payrolls (Dec),HIGH,USD,-577K,-,-480K,-533K,
b99d2499-2e83-4bce-bd49-5038a7ae0317,01/09/2009,16:30,Unemployment Rate (Dec),HIGH,USD,7.2%,1.08,7%,6.8% ,
7757404a-9081-4194-993e-d480774492f2,01/09/2009,18:00,Wholesale Inventories (Nov),LOW,USD,-0.6%,-,-0.8%,-1.1% ,
8c1f6f0d-363a-4851-90e4-14c7ba2652ad,01/12/2009,02:50,Producer Price Index (MoM) (Jan),LOW,JPY,-1.1%,-,-,-1.9%,
e993dda4-fabf-4663-b6cf-2e90b2c9c000,01/12/2009,03:30,ANZ Job Advertisements (Dec),LOW,AUD,-9.6%,-,-,-8.6% ,
263f196a-56e9-40ff-a6e3-dbd0090abafe,01/12/2009,10:00,ECB's President Trichet speech,MEDIUM,EUR,,,,,SPEECH
6f9fed53-42d9-4787-93b5-1b9533d8cde3,01/12/2009,16:30,New Housing Price Index (YoY) (Discontinued) (Nov),LOW,CAD,0.7%,-,-,1.5%,
914ba43f-c9c2-4a15-b293-756c817e28aa,01/12/2009,18:30,Bank of Canada Business Outlook Survey (Dec),HIGH,CAD,,,,,REPORT
6c4f1b37-7f8a-45e0-97af-11c53ade9826,01/13/2009,00:00,NZIER Business Confidence (QoQ) (Q4),LOW,NZD,-64%,-,-,-19%,
93f16046-fa6c-4be2-bd33-dc6ed6c5b5f2,01/13/2009,02:50,Current Account n.s.a. (Nov),LOW,JPY,¥557B,-0.40,¥620B,¥862.5B,
1bf030a6-df41-4b08-a0e3-1e60a8d14e34,01/13/2009,02:50,Money Supply M2+CD (YoY) (Dec),LOW,JPY,1.8%,-,1.7%,1.7%,
77af27bb-3dde-49c1-b35d-959feaa67c5d,01/13/2009,02:50,Trade Balance - BOP Basis (Nov),MEDIUM,JPY,¥-93.4B,-,-,¥278.4B,
5546bc31-2034-4dba-a30c-900d06ef5d94,01/13/2009,03:01,BRC Like-For-Like Retail Sales (YoY) (Dec),MEDIUM,GBP,-3.3%,-,-,-2.6%,
e14e9c5d-8056-4bd7-b98d-087d146289b7,01/13/2009,03:01,RICS Housing Price Balance (Dec),LOW,GBP,-73%,-,-74%,-76%,
8bc1ae35-4d71-495a-a0ff-52b2890464fe,01/13/2009,09:00,Wholesale Price Index (MoM) (Nov),LOW,EUR,-3.2%,-,-,-,
c8a620ab-4750-40fa-9029-8de2efbd0d2a,01/13/2009,12:00,ECB's President Trichet speech,MEDIUM,EUR,,,,,SPEECH
a3bca0ec-8cf0-4b6a-8dad-300d80592970,01/13/2009,12:30,Goods Trade Balance (Nov),HIGH,GBP,£-8.1B,-1.23,£-7.6B,£-6.779B,
80557dd9-7df3-475c-bd88-efdab3a54b2e,01/13/2009,12:30,Trade Balance; non-EU (Nov),HIGH,GBP,£-4B,-0.56,£-3.7B,£-3.439B,
5dbd40ac-f3c4-4b7c-81e3-d4ecd02940bf,01/13/2009,12:36,DCLG House Price Index (YoY) (Nov),LOW,GBP,-8.6%,-,-8.5%,-7.4%,
94e22c79-f17f-473a-abc5-97add8c19e99,01/13/2009,16:00,Former Fed's Chair Bernanke speech,MEDIUM,USD,,,,,SPEECH
f5772619-5433-4306-b6eb-643ee45d0532,01/13/2009,16:30,International Merchandise Trade (Nov),MEDIUM,CAD,$0.819B,-3.52,$3.2B,$2.61B,
f744053e-0727-4600-88b4-f2c0327d048d,01/13/2009,16:30,Goods and Services Trade Balance (Nov),HIGH,USD,$-41.58B,3.59,$-51.4B,$-60.9B,
48fd2d45-ce8d-4fb7-936e-ffbef210ed14,01/13/2009,22:00,Fed's Kohn speech,MEDIUM,USD,,,,,SPEECH
003b3307-47d4-417c-9e59-1778f5746930,01/13/2009,22:00,Monthly Budget Statement (Dec),LOW,USD,$-83.6B,-,$-82B,$-164.4B,
027cbc47-2a43-4961-a666-203339cc3e97,01/14/2009,00:45,Building Permits s.a. (MoM) (Nov),LOW,NZD,4%,-,-,-21.9% ,
b0af62be-c635-43b5-9f5c-c5af132f3c79,01/14/2009,03:30,Home Loans (Q4),LOW,AUD,3.02%,-,1%,1.4% ,
2cffc4a7-35f2-4d4f-ac07-a2e6c0735cea,01/14/2009,03:30,Investment Lending for Homes (Q4),NONE,AUD,-6.1%,-,-,0.7%,
b7aa047b-0dea-47dd-ace1-3324adb094a2,01/14/2009,09:00,Machine Tool Orders (YoY) (Dec) PREL,LOW,JPY,-71.9%,-,-,-62.1%,
5f9da331-c45b-47f7-a375-057487b0682c,01/14/2009,11:15,Real GDP Growth,LOW,EUR,1.3%,-,-,2.5%,
bf347972-3a93-4824-83eb-21cdc8e3fe32,01/14/2009,13:00,Industrial Production s.a. (MoM) (Nov),LOW,EUR,-3%,-,-1.8%,-1.2%,
fde7d9ed-5acf-499a-85a2-31f5bed3233e,01/14/2009,13:00,Industrial Production w.d.a. (YoY) (Nov),LOW,EUR,-9.05%,-,-5.8%,-5.3% ,
38f392a7-c5cc-41a8-99aa-f0bce7e99b06,01/14/2009,15:00,MBA Mortgage Applications,LOW,USD,15.8%,-,-,-8.2%,
7df88da4-7f60-4ec4-a340-7de796b34572,01/14/2009,16:30,Import Price Index (MoM) (Dec),MEDIUM,USD,-5%,0.44,-5.3%,-7.4% ,
b6a64a8d-5ba0-483e-9320-403314795df4,01/14/2009,16:30,Import Price Index (YoY) (Dec),MEDIUM,USD,-10.3%,-,-,-5.9% ,
eee513d0-f057-4632-b105-1880550d6e3c,01/14/2009,16:30,Philadelphia Fed's Plosser speech,LOW,USD,,,,,SPEECH
237cfd84-c93a-4805-ba43-f0960068d9e6,01/14/2009,16:30,Retail Sales (MoM) (Dec),HIGH,USD,-3%,-3.89,-1.2%,-3.9% ,
073575a1-a0a6-4047-abe6-42152bbda56b,01/14/2009,16:30,Retail Sales ex Autos (MoM) (Dec),HIGH,USD,-3.1%,-4.07,-1.4%,-4% ,
f7492de8-afaf-41a3-98a9-21473ed3b32f,01/14/2009,18:00,Business Inventories (Nov),LOW,USD,-1.1%,-1.49,-0.5%,-0.9% ,
6c2beb0e-7a28-43d3-8ae3-4f7ca1538f36,01/14/2009,18:35,EIA Crude Oil Stocks Change,NONE,USD,1.2M,-,-,6.7M,
f8e15314-eb9e-471a-b47b-e34c13728607,01/14/2009,21:00,Fed Minneapolis's Kocherlakota speech,LOW,USD,,,,,SPEECH
23b5805f-df34-43ba-8e5b-3519fe7ab921,01/14/2009,22:00,Fed's Beige Book,HIGH,USD,,,,,REPORT
4065c5b9-a74f-41bc-bddd-546af0538549,01/15/2009,02:50,Machinery Orders (MoM) (Nov),LOW,JPY,-16.2%,-1.01,-8%,-6% ,
5eacefcd-9a2b-4ab9-8e34-fcf6bdfd383c,01/15/2009,02:50,Producer Price Index (YoY) (Dec),LOW,JPY,1.1%,-,0.8%,2.8%,
a0bd9d4a-551c-4808-90a5-0da77c7e6cf6,01/15/2009,03:30,Employment Change s.a. (Dec),MEDIUM,AUD,3.416K,-,-20K,-16.2K,
ee7f6dad-5284-44cc-8367-dabbbdc92402,01/15/2009,03:30,Unemployment Rate s.a. (Dec),MEDIUM,AUD,4.6%,-,4.5%,4.4% ,
7591743c-0042-4c81-9cb6-913ef0d4152a,01/15/2009,07:00,Tokyo Condominium Sales (YoY),LOW,JPY,-18.2%,-,-,-14.9%,
c41238c8-bc26-4f96-b85f-3c25873bda0a,01/15/2009,10:00,Consumer Price Index (MoM) (Dec),LOW,EUR,0.3%,0,0.3%,0.3%,
75ae4c71-2469-4ad0-893a-26019d679fb2,01/15/2009,10:00,Consumer Price Index (YoY) (Dec),LOW,EUR,1.1%,0,1.1%,1.1%,
77432d3e-fd8e-4cf2-baec-d9e440940e33,01/15/2009,13:00,Core Harmonized Index of Consumer Prices (YoY) (Dec),MEDIUM,EUR,1.8%,0,1.8%,1.9%,
078673e4-0a42-46fc-a3c3-5d4cbd934704,01/15/2009,13:00,Harmonized Index of Consumer Prices (MoM) (Dec),MEDIUM,EUR,-0.1%,0,-0.1%,-0.5%,
2e43cda1-dd82-4762-9d27-bbf698bff9de,01/15/2009,13:00,Harmonized Index of Consumer Prices (YoY) (Dec),MEDIUM,EUR,1.6%,0,1.6%,1.6%,
520b548c-0d96-45a3-ad8a-5ece3b0d61b1,01/15/2009,15:45,ECB Main Refinancing Operations Rate,HIGH,EUR,2%,0,2%,2.5%,
8922ae29-864c-4ee5-8531-e511eeb09879,01/15/2009,16:30,New Motor Vehicle Sales (MoM) (Nov),LOW,CAD,-7.2%,-,-7.4%,-0.9% ,
c2f14145-70cf-4501-9562-4abfca13649d,01/15/2009,16:30,ECB's President Trichet speech,HIGH,EUR,,,,,SPEECH
5cade259-57da-415a-bfaa-6eaa9c3b329b,01/15/2009,16:30,Continuing Jobless Claims,MEDIUM,USD,4.497M,-,-,4.611M,
d6867372-9e6a-4c5d-b0fc-a706b4c868c8,01/15/2009,16:30,Initial Jobless Claims,LOW,USD,527K,-,-,467K,
9a6f00fc-528a-432d-a844-ff134fcc002d,01/15/2009,16:30,NY Empire State Manufacturing Index (Dec),MEDIUM,USD,-22.2,0.35,-25,-22.6,
f4b60753-7579-489d-a99d-fa38f8c5c8c3,01/15/2009,16:30,Producer Price Index (MoM) (Dec),MEDIUM,USD,-1.9%,-,-2%,-2.2%,
7170f49b-d1d5-4b84-93ec-cd3555c89a72,01/15/2009,16:30,Producer Price Index (YoY) (Dec),LOW,USD,-0.9%,-,-,0.4%,
b20231c3-d8d7-45fe-8ffa-3910b9a08253,01/15/2009,16:30,Producer Price Index ex Food & Energy (MoM) (Dec),MEDIUM,USD,0.2%,-,0.1%,0.1%,
f3d2a224-002e-4ac9-91c5-1cc2b1856106,01/15/2009,18:00,Philadelphia Fed Manufacturing Survey (Jan),MEDIUM,USD,-24.3,0.76,-35,-37.6,
9e14e37d-f623-41f6-88a0-b8f5228043c3,01/16/2009,11:00,Danmarks Nationalbank's interest rate change,NONE,DKK,2.75%,-,-,3.5%,
5c757af5-b93f-4d94-96a3-f70b1e995de7,01/16/2009,11:00,CBRT Interest Rate Decision,LOW,TRY,13%,-,-,15%,
f1c6bb07-4b39-434a-9383-445918294c97,01/16/2009,11:15,Producer and Import Prices (MoM) (Dec),MEDIUM,CHF,-0.7%,-,-0.6%,-1.4%,
08347434-717c-447d-96c5-0f97bbe6f03f,01/16/2009,11:15,Producer and Import Prices (YoY) (Dec),LOW,CHF,0.4%,-,0.6%,1.1%,
0f2cfd06-b808-4dd2-ae4f-407e5eddd947,01/16/2009,13:00,Trade Balance n.s.a. (Nov),LOW,EUR,€-6.498B,-,€-4.8B,€0.5B,
e21c5e15-0530-4da8-87a7-8b44ef52d4e9,01/16/2009,13:00,Trade Balance s.a. (Nov),LOW,EUR,€-4B,-,-,€-1.3B,
db8b02ea-f149-4b00-9e84-5bff24f07515,01/16/2009,16:30,Consumer Price Index (MoM) (Dec),MEDIUM,USD,-0.8%,0.38,-0.9%,-1.8% ,
929a2b1e-4694-484f-b1df-5421b7697a54,01/16/2009,16:30,Consumer Price Index (YoY) (Dec),MEDIUM,USD,0.1%,-,-0.1%,1.1%,
622064ed-954f-4ec6-acfc-ef700d52ad65,01/16/2009,16:30,Consumer Price Index ex Food & Energy (MoM) (Dec),HIGH,USD,0%,-0.75,0.1%,0.1% ,
c7ab1198-5213-4fdb-9446-1747a5abb487,01/16/2009,16:30,Consumer Price Index ex Food & Energy (YoY) (Dec),HIGH,USD,1.8%,-,1.9%,2%,
bb3d64eb-b304-44e2-84b6-18c328462541,01/16/2009,17:00,Net Long-Term TIC Flows (Nov),MEDIUM,USD,$-25.8B,-1.86,$2B,$-5.4B,
94342710-4c3c-4b58-99c6-2dfeccabcd34,01/16/2009,17:00,Total Net TIC Flows (Nov),MEDIUM,USD,$61.3B,-,-,$272.9B,
c181a8c4-9a6d-459d-8de3-653e65613244,01/16/2009,17:15,Capacity Utilization (Dec),LOW,USD,73.3%,-1.64,74.7%,74% ,
e0aa1b97-caf6-4415-9f62-8ebb952d90ed,01/16/2009,17:15,Industrial Production (MoM) (Dec),LOW,USD,-2.4%,-0.77,-0.8%,-1.3%,
8c89a8b5-e77c-45a3-bd2b-0a41859f8413,01/16/2009,18:00,Michigan Consumer Sentiment Index (Jan) PREL,LOW,USD,61.9,-,59,60.1,
5fb8f733-c3b3-4daf-8414-1a70a6c64620,01/19/2009,03:01,Rightmove House Price Index (MoM) (Jan),LOW,GBP,-1.9%,-,-,-2.3%,
d36bc05a-729a-42eb-9682-6c7981512927,01/19/2009,03:01,Rightmove House Price Index (YoY) (Jan),LOW,GBP,-7.3%,-,-,-6.3%,
ff994bad-df10-44a5-9f8c-f50d5cd15b0a,01/19/2009,07:30,Capacity Utilization (Nov),LOW,JPY,-9.4%,-,-,-2.5% ,
0332a8d1-55e5-46d0-a5c0-5262c66326f9,01/19/2009,07:30,Industrial Production (MoM) (Nov),LOW,JPY,-10%,-,-,-8.1%,
8a98c525-1fec-4587-b07e-3593a9b74482,01/19/2009,07:30,Industrial Production (YoY) (Nov),LOW,JPY,-16.6%,-,-,-16.2%,
30435265-a289-46dc-9fcf-e71368e22f7d,01/19/2009,11:15,Real Retail Sales (YoY) (Nov),LOW,CHF,2.5%,-,1.5%,2.9%,
678b1e82-c16d-47a7-8f64-ec1199e6e52f,01/19/2009,12:30,ECB's President Trichet speech,MEDIUM,EUR,,,,,SPEECH
9226b41a-1c60-40b0-959e-730a3319d8ae,01/19/2009,13:00,Construction Output w.d.a (YoY) (Nov),LOW,EUR,-5.1%,-,-,-4.6% ,
f99e2ec4-5d78-45a1-9916-1b8abf09f2df,01/19/2009,13:30,MNB Interest Rate Decision,LOW,HUF,9.5%,-,-,10%,
423cf774-fd58-4f66-b0a1-85457386f8f6,01/19/2009,16:30,Canadian Portfolio Investment in Foreign Securities (Nov),LOW,CAD,$2.613B,-,-,$-10.76B,
7de43e21-1cfc-4a6d-be2a-0d573e658d3f,01/19/2009,16:30,Foreign Portfolio Investment in Canadian Securities (Nov),MEDIUM,CAD,$-4.014B,-,-,$2.93B,
84024dcf-9e61-43ad-bafa-8b852e1ee9c4,01/20/2009,00:45,Consumer Price Index (QoQ) (Q4),LOW,NZD,-0.5%,-,-0.4%,1.5%,
a0f86879-d9c4-4485-ac44-b5a01b358d40,01/20/2009,00:45,Food Price Index (MoM) (Dec),LOW,NZD,-0.2%,-,-,0.8%,
a18ea2d9-3c77-4961-8f91-d036f992a309,01/20/2009,02:50,Tertiary Industry Index (MoM) (Nov),LOW,JPY,-1.1%,-,-0.8%,0.4%,
b27b4cf3-43a5-473e-8eec-6400b8480bc6,01/20/2009,08:00,Consumer Confidence Index (Dec),LOW,JPY,26.7,-,27.5,28.7,
89afc184-f436-4ecc-bbce-f40e88cd9283,01/20/2009,09:00,Machine Tool Orders (YoY) (Dec),LOW,JPY,-71.8%,-,-,-71.9%,
c90c5cfa-7029-4f69-baf5-9bf9cd9ab824,01/20/2009,12:30,Consumer Price Index (MoM) (Dec),MEDIUM,GBP,-0.4%,-,-0.9%,-0.1%,
6c5e6c5d-c387-4506-a12c-c3ce6b00ef9e,01/20/2009,12:30,Consumer Price Index (YoY) (Dec),MEDIUM,GBP,3.1%,-,2.6%,4.1%,
c8d3de02-7524-43a6-a56f-147a039602dd,01/20/2009,12:30,Core Consumer Price Index (YoY) (Dec),MEDIUM,GBP,1.1%,-,1.5%,2%,
c4c9e1b5-c8ee-4418-aa7e-b097cdb6d796,01/20/2009,12:30,Retail Price Index (MoM) (Dec),MEDIUM,GBP,-1.4%,-,-1.7%,-0.8%,
7f2e47d0-c90b-478a-a33d-1e956395bd61,01/20/2009,12:30,Retail Price Index (YoY) (Dec),HIGH,GBP,0.9%,-,0.6%,3%,
e13cfbec-150a-42d8-b520-f479720938ef,01/20/2009,13:00,ZEW Survey – Economic Sentiment (Dec),HIGH,EUR,-31,-,-42.5,-45.2,
2fbd1eff-841d-43af-892c-fffaa6f02a48,01/20/2009,13:00,ZEW Survey – Economic Sentiment (Jan),NONE,EUR,-30.8,-,-,-46.1,
cb22dc2d-88c8-4d22-bf42-84551e436210,01/20/2009,16:30,Manufacturing Sales (MoM) (Nov),LOW,CAD,-6.4%,-14.57,-0.5%,-1.7% ,
d5c5d10f-0232-4bb8-8178-23eeaa7a0def,01/20/2009,17:00,BoC Interest Rate Decision,HIGH,CAD,1%,0,1%,1.5%,
b47cb292-84b9-4235-b2dc-1084283bae44,01/20/2009,23:20,BoE's Governor King speech,MEDIUM,GBP,,,,,IN PROGRESS
8be6d584-3a5a-4c12-9242-b80abc09ea8c,01/21/2009,00:45,Retail Sales (QoQ) (Q4),LOW,NZD,0.2%,-,-0.9%,-1.3%,
6ee306db-3371-4b82-b6ba-4a8d3fce3ada,01/21/2009,00:45,Retail Sales ex Autos (QoQ) (Q4),MEDIUM,NZD,0.3%,-,0%,0.8%,
ce8cd0d7-ed59-477c-913a-187876cfb16f,01/21/2009,02:30,Westpac Consumer Confidence (Jan),MEDIUM,AUD,-2.2%,-,-,7.5%,
1c5ec559-3683-4a95-9f03-a1971bf45a4e,01/21/2009,08:00,Coincident Index (Nov),LOW,JPY,92.3,-,-,94.9,
c8f3d994-ddb3-41ae-869a-c0091a8d0b09,01/21/2009,08:00,Leading Economic Index (Nov),MEDIUM,JPY,79.8,-,-,81.5,
51d93ce7-072f-4219-bf46-20c21780a155,01/21/2009,10:00,Producer Price Index (MoM) (Dec),LOW,EUR,-0.8%,-,-1.1%,-1.5%,
e2643fcd-2b48-4c28-96a8-da36cb94d152,01/21/2009,10:00,Producer Price Index (YoY) (Dec),LOW,EUR,4%,-,4.2%,5.3%,
6678e4af-31bc-45f0-93ca-4e3773490b0d,01/21/2009,12:30,ECB's President Trichet speech,MEDIUM,EUR,,,,,SPEECH
874f439a-7e80-4db2-8200-26a7414265ed,01/21/2009,12:30,Average Earnings Excluding Bonus (3Mo/Yr) (Nov),MEDIUM,GBP,3.6%,0,3.6%,3.6%,
3d11c28e-8e1f-404c-b7a2-a6777d94486d,01/21/2009,12:30,Average Earnings Including Bonus (3Mo/Yr) (Nov),LOW,GBP,2.5%,-,3.4%,3.3% ,
aa91a51c-1c9b-4b10-ae6f-7185e8b54f08,01/21/2009,12:30,BoE Minutes,HIGH,GBP,,,,,REPORT
69981bba-4015-45ea-b985-87b0d19094c0,01/21/2009,12:30,Claimant Count Change (Dec),LOW,GBP,80.8K,-,80K,83.1K,
3c9a3f34-7c7e-46a3-8e91-9cf16387158c,01/21/2009,12:30,Claimant Count Rate (Dec),LOW,GBP,3.6%,-,3.5%,3.3%,
a022dae7-2e8f-4ea7-bc3d-e949bef394dc,01/21/2009,12:30,CML Gross Mortgage Lending s.a. (Dec),NONE,GBP,£12.6B,-,-,£14.6B,
f1e13553-1ce7-4513-897d-64137bfc1d44,01/21/2009,12:30,ILO Unemployment Rate (3M) (Nov),MEDIUM,GBP,6.1%,0,6.1%,6%,
68b017ed-324e-4fa5-9db7-db105d0e62b4,01/21/2009,12:30,M4 Money Supply (MoM) (Dec) PREL,LOW,GBP,1.7%,-,-,1.2%,
fecd7e4c-f9ef-41b1-9e6f-7cae5656a350,01/21/2009,12:30,M4 Money Supply (YoY) (Dec) PREL,LOW,GBP,16.6%,-,-,16.6%,
51847651-a31c-4771-9408-0de65ed9f401,01/21/2009,12:30,M4 Sterling Lending (Dec) PREL,LOW,GBP,£6.1B,-,-,£12.1B,
b8a87b2b-540e-46f4-82cd-f2361f00a156,01/21/2009,12:30,Public Sector Net Borrowing (Dec),LOW,GBP,£16.5B,-,£10.5B,£16B,
1efd95d0-18d6-4b83-882d-13e01d29f743,01/21/2009,15:00,ECB Rate On Deposit Facility,MEDIUM,EUR,1%,-,-,2%,
a1a965e5-ebd3-4f9d-8271-259034389768,01/21/2009,16:30,Wholesale Sales (MoM) (Nov),LOW,CAD,-1.6%,-,-,-1.8%,
475ab3e9-bd29-4cb6-84fd-32be72d82377,01/21/2009,18:00,Treasury's Geithner speech,MEDIUM,USD,,,,,SPEECH
2e64c4cd-358d-4582-a2d6-9a54963cd884,01/21/2009,19:00,Interest Rate Decision,NONE,BRL,12.75%,-,-,13.75%,
2f876493-3b17-45ce-bad1-3d6dcb1e4c56,01/21/2009,21:00,NAHB Housing Market Index (Jan),LOW,USD,8,-,9,9,
97d1a1ea-7659-4767-a99c-15090688490d,01/22/2009,02:50,Adjusted Merchandise Trade Balance (Dec),LOW,JPY,¥-214.2B,-,¥-322.5B,¥-367.6B,
1234fb06-95cf-41d3-9e68-c44663361cfe,01/22/2009,02:50,Merchandise Trade Balance Total (Dec),LOW,JPY,¥-322.3B,-0.23,¥-269.5B,¥-227.5B,
5b080aeb-020d-4f71-bf2c-7b881576d417,01/22/2009,03:30,New Motor Vehicle Sales (MoM) (Dec),LOW,AUD,1.7%,-,-,-5.2%,
7d491c9c-6233-48a0-a9fc-9ede350a903e,01/22/2009,03:30,New Motor Vehicle Sales (YoY) (Dec),LOW,AUD,-15.7%,-,-,-17.8%,
a91e96cc-f35c-4009-a705-499211465d2c,01/22/2009,04:30,RBA Foreign Exchange Transaction (Dec),LOW,AUD,"1,102M",-,-,229M,
32449b0a-0bbc-440a-90b6-8c26c0ff2c28,01/22/2009,06:00,BoJ Interest Rate Decision,HIGH,JPY,0.1%,0,0.1%,0.1%,
e06033a9-1c75-4cbc-88bd-79a2770cb62c,01/22/2009,N/A,BoJ Monetary Policy Statement,HIGH,JPY,,,,,REPORT
5edcdc3b-8841-4e90-bf33-6213ea50bdee,01/22/2009,12:00,ECB Monthly Report,MEDIUM,EUR,,,,,REPORT
328f6e33-c9e1-4871-8702-91442eeb8438,01/22/2009,13:00,ZEW Survey – Expectations (Jan),LOW,CHF,-66.7,-,-77,-76.2,
6114ceab-5b6e-4fe2-962e-c6d05fc8af05,01/22/2009,13:00,Industrial New Orders (YoY) (Nov),MEDIUM,EUR,-24.8%,-,-,-15.1%,
d0345abf-ed92-4c79-9c53-55d49d5bad1d,01/22/2009,13:00,Industrial New Orders s.a. (MoM) (Nov),LOW,EUR,-6.9%,-,-5%,-4.7% ,
d7ff0c30-0da9-451c-928f-f398f94fc17d,01/22/2009,14:00,CBI Industrial Trends Survey – Orders (MoM) (Jan),LOW,GBP,-48%,-,-39%,-35%,
ff717fbf-3445-4764-a970-8ce75c8aa96a,01/22/2009,15:00,MBA Mortgage Applications,NONE,USD,-9.8%,-,-,15.8%,
3d2414b6-3d5e-42c0-b473-1d06c8163f6c,01/22/2009,16:30,Leading Indicators (MoM) (Dec),LOW,CAD,-0.5%,-,-0.7%,-0.7% ,
f6a35f54-d706-4633-8500-69db31814bf9,01/22/2009,16:30,Retail Sales (MoM) (Nov),LOW,CAD,-2.4%,-,-1.8%,-0.9% ,
3613f584-ee51-41d5-abe7-6ed2eefcd061,01/22/2009,16:30,Retail Sales ex Autos (MoM) (Nov),MEDIUM,CAD,-2.3%,-,-1.5%,-1.1% ,
74b84db4-e04b-4163-92a6-bc4ed7734d93,01/22/2009,16:30,Building Permits (MoM) (Dec),MEDIUM,USD,0.547M,-2.29,0.61M,0.626M,
5b1a28ca-79ce-44bb-916e-ef3d437c5186,01/22/2009,16:30,Continuing Jobless Claims,LOW,USD,4.607M,-,-,4.497M,
99dc2c79-2c1c-481e-bb14-17bf68907f5b,01/22/2009,16:30,Housing Starts (MoM) (Dec),MEDIUM,USD,0.56M,-1.62,0.615M,0.652M,
19af6907-89d1-4e48-888e-06f8d5a8cbe0,01/22/2009,16:30,Initial Jobless Claims,LOW,USD,585K,-,545K,524K,
46bf03e5-d489-4c78-bbbc-4cc2ea7a393c,01/22/2009,18:00,Housing Price Index (MoM) (Nov),MEDIUM,USD,-2.2%,-3.14,-1.2%,-0.9% ,
c7611de2-21a8-46b7-a2f9-c4757a8921d4,01/22/2009,18:30,BoC Monetary Policy Report,MEDIUM,CAD,,,,,REPORT
ebf3bdd1-af56-41d9-b935-89b94ae773e7,01/22/2009,19:00,EIA Crude Oil Stocks Change,LOW,USD,6.1M,-,1.1M,1.2M,
097de3c9-64b5-452f-89e9-81308617f530,01/23/2009,02:50,All Industry Activity Index (MoM) (Nov),LOW,JPY,-2.3%,-,-2.2%,-0.5%,
124c99d3-ce4f-4be4-b993-d2deece818ee,01/23/2009,04:30,Export Price Index (QoQ) (Q4),LOW,AUD,15.9%,-,7%,13.7% ,
967f410b-b88b-4299-8ca9-65e52b8c4373,01/23/2009,04:30,Import Price Index (QoQ) (Q4),LOW,AUD,10.8%,-,5.9%,5%,
395d9f7d-95d5-490d-84fa-5a3501f6e396,01/23/2009,08:00,BoJ Monthly Economic Survey,MEDIUM,JPY,,,,,REPORT
72b7cfa1-0301-4218-9104-f455a2596b53,01/23/2009,11:30,HCOB Manufacturing PMI (Jan) PREL,LOW,EUR,-,-,32,-,
22621c47-781c-4b32-a5a2-3eb480587258,01/23/2009,11:30,HCOB Services PMI (Jan) PREL,LOW,EUR,-,-,45.5,-,
9d7e8d02-b4f9-498c-9f16-b2d47d8892d4,01/23/2009,12:00,HCOB Manufacturing PMI (Jan) PREL,LOW,EUR,-,-,33.5,-,
4a0ba488-297d-4453-88f4-d48931e72628,01/23/2009,12:00,HCOB Services PMI (Jan) PREL,LOW,EUR,-,-,41.7,-,
fc70a81f-ea6a-42bb-bc56-63827206d4aa,01/23/2009,12:30,Gross Domestic Product (QoQ) (Q4) PREL,MEDIUM,GBP,-1.5%,-,-1.2%,-0.7%,
913663ec-f43d-4f87-aa58-1fef9c0dd9f5,01/23/2009,12:30,Gross Domestic Product (YoY) (Q4) PREL,MEDIUM,GBP,-1.8%,-,-1.4%,0.2%,
289b36b9-e877-46f1-a450-4b510b1d9eb2,01/23/2009,12:30,Index of Services (3M/3M) (Nov),LOW,GBP,-0.5%,-,-,-0.2% ,
b7b29806-4ebb-4603-a7c4-8f6ee8298747,01/23/2009,12:30,Retail Sales (MoM) (Dec),MEDIUM,GBP,1.6%,-,-0.7%,0.3%,
79e9d471-c53c-4a54-868c-99b06bdf23e7,01/23/2009,12:30,Retail Sales (YoY) (Dec),MEDIUM,GBP,4%,-,1.6%,1.5% ,
55d02a0a-259d-4de8-99fe-ddb4958135ec,01/23/2009,15:00,BoC Consumer Price Index Core (MoM) (Dec),MEDIUM,CAD,-0.3%,-,-,0.7%,
d3c44343-fa95-48dc-9ac1-03331988f060,01/23/2009,15:00,BoC Consumer Price Index Core (YoY) (Dec),MEDIUM,CAD,2.4%,-,-,2.4%,
d9a19bf9-3598-45fb-ab31-d8a747f38375,01/23/2009,15:00,Consumer Price Index (MoM) (Dec),MEDIUM,CAD,-0.7%,-,-,-0.3%,
3fffc086-dd4b-4698-82dc-d8754536eef0,01/23/2009,15:00,Consumer Price Index (YoY) (Dec),MEDIUM,CAD,1.2%,-,-,2%,
d48d9732-3dab-4b2d-b466-02a51679f490,01/26/2009,12:30,BBA Mortgage Approvals (Dec),LOW,GBP,22.97K,-,17K,17.4K,
d54e8d2c-b097-4ebd-bd52-abab6a69fb66,01/26/2009,18:00,Existing Home Sales (MoM) (Dec),MEDIUM,USD,4.74M,0.00,4.4M,3.77M,
6009e022-9400-4e01-a07d-d36e9a1cfc7b,01/26/2009,18:00,Existing Home Sales Change (MoM) (Dec),LOW,USD,6.5%,-,-,-7.8% ,
3168a84d-8197-43bd-8a1c-8e9509885d29,01/27/2009,02:50,BoJ Minutes,MEDIUM,JPY,,,,,REPORT
c7e16757-e49f-485c-a57d-915b03247c17,01/27/2009,02:50,Corporate Service Price Index (YoY) (Dec),LOW,JPY,-2.5%,-0.20,-2.4%,-0.1% ,
0b064525-b083-4c82-a484-4f8b38d21622,01/27/2009,03:30,National Australia Bank's Business Conditions (Dec),LOW,AUD,-6,-,-,-17,
32ff9ff0-a32f-4616-befd-23663b70739a,01/27/2009,03:30,National Australia Bank's Business Confidence (Dec),LOW,AUD,-20,-,-,-9,
102985c2-f761-4ad2-a043-e8e136783e77,01/27/2009,03:30,Producer Price Index (QoQ) (Q4),LOW,AUD,1.3%,1.88,0.4%,1.9% ,
bf30f759-953a-433a-861e-eb81d38ec7ca,01/27/2009,03:30,Producer Price Index (YoY) (Q4),LOW,AUD,6.4%,-,5.2%,5.6%,
1aea19b8-5fc9-4151-b108-a61a72095f41,01/27/2009,12:00,UBS Consumption Indicator (Dec),LOW,CHF,1.18,-,-,0.96,
fd97bddf-737c-4cee-8ed9-900a0a63f4c0,01/27/2009,12:00,IFO – Business Climate (Jan),MEDIUM,EUR,83,-,81,82.6,
508c0594-9a01-4df5-9134-9b24958c0608,01/27/2009,12:00,IFO – Expectations (Jan),MEDIUM,EUR,79.3,-,-,76.8,
63b75a77-06f4-484d-a507-a41e77e2f114,01/27/2009,12:00,Current Account n.s.a (Nov),LOW,EUR,€-16.411B,-,-,€-4.8B,
ec8d9b2e-7fd5-4be8-b71a-a204bc093fe8,01/27/2009,12:00,Current Account s.a (Nov),LOW,EUR,€-20.732B,-,€-8B,€-6.4B,
2f7e9eca-de9b-4276-8910-f717dc071ac8,01/27/2009,14:00,CBI Distributive Trades Survey – Realized (MoM) (Jan),LOW,GBP,-47%,-,-53%,-55%,
daff0934-4a69-4124-928f-53985260c070,01/27/2009,17:00,S&P/Case-Shiller Home Price Indices (YoY) (Nov),LOW,USD,-18.2%,-0.01,-18%,-18.1% ,
1a454b92-2d75-437f-912e-de0a0f0b224a,01/27/2009,18:00,Consumer Confidence (Jan),MEDIUM,USD,37.7,-,37.9,38,
c8cf1ca5-cbaa-4b21-bdab-716de2ed8281,01/27/2009,18:00,Richmond Fed Manufacturing Index (Jan),LOW,USD,-49,0.00,-49,-34,
781078cf-bf06-4167-abf6-ee74f41692ec,01/28/2009,02:30,Westpac Leading Index (MoM) (Dec),LOW,AUD,-1.11%,-,-,-0.27%,
c826ac49-f50d-4680-b9cb-4d04f0509b32,01/28/2009,03:30,Consumer Price Index (QoQ) (Q4),MEDIUM,AUD,-0.3%,-,-0.4%,1.2%,
ae266fb2-ffcc-4e99-854d-e39fe5216111,01/28/2009,03:30,Consumer Price Index (YoY) (Q4),MEDIUM,AUD,3.7%,-,-,5%,
c7e3fd20-a4a7-4c85-870c-4d5bee814e8d,01/28/2009,10:00,GfK Consumer Confidence Survey (Feb),LOW,EUR,2.3,-,1.9,2.1,
c11c7a3b-6625-4166-a4a3-32ff4c409381,01/28/2009,13:30,KOF Leading Indicator (Jan),LOW,CHF,-0.93,-,-,-0.39,
d8bedd2e-e84e-4850-9672-a2b06333d844,01/28/2009,15:00,MBA Mortgage Applications,LOW,USD,-38.8%,-,-,-9.8%,
384341f9-ce7e-47e3-a2f6-43760c5d4d88,01/28/2009,18:05,Consumer Price Index (MoM) (Jan) PREL,MEDIUM,EUR,-0.5%,-,-0.2%,0.3%,
bd177f93-861b-41fb-92a6-29b8f04dccef,01/28/2009,18:05,Consumer Price Index (YoY) (Jan) PREL,MEDIUM,EUR,0.9%,-,1.2%,1.1%,
d46aca2d-dd19-427d-823a-99b056de7302,01/28/2009,18:30,EIA Crude Oil Stocks Change,LOW,USD,6.2M,-,2.8M,6.1M,
1aafd640-0560-46d9-8537-37f6fdaab5f5,01/28/2009,22:15,Fed Interest Rate Decision,HIGH,USD,0.25%,0,0.25%,0.25%,
c14b0f34-7e83-49fb-8780-bd83e68f8be1,01/28/2009,23:00,RBNZ Interest Rate Decision,HIGH,NZD,3.5%,-,4%,5%,
7f26abab-9170-4d6e-a73b-e1dca1407822,01/29/2009,00:45,Trade Balance NZD (MoM) (Dec),MEDIUM,NZD,$-334M,-,-,$-594M,
0df15ed7-1acd-4137-93c2-d3043d1fc3fd,01/29/2009,02:50,Large Retailer Sales (Dec),LOW,JPY,-6.3%,-,-5.2%,-3.2%,
608375f5-2fb2-4ea2-b441-9ebdce4016ff,01/29/2009,02:50,Retail Trade (YoY) (Dec),MEDIUM,JPY,-2.7%,-2.26,-1.6%,-0.7% ,
ec124eea-8f06-4014-a9d4-1a55194fec63,01/29/2009,02:50,Retail Trade s.a (MoM) (Dec),MEDIUM,JPY,-1.9%,-,-0.8%,-0.1%,
844f9b0d-1b5e-4637-a861-784be25f0f50,01/29/2009,05:00,M3 Money Supply (YoY) (Nov),LOW,NZD,6.3%,-,-,9.4%,
7a2f5183-dafc-401c-b53a-bb3f7abe9cbf,01/29/2009,10:00,Nationwide Housing Prices n.s.a (YoY) (Jan),MEDIUM,GBP,-16.7%,-,-,-15.9%,
089bd281-9fd8-4911-8e7c-82b42e81659b,01/29/2009,10:00,Nationwide Housing Prices s.a (MoM) (Jan),MEDIUM,GBP,-1.3%,-,-,-2.5%,
7147c3d3-2c74-4105-b3b9-7360ad5e78e5,01/29/2009,11:55,Unemployment Change (Jan),LOW,EUR,50K,-,30K,18K,
318c7678-cfad-44f3-937c-b6b27202cf5f,01/29/2009,11:55,Unemployment Rate s.a. (Jan),MEDIUM,EUR,7.9%,-,7.7%,7.7% ,
8226c030-94ac-4681-a842-89657c246805,01/29/2009,12:00,M3 Money Supply (YoY) (Dec),LOW,EUR,7.6%,0,7.6%,7.8% ,
a04266ff-19ee-4cd3-9a78-90872907e408,01/29/2009,13:00,Consumer Confidence (Jan),MEDIUM,EUR,-30.6,-,-31,-30.6,
bc704476-9491-48e3-bc83-a4d0cdf915a5,01/29/2009,13:00,Economic Sentiment Indicator (Jan),LOW,EUR,73.1,-,65.4,67.1,
b21f3668-f3e2-40f6-9e10-db3c184d2808,01/29/2009,13:00,Industrial Confidence (Jan),LOW,EUR,-33.2,0.94,-36,-32,
76f55a0d-82c2-40e0-be99-989a094e9776,01/29/2009,16:30,Industrial Product Price (MoM) (Dec),NONE,CAD,-2.5%,-,-2.8%,-2.6% ,
bc0fa33a-63ce-44b5-94e5-de11bdc22880,01/29/2009,16:30,Continuing Jobless Claims,LOW,USD,4.776M,-,-,4.607M,
24a58f5e-04bc-46f8-86b4-1126d8f05d3d,01/29/2009,16:30,Durable Goods Orders (Dec),MEDIUM,USD,-4.6%,-1.26,-2%,-4.8% ,
2620bb82-0fe2-4144-9bc0-5754b38e7357,01/29/2009,16:30,Durable Goods Orders ex Transportation (Dec),MEDIUM,USD,-5.5%,-1.19,-2.6%,-2.1% ,
fa65cbf8-c9d9-4bfa-84a8-b4b20ab7a340,01/29/2009,16:30,Initial Jobless Claims,LOW,USD,588K,-,580K,589K,
8bbd745b-549f-4aff-80c2-b85693f3fecd,01/29/2009,18:00,New Home Sales (MoM) (Dec),MEDIUM,USD,0.344M,-2.16,0.39M,0.389M,
8071cd9a-5a36-4ff1-af3e-8f3620c6e123,01/29/2009,18:00,New Home Sales Change (MoM) (Dec),MEDIUM,USD,-9.5%,-1.42,-1.7%,-1% ,
f449e672-f384-40f7-8188-bf6091e7dcac,01/30/2009,00:00,Building Permits s.a. (MoM) (Dec),LOW,NZD,-7.1%,-,-,4.3% ,
cf992c48-c8fb-4f22-8fa8-61d5150d8a32,01/30/2009,02:15,Jibun Bank Manufacturing PMI,LOW,JPY,-,-,-,-,
05fdf887-05b9-4553-a818-142caff4822d,01/30/2009,02:30,National Consumer Price Index (YoY) (Dec),MEDIUM,JPY,0.4%,0,0.4%,1%,
0104d7d6-8603-48cc-b242-a0dc3919be05,01/30/2009,02:30,"National CPI ex Food, Energy (YoY) (Dec)",MEDIUM,JPY,0%,0.00,0%,1.1% ,
1429f6c3-d176-41aa-aed4-a308f8d19992,01/30/2009,02:30,National CPI ex Fresh Food (YoY) (Dec),MEDIUM,JPY,0%,-,0.3%,1%,
c79d966f-754f-4a3b-a0d3-d553626c8b38,01/30/2009,02:30,Overall Household Spending (YoY) (Dec),LOW,JPY,-4.6%,-,-3.6%,-0.5%,
0a2cbf65-69d4-4bff-9703-6bd374f02a0a,01/30/2009,02:30,Tokyo Consumer Price Index (YoY) (Jan),MEDIUM,JPY,0.5%,-0.51,0.6%,0.8%,
41a8a604-225c-4d69-a07c-cd95cb6d4087,01/30/2009,02:30,"Tokyo CPI ex Food, Energy (YoY) (Jan)",MEDIUM,JPY,-0.3%,-0.62,0%,0.8% ,
00fead7f-acd5-4342-9f71-dc8e0fa15a7d,01/30/2009,02:30,Tokyo CPI ex Fresh Food (YoY) (Jan),MEDIUM,JPY,0.5%,-,0.6%,0.8%,
452b8820-de20-4524-958b-55f261a9a4ec,01/30/2009,02:30,Unemployment Rate (Dec),MEDIUM,JPY,4.4%,1.53,4.1%,4% ,
848a2b22-afc0-47f9-adee-12de14bd4992,01/30/2009,02:50,Industrial Production (MoM) (Dec) PREL,LOW,JPY,-9.6%,-,-9%,-10%,
232059f4-6555-4d39-a5cb-8e06b9bf002d,01/30/2009,02:50,Industrial Production (YoY) (Dec) PREL,LOW,JPY,-20.6%,-,-20%,-16.6%,
3dd1dd0e-aabe-42b9-88be-d7dff43dc5b3,01/30/2009,03:01,GfK Consumer Confidence (Jan),MEDIUM,GBP,-37,-,-34,-33,
86a5481e-fc31-42cb-8fd9-7f4adb096ea5,01/30/2009,03:30,Private Sector Credit (MoM) (Dec),LOW,AUD,-0.2%,-,0.5%,0.4%,
eeebba0e-d86f-4472-93a2-45e5a2005af9,01/30/2009,03:30,Private Sector Credit (YoY) (Dec),NONE,AUD,6.5%,-3.02,7.5%,8.3% ,
9c28655c-06de-4367-a832-13da722575dd,01/30/2009,08:00,Annualized Housing Starts (Dec),LOW,JPY,1.001M,1.07,0.954M,0.973M,
97c6fab1-567e-4f77-b868-185af466cb1f,01/30/2009,08:00,Construction Orders (YoY) (Dec),LOW,JPY,-27.3%,-,-,-12.5%,
5522b120-ca37-4355-9b9c-3f03dccf6ac1,01/30/2009,08:00,Housing Starts (YoY) (Dec),LOW,JPY,-5.8%,-,-7.3%,0%,
3c4f5cc3-a9f9-496e-ab15-d029f4cc10c8,01/30/2009,12:30,Consumer Credit (Dec),LOW,GBP,£0.1B,-,£0.8B,£0.75B,
8f287396-dbe9-4fc3-91e4-d961464e8b5e,01/30/2009,12:30,M4 Money Supply (MoM) (Dec),LOW,GBP,1.4%,-,-,1.7%,
282495ca-de60-43ef-871f-9dee5912e1eb,01/30/2009,12:30,M4 Sterling Lending (Dec),LOW,GBP,£12.8B,-,-,£6.1B,
eac1e090-b60b-4bc9-a67f-156bc466a8ff,01/30/2009,12:30,Mortgage Approvals (Dec),LOW,GBP,31K,-,26K,27K,
363654b2-5ec5-4fc0-9f1f-ee5f6a570f32,01/30/2009,12:30,Net Lending to Individuals (MoM) (Dec),MEDIUM,GBP,£2.1B,-,-,£1.5B,
bf9d0824-f22a-4bc3-a61e-7fc99a616846,01/30/2009,13:00,Harmonized Index of Consumer Prices (YoY) (Dec) PREL,MEDIUM,EUR,1.1%,-,1.4%,1.6%,
dfeddcd7-f205-48bd-a6ad-f823a83d051c,01/30/2009,13:00,Unemployment Rate (Dec),MEDIUM,EUR,8.2%,-,7.9%,7.9% ,
e99fb03c-4447-4f81-946d-42d7b1d41ca3,01/30/2009,16:30,Gross Domestic Product (MoM) (Nov),MEDIUM,CAD,-0.8%,-,-0.4%,-0.1%,
6f45f655-02be-4df7-a70f-e358786c39ac,01/30/2009,16:30,Core Personal Consumption Expenditures (QoQ) (Q4) PREL,NONE,USD,-3.5%,-,-,-3.8%,
f3707240-d5b4-4026-a4d1-434d82a7d7bd,01/30/2009,16:30,Gross Domestic Product Annualized (Q4) PREL,HIGH,USD,-3.8%,3.68,-5%,-2.1% ,
5be9a6fc-d0e1-49be-b0fb-9d384cb23179,01/30/2009,16:30,Gross Domestic Product Price Index (Q4) PREL,MEDIUM,USD,-4.6%,-,-,3% ,
aa1b38b2-a6a3-468d-9679-fcafaaf23039,01/30/2009,17:45,Chicago PMI (Jan),LOW,USD,33.3,-0.14,34.2,32.5,
791f6b64-42c6-4b73-b9e5-3cf868726f47,01/30/2009,18:00,Michigan Consumer Sentiment Index (Jan),LOW,USD,61.2,-,61.9,61.9,
79bcadd5-a2c0-4893-aa91-cb38a6573b2e,02/02/2009,03:30,House Price Index (QoQ) (Q4),LOW,AUD,-1.3%,-,-1%,-0.2% ,
00832cd4-4d73-4ae2-8cc6-916ceea8d6ca,02/02/2009,03:30,House Price Index (YoY) (Q4),LOW,AUD,-4.1%,-,-,1% ,
60e04e13-92e7-4097-83bc-2462f771a255,02/02/2009,08:00,Vehicle Sales (YoY) (Jan),LOW,JPY,-27.9%,-,-,-16.7%,
17b1ab9f-b3c0-46a6-b084-158f1230b4b4,02/02/2009,08:30,RBA Commodity Index SDR (YoY) (Jan),LOW,AUD,29.1%,-,-,34.4% ,
c18cf573-2b1d-4664-a37f-555c561863ec,02/02/2009,11:30,SVME - Purchasing Managers' Index (Jan),MEDIUM,CHF,35,-,35.5,36.9,
f3b165e6-e5b5-464f-985b-4920fa0a3114,02/02/2009,11:55,HCOB Manufacturing PMI (Jan),MEDIUM,EUR,-,-,-,-,
e2e8dc9f-3b5e-4569-9c84-056476a875f4,02/02/2009,12:00,HCOB Manufacturing PMI (Jan),LOW,EUR,-,-,34.5,-,
2e6c1dcc-3f05-4336-ab24-0c8b2ac0eaa9,02/02/2009,12:30,S&P Global Manufacturing PMI (Jan),MEDIUM,GBP,-,-,34.5,-,
02e7c661-21b5-4263-99d7-80fd1a2b54b0,02/02/2009,16:30,Core Personal Consumption Expenditures - Price Index (MoM) (Dec),LOW,USD,0%,-,0%,0%,
e5ebc154-4772-4e71-a704-3f3c6ba547a6,02/02/2009,16:30,Core Personal Consumption Expenditures - Price Index (YoY) (Dec),LOW,USD,1.7%,0,1.7%,1.9%,
5bd03698-cce5-4bf8-8757-5502c07937d9,02/02/2009,16:30,Personal Consumption Expenditures - Price Index (MoM) (Dec),LOW,USD,-1%,-2.04,-0.9%,-1.1% ,
9c105ce8-2bd3-443e-8423-8a58cb8f1a60,02/02/2009,16:30,Personal Consumption Expenditures - Price Index (YoY) (Dec),MEDIUM,USD,0.8%,-,1.1%,1.4%,
f2173c5e-75df-4efa-8e82-cd6a53eac821,02/02/2009,16:30,Personal Income (MoM) (Dec),LOW,USD,-0.2%,0.65,-0.4%,-0.5% ,
bfc6d3ba-e79f-4e78-8c68-471776ec4d84,02/02/2009,18:00,Construction Spending (MoM) (Dec),LOW,USD,-2.4%,-1.89,-1.2%,-2% ,
1cadf229-4612-4978-b2d9-a22a722ae94f,02/02/2009,18:00,ISM Manufacturing PMI (Jan),MEDIUM,USD,35.6,1.06,33,34.5,
fd4e44f9-9522-4f73-8952-c0bf5db41982,02/03/2009,02:30,Monetary Base (YoY) (Jan),LOW,JPY,3.9%,-,-,1.8%,
7c997301-db29-4a0d-90c2-922438883b68,02/03/2009,03:30,Trade Balance (MoM) (Dec),MEDIUM,AUD,-0.023M,-1.35,1.05M,271M,
6170ef59-7170-4860-9304-c21ff39e7007,02/03/2009,04:30,Labor Cash Earnings (YoY) (Dec),LOW,JPY,-0.8%,1.89,-1.5%,-1.3% ,
1decb759-ad0a-4a3e-9bfe-ac5fd77a71bd,02/03/2009,06:30,RBA Interest Rate Decision,HIGH,AUD,3.25%,0,3.25%,4.25%,
71ca9938-da73-4c2d-a7d3-07140d9099d2,02/03/2009,10:00,Retail Sales (MoM) (Dec),LOW,EUR,0.3%,-,0.5%,0.7% ,
a3f600b0-7adb-409a-8a7c-2f74abd910fa,02/03/2009,10:00,Retail Sales (YoY) (Dec),MEDIUM,EUR,-0.3%,-,-,-3%,
99315afe-abdb-474f-8c14-8af9a5f8ffd1,02/03/2009,10:15,Trade Balance (Dec),LOW,CHF,0M,-,1.74M,2.15M,
f445bfc2-6726-43bf-a711-3539f8347af9,02/03/2009,12:30,S&P Global Construction PMI (Jan),LOW,GBP,-,-,28.8,-,
9d4983e5-06ec-4cb6-ac38-beac11825851,02/03/2009,13:00,Producer Price Index (MoM) (Dec),LOW,EUR,-1.5%,-,-1.2%,-1.9% ,
d3f9f568-aa48-4eba-bc42-4783381494f7,02/03/2009,13:00,Producer Price Index (YoY) (Dec),LOW,EUR,1.1%,-,2.1%,3.3% ,
73200a5a-bd09-4853-9557-02b55a795950,02/03/2009,18:00,Pending Home Sales (MoM) (Dec),MEDIUM,USD,4.8%,1.05,0%,-4.3% ,
8352408a-eca7-4b6f-b887-79fd2f59f6b6,02/04/2009,00:45,Visitor Arrivals (YoY) (Dec),LOW,NZD,4%,-,-,0.8%,
facae825-267e-4233-bfdd-acc2738702b8,02/04/2009,03:01,Nationwide Consumer Confidence (Jan),MEDIUM,GBP,41,-,45,47,
014650e7-e303-4d54-8002-ea0381dfe786,02/04/2009,03:30,Building Permits (MoM) (Dec),NONE,AUD,-5.76%,-,2%,-12.8% ,
307b68f8-a075-4960-b35c-2e6cb9fe6ffa,02/04/2009,03:30,Building Permits (YoY) (Dec),LOW,AUD,-34.7%,-,-29.7%,-32.9% ,
485a1d01-7b27-4ea7-ad55-289a2145298c,02/04/2009,03:30,Retail Sales s.a. (MoM) (Dec),MEDIUM,AUD,4.2%,-,0.3%,0.4% ,
a438c473-4756-44e6-b872-1bfa7f617ba7,02/04/2009,11:55,HCOB Services PMI (Jan),LOW,EUR,-,-,45.4,-,
f876df3c-61fd-428a-8539-2f1ce0930139,02/04/2009,12:00,HCOB Services PMI (Jan),LOW,EUR,-,-,42.5,-,
31ef20c5-23e2-45c8-9d16-12f3940a8ce5,02/04/2009,12:30,S&P Global Services PMI (Jan),LOW,GBP,-,-,40.3,-,
78ae8361-846d-4ecd-9d4f-83667cd83409,02/04/2009,13:00,Retail Sales (MoM) (Dec),MEDIUM,EUR,-0.9%,-,-0.2%,-0.1% ,
c6f9e006-9fe3-4ce6-82c1-30e6656f0a23,02/04/2009,13:00,Retail Sales (YoY) (Dec),MEDIUM,EUR,-1.75%,-,-1.4%,-2.6% ,
0c97cdc7-d88e-4074-b3bc-3ba769baeea5,02/04/2009,15:00,Norges Bank Interest Rate Decision,NONE,NOK,2.5%,-,-,3%,
065327c1-bf93-49bd-a8e6-a20c6bdc6114,02/04/2009,15:00,MBA Mortgage Applications,LOW,USD,8.6%,-,-,-38.8%,
c6aee3be-42b2-4c40-a097-48ca58ff577c,02/04/2009,16:15,ADP Employment Change (Jan),HIGH,USD,-522K,0.03,-525K,-635K,
8af360e2-ff76-4f7e-bf5d-0aff68b610a6,02/04/2009,18:00,ISM Services PMI (Jan),LOW,USD,42.9,1.31,39.1,40,
eb58ff52-45ef-42eb-a36a-6d015eeebf5d,02/04/2009,18:30,EIA Crude Oil Stocks Change,NONE,USD,7.2M,-,-,6.2M,
e2fe22a1-0cfb-41e2-afdc-4b1f3caded0e,02/05/2009,00:45,Unemployment Rate (Q4),MEDIUM,NZD,4.7%,0.68,4.6%,4.1% ,
bca21e40-25b6-44f8-886d-cc77a21e2133,02/05/2009,12:00,Halifax House Prices (MoM) (Jan),MEDIUM,GBP,1.9%,-,-1.7%,-2.2%,
88fe1a48-c300-4e20-8684-d3d0dc36afe1,02/05/2009,12:00,Halifax House Prices (YoY/3m) (Jan),MEDIUM,GBP,-17.2%,-,-18.6%,-16.2%,
343aaab5-fde9-4542-ae22-87f27d0354dd,02/05/2009,14:00,Factory Orders n.s.a. (YoY) (Dec),MEDIUM,EUR,-30.6%,-,-24.5%,-26.6% ,
92fe4626-dae3-4b15-a667-bf492261c26a,02/05/2009,14:00,Factory Orders s.a. (MoM) (Dec),MEDIUM,EUR,-7.3%,-,-2.5%,-5.3% ,
643ed39c-0e74-4d1a-b91a-e928556ced28,02/05/2009,15:00,BoE Interest Rate Decision,HIGH,GBP,1%,0,1%,1.5%,
ee3707c7-16cb-40db-a763-0ba916a6115b,02/05/2009,15:30,CNB Interest Rate Decision,LOW,CZK,1.75%,-,-,2.25%,
958ab2f3-3e33-4a82-ab58-10f7de250d39,02/05/2009,15:45,ECB Main Refinancing Operations Rate,HIGH,EUR,2%,0,2%,2%,
ba0cccc5-083d-40a6-88be-07d59f285619,02/05/2009,16:30,Building Permits (MoM) (Dec),LOW,CAD,-4.4%,0.06,-5%,-10.3% ,
00fc1253-0715-4341-aa8a-4121a9ac13fd,02/05/2009,16:30,ECB's President Trichet speech,HIGH,EUR,,,,,SPEECH
f2f84a0d-e75d-4484-aab3-55903ebf5746,02/05/2009,16:30,Continuing Jobless Claims,LOW,USD,4.788M,-,-,4.776M,
1e112958-3491-4673-ad35-cb84148299db,02/05/2009,16:30,Initial Jobless Claims,LOW,USD,631K,-,592K,588K,
d00ad13f-8da1-4885-84d9-35ff68f38f96,02/05/2009,16:30,Nonfarm Productivity (Q4) PREL,MEDIUM,USD,3.2%,6.50,1%,1.3%,
45199fd7-c670-4d9a-9992-3c62c452fbaf,02/05/2009,16:30,Unit Labor Costs (Q4) PREL,LOW,USD,1.8%,-0.91,3%,2.8%,
6b43ff81-6818-45ef-b1c1-1ec44251afa0,02/05/2009,18:00,Ivey Purchasing Managers Index (Jan),MEDIUM,CAD,36.1,-,39,39.1,
51f76730-8512-4376-8f1b-c086ea36f627,02/05/2009,18:00,Factory Orders (MoM) (Dec),MEDIUM,USD,-4.9%,-1.36,-3%,-7.6% ,
c2b5df61-17e1-4599-a2d9-9c2ba9f9cba8,02/05/2009,18:00,SARB Interest Rate Decision,NONE,ZAR,10.5%,-,-,11.5%,
c69b82d2-9b36-478d-bb4b-52bda119d50d,02/06/2009,03:30,RBA Rate Statement,MEDIUM,AUD,,,,,REPORT
f4773f47-7d35-45f9-9fb8-cf0a753c215f,02/06/2009,08:00,Leading Economic Index (Dec) PREL,LOW,JPY,79.8,-,79,79.8,
a417fe58-35df-422f-b6a8-a50e7c0e1fc9,02/06/2009,10:15,Unemployment Rate s.a (MoM) (Jan),LOW,CHF,3.3%,-,3.2%,3%,
5bc38cc7-5710-4f69-b6a1-192cb63dd059,02/06/2009,12:30,Industrial Production (MoM) (Dec),MEDIUM,GBP,-1.7%,-,-1.2%,-2.3%,
b03c6da2-739d-4473-b602-5c10969cff99,02/06/2009,12:30,Industrial Production (YoY) (Dec),MEDIUM,GBP,-9.4%,-,-7.8%,-6.9%,
96d5c11f-0222-4e60-b39e-87f78b50e5da,02/06/2009,12:30,Manufacturing Production (MoM) (Dec),MEDIUM,GBP,-2.2%,-,-1.2%,-2.9%,
e18967e4-ab13-4d7d-8afe-3b1f1138442a,02/06/2009,12:30,Manufacturing Production (YoY) (Dec),MEDIUM,GBP,-10.2%,-,-8.5%,-7.4%,
aed0c25e-466f-4008-8900-dd216f19aefd,02/06/2009,12:30,Producer Price Index - Input (MoM) n.s.a (Jan),MEDIUM,GBP,1.5%,-,0.5%,-2%,
3fa0a69c-1975-4f86-befe-89491ddd4f26,02/06/2009,12:30,Producer Price Index - Input (YoY) n.s.a (Jan),MEDIUM,GBP,2.3%,-,2%,4.3%,
80e61378-6e2f-469a-82be-749f71957115,02/06/2009,12:30,Producer Price Index - Output (MoM) n.s.a (Jan),MEDIUM,GBP,0.1%,-,-0.1%,0%,
9ce68b8e-631f-4c3f-98b9-ef4dcf821f58,02/06/2009,12:30,Producer Price Index - Output (YoY) n.s.a (Jan),MEDIUM,GBP,3.5%,-,3.4%,4.7%,
cf13d4ab-d005-45e2-a7ff-fac51373b37f,02/06/2009,14:00,Industrial Production n.s.a. w.d.a. (YoY) (Dec),MEDIUM,EUR,-11.4%,-,-9.6%,-6.4% ,
976aa19d-73d2-4fa0-b2ca-657654fa9979,02/06/2009,14:00,Industrial Production s.a. (MoM) (Dec),MEDIUM,EUR,-3.73%,-,-2.5%,-3.1% ,
a1157ee8-0dae-4156-8249-88cf29fef0c8,02/06/2009,15:00,Net Change in Employment (Jan),MEDIUM,CAD,132.6K,-,-40K,-20.4K,
87652190-f3e7-441e-80fe-f7f4bd1aa3fd,02/06/2009,15:00,Unemployment Rate (Jan),MEDIUM,CAD,7.2%,-,6.8%,6.6%,
ad96021f-aa4d-4c63-a40f-ebba4e6b468f,02/06/2009,16:30,Average Hourly Earnings (MoM) (Jan),HIGH,USD,0.3%,0,0.3%,0.3%,
68ec7c4c-dc5d-488f-a6dd-df85bc3de6d7,02/06/2009,16:30,Average Hourly Earnings (YoY) (Jan),HIGH,USD,3.9%,-,-,3.6% ,
0259aa48-90bd-42fd-99d1-3aafe8f888d5,02/06/2009,16:30,Average Weekly Hours (Jan),HIGH,USD,33.3,0.00,33.3,33.9,
f5af1d5c-9461-4984-a8ae-e770c9bb8535,02/06/2009,16:30,Nonfarm Payrolls (Jan),HIGH,USD,-655K,-,-500K,-524K,
69254fd9-95df-4cc2-9470-3c17cc96fadb,02/06/2009,16:30,Unemployment Rate (Jan),HIGH,USD,7.6%,0.54,7.5%,7.3% ,
bde5013e-eb92-446d-929d-55924a0b9abf,02/06/2009,23:00,Consumer Credit Change (Dec),LOW,USD,$-6.6B,-0.61,$-2.3B,$-9.25B,
3fbc75b3-1da8-4a29-8aa7-66ce705aee4e,02/09/2009,02:50,Machinery Orders (MoM) (Dec),LOW,JPY,-1.7%,-,-,-9.8% ,
70b99e8c-0e27-464d-945b-2b97f76530c2,02/09/2009,02:50,Money Supply M2+CD (YoY) (Jan),LOW,JPY,2%,-,-,1.8%,
ffd43590-35bb-403b-9a97-2f81644af972,02/09/2009,02:50,Trade Balance - BOP Basis (Dec),LOW,JPY,¥-197.9B,-,-,¥46.7B,
4b9035f5-a491-4da5-a80c-2c5150627333,02/09/2009,03:01,NIESR GDP Estimate (3M) (Jan),MEDIUM,GBP,-1.5%,-,-,-1.5%,
2fe5f341-f6d6-4bcd-83e0-ed7cbc7ef050,02/09/2009,03:30,ANZ Job Advertisements (Jan),LOW,AUD,-5.6%,-,-,-9.7% ,
b6b70227-d916-4618-a4f4-2b6fce4c719b,02/09/2009,08:00,Eco Watchers Survey: Current (Jan),LOW,JPY,17.1,-,-,15.9,
9f6aac56-36d8-4ec7-ad8f-cfd442710fa8,02/09/2009,08:00,Eco Watchers Survey: Outlook (Jan),MEDIUM,JPY,22.1,-,-,17.6,
91765115-e0ae-45d9-b9dd-a30ed5ae7b1a,02/09/2009,09:00,Machine Tool Orders (YoY) (Jan),LOW,JPY,-83.9%,-,-,-71.8%,
54de96d5-a787-4da6-a5c5-7a134eb78f91,02/09/2009,10:00,Trade Balance s.a. (Dec),MEDIUM,EUR,€10.499B,-,€10B,€9.9B,
fd8db27a-c949-4ff8-9930-640632a004b5,02/09/2009,12:30,Sentix Investor Confidence (Feb),LOW,EUR,-36.13,-,-31.2,-34.4,
45de0abf-8c3f-4787-95a4-02ea41845877,02/09/2009,16:15,Housing Starts s.a (YoY) (Jan),MEDIUM,CAD,153.5K,-0.89,165K,150.3K,
bc5df8db-bab6-470c-a48b-36df5b5627e1,02/10/2009,03:01,BRC Like-For-Like Retail Sales (YoY) (Jan),MEDIUM,GBP,1.1%,-,-,-3.3%,
3b463a32-d74f-4696-8952-1585f4f6df88,02/10/2009,03:01,RICS Housing Price Balance (Jan),LOW,GBP,-77%,-,-70%,-73%,
f7c35224-a093-4b1e-a402-b2f74c344a25,02/10/2009,03:30,National Australia Bank's Business Conditions (Jan),LOW,AUD,-11,-,-,-6,
83f28811-55bc-4f00-a594-7f086034ba29,02/10/2009,03:30,National Australia Bank's Business Confidence (Jan),LOW,AUD,-32,-,-,-20,
92875174-5355-4617-a32c-def3621f828d,02/10/2009,08:00,Consumer Confidence Index (Jan),LOW,JPY,27,-,-,26.7,
ad5843d3-2382-42b9-8c2d-f4749b33f4ca,02/10/2009,11:15,Consumer Price Index (MoM) (Jan),MEDIUM,CHF,-0.8%,-,-0.5%,-0.5%,
c8d144b9-5019-4d1c-9f9d-6816bb271a7e,02/10/2009,11:15,Consumer Price Index (YoY) (Jan),MEDIUM,CHF,0.1%,-,0.6%,0.7%,
b0735faa-7039-4d9e-bb9e-9d9098b2cb63,02/10/2009,12:30,Goods Trade Balance (Dec),HIGH,GBP,£-7.2B,2.33,£-8.1B,£-8.04B,
992083ec-447c-4dac-8d76-a086991157ab,02/10/2009,12:30,Trade Balance; non-EU (Dec),HIGH,GBP,£-3.248B,2.30,£-4.25B,£-5.377B,
2465dd44-4db8-468d-960b-fda3884d3460,02/10/2009,18:00,Treasury's Geithner speech,MEDIUM,USD,,,,,SPEECH
587fc9aa-fd03-4f9e-b825-598774dca717,02/10/2009,18:00,Wholesale Inventories (Dec),LOW,USD,-1.4%,-,-0.7%,-0.6%,
6c12e6f1-fc79-435c-aec6-58a22b734d32,02/10/2009,21:00,Fed's Chair Bernanke testifies,HIGH,USD,,,,,SPEECH
df62ae6c-92d3-492b-b54e-426a5f364627,02/11/2009,02:30,Westpac Consumer Confidence (Feb),MEDIUM,AUD,-4.6%,-,-,-2.2%,
ec489c7d-7c19-4b43-9966-7d99eb2deb1c,02/11/2009,03:30,Home Loans (Q4),LOW,AUD,6.34%,-,3.5%,1.8% ,
09e7afc3-052a-4f37-ab07-0f45e48d465e,02/11/2009,03:30,Investment Lending for Homes (Q4),NONE,AUD,1.8%,-,1%,-6.1%,
f57ae723-0f69-4ed5-96bc-95c36ebc4c9d,02/11/2009,10:00,Consumer Price Index (MoM) (Jan),MEDIUM,EUR,-0.5%,0,-0.5%,-0.5%,
ffa6ed5c-7e1a-45ae-b5f7-82d8f4044c2c,02/11/2009,10:00,Consumer Price Index (YoY) (Jan),MEDIUM,EUR,0.9%,0,0.9%,0.9%,
cf0538f8-4576-4b8c-8dcd-37d53bd4d001,02/11/2009,11:00,Riksbank Interest Rate Decision,NONE,SEK,1%,-,-,2%,
fb2c511b-f5a1-41a2-8a86-3c6a183fe05d,02/11/2009,12:30,Average Earnings Excluding Bonus (3Mo/Yr) (Dec),LOW,GBP,3.6%,-,-,3.6%,
2f62b4c9-6e95-4c93-8f5e-cb71d408b04a,02/11/2009,12:30,Average Earnings Including Bonus (3Mo/Yr) (Dec),LOW,GBP,1%,-,3%,3.1% ,
7cfc4c6c-0aca-4bc8-8ecc-1035f202c9c8,02/11/2009,12:30,Claimant Count Change (Jan),LOW,GBP,62.8K,-,-,77K,
3c321050-a27a-4dd8-8d8a-c65148d9e72d,02/11/2009,12:30,Claimant Count Rate (Jan),MEDIUM,GBP,3.8%,-,3.5%,3.6%,
609f3d88-ba9e-4aa3-9274-e79ba9058a0c,02/11/2009,12:30,ILO Unemployment Rate (3M) (Dec),HIGH,GBP,6.3%,-,-,6.1%,
aed00e20-fd7d-4d1c-bdcb-9fdc994df369,02/11/2009,13:30,BoE Monetary Policy Report,MEDIUM,GBP,,,,,REPORT
3189d6e3-9354-410e-b399-0de1ed3d1ad8,02/11/2009,15:00,MBA Mortgage Applications,MEDIUM,USD,-24.5%,-,-,8.6%,
8b2a6a59-ddfd-4bf9-8c98-d9c7477a5991,02/11/2009,15:30,New Housing Price Index (MoM) (Dec),MEDIUM,CAD,-0.1%,-,-,-,
920cfba0-c63d-44e8-9de1-5b1483c2ffe0,02/11/2009,16:30,International Merchandise Trade (Dec),MEDIUM,CAD,$-0.788B,-1.45,$0.8B,$0.39B,
e4664169-e344-4f13-abea-d5e930891a49,02/11/2009,16:30,New Housing Price Index (YoY) (Discontinued) (Dec),LOW,CAD,0.4%,-,-,0.7%,
9fc762f2-1ac3-420b-93dd-0e872c9b342f,02/11/2009,16:30,Goods and Services Trade Balance (Dec),HIGH,USD,$-39.9B,-0.83,$-35.9B,$-45.1B,
c29f9ef4-1c5b-401c-a330-e1195a9e6715,02/11/2009,22:00,Monthly Budget Statement (Jan),LOW,USD,$-83.8B,-,$-75B,$-83.6B,
d83fd736-1b3f-4f7c-b461-4cfd87d589bb,02/12/2009,00:45,Food Price Index (MoM) (Dec),LOW,NZD,0.8%,-,-,-0.2%,
8dc85c59-420a-42e5-bc86-aba2bdbbcbfe,02/12/2009,02:50,Producer Price Index (YoY) (Jan),LOW,JPY,-0.3%,-1.71,0.3%,0.8% ,
d76948b3-3063-47a7-9809-55bf6f68ca28,02/12/2009,03:00,Consumer Inflation Expectations (Feb),LOW,AUD,2.3%,-,-,2.7%,
e56aa96d-70fe-49c0-a50e-a8c4ac279658,02/12/2009,03:30,Employment Change s.a. (Jan),MEDIUM,AUD,-3.901K,-,-18K,-1.2K,
725da5cb-b45c-4e6a-aacc-896ebd8f5290,02/12/2009,03:30,Unemployment Rate s.a. (Jan),MEDIUM,AUD,4.9%,-,4.7%,4.5% ,
6b1f18f2-eec1-41ad-af9d-16363b10f49f,02/12/2009,09:45,SECO Consumer Climate (3m) (Q4),LOW,CHF,-23,-,-36,-25,
5cfb732b-4b37-40d6-b42c-b877b73fe7af,02/12/2009,12:00,ECB Monthly Report,MEDIUM,EUR,,,,,REPORT
1a2388c1-c0d8-4d7b-a2b1-001e7ebd3823,02/12/2009,13:00,Industrial Production s.a. (MoM) (Jan),LOW,EUR,-4.5%,-,-2.5%,-1.6% ,
d8f52afb-8efe-4fe0-9f7a-d697eb219551,02/12/2009,13:00,Industrial Production w.d.a. (YoY) (Dec),LOW,EUR,-12.5%,-,-9.5%,-7.7% ,
351ce726-afc1-49c6-9f6f-a3e10c673cf8,02/12/2009,16:30,Continuing Jobless Claims,LOW,USD,4.81M,-,-,4.788M,
6b30ebbb-e51c-4bbe-b7c2-a6d6346d6310,02/12/2009,16:30,Initial Jobless Claims,MEDIUM,USD,627K,-,610K,626K,
68b9a881-81d6-474d-b334-da4de5c342af,02/12/2009,16:30,Retail Sales (MoM) (Jan),HIGH,USD,1.8%,4.27,-0.7%,-2.1% ,
a547898a-f39a-46a7-8250-d82f1fd85aa2,02/12/2009,16:30,Retail Sales ex Autos (MoM) (Jan),HIGH,USD,1.6%,3.74,-0.3%,-2.2% ,
64833c14-d57d-4cd5-9728-3d660a5f5529,02/12/2009,18:00,Business Inventories (Dec),LOW,USD,-1.3%,-1.61,-0.6%,-1.2% ,
c12b3068-64c6-488f-900e-cf925b299e83,02/13/2009,00:45,Retail Sales (QoQ) (Q4),LOW,NZD,-1%,-,-,0% ,
ef3b7525-953d-4d32-9689-c092879b1601,02/13/2009,00:45,Retail Sales ex Autos (QoQ) (Q4),MEDIUM,NZD,-0.6%,-,-1.3%,0.3%,
1a95354c-bdd8-4c85-9263-a36d839c8a38,02/13/2009,03:00,G7 Meeting,NONE,EUR,,,,,ALL DAY
60bcfdf4-b271-4d4c-8abb-9dfff4b6612c,02/13/2009,10:00,Gross Domestic Product (QoQ) (Q4) PREL,HIGH,EUR,-2.2%,-,-1.8%,-0.5%,
ffeaa18b-7c7d-4065-af63-f57acb99874c,02/13/2009,10:00,Gross Domestic Product (YoY) (Q4) PREL,HIGH,EUR,-1.6%,-,-,1.3%,
3ba51cb8-2e13-461b-a412-b75db987503d,02/13/2009,10:00,Gross Domestic Product w.d.a (YoY) (Q4) PREL,HIGH,EUR,-1.7%,-,-,0.8%,
dc975646-a927-49e1-ac69-3635627adf73,02/13/2009,11:15,Producer and Import Prices (MoM) (Jan),MEDIUM,CHF,-0.8%,-,0%,-0.7%,
48cc3461-3b15-47e4-8ed0-697432b3e543,02/13/2009,11:15,Producer and Import Prices (YoY) (Jan),LOW,CHF,-0.9%,-,-0.1%,0.4%,
0b17212e-639c-47c2-9b3c-da96e3d6df0b,02/13/2009,11:30,CBE Interest Rate Decision,NONE,EGP,10.5%,-,-,11.5%,
1b7447e6-1cd0-4697-87ab-4cae834b4b36,02/13/2009,13:00,Gross Domestic Product s.a. (QoQ) (Q4) PREL,MEDIUM,EUR,-1.5%,-,-1.2%,-0.6%,
e7fbac2c-48af-40a3-af85-43ecb56595ea,02/13/2009,13:00,Gross Domestic Product s.a. (YoY) (Q4) PREL,MEDIUM,EUR,-1.2%,-,-1%,0.1%,
d1626e13-2582-40d6-9c5b-09cd3a181dfc,02/13/2009,16:30,New Motor Vehicle Sales (MoM) (Dec),LOW,CAD,-10.8%,-,-15%,-7% ,
2f17ec6d-5ac8-4779-86ec-8f7dce37bad5,02/13/2009,17:55,Michigan Consumer Sentiment Index (Feb) PREL,LOW,USD,56.2,-,61.5,61.2,
bcbaf259-281a-4bdd-84cf-a28ea9e0c749,02/14/2009,03:00,G7 Meeting,NONE,EUR,,,,,ALL DAY
831fc4dd-5485-46ad-817c-8b311e72aa65,02/15/2009,03:00,G7 Meeting,NONE,EUR,,,,,ALL DAY
85742ef7-64ee-43ba-958d-c4caac378bf4,02/16/2009,00:45,Producer Price Index - Input (QoQ) (Q4),LOW,NZD,-2.2%,-,0.2%,3.7% ,
a811c846-3f18-45b3-9c7b-367e3560ec66,02/16/2009,00:45,Producer Price Index - Output (QoQ) (Q4),LOW,NZD,1.4%,-,0.2%,2.8% ,
f29dabbe-bfe0-4612-879f-82cf3f5479fe,02/16/2009,02:50,Gross Domestic Product (QoQ) (Q4) PREL,LOW,JPY,-3.3%,-,-3.1%,-3.3%,
879738d8-79f7-4dad-8dac-b910ea663516,02/16/2009,02:50,Gross Domestic Product Annualized (Q4) PREL,MEDIUM,JPY,-12.7%,-,-11.7%,-12.7%,
a3a016b0-4c80-47de-b7f7-8ece4b57b6e5,02/16/2009,03:00,Presidents' Day,NONE,USD,,,,,ALL DAY
57010973-2c4e-403b-8ac1-ab434835a911,02/16/2009,03:01,Rightmove House Price Index (MoM) (Feb),MEDIUM,GBP,1.2%,-,-,-1.9%,
4d6993f6-fc68-42df-93ec-daa214556801,02/16/2009,03:01,Rightmove House Price Index (YoY) (Jan),LOW,GBP,-9.1%,-,-,-7.3%,
13ad04e6-6b8e-46e8-93c3-8395dd3497b7,02/16/2009,07:00,Tokyo Condominium Sales (YoY) (Jan),LOW,JPY,-24.1%,-,-,-18.2%,
a5cd645c-19f5-447d-9ba7-d42ffacdafe5,02/16/2009,07:30,Capacity Utilization (Dec),LOW,JPY,-11.8%,-,-,-8.9% ,
89c7398e-a954-447c-bdf6-69ae6eeb72ab,02/16/2009,07:30,Industrial Production (YoY) (Dec),LOW,JPY,-30.8%,-,-,-20.6%,
2ae49e6d-71e8-49cb-a363-d3a95109b96b,02/16/2009,11:00,BoK Interest Rate Decision,LOW,KRW,2%,-,-,3%,
62576ad3-3393-460d-9efd-b7b9ce227f97,02/16/2009,16:30,Canadian Portfolio Investment in Foreign Securities (Dec),LOW,CAD,$6.378B,-,-,$-2.54B,
70a6d3d5-bf51-4d2b-9111-fd131bc97101,02/16/2009,16:30,Foreign Portfolio Investment in Canadian Securities (Dec),MEDIUM,CAD,$-1.862B,0.11,$-2.5B,$-4.12B,
dcd7618b-bc4c-4732-aaef-7bed3ee87017,02/16/2009,16:30,Manufacturing Sales (MoM) (Dec),LOW,CAD,-8.2%,-,-,-6% ,
17ce835e-b50a-47a4-8dff-cfbbf2d81e34,02/16/2009,17:45,ECB's President Trichet speech,NONE,EUR,,,,,SPEECH
1512b05c-224d-4f61-93f3-90b1bdc12c0d,02/17/2009,02:50,Tertiary Industry Index (MoM) (Dec),LOW,JPY,-1.6%,0,-1.6%,-0.9% ,
78398e57-8c10-4f2b-8caf-5d9017cf6bf2,02/17/2009,03:30,RBA Meeting Minutes,MEDIUM,AUD,,,,,REPORT
cb8bb7f1-609b-405b-afef-7e6b81d43c25,02/17/2009,11:15,Real Retail Sales (YoY) (Dec),LOW,CHF,-0.4%,-,-,2.5%,
eca617cd-f29c-43eb-9d72-c6e4fe5fa9f8,02/17/2009,12:30,Consumer Price Index (MoM) (Jan),MEDIUM,GBP,-0.7%,-,-1%,-0.4%,
66d6ad0b-f328-4c53-ad93-8bb05b28782a,02/17/2009,12:30,Consumer Price Index (YoY) (Jan),MEDIUM,GBP,3%,-,2.7%,3.1%,
0af201ef-64d5-40df-b2c8-99b72b26b305,02/17/2009,12:30,Core Consumer Price Index (YoY) (Jan),MEDIUM,GBP,1.3%,-,0.9%,1.1%,
19f8e832-a274-40cc-a291-e50dea55b709,02/17/2009,12:30,DCLG House Price Index (YoY) (Jan),LOW,GBP,-10.2%,-,-10.1%,-8.6%,
62f3f4e9-93b4-4af3-b905-24a4a586d6a8,02/17/2009,12:30,Retail Price Index (MoM) (Jan),MEDIUM,GBP,-1.3%,-,-1.5%,-1.4%,
caec3654-738c-4580-b65b-3256fa205b8f,02/17/2009,12:30,Retail Price Index (YoY) (Jan),MEDIUM,GBP,0.1%,-,-0.1%,0.9%,
6332722b-f3f6-42f8-b8dd-0fecde8ac2db,02/17/2009,13:00,ZEW Survey – Economic Sentiment (Feb),MEDIUM,EUR,-5.8,-,-25,-31,
54d50275-ede1-45e2-8750-14f2ba896824,02/17/2009,13:00,Trade Balance n.s.a. (Dec),LOW,EUR,€-1.462B,-,€-6.7B,€-5.8B,
72e1f5d1-4227-4ba0-b66a-0843122110a2,02/17/2009,13:00,Trade Balance s.a. (Dec),LOW,EUR,€-1.7B,-,€-5.3B,€-4.9B,
9a4e8d42-5e06-47cc-a36f-d2c633d8a0da,02/17/2009,13:00,ZEW Survey – Economic Sentiment (Feb),NONE,EUR,-8.7,-,-,-30.8,
e19f6190-84c4-4ccf-9614-35ea477eae8f,02/17/2009,16:30,NY Empire State Manufacturing Index (Feb),MEDIUM,USD,-34.65,-1.62,-23.2,-26.5,
3ee149be-7f2c-4d9f-b393-9eb51ed8f6c4,02/17/2009,17:00,Net Long-Term TIC Flows (Feb),MEDIUM,USD,$34.8B,3.10,$-20B,$-27.8B,
eb5bdc12-456d-4220-9a2d-62235885c82b,02/17/2009,17:00,Total Net TIC Flows (Dec),MEDIUM,USD,$86.2B,-,-,$78.4B,
3c6d6d17-2cc5-4c97-9742-84c31d54cfe2,02/17/2009,21:00,NAHB Housing Market Index (Jan),LOW,USD,9,-,8,8,
741925a0-ebe2-4db9-a48a-3dc2d6df6689,02/18/2009,02:30,Westpac Leading Index (MoM) (Jan),MEDIUM,AUD,-0.39%,-,-,-1.11%,
e315f4e5-2c6a-452f-9a46-7eb5b3395e73,02/18/2009,08:00,Coincident Index (Dec),LOW,JPY,89.6,-,-,94.9,
d23fd328-a39b-4ef6-93f3-423b45950116,02/18/2009,08:00,Leading Economic Index (Dec),LOW,JPY,77.1,-,-,79.8,
934eb167-7bfe-4e1f-926d-04cdf2125f34,02/18/2009,12:30,BoE Minutes,HIGH,GBP,,,,,REPORT
74490c82-c903-40ca-8397-afbbc534fd10,02/18/2009,13:00,Construction Output w.d.a (YoY) (Dec),LOW,EUR,-13%,-,-,-4.7% ,
a607a199-ec20-413a-be4d-95ee403c71fb,02/18/2009,13:01,Construction Output s.a (MoM) (Dec),LOW,EUR,-2.9%,-,-,-1.2% ,
04ec7342-9d7b-422d-84f0-0370c6304e20,02/18/2009,14:00,CBI Industrial Trends Survey – Orders (MoM) (Feb),MEDIUM,GBP,-56%,-,-45%,-48%,
f14bb2d6-5650-49f3-a420-d802911b5454,02/18/2009,15:00,MBA Mortgage Applications,LOW,USD,45.7%,-,-,-24.5%,
7f7c1ee6-c33c-4063-b718-71e0dd52e978,02/18/2009,16:30,Wholesale Sales (MoM) (Dec),LOW,CAD,-3.4%,-,-2.3%,-1.6%,
8c1d69a8-54f1-448d-b5ba-8ec25c5fe943,02/18/2009,16:30,Building Permits (MoM) (Jan),LOW,USD,0.52M,-0.59,0.53M,0.554M,
f8a49596-59ef-4090-ae06-04967359d764,02/18/2009,16:30,Housing Starts (MoM) (Jan),LOW,USD,0.47M,-1.97,0.53M,0.56M,
abe0ba4f-f9ce-4d3f-9bbf-9b00b5f9387e,02/18/2009,16:30,Import Price Index (MoM) (Jan),MEDIUM,USD,-1.1%,0.23,-1.3%,-4.6% ,
b3a7a6ff-ede1-4aed-9e47-f95b3e55fdb7,02/18/2009,16:30,Import Price Index (YoY) (Jan),MEDIUM,USD,-12.5%,-0.16,-11.9%,-10.1% ,
586bf17d-dc8d-4b45-903e-840fa531cdc5,02/18/2009,17:15,Capacity Utilization (Jan),LOW,USD,71.9%,-0.83,72.5%,71.7% ,
03a12682-4ab1-45af-9ddd-2f6ed5b8e478,02/18/2009,17:15,Industrial Production (MoM) (Jan),LOW,USD,-1.9%,-0.25,-1.4%,-2.9% ,
613c6c89-b32e-46ce-93e9-486caab428f4,02/18/2009,20:30,Former Fed's Chair Bernanke speech,MEDIUM,USD,,,,,SPEECH
39166f1a-c77b-491f-a5da-1f0ea5e443b4,02/18/2009,22:00,FOMC Minutes,HIGH,USD,,,,,REPORT
7aaf22f8-81cd-4a38-9362-f7262cfdef0f,02/19/2009,03:30,New Motor Vehicle Sales (MoM) (Jan),LOW,AUD,-1.1%,-,-,1.8% ,
8e29fbd6-4db1-47ea-a42e-7abdddfa64a0,02/19/2009,03:30,New Motor Vehicle Sales (YoY) (Jan),LOW,AUD,-16.9%,-,-,-15.7%,
ebb553f2-25b7-4a1b-9e7b-061e8d0afd39,02/19/2009,04:30,RBA Foreign Exchange Transaction (Jan),LOW,AUD,383M,-,-,"1,102M",
370f32a6-0e06-454c-b8c0-469276a9b2cb,02/19/2009,06:00,BoJ Interest Rate Decision,MEDIUM,JPY,0.1%,0,0.1%,0.1%,
53e36a62-87dc-4668-99e7-6fd93c0bff6a,02/19/2009,10:15,Trade Balance (Jan),MEDIUM,CHF,1.99M,-,0.62M,0.22M,
e830085e-3bad-4ac4-9b94-575e5315ef2b,02/19/2009,12:30,M4 Money Supply (MoM) (Jan) PREL,LOW,GBP,2.5%,-,1.2%,1.4%,
6c78ee6d-b07b-4c0e-9542-5f643f7e2f7c,02/19/2009,12:30,M4 Money Supply (YoY) (Jan),LOW,GBP,17.5%,-,15.7%,16.6%,
c95de923-2d6b-42f0-a56e-0b668ec121bc,02/19/2009,12:30,M4 Sterling Lending (Jan),LOW,GBP,£4.8B,-,-,£12.8B,
fb5e176f-433e-45c2-b6fd-cc2c39982eb7,02/19/2009,12:30,Public Sector Net Borrowing (Jan),LOW,GBP,£-3.3B,-,£-6.9B,£14.9B,
ad8ea1c0-d85b-46da-9759-eaa04de84340,02/19/2009,13:00,ZEW Survey – Expectations (Feb),LOW,CHF,-57.7,-,-,-66.7,
df10bc09-7b79-40bd-80c7-85d77790e6f4,02/19/2009,16:30,Leading Indicators (MoM) (Jan),LOW,CAD,-0.8%,-,-0.7%,-0.6% ,
ba9dc06c-d8b4-4609-98c3-18059ac36af8,02/19/2009,16:30,Continuing Jobless Claims,LOW,USD,4.998M,-,-,4.81M,
1c8bcc85-4a12-44bc-9375-191cec6ba0f9,02/19/2009,16:30,Initial Jobless Claims,MEDIUM,USD,631K,-,620K,623K,
a5403efc-2a57-4498-b680-31fa20681980,02/19/2009,16:30,Producer Price Index (MoM) (Jan),MEDIUM,USD,0.8%,-,0.2%,-1.9%,
fb306252-fbe6-489a-a938-07eff7821da2,02/19/2009,16:30,Producer Price Index (YoY) (Jan),LOW,USD,1%,-,-2.6%,-0.9%,
8a5b08e1-fe07-47ff-aca5-55663b2dc2da,02/19/2009,16:30,Producer Price Index ex Food & Energy (MoM) (Jan),MEDIUM,USD,0.4%,-,0.1%,0.2%,
59f7875e-6424-40f1-ac68-194ae2be83c1,02/19/2009,16:30,Producer Price Index ex Food & Energy (YoY) (Jan),MEDIUM,USD,4.2%,-,3.8%,4.2%,
18d8fb07-7707-4b14-8509-7e43cc8413c9,02/19/2009,18:00,Philadelphia Fed Manufacturing Survey (Feb),MEDIUM,USD,-41.3,-1.12,-24.5,-31.1,
c233ef82-4d93-4e5e-b5a5-0f11fd34ad2e,02/20/2009,02:50,All Industry Activity Index (MoM) (Dec),LOW,JPY,-2.6%,-,-2.7%,-2.3%,
5eacba49-e4c9-4e53-967f-95db8fda337b,02/20/2009,08:00,BoJ Monthly Economic Survey,MEDIUM,JPY,,,,,REPORT
25357eb4-b7ba-4de9-a63e-6abfdcb71444,02/20/2009,11:00,CBRT Interest Rate Decision,LOW,TRY,11.5%,-,-,13%,
98b09698-a5f7-4d93-9fd7-f3a4ec549d86,02/20/2009,11:30,HCOB Manufacturing PMI (Jan) PREL,MEDIUM,EUR,-,-,32.5,-,
07f2b6a6-9d21-4c0d-b3ae-e84e4f3ad832,02/20/2009,11:30,HCOB Services PMI (Feb) PREL,LOW,EUR,-,-,45,45.2,
e52a4949-9558-4ce6-8023-c439dd3ae801,02/20/2009,12:00,HCOB Manufacturing PMI (Feb) PREL,LOW,EUR,-,-,35,-,
095ef909-ee78-4268-a67e-64985f03be87,02/20/2009,12:00,HCOB Services PMI (Jan) PREL,LOW,EUR,-,-,45,-,
2ae0e48e-3ca7-4a15-9eec-c1ad3a428663,02/20/2009,12:30,Retail Sales (MoM) (Jan),MEDIUM,GBP,0.8%,-,-,1.6%,
1bcd5f1c-c547-4396-94d9-8862d35fe76c,02/20/2009,12:30,Retail Sales (YoY) (Jan),MEDIUM,GBP,3.6%,-,2.1%,4%,
57ce99e9-091e-4819-80b0-ca7ac2134aff,02/20/2009,15:00,BoC Consumer Price Index Core (MoM) (Jan),MEDIUM,CAD,-0.4%,-0.85,-0.1%,-0.4% ,
b6555ec7-7341-4e0a-8eda-ab067ac03155,02/20/2009,15:00,BoC Consumer Price Index Core (YoY) (Jan),MEDIUM,CAD,1.9%,-,2.2%,2.4%,
1b8688b9-4ce5-4157-acbe-ca80c4e44704,02/20/2009,15:00,Consumer Price Index (MoM) (Jan),MEDIUM,CAD,-0.3%,-,-,-0.7%,
70066acd-f188-492a-9d27-be26498d3a98,02/20/2009,15:00,Consumer Price Index (YoY) (Jan),MEDIUM,CAD,1.1%,-,-0.1%,1.2%,
7d8a0629-998f-4e78-b322-fff3ad1d6204,02/20/2009,16:30,Consumer Price Index (MoM) (Jan),MEDIUM,USD,0.3%,0.00,0.3%,-0.8%,
3ce668e1-935c-48a6-b10e-460ea44204fc,02/20/2009,16:30,Consumer Price Index (YoY) (Jan),HIGH,USD,0%,-,-0.1%,0.1%,
bfa42ea9-ef64-4d59-97dc-42ad49099980,02/20/2009,16:30,Consumer Price Index ex Food & Energy (MoM) (Jan),HIGH,USD,0.2%,-,0.1%,0%,
aec5aaf0-7df1-41e8-aab9-4088f50256d3,02/20/2009,16:30,Consumer Price Index ex Food & Energy (YoY) (Jan),HIGH,USD,1.7%,-,1.5%,1.8%,
08fc4872-0d83-4e82-97ca-93a3706543aa,02/23/2009,11:10,ECB's President Trichet speech,LOW,EUR,,,,,SPEECH
ff102862-13e5-47cf-a07f-5f9c124a6c23,02/23/2009,16:30,Retail Sales (MoM) (Dec),MEDIUM,CAD,-5.2%,-,-2.4%,-2.4%,
bfed4146-fd23-47b9-a5cf-f8e3e3396684,02/23/2009,16:30,Retail Sales ex Autos (MoM) (Dec),MEDIUM,CAD,-3.1%,-,-1.5%,-2.3%,
35495080-3a46-4a19-a2e2-0eb4e85b4396,02/23/2009,20:40,Fed's Lockhart speech,LOW,USD,,,,,SPEECH
63248969-d21e-4fb5-bb24-e91393d9bb29,02/24/2009,02:50,BoJ Minutes,MEDIUM,JPY,,,,,REPORT
6dbde3f5-3fd5-40c7-889e-c7be5d6cbdd1,02/24/2009,02:50,Corporate Service Price Index (YoY) (Jan),LOW,JPY,-2.4%,0.27,-2.5%,-0.7% ,
8b719c48-6746-42d5-b7c7-410c0d97ab7d,02/24/2009,10:00,UBS Consumption Indicator (Jan),LOW,CHF,0.92,-,-,1.15,
67e4646d-b0db-4f9c-8b06-713c9ba1f21d,02/24/2009,11:15,Employment Level (QoQ) (Q4),LOW,CHF,3.96M,-,3.91M,4.601M,
56909012-3fb8-497e-83db-2c6e959d0b59,02/24/2009,12:00,IFO – Business Climate (Feb),HIGH,EUR,82.9,-,83.1,83,
33f77982-454e-4dcd-865e-4b95a8b2bab6,02/24/2009,12:00,IFO – Expectations (Feb),HIGH,EUR,81.1,0,81.1,79.5,
bc340944-805c-41a2-a71c-f25640a28e81,02/24/2009,12:00,Current Account n.s.a (Dec),LOW,EUR,€-1.442B,-,-,€-11.8B,
6934c45c-94be-43fe-a5c2-a6165948b075,02/24/2009,12:00,Current Account s.a (Dec),MEDIUM,EUR,€-11.644B,-,€-14.3B,€-13.9B,
fedebaed-4fee-407e-a19c-0193199573fe,02/24/2009,12:30,BBA Mortgage Approvals (Jan),LOW,GBP,26.086K,-,20.2K,22.4K,
22452469-ec7b-4543-a782-9590b7a93018,02/24/2009,12:30,Total Business Investment (QoQ) (Q4) PREL,LOW,GBP,-3.9%,-,-4.2%,-1.3%,
d359b86b-251a-4f28-8c8f-5a1f889dc4f4,02/24/2009,12:30,Total Business Investment (YoY) (Q4) PREL,LOW,GBP,-7.7%,-,-5.5%,-0.1%,
61657914-8acf-4035-a12a-63467166013a,02/24/2009,13:00,Industrial New Orders (YoY) (Dec),MEDIUM,EUR,-34.5%,-,-21.7%,-27.4% ,
2a275b6f-b0f6-42ba-8874-79caf66af47b,02/24/2009,13:00,Industrial New Orders s.a. (MoM) (Dec),MEDIUM,EUR,-11%,-,-4.9%,-5.4% ,
aac248a5-c754-4b33-949e-d0a1758e951e,02/24/2009,14:00,CBI Distributive Trades Survey – Realized (MoM) (Feb),LOW,GBP,-25%,-,-52%,-47%,
75b6035d-55f8-4aa3-8478-7e60fe028dd6,02/24/2009,17:00,Housing Price Index (MoM) (Dec),MEDIUM,USD,-0.2%,-,-,-1.8% ,
28298d45-2dd5-4b44-a85b-e8dcbefb38fd,02/24/2009,17:00,S&P/Case-Shiller Home Price Indices (YoY) (Dec),LOW,USD,-18.6%,-,-18.3%,-18.2%,
422990a3-5f69-4e99-bb39-d6ebef737720,02/24/2009,18:00,Consumer Confidence (Feb),LOW,USD,25.3,-,36,37.7,
302870d2-6cb9-4a32-aa8a-777db17fbe0a,02/24/2009,18:00,Fed's Chair Bernanke testifies,MEDIUM,USD,,,,,SPEECH
cae0e3f8-3b43-49de-ba71-9a1e8ea52953,02/24/2009,18:00,Richmond Fed Manufacturing Index (Feb),MEDIUM,USD,-51,-0.76,-48,-35,
acbc8cc0-860a-4a36-96a1-267b93874808,02/25/2009,02:50,Adjusted Merchandise Trade Balance (Jan),LOW,JPY,¥-400B,-,¥-489.8B,¥-148.8B,
f5e6bbf6-506d-4233-b131-8a6e3e2157dc,02/25/2009,02:50,Merchandise Trade Balance Total (Jan),LOW,JPY,¥-956.9B,1.69,"¥-1,179.5B",¥-322.2B,
2839ef9a-5af3-4e82-85ea-94b6d7675b20,02/25/2009,03:30,Construction Work Done (Q4),LOW,AUD,2.22%,-,-1.5%,5.5% ,
09692432-8d1d-4112-9680-8daa90f19d71,02/25/2009,03:30,Wage Price Index (QoQ) (Q4),LOW,AUD,1.1%,1.08,0.9%,1.1% ,
4914e6d4-ea1c-449d-99b4-c372a48aea1d,02/25/2009,03:30,Wage Price Index (YoY) (Q4),LOW,AUD,4.3%,-,3.8%,4.1%,
32949239-3438-4963-95ca-f58d04f03347,02/25/2009,06:00,RBNZ Inflation Expectations (QoQ) (Q1),LOW,NZD,2.3%,-,-,2.65% ,
d82863b7-763a-487d-95f8-05498842a9e4,02/25/2009,10:00,Gross Domestic Product (QoQ) (Q4),MEDIUM,EUR,-2.2%,-0.39,-2.1%,-2.2%,
3aa4c083-eb54-4402-a592-8cc7ea1e62de,02/25/2009,10:00,Gross Domestic Product (YoY) (Q4),MEDIUM,EUR,-1.9%,-2.50,-1.6%,-1.6%,
195ef7c9-47f5-49f0-a15f-36722d63ce48,02/25/2009,10:00,Gross Domestic Product w.d.a (YoY) (Q4),MEDIUM,EUR,-1.8%,-0.83,-1.7%,-1.7%,
f50f2d0b-a3c4-49b7-a971-b3b69dec2507,02/25/2009,12:30,Gross Domestic Product (QoQ) (Q4) PREL,MEDIUM,GBP,-1.5%,-,-1.6%,-1.5%,
46d36c22-92eb-4649-af9e-c16274477f89,02/25/2009,12:30,Gross Domestic Product (YoY) (Q4) PREL,MEDIUM,GBP,-1.9%,0,-1.9%,-1.8%,
54766a0f-f563-4039-8efc-11ba0dc95474,02/25/2009,12:30,Index of Services (3M/3M) (Dec),LOW,GBP,-0.8%,-,-1%,-0.4% ,
13da0871-32c0-4429-bccc-2df220c0cf18,02/25/2009,15:00,MBA Mortgage Applications,NONE,USD,-15.1%,-,-,45.7%,
d425e149-1929-4c96-a13c-c64a88c063c7,02/25/2009,18:00,Existing Home Sales (MoM) (Jan),MEDIUM,USD,4.49M,-0.00,4.82M,4.01M,
0b67d618-f534-462a-a05e-f92b213f6ebd,02/25/2009,18:00,Existing Home Sales Change (MoM) (Jan),MEDIUM,USD,-5.3%,-1.72,1.7%,6.4% ,
02fafbca-b500-45b0-9c42-284f7f131b54,02/25/2009,18:30,EIA Crude Oil Stocks Change,LOW,USD,0.7M,-,-,7.2M,
23b5711e-c4b7-4b46-aa49-bd799afb044a,02/26/2009,00:45,Trade Balance NZD (MoM) (Jan),MEDIUM,NZD,$-104M,-,-,$-341M,
86e04cdb-2024-4eef-8202-de2f8206179f,02/26/2009,04:30,Private Capital Expenditure (Q4),LOW,AUD,5%,-,-,5.4% ,
78b6490a-ab42-40a8-9b69-5606bca87597,02/26/2009,05:00,ANZ Business Confidence,LOW,NZD,-41.2,-,-,-35,
d132be34-2c33-4866-85da-6baf2ed67a7b,02/26/2009,05:00,M3 Money Supply (YoY) (Jan),LOW,NZD,6.9%,-,-,6.3%,
104e9544-d93d-4e47-9c7f-56d936c214c4,02/26/2009,10:00,GfK Consumer Confidence Survey (Mar),LOW,EUR,2.5,-,2,2.2,
f71dffe3-22e7-4653-95f7-0b41b4e5a540,02/26/2009,10:00,Nationwide Housing Prices n.s.a (YoY) (Feb),NONE,GBP,-17.6%,-,-17.1%,-16.7%,
7238f57c-3948-4b25-ad8a-47eff1546137,02/26/2009,10:00,Nationwide Housing Prices s.a (MoM) (Feb),LOW,GBP,-1.8%,-,-1.2%,-1.3%,
da917681-ffb2-4760-9795-8c72ac42428d,02/26/2009,11:55,Unemployment Change (Feb),LOW,EUR,34K,-,60K,59K,
a0dc8a9e-09ca-453e-a15d-ac9ff208a757,02/26/2009,11:55,Unemployment Rate s.a. (Feb),MEDIUM,EUR,8.1%,-,7.9%,7.8% ,
48cadabf-351c-4015-97a2-d252deb6d501,02/26/2009,12:00,M3 Money Supply (YoY) (Jan),LOW,EUR,6%,-,7.4%,7.3% ,
dc57953b-78d3-4cdd-a96d-01605f5fedbc,02/26/2009,13:00,Consumer Confidence (Feb),LOW,EUR,-32.9,-,-31,-31,
331d3230-83c5-48ff-b865-74626d82b23a,02/26/2009,13:00,Economic Sentiment Indicator (Feb),LOW,EUR,70.7,0.33,69.2,69.5,
6f158d66-99a2-442b-8649-cc7c0b9b50e7,02/26/2009,13:00,Industrial Confidence (Feb),LOW,EUR,-36.7,-1.43,-33,-32,
573f8406-9e80-4cf4-97d6-7fe292bd20dd,02/26/2009,13:30,BoE's Governor King speech,MEDIUM,GBP,,,,,IN PROGRESS
0ca3e1d0-6ec3-4558-b824-980cfb0ed3f6,02/26/2009,16:30,Continuing Jobless Claims,NONE,USD,5.112M,-,5.013M,4.987M,
92dac55d-8524-401d-906c-f2721ed848e3,02/26/2009,16:30,Durable Goods Orders (Jan),MEDIUM,USD,-4.5%,-1.22,-2.3%,-5.4% ,
c353b27a-1119-4c6f-a0bd-8d3af2742a27,02/26/2009,16:30,Durable Goods Orders ex Transportation (Jan),MEDIUM,USD,-3%,-0.39,-2%,-7.1% ,
357498c0-ce70-409e-81d7-0b80666b3750,02/26/2009,16:30,Initial Jobless Claims,NONE,USD,667K,-,625K,627K,
eb174b95-48bd-443f-abde-90f15a7c39eb,02/26/2009,17:30,Barack Obama Press Conference,LOW,USD,,,,,SPEECH
65906e72-b2bc-423c-bfdd-dd838b49d7c5,02/26/2009,18:00,New Home Sales (MoM) (Jan),MEDIUM,USD,0.322M,-0.35,0.329M,0.377M,
e695ce65-311a-4e80-b732-bd22443a30d8,02/26/2009,18:00,New Home Sales Change (MoM) (Jan),MEDIUM,USD,-10.2%,-1.73,-1%,-3.1% ,
d29cf9e2-b78c-4a1d-ac43-3b5eacc22446,02/27/2009,00:45,Building Permits s.a. (MoM) (Jan),LOW,NZD,13%,-,-,-6% ,
033f0179-731f-4a9b-bfeb-39000fe3400f,02/27/2009,00:45,Visitor Arrivals (YoY) (Jan),LOW,NZD,-7.4%,-,-,3.9% ,
09e77700-52d6-48f2-95b8-764cb9ba5b91,02/27/2009,02:15,Jibun Bank Manufacturing PMI,LOW,JPY,-,-,-,-,
4dacdd6e-4ece-475d-9633-3ebc2e7ffea0,02/27/2009,02:30,National Consumer Price Index (YoY) (Jan),MEDIUM,JPY,0%,-,0%,0.4%,
c70f82ac-43a3-48c3-a80e-bb706256cc12,02/27/2009,02:30,"National CPI ex Food, Energy (YoY) (Jan)",MEDIUM,JPY,-0.2%,0.00,-0.2%,0.9% ,
5996739e-d20f-4f0b-b32a-13e82115ce04,02/27/2009,02:30,Overall Household Spending (YoY) (Jan),LOW,JPY,-5.9%,-,-5.8%,-4.6%,
79a3cda8-c62f-49ce-ac55-1c95e4a3b320,02/27/2009,02:30,Tokyo Consumer Price Index (YoY) (Feb),MEDIUM,JPY,0.5%,-,0.3%,0.5%,
1e2da8e6-4c2a-43e7-a9e8-f16b544b330d,02/27/2009,02:30,"Tokyo CPI ex Food, Energy (YoY) (Feb)",MEDIUM,JPY,-0.1%,0.41,-0.3%,0.4% ,
ed098006-d2a9-4f48-9f47-41186878b0cb,02/27/2009,02:30,Tokyo CPI ex Fresh Food (YoY) (Feb),LOW,JPY,0.6%,-,-,0.5%,
c40819dd-28ad-4dc6-b73c-18464b916354,02/27/2009,02:30,Unemployment Rate (Jan),MEDIUM,JPY,4.1%,-,4.6%,4.4%,
38a2cc93-0c0e-4db5-a5bc-a69dd1e18f98,02/27/2009,02:50,Industrial Production (MoM) (Jan) PREL,LOW,JPY,-10%,0,-10%,-9.6%,
56a5ed63-77e5-4e5d-8d2d-059d8d14f043,02/27/2009,02:50,Industrial Production (YoY) (Jan) PREL,LOW,JPY,-30.8%,-,-30.7%,-30.8%,
dbd13122-0f85-44a6-bd3a-e3646f215877,02/27/2009,02:50,Large Retailer Sales (Jan),LOW,JPY,-1.1%,-,-,-6.3%,
106895b3-c80c-440e-8694-06806256b29b,02/27/2009,02:50,National CPI ex Fresh Food (YoY) (Jan),MEDIUM,JPY,0%,-,-,0.2% ,
4bce0056-b8b6-4379-a800-7e48ceb31597,02/27/2009,02:50,Retail Trade (YoY) (Jan),MEDIUM,JPY,-2.4%,0.95,-3%,-2.6% ,
400ce066-6dfc-497a-a3b0-6f67fc659872,02/27/2009,02:50,Retail Trade s.a (MoM) (Jan),MEDIUM,JPY,-0.1%,-,-0.2%,-2% ,
87da4880-c1c9-4c4b-83ac-50236a587170,02/27/2009,03:01,GfK Consumer Confidence (Feb),MEDIUM,GBP,-35,-,-39,-37,
1c4e44c5-bcd0-48d9-9c08-b3d25cbeb937,02/27/2009,03:30,Private Sector Credit (MoM) (Jan),LOW,AUD,0.6%,0.89,0.3%,-0.1% ,
c6c32938-e51e-4f49-bfb0-4bd5c7d80503,02/27/2009,03:30,Private Sector Credit (YoY) (Jan),NONE,AUD,6.1%,0.00,6.1%,6.9% ,
8e504153-2352-4b6b-8de1-fc57b1da5540,02/27/2009,08:00,Annualized Housing Starts (Jan),LOW,JPY,0.957M,-0.80,0.994M,0.961M,
944d621a-27d8-4d0e-8f37-d4848ec3a1c8,02/27/2009,08:00,Construction Orders (YoY) (Jan),LOW,JPY,-38.3%,-,-,-27.3%,
e8b7cd7d-839e-433f-8e69-f047d1e45dfe,02/27/2009,08:00,Housing Starts (YoY) (Jan),LOW,JPY,-18.7%,-,-14.9%,-5.8%,
fd4858a4-cb74-4ecb-8bfd-c98b43f9253a,02/27/2009,13:00,Core Harmonized Index of Consumer Prices (YoY) (Jan),MEDIUM,EUR,1.6%,-,1.8%,1.8%,
4e18b5f7-26b3-4a23-b1d5-849413ae4962,02/27/2009,13:00,Harmonized Index of Consumer Prices (MoM) (Jan),MEDIUM,EUR,-0.8%,-,-0.9%,-0.1%,
179c657e-11a5-41cc-9db1-28e338e9c51f,02/27/2009,13:00,Harmonized Index of Consumer Prices (YoY) (Jan),MEDIUM,EUR,1.1%,0,1.1%,1.1%,
0c4e70e3-32ad-49bb-b9f9-74a2aa22d884,02/27/2009,13:00,Unemployment Rate (Jan),MEDIUM,EUR,8.6%,-,8%,8.1% ,
3f7900a7-8c96-4520-9fbf-b70a7390b7a5,02/27/2009,13:30,KOF Leading Indicator (Feb),LOW,CHF,-1.37,-,-0.93,-0.87,
9b06a14e-8b02-47bf-bd0f-c1bfb7b58933,02/27/2009,13:40,Consumer Price Index (MoM) (Feb) PREL,MEDIUM,EUR,0.6%,-,0.3%,-0.5%,
f244234e-6229-481d-8b24-42555ecc248c,02/27/2009,13:40,Consumer Price Index (YoY) (Feb) PREL,MEDIUM,EUR,1%,-,0.8%,0.9%,
ba24d589-f94f-41b7-a44e-6f56fa027603,02/27/2009,15:16,Gross Domestic Product Price Index (Q4) PREL,MEDIUM,USD,-4.1%,-,-,-4.6%,
145292a2-bf58-4eb1-a57d-06d88857b05b,02/27/2009,16:30,Current Account (Q3),MEDIUM,CAD,-7.548B,-,-5.5B,4.07B,
ffe00cde-5879-4813-b57d-e89dc339c54e,02/27/2009,16:30,Industrial Product Price (MoM) (Jan),LOW,CAD,0%,-,-0.5%,-2.1% ,
cc2bcf61-537b-4a67-b496-2ac1dc42f81e,02/27/2009,16:30,Core Personal Consumption Expenditures (QoQ) (Q4) PREL,HIGH,USD,-4.3%,-,-,-3.5%,
942132ac-95d3-4d72-89aa-b62a417c35e4,02/27/2009,16:30,Gross Domestic Product Annualized (Q4) PREL,HIGH,USD,-6.2%,-,-5.3%,-3.8%,
3a43419b-9ae9-452c-a0fc-ca20d7f8d32e,02/27/2009,17:45,Chicago PMI (Feb),LOW,USD,34.2,0.03,34,33,
89dcdad3-128d-444e-8b41-446283f382d6,02/27/2009,17:55,Michigan Consumer Sentiment Index (Feb),LOW,USD,56.3,-,56,56.2,
788b0799-00ab-4583-b625-e20b1cf66150,02/28/2009,15:00,NBP Base rate,LOW,PLN,4%,-,-,-,
cc4bcf48-b583-4261-977c-3239edb2cc7a,03/02/2009,04:30,Company Gross Operating Profits (QoQ) (Q4),LOW,AUD,-6.66%,-,-1.7%,6.9% ,
eaa2eed0-7638-4edc-9a12-1143e27174de,03/02/2009,04:30,Labor Cash Earnings (YoY) (Jan),LOW,JPY,-2.7%,-2.44,-1.2%,-1.5% ,
212972a5-273b-4c81-8d16-e060983fa33e,03/02/2009,08:00,Vehicle Sales (YoY) (Feb),LOW,JPY,-32.4%,-,-,-27.9%,
5d1949c4-c396-4192-b854-ad79553005e9,03/02/2009,08:30,RBA Commodity Index SDR (YoY) (Feb),LOW,AUD,13.2%,-,-,29.1%,
5d7cdd8f-83b7-4ff6-97ca-b6e24a7efeff,03/02/2009,11:30,SVME - Purchasing Managers' Index (Feb),MEDIUM,CHF,32.6,-,34.8,35,
9fdd0d2e-464d-46b3-b882-0222860c4eb3,03/02/2009,11:55,HCOB Manufacturing PMI (Feb),MEDIUM,EUR,-,-,32.2,-,
af35b466-631e-4f87-ac7a-b074450b8d3a,03/02/2009,12:00,HCOB Manufacturing PMI (Feb),LOW,EUR,-,-,33.6,-,
51cdf9be-e64b-41ae-84f1-e0375a159206,03/02/2009,12:30,M4 Money Supply (MoM) (Jan),LOW,GBP,2.5%,-,-,2.5%,
fb3096ff-30b9-46b1-b06c-9a7b2e9aa790,03/02/2009,12:30,M4 Money Supply (YoY) (Jan),LOW,GBP,17.5%,-,-,17.5%,
239c297e-b978-46b5-8527-38a3fb7f98ac,03/02/2009,12:30,Mortgage Approvals (Jan),LOW,GBP,32K,-,33K,31K,
10e72c22-a465-4e13-979c-878e68558abf,03/02/2009,12:30,Net Lending to Individuals (MoM) (Jan),LOW,GBP,£1.2B,-,-,£2.2B,
a4b9354d-fe58-4909-adb8-716ded2502f2,03/02/2009,12:30,S&P Global Manufacturing PMI (Feb),LOW,GBP,-,-,35,-,
713c8c36-d2ad-49a0-8c5d-254bd5526166,03/02/2009,13:00,Harmonized Index of Consumer Prices (YoY) (Feb) PREL,MEDIUM,EUR,1.2%,-,1%,1.1%,
979eb1a9-0fe7-4b00-ab03-1bbcc41fe24d,03/02/2009,15:30,Gross Domestic Product Annualized (Q4),MEDIUM,CAD,-3.4%,-,-,3.3% ,
1e0b76cc-d4c1-4e6d-af39-e1f2e2e9ec10,03/02/2009,16:30,Gross Domestic Product (MoM) (Dec),MEDIUM,CAD,-1%,-1.43,-0.5%,-1% ,
ebcc02bd-7673-43f6-807d-f509e1d4f25a,03/02/2009,16:30,Core Personal Consumption Expenditures - Price Index (MoM) (Jan),HIGH,USD,0.2%,-,0.1%,0%,
b995c813-aa12-48da-8961-b499d6585818,03/02/2009,16:30,Core Personal Consumption Expenditures - Price Index (YoY) (Jan),HIGH,USD,1.7%,-,1.6%,1.7%,
74db9f2e-953e-43c9-951e-6840696be438,03/02/2009,16:30,Personal Consumption Expenditures - Price Index (MoM) (Jan),HIGH,USD,1%,15.00,0.4%,-0.5% ,
8e86e65f-8c80-414e-9a71-675c98897996,03/02/2009,16:30,Personal Consumption Expenditures - Price Index (YoY) (Jan),MEDIUM,USD,0.8%,-,0.5%,0.6% ,
9d3075b4-dfbb-41c7-a5f1-ab75cd7e2f6d,03/02/2009,16:30,Personal Income (MoM) (Jan),LOW,USD,0%,1.29,-0.3%,-1.2% ,
f21da35b-9803-48a3-8a00-9ae901ec73f6,03/02/2009,18:00,Construction Spending (MoM) (Jan),LOW,USD,-3.5%,-2.68,-1.5%,-3.5% ,
6e56d04b-092c-472e-bc18-4abf445ee80e,03/02/2009,18:00,ISM Manufacturing PMI (Feb),MEDIUM,USD,35.8,0.62,34,36.4,
1f809b1d-1e52-43ae-8a89-3ee1ef8cace8,03/03/2009,02:50,Monetary Base (YoY) (Jan),LOW,JPY,6.4%,-,1.9%,3.9%,
9fad4b52-fec5-4620-99a8-217fe4ca76b9,03/03/2009,03:30,Current Account Balance (Q4),LOW,AUD,-6.875B,0.14,-7.35B,-12.6B,
83ae7f8e-bac8-435c-94a3-c1b2066f4eb7,03/03/2009,03:30,Retail Sales s.a. (MoM) (Jan),MEDIUM,AUD,-0.2%,-,-,0% ,
30386640-8f62-43a3-95e9-45d573af6b98,03/03/2009,06:30,RBA Interest Rate Decision,HIGH,AUD,3.25%,-,3%,3.25%,
1b9fc03e-065b-49f3-a9c6-b71ce140ca0e,03/03/2009,09:00,Wholesale Price Index (MoM) (Jan),LOW,EUR,-0.4%,-,-,-3% ,
146ee87b-a69b-41ed-9b59-146f24b98815,03/03/2009,09:45,Gross Domestic Product (QoQ) (Q4),LOW,CHF,-1.1%,-0.82,-0.8%,0.5% ,
7e998019-6a5e-48b1-ae46-a1932f3db181,03/03/2009,09:45,Gross Domestic Product (YoY) (Q4),LOW,CHF,-1.9%,-3.23,-0.1%,3.8% ,
1b5f4f45-be36-477a-9eb8-5d076113af46,03/03/2009,12:30,S&P Global Construction PMI (Feb),LOW,GBP,-,-,34.2,-,
15739fb4-e4df-43d4-9ce4-b240a7c91ae1,03/03/2009,16:00,Fed's Lockhart speech,LOW,USD,,,,,SPEECH
dfe07416-1bc7-4b1c-89a8-0ea7478f731f,03/03/2009,17:00,BoC Interest Rate Decision,HIGH,CAD,0.5%,0,0.5%,1%,
a02aee0d-7cea-4139-82bb-4a2b0265fb02,03/03/2009,18:00,Fed's Chair Bernanke testifies,MEDIUM,USD,,,,,SPEECH
e94c462e-cc39-4d26-a521-ffaa865570e8,03/03/2009,18:00,Pending Home Sales (MoM) (Jan),MEDIUM,USD,-7.7%,-1.10,-3%,10% ,
4a2392cc-8d82-417b-8546-9aa65b940362,03/03/2009,20:30,ECB's President Trichet speech,LOW,EUR,,,,,SPEECH
30853d72-95a1-4c25-9e42-c88aaba6a036,03/03/2009,20:30,Treasury's Geithner speech,MEDIUM,USD,,,,,SPEECH
9ac88f73-d737-4910-8c7d-e6518d7f722b,03/04/2009,03:01,Nationwide Consumer Confidence (Feb),MEDIUM,GBP,43,-,38,40,
43fce51a-e326-45b7-80b2-59342cc2e971,03/04/2009,03:30,Gross Domestic Product (QoQ) (Q4),LOW,AUD,-1%,-5.81,-0.1%,0.7% ,
1964c5bc-c14c-4d7c-8b29-09b2d1729879,03/04/2009,03:30,Gross Domestic Product (YoY) (Q4),LOW,AUD,1.11%,0.37,0.9%,2.5% ,
f7a1d44a-b26d-442b-a732-686b5ed08a75,03/04/2009,11:55,HCOB Services PMI (Feb),LOW,EUR,-,-,41.6,-,
acfd3ab0-1002-4bcc-98b7-44d445a3c859,03/04/2009,12:00,HCOB Services PMI (Feb),LOW,EUR,-,-,38.9,-,
6e4189ae-7a84-46de-90ed-be7ff254b39d,03/04/2009,12:30,S&P Global Services PMI (Feb),LOW,GBP,-,-,41.9,-,
c4674a71-1c4b-4715-89d6-93a140e3de77,03/04/2009,14:13,EIA Crude Oil Stocks Change,NONE,USD,-0.7M,-,-,0.7M,
084f7780-4e26-4da4-93c1-59bea935f897,03/04/2009,15:00,MBA Mortgage Applications,LOW,USD,-12.6%,-,-,-15.1%,
87135374-9fc1-4b01-a9f0-26b28a584173,03/04/2009,16:15,ADP Employment Change (Feb),MEDIUM,USD,-697K,-1.11,-565K,-698K,
46588cbe-7d13-4552-b26d-758ecc61e9ec,03/04/2009,18:00,ISM Services PMI (Feb),LOW,USD,41.6,-0.12,42,43,
da547df3-3c1e-454a-818e-f3ab716611d7,03/04/2009,18:00,Treasury's Geithner speech,LOW,USD,,,,,SPEECH
92f6ae3b-5bf1-4e62-82fc-4c818ae67cbb,03/04/2009,20:00,Fed's Lockhart speech,LOW,USD,,,,,SPEECH
2c85609d-c48e-453d-9095-378107f33138,03/04/2009,22:00,Fed's Beige Book,MEDIUM,USD,,,,,REPORT
04698631-d8ce-450c-a18f-a4ec83bb1126,03/05/2009,02:50,Capital Spending (Q4),LOW,JPY,-17.3%,-,-,-,
432e8d6b-44ec-4e5f-ac64-76d6c39e7866,03/05/2009,03:30,Building Permits (MoM) (Jan),NONE,AUD,-3.01%,-,-,-1.9% ,
85711f5e-6ee8-4399-92f3-596a52564a4a,03/05/2009,03:30,Building Permits (YoY) (Jan),LOW,AUD,-28.14%,-,-,-32.9% ,
7174fc30-0d71-45ca-a52c-a889200f0b60,03/05/2009,03:30,Trade Balance (MoM) (Jan),MEDIUM,AUD,0.495M,-,-,-652M,
b388bbbc-cabc-4908-9e98-ac66cc34d21f,03/05/2009,10:00,Retail Sales (MoM) (Jan),LOW,EUR,-3.2%,-,0.3%,-0.2% ,
a81d3f4d-44f5-4078-9732-2e55ace5696c,03/05/2009,10:00,Retail Sales (YoY) (Jan),LOW,EUR,-1.1%,-,-0.7%,-0.3%,
26537fd1-941e-4e81-8076-70fe831cba2c,03/05/2009,12:00,Halifax House Prices (MoM) (Feb),LOW,GBP,-2.3%,-,-2.2%,1.9%,
dd8d07a7-2ebd-46d9-8032-26640af0c952,03/05/2009,12:00,Halifax House Prices (YoY/3m) (Feb),LOW,GBP,-17.7%,0,-17.7%,-17.2%,
30185519-5fe8-4409-b7a1-4a2c0457548f,03/05/2009,13:00,Gross Domestic Product s.a. (QoQ) (Q4) PREL,MEDIUM,EUR,-1.5%,0,-1.5%,-1.5%,
beef44ff-28b4-429c-977f-49974f76ca87,03/05/2009,13:00,Gross Domestic Product s.a. (YoY) (Q4) PREL,MEDIUM,EUR,-1.3%,-,-1.2%,-1.2%,
17966705-d0fd-48f9-ae0e-989eb4563006,03/05/2009,15:00,BoE Interest Rate Decision,HIGH,GBP,0.5%,0,0.5%,1%,
6a65e9d8-d28f-43bc-abfe-02f20355786f,03/05/2009,15:30,Building Permits (MoM) (Jan),LOW,CAD,-6.1%,-,-,-3.5% ,
db137c4e-2f9e-4bdf-8125-6d4a9ce07efa,03/05/2009,15:30,RBI Interest Rate Decision (Repo Rate),LOW,INR,5%,-,-,5.5%,
ccf9cd14-d3dc-4984-826d-d6b3a2d61d51,03/05/2009,15:45,ECB Main Refinancing Operations Rate,HIGH,EUR,1.5%,0,1.5%,2%,
a43bb1f2-0a90-4aa9-8513-c375edbfe207,03/05/2009,16:30,ECB's President Trichet speech,MEDIUM,EUR,,,,,SPEECH
59ddb0aa-ac67-4b02-922b-d06eed57debe,03/05/2009,16:30,Continuing Jobless Claims,LOW,USD,5.124M,-,-,5.112M,
dce9814b-9955-48b6-bf89-b53b78ab86fc,03/05/2009,16:30,Nonfarm Productivity (Q4),MEDIUM,USD,-0.4%,-2.17,1.5%,3.2%,
51e37d7b-522e-4631-be8a-dd54758af73b,03/05/2009,16:30,Unit Labor Costs (Q4),LOW,USD,5.7%,1.71,3.5%,1.8%,
99e820ba-affd-4f0b-a2e5-533700176e42,03/05/2009,16:30,Initial Jobless Claims,HIGH,USD,645K,-,-,667K,
7742972c-802e-4be1-943d-3f6c1c2e12df,03/05/2009,18:00,Ivey Purchasing Managers Index (Feb),MEDIUM,CAD,45.2,-,37.5,36.1,
c110a9ec-56ba-4cfb-9a0c-3182be52e160,03/05/2009,18:00,Factory Orders (MoM) (Jan),MEDIUM,USD,-3.5%,-1.49,-2%,-6.1% ,
7e363b85-16ae-49d2-9dbf-7683fdfb01f6,03/06/2009,11:00,Danmarks Nationalbank's interest rate change,NONE,DKK,2%,-,-,2.75%,
773d6701-df14-4f75-9262-84f680d1f155,03/06/2009,11:15,Consumer Price Index (MoM) (Feb),MEDIUM,CHF,0.2%,-,-0.1%,-0.8%,
9b282a99-ddf1-4604-8918-c37afa62b6f4,03/06/2009,11:15,Consumer Price Index (YoY) (Feb),MEDIUM,CHF,0.2%,-,0%,0.1%,
1659edac-ddf1-426f-b464-4e54f8a1fe23,03/06/2009,12:30,Producer Price Index - Input (MoM) n.s.a (Feb),MEDIUM,GBP,0.6%,-,-0.5%,1.5%,
fb77d978-10b2-4934-80aa-0af887583883,03/06/2009,12:30,Producer Price Index - Input (YoY) n.s.a (Feb),MEDIUM,GBP,0.5%,-,1.1%,2.3%,
5f08bfba-0792-478d-b034-78925215187e,03/06/2009,12:30,Producer Price Index - Output (MoM) n.s.a (Feb),MEDIUM,GBP,0.1%,0,0.1%,0.1%,
1b1c8c04-e55b-4a63-a0dd-426c935f845d,03/06/2009,12:30,Producer Price Index - Output (YoY) n.s.a (Feb),MEDIUM,GBP,3.1%,0,3.1%,3.5%,
ae4d57e2-f342-451c-a4e9-e65f5a7b4f94,03/06/2009,16:30,Average Hourly Earnings (MoM) (Feb),HIGH,USD,0.2%,-0.98,0.3%,0.1% ,
b9e83c07-15db-497c-8d92-78bd6dd894d4,03/06/2009,16:30,Average Hourly Earnings (YoY) (Feb),HIGH,USD,3.6%,-,-,3.7% ,
e749a8a4-006b-4c80-a56d-c5b5e91ed856,03/06/2009,16:30,Nonfarm Payrolls (Feb),HIGH,USD,-651K,-,-625K,-598K,
e06e5125-23e6-4504-b2af-240b1d8dd8bb,03/06/2009,16:30,Unemployment Rate (Feb),HIGH,USD,8.1%,1.41,7.9%,7.8% ,
34b89aa3-6a9d-4869-9ad6-408f4d027c16,03/06/2009,23:00,Consumer Credit Change (Jan),LOW,USD,$8.1B,1.69,$-3.9B,$-7.69B,
9a8a15b6-cd16-42d1-babd-f26901824769,03/09/2009,02:50,Current Account n.s.a. (Jan),LOW,JPY,¥258B,-,-,¥41.8B,
fa81a67a-e8de-452e-93da-ab940bab5483,03/09/2009,02:50,Money Supply M2+CD (YoY) (Feb),LOW,JPY,2.1%,-,-,1.9% ,
674ec645-31e0-46f1-a8a2-62194693e812,03/09/2009,02:50,Trade Balance - BOP Basis (Jan),LOW,JPY,¥-844.4B,-,-,¥-90.6B,
e0821138-1352-44cc-9593-20cbe423796b,03/09/2009,08:00,Eco Watchers Survey: Current (Feb),LOW,JPY,19.4,-,-,17.1,
84875d4f-6590-465c-adb3-a2769ddb98e8,03/09/2009,08:00,Eco Watchers Survey: Outlook (Feb),LOW,JPY,26.5,-,-,22.1,
d16875d4-d75e-4dc4-ba36-e3beb6f4939b,03/09/2009,09:00,Wholesale Price Index (YoY) (Feb),LOW,EUR,-6%,-,-,-,
8bc56bec-dc20-430d-a11a-0d39e5a5ffd6,03/09/2009,10:15,Unemployment Rate s.a (MoM) (Feb),LOW,CHF,3.4%,-,3.2%,3.3%,
08fcf6ce-0c96-4209-8a9f-be8f3e2ce2de,03/09/2009,12:30,Sentix Investor Confidence (Mar),LOW,EUR,-42.7,-,-37.8,-36.13,
370e02c9-4f88-492b-8702-207bbbbb89ae,03/09/2009,15:15,Housing Starts s.a (YoY) (Feb),MEDIUM,CAD,134.6K,-1.26,148.5K,132.3K,
a7a9d976-8fa3-42dd-b63e-89fc91b09e36,03/10/2009,03:01,BRC Like-For-Like Retail Sales (YoY) (Feb),LOW,GBP,-1.8%,-,-,1.1%,
24fd1c19-f400-46e0-8701-3e611cea01ae,03/10/2009,03:01,RICS Housing Price Balance (Feb),LOW,GBP,-78.1%,-,-75.8%,-76% ,
412225d4-8640-44c6-a3da-6310248060f9,03/10/2009,03:30,ANZ Job Advertisements (Feb),LOW,AUD,-9.5%,-,-,-6.3% ,
874030d6-6876-4223-b517-caa28adad7d3,03/10/2009,03:30,National Australia Bank's Business Conditions (Feb),LOW,AUD,-20,-,-,-11,
2f4f73fb-f97a-4f03-afd2-eb281f0c6f29,03/10/2009,03:30,National Australia Bank's Business Confidence (Feb),LOW,AUD,-22,-,-,-32,
effc9d88-2847-4517-a0c7-245c3b26a016,03/10/2009,08:00,Coincident Index (Jan) PREL,LOW,JPY,89.6,-,89.8,89.6,
78a0bd61-145a-4afc-8c97-b123a271b968,03/10/2009,08:00,Leading Economic Index (Jan) PREL,LOW,JPY,77.1,-,77.4,80,
16847fb3-5ba7-45e8-9e0e-9af8487e7574,03/10/2009,09:00,Machine Tool Orders (YoY) (Feb) PREL,LOW,JPY,-83.9%,-,-,-84.4% ,
2d549ae4-afbd-498b-b313-7ec53ebf2f39,03/10/2009,10:00,Consumer Price Index (MoM) (Feb),LOW,EUR,0.6%,0,0.6%,0.6%,
3351bfb9-d86d-4123-a9b2-da781eb54216,03/10/2009,10:00,Consumer Price Index (YoY) (Feb),MEDIUM,EUR,1%,0,1%,1%,
eb5742b0-12e4-4bac-80e4-44c8cfd935c0,03/10/2009,10:00,Trade Balance s.a. (Jan),MEDIUM,EUR,€8.359B,-,€8.3B,€7.3B,
0706093d-84a1-485d-a6f5-d9a5b2990d9d,03/10/2009,12:30,Industrial Production (MoM) (Jan),MEDIUM,GBP,-2.7%,-,-1.2%,-1.7%,
6d934aed-d06c-4466-9b83-3c084779bf65,03/10/2009,12:30,Industrial Production (YoY) (Jan),MEDIUM,GBP,-11.6%,-,-,-9.4%,
7c1ce20b-37b5-4273-9bda-582b70b51577,03/10/2009,12:30,Manufacturing Production (MoM) (Jan),MEDIUM,GBP,-3%,-,-1.5%,-2.2%,
e1524219-a080-4c0d-bccc-d97afe673187,03/10/2009,12:30,Manufacturing Production (YoY) (Jan),MEDIUM,GBP,-12.9%,-,-9.9%,-10.2%,
11b330f6-a23a-4329-ad2f-ab3353cdb3e4,03/10/2009,16:30,Former Fed's Chair Bernanke speech,MEDIUM,USD,,,,,SPEECH
12c132ef-61ab-46e1-8b4e-126224a23ae6,03/10/2009,17:00,Wholesale Inventories (Jan),LOW,USD,-0.7%,-,-1%,-1.4%,
f8c2ba63-c9fa-4c43-90f0-a82d8d2f42c3,03/11/2009,00:45,Terms of Trade Index (Q4),LOW,NZD,-1%,-,-,-0.9% ,
9231cff2-3f4c-4be4-8c3c-a0192c690ff0,03/11/2009,02:30,Westpac Consumer Confidence (Mar),LOW,AUD,-0.2%,-,-,-4.6%,
a15fdfb1-6cf2-4d25-8c4c-2e7bf3c6d38c,03/11/2009,02:50,Machinery Orders (MoM) (Jan),LOW,JPY,-3.2%,-,-,-5.4% ,
0b20fe09-2849-4d81-b77d-e06c5afa6e1b,03/11/2009,02:50,Producer Price Index (MoM) (Feb),LOW,JPY,-0.5%,-,-0.6%,-1.2% ,
dded306a-b510-4a3f-901e-67badc33f957,03/11/2009,02:50,Producer Price Index (YoY) (Feb),LOW,JPY,-1.6%,-0.97,-1.2%,-1% ,
3938a514-d240-459e-887a-2f9fa6c8e4ec,03/11/2009,03:01,NIESR GDP Estimate (3M) (Feb),MEDIUM,GBP,-1.8%,-,-,-1.5%,
8f358a21-0e72-4af4-98f7-4d270d294f78,03/11/2009,03:30,Home Loans (Q1),LOW,AUD,5.84%,-,4%,6.7% ,
a23d102e-fdca-43a7-8b65-1db313669759,03/11/2009,03:30,Investment Lending for Homes (Q1),NONE,AUD,-4.1%,-,3.5%,2.9% ,
d771ac58-672d-496e-bf3d-7f97a4d82778,03/11/2009,10:00,Producer Price Index (MoM) (Jan),LOW,EUR,-1.2%,-,-0.1%,-1% ,
80145648-db0a-4aaa-8f2f-e08bb7f19dec,03/11/2009,10:00,Producer Price Index (YoY) (Jan),LOW,EUR,2%,-,3.4%,4.3% ,
228718e0-31d9-4ac2-a2de-2e5ce4280f00,03/11/2009,12:30,Goods Trade Balance (Jan),HIGH,GBP,£-7.8B,-0.52,£-7.5B,£-6.822B,
5b6422ec-743c-4ab5-929f-171e6221cc41,03/11/2009,12:30,Trade Balance; non-EU (Jan),MEDIUM,GBP,£-3.1B,1.27,£-3.7B,£-3.671B,
c4fd95f2-db41-4265-ae53-8518696454a1,03/11/2009,14:00,Factory Orders n.s.a. (YoY) (Jan),MEDIUM,EUR,-33.9%,-,-26.5%,-28.2% ,
3c460ab7-8aec-4a69-b603-90178b8bb9c4,03/11/2009,14:00,Factory Orders s.a. (MoM) (Jan),MEDIUM,EUR,-6.4%,-,-1%,-7.6% ,
8c8c061c-3fc7-494e-8ff4-54bd31e18746,03/11/2009,14:00,MBA Mortgage Applications,LOW,USD,11.3%,-,-,-12.6%,
2b0d0ead-dab7-4322-bcb3-c56ebc72db85,03/11/2009,15:00,ECB Rate On Deposit Facility,MEDIUM,EUR,0.5%,-,-,1%,
151ad4fc-2d13-414c-b19e-03f09cdeb590,03/11/2009,15:30,New Housing Price Index (MoM) (Jan),MEDIUM,CAD,-0.6%,-,-,-0.1%,
5d7b0fc2-d86d-4ec6-ba9c-e14ed8476697,03/11/2009,15:30,New Housing Price Index (YoY) (Discontinued) (Jan),LOW,CAD,-0.8%,-,-0.3%,0.4%,
d5b5d5bc-4169-4dbd-9f95-770c992ad315,03/11/2009,17:35,EIA Crude Oil Stocks Change,LOW,USD,0.7M,-,0.1M,-0.7M,
ffddaf5c-b977-46cb-bb55-cd3cd4dcdad2,03/11/2009,20:00,Interest Rate Decision,NONE,BRL,11.25%,-,-,12.75%,
5c4298f2-3e77-4cdc-90ee-51bea351e621,03/11/2009,21:00,Monthly Budget Statement (Feb),LOW,USD,$-192.8B,-,$-197B,$-83.8B,
b98e4112-d08b-424a-8510-949eea675e13,03/12/2009,00:00,RBNZ Interest Rate Decision,HIGH,NZD,3%,-,2.75%,3.5%,
ade46bfd-1acb-4c4a-8005-a52439a33e77,03/12/2009,00:45,Food Price Index (MoM) (Feb),LOW,NZD,0.2%,-,-,0.8%,
ef5f2686-4448-4dd6-a283-402099bd81c1,03/12/2009,02:50,Gross Domestic Product (QoQ) (Q4),LOW,JPY,-4%,-0.57,-3.3%,-3.3%,
a3b82111-7b80-4948-8f01-b7a713a0dd03,03/12/2009,02:50,Gross Domestic Product Annualized (Q4),MEDIUM,JPY,-15.2%,-2.88,-1.8%,-12.7%,
88e4e0b8-eae6-4cc2-a1e8-81bb4d9dfcce,03/12/2009,03:00,Consumer Inflation Expectations (Mar),LOW,AUD,2.2%,-,-,2.3%,
3f3fd395-8436-4b12-bc39-8f7c509181b9,03/12/2009,03:30,Employment Change s.a. (Feb),MEDIUM,AUD,9.87K,-,-20K,0.3K,
c75de09e-0da8-4602-8054-3f87e0f81937,03/12/2009,03:30,Unemployment Rate s.a. (Feb),MEDIUM,AUD,5.4%,-,5%,4.8% ,
0edb509c-ab99-4ef4-87d7-c9d9bfcfe366,03/12/2009,12:00,ECB Monthly Report,MEDIUM,EUR,,,,,REPORT
d8a9222f-a288-4720-a26c-912ea8c224a1,03/12/2009,13:00,Producer Price Index (MoM) (Jan),LOW,EUR,-1.2%,-,-0.2%,-1.3% ,
71babcbf-d6b2-467a-8a73-fc93546e07dc,03/12/2009,13:00,Producer Price Index (YoY) (Jan),LOW,EUR,-0.9%,-,0.5%,1.2% ,
7222a222-6517-4701-bfbf-0fb368f7bf35,03/12/2009,14:00,Industrial Production n.s.a. w.d.a. (YoY) (Jan),MEDIUM,EUR,-18.5%,-,-15.5%,-18.5% ,
9e074f5e-d715-4b9d-ba7f-6fd7529655ca,03/12/2009,14:00,Industrial Production s.a. (MoM) (Jan),MEDIUM,EUR,-6.85%,-,-3%,-3.9% ,
3f5babdc-1456-4344-aaab-c57e847cdfe4,03/12/2009,15:00,ECB's President Trichet speech,LOW,EUR,,,,,SPEECH
834a82f8-9d9f-4a2b-92af-a76a87450d0f,03/12/2009,15:30,Continuing Jobless Claims,LOW,USD,5.317M,-,5.145M,5.016M,
33c6dcab-b03d-471a-a000-7886e04a6dca,03/12/2009,15:30,Initial Jobless Claims,LOW,USD,654K,-,644K,639K,
db1fd1cb-5ec2-4dd2-8a44-9d8a6a50d778,03/12/2009,15:30,Retail Sales (MoM) (Feb),HIGH,USD,0.3%,0.52,-0.5%,1.5% ,
bce1f7fe-e9a8-438a-b450-51ce7b7f9451,03/12/2009,15:30,Retail Sales ex Autos (MoM) (Feb),HIGH,USD,1%,1.10,-0.4%,1.1% ,
bc4c7c04-2bae-43cd-a043-c8243c65d71f,03/12/2009,16:00,SNB Interest Rate Decision,HIGH,CHF,0.25%,0,0.25%,0.5%,
dad51892-48b8-4eff-9110-434d3fccd2e8,03/12/2009,17:00,Business Inventories (Jan),LOW,USD,-1.1%,0.00,-1.1%,-2% ,
cd3680e4-7af3-4e0d-a626-a1cc68df1559,03/12/2009,17:00,Treasury's Geithner speech,LOW,USD,,,,,SPEECH
bfc682f5-0f23-4a1e-b760-6d2cfbdfc44d,03/13/2009,00:45,Retail Sales (QoQ) (Q1),LOW,NZD,-1.2%,-,-0.1%,-1%,
e1ffbe44-924f-4026-b691-73739c38ad18,03/13/2009,00:45,Retail Sales ex Autos (QoQ) (Q1),MEDIUM,NZD,0.2%,0,0.2%,-0.6%,
f1c67e27-bcab-4053-9afe-1f768e5e52fb,03/13/2009,07:30,Capacity Utilization (Jan),LOW,JPY,-12.9%,-,-,-10.2% ,
4d4abd85-bb67-4620-b995-20a1c69397e2,03/13/2009,07:30,Industrial Production (MoM) (Jan),LOW,JPY,-9.2%,-,-,-10%,
90fe53ba-a07a-4f3d-854c-513c342a6a1f,03/13/2009,07:30,Industrial Production (YoY) (Jan),LOW,JPY,-31%,-,-,-30.8%,
6e6cab77-9f1c-429e-8d15-755b74ce32a8,03/13/2009,08:00,Consumer Confidence Index (Feb),LOW,JPY,27.6,-,-,27,
0dd2a492-a732-4b37-a9cf-281783fc97d3,03/13/2009,09:00,Wholesale Price Index (MoM) (Feb),LOW,EUR,-0.1%,-,-,-0.4%,
90b48830-a1e0-4881-a0c9-b9682980c0ab,03/13/2009,11:15,Producer and Import Prices (MoM) (Feb),MEDIUM,CHF,-0.6%,-,-0.2%,-0.8%,
0254eba5-d60c-45b9-809e-f158cb6816bb,03/13/2009,11:15,Producer and Import Prices (YoY) (Feb),LOW,CHF,-1.8%,-,-1.2%,-0.9%,
c5a7c7a3-dd19-4394-a12b-f9ff80cdece9,03/13/2009,13:00,Retail Sales (MoM) (Jan),MEDIUM,EUR,0.1%,-,0.2%,-0.95% ,
0d0f1264-ceef-4a9e-8980-35af89a2cace,03/13/2009,13:00,Retail Sales (YoY) (Jan),MEDIUM,EUR,-2.5%,-,-2.3%,-2.4% ,
db0846e3-846d-4f37-aa84-6fb9acfbda1d,03/13/2009,14:00,Net Change in Employment (Feb),MEDIUM,CAD,-36.6K,-,-50K,-129K,
9804ce38-0e18-4f39-9866-8a0a3453e626,03/13/2009,14:00,Unemployment Rate (Feb),MEDIUM,CAD,7.7%,-,7.4%,7.2%,
30a94244-56df-4c36-9abd-bfdeff7bbef7,03/13/2009,15:30,International Merchandise Trade (Jan),MEDIUM,CAD,$-1.271B,-0.25,$-1B,$-1.7B,
f831b6bd-d1cf-4cee-af3f-e66ced6950da,03/13/2009,15:30,Goods and Services Trade Balance (Jan),HIGH,USD,$-36.2B,0.35,$-38B,$-44B,
a636ab9e-e685-4a50-89f8-a6b839e0190c,03/13/2009,15:30,Import Price Index (MoM) (Feb),MEDIUM,USD,-0.2%,0.62,-0.8%,-1.3% ,
ed38d981-8017-4dde-9f15-c8874bf8ca21,03/13/2009,15:30,Import Price Index (YoY) (Feb),MEDIUM,USD,-12.8%,-,-13.6%,-12.5%,
2d371025-bc38-425b-988f-dc8992aa5a0d,03/13/2009,17:00,Michigan Consumer Sentiment Index (Mar) PREL,LOW,USD,56.6,-,55,56.3,
be9063f4-b92b-4b18-b132-3259671cc22e,03/14/2009,03:00,EU Finance Ministers Meeting,NONE,EUR,,,,,ALL DAY
44f7bc40-b996-4f1c-8640-b2876f4a6e6b,03/14/2009,18:00,Treasury's Geithner speech,MEDIUM,USD,,,,,SPEECH
e7e062e7-be3a-4d9a-828d-8423ad03ae9d,03/15/2009,03:00,EU Finance Ministers Meeting,NONE,EUR,,,,,ALL DAY
fb5706b3-62b1-4c90-8081-a89ff2151b6c,03/16/2009,03:01,Rightmove House Price Index (MoM) (Mar),LOW,GBP,0.9%,-,-,1.2%,
384618ef-14ba-4ae9-8e14-5eedfa6e47d1,03/16/2009,03:01,Rightmove House Price Index (YoY) (Mar),LOW,GBP,-9%,-,-,-7.3% ,
0656b27a-3d71-47cd-b581-3d9799d0273b,03/16/2009,07:00,Tokyo Condominium Sales (YoY) (Feb),LOW,JPY,-27.5%,-,-,-21.4% ,
9cc4bf99-c3ef-45b0-9552-3c820d21d92a,03/16/2009,13:00,Core Harmonized Index of Consumer Prices (YoY) (Feb),MEDIUM,EUR,1.7%,-,1.6%,1.6%,
c34c1058-24a6-49fe-be84-dbe42c091788,03/16/2009,13:00,Employment Change (QoQ) (Q4),MEDIUM,EUR,-0.3%,-,-,-0.2%,
94fee9e6-c0c5-4808-9e47-3ec4b0812c8c,03/16/2009,13:00,Employment Change (YoY) (Q4),MEDIUM,EUR,-0.1%,-,-,0.6%,
f6e470aa-53c2-406e-b38c-b3db188b4f62,03/16/2009,13:00,Harmonized Index of Consumer Prices (MoM) (Feb),MEDIUM,EUR,0.4%,0,0.4%,-0.8%,
b934eba5-1a34-4ae0-b7dd-8f561049eaa0,03/16/2009,13:00,Harmonized Index of Consumer Prices (YoY) (Feb),MEDIUM,EUR,1.2%,0,1.2%,1.2%,
671a085f-34b4-45f4-9fe2-d3c470d19009,03/16/2009,15:30,Capacity Utilization (Q4),LOW,CAD,75.4%,-,75.2%,80.9% ,
37c11bfe-7d16-4970-93e5-c4a27859a736,03/16/2009,15:30,NY Empire State Manufacturing Index (Mar),MEDIUM,USD,-38.23,-0.87,-32,-34.3,
010c934d-14d0-48d2-9450-66581245092c,03/16/2009,16:00,Net Long-Term TIC Flows (Jan),MEDIUM,USD,$-36.8B,-2.95,$45B,$35.8B,
b4ecafd9-1e9c-40a0-8669-737657ca3280,03/16/2009,16:00,Total Net TIC Flows (Jan),MEDIUM,USD,$-148.9B,-,-,$80.4B,
86e4e91d-67ca-4279-beba-db5d9f3ed710,03/16/2009,16:15,Capacity Utilization (Feb),LOW,USD,70.3%,-1.06,71.1%,70% ,
07342f9f-b7b2-46f5-a600-13f04e47415a,03/16/2009,16:15,Industrial Production (MoM) (Feb),MEDIUM,USD,-1.5%,-0.19,-1.1%,-2.4% ,
e9af7f78-fb92-4520-9d03-c488d02d9d7e,03/16/2009,20:00,NAHB Housing Market Index (Mar),LOW,USD,9,0,9,9,
a88f4840-efd0-41f3-9016-03d999ab513f,03/17/2009,02:00,ECB's President Trichet speech,LOW,EUR,,,,,SPEECH
b715842f-e1dc-4b99-92f3-0fa999497c87,03/17/2009,02:50,Tertiary Industry Index (MoM) (Jan),LOW,JPY,0.4%,-,-0.5%,-1.6%,
b614e6a1-467d-41cd-a922-84e225e50520,03/17/2009,09:00,Machine Tool Orders (YoY) (Feb),LOW,JPY,-84.4%,-,-,-83.9%,
4a9fdf21-23be-4533-8c8e-e2e5c89384ec,03/17/2009,09:45,SECO Economic Forecasts (Mar),LOW,CHF,,,,,REPORT
af4c1073-b7fa-4b51-8a56-cd5b279c0123,03/17/2009,11:15,Industrial Production (QoQ) (Q4),LOW,CHF,0.4%,-,-0.1%,-5.2% ,
bee5b21a-1291-4505-bde3-a1b96355ab61,03/17/2009,11:15,Industrial Production (YoY) (Q4),LOW,CHF,-5.6%,-0.42,-4.5%,-1.7% ,
b97aa86a-e282-4f25-ac2b-58b726514b6a,03/17/2009,12:34,DCLG House Price Index (YoY) (Jan),LOW,GBP,-11.5%,-,-11.7%,-10.2%,
9f321896-4b87-441f-9842-676ed953174f,03/17/2009,13:00,ZEW Survey – Economic Sentiment (Mar),HIGH,EUR,-3.5,-,-7.8,-5.8,
4b1e9dd1-6991-403e-a9c5-0e1d46321325,03/17/2009,13:00,ZEW Survey – Economic Sentiment (Mar),NONE,EUR,-6.5,-,-,-8.7,
15d28859-1685-4620-8810-94253a9d6a1a,03/17/2009,15:00,ECB's President Trichet speech,LOW,EUR,,,,,SPEECH
57ec71f7-6212-4fb3-b192-1458ef54a29e,03/17/2009,15:30,Manufacturing Sales (MoM) (Jan),LOW,CAD,-5.3%,0.13,-5.7%,-9.2% ,
df8598a0-d120-4d02-9718-3becde0e072d,03/17/2009,15:30,Building Permits (MoM) (Feb),LOW,USD,0.564M,2.52,0.5M,0.545M,
4f7c5627-ff8a-4f0c-ae3f-5e58afc71b77,03/17/2009,15:30,Housing Starts (MoM) (Feb),MEDIUM,USD,0.572M,3.96,0.45M,0.49M,
3b4165b9-a5af-45a9-b67a-ef460107ffc3,03/17/2009,15:30,Producer Price Index (MoM) (Feb),MEDIUM,USD,0.1%,-,0.3%,0.8%,
9b5f1810-bc29-4acb-8ee9-f0974bcef0ec,03/17/2009,15:30,Producer Price Index (YoY) (Feb),LOW,USD,-1.3%,-,-1.4%,1%,
9949608b-8a6a-407f-a844-317fdb9b8405,03/17/2009,15:30,Producer Price Index ex Food & Energy (MoM) (Feb),MEDIUM,USD,0.2%,-,0.1%,0.4%,
7cf565df-2d0e-49b1-b974-30da0c15c662,03/17/2009,15:30,Producer Price Index ex Food & Energy (YoY) (Feb),MEDIUM,USD,4%,-,3.8%,4.2%,
cb3e9d93-8534-4ad6-a446-bb57c0eaee23,03/18/2009,02:30,Westpac Leading Index (MoM) (Feb),LOW,AUD,-0.33%,-,-,-0.41% ,
08694928-ab92-4f91-9a6a-82f52c83dcdc,03/18/2009,07:00,BoJ Interest Rate Decision,HIGH,JPY,0.1%,0,0.1%,0.1%,
9170f541-8595-4d7e-b105-f169705bed8a,03/18/2009,08:00,Coincident Index (Jan),LOW,JPY,89.6,-,-,89.6,
7537ace6-ccc6-42ed-b02d-38e62e299fb5,03/18/2009,08:00,Leading Economic Index (Jan),LOW,JPY,77.2,-,-,77.1,
d2657ead-d5fd-40d5-a981-7d99ec239d45,03/18/2009,11:15,Real Retail Sales (YoY) (Jan),LOW,CHF,0.9%,-,1.8%,-0.4%,
afbbe88b-cccf-4387-ad94-991136dceb9c,03/18/2009,12:30,Average Earnings Excluding Bonus (3Mo/Yr) (Jan),LOW,GBP,3.5%,0,3.5%,3.6%,
1f3594c0-a61a-44c3-b286-d3dac90ad43d,03/18/2009,12:30,Average Earnings Including Bonus (3Mo/Yr) (Jan),LOW,GBP,-1.7%,-,3%,3.2% ,
30a83678-38ee-4b08-b9d1-f8d576075be8,03/18/2009,12:30,BoE Minutes,HIGH,GBP,,,,,REPORT
26e06568-20d7-4cad-b5bb-a8fcee6ebe7c,03/18/2009,12:30,Claimant Count Change (Feb),LOW,GBP,141.9K,-,84.8K,73K,
97ddbf3c-f160-4098-9168-6e16c3daaa77,03/18/2009,12:30,Claimant Count Rate (Feb),LOW,GBP,4.3%,-,4%,3.8%,
3969707b-0572-4594-9d35-dc50263f1d48,03/18/2009,12:30,ILO Unemployment Rate (3M) (Jan),MEDIUM,GBP,6.5%,0,6.5%,6.3%,
942dd944-76fb-405e-b4cc-5f34fa326cc2,03/18/2009,14:00,MBA Mortgage Applications,LOW,USD,21.2%,-,-,11.3%,
86917704-00ce-4410-9c86-fc0e9228ec4d,03/18/2009,15:30,Wholesale Sales (MoM) (Jan),LOW,CAD,-4.2%,-,-2.7%,-3.4%,
a58c9986-d34e-43c9-827a-be2b83db95a5,03/18/2009,15:30,Consumer Price Index (MoM) (Feb),MEDIUM,USD,0.4%,-,0.3%,0.3%,
a55a6d03-ff2a-487f-b770-7166a08ca6a6,03/18/2009,15:30,Consumer Price Index (YoY) (Feb),MEDIUM,USD,0.2%,-,0%,0%,
7b31e618-06a2-463d-8914-d996a0a5bb3d,03/18/2009,15:30,Consumer Price Index ex Food & Energy (MoM) (Feb),HIGH,USD,0.2%,-,0.1%,0.2%,
93e4a6c5-093a-41bf-a7d3-39f6660559bd,03/18/2009,15:30,Consumer Price Index ex Food & Energy (YoY) (Feb),MEDIUM,USD,1.8%,-,1.7%,1.7%,
c4a06744-0ccf-4851-ae37-343185ab4821,03/18/2009,15:30,Current Account (Q4),LOW,USD,$-155B,-2.41,$-137.1B,$-178.2B,
9d9dc0d3-1668-4430-9ce4-f2e36d41f185,03/18/2009,17:30,EIA Crude Oil Stocks Change,NONE,USD,2M,-,1.2M,0.7M,
4e5f89b4-6c6d-45e3-8ce9-5dbccce49f08,03/18/2009,21:15,Fed Interest Rate Decision,HIGH,USD,0.25%,0,0.25%,0.25%,
e5fa77cb-8cee-418f-8196-6fff521a09c5,03/19/2009,02:50,All Industry Activity Index (MoM) (Jan),LOW,JPY,-1.7%,-,-2.1%,-2.7% ,
ec43d790-73c5-48f4-adf6-83067bf2fec8,03/19/2009,03:30,Dwelling Unit Starts (QoQ) (Q4),LOW,AUD,-11.5%,-,1%,-10.7% ,
0e275095-72e3-490e-a5c6-5daac6b77b18,03/19/2009,03:30,New Motor Vehicle Sales (MoM) (Feb),LOW,AUD,-4%,-,-,-1.1%,
21c2e83c-1ed6-41a5-860b-2533570b9332,03/19/2009,03:30,New Motor Vehicle Sales (YoY) (Feb),LOW,AUD,-18.8%,-,-,-16.9%,
f5ee4153-744a-406a-8664-baad0b011dff,03/19/2009,04:30,RBA Foreign Exchange Transaction (Feb),LOW,AUD,229M,-,-,383M,
4895cebe-fca7-476a-828d-c480a3b25baf,03/19/2009,10:15,Trade Balance (Feb),LOW,CHF,0.72M,-,1.01M,2.03M,
6c50f9e7-5785-409f-a902-9f017a8cd5e6,03/19/2009,12:00,CBI Interest Rate Decision,LOW,ISK,17%,-,-,18%,
d855307c-4781-4c85-8a36-ab2c5766f219,03/19/2009,12:30,CML Gross Mortgage Lending s.a. (Feb),NONE,GBP,£9.9B,-,-,£12.6B,
a06d6a15-2367-4594-a782-08df7db8ea9e,03/19/2009,12:30,M4 Money Supply (MoM) (Feb) PREL,LOW,GBP,1.4%,0,1.4%,2.5%,
f8d5ec66-756e-4af2-9a5a-6c93e2fc9ab0,03/19/2009,12:30,M4 Money Supply (YoY) (Feb) PREL,LOW,GBP,18.8%,-,-,17.5%,
67fd7d2f-e50d-4fff-9e8e-d9bb76eac56c,03/19/2009,12:30,M4 Sterling Lending (Feb),LOW,GBP,£21.7B,-,-,£4.8B,
e0e568bc-09ca-40f3-afec-f24ba9debfdd,03/19/2009,12:30,Public Sector Net Borrowing (Feb),LOW,GBP,£9B,-,£8B,£-3.3B,
570faaf5-8b0b-46fb-81da-5874e7b43d78,03/19/2009,13:00,ZEW Survey – Expectations (Mar),LOW,CHF,-57.1,-,-,-57.7,
35e399e1-0ad3-4947-9f11-adf11816c736,03/19/2009,14:00,BoC Consumer Price Index Core (MoM) (Feb),MEDIUM,CAD,0.5%,-,0.1%,-0.4%,
07629ca1-9950-4c65-bed5-18d30f3b24ef,03/19/2009,14:00,BoC Consumer Price Index Core (YoY) (Feb),MEDIUM,CAD,2.45%,-,1.5%,1.9%,
ef85d4d3-9caa-476d-a477-fb57e334da1f,03/19/2009,14:00,Consumer Price Index (MoM) (Feb),MEDIUM,CAD,0.7%,-,0.3%,-0.3%,
1feb2535-2ccd-4f13-be37-bb73a8ba0dcb,03/19/2009,14:00,Consumer Price Index (YoY) (Feb),MEDIUM,CAD,1.8%,-,1%,1.1%,
760133b1-5757-47ef-be8c-46e8ec794507,03/19/2009,14:00,CBI Industrial Trends Survey – Orders (MoM) (Mar),LOW,GBP,-58%,-,-,-56%,
b7f18aec-5c35-4705-974c-0dc60d003cf9,03/19/2009,15:30,Canadian Portfolio Investment in Foreign Securities (Jan),LOW,CAD,$-4.264B,-,-,$-5.75B,
def854b0-17b3-4900-be8e-d9a7fb35a43f,03/19/2009,15:30,Foreign Portfolio Investment in Canadian Securities (Jan),LOW,CAD,$10.353B,-,-,$-1.76B,
397e2975-cfdf-41ef-b252-729ed1faf390,03/19/2009,15:30,Continuing Jobless Claims,LOW,USD,5.438M,-,5.323M,5.317M,
7c8a7ef9-9c07-42c7-a121-d690ea6f755b,03/19/2009,15:30,Initial Jobless Claims,LOW,USD,644K,-,655K,654K,
aac666b9-1e26-4aca-90b3-07fc06b8bbfd,03/19/2009,17:00,Philadelphia Fed Manufacturing Survey (Mar),MEDIUM,USD,-35,0.29,-39,-39.3,
1af6d292-2c1d-4cc5-964f-740a5e6cd87a,03/20/2009,00:45,Visitor Arrivals (YoY),LOW,NZD,2.9%,-,-,-3% ,
b3e86907-3f65-45de-9a00-ae2dc9ceed6b,03/20/2009,03:00,Vernal Equinox Day,NONE,JPY,,,,,ALL DAY
234c1373-7d37-4884-af67-071791db2018,03/20/2009,10:00,Producer Price Index (MoM) (Feb),LOW,EUR,-0.5%,-,-0.2%,-1.2%,
85eadcd5-9f83-4e81-8e7d-5e63d8a932f4,03/20/2009,10:00,Producer Price Index (YoY) (Feb),LOW,EUR,1.5%,-,1.3%,2%,
92af66ea-6d44-47a9-bef2-9a1b215715d0,03/20/2009,11:00,CBRT Interest Rate Decision,LOW,TRY,10.5%,-,-,11.5%,
f2b99433-934d-4601-b309-68c786db98df,03/20/2009,13:00,Industrial Production s.a. (MoM) (Jan),LOW,EUR,-2.9%,-,-1.5%,-2.6% ,
94cdd661-9d33-4392-b9ce-c086dfe7b719,03/20/2009,13:00,Industrial Production w.d.a. (YoY) (Jan),LOW,EUR,-16.75%,-,-13.4%,-12% ,
8fc7c6ed-37a7-4b8e-bf38-5d755f84b07b,03/20/2009,15:30,New Motor Vehicle Sales (MoM) (Jan),LOW,CAD,4.3%,-,6%,10.8% ,
34a40392-3093-49e9-abb6-2889b899a291,03/20/2009,15:30,Retail Sales (MoM) (Jan),LOW,CAD,1.8%,-,0.8%,-5.4% ,
5135b115-2ea5-4227-a47a-443b4a59ffad,03/20/2009,15:30,Retail Sales ex Autos (MoM) (Jan),MEDIUM,CAD,1.4%,-,-,-3.2% ,
5f1ba8a3-ecaa-43f4-8aa7-be2c2e5ff628,03/20/2009,19:00,Former Fed's Chair Bernanke speech,MEDIUM,USD,,,,,SPEECH
0d1b1386-e559-4071-a84a-0d507e22ac7b,03/23/2009,02:30,ECB's President Trichet speech,LOW,EUR,,,,,SPEECH
8f7fb77a-f2c0-43dd-abc3-7913785c7b14,03/23/2009,02:50,BSI Large Manufacturing Conditions Index (QoQ) (Q1),LOW,JPY,-66,-,-60,-44.5,
57649efd-135c-4ba6-a85e-218d449eacbb,03/23/2009,13:00,Construction Output s.a (MoM) (Jan),LOW,EUR,1.4%,-,-,-3.8% ,
acdd95e0-863a-4c99-ab85-6e76534b0efd,03/23/2009,13:00,Construction Output w.d.a (YoY) (Jan),LOW,EUR,-10.8%,-,-,-10.4% ,
2faa7ca9-37b4-43b5-8bca-7a45d3d3d4a0,03/23/2009,13:00,Trade Balance n.s.a. (Jan),LOW,EUR,€-12.686B,-,€-9B,€-1.7B,
c7dc6bdd-edca-4b55-8450-0b064db8cb3a,03/23/2009,13:00,Trade Balance s.a. (Feb),LOW,EUR,€-5.4B,-,€-1.9B,€-0.3B,
ce2ef958-77dc-486b-aad6-cf5fbbd2ec69,03/23/2009,15:30,Leading Indicators (MoM) (Feb),LOW,CAD,-1.4%,-,-0.9%,-0.8%,
6d7c8162-5259-4bd3-95e7-5ab202f4f1d8,03/23/2009,17:00,Existing Home Sales (MoM) (Feb),MEDIUM,USD,4.72M,0.00,4.45M,3.82M,
039633dd-bceb-4e79-b8ce-60df5a9ebaf3,03/23/2009,17:00,Existing Home Sales Change (MoM) (Feb),MEDIUM,USD,5.1%,1.33,-0.9%,-4.7% ,
c32fb8f4-d723-4a0a-b06c-2dedcfb818b1,03/24/2009,01:00,Treasury's Geithner speech,MEDIUM,USD,,,,,SPEECH
835f43d8-99c1-4064-9df9-d4ef89a559ef,03/24/2009,02:50,BoJ Minutes,MEDIUM,JPY,,,,,REPORT
97a97fe1-3598-434a-9c68-170fad88b73b,03/24/2009,11:30,HCOB Manufacturing PMI (Mar) PREL,MEDIUM,EUR,-,-,32.1,-,
93a1b856-e737-4da9-95e4-bb80a851f1fd,03/24/2009,11:30,HCOB Services PMI (Mar) PREL,LOW,EUR,-,-,41.2,-,
e7baac76-ed4e-496a-af31-1de7489bfcc6,03/24/2009,12:00,Current Account n.s.a (Jan),LOW,EUR,€-22.577B,-,-,€0.7B,
73a90dad-e8f2-441a-b14a-3cdfad86176c,03/24/2009,12:00,Current Account s.a (Jan),MEDIUM,EUR,€-9.536B,-,-,€-7.6B,
0196e6af-49bf-42ff-9016-f1a09e5d0780,03/24/2009,12:00,HCOB Manufacturing PMI (Feb) PREL,LOW,EUR,-,-,33.5,-,
b1e63a03-3ee8-4882-b510-18fad96d8467,03/24/2009,12:00,HCOB Services PMI (Mar) PREL,LOW,EUR,-,-,39.2,-,
e5dda696-8db9-41af-94f4-0e80f6ae24dd,03/24/2009,12:30,BBA Mortgage Approvals (Feb),LOW,GBP,30.105K,-,-,24.3K,
097655b4-0c4a-4bd3-a3fb-b5066aa892d8,03/24/2009,12:30,Consumer Price Index (MoM) (Feb),MEDIUM,GBP,0.9%,-,0.3%,-0.7%,
3792aa63-0349-41e2-885f-4024af295359,03/24/2009,12:30,Consumer Price Index (YoY) (Feb),MEDIUM,GBP,3.2%,-,2.6%,3%,
e62a8ede-1302-43d1-a1fa-ec578c3bd6e8,03/24/2009,12:30,Core Consumer Price Index (YoY) (Feb),MEDIUM,GBP,1.6%,-,1.3%,1.3%,
d0daaceb-ef58-4d9a-8c03-9e676867acf2,03/24/2009,12:30,Retail Price Index (MoM) (Feb),MEDIUM,GBP,0.6%,-,-0.1%,-1.3%,
e987d605-b441-416c-809f-74ebcd8b4c84,03/24/2009,12:30,Retail Price Index (YoY) (Feb),MEDIUM,GBP,0%,-,-0.7%,0.1%,
71b524bf-e444-4634-baf4-c6a7d20b63e0,03/24/2009,15:30,SARB Interest Rate Decision,NONE,ZAR,9.5%,-,-,10.5%,
b61e2dc0-23f6-47b7-a99d-565f67a57e65,03/24/2009,17:00,Housing Price Index (MoM) (Jan),MEDIUM,USD,1.7%,6.03,-0.8%,-0.3% ,
b2bf21b8-4052-4556-a964-79a59b0c748c,03/24/2009,17:00,Richmond Fed Manufacturing Index (Mar),LOW,USD,-20,7.94,-52,-44,
35c5a1c2-285f-49e4-8407-393ebd317a1c,03/25/2009,02:50,Adjusted Merchandise Trade Balance (Feb),LOW,JPY,¥71.1B,-,¥-0.29B,¥-364.9B,
fb27abc0-3d14-4057-8b46-b41ef4dfde94,03/25/2009,02:50,Merchandise Trade Balance Total (Feb),LOW,JPY,¥82.1B,0.84,¥-20B,¥-967.9B,
2761cd90-a4a6-4f34-90c4-96b79aea2c80,03/25/2009,03:00,Barack Obama Press Conference,LOW,USD,,,,,SPEECH
d4fc0328-b860-471a-a066-bcad280e0028,03/25/2009,10:30,RBA's Governor Stevens speech,LOW,AUD,,,,,SPEECH
cfdf80b4-7cbc-4cfb-8d21-38abb6504198,03/25/2009,12:00,IFO – Business Climate (Mar),MEDIUM,EUR,82.3,-,82.5,82.6,
b9b6d541-55c7-4a70-9410-0a6c3b1f49cf,03/25/2009,12:00,IFO – Expectations (Mar),MEDIUM,EUR,81.8,-,81.5,80.9,
4d530a67-9a43-45b5-b025-10b540a8ad8f,03/25/2009,14:00,CBI Distributive Trades Survey – Realized (MoM) (Mar),LOW,GBP,-44%,-,-35%,-25%,
1ab86c91-6f0c-4de8-8b38-5a62e035b221,03/25/2009,14:00,MBA Mortgage Applications,LOW,USD,32.2%,-,-,21.2%,
d742e715-1947-4643-960a-4cfc7de3a752,03/25/2009,15:30,Durable Goods Orders (Feb),MEDIUM,USD,2.1%,2.80,-2.2%,-10.7% ,
3d167d26-ceed-4489-9988-8b1ba772a7b4,03/25/2009,15:30,Durable Goods Orders ex Transportation (Feb),MEDIUM,USD,3.9%,2.51,-2.2%,-10.3% ,
a2db800c-1e77-4638-9305-c1773de1b290,03/25/2009,16:45,Treasury's Geithner speech,LOW,USD,,,,,SPEECH
8d29dded-8a12-4279-978d-5c81ef039634,03/25/2009,17:00,New Home Sales (MoM) (Feb),MEDIUM,USD,0.358M,3.34,0.3M,0.336M,
b692e4e8-1210-40dc-920f-b0b8c6755f05,03/25/2009,17:00,New Home Sales Change (MoM) (Feb),MEDIUM,USD,4.7%,1.61,-2.9%,-10.9% ,
7b0db61f-a8ed-4255-8cef-708d81dafcbc,03/25/2009,17:30,EIA Crude Oil Stocks Change,LOW,USD,3.3M,-,1.2M,2M,
f008987c-260b-4607-b8bd-b5da3a829be9,03/25/2009,19:00,Norges Bank Interest Rate Decision,NONE,NOK,2%,-,-,2.5%,
53795853-9218-4ba1-9830-824dfec50bd8,03/26/2009,00:45,Current Account (QoQ) (Q4),LOW,NZD,$-4.1B,-,$-4B,$-6.102B,
4137da8d-8d44-4391-8221-3e4feef6d67c,03/26/2009,02:50,Corporate Service Price Index (YoY) (Feb),LOW,JPY,-2.6%,-0.26,-2.5%,-0.9% ,
3ccbdd5b-bfb0-45c7-9d11-cdddd8f99d52,03/26/2009,10:00,GfK Consumer Confidence Survey (Apr),LOW,EUR,2.5,0,2.5,2.6,
262b1448-886d-40aa-bb81-f071d6bacbee,03/26/2009,12:00,M3 Money Supply (YoY) (Feb),LOW,EUR,5.8%,-,5.5%,5.9% ,
746b2882-bd8d-4134-a7b5-feac11a28595,03/26/2009,12:30,Retail Sales (MoM) (Feb),MEDIUM,GBP,-2%,-,-0.4%,0.7% ,
a24caa73-207c-4c9f-869c-2b7817cd0b64,03/26/2009,12:30,Retail Sales (YoY) (Feb),MEDIUM,GBP,0.4%,-,2.5%,3.2% ,
9cc5cf30-81c6-4385-9677-bd411efba3c1,03/26/2009,12:30,Total Business Investment (QoQ) (Q4),LOW,GBP,-1.5%,2.39,-3.9%,-3.9%,
c7e56f7e-9077-4348-b0fa-696e2cd98f40,03/26/2009,12:30,Total Business Investment (YoY) (Q4),LOW,GBP,-4.5%,2.29,-7.7%,-7.7%,
53527012-9133-427a-9e55-d78c78e91efc,03/26/2009,15:30,Continuing Jobless Claims,LOW,USD,5.56M,-,5.458M,5.473M,
95a38bc5-d5ab-4dd1-89d3-eda1bea9ae6d,03/26/2009,15:30,Core Personal Consumption Expenditures (QoQ) (Q4),HIGH,USD,-4.3%,-,-,-4.3%,
0638019e-9e4a-4ef6-bff7-1ddbb25580fc,03/26/2009,15:30,Gross Domestic Product Annualized (Q4),HIGH,USD,-6.3%,-,-6.6%,-6.2%,
115d2c4f-1b13-40ed-bffa-95646e16ea3a,03/26/2009,15:30,Gross Domestic Product Price Index (Q4),MEDIUM,USD,-3.9%,-,-4.1%,-4.1%,
cb2dfc02-d824-4066-9bf9-ee7e462172c9,03/26/2009,15:30,Initial Jobless Claims,LOW,USD,657K,-,650K,646K,
2e85ad5f-1593-4de9-96db-9aa85ed4408f,03/26/2009,17:00,Treasury's Geithner speech,MEDIUM,USD,,,,,SPEECH
9dc76054-2234-4aaf-b881-7c37bbc90217,03/27/2009,00:45,Gross Domestic Product (QoQ) (Q4),MEDIUM,NZD,-1%,1.34,-1.1%,-0.3% ,
e2cb8a2a-5d64-4f85-b582-31a43c5f5871,03/27/2009,00:45,Trade Balance NZD (MoM) (Feb),MEDIUM,NZD,$489M,1.07,$75M,$-102M,
9d90a63b-9b77-4d0d-9407-472669cc2093,03/27/2009,02:30,National Consumer Price Index (YoY) (Feb),LOW,JPY,-0.1%,0,-0.1%,0%,
8edff071-de9c-4710-813c-da8ac9a3a3de,03/27/2009,02:30,"National CPI ex Food, Energy (YoY) (Feb)",MEDIUM,JPY,-0.1%,0.00,-0.2%,0.7% ,
7c8a48c8-4e83-430f-88e7-91fae6ab786b,03/27/2009,02:30,National CPI ex Fresh Food (YoY) (Feb),LOW,JPY,0%,0.00,0%,0%,
f8c3eba9-f954-4869-b592-13dc42d65335,03/27/2009,02:30,Tokyo Consumer Price Index (YoY) (Mar),LOW,JPY,0.2%,-,0.3%,0.5%,
2951e613-8546-4f9e-8722-55e741ec2bdd,03/27/2009,02:30,"Tokyo CPI ex Food, Energy (YoY) (Mar)",MEDIUM,JPY,-0.4%,-0.22,-0.3%,0.5% ,
3bd6e8bc-dc35-4341-b309-4395d8d5876f,03/27/2009,02:30,Tokyo CPI ex Fresh Food (YoY) (Mar),LOW,JPY,0.4%,0,0.4%,0.6%,
aa1eb605-a53d-422e-8e3e-abb67faad013,03/27/2009,02:50,Large Retailer Sales (Feb),LOW,JPY,-8.1%,-,-6.5%,-5.5% ,
51c956fd-9bfc-4895-b2b7-299abd3ff04a,03/27/2009,02:50,Retail Trade (YoY) (Feb),MEDIUM,JPY,-5.7%,-4.47,-3%,-2% ,
fb41166c-f96c-4fa4-a6fc-f0e74e15f829,03/27/2009,02:50,Retail Trade s.a (MoM) (Feb),MEDIUM,JPY,-0.2%,-,-0.6%,-0.1% ,
d2218a93-a30e-46cf-8048-91bab3e39a7f,03/27/2009,12:30,Current Account (Q4),MEDIUM,GBP,£-8.8B,-0.48,£-5.8B,£-14.467B,
041b4208-db1d-4090-aa0d-26ae4ddc5d02,03/27/2009,12:30,Gross Domestic Product (QoQ) (Q4),MEDIUM,GBP,-1.6%,-0.62,-1.5%,-1.5%,
20b72c75-f13f-4cb8-b739-735bbe67f0fe,03/27/2009,12:30,Gross Domestic Product (YoY) (Q4),MEDIUM,GBP,-2%,-0.67,-1.9%,-1.9%,
ab66f2eb-e9d4-45fa-b518-d9cfb0b57bc4,03/27/2009,13:00,Industrial New Orders (YoY) (Jan),LOW,EUR,-33.3%,-,-28.2%,-22.3% ,
777bda9d-f721-40a7-aa70-8a4c5f0b54ed,03/27/2009,13:00,Industrial New Orders s.a. (MoM) (Jan),LOW,EUR,-2.2%,-,-6.5%,-5.2% ,
31cbe441-ce82-432a-8383-9c15a81f5ab6,03/27/2009,13:30,KOF Leading Indicator (Mar),LOW,CHF,-1.65,-,-1.55,-1.41,
5db105c3-f36d-4ef8-a189-dd0a940e084f,03/27/2009,15:30,Core Personal Consumption Expenditures - Price Index (MoM) (Feb),HIGH,USD,0.2%,1.34,0.1%,0% ,
4959d743-f070-4769-807b-d7fa26efb6c8,03/27/2009,15:30,Core Personal Consumption Expenditures - Price Index (YoY) (Feb),HIGH,USD,1.8%,-,1.6%,1.6% ,
cfbfcd27-8360-45c6-8cf9-0b2f55a1a859,03/27/2009,15:30,Personal Consumption Expenditures - Price Index (MoM) (Feb),HIGH,USD,0.4%,0.71,0.2%,0% ,
457ce2ae-d85b-441a-8e9c-ac4363888e52,03/27/2009,15:30,Personal Consumption Expenditures - Price Index (YoY) (Feb),MEDIUM,USD,0.9%,-,0.8%,0.7% ,
f3d3f0eb-88e7-4a42-b3f9-40d316fcab78,03/27/2009,15:30,Personal Income (MoM) (Feb),LOW,USD,-0.3%,-0.81,-0.1%,-1.1% ,
885b5a0b-500b-4cf3-8485-0cfbcce9ac85,03/27/2009,16:44,Consumer Price Index (YoY) (Mar) PREL,LOW,EUR,0.5%,-,0.7%,1%,
93a9b71c-f652-4de2-9af8-a7804e2ab9b8,03/27/2009,16:44,Consumer Price Index (MoM) (Mar) PREL,LOW,EUR,-0.1%,-,0.1%,0.6%,
551f3366-77c0-4f41-897c-a230fdb73aa9,03/27/2009,17:00,Michigan Consumer Sentiment Index (Mar),LOW,USD,57.3,-,56.8,56.6,
fff9bdd5-ca9e-4b96-9b03-32b8e3a871c1,03/29/2009,23:30,Treasury's Geithner speech,MEDIUM,USD,,,,,SPEECH
30b569f1-c54b-4634-b5be-d5671f2dd659,03/30/2009,00:45,Building Permits s.a. (MoM) (Feb),LOW,NZD,11.7%,-,11.6%,-13.1% ,
3e1fb199-4ca5-49e0-a053-ec630df98329,03/30/2009,02:50,Industrial Production (MoM) (Feb) PREL,LOW,JPY,-9.4%,-,-9.1%,-9.2%,
50a16181-544d-4c49-a06f-0692313c5fb5,03/30/2009,02:50,Industrial Production (YoY) (Feb) PREL,LOW,JPY,-38.4%,-,-38.1%,-31%,
c4e45288-a3f0-45a6-bdc2-d5fdcb2186ab,03/30/2009,03:00,HIA New Home Sales (MoM) (Feb),MEDIUM,AUD,3.9%,-,-,8.3% ,
466130ab-53b2-4fa3-b717-ea3ff34c4a51,03/30/2009,05:00,M3 Money Supply (YoY) (Feb),LOW,NZD,8.8%,-,-,6.9%,
8a1194bc-9ef1-4e4b-822b-c1095ee1a76b,03/30/2009,11:30,M4 Money Supply (MoM) (Feb),LOW,GBP,1.5%,-,-,1.4%,
3d5956d0-0a57-474d-b4b4-8ea668d2e000,03/30/2009,11:30,M4 Money Supply (YoY) (Feb),LOW,GBP,18.6%,-,-,18.8%,
95de059d-5ced-4f0c-9721-48172f7f929e,03/30/2009,11:30,Mortgage Approvals (Feb),LOW,GBP,38K,-,34K,31K,
c2580f5e-cf59-4508-8731-581e904796a1,03/30/2009,11:30,Net Lending to Individuals (MoM) (Feb),LOW,GBP,£1.4B,-,£1.3B,£1.1B,
2b7cc7af-f41b-4ac8-9ac8-aee392cf4223,03/30/2009,12:00,Consumer Confidence (Feb),LOW,EUR,-34.2,-,-33,-33,
d340bfa5-7546-4ec8-a48e-beda32237e34,03/30/2009,12:00,Economic Sentiment Indicator (Mar),LOW,EUR,69.6,0.83,65.8,67.3,
7e14cc0a-2171-4166-9fa3-194e120b906d,03/30/2009,12:00,Industrial Confidence (Mar),LOW,EUR,-38.2,-1.22,-35,-35.8,
75666145-8306-4f2b-ace1-af09a0628a30,03/30/2009,14:00,CBE Interest Rate Decision,NONE,EGP,10%,-,-,10.5%,
bdfc30b8-c615-419b-8984-23fb990d3bbc,03/30/2009,17:30,ECB's President Trichet speech,MEDIUM,EUR,,,,,SPEECH
b5b8b7bb-cad4-4d92-a1ae-3d7d5eedd357,03/31/2009,02:01,GfK Consumer Confidence (Mar),LOW,GBP,-30,-,-35,-35,
90cd9fbf-a1c7-49a8-bcec-d03261c3a318,03/31/2009,02:15,Jibun Bank Manufacturing PMI (Mar),LOW,JPY,-,-,-,-,
ff1f284f-3348-45f9-8da4-1b791e636712,03/31/2009,02:30,Overall Household Spending (YoY) (Feb),LOW,JPY,-3.5%,-,-4.6%,-5.9%,
87f0d1a5-1b80-4446-a18d-99065b333fef,03/31/2009,02:30,Unemployment Rate (Feb),MEDIUM,JPY,4.4%,0.34,4.3%,4.3% ,
0fa87bc1-d7a0-486d-ae4e-42ce26482692,03/31/2009,03:00,Private Sector Credit (MoM) (Feb),LOW,AUD,0%,-1.36,0.5%,0.5% ,
9ad1bc37-47be-4978-ac9a-4fea1ec6322c,03/31/2009,03:30,Private Sector Credit (YoY) (Feb),NONE,AUD,5.4%,-0.79,5.8%,6.5% ,
6c2f0a3b-d8f3-45f5-a842-43211da51910,03/31/2009,04:30,Labor Cash Earnings (YoY) (Feb),LOW,JPY,-2.4%,-1.27,-1.5%,-2.7%,
80c5dc9d-07b2-4076-8dfb-5f59d1c1b242,03/31/2009,05:00,ANZ Business Confidence (Mar),LOW,NZD,-39.3,-,-,-41.2,
aaae996d-9b7a-4000-af7f-45eebaa4c596,03/31/2009,08:00,Annualized Housing Starts (Feb),LOW,JPY,0.866M,-1.78,0.95M,0.902M,
651187b4-45b8-4142-9155-da4985c0a0f7,03/31/2009,08:00,Construction Orders (YoY) (Feb),LOW,JPY,-24.9%,-,-,-38.3%,
eb458ada-cff5-4747-9426-ae194f845930,03/31/2009,08:00,Housing Starts (YoY) (Feb),LOW,JPY,-24.9%,-,-17.7%,-18.7%,
d20fedab-08ca-4178-b295-717f358fbbff,03/31/2009,09:00,UBS Consumption Indicator (Feb),LOW,CHF,0.89,-,-,0.99,
7f92d4f2-4159-4666-922d-a4196051dead,03/31/2009,10:55,Unemployment Change (Mar),LOW,EUR,69K,-,53K,50K,
1b189f8e-910c-4003-8084-6397514294ca,03/31/2009,10:55,Unemployment Rate s.a. (Mar),LOW,EUR,8.3%,-,8%,8% ,
77c6db01-c960-46c3-92ab-b42a53ed523c,03/31/2009,11:30,Index of Services (3M/3M) (Jan),LOW,GBP,-1.3%,-,-1%,-0.9% ,
06438c3c-e408-4f03-afd0-a3e1cad11869,03/31/2009,12:00,Harmonized Index of Consumer Prices (YoY) (Mar) PREL,MEDIUM,EUR,0.6%,-,0.7%,1.2%,
da0b79ec-4024-498a-9df8-e820978f6f68,03/31/2009,15:00,NBP Base rate,LOW,PLN,3.75%,-,-,4%,
64aea7a3-fbd7-42e5-b8ee-9ae2b4f59fe6,03/31/2009,15:30,Gross Domestic Product (MoM) (Jan),MEDIUM,CAD,-0.7%,-0.41,-0.6%,-1.4% ,
23b91d5a-4a69-41be-b6d0-b0d7a8e812d3,03/31/2009,15:30,Industrial Product Price (MoM) (Feb),LOW,CAD,0.4%,-,0.5%,-0.1% ,
28e93247-fad2-495e-a840-23836041ea08,03/31/2009,16:00,S&P/Case-Shiller Home Price Indices (YoY) (Jan),LOW,USD,-19%,-0.04,-18.5%,-18.6%,
bb230e40-1015-4304-8f15-c5820f3598e3,03/31/2009,16:45,Chicago PMI (Mar),MEDIUM,USD,31.4,-0.74,35,33.2,
ffba6209-b516-438c-9b3a-420dbe36c4a4,03/31/2009,17:00,Consumer Confidence (Mar),MEDIUM,USD,26.9,-,25.9,25,
d6bf8f37-6a16-4ca6-aaee-9ad79d7d8af8,04/01/2009,02:50,Tankan Large All Industry Capex (Q1),LOW,JPY,-6.6%,-,-12%,-0.2%,
945122f9-2ce0-4384-bb7b-dd766c7828a1,04/01/2009,02:50,Tankan Large Manufacturing Index (Q1),MEDIUM,JPY,-58,-,-54,-24,
2ca14982-0a11-4580-8469-a70a461c7a76,04/01/2009,02:50,Tankan Large Manufacturing Outlook (Q2),MEDIUM,JPY,-51,0.00,-51,-51,
a46c400d-d2a1-42da-91f5-a864394c9c80,04/01/2009,02:50,Tankan Non - Manufacturing Index (Q1),LOW,JPY,-31,-,-25,-9,
14587658-c7e3-4990-8558-e9802d0ef658,04/01/2009,02:50,Tankan Non - Manufacturing Outlook (Q1),LOW,JPY,-30,-3.40,-25,-30,
af456fbe-6194-47d5-94ca-a1852ec409f1,04/01/2009,03:30,Building Permits (MoM) (Feb),NONE,AUD,10.05%,-,1.5%,-3.7% ,
e98eee94-b3e4-4a43-a52a-745df2c4c21d,04/01/2009,03:30,Building Permits (YoY) (Feb),LOW,AUD,-14.64%,-,-30%,-33.5% ,
eb77b696-63f1-4b73-9082-f9320e9bf728,04/01/2009,03:30,Retail Sales s.a. (MoM) (Feb),MEDIUM,AUD,-1.6%,-,-0.5%,0.5% ,
f99a6a2c-32ba-4e32-a866-6941e4ed7412,04/01/2009,08:00,Vehicle Sales (YoY) (Mar),LOW,JPY,-32%,-,-,-32.4%,
523f2de0-ecdf-412c-8954-327289984e8c,04/01/2009,08:30,RBA Commodity Index SDR (YoY) (Mar),LOW,AUD,-17.8%,-,-,12.6% ,
00748e96-46a1-4291-8de6-caacdb68b1f2,04/01/2009,09:00,Retail Sales (MoM) (Feb),LOW,EUR,-0.7%,-,0.1%,-0.9% ,
175b0e41-5006-4aa4-8316-b250d898ec6a,04/01/2009,09:00,Retail Sales (YoY) (Feb),LOW,EUR,-5.3%,-,-,-1.3% ,
476079d0-f625-4dab-bca9-8f6f830e875f,04/01/2009,10:30,SVME - Purchasing Managers' Index (Mar),MEDIUM,CHF,32.6,-,33,32.6,
86b7a504-d167-4afb-bd28-8f7596d28cea,04/01/2009,10:55,HCOB Manufacturing PMI (Mar),MEDIUM,EUR,-,-,32.4,-,
55e37d17-8d21-4f98-88d1-1dc520ce8b99,04/01/2009,11:00,HCOB Manufacturing PMI (Mar),LOW,EUR,-,-,34,-,
9470fa98-071d-442f-b062-96e1cb0c0b7d,04/01/2009,11:30,S&P Global Manufacturing PMI (Mar),MEDIUM,GBP,-,-,34.9,-,
d0811756-4237-45de-89bf-2bab41e63d88,04/01/2009,12:00,Unemployment Rate (Feb),MEDIUM,EUR,8.8%,-,8.3%,8.3% ,
2c8bd4b9-8110-46d3-ae45-6fa0fa200618,04/01/2009,14:00,MBA Mortgage Applications,LOW,USD,3%,-,-,32.2%,
3e7d4f71-e8c7-4c14-900d-2e448ad0da01,04/01/2009,15:15,ADP Employment Change (Mar),MEDIUM,USD,-708K,-0.49,-660K,-835K,
cb7675cd-a3ad-4b9c-9988-e34c375cc60b,04/01/2009,17:00,Construction Spending (MoM) (Feb),LOW,USD,-1%,0.94,-2%,-2.4% ,
09b2871b-89ff-44df-af8d-88935f9b6b5f,04/01/2009,17:00,ISM Manufacturing PMI (Mar),MEDIUM,USD,36.3,0.19,35.7,36.6,
caa25ce1-432a-4098-9c30-1b4ce690394a,04/01/2009,17:00,Pending Home Sales (MoM) (Feb),MEDIUM,USD,2.1%,0.37,0.3%,-5.7% ,
78bcb8a1-c5f0-45d2-8ad6-5624cf0bbe2a,04/02/2009,02:50,Monetary Base (YoY) (Mar),LOW,JPY,6.9%,-,6.8%,6.4%,
c4fb0e3c-ed68-4387-9a2c-397d77a95fcd,04/02/2009,03:00,G20 Meeting,MEDIUM,EUR,,,,,ALL DAY
e22b6979-a314-4df7-9545-65cad76abdfa,04/02/2009,03:30,Trade Balance (MoM) (Feb),MEDIUM,AUD,1.932M,1.23,0.7M,305M,
e86c94ea-7683-48ff-a12b-c46a03c57b5b,04/02/2009,09:00,Nationwide Housing Prices n.s.a (YoY) (Mar),MEDIUM,GBP,-15.7%,-,-18.1%,-17.6%,
2982e8f8-fc54-48f9-b042-19d73280603c,04/02/2009,09:00,Nationwide Housing Prices s.a (MoM) (Mar),LOW,GBP,0.9%,-,-1.5%,-1.8%,
365977f8-a31a-4146-8086-892d9f26e007,04/02/2009,11:30,S&P Global Construction PMI (Mar),LOW,GBP,-,-,27.6,-,
e5740cb8-cec5-4663-b5fe-877923b1f04f,04/02/2009,14:45,ECB Main Refinancing Operations Rate,HIGH,EUR,1.25%,-,1%,1.5%,
6aafa915-8d7b-4b2b-948c-a2d1b912f26a,04/02/2009,15:30,ECB's President Trichet speech,HIGH,EUR,,,,,SPEECH
c778ea4e-4a79-4c4f-ab11-d174f6bea90c,04/02/2009,15:30,Continuing Jobless Claims,LOW,USD,5.728M,-,5.58M,5.56M,
157366c9-73e1-4d20-9d4b-2e23a9a83766,04/02/2009,15:30,Initial Jobless Claims,LOW,USD,669K,-,650K,625K,
dc3d84cb-17cc-43f5-b73e-8c721752debb,04/02/2009,17:00,Factory Orders (MoM) (Feb),MEDIUM,USD,0.7%,1.89,-1.3%,-4.8% ,
b4899ad6-727b-40d3-9685-60f70d2c854c,04/03/2009,10:15,Consumer Price Index (MoM) (Mar),MEDIUM,CHF,-0.3%,-,0%,0.2%,
13563260-bf3c-4919-9587-db234a4092b4,04/03/2009,10:15,Consumer Price Index (YoY) (Mar),MEDIUM,CHF,-0.4%,-,-0.1%,0.2%,
8d140848-53a9-44c6-a7e3-9d9c6c0ccd0c,04/03/2009,10:55,HCOB Services PMI (Mar),LOW,EUR,-,-,41.7,-,
659165f2-26ae-4ed4-8c11-e74c4f413523,04/03/2009,11:00,Danmarks Nationalbank's interest rate change,NONE,DKK,1.75%,-,-,2%,
9d06a9a1-a72e-4505-8ad2-2751d7aa637e,04/03/2009,11:00,HCOB Services PMI (Mar),LOW,EUR,-,-,40.1,-,
c6b3340e-f38a-432b-b27e-9d58fe733924,04/03/2009,11:00,Halifax House Prices (MoM) (Mar),LOW,GBP,-1.9%,-,-2%,-2.3%,
735b9264-68d2-40a4-a16a-c3218211be55,04/03/2009,11:00,Halifax House Prices (YoY/3m) (Mar),LOW,GBP,-17.5%,-,-,-17.7%,
aeb2f927-da45-4db3-a2c9-fc0af44e1c92,04/03/2009,11:30,S&P Global Services PMI (Mar),LOW,GBP,-,-,43.6,-,
403c8232-7a90-4db9-a860-333e03ba34be,04/03/2009,15:30,Average Hourly Earnings (MoM) (Mar),HIGH,USD,0.2%,0.00,0.2%,0.1% ,
74a5d5b0-f310-4919-94d1-291448187348,04/03/2009,15:30,Average Hourly Earnings (YoY) (Mar),HIGH,USD,3.4%,-0.63,3.5%,3.4% ,
aa68e285-9f09-471c-8d6c-e04535f22033,04/03/2009,15:30,Average Weekly Hours (Mar),HIGH,USD,33.2,-1.34,33.3,33.8,
d6dd2e60-8b56-4668-9b67-4d3ad7e40580,04/03/2009,15:30,Nonfarm Payrolls (Mar),HIGH,USD,-699K,-,-658K,-651K,
25dc0dd8-e429-4b11-a7bd-65ab1596c64b,04/03/2009,15:30,Unemployment Rate (Mar),HIGH,USD,8.5%,0.74,8.4%,8.3% ,
01ecde4e-7581-44fb-bd84-4954be9df0b5,04/03/2009,17:00,ISM Services PMI (Mar),LOW,USD,40.8,-,42,41.6,
498fbf8c-ce4d-447b-b3df-fb9694577426,04/03/2009,19:00,Former Fed's Chair Bernanke speech,MEDIUM,USD,,,,,SPEECH
fe337552-46f6-4e2c-9c24-b78c56961fb2,04/06/2009,04:30,ANZ Job Advertisements (Mar),LOW,AUD,-8.5%,-,-,-10.4% ,
e6d17af5-28ed-4391-be71-fd405c004ef7,04/06/2009,08:00,Coincident Index (Feb) PREL,LOW,JPY,86.8,-,-,89.6,
c8bf5d84-9ae3-47d7-894d-9446aa978687,04/06/2009,08:00,Leading Economic Index (Feb) PREL,LOW,JPY,75.2,-,75.3,77.2,
f8652f44-9bf9-41a3-9139-73eb8ea43e2f,04/06/2009,11:30,Sentix Investor Confidence (Apr),LOW,EUR,-35.3,-,-40.7,-42.7,
413d7972-2329-40c0-8ed4-4d8b0e511b8a,04/06/2009,12:00,Producer Price Index (MoM) (Feb),LOW,EUR,-0.5%,0,-0.5%,-1.1% ,
c1fe5ff8-79f7-4102-a69b-489d47cb2fbe,04/06/2009,12:00,Producer Price Index (YoY) (Feb),LOW,EUR,-1.4%,-,-1.5%,-0.7% ,
fcb1ac0b-7287-41c8-a8a8-d2f8dea3d7db,04/06/2009,12:00,Retail Sales (MoM) (Feb),MEDIUM,EUR,-1%,-,-0.3%,0.33% ,
512390ea-adf2-4a06-853d-ad607ce9cd37,04/06/2009,12:00,Retail Sales (YoY) (Feb),MEDIUM,EUR,-5.1%,-,-2.5%,-2.36% ,
073f4c5a-6b74-4267-a683-406a0547543d,04/06/2009,15:30,Building Permits (MoM) (Feb),LOW,CAD,-15.6%,-1.18,-3.6%,-7.4% ,
6f4b08e4-1043-4e0c-a946-e5c783c863c0,04/06/2009,17:00,Ivey Purchasing Managers Index (Mar),MEDIUM,CAD,43.2,-,46.7,45.2,
b58f6d8e-05f3-421a-a3bc-d70a53213654,04/07/2009,01:00,NZIER Business Confidence (QoQ) (Q1),LOW,NZD,-65%,-,-,-64%,
befa7a59-9164-493d-8aa7-b51d232a2701,04/07/2009,07:14,BoJ Interest Rate Decision,HIGH,JPY,0.1%,0,0.1%,0.1%,
99b29525-ecc4-44bf-b2eb-34f7b32cf1c3,04/07/2009,07:30,RBA Interest Rate Decision,HIGH,AUD,3%,-,3.25%,3.25%,
c4bb5995-74ff-4f61-8dc2-09d58d8149de,04/07/2009,11:30,Industrial Production (MoM) (Feb),MEDIUM,GBP,-0.7%,-,-1.1%,-2.6% ,
d61d4c4f-db22-4768-8a6a-a54271051fa7,04/07/2009,11:30,Industrial Production (YoY) (Feb),MEDIUM,GBP,-12.3%,-,-12.5%,-11.4% ,
e56ad755-f2a1-4c37-85de-9a0caf8f53a0,04/07/2009,11:30,Manufacturing Production (MoM) (Feb),MEDIUM,GBP,-0.3%,-,-1.4%,-2.9% ,
b5dad628-11da-4345-8e78-63afb9f6e3ae,04/07/2009,11:30,Manufacturing Production (YoY) (Feb),MEDIUM,GBP,-13.4%,-,-14.2%,-12.8% ,
166c2652-e28b-4b30-8f9a-2460575f1cfc,04/07/2009,12:00,Gross Domestic Product s.a. (QoQ) (Q4),LOW,EUR,-1.8%,-,-1.5%,-1.5%,
1e82ffc7-be8a-4983-ae29-f726ef53540a,04/07/2009,12:00,Gross Domestic Product s.a. (YoY) (Q4),LOW,EUR,-2.1%,-,-1.3%,-1.3%,
1d5ee83d-0dcd-41c3-8d94-bbea088cf601,04/07/2009,22:00,Consumer Credit Change (Feb),LOW,USD,$-8.1B,-0.67,$-2.5B,$3.24B,
a9e9f602-c8e1-474c-bae4-e3b041b6e011,04/08/2009,02:01,Nationwide Consumer Confidence (Mar),MEDIUM,GBP,42,-,45,43,
964bbeb4-87f3-456f-985a-9a5930829853,04/08/2009,02:01,NIESR GDP Estimate (3M) (Mar),MEDIUM,GBP,-1.9%,-,-,-1.7% ,
a62e6cb0-3872-4757-9223-827e4d89b5e1,04/08/2009,02:50,Current Account n.s.a. (Feb),LOW,JPY,¥685B,1.10,¥508.8B,¥-221.9B,
d73635b7-b6a6-4566-80da-e0e0e397ddf0,04/08/2009,02:50,Trade Balance - BOP Basis (Feb),LOW,JPY,¥202.1B,1.69,¥125B,¥-718.7B,
40e920e6-a460-4a3b-8e35-b5fda7a22c97,04/08/2009,03:30,Westpac Consumer Confidence (Apr),LOW,AUD,8.3%,-,-,-0.2%,
0f26ef42-58c7-4ebc-b59f-08b77f6bd25a,04/08/2009,04:30,Home Loans (Q1),LOW,AUD,2.99%,-,1.9%,4.3% ,
240e793a-36e6-420c-890d-a17e72e1043a,04/08/2009,04:30,Investment Lending for Homes (Q1),NONE,AUD,-2.9%,-,-,-3.8% ,
92141612-e967-432f-9551-55886a29ff6d,04/08/2009,08:00,BoJ Monthly Economic Survey,MEDIUM,JPY,,,,,REPORT
a2b899a6-b770-478a-a728-8d1f67c0d055,04/08/2009,08:00,Eco Watchers Survey: Current (Mar),LOW,JPY,28.4,-,20.9,19.4,
39ecb157-8994-41a9-be1d-c2b58eeb60fd,04/08/2009,08:00,Eco Watchers Survey: Outlook (Mar),LOW,JPY,35.8,-,-,26.5,
6ddc13a3-5a78-40c1-bec0-249994a27d77,04/08/2009,09:00,Trade Balance s.a. (Feb),LOW,EUR,€8.64B,-,€7.5B,€7B,
b4ea06f0-37d4-457f-b560-8884a62b92d4,04/08/2009,12:00,CBI Interest Rate Decision,LOW,ISK,15.5%,-,-,17%,
f268fa47-5998-4b3f-ba37-2fea12cbc18c,04/08/2009,13:00,Factory Orders n.s.a. (YoY) (Feb),MEDIUM,EUR,-36.2%,-,-36.5%,-36.8% ,
6accd178-2145-4f96-8377-069318d0582f,04/08/2009,13:00,Factory Orders s.a. (MoM) (Feb),MEDIUM,EUR,-3.3%,-,-2.8%,-6.7% ,
14cd0e52-a744-426a-a588-f95f3a9a6065,04/08/2009,14:00,MBA Mortgage Applications,MEDIUM,USD,4.7%,-,-,3%,
5bb67b0e-dbfc-4c58-be3d-77eac13e88b6,04/08/2009,14:45,ECB Rate On Deposit Facility,MEDIUM,EUR,0.25%,-,-,0.5%,
6bccfb63-338e-42b9-9fdd-c1c1e0a8032d,04/08/2009,15:15,Housing Starts s.a (YoY) (Mar),MEDIUM,CAD,146.5K,1.52,131K,115.7K,
5b8c7364-6a5c-44f4-b958-79c37043c318,04/08/2009,17:00,Wholesale Inventories (Feb),LOW,USD,-1.7%,-,-0.6%,-0.7%,
30d8e480-41d7-41f9-9b4c-8dda50eb1676,04/08/2009,21:00,FOMC Minutes,HIGH,USD,,,,,REPORT
9bb913c7-2736-415c-9413-6f453d1304a4,04/09/2009,02:50,Machinery Orders (MoM) (Feb),LOW,JPY,0.6%,1.68,-6.8%,-9.1% ,
c1d6e58f-3b5b-4c4f-918c-7d31c006a13b,04/09/2009,04:00,Consumer Inflation Expectations (Apr),MEDIUM,AUD,2.4%,-,-,2.2%,
a55284e4-3e8b-449c-be69-e972829eb313,04/09/2009,04:30,Employment Change s.a. (Mar),MEDIUM,AUD,-17.969K,-,-24.8K,1.1K,
4c45588f-9de4-4a7c-9d07-3eca5483dfd8,04/09/2009,04:30,Unemployment Rate s.a. (Mar),MEDIUM,AUD,5.7%,-,5.4%,5.2% ,
79393a27-c5de-4321-8fe8-939dd1aab3e4,04/09/2009,08:45,Unemployment Rate s.a (MoM) (Mar),LOW,CHF,3.4%,-,3.5%,3.4%,
b0db1e42-da46-48b9-86b7-9dae16f1446d,04/09/2009,09:00,Consumer Price Index (MoM) (Mar),LOW,EUR,-0.1%,0,-0.1%,-0.1%,
1f1cba45-50c7-4a71-81ea-5a72319f89a4,04/09/2009,09:00,Consumer Price Index (YoY) (Mar),LOW,EUR,0.5%,0,0.5%,0.5%,
56c5c3f2-17b8-47f9-9bcd-d41b6a59e932,04/09/2009,09:00,Machine Tool Orders (YoY) (Mar) PREL,LOW,JPY,-85.5%,-,-,-84.4%,
4ffd940f-99b1-41bf-8511-77c19a10ad78,04/09/2009,11:00,ECB Monthly Report,MEDIUM,EUR,,,,,REPORT
a066a628-520f-45b3-8d81-2d967433d12b,04/09/2009,11:30,Goods Trade Balance (Feb),HIGH,GBP,£-6.8B,1.53,£-7.6B,£-7.696B,
a306e749-20a9-417b-94b2-c98976386f0d,04/09/2009,11:30,Producer Price Index - Input (MoM) n.s.a (Mar),MEDIUM,GBP,1.3%,-,0.8%,0.6%,
599a6313-5c8c-4052-8e57-0cd66e28b88f,04/09/2009,11:30,Producer Price Index - Input (YoY) n.s.a (Mar),MEDIUM,GBP,-0.4%,-,-0.7%,0.5%,
d1abcb09-c7eb-4f5e-ba39-f96d159804a1,04/09/2009,11:30,Producer Price Index - Output (MoM) n.s.a (Mar),MEDIUM,GBP,0.1%,0,0.1%,0.1%,
2b5f4948-8df8-46b5-b692-fc13472fabb0,04/09/2009,11:30,Producer Price Index - Output (YoY) n.s.a (Mar),MEDIUM,GBP,2%,-,2.1%,3.1%,
bdf85d85-f80c-478e-aa7a-99e0a1a4cee6,04/09/2009,11:30,Trade Balance; non-EU (Feb),MEDIUM,GBP,£-2.8B,1.30,£-3.4B,£-5.627B,
d5eeb354-2ad8-4366-bb3a-be2ce1ee65f1,04/09/2009,13:00,Industrial Production n.s.a. w.d.a. (YoY) (Feb),MEDIUM,EUR,-20.6%,-,-21.7%,-19.3% ,
5d298743-87b8-4ea1-a54b-c0d7f144b282,04/09/2009,13:00,Industrial Production s.a. (MoM) (Feb),MEDIUM,EUR,-2.6%,-,-2.9%,-7.5% ,
9ec2a961-1414-422c-9371-2f957f6b2b13,04/09/2009,14:00,Net Change in Employment (Mar),MEDIUM,CAD,3K,-,-50.2K,-82.6K,
2ae7b233-f335-4b69-a58a-e3e5be392b2d,04/09/2009,14:00,Unemployment Rate (Mar),MEDIUM,CAD,8%,0,8%,7.7%,
06da47f7-2efb-4782-8d61-ffaec8b9d37d,04/09/2009,14:00,BoE Interest Rate Decision,HIGH,GBP,0.5%,0,0.5%,0.5%,
e8106368-2c9d-4b74-b6c7-cfd66cce8d2e,04/09/2009,15:30,International Merchandise Trade (Feb),MEDIUM,CAD,$0.465B,1.47,$-1.2B,$-1.77B,
4434e8f4-eb6b-4200-a3cf-eba3389ff63b,04/09/2009,15:30,New Housing Price Index (MoM) (Feb),MEDIUM,CAD,-0.7%,-,-,-0.6%,
54cd949b-0332-47d7-bcf9-524bf64bc512,04/09/2009,15:30,New Housing Price Index (YoY) (Discontinued),LOW,CAD,-1.8%,-,-,-0.8%,
00e25228-3db4-4dd6-8916-3124c0a1cc47,04/09/2009,15:30,Continuing Jobless Claims,LOW,USD,5.85M,-,5.805M,5.728M,
258e2a56-6a7c-42e9-8f02-81d424e35a72,04/09/2009,15:30,Goods and Services Trade Balance (Feb),HIGH,USD,$-26.13B,2.14,$-36.7B,$-39.3B,
dc367e7e-85e3-455d-b7d6-e9ea27ea64f3,04/09/2009,15:30,Import Price Index (MoM) (Mar),MEDIUM,USD,0.2%,-0.64,0.9%,0% ,
0459ebe0-3d46-4031-9635-25b3cee942ee,04/09/2009,15:30,Import Price Index (YoY) (Mar),MEDIUM,USD,-14.9%,-0.08,-14.6%,-12.7% ,
f5855c0b-ea31-470e-829b-809477999ef8,04/09/2009,15:30,Initial Jobless Claims,LOW,USD,663K,-,660K,669K,
d0096d9c-617a-489d-a287-2744dcda2a4f,04/10/2009,02:50,BoJ Monetary Policy Meeting Minutes,MEDIUM,JPY,,,,,REPORT
16658c6b-0bd3-4e3a-baf0-4a2f147f28ed,04/10/2009,02:50,Money Supply M2+CD (YoY) (Mar),LOW,JPY,2.2%,0,2.2%,2.1%,
68278762-865c-4545-b9b6-9c26ca5feec2,04/10/2009,03:00,Good Friday,NONE,CAD,,,,,ALL DAY
6d65f944-904b-431a-a2a8-5e6fadbb5cba,04/10/2009,03:00,Good Friday Bank Holiday,NONE,EUR,,,,,ALL DAY
9428b339-87c6-4579-9bcb-ef13cfbf4ba4,04/10/2009,03:00,Good Friday,NONE,GBP,,,,,ALL DAY
a24449db-e35a-4380-9e91-9c74e766b652,04/10/2009,21:00,Monthly Budget Statement (Mar),LOW,USD,$-192.3B,-,-,$-192.8B,
1464048b-0b9d-4be6-8a6c-c9f4fef0193a,04/13/2009,02:50,Producer Price Index (MoM) (Mar),LOW,JPY,-0.3%,-,-0.2%,-0.4% ,
e88133ae-f0b9-4c18-a92e-c9de0234c0b5,04/13/2009,02:50,Producer Price Index (YoY) (Mar),LOW,JPY,-2.5%,-1.86,-1.8%,-2% ,
23e4be0c-e224-4673-8c04-87b1db5bb675,04/13/2009,09:00,Wholesale Price Index (YoY) (Mar),LOW,EUR,-7.9%,-,6%,-6%,
526fb719-2883-4268-b4ec-2742237944b0,04/13/2009,17:30,Bank of Canada Business Outlook Survey (Jan),LOW,CAD,,,,,REPORT
2ec89495-b601-4f79-825b-5be821e27fc1,04/14/2009,01:45,Retail Sales (QoQ) (Q1),LOW,NZD,0.3%,-,-0.4%,-1.1% ,
c31096f0-a8f0-4a24-8e7c-e246c7958b33,04/14/2009,01:45,Retail Sales ex Autos (QoQ) (Q1),MEDIUM,NZD,-0.1%,0,-0.1%,0.3% ,
3c3e288a-4792-4b9a-ae14-9e1f8a6dc800,04/14/2009,04:30,National Australia Bank's Business Conditions (Mar),LOW,AUD,-17,-,-,-20,
8b6a86a1-1481-47c9-8186-04542ec04779,04/14/2009,04:30,National Australia Bank's Business Confidence (Mar),LOW,AUD,-13,-,-,-22,
5b04f47c-3645-4a99-9fb5-15b168fccc20,04/14/2009,15:30,Producer Price Index (MoM) (Mar),MEDIUM,USD,-1.2%,-,0%,0.1%,
23ef5b5d-c18b-48de-a28b-5675b49ef4bd,04/14/2009,15:30,Producer Price Index (YoY) (Mar),LOW,USD,-3.5%,-,-2.2%,-1.3%,
a7946293-41e1-4f38-b05e-efdeef64c13b,04/14/2009,15:30,Producer Price Index ex Food & Energy (MoM) (Mar),MEDIUM,USD,0%,-,0.1%,0.2%,
64a3dc2c-3b4c-477d-b899-d3a3aa0da5e0,04/14/2009,15:30,Producer Price Index ex Food & Energy (YoY) (Mar),LOW,USD,3.8%,-,4%,4%,
200b176c-05c6-4f69-9a90-2a487aa65c5c,04/14/2009,15:30,Retail Sales (MoM) (Mar),HIGH,USD,-1.3%,-1.01,0.3%,-0.4% ,
23437538-876b-45a3-9712-80aa714b6555,04/14/2009,15:30,Retail Sales ex Autos (MoM) (Mar),HIGH,USD,-1.2%,-0.81,0%,0.1% ,
83da9b29-d2b2-4b62-afb1-973d0e3c8f2f,04/14/2009,17:00,Business Inventories (Feb),LOW,USD,-1.4%,-0.83,-1.2%,-1.2% ,
44927fb6-9159-43d3-b422-1768d4a06e0e,04/14/2009,20:30,Former Fed's Chair Bernanke speech,MEDIUM,USD,,,,,SPEECH
6573377f-b3fb-42d3-a46c-6caef27f9d9a,04/14/2009,23:45,Fed Minneapolis's Kocherlakota speech,LOW,USD,,,,,SPEECH
002898af-6a0f-41db-9b90-7427f8b4301a,04/15/2009,02:01,RICS Housing Price Balance (Mar),LOW,GBP,-72.1%,-,-77%,-78% ,
0d84f582-518c-42b4-8741-318e55973e7e,04/15/2009,03:30,Westpac Leading Index (MoM) (Mar),LOW,AUD,-0.04%,-,-,-0.31% ,
ad72928c-15a9-4bfb-b414-333ee347981d,04/15/2009,07:00,Tokyo Condominium Sales (YoY) (Mar),LOW,JPY,-46.2%,-,-,-27.5%,
4fc79dde-99b3-4854-b114-57a6402de7ed,04/15/2009,07:30,Capacity Utilization (Feb),LOW,JPY,-11.9%,-,-,-12.1% ,
61046210-4047-4af8-a368-2f6bc968ff71,04/15/2009,07:30,Industrial Production (MoM) (Feb),LOW,JPY,-9.4%,0,-9.4%,-9.4%,
656a9b16-d98d-45d4-87c4-edb6a144c766,04/15/2009,07:30,Industrial Production (YoY) (Feb),LOW,JPY,-38.4%,-,-,-38.4%,
748886e6-4492-42f2-9d39-a7b982dcd39d,04/15/2009,09:00,Wholesale Price Index (MoM) (Mar),LOW,EUR,-0.9%,-,-0.2%,-0.1%,
d58b6c9c-35cd-4db6-b610-46186a5e5d13,04/15/2009,11:34,DCLG House Price Index (YoY) (Feb),LOW,GBP,-12.3%,-,-11.2%,-11.5%,
d8a9676e-c27d-47bf-b012-14e51a8018c6,04/15/2009,14:00,MBA Mortgage Applications,MEDIUM,USD,-11%,-,-,4.7%,
057ccecc-18cd-47bf-ac5b-d83f4de93a70,04/15/2009,15:30,New Motor Vehicle Sales (MoM) (Feb),LOW,CAD,-2.4%,-,-2%,5.5% ,
1e850289-b20b-4c64-9f76-0f7b7b404d26,04/15/2009,15:30,Consumer Price Index (MoM) (Mar),MEDIUM,USD,-0.1%,-,0.1%,0.4%,
7c0d2a61-8fe4-4c66-9558-7fa154d54dd0,04/15/2009,15:30,Consumer Price Index (YoY) (Mar),MEDIUM,USD,-0.4%,-,-0.1%,0.2%,
3913fc33-ebb1-4939-95e7-ff26709faa96,04/15/2009,15:30,Consumer Price Index ex Food & Energy (MoM) (Mar),MEDIUM,USD,0.2%,-,0.1%,0.2%,
1b7aac4e-16b6-4f2a-a067-be3599ac7f26,04/15/2009,15:30,Consumer Price Index ex Food & Energy (YoY) (Mar),MEDIUM,USD,1.8%,-,1.7%,1.8%,
2272c68e-fd4f-48c7-8d2c-f9f183b5b318,04/15/2009,15:30,NY Empire State Manufacturing Index (Apr),MEDIUM,USD,-14.65,3.84,-35,-33.7,
37078f8e-e97b-4ab7-b35c-2cad35620ab5,04/15/2009,16:00,Net Long-Term TIC Flows (Feb),MEDIUM,USD,$22B,-0.12,$27.5B,$-33.1B,
da26c1f8-7424-4b54-b03a-ca25e84dcd78,04/15/2009,16:00,Total Net TIC Flows (Feb),MEDIUM,USD,$-91.1B,-,-,$-153B,
eed74867-d973-423d-be7a-1470251b29fb,04/15/2009,16:15,Capacity Utilization (Mar),LOW,USD,69.4%,-0.84,69.7%,69.4% ,
9b77d17e-830b-4427-9f71-db992f57ea88,04/15/2009,16:15,Industrial Production (MoM) (Mar),LOW,USD,-1.7%,-0.74,-0.9%,-0.6% ,
6c60614d-b3fa-47b5-bf02-32371ab9cb82,04/15/2009,17:30,EIA Crude Oil Stocks Change,MEDIUM,USD,5.6M,-,2M,3.3M,
ace2932f-d70b-40c4-9754-d27ee0d880cc,04/15/2009,20:00,NAHB Housing Market Index (Apr),LOW,USD,14,-,10,9,
635aedec-01fe-4655-9322-23aeb40f6604,04/15/2009,21:00,Fed's Beige Book,MEDIUM,USD,,,,,REPORT
e3b8b5a8-49ef-4b4f-8088-1b546362525f,04/16/2009,02:01,BRC Like-For-Like Retail Sales (YoY) (Mar),LOW,GBP,-1.2%,-,-,-1.8%,
d78d9f96-caae-4d37-a2a4-c091bee85a0f,04/16/2009,09:00,Machine Tool Orders (YoY) (Mar),LOW,JPY,-85.2%,-,-,-85.5%,
7811a610-e944-426e-83fc-e4d325d63483,04/16/2009,10:15,Producer and Import Prices (MoM) (Mar),MEDIUM,CHF,-0.5%,-,-0.2%,-0.6%,
a8c3e015-7d6f-4468-b151-dccc192ee607,04/16/2009,10:15,Producer and Import Prices (YoY) (Mar),MEDIUM,CHF,-2.8%,-,-2.4%,-1.8%,
f7317af3-0c43-40c9-9d9d-4a7621ebf94d,04/16/2009,12:00,Core Harmonized Index of Consumer Prices (YoY) (Mar),MEDIUM,EUR,1.5%,-,1.4%,1.7%,
2701be3b-ac83-42e1-9c54-870defd251eb,04/16/2009,12:00,Harmonized Index of Consumer Prices (MoM) (Mar),MEDIUM,EUR,0.4%,0,0.4%,0.4%,
9f57db66-3bea-4def-bdba-d853f22d8915,04/16/2009,12:00,Harmonized Index of Consumer Prices (YoY) (Mar),MEDIUM,EUR,0.6%,0,0.6%,0.6%,
b80d2f27-3b78-474a-9442-750f0ef8e441,04/16/2009,12:00,Industrial Production s.a. (MoM) (Feb),LOW,EUR,-3.3%,-,-2.5%,-2.4% ,
84c931be-382c-49a4-88e6-7ee8682766e9,04/16/2009,12:00,Industrial Production w.d.a. (YoY) (Feb),LOW,EUR,-17.4%,-,-18%,-16% ,
cddd4db5-fc8f-4ac8-a1f8-3ccc8abf7213,04/16/2009,15:30,Manufacturing Sales (MoM) (Feb),LOW,CAD,2.2%,-0.38,3.3%,-5.1% ,
f0fadf7d-91c9-4849-9cb2-c321a4afb1ad,04/16/2009,15:30,Building Permits (MoM) (Mar),LOW,USD,0.516M,-0.65,0.55M,0.558M,
c7bc9106-9074-4eb0-b2c2-8cc3bab7582f,04/16/2009,15:30,Continuing Jobless Claims,LOW,USD,6.044M,-,5.858M,5.84M,
20a6a8f4-8679-49eb-846f-9370a702608f,04/16/2009,15:30,Housing Starts (MoM) (Mar),MEDIUM,USD,0.53M,-0.14,0.54M,0.582M,
8ff13b22-3812-4774-8abe-ec04636262ad,04/16/2009,15:30,Initial Jobless Claims,LOW,USD,613K,-,665K,654K,
45897392-f12b-49db-b119-08d529410da9,04/16/2009,17:00,Philadelphia Fed Manufacturing Survey (Apr),MEDIUM,USD,-24.4,0.86,-32.5,-34.7,
0ce7c73b-d206-449a-8ab1-0adcb658dc84,04/17/2009,01:45,Consumer Price Index (QoQ) (Q1),LOW,NZD,0.6%,-,0.3%,-0.5%,
5a7e60f0-6191-4292-98cc-1b3e0608d14b,04/17/2009,01:45,Food Price Index (MoM) (Mar),LOW,NZD,0.5%,-,-,0.2%,
d323e600-d129-4d59-821c-bb267b96ba33,04/17/2009,02:50,Tertiary Industry Index (MoM) (Feb),LOW,JPY,-0.8%,0,-0.8%,0.4%,
a7d911d9-6a05-4e96-8bb5-768fbb1981e6,04/17/2009,04:30,Export Price Index (QoQ) (Q1),LOW,AUD,-4.6%,-,-,15.9%,
addc43bb-8f91-43f4-aef4-de164a68ea6b,04/17/2009,04:30,Import Price Index (QoQ) (Q1),LOW,AUD,-2.8%,-,9.7%,10.7% ,
68c4310f-6623-4497-bfb8-27632c732995,04/17/2009,08:00,Consumer Confidence Index (Mar),LOW,JPY,29.6,-,30,27.6,
414fde18-cffc-4c20-aa0d-b6665e65bfd8,04/17/2009,10:15,Real Retail Sales (YoY) (Feb),LOW,CHF,0%,-,-0.2%,0.9%,
b9370f21-b837-4670-b8c0-051c2fefa469,04/17/2009,12:00,Trade Balance n.s.a. (Feb),LOW,EUR,€-2.345B,-,€-5B,€-10.9B,
e3ec8854-911f-44b4-8d79-62336e471057,04/17/2009,12:00,Trade Balance s.a. (Feb),LOW,EUR,€-2.9B,-,€-3.5B,€-5.5B,
d9df9420-9bb4-429e-ac5d-c20889431f26,04/17/2009,12:00,CBRT Interest Rate Decision,LOW,TRY,9.75%,-,-,10.5%,
c4d5eb87-e53f-49e0-8663-16393a0d5761,04/17/2009,14:00,BoC Consumer Price Index Core (MoM) (Mar),MEDIUM,CAD,0.3%,-,0.2%,0.5%,
7d40aefb-2b58-4a41-b071-8113a8486997,04/17/2009,14:00,BoC Consumer Price Index Core (YoY) (Mar),MEDIUM,CAD,2%,-,1.9%,1.9% ,
9775d827-d0fc-469f-b7da-d050f5e77b5e,04/17/2009,14:00,Consumer Price Index (MoM) (Mar),MEDIUM,CAD,0.2%,-,0.3%,0.7%,
74ba758d-0130-46a9-ba35-4da6de9771b5,04/17/2009,14:00,Consumer Price Index (YoY) (Mar),MEDIUM,CAD,1.2%,-,1.4%,1.4% ,
f8562993-cf57-44c4-9245-9f797c25fc02,04/17/2009,17:00,Michigan Consumer Sentiment Index (Apr) PREL,LOW,USD,61.9,-,58.5,57.3,
0255321a-8fa4-4f5b-a4c1-5c8f2e07900d,04/17/2009,19:30,Former Fed's Chair Bernanke speech,MEDIUM,USD,,,,,SPEECH
a1c66743-d375-46e4-8b70-463d1c3196a4,04/20/2009,02:01,Rightmove House Price Index (MoM) (Apr),LOW,GBP,1.8%,-,-,0.9%,
d7dc730f-7eaf-4f28-bb0f-7192dd7786dd,04/20/2009,02:01,Rightmove House Price Index (YoY) (Apr),LOW,GBP,-7.3%,-,-,-8.1% ,
2dc53cb1-36a4-4cac-9873-ed3b39925939,04/20/2009,04:30,Producer Price Index (QoQ) (Q1),LOW,AUD,-0.4%,-1.91,0.6%,1.4% ,
042bb274-a600-43f9-b3cb-f8279f6eb987,04/20/2009,04:30,Producer Price Index (YoY) (Q1),LOW,AUD,4%,-,4.9%,6.3% ,
ca50ccbd-3237-4d67-a865-3824384f1ea7,04/20/2009,08:00,Coincident Index (Feb),LOW,JPY,84.9,-,86,86.8,
962e6fbb-dbfe-44be-a183-16fc66a1feca,04/20/2009,08:00,Leading Economic Index (Feb),LOW,JPY,74.5,-,75.2,75.2,
42c02f9e-d4f4-4c6b-8718-c4ab15b085cc,04/20/2009,12:00,Construction Output s.a (MoM) (Feb),LOW,EUR,-1.3%,-,-,0.4% ,
e0ab7f03-34e0-4eba-a3d7-db41c6870a62,04/20/2009,12:00,Construction Output w.d.a (YoY) (Feb),LOW,EUR,-12.5%,-,-,-11.3% ,
c69b27e7-27c1-497a-887b-950c31a42008,04/20/2009,15:30,Canadian Portfolio Investment in Foreign Securities (Feb),LOW,CAD,$-3.004B,-,-,$4.27B,
e856f2f2-3250-4ea9-b9ae-d4990ee6c272,04/20/2009,15:30,Foreign Portfolio Investment in Canadian Securities (Feb),LOW,CAD,$6.118B,-,-,$10.26B,
950eadc3-ce27-46e2-8d88-ac26361f3388,04/21/2009,01:45,Visitor Arrivals (YoY) (Mar),LOW,NZD,-0.5%,-,-,2.9%,
fff7514e-8c9b-44d2-81fe-2ff27454e8a4,04/21/2009,09:00,Producer Price Index (MoM) (Mar),LOW,EUR,-0.7%,-,-0.3%,-0.5%,
d325af7a-cef8-4db4-b307-d7545db7c7a4,04/21/2009,09:00,Producer Price Index (YoY) (Mar),LOW,EUR,-0.5%,-,0%,0.9% ,
dcc45eca-f940-4cc6-aa5e-17a9faf8c89b,04/21/2009,11:30,RBI Interest Rate Decision (Repo Rate),LOW,INR,4.75%,-,-,5%,
e81d2a24-3608-43e4-947e-210df4f6bc15,04/21/2009,11:30,Consumer Price Index (MoM) (Mar),MEDIUM,GBP,0.2%,-,0.1%,0.9%,
8bc18582-ec8c-493a-842f-5c251478d896,04/21/2009,11:30,Consumer Price Index (YoY) (Mar),MEDIUM,GBP,2.9%,-,2.7%,3.2%,
6f1692fd-f920-44b2-81eb-7c14e752c0a4,04/21/2009,11:30,Core Consumer Price Index (YoY) (Mar),MEDIUM,GBP,1.7%,-,1.6%,1.6%,
6e33d253-ee03-4170-9e27-5333851820fb,04/21/2009,11:30,Retail Price Index (MoM) (Mar),MEDIUM,GBP,0%,-,-0.4%,0.6%,
df406f93-fa87-419e-a88d-d0ad8e354b25,04/21/2009,11:30,Retail Price Index (YoY) (Mar),MEDIUM,GBP,-0.4%,-,-0.5%,0%,
e9051432-9209-4c3e-8592-35078ab91cb6,04/21/2009,12:00,ZEW Survey – Economic Sentiment (Apr),HIGH,EUR,13,-,2.3,-3.5,
8acc615c-4f3b-4159-b895-1948974b5cc2,04/21/2009,12:00,ZEW Survey – Economic Sentiment (Apr),NONE,EUR,11.8,-,-,-6.5,
b69426d0-c3ae-41ed-a599-727be72d1d5a,04/21/2009,15:30,Wholesale Sales (MoM) (Feb),LOW,CAD,-0.9%,-,1.1%,-4.2%,
e8119589-ca07-4006-a50f-be2aaa38e465,04/21/2009,16:00,BoC Interest Rate Decision,HIGH,CAD,0.25%,-,0.5%,0.5%,
3aeeea98-7a8a-407f-8f79-a7e55bc9f0f1,04/21/2009,17:00,Treasury's Geithner speech,MEDIUM,USD,,,,,SPEECH
83917d86-0f89-481d-8afe-7f6c839aad70,04/22/2009,02:50,Adjusted Merchandise Trade Balance (Mar),LOW,JPY,¥-97.1B,-,¥-0.25B,¥-43.3B,
85289a50-9547-496a-a291-55b497eca97f,04/22/2009,02:50,Merchandise Trade Balance Total (Mar),LOW,JPY,¥10.3B,0.36,¥-27B,¥70.8B,
fa84f804-a8bf-4725-96fb-64daf22ca154,04/22/2009,04:30,Consumer Price Index (QoQ) (Q1),MEDIUM,AUD,0.1%,-,-0.5%,-0.3%,
9e85041f-85ee-44c2-a287-dc5abd358d51,04/22/2009,04:30,Consumer Price Index (YoY) (Q1),MEDIUM,AUD,2.5%,-,2.8%,3.7%,
3077075a-2bae-45b9-9991-f3de8494d3bf,04/22/2009,11:00,Riksbank Interest Rate Decision,NONE,SEK,0.5%,-,-,1%,
802a6d8d-4c46-4aa3-8652-512c1b36b68e,04/22/2009,11:30,Average Earnings Excluding Bonus (3Mo/Yr) (Feb),LOW,GBP,3.2%,-,3.4%,3.5%,
033c601e-f8c7-4777-b7d9-2f36487ec479,04/22/2009,11:30,Average Earnings Including Bonus (3Mo/Yr) (Feb),LOW,GBP,-2.7%,-,1.5%,1.7% ,
19289375-a0bc-4a39-a1bb-a9c0e9783c9e,04/22/2009,11:30,BoE Minutes,HIGH,GBP,,,,,REPORT
6e04e4d9-43ea-40f9-8f89-cccb3c125126,04/22/2009,11:30,Claimant Count Change (Mar),LOW,GBP,65.5K,-,118K,136.6K,
89cbcbcf-bbb0-4756-b194-d02d6e2a6523,04/22/2009,11:30,Claimant Count Rate (Mar),LOW,GBP,4.5%,-,4.6%,4.3%,
70d22498-e703-406f-8943-32a58cad23ca,04/22/2009,11:30,CML Gross Mortgage Lending s.a.,NONE,GBP,£11.5B,-,-,£9.9B,
e20dbe37-26dc-47cf-badb-1999c7e94d26,04/22/2009,11:30,ILO Unemployment Rate (3M) (Feb),MEDIUM,GBP,6.7%,0,6.7%,6.5%,
f507f675-8795-4cda-a55e-1c9d343cfa4c,04/22/2009,11:30,M4 Money Supply (MoM) (Mar) PREL,LOW,GBP,0%,-,1.2%,1.4% ,
f44b901d-c1d5-4f40-8bb7-190f577e366f,04/22/2009,11:30,M4 Money Supply (YoY) (Mar) PREL,LOW,GBP,17.6%,-,19.2%,18.7% ,
057b2995-d689-44c8-ba9f-60a530760122,04/22/2009,11:30,Public Sector Net Borrowing (Mar),LOW,GBP,£18.2B,-,£15.6B,£9B,
5826cd35-5b38-415f-844d-f36323b3ea42,04/22/2009,14:00,MBA Mortgage Applications,MEDIUM,USD,5.3%,-,-,-11%,
c086cc9d-5e46-457f-a5a6-af5deed4bd06,04/22/2009,14:30,Budget Report,HIGH,GBP,,,,,REPORT
399a5a03-3a1f-4ba2-81d7-896cfc26d2ec,04/22/2009,15:30,Leading Indicators (MoM) (Mar),LOW,CAD,-1.5%,-,-0.7%,-1.1% ,
5010a605-6d68-473b-9cac-88337f659997,04/22/2009,17:30,EIA Crude Oil Stocks Change,MEDIUM,USD,3.9M,-,2.3M,5.6M,
ba593637-f87e-4e7a-bfb9-ba5f609e72b8,04/22/2009,17:39,Housing Price Index (MoM) (Feb),MEDIUM,USD,0.2%,0.74,-0.7%,0.9% ,
0c49864c-ba69-4797-9291-0a3611f2da0e,04/23/2009,04:30,New Motor Vehicle Sales (MoM) (Mar),LOW,AUD,-3.3%,-,-,-3.5% ,
e3baa1fe-87a5-469f-ae7e-b1088bbb7216,04/23/2009,04:30,New Motor Vehicle Sales (YoY) (Mar),LOW,AUD,-22.6%,-,-,-18.6% ,
9e2427d3-4c0a-4e79-a752-a73cd5627efc,04/23/2009,04:30,RBA Foreign Exchange Transaction (Mar),LOW,AUD,718M,-,-,229M,
f0efb261-23b7-4e0e-ba36-959740d97efc,04/23/2009,09:15,Trade Balance (Mar),LOW,CHF,0.15M,-,0.62M,0.73M,
221fea61-f6e4-4b0f-827c-56345ebf9ccf,04/23/2009,10:30,HCOB Manufacturing PMI (Apr) PREL,MEDIUM,EUR,-,-,33,-,
50b02cca-d7b5-4c90-ada5-b7523f9fd0aa,04/23/2009,10:30,HCOB Services PMI (Apr) PREL,LOW,EUR,-,-,42.4,-,
b889d4a0-7f46-4f8e-85ee-34a15382327a,04/23/2009,11:00,Current Account n.s.a (Feb),LOW,EUR,€-2.538B,-,€-10.6B,€-19.9B,
1035dd79-e830-4da5-ab18-8fe25e8fb9a1,04/23/2009,11:00,Current Account s.a (Feb),MEDIUM,EUR,€-5.682B,-,€-10.7B,€-12.3B,
a1938d7c-a6a2-4d52-ac62-22db0718a095,04/23/2009,N/A,HCOB Services PMI (Apr) PREL,LOW,EUR,-,-,41.3,-,
d43eb06a-7fcc-48bf-b049-e3193475f2eb,04/23/2009,N/A,HCOB Manufacturing PMI (Apr) PREL,LOW,EUR,-,-,35.4,-,
06ca0e2b-7e45-4172-9e18-f1e233e27cc8,04/23/2009,12:00,ZEW Survey – Expectations (Apr),LOW,CHF,-27.7,-,-,-57.1,
3abd4dd7-f448-4f1a-8ab5-e254a0252602,04/23/2009,12:00,Industrial New Orders (YoY) (Feb),LOW,EUR,-26%,-,-34.8%,-34.3% ,
df0f9440-a0b4-41dc-9ad3-a8bc296023c7,04/23/2009,12:00,Industrial New Orders s.a. (MoM) (Feb),LOW,EUR,0.4%,-,-2.2%,-2% ,
5b06cd03-f815-4bbc-9c1e-c7b9f1b9a264,04/23/2009,13:00,CBI Industrial Trends Survey – Orders (MoM) (Apr),LOW,GBP,-57%,-,-54%,-58%,
01248147-ccbb-41d9-a873-ac244a72fb5f,04/23/2009,15:30,Retail Sales (MoM) (Feb),LOW,CAD,0.2%,-,-0.3%,1.9% ,
18c7a959-d94b-4dbf-af17-6e0bca0c21fa,04/23/2009,15:30,Retail Sales ex Autos (MoM) (Feb),MEDIUM,CAD,0.5%,-,0.2%,1.3% ,
c8215659-34f2-4a89-b135-a59622b1bc0d,04/23/2009,15:30,Continuing Jobless Claims,LOW,USD,6.137M,-,6.135M,6.022M,
4213b100-a518-490a-bad3-2a9ddcf2a8e6,04/23/2009,15:30,Initial Jobless Claims,LOW,USD,645K,-,630K,610K,
e5917b48-902d-48b8-ab9a-6a094484740b,04/23/2009,17:00,Existing Home Sales (MoM) (Mar),MEDIUM,USD,4.55M,-0.43,4.69M,3.97M,
67c87866-ac1e-48a8-a2a4-487828629444,04/23/2009,17:00,Existing Home Sales Change (MoM) (Mar),MEDIUM,USD,-3.4%,-0.34,-1.5%,3.9% ,
48101c7c-e728-4e37-8484-860041219246,04/23/2009,17:30,BoC Monetary Policy Report,MEDIUM,CAD,,,,,REPORT
59eb2f66-ff10-41b7-88ec-5a6ca15d5b8a,04/24/2009,02:50,All Industry Activity Index (MoM) (Feb),LOW,JPY,-2.3%,-,-2.1%,-1.7%,
f5988668-a2e9-4cc5-8ab2-74c61b874c18,04/24/2009,02:50,Corporate Service Price Index (YoY) (Mar),LOW,JPY,-2.1%,1.43,-2.6%,-0.8% ,
02158c67-bcf0-45f5-97e8-33f9278811cc,04/24/2009,11:00,IFO – Business Climate (Apr),MEDIUM,EUR,83.8,-,82.3,82.1,
856821f5-732f-45c1-94ad-46ff629bdf30,04/24/2009,11:00,IFO – Expectations (Apr),MEDIUM,EUR,84.1,-,82.6,81.1,
8a1997bc-6c19-44c5-af82-eb8570841737,04/24/2009,11:30,Gross Domestic Product (QoQ) (Q1) PREL,MEDIUM,GBP,-1.9%,-,-1.5%,-1.6%,
25e776dc-4454-4569-aca4-2ac335b2216c,04/24/2009,11:30,Gross Domestic Product (YoY) (Q1) PREL,MEDIUM,GBP,-4.1%,-,-3.8%,-2%,
b29b0ece-9dfb-453a-b1ee-80613cad3af0,04/24/2009,11:30,Index of Services (3M/3M) (Feb),LOW,GBP,-1.3%,-,-1.2%,-1.3%,
ed89f541-6cee-4036-9eb0-df20e0a82ff1,04/24/2009,11:30,Retail Sales (MoM) (Mar),MEDIUM,GBP,1.1%,-,0.3%,-1.9% ,
4f4c685d-0e8c-4e5c-bdae-a13cb562cc11,04/24/2009,11:30,Retail Sales (YoY) (Mar),MEDIUM,GBP,0.9%,-,1.7%,0.4%,
b0d33302-00a9-4e65-b102-5e845a06a97d,04/24/2009,15:30,Durable Goods Orders (Mar),MEDIUM,USD,-0.8%,0.21,-1.4%,-4.6% ,
2290c82c-f037-4e20-8a7d-85e53ac1c88e,04/24/2009,15:30,Durable Goods Orders ex Transportation (Mar),MEDIUM,USD,-0.6%,0.05,-0.8%,1% ,
3e280a0f-ac74-40c9-8396-5ca1a1ab74ab,04/24/2009,17:00,New Home Sales (MoM) (Mar),MEDIUM,USD,0.351M,0.30,0.34M,0.372M,
ad60f919-6ff2-49d4-b384-7db281c3b93a,04/24/2009,17:00,New Home Sales Change (MoM) (Mar),MEDIUM,USD,-0.6%,-0.25,0.9%,10.7% ,
c774417e-8ce0-44cd-8bc8-306e79bcd399,04/25/2009,03:00,IMF Meeting,LOW,USD,,,,,ALL DAY
4e7aa9b2-7f6b-4d87-9963-8601d00e54c5,04/26/2009,03:00,IMF Meeting,LOW,USD,,,,,ALL DAY
31cd71ec-d9e3-4fa3-9654-991fc6dc4c5d,04/27/2009,09:00,GfK Consumer Confidence Survey (May),LOW,EUR,2.6,-,2.3,2.4,
30385688-d64c-4ed1-b20f-1383113ebcd3,04/27/2009,11:30,BBA Mortgage Approvals (Mar),LOW,GBP,29.369K,-,29.2K,31.273K,
7f963340-b198-4639-a845-227d204a679e,04/27/2009,19:45,ECB's President Trichet speech,MEDIUM,EUR,,,,,SPEECH
53f0c547-4746-4460-9c36-c9be6ab70480,04/28/2009,02:50,Large Retailer Sales (Mar),LOW,JPY,-8.1%,-,-7.8%,-8.2% ,
94665f60-d12d-4f6a-9b5a-ec9bfd34409e,04/28/2009,02:50,Retail Trade (YoY) (Mar),MEDIUM,JPY,-3.8%,0.91,-4.9%,-5.4% ,
9541f27f-599e-48d7-8140-3ae758f0330f,04/28/2009,02:50,Retail Trade s.a (MoM) (Mar),MEDIUM,JPY,-1.1%,-,-0.4%,-0.3% ,
697b8577-baaa-4695-8fd2-0e52acacbcb9,04/28/2009,09:00,UBS Consumption Indicator (Mar),LOW,CHF,0.991,-,-,0.89,
66b2d647-25cf-4b25-a838-7491b78aed42,04/28/2009,13:00,CBI Distributive Trades Survey – Realized (MoM) (Apr),LOW,GBP,3%,-,-40%,-44%,
09d08083-45aa-464a-9a87-8449709da653,04/28/2009,16:00,S&P/Case-Shiller Home Price Indices (YoY) (Feb),LOW,USD,-18.7%,-,-18.8%,-19%,
7838558f-822f-436e-b6b6-64cf18ea4556,04/28/2009,16:11,Consumer Price Index (YoY) (Apr) PREL,LOW,EUR,0.7%,-,0.8%,0.5%,
f194ce22-855d-4e57-9c27-2828980a79d1,04/28/2009,16:11,Consumer Price Index (MoM) (Apr) PREL,LOW,EUR,0%,-,0.1%,-0.1%,
e2189cf4-1c0d-446c-af48-28505febc808,04/28/2009,17:00,Consumer Confidence (Apr),MEDIUM,USD,40.8,-,29,29.9,
a6a87fe8-db2c-4084-a2ba-a34e3b5c0e6f,04/28/2009,17:00,Richmond Fed Manufacturing Index (Apr),LOW,USD,-9,0.59,-18,-29,
61a1b1a4-3a5d-4a45-9960-5d225864a767,04/29/2009,01:45,Trade Balance NZD (MoM) (Mar),MEDIUM,NZD,$447M,0.39,$250M,$482M,
648d5fb5-96fc-49ab-9b67-a4749c91919a,04/29/2009,04:00,HIA New Home Sales (MoM) (Mar),MEDIUM,AUD,4.2%,-,-,3.9%,
eec3c23e-b460-4303-bb17-6a036e7c1358,04/29/2009,06:00,ANZ Business Confidence (Apr),LOW,NZD,-14.5,-,-,-39.3,
17c63c5b-4216-4df8-9938-7afadc1c91b9,04/29/2009,06:00,M3 Money Supply (YoY) (Mar),LOW,NZD,7.2%,-,-,8.7% ,
b42665a1-24ff-45f0-8dd0-6bedadb2f269,04/29/2009,11:00,M3 Money Supply (YoY) (Mar),LOW,EUR,5.2%,-,5.7%,5.9% ,
78d878c9-302e-4ae6-a4bb-7a819425877f,04/29/2009,12:00,Consumer Confidence (Apr),LOW,EUR,-30.6,-,-33,-34,
3803fd1e-a4a2-4c35-8356-3da6d264b895,04/29/2009,12:00,Economic Sentiment Indicator (Apr),LOW,EUR,72.5,1.79,65.6,65.5,
1983e4f7-009d-47b0-87e7-347790734b63,04/29/2009,12:00,Industrial Confidence (Apr),LOW,EUR,-35.5,0.20,-36,-37.6,
08ebb4c3-7ace-4499-827b-e78cd64fa984,04/29/2009,12:30,KOF Leading Indicator (Apr),LOW,CHF,-1.86,-,-1.9,-1.79,
7e460b4c-18ed-464c-9fb4-fe2e9e16841c,04/29/2009,14:00,MBA Mortgage Applications,MEDIUM,USD,-18.1%,-,-,5.3%,
84b6fb31-eacb-4d39-b958-60fb698a1fd3,04/29/2009,15:30,Gross Domestic Product Annualized (Q1) PREL,HIGH,USD,-6.1%,-2.23,-4.6%,-8.4% ,
2eff89f7-60f7-4aa9-aaee-fb2e32de7eed,04/29/2009,15:30,Gross Domestic Product Price Index (Q1) PREL,MEDIUM,USD,-1%,-,-,1.3% ,
a6312852-35eb-4612-99e6-67c344e93971,04/29/2009,17:30,EIA Crude Oil Stocks Change,MEDIUM,USD,4.1M,-,1.8M,3.9M,
7e4e4c8a-f2b4-43a6-bcfc-6149c31a7424,04/29/2009,20:00,Interest Rate Decision,NONE,BRL,10.25%,-,-,11.25%,
c321df5d-bef3-4f5f-acf8-ee3dc691519a,04/29/2009,21:15,Fed Interest Rate Decision,HIGH,USD,0.25%,0,0.25%,0.25%,
2dcce078-adb4-4e35-9e18-c93e7c766906,04/30/2009,00:00,RBNZ Interest Rate Decision,HIGH,NZD,2.5%,0,2.5%,3%,
6ea7ccd7-b4d3-46c1-b8f8-1fadafd84ce2,04/30/2009,01:45,Building Permits s.a. (MoM) (Mar),LOW,NZD,-1.7%,-,-,11.6% ,
70d7e451-e3f1-4665-addb-73b18e7a8c87,04/30/2009,02:01,GfK Consumer Confidence (Apr),MEDIUM,GBP,-27,-,-28,-30,
fe0cfdce-c127-4460-911c-da4fedca20e4,04/30/2009,02:15,Jibun Bank Manufacturing PMI (Apr),LOW,JPY,-,-,-,-,
b774fb6b-b081-4b6c-9871-10764e646ef7,04/30/2009,02:50,Industrial Production (MoM) (Mar) PREL,LOW,JPY,1.6%,-,-0.8%,-9.4%,
6ead05a2-79f0-4b6c-9c7a-0b5c8670b642,04/30/2009,02:50,Industrial Production (YoY) (Mar) PREL,LOW,JPY,-34.2%,-,-34.7%,-38.4%,
78e5b7ac-dc6c-4633-a205-4efe94fb5a4a,04/30/2009,04:30,Private Sector Credit (MoM) (Mar),LOW,AUD,0.1%,-,4.8%,0%,
d8fb8818-3cd2-4584-bb64-a7d262ad2bf0,04/30/2009,04:30,Private Sector Credit (YoY) (Mar),NONE,AUD,4.9%,8.85,0.3%,5.7% ,
5a18919e-cdea-4ecb-b199-aef14bb988cb,04/30/2009,08:00,Annualized Housing Starts (Mar),LOW,JPY,0.888M,0.62,0.856M,0.858M,
36bce302-397c-485a-8724-a485f60b0796,04/30/2009,08:00,Construction Orders (YoY) (Mar),LOW,JPY,-37.8%,-,-,-24.9%,
93f5c1cb-72be-404e-8666-8afb584a16fa,04/30/2009,08:00,Housing Starts (YoY) (Mar),LOW,JPY,-20.7%,-,-22.6%,-24.9%,
d9ec550a-f247-48de-8c3a-8997b717add6,04/30/2009,08:03,BoJ Interest Rate Decision,HIGH,JPY,0.1%,0,0.1%,0.1%,
a6fb0622-2598-496e-a412-1288ee34db99,04/30/2009,09:00,Nationwide Housing Prices n.s.a (YoY) (Apr),MEDIUM,GBP,-15%,-,-15.8%,-15.7%,
57d2c7aa-bf77-4cc5-9490-b098f7ee7903,04/30/2009,09:00,Nationwide Housing Prices s.a (MoM) (Apr),LOW,GBP,-0.3%,-,-1.2%,0.9%,
51a0ff1b-838f-48f3-ad08-e878d198df55,04/30/2009,10:55,Unemployment Change (Apr),LOW,EUR,85K,-,65K,71K,
5af62ee0-851e-4fc0-8421-c28e381b1d95,04/30/2009,10:55,Unemployment Rate s.a. (Apr),LOW,EUR,8.2%,0,8.2%,8.1% ,
444f21aa-e13d-49b8-bce1-996a76e605dd,04/30/2009,11:00,RBNZ Interest Rate Decision,NONE,NZD,2.5%,-,-,2.5%,
bb547010-eb31-487b-8e87-4df74747503e,04/30/2009,12:00,Harmonized Index of Consumer Prices (YoY) (Apr) PREL,MEDIUM,EUR,0.6%,-,0.7%,0.6%,
9112a5fa-9996-42cb-9205-a2583feb8587,04/30/2009,12:00,Unemployment Rate (Mar),MEDIUM,EUR,9.2%,-,8.7%,8.7% ,
68a975c9-c8f5-42da-a3ee-11df6ef34e47,04/30/2009,15:00,NBP Base rate,LOW,PLN,3.75%,-,-,3.75%,
9fd3642f-9225-4bad-a35f-368e4346ad01,04/30/2009,15:30,Gross Domestic Product (MoM) (Feb),MEDIUM,CAD,-0.2%,0.00,-0.2%,-0.5% ,
4234ff57-eec7-412c-b293-192d93239b2c,04/30/2009,15:30,Industrial Product Price (MoM) (Mar),LOW,CAD,0.5%,0,0.5%,0.5% ,
7aaec3ce-7ea9-47ca-a8e9-96e4b7583beb,04/30/2009,15:30,Continuing Jobless Claims,LOW,USD,6.271M,-,6.2M,6.137M,
f3a07a0e-4fdf-4012-b799-1c4c066f19f0,04/30/2009,15:30,Core Personal Consumption Expenditures - Price Index (MoM) (Mar),HIGH,USD,0.2%,1.34,0.1%,0.1% ,
ffd4319c-b714-491a-99eb-3f40d5647538,04/30/2009,15:30,Core Personal Consumption Expenditures - Price Index (YoY) (Mar),HIGH,USD,1.8%,0,1.8%,1.8%,
e4854355-4446-4a15-bd50-2c7478558f55,04/30/2009,15:30,Initial Jobless Claims,LOW,USD,631K,-,637K,640K,
16a0cf35-adb0-40b9-92df-2216c2fbafdc,04/30/2009,15:30,Personal Consumption Expenditures - Price Index (MoM) (Mar),HIGH,USD,-0.3%,-,-0.1%,0.2% ,
da8f0fe8-305a-4338-ace6-2a0486599e46,04/30/2009,15:30,Personal Consumption Expenditures - Price Index (YoY) (Mar),MEDIUM,USD,0.6%,-,0.7%,1% ,
20a03552-46a0-44e7-ab40-adb7803199b1,04/30/2009,15:30,Personal Income (MoM) (Mar),LOW,USD,-0.3%,-0.37,-0.2%,-1% ,
8cc7b647-5f34-4632-9478-b51d2d051533,04/30/2009,16:45,Chicago PMI (Apr),MEDIUM,USD,40.1,1.52,34,33.1,
0c5ebea3-1b04-450c-8bd9-d79045788927,05/01/2009,02:30,National Consumer Price Index (YoY) (Mar),LOW,JPY,-0.3%,0,-0.3%,-0.1%,
bb4eb84a-1b50-4965-9bf6-9536b1029b63,05/01/2009,02:30,"National CPI ex Food, Energy (YoY) (Mar)",MEDIUM,JPY,-0.3%,-2.50,-0.2%,0.6% ,
616c56e3-9773-4d08-ab51-453331273b11,05/01/2009,02:30,National CPI ex Fresh Food (YoY) (Mar),MEDIUM,JPY,-0.1%,-,-0.2%,0%,
30507a96-1ae4-47b0-a654-e100bb4d6d78,05/01/2009,02:30,Overall Household Spending (YoY) (Mar),LOW,JPY,-0.4%,-,-2.7%,-3.5%,
92bae3a9-1722-449f-9463-7727ce212a4a,05/01/2009,02:30,Tokyo Consumer Price Index (YoY) (Apr),LOW,JPY,-0.2%,-,0.1%,0.2%,
f5197672-5d13-42bd-a07e-6a3a2234791f,05/01/2009,02:30,"Tokyo CPI ex Food, Energy (YoY) (Apr)",MEDIUM,JPY,-0.6%,-0.57,-0.5%,0.2% ,
388d3883-322a-4e74-86a8-783d5715dabd,05/01/2009,02:30,Tokyo CPI ex Fresh Food (YoY) (Apr),LOW,JPY,0%,-,0.2%,0.4%,
8c79e059-0835-4c8f-a658-497583a1f630,05/01/2009,02:30,Unemployment Rate (Mar),MEDIUM,JPY,4.8%,0.94,4.5%,4.6% ,
a77d18d9-6e54-41bc-9090-ef6455a3f78d,05/01/2009,04:30,Labor Cash Earnings (YoY) (Mar),LOW,JPY,-3.9%,-1.48,-2.8%,-2.4%,
7f8eb28b-8b29-4c69-979a-0e00c995f493,05/01/2009,11:30,Consumer Credit (Mar),LOW,GBP,£0.1B,0,£0.1B,£0.3B,
0cb9f4b8-48cb-47a9-90fc-c0167db2f578,05/01/2009,11:30,M4 Money Supply (MoM) (Mar),LOW,GBP,0.3%,-,-,0%,
e01bf719-6a55-488e-9516-5380e9a2b911,05/01/2009,11:30,M4 Money Supply (YoY) (Mar),LOW,GBP,18.2%,-,-,17.6%,
d0dc8405-6e5e-4abc-8860-fa776d61fcf6,05/01/2009,11:30,Mortgage Approvals (Mar),LOW,GBP,40K,0,40K,38K,
af700866-679a-4254-a5b7-3d102a73ad0f,05/01/2009,11:30,Net Lending to Individuals (MoM) (Mar),LOW,GBP,£0.7B,-,£1.6B,£1.3B,
39010793-2e4c-4ead-ba47-639acee0f778,05/01/2009,11:30,S&P Global Manufacturing PMI (Apr),MEDIUM,GBP,-,-,40.3,39.1,
9977dd79-46a8-4576-aa7f-2f768521686c,05/01/2009,17:00,Factory Orders (MoM) (Mar),MEDIUM,USD,-0.9%,-0.10,-0.7%,-1.5% ,
8f2ca092-6371-4589-94b4-2e64dab4d012,05/01/2009,17:00,ISM Manufacturing PMI (Apr),MEDIUM,USD,40.1,1.01,38,37.2,
87ef13ac-9d19-4651-bd38-4baab9fec7fc,05/01/2009,17:00,Michigan Consumer Sentiment Index (Apr),LOW,USD,67.9,-,61.5,61.9,
f8c387cc-93f2-4f9a-b826-fa763576fbcb,05/04/2009,04:30,ANZ Job Advertisements (Apr),LOW,AUD,-6.4%,-,-,-8.5%,
f02ed874-91f3-4821-96b0-a697c2f97aba,05/04/2009,04:30,House Price Index (QoQ) (Q1),LOW,AUD,-0.8%,-,0%,4.2% ,
adf3222a-f2b9-425d-800a-297ae8d77c85,05/04/2009,04:30,House Price Index (YoY) (Q1),LOW,AUD,-5.5%,-,-3.9%,-4% ,
cac4a93c-991a-463c-b23c-d10da8f30713,05/04/2009,09:00,Retail Sales (MoM) (Mar),LOW,EUR,0.3%,-,0.2%,-0.2% ,
05c14eaa-9b76-41fe-9cd8-b24488c60db5,05/04/2009,09:00,Retail Sales (YoY) (Mar),LOW,EUR,-1.5%,-,-0.4%,-5.3%,
998c6845-9720-4bed-8211-4465beecdc26,05/04/2009,10:30,SVME - Purchasing Managers' Index (Apr),MEDIUM,CHF,34.7,-,34.1,32.6,
2f9cc306-8eb8-4886-b62e-6e8c1297c299,05/04/2009,10:55,HCOB Manufacturing PMI (Apr),MEDIUM,EUR,-,-,35,-,
1b5cd736-ff2e-4a2f-90b3-633e744f808d,05/04/2009,11:00,HCOB Manufacturing PMI (May),LOW,EUR,-,-,36.7,-,
1bc614b7-418c-4808-b61c-374db9ea0be9,05/04/2009,11:30,Sentix Investor Confidence (May),LOW,EUR,-34.3,-,-27.8,-35.3,
44fbd00a-4f03-49d7-8a9c-1d35efe0dbce,05/04/2009,17:00,Construction Spending (MoM) (Mar),LOW,USD,0.4%,1.62,-1.4%,-0.3% ,
de369872-f489-48b1-842a-6458ef4aa83e,05/04/2009,17:00,Pending Home Sales (MoM) (Mar),MEDIUM,USD,3.2%,0.88,0.1%,-0.4% ,
e9ef2677-708d-4428-bbef-dffacf456633,05/04/2009,17:00,SARB Interest Rate Decision,NONE,ZAR,8.5%,-,-,9.5%,
f3ec2a5c-33fa-42ed-af82-f0732ddaf3b3,05/05/2009,04:30,Building Permits (MoM) (Mar),NONE,AUD,2.07%,-,2.8%,8% ,
c77bf40d-453e-4b10-bc53-23ba0e452fae,05/05/2009,04:30,Building Permits (YoY) (Mar),LOW,AUD,-14.23%,-,-18.9%,-25.5% ,
a9eb4d0b-0856-4820-8a6f-62bc377acb58,05/05/2009,07:30,RBA Interest Rate Decision,HIGH,AUD,3%,0,3%,3%,
1ac79547-d9ec-40aa-8e82-2c3ae4dc867e,05/05/2009,08:45,SECO Consumer Climate (3m) (Q1),LOW,CHF,-38,-1.41,-25,-43,
f203c26b-d4e5-4802-80ab-079bc7c569b9,05/05/2009,11:30,S&P Global Construction PMI (Apr),LOW,GBP,-,-,31.7,-,
329a64fc-32a2-439a-ac2e-e4c81d0a6598,05/05/2009,12:00,Producer Price Index (MoM) (Mar),LOW,EUR,-0.7%,-,-0.5%,-0.5%,
ea3a676d-d8ce-4272-903d-f0ff5bdd6fe5,05/05/2009,12:00,Producer Price Index (YoY) (Mar),LOW,EUR,-3.3%,-,-2.9%,-1.8% ,
d48767e0-638f-4f42-80b8-998d88793871,05/05/2009,17:00,Fed's Chair Bernanke testifies,MEDIUM,USD,,,,,SPEECH
21d9070b-5bc7-49f3-a8f0-6b5dcfced553,05/05/2009,17:00,ISM Services PMI (Apr),LOW,USD,43.7,0.39,42.5,40.1,
eef1848f-b4be-40b0-99cb-1ca5709f7460,05/06/2009,02:01,Nationwide Consumer Confidence (Apr),MEDIUM,GBP,51,-,43,41,
5248a87e-92e5-4dc4-b450-b96e053acdbd,05/06/2009,04:30,Retail Sales s.a. (MoM) (Mar),MEDIUM,AUD,2.6%,-,0.5%,-2% ,
780d0cde-cad3-41a3-a54d-31e66b812a9f,05/06/2009,04:30,Trade Balance (MoM) (Mar),MEDIUM,AUD,1.899M,0.14,1.75M,"2,267M",
f0e51ec9-069d-4007-b07a-6730ead4494d,05/06/2009,10:55,HCOB Services PMI (Apr),LOW,EUR,-,-,43.5,-,
d425f421-34f5-4287-a2c9-09642cf6a1eb,05/06/2009,11:00,HCOB Services PMI (Apr),LOW,EUR,-,-,43.1,-,
fda9f12c-9900-40dc-9188-1bbfb52df506,05/06/2009,11:00,Halifax House Prices (MoM) (Apr),LOW,GBP,-1.8%,-,-1%,-1.9%,
7bb6ce98-0579-46fe-a851-8a714d481911,05/06/2009,11:00,Halifax House Prices (YoY/3m) (Apr),LOW,GBP,-17.7%,-,-,-17.5%,
6521d40d-3efe-4221-a25c-de045a7cf1d6,05/06/2009,11:30,S&P Global Services PMI (Apr),LOW,GBP,-,-,46.3,-,
05dee143-5757-4d5c-9a09-7ff7b443613c,05/06/2009,12:00,Retail Sales (MoM) (Mar),MEDIUM,EUR,-0.3%,-,0.1%,-0.3% ,
658b7193-9d37-410f-b331-75447110945f,05/06/2009,12:00,Retail Sales (YoY) (Mar),MEDIUM,EUR,-3.1%,-,-2.6%,-4.76% ,
068e4d44-9544-46de-9124-5b14adb13cc0,05/06/2009,13:00,Norges Bank Interest Rate Decision,NONE,NOK,1.5%,-,-,2%,
04a3a602-2957-486d-8177-8b28a3c720c2,05/06/2009,14:00,MBA Mortgage Applications,LOW,USD,2%,-,-,-18.1%,
34a0a017-b4ac-4f64-943f-51e541241bbb,05/06/2009,15:15,ADP Employment Change (Apr),MEDIUM,USD,-491K,1.48,-644K,-805K,
f6e66456-bbce-4b70-ab60-1d0ca8dc9539,05/06/2009,15:30,Building Permits (MoM) (Mar),LOW,CAD,26.3%,-,2.6%,-15.8% ,
6bec404d-3e89-4d70-b6e2-ed7aea4eb862,05/06/2009,17:00,Ivey Purchasing Managers Index (Apr),MEDIUM,CAD,53.7,-,40.5,43.2,
48af0073-a3cb-42dd-8ca7-59c87ae92f2c,05/06/2009,17:30,EIA Crude Oil Stocks Change,MEDIUM,USD,0.6M,-,2.6M,4.1M,
56870fb1-f6b1-4c90-87a5-0cbf5b13fa28,05/07/2009,01:45,Unemployment Rate (Q1),MEDIUM,NZD,5%,-2.04,5.3%,4.4% ,
dd3e36b2-b6e8-461e-b967-7ed7ea4a7efa,05/07/2009,02:50,Monetary Base (YoY) (Apr),LOW,JPY,8.2%,-,-,6.9%,
ba82a99c-9ae6-4928-a715-bcfff6405e7b,05/07/2009,04:30,Employment Change s.a. (Apr),MEDIUM,AUD,34.413K,-,-25K,-37.2K,
2c9f0c94-9e9c-4686-9855-9a4b5884cd3c,05/07/2009,04:30,Unemployment Rate s.a. (Apr),MEDIUM,AUD,5.4%,-,5.9%,5.7%,
a3adca7e-fd99-4dcc-8aab-a266dfef1e37,05/07/2009,10:15,Consumer Price Index (MoM) (Apr),MEDIUM,CHF,0.9%,-,0.6%,-0.3%,
8cdb0fb3-8cf6-48ef-a1c9-ea69d77112de,05/07/2009,10:15,Consumer Price Index (YoY) (Apr),MEDIUM,CHF,-0.3%,-,-0.6%,-0.4%,
6f0e51da-049a-404a-b26c-26f65a5ceaf9,05/07/2009,13:00,Factory Orders n.s.a. (YoY) (Mar),MEDIUM,EUR,-33%,-,-35.8%,-38.2% ,
547d7721-cb79-48fa-aefb-a50dbedde99b,05/07/2009,13:00,Factory Orders s.a. (MoM) (Mar),MEDIUM,EUR,3.2%,-,-1%,-3.5% ,
a961d29b-c732-4f81-9347-5f05650f25ac,05/07/2009,13:00,CBI Interest Rate Decision,LOW,ISK,13%,-,-,15.5%,
d7678571-80b5-4f17-86fe-d6181efc2739,05/07/2009,14:00,BoE Interest Rate Decision,HIGH,GBP,0.5%,0,0.5%,0.5%,
a290a753-2c4b-4544-9d20-6d40fe779cb1,05/07/2009,14:45,ECB Main Refinancing Operations Rate,HIGH,EUR,1%,0,1%,1.25%,
55b01b35-cfdd-486f-bf08-60fceec76777,05/07/2009,15:30,ECB's President Trichet speech,MEDIUM,EUR,,,,,SPEECH
9c429cd4-7f05-4b29-bd66-3dd9e8f759b5,05/07/2009,15:30,Continuing Jobless Claims,LOW,USD,6.358M,-,6.35M,6.271M,
61525c97-2d22-4c00-bf59-bca969e82515,05/07/2009,15:30,Initial Jobless Claims,LOW,USD,605K,-,635K,631K,
ba4cf700-98e9-406b-951e-d442f2954163,05/07/2009,15:30,Nonfarm Productivity (Q1) PREL,MEDIUM,USD,0.8%,0.15,0.6%,-0.4%,
ca6f2358-7455-4d68-9791-90e2998b0c7d,05/07/2009,15:30,Unit Labor Costs (Q1) PREL,LOW,USD,3.3%,0.34,2.7%,5.7%,
e7c83b99-3be6-48d9-a13b-1a02ea28bf7d,05/07/2009,16:30,Former Fed's Chair Bernanke speech,MEDIUM,USD,,,,,SPEECH
1325b0b6-832b-4213-8c81-91f0dcfce276,05/07/2009,17:00,CNB Interest Rate Decision,LOW,CZK,1.5%,-,-,1.75%,
d80221a2-4c8a-432e-a39b-1bba44e1bd2c,05/07/2009,22:00,Consumer Credit Change (Mar),LOW,USD,$-11.1B,-0.93,$-4B,$-8.49B,
1ab38f6b-bce2-466b-82f9-2c142228e286,05/07/2009,23:15,Former Fed's Chair Bernanke speech,MEDIUM,USD,,,,,SPEECH
39389dcc-3b82-42de-aa66-84c21b5d5a5e,05/08/2009,00:00,Bank Stress Test Results,HIGH,USD,,,,,REPORT
4e61e6e0-c1a0-4002-9df6-8e3b824a97b3,05/08/2009,02:50,BoJ Minutes,MEDIUM,JPY,,,,,REPORT
e1f0c6a1-635f-4c83-8667-2ceacbce8b4d,05/08/2009,08:45,Unemployment Rate s.a (MoM) (Apr),LOW,CHF,3.5%,0,3.5%,3.4%,
38d540ce-2eb4-483a-8d8c-081baaa34fbb,05/08/2009,09:00,Trade Balance s.a. (Mar),LOW,EUR,€9.12B,-,€8B,€8.6B,
a068a8e0-3e2e-4ea1-a3fc-15fc220d5133,05/08/2009,11:30,Producer Price Index - Input (MoM) n.s.a (Apr),MEDIUM,GBP,-1%,-,0.8%,1% ,
d29f1df4-e0a8-46eb-bfa1-6f888b7a0e61,05/08/2009,11:30,Producer Price Index - Input (YoY) n.s.a (Apr),MEDIUM,GBP,-5%,-,-3.5%,-0.4%,
9f07d809-0a86-4c49-bfe1-722c97c418bd,05/08/2009,11:30,Producer Price Index - Output (MoM) n.s.a (Apr),MEDIUM,GBP,0.6%,-,0.2%,0.1%,
6815fdc0-0292-48a5-9b2e-19cdf3c17c10,05/08/2009,11:30,Producer Price Index - Output (YoY) n.s.a (Apr),MEDIUM,GBP,1.2%,-,0.7%,2%,
82468b53-6696-4406-80a0-91df25151eea,05/08/2009,13:00,Industrial Production n.s.a. w.d.a. (YoY) (Mar),MEDIUM,EUR,-19.5%,-,-20.9%,-20.6%,
c0e456d3-a416-4948-815b-d5d78f6b30d5,05/08/2009,13:00,Industrial Production s.a. (MoM) (Mar),MEDIUM,EUR,1%,-,-1.3%,-2.9% ,
76adbc67-972f-4d23-bb10-7067ea0850bc,05/08/2009,14:00,Net Change in Employment (Apr),MEDIUM,CAD,-21.1K,-,-50K,-61.3K,
35b8db9f-80c3-4ba5-9003-2874654a4499,05/08/2009,14:00,Unemployment Rate (Apr),MEDIUM,CAD,8%,-,8.3%,8%,
25a2b09d-9d8f-493c-b442-996e71042f7c,05/08/2009,15:15,Housing Starts s.a (YoY) (Apr),MEDIUM,CAD,118K,-1.91,140K,141.1K,
18ce416c-c9b9-4a04-be75-746700a425ba,05/08/2009,15:30,Average Hourly Earnings (MoM) (Apr),HIGH,USD,0.1%,-0.98,0.2%,0.3% ,
23fdbef1-a6f1-4c8e-9b15-eb195afb3f1e,05/08/2009,15:30,Average Hourly Earnings (YoY) (Apr),HIGH,USD,3.2%,-0.62,3.3%,3.3% ,
7598757e-5415-4138-a668-af9b66ed6487,05/08/2009,15:30,Average Weekly Hours (Apr),HIGH,USD,33.2,0.00,33.2,33.8,
fd90e974-e55d-4e2c-80f7-61dc3cea9cf2,05/08/2009,15:30,Nonfarm Payrolls (Apr),HIGH,USD,-504K,-,-620K,-663K,
49e067bb-eb86-4945-a27a-8106fbb37ae7,05/08/2009,15:30,Unemployment Rate (Apr),HIGH,USD,8.9%,0.00,8.9%,8.7% ,
b2fae1b9-18b6-48f9-a5aa-d2d0e59f9fca,05/08/2009,17:00,Wholesale Inventories (Mar),LOW,USD,-1.8%,-,-1%,-1.5% ,
78c23525-85c0-48e5-b0aa-803d6bf6391e,05/08/2009,20:00,Fed's Lacker speech,LOW,USD,,,,,SPEECH
870f2237-4d24-4473-bc2d-fc054b817d50,05/11/2009,04:30,National Australia Bank's Business Conditions (Apr),LOW,AUD,-10,-,-,-17,
112db156-8f5d-4de1-90db-1cb3bb9e7971,05/11/2009,04:30,National Australia Bank's Business Confidence,LOW,AUD,-14,-,-,-13,
02391614-563a-4370-a126-12faf2cafcef,05/11/2009,11:00,Danmarks Nationalbank's interest rate change,NONE,DKK,1.4%,-,-,1.75%,
ab463e4e-99f2-472e-bdbb-5c0128b505f2,05/11/2009,15:30,New Housing Price Index (MoM) (Mar),LOW,CAD,-0.5%,0,-0.5%,-0.7%,
d76e8cee-9758-47c0-9a9a-9599594976dd,05/11/2009,15:30,New Housing Price Index (YoY) (Discontinued) (Mar),LOW,CAD,-2.4%,-,-,-1.8%,
720aa7f1-d8a7-4dab-848d-9a8627523420,05/12/2009,01:45,Food Price Index (MoM) (Apr),LOW,NZD,-0.6%,-,-,0.5%,
42c10c6d-0f59-4e95-9adf-6fb1b9050ad6,05/12/2009,02:01,BRC Like-For-Like Retail Sales (YoY) (Apr),LOW,GBP,4.6%,-,-,-1.2%,
a68c878a-ca43-4203-8ff5-3d05b74e3105,05/12/2009,02:01,RICS Housing Price Balance (Apr),LOW,GBP,-59.9%,-,-70%,-73.1% ,
0ece9826-fed5-44df-8e10-edbead4d3608,05/12/2009,02:30,Former Fed's Chair Bernanke speech,MEDIUM,USD,,,,,SPEECH
1d22d728-36b3-4846-9f51-8cf982be4aef,05/12/2009,04:30,Home Loans (Q1),LOW,AUD,4.95%,-,4.5%,1.2% ,
3aecd949-6e38-44bc-a5f4-ddc99693d0b9,05/12/2009,04:30,Investment Lending for Homes (Q1),NONE,AUD,1.8%,-,-,-2.98% ,
416863b8-3afb-4228-a82e-2767f0d23693,05/12/2009,08:00,Coincident Index (Mar) PREL,LOW,JPY,84.9,-,85.8,84.9,
5a620c83-82d5-4699-81be-ae08d2f11621,05/12/2009,08:00,Leading Economic Index (Mar) PREL,LOW,JPY,76.6,-,77.1,75,
8a487851-9fdb-4325-8b5e-4f4a0033244e,05/12/2009,09:00,Consumer Price Index (MoM) (Apr),LOW,EUR,0%,-,0%,0%,
c51c3415-818b-4c58-a5a2-180bd614ce99,05/12/2009,09:00,Consumer Price Index (YoY) (Apr),LOW,EUR,0.7%,0,0.7%,0.7%,
6d0ce5b0-8eda-4da3-a102-a97f6eabd778,05/12/2009,09:00,Machine Tool Orders (YoY) (Apr),LOW,JPY,-80.4%,-,-,-85.2%,
704a92b1-9289-424e-81d8-2232dad3da87,05/12/2009,09:05,Wholesale Price Index (MoM) (Apr),LOW,EUR,0.1%,-,0%,-0.9%,
c2d5b09c-4d40-4077-ad11-9138a9c52560,05/12/2009,11:30,DCLG House Price Index (YoY) (Mar),LOW,GBP,-13.6%,-,-12.5%,-12.3%,
9721ec8f-380a-4efd-8284-a6421891ce03,05/12/2009,11:30,Goods Trade Balance (Mar),HIGH,GBP,£-6.5B,1.21,£-7.2B,£-7.029B,
28635c82-77f1-4d61-9b02-d5e4d0ab9c98,05/12/2009,11:30,Industrial Production (MoM) (Mar),MEDIUM,GBP,-0.3%,-,-0.7%,-1% ,
44c62c18-a89e-4987-9fa3-c0b2f1ee715d,05/12/2009,11:30,Industrial Production (YoY) (Mar),MEDIUM,GBP,-12.7%,-,-12.8%,-12.5% ,
efbdc437-8cd9-4b2c-a344-74a9999127bc,05/12/2009,11:30,Manufacturing Production (MoM) (Mar),MEDIUM,GBP,0.2%,-,-0.8%,-0.9% ,
98a3e292-fbbd-44ae-a76d-9cf0e3ec733b,05/12/2009,11:30,Manufacturing Production (YoY) (Mar),MEDIUM,GBP,-13.1%,-,-14%,-13.8% ,
6ab7c6f6-91e1-48aa-8e7e-eb60d56dbbd8,05/12/2009,11:30,Trade Balance; non-EU (Mar),HIGH,GBP,£-2.5B,1.11,£-3B,£-3.838B,
53b4b897-9601-4a62-90a2-e8ff469ec340,05/12/2009,15:20,Fed's Lockhart speech,LOW,USD,,,,,SPEECH
38aa7415-0779-4a99-9984-14c987ac3543,05/12/2009,15:30,International Merchandise Trade (Mar),MEDIUM,CAD,$1.209B,0.52,$0.5B,$-0.04B,
0fe34c3e-deb1-4f94-9d96-c10475b12786,05/12/2009,15:30,Goods and Services Trade Balance (Mar),HIGH,USD,$-28.53B,0.06,$-28.9B,$-28.8B,
e79336ed-41df-4aa1-b8cb-abad52713e63,05/12/2009,16:00,Average Earnings Excluding Bonus (3Mo/Yr) (Mar),LOW,GBP,3%,0,3%,3.2%,
ffff82d4-3a23-4152-a99b-3fc39fb7ceee,05/12/2009,16:00,Average Earnings Including Bonus (3Mo/Yr) (Mar),LOW,GBP,-1.8%,-,-1.1%,0.1% ,
8549b4db-3f8c-4f1e-a048-d2c2d5121865,05/12/2009,16:00,Claimant Count Change (Apr),LOW,GBP,51.9K,-,58K,73.7K,
ab4bbebc-8ba8-4365-877b-e89535926de5,05/12/2009,16:00,Claimant Count Rate (Apr),LOW,GBP,4.7%,0,4.7%,4.5%,
6fbbc267-d3fd-4105-8949-b29454654362,05/12/2009,16:00,ILO Unemployment Rate (3M) (Mar),MEDIUM,GBP,7.1%,-,6.9%,6.7%,
eff9ddd9-c16c-4e46-a278-a29ae850bac6,05/12/2009,16:00,NIESR GDP Estimate (3M) (Apr),MEDIUM,GBP,-1.5%,-,-,-1.5% ,
98613677-7c65-4cbc-9f93-be9bbd84ef7e,05/12/2009,21:00,Monthly Budget Statement,LOW,USD,$-20.9B,-,$-60.5B,$-192.3B,
5e184925-1932-445b-a6f8-4f09139610cc,05/13/2009,02:50,Current Account n.s.a. (Mar),LOW,JPY,¥902.3B,2.56,¥513.5B,"¥1,044.3B",
9028dbdb-6055-46f7-a7dd-754a7db3cab0,05/13/2009,02:50,Money Supply M2+CD (YoY) (Apr),LOW,JPY,2.7%,-,2.3%,2.2%,
ce22c933-2a18-46e3-843b-4efa9945af9d,05/13/2009,02:50,Trade Balance - BOP Basis (Mar),LOW,JPY,¥132.9B,-0.08,¥137.1B,¥274.9B,
68e3dacb-60e2-451a-91b1-d0b1eaa78b39,05/13/2009,08:00,Eco Watchers Survey: Current (Apr),LOW,JPY,34.2,-,30.1,28.4,
eaffd3b4-7381-4411-be9d-c2414cc3d8be,05/13/2009,08:00,Eco Watchers Survey: Outlook (Apr),LOW,JPY,39.7,-,-,35.8,
64333d91-9e69-4fe5-b032-c30d67923ebf,05/13/2009,12:00,Industrial Production s.a. (MoM) (Mar),LOW,EUR,-1.1%,-,-1%,-2.5% ,
2aafc406-75c9-4744-afe0-a50153458f4c,05/13/2009,12:00,Industrial Production w.d.a. (YoY) (Mar),LOW,EUR,-19.2%,-,-17.6%,-19.1% ,
18e2455a-a13d-4eff-b53d-8ba9e062e675,05/13/2009,12:30,BoE Monetary Policy Report,MEDIUM,GBP,,,,,REPORT
2802358c-6237-44b0-8440-80f5481fd479,05/13/2009,12:30,BoE's Governor King speech,MEDIUM,GBP,,,,,IN PROGRESS
e7a56159-ba98-4b38-9685-4b9cdba4d7dd,05/13/2009,14:00,MBA Mortgage Applications,LOW,USD,-8.6%,-,-,2%,
5f5a0f4e-79a2-49ef-ad00-f89f903ef74a,05/13/2009,14:45,ECB Rate On Deposit Facility,MEDIUM,EUR,0.25%,-,-,0.25%,
f4fb753d-23b7-4104-81b7-0f0ab9e3ca50,05/13/2009,15:30,New Motor Vehicle Sales (MoM) (Mar),LOW,CAD,5.5%,-,6.1%,-2.2% ,
95aea785-989f-49f4-89d1-6743eea8f6db,05/13/2009,15:30,Import Price Index (MoM) (Apr),MEDIUM,USD,1.1%,-,0.7%,0.5% ,
74f598eb-9e95-4a04-b0c8-ff39d47af66e,05/13/2009,15:30,Import Price Index (YoY) (Apr),MEDIUM,USD,-16.4%,-,-16.8%,-14.9%,
3a179ffb-93ff-4cc0-8583-6a6a329ec46f,05/13/2009,15:30,Retail Sales (MoM) (Apr),HIGH,USD,-0.2%,-0.13,0%,-1.7% ,
b2056eb0-904d-413a-9e04-2efdee3694a4,05/13/2009,15:30,Retail Sales ex Autos (MoM) (Apr),HIGH,USD,-0.2%,-0.14,0%,-1.7% ,
d241db17-0f08-4f18-b5c4-8216c8a55c7f,05/13/2009,16:00,Treasury's Geithner speech,MEDIUM,USD,,,,,SPEECH
1ae73f2b-4be3-43ff-8f80-0432594ed8f2,05/13/2009,17:00,Business Inventories (Mar),LOW,USD,-1%,0.77,-1.2%,-1.5% ,
acd6e7e8-2b15-4882-b611-2fe82a78f157,05/13/2009,17:30,EIA Crude Oil Stocks Change,MEDIUM,USD,-4.7M,-,1.1M,0.6M,
3a324f40-4ff8-4c89-a79b-706659398739,05/13/2009,19:00,Fed's Lockhart speech,LOW,USD,,,,,SPEECH
783b2f42-ae2e-4d90-a1cb-8472edd2d1c1,05/14/2009,10:15,Producer and Import Prices (MoM) (Apr),MEDIUM,CHF,-0.2%,-,1%,-0.5%,
dd7eb2af-9fd5-4e58-bf59-64c1d8f2a90c,05/14/2009,10:15,Producer and Import Prices (YoY) (Apr),MEDIUM,CHF,-3.6%,-,-2.6%,-2.8%,
4990fb38-d126-4fda-b0ba-8ae7e830636c,05/14/2009,11:00,ECB Monthly Report,MEDIUM,EUR,,,,,REPORT
1374655c-3306-4943-94f3-46e547d26cd8,05/14/2009,15:30,Continuing Jobless Claims,LOW,USD,6.587M,-,6.4M,6.351M,
671139ba-287b-4345-93e9-7aaa1e626447,05/14/2009,15:30,Initial Jobless Claims,LOW,USD,643K,-,610K,601K,
17cdcd9e-af25-4dfa-b304-78f54000453a,05/14/2009,15:30,Producer Price Index (MoM) (Apr),MEDIUM,USD,0.3%,-,0.1%,-1.2%,
f9282234-3c14-45dd-b9e8-31f86070fae9,05/14/2009,15:30,Producer Price Index (YoY) (Apr),LOW,USD,-3.7%,-,-3.9%,-3.5%,
2d97611a-1738-4720-af68-760ca8af5e14,05/14/2009,15:30,Producer Price Index ex Food & Energy (MoM) (Apr),MEDIUM,USD,0.1%,0,0.1%,0%,
dfa7476f-1b5c-460d-a885-6789dfba17a4,05/14/2009,15:30,Producer Price Index ex Food & Energy (YoY) (Apr),MEDIUM,USD,3.4%,0,3.4%,3.8%,
48fe9891-3e1c-42fd-9fec-589b2496f280,05/15/2009,01:45,Retail Sales (QoQ) (Q1),LOW,NZD,-0.2%,-,-,0.2% ,
cdfd700a-306f-4c2a-a974-3b75d0c09fd0,05/15/2009,01:45,Retail Sales ex Autos (QoQ) (Q1),MEDIUM,NZD,0.5%,-,-,-0.1%,
ebcccaa5-57dd-416e-84a1-8dc14e6932fb,05/15/2009,02:50,Machinery Orders (MoM) (Mar),LOW,JPY,-1.3%,0.49,-4.7%,6.7% ,
bd4ff49f-7207-491d-81b4-394b979f93b8,05/15/2009,02:50,Producer Price Index (MoM) (Apr),LOW,JPY,-0.6%,-,0.1%,-0.2% ,
fe60b8c2-8040-436f-9282-206f6c948de2,05/15/2009,02:50,Producer Price Index (YoY) (Apr),LOW,JPY,-4%,-2.66,-3%,-2.7% ,
8cf77f24-ee33-4b41-a371-b4757789401f,05/15/2009,09:00,Gross Domestic Product (QoQ) (Q1) PREL,MEDIUM,EUR,-3.4%,-,-3%,-2.1% ,
7bf9e12b-bb7a-4a7b-a521-49b4c80358eb,05/15/2009,09:00,Gross Domestic Product (YoY) (Q1) PREL,MEDIUM,EUR,-6.7%,-,-6.2%,-1.6% ,
5d315a96-bbb5-45f7-bc5b-0494704439fc,05/15/2009,09:00,Gross Domestic Product w.d.a (YoY) (Q1) PREL,MEDIUM,EUR,-6.9%,-,-6%,-1.7% ,
ce23fcb9-bf15-497d-ad6b-a2f1fafa558d,05/15/2009,10:15,Real Retail Sales (YoY) (Mar),LOW,CHF,-6.7%,-,0.4%,0%,
5509b679-6662-4655-a0f9-e00e79ea74d2,05/15/2009,12:00,Core Harmonized Index of Consumer Prices (YoY) (Apr),MEDIUM,EUR,1.8%,-,1.6%,1.5%,
0de7bc98-c9cb-4a4c-be9c-c364f00c7926,05/15/2009,12:00,Gross Domestic Product s.a. (QoQ) (Q1) PREL,LOW,EUR,-2.5%,-,-2.1%,-1.8%,
267a4e4d-331d-434d-aa1b-9e439600d9ca,05/15/2009,12:00,Gross Domestic Product s.a. (YoY) (Q1) PREL,LOW,EUR,-4.6%,-,-4.1%,-2.1%,
dda6d969-47c2-43c6-8815-05f75de75a86,05/15/2009,12:00,Harmonized Index of Consumer Prices (MoM) (Apr),MEDIUM,EUR,0.4%,0,0.4%,0.4%,
d1d361b9-9fe2-475c-8351-98dd549d5f07,05/15/2009,12:00,Harmonized Index of Consumer Prices (YoY) (Apr),MEDIUM,EUR,0.6%,0,0.6%,0.6%,
2b951782-b3af-4191-b030-f66a642a8250,05/15/2009,12:00,CBRT Interest Rate Decision,LOW,TRY,9.25%,-,-,9.75%,
63626980-5c38-416c-8f05-e5b12ce14fe7,05/15/2009,14:27,Wholesale Price Index (YoY) (Apr),LOW,EUR,-8.1%,-,-,-7.9%,
0e6930b5-5677-4c9c-b238-444cb15c7914,05/15/2009,15:30,Manufacturing Sales (MoM) (Mar),LOW,CAD,-3.1%,-1.50,1.2%,2.5% ,
87205a02-a23a-4db1-a38f-62e3e6474cfb,05/15/2009,15:30,Consumer Price Index (MoM) (Apr),MEDIUM,USD,0%,-,0%,-0.1%,
95dd3947-7b24-4c79-baf7-4d1b28bfa2bd,05/15/2009,15:30,Consumer Price Index (YoY) (Apr),MEDIUM,USD,-0.7%,-,-0.6%,-0.4%,
052ff7e6-e213-401d-befd-3fccbf0aeb76,05/15/2009,15:30,Consumer Price Index ex Food & Energy (MoM) (Apr),MEDIUM,USD,0.3%,-,0.1%,0.2%,
ccfaae53-7a70-4893-b38c-1c8445da412a,05/15/2009,15:30,Consumer Price Index ex Food & Energy (YoY) (Apr),MEDIUM,USD,1.9%,-,1.8%,1.8%,
c556491b-10e4-4aaf-a432-8608ff501991,05/15/2009,15:30,NY Empire State Manufacturing Index (May),MEDIUM,USD,-4.55,0.96,-15,-19.3,
522fc2f8-2ba1-45ca-a3bf-5839525393d3,05/15/2009,16:00,Net Long-Term TIC Flows (Mar),MEDIUM,USD,$55.4B,0.75,$22.5B,$24.1B,
3bb0f198-8b6f-4497-a842-3185158aae3f,05/15/2009,16:00,Total Net TIC Flows (Mar),MEDIUM,USD,$25B,-,-,$-140.4B,
64441a23-9da7-42f7-93b2-616c3527a379,05/15/2009,16:15,Capacity Utilization (Apr),LOW,USD,69.1%,0.80,68.8%,68.3% ,
c027216a-a4d0-4ea8-8787-5296434c93c0,05/15/2009,16:15,Fed's Richard Fisher speech,NONE,USD,,,,,SPEECH
1c802a96-fe32-4ce7-827a-a8e270bd19d1,05/15/2009,16:15,Industrial Production (MoM) (Apr),LOW,USD,-0.7%,-0.23,-0.6%,-1.6% ,
6b7569b4-f1ea-4a40-a05e-04d2dd05aaca,05/15/2009,17:00,Michigan Consumer Sentiment Index (May) PREL,LOW,USD,67.9,-,67,67.9,
6b715945-aff6-4984-bfc2-ba5227bfaa62,05/17/2009,12:00,CBE Interest Rate Decision,NONE,EGP,9.5%,-,-,10%,
5daffc31-dcb4-48e5-971d-6039eb7db9c1,05/18/2009,01:45,Producer Price Index - Input (QoQ) (Q1),LOW,NZD,-2.5%,-1.15,-0.1%,-2.2%,
e8434351-d72b-4e8e-aee7-6e6047ec83ed,05/18/2009,01:45,Producer Price Index - Output (QoQ) (Q1),LOW,NZD,-1.4%,-2.57,0.4%,1.4%,
d802f21f-be18-4b29-8171-2bab93abc7f3,05/18/2009,02:01,Rightmove House Price Index (MoM) (May),LOW,GBP,2.4%,-,-,0.8% ,
749ef06f-29d8-4205-88d7-c11332535229,05/18/2009,02:01,Rightmove House Price Index (YoY) (May),LOW,GBP,-6.2%,-,-,-6.9% ,
7950756a-a145-4aa6-b0e0-913b3ab12daa,05/18/2009,03:00,Victoria Day,NONE,CAD,,,,,ALL DAY
f9fa5f51-f116-4938-84b5-933f1dbfba0b,05/18/2009,07:00,Tokyo Condominium Sales (YoY) (Apr),LOW,JPY,-8.5%,-,-,-46.2%,
4587e10a-22a0-452e-a4c3-a68246a20269,05/18/2009,08:00,Consumer Confidence Index (Apr),LOW,JPY,33.2,-,31,29.4,
e4a12475-1f03-4732-9a17-efa71f4747f1,05/18/2009,12:00,Construction Output s.a (MoM) (Mar),LOW,EUR,0.6%,-,-,2.2% ,
1625e1ef-405e-480d-bf93-3c01173a9c1a,05/18/2009,12:00,Construction Output w.d.a (YoY) (Mar),LOW,EUR,-8.3%,-,-,-11.2% ,
8a951036-4c16-48dd-82a5-fcddad90a85b,05/18/2009,12:00,Trade Balance n.s.a. (Mar),LOW,EUR,€1.021B,-,€-0.3B,€-1B,
64119a7b-3744-4b3a-8828-7f91ee24eaea,05/18/2009,12:00,Trade Balance s.a. (Mar),LOW,EUR,€-1.8B,-,€-3.8B,€-4B,
0a6551e8-289a-4197-bead-1c1bdd72de68,05/18/2009,18:30,Treasury's Geithner speech,LOW,USD,,,,,SPEECH
4064d23b-348e-4abd-8734-2c791d115a83,05/18/2009,20:00,NAHB Housing Market Index (May),LOW,USD,16,0,16,14,
289e6a62-4374-466a-81e6-13b5905c0198,05/19/2009,01:10,RBA's Governor Stevens speech,LOW,AUD,,,,,SPEECH
46300963-2ee6-420a-b9e9-047addc89e21,05/19/2009,04:30,RBA Meeting Minutes,MEDIUM,AUD,,,,,REPORT
20f7af49-d5c3-4e55-b9fa-83157fd8d4e4,05/19/2009,07:30,Capacity Utilization (Mar),LOW,JPY,0.8%,-,-,-11.3% ,
c11ce6b3-de53-485d-a7b7-df2055a90443,05/19/2009,07:30,Industrial Production (MoM) (Mar),LOW,JPY,5.2%,-,1.6%,1.6%,
86cd968a-047b-48de-a083-522d35998fd8,05/19/2009,07:30,Industrial Production (YoY) (Mar),LOW,JPY,-31.2%,-,-,-34.2%,
cf8290b5-a646-4d31-9caf-c2579d2d1210,05/19/2009,09:00,Machine Tool Orders (YoY) (Apr),LOW,JPY,-80.4%,-,-,-80.4%,
83a1c8c9-4712-4afd-bb1e-e6feb1c89e9a,05/19/2009,11:30,Consumer Price Index (MoM) (Apr),MEDIUM,GBP,0.2%,-,0.4%,0.2%,
01dd6a93-7c3d-4722-8d2f-5a87b4c41515,05/19/2009,11:30,Consumer Price Index (YoY) (Apr),MEDIUM,GBP,2.3%,-,2.4%,2.9%,
34ebda7a-1e85-4cd7-ba19-fe3fe631c93f,05/19/2009,11:30,Core Consumer Price Index (YoY) (Apr),MEDIUM,GBP,1.5%,-,1.7%,1.7%,
e44b716d-449b-4bd9-ab4b-421486cd39a3,05/19/2009,11:30,Retail Price Index (MoM) (Apr),MEDIUM,GBP,0.1%,-,0.2%,0%,
29a7ba10-c833-4d93-991f-1c609ce59df6,05/19/2009,11:30,Retail Price Index (YoY) (Apr),MEDIUM,GBP,-1.2%,0,-1.2%,-0.4%,
0b3a4452-e2fa-48b2-b897-eed789db4200,05/19/2009,12:00,ZEW Survey – Economic Sentiment (May),HIGH,EUR,31.1,-,20,13,
8c470668-7af0-4104-87d6-2afdd85bc0d9,05/19/2009,12:00,ZEW Survey – Economic Sentiment (May),NONE,EUR,28.5,-,-,11.8,
4f2b0a90-9c6c-4f85-afad-76076d4ef285,05/19/2009,15:30,Building Permits (MoM) (Apr),LOW,USD,0.5M,-,0.53M,0.513M,
e447865c-bfa3-4e74-87d8-d20335dc7216,05/19/2009,15:30,Housing Starts (MoM) (Apr),MEDIUM,USD,0.45M,-0.96,0.52M,0.505M,
948669cd-7465-4974-8f56-a08a896d428a,05/19/2009,20:15,Fed Minneapolis's Kocherlakota speech,LOW,USD,,,,,SPEECH
01ae2401-debf-4f8e-aa43-f7957bfde09a,05/20/2009,02:50,Gross Domestic Product (QoQ) (Q1) PREL,LOW,JPY,-4%,-,-4.3%,-3.2% ,
076057e2-a394-47da-8694-f182c80a4299,05/20/2009,02:50,Gross Domestic Product Annualized (Q1) PREL,MEDIUM,JPY,-15.2%,-,-16.1%,-12.1% ,
8545400c-0566-49e7-9763-0e7d4156399b,05/20/2009,03:30,Westpac Consumer Confidence (May),LOW,AUD,-4.3%,-,-,8.3%,
d744d739-7f0e-49bd-b4aa-484f85755d41,05/20/2009,04:30,Wage Price Index (QoQ) (Q1),LOW,AUD,0.9%,0.49,0.8%,0.9% ,
cbf10f8b-c840-4411-a0e4-81ec26f22934,05/20/2009,04:30,Wage Price Index (YoY) (Q1),LOW,AUD,4.2%,0,4.2%,4.3%,
ce0d88ea-e30e-4305-8497-efce85a1fa82,05/20/2009,09:00,Producer Price Index (MoM) (Apr),LOW,EUR,-1.4%,-,0%,-0.7%,
34fdd346-28bd-43ee-97a4-9628ca334410,05/20/2009,09:00,Producer Price Index (YoY) (Apr),LOW,EUR,-2.7%,-,-1.3%,-0.5%,
620749f4-4a7c-4135-85aa-2687f164ff5f,05/20/2009,11:30,BoE Minutes,HIGH,GBP,,,,,REPORT
66cffbed-4117-4253-9d85-c2569c0a97c0,05/20/2009,12:00,ZEW Survey – Expectations (May),LOW,CHF,-3.9,-,-,-27.7,
88627892-51d3-4355-a235-4d7e522ee94c,05/20/2009,13:00,CBI Industrial Trends Survey – Orders (MoM) (May),LOW,GBP,-56%,-,-50%,-57%,
544c8df8-e984-4423-9af5-d4a278148eca,05/20/2009,14:00,BoC Consumer Price Index Core (MoM) (Apr),MEDIUM,CAD,0.1%,0,0.1%,0.3%,
02dad6cc-4135-46a6-bfef-db20aacfa673,05/20/2009,14:00,BoC Consumer Price Index Core (YoY) (Apr),MEDIUM,CAD,1.8%,0,1.8%,2%,
06c442c5-cdea-45d8-bd30-a8dab2392693,05/20/2009,14:00,Consumer Price Index (MoM) (Apr),MEDIUM,CAD,-0.1%,-,0.2%,0.2%,
7a0c4afa-76ef-4273-a823-51e066f04dad,05/20/2009,14:00,Consumer Price Index (YoY) (Apr),MEDIUM,CAD,0.4%,-,0.6%,1.2%,
d21f02e0-63a6-49a0-9271-55171d5b60b9,05/20/2009,14:00,MBA Mortgage Applications,LOW,USD,2.3%,-,-,-8.6%,
c5e3bd66-b396-4576-ab90-a8ae4556ecf7,05/20/2009,15:30,Leading Indicators (MoM) (Apr),LOW,CAD,-0.9%,-,-1%,-1.3% ,
7b4a96a4-9caa-45c6-a128-dbb87478e09c,05/20/2009,16:30,Treasury's Geithner speech,MEDIUM,USD,,,,,SPEECH
a22990a4-b69b-49f9-bf4c-24826e9769b8,05/20/2009,17:30,EIA Crude Oil Stocks Change,MEDIUM,USD,-2.1M,-,-1.3M,-4.7M,
b5f96dbe-0317-4390-b691-39a766069b5c,05/20/2009,21:00,FOMC Minutes,MEDIUM,USD,,,,,REPORT
b9439d69-9015-4637-8878-4aad3d1a09d2,05/21/2009,01:45,Visitor Arrivals (YoY) (Apr),LOW,NZD,2.5%,-,-,-0.5%,
534c8126-8982-4cd1-9be8-ec3cfe7282ef,05/21/2009,02:50,Tertiary Industry Index (MoM) (May),LOW,JPY,-2.8%,-,-1.5%,-0.8%,
6a53748e-c3e9-415d-ba92-fd4dbdb8c5ef,05/21/2009,04:00,Consumer Inflation Expectations (May),MEDIUM,AUD,2.3%,-,-,2.4%,
0d89b1ac-4e56-460b-8c45-6cb93739fa85,05/21/2009,04:30,New Motor Vehicle Sales (MoM) (Apr),LOW,AUD,1.7%,-,-,-3.2% ,
aa167e03-95c6-4a48-8f63-76b3910c2131,05/21/2009,04:30,New Motor Vehicle Sales (YoY) (Apr),LOW,AUD,-19.8%,-,-,-22.6%,
dbb45887-6394-4d58-a90c-3df2c925cf81,05/21/2009,04:30,RBA Foreign Exchange Transaction (Apr),LOW,AUD,512M,-,-,718M,
7c029f8e-1216-47fb-8209-0eb468773322,05/21/2009,10:30,HCOB Manufacturing PMI (May) PREL,MEDIUM,EUR,-,-,37,-,
1786ebf3-48be-4eec-8591-200fda540900,05/21/2009,10:30,HCOB Services PMI (May) PREL,LOW,EUR,-,-,44.3,-,
2084adcd-3d25-4ef2-9b01-3d7935ba2467,05/21/2009,11:00,HCOB Manufacturing PMI (May) PREL,LOW,EUR,-,-,38.4,-,
bea46d4e-5994-4105-933b-fe76a0191b37,05/21/2009,11:00,HCOB Services PMI (May) PREL,LOW,EUR,-,-,44.6,-,
3801410a-6207-424c-ac1b-f0fb43148721,05/21/2009,11:30,CML Gross Mortgage Lending s.a.,NONE,GBP,£10.5B,-,-,£11.5B,
627a33f7-c22f-4259-8447-4049e0f13db6,05/21/2009,11:30,M4 Money Supply (MoM) (Apr) PREL,LOW,GBP,0.1%,-,0.5%,0.2% ,
8a5e4a8f-06b8-4480-8090-a93094a59e9c,05/21/2009,11:30,M4 Money Supply (YoY) (Apr) PREL,LOW,GBP,17.4%,-,-,17.8% ,
2d141c0e-9525-41a3-8851-06bc43f58ad2,05/21/2009,11:30,Public Sector Net Borrowing (Apr),LOW,GBP,£10.6B,-,£7.4B,£19.1B,
7b518e39-485e-41d3-99a2-3053981e7a55,05/21/2009,11:30,Retail Sales (MoM) (Apr),MEDIUM,GBP,0.9%,-,0.5%,0.3% ,
78a7f4ef-04df-4450-ba7b-50e63260595f,05/21/2009,11:30,Retail Sales (YoY) (Apr),MEDIUM,GBP,2.6%,-,2.4%,1.5% ,
bb3eeb21-b63e-4084-b881-6f7df080c00f,05/21/2009,11:30,Total Business Investment (QoQ) (Q1) PREL,LOW,GBP,-5.5%,-,-4%,-1.5%,
ef700c42-4b0d-4994-a023-4281ae2577aa,05/21/2009,11:30,Total Business Investment (YoY) (Q1) PREL,LOW,GBP,-6.8%,-,-5.9%,-4.5%,
92e43d82-d225-45a1-8e78-acd80d09a490,05/21/2009,15:30,Canadian Portfolio Investment in Foreign Securities (Mar),MEDIUM,CAD,$-6.168B,-,-,$3.01B,
a2998e94-90cf-4301-99d7-fb387e715ed3,05/21/2009,15:30,Foreign Portfolio Investment in Canadian Securities (Mar),MEDIUM,CAD,$7.672B,-,-,$6.35B,
8610e7c3-82a8-4e13-af6d-b7ef64636797,05/21/2009,15:30,Wholesale Sales (MoM) (Mar),LOW,CAD,-0.4%,-,-0.8%,-0.6% ,
7d9cbb26-3369-45d6-8175-b8f7ddc37883,05/21/2009,15:30,Continuing Jobless Claims,LOW,USD,6.662M,-,6.65M,6.56M,
e0948bc9-1bc2-4ca4-bf09-d784b043f611,05/21/2009,15:30,Initial Jobless Claims,LOW,USD,631K,-,630K,637K,
6d0c577c-af4a-4515-93bc-0c6a9e6ba50d,05/21/2009,17:00,Philadelphia Fed Manufacturing Survey (May),MEDIUM,USD,-22.6,-0.47,-18,-25.2,
6d565ef0-9eb9-4240-bc52-d5218fa42b47,05/21/2009,17:00,Treasury's Geithner speech,MEDIUM,USD,,,,,SPEECH
9e18d85a-012d-434f-83fb-f97746924194,05/22/2009,02:00,Philadelphia Fed's Plosser speech,LOW,USD,,,,,SPEECH
7615816b-99a7-4495-8feb-cbfdd391b7ae,05/22/2009,07:00,BoJ Interest Rate Decision,HIGH,JPY,0.1%,0,0.1%,0.1%,
c84db574-c350-4ed1-be2c-beb6c4864f4f,05/22/2009,08:00,Coincident Index (Mar),LOW,JPY,84.8,-,-,84.9,
c7864a1b-a1d8-4cbc-8f9b-b07cac38c6d6,05/22/2009,08:00,Leading Economic Index (Mar),MEDIUM,JPY,75.5,-,-,76.6,
0ccb522d-3c1b-42d8-85eb-9a8dad4019c1,05/22/2009,11:30,Gross Domestic Product (QoQ) (Q1) PREL,MEDIUM,GBP,-1.9%,0,-1.9%,-1.9%,
afd67c46-f040-42c0-84ab-3831c88a4b8e,05/22/2009,11:30,Gross Domestic Product (YoY) (Q1) PREL,MEDIUM,GBP,-4.1%,0,-4.1%,-4.1%,
c25899ca-2cbe-4a4a-8a92-d046c48a5b46,05/22/2009,11:30,Index of Services (3M/3M) (Mar),LOW,GBP,-1.2%,0,-1.2%,-1.2% ,
24320850-a0c3-40c9-b278-607f30e3e5fe,05/22/2009,15:30,Retail Sales (MoM) (Mar),MEDIUM,CAD,0.3%,-,0.5%,0.2%,
ce9042aa-a0a3-4376-ae3d-75bb63189ffe,05/22/2009,15:30,Retail Sales ex Autos (MoM) (Apr),MEDIUM,CAD,-0.3%,-,-0.1%,0.6% ,
c3e1d89e-8fa5-4d5f-9f3e-6e96dade7b3f,05/22/2009,21:00,Former Fed's Chair Bernanke speech,LOW,USD,,,,,SPEECH
0f3aca03-17e6-407d-b93f-80edd66de2c3,05/25/2009,02:50,All Industry Activity Index (MoM) (Mar),LOW,JPY,-1.8%,-,-,-2% ,
3885d74b-017e-4eee-880e-90c5ed8901a9,05/25/2009,03:00,Spring Bank Holiday,NONE,GBP,,,,,ALL DAY
beef5294-3851-4d77-82a5-fcfac254373a,05/25/2009,N/A,BoJ Monthly Economic Survey,MEDIUM,JPY,,,,,REPORT
ea695be6-d767-442b-ad53-33668b2e2766,05/25/2009,11:00,IFO – Business Climate (May),MEDIUM,EUR,84.4,-,84.8,83.7,
7583c63e-e298-4bdc-aa36-7b3175170b68,05/25/2009,11:00,IFO – Expectations (May),MEDIUM,EUR,86.1,-,85.4,83.9,
fcc5bd00-15fe-490e-a3e1-ebb6d6a8dc81,05/26/2009,01:45,Trade Balance NZD (MoM) (Apr),MEDIUM,NZD,$319M,0.13,$251M,$438M,
dc045184-5496-4b36-96f8-be3cfa274baa,05/26/2009,02:50,Corporate Service Price Index (YoY) (Apr),LOW,JPY,-2.4%,-0.43,-2.3%,-0.8% ,
df5b28a4-2028-45f5-889f-9459284bf911,05/26/2009,06:00,RBNZ Inflation Expectations (QoQ) (Q2),LOW,NZD,2.2%,-,-,2.21% ,
d0b71bd5-14cd-4f57-b606-791436d43b85,05/26/2009,09:00,UBS Consumption Indicator (Apr),LOW,CHF,0.91,-,-,0.99,
769ab5f4-f73d-42cf-8cfb-c3c8a0613e37,05/26/2009,09:00,GfK Consumer Confidence Survey (Jun),LOW,EUR,2.7,-,2.5,2.5,
c2af407e-e510-4d32-a614-701c24fdccd2,05/26/2009,09:00,Gross Domestic Product (QoQ) (Q1),MEDIUM,EUR,-3.4%,2.95,-3.8%,-3.4%,
da23e130-2544-4550-ac6d-47c0babba212,05/26/2009,09:00,Gross Domestic Product (YoY) (Q1),MEDIUM,EUR,-6.3%,2.06,-6.7%,-6.7%,
c9111eea-3176-4a04-9b6b-956a40ec4580,05/26/2009,09:00,Gross Domestic Product w.d.a (YoY) (Q1),MEDIUM,EUR,-6.7%,0.63,-6.9%,-6.9%,
45faaa77-42eb-4ddf-8dd8-3654158dd039,05/26/2009,10:15,Employment Level (QoQ) (Q1),LOW,CHF,3.96M,0.06,3.92M,4.543M,
5d81acb1-c8bf-476f-95c0-260d5db7be7c,05/26/2009,11:00,Current Account n.s.a (Mar),LOW,EUR,€-6.603B,-,-,€-2.1B,
893612aa-e78d-4b42-afad-d38bfe293a04,05/26/2009,11:00,Current Account s.a (Mar),MEDIUM,EUR,€-4.347B,-,€-7.5B,€-7.8B,
d6bac27d-da7e-4bce-8542-0421af785e7c,05/26/2009,12:00,Industrial New Orders (YoY) (Mar),LOW,EUR,-35.5%,-,-30.1%,-34.2% ,
4bcd4b91-f699-43b5-9d98-ffcf8f88b7b0,05/26/2009,12:00,Industrial New Orders s.a. (MoM) (Mar),LOW,EUR,-0.7%,-,1%,0% ,
9af502e2-5495-42f7-bca0-63b63dacc97a,05/26/2009,16:00,S&P/Case-Shiller Home Price Indices (YoY) (Mar),LOW,USD,-18.7%,-0.03,-18.3%,-18.7%,
a73cca71-b081-4f28-8f1a-dff7d7183a5e,05/26/2009,17:00,Consumer Confidence (May),MEDIUM,USD,54.8,-,42,39.2,
e7eb19ca-e422-402a-b2ca-fd0f2708b490,05/26/2009,17:00,Richmond Fed Manufacturing Index (May),LOW,USD,4,0.73,-7,-30,
39310ef9-6833-4893-b30a-b82f858191dd,05/27/2009,02:50,Adjusted Merchandise Trade Balance (Apr),LOW,JPY,¥81.7B,-,¥-3B,¥-97.1B,
1e6ea9f5-39e3-49f4-a6e6-24d2db55f130,05/27/2009,02:50,BoJ Minutes,MEDIUM,JPY,,,,,REPORT
f7a776e9-b0e4-41b8-811b-47985a3e1845,05/27/2009,02:50,Merchandise Trade Balance Total (Apr),LOW,JPY,¥69B,-,-,¥-5.4B,
88a2fb01-0a30-4131-8fa4-24d68c30c29c,05/27/2009,03:30,Westpac Leading Index (MoM) (Apr),LOW,AUD,-0.43%,-,-,-0.03% ,
34c0967f-e4bd-4946-9b7e-d9f719a37491,05/27/2009,04:30,Construction Work Done (Q1),LOW,AUD,-2.83%,-,-3%,1% ,
354143a5-3b20-4023-98fc-c88f1d210ff2,05/27/2009,06:00,ANZ Business Confidence (May),LOW,NZD,1.9,-,-,-14.5,
9217b248-f9b9-434a-95db-717d0b0c4d19,05/27/2009,11:30,BBA Mortgage Approvals (Apr),LOW,GBP,31.273K,-,29.1K,26.7K,
4e30fa2e-d050-4615-86c6-487953f777bf,05/27/2009,14:00,MBA Mortgage Applications,LOW,USD,-14.2%,-,-,2.3%,
12323f8c-8c76-4d08-baec-06b87d904ebe,05/27/2009,17:00,Existing Home Sales (MoM) (Apr),MEDIUM,USD,4.66M,0.03,4.65M,3.86M,
7dbcd2f1-7557-444a-91c3-a74d6aab0ffe,05/27/2009,17:00,Existing Home Sales Change (MoM) (Apr),MEDIUM,USD,2.9%,0.22,1.8%,-2.8% ,
f67ffae2-b464-4996-86ce-679bc1c3dc81,05/27/2009,17:00,Housing Price Index (MoM) (Mar),MEDIUM,USD,-1.4%,-1.29,0.2%,0.2%,
ad90c566-c700-4e01-a80b-de9dee95ba3d,05/27/2009,17:24,Consumer Price Index (YoY) (May) PREL,LOW,EUR,0%,-,0.2%,0.7%,
12c53dd9-fd35-43fe-ae47-fb6b0633ec93,05/27/2009,17:24,Consumer Price Index (MoM) (May) PREL,LOW,EUR,-0.1%,-,0.1%,0%,
561ccbd3-ccb9-43c4-a040-df1a8ad0c516,05/27/2009,19:00,Treasury's Geithner speech,MEDIUM,USD,,,,,SPEECH
d059572c-bb19-4d96-9dae-2f509bb2a000,05/28/2009,02:50,Large Retailer Sales (Apr),LOW,JPY,-6.7%,-,-,-8.1%,
36c747fd-da53-43ac-8438-32998514165d,05/28/2009,02:50,Retail Trade (YoY) (Apr),MEDIUM,JPY,-2.8%,0.30,-3.2%,-3.6% ,
d3c11430-ea63-4079-b3c4-7dded7cf695f,05/28/2009,02:50,Retail Trade s.a (MoM) (Apr),MEDIUM,JPY,0.6%,-,-,-1.1%,
bc431b2f-7cdb-453d-9a34-def091ce1301,05/28/2009,04:30,Private Capital Expenditure (Q1),LOW,AUD,-2.9%,-,-6%,4% ,
ce417a81-c381-4a38-81e0-ddc212139718,05/28/2009,06:00,M3 Money Supply (YoY) (Apr),LOW,NZD,6.9%,-,-,7.1% ,
0df46b59-05a1-4f40-a107-1a5d1ecfd0a6,05/28/2009,09:15,Trade Balance (Apr),LOW,CHF,2.55M,-,0.11M,0.12M,
38d0d168-b646-4730-bb3b-3d185460e44f,05/28/2009,10:55,Unemployment Change (May),LOW,EUR,1K,-,64K,57K,
1243ddf0-064a-46c2-8e2c-bcb7ca4c3089,05/28/2009,10:55,Unemployment Rate s.a. (May),LOW,EUR,8.3%,-,8.4%,8.3% ,
71c09948-6669-4049-bccb-a4a3dfd451eb,05/28/2009,12:00,Consumer Confidence (May),LOW,EUR,-28.3,-,-31,-31,
a30714b9-9d12-4a31-886e-6531f887198b,05/28/2009,12:00,Economic Sentiment Indicator (May),LOW,EUR,75.3,-,69,67.2,
e1ba021a-069f-46dd-857a-a5e900611b64,05/28/2009,12:00,Industrial Confidence (May),LOW,EUR,-33.7,-0.27,-33,-35.4,
21657275-6886-4c53-b729-c9fa2e314ba0,05/28/2009,13:00,CBI Distributive Trades Survey – Realized (MoM) (May),LOW,GBP,-17%,-,-10%,3%,
5741fca6-b453-4785-85f0-20f34fa09ab6,05/28/2009,15:30,Continuing Jobless Claims,LOW,USD,6.788M,-,6.745M,6.662M,
f2e4c495-31a8-45da-90fb-20d8c40f23a1,05/28/2009,15:30,Durable Goods Orders (Apr),MEDIUM,USD,1.9%,0.56,0.5%,-1.3% ,
2990b928-bbf9-437e-af10-e5adac92352c,05/28/2009,15:30,Durable Goods Orders ex Transportation (Apr),MEDIUM,USD,0.4%,0.22,-0.3%,-2.8% ,
1a133bd8-5855-4a0d-bd16-17ce451f94c1,05/28/2009,15:30,Initial Jobless Claims,NONE,USD,625K,-,628K,631K,
edbd51d2-d4f5-4d02-8c04-c4a8f0e04df8,05/28/2009,17:00,New Home Sales (MoM) (Apr),MEDIUM,USD,0.344M,-0.44,0.36M,0.339M,
62745488-d575-4306-8f9d-61e3f468a832,05/28/2009,17:00,New Home Sales Change (MoM) (Apr),MEDIUM,USD,2.7%,0.27,1.1%,-8.9% ,
50da65d4-19c5-45b0-83e8-bf425e4c8afe,05/28/2009,18:00,EIA Crude Oil Stocks Change,LOW,USD,-5.4M,-,0M,-2.1M,
4b291e7d-3725-460d-b3c1-25b71a9db4f7,05/28/2009,18:00,SARB Interest Rate Decision,NONE,ZAR,7.5%,-,-,8.5%,
392b896c-2400-45d3-8fbd-1f81eecf969e,05/29/2009,01:45,Building Permits s.a. (MoM) (Apr),LOW,NZD,11.9%,-,2.2%,-4.6% ,
85be712f-8e42-4c5d-9dcc-f1151a4aeeb6,05/29/2009,02:01,GfK Consumer Confidence (May),MEDIUM,GBP,-27,-,-25,-27,
3883af29-abb3-4347-9d5c-1fb3010db37c,05/29/2009,02:15,Jibun Bank Manufacturing PMI (May),LOW,JPY,-,-,-,-,
ffff3814-ec29-4883-839a-a1d928fc52bd,05/29/2009,02:30,National Consumer Price Index (YoY) (Apr),LOW,JPY,-0.1%,-,-0.3%,-0.3%,
b01a64bc-9710-4009-abb1-d09823dca8f2,05/29/2009,02:30,"National CPI ex Food, Energy (YoY) (Apr)",MEDIUM,JPY,-0.4%,0.00,-0.4%,0.5% ,
56306747-f1df-4887-a70f-37857d0ee1c5,05/29/2009,02:30,National CPI ex Fresh Food (YoY) (Apr),MEDIUM,JPY,-0.1%,-,0.1%,-0.1%,
1689a29c-3736-44e8-84ea-2c6219a3647f,05/29/2009,02:30,Overall Household Spending (YoY) (Apr),LOW,JPY,-1.3%,-,-0.7%,-0.4%,
fbde0e7c-d840-4f67-9ca1-76b4e0615b9e,05/29/2009,02:30,Tokyo Consumer Price Index (YoY) (May),LOW,JPY,-0.8%,-0.62,-0.7%,-0.1% ,
527f139d-7d49-470f-847e-feaa6f8bf658,05/29/2009,02:30,"Tokyo CPI ex Food, Energy (YoY) (May)",MEDIUM,JPY,-0.9%,-1.15,-0.7%,-0.2% ,
46ab503e-3289-4a51-b454-d2c9cd100414,05/29/2009,02:30,Tokyo CPI ex Fresh Food (YoY) (May),LOW,JPY,-0.7%,-,-0.6%,0%,
ef46d32d-d5d2-4b62-a610-7eee92a7f5d1,05/29/2009,02:30,Unemployment Rate (Apr),MEDIUM,JPY,5%,0,5%,4.8%,
e5579648-54a2-413a-a092-17673b8fb2c3,05/29/2009,02:50,Industrial Production (MoM) (Apr) PREL,LOW,JPY,5.2%,-,3.3%,5.2%,
b2932b02-d818-4b9e-a2f6-db81174cc973,05/29/2009,02:50,Industrial Production (YoY) (Apr) PREL,LOW,JPY,-31.2%,-,-,-31.2%,
c99018da-6341-48c1-acc6-7d895258f0fc,05/29/2009,04:30,Private Sector Credit (MoM) (Apr),LOW,AUD,0.1%,-0.05,0.2%,0% ,
f9eba218-7fe5-45bb-ab0f-3d9b25576c66,05/29/2009,04:30,Private Sector Credit (YoY) (Apr),NONE,AUD,4.6%,0.05,4.5%,4.8% ,
5b296ce3-1795-4d7b-85a1-02ff18733790,05/29/2009,08:00,Annualized Housing Starts (Apr),LOW,JPY,0.779M,-2.25,0.901M,0.859M,
d08285cd-f16d-417f-9d54-88ead8fc28f1,05/29/2009,08:00,Construction Orders (YoY) (Apr),LOW,JPY,-25.9%,-,-,-37.8%,
7735ad38-b6df-4683-882c-d2d7c97750f3,05/29/2009,08:00,Housing Starts (YoY) (Apr),LOW,JPY,-32.4%,-,-22%,-20.7%,
1b7ecac4-ff9a-4078-a6a1-13c415c2cea9,05/29/2009,09:00,Retail Sales (MoM) (Apr),LOW,EUR,-1.5%,-,0.5%,1.2% ,
e638fc6a-6752-4637-b989-575f9e853bfc,05/29/2009,09:00,Retail Sales (YoY) (Apr),LOW,EUR,-0.3%,0,-0.3%,-1.5%,
26fbd62b-12ed-45bf-a4e0-7ab71bd3c3c9,05/29/2009,09:00,Nationwide Housing Prices n.s.a (YoY) (May),MEDIUM,GBP,-11.3%,-,-13.7%,-15%,
a9bba7b7-8b54-4341-a460-f41cd096bc38,05/29/2009,09:00,Nationwide Housing Prices s.a (MoM) (May),LOW,GBP,1.3%,1.81,-0.9%,-0.2% ,
59926701-9426-49de-8d7f-2e1fea960695,05/29/2009,11:00,M3 Money Supply (YoY) (Apr),LOW,EUR,4.9%,-,4.5%,5.1% ,
0208c9e1-9787-4646-a233-d7f029dfc3f2,05/29/2009,12:00,Harmonized Index of Consumer Prices (YoY) (May) PREL,MEDIUM,EUR,0%,-,0.2%,0.6%,
ab8f1520-a174-487a-9380-d6bf9102e3b8,05/29/2009,12:15,ECB's President Trichet speech,NONE,EUR,,,,,SPEECH
be79d053-de78-47fb-8197-1247273f7e88,05/29/2009,12:30,KOF Leading Indicator (May),LOW,CHF,-1.85,-,-1.78,-1.86,
8e49ce06-2daf-49ec-9e03-c551afa98559,05/29/2009,15:30,Current Account (Q1),MEDIUM,CAD,-7.095B,-,-10.4B,-10.9B,
1e02270f-2f46-411e-9a41-0d5c10a7a19f,05/29/2009,15:30,Core Personal Consumption Expenditures (QoQ) (Q1),MEDIUM,USD,1.5%,-,2%,-5% ,
624ac61a-6ed7-4e05-bfdc-d5d4075bdaf2,05/29/2009,15:30,Gross Domestic Product Annualized (Q1) PREL,HIGH,USD,-5.7%,-,-5.5%,-6.1%,
fe72efd4-de8d-4e09-b1cd-af1278e4df0d,05/29/2009,15:30,Gross Domestic Product Price Index (Q1) PREL,MEDIUM,USD,-1%,-,-,-1%,
5285ee57-82cc-4997-a7c0-1834ef60534a,05/29/2009,16:45,Chicago PMI (May),MEDIUM,USD,34.9,-1.93,42,38.9,
b83b086f-760b-4121-90b9-26767d731838,05/29/2009,17:00,Michigan Consumer Sentiment Index (May),LOW,USD,68.7,-,68,67.9,
49f37be1-70f5-4b81-9461-fb4038f4ad31,05/31/2009,15:00,NBP Base rate,LOW,PLN,3.75%,-,-,3.75%,
dab5e44b-41a1-43c5-9751-87d3577869e1,06/01/2009,04:21,HIA New Home Sales (MoM) (Apr),MEDIUM,AUD,0.5%,-,-,3.1% ,
530c0a27-0bd8-4f17-a30b-d43f57c96df9,06/01/2009,04:30,Company Gross Operating Profits (QoQ) (Q1),LOW,AUD,-4.46%,-,-4.5%,-5.4% ,
f27599d2-6808-4bc6-b4d8-60482c68c865,06/01/2009,04:30,Retail Sales s.a. (MoM) (Apr),MEDIUM,AUD,0.3%,-,0.5%,2.2% ,
62b8e53e-7735-4627-a439-02275b49bba2,06/01/2009,04:30,Labor Cash Earnings (YoY) (Apr),LOW,JPY,-2.7%,-,-,-3.9% ,
1103751e-949d-4a0a-a7c1-58c0b0510545,06/01/2009,08:00,Vehicle Sales (YoY) (May),LOW,JPY,-19.4%,-,-,-32%,
637ef390-6621-40b6-9c66-323640a4b0b5,06/01/2009,08:30,RBA Commodity Index SDR (YoY) (May),LOW,AUD,-23.4%,-,-,7.6% ,
af6fca59-ab82-43b2-b151-98cc0c5ca822,06/01/2009,10:55,HCOB Manufacturing PMI (May),MEDIUM,EUR,-,-,39.1,-,
fec48ded-7f4d-4bb3-8628-30910e2007fe,06/01/2009,11:00,HCOB Manufacturing PMI (May),LOW,EUR,-,-,40.5,-,
161d3a0c-cbef-4bd0-8d7d-ea2999ab0031,06/01/2009,11:30,S&P Global Manufacturing PMI (May),MEDIUM,GBP,-,-,44,42.9,
1c415ace-1c44-4ee3-ba15-2eee9c47c167,06/01/2009,15:30,Gross Domestic Product (MoM) (Mar),MEDIUM,CAD,-0.6%,-1.16,-0.3%,-0.5% ,
1558b7c4-5e97-4a22-b6e4-c1660c4dd99b,06/01/2009,15:30,Gross Domestic Product Annualized (Q1),MEDIUM,CAD,-5.4%,-,-,-4.6% ,
c41bae62-1a6a-4ca8-91d9-d47ecb6e6076,06/01/2009,15:30,Industrial Product Price (MoM) (Apr),LOW,CAD,-0.5%,-,0.1%,0.3% ,
cbf659f1-8762-4de9-9a84-fbefd84403d6,06/01/2009,15:30,Core Personal Consumption Expenditures - Price Index (MoM) (Apr),HIGH,USD,0.3%,2.04,0.2%,0.1% ,
ea7ff302-8a73-4acc-9167-b9c31eb6dd12,06/01/2009,15:30,Core Personal Consumption Expenditures - Price Index (YoY) (Apr),HIGH,USD,1.9%,0,1.9%,1.8%,
800f40e4-b3f8-4c4d-8a95-ab1be212ba46,06/01/2009,15:30,Personal Consumption Expenditures - Price Index (MoM) (Apr),HIGH,USD,0%,0.68,-0.2%,-0.1% ,
719e6ce7-9337-47cb-ac89-f3722759940b,06/01/2009,15:30,Personal Consumption Expenditures - Price Index (YoY) (Apr),MEDIUM,USD,0.5%,-,0.4%,-0.3% ,
a016add0-aa32-47ca-803d-1c02d0c8dff6,06/01/2009,15:30,Personal Income (MoM) (Apr),LOW,USD,0.7%,3.49,-0.2%,-0.4% ,
27d1e74f-1854-4594-8231-dfc75cba3e7b,06/01/2009,17:00,Construction Spending (MoM) (Apr),LOW,USD,0.6%,1.58,-1.6%,-0.8% ,
49817445-516b-436d-a353-80ba731c1b1e,06/01/2009,17:00,ISM Manufacturing PMI (May),MEDIUM,USD,42.8,0.43,42.2,39.9,
696d8a2d-cc35-450a-b8ae-c119adec4bb0,06/02/2009,02:50,Monetary Base (YoY) (May),LOW,JPY,7.9%,-,-,8.2%,
b761de0f-e20e-4e71-91ee-d3ed92363e97,06/02/2009,04:30,Building Permits (MoM) (Apr),NONE,AUD,9.9%,-,2.1%,6.3% ,
26892227-590a-4cd5-8ac7-555d117dfdee,06/02/2009,04:30,Building Permits (YoY) (Apr),LOW,AUD,-17.9%,-,-21.7%,-16.5% ,
d04103f3-5267-4836-aaf0-7760ab3eaf6a,06/02/2009,04:30,Current Account Balance (Q1),LOW,AUD,-13.502B,-2.94,-5.4B,-9.2B,
9edf4c46-96e0-40d9-8b34-541318730490,06/02/2009,07:30,RBA Interest Rate Decision,HIGH,AUD,3%,0,3%,3%,
0fe79358-21f7-49fb-ba75-961eaf016f24,06/02/2009,08:45,Gross Domestic Product (QoQ) (Q1),LOW,CHF,-0.9%,1.66,-1.5%,-3.1% ,
ed1301bd-a77d-4839-b693-42147ddccaa1,06/02/2009,08:45,Gross Domestic Product (YoY) (Q1),LOW,CHF,-3%,-1.21,-1.8%,-0.4% ,
e3389eef-d9ba-4d00-aadb-a4c071b12306,06/02/2009,10:30,SVME - Purchasing Managers' Index (May),MEDIUM,CHF,39.8,-,36.5,34.7,
dfaa8a3d-0ce2-4fb1-8989-ff6b5a3c2cc4,06/02/2009,11:30,Consumer Credit (Apr),LOW,GBP,£0.3B,-,£0.1B,£0.1B,
3d69eae1-0b11-4eb7-8316-a29d4ffe78c9,06/02/2009,11:30,M4 Money Supply (MoM) (Apr),LOW,GBP,0.2%,-,-,0.1%,
9b2fda16-6c74-4046-8388-9cd3602ebe76,06/02/2009,11:30,M4 Money Supply (YoY) (Apr),LOW,GBP,17.4%,-,-,17.4%,
a13c376c-f473-49da-88f1-45daca376af0,06/02/2009,11:30,Mortgage Approvals (Apr),LOW,GBP,43K,-,41K,39K,
323ff0b9-70be-494a-8f7c-ac5826f34fc4,06/02/2009,11:30,Net Lending to Individuals (MoM) (Apr),LOW,GBP,£1.1B,-,£1B,£0.8B,
e18d88de-63ff-4c82-9f39-d2f9eb56ca40,06/02/2009,11:30,S&P Global Construction PMI (May),LOW,GBP,-,-,39.1,-,
79c496e9-3d1a-4f01-a6c3-e873bb21e1db,06/02/2009,12:00,Unemployment Rate (Apr),MEDIUM,EUR,9.3%,-,9.1%,8.9% ,
7d0dacfa-f9a3-46bd-b409-1cdd1d7ae666,06/02/2009,17:00,Pending Home Sales (MoM) (Apr),MEDIUM,USD,7.1%,1.84,0.4%,0.4% ,
c6c8a2f5-05aa-4a69-87b9-0c42fcf057a2,06/03/2009,01:01,Nationwide Consumer Confidence (May),MEDIUM,GBP,54,-,52,50,
89bd1a0f-9c5c-4713-a99a-9f3d68714a15,06/03/2009,04:30,Gross Domestic Product (QoQ) (Q1),LOW,AUD,1%,3.06,-0.2%,-0.4% ,
b64f9aa0-ed92-42eb-ad44-6767455517d5,06/03/2009,04:30,Gross Domestic Product (YoY) (Q1),LOW,AUD,1.03%,3.25,-0.4%,1.7% ,
b06397e2-5e05-477f-8bd6-e3c0e017ff07,06/03/2009,10:55,HCOB Services PMI (May),LOW,EUR,-,-,46,-,
dfb44418-bfca-418b-acd3-e367e9560689,06/03/2009,11:00,HCOB Services PMI (May),LOW,EUR,-,-,44.7,-,
5e6e770e-53c8-4eb4-8edc-a30deb4b0120,06/03/2009,11:30,S&P Global Services PMI (May),LOW,GBP,-,-,49.5,-,
8fad2bcb-0194-454f-bc77-7a63eb6e6d15,06/03/2009,12:00,Gross Domestic Product s.a. (QoQ) (Q1) PREL,LOW,EUR,-2.5%,0,-2.5%,-2.5%,
91b41675-78d0-4b13-8910-b45a4bc91801,06/03/2009,12:00,Gross Domestic Product s.a. (YoY) (Q1) PREL,LOW,EUR,-4.8%,-,-4.6%,-4.6%,
78a004b9-8ce3-4f36-b4f8-ae3229374f9b,06/03/2009,12:00,Producer Price Index (MoM) (Apr),LOW,EUR,-0.9%,-,-0.8%,-0.7%,
c0ba9e06-933c-465f-aa94-b584f7df2af9,06/03/2009,12:00,Producer Price Index (YoY) (Apr),LOW,EUR,-4.8%,-,-4.5%,-3.1% ,
8b02d3a2-a751-4a8c-86e1-d7812fa5accd,06/03/2009,14:00,MBA Mortgage Applications,LOW,USD,-16.2%,-,-,-14.2%,
8cbf4f1d-46b7-4bb9-b164-bd52f77ea9b0,06/03/2009,15:15,ADP Employment Change (May),MEDIUM,USD,-485K,0.39,-533K,-567K,
46cbe013-d214-483e-8b41-da6f3f43c3c5,06/03/2009,17:00,Factory Orders (MoM) (Apr),MEDIUM,USD,0.5%,-0.10,0.7%,-2.7% ,
9d68c29f-0303-4232-9ee8-82a20b09b6e5,06/03/2009,17:00,Fed's Chair Bernanke testifies,MEDIUM,USD,,,,,SPEECH
56d0ec18-4f84-4d44-9ac6-be9e6c88ee2f,06/03/2009,17:00,ISM Services PMI (May),LOW,USD,44,-,45,43.7,
336eecb7-5ffc-450e-8f69-cbeabb9f92ca,06/03/2009,17:30,EIA Crude Oil Stocks Change,LOW,USD,2.9M,-,-1.6M,-5.4M,
8e6e1778-97b8-4585-bb25-ca57b6614f9e,06/04/2009,02:50,Capital Spending (Q1),LOW,JPY,-25.3%,-,-,-17.3%,
44ccf754-782d-4fff-a190-f1175732c5df,06/04/2009,04:30,Trade Balance (MoM) (Apr),MEDIUM,AUD,0.177M,0.01,0.17M,"1,961M",
cf846a90-5f81-4b87-a03c-02d59d191258,06/04/2009,05:30,RBA's Governor Stevens speech,LOW,AUD,,,,,SPEECH
483f7641-35c4-4a9d-a97f-fa060122c067,06/04/2009,11:00,Halifax House Prices (MoM) (May),LOW,GBP,2.6%,-,-1%,-1.7% ,
f93ec25e-729e-4e84-8a0f-c5d20b323062,06/04/2009,11:00,Halifax House Prices (YoY/3m) (May),LOW,GBP,-16.3%,-,-17.2%,-17.7%,
240d2743-82e9-47e3-bc14-491276dbb3f9,06/04/2009,12:00,Retail Sales (MoM) (Apr),MEDIUM,EUR,0.8%,-,0.2%,-0.4% ,
48e34b39-5e9c-4ee5-b69c-0a13ddd8349c,06/04/2009,12:00,Retail Sales (YoY) (Apr),MEDIUM,EUR,-2.5%,-,-2.9%,-3% ,
11f5dfb4-3cd8-4ab1-abff-0f1d7aa15da7,06/04/2009,12:30,CBI Interest Rate Decision,LOW,ISK,12%,-,-,13%,
cda04cd8-ec9d-4add-aec5-3afae272707d,06/04/2009,14:00,BoE Interest Rate Decision,HIGH,GBP,0.5%,0,0.5%,0.5%,
92b7c400-8631-483c-9813-36a230749631,06/04/2009,14:45,ECB Main Refinancing Operations Rate,HIGH,EUR,1%,0,1%,1%,
7dc8d12a-093f-4a1d-8f12-594bfead160f,06/04/2009,15:30,Building Permits (MoM) (Apr),LOW,CAD,-1.1%,0.54,-8.9%,27.1% ,
d6878321-90b3-43cc-8d53-9279ff583a7e,06/04/2009,15:30,ECB's President Trichet speech,HIGH,EUR,,,,,SPEECH
25008628-4bb1-45e1-bc30-404cfd70ebc6,06/04/2009,15:30,Continuing Jobless Claims,LOW,USD,6.757M,-,6.85M,6.788M,
9330f6e0-f403-4aa2-9767-1de47fa84cdb,06/04/2009,15:30,Initial Jobless Claims,LOW,USD,625K,-,620K,623K,
ff5da6bf-d93a-49ca-9243-4041f2346938,06/04/2009,15:30,Nonfarm Productivity (Q1),MEDIUM,USD,0.3%,-0.69,1.2%,0.8%,
9793cbb7-fb6e-49c1-b59d-24dfad843c27,06/04/2009,15:30,Unit Labor Costs (Q1),LOW,USD,-2.7%,-4.57,2.9%,3.3%,
10e69d46-a35a-4083-8d54-bab0a29db780,06/04/2009,15:45,Former Fed's Chair Bernanke speech,LOW,USD,,,,,SPEECH
156b46dd-a3f2-4e88-a777-7af778300eaa,06/04/2009,16:00,BoC Interest Rate Decision,HIGH,CAD,0.25%,0,0.25%,0.25%,
9374c3a8-829e-4185-98b8-9941c791ae17,06/04/2009,17:00,Ivey Purchasing Managers Index (May),MEDIUM,CAD,48.4,-,54.3,53.7,
a6ccfcf2-ef61-4cd6-9a73-4c0516aca60a,06/05/2009,10:15,Consumer Price Index (MoM) (May),MEDIUM,CHF,0.2%,0,0.2%,0.9%,
315c1109-2f54-4801-8f43-868c454d7418,06/05/2009,10:15,Consumer Price Index (YoY) (May),MEDIUM,CHF,-1%,-,-0.9%,-0.3%,
6bd77c28-e200-4225-96a2-1a168470ba93,06/05/2009,11:30,Producer Price Index - Input (MoM) n.s.a (May),MEDIUM,GBP,0.4%,-,0.8%,-1%,
784970af-82ae-466e-bcd1-ae3fe10441f5,06/05/2009,11:30,Producer Price Index - Input (YoY) n.s.a (May),MEDIUM,GBP,-9.4%,-,-8.3%,-5%,
ee277a32-d2ff-49c4-bd44-7122c579dc67,06/05/2009,11:30,Producer Price Index - Output (MoM) n.s.a (May),MEDIUM,GBP,0.4%,0,0.4%,0.6%,
83b684d6-03da-40cf-bb42-328828f46e17,06/05/2009,11:30,Producer Price Index - Output (YoY) n.s.a (May),MEDIUM,GBP,-0.3%,-,-0.4%,1.2%,
79d8df82-c247-4582-8e59-5fcf4f014bab,06/05/2009,14:00,Net Change in Employment (May),MEDIUM,CAD,-19.501K,-,-36.5K,-21.6K,
62303752-3f9d-4a85-85fb-1d65fce066ec,06/05/2009,14:00,Unemployment Rate (May),MEDIUM,CAD,8.6%,-,8.2%,8%,
e0b23e55-f991-417d-80ce-d550b8766004,06/05/2009,15:30,Average Hourly Earnings (MoM) (May),HIGH,USD,0.2%,-,0.1%,0.1%,
15d5e496-e672-4164-a1f1-baf05fe48b22,06/05/2009,15:30,Average Hourly Earnings (YoY) (May),HIGH,USD,3%,-0.68,3.1%,3.4% ,
312eb02d-79f8-4c63-b004-efcc3c77d95b,06/05/2009,15:30,Average Weekly Hours (May),HIGH,USD,33.1,-1.34,33.2,33.8,
efec29ba-4f50-405a-912e-346a6e58b6cf,06/05/2009,15:30,Nonfarm Payrolls (May),HIGH,USD,-322K,-,-521K,-539K,
94b67c41-e9b9-45d9-94a2-f6df7dc91549,06/05/2009,15:30,Unemployment Rate (May),HIGH,USD,9.4%,2.67,9.2%,9% ,
be81ec1c-8d72-4420-8208-3c407c047950,06/05/2009,22:00,Consumer Credit Change (Apr),LOW,USD,$-16.5B,-2.03,$-0.6B,$-15.7B,
274799b8-d950-46d3-87af-aeb5bd83ffce,06/08/2009,02:50,Current Account n.s.a. (Apr),LOW,JPY,¥966.3B,0.03,¥960B,"¥1,452.7B",
a3d5ee0a-a14e-4615-82a2-fc5a55bc993c,06/08/2009,02:50,Money Supply M2+CD (YoY) (May),LOW,JPY,2.7%,-,2.6%,2.6% ,
743c5348-baf7-47f6-815b-92c81322f59e,06/08/2009,02:50,Trade Balance - BOP Basis (Apr),LOW,JPY,¥184.3B,-0.01,¥184.6B,¥222.5B,
d6fedcb9-2584-4381-8f6b-dea99fc50000,06/08/2009,08:00,Eco Watchers Survey: Current (May),LOW,JPY,36.7,0,36.7,34.2,
a2f75a24-27e8-4423-820d-c13f39d334c0,06/08/2009,08:00,Eco Watchers Survey: Outlook (May),LOW,JPY,43.3,-,-,36.5,
e795091b-bcc0-4b90-8db0-4daddc6cbec1,06/08/2009,08:45,Unemployment Rate s.a (MoM) (May),LOW,CHF,3.4%,-,3.5%,3.5%,
cd0686c9-5dbe-47fa-86ba-4cde9efa36f4,06/08/2009,11:00,Danmarks Nationalbank's interest rate change,NONE,DKK,1.2%,-,-,1.4%,
e504d612-31d2-4d3f-bf29-eb232d67ae7e,06/08/2009,11:30,Sentix Investor Confidence (Jun),LOW,EUR,-27,-,-31,-34.3,
a73f0f54-77bf-44b7-8298-7097d9ea7130,06/08/2009,13:00,Factory Orders n.s.a. (YoY) (Apr),MEDIUM,EUR,-33.3%,-,-35.8%,-26.5% ,
54b53e88-c6f8-46a8-a48d-783544e555d0,06/08/2009,13:00,Factory Orders s.a. (MoM) (Apr),MEDIUM,EUR,0%,-,-0.8%,3.7% ,
82e4b9d3-7d3f-49b5-88dd-e89978525b37,06/08/2009,15:15,Housing Starts s.a (YoY) (May),MEDIUM,CAD,128.4K,0.11,127K,111.8K,
56a2bcd9-2d6b-4856-a78d-8b48a2465546,06/09/2009,02:01,BRC Like-For-Like Retail Sales (YoY) (May),LOW,GBP,-0.8%,-,-,4.6%,
f7d7f9e2-4bb9-484a-a9cd-5f3eca87c98b,06/09/2009,02:01,RICS Housing Price Balance (May),LOW,GBP,-43.8%,-,-52%,-59.9%,
33ae9c9e-0187-4979-8599-d4c8af660c66,06/09/2009,04:30,ANZ Job Advertisements (May),LOW,AUD,-3.1%,-,-,-7.5% ,
989b7acc-2ca4-4ea6-a455-634aefbaae49,06/09/2009,04:30,National Australia Bank's Business Conditions (May),LOW,AUD,-14,-,-,-10,
bf127bdb-9f9f-4e30-85ad-4cf46f65369b,06/09/2009,04:30,National Australia Bank's Business Confidence (May),LOW,AUD,-2,-,-,-14,
c64e2708-690f-4938-a646-067b1d8d3c16,06/09/2009,08:00,Coincident Index (Apr) PREL,LOW,JPY,85.8,-,86,85.1,
28e670fe-6845-444e-a7e6-deff2882a3ff,06/09/2009,08:00,Leading Economic Index (Apr) PREL,MEDIUM,JPY,76.5,-,77.3,76.3,
9d978965-fbcf-420e-9b01-feadf5403a90,06/09/2009,09:00,Trade Balance s.a. (Apr),LOW,EUR,€10.09B,-,€9.4B,€11.3B,
80b4a3d5-efa5-4ec2-a463-256e0dd63aca,06/09/2009,09:00,Machine Tool Orders (YoY) (May),LOW,JPY,-79.3%,-,-,-80.4%,
2385895a-4ebd-429b-a875-655680733d45,06/09/2009,11:30,DCLG House Price Index (YoY) (Apr),LOW,GBP,-13%,-,-13.2%,-13.6%,
db7379b7-3fd8-4315-a657-930c8abcce0a,06/09/2009,13:00,Industrial Production n.s.a. w.d.a. (YoY) (Apr),MEDIUM,EUR,-22%,-,-21.1%,-20.4% ,
a232be9e-be34-4c7b-bd61-2fbadf48d0f4,06/09/2009,13:00,Industrial Production s.a. (MoM) (Apr),MEDIUM,EUR,-3.03%,-,-0.2%,0.3% ,
b4e5cfcf-ade2-4f32-be67-2d37218e89ef,06/09/2009,17:00,Wholesale Inventories (Apr),LOW,USD,-1.4%,-,-1.1%,-1.6% ,
ac6e6d00-77de-44ab-bf79-965d60be2b73,06/09/2009,17:30,Treasury's Geithner speech,MEDIUM,USD,,,,,SPEECH
d11a2c5c-356a-44a9-b42a-a805fb841f74,06/10/2009,02:50,Machinery Orders (MoM) (Apr),LOW,JPY,-5.4%,-0.69,-0.2%,0.1% ,
d65072a1-cbb6-433c-bae9-5509def61c3e,06/10/2009,02:50,Producer Price Index (MoM) (May),LOW,JPY,-0.5%,-,-0.3%,-0.4% ,
12d9fcc0-67e3-4008-b790-b43b4ff49b90,06/10/2009,02:50,Producer Price Index (YoY) (May),LOW,JPY,-5.5%,-0.92,-5.1%,-4.1% ,
1a7ba07e-a74c-4b8d-a3e6-e09c1b7d023f,06/10/2009,03:30,Westpac Consumer Confidence (Jun),LOW,AUD,12.7%,-,-,-4.3%,
5faf50ea-d19c-459d-8131-7f7c6bb854ac,06/10/2009,04:30,Home Loans (Q2),LOW,AUD,1.73%,-,1.6%,4.9% ,
d986f747-649f-4892-921a-590bc38363bd,06/10/2009,09:00,Consumer Price Index (MoM) (May),LOW,EUR,-0.1%,-,0%,-0.1%,
c7520f66-aff1-46ea-8b45-281f2f111cc1,06/10/2009,09:00,Consumer Price Index (YoY) (May),LOW,EUR,0%,-,-0.1%,0%,
6c3f08b1-6081-433e-8492-f7d9d1bb999c,06/10/2009,11:30,Goods Trade Balance (Apr),MEDIUM,GBP,£-7.1B,-1.18,£-6.4B,£-7.581B,
692f15e2-b80e-449f-aa6d-14903eef31ba,06/10/2009,11:30,Industrial Production (MoM) (Apr),MEDIUM,GBP,0.2%,-,-0.1%,-0.6% ,
e1be1484-a7e4-494a-8d96-687be39919e6,06/10/2009,11:30,Industrial Production (YoY) (Apr),MEDIUM,GBP,-12.4%,0,-12.4%,-12.4% ,
e6b012aa-af8c-40f7-9ba6-ce8ddbe8de3c,06/10/2009,11:30,Manufacturing Production (MoM) (Apr),MEDIUM,GBP,0%,-,-0.1%,-0.1% ,
8e9424fc-2c0c-43f5-b8f8-bde3fc550fb1,06/10/2009,11:30,Manufacturing Production (YoY) (Apr),MEDIUM,GBP,-13.2%,-,-12.6%,-12.9% ,
a2ccedf0-46b7-41da-93c6-673942fcd23c,06/10/2009,11:30,Trade Balance; non-EU (Apr),MEDIUM,GBP,£-3B,-1.41,£-2.4B,£-4.31B,
4a4bf5a5-5a38-496e-92aa-1c4c886b806e,06/10/2009,14:00,MBA Mortgage Applications,LOW,USD,-7.2%,-,-,-16.2%,
c8b290d6-4e19-4b62-93d4-6593e19b57fb,06/10/2009,15:30,International Merchandise Trade (Apr),MEDIUM,CAD,$-0.542B,-0.91,$0.8B,$1.08B,
f703e488-d28f-4a57-bc6d-95c017520a30,06/10/2009,15:30,New Housing Price Index (MoM) (Apr),LOW,CAD,-0.6%,-,-0.3%,-0.5%,
66c01cec-21d0-4805-bd94-cb31bc5c2f0d,06/10/2009,15:30,New Housing Price Index (YoY) (Discontinued) (Apr),LOW,CAD,-3%,-,-,-2.4%,
b1db448a-3a5d-49cb-9326-27c7d63c164b,06/10/2009,15:30,Goods and Services Trade Balance (Apr),HIGH,USD,$-28.79B,0.00,$-28.8B,$-30.2B,
5fa927e2-265f-4ad0-90da-4342f3262889,06/10/2009,17:30,Interest Rate Decision,NONE,BRL,9.25%,-,-,10.25%,
22b08054-c611-4d8c-8ede-4187cfd023e5,06/10/2009,17:30,EIA Crude Oil Stocks Change,LOW,USD,-4.4M,-,0.1M,2.9M,
d468deba-df65-4d3e-82b6-fbfb5083d466,06/10/2009,21:00,Fed's Beige Book,MEDIUM,USD,,,,,REPORT
e5686294-2931-40c7-bc5f-8e2e1593e1d4,06/10/2009,21:00,Monthly Budget Statement (May),LOW,USD,$-189.7B,-,$-187.6B,$-20.9B,
32df29ee-37d2-4d1f-99d5-4da460cdd190,06/11/2009,00:00,RBNZ Interest Rate Decision,MEDIUM,NZD,2.5%,-,2.25%,2.5%,
4a8ccc29-ff67-4bff-949a-bab92d28a94b,06/11/2009,00:45,Terms of Trade Index (Q1),NONE,NZD,-2.7%,-,-,-1%,
f7cbcd6c-7223-4421-b880-88e7b4d85d4d,06/11/2009,02:01,NIESR GDP Estimate (3M) (May),MEDIUM,GBP,-1.3%,-,-,-1.5%,
b0cc9103-ad6b-4234-ac49-9fdd3cf180ab,06/11/2009,02:50,Gross Domestic Product (QoQ) (Q1),LOW,JPY,0.9%,4.00,-4%,-4%,
f8b8befd-c2c3-4c07-9a11-d3b8b01a8555,06/11/2009,02:50,Gross Domestic Product Annualized (Q1),LOW,JPY,4.8%,3.17,-14.9%,-15.2%,
381dedd2-8469-4944-832f-a155bee71f58,06/11/2009,04:00,Consumer Inflation Expectations (Jun),MEDIUM,AUD,2.8%,-,-,2.3%,
2454008a-a970-4fc1-b933-d6811ee04a0c,06/11/2009,04:30,Employment Change s.a. (May),MEDIUM,AUD,-7.505K,-,-30K,27.3K,
309b7bfc-a0d4-4242-94f7-2ca64ff77e0f,06/11/2009,04:30,Unemployment Rate s.a. (May),MEDIUM,AUD,5.8%,-,5.7%,5.4%,
6fa3937a-8bed-47f7-af32-756f7eebb096,06/11/2009,11:00,ECB Monthly Report,MEDIUM,EUR,,,,,REPORT
0ad67d43-f9ea-4b44-a81d-37178ed340d9,06/11/2009,15:30,Capacity Utilization (Q1),LOW,CAD,69.9%,-,71.6%,78.7% ,
3743feee-5057-4427-8ebd-b7232d2b4fa3,06/11/2009,15:30,Continuing Jobless Claims,LOW,USD,6.816M,-,6.78M,6.735M,
5c5a7301-7d15-4dc9-abe2-54a73171debe,06/11/2009,15:30,Initial Jobless Claims,LOW,USD,605K,-,614K,621K,
09053fa8-a5a4-418a-94c8-e551c5255f10,06/11/2009,15:30,Retail Sales (MoM) (May),HIGH,USD,0.5%,0.06,0.4%,0.5% ,
c38c3542-a277-49e3-a065-735f67340c06,06/11/2009,15:30,Retail Sales ex Autos (MoM) (May),HIGH,USD,0.4%,0.14,0.2%,0.4% ,
cdd35787-4d2c-434f-8528-ced7cc6ea031,06/11/2009,17:00,Business Inventories (Apr),LOW,USD,-1.3%,-0.87,-1%,-1.5% ,
666cfc58-bb62-4740-abff-e1bdf9a47dbc,06/11/2009,20:05,Fed's Lockhart speech,LOW,USD,,,,,SPEECH
72f05bc9-325f-4823-9a36-f70e5b526c81,06/12/2009,01:45,Food Price Index (MoM) (May),LOW,NZD,0.3%,-,-,-0.6%,
427ea7f4-cfc1-4e27-9ee8-7b13ae0165ab,06/12/2009,01:45,Retail Sales (QoQ) (Q2),LOW,NZD,0.5%,-,0.2%,-0.4% ,
8a50d05d-cf69-4a7e-acab-ef4829697339,06/12/2009,01:45,Retail Sales ex Autos (QoQ) (Q2),MEDIUM,NZD,0%,-,0.4%,0.5%,
e8c2512c-7d24-4ceb-a630-584b2df8ab05,06/12/2009,03:00,G20 Meeting,MEDIUM,EUR,-,-,-,-,
bb72ccaf-edbd-461c-9836-46fc16322b81,06/12/2009,03:00,G8 Meeting,MEDIUM,EUR,-,-,-,-,
f9b96b83-9264-40fe-a8de-a8f1a3602c7e,06/12/2009,07:30,Capacity Utilization (Apr),LOW,JPY,10.2%,-,-,1.5% ,
3a0f37b0-fc6e-4a71-987a-6df033462a78,06/12/2009,07:30,Industrial Production (MoM) (Apr),LOW,JPY,5.9%,-,5.2%,5.2%,
87256bcb-5839-4d62-a9b7-f34e1e91bc9d,06/12/2009,07:30,Industrial Production (YoY) (Apr),LOW,JPY,-29.5%,-,-,-31.2%,
b5d4fcc5-753c-42e0-9fe2-920f9296721b,06/12/2009,08:00,Consumer Confidence Index (May),LOW,JPY,36.3,1.67,34,32.1,
3abca229-47d8-4626-9b28-097c2b5592c5,06/12/2009,09:00,Wholesale Price Index (MoM) (May),LOW,EUR,0.1%,0,0.1%,0.1%,
66582df5-3ff3-46cb-8f42-409821d44e17,06/12/2009,09:00,Wholesale Price Index (YoY) (May),LOW,EUR,-8.9%,-,-9%,-8.1%,
105bc1ff-9b96-4565-bf30-fbfa24f36e13,06/12/2009,12:00,Industrial Production s.a. (MoM) (Apr),LOW,EUR,-0.8%,-,-0.5%,-1.4% ,
e549b573-9624-4d9b-bc55-07b966a50eb8,06/12/2009,12:00,Industrial Production w.d.a. (YoY) (Apr),LOW,EUR,-21.3%,-,-19.8%,-19.3% ,
40184a31-e66c-43c7-a166-34ed9d77eb84,06/12/2009,14:30,ECB's President Trichet speech,MEDIUM,EUR,,,,,SPEECH
9cd8dff9-8a82-4c1f-bdf7-3cc1e51183b7,06/12/2009,15:30,Import Price Index (MoM) (May),MEDIUM,USD,1.4%,-0.22,1.5%,1.1%,
fd79507c-3f42-4ee0-b694-8a2d7b10a3fa,06/12/2009,15:30,Import Price Index (YoY) (May),MEDIUM,USD,-17.6%,-,-,-16.4%,
aa6dcd94-c68d-43e1-aff5-3b70aa16f828,06/12/2009,16:55,Michigan Consumer Sentiment Index (Jun) PREL,MEDIUM,USD,69,-,68.6,68.7,
32846e42-d8bb-4550-98c5-52947c53187b,06/12/2009,18:30,ECB's President Trichet speech,MEDIUM,EUR,,,,,SPEECH
d4e8583d-4135-4df5-96d4-6203f065af92,06/13/2009,03:00,G8 Meeting,MEDIUM,EUR,,,,,ALL DAY
cde94461-0072-4be2-88cf-87a3aeee4b61,06/15/2009,10:15,Producer and Import Prices (MoM) (May),LOW,CHF,-0.3%,-,0.1%,-0.2%,
df891829-2ccf-4a71-8044-fa688fdaea30,06/15/2009,10:15,Producer and Import Prices (YoY) (May),LOW,CHF,-5%,-,-4.7%,-3.6%,
a2523b0c-ade4-401a-80a4-f3b030736ffb,06/15/2009,12:00,Employment Change (QoQ) (Q1),MEDIUM,EUR,-0.8%,-,-,-0.4% ,
6e208ffa-bf04-4a6c-a3d5-555d05284d66,06/15/2009,12:00,Employment Change (YoY) (Q1),MEDIUM,EUR,-1.3%,-,-,-0.1%,
0a8351ce-5d41-4e65-8b35-876fa28f6571,06/15/2009,15:30,Manufacturing Sales (MoM) (Apr),LOW,CAD,-0.2%,-0.07,0%,-3.2% ,
4dcfaf48-379d-47ca-b594-2253fbbc0257,06/15/2009,15:30,New Motor Vehicle Sales (MoM) (Apr),NONE,CAD,-0.1%,-,0.1%,6.3% ,
19b392b8-6365-4d4c-b23d-1d3c083b6b24,06/15/2009,15:30,NY Empire State Manufacturing Index (Jun),MEDIUM,USD,-9.41,-0.30,-6,-6,
f050ba31-315c-4de2-a29d-ecdb1b9867d3,06/15/2009,16:00,Net Long-Term TIC Flows (Apr),MEDIUM,USD,$11.5B,-1.02,$60.1B,$60.8B,
d97582a8-6d1e-41c0-a703-3df2d03126b5,06/15/2009,16:00,Total Net TIC Flows (Apr),MEDIUM,USD,$-53.2B,-,-,$57.7B,
ff7e1099-513c-4c71-b2bd-3314c6799ee4,06/15/2009,17:00,Treasury's Geithner speech,MEDIUM,USD,,,,,SPEECH
b7a078d8-afad-45e4-b158-af9ab2c7fb54,06/15/2009,20:00,NAHB Housing Market Index (Jun),LOW,USD,15,-,17,16,
b74e67b1-68df-47bd-93f2-8b436dee4a7d,06/16/2009,04:30,RBA Meeting Minutes,MEDIUM,AUD,,,,,REPORT
7b034510-5e06-4f85-80fa-9953e4c05095,06/16/2009,07:28,BoJ Interest Rate Decision,HIGH,JPY,0.1%,0,0.1%,0.1%,
4fefa935-276b-4da6-9065-baf6a4c49700,06/16/2009,10:15,Industrial Production (QoQ) (Q1),LOW,CHF,-13.1%,-,-11.7%,0.1% ,
517e806b-3433-4b88-bdbc-74e7eb880fa1,06/16/2009,10:15,Industrial Production (YoY) (Q1),LOW,CHF,-9.5%,0.20,-10%,-5.4% ,
bf6ffe9a-9514-450b-b049-315adf138308,06/16/2009,11:30,Consumer Price Index (MoM) (May),MEDIUM,GBP,0.6%,-,0.3%,0.2%,
58bb0f6f-48d3-4928-bdc6-1edbfd019af1,06/16/2009,11:30,Consumer Price Index (YoY) (May),MEDIUM,GBP,2.2%,-,1.9%,2.3%,
c5837ce0-6381-4e36-835b-1adcdf39905b,06/16/2009,11:30,Core Consumer Price Index (YoY) (May),MEDIUM,GBP,1.6%,-,1.5%,1.5%,
5450d1de-195d-43f3-a4dd-90bd0d01b082,06/16/2009,11:30,Retail Price Index (MoM) (May),MEDIUM,GBP,0.6%,-,0.2%,0.1%,
f4037a00-0109-4ff0-ae9f-7315c48c49fd,06/16/2009,11:30,Retail Price Index (YoY) (May),MEDIUM,GBP,-1.1%,-,-1.5%,-1.2%,
cbb5c54d-6440-4db9-82f9-1f283152cb9b,06/16/2009,12:00,ZEW Survey – Economic Sentiment (Jun),HIGH,EUR,44.8,-,35.2,31.1,
dafb8179-50bb-4824-a414-656b6fcfaea9,06/16/2009,12:00,Core Harmonized Index of Consumer Prices (YoY) (May),MEDIUM,EUR,1.5%,-,1.6%,1.8%,
f107db78-a5ca-4155-bcb7-d8c39862a4c2,06/16/2009,12:00,Harmonized Index of Consumer Prices (MoM) (May),MEDIUM,EUR,0.1%,-,0%,0.4%,
8311773e-b090-4f39-a679-e379d6c8aecc,06/16/2009,12:00,Harmonized Index of Consumer Prices (YoY) (May),MEDIUM,EUR,0%,-,0%,0%,
0102c976-bbf7-4b51-8053-55f5d7d70053,06/16/2009,12:00,ZEW Survey – Economic Sentiment (Jun),NONE,EUR,42.7,-,-,28.5,
6b3c45a4-bca5-4d66-9884-da46e97baefb,06/16/2009,15:30,Labor Productivity (QoQ) (Q1),LOW,CAD,-0.1%,-,-0.2%,-0.6% ,
2c82dc5d-b962-4b25-98de-c96dbabe7f82,06/16/2009,15:30,Building Permits (MoM) (May),LOW,USD,0.518M,-,-,0.521M,
b3ededab-d347-4698-aef9-e822d9cec021,06/16/2009,15:30,Housing Starts (MoM) (May),MEDIUM,USD,0.53M,0.70,0.48M,0.478M,
5207242f-b914-41c5-9950-c4e5f603a9ce,06/16/2009,15:30,Producer Price Index (MoM) (May),MEDIUM,USD,0.2%,-,0.6%,0.3%,
fcc6f823-1a41-4aa5-a408-367551391664,06/16/2009,15:30,Producer Price Index (YoY) (May),LOW,USD,-5%,-,-4.4%,-3.7%,
1c251930-d883-4aa0-9b21-e849092b582a,06/16/2009,15:30,Producer Price Index ex Food & Energy (MoM) (May),MEDIUM,USD,-0.1%,-,0.1%,0.1%,
a76195c3-6994-4fd5-9cfc-cee3c2be3521,06/16/2009,15:30,Producer Price Index ex Food & Energy (YoY) (May),MEDIUM,USD,3%,-,3.2%,3.4%,
7a5f4bcb-acbf-4d3d-82bc-d9fca013d6c1,06/16/2009,16:15,Capacity Utilization (May),LOW,USD,68.2%,-0.36,68.4%,67.7% ,
15c0fd76-9f89-4c0c-ba18-6e13842967e6,06/16/2009,16:15,Industrial Production (MoM) (May),LOW,USD,-1.2%,-0.20,-1.1%,-0.8% ,
0fc3d3d5-8c54-4d70-b4a1-d7a83cdf62b4,06/17/2009,03:30,Westpac Leading Index (MoM) (May),LOW,AUD,-0.07%,-,-,-0.38% ,
125abad0-f43b-4247-b984-6aa16f62e46a,06/17/2009,04:30,Dwelling Unit Starts (QoQ) (Q1),LOW,AUD,-4%,-,-3.1%,-9.9% ,
50b53291-e754-4f99-a4ad-8fb92e9f345d,06/17/2009,08:00,BoJ Monthly Economic Survey,MEDIUM,JPY,,,,,REPORT
382e0d2d-b0d6-4fbe-8213-87653823716c,06/17/2009,08:45,SECO Economic Forecasts,LOW,CHF,,,,,REPORT
58931acc-48f0-4422-88e8-4ac8af55b11e,06/17/2009,09:00,Machine Tool Orders (YoY) (May),LOW,JPY,-79.2%,-,-,-79.3%,
e255fa67-c353-477d-a179-66b45f241a14,06/17/2009,10:15,Real Retail Sales (YoY) (Apr),LOW,CHF,9.4%,-,0.5%,-6.7%,
0898ee1e-5a8e-43a5-9701-34a409fd8a81,06/17/2009,11:30,Average Earnings Excluding Bonus (3Mo/Yr) (Apr),LOW,GBP,2.7%,-,2.8%,3%,
5787cb00-1977-458e-b075-dfd6771aa65c,06/17/2009,11:30,Average Earnings Including Bonus (3Mo/Yr) (Apr),LOW,GBP,0.4%,-,0.2%,-0.3% ,
23084b29-991e-4882-82f5-cc92604e320d,06/17/2009,11:30,BoE Minutes,HIGH,GBP,,,,,REPORT
ca7baba4-89ee-4d00-9e81-f213d581ef11,06/17/2009,11:30,Claimant Count Change (May),LOW,GBP,33.7K,-,60K,57.1K,
62e7ebba-9c5b-4860-ac06-02e16637ce08,06/17/2009,11:30,Claimant Count Rate (May),LOW,GBP,4.8%,-,4.9%,4.7%,
3a733d95-b153-4221-87c8-4012f0d40345,06/17/2009,11:30,ILO Unemployment Rate (3M) (Apr),MEDIUM,GBP,7.2%,-,7.3%,7.1%,
dc5ff203-4032-4671-8450-d6149ab8a0c5,06/17/2009,12:00,ZEW Survey – Expectations (Jun),LOW,CHF,9.7,-,-,-3.9,
ce352669-82fe-4039-84cd-66b019cbd0dd,06/17/2009,12:00,Construction Output s.a (MoM) (Apr),LOW,EUR,0.4%,-,-,0.3% ,
ba356736-2159-484c-b06c-6f6b856e7686,06/17/2009,12:00,Construction Output w.d.a (YoY) (Apr),LOW,EUR,-5%,-,-,-7.1% ,
bcb02465-c685-4e04-9f80-c096e50dca61,06/17/2009,12:00,Trade Balance n.s.a. (Apr),LOW,EUR,€1.928B,-,€-1.5B,€0.4B,
8415fc68-29e2-4901-9c98-84c519a510e3,06/17/2009,12:00,Trade Balance s.a. (Apr),LOW,EUR,€0.7B,-,€-1.5B,€-2.1B,
85a4b841-c533-4dbf-b46a-dec15f64d305,06/17/2009,12:00,CBRT Interest Rate Decision,LOW,TRY,8.75%,-,-,9.25%,
18a279e7-8783-41be-8cc1-4d4c0a964eeb,06/17/2009,14:00,MBA Mortgage Applications,LOW,USD,-15.8%,-,-,-7.2%,
069dfa7b-b9cc-4271-b650-bd8e1f2885c8,06/17/2009,15:30,Leading Indicators (MoM) (May),LOW,CAD,-0.1%,-,-0.6%,-1.1% ,
5876b07d-3a45-4d49-a723-e7d34e69e228,06/17/2009,15:30,Wholesale Sales (MoM) (Apr),LOW,CAD,-0.6%,-,-0.5%,-0.6% ,
40184cbf-9ce5-4858-8769-60fbb441925e,06/17/2009,15:30,Consumer Price Index (MoM) (May),MEDIUM,USD,0.1%,-1.83,0.3%,0.1% ,
9789a3ba-183c-498d-8146-5f23c7774b7f,06/17/2009,15:30,Consumer Price Index (YoY) (May),MEDIUM,USD,-1.3%,-,-0.9%,-0.7%,
844984ce-71a8-458d-8e67-debb19232318,06/17/2009,15:30,Consumer Price Index ex Food & Energy (MoM) (May),MEDIUM,USD,0.1%,0.00,0.1%,0.2% ,
40f48ff1-868f-4547-be3b-3c297d50a45b,06/17/2009,15:30,Consumer Price Index ex Food & Energy (YoY) (May),MEDIUM,USD,1.8%,0,1.8%,1.9%,
6b5ae5ec-0cc0-4cb4-946a-57535c170fdb,06/17/2009,15:30,Current Account (Q1),LOW,USD,$-104.5B,-1.75,$-85B,$-156.2B,
705ab1f5-f001-4b10-a290-f1e71ff31be7,06/17/2009,17:30,EIA Crude Oil Stocks Change,LOW,USD,-3.9M,-,-1.8M,-4.4M,
3a7d3d44-5c97-44c9-a9dd-666ce55e0e74,06/17/2009,19:00,Former Fed's Chair Bernanke speech,MEDIUM,USD,,,,,SPEECH
29c6c6f7-1155-492d-adcc-33c596b3d9d5,06/18/2009,10:30,SNB Interest Rate Decision,HIGH,CHF,0.25%,0,0.25%,0.25%,
7b7a8cf6-2d14-4d8e-a59b-7e10a7fdb498,06/18/2009,11:30,CML Gross Mortgage Lending s.a. (May),NONE,GBP,£10.3B,-,-,£10.4B,
06200647-a982-4429-b382-8b2737a1d278,06/18/2009,11:30,M4 Money Supply (MoM) (May) PREL,LOW,GBP,0.2%,-,0.7%,0.2%,
5af4d408-fd93-4374-afe1-b30536b14f0a,06/18/2009,11:30,M4 Money Supply (YoY) (May) PREL,LOW,GBP,16.6%,-,17.3%,17.4%,
a396dd82-5f66-4e6c-bd03-a82e6277894c,06/18/2009,11:30,Public Sector Net Borrowing (May),LOW,GBP,£19.9B,-,£18.9B,£8.5B,
24b48fcd-0d81-4b9e-b45c-15b96b188ab1,06/18/2009,11:30,Retail Sales (MoM) (May),MEDIUM,GBP,-0.6%,-,0.5%,0.9%,
c571fe20-fbcd-40be-998c-5c3679b42c53,06/18/2009,11:30,Retail Sales (YoY) (May),MEDIUM,GBP,-1.6%,-,-0.1%,2.6%,
b5af280b-c0cf-4360-a541-00a3a8d42fd3,06/18/2009,13:00,CBI Industrial Trends Survey – Orders (MoM) (Jun),LOW,GBP,-51%,-,-45%,-56%,
cf288c35-0250-4c98-994a-7fe37fb420bb,06/18/2009,14:00,BoC Consumer Price Index Core (MoM) (May),MEDIUM,CAD,0.4%,-,0.1%,0.1%,
1211dc85-76e4-47c4-be62-9fa117b3e266,06/18/2009,14:00,BoC Consumer Price Index Core (YoY) (May),MEDIUM,CAD,2%,-,1.6%,1.8%,
1b8a02de-2c09-4e1d-adcd-705a166ddafb,06/18/2009,14:00,Consumer Price Index (MoM) (May),MEDIUM,CAD,0.7%,-,0.3%,-0.1%,
65ba8604-aef6-4eab-bf89-be4c300dbef5,06/18/2009,14:00,Consumer Price Index (YoY) (May),MEDIUM,CAD,0.1%,-,-0.3%,0.4%,
38eafd80-a5e3-4310-94f5-1c71b5062f43,06/18/2009,14:00,Norges Bank Interest Rate Decision,NONE,NOK,1.25%,-,-,1.5%,
9663ff9c-25fa-4c7b-a949-89e2bca0f1ba,06/18/2009,15:30,Continuing Jobless Claims,LOW,USD,6.687M,-,6.84M,6.816M,
b2bd2604-f372-4a11-b84c-7c4990719937,06/18/2009,15:30,Initial Jobless Claims,LOW,USD,608K,-,610K,601K,
7bed555a-8581-45ba-8443-fb5c07d0af99,06/18/2009,16:30,Treasury's Geithner speech,MEDIUM,USD,,,,,SPEECH
d4b448a0-e32d-463a-8dbc-47595510a3d8,06/18/2009,17:00,Philadelphia Fed Manufacturing Survey (Jun),MEDIUM,USD,-2.2,1.58,-18,-22.4,
a70c5de1-277e-4ae4-95d7-f4905526f5e8,06/19/2009,02:50,BoJ Minutes,MEDIUM,JPY,,,,,REPORT
aab9f8aa-1fcd-4973-930a-83ec038c8243,06/19/2009,09:00,Producer Price Index (MoM) (May),LOW,EUR,0%,-,0%,-1.4%,
4827a198-c803-4f05-8db2-809b3742b5a2,06/19/2009,09:00,Producer Price Index (YoY) (May),LOW,EUR,-3.6%,0,-3.6%,-2.7%,
a4a1b3f2-133d-4f27-b58b-8b54dc5e55ff,06/19/2009,15:30,Retail Sales (MoM) (Apr),LOW,CAD,-0.6%,-,-0.1%,0.3%,
05086d13-884b-4274-bbf7-084d18699103,06/19/2009,15:30,Retail Sales ex Autos (MoM) (Apr),LOW,CAD,-0.5%,-,-0.1%,-0.2% ,
f08ead5c-d67a-443a-8e2d-417798f71f99,06/21/2009,12:00,CBE Interest Rate Decision,NONE,EGP,9%,-,-,9.5%,
1f14a91e-36a3-48f4-ba07-02ad0f3f0ebe,06/22/2009,01:45,Visitor Arrivals (YoY) (May),LOW,NZD,0.2%,-,-,9.2% ,
cb8b3e90-3be7-4f08-87a1-7b27c9bd7698,06/22/2009,02:01,Rightmove House Price Index (MoM) (Jun),LOW,GBP,-0.4%,-,-,1.2% ,
304a25c8-8b13-4425-8082-8aa45ab79342,06/22/2009,02:01,Rightmove House Price Index (YoY) (Jun),LOW,GBP,-3.1%,-,-,-5.4% ,
4d58a554-e8b8-4e5d-91c8-18fff8bb90b8,06/22/2009,02:50,BSI Large Manufacturing Conditions Index (QoQ) (Q2),LOW,JPY,-13.2,-,-,-66,
37677d7d-7988-4e34-8c02-be22752bb7fb,06/22/2009,02:50,Tertiary Industry Index (MoM) (Apr),LOW,JPY,2.2%,-,2.3%,-4% ,
755b210a-ba6f-4b52-acf9-394c20ccb0e8,06/22/2009,04:30,New Motor Vehicle Sales (MoM) (May),LOW,AUD,5.4%,-,-,0.9% ,
6f5fc934-4137-4173-91df-3e374b5eae95,06/22/2009,04:30,New Motor Vehicle Sales (YoY) (May),LOW,AUD,-12.2%,-,-,-20.3% ,
324c366e-ca3a-49f4-a60c-c9e468e648ad,06/22/2009,11:00,IFO – Business Climate (Jun),MEDIUM,EUR,86.1,-,85.1,84.2,
34ef36f3-8e12-4206-a7ca-5d5f4ba83986,06/22/2009,11:00,IFO – Expectations (Jun),MEDIUM,EUR,89.9,-,87,85.9,
51bfb7c0-395a-4e9a-9832-37d6682414d7,06/22/2009,15:30,Canadian Portfolio Investment in Foreign Securities (Apr),MEDIUM,CAD,$-1.48B,-,-,$6.17B,
57d46b74-a86a-46ae-acdb-de4c6d0015b6,06/22/2009,15:30,Foreign Portfolio Investment in Canadian Securities (Apr),MEDIUM,CAD,$9.032B,-,-,$7.59B,
9c3ad6b2-cca9-4bea-80fd-786146b47a10,06/23/2009,08:00,Coincident Index (Apr),LOW,JPY,86,-,-,85.8,
cc4779c3-da51-4b3f-a846-b5faf9fe4b48,06/23/2009,08:00,Leading Economic Index (Apr),MEDIUM,JPY,76.2,-,-,76.5,
724297e3-c66e-4965-b853-09999994587e,06/23/2009,09:00,GfK Consumer Confidence Survey (Jul),LOW,EUR,3,-,2.5,2.5,
70893970-8ec9-4fd4-90ed-55b0d67daed5,06/23/2009,09:15,Trade Balance (May),LOW,CHF,2M,-,1.86M,2.56M,
e467dae6-e6da-48a5-b615-16b0babea7d6,06/23/2009,10:30,HCOB Manufacturing PMI (Jun) PREL,MEDIUM,EUR,-,-,40.9,-,
86767c45-4b62-4163-b741-48b667914912,06/23/2009,10:30,HCOB Services PMI (Jun) PREL,MEDIUM,EUR,-,-,46,-,
33e31b09-5df6-4b2e-a92a-51eb57795065,06/23/2009,11:00,HCOB Manufacturing PMI (Jun) PREL,LOW,EUR,-,-,42,-,
86747adf-60eb-4880-88c7-da05ed7d8403,06/23/2009,11:00,HCOB Services PMI (Jun) PREL,LOW,EUR,-,-,45.6,-,
9e6ed284-608f-4973-b6eb-0a20bf63b529,06/23/2009,11:30,BBA Mortgage Approvals (May),LOW,GBP,34.034K,-,29.5K,29K,
a20cf9b3-e9ce-48e9-8926-184234183b74,06/23/2009,17:00,Existing Home Sales (MoM) (May),MEDIUM,USD,4.77M,-0.12,4.8M,3.9M,
4a58a831-3966-4bf1-92a8-3fba04da211a,06/23/2009,17:00,Existing Home Sales Change (MoM) (May),MEDIUM,USD,2.4%,-0.04,2.6%,1% ,
96cf2181-635b-469d-9d7c-8685cda19999,06/23/2009,17:00,Housing Price Index (MoM) (Apr),MEDIUM,USD,-0.3%,0.00,-0.3%,-1.2% ,
b6d16acd-8577-4752-9c86-966447e67131,06/23/2009,17:00,Richmond Fed Manufacturing Index (Jun),LOW,USD,6,0.00,6,-14,
04237186-df75-4c60-ba2a-d6d3e2db6fd1,06/24/2009,02:50,Adjusted Merchandise Trade Balance (May),LOW,JPY,¥309.5B,-,¥250B,¥-52.1B,
75d65b0d-c30d-45cf-bc10-437401fb78ad,06/24/2009,02:50,Corporate Service Price Index (YoY) (May),LOW,JPY,-3%,-0.86,-2.8%,-1.3% ,
3cb4d6e0-449b-4d5c-99ad-9d5f476fcddd,06/24/2009,02:50,Merchandise Trade Balance Total (May),LOW,JPY,¥298.2B,0.81,¥220B,¥49B,
4730caf7-e96e-4a7b-bf4b-c98829efb1f1,06/24/2009,11:00,Current Account n.s.a (Apr),LOW,EUR,€-9.317B,-,-,€-1.4B,
aee7afce-ef05-4900-9d6e-d07ddd4ef5b0,06/24/2009,11:00,Current Account s.a (Apr),MEDIUM,EUR,€-4.887B,-,-,€-3.4B,
4a440890-c59b-4c79-bb49-8959c72175e3,06/24/2009,13:00,CBI Distributive Trades Survey – Realized (MoM) (Jun),LOW,GBP,-17%,-,-,-17%,
613e028f-d5b0-4a42-a7f1-4b3b8073e3c8,06/24/2009,14:00,MBA Mortgage Applications,NONE,USD,6.6%,-,-,-15.8%,
ea9bb6af-ece3-47ef-8748-507b1207a76e,06/24/2009,15:30,Durable Goods Orders (May),MEDIUM,USD,1.3%,0.87,-0.9%,-0.2% ,
430a2c3d-8c39-4681-8252-31665b67291b,06/24/2009,15:30,Durable Goods Orders ex Transportation (May),MEDIUM,USD,1.1%,0.53,-0.5%,-2.3% ,
b70f640d-1f47-4ba9-aabd-69fd6e922a73,06/24/2009,17:00,New Home Sales (MoM) (May),MEDIUM,USD,0.342M,-0.52,0.36M,0.337M,
a00b335c-47cd-40c4-ad0c-0ab5090d10ba,06/24/2009,17:00,New Home Sales Change (MoM) (May),MEDIUM,USD,-0.6%,-0.47,2.3%,-0.6% ,
712bdfe7-8429-4480-b0c6-f30530c9ceaa,06/24/2009,17:30,EIA Crude Oil Stocks Change,MEDIUM,USD,-3.8M,-,-,-3.9M,
28ed8910-9872-42a4-9b1a-de7db3fc8fd2,06/24/2009,21:15,Fed Interest Rate Decision,HIGH,USD,0.25%,0,0.25%,0.25%,
b86d30cc-af07-4978-82d2-ea35342e1893,06/25/2009,01:45,Current Account (QoQ) (Q1),LOW,NZD,$-0.68B,-,$-1.31B,$-3.893B,
e669427c-7087-4814-89d8-4886a3cc9788,06/25/2009,04:30,RBA Foreign Exchange Transaction (May),LOW,AUD,"1,433M",-,-,512M,
76f725d3-228e-4f2e-8717-938fae7d713a,06/25/2009,12:00,Industrial New Orders (YoY) (Apr),LOW,EUR,-30.4%,-,-32.8%,-26.5% ,
c7785b63-9a17-4bc3-b285-370473dafc0a,06/25/2009,12:00,Industrial New Orders s.a. (MoM) (Apr),LOW,EUR,-0.7%,-,0%,-0.2% ,
b8455e1e-5e20-4eff-a790-e44bb012db91,06/25/2009,15:30,Continuing Jobless Claims,LOW,USD,6.755M,-,6.714M,6.687M,
1690ca4b-d9cb-4141-90fb-872cce183c51,06/25/2009,15:30,Core Personal Consumption Expenditures (QoQ) (Q1),MEDIUM,USD,0.6%,-,1.5%,1.5%,
db2e667d-47fc-4c18-ac9c-108ab182700a,06/25/2009,15:30,Gross Domestic Product Annualized (Q1),HIGH,USD,-6.4%,-,-5.7%,-5.7%,
71caa5d2-b8e5-49e5-a6db-49a8bf3caecd,06/25/2009,15:30,Gross Domestic Product Price Index (Q1),MEDIUM,USD,-1.4%,-,-1%,-1%,
0d910ce0-615e-4d69-907b-87699c2d018e,06/25/2009,15:30,Initial Jobless Claims,LOW,USD,630K,-,602K,608K,
0db1e810-f785-436f-9e8c-6de41bf5b198,06/25/2009,17:00,Fed's Chair Bernanke testifies,MEDIUM,USD,,,,,SPEECH
270a6439-249c-40ce-a30d-ca04f79ac1a8,06/26/2009,01:45,Gross Domestic Product (QoQ) (Q1),MEDIUM,NZD,-0.8%,-1.34,-0.7%,-0.6% ,
8a1522ea-cada-4217-90b0-a75826815efd,06/26/2009,02:30,National Consumer Price Index (YoY) (May),LOW,JPY,-1.1%,0,-1.1%,-0.1%,
4bd7659f-64a2-421a-aa7e-1cd88fdcf337,06/26/2009,02:30,"National CPI ex Food, Energy (YoY) (May)",MEDIUM,JPY,-0.5%,0.00,-0.5%,0.2% ,
1d758cee-2639-4fcb-9bf0-b4e9ae7e5217,06/26/2009,02:30,National CPI ex Fresh Food (YoY) (May),MEDIUM,JPY,-1.1%,0,-1.1%,-0.1%,
9daf8c5d-e817-49f6-83e3-580fbe2589f6,06/26/2009,02:30,Tokyo Consumer Price Index (YoY) (Jun),LOW,JPY,-1.5%,-,-,-0.8%,
fa09fa14-4a52-4fde-9a86-0eacb6db6520,06/26/2009,02:30,"Tokyo CPI ex Food, Energy (YoY) (Jun)",MEDIUM,JPY,-1%,-0.60,-0.9%,-0.4% ,
08cda156-556b-460e-a2ed-d5853d38548a,06/26/2009,02:30,Tokyo CPI ex Fresh Food (YoY) (Jun),LOW,JPY,-1.3%,-,-0.1%,-0.7%,
6b09ad2e-29b1-44ef-85c9-775aa9b7790a,06/26/2009,02:50,All Industry Activity Index (MoM) (Apr),LOW,JPY,2.6%,-,2.1%,-2.4% ,
02b84989-e2d1-4c16-a2aa-70a0ff142609,06/26/2009,12:30,KOF Leading Indicator (Jun),LOW,CHF,-1.49,-,-1.75,-1.86,
09910233-b66b-487d-9878-e04d2e409ffd,06/26/2009,15:30,Core Personal Consumption Expenditures - Price Index (MoM) (May),HIGH,USD,0.1%,0.00,0.1%,0.2% ,
b2f74636-783f-422c-b127-0957daba1499,06/26/2009,15:30,Core Personal Consumption Expenditures - Price Index (YoY) (May),HIGH,USD,1.8%,0,1.8%,1.9%,
e3c1b662-7424-4544-8e28-104ab254370d,06/26/2009,15:30,Personal Consumption Expenditures - Price Index (MoM) (May),HIGH,USD,0.1%,-1.07,0.4%,0.2% ,
eb6c5fef-fb00-4566-9559-99d368dd757a,06/26/2009,15:30,Personal Consumption Expenditures - Price Index (YoY) (May),MEDIUM,USD,-0.2%,-1.47,0.1%,-0.4% ,
1f08ddca-d717-49dd-aa68-2c1698acf2fe,06/26/2009,15:30,Personal Income (MoM) (May),LOW,USD,1.3%,2.59,0.3%,0.6% ,
42eadf4d-fb9a-4de0-a1f3-0a2cd57337f7,06/26/2009,15:55,Consumer Price Index (MoM) (Jun) PREL,LOW,EUR,0.4%,-,0.2%,-0.1%,
1d11d90e-6d9d-42fd-ac9e-147eeccac484,06/26/2009,15:55,Consumer Price Index (YoY) (Jun) PREL,LOW,EUR,0.1%,-,-0.1%,0%,
d7a2128e-8b64-4ed1-854d-810d02f3e4b5,06/26/2009,17:00,Michigan Consumer Sentiment Index (Jun),MEDIUM,USD,70.8,-,69,69,
bfd2b518-f432-4e8d-a49a-cefcedbf26d2,06/26/2009,21:00,Former Fed's Chair Bernanke speech,MEDIUM,USD,,,,,SPEECH
e279f846-7e69-44b5-985b-a46ab9886679,06/29/2009,01:45,Building Permits s.a. (MoM) (May),LOW,NZD,3%,-,-,11.2% ,
36c77d0f-6eb3-41ac-99ed-ad5f7962c045,06/29/2009,01:45,Trade Balance NZD (MoM) (May),MEDIUM,NZD,$907M,1.36,$250M,$322M,
6016a898-50db-4689-ad09-371426fd0a8f,06/29/2009,02:50,Industrial Production (MoM) (May) PREL,LOW,JPY,5.9%,-,7%,5.9%,
f894bb1e-d811-4ca2-929e-49b2d8ef80c4,06/29/2009,02:50,Industrial Production (YoY) (May) PREL,LOW,JPY,-29.5%,-,-28.8%,-29.5%,
8c0089af-1ec0-4e26-bf03-0562a7c95d4c,06/29/2009,02:50,Large Retailer Sales (May),LOW,JPY,-6.5%,-,-6.2%,-6.7%,
432d7ceb-a51a-47e3-b586-238d12b61b27,06/29/2009,02:50,Retail Trade (YoY) (May),MEDIUM,JPY,-2.7%,-0.07,-2.6%,-2.7% ,
c456b3b3-c231-4fb1-b917-269b84f37797,06/29/2009,02:50,Retail Trade s.a (MoM) (May),MEDIUM,JPY,0.1%,-,0%,0.6%,
57f876d4-be54-47bc-aa81-0614a5f44c71,06/29/2009,06:00,M3 Money Supply (YoY) (May),LOW,NZD,5.6%,-,-,7.5% ,
ff44f7d9-df0d-41f3-90dd-d1e718cae494,06/29/2009,11:30,Consumer Credit (May),LOW,GBP,£0.3B,0,£0.3B,£0.3B,
0ca3137d-de99-4be6-b6e0-5863213cc7d5,06/29/2009,11:30,M4 Money Supply (MoM) (May),LOW,GBP,0.2%,-,-,0.2%,
db715182-5acb-470a-8754-f164abcfec7f,06/29/2009,11:30,M4 Money Supply (YoY) (May),LOW,GBP,16.7%,-,-,16.6%,
df4d4805-9486-4601-9602-8e3b1203e307,06/29/2009,11:30,Mortgage Approvals (May),LOW,GBP,44.16K,-,46K,43K,
2209b79d-e3ec-4cdc-a808-c9ec384bba5d,06/29/2009,11:30,Net Lending to Individuals (MoM) (May),LOW,GBP,£0.5B,-,£1.3B,£1.3B,
036e6fcb-1d3c-48b6-a8d1-cfe1dbd75f33,06/29/2009,12:00,Consumer Confidence (Jun),LOW,EUR,-25.2,-,-30,-28,
f98a4733-035a-4c45-a88a-73685c0e4e62,06/29/2009,12:00,Economic Sentiment Indicator (Jun),LOW,EUR,78.4,-,71,70.2,
9d5b9800-9603-4b6c-9cf3-417a46089bb9,06/29/2009,12:00,Industrial Confidence (Jun),LOW,EUR,-31.7,0.12,-32,-33.8,
6ea61b66-0729-427d-ab1d-bbe93b743852,06/30/2009,02:01,GfK Consumer Confidence (Jun),MEDIUM,GBP,-25,-,-,-27,
5652b373-9e8c-4ee5-8529-56f39ac35ae3,06/30/2009,02:15,Jibun Bank Manufacturing PMI (Jun),LOW,JPY,-,-,-,-,
feeae11f-a940-4354-b06f-a284d6390e59,06/30/2009,02:30,Overall Household Spending (YoY) (May),LOW,JPY,0.3%,-,-1.5%,-1.3%,
d67187ce-1396-4f4b-aa3b-02ae2b302cbf,06/30/2009,02:50,Unemployment Rate (May),MEDIUM,JPY,5.2%,0,5.2%,5%,
89ce1be0-1efe-4933-bf69-1e5e51daabe0,06/30/2009,04:00,HIA New Home Sales (MoM) (May),MEDIUM,AUD,-5.7%,-,-,0.5%,
94aef747-8944-4d5d-9c82-465f5abf8fa5,06/30/2009,04:30,Private Sector Credit (MoM) (May),LOW,AUD,-0.1%,-,0.2%,0.1%,
fc135d24-9f0a-49f5-9ff9-153737e97476,06/30/2009,04:30,Private Sector Credit (YoY) (May),NONE,AUD,3.9%,-0.15,4.2%,4.5% ,
8d143571-043b-4956-812b-530cdcf97ae4,06/30/2009,04:30,Labor Cash Earnings (YoY) (May),LOW,JPY,-2.5%,0.66,-3%,-2.7% ,
738ee3b4-b68f-40f4-ab19-0f5ff9b7203b,06/30/2009,06:00,ANZ Business Confidence (Jun),LOW,NZD,5.5,-,-,1.9,
e321ac5d-5868-473b-b569-e81fde0b03fc,06/30/2009,08:00,Annualized Housing Starts (May),LOW,JPY,0.746M,-0.83,0.8M,0.792M,
dc28a174-7530-494e-a0fb-58859fb31fc9,06/30/2009,08:00,Construction Orders (YoY) (May),LOW,JPY,-41.9%,-,-,-25.9%,
aafc987d-a5da-4d9b-b58d-a7e16ba500fd,06/30/2009,08:00,Housing Starts (YoY) (May),LOW,JPY,-30.8%,-,-27.8%,-32.4%,
e750719a-2bfd-47d4-8517-173201b0a4bf,06/30/2009,09:00,UBS Consumption Indicator (May),LOW,CHF,0.75,-,-,0.922,
78214a47-90bc-42c1-aade-6143ed2cf8d8,06/30/2009,09:01,Nationwide Housing Prices s.a (MoM) (Jun),LOW,GBP,0.9%,0.93,-0.4%,0.9% ,
5e520bea-9e2c-49a1-879e-19ddd629781b,06/30/2009,09:02,Nationwide Housing Prices n.s.a (YoY) (Jun),MEDIUM,GBP,-9.3%,-,-10.1%,-11.3%,
4124b12a-0573-46e2-af36-c92f10734f33,06/30/2009,10:55,Unemployment Change (Jun),LOW,EUR,24K,-,45K,7K,
ab80d706-0e29-4c1f-b7ac-5c4d176505bb,06/30/2009,10:55,Unemployment Rate s.a. (Jun),LOW,EUR,8.3%,0,8.3%,8.2% ,
0e6cde02-1a9d-4e81-a18a-74e7d2a165ef,06/30/2009,11:00,M3 Money Supply (YoY) (May),LOW,EUR,3.9%,-,4.6%,4.9%,
41b10820-7f32-41bb-b0f9-4d6b94757a8c,06/30/2009,11:30,Current Account (Q1),MEDIUM,GBP,£-4.1B,0.41,£-6.7B,£-16.236B,
5ddf9b0f-d120-49a3-ace1-3221bb71227c,06/30/2009,11:30,Gross Domestic Product (QoQ) (Q1),MEDIUM,GBP,-2.4%,-1.62,-2.1%,-1.9%,
6597e1c7-a9e5-40cd-9202-5dcd841dc7d2,06/30/2009,11:30,Gross Domestic Product (YoY) (Q1),MEDIUM,GBP,-4.9%,-,-4.3%,-4.1%,
f551c559-7ddf-49a8-95b5-d7ee4129b9d5,06/30/2009,11:30,Total Business Investment (QoQ) (Q1),LOW,GBP,-7.6%,-1.57,-5.5%,-5.5%,
4893495a-65c7-45a1-ad90-cce1f7be4755,06/30/2009,11:30,Total Business Investment (YoY) (Q1),LOW,GBP,-9.7%,-1.49,-6.8%,-6.8%,
2c2d6dfc-e9d9-4783-a649-50d5afe3f3ad,06/30/2009,12:00,Harmonized Index of Consumer Prices (YoY) (Jun) PREL,MEDIUM,EUR,-0.1%,-,-0.2%,0%,
150f242a-b7d6-407a-8369-0a0c5a8d75d4,06/30/2009,15:00,NBP Base rate,LOW,PLN,3.5%,-,-,3.75%,
e807a318-75ef-414e-a48a-ec99432ac32a,06/30/2009,15:30,Gross Domestic Product (MoM) (Apr),MEDIUM,CAD,-0.2%,-0.54,-0.1%,-0.8% ,
1cab0606-09c7-4c16-83a4-80dfda0096fa,06/30/2009,15:30,Industrial Product Price (MoM) (May),LOW,CAD,-1.1%,-1.33,-0.6%,-0.4% ,
2a5b826e-a414-46b7-ad5b-f10f5f39304a,06/30/2009,16:00,S&P/Case-Shiller Home Price Indices (YoY) (Apr),LOW,USD,-18.1%,-,-18.7%,-18.7%,
9b4074d4-e603-485a-ace2-779f846993de,06/30/2009,16:45,Chicago PMI (Jun),MEDIUM,USD,39.9,0.30,38.6,37.5,
2adc0fc4-f6bf-4bbd-b191-aad91f22ca97,06/30/2009,17:00,Consumer Confidence (Jun),MEDIUM,USD,49.3,-,55.1,54.9,
30303a02-6bbe-4090-8dac-79b14f970f30,07/01/2009,02:50,Tankan Large All Industry Capex (Q2),LOW,JPY,-9.4%,-,-6.9%,-6.6%,
6a951f4c-3152-4711-9d03-f4663dbb47ef,07/01/2009,02:50,Tankan Large Manufacturing Outlook (Q3),MEDIUM,JPY,-30,1.07,-34,-30,
560e1b61-ccd9-43c0-a18d-e051d65c0011,07/01/2009,02:50,Tankan Non - Manufacturing Index (Q2),LOW,JPY,-29,-,-27,-31,
6a1352f0-e412-45f7-bb3e-9473ad23f61a,07/01/2009,04:30,Building Permits (MoM) (May),NONE,AUD,-10%,-,3%,4.1% ,
877583a6-d130-4f82-baf4-b417374eec80,07/01/2009,04:30,Building Permits (YoY) (May),LOW,AUD,-11.57%,-,-6.9%,-16.1% ,
aa449ec7-660d-444c-8ec0-5604dfa78512,07/01/2009,04:30,Retail Sales s.a. (MoM) (May),MEDIUM,AUD,1.1%,-,0.5%,0.3%,
69533cc6-0bda-4c6b-9ac7-4584d194c85e,07/01/2009,08:00,Vehicle Sales (YoY) (Jun),LOW,JPY,-14%,-,-,-19.4%,
f42da468-9142-4620-b23c-5c573e6650cd,07/01/2009,09:00,Retail Sales (MoM) (May),LOW,EUR,-1.1%,-,-0.1%,0.5% ,
f7dfc511-adde-4f17-b038-1fef7d0800dd,07/01/2009,09:00,Retail Sales (YoY) (May),LOW,EUR,-2.9%,-,-,-0.8% ,
1e2de914-bd5a-4d8c-a9a3-583496baa6a6,07/01/2009,09:30,RBA Commodity Index SDR (YoY) (Jun),LOW,AUD,-29.3%,-,-,-23% ,
f5c64904-dbd8-4a83-8a9b-a0e9ed13621b,07/01/2009,10:30,SVME - Purchasing Managers' Index (Jul),MEDIUM,CHF,41.8,-,41,39.8,
fd9f06a7-567a-492d-9c3f-cd239c531649,07/01/2009,10:55,HCOB Manufacturing PMI (Jun),MEDIUM,EUR,-,-,40.5,-,
a5c27bf3-add3-45e4-b5c9-4bbd67c543a4,07/01/2009,11:00,HCOB Manufacturing PMI (Jun),LOW,EUR,-,-,42.4,-,
ee2d74dc-d738-46d6-88b4-1e52c7115d49,07/01/2009,11:30,Index of Services (3M/3M) (Apr),LOW,GBP,-1.2%,-,0.2%,-1.2%,
56a1e7ba-e3a7-40ec-8640-0257aa72f8a8,07/01/2009,11:30,S&P Global Manufacturing PMI (Jun),MEDIUM,GBP,-,-,46.4,-,
04a9941f-71ed-4e20-9779-35c7e52ad71d,07/01/2009,14:00,MBA Mortgage Applications,LOW,USD,-4.5%,-,-,6.6%,
93b59fe9-6e79-4869-b347-4721896f3a62,07/01/2009,15:15,ADP Employment Change (Jun),MEDIUM,USD,-473K,-0.89,-388K,-451K,
02985d57-b646-4113-bc71-b91281b7a3ac,07/01/2009,17:00,Construction Spending (MoM) (May),LOW,USD,-0.8%,-0.18,-0.5%,-3.2% ,
9272c6a0-6f9d-4463-95d1-142d6c5ad1a0,07/01/2009,17:00,ISM Manufacturing PMI (Jun),MEDIUM,USD,44.8,-2.47,46.8,44.1,
6cc11535-6c48-4e0c-9b6b-d78e1ee73ac7,07/01/2009,17:00,Pending Home Sales (MoM) (May),MEDIUM,USD,0.1%,-0.15,0.7%,8.8% ,
e8c4d2cd-1e0b-4551-bf71-0c9c3787fcae,07/01/2009,17:30,EIA Crude Oil Stocks Change,MEDIUM,USD,-3.7M,-,-1.6M,-3.8M,
2f02ec06-155d-41d9-8022-69732139a179,07/02/2009,02:50,Monetary Base (YoY) (Jun),LOW,JPY,6.1%,-,8.1%,7.9%,
023ea206-ba00-429c-8283-e25da89ad9ce,07/02/2009,04:30,Trade Balance (MoM) (May),MEDIUM,AUD,-0.458M,-0.36,-0.125M,-363M,
cdfd632f-da3b-4cc6-becc-e600c5983a93,07/02/2009,10:30,Riksbank Interest Rate Decision,NONE,SEK,0.25%,-,0.5%,0.5%,
d4a51e37-f582-47b2-b4d8-75f5150f18ba,07/02/2009,11:30,Bank of England Credit Conditions Report (QoQ) (Q3),MEDIUM,GBP,-,-,-,-,
06db9ed6-6ec9-478f-85fa-ecd45ac53c32,07/02/2009,11:30,S&P Global Construction PMI (Jun),LOW,GBP,-,-,46,-,
ae55921b-ae6a-4c6b-a9c7-8bb46d734460,07/02/2009,12:00,Producer Price Index (MoM) (May),LOW,EUR,-0.1%,-0.56,0.1%,-0.9%,
2fde7170-d2c3-4ec7-ad15-551b978e4315,07/02/2009,12:00,Producer Price Index (YoY) (May),LOW,EUR,-6%,-0.75,-5.6%,-4.5% ,
5696c8ba-6fbf-4d2f-ab5c-3d723f6ab749,07/02/2009,12:00,Unemployment Rate (May),MEDIUM,EUR,9.4%,0,9.4%,9.2% ,
af109fcb-4d0c-4bb6-ba1b-bbaa523756e3,07/02/2009,14:45,ECB Main Refinancing Operations Rate,HIGH,EUR,1%,0,1%,1%,
f15c3874-2951-43a8-ac39-98f0bdf46a7f,07/02/2009,15:30,ECB's President Trichet speech,HIGH,EUR,,,,,SPEECH
41c99a85-494a-4d31-a887-61a634dc0b22,07/02/2009,15:30,Average Hourly Earnings (MoM) (Jun),HIGH,USD,0%,-2.67,0.2%,0% ,
3b4f396c-523d-4a58-9d29-c973dbf95fcb,07/02/2009,15:30,Average Hourly Earnings (YoY) (Jun),HIGH,USD,2.7%,-1.47,2.9%,2.9% ,
092f6135-18fb-42af-a01e-1bf140197756,07/02/2009,15:30,Average Weekly Hours (Jun),HIGH,USD,33,-1.34,33.1,33.8,
fbc843fc-5de5-4da6-8e7b-ead3d25fd605,07/02/2009,15:30,Continuing Jobless Claims,LOW,USD,6.724M,-,6.74M,6.738M,
e276e17d-71e8-4ea2-9f64-181a10201e49,07/02/2009,15:30,Initial Jobless Claims,LOW,USD,617K,-,612K,627K,
7b44047e-f905-4465-bb78-835433039e30,07/02/2009,15:30,Nonfarm Payrolls (Jun),HIGH,USD,-467K,-,-375K,-345K,
dfae79f4-9230-4267-b21d-55e0e96a005d,07/02/2009,15:30,Unemployment Rate (Jun),HIGH,USD,9.5%,-,9.6%,9.4%,
11eb0758-d2c2-41b7-8e01-e588fe88ca33,07/02/2009,17:00,Factory Orders (MoM) (May),MEDIUM,USD,1.1%,0.29,0.7%,-0.1% ,
2ffec793-84df-4de9-8a0a-dea1dcdcc638,07/03/2009,03:00,Independence Day,NONE,USD,,,,,ALL DAY
f592a081-dc2c-4c58-bd0d-1c2a5efe91e2,07/03/2009,10:15,Consumer Price Index (MoM) (Jun),MEDIUM,CHF,0.2%,-,0%,0.2%,
f1c2a76b-56fc-4965-bc06-c219fffd8bd7,07/03/2009,10:15,Consumer Price Index (YoY) (Jun),MEDIUM,CHF,-1%,-,-1.1%,-1%,
78a193d0-4c5e-4472-b681-716d05e13592,07/03/2009,11:00,HCOB Services PMI (Jun),LOW,EUR,-,-,44.5,-,
5bc658b2-5705-4acc-b249-b86123182322,07/03/2009,11:30,S&P Global Services PMI (Jun),LOW,GBP,-,-,51.5,-,
3b7d9dbc-feb4-4ca1-897c-b95843d5249a,07/03/2009,12:00,Retail Sales (MoM) (May),MEDIUM,EUR,-0.72%,-,-0.1%,1% ,
40e2ddf9-ddfa-408d-bb4f-a3e332c81ab3,07/03/2009,12:00,Retail Sales (YoY) (May),MEDIUM,EUR,-3.6%,-,-2.7%,-2.24% ,
e0f74e1e-1b9f-45e9-a497-17e1ea508e13,07/06/2009,04:30,ANZ Job Advertisements (Jun),LOW,AUD,-5.3%,-,-,-0.2% ,
8a1e36af-1a36-48b4-bb5a-89ad888f02c3,07/06/2009,08:00,Coincident Index (May) PREL,LOW,JPY,86.9,0,86.9,86,
e0b0f682-4a97-46ad-9bde-28f69326ed01,07/06/2009,08:00,Leading Economic Index (May) PREL,MEDIUM,JPY,77,0,77,76.2,
f12fc627-1c47-4b91-a58f-3804aca81e64,07/06/2009,10:55,HCOB Services PMI (Jun),NONE,EUR,-,-,-,-,
90740cbe-1a8f-466d-825d-dc359dc8387c,07/06/2009,11:30,Sentix Investor Confidence (Jul),LOW,EUR,-31.3,-,-25,-27,
cc3fd440-29ca-4a52-9086-51efd2751c1f,07/06/2009,17:00,ISM Services PMI (Jun),LOW,USD,47,0.54,46,44.4,
80eac9c9-2a69-4c96-ae7f-52e14ed24ce5,07/07/2009,01:00,NZIER Business Confidence (QoQ) (Q2),LOW,NZD,-25%,-,-,-65%,
3c676369-efae-4a6d-b2f9-f696ea5d2dde,07/07/2009,07:30,RBA Interest Rate Decision,HIGH,AUD,3%,0,3%,3%,
ea4ef72d-5b7d-47ca-a255-530c27dc9e20,07/07/2009,11:30,Industrial Production (MoM) (May),MEDIUM,GBP,-0.7%,-,0.2%,0.3% ,
c34083c8-aaba-423e-a906-78f30d74aa0a,07/07/2009,11:30,Industrial Production (YoY) (May),MEDIUM,GBP,-12%,-,-11.3%,-12.3% ,
6ab5cc2a-c627-4ef8-bd8c-f7417537f1e8,07/07/2009,11:30,Manufacturing Production (MoM) (May),MEDIUM,GBP,-0.6%,-,0.1%,0.2% ,
9115527a-0133-4062-b4fe-e0acfad60e62,07/07/2009,11:30,Manufacturing Production (YoY) (May),MEDIUM,GBP,-12.7%,-,-11.8%,-12.7% ,
ecf9e0a9-0da4-4dbc-8894-4c28d27a5c34,07/07/2009,13:00,Factory Orders n.s.a. (YoY) (May),MEDIUM,EUR,-29%,-,-31.2%,-37.1% ,
23ff2472-0650-4ec2-8e6d-08be2e932ab5,07/07/2009,13:00,Factory Orders s.a. (MoM) (May),MEDIUM,EUR,4.3%,1.03,0.6%,-0.5% ,
8ff43f9f-16a0-439a-9a00-57b93930d270,07/07/2009,15:30,Building Permits (MoM) (May),LOW,CAD,16.6%,1.17,0.9%,-1.1% ,
36914b33-3bfe-446c-886d-3d578481debb,07/07/2009,17:00,Ivey Purchasing Managers Index (Jun),MEDIUM,CAD,58.2,-,50.4,48.4,
917da312-fc8c-4280-9f8c-a583313a0d42,07/07/2009,17:00,NIESR GDP Estimate (3M) (Jun),MEDIUM,GBP,-0.8%,-,-,-0.9% ,
3f04d9d7-1eb2-4101-a2ab-a5365e79a30f,07/08/2009,02:01,Nationwide Consumer Confidence (Jun),MEDIUM,GBP,58,-,55,53,
4a178296-a931-446c-b374-f8d685fcc513,07/08/2009,02:50,Current Account n.s.a. (May),LOW,JPY,"¥1,015.8B",5.90,¥1.25B,¥643.3B,
555281c0-6457-4ceb-8b61-dcbbff59bbf1,07/08/2009,02:50,Machinery Orders (MoM) (May),LOW,JPY,-3%,-0.82,2.3%,-6.9% ,
780aac37-b3a9-4f64-a7f9-9f69bcfb8564,07/08/2009,02:50,Money Supply M2+CD (YoY) (Jun),LOW,JPY,2.7%,-,2.8%,2.7%,
e5abff70-7dd0-4342-86be-2ab0334922ad,07/08/2009,02:50,Trade Balance - BOP Basis (May),LOW,JPY,¥387.3B,-0.43,¥410B,¥268.8B,
3a6a32be-bcdb-431a-9fda-57e0c5fe0c6c,07/08/2009,03:00,G8 Meeting,MEDIUM,EUR,,,,,ALL DAY
3b5bee89-4f70-40bf-99e5-faff596ae9df,07/08/2009,04:00,Westpac Consumer Confidence (Jul),LOW,AUD,9.3%,-,-,12.7%,
586b065d-6613-4aae-a449-d4d24bab3d5d,07/08/2009,04:30,Home Loans (Q2),LOW,AUD,0.82%,-,1.3%,1.8% ,
3b30118a-095f-4c09-a585-4f9068a3a8e0,07/08/2009,08:00,Eco Watchers Survey: Current (Jun),LOW,JPY,42.2,-,37.3,34.4,
9ab1f871-a70b-4fea-aef7-7da711dfdb6b,07/08/2009,08:00,Eco Watchers Survey: Outlook (Jun),LOW,JPY,45.6,-,-,40.2,
fc53588c-c777-48e2-ad82-59a32424c078,07/08/2009,08:45,Unemployment Rate s.a (MoM) (Jun),LOW,CHF,3.6%,-,3.5%,3.4%,
3f0b3370-7620-4e14-89e8-cc1db1baa8fa,07/08/2009,11:00,Halifax House Prices (MoM) (Jun),LOW,GBP,-0.5%,0,-0.5%,2.6%,
0e957e11-cded-4337-9e27-5259111169b0,07/08/2009,11:00,Halifax House Prices (YoY/3m) (Jun),LOW,GBP,-15%,-,-14.6%,-16.3%,
69f9a0d6-c761-4564-a602-ad2537623048,07/08/2009,12:00,Gross Domestic Product s.a. (QoQ) (Q1),LOW,EUR,-2.5%,0,-2.5%,-2.5%,
ff51538a-0941-4c7f-909c-adc985c18900,07/08/2009,12:00,Gross Domestic Product s.a. (YoY) (Q1),LOW,EUR,-5.2%,-,-4.8%,-4.8%,
d70b0ba5-1adf-4218-a0ba-40e80793a1c1,07/08/2009,13:00,Industrial Production n.s.a. w.d.a. (YoY) (May),MEDIUM,EUR,-17.4%,-,-20%,-22.3% ,
f74e4fef-0ad4-4dfa-9020-10782ff7d5cd,07/08/2009,13:00,Industrial Production s.a. (MoM) (May),MEDIUM,EUR,4.02%,1.56,0.6%,-2.7% ,
663c572b-2eee-429a-81e1-68884e4e06a7,07/08/2009,14:00,MBA Mortgage Applications,LOW,USD,10.9%,-,-,-4.5%,
3ae08645-e224-4624-860c-1ed45e047426,07/08/2009,17:30,EIA Crude Oil Stocks Change,MEDIUM,USD,-2.9M,0,-2.9M,-3.7M,
a31ddc96-d078-43a4-a723-079426c05336,07/08/2009,22:00,Consumer Credit Change (May),LOW,USD,$-3.2B,0.75,$-10B,$-6.85B,
21c267f2-5604-4254-aaea-889f0dc847a1,07/09/2009,03:00,G8 Meeting,MEDIUM,EUR,,,,,ALL DAY
7f1d11d1-7459-46e4-a0b3-15535b6be285,07/09/2009,04:00,Consumer Inflation Expectations (Jul),MEDIUM,AUD,3.2%,-,-,2.8%,
5d0b2693-2631-4907-9d03-c105af7cd99a,07/09/2009,04:30,Employment Change s.a. (Jun),MEDIUM,AUD,-25.736K,-,-20K,-8.5K,
e413a094-6078-49b8-be14-a312caeb9bd4,07/09/2009,04:30,Unemployment Rate s.a. (Jun),MEDIUM,AUD,5.8%,-,5.9%,5.7% ,
0401ce6f-28eb-49f8-acdd-55a88c41a965,07/09/2009,09:00,Consumer Price Index (MoM) (Jun),LOW,EUR,0.4%,0,0.4%,0.4%,
445cbc88-d2a2-4b5a-866b-0c4c3d776a58,07/09/2009,09:00,Consumer Price Index (YoY) (Jun),MEDIUM,EUR,0.1%,0,0.1%,0.1%,
989fb612-838f-4cdf-b937-be697715770d,07/09/2009,09:00,Trade Balance s.a. (May),LOW,EUR,€10.99B,-,€9B,€9.4B,
b22ee6e2-0734-481f-a0bd-e32edc266d9d,07/09/2009,09:00,Machine Tool Orders (YoY) (Jun),LOW,JPY,-73.1%,-,-,-79.2%,
bff6205e-68c1-4509-842f-8fb09d2d3852,07/09/2009,11:00,ECB Monthly Report,LOW,EUR,,,,,REPORT
9ef5ba01-09e3-41f8-8b72-abab8b6be08c,07/09/2009,11:30,Goods Trade Balance (May),MEDIUM,GBP,£-6.2B,0.92,£-6.8B,£-7.646B,
98a038a3-725f-499d-bae1-16cae754eb95,07/09/2009,11:30,Trade Balance; non-EU (May),MEDIUM,GBP,£-1.91B,1.56,£-2.75B,£-4.14B,
12a04087-60e9-4823-909b-9f4aa7106606,07/09/2009,14:00,BoE Interest Rate Decision,HIGH,GBP,0.5%,0,0.5%,0.5%,
6bc2fb1a-c144-4e8f-8a11-f129af228ace,07/09/2009,15:15,Housing Starts s.a (YoY) (Jun),MEDIUM,CAD,138K,0.61,130K,127.9K,
d63696b0-9033-4241-bfd2-04494723c518,07/09/2009,15:30,Continuing Jobless Claims,LOW,USD,6.883M,-,6.71M,6.702M,
0f3854d7-7255-4a13-a51b-bbf2e731069e,07/09/2009,15:30,Initial Jobless Claims,LOW,USD,569K,-,610K,614K,
12489237-e7dc-4bb2-b028-48b1b3bdf5c3,07/09/2009,17:00,Wholesale Inventories (May),LOW,USD,-1.2%,-,-1%,-1.4%,
48416fab-bcab-4d4a-a020-fb59979792cf,07/10/2009,02:50,Producer Price Index (MoM) (Jun),LOW,JPY,-0.4%,-,-0.1%,-0.4% ,
8fa165ec-645c-4876-90a6-615e312e0cec,07/10/2009,02:50,Producer Price Index (YoY) (Jun),LOW,JPY,-6.6%,-0.90,-6.4%,-5.6% ,
846fa903-bc67-4347-adfd-d28aab806055,07/10/2009,03:00,G8 Meeting,MEDIUM,EUR,,,,,ALL DAY
02b90cc6-67a4-48da-bcf3-83bbc35c1ae2,07/10/2009,09:00,Wholesale Price Index (MoM) (Jun),LOW,EUR,0.9%,-,-,0.1%,
a634c8cd-1e1f-42c0-a3b1-c336fe4b86a7,07/10/2009,09:00,Wholesale Price Index (YoY) (Jun),LOW,EUR,-8.8%,-,-,-8.9%,
e109db11-057a-43ce-a67f-571de81d7e4d,07/10/2009,11:30,Producer Price Index - Input (MoM) n.s.a (Jun),MEDIUM,GBP,1.5%,-,0.8%,0.4%,
420e7281-0af7-452b-9ae7-a87b77c9d531,07/10/2009,11:30,Producer Price Index - Input (YoY) n.s.a (Jun),MEDIUM,GBP,-11%,-,-,-9.4%,
cd520bf4-30ff-4160-b1fd-17d46e40bb1b,07/10/2009,11:30,Producer Price Index - Output (MoM) n.s.a (Jun),MEDIUM,GBP,-0.2%,-,0.3%,0.4%,
99c757d5-5c5f-4d01-8df7-16a71514726c,07/10/2009,11:30,Producer Price Index - Output (YoY) n.s.a (Jun),MEDIUM,GBP,-1.2%,-,-,-0.3%,
fd96570c-144a-4bc8-adf5-a1988727bc3f,07/10/2009,14:00,Net Change in Employment (Jun),MEDIUM,CAD,-13K,-,-34.3K,-41.8K,
8a1d329e-5764-4932-acad-6f7d4aea6bc7,07/10/2009,14:00,Unemployment Rate (Jun),MEDIUM,CAD,8.6%,-,8.7%,8.4% ,
fcc826f8-1489-49a0-ba30-56259a7c3196,07/10/2009,15:30,International Merchandise Trade (May),MEDIUM,CAD,$-1.372B,-0.71,$-0.5B,$-0.68B,
f618546d-fa97-4e76-b0f5-f227ca2c2bd1,07/10/2009,15:30,New Housing Price Index (MoM) (May),LOW,CAD,-0.1%,-,-0.4%,-0.6%,
a1f80f7f-85d2-4d0b-83f7-2c06dfb1431a,07/10/2009,15:30,Goods and Services Trade Balance (May),HIGH,USD,$-25.97B,0.84,$-30B,$-30.5B,
46864fa1-f635-414d-94f6-77e409587860,07/10/2009,15:30,Import Price Index (MoM) (Jun),MEDIUM,USD,2.6%,1.76,1.8%,1.7% ,
072c845f-dbf5-4ea4-bddf-b53c53f7ad6b,07/10/2009,15:30,Import Price Index (YoY) (Jun),MEDIUM,USD,-17.7%,-,-,-17.3% ,
110c0e8a-95c1-4433-8042-5bc4d4e7c47a,07/10/2009,17:00,Michigan Consumer Sentiment Index (Jul) PREL,MEDIUM,USD,64.6,-,71.1,70.8,
3e422634-045a-43aa-b62b-5c68d074dffb,07/13/2009,01:45,Retail Sales (QoQ) (Q2),LOW,NZD,0.7%,-,0.2%,0.5%,
15fc6acf-6a2f-4730-b226-dcca0cbc6601,07/13/2009,01:45,Retail Sales ex Autos (QoQ) (Q2),MEDIUM,NZD,1.5%,-,0.5%,-0.1% ,
af6e23c1-3e08-45af-88dc-b2525a704d6e,07/13/2009,07:30,Capacity Utilization (May),LOW,JPY,8%,-,-,9.8% ,
a6f5fb45-093e-44ff-afca-de1b5ffbf4ff,07/13/2009,07:30,Industrial Production (MoM) (May),LOW,JPY,2.4%,-,5.9%,5.9%,
ca722474-3911-423c-a506-f9a329bc3abb,07/13/2009,07:30,Industrial Production (YoY) (May),LOW,JPY,-29.5%,-,-,-29.5%,
07a9fa09-f68b-4215-adbf-3bc460912dd2,07/13/2009,08:00,Consumer Confidence Index (Jun),LOW,JPY,38.1,-1.04,39.5,34.9,
eb8778a1-0ff2-4f0b-b367-ab3785690090,07/13/2009,10:15,Producer and Import Prices (MoM) (Jun),LOW,CHF,0%,-,0.1%,-0.3%,
b721c40e-cb22-4303-b2b2-e96a7fe71478,07/13/2009,10:15,Producer and Import Prices (YoY) (Jun),LOW,CHF,-5.6%,-,-5.4%,-5%,
991fcc57-01bf-4d0c-a637-b1f3b2bd9f7f,07/13/2009,13:30,ECB's President Trichet speech,HIGH,EUR,,,,,SPEECH
4a0ffda3-4aec-444d-8fe8-86417b585985,07/13/2009,17:30,Bank of Canada Business Outlook Survey,LOW,CAD,,,,,REPORT
bb65e18f-b754-47ca-942c-7d99988fb097,07/13/2009,21:00,Monthly Budget Statement (Jun),LOW,USD,$-94.3B,-,$-70B,$-189.7B,
f822dd5b-e53e-4299-8105-da25ed0d5ce8,07/14/2009,02:01,BRC Like-For-Like Retail Sales (YoY) (Jun),LOW,GBP,1.4%,-,-,-0.8%,
652f0ead-8421-44a0-9d5e-54355db94dea,07/14/2009,02:01,RICS Housing Price Balance (Jun),LOW,GBP,-18.1%,-,-40.1%,-44.1% ,
c9c68636-ea48-4074-a6f4-81c1a83bfac7,07/14/2009,04:30,National Australia Bank's Business Conditions (Jun),LOW,AUD,-2,-,-,-14,
9dba3b4e-2e63-42de-8262-ec0d3d4d0558,07/14/2009,04:30,National Australia Bank's Business Confidence (Jun),LOW,AUD,4,-,-,-2,
75344ab4-b241-4178-a4d5-df755c41b288,07/14/2009,11:30,Consumer Price Index (MoM) (Jun),MEDIUM,GBP,0.3%,0,0.3%,0.6%,
0be8d0c4-3876-46ab-9757-762385629392,07/14/2009,11:30,Consumer Price Index (YoY) (Jun),MEDIUM,GBP,1.8%,0,1.8%,2.2%,
3a7bce1d-86bc-4cdb-841e-632c058833a8,07/14/2009,11:30,Core Consumer Price Index (YoY) (Jun),MEDIUM,GBP,1.6%,0,1.6%,1.6%,
f18c561e-320e-46cb-b9e4-7cbcac8f35e1,07/14/2009,11:30,DCLG House Price Index (YoY) (May),LOW,GBP,-12.7%,-,-12.6%,-13%,
00b9b661-3a7f-4d60-87df-17204db3e637,07/14/2009,11:30,Retail Price Index (MoM) (Jun),MEDIUM,GBP,0.3%,0,0.3%,0.6%,
3d96e0a7-e8fe-4336-9bbe-7cf0d8f82f38,07/14/2009,11:30,Retail Price Index (YoY) (Jun),MEDIUM,GBP,-1.6%,0,-1.6%,-1.1%,
275a4cca-8294-4cef-90e4-c07109d8f08c,07/14/2009,12:00,ZEW Survey – Economic Sentiment (Jul),HIGH,EUR,39.5,-,47.8,44.8,
06ab83ac-22a8-446b-b264-66a21e93562c,07/14/2009,12:00,Industrial Production s.a. (MoM) (May),LOW,EUR,0.9%,-,1.5%,-1.4% ,
47691174-7be3-488b-82be-eac3f8dcff58,07/14/2009,12:00,Industrial Production w.d.a. (YoY) (May),LOW,EUR,-17.8%,-0.22,-17.5%,-21.4% ,
4cec2610-9f99-4abc-bf66-005bfed50b52,07/14/2009,12:00,ZEW Survey – Economic Sentiment (Jul),LOW,EUR,39.5,-,44.2,42.7,
3d9e8abf-aef2-4284-b30e-48fd6bbe41c8,07/14/2009,15:30,New Motor Vehicle Sales (MoM) (May),NONE,CAD,0.4%,-,1%,0% ,
5a753f17-8f05-405e-b1d4-931e085ae39f,07/14/2009,15:30,Producer Price Index (MoM) (Jun),MEDIUM,USD,1.8%,-,0.8%,0.2%,
4266c3d1-9bcd-4165-8816-13e3a8f871b1,07/14/2009,15:30,Producer Price Index (YoY) (Jun),LOW,USD,-4.6%,-,-5.3%,-5%,
3bb94c89-c973-4ab5-95f6-cf71f324f36b,07/14/2009,15:30,Producer Price Index ex Food & Energy (MoM) (Jun),MEDIUM,USD,0.5%,-,0.1%,-0.1%,
44566d7a-bfa4-4b65-be14-fdf638643896,07/14/2009,15:30,Producer Price Index ex Food & Energy (YoY) (Jun),MEDIUM,USD,3.3%,-,2.9%,3%,
1ad61226-1844-4d24-aafd-d66c59966270,07/14/2009,15:30,Retail Sales (MoM) (Jun),HIGH,USD,0.8%,0.30,0.4%,0.9% ,
5fb374d4-d8e8-455f-8a8e-552b3245c312,07/14/2009,15:30,Retail Sales ex Autos (MoM) (Jun),HIGH,USD,0.5%,0.00,0.5%,0.9% ,
1eceb29b-e7d6-4fed-ab4a-2c2da8b93396,07/14/2009,17:00,Business Inventories (May),LOW,USD,-1.2%,-1.32,-0.8%,-1.3%,
0a6c8655-40e9-457f-a703-fe145b82cee1,07/15/2009,04:00,Westpac Leading Index (MoM) (Jun),LOW,AUD,0.08%,-,-,-0.19% ,
decaecfe-1b86-4174-88b3-cce14f73c618,07/15/2009,07:35,BoJ Interest Rate Decision,HIGH,JPY,0.1%,0,0.1%,0.1%,
89f9efdc-5886-44a8-b450-be96d68cdbc3,07/15/2009,09:00,Machine Tool Orders (YoY) (Jun),LOW,JPY,-72.3%,-,-,-73.1%,
479ab431-3b76-407a-a3c6-505084b64bab,07/15/2009,10:15,Real Retail Sales (YoY) (May),LOW,CHF,-1.8%,-,0.8%,9.4%,
685ab0ff-7847-4e4b-8c0e-ee23aec4a249,07/15/2009,11:30,Average Earnings Excluding Bonus (3Mo/Yr) (May),LOW,GBP,2.6%,0,2.6%,2.7%,
e786d316-1585-45f1-bea8-646cfae2f2d8,07/15/2009,11:30,Average Earnings Including Bonus (3Mo/Yr) (May),LOW,GBP,2.3%,-,2.1%,0.9% ,
6cb48670-f748-4f13-8c62-adda109b3fd5,07/15/2009,11:30,Claimant Count Change (Jun),LOW,GBP,20.9K,-,41.2K,30.8K,
8a1232e3-2f8e-4a4c-961d-b5eec3a1146d,07/15/2009,11:30,Claimant Count Rate (Jun),LOW,GBP,4.8%,-,5%,4.8%,
8d6def0b-5bdf-487d-b3ef-43c017e3d933,07/15/2009,11:30,ILO Unemployment Rate (3M) (May),MEDIUM,GBP,7.6%,-,7.4%,7.2%,
4da8987f-ec57-46b5-a034-5d5e13ba1d31,07/15/2009,12:00,Core Harmonized Index of Consumer Prices (YoY) (Jun),MEDIUM,EUR,1.4%,-,1.5%,1.5%,
2b23507c-64a0-4af5-a1ea-f2eb2d5db9ba,07/15/2009,12:00,Harmonized Index of Consumer Prices (MoM) (Jun),MEDIUM,EUR,0.2%,0,0.2%,0.1%,
6e4204bc-cba6-4404-bf9a-054a8e4983f5,07/15/2009,12:00,Harmonized Index of Consumer Prices (YoY) (Jun),MEDIUM,EUR,-0.1%,0,-0.1%,-0.1%,
4a684c3c-6cc8-47fe-b353-1bbde7e45df9,07/15/2009,14:00,MBA Mortgage Applications,LOW,USD,4.3%,-,-,10.9%,
ffc8d50a-50a2-4468-b048-2359dd486400,07/15/2009,15:30,Manufacturing Sales (MoM) (May),LOW,CAD,-4.9%,-3.02,2.5%,0.8% ,
0cfb3909-af33-4a4e-ac58-727af0b46b3e,07/15/2009,15:30,Consumer Price Index (MoM) (Jun),MEDIUM,USD,0.7%,-,0.6%,0.1%,
040dd6d6-918c-4b4a-833c-db2779877b98,07/15/2009,15:30,Consumer Price Index (YoY) (Jun),MEDIUM,USD,-1.4%,-,-1.6%,-1.3%,
bcb6b701-90fb-48e9-9519-0e3700f32846,07/15/2009,15:30,Consumer Price Index ex Food & Energy (MoM) (Jun),MEDIUM,USD,0.2%,-,0.1%,0.1%,
87f26402-2b3b-49be-890b-e4d53fb51d6b,07/15/2009,15:30,Consumer Price Index ex Food & Energy (YoY) (Jun),MEDIUM,USD,1.7%,0,1.7%,1.8%,
6c6a37f7-042f-4736-876e-9910dde5322f,07/15/2009,15:30,NY Empire State Manufacturing Index (Jul),MEDIUM,USD,-0.6,0.40,-5.3,-9.7,
39d7ba8e-baca-4c16-a90d-4c25f853e132,07/15/2009,16:15,Capacity Utilization (Jun),LOW,USD,68.1%,0.80,67.8%,67% ,
85b08b9d-21fc-4c41-bb02-4729ffd6f6e0,07/15/2009,16:15,Industrial Production (MoM) (Jun),LOW,USD,-0.4%,0.76,-0.6%,-1% ,
95acd985-3aae-4d60-aa75-29e7ee3d66bb,07/15/2009,17:30,EIA Crude Oil Stocks Change,MEDIUM,USD,-2.8M,-,-1.9M,-2.9M,
18dc4b36-6301-436a-83d5-168e4bbc4c15,07/15/2009,21:00,FOMC Minutes,MEDIUM,USD,,,,,REPORT
47b8dd4b-1fdb-4c29-bc88-65a34f596eb3,07/16/2009,01:45,Food Price Index (MoM) (Jun),LOW,NZD,2.8%,-,-,0.3%,
554f3a5e-6e31-482e-8080-43e2c224cc30,07/16/2009,02:50,Tertiary Industry Index (MoM) (May),LOW,JPY,-0.3%,-,0.3%,2.2%,
297c02c3-a75d-414d-bd2c-87f753f87716,07/16/2009,12:00,ZEW Survey – Expectations (Jul),LOW,CHF,0,-,-,9.7,
1f9a0a52-7095-49f0-b53b-fe9503cad1f5,07/16/2009,13:25,CBRT Interest Rate Decision,LOW,TRY,8.25%,-,-,8.75%,
c51ed962-1291-4dc0-afb6-54187c012d59,07/16/2009,13:30,Treasury's Geithner speech,MEDIUM,USD,,,,,SPEECH
6765f8c9-641b-4bf1-94c1-4d8a129dcc47,07/16/2009,15:30,Continuing Jobless Claims,LOW,USD,6.273M,-,6.8M,6.883M,
5be65f02-c08c-4ca0-a28e-1d2337942f43,07/16/2009,15:30,Initial Jobless Claims,LOW,USD,524K,-,530K,565K,
64edbe93-c170-4f63-8d85-4a9907300ba7,07/16/2009,16:00,Net Long-Term TIC Flows (May),MEDIUM,USD,$-19.4B,-0.71,$16.5B,$11.4B,
9f746fc5-5362-472a-bfdf-0c10fec4a427,07/16/2009,16:00,Total Net TIC Flows (May),MEDIUM,USD,$-65.7B,-,$-11.2B,$-60.6B,
bb2036fd-f2f5-4968-9704-e9e31bebfa7a,07/16/2009,17:00,Philadelphia Fed Manufacturing Survey (Jul),MEDIUM,USD,-7.5,-0.23,-4.9,0.2,
a867217b-9468-4b6e-9de9-dd92f6ececef,07/17/2009,04:30,Export Price Index (QoQ) (Q2),LOW,AUD,-20.6%,-,-16%,-4.6%,
54d04d5d-47ca-489e-b0b9-47cfed12dab3,07/17/2009,04:30,Import Price Index (QoQ) (Q2),LOW,AUD,-6.4%,-0.07,-6%,-2.7% ,
1490eb12-4f79-46a6-9ee3-94de2991dc08,07/17/2009,08:00,Coincident Index (May),LOW,JPY,87.1,0,87.1,86.9,
8c8f756d-1b00-446c-a629-8b7a24408231,07/17/2009,08:00,Leading Economic Index (May),MEDIUM,JPY,76.9,-,76.8,77,
bf187359-585f-4899-b770-1aac22323ed1,07/17/2009,12:00,Construction Output s.a (MoM) (May),LOW,EUR,-2%,-,-,-0.3% ,
f033c3df-fffa-4a23-b49e-53a415f08318,07/17/2009,12:00,Construction Output w.d.a (YoY) (May),LOW,EUR,-7.6%,-,-,-4.4% ,
8ef61be1-711c-4daa-a96e-0873c223a765,07/17/2009,12:00,Trade Balance n.s.a. (May),LOW,EUR,€1.946B,0.64,€0B,€1.5B,
453139a2-fac2-4f4d-be53-ff79b859384d,07/17/2009,12:00,Trade Balance s.a. (May),LOW,EUR,€1.1B,-0.04,€1.2B,€1.3B,
7d9701d5-10cb-4fc6-8fb3-57de917e3826,07/17/2009,14:00,BoC Consumer Price Index Core (MoM) (Jun),MEDIUM,CAD,0%,-,0%,0.4%,
a9a83b5e-e715-4ab9-b13d-c13cce0cdaf5,07/17/2009,14:00,BoC Consumer Price Index Core (YoY) (Jun),MEDIUM,CAD,1.9%,0,1.9%,2%,
5028af14-0091-4159-97c6-551b9a023903,07/17/2009,14:00,Consumer Price Index (MoM) (Jun),MEDIUM,CAD,0.3%,0,0.3%,0.7%,
08f9fb52-a332-4864-aec3-f509d5efd6d8,07/17/2009,14:00,Consumer Price Index (YoY) (Jun),MEDIUM,CAD,-0.3%,0,-0.3%,0.1%,
b0467b76-d0c3-4212-98fd-5da5ab01683d,07/17/2009,15:30,Leading Indicators (MoM) (Jun),LOW,CAD,-0.1%,-,-,-0.1%,
87110ef6-e8fa-472e-879b-b0d0b997c0a9,07/17/2009,15:30,Building Permits (MoM) (Jun),MEDIUM,USD,0.57M,1.17,0.52M,0.601M,
d2b95d88-ae27-43fb-af29-cabbeb366fd6,07/17/2009,15:30,Housing Starts (MoM) (Jun),MEDIUM,USD,0.59M,0.84,0.53M,0.54M,
7b30b01e-cf03-4dc9-87e6-f0ea237e6b9e,07/17/2009,20:00,NAHB Housing Market Index (Jul),LOW,USD,17,-,16,15,
6576a787-9077-49f6-bff7-39813b48b548,07/20/2009,02:01,Rightmove House Price Index (MoM) (Jul),LOW,GBP,0.6%,-,-,0.4% ,
396d03f8-b923-4805-b5b9-790fe52fd1ee,07/20/2009,04:30,Producer Price Index (QoQ) (Q2),LOW,AUD,-0.8%,-0.79,-0.2%,-0.3% ,
7bf468f6-f94c-4394-be41-baa031fe3a0c,07/20/2009,04:30,Producer Price Index (YoY) (Q2),LOW,AUD,2.1%,-,-,4%,
646da8cd-fcd5-44c9-a5cc-c2bc3947b915,07/20/2009,09:00,Producer Price Index (MoM) (Jun),LOW,EUR,-0.1%,-,0.5%,0%,
f005acb4-63a8-465a-abaa-f13ffea14ce5,07/20/2009,09:00,Producer Price Index (YoY) (Jun),LOW,EUR,-4.6%,-,-,-3.6%,
9867965e-2cab-42d3-9253-b03a497c4249,07/20/2009,11:30,CML Gross Mortgage Lending s.a. (Jun),NONE,GBP,£12.7B,-,-,£10.3B,
dd7600c8-91d5-432c-901e-52c9b393dfeb,07/20/2009,11:30,M4 Money Supply (MoM) PREL,LOW,GBP,-0.2%,-,0.4%,0.2%,
25f989dc-2a00-4e29-98a1-16ec758483f6,07/20/2009,11:30,M4 Money Supply (YoY) (Jun) PREL,LOW,GBP,14.2%,-,-,16.6% ,
b2e138e0-1493-4574-994d-cdd7297fbcf6,07/20/2009,15:30,Canadian Portfolio Investment in Foreign Securities (May),LOW,CAD,$0.774B,-,-,$1.48B,
5f8f5037-89e1-4f9c-a9b2-7d06514642ab,07/20/2009,15:30,Foreign Portfolio Investment in Canadian Securities (May),MEDIUM,CAD,$18.886B,-,-,$9.12B,
5464f9ac-6806-4e43-ae32-c3effe1fd68b,07/20/2009,15:30,Wholesale Sales (MoM),LOW,CAD,-0.2%,-,-,-0.6%,
4cb689af-f49b-4efb-a9bd-f287d7a23347,07/20/2009,20:30,Fed's Lockhart speech,LOW,USD,,,,,SPEECH
15a551a4-3569-40a6-9447-5558f82393dd,07/21/2009,01:45,Visitor Arrivals (YoY) (Jun),LOW,NZD,-3.8%,-,-,1% ,
ee7c86ce-81e8-46d6-926a-2953db2876a9,07/21/2009,02:50,BoJ Monetary Policy Meeting Minutes,MEDIUM,JPY,,,,,REPORT
35d6632c-0348-4541-8e7b-df3950ebe9d2,07/21/2009,04:30,New Motor Vehicle Sales (MoM) (Jun),LOW,AUD,5.8%,-,-,5.4%,
27b3210f-174d-45f1-868a-fd6e9978018a,07/21/2009,04:30,New Motor Vehicle Sales (YoY) (Jun),LOW,AUD,-7.2%,-,-,-12.6% ,
0dd22435-9203-4f6f-861d-f8d248341ef2,07/21/2009,04:30,RBA Meeting Minutes,MEDIUM,AUD,,,,,REPORT
5887e758-d28b-4fe0-9511-350452fc45ab,07/21/2009,09:15,Trade Balance (Jun),LOW,CHF,1.5M,-,1.87M,2.01M,
4d6b1838-0050-468d-9d99-fcf249c11b85,07/21/2009,11:30,Public Sector Net Borrowing (Jun),LOW,GBP,£13.4B,-2.20,£15.8B,£12.254B,
c624cae1-f477-4d04-bb34-19b1c00bcdd0,07/21/2009,16:00,BoC Interest Rate Decision,HIGH,CAD,0.25%,0,0.25%,0.25%,
4241e545-1644-4e42-8bfd-4e6af5c9830a,07/21/2009,18:00,Fed's Chair Bernanke testifies,MEDIUM,USD,,,,,SPEECH
ef252c3c-7ac7-4552-8879-920cb5a292a0,07/22/2009,04:30,Consumer Price Index (QoQ) (Q2),MEDIUM,AUD,0.5%,0,0.5%,0.1%,
27004f01-0a52-47a1-86e4-7cfe7ffd0a94,07/22/2009,04:30,Consumer Price Index (YoY) (Q2),MEDIUM,AUD,1.5%,-,-,2.4% ,
b9b18dcd-0c51-4271-a809-dc67f313a49a,07/22/2009,11:30,BoE Minutes,HIGH,GBP,,,,,REPORT
0023a2ed-03a0-42c8-908c-dbf90fcca598,07/22/2009,12:00,Industrial New Orders (YoY),LOW,EUR,-25.8%,-,-,-35.5% ,
b13b01f8-56fd-4f9f-9471-64d610580d57,07/22/2009,12:00,Industrial New Orders s.a. (MoM),LOW,EUR,1.8%,-,1.9%,-1% ,
7aee8e8a-9e31-4ab1-b350-662ece1da7a7,07/22/2009,13:00,CBI Industrial Trends Survey – Orders (MoM) (Jul),LOW,GBP,-59%,-,-46%,-51%,
b319561b-b366-4c3c-a44f-b0f0140a258f,07/22/2009,14:00,Interest Rate Decision,NONE,BRL,8.75%,-,-,9.25%,
0db047fd-5d80-4071-acb8-8f167ce2e0bb,07/22/2009,14:00,MBA Mortgage Applications,LOW,USD,2.8%,-,-,4.3%,
c2796451-6157-4319-806c-a9534c2022d5,07/22/2009,15:30,Retail Sales (MoM) (May),LOW,CAD,1.1%,-,-,-0.8% ,
b05027ed-7208-430f-8c14-1489a8e5a8be,07/22/2009,15:30,Retail Sales ex Autos (MoM) (May),LOW,CAD,0.6%,-,-,-0.5%,
e9eec938-2802-4dfb-ab27-84111a78816c,07/22/2009,17:00,Housing Price Index (MoM) (May),MEDIUM,USD,0.6%,0.55,-0.2%,-0.6% ,
75f8b1fe-51d0-42e6-926c-67ee1e96ba5f,07/22/2009,17:30,EIA Crude Oil Stocks Change,MEDIUM,USD,-1.8M,-,-,-2.8M,
545cc06d-9330-441e-8ab9-397a9025e6b8,07/23/2009,02:50,Adjusted Merchandise Trade Balance (Jun),LOW,JPY,¥374.1B,-,¥510B,¥222.4B,
80fc6d19-994a-46d3-8222-74a0a8bdddd4,07/23/2009,02:50,Merchandise Trade Balance Total (Jun),LOW,JPY,¥507.5B,-,-,¥281.4B,
2daab737-6f2e-4e92-88a8-c5ee543b352a,07/23/2009,04:30,RBA Foreign Exchange Transaction (Jun),LOW,AUD,"1,943M",-,-,"1,433M",
0eebaca5-9b46-497f-80c5-f6dcd56148dc,07/23/2009,11:00,Current Account n.s.a (May),LOW,EUR,€-13.259B,-,-,€-7.8B,
bbc89130-0b33-4389-bc1a-7b87ae20419f,07/23/2009,11:00,Current Account s.a (May),MEDIUM,EUR,€-0.598B,0.33,€-2.7B,€-6.2B,
72fdb766-eb98-4246-a032-1b36b18bf55a,07/23/2009,11:30,BBA Mortgage Approvals (Jun),LOW,GBP,37.34K,-,32.3K,31.9K,
2fe7e83f-65c9-49f8-b2c0-06c1d0b11645,07/23/2009,11:30,Retail Sales (MoM) (Jun),MEDIUM,GBP,1.3%,0.65,0.4%,-0.7% ,
d11ffae7-5ffa-4a56-970a-8ca14fe39c52,07/23/2009,11:30,Retail Sales (YoY) (Jun),MEDIUM,GBP,3.1%,-,-,-3% ,
a96c7398-829c-4576-abe0-ddded84a5a10,07/23/2009,15:30,Continuing Jobless Claims,LOW,USD,6.225M,-,-,6.273M,
0f72f8b9-8c2d-4739-a958-e425a192c3c0,07/23/2009,15:30,Initial Jobless Claims,MEDIUM,USD,554K,-,-,522K,
15daf748-e1c8-496d-9d62-152e80d63c36,07/23/2009,17:00,Existing Home Sales (MoM) (Jun),MEDIUM,USD,4.89M,-,-,4M,
1dfeed73-a447-4a26-84ab-b94752a0e944,07/23/2009,17:00,Existing Home Sales Change (MoM) (Jun),MEDIUM,USD,3.6%,-,-,2.6% ,
740d990b-f555-4e09-aa72-fd37a15bffce,07/24/2009,07:30,All Industry Activity Index (MoM) (May),LOW,JPY,0.7%,-,0.9%,2.6%,
b69c384c-94c1-46ba-a84d-7a3f9f15be86,07/24/2009,10:30,HCOB Manufacturing PMI (Jul) PREL,MEDIUM,EUR,-,-,42.1,-,
18ce6eb4-5fb6-46ad-ab17-a35a078e2c80,07/24/2009,10:30,HCOB Services PMI (Jul) PREL,MEDIUM,EUR,-,-,46,44.3,
4d3dddd4-9629-41a3-b529-63a7f70e5e99,07/24/2009,11:00,IFO – Business Climate (Jul),MEDIUM,EUR,87.5,-,86.6,85.9,
926bb452-e281-45b8-ac57-0b6e64f26648,07/24/2009,11:00,IFO – Expectations (Jul),MEDIUM,EUR,90.7,-,90.1,89.5,
911227f8-55e7-4b27-8db1-54cd79c7d1e0,07/24/2009,11:00,HCOB Manufacturing PMI (Jul) PREL,LOW,EUR,-,-,43.6,-,
856e26f9-0065-4aa3-b5cb-517427ed82de,07/24/2009,11:00,HCOB Services PMI PREL,LOW,EUR,-,-,45.2,-,
4a174204-16f6-4c3f-8855-19ac5416877f,07/24/2009,11:30,Gross Domestic Product (QoQ) (Q2) PREL,MEDIUM,GBP,-0.8%,-,-0.3%,-2.4%,
31d3c44a-f7a1-4c6a-b095-902b73862e50,07/24/2009,11:30,Gross Domestic Product (YoY) (Q2) PREL,MEDIUM,GBP,-5.6%,-,-,-4.9%,
a581b50d-991c-4d7c-956c-a4b24b5700bd,07/24/2009,11:30,Index of Services (3M/3M) (May),LOW,GBP,-1%,-,0.1%,-0.1% ,
f7aea9c1-8a30-47c7-860d-6225ffbef918,07/24/2009,16:55,Michigan Consumer Sentiment Index (Jul),MEDIUM,USD,66,-,65.1,64.6,
35913c42-76cf-4121-abcd-cfa5c4525605,07/24/2009,17:00,Treasury's Geithner speech,MEDIUM,USD,,,,,SPEECH
7d307ff7-2fe5-4835-956a-dc771781b643,07/27/2009,02:50,Corporate Service Price Index (YoY) (Jun),LOW,JPY,-3.2%,-,-,-1.6% ,
096c40f1-fa82-4bde-9bce-4a9f9271b1c6,07/27/2009,09:00,GfK Consumer Confidence Survey (Aug),LOW,EUR,3.4,-,-,2.9,
871c5c93-d5ef-4a64-af7d-b375f1e557cc,07/27/2009,11:00,M3 Money Supply (YoY) (Jun),LOW,EUR,3.6%,-,-,3.9%,
02c29a8a-8a25-4f67-8c10-e0013883c00e,07/27/2009,14:30,MNB Interest Rate Decision,LOW,HUF,8.5%,-,-,9.5%,
92a59353-3d28-4a34-989e-29fd3605146c,07/27/2009,17:00,New Home Sales (MoM) (Jun),MEDIUM,USD,0.395M,1.60,0.35M,0.376M,
e764d6d6-3459-4c40-903a-a77a67ca97f3,07/27/2009,17:00,New Home Sales Change (MoM) (Jun),MEDIUM,USD,9.1%,1.23,2.3%,11.6% ,
f047930d-de5d-48e8-95a3-98fef6849cf8,07/28/2009,01:00,Former Fed's Chair Bernanke speech,MEDIUM,USD,,,,,SPEECH
9adedbb6-c53b-442c-b80a-075c71e6d10d,07/28/2009,01:45,Trade Balance NZD (MoM) (Jun),MEDIUM,NZD,$-417M,-,-,$906M,
f4d2b983-52cf-4b09-ab35-d9a37940582e,07/28/2009,06:00,RBA's Governor Stevens speech,LOW,AUD,,,,,SPEECH
4461654a-787f-429f-8d38-6b6cd4959e27,07/28/2009,11:00,UBS Consumption Indicator (Jun),LOW,CHF,0.95,-,-,0.77,
cf9762d2-8551-4afb-a5ba-325fdd1d87e7,07/28/2009,13:00,CBI Distributive Trades Survey – Realized (MoM) (Jul),LOW,GBP,-15%,-,-,-17%,
25461271-0845-4ba4-983f-17a31dbf1491,07/28/2009,16:00,S&P/Case-Shiller Home Price Indices (YoY) (May),LOW,USD,-17%,-,-,-18.1%,
0d549c48-bb3a-42f8-8599-015be2f68b2a,07/28/2009,17:00,Consumer Confidence (Jul),MEDIUM,USD,47.4,-,-,49.3,
3015a2f7-3b92-4bad-98f1-dc70bf3a1896,07/28/2009,17:00,Richmond Fed Manufacturing Index (Jul),LOW,USD,14,-,-,-8,
b1c0c6e8-f1fe-4976-9002-de896ad05b19,07/29/2009,01:00,Former Fed's Chair Bernanke speech,MEDIUM,USD,,,,,SPEECH
391d96ea-6094-442f-973b-a6fed24855a0,07/29/2009,01:45,Building Permits s.a. (MoM) (Jun),LOW,NZD,-9.6%,-,-,3.5% ,
e5e39579-2127-48b5-a4c7-462644f6cfc9,07/29/2009,02:50,Large Retailer Sales (Jun),LOW,JPY,-6.7%,-,-,-6.5%,
4676cf95-1f3e-4d64-bfb5-748b543dd609,07/29/2009,02:50,Retail Trade (YoY) (Jun),MEDIUM,JPY,-3%,-,-,-2.7%,
e2c3585b-9995-481a-b692-ea9b889a8d99,07/29/2009,02:50,Retail Trade s.a (MoM) (Jun),MEDIUM,JPY,-0.3%,-,-,0% ,
2cb59d4c-e4e2-49fa-8cb8-72d029b2050f,07/29/2009,06:00,ANZ Business Confidence,LOW,NZD,18.7,-,-,5.5,
40ffe23f-3aaf-4a06-8440-6af0433d6824,07/29/2009,06:17,HIA New Home Sales (MoM) (Jun),MEDIUM,AUD,0.5%,-,-,-5.7%,
720d274d-dacc-44f4-ac2e-a4c080494043,07/29/2009,11:30,Consumer Credit (Jun),LOW,GBP,£0.1B,-,-,£0.3B,
bb4c730b-5537-4011-9b98-7fa349b9af03,07/29/2009,11:30,M4 Money Supply (MoM),LOW,GBP,-0.3%,-,-,-0.2%,
41632fdc-c11e-453c-afa7-4e9901ead022,07/29/2009,11:30,M4 Money Supply (YoY) (Jun),LOW,GBP,13.3%,-,-,14.2%,
aabf7b4d-1574-4603-b29e-2ee2157d1e5c,07/29/2009,11:30,Mortgage Approvals (Jun),LOW,GBP,47.58K,-,-,43K,
364ed24f-1315-4ba1-9234-618902b26536,07/29/2009,11:30,Net Lending to Individuals (MoM) (Jun),LOW,GBP,£0.2B,-,-,£0.6B,
73663aed-c2f1-4cd5-93f4-30b2b7a0779d,07/29/2009,14:00,MBA Mortgage Applications,LOW,USD,-6%,-,-,2.8%,
359a90b1-7d35-4b91-9478-2637b8eca53e,07/29/2009,15:30,Durable Goods Orders (Jun),MEDIUM,USD,-1.3%,0.19,-1.7%,4.3% ,
aed7894c-ea30-4626-947e-9ac6acd75b68,07/29/2009,15:30,Durable Goods Orders ex Transportation (Jun),MEDIUM,USD,2.5%,-,-,2.4% ,
a6ca5028-7067-4d35-85e5-3de50f11b983,07/29/2009,16:19,Consumer Price Index (MoM) (Mar) PREL,LOW,EUR,-0.1%,-,-,0.4%,
234dc84b-1d3b-4de1-821e-0567f8b5242c,07/29/2009,16:20,Consumer Price Index (YoY) (Jul) PREL,LOW,EUR,-0.6%,-,-,0.1%,
562a9f03-04bf-465f-82a1-7886a4dd0f3a,07/29/2009,17:30,EIA Crude Oil Stocks Change,MEDIUM,USD,5.1M,-,-,-1.8M,
34672879-8c80-46cd-afad-8a65c309553e,07/29/2009,21:00,Fed's Beige Book,MEDIUM,USD,,,,,REPORT
4a0e14f6-fd5e-415d-a654-7d8485288da3,07/30/2009,02:50,Industrial Production (MoM) (Jun) PREL,LOW,JPY,2.4%,-,-,2.4%,
0fcf2f93-30c6-4bae-aedb-abc34a947d41,07/30/2009,02:50,Industrial Production (YoY) PREL,LOW,JPY,-23.4%,-,-,-29.5%,
0619e950-781d-4560-8afc-48440efec9bc,07/30/2009,04:30,Building Permits (MoM) (Jun),NONE,AUD,11.25%,-,-,-11% ,
9798fef8-74dd-4cf3-9b91-857fb9f9eab3,07/30/2009,04:30,Building Permits (YoY) (Jun),LOW,AUD,-2.41%,-,-,-22.4% ,
6ad9db8c-9a51-4c64-b0c4-9e8fbfbec94a,07/30/2009,06:00,M3 Money Supply (YoY) (Jun),LOW,NZD,2.7%,-,-,5.6%,
2ac54333-423a-4128-a13b-245c3f456dbf,07/30/2009,09:00,Nationwide Housing Prices n.s.a (YoY) (Jul),MEDIUM,GBP,-6.2%,-,-,-9.3%,
e74ced41-77e9-4f76-9854-b04f232a5578,07/30/2009,09:00,Nationwide Housing Prices s.a (MoM) (Jul),LOW,GBP,1.4%,-,-,1.1% ,
6bf431e2-6d5e-4fb5-8df6-1b6278fe9750,07/30/2009,10:55,Unemployment Change (Jul),LOW,EUR,-7K,-,-,20K,
bf4fa41f-d892-425c-b788-a8d4eb0ebf30,07/30/2009,10:55,Unemployment Rate s.a.,LOW,EUR,8.3%,-,-,8.3%,
794ffbc5-4501-4adc-a502-7003006adf62,07/30/2009,12:00,Consumer Confidence (Jul),LOW,EUR,-23.1,-,-,-25,
81d4e72e-14de-43d0-b52e-3960560dc0bc,07/30/2009,12:00,Economic Sentiment Indicator (Jul),LOW,EUR,80.7,-,-,73,
2ef7d02a-774a-4122-aa6a-47acb8feb7f0,07/30/2009,12:00,Industrial Confidence (Jul),LOW,EUR,-29.9,-,-,-32,
a75c35b1-be35-4158-b513-481af393e18f,07/30/2009,15:30,Industrial Product Price (MoM) (Jun),NONE,CAD,0.5%,-,-,-1.2% ,
05ccd6f1-b903-49d8-9e66-f23e1589a6a4,07/30/2009,15:30,Continuing Jobless Claims,LOW,USD,6.197M,-,-,6.225M,
6c51ba60-0a28-4877-aa07-83026d9a475c,07/30/2009,15:30,Initial Jobless Claims,MEDIUM,USD,588K,-,-,554K,
af0bc801-9484-439c-a00d-fd0e12e6ed7f,07/31/2009,02:01,GfK Consumer Confidence,MEDIUM,GBP,-25,-,-,-25,
6749235d-9a43-4cd2-8e9a-be1e068ac8de,07/31/2009,02:15,Jibun Bank Manufacturing PMI (Jul),LOW,JPY,-,-,-,-,
54ab60ed-d762-4053-bebe-176e4913c63d,07/31/2009,02:30,National Consumer Price Index (YoY) (Jun),LOW,JPY,-1.8%,0,-1.8%,-1.1%,
61c198c8-d933-4f33-883b-17613623c77a,07/31/2009,02:30,"National CPI ex Food, Energy (YoY) (Jun)",MEDIUM,JPY,-0.7%,-1.58,-0.6%,-0.1% ,
435c2dff-3329-4588-bb41-929b4bf5b34a,07/31/2009,02:30,National CPI ex Fresh Food (YoY) (Jun),LOW,JPY,-1.7%,0,-1.7%,-1.1%,
db5a9c3c-bdc2-4374-b886-0486c72af507,07/31/2009,02:30,Overall Household Spending (YoY) (Jun),LOW,JPY,0.2%,-,0.3%,0.3%,
c09eb9c1-a7ab-472e-9ac9-5e392a40ac93,07/31/2009,02:30,Tokyo Consumer Price Index (YoY) (Jul),LOW,JPY,-1.8%,-,-1.7%,-1.5%,
a7a3606b-fcb6-4f34-9f3e-cd5e7860df35,07/31/2009,02:30,"Tokyo CPI ex Food, Energy (YoY) (Jul)",MEDIUM,JPY,-1.1%,0.00,-1.1%,-0.8% ,
dacbcb50-b6d4-4636-a89a-e01859993f0b,07/31/2009,02:30,Tokyo CPI ex Fresh Food (YoY) (Jul),LOW,JPY,-1.7%,0,-1.7%,-1.3%,
613d4a33-87a6-4174-971d-e03e49d3bc7c,07/31/2009,02:30,Unemployment Rate (Jun),MEDIUM,JPY,5.4%,0.38,5.3%,5.1% ,
40a416f1-a578-4aff-ad68-ce9d221112f9,07/31/2009,04:30,Private Sector Credit (MoM) (Jun),LOW,AUD,0.1%,0,0.1%,-0.1%,
36f07880-d6d8-4189-8e3d-9647f0b30b45,07/31/2009,04:30,Private Sector Credit (YoY) (Jun),NONE,AUD,3.4%,0.00,3.4%,3.8% ,
0b0137bf-c0c3-4154-b43d-0fe72d3346a1,07/31/2009,08:00,Construction Orders (YoY) (Jun),LOW,JPY,-42.8%,-,-,-41.9%,
f00eaf44-a183-4ee9-bb6a-d7c41c1c323f,07/31/2009,08:00,Housing Starts (YoY) (Jun),LOW,JPY,-32.4%,-,-30.7%,-30.8%,
6756fede-a857-4e29-acbf-0c2007e263c1,07/31/2009,12:00,Harmonized Index of Consumer Prices (YoY) (Jul) PREL,LOW,EUR,-0.6%,-,-,-0.1%,
6fdbd66f-d2b7-4158-80d2-7a7ed1953c16,07/31/2009,12:00,Unemployment Rate (Jun),MEDIUM,EUR,9.5%,-,-,9.3% ,
a9dc8a77-9456-4dc7-b92e-9c8bbaaa08a2,07/31/2009,12:30,KOF Leading Indicator (Jul),LOW,CHF,-0.85,-,-1.46,-1.65,
b9b48c74-da15-4e44-84a4-8b1b8d185f85,07/31/2009,15:00,NBP Base rate,LOW,PLN,3.5%,-,-,3.5%,
14a437e9-8a4a-493f-8ddd-040e85d6b35b,07/31/2009,15:30,Gross Domestic Product (MoM) (May),MEDIUM,CAD,-0.3%,0.56,-0.4%,-0.3% ,
f5104a98-31ef-4266-a406-a7fe07a2515e,07/31/2009,15:30,Core Personal Consumption Expenditures (QoQ) (Q2) PREL,HIGH,USD,-1.2%,-,-,0.6%,
da5fe7ea-b570-4691-9e92-052fe45cfde4,07/31/2009,15:30,Gross Domestic Product Annualized (Q2) PREL,HIGH,USD,-1%,0.65,-1.4%,-4.4% ,
1a6b29fb-ca52-4b14-ad13-030cf5aa8240,07/31/2009,15:30,Gross Domestic Product Price Index (Q2) PREL,MEDIUM,USD,0.7%,-,-,0% ,
810b427e-705d-47ff-9317-829c27cdda61,07/31/2009,16:45,Chicago PMI (Jul),MEDIUM,USD,43.4,-,-,40.9,
eb21d5a1-b8c5-4443-afe5-5534c2d0aaba,08/02/2009,15:00,CBE Interest Rate Decision,NONE,EGP,8.5%,-,-,9%,
25a34865-b035-4208-803f-b49f15e9e2dc,08/03/2009,04:30,ANZ Job Advertisements (Jul),LOW,AUD,-1.6%,-,-,-6.7% ,
cc5c2bb3-2bcb-4145-94a2-a423fa49bb1e,08/03/2009,04:30,Labor Cash Earnings (YoY) (Jun),LOW,JPY,-7%,-,-,-2.5% ,
5d388d95-65c3-4bf2-a4ae-f7052c4fb17f,08/03/2009,09:00,Retail Sales (MoM) (Jun),LOW,EUR,1.6%,-,-,-1.3% ,
74fe4bcb-342b-4124-9b93-c6a21625d76a,08/03/2009,09:00,Retail Sales (YoY) (Jun),LOW,EUR,-2%,-,-,-2.9%,
65b1d418-9bf8-45fc-bfb4-612d4d5c487e,08/03/2009,10:30,SVME - Purchasing Managers' Index (Jul),MEDIUM,CHF,44.3,-,-,41.9,
b8d34af7-fea6-4e60-9fe3-8ff76e35abbe,08/03/2009,10:55,HCOB Manufacturing PMI (Jul),MEDIUM,EUR,-,-,-,-,
e88827ba-21f3-44ec-84ad-3b4da8a71e77,08/03/2009,11:00,HCOB Manufacturing PMI (Jul),LOW,EUR,-,-,-,-,
3a7cce6e-2fac-4dea-a3a7-24fb91c824fc,08/03/2009,11:30,S&P Global Manufacturing PMI (Jul),MEDIUM,GBP,-,-,-,-,
4c923cdd-520a-42a8-84e4-b7e9103ba7ad,08/03/2009,17:00,Construction Spending (MoM) (Jun),LOW,USD,0.1%,-,-,-1.3% ,
278246e9-b9b1-4def-863d-459286835ded,08/03/2009,17:00,ISM Manufacturing PMI (Jul),MEDIUM,USD,48.9,-,-,46.3,
46768aff-3dd4-4214-94e1-9d1959df0f6b,08/04/2009,04:30,House Price Index (QoQ) (Q2),LOW,AUD,4.3%,-,-,4.2% ,
9feb9a03-f790-4fb6-b46b-ad59a60d0857,08/04/2009,04:30,House Price Index (YoY) (Q1),LOW,AUD,-0.6%,-,-,-4.6% ,
016bcc96-0533-4f9d-a01c-cfebee6476ef,08/04/2009,04:30,Retail Sales s.a. (MoM) (Jun),MEDIUM,AUD,-0.6%,-,-,1% ,
ab5f26c9-c4f1-4552-aaf1-d084623d1b11,08/04/2009,07:30,RBA Interest Rate Decision,HIGH,AUD,3%,0,3%,3%,
2e681a6a-366a-4898-8e05-89414755e10f,08/04/2009,10:15,Consumer Price Index (MoM) (Jul),MEDIUM,CHF,-0.7%,-,-,0.2%,
c2dd38c6-2d5d-4aed-b85d-68e3967fa055,08/04/2009,11:30,S&P Global Construction PMI (Jul),LOW,GBP,-,-,-,-,
0e41bf29-c5b7-43ec-acac-d88501299ff2,08/04/2009,11:43,RBA Commodity Index SDR (YoY) (Jul),LOW,AUD,-31.8%,-,-,-29.3%,
f06bbbda-c5ab-443d-a043-ffc8aca8f9d0,08/04/2009,11:44,Consumer Credit Change (Jun),NONE,USD,$-15.5B,-,-,$-11.76B,
e48530af-b7c0-4ad1-bf11-55afdbab4da5,08/04/2009,12:00,Producer Price Index (MoM) (Jun),LOW,EUR,0.4%,-,-,-0.1%,
7aff6b16-7f32-47dd-86cd-e84f340762d4,08/04/2009,12:00,Producer Price Index (YoY) (Jun),LOW,EUR,-6.6%,-,-,-5.7% ,
14cfc2a7-e670-4fb2-8df5-18aed16cc1ac,08/04/2009,14:00,Ivey Purchasing Managers Index (Jul),NONE,CAD,51.8,-,-,58.2,
46e488cb-fe81-4577-a6f7-34a6b99b787c,08/04/2009,15:30,Core Personal Consumption Expenditures - Price Index (MoM) (Jun),HIGH,USD,0.2%,-,-,0.1%,
fcf0d5d6-8c7c-4e14-bcdc-9b496de114cf,08/04/2009,15:30,Core Personal Consumption Expenditures - Price Index (YoY) (Jun),HIGH,USD,1.5%,-,-,1.1% ,
93a38293-3793-4b81-8f12-fe34d3ac1dbb,08/04/2009,15:30,Personal Consumption Expenditures - Price Index (MoM) (Jun),HIGH,USD,0.6%,-,-,0.1%,
cb9505eb-b546-46ae-8c7d-ee99c64d4dd9,08/04/2009,15:30,Personal Consumption Expenditures - Price Index (YoY) (Jun),MEDIUM,USD,-0.4%,-,-,-0.7% ,
13d2b655-a77a-4c27-9fe0-1bf30b7166b3,08/04/2009,15:30,Personal Income (MoM) (Jun),HIGH,USD,-1.1%,-,-,1.6% ,
2febab9e-046c-4ad3-b696-c41f007dfb79,08/04/2009,17:00,Pending Home Sales (MoM) (Jun),MEDIUM,USD,3.6%,0.79,0.6%,2.3% ,
ba717a25-e89d-4f89-8006-8e99e115f306,08/05/2009,02:01,BRC Shop Price Index (YoY) (Jul),MEDIUM,GBP,1.3%,-,-,0.1%,
777abe1d-8ee4-4a53-97a8-a3a5b83504b7,08/05/2009,02:01,Nationwide Consumer Confidence (Jul),MEDIUM,GBP,61,-,59,58,
22f8b8a1-9a34-4696-af8a-fa32f06f753d,08/05/2009,04:30,Trade Balance (MoM) (Jun),MEDIUM,AUD,-0.217M,-,-,"-1,093M",
a85b28d0-e220-437f-9b30-3a57ca03017a,08/05/2009,09:15,Halifax House Prices (MoM) (Jul),LOW,GBP,1.1%,-,-,-0.5%,
222253f1-d539-4633-b156-8bed09198dfe,08/05/2009,09:15,Halifax House Prices (YoY/3m) (Jul),LOW,GBP,-12.1%,-,-,-15%,
cbce68c4-c64d-48ff-a94b-1b0e2a787a87,08/05/2009,10:55,HCOB Services PMI (Jul),MEDIUM,EUR,-,-,48.4,-,
54dcfe2d-9654-4543-ba07-577ec20a822d,08/05/2009,11:00,HCOB Services PMI (Jul),LOW,EUR,-,-,45.6,-,
7a23f0a2-bafd-4e0c-af9c-11406e109c5b,08/05/2009,11:30,Industrial Production (MoM) (Jun),MEDIUM,GBP,0.6%,-,-,-0.6% ,
7e7f1401-b1a0-4bd6-b418-e096dea0985a,08/05/2009,11:30,Industrial Production (YoY) (Jun),MEDIUM,GBP,-10.7%,-,-,-11.9% ,
d0865cd1-26ab-44aa-b6cc-975ca13c4f1e,08/05/2009,11:30,Manufacturing Production (MoM) (Jun),MEDIUM,GBP,0.6%,-,0%,-0.5% ,
e95e3c1d-3cff-4f0d-97f7-28f150a74ed4,08/05/2009,11:30,Manufacturing Production (YoY) (Jun),MEDIUM,GBP,-11.3%,-,-11.4%,-12.7%,
d024a20c-5ddd-466d-892e-09bdbaa8de81,08/05/2009,11:30,S&P Global Services PMI (Jul),LOW,GBP,-,-,51.8,-,
da8f8ddb-3ac5-49e0-a44b-c45083f21e7f,08/05/2009,12:00,Retail Sales (MoM) (Jun),MEDIUM,EUR,0%,-,0.3%,-0.4% ,
2ebaff69-8b50-4a3a-98a3-4391d1ce4cee,08/05/2009,12:00,Retail Sales (YoY) (Jun),MEDIUM,EUR,-2.3%,-,-2.2%,-3.54% ,
33366ead-445b-4451-a72a-931684c1ef6e,08/05/2009,14:00,MBA Mortgage Applications,MEDIUM,USD,4.4%,-,-,-6%,
39a4ad9d-31fb-43cc-b58a-339f31ebd10f,08/05/2009,15:15,ADP Employment Change (Jul),MEDIUM,USD,-360K,-0.25,-335K,-392K,
d8b4d83c-8d1f-4abc-a72b-71bdb16c9d59,08/05/2009,17:00,Factory Orders (MoM) (Jun),MEDIUM,USD,0.9%,0.79,0%,3% ,
63aaf982-ce8b-4b74-adcc-09efbde32711,08/05/2009,17:00,ISM Services PMI (Jul),LOW,USD,46.4,-1.60,48,46.4,
1f257077-edf6-4bff-bbb7-3f604ef0ee04,08/05/2009,17:30,EIA Crude Oil Stocks Change,MEDIUM,USD,1.7M,-,-,5.1M,
ce97ca90-28d5-4fdf-8436-33ff0ec90e4a,08/06/2009,01:45,Unemployment Rate (Q2),MEDIUM,NZD,6%,-,5.7%,5%,
58124a1b-0923-424c-ba0e-7475d83a0a48,08/06/2009,02:01,NIESR GDP Estimate (3M) (Jul),MEDIUM,GBP,-0.4%,-,-,-0.4% ,
d3740cd5-1fd8-4320-9029-d6b484194f95,08/06/2009,04:30,Employment Change s.a. (Jul),MEDIUM,AUD,-19.325K,-,-18K,-23.1K,
b9823f29-57c7-44b1-a989-987544d5b49d,08/06/2009,04:30,Unemployment Rate s.a. (Jul),MEDIUM,AUD,5.7%,-,6%,5.8%,
0a668002-a8f6-4148-a302-95a28de466e8,08/06/2009,08:00,Coincident Index (Jun) PREL,LOW,JPY,87.8,-,-,87.1,
b973bd25-6acc-450d-ac13-33cb95fcf35e,08/06/2009,08:00,Leading Economic Index (Jun) PREL,MEDIUM,JPY,79.8,-,79.7,76.9,
155a15e1-3695-49bc-91e1-de312ce955a7,08/06/2009,08:45,SECO Consumer Climate (3m) (Q2),LOW,CHF,-42,-0.10,-41,-45,
a740fc57-457d-49c2-b527-f6a6bf4fb53b,08/06/2009,13:00,Factory Orders n.s.a. (YoY) (Jun),MEDIUM,EUR,-23.5%,-,-26.5%,-29.4% ,
484b2799-27cc-4fba-8c8e-e60ab694ae79,08/06/2009,13:00,Factory Orders s.a. (MoM) (Jun),MEDIUM,EUR,3.8%,0.93,0.6%,3.7% ,
3f518da8-8750-4a0b-aa1a-7df2240d6b8e,08/06/2009,14:00,BoE Interest Rate Decision,HIGH,GBP,0.5%,-,-,0.5%,
87729b94-e56e-40a8-86ef-12dbddeb98a1,08/06/2009,14:45,ECB Main Refinancing Operations Rate,HIGH,EUR,1%,-,-,1%,
72a0e0e3-0e49-4117-bc7f-3a4aa518384d,08/06/2009,15:30,Building Permits (MoM) (Jun),LOW,CAD,0%,-0.08,1%,16.4% ,
95c6e5ad-bfaa-4e26-8261-9a37a10329ba,08/06/2009,15:30,ECB's President Trichet speech,HIGH,EUR,,,,,SPEECH
36070524-f27b-4873-b131-a7d2b7a0722b,08/06/2009,15:30,Continuing Jobless Claims,LOW,USD,6.343M,-,-,6.197M,
6ca83f51-b060-4247-82ba-2bc8f6c5a616,08/06/2009,15:30,Initial Jobless Claims,MEDIUM,USD,554K,-,595K,584K,
0c813ac8-d48d-4966-b013-c99a203bfc69,08/07/2009,04:30,RBA Rate Statement (Jun),MEDIUM,AUD,,,,,REPORT
a1ef015e-7f7a-4b27-8f03-2ee4bc5802dd,08/07/2009,08:45,Unemployment Rate s.a (MoM) (Jul),LOW,CHF,3.7%,0,3.7%,3.6%,
aa41e4b4-f248-44c0-b178-7bbadb195b0f,08/07/2009,09:00,Trade Balance s.a. (Jun),LOW,EUR,€12.2B,-,€10.6B,€9.6B,
01faf1cd-9544-400a-b264-ae627bb9bacf,08/07/2009,11:30,Producer Price Index - Input (MoM) n.s.a (Jul),MEDIUM,GBP,-1.4%,-,-0.8%,1.5%,
34d1f199-9883-4f66-84cd-ccd6dcec03ff,08/07/2009,11:30,Producer Price Index - Input (YoY) n.s.a (Jul),MEDIUM,GBP,-12.2%,-,-10.9%,-11%,
572e2edd-c591-4a36-931b-cef827d66b74,08/07/2009,11:30,Producer Price Index - Output (MoM) n.s.a (Jul),MEDIUM,GBP,0.3%,-,0%,-0.2%,
90a6fb97-538b-44c9-a9df-a5944e9c9a2e,08/07/2009,11:30,Producer Price Index - Output (YoY) n.s.a (Jul),MEDIUM,GBP,-1.3%,-,-1.7%,-1.2%,
d6b3f614-077c-4e0b-912b-510774eaf8fb,08/07/2009,13:00,Industrial Production n.s.a. w.d.a. (YoY) (Jun),MEDIUM,EUR,-16.8%,-,-17.5%,-17.9% ,
cbe0545d-e6c1-4eca-9892-461d0817a1dd,08/07/2009,13:00,Industrial Production s.a. (MoM) (Jun),MEDIUM,EUR,1.4%,0.50,0%,3.8% ,
8a5a6ffe-dd5e-4920-a307-4ce6f86fb66e,08/07/2009,15:00,CNB Interest Rate Decision,LOW,CZK,1.25%,-,-,1.5%,
fde24979-9670-409f-84ec-8429cc8dbeb9,08/07/2009,15:30,Average Hourly Earnings (MoM) (Jul),HIGH,USD,0.3%,1.96,0.1%,0.1% ,
397fa98a-1c9c-4cb7-b8db-ff574c6d9279,08/07/2009,15:30,Average Hourly Earnings (YoY) (Jul),HIGH,USD,2.7%,4.08,2.5%,2.8% ,
75fa90cd-3516-4615-9a70-99c943da3292,08/07/2009,15:30,Average Weekly Hours (Jul),HIGH,USD,33.1,2.04,33,33.7,
d8e13bde-a6a5-42d0-9a99-8167f114ff6b,08/07/2009,15:30,Nonfarm Payrolls (Jul),HIGH,USD,-276K,-,-345K,-467K,
ff099585-c18c-447c-9a2d-a1241e79ca2a,08/07/2009,15:30,Unemployment Rate (Jul),HIGH,USD,9.4%,-,9.6%,9.5%,
2a6f137f-57c5-41f8-8d6d-71b3fba14769,08/10/2009,02:50,Current Account n.s.a. (Jun),LOW,JPY,"¥1,798.8B",0.98,"¥1,420B","¥1,288B",
254f7a13-c5e5-445d-8a4f-b58c98774a40,08/10/2009,02:50,Machinery Orders (MoM) (Jun),LOW,JPY,-9.3%,-2.04,2.8%,-2.9% ,
d391faeb-9361-40d8-8fb2-f6a1de56c43b,08/10/2009,02:50,Money Supply M2+CD (YoY) (Jul) PREL,LOW,JPY,2.7%,-,2.6%,2.7%,
e41caa37-fe2d-4c31-a13e-b952e7d94dfc,08/10/2009,02:50,Trade Balance - BOP Basis (Jun),LOW,JPY,¥602.2B,0.36,¥589.8B,¥508.7B,
9e3fefcd-765f-4630-8f36-38b786bbed6f,08/10/2009,04:30,Home Loans (Q2),LOW,AUD,1.25%,-,1.9%,2.2% ,
cd7f776c-f912-48c9-814e-c7f044b90508,08/10/2009,04:30,Investment Lending for Homes (Q2),NONE,AUD,-2.3%,-,-,4.7% ,
be4c4b22-94e5-42db-b01d-08a9653e6ee0,08/10/2009,08:00,Eco Watchers Survey: Current (Jul),LOW,JPY,42.4,-0.23,43.4,40.6,
541830c0-394a-4c8b-8db7-7e25d25b9c84,08/10/2009,08:00,Eco Watchers Survey: Outlook (Jul),LOW,JPY,44.9,-,-,43,
b7ec0152-fb78-458d-8e09-2aa70bbe075e,08/10/2009,09:00,Machine Tool Orders (YoY) (Jul),LOW,JPY,-72.2%,-,-,-72.3%,
52f7e89e-e76d-4b3d-8a9f-5b67bda3c39e,08/10/2009,11:30,Sentix Investor Confidence (Aug),LOW,EUR,-17,-,-25.9,-31.3,
d2259b58-2c1f-40db-b130-613c90c08993,08/10/2009,11:46,Tokyo Condominium Sales (YoY),NONE,JPY,-9.1%,-,-,-8.5%,
57be8397-b0e9-4d41-a949-cfb2346baa30,08/11/2009,02:01,BRC Like-For-Like Retail Sales (YoY) (Jul),LOW,GBP,1.8%,-,-,1.4%,
ce6f119c-99af-40dd-bc33-101b9d2a03dc,08/11/2009,02:01,RICS Housing Price Balance (Jul),LOW,GBP,-8.1%,0.21,-9.8%,-19% ,
e6f71cbe-3c8e-4aa1-a4b9-95603f763b20,08/11/2009,04:30,National Australia Bank's Business Conditions (Jul),LOW,AUD,1,-,-,-2,
f453da78-e779-49c4-ba24-b66aca84a973,08/11/2009,04:30,National Australia Bank's Business Confidence (Jul),LOW,AUD,10,-,-,4,
0817ca5a-c399-4e8f-9661-5019fdcd9920,08/11/2009,06:40,BoJ Interest Rate Decision,HIGH,JPY,0.1%,0,0.1%,0.1%,
8be7f9c7-2f04-4449-af57-31000f3f6e5f,08/11/2009,08:00,Consumer Confidence Index (Jul),LOW,JPY,39.7,1.09,38,36.5,
14aff8b8-e036-42df-ba2b-1978ba9acb46,08/11/2009,09:00,Consumer Price Index (MoM) (Jul),LOW,EUR,0%,-,-0.1%,-0.1%,
b470a2d6-8692-4914-a1db-e9c372d399ce,08/11/2009,09:00,Consumer Price Index (YoY) (Jul),LOW,EUR,-0.5%,-,-0.6%,-0.6%,
6ef588e6-f13b-4008-8def-cb3ffcdb82da,08/11/2009,09:00,Wholesale Price Index (MoM) (Jul),LOW,EUR,-0.5%,-,0.1%,0.9%,
f11806f8-5524-4381-b30c-228f64d1097f,08/11/2009,09:00,Wholesale Price Index (YoY) (Jul),LOW,EUR,-10.6%,-,-9.7%,-8.8%,
0e6d5a82-73d7-4c19-a830-273b16a5c6ae,08/11/2009,11:30,Goods Trade Balance (Jun),MEDIUM,GBP,£-6.4B,-0.17,£-6.3B,£-6.504B,
2e41878a-1fd8-4d81-ae22-745fd3d4167f,08/11/2009,11:30,Trade Balance; non-EU (Jun),MEDIUM,GBP,£-2.37B,-0.14,£-2.3B,£-3.133B,
dc89f6ed-3ea1-45db-891a-611cf67afe7e,08/11/2009,11:35,DCLG House Price Index (YoY) (Jun),LOW,GBP,-10.7%,-,-11.3%,-12.5% ,
65c3783c-3307-4cc2-b647-256fd6045959,08/11/2009,15:15,Housing Starts s.a (YoY) (Jul),MEDIUM,CAD,132.1K,-0.67,141.4K,142.7K,
dda6d032-fdcc-4326-ab98-5147c523bc3d,08/11/2009,15:30,Nonfarm Productivity (Q2) PREL,MEDIUM,USD,6.4%,0.87,5.2%,0.3%,
e101638a-c153-4aa1-9078-3df072801d62,08/11/2009,15:30,Unit Labor Costs (Q2) PREL,LOW,USD,-5.8%,-1.34,-2.3%,-2.7%,
96b9768d-2a4a-4f3a-87fe-29ae872cd02a,08/11/2009,17:00,Wholesale Inventories (Jun),LOW,USD,-1.7%,-,-1%,-0.8% ,
1a79d4fd-c6f3-4a6c-8b60-99b78d858734,08/12/2009,02:50,Producer Price Index (MoM) (Jul),LOW,JPY,0.4%,-,0%,-0.3% ,
47c00d39-059d-49ea-b84d-6e41845a5533,08/12/2009,02:50,Producer Price Index (YoY) (Jul),LOW,JPY,-8.5%,0.71,-8.7%,-6.7% ,
eeaadfbf-c7c8-49ec-9201-b05b06d01743,08/12/2009,04:00,Westpac Consumer Confidence (Aug),LOW,AUD,3.7%,-,-,9.3%,
11619cfe-172d-4bfa-95c3-fd23abaf59ea,08/12/2009,04:30,Wage Price Index (QoQ) (Q2),LOW,AUD,0.8%,0.00,0.8%,0.9%,
7d78c347-36e7-487c-99c7-69ed53a20fed,08/12/2009,04:30,Wage Price Index (YoY) (Q2),LOW,AUD,3.8%,0.00,3.8%,4% ,
5af9b26a-3f80-4308-b659-d7cfd23b49fa,08/12/2009,07:30,Capacity Utilization (Jun),LOW,JPY,2.3%,-,-,5.2% ,
fd9492c9-0742-4b96-8aa0-57c5f7ade44a,08/12/2009,07:30,Industrial Production (MoM) (Jun),LOW,JPY,1.9%,-,2.4%,2.4%,
ab28d9a0-550a-44c7-8786-1374df409ae4,08/12/2009,07:30,Industrial Production (YoY) (Jun),LOW,JPY,-22.9%,-,-,-23.4%,
3462d9ed-f9ae-431c-8612-c2d8732d1970,08/12/2009,11:30,Average Earnings Excluding Bonus (3Mo/Yr) (Jun),LOW,GBP,2.5%,0,2.5%,2.6%,
52074a9b-68a6-4e4a-aee9-30aa997de9d5,08/12/2009,11:30,Average Earnings Including Bonus (3Mo/Yr) (Jun),LOW,GBP,1.1%,-,2.4%,2.3%,
8480f966-dd1a-4e6c-ac05-90d308091541,08/12/2009,11:30,Claimant Count Change (Jul),LOW,GBP,21.4K,-,20K,21.5K,
b8072d2d-e18e-4a37-ac12-a4326a23be2d,08/12/2009,11:30,Claimant Count Rate (Jul),LOW,GBP,4.9%,0,4.9%,4.8%,
4fb10b45-2e21-4862-bbc3-97eeddd2fc3a,08/12/2009,11:30,ILO Unemployment Rate (3M) (Jun),MEDIUM,GBP,7.8%,-,7.7%,7.6%,
5fbb9b3d-3227-475c-a26e-eb5ba337fa89,08/12/2009,12:00,Industrial Production s.a. (MoM) (Jun),LOW,EUR,1.1%,1.78,0.3%,2.3% ,
610106cf-8068-4f8f-b1a7-97dac860a35a,08/12/2009,12:00,Industrial Production w.d.a. (YoY) (Jun),LOW,EUR,-16.8%,-0.30,-16.4%,-17.2% ,
bdfd1ffc-9be6-4c64-beb7-f848d402b1f9,08/12/2009,12:30,BoE Monetary Policy Report,MEDIUM,GBP,,,,,REPORT
a9856dcd-0deb-4f2b-8cbc-0928f3be9334,08/12/2009,12:30,BoE's Governor King speech,MEDIUM,GBP,,,,,IN PROGRESS
6e932876-9d10-4147-9986-153199d33fda,08/12/2009,14:00,MBA Mortgage Applications,LOW,USD,-3.5%,-,-,4.4%,
17d6ce9c-aacd-4b98-9a88-1aa6bbdec97f,08/12/2009,15:30,International Merchandise Trade (Jun),MEDIUM,CAD,$-0.103B,0.37,$-0.5B,$-1.54B,
ab6f9098-e6b3-4db3-b111-3c2de34332be,08/12/2009,15:30,New Housing Price Index (MoM) (Jun),LOW,CAD,-0.2%,-,0%,-0.1%,
4277067f-0e73-4030-a0b7-c6a8a35dc5bc,08/12/2009,15:30,New Housing Price Index (YoY) (Discontinued) (Jun),LOW,CAD,-3.3%,-,-,-3%,
03e7f628-235d-4b60-b88b-97e734c0758e,08/12/2009,15:30,Goods and Services Trade Balance (Jun),HIGH,USD,$-27.49B,0.23,$-28.4B,$-25.8B,
126ecc23-0011-4518-af42-207fad6f5aeb,08/12/2009,17:30,EIA Crude Oil Stocks Change,MEDIUM,USD,2.5M,-,0.9M,1.7M,
fa3fd5d9-af45-4950-be36-d40ad53a305f,08/12/2009,21:00,Monthly Budget Statement (Jul),LOW,USD,$-111.9B,-,$-148.8B,$-94.3B,
7e99e179-6e47-4d9b-b5cf-c7bc979340fe,08/12/2009,21:15,Fed Interest Rate Decision,HIGH,USD,0.25%,0,0.25%,0.25%,
5886d789-2a1f-4b84-8c6f-70f5ee43ff25,08/13/2009,04:00,Consumer Inflation Expectations (Aug),MEDIUM,AUD,3.5%,-,-,3.2%,
3be7f835-0430-463f-a9bd-a9202e67cd13,08/13/2009,09:00,Gross Domestic Product (QoQ) (Q2) PREL,MEDIUM,EUR,0.5%,-,-0.2%,-3.8% ,
f334efe4-f78f-4f74-a8ed-8f71215e0d17,08/13/2009,09:00,Gross Domestic Product (YoY) (Q2) PREL,MEDIUM,EUR,-7.1%,-,-7.6%,-6.7% ,
5a8df3d6-3572-4a50-9951-75ffcb8c6f9b,08/13/2009,09:00,Gross Domestic Product w.d.a (YoY) (Q2) PREL,MEDIUM,EUR,-5.9%,-,-6.6%,-6.9% ,
2bd650f2-d798-4d9e-b80f-8b67747b21fe,08/13/2009,10:15,Producer and Import Prices (MoM) (Jul),LOW,CHF,0%,-,0.1%,0%,
d5176aff-b9c2-400c-b4bf-8f0a9c21c1e2,08/13/2009,10:15,Producer and Import Prices (YoY) (Jul),LOW,CHF,-6.1%,-,-5.8%,-5.6%,
ee314174-7234-426f-bddf-589a8ed73750,08/13/2009,11:00,ECB Monthly Report,LOW,EUR,,,,,REPORT
bc4fbd55-0874-4a78-8a53-c6d43394130f,08/13/2009,12:00,Gross Domestic Product s.a. (QoQ) (Q2) PREL,LOW,EUR,-0.1%,-,-0.5%,-2.5%,
30ef1ab3-be54-41df-be4a-4acd78b41977,08/13/2009,12:00,Gross Domestic Product s.a. (YoY) (Q2) PREL,LOW,EUR,-4.6%,-,-5.1%,-5.2%,
db6595f5-697f-4337-a576-8862fb537456,08/13/2009,15:30,Continuing Jobless Claims,LOW,USD,6.239M,-,6.35M,6.31M,
0892f048-9610-4c7e-b738-56f11ebdff43,08/13/2009,15:30,Import Price Index (MoM) (Jul),MEDIUM,USD,-0.7%,-0.37,-0.5%,2.7% ,
7fa4baf6-feef-4d73-8cf3-abecd12820c1,08/13/2009,15:30,Import Price Index (YoY) (Jul),MEDIUM,USD,-19.3%,-0.13,-19%,-17.5% ,
8ad0fd9d-2a10-45af-a502-0b06e0addced,08/13/2009,15:30,Initial Jobless Claims,HIGH,USD,561K,-,540K,550K,
14caee9c-1aa2-4013-a8b9-882780dbd9f9,08/13/2009,15:30,Retail Sales (MoM) (Jul),HIGH,USD,2.2%,3.05,-0.3%,1.7% ,
4948043e-b8ea-4ac3-9103-f562feb702b3,08/13/2009,15:30,Retail Sales ex Autos (MoM) (Jul),HIGH,USD,-0.5%,-0.72,0.1%,1.1% ,
4f3a3f37-2dd2-4f68-8fb3-a7aa61ac5d34,08/13/2009,17:00,Business Inventories (Jun),LOW,USD,-1.4%,-2.32,-0.9%,-1.2%,
c24fe065-2929-4183-931d-6a4f8ef4483c,08/13/2009,19:30,SARB Interest Rate Decision,NONE,ZAR,7%,-,-,7.5%,
b517762a-7acb-43cc-a871-297ad433c660,08/14/2009,01:45,Retail Sales (QoQ) (Q2),LOW,NZD,-0.1%,-,-0.3%,0.8% ,
3d1f6972-0c7a-477a-b37b-5e5f8fadcdad,08/14/2009,01:45,Retail Sales ex Autos (QoQ) (Q2),MEDIUM,NZD,-0.6%,-,-0.5%,1.6% ,
1183f4f3-78fd-46fb-ab19-7e41edcc9af9,08/14/2009,02:50,Tertiary Industry Index (MoM) (Jun),LOW,JPY,0.2%,-,-0.3%,-0.1% ,
1ba5c741-2ea9-4264-bf55-4f41f0515ab1,08/14/2009,11:00,Danmarks Nationalbank's interest rate change,NONE,DKK,1.1%,-,-,1.2%,
b8ae6247-abca-4fc6-8681-b9113bb8ef03,08/14/2009,12:00,Core Harmonized Index of Consumer Prices (YoY) (Jul),MEDIUM,EUR,1.3%,0,1.3%,1.4%,
2371a513-fe37-4fc3-ac43-5414c56955d2,08/14/2009,12:00,Harmonized Index of Consumer Prices (MoM) (Jul),MEDIUM,EUR,-0.7%,-,-0.6%,0.2%,
25e23eb3-f3a9-4442-8049-13351b666e09,08/14/2009,12:00,Harmonized Index of Consumer Prices (YoY) (Jul),LOW,EUR,-0.6%,0,-0.6%,-0.6%,
86292f59-a7ae-4d52-af67-2e6125e4c4ee,08/14/2009,15:30,Manufacturing Sales (MoM) (Jun),LOW,CAD,2.2%,0.85,-0.3%,-5.1% ,
f52918b9-2917-4ea0-978a-0144820305e4,08/14/2009,15:30,New Motor Vehicle Sales (MoM) (Jun),NONE,CAD,-0.5%,-,-1%,1% ,
5db28801-70e2-491d-96e0-709f7d2e6273,08/14/2009,15:30,Consumer Price Index (MoM) (Jul),MEDIUM,USD,0%,0.00,0%,0.8% ,
b467a828-ea1f-499e-aa72-3b35b3794fee,08/14/2009,15:30,Consumer Price Index (YoY) (Jul),MEDIUM,USD,-2.1%,-,-1.9%,-1.4%,
463ef0a3-6472-42ac-903b-12f299ae785b,08/14/2009,15:30,Consumer Price Index ex Food & Energy (MoM) (Jul),MEDIUM,USD,0.1%,-1.58,0.2%,0.1% ,
b90a2850-39fe-43fa-9810-03fc11304e99,08/14/2009,15:30,Consumer Price Index ex Food & Energy (YoY) (Jul),MEDIUM,USD,1.5%,-,1.6%,1.7%,
05b981fd-b58f-49ce-a0bc-4f16d8f55cb6,08/14/2009,16:15,Capacity Utilization (Jul),LOW,USD,69%,2.18,68.1%,66.7% ,
a714906d-6d34-4c44-b719-34109db51285,08/14/2009,16:15,Industrial Production (MoM) (Jul),LOW,USD,1%,-,0.2%,-0.4%,
b367db93-5369-4a41-85fb-649c345e8e85,08/14/2009,16:55,Michigan Consumer Sentiment Index (Aug) PREL,MEDIUM,USD,63.2,-,68.6,66,
ea895ac4-6cd2-4f40-b9cb-4948d38fc67a,08/17/2009,02:01,Rightmove House Price Index (MoM) (Aug),LOW,GBP,-2.2%,-,-,0.2% ,
65908318-d139-4daf-baae-d2811acf11cf,08/17/2009,02:01,Rightmove House Price Index (YoY) (Aug),LOW,GBP,-3.1%,-,-,-3.3% ,
26a77e1b-c6cd-4f62-a671-1a4b3fcb2360,08/17/2009,02:50,Gross Domestic Product (QoQ) (Q2) PREL,LOW,JPY,0.9%,-,1%,-3.8% ,
0a86b40a-b1a0-4e27-a3b8-9bc0955a8eb4,08/17/2009,02:50,Gross Domestic Product Annualized (Q2) PREL,LOW,JPY,3.7%,-0.02,3.9%,-17.9% ,
080a9737-d3a9-4dfc-a5b5-850ffd53ce80,08/17/2009,10:15,Real Retail Sales (YoY) (Jun),LOW,CHF,0.5%,-0.06,0.8%,-0.3% ,
2ee44c8e-09ca-4177-a5a5-e4136c65298b,08/17/2009,12:00,Trade Balance n.s.a. (Jun),LOW,EUR,€5.505B,-,-,€1.4B,
38aba69a-bde7-4b56-8624-e4647caf3165,08/17/2009,12:00,Trade Balance s.a. (Jun),LOW,EUR,€2.3B,0.44,€1.4B,€1.7B,
bb84be05-530b-4965-9926-79bfd9e80c1d,08/17/2009,15:30,NY Empire State Manufacturing Index (Aug),MEDIUM,USD,12.08,1.03,2.2,0,
1fa240ac-04fe-405d-86d5-bfdb0e6b643d,08/17/2009,16:00,Net Long-Term TIC Flows (Jun),MEDIUM,USD,$90.2B,1.87,$17.5B,$-17.6B,
0c83096d-fd78-4d13-b346-f0858f145ed6,08/17/2009,16:00,Total Net TIC Flows (Jun),MEDIUM,USD,$-31.2B,-,-,$-35.1B,
80b73faa-1652-4854-a09e-f9b603143f7a,08/17/2009,20:00,NAHB Housing Market Index (Aug),LOW,USD,18,0,18,17,
2d2b626a-d40d-4e91-aaa5-06144fbc9f7c,08/18/2009,04:30,RBA Meeting Minutes,MEDIUM,AUD,,,,,REPORT
c58f81b7-0598-43ec-a1a4-a796b0be0b48,08/18/2009,08:00,Coincident Index (Jun),LOW,JPY,89.6,-,87.9,87.8,
64d9a879-a3f3-4e95-b1b0-986ae45b4b16,08/18/2009,08:00,Leading Economic Index (Jun),MEDIUM,JPY,83,-,79.9,79.8,
12854967-627d-47ab-9abd-c8b5a994b52e,08/18/2009,11:30,Consumer Price Index (MoM) (Jul),MEDIUM,GBP,0%,-,-0.3%,0.3%,
a976ba13-13cc-4830-b9f2-6ffa275aca6e,08/18/2009,11:30,Consumer Price Index (YoY) (Jul),MEDIUM,GBP,1.8%,-,1.6%,1.8%,
c284a7ac-3450-4e3f-a9ea-8fb007861260,08/18/2009,11:30,Core Consumer Price Index (YoY) (Jul),MEDIUM,GBP,1.8%,-,1.5%,1.6%,
1e8fc0e5-0930-4c99-8ecf-6b7d836e9d73,08/18/2009,11:30,Retail Price Index (MoM) (Jul),MEDIUM,GBP,0%,-,-0.2%,0.3%,
988cc81c-26eb-436b-93aa-4cd2dfc80b11,08/18/2009,11:30,Retail Price Index (YoY) (Jul),MEDIUM,GBP,-1.4%,-,-1.7%,-1.6%,
ff2a8724-54fd-44a1-96d0-f3db2b3c40a1,08/18/2009,12:00,ZEW Survey – Economic Sentiment (Aug),HIGH,EUR,56.1,-,45,39.5,
a305c159-f3ec-4492-a7ba-35286a44a172,08/18/2009,12:00,ZEW Survey – Economic Sentiment (Aug),LOW,EUR,54.9,-,43,39.5,
5b421f41-0716-4710-a22c-b498a3fd37a0,08/18/2009,15:30,Canadian Portfolio Investment in Foreign Securities (Jun),LOW,CAD,$-1.204B,-,-,$-0.77B,
b14a9e96-4234-49ea-895e-4cc85b37c11d,08/18/2009,15:30,Foreign Portfolio Investment in Canadian Securities (Jun),MEDIUM,CAD,$11.235B,-0.44,$13.55B,$19.18B,
407deae8-7d4f-4abb-b422-b158d42a5a18,08/18/2009,15:30,Building Permits (MoM) (Jul),MEDIUM,USD,0.56M,-0.49,0.58M,0.595M,
2c460239-43ef-479d-bf2b-d4898c114340,08/18/2009,15:30,Housing Starts (MoM) (Jul),MEDIUM,USD,0.59M,-0.15,0.6M,0.585M,
94f93289-6c26-4235-8127-51853fe893c3,08/18/2009,15:30,Producer Price Index (MoM) (Jul),MEDIUM,USD,-0.9%,-,-0.2%,1.8%,
bd7bcffa-943a-4f8c-b067-f4fa1665410b,08/18/2009,15:30,Producer Price Index (YoY) (Jul),LOW,USD,-6.8%,-,-5.8%,-4.6%,
01151252-81b0-4b46-a6d7-a5b26cbaf051,08/18/2009,15:30,Producer Price Index ex Food & Energy (MoM) (Jul),MEDIUM,USD,-0.1%,-,0.1%,0.5%,
eb659b4b-7d1b-4f01-8018-6aa1b2f6b56a,08/18/2009,15:30,Producer Price Index ex Food & Energy (YoY) (Jul),MEDIUM,USD,2.6%,-,2.8%,3.3%,
5d566a1c-642c-4316-95d2-b4842d77cd8f,08/19/2009,01:45,Producer Price Index - Input (QoQ) (Q2),LOW,NZD,0%,-,-1%,-2.5%,
ac602782-c6d6-49cf-8db2-200f6b5e1abf,08/19/2009,01:45,Producer Price Index - Output (QoQ) (Q2),LOW,NZD,-0.7%,-,-0.5%,-1.4%,
f26c755e-1bf8-4be0-ad17-cc4e619bddaf,08/19/2009,03:01,CBRT Interest Rate Decision,LOW,TRY,7.75%,-,-,8.25%,
5670f88e-426e-4af8-9305-3ca04b62ef25,08/19/2009,04:00,Westpac Leading Index (MoM) (Jul),LOW,AUD,0.43%,-,-,0.15% ,
39b5f550-6df8-492c-9d7a-286e8503b59e,08/19/2009,07:30,All Industry Activity Index (MoM) (Jun),LOW,JPY,0.2%,-,0.4%,0.7%,
98ecab8f-1836-459c-846e-56435d4dcd1c,08/19/2009,09:00,Producer Price Index (MoM) (Jul),LOW,EUR,-1.5%,-,-0.1%,-0.1%,
9c851cba-f5f5-4f3f-9f38-4788a91c2182,08/19/2009,09:00,Producer Price Index (YoY) (Jul),LOW,EUR,-7.8%,-,-6.5%,-4.6%,
058f273d-3ca2-4a31-97a9-8d2b8a00c744,08/19/2009,11:00,Current Account n.s.a (Jun),LOW,EUR,€-6.802B,-,-,€-12.3B,
05fa7a1c-ddc0-41e5-8d49-e1b53afd0e25,08/19/2009,11:00,Current Account s.a (Jun),MEDIUM,EUR,€-7.95B,-0.97,€-1.7B,€-2.1B,
91013ba9-7cee-4b21-a76d-c9e11ebd78b7,08/19/2009,11:30,BoE Minutes,HIGH,GBP,,,,,REPORT
b4400ee0-7603-4600-b840-4d972f8d1c74,08/19/2009,12:00,Construction Output s.a (MoM) (Jun),LOW,EUR,-0.3%,-,-,-0.6% ,
365ae81a-ae71-44f4-82cf-e06df3011a46,08/19/2009,12:00,Construction Output w.d.a (YoY) (Jun),LOW,EUR,-7.8%,-,-,-5.5% ,
563ccfa6-1525-4ade-bc23-cb19ba7a6a28,08/19/2009,13:00,CBI Industrial Trends Survey – Orders (MoM) (Aug),LOW,GBP,-54%,-,-50%,-59%,
e349ffbe-8752-4c45-a128-70da85f58b68,08/19/2009,14:00,BoC Consumer Price Index Core (MoM) (Jul),MEDIUM,CAD,0%,-,0.1%,0%,
b0ba3fc4-addc-4571-85d6-2ca45ee6f326,08/19/2009,14:00,BoC Consumer Price Index Core (YoY) (Jul),MEDIUM,CAD,1.8%,-,1.9%,1.9%,
77437b90-fe11-480c-9c40-75dfe21c6dfc,08/19/2009,14:00,Consumer Price Index (MoM) (Jul),MEDIUM,CAD,-0.3%,-,-0.2%,0.3%,
f574f15a-5262-489a-9cea-13ea9f271dc6,08/19/2009,14:00,Consumer Price Index (YoY) (Jul),MEDIUM,CAD,-0.9%,-,-0.8%,-0.3%,
74abf144-c9c0-462e-bf0f-c5b3d530d988,08/19/2009,14:00,MBA Mortgage Applications,LOW,USD,5.6%,-,-,-3.5%,
720cb6ca-0a78-434a-86aa-26c17df954d4,08/19/2009,15:30,Leading Indicators (MoM) (Jul),LOW,CAD,0.6%,-,0.2%,-0.1%,
3b4dad2d-ecbb-4130-8460-62579cac54c6,08/19/2009,17:30,EIA Crude Oil Stocks Change,MEDIUM,USD,-8.4M,-,1.1M,2.5M,
5cf16fcd-01e1-43b7-a07b-184008f0cccd,08/20/2009,04:30,RBA Foreign Exchange Transaction (Jul),LOW,AUD,705M,-,-,"1,943M",
f013a29b-afbd-43ec-ae71-e9417b799b67,08/20/2009,09:15,Trade Balance (Jul),LOW,CHF,2.21M,-,1.79M,1.57M,
a6085f1d-ef2d-4664-950c-e01992cbb15c,08/20/2009,11:30,CML Gross Mortgage Lending s.a.,NONE,GBP,£16B,-,-,£12.3B,
2c06b663-0c4c-4d04-9521-20f42cbd955f,08/20/2009,11:30,M4 Money Supply (MoM) (Jul) PREL,LOW,GBP,1%,-,0.2%,-0.2% ,
328e4dbf-09c2-44e9-854c-43e1f4afd48b,08/20/2009,11:30,M4 Money Supply (YoY) (Jul) PREL,LOW,GBP,13.6%,-,13.3%,13.8% ,
e3b4bb47-0bb4-41bc-a2b2-b32c44eeec4b,08/20/2009,11:30,Public Sector Net Borrowing (Jul),LOW,GBP,£8B,3.80,£0.6B,£15.182B,
18cf720c-1eb3-4c08-9e9e-54db811e3615,08/20/2009,11:30,Retail Sales (MoM) (Jul),MEDIUM,GBP,0.2%,-,0.4%,1.2% ,
721cd82a-52aa-45d2-b6ac-8689b474f9a0,08/20/2009,11:30,Retail Sales (YoY) (Jul),MEDIUM,GBP,2.9%,0.16,2.7%,1.7% ,
cc416e1b-596c-4743-b4cb-93e2d6235085,08/20/2009,12:00,ZEW Survey – Expectations (Aug),LOW,CHF,18.6,-,-,0,
4f770b78-7089-4eea-9280-dfa2b61a01b5,08/20/2009,15:30,Wholesale Sales (MoM) (Jun),LOW,CAD,0.6%,-,-0.1%,-0.3% ,
d1aa10fd-a104-4b72-8bb8-0c626d3fe732,08/20/2009,15:30,Continuing Jobless Claims,LOW,USD,6.252M,-,6.19M,6.202M,
f270512f-3534-4134-b38c-57639284d0eb,08/20/2009,15:30,Initial Jobless Claims,HIGH,USD,580K,-,548K,558K,
7b0ab87f-7d77-4f5f-836a-bb8088a5f5ae,08/20/2009,17:00,Philadelphia Fed Manufacturing Survey (Aug),MEDIUM,USD,4.2,0.84,-2,-6.6,
44130510-d94f-4ac4-9ece-b6b47928f48e,08/21/2009,01:45,Visitor Arrivals (YoY) (Jul),LOW,NZD,3.9%,-,-,-5.1% ,
eff80feb-6566-4ed8-85f5-7f75d93730b5,08/21/2009,10:30,HCOB Manufacturing PMI (Aug) PREL,MEDIUM,EUR,-,-,47.1,45.7,
600fc4dc-ea14-430d-b1fb-a967a7085888,08/21/2009,10:30,HCOB Services PMI (Aug) PREL,MEDIUM,EUR,-,-,48.8,-,
143a7386-b894-461b-8328-81f460ce3cd9,08/21/2009,11:00,HCOB Manufacturing PMI (Aug) PREL,LOW,EUR,-,-,47.8,-,
c254e63e-4743-42aa-8458-3511dbbc52ad,08/21/2009,11:00,HCOB Services PMI (Aug) PREL,LOW,EUR,-,-,46.6,-,
5d2cdc00-cae6-4117-b6f4-fb919c8091be,08/21/2009,17:00,Existing Home Sales (MoM) (Jul),MEDIUM,USD,5.24M,1.22,5M,4.1M,
f4ad6018-7b75-41db-bd9d-686c6fde3c1d,08/21/2009,17:00,Existing Home Sales Change (MoM) (Jul),MEDIUM,USD,7.2%,1.16,2.3%,2.5% ,
09d398d7-6c67-49df-ab18-1d084b25a78a,08/21/2009,17:00,Former Fed's Chair Bernanke speech,MEDIUM,USD,,,,,SPEECH
5651d7ee-558b-4063-a957-cae72993b696,08/24/2009,03:00,MNB Interest Rate Decision,LOW,HUF,,,,,ALL DAY
b613c11e-0ef1-43c3-b549-18015a359bdb,08/24/2009,04:30,New Motor Vehicle Sales (MoM) (Jul),LOW,AUD,-6.9%,-,-,5.7% ,
d65d2230-0f43-4d2c-9568-894d297aae06,08/24/2009,04:30,New Motor Vehicle Sales (YoY) (Jul),LOW,AUD,-10.4%,-,-,-7.2%,
c7182943-9e5b-4fb6-98e2-2679b00a52d7,08/24/2009,12:00,Industrial New Orders (YoY) (Jun),LOW,EUR,-24.9%,-,-28.6%,-30.3% ,
678bd2e0-e505-4d47-a29f-a228a510a5c9,08/24/2009,12:00,Industrial New Orders s.a. (MoM) (Jun),LOW,EUR,2.7%,-,1.7%,-0.5% ,
8e072144-300b-4c0a-b648-3759f1ff0c90,08/24/2009,15:30,Retail Sales (MoM) (Jun),LOW,CAD,1%,-,0%,1.2% ,
70cccb7f-0519-42d6-84d1-bc2bb7f43f8a,08/24/2009,15:30,Retail Sales ex Autos (MoM) (Jun),LOW,CAD,1.1%,-,0.2%,0.7% ,
d82f9970-4215-49e8-9dbf-8b32383b73de,08/25/2009,06:00,RBNZ Inflation Expectations (QoQ) (Q3),LOW,NZD,2.3%,-,-,2.17% ,
52ed9841-da85-4b14-aab0-8143408aa8c6,08/25/2009,09:00,UBS Consumption Indicator (Jul),LOW,CHF,0.75,-,-,0.96,
76415058-cdc5-4d61-8703-f4c4015ea57e,08/25/2009,09:00,Gross Domestic Product (QoQ) (Q2),MEDIUM,EUR,0.5%,0.45,0.3%,0.5%,
ebd619eb-fe0d-4d07-93dd-8fd5b499ba06,08/25/2009,09:00,Gross Domestic Product (YoY) (Q2),MEDIUM,EUR,-6.8%,0.78,-7.1%,-7.1%,
f7dcbac4-cb34-4ebc-b0b4-86a34504f1c3,08/25/2009,09:00,Gross Domestic Product w.d.a (YoY) (Q2),MEDIUM,EUR,-5.8%,-,-5.9%,-5.9%,
d315b5af-acdb-46c7-a3cf-092e1f4b813f,08/25/2009,10:15,Employment Level (QoQ) (Q2),LOW,CHF,3.95M,-0.62,3.96M,4.525M,
46501740-b38f-4110-bab9-126896084a88,08/25/2009,11:30,BBA Mortgage Approvals (Jul),LOW,GBP,40.763K,-,37.9K,35.56K,
16022d89-1ee1-4378-91c6-40cb53faa321,08/25/2009,16:00,Barack Obama Press Conference,HIGH,USD,,,,,SPEECH
5f1b72de-08c2-4556-9613-c0b4ff46e08c,08/25/2009,16:00,S&P/Case-Shiller Home Price Indices (YoY) (Jan),LOW,USD,-15.4%,2.22,-16.3%,-17%,
9e087e6b-46a2-4e54-a2e5-ee8d588cb795,08/25/2009,17:00,Consumer Confidence (Aug),MEDIUM,USD,54.5,-,48,46.6,
a51fba07-1ba1-45f7-bf2f-c7bcadb6eb0f,08/25/2009,17:00,Housing Price Index (MoM) (Jun),MEDIUM,USD,0.1%,-0.22,0.4%,-0.1% ,
0f3e6baf-b53a-4956-9d00-c442cd0c2e5c,08/25/2009,17:00,Richmond Fed Manufacturing Index (Aug),LOW,USD,14,-0.24,17,-4,
07fbd8f1-6da4-4dba-91b3-dd5ce3fde2d2,08/26/2009,02:50,Adjusted Merchandise Trade Balance (Jul),LOW,JPY,¥222.1B,-,¥297.9B,¥438.2B,
ecdc9c39-a571-412c-ab3f-921af17f2e03,08/26/2009,02:50,Corporate Service Price Index (YoY) (Jul),LOW,JPY,-3.4%,0.00,-3.4%,-1.8% ,
077b1c93-cd51-4602-adae-a2448e440442,08/26/2009,02:50,Merchandise Trade Balance Total (Jul),LOW,JPY,¥377.9B,-0.08,¥385B,¥487B,
3b20c37d-6050-4115-b97c-a1292bf40015,08/26/2009,03:30,Construction Work Done (Q2),LOW,AUD,0.39%,-,-3%,-3% ,
f114bc9b-ee09-4465-9997-c69ff8e9a73d,08/26/2009,11:00,IFO – Business Climate (Aug),MEDIUM,EUR,90.6,2.18,89,85.1,
ca26f0d4-7e5c-40f8-a2e1-5d4a2e453dca,08/26/2009,11:00,IFO – Expectations (Aug),MEDIUM,EUR,95.3,3.52,92,92.3,
acc6fcaa-b4f0-4a0d-896c-4a7b5c5ee386,08/26/2009,14:00,MBA Mortgage Applications,LOW,USD,7.5%,-,-,5.6%,
59b43b5f-b9bb-4e0a-91e3-0db7bae8fc39,08/26/2009,15:30,Durable Goods Orders (Jul),MEDIUM,USD,4.9%,1.35,3%,-3.6% ,
f94cd60d-2251-4932-83ca-761530f374ef,08/26/2009,15:30,Durable Goods Orders ex Transportation (Jul),MEDIUM,USD,0.8%,-0.08,1%,2.1% ,
df26c445-2c50-4d64-8b93-58453e6dbd42,08/26/2009,17:00,New Home Sales (MoM) (Jul),MEDIUM,USD,0.433M,1.32,0.392M,0.393M,
ead1a5c5-b4be-4e33-bf9a-945dfb069a82,08/26/2009,17:00,New Home Sales Change (MoM) (Jul),MEDIUM,USD,9.6%,1.88,1.6%,4.5% ,
3dfce8b7-561c-4ad1-903a-ff349616064e,08/26/2009,17:30,EIA Crude Oil Stocks Change,MEDIUM,USD,0.2M,-,-1.5M,-8.4M,
59f4a675-e181-4677-86d1-edc746b06c45,08/26/2009,19:00,Fed's Lockhart speech,LOW,USD,,,,,SPEECH
ba29b5c6-33e6-4d8a-a82f-8aaed39609dc,08/27/2009,01:45,Trade Balance NZD (MoM) (Jul),MEDIUM,NZD,$-163M,-0.12,$-139M,$-331M,
5ba212cd-3df5-4049-b7cc-5845554ec3fe,08/27/2009,04:30,Private Capital Expenditure (Q2),LOW,AUD,-1%,0.69,-4.7%,-4% ,
025f629a-6f72-4021-a75c-00d58806bccf,08/27/2009,09:00,GfK Consumer Confidence Survey (Sep),LOW,EUR,3.8,-,3.6,3.5,
f5baa47f-d526-4859-93be-5f77a0ed64b4,08/27/2009,09:00,Nationwide Housing Prices n.s.a (YoY) (Aug),MEDIUM,GBP,-2.7%,-,-3.9%,-6.2%,
9de5288c-76dd-405a-8b5e-cdff538e9a8c,08/27/2009,09:00,Nationwide Housing Prices s.a (MoM) (Aug),LOW,GBP,1.4%,0.74,0.6%,1.6% ,
b5fdccc9-ae3c-4e09-9348-6a45f66e561e,08/27/2009,11:00,M3 Money Supply (YoY) (Jul),LOW,EUR,2.9%,-0.30,3.1%,3.6%,
1f2c13b3-df90-4421-8279-1305f45a9025,08/27/2009,11:34,Total Business Investment (QoQ) (Q2) PREL,LOW,GBP,-10.4%,-,-3.6%,-7.6%,
fcfad787-d5a4-4892-9854-9f87f939f747,08/27/2009,11:35,Total Business Investment (YoY) (Q2) PREL,LOW,GBP,-18.4%,-,-12.2%,-9.7%,
582560a7-f125-47a9-b1c6-929371535199,08/27/2009,13:00,CBI Distributive Trades Survey – Realized (MoM) (Aug),LOW,GBP,-16%,-,-11%,-15%,
11210c8b-503e-4439-b8a4-f4ac33a2b17c,08/27/2009,15:25,Consumer Price Index (YoY) (Aug) PREL,LOW,EUR,0%,-,-0.2%,-0.5%,
bca92892-45a7-4cdc-9498-f3e744cbda4e,08/27/2009,15:25,Consumer Price Index (MoM) (Aug) PREL,LOW,EUR,0.2%,-,0%,0%,
3a684803-8b53-454a-97e3-0a5707bd0e4f,08/27/2009,15:30,Continuing Jobless Claims,LOW,USD,6.133M,-,6.215M,6.241M,
baca4523-ffbe-432b-a8a7-ad799c28ec52,08/27/2009,15:30,Core Personal Consumption Expenditures (QoQ) (Q2) PREL,HIGH,USD,-1%,-,-1.2%,-1.2%,
bc8caa28-ee45-481d-97a2-b2b3d76d6a6d,08/27/2009,15:30,Gross Domestic Product Annualized (Q2) PREL,HIGH,USD,-1%,-,-1.4%,-1%,
545e9f79-ba18-464c-8b95-2effa5154ffc,08/27/2009,15:30,Gross Domestic Product Price Index (Q2) PREL,MEDIUM,USD,0.5%,-,0.7%,0.7%,
4b50b94f-6892-4dc8-aa0d-c8a8d1c8e77f,08/27/2009,15:30,Initial Jobless Claims,HIGH,USD,574K,-,565K,576K,
5d201a07-3f35-4d36-b422-3c66280c6544,08/28/2009,01:45,Building Permits s.a. (MoM) (Jul),LOW,NZD,4.5%,-,-,-9.5% ,
7318ed16-62ea-4cc2-b814-76bea22787f5,08/28/2009,02:01,GfK Consumer Confidence (Aug),MEDIUM,GBP,-25,-,-24,-25,
8bea40d2-a625-4a8a-accf-e9b64ed45ff9,08/28/2009,02:30,National Consumer Price Index (YoY) (Jul),LOW,JPY,-2.2%,0,-2.2%,-1.8%,
e3ddfdeb-e156-42aa-857d-bf9445243bfa,08/28/2009,02:30,"National CPI ex Food, Energy (YoY) (Jul)",MEDIUM,JPY,-0.9%,-1.34,-0.8%,-0.4% ,
486ddc57-4f6c-4646-a66d-4ae7c9636bef,08/28/2009,02:30,National CPI ex Fresh Food (YoY) (Jul),LOW,JPY,-2.2%,0,-2.2%,-1.7%,
0ae52e38-c113-4f7c-b6f2-723399a09173,08/28/2009,02:30,Overall Household Spending (YoY) (Jul),LOW,JPY,-2%,-,-0.6%,0.2%,
8487e3fd-e307-4a08-84d1-1c2fab7d4300,08/28/2009,02:30,Tokyo Consumer Price Index (YoY) (Aug),LOW,JPY,-1.7%,-,-1.8%,-1.8%,
502cd3c8-fc21-49f9-8798-0fa525b74ffa,08/28/2009,02:30,"Tokyo CPI ex Food, Energy (YoY) (Aug)",MEDIUM,JPY,-1.1%,1.58,-1.2%,-0.9% ,
7cf27dd2-2cbf-4590-ae74-2026255fab5c,08/28/2009,02:30,Tokyo CPI ex Fresh Food (YoY) (Aug),LOW,JPY,-1.9%,-0.22,-1.8%,-1.7%,
59228166-75ca-4ad8-b45e-71104fd2a165,08/28/2009,02:30,Unemployment Rate (Jul),MEDIUM,JPY,5.7%,1.83,5.5%,5.2% ,
6ef4b7ec-a231-4cf2-93e7-007af247e80b,08/28/2009,06:00,M3 Money Supply (YoY) (Jul),LOW,NZD,3.8%,-,-,2.7%,
146cbbf7-6963-4357-858c-3aa73992b268,08/28/2009,11:00,Danmarks Nationalbank's interest rate change,NONE,DKK,1%,-,-,1.1%,
ac5d2a3f-376d-4d82-879a-3a5848209a37,08/28/2009,11:30,Gross Domestic Product (QoQ) (Q2) PREL,MEDIUM,GBP,-0.7%,-,-0.8%,-0.8%,
b97856ed-0644-4eef-93a2-e677a77de0ce,08/28/2009,11:30,Gross Domestic Product (YoY) (Q2) PREL,MEDIUM,GBP,-5.5%,-,-5.6%,-5.6%,
7077d352-12d7-4593-89f8-df7feca96a56,08/28/2009,11:30,Index of Services (3M/3M) (Jun),LOW,GBP,-0.6%,0,-0.6%,-1%,
25fab5ce-d60f-479d-892f-2ccca7bd7357,08/28/2009,12:00,Consumer Confidence (Aug),LOW,EUR,-22.1,-,-21,-23,
e12c7185-34b0-43be-89b4-a729cd46688e,08/28/2009,12:00,Economic Sentiment Indicator (Aug),LOW,EUR,84.7,3.02,78,75.9,
f7efcdf4-773b-4de4-a230-4363352faf00,08/28/2009,12:00,Industrial Confidence (Aug),LOW,EUR,-26,1.14,-28,-29.9,
daf090a7-336d-4908-90bb-d951a1b289b7,08/28/2009,12:30,KOF Leading Indicator (Aug),LOW,CHF,-0.04,-,-0.6,-0.99,
ebdae90f-3926-493a-92db-68d10f53c763,08/28/2009,15:30,Current Account (Q2),MEDIUM,CAD,-12.455B,-,-11.2B,-10.66B,
f80d9b9e-8d54-4ca5-b31b-9d4b9145cef7,08/28/2009,15:30,Industrial Product Price (MoM) (Jul),LOW,CAD,-0.6%,-,-0.5%,0.5%,
3cc00ae1-672f-4378-9350-ea40c3ac4013,08/28/2009,15:30,Core Personal Consumption Expenditures - Price Index (MoM) (Jul),HIGH,USD,0.1%,0.00,0.1%,0.1% ,
bb3bd754-4920-4fe2-b888-387d7615d36b,08/28/2009,15:30,Core Personal Consumption Expenditures - Price Index (YoY) (Jul),HIGH,USD,1.4%,1.25,1.3%,1% ,
b932ff28-8df2-4815-8932-2f0b7fa85073,08/28/2009,15:30,Personal Consumption Expenditures - Price Index (MoM) (Jul),MEDIUM,USD,0.3%,0.31,0.2%,0.6%,
72b66b98-b661-4416-b83d-02d295975483,08/28/2009,15:30,Personal Consumption Expenditures - Price Index (YoY) (Jul),MEDIUM,USD,-0.8%,0.49,-0.9%,-0.8% ,
7b7738e4-a1ba-4ff6-9790-23295aa4c67e,08/28/2009,15:30,Personal Income (MoM) (Jul),HIGH,USD,0.2%,0.00,0.2%,-1% ,
522efa8f-6ebb-4c7e-b15d-b0cea040f58a,08/28/2009,17:00,Michigan Consumer Sentiment Index (Aug),MEDIUM,USD,65.7,-,64.5,63.2,
66d39349-29cc-4609-ab8b-6b06d3f2638c,08/31/2009,02:15,Jibun Bank Manufacturing PMI (Sep),MEDIUM,JPY,-,-,-,-,
e5ea297b-d68f-4114-84ae-b6bb46d94471,08/31/2009,02:50,Retail Trade (YoY) (Jul),MEDIUM,JPY,-2.5%,-,-,-3%,
d7d101f5-8573-4ca1-be5a-c393fc3fb738,08/31/2009,03:00,Summer Bank Holiday,NONE,GBP,,,,,ALL DAY
76f4e48b-c99c-4c3f-9227-deebaa8e49c1,08/31/2009,04:30,Company Gross Operating Profits (QoQ) (Q2),LOW,AUD,-10.37%,-,-4.4%,-4.3% ,
aa2309b3-96f0-46f4-917a-99837fef2388,08/31/2009,04:30,Private Sector Credit (MoM) (Jul),LOW,AUD,0.2%,-,-,0.1%,
b3c74cf6-c79d-42dd-9637-f6b4de81adc5,08/31/2009,04:30,Private Sector Credit (YoY) (Jul),NONE,AUD,3%,-,-,3.3% ,
89a3686f-ab54-4c4c-b24f-bbac797afc27,08/31/2009,04:30,Labor Cash Earnings (YoY) (Jul),LOW,JPY,-5.6%,-,-6.3%,-7.1% ,
d394ee69-2dc5-4faa-9086-718cbdffa1ff,08/31/2009,06:00,ANZ Business Confidence,LOW,NZD,34.2,-,-,18.7,
8e7efe81-ad7c-4a1b-a13e-aee892dd1d13,08/31/2009,08:00,Housing Starts (YoY) (Jul),LOW,JPY,-32.1%,-,-30.3%,-32.4%,
028372e5-52ca-4861-b4d9-f3193fab831b,08/31/2009,08:19,HIA New Home Sales (MoM) (Jul),MEDIUM,AUD,0.1%,-,-,0.5%,
f773f5e7-49ed-489c-8d14-eaa690fe90e2,08/31/2009,12:00,Harmonized Index of Consumer Prices (YoY) (Aug) PREL,LOW,EUR,-0.2%,-,-0.4%,-0.6%,
cc87b447-b90a-4525-9acd-9f8d92193a29,08/31/2009,15:00,NBP Base rate,LOW,PLN,3.5%,-,-,3.5%,
ec64d655-ad07-46fe-b806-3ff45f677bcb,08/31/2009,15:30,Gross Domestic Product (MoM) (Jun),MEDIUM,CAD,0.2%,0.00,0.2%,-0.1% ,
4d1d8266-2ccf-4a5e-8f14-0d3c077d30c8,08/31/2009,15:30,Gross Domestic Product Annualized (Q2),LOW,CAD,-3.5%,-,-3%,-9% ,
15e81778-6d58-4f62-bf23-b79e73e916f9,08/31/2009,16:45,Chicago PMI (Aug),MEDIUM,USD,50,0.58,47.4,43.6,
e8441d3c-df48-48d3-a90b-739ad7de54e8,09/01/2009,04:30,Building Permits (MoM) (Jul),NONE,AUD,5.24%,-,3.3%,9.9% ,
d1f165f6-bd8d-4047-9dd8-08a80509cf0a,09/01/2009,04:30,Building Permits (YoY) (Jul),LOW,AUD,1.73%,-,-9.1%,-14.3% ,
f18e7abd-f15f-44cb-b512-dbf16eaaabbc,09/01/2009,07:30,RBA Interest Rate Decision,HIGH,AUD,3%,0,3%,3%,
908f83fe-7c32-4f6b-8d54-c36b6e06a4c2,09/01/2009,08:45,Gross Domestic Product (QoQ) (Q2),LOW,CHF,-0.5%,0.85,-0.9%,-1.8% ,
2431974c-e376-43a4-8ea5-dee1aca25207,09/01/2009,08:45,Gross Domestic Product (YoY) (Q2),LOW,CHF,-3.3%,-0.42,-3%,-3.1% ,
9a29c3b9-2e35-4a71-bf05-58b47e8dde65,09/01/2009,09:00,Retail Sales (MoM) (Jul),LOW,EUR,-1.1%,-,0.7%,-1.3% ,
40da19a3-3692-43b2-a817-1c09124133b7,09/01/2009,09:00,Retail Sales (YoY) (Jul),LOW,EUR,-1%,-,-1.2%,-1.6% ,
c12cbffe-19b0-4d12-a73c-450ad80f677e,09/01/2009,10:30,SVME - Purchasing Managers' Index (Aug),MEDIUM,CHF,50.2,1.73,47.1,43.8,
4b34ac74-26c0-4f80-8e65-52f8b9eef880,09/01/2009,10:55,HCOB Manufacturing PMI (Aug),LOW,EUR,-,-,49,-,
468c1e5c-0689-4608-a3f0-37e51e7711b2,09/01/2009,10:55,Unemployment Change (Aug),LOW,EUR,-4K,-1.21,33K,-10K,
9379c9ca-2055-4af3-a259-48773878baff,09/01/2009,10:55,Unemployment Rate s.a. (Aug),LOW,EUR,8.3%,-,8.4%,8.3%,
5f01238e-6a24-42c6-bec6-085c61d2acac,09/01/2009,11:00,HCOB Manufacturing PMI (Aug),LOW,EUR,-,-,47.9,-,
307c8f2f-f992-4e02-b2f7-0fe7ff67ee99,09/01/2009,11:03,Vehicle Sales (YoY) (Aug),NONE,JPY,2.3%,-,-,-14%,
bca0aa45-18e2-4429-a8b8-4120247d9078,09/01/2009,11:30,M4 Money Supply (MoM) (Jul),LOW,GBP,1.3%,-,-,1%,
0a4fc7eb-ed55-46ac-a00d-808605951dd7,09/01/2009,11:30,M4 Money Supply (YoY) (Jul),LOW,GBP,14.4%,-,-,13.6%,
cb0137a4-6045-4e66-a51e-92b7b58dacf1,09/01/2009,11:30,Mortgage Approvals (Jul),LOW,GBP,52K,-,51K,47.58K,
06a45c3d-8162-41d2-a623-6d9553021ba6,09/01/2009,11:30,Net Lending to Individuals (MoM) (Jul),LOW,GBP,£-0.5B,-,£0.3B,£0.4B,
1dedd10a-f3cb-4ab3-8cff-163480514aec,09/01/2009,11:30,S&P Global Manufacturing PMI (Aug),MEDIUM,GBP,-,-,51.5,50.8,
75486309-7469-4d1d-b8c2-bd5f1e968ca9,09/01/2009,11:43,RBA Commodity Index SDR (YoY) (Aug),LOW,AUD,-30.4%,-,-,-31.8%,
e3b50c71-0d9e-4801-801e-c289d8581b09,09/01/2009,12:00,Unemployment Rate (Jul),MEDIUM,EUR,9.6%,-,9.5%,9.4% ,
a45bd062-40ed-4b17-98ac-597c537e07b1,09/01/2009,17:00,Construction Spending (MoM) (Jul),LOW,USD,-1.1%,-0.65,-0.1%,-0.8% ,
127cf06a-d206-46cc-b21a-24398fb9e42f,09/01/2009,17:00,ISM Manufacturing PMI (Aug),MEDIUM,USD,52.9,1.66,50.5,49.7,
9248c670-b26a-402c-958a-6eed90e1cde8,09/01/2009,17:00,Pending Home Sales (MoM) (Jul),MEDIUM,USD,3.2%,0.72,1.5%,1.9% ,
9f6598bd-9e5a-4697-abfc-256659eb48f6,09/02/2009,02:50,Monetary Base (YoY) (Jul),LOW,JPY,6.1%,-,6.8%,6.4% ,
c777484b-fdb4-4828-96aa-9b0ec3157bf4,09/02/2009,04:30,Gross Domestic Product (QoQ) (Q2),MEDIUM,AUD,0.3%,-0.15,0.4%,1%,
dd7baa09-1047-4358-9319-693be6628091,09/02/2009,04:30,Gross Domestic Product (YoY) (Q2),LOW,AUD,0.8%,0.17,0.7%,1.6% ,
0750b676-6a59-4ae5-b5fb-f8978ea17ffa,09/02/2009,11:30,S&P Global Construction PMI (Aug),LOW,GBP,-,-,48.1,-,
4ba389bf-7832-420c-b285-4e168373a89f,09/02/2009,12:00,Gross Domestic Product s.a. (QoQ) (Q2) PREL,LOW,EUR,-0.1%,0,-0.1%,-0.1%,
22f2495e-e187-46b5-ba06-e6fff2f74853,09/02/2009,12:00,Gross Domestic Product s.a. (YoY) (Q2) PREL,LOW,EUR,-4.7%,0,-4.7%,-4.6%,
01a0e7bc-99f6-4160-9a1d-09e52ded2578,09/02/2009,12:00,Producer Price Index (YoY) (Jul),LOW,EUR,-8.5%,0.20,-8.6%,-6.3% ,
a603df17-53af-4bf6-884a-ffa04c6aeb4c,09/02/2009,14:00,MBA Mortgage Applications,LOW,USD,-2.2%,-,-,7.5%,
a3821c00-3942-4a2c-9438-f5a887b926ea,09/02/2009,15:15,ADP Employment Change (Aug),MEDIUM,USD,-277K,-0.44,-240K,-325K,
f90257e9-c4ff-4d9c-a000-2b2633626d9e,09/02/2009,15:30,Nonfarm Productivity (Q2),MEDIUM,USD,6.6%,0.34,6.1%,6.4%,
b3d09bdb-e985-49ca-bc45-dfa7ad6590ae,09/02/2009,15:30,Unit Labor Costs (Q2),LOW,USD,-5.9%,-0.21,-5.3%,-5.8%,
9d1bb869-42a8-4b9c-944c-fbaf24bf987d,09/02/2009,17:00,Factory Orders (MoM) (Jul),MEDIUM,USD,1.4%,-0.73,2%,0.6% ,
48c15503-281c-461e-9d2c-eb70e1afeff0,09/02/2009,17:30,EIA Crude Oil Stocks Change,MEDIUM,USD,-0.4M,-,-0.8M,0.2M,
19815564-9954-45c3-94df-02ea76e4c7da,09/02/2009,18:30,Fed's Lockhart speech,LOW,USD,,,,,SPEECH
e94e25a8-d960-4a89-af04-81b49781948c,09/02/2009,21:00,FOMC Minutes,MEDIUM,USD,,,,,REPORT
80747e0d-fb4d-489a-818a-87f68564d19e,09/03/2009,04:30,Trade Balance (MoM) (Jul),MEDIUM,AUD,-1.356M,-0.69,-0.84M,"-1,220M",
50adee95-712b-4258-9ab2-bdce298aa9c5,09/03/2009,10:55,HCOB Services PMI (Aug),LOW,EUR,-,-,54.1,-,
ec73deac-40c4-4f57-99ce-f0ab40017c6f,09/03/2009,11:00,HCOB Services PMI (Aug),LOW,EUR,-,-,49.5,-,
c25af03a-d529-420c-95b0-8c6c382734af,09/03/2009,11:30,S&P Global Services PMI (Aug),LOW,GBP,-,-,53.9,-,
8301e093-83a7-437b-ad04-f5706e391bd9,09/03/2009,12:00,Retail Sales (MoM) (Jul),MEDIUM,EUR,0.2%,-,0.3%,-0.2% ,
0837491a-430b-408e-8266-074a51d5edb4,09/03/2009,12:00,Retail Sales (YoY) (Jul),MEDIUM,EUR,-1.7%,-,-2.2%,-2.2% ,
f69d56ff-f83f-41d0-adf1-bcdfe1dc415a,09/03/2009,14:45,ECB Main Refinancing Operations Rate,HIGH,EUR,1%,0,1%,1%,
bd065517-ffe2-4d9c-9c10-04af6b03901d,09/03/2009,15:30,ECB's President Trichet speech,MEDIUM,EUR,,,,,SPEECH
a9a30ade-d865-414c-a306-966df10d3473,09/03/2009,15:30,Continuing Jobless Claims,LOW,USD,6.234M,-,6.13M,6.133M,
5b482b30-f46f-450a-b713-b8bcd6810bff,09/03/2009,15:30,Initial Jobless Claims,MEDIUM,USD,576K,-,560K,570K,
541cdbc4-60dd-474b-af3c-51778a4b9b69,09/03/2009,17:00,ISM Services PMI (Aug),MEDIUM,USD,48.4,0.17,48.2,47.1,
b8f7df57-03fe-4591-9e60-125c0b7efadf,09/04/2009,02:50,Capital Spending (Q2),LOW,JPY,-21.7%,-,-,-25.3%,
d7b6ff65-40dd-4b2d-b1c7-a2e8dd1e507e,09/04/2009,03:00,G20 Meeting,MEDIUM,EUR,,,,,ALL DAY
d98a80a4-76fa-4081-bacd-096daca2269a,09/04/2009,10:15,Consumer Price Index (MoM) (Aug),MEDIUM,CHF,0.1%,-,0.3%,-0.7%,
36e51eec-deb0-428c-b3af-a73d9394fc6c,09/04/2009,10:15,Consumer Price Index (YoY) (Aug),MEDIUM,CHF,-0.8%,-,-0.7%,-1%,
f7ac31ea-eeca-4204-b00b-6caa0180e292,09/04/2009,13:00,Producer Price Index (MoM) (Jul),NONE,EUR,-0.7%,-,-,0.3% ,
40415340-f7a7-4c5f-98a8-4e05b8f7395b,09/04/2009,14:00,Net Change in Employment (Aug),MEDIUM,CAD,26.4K,-,-20K,-7.4K,
e6fa7694-26a6-4c32-880d-a2661ee42987,09/04/2009,14:00,Unemployment Rate (Aug),MEDIUM,CAD,8.7%,-,8.8%,8.6%,
22aa6dc1-4107-4dde-b11c-948a0fe022f6,09/04/2009,15:30,Average Hourly Earnings (MoM) (Aug),HIGH,USD,0.4%,-,0.1%,0.2% ,
bba9c848-be1b-4864-8182-41d5c785cfb6,09/04/2009,15:30,Average Hourly Earnings (YoY) (Aug),HIGH,USD,2.6%,2.95,2.2%,2.7%,
340efc15-cda4-454f-9fbb-87372bd392e8,09/04/2009,15:30,Average Weekly Hours (Aug),HIGH,USD,33.1,0.00,33.1,33.8,
0bd05922-5c4f-4d1d-8406-88633e0328a5,09/04/2009,15:30,Nonfarm Payrolls (Aug),HIGH,USD,-201K,-,-223K,-247K,
b4f586fa-3c80-46b6-ac81-b500b03decab,09/04/2009,15:30,Unemployment Rate (Aug),HIGH,USD,9.7%,1.41,9.5%,9.5% ,
39220963-d0be-425a-bf6f-318b6c0ffa48,09/04/2009,17:00,Ivey Purchasing Managers Index (Aug),MEDIUM,CAD,55.7,-,54,51.8,
87c08710-eebf-474c-b162-79bdc649258b,09/05/2009,03:00,G20 Meeting,MEDIUM,EUR,,,,,ALL DAY
0772839d-d700-4bc5-831a-95342215891d,09/07/2009,03:00,Labor Day,NONE,USD,,,,,ALL DAY
84952eb0-8c1c-4fde-bcfe-10bbac4c8487,09/07/2009,04:30,ANZ Job Advertisements (Aug),LOW,AUD,2.4%,-,-,-1.7% ,
cfff43cf-4913-4cb9-b8c4-f91a388cb754,09/07/2009,11:30,Sentix Investor Confidence (Sep),LOW,EUR,-14.6,-,-13.5,-17,
916dd2a8-0098-4001-9446-a7c818c174aa,09/07/2009,13:00,Factory Orders n.s.a. (YoY) (Jul),MEDIUM,EUR,-19.9%,-,-,-25.2% ,
af7ed120-3b40-4e01-a640-c642b60bc851,09/07/2009,13:00,Factory Orders s.a. (MoM) (Jul),MEDIUM,EUR,3.4%,0.77,2%,4.1% ,
f34413f8-c6b2-4d4e-96ea-a5c57d2b3ce3,09/08/2009,02:01,BRC Like-For-Like Retail Sales (YoY) (Aug),NONE,GBP,-0.1%,-,-,1.8%,
7c69712b-4318-4763-a122-859d3aabb09b,09/08/2009,02:01,RICS Housing Price Balance (Aug),MEDIUM,GBP,-5.7%,-0.81,-0.1%,-7% ,
497adf99-d735-4720-a262-6ab48c36ce13,09/08/2009,02:50,Current Account n.s.a. (Jul),LOW,JPY,"¥1,159B",-0.74,"¥1,410B","¥1,287.6B",
f4053105-a6b5-486f-997e-59a5a580ed6f,09/08/2009,02:50,Money Supply M2+CD (YoY) (Aug),LOW,JPY,2.8%,-,2.7%,2.7%,
05b67bce-6198-421e-86e5-f1cfd611b6a6,09/08/2009,02:50,Trade Balance - BOP Basis (Jul),MEDIUM,JPY,¥437.3B,-,-,¥704.6B,
d9abb63c-22ce-452c-beb1-d6b3ff7e2f3b,09/08/2009,04:30,National Australia Bank's Business Conditions (Aug),MEDIUM,AUD,4,-,-,1,
2e8a959b-cbee-4055-8997-536fe524fb56,09/08/2009,04:30,National Australia Bank's Business Confidence (Aug),MEDIUM,AUD,18,-,-,10,
9e4bb827-00f3-4e60-9733-e23f95e661d9,09/08/2009,08:00,Eco Watchers Survey: Current (Aug),LOW,JPY,41.7,-0.44,43.1,39.7,
0e7fad08-7a6f-40c6-9ceb-50a7a46ec6c9,09/08/2009,08:00,Eco Watchers Survey: Outlook (Aug),LOW,JPY,44,-,-,43.8,
38fa09a5-5954-4c81-8d25-fd8eb363961c,09/08/2009,08:45,Unemployment Rate s.a (MoM) (Aug),LOW,CHF,3.8%,-,3.9%,3.7%,
d0043c52-5e73-4501-89ec-b07e33763dc0,09/08/2009,09:00,Trade Balance s.a. (Jul),MEDIUM,EUR,€13.9B,-,€11.2B,€12.2B,
a6e2f49b-cd6d-46ba-be43-abd752d31505,09/08/2009,11:30,Industrial Production (MoM) (Jul),MEDIUM,GBP,0.4%,-,0.3%,0.5% ,
9c9cad21-3e28-4fd8-be70-601374a2e21c,09/08/2009,11:30,Industrial Production (YoY) (Jul),MEDIUM,GBP,-9.9%,-,-10.1%,-11.1% ,
a2b62c21-810b-4ca2-8046-033f3cb183ca,09/08/2009,11:30,Manufacturing Production (MoM) (Jul),LOW,GBP,0.9%,-,0.3%,0.4% ,
988d1857-5ac8-4e24-82b4-8225571122f3,09/08/2009,11:30,Manufacturing Production (YoY) (Jul),LOW,GBP,-10.1%,-,-11.1%,-11.7% ,
c2b5666a-c44f-4c48-9f28-921210f6a7a2,09/08/2009,13:00,Industrial Production n.s.a. w.d.a. (YoY) (Jul),MEDIUM,EUR,-16.3%,-,-15.8%,-17.4% ,
d6f6a6ca-9f9e-4dd9-b1cb-3d41bbe6e854,09/08/2009,13:00,Industrial Production s.a. (MoM) (Jul),MEDIUM,EUR,-0.5%,-0.98,1.6%,1.6% ,
9188d8e0-ea2c-4957-8187-e2cb5aa1a335,09/08/2009,15:30,Building Permits (MoM) (Jul),MEDIUM,CAD,-8.8%,-0.74,0.5%,-1% ,
adc3f16a-3f80-46cb-b601-78dc5ca1998b,09/08/2009,22:00,Consumer Credit Change (Jul),LOW,USD,$-19B,-1.51,$-3.8B,$-18.54B,
f08ba6ff-f311-484a-a2f2-82fc59d77cb3,09/09/2009,02:01,Nationwide Consumer Confidence (Aug),MEDIUM,GBP,65,-,62,60,
8922cda7-65f5-4872-a553-8899340165ba,09/09/2009,04:00,Westpac Consumer Confidence (Sep),LOW,AUD,5.2%,-,-,3.7%,
e8500743-4769-4558-a57b-8faf2bef6a26,09/09/2009,04:30,Home Loans (Q3),LOW,AUD,-2.79%,-,-,1.1% ,
252974d6-e71d-4252-b1fd-fe5c45b5f29b,09/09/2009,04:30,Investment Lending for Homes (Q3),NONE,AUD,-4%,-,-,-1.8% ,
8214fd5f-75dd-4fd4-8711-46485c0d45ec,09/09/2009,04:30,Retail Sales s.a. (MoM) (Jul),MEDIUM,AUD,-1.2%,-,0.6%,-0.8% ,
6e6d0bb7-44dc-40a9-919f-c137d7c599ba,09/09/2009,08:00,Coincident Index (Jul) PREL,LOW,JPY,89.6,-,-,88,
ca474a58-76c8-422e-812d-7ce049133f6b,09/09/2009,08:00,Leading Economic Index (Jul) PREL,LOW,JPY,83,-,81.9,79.9,
e2af0544-0194-45d2-89c2-f902d19d2ba1,09/09/2009,09:00,Machine Tool Orders (YoY) (Aug),LOW,JPY,-71.3%,-,-,-72.8% ,
d13e9b39-9dbd-489e-9a0e-6b578dce2340,09/09/2009,09:01,Consumer Price Index (MoM) (Aug),MEDIUM,EUR,0.2%,0,0.2%,0.2%,
1f9c94a8-abc7-4cc5-a8c5-457548f97e01,09/09/2009,09:01,Consumer Price Index (YoY) (Aug),MEDIUM,EUR,0%,-,0%,0%,
6f20505f-12b6-4305-ab5f-8947a33bcfe6,09/09/2009,11:30,Goods Trade Balance (Jul),MEDIUM,GBP,£-6.4B,-0.17,£-6.3B,£-7.092B,
a0716fa3-fea9-423e-88af-c033893546b2,09/09/2009,11:30,Trade Balance; non-EU (Jul),MEDIUM,GBP,£-2.45B,-0.86,£-2B,£-3.62B,
1bb08d05-b306-49d7-a840-fa2d37bb3942,09/09/2009,12:30,BRC Shop Price Index (YoY) (Aug),LOW,GBP,-0.02%,-,-,1.4% ,
a3b02e1c-26d3-41a9-91d4-725ca0bbd286,09/09/2009,14:00,MBA Mortgage Applications,NONE,USD,17%,-,-,-2.2%,
ba5bd46c-8fdd-41e3-ae69-f6deac897a48,09/09/2009,15:15,Housing Starts s.a (YoY) (Aug),MEDIUM,CAD,150.4K,0.94,138K,137.6K,
612c6a35-ae36-4210-b1c7-faa4b78fc2f0,09/09/2009,21:00,Fed's Beige Book,MEDIUM,USD,,,,,REPORT
50e14c94-1b57-4623-b62f-04289548c769,09/10/2009,00:00,RBNZ Interest Rate Decision,HIGH,NZD,2.5%,0,2.5%,2.5%,
65e69a17-2743-4989-9354-f531fe8bc95f,09/10/2009,01:45,Terms of Trade Index (Q2),MEDIUM,NZD,-9.4%,-,-,-2.7%,
c76e1b59-87e3-4110-a9ef-d5fcf9abdd93,09/10/2009,02:01,NIESR GDP Estimate (3M) (Aug),MEDIUM,GBP,0.1%,-,-,-0.4%,
5e6d6b91-797d-4d0c-99b0-7b1591e19efe,09/10/2009,02:50,Producer Price Index (MoM) (Aug),LOW,JPY,0%,-,-,0.4%,
5ef6c120-33b2-4244-86b1-6b3ac98b7c39,09/10/2009,02:50,Producer Price Index (YoY) (Aug),LOW,JPY,-8%,-,-,-8.4% ,
c499e6e7-15a6-41b8-9002-2ead0006ad06,09/10/2009,04:00,Consumer Inflation Expectations (Sep),LOW,AUD,3.5%,-,-,3.5%,
b534bc8e-f2fc-4dd5-9be8-ecbe8d0235dc,09/10/2009,04:30,Employment Change s.a. (Aug),MEDIUM,AUD,-19.325K,-,-14.3K,33.6K,
559d8440-a3ff-4bff-b0da-c933975ab186,09/10/2009,04:30,Unemployment Rate s.a. (Aug),MEDIUM,AUD,5.8%,-,5.9%,5.8% ,
2471da67-49c1-4c3c-98b8-0116fc6ca148,09/10/2009,11:00,ECB Monthly Report,LOW,EUR,,,,,REPORT
4333b47d-c5ee-42b5-a990-f6fcc92ca6ec,09/10/2009,11:00,Halifax House Prices (MoM) (Aug),LOW,GBP,0.8%,0.19,0.5%,0.6% ,
4b76106e-dfb1-44f0-af5e-e2ab2ac0764a,09/10/2009,11:00,Halifax House Prices (YoY/3m) (Aug),LOW,GBP,-10.1%,0,-10.1%,-12.1%,
67a535d0-dd7b-401f-8ffd-cf579f1254a9,09/10/2009,14:00,BoE Interest Rate Decision,HIGH,GBP,0.5%,0,0.5%,0.5%,
af122720-af48-4ade-a885-08c8d7d2b114,09/10/2009,15:30,International Merchandise Trade (Jul),MEDIUM,CAD,$-0.903B,-0.92,$0.1B,$0.09B,
f7bc7e49-be53-4067-a997-0a5d906eda75,09/10/2009,15:30,Continuing Jobless Claims,LOW,USD,6.088M,-,6.2M,6.234M,
a1c30f64-b88f-4a8b-8634-be96e24c970b,09/10/2009,15:30,Goods and Services Trade Balance (Jul),MEDIUM,USD,$-31.85B,-1.20,$-27.1B,$-27.2B,
84e83542-9a25-4fc2-bca8-bd198b35108d,09/10/2009,15:30,Initial Jobless Claims,MEDIUM,USD,557K,-,560K,570K,
4840b83f-da35-4f5f-880c-d05f69840d24,09/10/2009,16:00,BoC Interest Rate Decision,HIGH,CAD,0.25%,0,0.25%,0.25%,
783a0cb4-3129-4749-98fb-14ea440c475d,09/10/2009,20:00,Treasury's Geithner speech,LOW,USD,,,,,SPEECH
b52d99a8-91f9-44c7-90d8-0b69d0867609,09/11/2009,01:45,Food Price Index (MoM) (Aug),LOW,NZD,-0.9%,-,-,2.8%,
68af90ac-9179-4a4e-8bca-6690f27caff9,09/11/2009,02:50,Gross Domestic Product (QoQ) (Q2),MEDIUM,JPY,1.2%,-,-,0.9%,
6ee2561d-ca9c-4684-bba1-22a6c626a81b,09/11/2009,02:50,Machinery Orders (MoM) (Jul),LOW,JPY,-9.3%,-,-,4.8% ,
5bea107a-eed6-45af-8029-873ad546ef63,09/11/2009,08:00,Consumer Confidence Index (Aug),LOW,JPY,40.4,-,-,38.6,
8ddf6a34-918b-4ab8-aa1f-2bb4b28443a8,09/11/2009,10:14,Wholesale Price Index (YoY) (Aug),LOW,EUR,8.3%,-,-,-10.6%,
175b7efd-7508-4df0-8085-e2ab76802e6c,09/11/2009,10:14,Wholesale Price Index (MoM) (Aug),LOW,EUR,0.7%,-,-,-0.6% ,
b43d6af2-c9f9-4278-8a58-f0cbbd0e610a,09/11/2009,11:30,Producer Price Index - Input (MoM) n.s.a (Aug),MEDIUM,GBP,2%,-,-,-1.4%,
ff04a89b-593f-4695-b624-94fde7bf4c6b,09/11/2009,11:30,Producer Price Index - Input (YoY) n.s.a (Aug),MEDIUM,GBP,-7.5%,-,-,-12.2%,
7f58ade8-86a1-4474-9018-8bb0769d4144,09/11/2009,11:30,Producer Price Index - Output (MoM) n.s.a (Aug),MEDIUM,GBP,0.3%,-,-,0.3%,
343fdc4a-ae54-4ab9-ba49-61909a6b7b42,09/11/2009,11:30,Producer Price Index - Output (YoY) n.s.a (Aug),MEDIUM,GBP,-0.4%,-,-,-1.3%,
1fd18f82-a23c-4400-b4dc-1bf3afd9cd81,09/11/2009,15:30,New Housing Price Index (MoM) (Jul),MEDIUM,CAD,0.3%,-,-,-0.2%,
52d05ac5-d3db-405e-acaa-d0b4f51c2e9c,09/11/2009,15:30,New Housing Price Index (YoY) (Discontinued) (Jul),MEDIUM,CAD,-3.2%,-,-,-3.3%,
168ea09f-6040-49e9-8d65-c5e8b4a8d5d6,09/11/2009,15:30,Import Price Index (MoM) (Aug),MEDIUM,USD,1.6%,-,-,-0.6% ,
63e59b06-ba65-4f99-a752-a8107ab22468,09/11/2009,15:30,Import Price Index (YoY) (Aug),MEDIUM,USD,-15.3%,-,-,-19.1% ,
276b89e2-b41c-4ad2-92bb-fe95a39c9df1,09/11/2009,17:00,Michigan Consumer Sentiment Index (Sep) PREL,MEDIUM,USD,70.2,-,-,65.7,
196d1129-20f1-4558-a0fc-0c77c93b5364,09/11/2009,17:00,Wholesale Inventories (Jul),LOW,USD,-1.6%,-,-,-1.7%,
0cdf0d4e-a13e-456a-87fb-2694b95cd61b,09/11/2009,21:00,Monthly Budget Statement (Aug),LOW,USD,$-111.4B,-,-,$-180.7B,
09e08164-e19c-46b2-b688-9ab1a0b77ab1,09/14/2009,01:45,Retail Sales (QoQ) (Q3),MEDIUM,NZD,-0.5%,-,0.4%,0.1% ,
aee17073-598d-4cf3-bd5f-e3e0e5ebea59,09/14/2009,01:45,Retail Sales ex Autos (QoQ) (Q3),MEDIUM,NZD,-0.6%,-,0.5%,-0.4% ,
dcd2fa72-01ff-44e5-b335-0b355a05e428,09/14/2009,07:00,Tokyo Condominium Sales (YoY) (Aug),LOW,JPY,-6.2%,-,-,-9.1%,
89b372b2-602f-444f-ae9f-382ad8bf202a,09/14/2009,07:30,Capacity Utilization (Jul),LOW,JPY,3.9%,-,-,2.2% ,
a04873f2-748d-40f3-b3e2-018fd3488345,09/14/2009,07:30,Industrial Production (MoM) (Jul),LOW,JPY,1.4%,-,1.9%,2.3% ,
f89585c1-de97-4b39-b165-5a0158b331f4,09/14/2009,07:30,Industrial Production (YoY) (Jul),LOW,JPY,-22.7%,-,-,-23.5% ,
b7d5ca59-fa0a-4b2c-9cc6-09c7cc31051b,09/14/2009,10:15,Producer and Import Prices (MoM) (Aug),MEDIUM,CHF,0.1%,-,0%,0%,
ff3a536b-1b00-4663-ad7f-51bad4ffa41c,09/14/2009,10:15,Producer and Import Prices (YoY) (Aug),MEDIUM,CHF,-5.5%,-,-5.2%,-6.1%,
3086d255-96ee-4147-bf26-8472fccf0d9c,09/14/2009,12:00,Employment Change (QoQ) (Q2),MEDIUM,EUR,-0.6%,-,-,-0.8%,
ff72bc01-7bfe-4d3d-a269-335c8bd4688f,09/14/2009,12:00,Employment Change (YoY) (Q2),MEDIUM,EUR,-1.9%,-,-,-1.4% ,
a9c3d57f-421a-47dc-88ef-1242ac674597,09/14/2009,12:00,Industrial Production s.a. (MoM) (Jul),MEDIUM,EUR,0.9%,2.16,-0.3%,0.7% ,
047b7046-7936-44ee-b75e-3d60fe0dfc81,09/14/2009,12:00,Industrial Production w.d.a. (YoY) (Jul),MEDIUM,EUR,-15.9%,-,-16.7%,-16.7% ,
370f1c19-d311-49d9-a6bd-69fe7b32b81f,09/14/2009,15:30,Capacity Utilization (Q2),LOW,CAD,67.8%,2.50,65.6%,73.8% ,
1a9bb47d-2185-4d9c-85c7-cb7b40c1e4a3,09/15/2009,02:01,RICS Housing Price Balance (Aug),MEDIUM,GBP,10%,1.11,-0.2%,-7% ,
2fe089f1-5581-4a7a-b51f-e3033ea79da0,09/15/2009,04:30,RBA Meeting Minutes,HIGH,AUD,,,,,REPORT
0f8aab65-256f-48f8-a515-4bbf6ec0e410,09/15/2009,09:00,Machine Tool Orders (YoY) (Aug),LOW,JPY,-71.5%,-,-,-71.3%,
3b234d21-2070-4329-addf-98e51aebf7e2,09/15/2009,10:15,Industrial Production (QoQ) (Q2),MEDIUM,CHF,3.4%,-,8%,-13.1%,
d6abfa8c-9048-408e-823d-c8047d6fddde,09/15/2009,10:15,Industrial Production (YoY) (Q2),MEDIUM,CHF,-14.9%,-14.21,10.6%,-9.2% ,
512afbe2-b2ae-4f1c-bfea-5f41caed6b0d,09/15/2009,11:30,Consumer Price Index (MoM) (Aug),HIGH,GBP,0.4%,-,0.3%,0%,
ee0d4ad6-00d2-4062-9480-7f7a5e87be70,09/15/2009,11:30,Consumer Price Index (YoY) (Aug),HIGH,GBP,1.6%,-,1.4%,1.8%,
910c0777-53e6-42a7-9843-cd77c020cf32,09/15/2009,11:30,Core Consumer Price Index (YoY) (Aug),HIGH,GBP,1.8%,-,1.6%,1.8%,
0879a3d1-2766-4ca5-8f57-3cdcb67429e0,09/15/2009,11:30,DCLG House Price Index (YoY) (Jul),MEDIUM,GBP,-8.3%,-,-9.5%,-10.7%,
08aa753f-851f-420f-8e22-8be6337208ce,09/15/2009,11:30,Retail Price Index (MoM) (Aug),LOW,GBP,0.5%,-,0.2%,0%,
2db13e6b-c1ac-49a7-8dca-e0f3ec21d3de,09/15/2009,11:30,Retail Price Index (YoY) (Aug),LOW,GBP,-1.3%,-,-1.5%,-1.4%,
1b8a56f7-118f-47ab-9ed2-bd94030d3487,09/15/2009,11:52,Dwelling Unit Starts (QoQ) (Q2),LOW,AUD,-4.1%,-,-,-4%,
2e3296e5-e357-47be-9acf-0d6556b2b969,09/15/2009,12:00,ZEW Survey – Economic Sentiment (Sep),HIGH,EUR,57.7,-,59.9,56.1,
54affba0-2ba6-4d9c-8d82-9685813000a6,09/15/2009,12:00,ZEW Survey – Economic Sentiment (Sep),MEDIUM,EUR,59.6,-,59,54.9,
b7bc7c12-2042-4805-a4fe-1047f0f597df,09/15/2009,12:00,BoE's Governor King speech,MEDIUM,GBP,,,,,IN PROGRESS
11bf6359-965b-47a2-aea8-d8d7723c0627,09/15/2009,15:30,Labor Productivity (QoQ) (Q2),LOW,CAD,0.2%,0,0.2%,-0.8% ,
6174888a-1def-49d5-9c27-cca2d2c36822,09/15/2009,15:30,New Motor Vehicle Sales (MoM) (Jul),LOW,CAD,5.2%,-,5.1%,-0.6% ,
32e0a9e1-dfc5-4b16-8a0a-889f30dd42c7,09/15/2009,15:30,NY Empire State Manufacturing Index (Sep),MEDIUM,USD,18.9,0.50,15,12.7,
5a2ba525-163b-4249-8b25-829956cf71f4,09/15/2009,15:30,Producer Price Index (MoM) (Aug),MEDIUM,USD,1.7%,-,0.9%,-0.9%,
f6231f1d-df9a-4958-9f76-69bbb660f1be,09/15/2009,15:30,Producer Price Index (YoY) (Aug),MEDIUM,USD,-4.3%,-,-,-6.8%,
c34cfb65-5eae-4b04-9646-44ed3b77e664,09/15/2009,15:30,Producer Price Index ex Food & Energy (MoM) (Aug),MEDIUM,USD,0.2%,-,0.1%,-0.1%,
84811b8c-1a8e-4b7c-a6b6-267aaecd4085,09/15/2009,15:30,Producer Price Index ex Food & Energy (YoY) (Aug),MEDIUM,USD,6%,-,2.2%,2.6%,
b0ae006a-6675-4b49-97be-a7f290bf8419,09/15/2009,15:30,Retail Sales (MoM) (Aug),HIGH,USD,2.7%,0.76,1.7%,0.2% ,
81d832e5-1074-4096-8c5e-d79d8374d56b,09/15/2009,15:30,Retail Sales ex Autos (MoM) (Aug),HIGH,USD,1.1%,1.41,0.4%,-0.2% ,
7c033372-d445-48e8-8e79-530f3412011c,09/15/2009,17:00,Business Inventories (Jul),LOW,USD,-1.1%,-0.41,-1%,-1.3% ,
3ccae810-2529-4d42-b6c4-584ae2348ae5,09/15/2009,17:00,Former Fed's Chair Bernanke speech,MEDIUM,USD,,,,,SPEECH
35850f00-3aa4-4afa-9866-e5bf500882ca,09/16/2009,04:00,Westpac Leading Index (MoM) (Aug),LOW,AUD,0.34%,-,-,0.44% ,
99ce06f6-377c-41fa-beb9-46b6f5e88aba,09/16/2009,10:15,Real Retail Sales (YoY) (Jul),MEDIUM,CHF,0.2%,-0.17,1.1%,0.1% ,
d1ffe3d1-7928-4ff7-8219-cea2484111e5,09/16/2009,11:30,Average Earnings Excluding Bonus (3Mo/Yr) (Jul),LOW,GBP,2.2%,-,-,2.5%,
36aedb8a-8ce4-480e-96e8-edcb85ee75c6,09/16/2009,11:30,Average Earnings Including Bonus (3Mo/Yr) (Jul),LOW,GBP,0.7%,-,2%,2.5% ,
4378923c-0c8c-4586-ba9e-ec3ed776b969,09/16/2009,11:30,Claimant Count Change (Aug),MEDIUM,GBP,20.2K,-,24.8K,25.2K,
8d32ec91-1236-4470-9816-9839f23e792b,09/16/2009,11:30,Claimant Count Rate (Aug),MEDIUM,GBP,5%,0,5%,4.9%,
4aca85f6-05ea-4aba-9db7-bfa2a1b7bfe1,09/16/2009,11:30,ILO Unemployment Rate (3M) (Jul),MEDIUM,GBP,7.9%,-,8%,7.8%,
e993eccd-d0f2-41af-8596-8a87b191f0a3,09/16/2009,12:00,ZEW Survey – Expectations (Sep),LOW,CHF,58,-,-,18.6,
eec600f6-19a0-41ce-a635-72e10bd179ca,09/16/2009,12:00,Core Harmonized Index of Consumer Prices (YoY) (Aug),MEDIUM,EUR,1.3%,-,1.2%,1.3%,
2173f11d-4c52-4e18-b78a-52f3f3dcfde7,09/16/2009,12:00,Harmonized Index of Consumer Prices (MoM) (Aug),MEDIUM,EUR,0.3%,0,0.3%,-0.7%,
64ffc971-a379-4a9d-a910-bfa70f79dbfc,09/16/2009,12:00,Harmonized Index of Consumer Prices (YoY) (Aug),MEDIUM,EUR,-0.2%,0,-0.2%,-0.2%,
69fdd6a2-98d0-40a0-8d82-f6a33e932f12,09/16/2009,14:00,MBA Mortgage Applications,LOW,USD,-8.6%,-,-,17%,
dc871942-da5c-4e4f-adce-302d33db8f5b,09/16/2009,15:30,Manufacturing Sales (MoM) (Jul),LOW,CAD,5.2%,0.85,2.3%,2.7% ,
cb3a1b37-a87a-4995-a423-ca49b48d3502,09/16/2009,15:30,Consumer Price Index (MoM) (Aug),HIGH,USD,0.4%,0,0.4%,0%,
b49ed55e-8928-47c5-8109-da21acef4571,09/16/2009,15:30,Consumer Price Index (YoY) (Aug),HIGH,USD,-1.5%,-,-1.7%,-2.1%,
51a77a88-699b-412c-9416-f4063cd9f76d,09/16/2009,15:30,Consumer Price Index ex Food & Energy (MoM) (Aug),HIGH,USD,0.1%,0,0.1%,0.1%,
46430b69-6d43-407c-ad53-fdac1e5e3afc,09/16/2009,15:30,Consumer Price Index ex Food & Energy (YoY) (Aug),HIGH,USD,1.4%,0,1.4%,1.5%,
ca7ec07b-2921-459f-a276-11505baaeb76,09/16/2009,15:30,Current Account (Q2),LOW,USD,$-98B,-0.73,$-92B,$-99.4B,
5be6750f-0744-45ee-9242-23fc10b3e2b0,09/16/2009,16:00,Net Long-Term TIC Flows (Jul),MEDIUM,USD,$15.3B,-1.01,$60.3B,$92B,
141d597b-bec1-4d8a-b61d-3631514ffbf9,09/16/2009,16:00,Total Net TIC Flows (Jul),MEDIUM,USD,$-107.7B,-,-,$-92.8B,
ab4976ee-b8ef-4d51-a873-f1f3fc1a1198,09/16/2009,16:15,Capacity Utilization (Aug),LOW,USD,69.9%,1.87,69.1%,67.4% ,
e490e67d-f84f-4255-ab57-2a07a6308301,09/16/2009,16:15,Industrial Production (MoM) (Aug),LOW,USD,1.2%,0.97,0.7%,1.1% ,
edac46e5-89c5-4d0d-ba6e-eed083d5d4d3,09/16/2009,17:30,EIA Crude Oil Stocks Change,LOW,USD,-4.7M,-,-2.6M,-0.4M,
66026626-3f11-4d7d-baa6-7f1a1b82d949,09/16/2009,20:00,NAHB Housing Market Index (Sep),MEDIUM,USD,19,0,19,18,
c6099156-f5a0-490d-bdcc-ffefe2e5751e,09/17/2009,02:50,BSI Large Manufacturing Conditions Index (QoQ) (Q3),MEDIUM,JPY,15.5,-,-11.4,-13.2,
2e9e3e40-6bda-46a9-a57b-f4ae19cfe330,09/17/2009,02:50,Tertiary Industry Index (MoM) (Jul),MEDIUM,JPY,0.6%,0,0.6%,0.1% ,
8d9a754f-fea2-4319-8156-a10b5477ece8,09/17/2009,04:30,RBA Foreign Exchange Transaction (Aug),LOW,AUD,576M,-,-,705M,
4d394630-9dec-45a5-9683-aedabc15448f,09/17/2009,07:00,BoJ Interest Rate Decision,HIGH,JPY,0.1%,0,0.1%,0.1%,
5cd22ddc-b215-49ea-a7ba-4dd12b2df632,09/17/2009,N/A,RBA Annual Report,LOW,AUD,-,-,-,-,
2d600fb0-0bee-447c-93e4-31e4e95ca6cd,09/17/2009,11:30,Retail Sales (MoM) (Aug),MEDIUM,GBP,0%,-0.41,0.3%,-0.1% ,
0922edfe-8943-40d2-aacd-3c9486760eee,09/17/2009,11:30,Retail Sales (YoY) (Aug),MEDIUM,GBP,2.1%,-0.77,2.8%,1.5% ,
63c77acb-0ca7-42d3-9a4b-4627733d6fce,09/17/2009,12:00,Construction Output s.a (MoM) (Jul),LOW,EUR,-2%,-,-,-0.4% ,
08dad24b-cce7-42fc-bf03-b5fb6943d7ee,09/17/2009,12:00,Construction Output w.d.a (YoY) (Jul),LOW,EUR,-11.3%,-,-,-6.1% ,
5dfeaac0-8944-4773-8c38-cfeadfb8245f,09/17/2009,12:00,Trade Balance n.s.a. (Jul),MEDIUM,EUR,€12.492B,2.43,€6.4B,€5.2B,
0fae7753-a72e-489a-85a6-e55111208db6,09/17/2009,12:00,Trade Balance s.a. (Jul),MEDIUM,EUR,€6B,5.54,€1.2B,€3.3B,
3e1bb8d4-b5d9-4f0c-9f05-fc7560b86b19,09/17/2009,13:00,CBI Industrial Trends Survey – Orders (MoM) (Sep),LOW,GBP,-48%,-,-49%,-54%,
eb49a407-514a-4468-ab06-d6d6c04ee6d2,09/17/2009,14:00,BoC Consumer Price Index Core (MoM) (Aug),MEDIUM,CAD,0.1%,0,0.1%,0%,
387c071b-e369-419e-872c-25d38466475e,09/17/2009,14:00,BoC Consumer Price Index Core (YoY) (Aug),MEDIUM,CAD,1.6%,-,-,1.8%,
e03ae99e-6ed5-4495-bc3f-f71837f90382,09/17/2009,14:00,Consumer Price Index (MoM) (Aug),MEDIUM,CAD,0%,-,0.3%,-0.3%,
e0ae86db-3a87-4715-9e34-be4aab0e4a3a,09/17/2009,14:00,Consumer Price Index (YoY) (Aug),MEDIUM,CAD,-0.8%,-,-,-0.9%,
7668145e-2a3c-46d1-a995-64bb01660931,09/17/2009,15:00,SNB Interest Rate Decision,HIGH,CHF,0.25%,0,0.25%,0.25%,
45982e4a-be95-4bc5-9445-7f5e5e14c49c,09/17/2009,15:30,Leading Indicators (MoM) (Aug),MEDIUM,CAD,1.2%,-,0.5%,0.4% ,
b305953d-4734-4c4b-b417-2861455c31f6,09/17/2009,15:30,Building Permits (MoM) (Aug),LOW,USD,0.58M,0.00,0.58M,0.616M,
03df5295-d9c8-4d43-adff-3d68f7ee026a,09/17/2009,15:30,Continuing Jobless Claims,LOW,USD,6.23M,-,-,6.088M,
ef4de783-04bc-4c02-8c2d-0b613895b741,09/17/2009,15:30,Housing Starts (MoM) (Aug),LOW,USD,0.59M,0.00,0.59M,0.594M,
c8fd2958-d796-4023-9dfe-56bbf4e75a29,09/17/2009,15:30,Initial Jobless Claims,MEDIUM,USD,551K,-,559K,547K,
9529c77a-6dd3-4cab-a5ac-8576df99190a,09/17/2009,17:00,Philadelphia Fed Manufacturing Survey (Sep),MEDIUM,USD,14.1,0.81,8.1,8.8,
a3b6b9c0-03be-4c15-b714-3785fa9b49f0,09/17/2009,23:00,CBRT Interest Rate Decision,LOW,TRY,7.25%,-,-,7.75%,
53daa66e-3a22-4d54-9f8d-35eb6c934685,09/18/2009,08:00,BoJ Monthly Economic Survey,LOW,JPY,,,,,REPORT
ee29407b-9dee-48e7-a94e-f0e140fdca29,09/18/2009,08:00,Coincident Index (Jul),LOW,JPY,91.4,-,-,89.6,
cbe27b87-2043-47e8-93ea-a38df2046afa,09/18/2009,08:00,Leading Economic Index (Jul),MEDIUM,JPY,83.3,-,-,83,
b360e364-ba05-46a0-995e-608116ea30e8,09/18/2009,09:00,Producer Price Index (MoM) (Aug),MEDIUM,EUR,0.5%,0.72,0.1%,-1.4% ,
6f47f163-7fa2-4042-bc60-92e8e4731e97,09/18/2009,09:00,Producer Price Index (YoY) (Aug),MEDIUM,EUR,-6.9%,-,-7.2%,-7.8%,
626d137c-e0b6-4549-a2f7-49f053a246db,09/18/2009,11:00,Current Account n.s.a (Jul),LOW,EUR,€9.4B,-,-,€0.7B,
7349588d-fea7-4034-a904-503b799ecd3c,09/18/2009,11:00,Current Account s.a (Jul),LOW,EUR,€2.708B,1.79,€-4.3B,€-1.1B,
a82c8bf9-100f-4566-a01f-563f461a66c7,09/18/2009,11:30,CML Gross Mortgage Lending s.a.,NONE,GBP,£12.6B,-,-,£16B,
fd5200e3-ae75-44da-88cf-b26c5690fa3d,09/18/2009,11:30,M4 Money Supply (MoM) (Aug) PREL,LOW,GBP,0.1%,-,0.7%,1.5% ,
063c1ce7-8803-4c37-9ce5-b6f0636688e8,09/18/2009,11:30,M4 Money Supply (YoY) (Aug) PREL,LOW,GBP,12.6%,-,13.8%,14.5% ,
baaa1844-e554-41a4-81e8-9e986759d3b7,09/18/2009,11:30,Public Sector Net Borrowing (Aug),LOW,GBP,£14.7B,0.69,£12.5B,£7.734B,
a91fa47c-d0b7-47d4-8187-cdd28003171d,09/18/2009,15:30,Wholesale Sales (MoM) (Jul),MEDIUM,CAD,2.6%,1.79,0.7%,1.3% ,
92423c8f-b0a4-453b-b8bc-12ee8c138802,09/18/2009,17:00,CBRT Interest Rate Decision,LOW,TRY,7.25%,-,-,7.25%,
c7d69eb8-ec07-445c-8549-8166cb7ac4dd,09/21/2009,01:45,Visitor Arrivals (YoY) (Aug),LOW,NZD,-0.5%,-,-,0.3% ,
a748bb87-4913-4d3b-adab-fdfdc2c8ce34,09/21/2009,02:01,Rightmove House Price Index (MoM) (Sep),LOW,GBP,0.6%,0,0.6%,-0.6% ,
53f6671b-ecb8-40f5-a114-264bfed8f787,09/21/2009,02:01,Rightmove House Price Index (YoY) (Sep),LOW,GBP,-1.5%,-,-,-1.9% ,
f22fc821-0956-478c-899c-fd2bd53f20ad,09/21/2009,04:30,New Motor Vehicle Sales (MoM) (Aug),LOW,AUD,0.1%,-,-,-6.9%,
593b6a1e-7251-4a75-bcbf-709d3783ecd4,09/21/2009,04:30,New Motor Vehicle Sales (YoY) (Aug),LOW,AUD,-6.2%,-,-,-10.4%,
6b00e7bf-3389-4bea-b6a7-e50020773035,09/21/2009,15:30,Canadian Portfolio Investment in Foreign Securities (Jul),LOW,CAD,$0.473B,-,-,$1.21B,
c310bd47-cc7c-42db-b2c8-640a24f6f6d3,09/21/2009,15:30,Foreign Portfolio Investment in Canadian Securities (Jul),LOW,CAD,$0.407B,-1.70,$7.76B,$10.82B,
4450531d-0eac-4018-8485-c631a651444d,09/22/2009,01:45,Current Account (QoQ) (Q2),LOW,NZD,$0.12B,4.85,$-1.88B,$0.014B,
9a853161-ec7a-4bc2-8484-99054df41ff3,09/22/2009,08:45,SECO Economic Forecasts,LOW,CHF,,,,,REPORT
616dbf14-c87c-4956-ad75-f14855e7ec5a,09/22/2009,09:15,Trade Balance (Aug),LOW,CHF,1.72M,-,2.03M,2.35M,
4d4c83e9-87da-4073-8a88-5a55316f1e94,09/22/2009,15:30,Retail Sales (MoM) (Jul),MEDIUM,CAD,-0.5%,-,0.5%,1%,
b0db9945-bafd-4235-96de-e469185dfec2,09/22/2009,15:30,Retail Sales ex Autos (MoM) (Jul),MEDIUM,CAD,-0.7%,-,0.1%,1% ,
f7514729-86d4-446d-b801-307888aeda62,09/22/2009,17:00,CBE Interest Rate Decision,NONE,EGP,8.25%,-,-,8.5%,
f2d38cd7-27b1-432a-8d6a-21f2cb808057,09/22/2009,17:00,Housing Price Index (MoM) (Jul),MEDIUM,USD,0.3%,-0.22,0.5%,-0.1% ,
1018712f-8532-4014-bf3d-1968e176bdfe,09/22/2009,17:00,Richmond Fed Manufacturing Index (Sep),MEDIUM,USD,14,-0.16,16,9,
6c58a3fd-67c8-42a8-ab80-1cbc44a6dacc,09/23/2009,01:45,Gross Domestic Product (QoQ) (Q2),MEDIUM,NZD,0.2%,3.92,-0.2%,-0.9% ,
6241d894-13d2-4994-8b80-8796f635d4eb,09/23/2009,01:45,Gross Domestic Product (YoY) (Q2),LOW,NZD,-2.1%,-,-,-,
7a35d1c9-43fd-4634-b867-f2c4024a2832,09/23/2009,N/A,HCOB Services PMI (Sep) PREL,LOW,EUR,-,-,54,-,
23dc4808-4d7a-47b4-b86e-3798552d1223,09/23/2009,N/A,HCOB Manufacturing PMI (Sep) PREL,MEDIUM,EUR,-,-,51,49.2,
bf13af46-82f5-478c-a239-6256be5c0055,09/23/2009,N/A,HCOB Services PMI (Sep) PREL,LOW,EUR,-,-,50.5,-,
37401e37-b73a-45f1-a6f2-f758efee6ac7,09/23/2009,N/A,HCOB Manufacturing PMI (Sep) PREL,MEDIUM,EUR,-,-,49.8,-,
418d134b-9e15-43f6-a11d-8e16c9bd0eb9,09/23/2009,11:30,BBA Mortgage Approvals (Aug),LOW,GBP,40.667K,-,41.1K,38.18K,
77ae3455-f4ab-406e-ab7e-4ca9ffbbc324,09/23/2009,11:30,BoE Minutes,HIGH,GBP,,,,,REPORT
21605cb1-04cb-4bb8-9dd6-65c58d5cc83a,09/23/2009,12:00,Industrial New Orders (YoY) (Jul),MEDIUM,EUR,-23.4%,-,-25%,-25.7% ,
a95f50a9-5cc6-4ad2-be9c-6bf9d92bc4ba,09/23/2009,12:00,Industrial New Orders s.a. (MoM) (Jul),MEDIUM,EUR,4.6%,-,2%,4% ,
50dfb30d-12a8-4908-b7c4-c07e4add3cb5,09/23/2009,14:00,MBA Mortgage Applications,LOW,USD,12.8%,-,-,-8.6%,
b180fa66-f0b9-4926-b931-25215370c964,09/23/2009,15:30,Norges Bank Interest Rate Decision,NONE,NOK,1.25%,0,1.25%,1.25%,
c61501b1-9dc3-405b-b423-d2f641e7b0e4,09/23/2009,16:30,Treasury's Geithner speech,MEDIUM,USD,,,,,SPEECH
987273a9-fca5-4971-b984-0931a6127775,09/23/2009,17:30,EIA Crude Oil Stocks Change,LOW,USD,2.8M,-,-1.4M,-4.7M,
2b7da160-ba5a-4568-80e6-0c507adc951a,09/23/2009,21:15,Fed Interest Rate Decision,HIGH,USD,0.25%,0,0.25%,0.25%,
58ee0c1a-9d8c-4af4-8773-2d3ccc2a3ae6,09/24/2009,02:50,Adjusted Merchandise Trade Balance (Aug),MEDIUM,JPY,¥173.5B,-,¥180B,¥194.5B,
39158ff4-7434-4d7a-acb3-16208f135aab,09/24/2009,02:50,Merchandise Trade Balance Total (Aug),MEDIUM,JPY,¥183.3B,0.34,¥157B,¥365.7B,
00fb9864-9d6c-487b-991e-e928cb4c9d9b,09/24/2009,03:00,G20 Meeting,MEDIUM,EUR,,,,,ALL DAY
2da8011b-fc7d-4995-9594-ccdbdc39b318,09/24/2009,04:00,HIA New Home Sales (MoM) (Aug),MEDIUM,AUD,11%,-,-,0.1%,
98e57add-aeff-4455-bc14-3599726bbf61,09/24/2009,07:30,All Industry Activity Index (MoM) (Jul),LOW,JPY,0.5%,-,0.8%,0.1% ,
4b0b5165-b573-4f9e-82c9-e405d85e2935,09/24/2009,11:00,IFO – Business Climate (Sep),MEDIUM,EUR,91.4,-0.98,92.1,87.6,
d087fbd2-de4d-40c6-94e6-ad36457ca18f,09/24/2009,11:00,IFO – Expectations (Sep),MEDIUM,EUR,96,-0.54,96.6,95.5,
1ec8dd09-9639-43fb-b97e-0bbc937f4bf2,09/24/2009,12:30,CBI Interest Rate Decision,LOW,ISK,12%,0,12%,12%,
d509f08f-9f44-49be-b889-7beae8a60335,09/24/2009,15:30,Continuing Jobless Claims,LOW,USD,6.138M,-,-,6.23M,
9c82334f-48ee-4b3a-b407-261649576dea,09/24/2009,15:30,Initial Jobless Claims,MEDIUM,USD,534K,-,546K,545K,
f95cc246-284f-4da0-b358-eb708894e5d2,09/24/2009,17:00,Existing Home Sales (MoM) (Aug),LOW,USD,5.09M,-1.63,5.35M,4.37M,
82698b62-0776-4161-b5ad-b49ea56200c4,09/24/2009,17:00,Existing Home Sales Change (MoM) (Aug),MEDIUM,USD,-2.9%,-1.66,2.1%,6.6% ,
583fade9-68ae-4bf3-8d8a-222198a54bed,09/25/2009,00:45,Trade Balance NZD (MoM) (Aug),NONE,NZD,$-719M,-,-,$-177M,
e65e7fd9-0646-4bb5-b33e-c2e491ff1b82,09/25/2009,02:50,BoJ Minutes,MEDIUM,JPY,,,,,REPORT
7dc51402-eae3-4771-b5bd-146f3df1e31c,09/25/2009,02:50,Corporate Service Price Index (YoY) (Aug),NONE,JPY,-3.5%,-,-,-1.9% ,
ac2ab180-b8b5-4308-bd98-ce8067b29e0e,09/25/2009,03:00,G20 Meeting,MEDIUM,EUR,,,,,ALL DAY
9e851acf-8a94-4a02-8693-f9422f56456f,09/25/2009,09:10,GfK Consumer Confidence Survey (Oct),MEDIUM,EUR,4.2,-,-,3.8,
49bd37df-096b-4b5b-b222-1a77ca74ab9a,09/25/2009,11:00,M3 Money Supply (YoY) (Aug),LOW,EUR,2.4%,-,2.7%,3% ,
7f58e32c-3517-4759-8f8d-a81718c43969,09/25/2009,11:30,Total Business Investment (QoQ) (Q2),LOW,GBP,-3%,-,-,-10.4%,
82057293-7a3b-419f-b43d-b41087618ca6,09/25/2009,11:30,Total Business Investment (YoY) (Q2),LOW,GBP,-21.7%,-,-,-18.4%,
f7b8f6ac-c9c3-4c23-bbd0-017bd1f63059,09/25/2009,15:30,Durable Goods Orders (Aug),MEDIUM,USD,-2.6%,-4.12,0.3%,6.7% ,
a00b8d9e-7066-4949-96bd-64607f61b948,09/25/2009,15:30,Durable Goods Orders ex Transportation (Aug),MEDIUM,USD,-0.3%,-0.48,0.8%,1.8% ,
4ec8c7eb-ffa3-4fea-a1ef-a1e59c6cc49b,09/25/2009,17:00,Michigan Consumer Sentiment Index (Sep),MEDIUM,USD,73.5,-,70.1,70.2,
ba3f2c52-2ba3-4353-9057-d96e62d8008a,09/25/2009,17:00,New Home Sales (MoM) (Aug),MEDIUM,USD,0.417M,-0.97,0.443M,0.411M,
b7c0eae6-9887-426a-ae92-6df268cac1db,09/25/2009,17:00,New Home Sales Change (MoM) (Aug),MEDIUM,USD,1%,-0.28,2.2%,4.6% ,
77d1ace7-eafc-4ca6-bd9e-60906b2bd6da,09/28/2009,16:35,Consumer Price Index (MoM) (Sep) PREL,MEDIUM,EUR,-0.4%,-,-0.2%,0.2%,
a6595b73-9094-4ced-9f3d-a7cfcdf3cb3c,09/28/2009,16:35,Consumer Price Index (YoY) (Sep) PREL,MEDIUM,EUR,-0.3%,-,-0.1%,0%,
341ce59f-4dcf-4b98-b309-548aeb5f0aa3,09/28/2009,17:30,ECB's President Trichet speech,HIGH,EUR,,,,,SPEECH
85efed12-1fbc-4afa-9524-c88c2401693d,09/29/2009,01:45,Building Permits s.a. (MoM) (Aug),LOW,NZD,1.8%,-,-,5% ,
33c2fbef-82b3-483b-b06d-0fa64ca7ebb3,09/29/2009,02:30,National Consumer Price Index (YoY) (Aug),LOW,JPY,-2.2%,0,-2.2%,-2.2%,
f47b2239-d790-4e12-8eb7-acef7242db59,09/29/2009,02:30,"National CPI ex Food, Energy (YoY) (Aug)",LOW,JPY,-0.9%,8.16,-1.3%,-0.6% ,
8d042eeb-ed55-4348-817f-904798ee055a,09/29/2009,02:30,National CPI ex Fresh Food (YoY) (Aug),LOW,JPY,-2.4%,0,-2.4%,-2.2%,
aa681f66-775d-41ca-aff0-d31121416b5e,09/29/2009,02:30,Tokyo Consumer Price Index (YoY) (Sep),LOW,JPY,-2.1%,-2.37,-1.8%,-1.7%,
1b00dcca-d124-4ed0-8006-2f99de1478da,09/29/2009,02:30,"Tokyo CPI ex Food, Energy (YoY) (Sep)",LOW,JPY,-1.4%,-,-0.9%,-1.1%,
9f5a2c11-0885-4ab9-b7ef-5fd97d133221,09/29/2009,02:30,Tokyo CPI ex Fresh Food (YoY) (Sep),LOW,JPY,-2.1%,-,-2%,-1.9%,
13dcbeff-c68c-4db5-a131-b44fd90c7e01,09/29/2009,06:00,M3 Money Supply (YoY) (Aug),LOW,NZD,-1.8%,-,-,3.8%,
7bb16e55-3869-4c11-9a40-d3d3d1b21c8f,09/29/2009,09:00,UBS Consumption Indicator (Aug),LOW,CHF,0.62,-,-,0.77,
73ea5ac9-5f6c-412c-9a26-69e247b9e4aa,09/29/2009,11:30,Consumer Credit (Aug),MEDIUM,GBP,£-0.3B,-,-,£0.1B,
c10f766a-be69-499d-96d5-8836cb9fa1d8,09/29/2009,11:30,Current Account (Q2),LOW,GBP,£-4.4B,0.77,£-7.7B,£-15.562B,
273fee86-c259-48b2-aebf-563739680d52,09/29/2009,11:30,Gross Domestic Product (QoQ) (Q2),MEDIUM,GBP,-0.6%,0.00,-0.6%,-0.7%,
62c09c8a-e06a-4d8b-b6db-50a67802f927,09/29/2009,11:30,Gross Domestic Product (YoY) (Q2),MEDIUM,GBP,-5.5%,-,-5.4%,-5.5%,
a05017d0-93c4-4917-bc75-445fcac986ad,09/29/2009,11:30,M4 Money Supply (MoM) (Aug),LOW,GBP,0%,-,-,0.1%,
fd05c4fb-1dd3-4ce2-9b40-3f8b3bc5d97c,09/29/2009,11:30,M4 Money Supply (YoY) (Aug),LOW,GBP,12.1%,-,-,12.6%,
0f21219e-a720-4a4a-9877-ca3fcab10954,09/29/2009,11:30,Mortgage Approvals (Aug),LOW,GBP,53K,-,51.5K,50K,
7177a3f6-cfe2-4acc-b0d2-d8650fd86d17,09/29/2009,11:30,Net Lending to Individuals (MoM) (Aug),LOW,GBP,£0.9B,-,£0.3B,£-0.6B,
348f4267-e409-426c-a195-45c23e9a919b,09/29/2009,12:00,Consumer Confidence (Sep),MEDIUM,EUR,-19.1,-,-21,-22,
1e0ac1d8-8eec-4b1f-8cb6-b66da3f19494,09/29/2009,12:00,Economic Sentiment Indicator (Sep),MEDIUM,EUR,87.2,3.73,82.5,80.5,
ad73b5e6-f25d-4d65-bede-03aa89af9dd1,09/29/2009,12:00,Industrial Confidence (Sep),LOW,EUR,-24.3,-0.17,-24,-26.2,
42caae30-f888-41e0-b745-4b844b73f61c,09/29/2009,13:00,CBI Distributive Trades Survey – Realized (MoM) (Sep),MEDIUM,GBP,3%,-,-15%,-16%,
e5f42103-e7bc-44b1-8a3b-d064fbb12695,09/29/2009,13:30,MNB Interest Rate Decision,LOW,HUF,7.5%,-,-,8%,
384e0254-a92c-4f10-a75d-c78518b6edd5,09/29/2009,16:00,S&P/Case-Shiller Home Price Indices (YoY) (Jul),LOW,USD,-13.3%,-,-14.3%,-15.4%,
e0c46d42-317b-4eb3-a368-180b98e0eb10,09/29/2009,17:00,Consumer Confidence (Sep),MEDIUM,USD,53.4,-,57,54.1,
938bb9a4-0b7e-416b-86f9-9d6afd34c98c,09/30/2009,02:00,Philadelphia Fed's Plosser speech,NONE,USD,,,,,SPEECH
a697bfb6-0776-473e-8116-664bd1a554e8,09/30/2009,02:01,GfK Consumer Confidence (Sep),MEDIUM,GBP,-16,-,-24,-25,
38206859-b505-4bf5-8a5c-5b3e8d49b8fe,09/30/2009,02:15,Jibun Bank Manufacturing PMI (Sep),MEDIUM,JPY,-,-,-,-,
7495ecbe-bcc2-4e0a-92a3-0530ab337f74,09/30/2009,02:50,Industrial Production (MoM) (Aug) PREL,LOW,JPY,1.8%,-,1.9%,1.4%,
4e07ea76-33b9-4e06-ab96-f06026f6cc8f,09/30/2009,02:50,Industrial Production (YoY) (Aug) PREL,LOW,JPY,-18.7%,-,-18.8%,-22.7%,
4663ab39-9baa-468d-9c12-3308443f29e4,09/30/2009,03:00,Retail Sales s.a. (MoM) (Aug),MEDIUM,AUD,0.4%,-,0.6%,-0.9% ,
863f31af-ec47-4cbb-ab28-e999f9c7a4ef,09/30/2009,04:30,Building Permits (MoM) (Aug),LOW,AUD,1.9%,-,2.7%,6.6% ,
13be39b1-2d71-4aee-8e59-82d51d4800dc,09/30/2009,04:30,Building Permits (YoY) (Aug),LOW,AUD,18.19%,-,1.5%,-3% ,
49aaa1be-a4e4-49cd-a228-eb6c276db564,09/30/2009,04:30,Private Sector Credit (MoM) (Aug),LOW,AUD,0.2%,0.00,0.2%,0.1% ,
52720927-7ea9-4b95-980d-8d1188500ba6,09/30/2009,04:30,Private Sector Credit (YoY) (Aug),LOW,AUD,2.5%,-0.10,2.7%,2.9% ,
2710968c-d6a6-4601-ae81-3cf926df5bb0,09/30/2009,04:30,Labor Cash Earnings (YoY) (Aug),LOW,JPY,-3.1%,0.90,-3.9%,-5.7% ,
a33a12cc-2a0e-4cd0-b4b3-01372817951e,09/30/2009,05:00,ANZ Business Confidence (Sep),LOW,NZD,49.1,-,-,34.2,
2bdea0af-f6d2-4d2c-90ef-59e1492c1c12,09/30/2009,08:00,Annualized Housing Starts (Aug),LOW,JPY,0.676M,-1.93,0.775M,0.76M,
ca3c535b-54bb-4137-aafb-ebdd9ecc7269,09/30/2009,08:00,Construction Orders (YoY) (Aug),LOW,JPY,25.2%,-,-,-42.8%,
22684484-dc27-4b05-86aa-6e9744d79899,09/30/2009,08:00,Housing Starts (YoY) (Aug),LOW,JPY,38.3%,-,-31.6%,-32.1%,
d1fe9fad-e466-4601-b15a-99e7c0a336ca,09/30/2009,10:55,Unemployment Change (Sep),MEDIUM,EUR,-3K,-0.70,19K,-9K,
438b456f-10c6-489e-8031-017ef6ff7958,09/30/2009,10:55,Unemployment Rate s.a. (Sep),MEDIUM,EUR,8.2%,-1.36,8.4%,8.2% ,
805b501b-af0d-4b94-bee4-e0ede2ff1a59,09/30/2009,11:30,Index of Services (3M/3M) (Jul),LOW,GBP,-0.3%,-,-0.5%,-0.6%,
52cd31e3-0e0c-4218-8649-22c725d560a6,09/30/2009,12:00,Harmonized Index of Consumer Prices (YoY) (Sep) PREL,MEDIUM,EUR,-0.3%,-,-0.2%,-0.2%,
b92286f6-aeb1-45a2-a387-99bbd30e04b8,09/30/2009,12:30,KOF Leading Indicator (Sep),LOW,CHF,0.77,-,0.33,-0.04,
32c52f9f-ae4a-45cc-9e66-edc4135646ab,09/30/2009,14:00,MBA Mortgage Applications,LOW,USD,-2.8%,-,-,12.8%,
961e62f1-dca2-4b5d-8b78-14070550103b,09/30/2009,15:00,NBP Base rate,LOW,PLN,3.5%,-,-,3.5%,
bdc1c1bc-60e8-4cd4-8443-5985540f5ec3,09/30/2009,15:15,ADP Employment Change (Sep),LOW,USD,-227K,-0.33,-200K,-273K,
a82790be-39d1-4223-b54f-16244b7788e9,09/30/2009,15:30,Gross Domestic Product (MoM) (Jul),MEDIUM,CAD,0.1%,-2.21,0.4%,0.1% ,
7127d587-3b2b-4bcc-a21f-3a907ed43103,09/30/2009,15:30,Industrial Product Price (MoM) (Aug),LOW,CAD,0.6%,0.83,0.4%,-0.6%,
264351f2-0a25-4449-bdf6-bf7cf02ae11c,09/30/2009,15:30,Core Personal Consumption Expenditures (QoQ) (Q2),HIGH,USD,-0.9%,-,-,-1%,
15a5933b-2065-48d7-a573-53638ac24e3c,09/30/2009,15:30,Gross Domestic Product Annualized (Q2),MEDIUM,USD,-0.7%,-,-1.2%,-1%,
aa0f7470-3756-4a08-a126-705650054d56,09/30/2009,15:30,Gross Domestic Product Price Index (Q2),MEDIUM,USD,0.5%,-,0%,0.5%,
708b1db6-f3d4-44d9-8702-df2c875e48e7,09/30/2009,16:45,Chicago PMI (Sep),LOW,USD,46.1,-1.29,52.1,49.5,
fcc84671-2a35-4a79-ae81-c77b8264369e,09/30/2009,17:30,EIA Crude Oil Stocks Change,LOW,USD,2.8M,-,0.5M,2.8M,
aebc9a10-1c9a-40bb-a8cc-515ace11f904,09/30/2009,17:30,Fed's Lockhart speech,LOW,USD,,,,,SPEECH
e3b3a4e9-1b8c-4266-aea0-f184214c3a60,10/01/2009,00:30,AiG Performance of Mfg Index (Sep),LOW,AUD,52,-,-,-,
a0accc20-92bd-4b8c-a7e9-d8bf0f437081,10/01/2009,02:50,Large Retailer Sales (Aug),LOW,JPY,-5.6%,-,-7.2%,-6.7%,
68370024-30ae-451b-91a7-d682d1ecd8a3,10/01/2009,02:50,Retail Trade (YoY) (Aug),LOW,JPY,-1.8%,0.45,-2.4%,-2.5%,
32f2b850-3c68-48be-82cb-6ce31023a9a3,10/01/2009,02:50,Retail Trade s.a (MoM) (Aug),LOW,JPY,1%,-,0.3%,-0.3%,
1da8fa60-9e41-4749-b5ac-dd651d939f78,10/01/2009,02:50,Tankan Large All Industry Capex (Q3),MEDIUM,JPY,-10.8%,-,-9%,-9.4%,
7afd7cc1-c6f0-4fd7-8402-839a30575da5,10/01/2009,02:50,Tankan Large Manufacturing Index (Q3),MEDIUM,JPY,-33,0,-33,-58,
02b0059d-0cdd-43a4-937e-5ae57be49666,10/01/2009,02:50,Tankan Large Manufacturing Outlook (Q4),LOW,JPY,-21,1.12,-26,-21,
79e64faf-d3ea-4f72-a6f5-2d18c9793e04,10/01/2009,02:50,Tankan Non - Manufacturing Index (Q3),LOW,JPY,-24,-,-25,-29,
b6bb2511-6a5f-4435-b8dc-7a580f48394e,10/01/2009,02:50,Tankan Non - Manufacturing Outlook (Q3),MEDIUM,JPY,-17,-,-,-21,
feefbf47-8135-4eb7-8309-98aee2d7f75e,10/01/2009,08:30,Vehicle Sales (YoY) (Sep),LOW,JPY,3.5%,-,-,2.3%,
45b4b5f1-c83f-488a-9b4f-af360fa0439c,10/01/2009,09:00,Retail Sales (MoM) (Aug),MEDIUM,EUR,0.4%,-,0.1%,0.7% ,
45a2c61e-a134-44b5-a376-5cdd038bbf13,10/01/2009,09:00,Retail Sales (YoY) (Aug),MEDIUM,EUR,-2.6%,-,-0.8%,-1%,
6f22ac89-8ad2-4f30-94e3-c8921ea2b669,10/01/2009,09:30,RBA Commodity Index SDR (YoY) (Sep),LOW,AUD,-33.9%,-,-,-31.8% ,
dd9383c6-1e31-46d6-b5ec-a66c9b9d9947,10/01/2009,10:30,SVME - Purchasing Managers' Index (Sep),MEDIUM,CHF,54.3,2.25,51,49.4,
33bfbeb9-2a47-4167-8ed2-e6d07ca3a027,10/01/2009,10:55,HCOB Manufacturing PMI (Sep),MEDIUM,EUR,-,-,49.6,-,
f9f74b06-ecfe-4003-97b7-7a728aea7e5f,10/01/2009,11:00,HCOB Manufacturing PMI (Sep),MEDIUM,EUR,-,-,49,-,
692704a5-2507-443a-b914-e74fee5f4ac5,10/01/2009,11:30,S&P Global Manufacturing PMI (Sep),MEDIUM,GBP,-,-,50.2,-,
82d527d1-9f48-4bc1-956d-a6d4397bfea2,10/01/2009,12:00,Unemployment Rate (Aug),MEDIUM,EUR,9.7%,-,9.6%,9.5% ,
e4c4520f-cd48-4b1f-9dfc-4140f9a10a72,10/01/2009,15:30,Continuing Jobless Claims,LOW,USD,6.09M,-,6.163M,6.138M,
b4761be4-725a-4ac0-ba43-1150b37213bb,10/01/2009,15:30,Core Personal Consumption Expenditures - Price Index (MoM) (Aug),MEDIUM,USD,0.1%,0,0.1%,0.1%,
f0b26900-cbc1-4702-8f2f-9dea24f40f53,10/01/2009,15:30,Core Personal Consumption Expenditures - Price Index (YoY) (Aug),MEDIUM,USD,1.3%,0.00,1.3%,0.9% ,
c2988e24-c535-4b96-96fd-1ba2c233a11e,10/01/2009,15:30,Initial Jobless Claims,MEDIUM,USD,554K,-,531K,530K,
900f4452-a0b6-4d1e-855b-5d02170b9188,10/01/2009,15:30,Personal Consumption Expenditures - Price Index (MoM) (Aug),MEDIUM,USD,1.4%,1.43,1.1%,0% ,
ac28cd10-5c14-4713-aef6-0859a6b6ff73,10/01/2009,15:30,Personal Consumption Expenditures - Price Index (YoY) (Aug),MEDIUM,USD,-0.5%,0.63,-0.6%,-1.2% ,
8a58e328-e934-4fa6-ad40-572861c268ce,10/01/2009,15:30,Personal Income (MoM) (Aug),MEDIUM,USD,0.2%,0.19,0.1%,-0.4% ,
dbd507e7-ba47-4b1b-9a4a-0201132c4284,10/01/2009,16:00,Fed's Chair Bernanke testifies,HIGH,USD,,,,,SPEECH
1903d468-c483-477c-8726-6b4f2be504d2,10/01/2009,17:00,Construction Spending (MoM) (Aug),LOW,USD,0.8%,0.90,-0.3%,-0.1% ,
25615f3a-8e91-4f8d-ad2c-55ab6ac791ad,10/01/2009,17:00,ISM Manufacturing PMI (Sep),MEDIUM,USD,52.6,-0.83,53.9,53.4,
d3a60a40-a052-40ee-9520-6ef59c91b4f7,10/01/2009,17:00,Pending Home Sales (MoM) (Aug),MEDIUM,USD,6.4%,2.32,0.9%,5.3% ,
f0d5ea46-3c01-44c9-b5d9-5c34b0d5b77c,10/02/2009,00:30,Fed's Lockhart speech,LOW,USD,,,,,SPEECH
441b0274-a4f3-43c6-b0ba-f001fd100815,10/02/2009,02:30,Overall Household Spending (YoY) (Aug),LOW,JPY,2.6%,-,-0.2%,-2%,
652336b3-1e67-49b9-a53a-c0df817ebdf8,10/02/2009,02:30,Unemployment Rate (Aug),MEDIUM,JPY,5.5%,-2.57,5.8%,5.5% ,
ed012bfc-e9ff-491f-9750-1c36ee6c02fb,10/02/2009,02:50,Monetary Base (YoY) (Sep),LOW,JPY,4.5%,-,-,6.1%,
2133996a-cd90-4d6d-8be8-1d8ee418f133,10/02/2009,09:00,Nationwide Housing Prices n.s.a (YoY) (Sep),LOW,GBP,0%,-,-0.3%,-2.7%,
f0738d57-4d29-49b3-94d5-88dd6caea6c3,10/02/2009,09:00,Nationwide Housing Prices s.a (MoM) (Sep),LOW,GBP,0.9%,0.30,0.7%,1.7% ,
2b2b5560-6667-4779-acd4-06ef5ce18599,10/02/2009,11:30,S&P Global Construction PMI (Sep),LOW,GBP,-,-,48.1,-,
dafd669a-f083-4a36-9a31-97c9a4123457,10/02/2009,12:00,Producer Price Index (MoM) (Aug),LOW,EUR,0.5%,-,0.4%,-0.7%,
0c314ddf-b46f-4970-a98b-6ec71fcd555f,10/02/2009,12:00,Producer Price Index (YoY) (Aug),LOW,EUR,-7.5%,0.43,-7.6%,-8.2% ,
a1c0b07a-f7ce-4dd6-b7fb-a9b513f43471,10/02/2009,15:30,Average Hourly Earnings (MoM) (Sep),HIGH,USD,0.1%,-0.54,0.2%,0.2% ,
fe401f3a-609e-459c-a91e-a4abd92e7efe,10/02/2009,15:30,Average Hourly Earnings (YoY) (Sep),HIGH,USD,2.5%,-0.45,2.6%,2.4% ,
c812a005-3e86-4694-ab62-e4950508991a,10/02/2009,15:30,Average Weekly Hours (Sep),HIGH,USD,33,-1.34,33.1,33.8,
e0f8e071-87c6-4871-9a75-966e7a9bb144,10/02/2009,15:30,Nonfarm Payrolls (Sep),HIGH,USD,-219K,-,-188K,-216K,
116c0552-3264-46ad-ba94-2ba675a6125f,10/02/2009,15:30,Unemployment Rate (Sep),HIGH,USD,9.8%,0.00,9.8%,9.6% ,
1abd3ec2-ea5d-4610-9b48-46f34f13a3df,10/02/2009,17:00,Factory Orders (MoM) (Aug),MEDIUM,USD,-0.8%,-0.38,-0.6%,2% ,
92865ce4-90da-4747-a1a7-0521dd1ddcfe,10/03/2009,03:00,G7 Meeting,NONE,EUR,,,,,ALL DAY
9fedd5f8-b11b-4e7e-9518-9754d36d9ea6,10/05/2009,04:30,ANZ Job Advertisements (Sep),LOW,AUD,3.1%,-,-,4.1% ,
f51bef5f-aeea-45ee-bda4-4d16b4bb55ff,10/05/2009,05:00,ANZ Commodity Price (Aug),LOW,NZD,6.8%,-,-,-,
0afa77e8-3585-4d6a-a68f-4cb49801df53,10/05/2009,10:55,HCOB Services PMI (Sep),LOW,EUR,-,-,52.2,-,
e31eb69b-762c-4eee-aaad-2152838332e6,10/05/2009,11:00,HCOB Services PMI (Sep),LOW,EUR,-,-,50.6,-,
ed151ef2-b405-4c2a-a87d-df561936479f,10/05/2009,11:30,Sentix Investor Confidence (Oct),LOW,EUR,-12.6,-,-12,-14.6,
f7fe3e7b-1047-4107-89c3-11da6027c2dc,10/05/2009,11:30,S&P Global Services PMI (Sep),LOW,GBP,-,-,54.6,-,
a28e9843-6a35-4176-807f-06080df6a18c,10/05/2009,12:00,Retail Sales (MoM) (Aug),MEDIUM,EUR,-0.2%,-,-0.4%,0.3% ,
21dd70a4-cfac-45eb-8487-0e87838bb592,10/05/2009,12:00,Retail Sales (YoY) (Aug),MEDIUM,EUR,-2.3%,-,-2.4%,-1.6% ,
615ec1c0-85cb-41ac-9ac5-c87f7a3e3c75,10/05/2009,17:00,ISM Services PMI (Sep),MEDIUM,USD,50.9,0.82,50,48.9,
888fbdac-a4a4-4e92-9838-3433604f01c4,10/06/2009,01:00,NZIER Business Confidence (QoQ) (Q3),LOW,NZD,36%,-,-,-25%,
e8edcc91-1e1b-4c14-85dd-7002aff43952,10/06/2009,03:00,IMF Meeting,LOW,USD,,,,,ALL DAY
9ea4fdf9-33bf-4412-a2b1-c8e3bc19c2e4,10/06/2009,03:30,Trade Balance (MoM) (Aug),MEDIUM,AUD,-0.714M,0.32,-0.91M,"-1,614M",
0668fca8-aa54-419f-ab44-5d4533cfcfc6,10/06/2009,06:30,RBA Interest Rate Decision,HIGH,AUD,3.25%,-,3%,3%,
ebb647eb-b293-431f-847c-63b0b0ecc8ac,10/06/2009,10:15,Consumer Price Index (MoM) (Sep),MEDIUM,CHF,0%,-,0.2%,0.1%,
e3de3dee-4cae-4525-9b99-d4aeea41e334,10/06/2009,10:15,Consumer Price Index (YoY) (Sep),MEDIUM,CHF,-0.9%,-,-0.7%,-0.8%,
c8e78360-6002-43dc-bf3a-157bd697bb0e,10/06/2009,11:00,Halifax House Prices (MoM) (Sep),LOW,GBP,1.5%,0.33,1%,1.4% ,
12bf96d1-86d4-44b4-8850-49ec76b9937f,10/06/2009,11:00,Halifax House Prices (YoY/3m) (Sep),LOW,GBP,-7.4%,-,-7.7%,-10.1%,
ae00d51e-62c5-4170-97c7-04c9cfafe9a6,10/06/2009,11:30,Industrial Production (MoM) (Aug),MEDIUM,GBP,-2.6%,-,0.1%,0.4%,
e4093320-119d-4597-838a-87406ac6f2c4,10/06/2009,11:30,Industrial Production (YoY) (Aug),MEDIUM,GBP,-11.5%,-,-8.8%,-9.9%,
ef80b7c8-312c-4a30-89f2-2d3fec83669a,10/06/2009,11:30,Manufacturing Production (MoM) (Aug),LOW,GBP,-2%,-,0.3%,0.9%,
1ff92811-b436-4e6e-ad3c-008a7fe48198,10/06/2009,11:30,Manufacturing Production (YoY) (Aug),LOW,GBP,-11.6%,-,-9.3%,-10.1%,
f29d97bb-3bd3-433d-9365-865654fa2958,10/06/2009,15:30,Building Permits (MoM) (Aug),MEDIUM,CAD,7.7%,0.46,2.3%,-8% ,
7ef5200e-e3ab-44de-8d34-b7dd13938598,10/06/2009,17:00,Ivey Purchasing Managers Index (Sep),MEDIUM,CAD,61.7,-,56.9,55.7,
c37cca3e-437b-4f15-af93-c42fb2bf72f9,10/06/2009,17:00,NIESR GDP Estimate (3M) (Sep),MEDIUM,GBP,0%,-,-,0.2% ,
aaddb49b-f78a-4d68-888f-d50eed8f554a,10/07/2009,02:01,Nationwide Consumer Confidence (Sep),MEDIUM,GBP,72,-,68,63,
0c0922f4-74fa-434e-b5ea-d9da7194fc3c,10/07/2009,03:00,IMF Meeting,LOW,USD,,,,,ALL DAY
afbc965a-e86b-4a17-95f4-092551768aa7,10/07/2009,04:30,Home Loans (Q3),LOW,AUD,-2.23%,-,-0.5%,-2.2% ,
c61d3743-25bd-4aa1-ae0c-d7330ff7e91d,10/07/2009,04:30,Investment Lending for Homes (Q3),NONE,AUD,7.6%,-,-,-4%,
95236022-eda6-4ba8-96fe-fdcc4a91044e,10/07/2009,08:00,Leading Economic Index (Aug) PREL,MEDIUM,JPY,83.3,-,83.4,83,
f966168d-f793-4c73-a299-0b7a89efc495,10/07/2009,08:45,Unemployment Rate s.a (MoM) (Sep),LOW,CHF,3.9%,-,-,3.8%,
4080b556-1d5e-450d-b9c3-5586b0ac7a3d,10/07/2009,12:00,Gross Domestic Product s.a. (QoQ) (Q2),LOW,EUR,-0.1%,0,-0.1%,-0.1%,
64ce8767-f09c-48dc-8477-92ca76f12b57,10/07/2009,12:00,Gross Domestic Product s.a. (YoY) (Q2),LOW,EUR,-4.9%,-,-4.7%,-4.7%,
e03510bf-4626-4f28-b087-ddff0cc103bd,10/07/2009,12:30,BRC Shop Price Index (YoY) (Sep),LOW,GBP,0.1%,-,-,-0.02%,
08ffe1c8-69ed-46a5-aedb-4be21af55a1a,10/07/2009,13:00,Factory Orders n.s.a. (YoY) (Aug),MEDIUM,EUR,-20.9%,-,-19.9%,-20.1% ,
e66155a8-7e48-4e56-9649-1ed0172be636,10/07/2009,13:00,Factory Orders s.a. (MoM) (Aug),MEDIUM,EUR,1.3%,0.08,1.2%,3.9% ,
3aa548a2-4e66-42e6-b955-8ba88029c6aa,10/07/2009,14:00,MBA Mortgage Applications,LOW,USD,16.4%,-,-,-2.8%,
2f921a7b-cf5d-4aa8-8f77-0c937fffe2ca,10/07/2009,17:30,EIA Crude Oil Stocks Change,NONE,USD,-1M,-,2M,2.8M,
a260c7d2-7781-4ee2-8e2d-5b15bae625b6,10/07/2009,22:00,Consumer Credit Change (Aug),LOW,USD,$-9.9B,0.01,$-10B,$-0.62B,
b9e6734c-19be-46db-8ae1-66a60f5a0666,10/08/2009,02:50,Current Account n.s.a. (Aug),LOW,JPY,"¥1,233.6B",0.15,"¥1,171.3B","¥1,342.5B",
f15227c9-8c6f-4efa-bf90-36799c553308,10/08/2009,02:50,Trade Balance - BOP Basis (Aug),MEDIUM,JPY,¥303.7B,0.55,¥285B,¥534.2B,
8e91b62e-57d6-4d2d-81c7-2dcebe219c4d,10/08/2009,03:30,Employment Change s.a. (Sep),MEDIUM,AUD,38.137K,-,-10K,-26.1K,
2f5e106e-d46c-4703-aebf-7077e2e6bf50,10/08/2009,03:30,Unemployment Rate s.a. (Sep),MEDIUM,AUD,5.8%,-,6%,5.8%,
72965b9e-5a2c-4afd-9ceb-2a81b0e7422d,10/08/2009,08:00,Eco Watchers Survey: Current (Sep),LOW,JPY,43.1,0.23,42.5,40.6,
75d7efff-9681-48c5-b157-97fe83357fb9,10/08/2009,08:00,Eco Watchers Survey: Outlook (Sep),LOW,JPY,44.5,-,-,44.5,
301b06c6-dc82-4162-83e2-0bd9dad60632,10/08/2009,09:00,Machine Tool Orders (YoY) (Sep),LOW,JPY,-61.9%,-,-,-71.5%,
764bfb93-7be6-443e-82b0-74e932f9233e,10/08/2009,13:00,Industrial Production n.s.a. w.d.a. (YoY) (Aug),MEDIUM,EUR,-16.5%,-,-16.7%,-17% ,
2fc3b08b-1278-44af-83c2-1904bfccadb1,10/08/2009,13:00,Industrial Production s.a. (MoM) (Aug),MEDIUM,EUR,1.5%,0.00,1.5%,-1.2% ,
9f824162-8d37-4386-82d0-67538bbbe250,10/08/2009,14:00,BoE Interest Rate Decision,HIGH,GBP,0.5%,0,0.5%,0.5%,
7379af90-7cdf-431e-a91f-d2ddb0a44ec5,10/08/2009,14:45,ECB Main Refinancing Operations Rate,HIGH,EUR,1%,0,1%,1%,
3f875171-de39-481c-a215-fd506961df90,10/08/2009,15:15,Housing Starts s.a (YoY) (Sep),MEDIUM,CAD,149K,0.20,146.5K,165.4K,
db44713e-1f07-422e-abe4-6716b24c5107,10/08/2009,15:30,ECB's President Trichet speech,HIGH,EUR,,,,,SPEECH
825e1742-33fd-436c-87a6-525e2a76a4dd,10/08/2009,15:30,Continuing Jobless Claims,LOW,USD,6.067M,-,-,6.09M,
f216b1f2-3dad-4f81-91f3-164916ca88b1,10/08/2009,15:30,Initial Jobless Claims,MEDIUM,USD,524K,-,541K,551K,
264c5f6e-fcec-4f80-a0b4-5ea85910829d,10/08/2009,17:00,Wholesale Inventories (Aug),LOW,USD,-1.3%,-,-1%,-1.4% ,
11171878-4685-41b3-b6ae-b135ddb06774,10/09/2009,02:00,Former Fed's Chair Bernanke speech,MEDIUM,USD,,,,,SPEECH
bc4813f3-00ea-48c9-adf8-38b77c63a830,10/09/2009,02:50,Machinery Orders (MoM) (Aug),LOW,JPY,0.5%,-,-,-9.2% ,
dd5f161e-62c9-43c4-8912-5f9a786ee52b,10/09/2009,09:00,Consumer Price Index (MoM) (Sep),MEDIUM,EUR,-0.4%,0,-0.4%,-0.4%,
9ab0a1c6-f765-497d-969b-e60fc4e81abd,10/09/2009,09:00,Consumer Price Index (YoY) (Sep),MEDIUM,EUR,-0.3%,0,-0.3%,-0.3%,
5db90c60-267d-4503-ad57-751d74592ce4,10/09/2009,09:00,Trade Balance s.a. (Aug),MEDIUM,EUR,€12.2B,-0.29,€12.4B,€12.4B,
b5de5e40-c2bf-4b3f-9419-33571099cdac,10/09/2009,11:30,Goods Trade Balance (Aug),MEDIUM,GBP,£-6.1B,0.39,£-6.3B,£-6.807B,
5facf528-d064-464d-8f8f-d2114b5e1406,10/09/2009,11:30,Producer Price Index - Input (MoM) n.s.a (Sep),MEDIUM,GBP,-0.5%,-,-1%,2.2% ,
aa62352b-7948-4d41-b000-4d701fe04a54,10/09/2009,11:30,Producer Price Index - Input (YoY) n.s.a (Sep),MEDIUM,GBP,-6.5%,-,-7%,-7.5%,
a8fea634-4cb4-423d-909a-03ba84cca840,10/09/2009,11:30,Producer Price Index - Output (MoM) n.s.a (Sep),MEDIUM,GBP,0.5%,-,0.1%,0.2% ,
2952ddf9-0f59-4837-8466-3fd285db8c0c,10/09/2009,11:30,Producer Price Index - Output (YoY) n.s.a (Sep),MEDIUM,GBP,0.4%,-,-0.2%,-0.4%,
f7f02b8a-ce15-4d55-a08b-fcad8044d4b3,10/09/2009,11:30,Trade Balance; non-EU (Aug),MEDIUM,GBP,£-2.2B,0.18,£-2.3B,£-3.857B,
0cd4c752-c05f-4f47-abea-ea526bca800c,10/09/2009,12:30,ECB's President Trichet speech,MEDIUM,EUR,,,,,SPEECH
f1c78cce-c186-4ab3-86d8-d920f09c3390,10/09/2009,14:00,Net Change in Employment (Sep),MEDIUM,CAD,50K,-,10K,27K,
9c0beee6-8275-44f2-ac44-4dacfb19aed9,10/09/2009,14:00,Unemployment Rate (Sep),MEDIUM,CAD,8.4%,-,8.8%,8.7%,
b54f0e79-c8cf-4d22-aa95-05c1a3df29b7,10/09/2009,15:30,International Merchandise Trade (Aug),MEDIUM,CAD,$-1.68B,-0.95,$-0.9B,$-0.78B,
29047d1d-93ba-4fb0-a0a9-5cb2cb22e5ff,10/09/2009,15:30,Fed's Lockhart speech,LOW,USD,,,,,SPEECH
194e486d-0c9b-426d-9db4-6fa0cc0e3cd9,10/09/2009,15:30,Goods and Services Trade Balance (Aug),HIGH,USD,$-30.8B,0.67,$-32.7B,$-33.3B,
4c578944-ecfb-4be9-b419-486ab0f52562,10/09/2009,19:15,Fed's Kohn speech,MEDIUM,USD,,,,,SPEECH
3059d953-edf4-4ff2-a36e-8fe2dd20fd22,10/12/2009,03:00,Thanksgiving Day,NONE,CAD,,,,,ALL DAY
2215d7e0-54a8-4693-a649-80bf7046b2e4,10/12/2009,03:00,Columbus Day,NONE,USD,,,,,ALL DAY
a39c696e-7e53-40b1-a025-f02ec0f45af8,10/12/2009,09:00,Wholesale Price Index (MoM) (Sep),LOW,EUR,-0.2%,-,0.2%,0.8% ,
91643b8e-f3b9-4700-b631-efae6517080f,10/12/2009,09:00,Wholesale Price Index (YoY) (Sep),LOW,EUR,-8.1%,-,-7.7%,-8.3% ,
49a3d694-91d7-445a-bbde-6a5d2b476792,10/13/2009,00:45,Retail Sales (QoQ) (Q3),MEDIUM,NZD,1.1%,-,0.6%,-0.5%,
0864fb75-b5fd-42ec-b42d-92d69a2dd8da,10/13/2009,00:45,Retail Sales ex Autos (QoQ) (Q3),MEDIUM,NZD,1.2%,-,0.5%,-0.5% ,
71511120-53a0-4084-9b2a-b9854f9ebe3d,10/13/2009,02:00,RICS Housing Price Balance (Sep),LOW,GBP,22%,0.75,15.1%,12% ,
231cc477-d4e3-4573-91bd-d210c292987c,10/13/2009,02:01,BRC Like-For-Like Retail Sales (YoY) (Sep),LOW,GBP,2.8%,-,-,-0.1%,
0a5e2475-5db4-40ae-9f23-fc9146434ac5,10/13/2009,02:50,Money Supply M2+CD (YoY) (Sep),LOW,JPY,3%,-,2.9%,2.8%,
f7329900-f5b4-4e11-9b64-24fcc744a806,10/13/2009,03:30,National Australia Bank's Business Confidence (Jan),MEDIUM,AUD,14,-,-,8,
d79a84a6-1f9d-443b-b61a-818235638c40,10/13/2009,04:30,National Australia Bank's Business Conditions (Sep),LOW,AUD,3,-,-,4,
f12eda6f-ab90-4a95-a6b4-f8c4f625d26f,10/13/2009,10:15,Producer and Import Prices (MoM) (Sep),LOW,CHF,0.2%,-,0%,0.1%,
aaa924a6-c0e0-41ef-a742-4669d3844584,10/13/2009,10:15,Producer and Import Prices (YoY) (Sep),LOW,CHF,-4.9%,-,-5%,-5.5%,
8a0db150-86a1-4713-b98b-a212dfd0c231,10/13/2009,11:30,Consumer Price Index (MoM) (Sep),MEDIUM,GBP,0%,-,0.3%,0.4%,
ab4ae41c-35ab-4503-a7d2-eb89ee7bd63a,10/13/2009,11:30,Consumer Price Index (YoY) (Sep),MEDIUM,GBP,1.1%,-,1.3%,1.6%,
b3bfaf75-437c-4e2f-bdb5-ab956d1d5969,10/13/2009,11:30,Core Consumer Price Index (YoY) (Sep),MEDIUM,GBP,1.7%,0,1.7%,1.8%,
f69af62f-b57c-43cf-bd52-dbc8cf1baeaf,10/13/2009,11:30,DCLG House Price Index (YoY) (Aug),LOW,GBP,-5.6%,-,-,-8.3%,
58a1672e-dad7-48f3-9b27-058ee7aa450c,10/13/2009,11:30,Retail Price Index (MoM) (Sep),LOW,GBP,0.4%,-,0.3%,0.5%,
842b0651-c519-42c5-9be3-f17818dd4bc6,10/13/2009,11:30,Retail Price Index (YoY) (Sep),LOW,GBP,-1.4%,-,-1.5%,-1.3%,
d0b02164-59f3-491a-bced-eb97374c151f,10/13/2009,12:00,ZEW Survey – Economic Sentiment (Oct),MEDIUM,EUR,56,-,58.8,57.7,
e07d9f1f-166c-464b-b0b0-dadb67bcfa91,10/13/2009,12:00,ZEW Survey – Economic Sentiment (Oct),MEDIUM,EUR,56.9,-,61.3,59.6,
1687b159-0d38-465e-90ca-17101e387bdb,10/13/2009,15:30,New Housing Price Index (MoM) (Aug),LOW,CAD,0.1%,-,0.2%,0.3%,
e91bf3ac-0240-412a-8a9d-18ad714a80a4,10/14/2009,02:50,Producer Price Index (YoY) (Sep),LOW,JPY,-7.9%,-,-,-8.6% ,
f293837c-a9c4-4566-a5b8-313c4cf77cca,10/14/2009,03:00,Westpac Consumer Confidence (Oct),LOW,AUD,1.7%,-,-,5.2%,
079388ee-a372-4f0c-8390-b8e4d5bc4508,10/14/2009,07:00,BoJ Interest Rate Decision,HIGH,JPY,0.1%,0,0.1%,0.1%,
07902767-2a3f-4848-b3bd-981c0583d45a,10/14/2009,11:30,Average Earnings Excluding Bonus (3Mo/Yr) (Aug),LOW,GBP,1.9%,0,1.9%,2.2%,
553b9c9c-5560-4b01-8c90-83182abd7437,10/14/2009,11:30,Average Earnings Including Bonus (3Mo/Yr) (Aug),MEDIUM,GBP,0.7%,-,1.4%,1.7% ,
70ad6102-af4f-47ca-a5e2-798d096d47a5,10/14/2009,11:30,Claimant Count Change (Sep),MEDIUM,GBP,15.4K,-,25.1K,23K,
d7f35896-886d-46be-b8b5-51ba0976bbf7,10/14/2009,11:30,Claimant Count Rate (Sep),MEDIUM,GBP,5%,-,5.1%,5%,
a6dce9c9-2a78-463f-bbbd-04372bd6458c,10/14/2009,11:30,ILO Unemployment Rate (3M) (Aug),MEDIUM,GBP,7.9%,-,8%,7.9%,
dc5412e6-20fc-4290-9867-322a2770c01a,10/14/2009,12:00,Industrial Production s.a. (MoM) (Aug),MEDIUM,EUR,0.5%,-0.73,1%,0.1% ,
f1d8ec2c-f521-405c-81e0-5adcf6ad0328,10/14/2009,12:00,Industrial Production w.d.a. (YoY) (Aug),MEDIUM,EUR,-15.1%,0.45,-15.5%,-15.7% ,
4c989ce7-a854-4e10-bfc4-bea6088fc67a,10/14/2009,14:00,MBA Mortgage Applications,LOW,USD,-1.8%,-,-,16.4%,
27363ab8-e829-4f74-aaa8-75239c8368e3,10/14/2009,15:30,New Motor Vehicle Sales (MoM) (Aug),LOW,CAD,-0.2%,-,0%,5.3% ,
e4833825-fa89-4a34-9031-ea0c399df26b,10/14/2009,15:30,Import Price Index (MoM) (Sep),MEDIUM,USD,0.2%,0.00,0.2%,1.5% ,
b98aed56-2999-4a3d-b5b2-6b9615fbacd8,10/14/2009,15:30,Import Price Index (YoY) (Sep),MEDIUM,USD,-12%,-1.16,-11.4%,-15.3%,
4615af36-b180-4d24-80b5-e4fdb96446f4,10/14/2009,15:30,Retail Sales (MoM) (Sep),HIGH,USD,-2.3%,-0.31,-2%,1.8% ,
b51f439a-51f0-41c6-aab4-f53e9bd687bc,10/14/2009,15:30,Retail Sales ex Autos (MoM) (Sep),HIGH,USD,0.4%,0.46,0.2%,0.6% ,
0a96e8d6-c0b1-4488-8ed5-4828f2b70eae,10/14/2009,17:00,Business Inventories (Aug),LOW,USD,-1.6%,-1.61,-1.2%,-1.1%,
908ea692-f091-4ab3-9633-fb803e79c885,10/14/2009,21:00,FOMC Minutes,HIGH,USD,,,,,REPORT
e13e5390-bc40-48dd-86d2-202acf6e4d20,10/15/2009,00:45,Consumer Price Index (QoQ) (Q3),MEDIUM,NZD,1.3%,3.08,0.8%,0.6%,
d9490e4a-bf07-4cf5-a637-2530b4c3cbab,10/15/2009,00:45,Food Price Index (MoM) (Sep),LOW,NZD,-0.7%,-,-,-0.9%,
1882159b-9678-4ca4-853c-0608fe91cc55,10/15/2009,02:30,RBA's Governor Stevens speech,LOW,AUD,,,,,SPEECH
fb6cde88-e911-499a-a251-88156740399f,10/15/2009,07:30,Capacity Utilization (Aug),LOW,JPY,2.3%,-,-,2.9% ,
ebc90cea-5074-49b9-9761-6ce6ea0f92b6,10/15/2009,07:30,Industrial Production (YoY) (Aug),MEDIUM,JPY,-19%,-,1.8%,-18.7%,
835a8678-58d0-4bdc-9cd8-4c92af69371f,10/15/2009,08:00,BoJ Monthly Economic Survey,LOW,JPY,,,,,REPORT
ed2d608d-ecbe-4d66-bc78-456b3569cb47,10/15/2009,11:00,ECB Monthly Report,MEDIUM,EUR,,,,,REPORT
9563dfb0-6154-4024-aa8a-b5e436388329,10/15/2009,12:00,ZEW Survey – Expectations (Oct),LOW,CHF,65,-,-,58,
83ab3065-50a4-4abc-aab2-3ba1afc44f24,10/15/2009,12:00,Core Harmonized Index of Consumer Prices (YoY) (Sep),MEDIUM,EUR,1.2%,0,1.2%,1.3%,
cd557604-6152-41a5-82be-2826f00a4f3c,10/15/2009,12:00,Harmonized Index of Consumer Prices (MoM) (Sep),MEDIUM,EUR,0%,-,0.1%,0.3%,
062b2f29-b0cd-4911-8b44-a2825502d75b,10/15/2009,12:00,Harmonized Index of Consumer Prices (YoY) (Sep),MEDIUM,EUR,-0.3%,0,-0.3%,-0.3%,
d82ceb98-77b7-4527-a28d-ecc195090ad9,10/15/2009,14:25,ECB's President Trichet speech,MEDIUM,EUR,,,,,SPEECH
84a87a6a-df9d-4684-a8a0-48beccbf0413,10/15/2009,15:30,Manufacturing Sales (MoM) (Aug),LOW,CAD,-1.8%,0.08,-2.1%,5% ,
4ab24a23-313c-45d5-8c8f-ae5dfc3deb5e,10/15/2009,15:30,Consumer Price Index (MoM) (Sep),MEDIUM,USD,0.2%,1.02,0.1%,0.3% ,
4d7336d7-9e3b-4219-ad20-6960de5cb3de,10/15/2009,15:30,Consumer Price Index (YoY) (Sep),MEDIUM,USD,-1.3%,-,-1.4%,-1.5%,
6626b9ef-72b2-478d-a482-7334a5735d91,10/15/2009,15:30,Consumer Price Index ex Food & Energy (MoM) (Sep),HIGH,USD,0.2%,-,0.1%,0.1%,
a29d9b75-021a-4c93-8ae0-2e6b97893f25,10/15/2009,15:30,Consumer Price Index ex Food & Energy (YoY) (Sep),MEDIUM,USD,1.5%,-,1.4%,1.4%,
cccb5a78-5f8e-430d-a4ee-e31301695491,10/15/2009,15:30,Continuing Jobless Claims,LOW,USD,6.021M,-,6.06M,6.04M,
7c2ff644-300a-4701-84b6-a96c6be2b19e,10/15/2009,15:30,Initial Jobless Claims,MEDIUM,USD,520K,-,525K,521K,
1ab74bd0-c7d5-47ab-a029-cdccf64d730f,10/15/2009,15:30,NY Empire State Manufacturing Index (Oct),LOW,USD,34.6,3.23,18.4,21,
eefb0dfc-48af-4312-9286-a6165c4b5d84,10/15/2009,17:00,Philadelphia Fed Manufacturing Survey (Oct),LOW,USD,11.5,-0.10,12.2,15.1,
d216e6fa-3a7d-4123-9b6d-68e74ae17357,10/15/2009,17:30,Bank of Canada Business Outlook Survey,LOW,CAD,,,,,REPORT
731e5e03-ae2a-4017-8f04-49e4926c8966,10/15/2009,18:00,EIA Crude Oil Stocks Change,LOW,USD,0.4M,-,1M,-1M,
838386cd-923f-4aff-94cd-e0104da8d5db,10/16/2009,10:15,Real Retail Sales (YoY) (Aug),MEDIUM,CHF,-1.3%,-0.40,0.8%,-0.1% ,
2f6cc4e7-4e81-4b51-a64a-b96ad40ef93e,10/16/2009,12:00,Trade Balance n.s.a. (Aug),LOW,EUR,€-2.27B,-2.88,€2.5B,€12.1B,
9560385e-f0da-40ae-98e7-4c40c55b10d6,10/16/2009,12:00,Trade Balance s.a. (Aug),LOW,EUR,€2.2B,-3.47,€7.9B,€5.4B,
9354ef7e-e2a7-44d2-8d8e-4367deab80a7,10/16/2009,14:00,BoC Consumer Price Index Core (MoM) (Sep),MEDIUM,CAD,0.3%,-,0.2%,0.1%,
a921386a-5371-40d8-ba3c-144a2909218a,10/16/2009,14:00,BoC Consumer Price Index Core (YoY) (Sep),MEDIUM,CAD,1.5%,-,1.4%,1.6%,
1215464b-751e-43e4-8fcd-80713ab4427a,10/16/2009,14:00,Consumer Price Index (MoM) (Sep),MEDIUM,CAD,0%,-0.39,0.1%,0%,
a8e5af37-508f-44ea-8ff3-1ba95295d6c1,10/16/2009,14:00,Consumer Price Index (YoY) (Sep),MEDIUM,CAD,-0.9%,-,-0.8%,-0.8%,
e3ad93ee-d81a-47f4-8dcc-412afe0635eb,10/16/2009,16:00,Net Long-Term TIC Flows (Aug),MEDIUM,USD,$34.2B,0.48,$10.9B,$17.4B,
471f60b2-8489-4f9b-8393-87637a2f2f67,10/16/2009,16:00,Total Net TIC Flows (Aug),LOW,USD,$25.3B,-,-,$-67.7B,
9fc5e508-92c1-4d2d-94b7-08a687a1e3fb,10/16/2009,16:15,Capacity Utilization (Sep),LOW,USD,70.5%,2.02,69.7%,68.2% ,
8731724b-d6fd-4d25-8e0a-104b31e27835,10/16/2009,16:15,Industrial Production (MoM) (Sep),MEDIUM,USD,0.6%,1.43,0.1%,1.1% ,
cf674974-e217-4590-91da-a1b857b692ac,10/16/2009,17:00,Michigan Consumer Sentiment Index (Oct) PREL,MEDIUM,USD,69.4,-,73.6,73.5,
e0db4efe-4ff4-49d5-9976-15ea14cde5c7,10/16/2009,19:00,CBRT Interest Rate Decision,LOW,TRY,6.75%,-,-,7.25%,
196ce632-44bd-45a1-9b6e-0ee909cd87c4,10/16/2009,22:30,Monthly Budget Statement (Sep),LOW,USD,$-46.6B,-,$-43.3B,$-111.4B,
63d6ea64-4b51-40c7-b2e0-66b87e13000c,10/19/2009,02:01,Rightmove House Price Index (MoM) (Oct),LOW,GBP,2.8%,-,-,1% ,
398adebf-5440-4f0f-99d9-7acc7c577ac5,10/19/2009,02:01,Rightmove House Price Index (YoY) (Oct),LOW,GBP,0.2%,-,-,-1% ,
132eab6f-c872-4645-9346-068646bc9ad5,10/19/2009,02:50,BoJ Minutes,MEDIUM,JPY,,,,,REPORT
b49de8e0-35ca-437f-98fa-95e924088dd9,10/19/2009,02:50,Tertiary Industry Index (MoM) (Aug),LOW,JPY,0.3%,-,0.1%,0.6%,
2a7cc8da-bc5f-467a-a16c-5fb9977e6625,10/19/2009,04:00,Former Fed's Chair Bernanke speech,MEDIUM,USD,,,,,SPEECH
dbd6e687-4435-433a-9a29-0fa3fb9f3f40,10/19/2009,14:00,MNB Interest Rate Decision,LOW,HUF,7%,-,-,7.5%,
bc7dd840-3706-4d15-9768-014e44355e98,10/19/2009,15:30,Canadian Portfolio Investment in Foreign Securities (Aug),LOW,CAD,$0.135B,-,-,$-0.47B,
22295abc-fc0d-4f88-95ea-d20668aa8e8a,10/19/2009,15:30,Foreign Portfolio Investment in Canadian Securities (Aug),LOW,CAD,$5.239B,0.55,$2.97B,$0.78B,
ce2b4709-a625-4ca5-9d4e-f131f354c2ef,10/19/2009,18:00,Former Fed's Chair Bernanke speech,MEDIUM,USD,,,,,SPEECH
2aab72d7-c4be-4773-a404-4af6cd58d5e5,10/19/2009,20:00,NAHB Housing Market Index (Oct),LOW,USD,17,-,20,19,
81950f05-5b2f-451c-8219-171c268b951f,10/20/2009,03:30,RBA Meeting Minutes,LOW,AUD,,,,,REPORT
71b76593-ae64-45e3-b16e-4a57a7d9e3e8,10/20/2009,08:00,Coincident Index (Aug),LOW,JPY,91.2,-,-,89.8,
9fd18320-db9d-47a8-b67f-64ef75807956,10/20/2009,08:00,Leading Economic Index (Aug),MEDIUM,JPY,86.4,-,-,83.3,
c7bdc634-d534-4d9a-9f85-8bbcd10ed976,10/20/2009,09:00,Producer Price Index (MoM) (Sep),MEDIUM,EUR,-0.5%,-0.69,0%,0.4% ,
5d17a8c6-4b63-4682-88c2-995de22a42b8,10/20/2009,09:00,Producer Price Index (YoY) (Sep),MEDIUM,EUR,-7.6%,-,-7.1%,-6.9%,
dd8f95f8-cffd-41a3-8a8c-d33d2d19d93c,10/20/2009,09:00,Machine Tool Orders (YoY),LOW,JPY,-,-,-,-61.9%,
9f3f9b29-27c0-402e-b2d0-aef6876a9e02,10/20/2009,11:30,CML Gross Mortgage Lending s.a. (Sep),NONE,GBP,£12.9B,-,-,£12.6B,
f2bc3a70-663c-4450-9014-0836cc400601,10/20/2009,11:30,M4 Money Supply (MoM) (Sep) PREL,LOW,GBP,0.7%,-,0.5%,0.1% ,
97ea1bb5-cc15-4498-b7c6-89cb1ff4e5f0,10/20/2009,11:30,M4 Money Supply (YoY) (Sep) PREL,MEDIUM,GBP,11.3%,-,11.4%,12.5% ,
47c2d655-19a1-4f65-bec5-538e9b05eef5,10/20/2009,11:30,Public Sector Net Borrowing (Sep),LOW,GBP,£14.9B,-0.03,£15B,£10.437B,
45c2fd89-13ca-4430-9e2a-90eaad504fe8,10/20/2009,12:15,Construction Output s.a (MoM) (Aug),LOW,EUR,0.1%,-,-,-0.8% ,
ebe07bd6-129a-4325-b97c-99d98354fe70,10/20/2009,15:30,Leading Indicators (MoM) (Sep),LOW,CAD,1.2%,-,0.7%,1.1% ,
643b40f1-ff68-4520-bfb5-4ae8ab21b0b2,10/20/2009,15:30,Wholesale Sales (MoM) (Aug),LOW,CAD,-1.5%,-0.86,-0.4%,2.9% ,
58cf125b-28ec-4175-954c-b56a39b9f22a,10/20/2009,15:30,Building Permits (MoM) (Sep),LOW,USD,0.57M,-0.65,0.59M,0.609M,
6c0297ed-2a88-45be-bbda-298526a5442c,10/20/2009,15:30,Housing Starts (MoM) (Sep),LOW,USD,0.59M,-0.64,0.62M,0.586M,
c4961d67-badf-42e5-abb7-ed0f9a7664ef,10/20/2009,15:30,Producer Price Index (MoM) (Sep),MEDIUM,USD,-0.6%,-,0.1%,1.7%,
6a5f72fe-3a93-4e7a-8472-1e4661d2c23f,10/20/2009,15:30,Producer Price Index (YoY) (Sep),MEDIUM,USD,-4.8%,-,-4.2%,-4.3%,
c61d9cb8-4d11-43da-8b4c-bbf6e3b1a1cd,10/20/2009,15:30,Producer Price Index ex Food & Energy (MoM) (Sep),MEDIUM,USD,-0.1%,-,0.1%,0.2%,
aae559a1-656c-43e3-945b-67a3b4447316,10/20/2009,15:30,Producer Price Index ex Food & Energy (YoY) (Sep),MEDIUM,USD,1.8%,-,2%,6%,
21ccb09b-1ca0-4a04-a92d-5ce0c04e8ff9,10/20/2009,16:00,BoC Interest Rate Decision,HIGH,CAD,0.25%,0,0.25%,0.25%,
9b7b0c58-3b71-44cc-9cce-2579c93b3ada,10/21/2009,00:45,Visitor Arrivals (YoY) (Sep),LOW,NZD,3.8%,-,-,-0.9% ,
f7cb7ce9-d33a-411c-8157-9fce9737c269,10/21/2009,03:00,Westpac Leading Index (MoM) (Sep),LOW,AUD,0.31%,-,-,0.35% ,
3f752134-4766-48f8-9a26-d1f9f5eb1738,10/21/2009,03:30,New Motor Vehicle Sales (MoM) (Sep),LOW,AUD,3.1%,-,-,0.3% ,
6cb248c2-6d2f-43a1-93ad-b28b8914b02f,10/21/2009,03:30,New Motor Vehicle Sales (YoY) (Sep),LOW,AUD,-1.8%,-,-,-6.2%,
a43b2618-ace6-4329-a5ff-a8bf295b77c3,10/21/2009,11:30,BoE Minutes,HIGH,GBP,,,,,REPORT
19f3f392-7415-4011-98ad-e22aa8cf0ed5,10/21/2009,13:00,CBI Industrial Trends Survey – Orders (MoM) (Oct),MEDIUM,GBP,-51%,-,-45%,-48%,
add79c5c-de2d-4f81-8b14-a6d119b1e358,10/21/2009,14:00,MBA Mortgage Applications,LOW,USD,-13.7%,-,-,-1.8%,
28ed6418-757e-4204-8409-e291ae4d7763,10/21/2009,17:30,EIA Crude Oil Stocks Change,LOW,USD,1.3M,-,0.9M,0.4M,
7e54d1e6-e9fd-4c28-b0a1-f9b20aa98b73,10/21/2009,21:00,Fed's Beige Book,MEDIUM,USD,,,,,REPORT
ee79a452-ab3b-43c4-8df3-ec4518fba47c,10/22/2009,02:50,Adjusted Merchandise Trade Balance (Sep),LOW,JPY,¥58.6B,-,¥375B,¥235.4B,
5b3c54aa-69d7-471a-a701-b82bfecb170c,10/22/2009,02:50,Merchandise Trade Balance Total (Sep),LOW,JPY,¥525.3B,-2.59,¥625.3B,¥165.2B,
af17c790-05aa-4674-a4e4-d42788de74bb,10/22/2009,07:30,All Industry Activity Index (MoM) (Aug),LOW,JPY,0.9%,-,0.4%,0.5%,
87484cf5-bdb1-4b93-8b8e-b129be0b953f,10/22/2009,09:15,Trade Balance (Sep),MEDIUM,CHF,1.91M,-,1.59M,1.79M,
fd8c033d-b1fd-42c2-a68e-dcbc2e536333,10/22/2009,11:00,Current Account n.s.a (Aug),LOW,EUR,€-5.728B,-,-,€14.6B,
d99861e1-0d0e-4bce-8fe4-694228c29dd6,10/22/2009,11:00,Current Account s.a (Aug),LOW,EUR,€-3.9B,-1.30,€2B,€6.7B,
49d8517a-ffab-4435-8a7b-9f47002a04bb,10/22/2009,11:30,Retail Sales (MoM) (Sep),MEDIUM,GBP,0.4%,-0.15,0.5%,0.3% ,
10e7b93a-44ce-4d45-89e5-012feb6e35de,10/22/2009,11:30,Retail Sales (YoY) (Sep),MEDIUM,GBP,2.9%,0.31,2.7%,1.7% ,
73dfcb51-3f86-4e9f-aa36-0888b82719ca,10/22/2009,15:30,Retail Sales (MoM) (Aug),MEDIUM,CAD,1%,-,0.4%,-0.6% ,
398a01a8-adfc-49ec-a3f7-7a41bcc18169,10/22/2009,15:30,Retail Sales ex Autos (MoM) (Aug),MEDIUM,CAD,0.7%,-,0.5%,-0.8% ,
df394bae-96b8-4f17-b720-d3603b226820,10/22/2009,15:30,Continuing Jobless Claims,LOW,USD,5.945M,-,5.99M,5.992M,
4bb1be66-827d-48d4-a867-64c5999e63bb,10/22/2009,15:30,Initial Jobless Claims,MEDIUM,USD,531K,-,516K,514K,
a9bf9ead-7eab-48dd-a9a3-d8a610fbab11,10/22/2009,17:00,Housing Price Index (MoM) (Aug),MEDIUM,USD,-0.5%,-1.03,0.3%,-0.3% ,
daa366c6-2760-48c4-be49-398e2d11ec04,10/22/2009,17:30,BoC Monetary Policy Report,MEDIUM,CAD,,,,,REPORT
14c47805-9711-42e2-a9b6-fe7d3914352b,10/22/2009,19:00,Fed's Lockhart speech,LOW,USD,,,,,SPEECH
dcb38b7f-843b-4bd1-8a95-788f1414665a,10/23/2009,03:30,Export Price Index (QoQ) (Q3),LOW,AUD,-9.6%,-,-4.7%,-20.6%,
b6a990ee-bca0-4726-b1c6-b04bdbd3b070,10/23/2009,03:30,Import Price Index (QoQ) (Q3),LOW,AUD,-3%,-,-2.7%,-6.4%,
37be2a70-4018-42c8-bd00-517486df2f9f,10/23/2009,10:30,HCOB Manufacturing PMI (Oct) PREL,MEDIUM,EUR,-,-,50.2,-,
0b81dc03-b6c2-4275-840b-172d5d5b44ac,10/23/2009,10:30,HCOB Services PMI (Oct) PREL,LOW,EUR,-,-,52.5,59.8,
5a78137b-952d-4a99-947a-e614884be066,10/23/2009,11:00,IFO – Business Climate (Oct),MEDIUM,EUR,91.9,-0.23,92.1,89.2,
a2b8567c-2d8f-45eb-9e46-b5c8e1e728d7,10/23/2009,11:00,IFO – Expectations (Oct),MEDIUM,EUR,96.9,-,-,98.7,
457df8cd-0820-4096-b3b9-b28aed93d24d,10/23/2009,11:00,HCOB Manufacturing PMI (Oct) PREL,MEDIUM,EUR,-,-,50.2,34.5,
7a9e3bfa-c0da-4199-8a73-80eff7f21881,10/23/2009,11:00,HCOB Services PMI (Oct) PREL,LOW,EUR,-,-,51.4,38.9,
d863037e-f72a-4c97-839e-701c07078892,10/23/2009,11:30,BBA Mortgage Approvals (Sep),LOW,GBP,41.725K,-,39.7K,40K,
4d1f379a-d19b-49d8-9794-7fb56d609ce1,10/23/2009,11:30,Gross Domestic Product (QoQ) (Q3) PREL,MEDIUM,GBP,-0.4%,-,0.2%,-0.6%,
5e1ceb09-0592-467c-981b-ea441bbe2047,10/23/2009,11:30,Gross Domestic Product (YoY) (Q3) PREL,MEDIUM,GBP,-5.2%,-,-4.6%,-5.5%,
b3007543-008a-4223-a5b2-9024c05a2b3f,10/23/2009,11:30,Index of Services (3M/3M) (Aug),LOW,GBP,-0.1%,-,0.1%,-0.2% ,
d60c252a-2dfc-40b9-b399-71467c21d942,10/23/2009,12:00,Industrial New Orders (YoY) (Aug),MEDIUM,EUR,-16.1%,-,-22.5%,-24.9% ,
8379f790-de93-4333-8129-38960c0f4d52,10/23/2009,12:00,Industrial New Orders s.a. (MoM) (Aug),MEDIUM,EUR,0%,-,1.2%,3% ,
bcec0ab1-94a0-49c4-88d4-c2bd232e0702,10/23/2009,15:30,Former Fed's Chair Bernanke speech,MEDIUM,USD,,,,,SPEECH
559aa603-e29c-4e29-969c-abe66207c7b8,10/23/2009,17:00,Existing Home Sales (MoM) (Sep),MEDIUM,USD,5.54M,1.14,5.35M,4.45M,
7d03746a-b093-4f95-a9b1-a2b3baf0d3ab,10/23/2009,17:00,Existing Home Sales Change (MoM) (Sep),MEDIUM,USD,9.4%,1.34,5%,1.8% ,
e9a84951-b9d2-4979-9fee-60e5fcff4140,10/26/2009,03:30,Producer Price Index (QoQ) (Q3),LOW,AUD,0.1%,-0.25,0.3%,-0.8%,
3fb1648c-0fc1-48fe-828c-f35d22906191,10/26/2009,03:30,Producer Price Index (YoY) (Q3),LOW,AUD,0.2%,-0.38,0.5%,2.2% ,
c738b0f5-5da0-467e-b1c3-66298f078d69,10/26/2009,10:00,GfK Consumer Confidence Survey (Nov),LOW,EUR,3.9,-,4.5,4.3,
8465c3be-b29b-4bca-8414-08ae374519a4,10/27/2009,10:00,UBS Consumption Indicator (Sep),LOW,CHF,0.67,-,0.63,0.66,
40be9599-b0c4-4a78-81f4-2491415eaa89,10/27/2009,12:00,M3 Money Supply (YoY) (Sep),LOW,EUR,1.8%,-0.81,2.1%,2.2% ,
c627022b-3970-42e3-b325-f5655c0f9830,10/27/2009,14:00,CBI Distributive Trades Survey – Realized (MoM) (Oct),MEDIUM,GBP,8%,-,6%,3%,
c3c86023-1a81-4dde-b5b7-b459c871cf9c,10/27/2009,16:00,S&P/Case-Shiller Home Price Indices (YoY) (Aug),LOW,USD,-11.3%,1.15,-11.9%,-13.2% ,
02a4e5d7-d359-43fe-b3ac-553617ba4aae,10/27/2009,17:00,Consumer Confidence (Oct),MEDIUM,USD,48.7,-,53.6,53.1,
83d223c4-105c-40a5-baef-9d25d594543b,10/27/2009,17:00,Richmond Fed Manufacturing Index (Oct),MEDIUM,USD,7,-1.20,14,1,
bae585a2-3f13-460b-8a7a-ffb968c9d8ea,10/27/2009,19:00,Treasury's Geithner speech,LOW,USD,,,,,SPEECH
85b50553-c282-45e6-8597-00932d688043,10/28/2009,02:50,Retail Trade (YoY) (Sep),MEDIUM,JPY,-1.3%,0.15,-1.5%,-1.7% ,
4f39f76c-30b3-44bd-b2e5-e38b2966df13,10/28/2009,02:50,Retail Trade s.a (MoM) (Sep),MEDIUM,JPY,0.9%,-,0.2%,1%,
94dbb8d5-60dc-4bdd-af83-2cba9bcd35cc,10/28/2009,03:30,Consumer Price Index (QoQ) (Q3),MEDIUM,AUD,1%,0.49,0.9%,0.4% ,
51b73478-a3f3-4be5-9d6e-cc841778936e,10/28/2009,03:30,Consumer Price Index (YoY) (Q3),MEDIUM,AUD,1.3%,-,1.2%,1.4% ,
ce7ec9ea-2e40-4a3a-9d74-76aab7952549,10/28/2009,05:00,ANZ Business Confidence (Oct),MEDIUM,NZD,43.4,-,-,49.1,
51fd8b86-3546-460e-975a-33d175b1d0b5,10/28/2009,14:00,MBA Mortgage Applications,LOW,USD,-12.3%,-,-,-13.7%,
77158375-b701-41fe-8304-f31b7b00fc6e,10/28/2009,15:30,Durable Goods Orders (Sep),MEDIUM,USD,2%,0.27,1.5%,1.2% ,
d5488acd-4009-4edb-a339-e59731b72e5e,10/28/2009,15:30,Durable Goods Orders ex Transportation (Sep),MEDIUM,USD,1.8%,1.22,0.7%,-0.4% ,
314a05b4-2bd7-4bcc-a13f-bf76cfd9dcb3,10/28/2009,17:00,New Home Sales (MoM) (Sep),MEDIUM,USD,0.405M,-1.19,0.442M,0.418M,
8243395b-c020-4070-bcaf-9d1b66a2e043,10/28/2009,17:00,New Home Sales Change (MoM) (Sep),MEDIUM,USD,-3.6%,-1.44,2.6%,1.7% ,
b37ed5be-2eb0-4bd1-aee8-f353f89e7aad,10/28/2009,17:49,Consumer Price Index (MoM) (Oct) PREL,MEDIUM,EUR,0.1%,0,0.1%,-0.4%,
9b66bf6f-5195-49fc-9f3d-8c5965d4b1ed,10/28/2009,17:49,Consumer Price Index (YoY) (Oct) PREL,MEDIUM,EUR,0%,-,0%,-0.3%,
21ae9866-c831-4eeb-8586-4d254f3e4fdd,10/28/2009,18:00,Norges Bank Interest Rate Decision,NONE,NOK,1.5%,-,-,1.25%,
f1b9c64c-5ab9-4466-9426-84357b7e8dff,10/28/2009,18:30,EIA Crude Oil Stocks Change,NONE,USD,0.8M,-,-,1.3M,
6e3022f2-bf3d-4c1c-9b83-b51ea3bf6582,10/28/2009,23:00,RBNZ Interest Rate Decision,HIGH,NZD,2.5%,0,2.5%,2.5%,
28088af5-f54c-4bfe-a9ab-a5cde7bb0949,10/29/2009,00:45,Trade Balance NZD (MoM) (Sep),LOW,NZD,$-563M,0.46,$-675M,$-717M,
8150d0df-077f-41c4-95c0-4a70c06ec1a2,10/29/2009,02:50,Corporate Service Price Index (YoY) (Sep),LOW,JPY,-3.2%,0.40,-3.3%,-2.2% ,
66a3a48f-9887-4b00-80ba-35059c2203f8,10/29/2009,02:50,Industrial Production (MoM) (Sep) PREL,LOW,JPY,1.4%,-,1.1%,1.8%,
08c7d7cd-f8d0-429c-8de7-b77bb7e582fe,10/29/2009,02:50,Industrial Production (YoY) (Sep) PREL,LOW,JPY,-18.9%,-,-19.3%,-19%,
e7ceb5c9-9a0a-442c-b19a-762278523d40,10/29/2009,03:00,HIA New Home Sales (MoM) (Sep),MEDIUM,AUD,-4.5%,-,-,11.4% ,
89eb66ab-e170-4d44-b152-d3880bcd7bbb,10/29/2009,11:55,Unemployment Change (Oct),LOW,EUR,-33K,-1.82,16K,-3K,
0d1cfad4-0fb5-4189-a8b6-a8221414837a,10/29/2009,11:55,Unemployment Rate s.a. (Oct),MEDIUM,EUR,8.2%,-1.34,8.3%,8.2%,
8fa7a202-6f6a-4d45-b903-778dcd97a15e,10/29/2009,12:30,M4 Money Supply (MoM) (Sep),LOW,GBP,0.9%,-,-,0.7%,
a33e1ba9-9a1c-445c-8ee2-f71734ebea96,10/29/2009,12:30,M4 Money Supply (YoY) (Sep),LOW,GBP,11.6%,-,-,11.3%,
37ec97de-bd5a-4dc4-a89d-39ef674bd5c8,10/29/2009,12:30,Mortgage Approvals (Sep),LOW,GBP,56K,-,54K,52K,
0948b0b7-132e-421f-be10-7bb84e7e4c59,10/29/2009,12:30,Net Lending to Individuals (MoM) (Sep),LOW,GBP,£0.66B,-,£0.7B,£0.7B,
f447585c-efe6-4405-90c6-528b5f4a41a8,10/29/2009,13:00,Consumer Confidence (Oct),LOW,EUR,-17.7,-,-17,-19,
78d0f0b2-643d-4fa6-a856-f5bdb809c115,10/29/2009,13:00,Economic Sentiment Indicator (Oct),LOW,EUR,89.7,5.76,84.4,83.3,
ba01df21-e957-42d2-a6c2-d2e9333c3cdb,10/29/2009,13:00,Industrial Confidence (Oct),LOW,EUR,-21,1.08,-22,-24.4,
21e7ee1c-0e63-480e-8332-71cd621e7844,10/29/2009,15:30,Industrial Product Price (MoM) (Sep),LOW,CAD,-0.5%,-,0.2%,0.5% ,
0be2cc7b-6b0a-4d24-8cbb-40fe28eb23ec,10/29/2009,15:30,Raw Material Price Index (Sep),LOW,CAD,-1%,-,-,-,
ee129611-d117-45b7-8311-1ddba256f884,10/29/2009,15:30,Continuing Jobless Claims,LOW,USD,5.797M,-,5.935M,5.923M,
48e22197-02a9-4b61-803e-ebbe9e8333cd,10/29/2009,15:30,Core Personal Consumption Expenditures (QoQ) (Q3) PREL,HIGH,USD,3.4%,-,-,-0.9%,
706073bf-2cdc-446c-b051-b3e482896aed,10/29/2009,15:30,Gross Domestic Product Annualized (Q3) PREL,HIGH,USD,3.5%,0.65,3.2%,-0.6% ,
905db58d-3197-4b85-9062-d860019166b5,10/29/2009,15:30,Gross Domestic Product Price Index (Q3) PREL,MEDIUM,USD,1.6%,1.23,1.2%,-0.6% ,
f219875b-03df-4d9b-abe0-0ee394721835,10/29/2009,15:30,Initial Jobless Claims,LOW,USD,532K,-,525K,531K,
4ddc7ead-a422-4d94-acd7-f14deb63b239,10/29/2009,16:30,Treasury's Geithner speech,MEDIUM,USD,,,,,SPEECH
f0b8edcd-a552-44c0-8c62-f98b8912d970,10/30/2009,00:45,Building Permits s.a. (MoM) (Sep),LOW,NZD,5.5%,-,4%,1.7% ,
2a014e1e-a361-461b-99e1-e9ff7220e497,10/30/2009,02:15,Jibun Bank Manufacturing PMI (Oct),LOW,JPY,-,-,-,-,
e9526a22-470b-4a1e-872f-76ffcb88ea45,10/30/2009,02:30,National Consumer Price Index (YoY) (Sep),LOW,JPY,-2.2%,0,-2.2%,-2.2%,
87bc738a-b64d-4d99-87b8-d67ec4c08a4e,10/30/2009,02:30,"National CPI ex Food, Energy (YoY) (Sep)",LOW,JPY,-1%,0.00,-1%,-0.8% ,
e0cf2225-39d5-4552-b07f-8209f13ecc23,10/30/2009,02:30,National CPI ex Fresh Food (YoY) (Sep),LOW,JPY,-2.3%,-,-2.4%,-2.4%,
ab2a2f6b-ab53-40c5-83b4-8586ce4979f4,10/30/2009,02:30,Overall Household Spending (YoY) (Sep),LOW,JPY,1%,-,1.2%,2.6%,
b82dde3a-8e7a-481e-a3ef-7ecdd6170d8e,10/30/2009,02:30,Tokyo Consumer Price Index (YoY) (Oct),LOW,JPY,-2.4%,-2.67,-2%,-2.1%,
e8b5128c-66d9-4906-a0b2-9715752216d7,10/30/2009,02:30,"Tokyo CPI ex Food, Energy (YoY) (Oct)",LOW,JPY,-1.4%,0.00,-1.4%,-1.4%,
443ba796-4668-49e9-a516-9595dcfc9c43,10/30/2009,02:30,Tokyo CPI ex Fresh Food (YoY) (Oct),LOW,JPY,-2.2%,-,-2.1%,-2.1%,
c9f66007-a451-4f43-8f4b-29d2e07c0a38,10/30/2009,02:30,Unemployment Rate (Sep),MEDIUM,JPY,5.3%,-1.79,5.6%,5.4% ,
0f713eca-bdec-4a24-96e8-938340f8b0ab,10/30/2009,03:01,GfK Consumer Confidence (Oct),LOW,GBP,-13,-,-14,-16,
ebd08346-32cd-4cb4-bf5e-f4945c1fc766,10/30/2009,03:30,Private Sector Credit (MoM) (Sep),LOW,AUD,-0.1%,-0.16,0.2%,0.2%,
531a7aee-c1d9-4caa-aac2-6c4968cb7422,10/30/2009,03:30,Private Sector Credit (YoY) (Sep),NONE,AUD,1.7%,-0.16,2%,2.6% ,
e2992617-809f-47e8-b776-3f712242f67e,10/30/2009,07:00,BoJ Interest Rate Decision,HIGH,JPY,0.1%,0,0.1%,0.1%,
6f16d0e9-8ec9-4a50-a0a5-435ae9314c4c,10/30/2009,08:00,Annualized Housing Starts (Sep),LOW,JPY,0.699M,-0.02,0.7M,0.68M,
843b761f-f98f-419c-a77e-e27ef95a7bc0,10/30/2009,08:00,Construction Orders (YoY) (Sep),LOW,JPY,-14%,-,-,-25.2% ,
0ea3f3f6-86dc-4af4-beeb-b245138d2692,10/30/2009,08:00,Housing Starts (YoY) (Sep),LOW,JPY,-37%,0.00,-37%,-38.3% ,
9a3db19e-040b-46b6-9e99-3b214cfbd7a1,10/30/2009,10:00,Retail Sales (MoM) (Sep),MEDIUM,EUR,1.3%,0.53,0.8%,-1% ,
51c2dbdd-6681-40d6-ae95-9cbaad88e7e3,10/30/2009,10:00,Retail Sales (YoY) (Sep),MEDIUM,EUR,-3.9%,-,-2.2%,-2.6%,
2ec7e773-312f-4e68-9065-55c9b9a78006,10/30/2009,10:01,Nationwide Housing Prices s.a (MoM) (Oct),MEDIUM,GBP,0.5%,-,0.6%,0.9%,
9fae1473-ed76-4d7f-9f64-a503683109c9,10/30/2009,10:01,Nationwide Housing Prices n.s.a (YoY) (Oct),MEDIUM,GBP,2%,-,1.8%,0%,
6204de77-61df-4f36-be87-d61fdd8da240,10/30/2009,13:00,Harmonized Index of Consumer Prices (YoY) (Oct) PREL,LOW,EUR,-0.1%,0,-0.1%,-0.3%,
267fd9c6-840f-40aa-b29e-678f782fe620,10/30/2009,13:00,Unemployment Rate (Sep),MEDIUM,EUR,9.8%,-,9.7%,9.6% ,
175b72d1-b2a6-4c5e-be84-19faeb2ee93c,10/30/2009,13:30,KOF Leading Indicator (Oct),LOW,CHF,1.44,-,1.16,0.77,
f36163c4-596b-4fcb-89e1-3afcc493b6b8,10/30/2009,15:30,Gross Domestic Product (MoM) (Aug),LOW,CAD,-0.1%,-1.25,0.1%,0.2% ,
9e8c7088-bf4f-4937-9f77-469367ca2c75,10/30/2009,15:30,Core Personal Consumption Expenditures - Price Index (MoM) (Sep),HIGH,USD,0.1%,-,0.2%,0.1%,
68254ab0-44f6-4c1a-aa92-bf456c95d13d,10/30/2009,15:30,Core Personal Consumption Expenditures - Price Index (YoY) (Sep),HIGH,USD,1.3%,-,-,0.9% ,
33e19f09-dff1-43cf-a3d2-bf880332f494,10/30/2009,15:30,Personal Consumption Expenditures - Price Index (MoM) (Sep),HIGH,USD,-0.6%,-0.43,-0.5%,0.3% ,
22ae81b2-ad97-4fb1-a840-22df7eaaba8a,10/30/2009,15:30,Personal Consumption Expenditures - Price Index (YoY) (Sep),MEDIUM,USD,-0.6%,-0.63,-0.5%,-0.9% ,
87f0a5b1-f37d-4ae7-90ba-fb97cbd4d97c,10/30/2009,15:30,Personal Income (MoM) (Sep),HIGH,USD,0.2%,0.21,0.1%,0.1% ,
1c3ec5ab-b2e9-4e5f-a3be-df1372b75f91,10/30/2009,16:45,Chicago PMI (Oct),MEDIUM,USD,54.2,1.10,48.6,46.7,
885f1810-e09f-4bab-8f3f-c6a5d7babcd7,10/30/2009,16:55,Michigan Consumer Sentiment Index (Oct),LOW,USD,70.6,-,70.1,69.4,
0c1b6901-56fc-483c-8f96-204c6dc54637,10/31/2009,15:00,NBP Base rate,LOW,PLN,3.5%,-,-,3.5%,
ed82e0b3-b6e0-4fe8-aa02-6692cfcc31dd,11/02/2009,00:30,AiG Performance of Mfg Index (Oct),LOW,AUD,51.7,-,-,52,
0fe4282e-441f-4121-87c6-6a668fb17928,11/02/2009,02:30,House Price Index (QoQ) (Q3),LOW,AUD,4.4%,-,3%,5.5% ,
d8c0fe88-c70d-4a77-83a3-774d0a81ca09,11/02/2009,02:30,House Price Index (YoY) (Q1),LOW,AUD,6.6%,-,4.3%,0.2% ,
3d92394c-9357-4fb5-88a5-b600188d1af0,11/02/2009,03:00,Bank Holiday,NONE,JPY,,,,,ALL DAY
08613c3e-077d-40dd-b67f-bc8c38ec6c69,11/02/2009,04:30,Labor Cash Earnings (YoY) (Sep),LOW,JPY,-1.8%,-,-,-2.7% ,
1f458b83-e62a-4232-97f4-94f06cb8b3e2,11/02/2009,08:00,Vehicle Sales (YoY) (Oct),LOW,JPY,12.6%,-,-,3.5%,
a08aa0d4-e4c7-46d6-80d5-98c9fcb80bfc,11/02/2009,08:30,RBA Commodity Index SDR (YoY) (Oct),LOW,AUD,-30.3%,-,-,-32.3% ,
31c88944-35a9-4f4c-9637-03662516cea3,11/02/2009,11:30,SVME - Purchasing Managers' Index (Oct),LOW,CHF,54,-0.72,54.9,54.8,
c0f1ceeb-57ab-4f54-9309-0581911ef351,11/02/2009,11:55,HCOB Manufacturing PMI (Oct),MEDIUM,EUR,-,-,51,-,
b36fa417-9795-42b5-a7e9-697a96a11e18,11/02/2009,12:00,HCOB Manufacturing PMI (Oct),LOW,EUR,-,-,50.7,-,
2d713673-f185-475f-b6a1-7d884f95a2f1,11/02/2009,12:30,S&P Global Manufacturing PMI (Oct),MEDIUM,GBP,-,-,50,-,
3d3b0dcf-e1f1-40e2-a715-db71e15e3fb2,11/02/2009,18:00,Construction Spending (MoM) (Sep),LOW,USD,-1.6%,-1.14,-0.2%,-1.2% ,
d784b1b7-5d73-4348-a3f4-7cad7eab6588,11/02/2009,18:00,ISM Manufacturing PMI (Oct),MEDIUM,USD,55.7,1.53,53,54.9,
09c622dd-fba5-4632-9d94-b98bb815e4b1,11/02/2009,18:00,Pending Home Sales (MoM) (Sep),MEDIUM,USD,6%,2.25,0.1%,2% ,
b7e686ac-9d71-4f56-b4dc-7c2397de1491,11/03/2009,05:00,ANZ Commodity Price (Oct),LOW,NZD,4.7%,-,-,6.8%,
a968c41d-c53e-46ab-a8c1-bd42664babbf,11/03/2009,06:30,RBA Interest Rate Decision,HIGH,AUD,3.5%,0,3.5%,3.25%,
e0575941-d164-43bb-bc53-7218ec0e1b06,11/03/2009,12:30,S&P Global Construction PMI (Oct),LOW,GBP,-,-,47.2,-,
adada588-fd29-446f-82a4-cf56bd0ee537,11/03/2009,16:00,Halifax House Prices (MoM) (Oct),LOW,GBP,1.2%,0.27,0.8%,1% ,
a7421ea6-5dd6-4f6e-8cc2-145594f95aa5,11/03/2009,16:00,Halifax House Prices (YoY/3m) (Oct),LOW,GBP,-4.7%,-,-4%,-7.4%,
2eb8929b-925f-4305-938a-805ae6836f97,11/03/2009,18:00,Factory Orders (MoM) (Sep),MEDIUM,USD,1.6%,0.95,1.1%,1.4% ,
69279301-e248-4aa5-aeb3-d55a80c0de2e,11/04/2009,01:30,AiG Performance of Services Index (Oct),LOW,AUD,54.8,-,-,-,
73690bed-1345-46b2-90f3-0c981484ae46,11/04/2009,02:50,Monetary Base (YoY) (Oct),LOW,JPY,4.4%,-,-,4.5%,
b8831897-b16b-4b70-ab87-37d24f3f2aa1,11/04/2009,03:01,BRC Shop Price Index (YoY) (Oct),LOW,GBP,0%,-,-,0% ,
186efce9-0c0a-4fb5-a15c-86bdc0c6a75d,11/04/2009,03:01,Nationwide Consumer Confidence (Oct),LOW,GBP,73,-,72,71,
78a9fa58-5a60-4190-a52e-61d5c1b99532,11/04/2009,03:30,Building Permits (MoM) (Sep),LOW,AUD,8.92%,-,2.4%,-0.9% ,
13292d97-4499-4e95-99a0-9b33c09aba12,11/04/2009,03:30,Retail Sales s.a. (MoM) (Sep),MEDIUM,AUD,0.2%,-,0.5%,0.7% ,
5705ba6b-ba82-40ea-8bf6-69a451b7aa8f,11/04/2009,11:55,HCOB Services PMI (Oct),LOW,EUR,-,-,50.9,-,
82834b0f-4c3a-412b-8234-b4bc3a1e3f11,11/04/2009,12:00,HCOB Services PMI (Oct),LOW,EUR,-,-,52.3,-,
47e8e8da-9e6c-4dce-a219-e97fe9fa2ce1,11/04/2009,12:30,S&P Global Services PMI (Oct),MEDIUM,GBP,-,-,55.5,-,
2cdda429-7479-439f-be98-3708387ec571,11/04/2009,13:00,Producer Price Index (YoY) (Sep),MEDIUM,EUR,-7.7%,0.00,-7.7%,-7.2% ,
7bc596c0-cf76-40c2-9373-64a85257ade5,11/04/2009,13:00,Producer Price Index (MoM) (Sep),NONE,EUR,-0.4%,-0.86,-0.3%,0.5%,
54bd91a0-8d4d-401a-9cd4-b0747f288bcf,11/04/2009,15:00,MBA Mortgage Applications,LOW,USD,8.2%,-,-,-12.3%,
98c869c2-1ceb-4bf4-ac5f-c673ff53a6bd,11/04/2009,16:15,ADP Employment Change (Oct),MEDIUM,USD,-195K,0.12,-200K,-170K,
7d10feb6-e7e6-4911-952b-58cb3f1256d6,11/04/2009,18:00,ISM Services PMI (Oct),LOW,USD,50.6,-0.87,51.5,50.1,
5eeb04cc-5259-4acb-a33b-eaa6e7edaed8,11/04/2009,18:30,EIA Crude Oil Stocks Change,LOW,USD,-4M,-,1.7M,0.8M,
c40c944a-6260-4398-bc0c-57547f86fb50,11/04/2009,22:15,Fed Interest Rate Decision,HIGH,USD,0.25%,0,0.25%,0.25%,
471493ee-3c0b-49b6-8500-d7d6739da586,11/05/2009,00:45,Unemployment Rate (Q3),MEDIUM,NZD,6.5%,0.49,6.4%,5.8% ,
11a6d6d9-adb8-4822-8eea-08542cd2ea67,11/05/2009,02:50,BoJ Monetary Policy Meeting Minutes,LOW,JPY,,,,,REPORT
9d1f4bc1-9d87-46ff-88fb-315363a1dcaa,11/05/2009,03:30,Trade Balance (MoM) (Sep),MEDIUM,AUD,-1.041M,3.98,-2.15M,"-1,619M",
e4b537c3-4947-44b0-93d4-67ae3187495e,11/05/2009,09:45,SECO Consumer Climate (3m) (Q3),LOW,CHF,-14,-,-,-56,
2913d615-495a-4f50-9a1a-7ecf8736406c,11/05/2009,11:15,Consumer Price Index (MoM) (Oct),MEDIUM,CHF,0.6%,-,0.7%,0%,
183b4504-5b73-4ecf-9809-a2c801a1f3f6,11/05/2009,11:15,Consumer Price Index (YoY) (Oct),MEDIUM,CHF,-0.8%,-,0.7%,-0.9%,
0b914bb5-b951-4866-8bf5-5fc0848add75,11/05/2009,11:55,RBA's Governor Stevens speech,MEDIUM,AUD,,,,,SPEECH
8fdb32a3-a733-439f-8062-b1c0685e609a,11/05/2009,12:30,Industrial Production (MoM) (Sep),MEDIUM,GBP,1.3%,-,-2.5%,-2.5% ,
da4a77dd-87c4-41fe-b77c-bb5859a05fbc,11/05/2009,12:30,Industrial Production (YoY) (Sep),MEDIUM,GBP,-10.8%,-,-11.2%,-11.2% ,
f035f6f5-c23d-487e-bd73-c882c60026dd,11/05/2009,12:30,Manufacturing Production (MoM) (Sep),MEDIUM,GBP,1.5%,-,1.1%,-1.9% ,
cea42df6-5594-4aca-a09b-9d5275849d89,11/05/2009,12:30,Manufacturing Production (YoY) (Sep),MEDIUM,GBP,-9.8%,-,-11.3%,-11.3% ,
866118ba-84af-4837-b8c1-7e47bf4bf1d8,11/05/2009,13:00,Retail Sales (MoM) (Sep),MEDIUM,EUR,-0.2%,-,0.2%,-0.2%,
120234a3-4600-459e-a4c4-c48bcaf2a8a9,11/05/2009,13:00,Retail Sales (YoY) (Sep),MEDIUM,EUR,-3.1%,-,-2.4%,-2.2% ,
2f7d3a89-2b12-4b8a-9de1-a7a58fdb85f1,11/05/2009,13:00,CBI Interest Rate Decision,LOW,ISK,11%,-,-,12%,
6f494b67-22fe-4547-bc1a-154c46d41977,11/05/2009,15:00,CBI Interest Rate Decision,LOW,ISK,11%,-,-,11%,
3f0f3768-039a-4d28-8ac0-58f7281ad8f2,11/05/2009,15:00,BoE Interest Rate Decision,HIGH,GBP,0.5%,0,0.5%,0.5%,
d8a9b2cc-83e5-4af1-9d0a-66ce893ac3a6,11/05/2009,15:45,ECB Main Refinancing Operations Rate,HIGH,EUR,1%,0,1%,1%,
c82a27b3-ac15-4449-91ba-12e0251e2a66,11/05/2009,16:30,Building Permits (MoM) (Sep),MEDIUM,CAD,3.3%,0.20,1.6%,7.8% ,
e00ba299-c8aa-42eb-9d33-55f491ccfc51,11/05/2009,16:30,ECB's President Trichet speech,HIGH,EUR,,,,,SPEECH
e52ee8e6-a97f-45f9-a053-b4f6de9b8f09,11/05/2009,16:30,Continuing Jobless Claims,LOW,USD,5.77M,-,5.75M,5.797M,
2bb66fc0-e5c0-4beb-a71f-e9923083583e,11/05/2009,16:30,Initial Jobless Claims,MEDIUM,USD,514K,-,522K,530K,
c5fdd403-e034-4739-b264-d77979564b8f,11/05/2009,16:30,Nonfarm Productivity (Q3) PREL,LOW,USD,9.5%,2.92,6.3%,6.6%,
322647e8-b0db-4e8d-af1d-3e582bd44d4b,11/05/2009,16:30,Unit Labor Costs (Q3) PREL,NONE,USD,-5.2%,-0.71,-3.2%,-5.9%,
1f46e86d-a4f2-4c5a-9a3b-87694298fd83,11/05/2009,17:01,NIESR GDP Estimate (3M) (Oct),MEDIUM,GBP,-0.4%,-,-,0%,
29dfdac0-0206-468f-bc1e-835d81a31855,11/05/2009,18:00,Ivey Purchasing Managers Index (Oct),MEDIUM,CAD,61.2,-,60.9,61.7,
c0b68e9a-4241-4792-aafc-e4dd616ee671,11/06/2009,03:00,G20 Meeting,MEDIUM,EUR,,,,,ALL DAY
e2dd0446-6f2f-4a9b-925b-b01c3fe91767,11/06/2009,03:30,RBA Rate Statement,MEDIUM,AUD,,,,,REPORT
c5f6e0db-c0b1-4ccf-b854-9a2c0d11041e,11/06/2009,08:00,Coincident Index (Sep) PREL,MEDIUM,JPY,92.5,0,92.5,91.2,
128a14c4-9893-4cef-be50-438b8f09cc0b,11/06/2009,08:00,Leading Economic Index (Sep) PREL,MEDIUM,JPY,86.4,0,86.4,86.4,
2c933fa7-f901-4504-b8d2-936c6d9fa396,11/06/2009,09:45,Unemployment Rate s.a (MoM) (Oct),LOW,CHF,4%,0,4%,3.9%,
06df358d-ca61-4b9e-bb92-a2597deeb9aa,11/06/2009,12:30,Producer Price Index - Input (MoM) n.s.a (Oct),MEDIUM,GBP,2.6%,-,1.6%,-0.5%,
41a1affb-1adc-4412-88ef-75651410f5af,11/06/2009,12:30,Producer Price Index - Input (YoY) n.s.a (Oct),MEDIUM,GBP,0.1%,-,-1.3%,-6.5%,
821ff927-9c18-419e-adf3-099f04393170,11/06/2009,12:30,Producer Price Index - Output (MoM) n.s.a (Oct),MEDIUM,GBP,0.2%,-,0.4%,0.5%,
f34f4cc1-2d0a-4eb2-afcc-5461f1ffebbe,11/06/2009,12:30,Producer Price Index - Output (YoY) n.s.a (Oct),MEDIUM,GBP,1.9%,0,1.9%,0.4%,
1e3b15b4-97f3-4417-be98-169f6ff37061,11/06/2009,14:00,Factory Orders n.s.a. (YoY) (Sep),MEDIUM,EUR,-12.4%,-,-13.6%,-20.4% ,
f4b7a7f7-13d9-4d94-858f-33745865cb5a,11/06/2009,14:00,Factory Orders s.a. (MoM) (Sep),MEDIUM,EUR,2.2%,0.87,1%,0.9% ,
8a953ea3-46f9-408f-9c06-2db4ba78d11e,11/06/2009,15:00,Net Change in Employment (Oct),MEDIUM,CAD,-19.3K,-2.67,10.3K,27.8K,
a743d1b8-799b-459e-87eb-2c806dbd94a7,11/06/2009,15:00,Unemployment Rate (Oct),MEDIUM,CAD,8.6%,-,8.4%,8.4%,
34c2209f-ca04-4cda-8f63-9d8b826404f7,11/06/2009,16:30,Average Hourly Earnings (MoM) (Oct),HIGH,USD,0.3%,-,0.1%,0.1%,
4fa49115-b081-44d5-9c31-a2d21618ce21,11/06/2009,16:30,Average Hourly Earnings (YoY) (Oct),HIGH,USD,2.5%,-,2.2%,2.5%,
da5f7b18-0639-49c8-affe-97dea998878a,11/06/2009,16:30,Average Weekly Hours (Oct),HIGH,USD,33,-1.25,33.1,33.9,
be2a0e56-1f60-47ae-8488-7c9960521dd8,11/06/2009,16:30,Nonfarm Payrolls (Oct),HIGH,USD,-111K,-,-175K,-263K,
1ca1388f-3245-4772-bcaf-151eb9ac121e,11/06/2009,16:30,Unemployment Rate (Aug),HIGH,USD,10.2%,-,9.9%,9.8%,
2aa1a8e9-d8f1-4d60-8cbe-be706c722e4a,11/06/2009,18:00,Wholesale Inventories (Sep),LOW,USD,-0.8%,-,-0.9%,-1.3%,
91222805-50ac-4208-a033-20db0cc251cb,11/06/2009,23:00,Consumer Credit Change (Sep),LOW,USD,$-8.8B,0.13,$-9.9B,$-8.73B,
55a39f04-71ff-4e14-aa96-73763d37a274,11/07/2009,03:00,G20 Meeting,MEDIUM,EUR,,,,,ALL DAY
355dbc94-adc4-4d70-904b-b98cb351e6a0,11/09/2009,03:30,ANZ Job Advertisements (Oct),LOW,AUD,-0.1%,-,-,4.4% ,
708836c9-9b46-47ea-831d-6081ae87fe3d,11/09/2009,03:30,Home Loans (Q3),LOW,AUD,3.7%,-,3.1%,3.7% ,
2710d5d1-5bff-4b9c-9bcc-157c892db676,11/09/2009,03:30,Investment Lending for Homes (Q3),LOW,AUD,-0.1%,-,-,7.6%,
5ad7e195-a20a-4154-af8e-e14b72c8e29c,11/09/2009,10:00,Trade Balance s.a. (Sep),MEDIUM,EUR,€10.5B,-1.78,€12.3B,€10.6B,
ac9d162c-26e4-4773-b2cf-718fc08625e2,11/09/2009,12:30,Sentix Investor Confidence (Nov),LOW,EUR,-7,-,-9.8,-12.6,
3bb82644-4ca0-44ad-b17e-613d4bd498a7,11/09/2009,14:00,Industrial Production n.s.a. w.d.a. (YoY) (Sep),MEDIUM,EUR,-12.2%,-,-14.4%,-15.8% ,
da03d2f8-87b3-4e29-bc78-84d62de3cc8f,11/09/2009,14:00,Industrial Production s.a. (MoM) (Sep),MEDIUM,EUR,2.41%,0.49,1.3%,1.7% ,
c7a64feb-1d97-4ddd-8587-f585b330200a,11/09/2009,16:15,Housing Starts s.a (YoY) (Oct),MEDIUM,CAD,157.4K,0.05,157K,166.6K,
b7a0c5cd-f0f0-459d-89a3-3555da452aa1,11/10/2009,02:50,Current Account n.s.a. (Sep),LOW,JPY,"¥1,338B",3.07,¥1.53B,"¥1,200.9B",
4a56edff-9500-4a09-9d68-1ca40ec7d22f,11/10/2009,02:50,Money Supply M2+CD (YoY) (Oct),LOW,JPY,3.4%,-,3.2%,3%,
ae098b3b-7002-4cad-a66a-f0f8e16b775e,11/10/2009,02:50,Trade Balance - BOP Basis (Sep),MEDIUM,JPY,¥599.2B,-,-,¥428.6B,
730c2cb8-f6e9-4a9b-a2b3-462159556539,11/10/2009,03:01,BRC Like-For-Like Retail Sales (YoY) (Oct),MEDIUM,GBP,3.8%,-,-,2.8%,
e78042bc-5bae-4c1b-af52-bc73add3a0a0,11/10/2009,03:01,RICS Housing Price Balance (Oct),LOW,GBP,34%,0.54,29%,21% ,
c338dd72-d390-4379-beac-018198bbae17,11/10/2009,03:30,National Australia Bank's Business Conditions (Oct),LOW,AUD,12,-,-,3,
65d313b4-baa7-459e-b181-d7584124fda2,11/10/2009,04:00,Consumer Inflation Expectations (Nov),LOW,AUD,3.2%,-,-,3.5%,
337179a5-9a9f-444f-8c9f-1c9fce1ddf1f,11/10/2009,04:30,National Australia Bank's Business Confidence,NONE,AUD,16,-,-,15,
cf835c41-007e-4c0a-8c6f-1dcb845116e9,11/10/2009,08:00,Eco Watchers Survey: Current (Oct),LOW,JPY,40.9,-1.33,43.9,43.7,
a35bb4ab-2aaa-4a77-8531-e5505c722c2f,11/10/2009,08:00,Eco Watchers Survey: Outlook (Oct),LOW,JPY,42.8,-,-,45.1,
bdecf74e-c6ab-4c6f-82d4-e9a894674561,11/10/2009,09:00,Wholesale Price Index (YoY) (Oct),LOW,EUR,-7%,-,-,-8.1%,
1c58859b-d3b1-4238-b9d1-33b0efc5e991,11/10/2009,09:00,Machine Tool Orders (YoY) (Oct),LOW,JPY,-42.6%,-,-,-,
8a2d45dc-547a-4b1b-9382-eab9cf98fd0b,11/10/2009,10:00,Consumer Price Index (MoM) (Oct),MEDIUM,EUR,0.1%,0,0.1%,0.1%,
45a2a3a3-89fa-467c-af41-1585dbf8a182,11/10/2009,10:00,Consumer Price Index (YoY) (Oct),MEDIUM,EUR,0%,-,0%,0%,
d28bc507-6479-4ecc-9e40-8358febb983a,11/10/2009,10:00,Wholesale Price Index (MoM) (Oct),NONE,EUR,-0.4%,-,-,-0.2%,
901d0c39-5721-42f8-9365-36f19de83e6c,11/10/2009,12:30,DCLG House Price Index (YoY) (Sep),MEDIUM,GBP,-4.1%,-,-4.9%,-5.6%,
0c327ef7-e89f-45b9-9108-823e6c498e97,11/10/2009,12:30,Goods Trade Balance (Sep),MEDIUM,GBP,£-6.9B,-1.88,£-6.1B,£-6.556B,
8e5dbe3e-d679-4391-b7c7-5d7c8b20656a,11/10/2009,12:30,Trade Balance; non-EU (Sep),MEDIUM,GBP,£-3.1B,-1.78,£-2.2B,£-3.023B,
fde2f36a-6718-424a-b5ee-315d73efbdb4,11/10/2009,13:00,ZEW Survey – Economic Sentiment (Nov),HIGH,EUR,51.1,-,54,56,
b6d4a45f-6931-41da-9245-cc4cd974d7bf,11/10/2009,13:00,ZEW Survey – Economic Sentiment (Nov),MEDIUM,EUR,51.8,-,58.9,56.9,
cb28941d-4a3d-401b-9919-d905fa28c0a7,11/10/2009,17:15,Fed's Lockhart speech,LOW,USD,,,,,SPEECH
164e2b10-4303-4f31-a628-bf31dbed4138,11/11/2009,00:45,Food Price Index (MoM) (Oct),LOW,NZD,-1.5%,-,-,-0.7%,
8301a265-94fb-4062-b9d3-26d4570b8330,11/11/2009,02:30,Westpac Consumer Confidence (Nov),MEDIUM,AUD,-2.5%,-,-,1.7%,
ec600605-13cc-478b-bc61-fb704b0a5e7a,11/11/2009,02:50,Machinery Orders (MoM) (Sep),MEDIUM,JPY,10.5%,0.91,4.2%,9.3% ,
358beedb-320b-44ce-8ee3-a531d71732ec,11/11/2009,03:00,Remembrance Day,NONE,CAD,,,,,ALL DAY
b89b6ce3-30a6-47db-9823-73c788a36a7f,11/11/2009,03:00,Veterans Day,NONE,USD,,,,,ALL DAY
2240b40e-1cc0-412a-8a3d-a27179ef3529,11/11/2009,12:30,Average Earnings Excluding Bonus (3Mo/Yr) (Sep),LOW,GBP,1.7%,-,1.8%,1.9%,
d95a1c2e-6bf1-4897-8c01-c67eabf1db6d,11/11/2009,12:30,Average Earnings Including Bonus (3Mo/Yr) (Sep),MEDIUM,GBP,0.7%,-,1.5%,1.6% ,
861dc6d4-6820-42ea-8a7c-220fecdc824f,11/11/2009,12:30,Claimant Count Change (Oct),MEDIUM,GBP,10.6K,-,20.2K,20.8K,
96c61261-f4a4-4773-9e23-71c726ac9921,11/11/2009,12:30,Claimant Count Rate (Oct),MEDIUM,GBP,5%,-,5.1%,5%,
098f9a10-6f82-40cd-9e93-42ce17e41337,11/11/2009,12:30,ILO Unemployment Rate (3M) (Sep),MEDIUM,GBP,7.8%,-,8%,7.9%,
e955fed5-4c61-49df-acc8-a5ffcad389fd,11/11/2009,13:30,BoE Monetary Policy Report,HIGH,GBP,,,,,REPORT
a1312396-cd19-4aa5-a9eb-91ee445eadcd,11/11/2009,13:30,BoE's Governor King speech,MEDIUM,GBP,,,,,IN PROGRESS
5056f0fc-d5f1-4e03-ba86-d5b132f21197,11/12/2009,00:30,Business NZ PMI (Oct),MEDIUM,NZD,53,-,-,46.8,
c3015ae6-cd0e-4bdb-9c8d-1d7d3e9026bf,11/12/2009,00:45,Retail Sales (QoQ),MEDIUM,NZD,0.2%,-,0.5%,1.1%,
e0388032-1216-41fa-82f3-18736d0840c1,11/12/2009,00:45,Retail Sales ex Autos (QoQ) (Q3),MEDIUM,NZD,0%,-,0.4%,1.2%,
14d35804-a2a6-429b-87e7-1f2d329d5a1d,11/12/2009,02:50,Producer Price Index (MoM) (Oct),LOW,JPY,-0.7%,-,-0.1%,0%,
a6bf636d-181d-40ee-89d2-9f6c5c6b0265,11/12/2009,02:50,Producer Price Index (YoY) (Oct),LOW,JPY,-6.7%,-1.70,-6%,-7.9%,
3ce581fd-cb8a-4965-b214-358f516cd5f9,11/12/2009,03:30,Employment Change s.a. (Oct),MEDIUM,AUD,18.272K,-,-10.1K,38.669K,
cc96791f-e3b5-4090-b8a5-1ac3f8d5c868,11/12/2009,03:30,Unemployment Rate s.a. (Oct),MEDIUM,AUD,5.8%,0,5.8%,5.7% ,
f3096317-5218-4240-ac14-bc382981a8ca,11/12/2009,04:30,RBA Foreign Exchange Transaction (Sep),LOW,AUD,307M,-,-,576M,
fa5221f2-ea66-44a8-a5d6-e8211e5d9727,11/12/2009,07:00,Tokyo Condominium Sales (YoY) (Oct),LOW,JPY,-20%,-,-,-6.2%,
06ae1797-30d3-4b55-bdea-e745f867d76b,11/12/2009,12:00,ECB Monthly Report,MEDIUM,EUR,,,,,REPORT
6e022a97-3861-4697-8164-8e9b1a430f49,11/12/2009,13:00,ZEW Survey – Expectations (Nov),LOW,CHF,56.4,-,-,65,
41f2062e-c996-4f97-b8aa-c4707730a8c1,11/12/2009,13:00,Industrial Production s.a. (MoM) (Sep),MEDIUM,EUR,1.6%,1.36,0.6%,0% ,
75bbc5db-d365-4164-b7b9-7d01a8545a81,11/12/2009,13:00,Industrial Production w.d.a. (YoY) (Sep),MEDIUM,EUR,-12.8%,1.78,-14.2%,-15.1%,
9fa99145-86f4-4da8-89b2-b21ae97203d8,11/12/2009,15:00,MBA Mortgage Applications,LOW,USD,3.2%,-,-,8.2%,
2e1db3fc-412f-4279-ab8f-4d76bff754c7,11/12/2009,16:30,New Housing Price Index (MoM) (Sep),MEDIUM,CAD,0.5%,-,0.2%,0.1%,
15d72326-ebb4-4ac8-827d-565477d831a6,11/12/2009,16:30,Continuing Jobless Claims,LOW,USD,5.65M,-,5.7M,5.749M,
528d01fe-fdb9-4fcd-91c1-bbe828c2db98,11/12/2009,16:30,Initial Jobless Claims,MEDIUM,USD,505K,-,512K,512K,
40a1a5d5-777f-4095-878a-34a42a3eb787,11/12/2009,19:00,EIA Crude Oil Stocks Change,LOW,USD,1.8M,-,-,-4M,
797bb40f-325b-42ed-9a6e-f187ec495a9c,11/12/2009,19:30,Treasury's Geithner speech,MEDIUM,USD,,,,,SPEECH
319fb166-0d0b-4f37-af10-8f345e945a13,11/12/2009,22:00,ECB's President Trichet speech,MEDIUM,EUR,,,,,SPEECH
cbf951a9-89ab-48ca-8a78-022fe882b7a0,11/12/2009,22:00,Monthly Budget Statement (Oct),MEDIUM,USD,$-176.4B,-,$-152.5B,$-46.6B,
7161041d-fefe-4705-8ebf-90b0d8d06cde,11/13/2009,07:30,Capacity Utilization (Sep),LOW,JPY,1.6%,-,-,1.4% ,
f255461c-558e-4aa5-b43b-f56732758089,11/13/2009,07:30,Industrial Production (MoM) (Sep),MEDIUM,JPY,0.5%,-,1.4%,1.4%,
8116e3ac-5971-41b9-b9ef-a42d5c555272,11/13/2009,07:30,Industrial Production (YoY),MEDIUM,JPY,-15.1%,-,-,-18.9%,
90206f29-74bb-4731-a795-ff3cb0f52c78,11/13/2009,08:00,Consumer Confidence Index (Oct),MEDIUM,JPY,40.8,0.20,40.5,39.8,
2f47e387-d636-4b68-aab9-2b83b455190b,11/13/2009,10:00,Gross Domestic Product (QoQ) (Q3) PREL,MEDIUM,EUR,0.7%,-,0.8%,0.3% ,
dca172b5-4340-465e-ab06-06fc8f111bd1,11/13/2009,10:00,Gross Domestic Product (YoY) (Q3) PREL,HIGH,EUR,-4.7%,-,-5%,-7.1% ,
153d3c9c-9495-4b6e-8568-29d8f9d49bf2,11/13/2009,10:00,Gross Domestic Product w.d.a (YoY) (Q3) PREL,HIGH,EUR,-4.8%,0,-4.8%,-5.9% ,
c47c3194-e805-41e8-9f3e-c32e6cc9d347,11/13/2009,11:15,Producer and Import Prices (MoM) (Oct),MEDIUM,CHF,-0.4%,-,0.1%,0.2%,
96a489d6-a7d6-4844-ba20-de62163ddc9a,11/13/2009,11:15,Producer and Import Prices (YoY) (Oct),LOW,CHF,-4.7%,-,-4.1%,-4.9%,
5f4a6545-5f6e-4568-906f-f2ea381dbe4b,11/13/2009,13:00,Gross Domestic Product s.a. (QoQ) (Q3) PREL,MEDIUM,EUR,0.4%,-,0.6%,-0.1%,
1f7056a2-73e7-47ea-a412-adafbcea71b4,11/13/2009,13:00,Gross Domestic Product s.a. (YoY) (Q3) PREL,MEDIUM,EUR,-4.1%,-,-3.9%,-4.9%,
dd6f406d-b076-4cfe-a731-6be09847dc75,11/13/2009,16:30,International Merchandise Trade (Sep),MEDIUM,CAD,$-0.803B,-0.01,$-0.8B,$-1.56B,
eb8ea994-4af9-446d-b701-d33a9d6b4474,11/13/2009,16:30,New Motor Vehicle Sales (MoM) (Sep),LOW,CAD,1.5%,-,0.1%,-0.3% ,
0899c00d-6e11-497c-a161-17af5aa53679,11/13/2009,16:30,Goods and Services Trade Balance (Sep),HIGH,USD,$-35.65B,-1.25,$-32B,$-31.7B,
9116b62e-063f-48cf-b240-8017661d91a9,11/13/2009,16:30,Import Price Index (MoM) (Oct),HIGH,USD,0.7%,-1.08,1.1%,0.2%,
18fc09f3-804a-4e1b-b01f-9ce7a0830ad8,11/13/2009,16:30,Import Price Index (YoY) (Oct),HIGH,USD,-5.7%,-,-5.5%,-12%,
6a34a1cc-56b4-4141-b602-ca9f8ce953a8,11/13/2009,17:55,Michigan Consumer Sentiment Index (Nov) PREL,MEDIUM,USD,66,-,71.2,70.6,
31c059d6-0592-468a-86ac-f0ab1c592fd6,11/16/2009,00:45,Producer Price Index - Input (QoQ) (Q3),LOW,NZD,-1.1%,-,0%,0%,
c4bfb332-51ed-4bcc-90dc-71040fc3aab5,11/16/2009,00:45,Producer Price Index - Output (QoQ) (Q3),LOW,NZD,-1.4%,-,0.3%,-0.7%,
bbfc2ae0-d79b-4d62-9816-fcb17b566fb8,11/16/2009,02:50,Gross Domestic Product (QoQ) (Q3) PREL,MEDIUM,JPY,1.2%,-,0.7%,0.6% ,
df6ba4a5-1edb-411e-b86d-759f3a11b7b4,11/16/2009,02:50,Gross Domestic Product Annualized (Q3) PREL,MEDIUM,JPY,2%,-,0.7%,3.7%,
e5c217d4-821e-4425-9635-703a21c490e9,11/16/2009,03:01,Rightmove House Price Index (MoM) (Nov),LOW,GBP,-1.6%,-,-,1.6% ,
06de7f6d-1fa8-4e85-92c0-98259e33f3cc,11/16/2009,03:01,Rightmove House Price Index (YoY) (Nov),LOW,GBP,1.6%,-,-,0.5% ,
1399860f-c0c6-473a-9139-d2a60e9cfeee,11/16/2009,13:00,Core Harmonized Index of Consumer Prices (YoY) (Oct),MEDIUM,EUR,1.2%,0,1.2%,1.2%,
8d893016-875a-487b-ba10-23ffece201db,11/16/2009,13:00,Harmonized Index of Consumer Prices (MoM) (Oct),MEDIUM,EUR,0.2%,-,0.3%,0%,
edc15dab-e732-4ce0-b4d5-dc5ab17f7fbd,11/16/2009,13:00,Harmonized Index of Consumer Prices (YoY) (Oct),MEDIUM,EUR,-0.1%,0,-0.1%,-0.1%,
525bdc7f-ac1c-4fef-86a2-d999e66e6655,11/16/2009,16:30,Manufacturing Sales (MoM) (Sep),LOW,CAD,1%,0.13,0.5%,-1.5% ,
5f8adcfe-ab0b-49b1-90db-1155283e1116,11/16/2009,16:30,NY Empire State Manufacturing Index (Nov),MEDIUM,USD,23.5,-0.98,29.9,33,
fd24e81e-97ec-4257-ab28-9a2931554116,11/16/2009,16:30,Retail Sales (MoM) (Oct),HIGH,USD,1.1%,0.20,0.9%,-2.4% ,
7e088081-c87a-432a-9de6-e2ae0ec41675,11/16/2009,16:30,Retail Sales ex Autos (MoM) (Oct),HIGH,USD,0.2%,-0.48,0.4%,0.2% ,
a6a497b2-6e14-4d91-8cf1-04d5c36768fc,11/16/2009,18:00,Business Inventories (Sep),LOW,USD,-0.4%,2.21,-0.7%,-1.4% ,
0e242141-d926-4091-8282-f6da7f8a5a94,11/16/2009,20:15,Former Fed's Chair Bernanke speech,MEDIUM,USD,,,,,SPEECH
d6e4b547-bc27-4c13-8c0e-967f909a3435,11/17/2009,02:50,Tertiary Industry Index (MoM) (Sep),LOW,JPY,-0.6%,-,0.1%,0.3%,
a5177365-76cd-412e-a07c-1cb861068911,11/17/2009,03:30,RBA Meeting Minutes,MEDIUM,AUD,,,,,REPORT
e78d9f64-3b71-4301-a93d-278202b8f465,11/17/2009,11:15,Real Retail Sales (YoY) (Sep),MEDIUM,CHF,-2.1%,-0.76,1.1%,-0.2% ,
b44a4c8c-618c-426f-833a-d1c5fe05ee39,11/17/2009,12:30,Consumer Price Index (MoM) (Oct),MEDIUM,GBP,0.2%,-,0.1%,0%,
f2d6d3aa-e801-44a2-996b-8264431853b6,11/17/2009,12:30,Consumer Price Index (YoY) (Oct),MEDIUM,GBP,1.5%,0,1.5%,1.1%,
09015af0-9173-4ecf-af27-41256a7bb202,11/17/2009,12:30,Core Consumer Price Index (YoY) (Oct),MEDIUM,GBP,1.8%,-,1.7%,1.7%,
66d8a9b9-4a4f-4e48-90b5-34473a5d52db,11/17/2009,12:30,Retail Price Index (MoM) (Oct),LOW,GBP,0.3%,-,0%,0.4%,
7b5025db-65de-4cc7-8266-4d56358b2d5e,11/17/2009,12:30,Retail Price Index (YoY) (Oct),LOW,GBP,-0.8%,-,-0.9%,-1.4%,
d684ba10-8b6c-4077-bf66-209b52b7696c,11/17/2009,13:00,Trade Balance n.s.a. (Sep),LOW,EUR,€0.742B,-,-,€-2.6B,
ed94106d-1baf-4d20-a479-6301e49e83df,11/17/2009,13:00,Trade Balance s.a. (Sep),LOW,EUR,€4.3B,1.50,€-0.9B,€0.4B,
5930e050-cf04-40bf-8b5e-b48880d01551,11/17/2009,16:30,Producer Price Index (MoM) (Oct),MEDIUM,USD,0.3%,-,0.6%,-0.6%,
3bdf9824-8a9a-4e56-9f96-ec5942438f09,11/17/2009,16:30,Producer Price Index (YoY) (Oct),MEDIUM,USD,-1.9%,-,-1.8%,-4.8%,
8f34b7e0-285a-45c1-940e-251985e0f7ba,11/17/2009,16:30,Producer Price Index ex Food & Energy (MoM) (Oct),MEDIUM,USD,-0.6%,-,0.1%,-0.1%,
a75af898-732f-40c4-8d7b-86af457d8679,11/17/2009,16:30,Producer Price Index ex Food & Energy (YoY) (Oct),MEDIUM,USD,0.7%,-,1.4%,1.8%,
a8238fbc-1a0a-46ef-906d-89bf5713ef4d,11/17/2009,17:00,Net Long-Term TIC Flows (Sep),MEDIUM,USD,$40.7B,0.28,$27.3B,$36.4B,
e9acb788-3f23-4873-9185-b5fa40ed82b0,11/17/2009,17:00,Total Net TIC Flows (Sep),LOW,USD,$-25.4B,-,-,$18.2B,
1cc25565-e291-4648-9647-78d583204370,11/17/2009,17:15,Capacity Utilization (Oct),LOW,USD,70.6%,-0.24,70.7%,68.8% ,
525ab93c-2237-480a-bf98-03c22ba2a590,11/17/2009,17:15,Industrial Production (MoM) (Oct),MEDIUM,USD,0%,-1.31,0.4%,0.8% ,
d75afdb3-e4be-45dd-bdbd-d5f12f5de129,11/17/2009,21:00,NAHB Housing Market Index (Nov),LOW,USD,17,-1.36,19,17,
4911f04a-a818-46fb-8ce3-db049a121f3e,11/18/2009,03:00,Westpac Leading Index (MoM) (Oct),LOW,AUD,-0.23%,-,-,0.31%,
c875b705-9a2d-4278-ab46-a6eddeae45e0,11/18/2009,03:30,Wage Price Index (QoQ) (Q3),LOW,AUD,0.5%,-1.71,0.7%,0.9% ,
c29ee0d5-a016-4284-a387-331961531c06,11/18/2009,03:30,Wage Price Index (YoY) (Q3),LOW,AUD,3.3%,-1.30,3.6%,3.7% ,
c56c18ae-505a-462a-b579-81e3bca5287a,11/18/2009,09:00,Machine Tool Orders (YoY),LOW,JPY,-,-,-,-42.6%,
a04cdf57-0ea1-49cf-a3a8-1097f87de4ba,11/18/2009,11:40,ECB's President Trichet speech,MEDIUM,EUR,,,,,SPEECH
a4700eba-1661-47d9-b66d-2e9b88bead53,11/18/2009,12:00,Current Account n.s.a (Sep),LOW,EUR,€-4.07B,-,-,€-1.2B,
c303f84f-c544-4863-bc5a-19e82a60f533,11/18/2009,12:00,Current Account s.a (Sep),LOW,EUR,€-7.4B,-1.53,€0.6B,€0.6B,
5840906f-ac7f-40b1-9e0c-ae53aa154c9b,11/18/2009,12:30,BoE Minutes,HIGH,GBP,,,,,REPORT
76cd641a-522d-43de-8944-d902f3410200,11/18/2009,13:00,Construction Output s.a (MoM) (Sep),LOW,EUR,-0.8%,-,-,-1.5% ,
f6798fac-ad4f-4547-8539-9dfd3402ba95,11/18/2009,13:00,Construction Output w.d.a (YoY) (Sep),LOW,EUR,-8.1%,-,-,-7.7% ,
055175f0-6faf-4de5-8aba-0f73e92d7355,11/18/2009,14:00,CBI Industrial Trends Survey – Orders (MoM) (Nov),MEDIUM,GBP,-45%,-,-47%,-51%,
5bae371c-03bd-487b-8a67-91854307afdb,11/18/2009,15:00,BoC Consumer Price Index Core (MoM) (Oct),MEDIUM,CAD,0.1%,-,0%,0.3%,
6c4aaa40-ff9d-4813-ac57-44e978397938,11/18/2009,15:00,BoC Consumer Price Index Core (YoY) (Oct),MEDIUM,CAD,1.8%,-,1.7%,1.5%,
616097fe-eb21-4535-9b65-7112c5b5ecf7,11/18/2009,15:00,Consumer Price Index (MoM) (Oct),MEDIUM,CAD,-0.1%,-,0.2%,0%,
c398d812-b6a1-4cb6-94c9-8ac240564265,11/18/2009,15:00,Consumer Price Index (YoY) (Oct),MEDIUM,CAD,0.1%,0,0.1%,-0.9%,
dea95baa-ca88-47ba-a147-c05175c758a8,11/18/2009,15:00,MBA Mortgage Applications,LOW,USD,0.3%,-,-,3.2%,
40cd4f6b-5a51-4e1b-9c29-dac10c15728f,11/18/2009,16:30,Building Permits (MoM) (Oct),LOW,USD,0.55M,-1.39,0.59M,0.583M,
9b2e6466-bb7c-4ed8-a92c-6915847c8dfe,11/18/2009,16:30,Consumer Price Index (MoM) (Oct),MEDIUM,USD,0.3%,-,0.2%,0.2%,
c7e71b20-982c-4cd5-9d90-f2fe2fec9e0f,11/18/2009,16:30,Consumer Price Index (YoY) (Oct),MEDIUM,USD,-0.2%,-,-0.3%,-1.3%,
8957fc22-29e0-43ac-885d-f2a75122481d,11/18/2009,16:30,Consumer Price Index ex Food & Energy (MoM) (Oct),MEDIUM,USD,0.2%,-,0.1%,0.2%,
cbdab089-ae7d-402b-a4a7-06a70d1e9d17,11/18/2009,16:30,Consumer Price Index ex Food & Energy (YoY) (Oct),MEDIUM,USD,1.7%,-,1.6%,1.5%,
80fdaee6-11d2-4758-a98a-fa3279bc8b37,11/18/2009,16:30,Housing Starts (MoM) (Oct),MEDIUM,USD,0.53M,-2.00,0.6M,0.585M,
c438c4ed-16d3-4785-b41e-91944214801c,11/18/2009,17:15,Fed's Bullard speech,LOW,USD,,,,,SPEECH
0a505106-557d-4861-b481-8f067e08321a,11/18/2009,18:30,EIA Crude Oil Stocks Change,NONE,USD,-0.9M,-,0.8M,1.8M,
bbf313b0-67e1-4776-bb50-fc1a597c6b6e,11/19/2009,02:50,BoJ Minutes,LOW,JPY,,,,,REPORT
f8425c26-fe06-454f-91b3-eb55d6ad4a5c,11/19/2009,07:30,All Industry Activity Index (MoM) (Sep),LOW,JPY,-0.6%,-,-0.1%,0.9%,
0ec40ac6-da40-4b4d-8307-c7cd18d47b59,11/19/2009,08:00,Coincident Index (Sep),LOW,JPY,93.2,-,-,92.5,
0a83ff08-f939-4ad2-abd1-3073634e047f,11/19/2009,08:00,Leading Economic Index (Sep),LOW,JPY,87.5,-,-,86.4,
87bc4a87-50ed-4dcc-b61d-82f506151d2e,11/19/2009,10:15,Trade Balance (Oct),MEDIUM,CHF,2.44M,-,2.15M,1.92M,
2e27efe2-84c4-4e23-a6e6-12c6e9342c6e,11/19/2009,12:30,CML Gross Mortgage Lending s.a. (Oct),NONE,GBP,£13.5B,-,-,£12.5B,
b492c345-65dd-4870-99fc-db41ee2775e2,11/19/2009,12:30,M4 Money Supply (MoM) (Oct) PREL,LOW,GBP,1.8%,-,1%,0.7% ,
58cb966d-81e0-46a7-a945-58a78c200b49,11/19/2009,12:30,M4 Money Supply (YoY) (Oct) PREL,LOW,GBP,11%,-,9.9%,11.3% ,
c18df943-d639-4e75-8865-10fced7c4f25,11/19/2009,12:30,Public Sector Net Borrowing (Oct),LOW,GBP,£10.2B,1.04,£6.8B,£14.818B,
6ae5d76b-e229-4044-b3d0-0d58b9230b61,11/19/2009,12:30,Retail Sales (MoM) (Oct),HIGH,GBP,0.6%,0.00,0.6%,-0.1% ,
96149b1b-40b3-4254-be4a-f11e8648a699,11/19/2009,12:30,Retail Sales (YoY) (Oct),HIGH,GBP,3.7%,1.17,2.9%,1.5% ,
fcc6d522-a50c-4278-8e3f-091227fa4790,11/19/2009,16:30,Canadian Portfolio Investment in Foreign Securities (Sep),LOW,CAD,$4.728B,-,-,$-0.14B,
c5e441d7-981b-4c0e-9354-8e46bbb7980a,11/19/2009,16:30,Foreign Portfolio Investment in Canadian Securities (Sep),LOW,CAD,$13.843B,2.97,$4.1B,$5.33B,
461f0ce1-c9af-4d64-b061-efd63a7647e1,11/19/2009,16:30,Leading Indicators (MoM) (Oct),LOW,CAD,0.7%,-,0.8%,1.1% ,
fe5aa6d2-a550-468a-a35d-e7d215ab92f6,11/19/2009,16:30,Wholesale Sales (MoM) (Oct),LOW,CAD,0.1%,0.31,-0.2%,-0.8% ,
9ee9a30c-78ef-4be9-bd68-693dca2c2e3d,11/19/2009,16:30,Continuing Jobless Claims,LOW,USD,5.613M,-,5.6M,5.631M,
1f75f5be-612c-4749-a52d-110a96ebcc70,11/19/2009,16:30,Initial Jobless Claims,LOW,USD,501K,-,503K,502K,
341a75df-8b42-4924-a1f2-d9d533b4b864,11/19/2009,18:00,Philadelphia Fed Manufacturing Survey (Nov),LOW,USD,16.7,0.68,12.3,12.7,
c35af8f7-a8cb-4d09-b57d-84b8361fb5dd,11/19/2009,18:00,Treasury's Geithner speech,MEDIUM,USD,,,,,SPEECH
98493ded-f44c-4d4f-a396-8d200488420d,11/19/2009,19:00,ECB's President Trichet speech,MEDIUM,EUR,,,,,SPEECH
9ae81458-8960-4bd1-ad3a-ad055aae15a4,11/20/2009,07:00,BoJ Interest Rate Decision,HIGH,JPY,0.1%,0,0.1%,0.1%,
f57e1dc5-aa67-4701-ae2c-f7bc8d768389,11/20/2009,10:00,Producer Price Index (MoM) (Oct),MEDIUM,EUR,0%,-0.33,0.2%,-0.4% ,
32153939-d3b9-4360-b1be-f4b7b3a52dd7,11/20/2009,10:00,Producer Price Index (YoY) (Oct),MEDIUM,EUR,-7.6%,-0.29,-7.4%,-7.5% ,
f00b3f6d-31b0-41cb-9f7c-32e0e03d3042,11/20/2009,13:30,ECB's President Trichet speech,MEDIUM,EUR,,,,,SPEECH
bb242524-81d4-4038-be7c-514665d06ab2,11/20/2009,16:00,CBRT Interest Rate Decision,LOW,TRY,6.5%,-,-,6.75%,
6c0beea9-def6-4931-befa-d59335db4514,11/23/2009,00:45,Visitor Arrivals (YoY) (Oct),LOW,NZD,-0.7%,-,-,9.3% ,
2f3a4a12-fff9-443c-ada4-7c5ae5bafc63,11/23/2009,03:00,Labor Thanksgiving Day,NONE,JPY,,,,,ALL DAY
145872b3-7caf-4bb8-b52c-90ec275c9380,11/23/2009,03:30,New Motor Vehicle Sales (MoM) (Oct),LOW,AUD,3.3%,-,-,2.9% ,
f55dd669-01d0-4b40-bcff-11c391ed1b76,11/23/2009,03:30,New Motor Vehicle Sales (YoY) (Oct),LOW,AUD,3.7%,-,-,-2% ,
18ed637c-dfe4-4f6d-aa1b-f17458f1db15,11/23/2009,11:30,HCOB Manufacturing PMI (Nov) PREL,MEDIUM,EUR,-,-,51.7,-,
c8ce6c82-089e-4573-916f-e6602b9a4f9c,11/23/2009,11:30,HCOB Services PMI (Nov) PREL,LOW,EUR,-,-,51.2,-,
91b41e70-f435-4d3e-bffa-52161a2a554b,11/23/2009,12:00,HCOB Manufacturing PMI (Nov) PREL,MEDIUM,EUR,-,-,51.5,-,
62415e74-a02e-4f70-a2b3-209a8deacae6,11/23/2009,12:00,HCOB Services PMI (Nov) PREL,LOW,EUR,-,-,52.7,-,
d322e6d5-3b62-4b15-8923-7f12e48eda1a,11/23/2009,15:00,MNB Interest Rate Decision,LOW,HUF,6.5%,-,-,7%,
bd3b2546-9961-4149-8ebd-f765b4a6c07f,11/23/2009,16:00,ECB's President Trichet speech,MEDIUM,EUR,,,,,SPEECH
a7a5b76d-4c08-486d-a82c-ce358f091bda,11/23/2009,16:30,Retail Sales (MoM) (Sep),MEDIUM,CAD,1.1%,-,0.6%,0.8% ,
09a93f62-57c9-4ad2-bfca-b62ccd934a95,11/23/2009,16:30,Retail Sales ex Autos (MoM) (Sep),MEDIUM,CAD,1%,1.04,0.4%,0.4% ,
d5478476-7080-463e-a8b0-635ba5bf4b24,11/23/2009,18:00,Existing Home Sales (MoM) (Oct),MEDIUM,USD,6.1M,2.25,5.7M,4.62M,
1639548a-fa3a-4503-9a3d-b6b5e050ca8c,11/23/2009,18:00,Existing Home Sales Change (MoM) (Oct),MEDIUM,USD,10.1%,2.18,2.3%,3.8% ,
f31bcbe4-f9a6-4b13-9c7d-877baa86f944,11/24/2009,05:00,RBNZ Inflation Expectations (QoQ) (Q4),LOW,NZD,2.6%,-,-,2.25% ,
6f284734-ddbd-4ab1-b445-915d1d744993,11/24/2009,08:00,BoJ Monthly Economic Survey,LOW,JPY,,,,,REPORT
61f395ce-2dd6-4508-9423-c15389907f7c,11/24/2009,10:00,UBS Consumption Indicator (Oct),LOW,CHF,0.88,-,-,0.63,
f8c37943-ddac-4be5-93df-90c12ac800e0,11/24/2009,10:00,Gross Domestic Product (QoQ) (Q3),MEDIUM,EUR,0.7%,0.00,0.7%,0.7%,
48ede9e4-edd7-4150-bf32-14e001bc50af,11/24/2009,10:00,Gross Domestic Product (YoY) (Q3),MEDIUM,EUR,-4.4%,0.84,-4.7%,-4.7%,
370af5d7-608a-4fb7-bf7e-b160233e55c3,11/24/2009,10:00,Gross Domestic Product w.d.a (YoY) (Q3),MEDIUM,EUR,-4.8%,0.00,-4.8%,-4.8%,
e141f700-9d74-4075-9eab-a5161fd6e7bc,11/24/2009,11:15,Employment Level (QoQ) (Q3),LOW,CHF,3.96M,0.00,3.96M,4.523M,
df803d3d-9890-4e77-b3d1-c3f858bbccf0,11/24/2009,12:00,IFO – Business Climate (Nov),MEDIUM,EUR,93.8,1.42,92.6,89.4,
e5c0b5ac-1f84-4aa4-8b68-7d366e41e051,11/24/2009,12:00,IFO – Current Assessment (Nov),NONE,EUR,89,-,-,-,
2e2331fa-2d1c-44c3-9efd-76a0baceea5a,11/24/2009,12:00,IFO – Expectations (Nov),MEDIUM,EUR,98.8,1.01,97.3,98.1,
17c00542-583d-487a-bf57-b69a9737a5fc,11/24/2009,12:30,BBA Mortgage Approvals (Oct),LOW,GBP,41.608K,-,43.7K,42.1K,
f3f05f6c-643f-44ca-8d00-a05ee76d45b5,11/24/2009,12:30,Total Business Investment (QoQ) (Q3) PREL,LOW,GBP,-3%,-,-3.5%,-3%,
e04c4bce-718c-4c4b-bdc0-04b20d16fa7a,11/24/2009,12:30,Total Business Investment (YoY) (Q3) PREL,LOW,GBP,-21.7%,-,-22.9%,-21.7%,
3fbad261-7b8b-412e-9c05-d530bc3e0a1f,11/24/2009,13:00,Industrial New Orders (YoY) (Sep),MEDIUM,EUR,-14.7%,-,-17.3%,-23.2% ,
9eacc888-73a8-4819-98e6-be4bb5763553,11/24/2009,13:00,Industrial New Orders s.a. (MoM) (Sep),MEDIUM,EUR,2.5%,-,0.7%,0.6% ,
1e7f4705-a626-4b35-975d-bc493cdd3119,11/24/2009,16:30,Core Personal Consumption Expenditures (QoQ) (Q3) PREL,HIGH,USD,2.9%,-,3.2%,3.4%,
b218954b-29b7-4a44-ad8b-964791b736b8,11/24/2009,16:30,Gross Domestic Product Annualized (Q3) PREL,HIGH,USD,2.8%,-,3%,3.5%,
25b03ff6-1446-4e4a-8ac3-0aaf70f5050b,11/24/2009,16:30,Gross Domestic Product Price Index (Q3) PREL,MEDIUM,USD,1.4%,-,0.8%,1.6%,
6f147cfe-5dd6-481a-aa95-8c64987b17e2,11/24/2009,17:00,S&P/Case-Shiller Home Price Indices (YoY) (Sep),MEDIUM,USD,-9.3%,-,-9.1%,-11.3%,
98a8d673-6025-4101-901f-153990193590,11/24/2009,18:00,Consumer Confidence (Nov),MEDIUM,USD,50.6,-,47.3,47.7,
38dcb402-b4b0-4ba1-a973-232875c99db6,11/24/2009,18:00,Housing Price Index (MoM) (Sep),MEDIUM,USD,-0.4%,-1.15,0.2%,-0.2% ,
7e6b70fb-b57e-47d1-9edf-f9ab47cbc864,11/24/2009,18:00,Richmond Fed Manufacturing Index (Nov),LOW,USD,1,-1.49,10,7,
dde7b082-aaeb-4f9f-8da9-618d7f6f4ed8,11/24/2009,18:35,BoE's Governor King speech,MEDIUM,GBP,,,,,IN PROGRESS
cfd3839a-6a98-4f51-8404-0a363160e16c,11/24/2009,22:00,FOMC Minutes,MEDIUM,USD,,,,,REPORT
b4926d12-0dc8-4157-b20c-cefe9a94054c,11/25/2009,02:50,Adjusted Merchandise Trade Balance (Oct),LOW,JPY,¥419.1B,-,¥300B,¥58.6B,
c7b21618-b566-4ff8-9a8f-428fa658335e,11/25/2009,02:50,Corporate Service Price Index (YoY) (Oct),LOW,JPY,-2.2%,1.66,-2.6%,-1.9% ,
65b1ef01-0938-42c8-ad92-66813fbd839e,11/25/2009,02:50,Merchandise Trade Balance Total (Oct),LOW,JPY,¥805.4B,8.25,¥310B,¥517.6B,
20d2dcb7-969c-4640-8f08-de6281f2731a,11/25/2009,03:30,Construction Work Done (Q3),LOW,AUD,0.82%,0.26,0.1%,0.1% ,
b50e8db4-867d-4d1d-9b33-f4e3bf4b5bb5,11/25/2009,10:00,GfK Consumer Confidence Survey (Dec),MEDIUM,EUR,3.6,-,4.2,4,
8c894970-df78-425d-ae31-2a4d9805e579,11/25/2009,12:30,Gross Domestic Product (QoQ) (Q3) PREL,MEDIUM,GBP,-0.3%,0,-0.3%,-0.4%,
48273d33-d0ec-455e-8f39-9f9190a184bc,11/25/2009,12:30,Gross Domestic Product (YoY) (Q3) PREL,MEDIUM,GBP,-5.1%,0,-5.1%,-5.2%,
660862a7-3484-4af0-97c1-37aca97da7d9,11/25/2009,12:30,Index of Services (3M/3M) (Sep),LOW,GBP,-0.1%,-,0%,-0.1%,
276025a8-0d2f-45b1-b755-8106954e9f7f,11/25/2009,15:00,MBA Mortgage Applications,NONE,USD,-4.5%,-,-,-2.5% ,
6214146a-f0bc-49a2-b883-c7d51bd5d4d3,11/25/2009,16:30,Continuing Jobless Claims,LOW,USD,5.437M,-,5.55M,5.611M,
864cb362-8f14-4de8-86ae-24889a8c05ff,11/25/2009,16:30,Core Personal Consumption Expenditures - Price Index (MoM) (Oct),MEDIUM,USD,0.2%,1.58,0.1%,0.2% ,
b37a9321-9c22-40df-9064-fd8c9f49ca7c,11/25/2009,16:30,Core Personal Consumption Expenditures - Price Index (YoY) (Oct),MEDIUM,USD,1.4%,0.00,1.4%,1% ,
12953441-94ac-4387-a612-2b3e45a2a5fe,11/25/2009,16:30,Durable Goods Orders (Oct),MEDIUM,USD,-0.6%,-0.61,0.5%,0.2% ,
b784c893-b507-4fc0-8acf-edaf0d1f5387,11/25/2009,16:30,Durable Goods Orders ex Transportation (Oct),MEDIUM,USD,-1.3%,-2.18,0.8%,4.1% ,
13722756-f4d9-48c5-a3df-6d3930c026d4,11/25/2009,16:30,Initial Jobless Claims,MEDIUM,USD,462K,-,500K,505K,
3e663098-e834-4b4c-a287-23a2da34a78d,11/25/2009,16:30,Personal Consumption Expenditures - Price Index (MoM) (Oct),MEDIUM,USD,0.6%,0.00,0.6%,0.2% ,
8a0fe6ef-6a09-42c5-92e3-d016834b9118,11/25/2009,16:30,Personal Consumption Expenditures - Price Index (YoY) (Oct),MEDIUM,USD,0.2%,-2.50,0.6%,-0.8% ,
238bf4fa-4c08-46fb-88c4-ccc8ce1be321,11/25/2009,16:30,Personal Income (MoM) (Oct),MEDIUM,USD,0.3%,0.23,0.2%,0.3% ,
3603f3e1-e594-4a78-bb35-6551f6d81fac,11/25/2009,18:00,Michigan Consumer Sentiment Index (Nov),LOW,USD,67.4,-,67.1,66,
09b4a357-ebf9-4441-a9ab-a37683336238,11/25/2009,18:00,New Home Sales (MoM) (Oct),MEDIUM,USD,0.4M,-0.20,0.407M,0.386M,
ead9fe65-dc72-4c92-9571-796f92ed76c9,11/25/2009,18:00,New Home Sales Change (MoM) (Oct),MEDIUM,USD,6.2%,0.97,0.8%,-7.7% ,
8ec4e491-4e91-4e49-b5fb-8dbcfe1ce6d3,11/25/2009,18:30,EIA Crude Oil Stocks Change,LOW,USD,1M,-,1.8M,-0.9M,
1447b27e-c26c-42b8-8119-ef1e4a6d4e06,11/26/2009,02:50,BoJ Minutes,MEDIUM,JPY,,,,,REPORT
d3cb2a15-9e18-4477-a21f-f69c5715730c,11/26/2009,03:00,Thanksgiving Day,NONE,USD,,,,,ALL DAY
98f7f0b6-77a5-4cfe-adb9-86062f09b516,11/26/2009,03:30,Private Capital Expenditure (Q3),LOW,AUD,-5.4%,-,-,-0.2% ,
5252cfdd-d2bc-43eb-9523-9c1363106143,11/26/2009,12:00,M3 Money Supply (YoY) (Oct),LOW,EUR,0.3%,-,0.7%,1.8%,
29454851-73d5-46cb-8b12-1cd9ee5f54d3,11/26/2009,14:00,CBI Distributive Trades Survey – Realized (MoM) (Nov),LOW,GBP,13%,-,11%,8%,
60b4ab76-918b-4d2a-8f96-f4611af80899,11/26/2009,18:50,Consumer Price Index (YoY) (Nov) PREL,MEDIUM,EUR,0.3%,-,0%,0%,
b1da9682-0ef0-4548-850d-0e557dc29319,11/26/2009,18:50,Consumer Price Index (MoM) (Nov) PREL,MEDIUM,EUR,-0.2%,-,-,0.1%,
c8862691-d1ac-499f-bc15-6b42418c44e7,11/27/2009,00:45,Trade Balance NZD (MoM) (Oct),LOW,NZD,$-495M,-0.11,$-469M,$-561M,
2831a9e4-29af-486b-8578-172342c6ea36,11/27/2009,02:30,National Consumer Price Index (YoY) (Oct),LOW,JPY,-2.5%,-,-2.4%,-2.2%,
434f7b60-ca00-4157-9439-1807bbe83a00,11/27/2009,02:30,"National CPI ex Food, Energy (YoY) (Oct)",LOW,JPY,-1.3%,-1.62,-1%,-0.9% ,
fbfdd066-a054-49a3-830f-da45709c3fb0,11/27/2009,02:30,National CPI ex Fresh Food (YoY) (Oct),LOW,JPY,-1.9%,-,-2.2%,-2.3%,
441a642d-619f-4fb1-8953-e4031ac19a0e,11/27/2009,02:30,Overall Household Spending (YoY) (Oct),MEDIUM,JPY,1.6%,-,0.6%,1%,
92d7c01c-66fb-40c2-8347-0c50836fe735,11/27/2009,02:30,Tokyo Consumer Price Index (YoY) (Oct),LOW,JPY,-2.2%,-,-2.3%,-2.4%,
c0e8611a-6c0e-44ac-9c2c-71e7d9eacaba,11/27/2009,02:30,"Tokyo CPI ex Food, Energy (YoY) (Nov)",LOW,JPY,-1.3%,0.95,-1.5%,-1.5% ,
b3283b70-0bc9-412c-9d10-8e89d93313c8,11/27/2009,02:30,Tokyo CPI ex Fresh Food (YoY) (Oct),LOW,JPY,-1.9%,-,-2%,-2.2%,
5190974e-7947-4f7d-9e2e-f34382fdb4a8,11/27/2009,02:30,Unemployment Rate (Oct),MEDIUM,JPY,5.1%,-1.46,5.4%,5.4% ,
088eef4d-2520-4c96-84e9-20dd778b4588,11/27/2009,02:50,Large Retailer Sales (Oct),LOW,JPY,-9.7%,-,-5.8%,-6.8% ,
5488b5d3-c55e-4b93-80d0-e96ebb543545,11/27/2009,02:50,Retail Trade (YoY) (Oct),LOW,JPY,-0.1%,3.47,-1.5%,-1.3%,
ea0017d8-f851-42c0-9224-23e0d09f574e,11/27/2009,02:50,Retail Trade s.a (MoM) (Oct),LOW,JPY,-0.9%,0,-0.9%,0.9%,
879a1ac1-b69d-4a99-9a1d-ef956c421f44,11/27/2009,13:00,Consumer Confidence (Nov),MEDIUM,EUR,-17.3,-,-18,-18,
8a92d1c4-4961-4f64-8246-6d68ced8fe3e,11/27/2009,13:00,Economic Sentiment Indicator (Nov),LOW,EUR,91.8,3.92,88,86.3,
2d7abcfa-f901-4694-afbf-6cca49a10f7c,11/27/2009,13:00,Industrial Confidence (Nov),LOW,EUR,-18.7,0.31,-19,-21.1,
3b199d54-d3c6-4649-92bd-3dd546ba01cd,11/27/2009,13:30,KOF Leading Indicator (Nov),LOW,CHF,1.62,-,1.68,1.45,
9244dfcb-9485-4b0d-9105-b6f0810d16bf,11/27/2009,16:30,Current Account (Q3),LOW,CAD,-13.77B,-,-12.9B,-10.94B,
8015c0b1-8a02-4f69-b85d-41d5842e6a43,11/30/2009,00:45,Building Permits s.a. (MoM) (Oct),LOW,NZD,0.1%,-,-,3.3% ,
715305f1-98aa-4f82-bb47-55f1c4ce266b,11/30/2009,02:15,Jibun Bank Manufacturing PMI (Nov),LOW,JPY,-,-,-,-,
2d924ee9-eab8-4b6a-8f5c-9f7a0c42bb41,11/30/2009,02:50,Industrial Production (MoM) (Oct) PREL,LOW,JPY,0.5%,-,2.5%,0.5%,
f7ecf1e6-75e1-4b64-a278-70d1e11d284e,11/30/2009,02:50,Industrial Production (YoY) (Oct) PREL,LOW,JPY,-15.1%,-,-13.4%,-15.1%,
03afe554-2cb5-48ac-812d-97bf4dc938fe,11/30/2009,03:00,HIA New Home Sales (MoM) (Oct),LOW,AUD,-6%,-,-,-4.5%,
36bab254-ab97-463b-90d8-2b8a1cb8b0ed,11/30/2009,03:01,GfK Consumer Confidence (Nov),LOW,GBP,-17,-,-11,-13,
a0743030-4d55-4a13-9f31-2eab323976fa,11/30/2009,04:30,Company Gross Operating Profits (QoQ) (Q3),LOW,AUD,1.04%,0.16,0.1%,-11.2% ,
6a2f2dc7-fea1-42c2-a14b-b903f660c702,11/30/2009,04:30,Private Sector Credit (MoM) (Oct),LOW,AUD,-0.1%,-,-,0% ,
dfd39c9c-8e8d-4dac-b3dd-21a64f182c9a,11/30/2009,04:30,Private Sector Credit (YoY) (Oct),NONE,AUD,1.1%,-,-,1.7%,
32976c3b-09d5-446a-a88d-39427eb614f8,11/30/2009,04:30,Labor Cash Earnings (YoY) (Oct),LOW,JPY,-1.9%,-,-,-2% ,
0ce5eae8-cf72-4786-8fb8-c419599b973e,11/30/2009,08:00,Annualized Housing Starts (Oct),LOW,JPY,0.762M,0.99,0.705M,0.714M,
a2368f3a-c45a-4665-ae08-86356848f699,11/30/2009,08:00,Construction Orders (YoY) (Oct),LOW,JPY,-40.1%,-,-,-14%,
1bbeed62-43ed-4012-ab27-fee4c5240b9a,11/30/2009,08:00,Housing Starts (YoY) (Oct),LOW,JPY,-27.1%,-,-33.3%,-37%,
5d01e263-6e28-4218-9f9a-84b9e2190dd8,11/30/2009,12:30,Consumer Credit (Oct),LOW,GBP,£-0.6B,-,£-0.3B,£-0.3B,
b34f9bd0-ffb6-4b95-9320-cccefb57dcfa,11/30/2009,12:30,M4 Money Supply (MoM) (Oct),LOW,GBP,1.7%,-,-,1.8%,
220b6b73-a983-4517-867f-cd62c4448f67,11/30/2009,12:30,M4 Money Supply (YoY) (Oct),LOW,GBP,10.8%,-,-,11%,
a8a71ce1-b59c-400d-9b7d-4ec5e4a52add,11/30/2009,12:30,Mortgage Approvals (Oct),LOW,GBP,57.72K,-,59K,56K,
dfc1241f-9d27-4e94-972a-0416f80401c1,11/30/2009,12:30,Net Lending to Individuals (MoM) (Oct),LOW,GBP,£0.5B,-,£0.8B,£0.66B,
71630b43-3984-4b26-a558-fbb722c894c7,11/30/2009,13:00,Harmonized Index of Consumer Prices (YoY) (Nov) PREL,MEDIUM,EUR,0.6%,-,0.5%,-0.1%,
a0445b46-e369-46cf-ad64-f19f85fb3868,11/30/2009,15:00,NBP Base rate,LOW,PLN,3.5%,-,-,3.5%,
63d55eeb-9932-4a0c-80eb-221ae78b4051,11/30/2009,16:30,Gross Domestic Product (MoM) (Sep),MEDIUM,CAD,0.6%,3.54,0.1%,0% ,
20ebeddc-7184-418a-980d-6e8bbd47ded8,11/30/2009,16:30,Gross Domestic Product Annualized (Q3),MEDIUM,CAD,0.9%,-,1%,-4.3% ,
99e867e3-365c-4672-a0a4-7b86ce0a7819,11/30/2009,16:30,Industrial Product Price (MoM) (Oct),LOW,CAD,-0.4%,-2.66,0.5%,-0.5%,
8c09670e-8329-40d5-be53-95e309fbc77c,11/30/2009,16:30,Raw Material Price Index (Oct),LOW,CAD,2.5%,-,3.1%,-1.1% ,
1417fd2a-5709-4e05-8a2a-e1c14d032b85,11/30/2009,17:45,Chicago PMI (Nov),MEDIUM,USD,56.1,0.58,53.2,53.9,
ef45a01a-5ca0-44a9-bdbe-e15470fd1a1f,12/01/2009,01:30,AiG Performance of Mfg Index (Nov),MEDIUM,AUD,51.2,-,-,51.7,
8482d4f8-fe7d-4ab8-acb0-7705f9428710,12/01/2009,03:30,Building Permits (MoM) (Oct),LOW,AUD,-2.91%,-,2.1%,5.1% ,
4449340e-0b05-4c84-ad75-d0d9aad571ad,12/01/2009,03:30,Building Permits (YoY) (Oct),LOW,AUD,17.15%,-,9.6%,11.7% ,
a2c02782-9b1c-4267-bdeb-6daa3951d31a,12/01/2009,06:30,RBA Interest Rate Decision,HIGH,AUD,3.75%,0,3.75%,3.5%,
a1dec893-043f-461c-9d8c-978d593129d6,12/01/2009,08:00,Vehicle Sales (YoY) (Nov),LOW,JPY,36%,-,-,12.6%,
1a0d13a3-4a9e-489b-8118-9881243fa4bc,12/01/2009,08:30,RBA Commodity Index SDR (YoY) (Nov),LOW,AUD,-15.7%,-,-,-31.1% ,
ce734b87-559b-405e-bf40-4cf9fdf6aab1,12/01/2009,09:30,BoJ Monetary Policy Meeting Minutes,HIGH,JPY,,,,,REPORT
6fa07b53-ea24-42ee-9489-c2d4ed9046eb,12/01/2009,09:45,Gross Domestic Product (QoQ) (Q3),MEDIUM,CHF,0.7%,0.79,0.3%,0.6% ,
6c991063-c183-487d-a0df-54228e6851df,12/01/2009,09:45,Gross Domestic Product (YoY) (Q3),MEDIUM,CHF,-1.7%,0.00,-1.7%,-4.1% ,
7fca2107-5ed2-4f99-a6b9-34608fae4a69,12/01/2009,10:00,Retail Sales (MoM) (Oct),LOW,EUR,-0.3%,-0.87,0.6%,1.1% ,
ad72c95a-3606-4b9a-b6de-5d3bf68d241a,12/01/2009,10:00,Retail Sales (YoY) (Oct),LOW,EUR,-1.6%,-,-1.9%,-3.9%,
6cca8049-c5fc-44fd-8456-c8d0c4a17c76,12/01/2009,10:00,Nationwide Housing Prices n.s.a (YoY) (Nov),MEDIUM,GBP,2.7%,-,2.4%,2%,
3c204bce-874f-488e-8a59-622f69b5afaa,12/01/2009,10:00,Nationwide Housing Prices s.a (MoM) (Nov),MEDIUM,GBP,0.5%,0.12,0.4%,0.7% ,
2c7d7ccc-9432-4232-97cb-c04188e099b0,12/01/2009,11:30,SVME - Purchasing Managers' Index (Nov),MEDIUM,CHF,56.9,1.18,54.9,55,
a793242d-80ee-4e12-bf90-b2bd981f693b,12/01/2009,11:55,HCOB Manufacturing PMI (Nov),MEDIUM,EUR,-,-,52,-,
a89ff398-9743-4d67-b942-4cc5f47621d2,12/01/2009,11:55,Unemployment Change (Nov),MEDIUM,EUR,-5K,-0.44,2K,-45K,
901e92d0-0fb4-4c8c-874d-a4a248b39d62,12/01/2009,12:00,HCOB Manufacturing PMI (Nov),MEDIUM,EUR,-,-,51,-,
3677d8ca-62fa-49bf-b72a-10e6c43aa4fd,12/01/2009,12:30,S&P Global Manufacturing PMI (Nov),MEDIUM,GBP,-,-,54.2,53.7,
03e6f7c8-3e1a-4605-b3fb-2b20cd673679,12/01/2009,13:00,Unemployment Rate (Oct),MEDIUM,EUR,9.9%,-,9.8%,9.7% ,
06c9e93d-d6cc-4a36-a721-fdcd52d0681f,12/01/2009,18:00,Construction Spending (MoM) (Oct),LOW,USD,-0.5%,-0.15,-0.3%,-1.4% ,
aaaa8272-7d24-41d9-bea6-42893876a4a0,12/01/2009,18:00,ISM Manufacturing PMI (Nov),MEDIUM,USD,53.6,-0.69,54.9,57.6,
6f6ae432-a4f5-4cdf-a254-6e18c8fc1531,12/01/2009,18:00,Pending Home Sales (MoM) (Oct),MEDIUM,USD,3.9%,1.86,-0.6%,4.5% ,
34d37d63-b712-44d1-95ee-f3beb44f73e1,12/02/2009,01:30,AiG Performance of Mfg Index (Dec),LOW,AUD,48.5,-,-,51.2,
1f275362-ba1c-4547-9294-696decba325c,12/02/2009,02:50,Monetary Base (YoY) (Nov),LOW,JPY,3.8%,-,4.7%,4.4%,
e3a18e08-b59a-4d27-8538-c2335af5b309,12/02/2009,03:01,RICS Housing Price Balance (Nov),MEDIUM,GBP,35%,-,-,34%,
d328b234-0781-48cb-9da2-25d9b038951b,12/02/2009,12:30,S&P Global Construction PMI (Nov),LOW,GBP,-,-,46.9,-,
40b6c841-dca2-4983-b3f8-2ce27e1a8127,12/02/2009,13:00,Producer Price Index (MoM) (Oct),LOW,EUR,0.3%,1.83,0.1%,-0.3% ,
24722b6e-ae38-466c-aa0c-1f85ffb1f24e,12/02/2009,13:00,Producer Price Index (YoY) (Oct),LOW,EUR,-6.6%,0.95,-6.8%,-7.5% ,
2bb32f6d-72a7-4435-87e1-e24728d6cff0,12/02/2009,15:00,MBA Mortgage Applications,LOW,USD,2.1%,-,-,-4.5%,
2daa6fc5-4a77-4cd0-afdc-27dec227a5ec,12/02/2009,16:15,ADP Employment Change (Nov),MEDIUM,USD,-169K,-0.65,-150K,-247K,
fdefba73-447e-4252-ab23-fcb4bca48f5f,12/02/2009,18:30,EIA Crude Oil Stocks Change,LOW,USD,2.1M,-,-0.5M,1M,
33ac3fa8-f5b4-4c34-b5a4-889cf36de72e,12/02/2009,22:00,Fed's Beige Book,MEDIUM,USD,,,,,REPORT
ec415fe6-a0fe-420c-bf4c-23c9b2c57efa,12/03/2009,01:30,AiG Performance of Services Index (Nov),LOW,AUD,52.5,-,-,54.8,
b0299c4f-ee69-4943-80bd-717e071a6cfd,12/03/2009,02:50,Capital Spending (Q3),LOW,JPY,-24.8%,-,-15.9%,-21.7%,
af12ac5c-c48b-47e5-b683-32b743e4bd96,12/03/2009,03:30,Retail Sales s.a. (MoM) (Oct),MEDIUM,AUD,0.4%,0,0.4%,-0.2% ,
0fb184f7-d5f3-4ab9-a964-f0f397251a79,12/03/2009,06:00,ANZ Commodity Price (Nov),MEDIUM,NZD,10.5%,-,-,4.7%,
49aeff2c-97ad-4e9a-999b-79c03b4cf96d,12/03/2009,11:55,HCOB Services PMI (Nov),LOW,EUR,-,-,51.5,-,
7673cbe0-e859-43de-ae13-4e18ef3d72b4,12/03/2009,12:00,HCOB Services PMI (Nov),LOW,EUR,-,-,53.3,-,
996ff2a7-effb-45b2-899f-b8f58bfe9729,12/03/2009,12:30,S&P Global Services PMI (Nov),LOW,GBP,-,-,57.1,-,
5cc644d8-8850-45ef-9a49-7dccb58e29cc,12/03/2009,13:00,Gross Domestic Product s.a. (QoQ) (Q3) PREL,HIGH,EUR,0.4%,0,0.4%,0.4%,
62fd3ce5-3557-4908-b665-e85843b49ee3,12/03/2009,13:00,Gross Domestic Product s.a. (YoY) (Q3) PREL,MEDIUM,EUR,-4.1%,0,-4.1%,-4.1%,
b91cbeab-c02b-4569-876d-9aec2a69e4d8,12/03/2009,13:00,Retail Sales (MoM) (Oct),MEDIUM,EUR,0.5%,-,0.2%,-0.5% ,
040b1f54-03a6-4c11-83c4-52e937003214,12/03/2009,13:00,Retail Sales (YoY) (Oct),MEDIUM,EUR,-1.3%,-,-2.4%,-3% ,
489867ec-b2e7-4ca2-94c8-81dd0551c47e,12/03/2009,15:45,ECB Main Refinancing Operations Rate,HIGH,EUR,1%,0,1%,1%,
d058b9c4-1dab-4451-81cc-87fdf83db7f3,12/03/2009,16:30,ECB's President Trichet speech,HIGH,EUR,,,,,SPEECH
b093c341-0f0f-433e-962c-d1d317033c38,12/03/2009,16:30,Continuing Jobless Claims,LOW,USD,5.46M,-,5.4M,5.423M,
106c07c6-d6e1-4956-b245-c8e5efb7f247,12/03/2009,16:30,Initial Jobless Claims,MEDIUM,USD,457K,-,480K,466K,
0ffbe7e6-41bd-49e3-83ed-0dbcc00ab14d,12/03/2009,16:30,Nonfarm Productivity (Q3),MEDIUM,USD,8.1%,-0.29,8.5%,9.5%,
7c9e67ee-feca-49f9-88b3-070033c1381f,12/03/2009,16:30,Unit Labor Costs (Q3),LOW,USD,-2.5%,0.83,-4.3%,-5.2%,
223fd33f-e2e2-41b7-9fc0-e1a93449986a,12/03/2009,18:00,Fed's Chair Bernanke testifies,MEDIUM,USD,,,,,SPEECH
3a1aa5d3-f27e-41da-888b-76f8e5501a61,12/03/2009,18:00,ISM Services PMI (Nov),MEDIUM,USD,48.7,-2.85,51.6,51,
35bb379f-498d-47ae-8d3b-891ba26ee726,12/04/2009,11:15,Consumer Price Index (MoM) (Nov),MEDIUM,CHF,0.2%,-,0.1%,0.6%,
27b1cfac-5d00-4892-8cc4-c17f06d206d0,12/04/2009,11:15,Consumer Price Index (YoY) (Nov),MEDIUM,CHF,0%,-,-0.1%,-0.8%,
bf2c56d6-3594-4880-ba7e-3c0a8d4f8157,12/04/2009,15:00,Net Change in Employment (Nov),MEDIUM,CAD,76K,2.27,15.3K,7.7K,
95e41b12-5fa9-4150-a0d6-2a0fc273d75f,12/04/2009,15:00,Unemployment Rate (Nov),MEDIUM,CAD,8.5%,-0.73,8.7%,8.4% ,
10b9361c-4232-40fc-9a62-edcd149f34ff,12/04/2009,16:30,Average Hourly Earnings (MoM) (Nov),MEDIUM,USD,0.2%,0.00,0.2%,0.2% ,
b14a8e54-4e9c-44b3-a699-abb1f3e0ad8e,12/04/2009,16:30,Average Hourly Earnings (YoY) (Nov),MEDIUM,USD,2.3%,0.00,2.3%,2.5%,
44fe26b3-6dec-4b35-932d-f7cebbfbe1b3,12/04/2009,16:30,Average Weekly Hours (Nov),MEDIUM,USD,33.2,1.25,33.1,33.8,
151f2720-e1f8-4170-9581-12297e8af428,12/04/2009,16:30,Nonfarm Payrolls (Nov),HIGH,USD,4K,-,-125K,-190K,
faa0a4f0-3d3c-41c1-a3e2-0263e5311086,12/04/2009,16:30,Unemployment Rate (Nov),HIGH,USD,10%,-1.08,10.2%,10% ,
c1e6c268-ee65-478e-9fd5-fe281b2be182,12/04/2009,18:00,Ivey Purchasing Managers Index (Nov),LOW,CAD,55.9,-,60,61.2,
f0bfcf5f-e48f-426c-b3f6-d0d52bf8d47d,12/04/2009,18:00,Factory Orders (MoM) (Oct),MEDIUM,USD,0.8%,-,0.2%,0.9% ,
608c48b5-bf39-430a-be88-11fe84357d6a,12/07/2009,03:30,ANZ Job Advertisements (Nov),LOW,AUD,4%,-,-,-1.7% ,
7c789f3e-0397-45a7-930c-ed3b872115c7,12/07/2009,11:00,ECB's President Trichet speech,MEDIUM,EUR,,,,,SPEECH
419c4341-1850-430a-84ac-c7a5aa614c4b,12/07/2009,11:15,Real Retail Sales (YoY) (Oct),MEDIUM,CHF,3.2%,1.87,1.2%,-2.7% ,
069ac5d0-d081-46c0-ab2d-53b4ea6fa294,12/07/2009,12:30,Sentix Investor Confidence (Dec),LOW,EUR,-5.5,-,-4.3,-7,
ea655aee-428c-4f1c-bfec-7093c0b9fa14,12/07/2009,14:00,Factory Orders n.s.a. (YoY) (Oct),MEDIUM,EUR,-8.5%,-,-6.2%,-12.8% ,
722ee8c2-3c93-4e1a-bd40-c4d2b8092309,12/07/2009,14:00,Factory Orders s.a. (MoM) (Oct),MEDIUM,EUR,-1.7%,-1.80,0.7%,3.5% ,
07048f87-5bbb-44b3-af15-fc10b0e0f82e,12/07/2009,16:00,ECB's President Trichet speech,MEDIUM,EUR,,,,,SPEECH
b7852cf3-6159-4259-8360-3f4a335876ee,12/07/2009,16:30,Building Permits (MoM) (Oct),LOW,CAD,16.8%,1.92,1.1%,3.7% ,
f4614f91-8291-498c-b5ff-8b094843ef9b,12/07/2009,20:45,Former Fed's Chair Bernanke speech,MEDIUM,USD,,,,,SPEECH
39075203-1df6-4db3-915e-4585fcd2116b,12/07/2009,23:00,Consumer Credit Change (Oct),MEDIUM,USD,$-3.5B,0.66,$-9.6B,$-5.53B,
5cedaac8-1267-4f22-9611-5dcfc791f8fb,12/08/2009,02:50,Current Account n.s.a. (Oct),LOW,JPY,"¥1,397.6B",-,-,"¥1,717.6B",
970012b7-189f-4dfc-8063-16bae8ed8656,12/08/2009,02:50,Money Supply M2+CD (YoY) (Nov),LOW,JPY,3.3%,-,3.5%,3.3% ,
00032340-4158-4c77-9f69-73231d6f5a1d,12/08/2009,02:50,Trade Balance - BOP Basis (Oct),MEDIUM,JPY,¥949B,6.03,¥862.3B,¥745.7B,
d6de24fc-a7f5-4c90-b12e-e0ab3ec9bae9,12/08/2009,03:01,BRC Like-For-Like Retail Sales (YoY) (Nov),MEDIUM,GBP,1.8%,-,-,3.8%,
e243e923-37a6-4d83-9a9a-99f82cbb4a5d,12/08/2009,03:01,NIESR GDP Estimate (3M) (Nov),NONE,GBP,0.2%,-,-,-0.4%,
7122c010-35ff-47d4-9d83-1aff2c58e48b,12/08/2009,03:30,Current Account Balance (Q3),LOW,AUD,-13.896B,0.62,-16.7B,-15.5B,
10235de1-8c77-49eb-80bf-afebe75816cf,12/08/2009,03:30,National Australia Bank's Business Conditions (Nov),LOW,AUD,10,-,-,12,
9844b184-8286-4324-b9d3-a5f9258a3771,12/08/2009,03:30,National Australia Bank's Business Confidence (Nov) PREL,LOW,AUD,19,-,-,14,
dfe44f2b-423b-46e1-bba6-3a9b6c7ddcaa,12/08/2009,08:00,Coincident Index (Oct) PREL,LOW,JPY,94.3,-,93.8,92.7,
cfaed455-e4a0-4b38-9c15-09a639167df9,12/08/2009,08:00,Leading Economic Index (Oct) PREL,LOW,JPY,89.7,-,88.7,86.4,
6d73d5c7-ccf4-41e2-8935-0f587f66412a,12/08/2009,08:30,Eco Watchers Survey: Current (Nov),MEDIUM,JPY,33.9,-2.26,40,43.1,
fc0ae679-07d4-4a8a-9dc0-fad50b1bb807,12/08/2009,08:30,Eco Watchers Survey: Outlook (Nov),MEDIUM,JPY,34.5,-,-,45.1,
874c709a-ecad-4b0f-b654-f07af45fb127,12/08/2009,12:00,Halifax House Prices (MoM) (Nov),LOW,GBP,1.3%,-,0.8%,1.2%,
71d4e9a6-3da6-422e-83be-f12b79e48ffc,12/08/2009,12:00,Halifax House Prices (YoY/3m) (Nov),LOW,GBP,-1.6%,-,-1.5%,-4.7%,
aa80d265-3ac1-4f9b-9a2e-1f90d9708caa,12/08/2009,12:30,Industrial Production (MoM) (Oct),MEDIUM,GBP,0.1%,-,0.5%,1.6% ,
f33a988f-3b45-44ff-b14c-da8dc8535a0f,12/08/2009,12:30,Industrial Production (YoY) (Oct),MEDIUM,GBP,-8.4%,-,-7.6%,-10.3% ,
bc9a018b-df50-481c-adc9-a013257141ae,12/08/2009,12:30,Manufacturing Production (MoM) (Oct),MEDIUM,GBP,0%,-,0.5%,1.7% ,
13d15ecc-01c6-43ce-8052-ecca1326d92f,12/08/2009,12:30,Manufacturing Production (YoY) (Oct),MEDIUM,GBP,-7.8%,-,-7.2%,-9.3% ,
e5dddbac-58a6-4259-bfc3-0b135f43e982,12/08/2009,14:00,Industrial Production n.s.a. w.d.a. (YoY) (Oct),MEDIUM,EUR,-11.9%,-,-10.2%,-12.6% ,
77be394f-4036-49f0-91e4-502109eeebb2,12/08/2009,14:00,Industrial Production s.a. (MoM) (Oct),MEDIUM,EUR,-1.23%,-1.29,1.1%,3.6% ,
55266ddd-4ec8-4f49-adee-7ec098555857,12/08/2009,14:00,CBI Industrial Trends Survey – Orders (MoM) (Dec),LOW,GBP,-42%,0,-42%,-45%,
90e92281-f67c-43cf-9d3b-ffd40a56529f,12/08/2009,16:15,Housing Starts s.a (YoY) (Nov),MEDIUM,CAD,165K,1.09,157K,187.7K,
a83446bb-dddb-4daa-a71f-39d633bd7e9c,12/08/2009,17:00,BoC Interest Rate Decision,HIGH,CAD,0.25%,0,0.25%,0.25%,
149d1e60-b927-434a-b9ce-e79ac3a85523,12/09/2009,02:30,Westpac Consumer Confidence (Dec),MEDIUM,AUD,-3.8%,-,-,-2.5%,
278a4354-6384-46ca-a5d1-3210cd35c86c,12/09/2009,02:50,Gross Domestic Product (QoQ) (Q3),MEDIUM,JPY,0%,-0.40,0.8%,1.2%,
e7f0f566-13be-4e6a-8b89-fef32cfcebbf,12/09/2009,02:50,Gross Domestic Product Annualized (Q3),MEDIUM,JPY,0%,-0.27,2.8%,2%,
41cb3d4d-ef36-4422-98e2-abb34e136dfd,12/09/2009,02:50,Gross Domestic Product Deflator (YoY) (Q1),LOW,JPY,-0.5%,-,0.2%,0.3% ,
8d3df1ca-60bc-4517-a4fc-7dca005e031d,12/09/2009,03:01,Nationwide Consumer Confidence (Nov),MEDIUM,GBP,70,-,71,72,
80330524-3e29-4583-acbf-cbe0140aa07b,12/09/2009,03:30,Home Loans (Q4),LOW,AUD,-3.1%,-,-1.9%,3.3% ,
317ae53d-9939-4e70-aff4-f3586b13ec56,12/09/2009,03:30,Investment Lending for Homes (Q4),LOW,AUD,-0.6%,-,-,-0.1%,
1f1a1cb0-0b79-4d95-9e7e-4b2171784c5d,12/09/2009,03:30,Trade Balance (MoM) (Oct),MEDIUM,AUD,-1.576M,0.34,-1.77M,"-1,845M",
19e606f7-5396-4221-aab5-2b002c81e921,12/09/2009,09:45,Unemployment Rate s.a (MoM) (Nov),MEDIUM,CHF,4.2%,0,4.2%,4%,
7e2041e2-dacb-486f-83fc-f7a3cffa765a,12/09/2009,10:00,Consumer Price Index (MoM) (Nov),MEDIUM,EUR,-0.1%,-,-0.2%,-0.2%,
1911be16-c2ba-479c-b462-63880f45eaad,12/09/2009,10:00,Consumer Price Index (YoY) (Nov),MEDIUM,EUR,0.4%,-,0.3%,0.3%,
2ec8cab0-09ba-42f5-8c4c-4d6a816904a7,12/09/2009,10:00,Trade Balance s.a. (Oct),MEDIUM,EUR,€11.7B,0.43,€11B,€9.9B,
51fc31b5-569b-4b05-a932-8292bf4ff52a,12/09/2009,12:30,BRC Shop Price Index (YoY) (Oct),LOW,GBP,0.2%,-,-,0%,
965e4e63-3ea4-4225-b797-22579f3a827a,12/09/2009,12:30,Goods Trade Balance (Oct),HIGH,GBP,£-7B,-0.22,£-6.9B,£-6.987B,
f8b6e506-d983-405e-954f-7f53c003a612,12/09/2009,12:30,Trade Balance; non-EU (Oct),HIGH,GBP,£-3.1B,0.17,£-3.2B,£-3.519B,
8fee5648-709f-4a4c-9866-261fee06ab14,12/09/2009,15:00,MBA Mortgage Applications,NONE,USD,8.5%,-,-,2.1%,
3139393f-cc87-44ac-9aa5-3d0d7386fcf7,12/09/2009,15:30,Budget Report,HIGH,GBP,,,,,REPORT
146c863b-bd24-4386-b45e-1219aa5a8930,12/09/2009,18:00,Wholesale Inventories (Oct),LOW,USD,0.6%,-,-0.6%,-0.9% ,
567f2d9c-9ce3-4bc6-b7cc-7c1d8c65bf03,12/09/2009,18:30,EIA Crude Oil Stocks Change,LOW,USD,-3.8M,-,0.8M,2.1M,
f4019fd7-e6ad-444e-867f-8921af1e869c,12/09/2009,23:00,RBNZ Interest Rate Decision,HIGH,NZD,2.5%,0,2.5%,2.5%,
3a56f2b5-5abe-47d9-8e5e-12324b847a35,12/10/2009,00:45,Terms of Trade Index (Q3),MEDIUM,NZD,-1.6%,-,-,-9.4%,
20cdc6ab-4048-4de3-9eb3-f7dcabe3f361,12/10/2009,02:50,Machine Tool Orders (YoY) (Nov),LOW,JPY,-21%,-,-,-42.5% ,
e89f0757-3c9e-4b36-ad69-3afe6662dabb,12/10/2009,02:50,Machinery Orders (MoM) (Oct),LOW,JPY,-4.5%,-,-,4.1% ,
87b4178c-2a44-4320-9630-1516622e56a0,12/10/2009,02:50,Producer Price Index (MoM) (Nov),LOW,JPY,0.1%,-,0.2%,-0.7%,
e5011657-e956-4fd5-86af-04652dd19143,12/10/2009,02:50,Producer Price Index (YoY) (Nov),LOW,JPY,-5%,0.24,-5.1%,-6.8% ,
311a788e-074f-4693-9f7b-7aab4561ddbc,12/10/2009,03:00,Consumer Inflation Expectations (Dec),LOW,AUD,3.6%,-,-,3.2%,
0cb88e77-e1aa-4159-b9a0-70232c105ed8,12/10/2009,03:30,Employment Change s.a. (Nov),MEDIUM,AUD,29.405K,-,5.2K,27.2K,
7d093c6a-ee1d-436a-9aad-44c1217f11a6,12/10/2009,03:30,Unemployment Rate s.a. (Nov),MEDIUM,AUD,5.6%,-,5.9%,5.8%,
a0956522-bc13-4e22-a188-049237c2f93d,12/10/2009,10:00,Wholesale Price Index (MoM) (Nov),NONE,EUR,0.7%,1.25,0.3%,-0.4%,
4e4fe7e1-0b00-449d-9792-8ccabf6cacdf,12/10/2009,10:00,Wholesale Price Index (YoY) (Nov),LOW,EUR,-3.2%,-,-,-7.1% ,
f130d6a0-751f-4ee6-b99d-1e8ce27c3587,12/10/2009,11:30,SNB Interest Rate Decision,HIGH,CHF,0.25%,0,0.25%,0.25%,
ac7e0726-c5e8-4f2c-948f-7a4373449776,12/10/2009,12:00,ECB Monthly Report,MEDIUM,EUR,,,,,REPORT
104efcb1-557c-4161-8ce4-b100eedf478b,12/10/2009,12:00,CBI Interest Rate Decision,LOW,ISK,10%,-,-,11%,
00151de3-d911-4347-964c-fb9bc386ba0c,12/10/2009,15:00,BoE Interest Rate Decision,HIGH,GBP,0.5%,0,0.5%,0.5%,
feebe513-eccb-408e-af5a-d86b16cbde3b,12/10/2009,16:30,International Merchandise Trade (Oct),MEDIUM,CAD,$0.419B,1.85,$-0.6B,$-0.82B,
007e883b-47d7-458f-a81b-726de5f6d5c9,12/10/2009,16:30,Continuing Jobless Claims,LOW,USD,5.181M,-,5.45M,5.465M,
bb1457ab-98d3-4605-9fd3-5be5f4ba3acb,12/10/2009,16:30,Goods and Services Trade Balance (Oct),HIGH,USD,$-33.2B,1.10,$-36.9B,$-35.3B,
c09b1856-d7f9-41be-b8e3-84792582197c,12/10/2009,16:30,Initial Jobless Claims,MEDIUM,USD,473K,-,465K,457K,
cb73bf03-0d10-42e7-806c-19f6dae86bc8,12/10/2009,18:00,Treasury's Geithner speech,LOW,USD,,,,,SPEECH
c0a2505f-7b6c-4bcb-94b7-2a89b7cff820,12/10/2009,20:30,ECB's President Trichet speech,MEDIUM,EUR,,,,,SPEECH
fcb751d8-31aa-4ea9-9484-daf023ffcae1,12/10/2009,22:00,Monthly Budget Statement (Nov),MEDIUM,USD,$-120.3B,-,$-136B,$-176.4B,
19119ed1-e522-4611-85f8-cd66a588aa4c,12/11/2009,00:45,Food Price Index (MoM) (Nov),LOW,NZD,-0.3%,-,-,-1.5%,
933b6000-df8c-43e8-ad25-b010c1ffc53d,12/11/2009,08:00,Consumer Confidence Index (Nov),MEDIUM,JPY,39.9,-,-,40.2,
10288115-bf0f-497e-9eaf-311b55fbeaed,12/11/2009,12:30,Producer Price Index - Input (MoM) n.s.a (Nov),MEDIUM,GBP,0.1%,-,0.6%,2.6%,
711db8a8-af1c-4d57-a12a-e1f8fc04e456,12/11/2009,12:30,Producer Price Index - Input (YoY) n.s.a (Nov),MEDIUM,GBP,4%,0,4%,0.1%,
7566e5a1-8671-4fe1-844f-0d7d18de23b7,12/11/2009,12:30,Producer Price Index - Output (MoM) n.s.a (Nov),MEDIUM,GBP,0.2%,-,0.4%,0.2%,
91ce0b5f-7700-4784-9cb3-5f7020189b85,12/11/2009,12:30,Producer Price Index - Output (YoY) n.s.a (Nov),MEDIUM,GBP,2.9%,0,2.9%,1.7% ,
99bf38c5-e1c1-4f66-86bf-f7026dcae11e,12/11/2009,15:15,ECB's President Trichet speech,MEDIUM,EUR,,,,,SPEECH
ec52f46c-9f4d-4aab-a8d2-d49f7bcdd630,12/11/2009,16:30,New Housing Price Index (MoM) (Oct),LOW,CAD,0.3%,-,-,0.5%,
6979b064-e26c-4c5c-a639-1f7b56f10d1b,12/11/2009,16:30,New Housing Price Index (YoY) (Discontinued) (Oct),NONE,CAD,-2.1%,-,-,-3.2%,
f2524bd4-d391-4e44-ac50-ba98c019a69c,12/11/2009,16:30,Import Price Index (MoM) (Nov),MEDIUM,USD,1.6%,0.97,1.2%,0.8% ,
c4c2f8a7-6ea4-49cb-be10-36ddf3359bd3,12/11/2009,16:30,Import Price Index (YoY) (Nov),MEDIUM,USD,3.7%,1.83,3.1%,-5.6% ,
1ae44113-db38-4cf5-b8a7-5d17db1de433,12/11/2009,16:30,Retail Sales (MoM) (Nov),HIGH,USD,1.8%,1.24,0.6%,0.9% ,
58488e0f-47ba-461b-845b-a40a098ca5fd,12/11/2009,16:30,Retail Sales ex Autos (MoM) (Nov),HIGH,USD,1.9%,3.02,0.6%,0.1% ,
cc975800-d54a-4409-bd53-6d050c2871eb,12/11/2009,18:00,Business Inventories (Oct),LOW,USD,0.4%,-,-0.3%,-0.4%,
1cfa9c00-fc79-4763-a68f-6b71eff8c15b,12/11/2009,18:00,Michigan Consumer Sentiment Index (Dec) PREL,MEDIUM,USD,73.4,-,68.6,67.4,
48f4917f-9754-4ae3-a402-b5a6fa4f4535,12/14/2009,00:45,Retail Sales (QoQ) (Q4),LOW,NZD,0.1%,-,-,0.2%,
e1096196-fc47-4e08-849b-8db62aa87372,12/14/2009,00:45,Retail Sales ex Autos (QoQ) (Q4),LOW,NZD,0.5%,-,-,0%,
aa681e25-86dc-404e-8e3c-cc35ea402589,12/14/2009,02:50,Tankan Large All Industry Capex (Q4),MEDIUM,JPY,-13.8%,-,-,-10.8%,
a40b7244-285f-4e7e-b94d-3fcecfb6f90a,12/14/2009,02:50,Tankan Large Manufacturing Index (Q4),MEDIUM,JPY,-24,-,-27,-33,
aa236855-2e54-4c83-9773-eee20f5bdf59,12/14/2009,02:50,Tankan Non - Manufacturing Index (Q4),LOW,JPY,-22,-,-23,-24,
c045ae30-9ff5-4b80-ae68-d3767060cd91,12/14/2009,03:01,Rightmove House Price Index (MoM) (Dec),MEDIUM,GBP,-2.2%,-,-,-0.3% ,
ab9b8d40-5ef5-4576-863d-7f03d6b563a1,12/14/2009,03:01,Rightmove House Price Index (YoY) (Dec),MEDIUM,GBP,1.7%,-,-,2.1% ,
7bd816da-9b01-4e7a-bad0-f5dd999fb3e3,12/14/2009,07:00,Tokyo Condominium Sales (YoY),LOW,JPY,-21.6%,-,-,-20%,
ffec7b5a-db0b-4bcb-bfe3-7c29bd2ab001,12/14/2009,07:30,Capacity Utilization (Oct),LOW,JPY,0.2%,-,-,3.5% ,
2c286009-d769-446d-982b-2b93f834064d,12/14/2009,07:30,Industrial Production (MoM) (Oct),MEDIUM,JPY,2.6%,-,0.5%,0.5%,
d767ad90-8973-45db-ad0f-983b28937a99,12/14/2009,07:30,Industrial Production (YoY) (Oct),MEDIUM,JPY,-3.9%,-,-,-15.1%,
b4e8108a-20b3-4693-919d-2118400e8ef3,12/14/2009,11:15,Producer and Import Prices (MoM) (Nov),MEDIUM,CHF,0%,-,0%,-0.4%,
2dbe7e8f-ce72-4300-a0e0-686a61e46b09,12/14/2009,11:15,Producer and Import Prices (YoY) (Nov),MEDIUM,CHF,-3.3%,0,-3.3%,-4.7%,
aa3b719e-6f7a-4ec5-bb5c-4fcd76931240,12/14/2009,13:00,Employment Change (QoQ) (Q3),MEDIUM,EUR,-0.5%,-,-,-0.7% ,
a2bd2402-c6f4-48f5-ad4f-d5334ca4256b,12/14/2009,13:00,Employment Change (YoY) (Q3),MEDIUM,EUR,-2.2%,-,-,-2% ,
42ba39c1-5c2e-41c2-950a-c552f4bc27e3,12/14/2009,13:00,Industrial Production s.a. (MoM) (Oct),MEDIUM,EUR,-0.7%,-0.13,-0.6%,2.5% ,
7664e82b-baff-41b1-a055-744390049e01,12/14/2009,13:00,Industrial Production w.d.a. (YoY) (Oct),MEDIUM,EUR,-11.1%,-0.44,-10.8%,-12.7% ,
f2afd063-2af0-4531-b5d1-5f9feef473c1,12/14/2009,16:30,Capacity Utilization (Q3),LOW,CAD,68.7%,0.95,67.5%,71.8% ,
03869ac7-a673-4302-b168-94d6e244b056,12/15/2009,03:30,RBA Meeting Minutes,HIGH,AUD,,,,,REPORT
eec2ad7d-b515-4fc0-9b11-262eb464d9ed,12/15/2009,09:45,SECO Economic Forecasts (Dec),LOW,CHF,,,,,REPORT
aabac077-1989-4ac2-a7d8-48ceeca3995e,12/15/2009,11:15,Industrial Production (QoQ) (Q3),MEDIUM,CHF,3.5%,-,0.3%,3.4%,
de632bac-f7e6-40cb-a4ad-6c26f9e1fad4,12/15/2009,11:15,Industrial Production (YoY) (Q3),MEDIUM,CHF,-6.6%,0.30,-9.5%,-10.5% ,
b2510e69-c26c-4597-8ecf-fffdd05553ab,12/15/2009,11:53,Dwelling Unit Starts (QoQ) (Q3),LOW,AUD,13.1%,-,-,-3.7% ,
f370c22d-e9b6-4f27-ae0f-7ac425c69752,12/15/2009,12:30,Consumer Price Index (MoM) (Nov),MEDIUM,GBP,0.3%,-,0.2%,0.2%,
9954e9b2-5dc5-4ba1-b537-f6474a0c38d4,12/15/2009,12:30,Consumer Price Index (YoY) (Nov),MEDIUM,GBP,1.9%,-,1.8%,1.5%,
3479e0b7-2d54-48ba-85af-0d64197b6915,12/15/2009,12:30,Core Consumer Price Index (YoY) (Nov),MEDIUM,GBP,1.9%,-,1.8%,1.8%,
8f12c757-f5a1-4630-86aa-1bb33a8bf613,12/15/2009,12:30,DCLG House Price Index (YoY) (Oct),LOW,GBP,-2.2%,-,-2.3%,-4.1%,
2e6bc5d4-187a-4756-a661-9bfec63f1032,12/15/2009,12:30,Retail Price Index (MoM) (Nov),LOW,GBP,0.3%,-,0.2%,0.3%,
0a1cc34e-20cc-41f9-a25c-a4c76d989508,12/15/2009,12:30,Retail Price Index (YoY) (Nov),LOW,GBP,0.3%,0,0.3%,-0.8%,
083ce97f-e5de-4277-aab4-ac01793e9164,12/15/2009,13:00,ZEW Survey – Current Situation (Dec),LOW,EUR,-60.6,-,-,-,
b0dec353-1ff6-4bb4-a89d-2cbae9cef6b2,12/15/2009,13:00,ZEW Survey – Economic Sentiment (Dec),HIGH,EUR,50.4,-,50.1,51.1,
51e412be-e0c3-4dea-9b09-da1748bb39cc,12/15/2009,13:00,ZEW Survey – Economic Sentiment (Dec),MEDIUM,EUR,48,-,50.8,51.8,
8e4335be-82c6-4ca5-b71f-7f63d7aa3f7e,12/15/2009,16:30,Labor Productivity (QoQ) (Q3),MEDIUM,CAD,-0.2%,-,-0.4%,0.1% ,
45dc29a5-5f93-4add-ba1a-64ec1d0a88d9,12/15/2009,16:30,Leading Indicators (MoM) (Nov),MEDIUM,CAD,1.3%,-,0.6%,0.7%,
4f941865-11c9-4361-bce4-659ab39c75b7,12/15/2009,16:30,New Motor Vehicle Sales (MoM) (Oct),LOW,CAD,3.4%,-,1%,1.2% ,
dde6d09b-5f34-43c0-9f27-0810a2e4e619,12/15/2009,16:30,NY Empire State Manufacturing Index (Dec),LOW,USD,2.55,-3.02,25.1,25.8,
9ff0cdc4-8197-410f-b91e-b2ec64a6a9b3,12/15/2009,16:30,Producer Price Index (MoM) (Nov),MEDIUM,USD,1.8%,-,0.8%,0.3%,
59e4d2ac-6a57-489f-8866-d24f00368294,12/15/2009,16:30,Producer Price Index (YoY) (Nov),MEDIUM,USD,2.4%,-,1.7%,-1.9%,
d629afea-0d56-4343-abc7-3db69e5ebb39,12/15/2009,16:30,Producer Price Index ex Food & Energy (MoM) (Nov),MEDIUM,USD,0.5%,-,0.3%,-0.6%,
d5b6132f-5d1d-4ac4-bcd0-805ba5caa782,12/15/2009,16:30,Producer Price Index ex Food & Energy (YoY) (Nov),MEDIUM,USD,1.2%,-,1%,0.7%,
3b7bbaaa-e430-421a-b121-3a9c2df3696d,12/15/2009,17:00,Net Long-Term TIC Flows (Oct),MEDIUM,USD,$19.3B,-0.72,$50.1B,$41.2B,
e1ce60ca-1266-46d5-9064-8cf57e1865a6,12/15/2009,17:15,Capacity Utilization (Nov),LOW,USD,71.5%,1.05,71.1%,69.1% ,
9f874730-ecd3-4d06-b718-8211e1d670da,12/15/2009,17:15,Industrial Production (MoM) (Nov),MEDIUM,USD,0.6%,0.00,0.6%,0.3% ,
104bcb83-01b8-42af-a764-1491e462a553,12/15/2009,21:00,NAHB Housing Market Index (Dec),LOW,USD,16,-,18,17,
395adad4-7ceb-464b-969e-a7b71c5e9de2,12/16/2009,02:30,Westpac Leading Index (MoM) (Nov),MEDIUM,AUD,0.08%,-,-,-0.23%,
edb5d5f8-8c73-400d-96b0-0215407a765e,12/16/2009,02:50,Tertiary Industry Index (MoM) (Oct),MEDIUM,JPY,0.4%,-,0.5%,-0.5% ,
7a541714-7944-4c71-9b39-6e0e1894a20c,12/16/2009,03:30,Gross Domestic Product (QoQ) (Q3),HIGH,AUD,0.6%,0.30,0.4%,0.7% ,
6e747b63-e485-40b2-b30e-4a0fe2ca764a,12/16/2009,03:30,Gross Domestic Product (YoY) (Q3),HIGH,AUD,0.9%,0.33,0.7%,1.9% ,
825ec4ca-56a8-4fb9-a605-df58d29e2626,12/16/2009,11:30,HCOB Manufacturing PMI (Dec) PREL,MEDIUM,EUR,-,-,52.6,-,
674c429a-39ec-4db1-89b9-d3121f4ca7b0,12/16/2009,11:30,HCOB Services PMI (Dec) PREL,LOW,EUR,-,-,52,-,
dfd4c8e5-63d8-469e-8cfa-381d8f880040,12/16/2009,12:00,HCOB Manufacturing PMI (Dec) PREL,LOW,EUR,-,-,51.5,-,
62ad4804-4ff0-4926-8f27-22c0935d62dd,12/16/2009,12:00,HCOB Services PMI PREL,LOW,EUR,-,-,53.3,-,
2dbcccde-4e31-4074-adc9-fb5981597b36,12/16/2009,12:30,Average Earnings Excluding Bonus (3Mo/Yr) (Oct),MEDIUM,GBP,1.2%,-,1.9%,1.8% ,
c0ef177c-0a33-40be-87d6-b939023cae6e,12/16/2009,12:30,Average Earnings Including Bonus (3Mo/Yr) (Oct),MEDIUM,GBP,0.5%,-,1.3%,1.4% ,
0e7cd76a-3927-440b-93da-6fe1c3fedec1,12/16/2009,12:30,Claimant Count Change (Nov),MEDIUM,GBP,-8.4K,-,12.3K,5.9K,
4f7fb9be-c07a-43c4-85c1-5ebd06033600,12/16/2009,12:30,Claimant Count Rate (Nov),HIGH,GBP,5%,-,5.1%,5.1% ,
b489fa57-c3bf-41b0-99ce-3a7937549586,12/16/2009,12:30,ILO Unemployment Rate (3M) (Oct),MEDIUM,GBP,7.9%,-,8%,7.8%,
5e9159fd-c712-4e6b-9ce0-90413ff46fdc,12/16/2009,13:00,CNB Interest Rate Decision,LOW,CZK,1%,-,-,1.25%,
62ca9bd4-b514-4640-8d2a-ce6344aaa61a,12/16/2009,13:00,Core Harmonized Index of Consumer Prices (YoY) (Nov),MEDIUM,EUR,1%,-,1.2%,1.2%,
4b6d1816-736b-4626-8013-6ebae5c30625,12/16/2009,13:00,Harmonized Index of Consumer Prices (MoM) (Nov),MEDIUM,EUR,0.1%,-,0.2%,0.2%,
b5f2189e-64fb-4fb3-a0ad-6e64bc31d019,12/16/2009,13:00,Harmonized Index of Consumer Prices (YoY) (Nov),MEDIUM,EUR,0.5%,-,0.6%,0.6%,
ebfb89c3-5cb5-4c22-b109-2ce79a76b201,12/16/2009,15:00,Norges Bank Interest Rate Decision,NONE,NOK,1.75%,-,-,1.5%,
58b9bbcf-81b2-4741-851c-9bc5bfb33ac1,12/16/2009,15:00,MBA Mortgage Applications,LOW,USD,0.3%,-,-,8.5%,
23ee20c7-24f6-448f-9e4c-0143b1ad945c,12/16/2009,16:30,Manufacturing Sales (MoM) (Oct),LOW,CAD,2.1%,-,0.7%,1.4% ,
94a1692e-57b4-4d98-ba51-325b638ddc71,12/16/2009,16:30,Building Permits (MoM) (Nov),LOW,USD,0.59M,0.65,0.57M,0.623M,
0be214d0-4982-43a8-b841-a3d41b2cddf9,12/16/2009,16:30,Consumer Price Index (MoM) (Nov),MEDIUM,USD,0.4%,0,0.4%,0.3%,
d401ee0b-5d56-4f06-8efa-a0042f1e3da4,12/16/2009,16:30,Consumer Price Index (YoY) (Nov),MEDIUM,USD,1.8%,-,1.7%,-0.2%,
4c2abb89-19db-467f-a1b6-96ee9421bbff,12/16/2009,16:30,Consumer Price Index ex Food & Energy (MoM) (Nov),MEDIUM,USD,0%,-2.50,0.2%,0.3% ,
fa86fef8-3eb3-4e8c-badb-46effb2177b3,12/16/2009,16:30,Consumer Price Index ex Food & Energy (YoY) (Nov),MEDIUM,USD,1.7%,-,1.8%,1.7%,
797683fc-626b-415e-ab0b-7aa2578aa85b,12/16/2009,16:30,Current Account (Q3),LOW,USD,$-102.3B,0.61,$-107B,$-87.1B,
1fdef11f-b616-44e1-8127-f8f1c7b56969,12/16/2009,16:30,Housing Starts (MoM) (Nov),MEDIUM,USD,0.58M,0.00,0.58M,0.534M,
d812c0e9-8b92-4085-9fce-f2827af2949a,12/16/2009,18:30,EIA Crude Oil Stocks Change,MEDIUM,USD,-3.7M,-,-2M,-3.8M,
a613c239-3570-4e66-aa96-dff5729df24b,12/16/2009,22:15,Fed Interest Rate Decision,HIGH,USD,0.25%,0,0.25%,0.25%,
a0bb6051-1def-47c7-9800-e41a80976ed0,12/17/2009,03:30,RBA Foreign Exchange Transaction (Nov),LOW,AUD,313M,-,-,830M,
8c7024bf-1c17-47b2-b00c-abd0c08549f8,12/17/2009,05:00,ANZ Business Confidence (Dec),MEDIUM,NZD,38.5,-,-,48.2,
6d4a68c3-eccd-4573-94ff-ce5532579571,12/17/2009,08:00,Coincident Index (Oct),LOW,JPY,95.9,-,-,94.3,
91242b45-bf08-48cb-937f-86ef6d5559b1,12/17/2009,08:00,Leading Economic Index (Oct),LOW,JPY,91.2,-,-,89.7,
196f110b-109e-48c8-936e-bbdc3a078bd9,12/17/2009,12:30,Retail Sales (MoM) (Nov),HIGH,GBP,-0.3%,-2.08,0.6%,0.2% ,
03beca55-5acc-426e-becc-ee9fda6b07c5,12/17/2009,12:30,Retail Sales (YoY) (Nov),MEDIUM,GBP,3.1%,-0.74,3.7%,2.2% ,
406ca843-86ce-4a16-9683-4c490963b0a6,12/17/2009,13:00,ZEW Survey – Expectations (Dec),LOW,CHF,54,-,-,56.4,
3eab72dc-55a8-4afe-8ee0-35fb6b63fd77,12/17/2009,13:00,Construction Output s.a (MoM) (Oct),LOW,EUR,-0.6%,-,-,1.1% ,
f6519c87-3fc3-4dfa-8344-5cd87924e1b1,12/17/2009,13:00,Construction Output w.d.a (YoY) (Oct),LOW,EUR,-7.7%,-,-,-5.4% ,
5b81cb86-3307-41ca-b2ae-bccd1598077e,12/17/2009,14:00,CBI Distributive Trades Survey – Realized (MoM) (Dec),MEDIUM,GBP,13%,-,11%,13%,
6a22a959-2cf9-49f0-bb73-daf351c75e99,12/17/2009,15:00,BoC Consumer Price Index Core (MoM) (Nov),MEDIUM,CAD,0.4%,-,0.2%,0.1%,
d3312043-333e-41a2-893a-e1f93da9ea1a,12/17/2009,15:00,BoC Consumer Price Index Core (YoY) (Nov),MEDIUM,CAD,1.5%,-,1.4%,1.8%,
24167845-629e-41b6-bf71-d98df8ac53d9,12/17/2009,15:00,Consumer Price Index (MoM) (Nov),MEDIUM,CAD,0.5%,-,0.4%,-0.1%,
02b51a09-812e-435c-8e76-f3972d84303c,12/17/2009,15:00,Consumer Price Index (YoY) (Nov),MEDIUM,CAD,1%,-,0.8%,0.1%,
5e632ff9-b82b-4277-b9e7-bdc07ada34da,12/17/2009,16:30,Canadian Portfolio Investment in Foreign Securities (Oct),LOW,CAD,$4.035B,-,-,$-4.67B,
c7d4bc05-3df0-43cf-96da-921436039786,12/17/2009,16:30,Foreign Portfolio Investment in Canadian Securities (Oct),LOW,CAD,$5.857B,-0.38,$8B,$14.61B,
77c324e7-f9f8-48fd-b5a4-3b665858ae64,12/17/2009,16:30,Continuing Jobless Claims,LOW,USD,5.186M,-,5.195M,5.157M,
bd270a60-75f1-4d6b-a9cb-89b1ac0c8767,12/17/2009,16:30,Initial Jobless Claims,MEDIUM,USD,480K,-,467K,474K,
419b869c-a29b-44f6-a012-89d37bddacd6,12/17/2009,18:00,Philadelphia Fed Manufacturing Survey (Dec),MEDIUM,USD,22.5,1.79,16,15.4,
dbadb3c5-88d8-4393-9496-36c7dbaa4c46,12/18/2009,03:01,GfK Consumer Confidence (Dec),NONE,GBP,-19,-,-15,-17,
42200a9a-9d7b-4037-89b1-1a6a694740e6,12/18/2009,07:00,BoJ Interest Rate Decision,HIGH,JPY,0.1%,0,0.1%,0.1%,
c060b019-9aaa-4fdc-8153-514c566c545e,12/18/2009,10:00,Producer Price Index (MoM) (Nov),MEDIUM,EUR,0.1%,0,0.1%,0%,
36ddaaaa-b10f-471b-9365-f010df0564ac,12/18/2009,10:00,Producer Price Index (YoY) (Nov),MEDIUM,EUR,-5.9%,0.18,-6%,-7.5% ,
73d21409-c514-4fd0-81a2-dd4578d20aa0,12/18/2009,12:00,IFO – Business Climate (Dec),HIGH,EUR,94.5,-0.12,94.6,90.8,
68e12299-8a26-4e16-8bde-04e5659e3b03,12/18/2009,12:00,IFO – Current Assessment (Dec),NONE,EUR,90.4,-,90,82.8,
07fa92d5-a5cb-45ba-a2d2-a2fa54367c66,12/18/2009,12:00,IFO – Expectations (Dec),MEDIUM,EUR,98.8,-0.14,99,99.6,
c9713364-6075-45f9-8c3c-1831793956e2,12/18/2009,12:00,Current Account n.s.a (Oct),LOW,EUR,€0.53B,0.85,€-2.3B,€-2.2B,
cbe65bca-f8d8-4e94-b4a4-a89cc5f782b4,12/18/2009,12:00,Current Account s.a (Oct),LOW,EUR,€-3.412B,-,-,€-2.7B,
6c964e66-8211-4dea-8d0c-1217bbc2b68b,12/18/2009,12:30,CML Gross Mortgage Lending s.a. (Nov),LOW,GBP,£12B,-,-,£13.5B,
6b707bfc-1998-4e41-bd28-8642f5d13afe,12/18/2009,12:30,M4 Money Supply (MoM) (Nov) PREL,LOW,GBP,0%,-,1.3%,1.6% ,
c2b1377d-1bc8-46e6-997c-5c0b07bb7c5b,12/18/2009,12:30,M4 Money Supply (YoY) (Nov) PREL,LOW,GBP,9.2%,-,10%,10.8%,
59ea9a82-35c3-4751-a7ce-cd2681df4d73,12/18/2009,12:30,Public Sector Net Borrowing (Nov),MEDIUM,GBP,£18.7B,-1.33,£23.1B,£13.12B,
1abc473b-aba1-45ef-8183-0a67dacaa112,12/18/2009,12:30,Total Business Investment (QoQ) (Q3),LOW,GBP,-0.6%,0.74,-2.9%,-3%,
da1ef180-92a8-4d41-97a4-21eb85b3b5f4,12/18/2009,12:30,Total Business Investment (YoY) (Q3),LOW,GBP,-19.9%,0.58,-21.8%,-21.7%,
8743effa-38b4-4607-b8c5-5c563080bb90,12/18/2009,13:00,Trade Balance n.s.a. (Oct),MEDIUM,EUR,€4.4B,-0.39,€5.8B,€0.5B,
fe1d06e6-81dc-4967-920f-076a6fdc7e14,12/18/2009,13:00,Trade Balance s.a. (Oct),MEDIUM,EUR,€4.7B,-0.25,€5.7B,€0.3B,
89b4c6db-0ae1-43f0-938d-1290bbb5ca36,12/18/2009,16:30,Wholesale Sales (MoM) (Oct),LOW,CAD,-1.5%,-1.83,0.3%,0.1% ,
47d3f276-b37c-4b41-bd7b-94eb3980a959,12/21/2009,00:45,Visitor Arrivals (YoY) (Nov),LOW,NZD,-4.7%,-,-,7.7% ,
d8e41e39-11b4-43c7-9ae3-008f06ea66e4,12/21/2009,02:50,Adjusted Merchandise Trade Balance (Nov),MEDIUM,JPY,¥492.4B,-,¥269B,¥419.1B,
499602b6-0cf1-4e9b-864e-ff618190a854,12/21/2009,02:50,Merchandise Trade Balance Total (Nov),MEDIUM,JPY,¥371.3B,0.34,¥300B,¥800.1B,
b0b41119-dd37-4f11-a820-fbbac69923bf,12/21/2009,03:30,New Motor Vehicle Sales (MoM) (Nov),LOW,AUD,4.5%,-,-,3.7% ,
55a32013-6f6d-425f-840e-0ae782f4c022,12/21/2009,03:30,New Motor Vehicle Sales (YoY) (Nov),LOW,AUD,16.1%,-,-,3.3% ,
5d304755-9ae4-4c09-9a38-63aa5e12d60e,12/21/2009,07:30,All Industry Activity Index (MoM) (Oct),LOW,JPY,1.1%,0,1.1%,-0.6%,
de707be6-c432-4c43-a921-466959547325,12/21/2009,08:00,BoJ Monthly Economic Survey,MEDIUM,JPY,,,,,REPORT
ae91b859-0aee-4930-b16c-dd3f331f5f2d,12/21/2009,16:30,Retail Sales (MoM) (Oct),MEDIUM,CAD,1%,-,0.9%,1% ,
63b38778-4cf8-4ffa-9f82-0582e96b5936,12/21/2009,16:30,Retail Sales ex Autos (MoM) (Oct),MEDIUM,CAD,0.3%,-0.32,0.5%,0.9% ,
5c099cac-7ad3-4ad5-856e-2c7b3a2d3fda,12/21/2009,17:00,MNB Interest Rate Decision,LOW,HUF,6.25%,-,-,6.5%,
0c327dc8-bd12-4deb-9a93-b9bd338c9e1b,12/22/2009,00:45,Current Account (QoQ) (Q3),LOW,NZD,$-1.413B,0.64,$-2.01B,$0.414B,
5436cd0e-4e9e-41b1-9a90-60d3f5d80e48,12/22/2009,10:00,GfK Consumer Confidence Survey (Jan),MEDIUM,EUR,3.4,-,3.6,3.7,
4f24f7e4-9bf3-44b7-957e-efba5615eb68,12/22/2009,10:15,Trade Balance (Nov),MEDIUM,CHF,1.98M,-,2.79M,2.44M,
c2466043-90fc-4fb4-a691-353641c5741e,12/22/2009,12:30,Current Account (Q3),LOW,GBP,£-5.9B,0.70,£-8.1B,£-14.828B,
cf6d1b57-43ad-4b8e-908d-1dbd684cfc17,12/22/2009,12:30,Gross Domestic Product (QoQ) (Q3),HIGH,GBP,-0.3%,-0.69,-0.1%,-0.3%,
3f8962a3-0d66-4672-8cd7-34e3016ff266,12/22/2009,12:30,Gross Domestic Product (YoY) (Q3),HIGH,GBP,-5.3%,-,-4.9%,-5.1%,
0d117717-0f37-4179-b30d-b8026c77d562,12/22/2009,16:30,Core Personal Consumption Expenditures (QoQ) (Q3),MEDIUM,USD,2.8%,0.27,2.7%,2.9%,
4305ecf5-d391-4354-84bd-7727ad8b8bf3,12/22/2009,16:30,Gross Domestic Product Annualized (Q3),HIGH,USD,2.2%,-,2.8%,2.8%,
53ee778c-8d38-4fef-8ce4-e1d0975000be,12/22/2009,16:30,Gross Domestic Product Price Index (Q3),MEDIUM,USD,1.3%,-,0.5%,1.4%,
2f167816-65e4-456e-a430-b54dd7157361,12/22/2009,18:00,Existing Home Sales (MoM) (Nov),MEDIUM,USD,6.54M,1.00,6.31M,5.02M,
7c7d1759-3b8f-4d38-bcfe-f26d6e67ff1c,12/22/2009,18:00,Existing Home Sales Change (MoM) (Nov),MEDIUM,USD,7.4%,1.09,2.5%,8.7% ,
b53a5c20-76af-49b6-b9ea-2856a3f3aa7b,12/22/2009,18:00,Housing Price Index (MoM) (Oct),MEDIUM,USD,0.6%,0.72,0.2%,-0.1% ,
cdcbc3da-021a-4960-9b84-564e7d26c859,12/22/2009,18:00,Richmond Fed Manufacturing Index (Dec),LOW,USD,-4,-2.42,4,7,
8a8fc13e-65a3-47e6-9980-59f28c86e205,12/23/2009,00:45,Gross Domestic Product (QoQ) (Q3),MEDIUM,NZD,0.2%,-1.23,0.4%,-0.1% ,
28fde289-7c22-4855-9b84-411ebbde0932,12/23/2009,00:45,Gross Domestic Product (YoY) (Q3),MEDIUM,NZD,-1.3%,0,-1.3%,-1.9% ,
98045429-9d3e-4100-b84b-ea5bdb6a9b80,12/23/2009,03:00,The Emperor's Birthday,NONE,JPY,,,,,ALL DAY
0e670dd8-2ec0-40a0-ad1a-371b5e81743e,12/23/2009,12:30,BBA Mortgage Approvals (Nov),LOW,GBP,43.652K,-,43.3K,42.5K,
ac3f44bf-0a67-4797-a9bf-74811afd87ea,12/23/2009,12:30,BoE Minutes,HIGH,GBP,,,,,REPORT
722333c9-c153-4133-bcf7-019150f23ca1,12/23/2009,12:30,Index of Services (3M/3M) (Oct),LOW,GBP,0.1%,-,0.3%,-0.1%,
3bcf876b-6375-43b9-b5e9-c3794337455f,12/23/2009,15:00,MBA Mortgage Applications,LOW,USD,-10.7%,-,-,0.3%,
652cc7c7-0f1f-42c5-9bc7-aff5b060d87f,12/23/2009,16:30,Gross Domestic Product (MoM) (Oct),HIGH,CAD,0.3%,0.00,0.3%,0.8% ,
a41d1933-e950-485b-a940-0c00f5b22835,12/23/2009,16:30,Core Personal Consumption Expenditures - Price Index (MoM) (Nov),MEDIUM,USD,0%,-1.58,0.1%,0.4% ,
d85c9682-9fe1-43d8-8a57-3cd6353ba507,12/23/2009,16:30,Core Personal Consumption Expenditures - Price Index (YoY) (Nov),MEDIUM,USD,1.4%,-,1.3%,1.4%,
78a26a0c-17b2-4159-8ce6-3e31253dd900,12/23/2009,16:30,Personal Consumption Expenditures - Price Index (MoM) (Nov),MEDIUM,USD,0.7%,0.50,0.6%,0.4% ,
ad1fc0ff-2752-4e48-af57-77aa31dedbdf,12/23/2009,16:30,Personal Consumption Expenditures - Price Index (YoY) (Nov),MEDIUM,USD,1.5%,0,1.5%,0.2%,
f66e8831-9438-48ba-a1a5-5bdabad41515,12/23/2009,16:30,Personal Income (MoM) (Nov),MEDIUM,USD,0.5%,0.27,0.4%,0% ,
38cda371-70f0-4cc2-a8fd-f508a3c1d1ce,12/23/2009,18:00,Michigan Consumer Sentiment Index (Dec),MEDIUM,USD,72.5,-,74.3,73.4,
2d84a857-04a0-41b4-bfb1-fb3bff051f78,12/23/2009,18:00,New Home Sales (MoM) (Nov),MEDIUM,USD,0.37M,-2.01,0.438M,0.396M,
43341f97-ba5b-4df2-b2a1-f5aea5cdd930,12/23/2009,18:00,New Home Sales Change (MoM) (Nov),MEDIUM,USD,-11.3%,-2.44,1.9%,2.6% ,
c2627789-92d2-4fdc-8ddd-b2290501bb43,12/23/2009,18:30,EIA Crude Oil Stocks Change,LOW,USD,-4.9M,-,-1.8M,-3.7M,
43d0df18-e302-4610-8c15-3e48bb28165c,12/24/2009,02:50,BoJ Minutes,HIGH,JPY,,,,,REPORT
7a0ff49e-356d-40e4-9999-71a34b5bf30f,12/24/2009,02:50,BSI Large Manufacturing Conditions Index (QoQ) (Q4),LOW,JPY,13.2,-,11.2,15.5,
565ae231-b053-4456-b639-f5ba9183337d,12/24/2009,16:30,Continuing Jobless Claims,LOW,USD,5.038M,-,5.18M,5.186M,
23e50822-05f7-413d-a255-295be3ca5a06,12/24/2009,16:30,Durable Goods Orders (Nov),MEDIUM,USD,-0.4%,-0.49,0.4%,2.8% ,
7650e85b-d96f-40bc-9947-a884a7ead527,12/24/2009,16:30,Durable Goods Orders ex Transportation (Nov),MEDIUM,USD,2.1%,0.88,0.9%,0.3% ,
6af9f13a-217b-460d-98fa-12052afd7cd0,12/24/2009,16:30,Initial Jobless Claims,MEDIUM,USD,454K,-,471K,480K,
3721736f-261b-4c35-8d22-e7cd2403ba11,12/25/2009,02:30,National Consumer Price Index (YoY) (Nov),MEDIUM,JPY,-1.9%,-,-2%,-2.5%,
3ec5d301-63e2-4842-9479-fca00897120c,12/25/2009,02:30,"National CPI ex Food, Energy (YoY) (Nov)",MEDIUM,JPY,-1%,0.43,-1.1%,-1.1% ,
3b791aed-afaf-48d5-bc2a-5ebfe8d5877c,12/25/2009,02:30,National CPI ex Fresh Food (YoY) (Nov),MEDIUM,JPY,-1.7%,0.00,-1.7%,-2.2% ,
7070bb47-5793-471b-b54e-f5f29900304f,12/25/2009,02:30,Overall Household Spending (YoY) (Nov),MEDIUM,JPY,2.2%,-,0.5%,1.6%,
6ad5edb5-cbb5-4154-bcca-b172483632b7,12/25/2009,02:30,Tokyo Consumer Price Index (YoY) (Dec),LOW,JPY,-2.1%,-,-2%,-2.2%,
9a9569a2-1428-4141-b113-35d1917d4f5c,12/25/2009,02:30,"Tokyo CPI ex Food, Energy (YoY) (Dec)",LOW,JPY,-1.5%,-0.41,-1.4%,-1.4% ,
8386a9e9-2e1d-4050-a52e-ba5bf1545414,12/25/2009,02:30,Tokyo CPI ex Fresh Food (YoY) (Dec),LOW,JPY,-1.9%,0,-1.9%,-1.9%,
1b6f54b7-9fe5-4d97-a06b-516e7ae5ba6a,12/25/2009,02:30,Unemployment Rate (Nov),MEDIUM,JPY,5.2%,0.00,5.2%,5.2% ,
13257394-3889-4e37-95b4-73d7a07f6e67,12/25/2009,02:50,Corporate Service Price Index (YoY) (Nov),LOW,JPY,-2%,-0.49,-1.9%,-1.9% ,
e40205cb-25a7-4e09-a832-062d09073a66,12/25/2009,03:00,Christmas Day,NONE,AUD,,,,,ALL DAY
09d975b2-e24a-448b-b749-2cbb7a954b53,12/25/2009,03:00,Christmas Day,NONE,CAD,,,,,ALL DAY
a1e2601d-9052-4d83-ae4b-06934f1db7d3,12/25/2009,03:00,Christmas Day,NONE,CHF,,,,,ALL DAY
8cff179b-c2c2-41bc-9b28-b515ca75d479,12/25/2009,03:00,Christmas Day,NONE,EUR,,,,,ALL DAY
c05cebc1-4d03-4f10-b147-1140d3d5b68f,12/25/2009,03:00,Christmas Day,NONE,EUR,,,,,ALL DAY
e395fca9-d64e-4e4c-8840-43c358b99348,12/25/2009,03:00,Christmas Day,NONE,NZD,,,,,ALL DAY
1b55ab20-95e5-4682-9bde-8db8ac2dc283,12/25/2009,03:00,Christmas Day,NONE,GBP,,,,,ALL DAY
5271e441-c4ab-48f4-b043-90b672cf881c,12/25/2009,03:00,Christmas Day,NONE,USD,,,,,ALL DAY
a49e9e3e-87bd-44fa-a70f-738b7dd0d7b8,12/25/2009,08:00,Annualized Housing Starts (Nov),LOW,JPY,0.798M,0.64,0.756M,0.768M,
196758e2-9f47-469a-8a25-a43b1191013d,12/25/2009,08:00,Construction Orders (YoY) (Nov),LOW,JPY,11.6%,-,-,-40.1%,
e936c651-74df-4815-b12d-f19ceb232bdc,12/25/2009,08:00,Housing Starts (YoY) (Nov),LOW,JPY,-19.1%,-,-23%,-27.1%,
4bc3a4c0-a4e8-4b78-86eb-014a0cdfb8b9,12/26/2009,03:00,Boxing Day,NONE,EUR,,,,,ALL DAY
deafb977-b564-486a-b780-720115eabd22,12/26/2009,03:00,Boxing Day,NONE,ISK,,,,,ALL DAY
79fe0b05-fa62-48c3-9059-2954cc79aeb6,12/28/2009,02:50,Industrial Production (MoM) (Nov) PREL,LOW,JPY,2.6%,-,2.5%,2.6%,
4c60754b-0fc9-47a8-bf31-7f4812a1d113,12/28/2009,02:50,Industrial Production (YoY) (Nov) PREL,LOW,JPY,-3.9%,-,-4.3%,-3.9%,
5b311f1f-6413-445f-8166-dd02bd3cab98,12/28/2009,02:50,Retail Trade (YoY) (Nov),LOW,JPY,-1.1%,0.00,-1.1%,-1% ,
febfd488-427b-4dd8-a2fc-28b7b13027ad,12/28/2009,02:50,Retail Trade s.a (MoM) (Nov),LOW,JPY,0%,-,0.2%,-0.9%,
22a588ae-510a-413c-8a7e-4a711b4ed230,12/28/2009,03:00,Boxing Day,NONE,CAD,,,,,ALL DAY
19693e6a-d3c9-4b7a-aa25-03f4ae5471b1,12/28/2009,03:00,Boxing Day,NONE,GBP,,,,,ALL DAY
017aa3a9-8af8-43a0-8e30-65b0fc7a4e32,12/28/2009,04:30,Labor Cash Earnings (YoY) (Nov),LOW,JPY,-2.8%,-1.21,-1.8%,-2.1% ,
1ff969d1-7131-4a68-b021-7b6c86c25c1a,12/29/2009,10:00,UBS Consumption Indicator (Nov),MEDIUM,CHF,1.26,-,-,0.87,
1fec89b3-5470-42f9-b055-46fb86e4e129,12/29/2009,17:00,S&P/Case-Shiller Home Price Indices (YoY) (Oct),MEDIUM,USD,-7.3%,-0.47,-7.1%,-9.3%,
83635534-ea57-4624-b2bd-75abdeb89999,12/29/2009,17:01,Consumer Price Index (YoY) (Dec) PREL,MEDIUM,EUR,0.8%,-,0.7%,0.4%,
bdc325b2-1409-4dcb-adcf-b5135dbc19ff,12/29/2009,17:01,Consumer Price Index (MoM) (Dec) PREL,MEDIUM,EUR,0.7%,-,0.6%,-0.1%,
8a9944ed-a2a8-4490-b25d-b7108e5a3efc,12/29/2009,18:00,Consumer Confidence (Dec),MEDIUM,USD,53.6,-,53.2,49.5,
b0a4f9d8-001f-4c5a-bcfa-a98e903b221c,12/30/2009,02:15,Jibun Bank Manufacturing PMI (Dec),LOW,JPY,-,-,-,-,
11f297d0-6993-4196-ae29-31e614e71d02,12/30/2009,12:00,M3 Money Supply (YoY) (Nov),LOW,EUR,-0.2%,-3.49,0.4%,0.3%,
d7895cec-5f55-4727-9498-b5a1e11ba968,12/30/2009,13:30,KOF Leading Indicator (Dec),MEDIUM,CHF,1.73,-,1.74,1.62,
5734c596-fe8d-4634-a279-d766a5d82844,12/30/2009,17:45,Chicago PMI (Dec),MEDIUM,USD,58.7,0.87,55.3,55.3,
4787a507-677b-462c-b6ce-b73db6d80583,12/30/2009,18:30,EIA Crude Oil Stocks Change,LOW,USD,-1.5M,-,-1.7M,-4.9M,
227c9d61-648e-4c47-a372-641fd768b539,12/31/2009,03:00,New Year's Eve,NONE,EUR,,,,,ALL DAY
926080cc-398d-4074-bcc6-3a189c46fc3c,12/31/2009,03:30,Private Sector Credit (MoM) (Nov),LOW,AUD,0.1%,0.00,0.1%,0.1% ,
ec547d5a-48d4-460f-bc1d-48591f8076d4,12/31/2009,03:30,Private Sector Credit (YoY) (Nov),LOW,AUD,0.8%,-0.62,0.9%,1.3% ,
1d8b4d9e-aaa8-4d99-89df-cd2313b83b8b,12/31/2009,10:00,Nationwide Housing Prices n.s.a (YoY) (Dec),LOW,GBP,5.9%,-,5.6%,2.7%,
12962543-5fdf-455c-9242-0a969acd05e8,12/31/2009,10:00,Nationwide Housing Prices s.a (MoM) (Dec),LOW,GBP,0.4%,0.00,0.4%,0.6% ,
8202de6e-1426-4806-8a1e-2b8f4c68c350,12/31/2009,12:30,Bank of England Credit Conditions Report (QoQ) (Q4),MEDIUM,GBP,-,-,-,-,
a349c5ba-1192-4a8d-a1dc-93484140d47b,12/31/2009,15:00,NBP Base rate,LOW,PLN,3.5%,-,-,3.5%,
d9db5388-0af0-47b3-ac63-1c8e1b63df00,12/31/2009,16:30,Continuing Jobless Claims,LOW,USD,4.981M,-,-,5.076M,
6e95f06a-7918-4ce5-821e-4a23a7e236aa,12/31/2009,16:30,Initial Jobless Claims,MEDIUM,USD,433K,-,460K,452K,