date,ecb_refi_rate,fed_funds_target,eur_3m_euribor,eur_1y_ois,usd_1y_ois,usd_3m_ois,brent_price,eur_cpi_yoy,usd_cpi_yoy,usd_gdp_qoq,eur_unemployment,usd_unemployment,nfp_change,usd_pce_yoy,event_flag
2016-07-11,0.0,0.5,39.53,-0.532,0.4731,0.4307,46.25,0.1,1.0,1.3,10.1,4.9,247,0.8,1
2016-07-12,0.0,0.5,39.53,-0.517,0.4916,0.43455,48.47,0.1,1.0,1.3,10.1,4.9,247,0.8,0
2016-07-13,0.0,0.5,40.56,-0.522,0.4754,0.4322,46.26,0.1,1.0,1.3,10.1,4.9,247,0.8,0
2016-07-14,0.0,0.5,40.2,-0.508,0.4901,0.4392,47.37,0.1,1.0,1.3,10.1,4.9,247,0.8,0
2016-07-15,0.0,0.5,41.28,-0.503,0.5011,0.4422,47.61,0.1,1.0,1.3,10.1,4.9,247,0.8,0
2016-07-18,0.0,0.5,42.08,-0.503,0.5121,0.4412,46.96,0.1,1.0,1.3,10.1,4.9,247,0.8,0
2016-07-19,0.0,0.5,41.58,-0.501,0.52025,0.44545,46.66,0.1,1.0,1.3,10.1,4.9,247,0.8,0
2016-07-20,0.0,0.5,42.67,-0.494,0.5311,0.4482,47.17,0.1,1.0,1.3,10.1,4.9,247,0.8,0
2016-07-21,0.0,0.5,42.51,-0.489,0.5311,0.4533,46.2,0.1,1.0,1.3,10.1,4.9,247,0.8,0
2016-07-22,0.0,0.5,42.55,-0.488,0.5331,0.4512,45.69,0.1,1.0,1.3,10.1,4.9,247,0.8,0
2016-07-25,0.0,0.5,43.21,-0.485,0.5401,0.4545,44.72,0.1,1.0,1.3,10.1,4.9,247,0.8,0
2016-07-26,0.0,0.5,44.32,-0.485,0.5361,0.4597,44.87,0.1,1.0,1.3,10.1,4.9,247,0.8,0
2016-07-27,0.0,0.5,45.34,-0.487,0.525,0.4542,43.47,0.1,1.0,1.3,10.1,4.9,247,0.8,0
2016-07-28,0.0,0.5,44.69,-0.485,0.5151,0.4562,42.7,0.1,1.0,1.3,10.1,4.9,247,0.8,0
2016-07-29,0.0,0.5,43.64,-0.487,0.4894,0.4456,42.46,0.1,1.0,1.3,10.1,4.9,247,0.8,0
2016-08-01,0.0,0.5,43.59,-0.487,0.5006,0.44645,42.14,0.2,0.8,1.3,10.0,4.8,373,0.8,1
2016-08-02,0.0,0.5,44.27,-0.477,0.5011,0.4518,41.8,0.2,0.8,1.3,10.0,4.8,373,0.8,0
2016-08-03,0.0,0.5,45.61,-0.475,0.5041,0.4537,43.1,0.2,0.8,1.3,10.0,4.8,373,0.8,0
2016-08-04,0.0,0.5,43.55,-0.483,0.4971,0.4532,44.29,0.2,0.8,1.3,10.0,4.8,373,0.8,0
2016-08-05,0.0,0.5,43.38,-0.483,0.5381,0.4627,44.27,0.2,0.8,1.3,10.0,4.8,373,0.8,0
2016-08-08,0.0,0.5,43.82,-0.485,0.54115,0.4617,45.39,0.2,0.8,1.3,10.0,4.8,373,0.8,0
2016-08-09,0.0,0.5,45.26,-0.487,0.5276,0.4587,44.98,0.2,0.8,1.3,10.0,4.8,373,0.8,0
2016-08-10,0.0,0.5,45.12,-0.494,0.5121,0.4527,44.05,0.2,0.8,1.3,10.0,4.8,373,0.8,0
2016-08-11,0.0,0.5,43.77,-0.486,0.5466,0.4602,46.04,0.2,0.8,1.3,10.0,4.8,373,0.8,0
2016-08-12,0.0,0.5,43.36,-0.489,0.5231,0.45065,46.97,0.2,0.8,1.3,10.0,4.8,373,0.8,0
2016-08-15,0.0,0.5,43.06,-0.48525,0.5376,0.4529,48.35,0.2,0.8,1.3,10.0,4.8,373,0.8,0
2016-08-16,0.0,0.5,43.1,-0.483,0.5531,0.4617,49.23,0.2,0.8,1.3,10.0,4.8,373,0.8,0
2016-08-17,0.0,0.5,44.15,-0.484,0.5521,0.4654,49.85,0.2,0.8,1.3,10.0,4.8,373,0.8,0
2016-08-18,0.0,0.5,43.37,-0.483,0.5421,0.4617,50.89,0.2,0.8,1.3,10.0,4.8,373,0.8,0
2016-08-19,0.0,0.5,43.03,-0.48,0.5641,0.4672,50.88,0.2,0.8,1.3,10.0,4.8,373,0.8,0
2016-08-22,0.0,0.5,43.62,-0.481,0.5641,0.4717,49.16,0.2,0.8,1.3,10.0,4.8,373,0.8,0
2016-08-23,0.0,0.5,43.82,-0.4798,0.5683,0.4742,49.96,0.2,0.8,1.3,10.0,4.8,373,0.8,0
2016-08-24,0.0,0.5,44.9,-0.475,0.5701,0.4782,49.05,0.2,0.8,1.3,10.0,4.8,373,0.8,0
2016-08-25,0.0,0.5,43.79,-0.471,0.5921,0.4852,49.67,0.2,0.8,1.3,10.0,4.8,373,0.8,0
2016-08-26,0.0,0.5,43.54,-0.472,0.6216,0.5057,49.92,0.2,0.8,1.3,10.0,4.8,373,0.8,0
2016-08-29,0.0,0.5,43.94,-0.476,0.6061,0.4942,49.26,0.2,0.8,1.3,10.0,4.8,373,0.8,0
2016-08-30,0.0,0.5,43.55,-0.4762,0.6001,0.4932,48.37,0.2,0.8,1.3,10.0,4.8,373,0.8,0
2016-08-31,0.0,0.5,43.53,-0.479,0.6151,0.4982,47.04,0.2,1.1,1.3,9.9,4.9,141,0.9,1
2016-09-01,0.0,0.5,43.23,-0.479,0.6031,0.4972,45.45,0.2,1.1,1.3,9.9,4.9,141,0.9,0
2016-09-02,0.0,0.5,43.13,-0.479,0.6081,0.4912,46.83,0.2,1.1,1.3,9.9,4.9,141,0.9,0
2016-09-05,0.0,0.5,43.13,-0.483,0.6121,0.4912,47.63,0.2,1.1,1.3,9.9,4.9,141,0.9,0
2016-09-06,0.0,0.5,42.52,-0.492,0.5706,0.4762,47.26,0.2,1.1,1.3,9.9,4.9,141,0.9,0
2016-09-07,0.0,0.5,41.46,-0.492,0.57165,0.472,47.98,0.2,1.1,1.3,9.9,4.9,141,0.9,0
2016-09-08,0.0,0.5,40.7,-0.478,0.5991,0.4877,49.99,0.2,1.1,1.3,9.9,4.9,141,0.9,0
2016-09-09,0.0,0.5,41.07,-0.474,0.6071,0.4917,48.01,0.2,1.1,1.3,9.9,4.9,141,0.9,0
2016-09-12,0.0,0.5,40.83,-0.471,0.5916,0.4767,48.32,0.2,1.1,1.3,9.9,4.9,141,0.9,0
2016-09-13,0.0,0.5,40.82,-0.465,0.6002,0.47775,47.1,0.2,1.1,1.3,9.9,4.9,141,0.9,0
2016-09-14,0.0,0.5,41.03,-0.471,0.5786,0.4772,45.85,0.2,1.1,1.3,9.9,4.9,141,0.9,0
2016-09-15,0.0,0.5,41.21,-0.468,0.5696,0.476,46.59,0.2,1.1,1.3,9.9,4.9,141,0.9,0
2016-09-16,0.0,0.5,42.28,-0.472,0.5871,0.4831,45.77,0.2,1.1,1.3,9.9,4.9,141,0.9,0
2016-09-19,0.0,0.5,42.1,-0.469,0.6011,0.4849,45.95,0.2,1.1,1.3,9.9,4.9,141,0.9,0
2016-09-20,0.0,0.5,42.26,-0.472,0.6056,0.4907,45.88,0.2,1.1,1.3,9.9,4.9,141,0.9,0
2016-09-21,0.0,0.5,41.82,-0.4695,0.5979,0.4662,46.83,0.2,1.1,1.3,9.9,4.9,141,0.9,0
2016-09-22,0.0,0.5,42.83,-0.472,0.5921,0.4672,47.65,0.2,1.1,1.3,9.9,4.9,141,0.9,0
2016-09-23,0.0,0.5,42.24,-0.473,0.59015,0.4685,45.89,0.2,1.1,1.3,9.9,4.9,141,0.9,0
2016-09-26,0.0,0.5,43.47,-0.481,0.5751,0.4632,47.35,0.2,1.1,1.3,9.9,4.9,141,0.9,0
2016-09-27,0.0,0.5,44.74,-0.485,0.5671,0.46095,45.97,0.2,1.1,1.3,9.9,4.9,141,0.9,0
2016-09-28,0.0,0.5,44.36,-0.482,0.5806,0.4672,48.69,0.2,1.1,1.3,9.9,4.9,141,0.9,0
2016-09-29,0.0,0.5,46.97,-0.47,0.5741,0.4687,49.24,0.2,1.1,1.3,9.9,4.9,141,0.9,0
2016-09-30,0.0,0.5,49.1,-0.474,0.5917,0.47425,49.06,0.4,1.5,2.9,9.9,5.0,306,1.2,1
2016-10-03,0.0,0.5,50.35,-0.474,0.6016,0.47925,50.89,0.4,1.5,2.9,9.9,5.0,306,1.2,0
2016-10-04,0.0,0.5,47.45,-0.471,0.6171,0.4853,50.87,0.4,1.5,2.9,9.9,5.0,306,1.2,0
2016-10-05,0.0,0.5,47.35,-0.471,0.6311,0.4972,51.86,0.4,1.5,2.9,9.9,5.0,306,1.2,0
2016-10-06,0.0,0.5,45.86,-0.469,0.6421,0.5019,52.51,0.4,1.5,2.9,9.9,5.0,306,1.2,0
2016-10-07,0.0,0.5,45.08,-0.465,0.6307,0.4937,51.93,0.4,1.5,2.9,9.9,5.0,306,1.2,0
2016-10-10,0.0,0.5,45.35,-0.46,0.6326,0.4982,53.14,0.4,1.5,2.9,9.9,5.0,306,1.2,0
2016-10-11,0.0,0.5,44.75,-0.465,0.6511,0.50125,52.41,0.4,1.5,2.9,9.9,5.0,306,1.2,0
2016-10-12,0.0,0.5,46.14,-0.465,0.6471,0.5062,51.81,0.4,1.5,2.9,9.9,5.0,306,1.2,0
2016-10-13,0.0,0.5,45.91,-0.461,0.6391,0.5061,52.03,0.4,1.5,2.9,9.9,5.0,306,1.2,0
2016-10-14,0.0,0.5,45.94,-0.462,0.6406,0.5072,51.95,0.4,1.5,2.9,9.9,5.0,306,1.2,0
2016-10-17,0.0,0.5,46.3,-0.463,0.6291,0.5077,51.52,0.4,1.5,2.9,9.9,5.0,306,1.2,0
2016-10-18,0.0,0.5,45.05,-0.464,0.61595,0.5057,51.68,0.4,1.5,2.9,9.9,5.0,306,1.2,0
2016-10-19,0.0,0.5,45.28,-0.464,0.6171,0.5107,52.67,0.4,1.5,2.9,9.9,5.0,306,1.2,0
2016-10-20,0.0,0.5,44.92,-0.462,0.6353,0.5217,51.38,0.4,1.5,2.9,9.9,5.0,306,1.2,0
2016-10-21,0.0,0.5,45.35,-0.457,0.63685,0.5252,51.78,0.4,1.5,2.9,9.9,5.0,306,1.2,0
2016-10-24,0.0,0.5,45.55,-0.45575,0.6511,0.5308,51.46,0.4,1.5,2.9,9.9,5.0,306,1.2,0
2016-10-25,0.0,0.5,45.82,-0.454,0.65445,0.5364,50.79,0.4,1.5,2.9,9.9,5.0,306,1.2,0
2016-10-26,0.0,0.5,46.63,-0.45,0.6551,0.5382,49.98,0.4,1.5,2.9,9.9,5.0,306,1.2,0
2016-10-27,0.0,0.5,46.28,-0.446,0.66755,0.5447,50.47,0.4,1.5,2.9,9.9,5.0,306,1.2,0
2016-10-28,0.0,0.5,46.7,-0.443,0.6561,0.5405,49.71,0.4,1.5,2.9,9.9,5.0,306,1.2,0
2016-10-31,0.0,0.5,47.32,-0.4443,0.6536,0.54155,48.3,0.5,1.6,2.9,9.8,4.9,98,1.4,1
2016-11-01,0.0,0.5,46.88,-0.44,0.6506,0.5412,48.14,0.5,1.6,2.9,9.8,4.9,98,1.4,0
2016-11-02,0.0,0.5,47.55,-0.439,0.6416,0.5397,46.86,0.5,1.6,2.9,9.8,4.9,98,1.4,0
2016-11-03,0.0,0.5,46.83,-0.437,0.6401,0.541,46.35,0.5,1.6,2.9,9.8,4.9,98,1.4,0
2016-11-04,0.0,0.5,47.18,-0.436,0.6268,0.5422,45.58,0.5,1.6,2.9,9.8,4.9,98,1.4,0
2016-11-07,0.0,0.5,46.7,-0.437,0.65345,0.5517,46.15,0.5,1.6,2.9,9.8,4.9,98,1.4,0
2016-11-08,0.0,0.5,46.84,-0.433,0.6736,0.5612,46.04,0.5,1.6,2.9,9.8,4.9,98,1.4,0
2016-11-09,0.0,0.5,45.79,-0.435,0.6811,0.5677,46.36,0.5,1.6,2.9,9.8,4.9,98,1.4,0
2016-11-10,0.0,0.5,45.45,-0.433,0.6826,0.5642,45.84,0.5,1.6,2.9,9.8,4.9,98,1.4,0
2016-11-11,0.0,0.5,44.89,-0.429,0.6881,0.5672,44.75,0.5,1.6,2.9,9.8,4.9,98,1.4,0
2016-11-14,0.0,0.5,46.03,-0.433,0.7221,0.5852,44.43,0.5,1.6,2.9,9.8,4.9,98,1.4,0
2016-11-15,0.0,0.5,46.41,-0.433,0.7216,0.5902,46.95,0.5,1.6,2.9,9.8,4.9,98,1.4,0
2016-11-16,0.0,0.5,48.46,-0.437,0.7241,0.5962,46.63,0.5,1.6,2.9,9.8,4.9,98,1.4,0
2016-11-17,0.0,0.5,46.95,-0.439,0.7521,0.6042,46.49,0.5,1.6,2.9,9.8,4.9,98,1.4,0
2016-11-18,0.0,0.5,47.22,-0.439,0.7596,0.6092,46.86,0.5,1.6,2.9,9.8,4.9,98,1.4,0
2016-11-21,0.0,0.5,48.15,-0.439,0.7616,0.6152,48.9,0.5,1.6,2.9,9.8,4.9,98,1.4,0
2016-11-22,0.0,0.5,49.73,-0.439,0.7681,0.6232,49.12,0.5,1.6,2.9,9.8,4.9,98,1.4,0
2016-11-23,0.0,0.5,49.75,-0.436,0.7936,0.6352,48.95,0.5,1.6,2.9,9.8,4.9,98,1.4,0
2016-11-24,0.0,0.5,49.08,-0.438,0.8051,0.6392,49.0,0.5,1.6,2.9,9.8,4.9,98,1.4,0
2016-11-25,0.0,0.5,48.38,-0.432,0.8001,0.6392,47.24,0.5,1.6,2.9,9.8,4.9,98,1.4,0
2016-11-28,0.0,0.5,49.65,-0.437,0.7811,0.6377,48.24,0.5,1.6,2.9,9.8,4.9,98,1.4,0
2016-11-29,0.0,0.5,49.51,-0.439,0.7701,0.6402,46.38,0.5,1.6,2.9,9.8,4.9,98,1.4,0
2016-11-30,0.0,0.5,48.57,-0.436,0.7886,0.6472,50.47,0.6,1.7,2.9,9.8,4.7,118,1.4,1
2016-12-01,0.0,0.5,49.16,-0.431,0.8051,0.6582,53.94,0.6,1.7,2.9,9.8,4.7,118,1.4,0
2016-12-02,0.0,0.5,49.78,-0.438,0.78855,0.6572,54.46,0.6,1.7,2.9,9.8,4.7,118,1.4,0
2016-12-05,0.0,0.5,49.78,-0.43725,0.8061,0.66425,54.94,0.6,1.7,2.9,9.8,4.7,118,1.4,0
2016-12-06,0.0,0.5,49.0,-0.4285,0.8113,0.6667,53.93,0.6,1.7,2.9,9.8,4.7,118,1.4,0
2016-12-07,0.0,0.5,48.1,-0.429,0.8041,0.6682,53.0,0.6,1.7,2.9,9.8,4.7,118,1.4,0
2016-12-08,0.0,0.5,47.57,-0.435,0.8151,0.6802,53.89,0.6,1.7,2.9,9.8,4.7,118,1.4,0
2016-12-09,0.0,0.5,48.04,-0.436,0.8281,0.6832,54.33,0.6,1.7,2.9,9.8,4.7,118,1.4,0
2016-12-12,0.0,0.5,48.85,-0.434,0.8321,0.6852,55.69,0.6,1.7,2.9,9.8,4.7,118,1.4,0
2016-12-13,0.0,0.5,48.51,-0.431,0.84355,0.6907,55.72,0.6,1.7,2.9,9.8,4.7,118,1.4,0
2016-12-14,0.0,0.75,47.91,-0.431,0.8961,0.6934,53.9,0.6,1.7,2.9,9.8,4.7,118,1.4,1
2016-12-15,0.0,0.75,49.12,-0.427,0.8891,0.6952,54.02,0.6,1.7,2.9,9.8,4.7,118,1.4,0
2016-12-16,0.0,0.75,48.76,-0.422,0.8851,0.6912,55.21,0.6,1.7,2.9,9.8,4.7,118,1.4,0
2016-12-19,0.0,0.75,49.27,-0.422,0.8751,0.6912,54.92,0.6,1.7,2.9,9.8,4.7,118,1.4,0
2016-12-20,0.0,0.75,49.41,-0.4225,0.8751,0.6942,55.35,0.6,1.7,2.9,9.8,4.7,118,1.4,0
2016-12-21,0.0,0.75,49.13,-0.422,0.8731,0.6932,54.46,0.6,1.7,2.9,9.8,4.7,118,1.4,0
2016-12-22,0.0,0.75,49.81,-0.421,0.8841,0.69655,55.05,0.6,1.7,2.9,9.8,4.7,118,1.4,0
2016-12-23,0.0,0.75,50.53,-0.419,0.88885,0.69625,55.16,0.6,1.7,2.9,9.8,4.7,118,1.4,0
2016-12-26,0.0,0.75,50.54,-0.419,0.88915,0.69625,55.16,0.6,1.7,2.9,9.8,4.7,118,1.4,0
2016-12-27,0.0,0.75,51.48,-0.422,0.8961,0.6982,56.09,0.6,1.7,2.9,9.8,4.7,118,1.4,0
2016-12-28,0.0,0.75,55.5,-0.426,0.8876,0.69885,56.22,0.6,1.7,2.9,9.8,4.7,118,1.4,0
2016-12-29,0.0,0.75,48.85,-0.427,0.8846,0.7037,56.14,0.6,1.7,2.9,9.8,4.7,118,1.4,0
2016-12-30,0.0,0.75,49.83,-0.428,0.8863,0.7052,56.82,0.6,1.7,2.9,9.8,4.7,118,1.4,0
2017-01-02,0.0,0.75,49.21,-0.436,0.8861,0.6992,56.82,1.1,2.1,2.2,9.7,4.7,225,1.7,1
2017-01-03,0.0,0.75,47.44,-0.428,0.8991,0.7112,55.47,1.1,2.1,2.2,9.7,4.7,225,1.7,0
2017-01-04,0.0,0.75,46.83,-0.429,0.8976,0.7117,56.46,1.1,2.1,2.2,9.7,4.7,225,1.7,0
2017-01-05,0.0,0.75,47.75,-0.43125,0.8841,0.7107,56.89,1.1,2.1,2.2,9.7,4.7,225,1.7,0
2017-01-06,0.0,0.75,47.43,-0.43,0.9046,0.7142,57.1,1.1,2.1,2.2,9.7,4.7,225,1.7,0
2017-01-09,0.0,0.75,47.14,-0.432,0.8971,0.7132,54.94,1.1,2.1,2.2,9.7,4.7,225,1.7,0
2017-01-10,0.0,0.75,46.62,-0.43625,0.8981,0.7132,53.64,1.1,2.1,2.2,9.7,4.7,225,1.7,0
2017-01-11,0.0,0.75,46.99,-0.44,0.8951,0.7132,55.1,1.1,2.1,2.2,9.7,4.7,225,1.7,0
2017-01-12,0.0,0.75,47.56,-0.44,0.8955,0.7142,56.01,1.1,2.1,2.2,9.7,4.7,225,1.7,0
2017-01-13,0.0,0.75,47.47,-0.439,0.9051,0.7167,55.45,1.1,2.1,2.2,9.7,4.7,225,1.7,0
2017-01-16,0.0,0.75,47.35,-0.441,0.8991,0.7152,55.86,1.1,2.1,2.2,9.7,4.7,225,1.7,0
2017-01-17,0.0,0.75,47.49,-0.441,0.88335,0.7137,55.47,1.1,2.1,2.2,9.7,4.7,225,1.7,0
2017-01-18,0.0,0.75,47.38,-0.437,0.92455,0.7228,53.92,1.1,2.1,2.2,9.7,4.7,225,1.7,0
2017-01-19,0.0,0.75,48.46,-0.434,0.9321,0.7297,54.16,1.1,2.1,2.2,9.7,4.7,225,1.7,0
2017-01-20,0.0,0.75,47.73,-0.43,0.9206,0.7227,55.49,1.1,2.1,2.2,9.7,4.7,225,1.7,0
2017-01-23,0.0,0.75,47.5,-0.435,0.9001,0.7212,55.23,1.1,2.1,2.2,9.7,4.7,225,1.7,0
2017-01-24,0.0,0.75,46.49,-0.434,0.9232,0.7282,55.44,1.1,2.1,2.2,9.7,4.7,225,1.7,0
2017-01-25,0.0,0.75,46.16,-0.429,0.9371,0.7322,55.08,1.1,2.1,2.2,9.7,4.7,225,1.7,0
2017-01-26,0.0,0.75,45.74,-0.425,0.9371,0.7352,56.24,1.1,2.1,2.2,9.7,4.7,225,1.7,0
2017-01-27,0.0,0.75,45.09,-0.423,0.9351,0.7322,55.52,1.1,2.1,2.2,9.7,4.7,225,1.7,0
2017-01-30,0.0,0.75,45.35,-0.427,0.9328,0.7302,55.23,1.1,2.1,2.2,9.7,4.7,225,1.7,0
2017-01-31,0.0,0.75,44.32,-0.428,0.9266,0.7322,55.7,1.7,2.5,2.2,9.6,4.7,220,2.0,1
2017-02-01,0.0,0.75,44.57,-0.427,0.9301,0.7262,56.8,1.7,2.5,2.2,9.6,4.7,220,2.0,0
2017-02-02,0.0,0.75,44.86,-0.428,0.9351,0.73005,56.56,1.7,2.5,2.2,9.6,4.7,220,2.0,0
2017-02-03,0.0,0.75,44.44,-0.423,0.9326,0.7247,56.81,1.7,2.5,2.2,9.6,4.7,220,2.0,0
2017-02-06,0.0,0.75,44.08,-0.426,0.9081,0.7175,55.72,1.7,2.5,2.2,9.6,4.7,220,2.0,0
2017-02-07,0.0,0.75,43.8,-0.42225,0.9121,0.72225,55.05,1.7,2.5,2.2,9.6,4.7,220,2.0,0
2017-02-08,0.0,0.75,43.09,-0.425,0.8991,0.72035,55.12,1.7,2.5,2.2,9.6,4.7,220,2.0,0
2017-02-09,0.0,0.75,43.66,-0.425,0.9241,0.73,55.63,1.7,2.5,2.2,9.6,4.7,220,2.0,0
2017-02-10,0.0,0.75,43.41,-0.426,0.9381,0.7352,56.7,1.7,2.5,2.2,9.6,4.7,220,2.0,0
2017-02-13,0.0,0.75,43.17,-0.423,0.9491,0.7367,55.59,1.7,2.5,2.2,9.6,4.7,220,2.0,0
2017-02-14,0.0,0.75,42.91,-0.425,0.9691,0.7462,55.97,1.7,2.5,2.2,9.6,4.7,220,2.0,0
2017-02-15,0.0,0.75,43.02,-0.423,1.0021,0.7662,55.75,1.7,2.5,2.2,9.6,4.7,220,2.0,0
2017-02-16,0.0,0.75,43.68,-0.422,0.98825,0.7592,55.65,1.7,2.5,2.2,9.6,4.7,220,2.0,0
2017-02-17,0.0,0.75,43.44,-0.429,0.9741,0.7547,55.81,1.7,2.5,2.2,9.6,4.7,220,2.0,0
2017-02-20,0.0,0.75,42.99,-0.431,0.9771,0.7542,56.18,1.7,2.5,2.2,9.6,4.7,220,2.0,0
2017-02-21,0.0,0.75,43.37,-0.433,0.9991,0.7642,56.66,1.7,2.5,2.2,9.6,4.7,220,2.0,0
2017-02-22,0.0,0.75,43.67,-0.435,0.99365,0.7642,55.84,1.7,2.5,2.2,9.6,4.7,220,2.0,0
2017-02-23,0.0,0.75,44.9,-0.439,0.9831,0.7762,56.58,1.7,2.5,2.2,9.6,4.7,220,2.0,0
2017-02-24,0.0,0.75,44.79,-0.439,0.9821,0.7802,55.99,1.7,2.5,2.2,9.6,4.7,220,2.0,0
2017-02-27,0.0,0.75,44.55,-0.438,1.0105,0.8002,55.93,1.7,2.5,2.2,9.6,4.7,220,2.0,0
2017-02-28,0.0,0.75,44.88,-0.437,1.0651,0.8503,55.59,2.0,2.7,2.2,9.5,4.6,218,2.2,1
2017-03-01,0.0,0.75,46.65,-0.437,1.07385,0.8592,56.36,2.0,2.7,2.2,9.5,4.6,218,2.2,0
2017-03-02,0.0,0.75,45.25,-0.43,1.1091,0.88455,55.08,2.0,2.7,2.2,9.5,4.6,218,2.2,0
2017-03-03,0.0,0.75,45.19,-0.416,1.1061,0.8927,55.9,2.0,2.7,2.2,9.5,4.6,218,2.2,0
2017-03-06,0.0,0.75,45.51,-0.412,1.0971,0.9012,56.01,2.0,2.7,2.2,9.5,4.6,218,2.2,0
2017-03-07,0.0,0.75,45.72,-0.417,1.1071,0.9042,55.92,2.0,2.7,2.2,9.5,4.6,218,2.2,0
2017-03-08,0.0,0.75,46.55,-0.415,1.1237,0.9137,53.11,2.0,2.7,2.2,9.5,4.6,218,2.2,0
2017-03-09,0.0,0.75,45.44,-0.4113,1.14335,0.9247,52.19,2.0,2.7,2.2,9.5,4.6,218,2.2,0
2017-03-10,0.0,0.75,44.98,-0.405,1.1491,0.9294,51.37,2.0,2.7,2.2,9.5,4.6,218,2.2,0
2017-03-13,0.0,0.75,45.57,-0.41,1.1591,0.9352,51.35,2.0,2.7,2.2,9.5,4.6,218,2.2,0
2017-03-14,0.0,0.75,46.65,-0.415,1.1581,0.9392,50.92,2.0,2.7,2.2,9.5,4.6,218,2.2,0
2017-03-15,0.0,1.0,49.04,-0.4154,1.13115,0.9452,51.81,2.0,2.7,2.2,9.5,4.6,218,2.2,1
2017-03-16,0.0,1.0,48.15,-0.40125,1.1571,0.9502,51.74,2.0,2.7,2.2,9.5,4.6,218,2.2,0
2017-03-17,0.0,1.0,48.63,-0.403,1.1571,0.9512,51.76,2.0,2.7,2.2,9.5,4.6,218,2.2,0
2017-03-20,0.0,1.0,48.93,-0.401,1.1461,0.9522,51.62,2.0,2.7,2.2,9.5,4.6,218,2.2,0
2017-03-21,0.0,1.0,48.45,-0.3973,1.1472,0.9532,50.96,2.0,2.7,2.2,9.5,4.6,218,2.2,0
2017-03-22,0.0,1.0,49.62,-0.4005,1.1391,0.9562,50.64,2.0,2.7,2.2,9.5,4.6,218,2.2,0
2017-03-23,0.0,1.0,48.56,-0.3975,1.1521,0.9592,50.56,2.0,2.7,2.2,9.5,4.6,218,2.2,0
2017-03-24,0.0,1.0,47.79,-0.3994,1.15365,0.9592,50.8,2.0,2.7,2.2,9.5,4.6,218,2.2,0
2017-03-27,0.0,1.0,46.83,-0.403,1.1371,0.9592,50.75,2.0,2.7,2.2,9.5,4.6,218,2.2,0
2017-03-28,0.0,1.0,47.0,-0.4037,1.1511,0.9632,51.33,2.0,2.7,2.2,9.5,4.6,218,2.2,0
2017-03-29,0.0,1.0,46.57,-0.413,1.15,0.9617,52.42,2.0,2.7,2.2,9.5,4.6,218,2.2,0
2017-03-30,0.0,1.0,46.29,-0.415,1.1731,0.96825,52.96,2.0,2.7,2.2,9.5,4.6,218,2.2,0
2017-03-31,0.0,1.0,47.25,-0.4195,1.1711,0.9712,52.83,1.5,2.4,2.0,9.4,4.4,124,1.9,1
2017-04-03,0.0,1.0,46.85,-0.4281,1.15515,0.9712,53.12,1.5,2.4,2.0,9.4,4.4,124,1.9,0
2017-04-04,0.0,1.0,46.53,-0.4269,1.1676,0.9752,54.17,1.5,2.4,2.0,9.4,4.4,124,1.9,0
2017-04-05,0.0,1.0,45.92,-0.428,1.17055,0.9792,54.36,1.5,2.4,2.0,9.4,4.4,124,1.9,0
2017-04-06,0.0,1.0,46.19,-0.426,1.1831,0.9876,54.89,1.5,2.4,2.0,9.4,4.4,124,1.9,0
2017-04-07,0.0,1.0,46.74,-0.429,1.1871,0.9887,55.24,1.5,2.4,2.0,9.4,4.4,124,1.9,0
2017-04-10,0.0,1.0,47.86,-0.432,1.1791,0.9887,55.98,1.5,2.4,2.0,9.4,4.4,124,1.9,0
2017-04-11,0.0,1.0,47.8,-0.4379,1.1571,0.9852,56.23,1.5,2.4,2.0,9.4,4.4,124,1.9,0
2017-04-12,0.0,1.0,48.15,-0.438,1.1371,0.9842,55.86,1.5,2.4,2.0,9.4,4.4,124,1.9,0
2017-04-13,0.0,1.0,48.76,-0.44175,1.1451,0.9862,55.89,1.5,2.4,2.0,9.4,4.4,124,1.9,0
2017-04-14,0.0,1.0,48.73,-0.44175,1.1511,0.9882,55.89,1.5,2.4,2.0,9.4,4.4,124,1.9,0
2017-04-17,0.0,1.0,48.98,-0.44175,1.1401,0.9832,55.36,1.5,2.4,2.0,9.4,4.4,124,1.9,0
2017-04-18,0.0,1.0,48.68,-0.443,1.1081,0.9757,54.89,1.5,2.4,2.0,9.4,4.4,124,1.9,0
2017-04-19,0.0,1.0,48.25,-0.4425,1.1244,0.9852,52.93,1.5,2.4,2.0,9.4,4.4,124,1.9,0
2017-04-20,0.0,1.0,48.24,-0.438,1.15,0.99915,52.99,1.5,2.4,2.0,9.4,4.4,124,1.9,0
2017-04-21,0.0,1.0,49.36,-0.436,1.1421,0.9932,51.96,1.5,2.4,2.0,9.4,4.4,124,1.9,0
2017-04-24,0.0,1.0,48.49,-0.423,1.1891,1.0137,51.6,1.5,2.4,2.0,9.4,4.4,124,1.9,0
2017-04-25,0.0,1.0,48.74,-0.4195,1.2111,1.0212,52.1,1.5,2.4,2.0,9.4,4.4,124,1.9,0
2017-04-26,0.0,1.0,50.85,-0.423,1.2053,1.0232,51.82,1.5,2.4,2.0,9.4,4.4,124,1.9,0
2017-04-27,0.0,1.0,50.52,-0.428,1.20015,1.0297,51.44,1.5,2.4,2.0,9.4,4.4,124,1.9,0
2017-04-28,0.0,1.0,51.32,-0.428,1.2081,1.0337,51.73,1.5,2.4,2.0,9.4,4.4,124,1.9,0
2017-05-01,0.0,1.0,51.22,-0.428,1.2056,1.0332,51.52,1.9,2.2,2.0,9.3,4.4,205,1.8,1
2017-05-02,0.0,1.0,51.21,-0.435,1.1961,1.0322,50.46,1.9,2.2,2.0,9.3,4.4,205,1.8,0
2017-05-03,0.0,1.0,51.86,-0.432,1.2171,1.0462,50.79,1.9,2.2,2.0,9.3,4.4,205,1.8,0
2017-05-04,0.0,1.0,50.99,-0.427,1.2241,1.0542,48.38,1.9,2.2,2.0,9.3,4.4,205,1.8,0
2017-05-05,0.0,1.0,51.03,-0.421,1.2351,1.0642,49.1,1.9,2.2,2.0,9.3,4.4,205,1.8,0
2017-05-08,0.0,1.0,50.53,-0.42,1.2581,1.0752,49.34,1.9,2.2,2.0,9.3,4.4,205,1.8,0
2017-05-09,0.0,1.0,50.28,-0.42,1.2611,1.0747,48.73,1.9,2.2,2.0,9.3,4.4,205,1.8,0
2017-05-10,0.0,1.0,51.6,-0.421,1.2616,1.0802,50.22,1.9,2.2,2.0,9.3,4.4,205,1.8,0
2017-05-11,0.0,1.0,50.86,-0.423,1.2531,1.0822,50.77,1.9,2.2,2.0,9.3,4.4,205,1.8,0
2017-05-12,0.0,1.0,51.09,-0.427,1.2196,1.0722,50.84,1.9,2.2,2.0,9.3,4.4,205,1.8,0
2017-05-15,0.0,1.0,51.24,-0.4265,1.21945,1.0742,51.82,1.9,2.2,2.0,9.3,4.4,205,1.8,0
2017-05-16,0.0,1.0,51.42,-0.423,1.2201,1.0758,51.65,1.9,2.2,2.0,9.3,4.4,205,1.8,0
2017-05-17,0.0,1.0,53.21,-0.428,1.16795,1.0552,52.21,1.9,2.2,2.0,9.3,4.4,205,1.8,0
2017-05-18,0.0,1.0,52.17,-0.425,1.20705,1.0817,52.51,1.9,2.2,2.0,9.3,4.4,205,1.8,0
2017-05-19,0.0,1.0,52.37,-0.424,1.21545,1.0872,53.61,1.9,2.2,2.0,9.3,4.4,205,1.8,0
2017-05-22,0.0,1.0,52.7,-0.42,1.2301,1.0962,53.87,1.9,2.2,2.0,9.3,4.4,205,1.8,0
2017-05-23,0.0,1.0,52.95,-0.4205,1.2441,1.1072,54.15,1.9,2.2,2.0,9.3,4.4,205,1.8,0
2017-05-24,0.0,1.0,54.43,-0.422,1.2251,1.1032,53.96,1.9,2.2,2.0,9.3,4.4,205,1.8,0
2017-05-25,0.0,1.0,53.6,-0.425,1.2461,1.1222,51.46,1.9,2.2,2.0,9.3,4.4,205,1.8,0
2017-05-26,0.0,1.0,53.91,-0.429,1.2439,1.1202,52.15,1.9,2.2,2.0,9.3,4.4,205,1.8,0
2017-05-29,0.0,1.0,54.08,-0.4325,1.2431,1.1282,52.29,1.9,2.2,2.0,9.3,4.4,205,1.8,0
2017-05-30,0.0,1.0,54.31,-0.4324,1.24425,1.1311,51.84,1.9,2.2,2.0,9.3,4.4,205,1.8,0
2017-05-31,0.0,1.0,55.93,-0.431,1.24885,1.1387,50.31,1.4,1.9,2.0,9.2,4.4,205,1.6,1
2017-06-01,0.0,1.0,53.93,-0.4345,1.2641,1.1512,50.63,1.4,1.9,2.0,9.2,4.4,205,1.6,0
2017-06-02,0.0,1.0,53.77,-0.432,1.26285,1.1562,49.95,1.4,1.9,2.0,9.2,4.4,205,1.6,0
2017-06-05,0.0,1.0,53.86,-0.4312,1.2701,1.1602,49.47,1.4,1.9,2.0,9.2,4.4,205,1.6,0
2017-06-06,0.0,1.0,53.79,-0.432,1.2601,1.1622,50.12,1.4,1.9,2.0,9.2,4.4,205,1.6,0
2017-06-07,0.0,1.0,55.12,-0.436,1.2661,1.1672,48.06,1.4,1.9,2.0,9.2,4.4,205,1.6,0
2017-06-08,0.0,1.0,54.29,-0.437,1.2711,1.1742,47.86,1.4,1.9,2.0,9.2,4.4,205,1.6,0
2017-06-09,0.0,1.0,54.71,-0.438,1.2791,1.1812,48.15,1.4,1.9,2.0,9.2,4.4,205,1.6,0
2017-06-12,0.0,1.0,54.69,-0.4389,1.2801,1.1842,48.29,1.4,1.9,2.0,9.2,4.4,205,1.6,0
2017-06-13,0.0,1.0,54.67,-0.4384,1.2841,1.1872,48.72,1.4,1.9,2.0,9.2,4.4,205,1.6,0
2017-06-14,0.0,1.25,56.1,-0.439,1.2711,1.1927,47.0,1.4,1.9,2.0,9.2,4.4,205,1.6,1
2017-06-15,0.0,1.25,54.82,-0.4345,1.2761,1.1967,46.92,1.4,1.9,2.0,9.2,4.4,205,1.6,0
2017-06-16,0.0,1.25,54.88,-0.434,1.2701,1.1962,47.37,1.4,1.9,2.0,9.2,4.4,205,1.6,0
2017-06-19,0.0,1.25,55.03,-0.434,1.2801,1.1962,46.91,1.4,1.9,2.0,9.2,4.4,205,1.6,0
2017-06-20,0.0,1.25,55.4,-0.438,1.2781,1.1972,46.02,1.4,1.9,2.0,9.2,4.4,205,1.6,0
2017-06-21,0.0,1.25,55.97,-0.433,1.2761,1.1982,44.82,1.4,1.9,2.0,9.2,4.4,205,1.6,0
2017-06-22,0.0,1.25,54.83,-0.434,1.2721,1.1977,45.22,1.4,1.9,2.0,9.2,4.4,205,1.6,0
2017-06-23,0.0,1.25,55.2,-0.432,1.2811,1.1972,45.54,1.4,1.9,2.0,9.2,4.4,205,1.6,0
2017-06-26,0.0,1.25,55.3,-0.431,1.2851,1.1992,45.83,1.4,1.9,2.0,9.2,4.4,205,1.6,0
2017-06-27,0.0,1.25,56.23,-0.42,1.2946,1.2002,46.65,1.4,1.9,2.0,9.2,4.4,205,1.6,0
2017-06-28,0.0,1.25,55.22,-0.4243,1.3021,1.2012,47.31,1.4,1.9,2.0,9.2,4.4,205,1.6,0
2017-06-29,0.0,1.25,55.8,-0.418,1.3021,1.2012,47.42,1.4,1.9,2.0,9.2,4.4,205,1.6,0
2017-06-30,0.0,1.25,55.58,-0.417,1.3161,1.2032,47.92,1.3,1.6,2.3,9.1,4.3,203,1.5,1
2017-07-03,0.0,1.25,54.97,-0.419,1.3321,1.2067,49.68,1.3,1.6,2.3,9.1,4.3,203,1.5,0
2017-07-04,0.0,1.25,54.66,-0.42075,1.3301,1.2062,49.61,1.3,1.6,2.3,9.1,4.3,203,1.5,0
2017-07-05,0.0,1.25,57.15,-0.4205,1.3371,1.2092,47.79,1.3,1.6,2.3,9.1,4.3,203,1.5,0
2017-07-06,0.0,1.25,55.69,-0.416,1.33215,1.2072,48.11,1.3,1.6,2.3,9.1,4.3,203,1.5,0
2017-07-07,0.0,1.25,55.46,-0.415,1.3281,1.2062,46.71,1.3,1.6,2.3,9.1,4.3,203,1.5,0
2017-07-10,0.0,1.25,55.63,-0.417,1.3241,1.2067,46.88,1.3,1.6,2.3,9.1,4.3,203,1.5,0
2017-07-11,0.0,1.25,56.17,-0.41625,1.3151,1.2052,47.52,1.3,1.6,2.3,9.1,4.3,203,1.5,0
2017-07-12,0.0,1.25,56.83,-0.41875,1.3066,1.2057,47.74,1.3,1.6,2.3,9.1,4.3,203,1.5,0
2017-07-13,0.0,1.25,55.48,-0.421,1.3106,1.2062,48.42,1.3,1.6,2.3,9.1,4.3,203,1.5,0
2017-07-14,0.0,1.25,55.85,-0.419,1.3021,1.2047,48.91,1.3,1.6,2.3,9.1,4.3,203,1.5,0
2017-07-17,0.0,1.25,56.43,-0.423,1.3006,1.2037,48.42,1.3,1.6,2.3,9.1,4.3,203,1.5,0
2017-07-18,0.0,1.25,57.28,-0.426,1.2941,1.2032,48.84,1.3,1.6,2.3,9.1,4.3,203,1.5,0
2017-07-19,0.0,1.25,57.63,-0.427,1.3051,1.2062,49.7,1.3,1.6,2.3,9.1,4.3,203,1.5,0
2017-07-20,0.0,1.25,56.83,-0.43,1.3001,1.2042,49.3,1.3,1.6,2.3,9.1,4.3,203,1.5,0
2017-07-21,0.0,1.25,57.26,-0.43275,1.2941,1.2032,48.06,1.3,1.6,2.3,9.1,4.3,203,1.5,0
2017-07-24,0.0,1.25,57.32,-0.433,1.3031,1.2067,48.6,1.3,1.6,2.3,9.1,4.3,203,1.5,0
2017-07-25,0.0,1.25,57.75,-0.4295,1.3161,1.2072,50.2,1.3,1.6,2.3,9.1,4.3,203,1.5,0
2017-07-26,0.0,1.25,58.9,-0.43,1.2971,1.2032,50.97,1.3,1.6,2.3,9.1,4.3,203,1.5,0
2017-07-27,0.0,1.25,57.77,-0.431,1.3001,1.2022,51.49,1.3,1.6,2.3,9.1,4.3,203,1.5,0
2017-07-28,0.0,1.25,57.84,-0.43,1.2946,1.2007,52.52,1.3,1.6,2.3,9.1,4.3,203,1.5,0
2017-07-31,0.0,1.25,58.13,-0.42925,1.2971,1.2012,52.65,1.3,1.7,2.3,9.0,4.3,189,1.5,1
2017-08-01,0.0,1.25,57.73,-0.43175,1.2941,1.2002,51.78,1.3,1.7,2.3,9.0,4.3,189,1.5,0
2017-08-02,0.0,1.25,59.09,-0.432,1.2971,1.2022,52.36,1.3,1.7,2.3,9.0,4.3,189,1.5,0
2017-08-03,0.0,1.25,57.49,-0.432,1.2891,1.2017,52.01,1.3,1.7,2.3,9.0,4.3,189,1.5,0
2017-08-04,0.0,1.25,57.03,-0.431,1.2961,1.2012,52.42,1.3,1.7,2.3,9.0,4.3,189,1.5,0
2017-08-07,0.0,1.25,57.22,-0.43,1.2991,1.2032,52.37,1.3,1.7,2.3,9.0,4.3,189,1.5,0
2017-08-08,0.0,1.25,56.88,-0.429,1.3041,1.2032,52.14,1.3,1.7,2.3,9.0,4.3,189,1.5,0
2017-08-09,0.0,1.25,58.24,-0.432,1.2981,1.2027,52.7,1.3,1.7,2.3,9.0,4.3,189,1.5,0
2017-08-10,0.0,1.25,57.35,-0.43475,1.2911,1.2007,51.9,1.3,1.7,2.3,9.0,4.3,189,1.5,0
2017-08-11,0.0,1.25,58.18,-0.437,1.2701,1.2002,52.1,1.3,1.7,2.3,9.0,4.3,189,1.5,0
2017-08-14,0.0,1.25,58.5,-0.438,1.2891,1.1997,50.73,1.3,1.7,2.3,9.0,4.3,189,1.5,0
2017-08-15,0.0,1.25,57.87,-0.4355,1.3051,1.2012,50.8,1.3,1.7,2.3,9.0,4.3,189,1.5,0
2017-08-16,0.0,1.25,58.79,-0.435,1.2946,1.2002,50.27,1.3,1.7,2.3,9.0,4.3,189,1.5,0
2017-08-17,0.0,1.25,57.55,-0.434,1.2881,1.1992,51.03,1.3,1.7,2.3,9.0,4.3,189,1.5,0
2017-08-18,0.0,1.25,57.63,-0.434,1.2901,1.1982,52.72,1.3,1.7,2.3,9.0,4.3,189,1.5,0
2017-08-21,0.0,1.25,58.32,-0.43625,1.2821,1.1982,51.66,1.3,1.7,2.3,9.0,4.3,189,1.5,0
2017-08-22,0.0,1.25,57.32,-0.436,1.2911,1.1992,51.87,1.3,1.7,2.3,9.0,4.3,189,1.5,0
2017-08-23,0.0,1.25,58.83,-0.4353,1.2811,1.2007,52.57,1.3,1.7,2.3,9.0,4.3,189,1.5,0
2017-08-24,0.0,1.25,57.82,-0.435,1.2911,1.2027,52.04,1.3,1.7,2.3,9.0,4.3,189,1.5,0
2017-08-25,0.0,1.25,58.23,-0.435,1.2871,1.2022,52.41,1.3,1.7,2.3,9.0,4.3,189,1.5,0
2017-08-28,0.0,1.25,58.65,-0.436,1.2801,1.2022,51.89,1.3,1.7,2.3,9.0,4.3,189,1.5,0
2017-08-29,0.0,1.25,58.26,-0.43875,1.2676,1.1997,52.0,1.3,1.7,2.3,9.0,4.3,189,1.5,0
2017-08-30,0.0,1.25,57.43,-0.438,1.2761,1.2002,50.86,1.3,1.7,2.3,9.0,4.3,189,1.5,0
2017-08-31,0.0,1.25,57.26,-0.4395,1.2761,1.19875,52.38,1.5,1.9,2.3,9.0,4.4,147,1.6,1
2017-09-01,0.0,1.25,56.79,-0.4405,1.2851,1.2012,52.75,1.5,1.9,2.3,9.0,4.4,147,1.6,0
2017-09-04,0.0,1.25,56.95,-0.44,1.2811,1.2002,52.34,1.5,1.9,2.3,9.0,4.4,147,1.6,0
2017-09-05,0.0,1.25,57.06,-0.445,1.2601,1.1962,53.38,1.5,1.9,2.3,9.0,4.4,147,1.6,0
2017-09-06,0.0,1.25,56.68,-0.44125,1.2741,1.1962,54.2,1.5,1.9,2.3,9.0,4.4,147,1.6,0
2017-09-07,0.0,1.25,56.85,-0.4465,1.2601,1.1962,54.49,1.5,1.9,2.3,9.0,4.4,147,1.6,0
2017-09-08,0.0,1.25,57.04,-0.444,1.2621,1.1932,53.78,1.5,1.9,2.3,9.0,4.4,147,1.6,0
2017-09-11,0.0,1.25,56.95,-0.445,1.2921,1.1972,53.84,1.5,1.9,2.3,9.0,4.4,147,1.6,0
2017-09-12,0.0,1.25,57.0,-0.4419,1.2961,1.19725,54.27,1.5,1.9,2.3,9.0,4.4,147,1.6,0
2017-09-13,0.0,1.25,56.51,-0.4404,1.3091,1.1987,55.16,1.5,1.9,2.3,9.0,4.4,147,1.6,0
2017-09-14,0.0,1.25,56.75,-0.439,1.3261,1.2042,55.47,1.5,1.9,2.3,9.0,4.4,147,1.6,0
2017-09-15,0.0,1.25,56.78,-0.437,1.3381,1.2067,55.62,1.5,1.9,2.3,9.0,4.4,147,1.6,0
2017-09-18,0.0,1.25,57.38,-0.436,1.3481,1.2092,55.48,1.5,1.9,2.3,9.0,4.4,147,1.6,0
2017-09-19,0.0,1.25,58.11,-0.43675,1.3561,1.2132,55.14,1.5,1.9,2.3,9.0,4.4,147,1.6,0
2017-09-20,0.0,1.25,57.72,-0.436,1.3791,1.2142,56.29,1.5,1.9,2.3,9.0,4.4,147,1.6,0
2017-09-21,0.0,1.25,59.12,-0.435,1.3911,1.2217,56.43,1.5,1.9,2.3,9.0,4.4,147,1.6,0
2017-09-22,0.0,1.25,59.74,-0.43375,1.3851,1.2222,56.86,1.5,1.9,2.3,9.0,4.4,147,1.6,0
2017-09-25,0.0,1.25,59.58,-0.436,1.3811,1.2207,59.02,1.5,1.9,2.3,9.0,4.4,147,1.6,0
2017-09-26,0.0,1.25,59.32,-0.435,1.3921,1.2232,58.44,1.5,1.9,2.3,9.0,4.4,147,1.6,0
2017-09-27,0.0,1.25,59.12,-0.4326,1.4056,1.2272,57.9,1.5,1.9,2.3,9.0,4.4,147,1.6,0
2017-09-28,0.0,1.25,62.26,-0.434,1.3911,1.2292,57.41,1.5,1.9,2.3,9.0,4.4,147,1.6,0
2017-09-29,0.0,1.25,62.41,-0.432,1.4091,1.2332,57.54,1.5,1.9,2.3,9.0,4.4,147,1.6,0
2017-10-02,0.0,1.25,62.29,-0.433,1.4111,1.2352,56.12,1.6,2.2,3.2,8.9,4.3,89,1.8,1
2017-10-03,0.0,1.25,61.13,-0.433,1.4116,1.2367,56.0,1.6,2.2,3.2,8.9,4.3,89,1.8,0
2017-10-04,0.0,1.25,62.67,-0.43225,1.4201,1.2427,55.8,1.6,2.2,3.2,8.9,4.3,89,1.8,0
2017-10-05,0.0,1.25,62.06,-0.432,1.4341,1.2502,57.0,1.6,2.2,3.2,8.9,4.3,89,1.8,0
2017-10-06,0.0,1.25,62.2,-0.431,1.4461,1.2552,55.62,1.6,2.2,3.2,8.9,4.3,89,1.8,0
2017-10-09,0.0,1.25,62.54,-0.4338,1.4511,1.2562,55.79,1.6,2.2,3.2,8.9,4.3,89,1.8,0
2017-10-10,0.0,1.25,63.22,-0.434,1.4481,1.2572,56.61,1.6,2.2,3.2,8.9,4.3,89,1.8,0
2017-10-11,0.0,1.25,66.14,-0.43175,1.4521,1.2632,56.94,1.6,2.2,3.2,8.9,4.3,89,1.8,0
2017-10-12,0.0,1.25,63.69,-0.4335,1.4531,1.2642,56.25,1.6,2.2,3.2,8.9,4.3,89,1.8,0
2017-10-13,0.0,1.25,63.33,-0.436,1.4461,1.2632,57.17,1.6,2.2,3.2,8.9,4.3,89,1.8,0
2017-10-16,0.0,1.25,62.9,-0.4377,1.4746,1.2717,57.82,1.6,2.2,3.2,8.9,4.3,89,1.8,0
2017-10-17,0.0,1.25,62.6,-0.437,1.4816,1.2762,57.88,1.6,2.2,3.2,8.9,4.3,89,1.8,0
2017-10-18,0.0,1.25,64.02,-0.437,1.4831,1.2802,58.15,1.6,2.2,3.2,8.9,4.3,89,1.8,0
2017-10-19,0.0,1.25,63.51,-0.43725,1.4686,1.2822,57.23,1.6,2.2,3.2,8.9,4.3,89,1.8,0
2017-10-20,0.0,1.25,63.56,-0.437,1.4886,1.2902,57.75,1.6,2.2,3.2,8.9,4.3,89,1.8,0
2017-10-23,0.0,1.25,63.73,-0.438,1.4846,1.2932,57.37,1.6,2.2,3.2,8.9,4.3,89,1.8,0
2017-10-24,0.0,1.25,63.65,-0.4365,1.4951,1.2972,58.33,1.6,2.2,3.2,8.9,4.3,89,1.8,0
2017-10-25,0.0,1.25,65.1,-0.435,1.4996,1.3012,58.44,1.6,2.2,3.2,8.9,4.3,89,1.8,0
2017-10-26,0.0,1.25,63.28,-0.439,1.5101,1.3062,59.3,1.6,2.2,3.2,8.9,4.3,89,1.8,0
2017-10-27,0.0,1.25,63.31,-0.4404,1.5011,1.3087,60.44,1.6,2.2,3.2,8.9,4.3,89,1.8,0
2017-10-30,0.0,1.25,63.36,-0.44075,1.4971,1.3092,60.9,1.6,2.2,3.2,8.9,4.3,89,1.8,0
2017-10-31,0.0,1.25,63.54,-0.4403,1.5111,1.3132,61.37,1.4,2.0,3.2,8.8,4.2,141,1.7,1
2017-11-01,0.0,1.25,65.18,-0.4392,1.5191,1.3192,60.49,1.4,2.0,3.2,8.8,4.2,141,1.7,0
2017-11-02,0.0,1.25,64.22,-0.439,1.5151,1.3252,60.62,1.4,2.0,3.2,8.8,4.2,141,1.7,0
2017-11-03,0.0,1.25,63.93,-0.439,1.5231,1.3302,62.07,1.4,2.0,3.2,8.8,4.2,141,1.7,0
2017-11-06,0.0,1.25,63.94,-0.4401,1.5221,1.3332,64.27,1.4,2.0,3.2,8.8,4.2,141,1.7,0
2017-11-07,0.0,1.25,64.48,-0.44075,1.5251,1.3382,63.69,1.4,2.0,3.2,8.8,4.2,141,1.7,0
2017-11-08,0.0,1.25,66.83,-0.4407,1.5301,1.3462,63.49,1.4,2.0,3.2,8.8,4.2,141,1.7,0
2017-11-09,0.0,1.25,65.27,-0.4389,1.5296,1.3482,63.93,1.4,2.0,3.2,8.8,4.2,141,1.7,0
2017-11-10,0.0,1.25,66.15,-0.439,1.5431,1.3522,63.52,1.4,2.0,3.2,8.8,4.2,141,1.7,0
2017-11-13,0.0,1.25,66.82,-0.439,1.5536,1.3552,63.16,1.4,2.0,3.2,8.8,4.2,141,1.7,0
2017-11-14,0.0,1.25,67.01,-0.43905,1.5521,1.3547,62.21,1.4,2.0,3.2,8.8,4.2,141,1.7,0
2017-11-15,0.0,1.25,69.48,-0.4392,1.5491,1.3632,61.87,1.4,2.0,3.2,8.8,4.2,141,1.7,0
2017-11-16,0.0,1.25,67.9,-0.438,1.5691,1.3712,61.36,1.4,2.0,3.2,8.8,4.2,141,1.7,0
2017-11-17,0.0,1.25,68.04,-0.439,1.5671,1.37375,62.72,1.4,2.0,3.2,8.8,4.2,141,1.7,0
2017-11-20,0.0,1.25,68.22,-0.438,1.5851,1.3778,62.22,1.4,2.0,3.2,8.8,4.2,141,1.7,0
2017-11-21,0.0,1.25,70.14,-0.436,1.59495,1.3842,62.57,1.4,2.0,3.2,8.8,4.2,141,1.7,0
2017-11-22,0.0,1.25,69.81,-0.4369,1.58115,1.39035,63.32,1.4,2.0,3.2,8.8,4.2,141,1.7,0
2017-11-23,0.0,1.25,68.01,-0.4369,1.5841,1.3902,63.55,1.4,2.0,3.2,8.8,4.2,141,1.7,0
2017-11-24,0.0,1.25,68.71,-0.4361,1.5916,1.3932,63.86,1.4,2.0,3.2,8.8,4.2,141,1.7,0
2017-11-27,0.0,1.25,68.32,-0.4366,1.5948,1.39565,63.84,1.4,2.0,3.2,8.8,4.2,141,1.7,0
2017-11-28,0.0,1.25,68.38,-0.436,1.59825,1.3981,63.61,1.4,2.0,3.2,8.8,4.2,141,1.7,0
2017-11-29,0.0,1.25,68.05,-0.436,1.6141,1.4009,63.11,1.4,2.0,3.2,8.8,4.2,141,1.7,0
2017-11-30,0.0,1.25,68.9,-0.418,1.6301,1.41245,63.57,1.5,2.2,3.2,8.7,4.2,223,1.8,1
2017-12-01,0.0,1.25,68.37,-0.432,1.6188,1.40955,63.73,1.5,2.2,3.2,8.7,4.2,223,1.8,0
2017-12-04,0.0,1.25,69.26,-0.42815,1.6318,1.41705,62.45,1.5,2.2,3.2,8.7,4.2,223,1.8,0
2017-12-05,0.0,1.25,70.25,-0.43,1.63595,1.4222,62.86,1.5,2.2,3.2,8.7,4.2,223,1.8,0
2017-12-06,0.0,1.25,71.98,-0.43375,1.6316,1.4239,61.22,1.5,2.2,3.2,8.7,4.2,223,1.8,0
2017-12-07,0.0,1.25,74.34,-0.427,1.6365,1.4312,62.2,1.5,2.2,3.2,8.7,4.2,223,1.8,0
2017-12-08,0.0,1.25,73.16,-0.4268,1.64365,1.4344,63.4,1.5,2.2,3.2,8.7,4.2,223,1.8,0
2017-12-11,0.0,1.25,72.6,-0.4268,1.65885,1.44055,64.69,1.5,2.2,3.2,8.7,4.2,223,1.8,0
2017-12-12,0.0,1.25,74.87,-0.423,1.6621,1.4442,63.34,1.5,2.2,3.2,8.7,4.2,223,1.8,0
2017-12-13,0.0,1.5,76.45,-0.43,1.64175,1.44485,62.44,1.5,2.2,3.2,8.7,4.2,223,1.8,1
2017-12-14,0.0,1.5,80.95,-0.433,1.6631,1.4482,63.31,1.5,2.2,3.2,8.7,4.2,223,1.8,0
2017-12-15,0.0,1.5,86.83,-0.434,1.6736,1.4454,63.23,1.5,2.2,3.2,8.7,4.2,223,1.8,0
2017-12-18,0.0,1.5,83.08,-0.431,1.6721,1.4455,63.41,1.5,2.2,3.2,8.7,4.2,223,1.8,0
2017-12-19,0.0,1.5,75.76,-0.429,1.6831,1.4492,63.8,1.5,2.2,3.2,8.7,4.2,223,1.8,0
2017-12-20,0.0,1.5,75.76,-0.428,1.68095,1.4492,64.56,1.5,2.2,3.2,8.7,4.2,223,1.8,0
2017-12-21,0.0,1.5,79.41,-0.426,1.6911,1.4567,64.9,1.5,2.2,3.2,8.7,4.2,223,1.8,0
2017-12-22,0.0,1.5,81.46,-0.42275,1.7011,1.4572,65.25,1.5,2.2,3.2,8.7,4.2,223,1.8,0
2017-12-25,0.0,1.5,82.48,-0.42275,1.7011,1.4572,65.25,1.5,2.2,3.2,8.7,4.2,223,1.8,0
2017-12-26,0.0,1.5,81.38,-0.42275,1.7032,1.4602,67.02,1.5,2.2,3.2,8.7,4.2,223,1.8,0
2017-12-27,0.0,1.5,77.76,-0.423,1.70065,1.4622,66.44,1.5,2.2,3.2,8.7,4.2,223,1.8,0
2017-12-28,0.0,1.5,66.5,-0.42,1.7069,1.4692,66.72,1.5,2.2,3.2,8.7,4.2,223,1.8,0
2017-12-29,0.0,1.5,66.65,-0.4173,1.7051,1.4712,66.87,1.5,2.2,3.2,8.7,4.2,223,1.8,0
2018-01-01,0.0,1.5,66.24,-0.4173,1.7041,1.4712,66.87,1.3,2.1,4.6,8.7,4.1,151,1.8,1
2018-01-02,0.0,1.5,66.49,-0.418,1.7221,1.47735,66.57,1.3,2.1,4.6,8.7,4.1,151,1.8,0
2018-01-03,0.0,1.5,66.76,-0.42,1.736,1.4822,67.84,1.3,2.1,4.6,8.7,4.1,151,1.8,0
2018-01-04,0.0,1.5,68.68,-0.4195,1.7511,1.49445,68.07,1.3,2.1,4.6,8.7,4.1,151,1.8,0
2018-01-05,0.0,1.5,68.11,-0.4192,1.7543,1.4945,67.62,1.3,2.1,4.6,8.7,4.1,151,1.8,0
2018-01-08,0.0,1.5,68.01,-0.421,1.74875,1.49575,67.78,1.3,2.1,4.6,8.7,4.1,151,1.8,0
2018-01-09,0.0,1.5,68.09,-0.42,1.7571,1.4996,68.82,1.3,2.1,4.6,8.7,4.1,151,1.8,0
2018-01-10,0.0,1.5,68.46,-0.419,1.7581,1.5026,69.2,1.3,2.1,4.6,8.7,4.1,151,1.8,0
2018-01-11,0.0,1.5,69.58,-0.414,1.76455,1.5112,69.26,1.3,2.1,4.6,8.7,4.1,151,1.8,0
2018-01-12,0.0,1.5,69.69,-0.414,1.78545,1.51935,69.87,1.3,2.1,4.6,8.7,4.1,151,1.8,0
2018-01-15,0.0,1.5,70.46,-0.414,1.7881,1.5202,70.26,1.3,2.1,4.6,8.7,4.1,151,1.8,0
2018-01-16,0.0,1.5,70.85,-0.415,1.7931,1.52385,69.15,1.3,2.1,4.6,8.7,4.1,151,1.8,0
2018-01-17,0.0,1.5,70.87,-0.41875,1.8101,1.5252,69.38,1.3,2.1,4.6,8.7,4.1,151,1.8,0
2018-01-18,0.0,1.5,71.76,-0.421,1.7986,1.5307,69.31,1.3,2.1,4.6,8.7,4.1,151,1.8,0
2018-01-19,0.0,1.5,71.23,-0.4225,1.8127,1.5352,68.61,1.3,2.1,4.6,8.7,4.1,151,1.8,0
2018-01-22,0.0,1.5,71.96,-0.423,1.8151,1.5372,69.03,1.3,2.1,4.6,8.7,4.1,151,1.8,0
2018-01-23,0.0,1.5,71.98,-0.424,1.8064,1.5392,69.96,1.3,2.1,4.6,8.7,4.1,151,1.8,0
2018-01-24,0.0,1.5,72.24,-0.423,1.8161,1.5452,70.53,1.3,2.1,4.6,8.7,4.1,151,1.8,0
2018-01-25,0.0,1.5,73.33,-0.4241,1.82385,1.5582,70.42,1.3,2.1,4.6,8.7,4.1,151,1.8,0
2018-01-26,0.0,1.5,73.53,-0.42275,1.8381,1.56065,70.52,1.3,2.1,4.6,8.7,4.1,151,1.8,0
2018-01-29,0.0,1.5,73.45,-0.4237,1.8371,1.5602,69.46,1.3,2.1,4.6,8.7,4.1,151,1.8,0
2018-01-30,0.0,1.5,74.67,-0.42425,1.8451,1.56425,69.02,1.3,2.1,4.6,8.7,4.1,151,1.8,0
2018-01-31,0.0,1.5,74.24,-0.426,1.85595,1.5657,69.05,1.3,2.1,4.6,8.7,4.0,137,1.8,1
2018-02-01,0.0,1.5,76.92,-0.426,1.8621,1.5756,69.65,1.3,2.1,4.6,8.7,4.0,137,1.8,0
2018-02-02,0.0,1.5,75.56,-0.428,1.8581,1.5732,68.58,1.3,2.1,4.6,8.7,4.0,137,1.8,0
2018-02-05,0.0,1.5,73.8,-0.43,1.7995,1.55925,67.62,1.3,2.1,4.6,8.7,4.0,137,1.8,0
2018-02-06,0.0,1.5,74.09,-0.43,1.8451,1.5682,66.86,1.3,2.1,4.6,8.7,4.0,137,1.8,0
2018-02-07,0.0,1.5,73.85,-0.4271,1.8451,1.5762,65.51,1.3,2.1,4.6,8.7,4.0,137,1.8,0
2018-02-08,0.0,1.5,76.65,-0.429,1.8381,1.5822,64.81,1.3,2.1,4.6,8.7,4.0,137,1.8,0
2018-02-09,0.0,1.5,77.79,-0.431,1.83225,1.5872,62.79,1.3,2.1,4.6,8.7,4.0,137,1.8,0
2018-02-12,0.0,1.5,76.6,-0.4318,1.84265,1.5903,62.59,1.3,2.1,4.6,8.7,4.0,137,1.8,0
2018-02-13,0.0,1.5,76.05,-0.4324,1.8514,1.5942,62.72,1.3,2.1,4.6,8.7,4.0,137,1.8,0
2018-02-14,0.0,1.5,77.1,-0.427,1.8921,1.6072,64.36,1.3,2.1,4.6,8.7,4.0,137,1.8,0
2018-02-15,0.0,1.5,79.1,-0.429,1.90305,1.622,64.33,1.3,2.1,4.6,8.7,4.0,137,1.8,0
2018-02-16,0.0,1.5,78.79,-0.42875,1.8964,1.62465,64.84,1.3,2.1,4.6,8.7,4.0,137,1.8,0
2018-02-19,0.0,1.5,77.93,-0.429,1.9051,1.6232,65.67,1.3,2.1,4.6,8.7,4.0,137,1.8,0
2018-02-20,0.0,1.5,78.26,-0.429,1.9046,1.62905,65.25,1.3,2.1,4.6,8.7,4.0,137,1.8,0
2018-02-21,0.0,1.5,78.71,-0.42825,1.9221,1.6293,65.42,1.3,2.1,4.6,8.7,4.0,137,1.8,0
2018-02-22,0.0,1.5,81.43,-0.427,1.9261,1.6432,66.39,1.3,2.1,4.6,8.7,4.0,137,1.8,0
2018-02-23,0.0,1.5,80.9,-0.429,1.9281,1.6462,67.31,1.3,2.1,4.6,8.7,4.0,137,1.8,0
2018-02-26,0.0,1.5,82.82,-0.4282,1.92525,1.6482,67.5,1.3,2.1,4.6,8.7,4.0,137,1.8,0
2018-02-27,0.0,1.5,82.78,-0.43,1.9391,1.65095,66.63,1.3,2.1,4.6,8.7,4.0,137,1.8,0
2018-02-28,0.0,1.5,85.29,-0.43,1.95605,1.6532,65.78,1.1,2.2,4.6,8.6,4.1,394,1.8,1
2018-03-01,0.0,1.5,84.67,-0.432,1.9356,1.6532,63.83,1.1,2.2,4.6,8.6,4.1,394,1.8,0
2018-03-02,0.0,1.5,84.76,-0.432,1.94985,1.6572,64.37,1.1,2.2,4.6,8.6,4.1,394,1.8,0
2018-03-05,0.0,1.5,84.51,-0.431,1.95305,1.66735,65.54,1.1,2.2,4.6,8.6,4.1,394,1.8,0
2018-03-06,0.0,1.5,84.79,-0.4321,1.9598,1.66985,65.79,1.1,2.2,4.6,8.6,4.1,394,1.8,0
2018-03-07,0.0,1.5,87.19,-0.433,1.9631,1.6753,64.34,1.1,2.2,4.6,8.6,4.1,394,1.8,0
2018-03-08,0.0,1.5,84.71,-0.436,1.96075,1.6825,63.61,1.1,2.2,4.6,8.6,4.1,394,1.8,0
2018-03-09,0.0,1.5,84.94,-0.4347,1.9671,1.6877,65.49,1.1,2.2,4.6,8.6,4.1,394,1.8,0
2018-03-12,0.0,1.5,85.56,-0.4357,1.97395,1.69205,64.95,1.1,2.2,4.6,8.6,4.1,394,1.8,0
2018-03-13,0.0,1.5,87.04,-0.4364,1.9725,1.6981,64.64,1.1,2.2,4.6,8.6,4.1,394,1.8,0
2018-03-14,0.0,1.5,90.17,-0.4369,1.9731,1.7072,64.89,1.1,2.2,4.6,8.6,4.1,394,1.8,0
2018-03-15,0.0,1.5,88.93,-0.438,1.98065,1.72155,65.12,1.1,2.2,4.6,8.6,4.1,394,1.8,0
2018-03-16,0.0,1.5,86.61,-0.43975,1.9889,1.7292,66.21,1.1,2.2,4.6,8.6,4.1,394,1.8,0
2018-03-19,0.0,1.5,86.9,-0.4392,1.99605,1.7352,66.05,1.1,2.2,4.6,8.6,4.1,394,1.8,0
2018-03-20,0.0,1.5,86.06,-0.4385,2.0126,1.74215,67.42,1.1,2.2,4.6,8.6,4.1,394,1.8,0
2018-03-21,0.0,1.75,86.25,-0.4375,2.00405,1.7537,69.47,1.1,2.2,4.6,8.6,4.1,394,1.8,1
2018-03-22,0.0,1.75,85.2,-0.438,1.9951,1.7533,68.91,1.1,2.2,4.6,8.6,4.1,394,1.8,0
2018-03-23,0.0,1.75,85.84,-0.4391,1.9841,1.7502,70.45,1.1,2.2,4.6,8.6,4.1,394,1.8,0
2018-03-26,0.0,1.75,85.73,-0.439,2.00525,1.7561,70.12,1.1,2.2,4.6,8.6,4.1,394,1.8,0
2018-03-27,0.0,1.75,84.35,-0.439,1.9851,1.7527,70.11,1.1,2.2,4.6,8.6,4.1,394,1.8,0
2018-03-28,0.0,1.75,84.25,-0.439,1.9931,1.7542,69.53,1.1,2.2,4.6,8.6,4.1,394,1.8,0
2018-03-29,0.0,1.75,85.17,-0.439,2.0011,1.7612,70.27,1.1,2.2,4.6,8.6,4.1,394,1.8,0
2018-03-30,0.0,1.75,85.25,-0.439,2.0001,1.7632,70.27,1.1,2.2,4.6,8.6,4.1,394,1.8,0
2018-04-02,0.0,1.75,85.16,-0.439,1.9981,1.7662,67.64,1.4,2.4,3.3,8.5,4.0,226,2.0,1
2018-04-03,0.0,1.75,84.9,-0.439,2.00615,1.7687,68.12,1.4,2.4,3.3,8.5,4.0,226,2.0,0
2018-04-04,0.0,1.75,86.7,-0.438,2.01585,1.77495,68.02,1.4,2.4,3.3,8.5,4.0,226,2.0,0
2018-04-05,0.0,1.75,85.67,-0.438,2.0291,1.78395,68.33,1.4,2.4,3.3,8.5,4.0,226,2.0,0
2018-04-06,0.0,1.75,85.25,-0.439,2.00265,1.7808,67.11,1.4,2.4,3.3,8.5,4.0,226,2.0,0
2018-04-09,0.0,1.75,84.44,-0.439,2.0158,1.7861,68.65,1.4,2.4,3.3,8.5,4.0,226,2.0,0
2018-04-10,0.0,1.75,84.69,-0.437,2.0321,1.7932,71.04,1.4,2.4,3.3,8.5,4.0,226,2.0,0
2018-04-11,0.0,1.75,85.03,-0.4374,2.0336,1.79555,72.06,1.4,2.4,3.3,8.5,4.0,226,2.0,0
2018-04-12,0.0,1.75,86.03,-0.4365,2.0581,1.8052,72.02,1.4,2.4,3.3,8.5,4.0,226,2.0,0
2018-04-13,0.0,1.75,86.48,-0.4378,2.06215,1.8082,72.58,1.4,2.4,3.3,8.5,4.0,226,2.0,0
2018-04-16,0.0,1.75,86.32,-0.438,2.0731,1.81095,71.42,1.4,2.4,3.3,8.5,4.0,226,2.0,0
2018-04-17,0.0,1.75,85.56,-0.438,2.0841,1.8182,71.58,1.4,2.4,3.3,8.5,4.0,226,2.0,0
2018-04-18,0.0,1.75,85.3,-0.438,2.10305,1.8255,73.48,1.4,2.4,3.3,8.5,4.0,226,2.0,0
2018-04-19,0.0,1.75,85.68,-0.4375,2.0991,1.8312,73.78,1.4,2.4,3.3,8.5,4.0,226,2.0,0
2018-04-20,0.0,1.75,86.07,-0.437,2.1126,1.835,74.06,1.4,2.4,3.3,8.5,4.0,226,2.0,0
2018-04-23,0.0,1.75,86.3,-0.4355,2.1281,1.84395,74.71,1.4,2.4,3.3,8.5,4.0,226,2.0,0
2018-04-24,0.0,1.75,85.78,-0.4352,2.12595,1.8472,73.86,1.4,2.4,3.3,8.5,4.0,226,2.0,0
2018-04-25,0.0,1.75,85.18,-0.435,2.13515,1.855,74.0,1.4,2.4,3.3,8.5,4.0,226,2.0,0
2018-04-26,0.0,1.75,86.34,-0.435,2.1391,1.8641,74.74,1.4,2.4,3.3,8.5,4.0,226,2.0,0
2018-04-27,0.0,1.75,86.22,-0.437,2.1375,1.8672,74.64,1.4,2.4,3.3,8.5,4.0,226,2.0,0
2018-04-30,0.0,1.75,86.43,-0.43675,2.1412,1.8732,75.17,1.2,2.5,3.3,8.4,4.0,140,2.0,1
2018-05-01,0.0,1.75,85.77,-0.43675,2.1508,1.8757,73.13,1.2,2.5,3.3,8.4,4.0,140,2.0,0
2018-05-02,0.0,1.75,85.95,-0.4385,2.1492,1.8792,73.36,1.2,2.5,3.3,8.4,4.0,140,2.0,0
2018-05-03,0.0,1.75,83.44,-0.439,2.1441,1.8812,73.62,1.2,2.5,3.3,8.4,4.0,140,2.0,0
2018-05-04,0.0,1.75,83.32,-0.44,2.1581,1.88925,74.87,1.2,2.5,3.3,8.4,4.0,140,2.0,0
2018-05-07,0.0,1.75,83.13,-0.439,2.16425,1.8957,76.17,1.2,2.5,3.3,8.4,4.0,140,2.0,0
2018-05-08,0.0,1.75,82.54,-0.438,2.1701,1.8972,74.85,1.2,2.5,3.3,8.4,4.0,140,2.0,0
2018-05-09,0.0,1.75,83.67,-0.434,2.1811,1.9052,77.21,1.2,2.5,3.3,8.4,4.0,140,2.0,0
2018-05-10,0.0,1.75,82.53,-0.437,2.1881,1.9102,77.47,1.2,2.5,3.3,8.4,4.0,140,2.0,0
2018-05-11,0.0,1.75,82.15,-0.4383,2.1911,1.91175,77.12,1.2,2.5,3.3,8.4,4.0,140,2.0,0
2018-05-14,0.0,1.75,81.68,-0.43425,2.2001,1.9169,78.23,1.2,2.5,3.3,8.4,4.0,140,2.0,0
2018-05-15,0.0,1.75,82.25,-0.435,2.2111,1.9212,78.43,1.2,2.5,3.3,8.4,4.0,140,2.0,0
2018-05-16,0.0,1.75,83.87,-0.435,2.21525,1.9252,79.28,1.2,2.5,3.3,8.4,4.0,140,2.0,0
2018-05-17,0.0,1.75,81.81,-0.43475,2.2181,1.9314,79.3,1.2,2.5,3.3,8.4,4.0,140,2.0,0
2018-05-18,0.0,1.75,82.15,-0.4364,2.209,1.93185,78.51,1.2,2.5,3.3,8.4,4.0,140,2.0,0
2018-05-21,0.0,1.75,83.0,-0.44,2.2161,1.9372,79.22,1.2,2.5,3.3,8.4,4.0,140,2.0,0
2018-05-22,0.0,1.75,83.15,-0.438,2.21565,1.93725,79.57,1.2,2.5,3.3,8.4,4.0,140,2.0,0
2018-05-23,0.0,1.75,85.07,-0.4409,2.1671,1.9152,79.8,1.2,2.5,3.3,8.4,4.0,140,2.0,0
2018-05-24,0.0,1.75,83.04,-0.4421,2.1711,1.9312,78.79,1.2,2.5,3.3,8.4,4.0,140,2.0,0
2018-05-25,0.0,1.75,83.42,-0.443,2.1441,1.9252,76.44,1.2,2.5,3.3,8.4,4.0,140,2.0,0
2018-05-28,0.0,1.75,83.4,-0.442,2.1471,1.9172,75.3,1.2,2.5,3.3,8.4,4.0,140,2.0,0
2018-05-29,0.0,1.75,83.12,-0.419,2.05275,1.8992,75.39,1.2,2.5,3.3,8.4,4.0,140,2.0,0
2018-05-30,0.0,1.75,84.76,-0.44425,2.1231,1.9242,77.5,1.2,2.5,3.3,8.4,4.0,140,2.0,0
2018-05-31,0.0,1.75,82.52,-0.442,2.1362,1.9262,77.59,2.0,2.8,3.3,8.3,3.8,322,2.3,1
2018-06-01,0.0,1.75,82.4,-0.442,2.17365,1.93735,76.79,2.0,2.8,3.3,8.3,3.8,322,2.3,0
2018-06-04,0.0,1.75,82.05,-0.44,2.1941,1.9442,75.29,2.0,2.8,3.3,8.3,3.8,322,2.3,0
2018-06-05,0.0,1.75,81.66,-0.432,2.18545,1.9462,75.38,2.0,2.8,3.3,8.3,3.8,322,2.3,0
2018-06-06,0.0,1.75,84.59,-0.435,2.2051,1.9512,75.36,2.0,2.8,3.3,8.3,3.8,322,2.3,0
2018-06-07,0.0,1.75,83.46,-0.424,2.1941,1.95145,77.32,2.0,2.8,3.3,8.3,3.8,322,2.3,0
2018-06-08,0.0,1.75,83.68,-0.43575,2.1961,1.95415,76.46,2.0,2.8,3.3,8.3,3.8,322,2.3,0
2018-06-11,0.0,1.75,83.47,-0.432,2.2181,1.95975,76.46,2.0,2.8,3.3,8.3,3.8,322,2.3,0
2018-06-12,0.0,1.75,82.39,-0.432,2.22965,1.96595,75.88,2.0,2.8,3.3,8.3,3.8,322,2.3,0
2018-06-13,0.0,2.0,83.73,-0.43,2.2381,1.9592,76.74,2.0,2.8,3.3,8.3,3.8,322,2.3,1
2018-06-14,0.0,2.0,79.79,-0.439,2.24485,1.9584,75.94,2.0,2.8,3.3,8.3,3.8,322,2.3,0
2018-06-15,0.0,2.0,79.78,-0.439,2.24335,1.95735,73.44,2.0,2.8,3.3,8.3,3.8,322,2.3,0
2018-06-18,0.0,2.0,81.35,-0.436,2.2448,1.9562,75.34,2.0,2.8,3.3,8.3,3.8,322,2.3,0
2018-06-19,0.0,2.0,80.23,-0.44,2.23465,1.9582,75.08,2.0,2.8,3.3,8.3,3.8,322,2.3,0
2018-06-20,0.0,2.0,80.9,-0.439,2.26465,1.9762,74.74,2.0,2.8,3.3,8.3,3.8,322,2.3,0
2018-06-21,0.0,2.0,79.95,-0.4388,2.2591,1.9791,73.05,2.0,2.8,3.3,8.3,3.8,322,2.3,0
2018-06-22,0.0,2.0,81.05,-0.4379,2.25545,1.9785,75.55,2.0,2.8,3.3,8.3,3.8,322,2.3,0
2018-06-25,0.0,2.0,81.05,-0.4399,2.2501,1.9732,74.73,2.0,2.8,3.3,8.3,3.8,322,2.3,0
2018-06-26,0.0,2.0,80.55,-0.441,2.2491,1.97475,76.31,2.0,2.8,3.3,8.3,3.8,322,2.3,0
2018-06-27,0.0,2.0,79.2,-0.44,2.23435,1.9726,77.62,2.0,2.8,3.3,8.3,3.8,322,2.3,0
2018-06-28,0.0,2.0,80.74,-0.4406,2.2385,1.97855,77.85,2.0,2.8,3.3,8.3,3.8,322,2.3,0
2018-06-29,0.0,2.0,81.28,-0.43875,2.2502,1.9812,79.44,2.0,2.8,3.3,8.3,3.8,322,2.3,0
2018-07-02,0.0,2.0,80.46,-0.441,2.2571,1.9838,77.3,2.0,2.9,2.1,8.2,4.0,218,2.3,1
2018-07-03,0.0,2.0,79.95,-0.4405,2.2531,1.9902,77.76,2.0,2.9,2.1,8.2,4.0,218,2.3,0
2018-07-04,0.0,2.0,82.77,-0.4408,2.2611,1.9892,78.24,2.0,2.9,2.1,8.2,4.0,218,2.3,0
2018-07-05,0.0,2.0,80.62,-0.442,2.2721,1.991,77.39,2.0,2.9,2.1,8.2,4.0,218,2.3,0
2018-07-06,0.0,2.0,81.46,-0.4415,2.26775,1.9912,77.11,2.0,2.9,2.1,8.2,4.0,218,2.3,0
2018-07-09,0.0,2.0,81.9,-0.442,2.28385,1.9932,78.07,2.0,2.9,2.1,8.2,4.0,218,2.3,0
2018-07-10,0.0,2.0,80.79,-0.44175,2.287,1.9944,78.86,2.0,2.9,2.1,8.2,4.0,218,2.3,0
2018-07-11,0.0,2.0,81.56,-0.442,2.2901,2.0002,73.4,2.0,2.9,2.1,8.2,4.0,218,2.3,0
2018-07-12,0.0,2.0,79.93,-0.4424,2.2961,2.0032,74.45,2.0,2.9,2.1,8.2,4.0,218,2.3,0
2018-07-13,0.0,2.0,80.25,-0.442,2.2941,2.0059,75.33,2.0,2.9,2.1,8.2,4.0,218,2.3,0
2018-07-16,0.0,2.0,80.74,-0.4418,2.3141,2.0142,71.84,2.0,2.9,2.1,8.2,4.0,218,2.3,0
2018-07-17,0.0,2.0,80.86,-0.442,2.3251,2.02195,72.16,2.0,2.9,2.1,8.2,4.0,218,2.3,0
2018-07-18,0.0,2.0,82.35,-0.442,2.328,2.0272,72.9,2.0,2.9,2.1,8.2,4.0,218,2.3,0
2018-07-19,0.0,2.0,80.27,-0.442,2.32185,2.0297,72.58,2.0,2.9,2.1,8.2,4.0,218,2.3,0
2018-07-20,0.0,2.0,80.35,-0.442,2.32615,2.0302,73.07,2.0,2.9,2.1,8.2,4.0,218,2.3,0
2018-07-23,0.0,2.0,80.51,-0.44125,2.3436,2.0342,73.06,2.0,2.9,2.1,8.2,4.0,218,2.3,0
2018-07-24,0.0,2.0,80.61,-0.441,2.3426,2.0357,73.44,2.0,2.9,2.1,8.2,4.0,218,2.3,0
2018-07-25,0.0,2.0,82.57,-0.4405,2.3561,2.0427,73.93,2.0,2.9,2.1,8.2,4.0,218,2.3,0
2018-07-26,0.0,2.0,80.5,-0.44,2.3676,2.0472,74.54,2.0,2.9,2.1,8.2,4.0,218,2.3,0
2018-07-27,0.0,2.0,80.76,-0.4403,2.3671,2.0482,74.29,2.0,2.9,2.1,8.2,4.0,218,2.3,0
2018-07-30,0.0,2.0,81.46,-0.4385,2.3681,2.0532,74.97,2.0,2.9,2.1,8.2,4.0,218,2.3,0
2018-07-31,0.0,2.0,81.38,-0.438,2.3661,2.0542,74.25,2.2,2.9,2.1,8.1,3.8,60,2.3,1
2018-08-01,0.0,2.0,82.74,-0.4381,2.3721,2.0572,72.39,2.2,2.9,2.1,8.1,3.8,60,2.3,0
2018-08-02,0.0,2.0,80.69,-0.4382,2.3711,2.0602,73.45,2.2,2.9,2.1,8.1,3.8,60,2.3,0
2018-08-03,0.0,2.0,80.52,-0.43525,2.3631,2.0622,73.21,2.2,2.9,2.1,8.1,3.8,60,2.3,0
2018-08-06,0.0,2.0,80.35,-0.4357,2.3671,2.0632,73.75,2.2,2.9,2.1,8.1,3.8,60,2.3,0
2018-08-07,0.0,2.0,80.95,-0.436,2.3811,2.0672,74.65,2.2,2.9,2.1,8.1,3.8,60,2.3,0
2018-08-08,0.0,2.0,83.67,-0.435,2.3781,2.0732,72.28,2.2,2.9,2.1,8.1,3.8,60,2.3,0
2018-08-09,0.0,2.0,80.25,-0.435,2.3706,2.0757,72.07,2.2,2.9,2.1,8.1,3.8,60,2.3,0
2018-08-10,0.0,2.0,80.44,-0.436,2.3501,2.0742,72.81,2.2,2.9,2.1,8.1,3.8,60,2.3,0
2018-08-13,0.0,2.0,80.11,-0.43525,2.3566,2.0772,72.61,2.2,2.9,2.1,8.1,3.8,60,2.3,0
2018-08-14,0.0,2.0,79.5,-0.438,2.3751,2.0832,72.46,2.2,2.9,2.1,8.1,3.8,60,2.3,0
2018-08-15,0.0,2.0,81.1,-0.438,2.3681,2.0862,70.76,2.2,2.9,2.1,8.1,3.8,60,2.3,0
2018-08-16,0.0,2.0,79.45,-0.438,2.3751,2.0972,71.43,2.2,2.9,2.1,8.1,3.8,60,2.3,0
2018-08-17,0.0,2.0,79.89,-0.44,2.3721,2.0992,71.83,2.2,2.9,2.1,8.1,3.8,60,2.3,0
2018-08-20,0.0,2.0,80.96,-0.4384,2.3611,2.0992,72.21,2.2,2.9,2.1,8.1,3.8,60,2.3,0
2018-08-21,0.0,2.0,80.75,-0.4375,2.3661,2.1042,72.63,2.2,2.9,2.1,8.1,3.8,60,2.3,0
2018-08-22,0.0,2.0,82.79,-0.438,2.3701,2.1102,74.78,2.2,2.9,2.1,8.1,3.8,60,2.3,0
2018-08-23,0.0,2.0,80.62,-0.4375,2.3921,2.1222,74.73,2.2,2.9,2.1,8.1,3.8,60,2.3,0
2018-08-24,0.0,2.0,81.35,-0.437,2.3901,2.1242,75.82,2.2,2.9,2.1,8.1,3.8,60,2.3,0
2018-08-27,0.0,2.0,81.88,-0.4355,2.4041,2.1292,76.21,2.2,2.9,2.1,8.1,3.8,60,2.3,0
2018-08-28,0.0,2.0,81.81,-0.436,2.4201,2.1322,75.95,2.2,2.9,2.1,8.1,3.8,60,2.3,0
2018-08-29,0.0,2.0,81.19,-0.4352,2.4291,2.1342,77.14,2.2,2.9,2.1,8.1,3.8,60,2.3,0
2018-08-30,0.0,2.0,81.66,-0.435,2.4211,2.1452,77.77,2.2,2.9,2.1,8.1,3.8,60,2.3,0
2018-08-31,0.0,2.0,81.29,-0.434,2.4151,2.1452,77.42,2.1,2.7,2.1,8.0,3.8,257,2.2,1
2018-09-03,0.0,2.0,81.4,-0.43525,2.4151,2.1472,78.15,2.1,2.7,2.1,8.0,3.8,257,2.2,0
2018-09-04,0.0,2.0,81.32,-0.4365,2.4271,2.1492,78.17,2.1,2.7,2.1,8.0,3.8,257,2.2,0
2018-09-05,0.0,2.0,81.79,-0.43325,2.4331,2.1522,77.27,2.1,2.7,2.1,8.0,3.8,257,2.2,0
2018-09-06,0.0,2.0,81.38,-0.4339,2.4301,2.1602,76.5,2.1,2.7,2.1,8.0,3.8,257,2.2,0
2018-09-07,0.0,2.0,80.98,-0.433,2.4591,2.1637,76.83,2.1,2.7,2.1,8.0,3.8,257,2.2,0
2018-09-10,0.0,2.0,81.25,-0.4338,2.4621,2.1657,77.37,2.1,2.7,2.1,8.0,3.8,257,2.2,0
2018-09-11,0.0,2.0,81.26,-0.434,2.4861,2.1702,79.06,2.1,2.7,2.1,8.0,3.8,257,2.2,0
2018-09-12,0.0,2.0,81.43,-0.432,2.4881,2.1782,79.74,2.1,2.7,2.1,8.0,3.8,257,2.2,0
2018-09-13,0.0,2.0,82.25,-0.432,2.4986,2.1842,78.18,2.1,2.7,2.1,8.0,3.8,257,2.2,0
2018-09-14,0.0,2.0,82.05,-0.4323,2.5071,2.1862,78.09,2.1,2.7,2.1,8.0,3.8,257,2.2,0
2018-09-17,0.0,2.0,82.21,-0.431,2.5031,2.1897,78.05,2.1,2.7,2.1,8.0,3.8,257,2.2,0
2018-09-18,0.0,2.0,82.56,-0.42975,2.5201,2.1972,79.03,2.1,2.7,2.1,8.0,3.8,257,2.2,0
2018-09-19,0.0,2.0,82.81,-0.431,2.5231,2.2052,79.4,2.1,2.7,2.1,8.0,3.8,257,2.2,0
2018-09-20,0.0,2.0,83.62,-0.43,2.5271,2.2202,78.7,2.1,2.7,2.1,8.0,3.8,257,2.2,0
2018-09-21,0.0,2.0,86.01,-0.43,2.5211,2.2267,78.8,2.1,2.7,2.1,8.0,3.8,257,2.2,0
2018-09-24,0.0,2.0,85.07,-0.428,2.5221,2.2282,81.2,2.1,2.7,2.1,8.0,3.8,257,2.2,0
2018-09-25,0.0,2.0,84.58,-0.4271,2.5291,2.2337,81.87,2.1,2.7,2.1,8.0,3.8,257,2.2,0
2018-09-26,0.0,2.25,88.03,-0.426,2.5281,2.2472,81.34,2.1,2.7,2.1,8.0,3.8,257,2.2,1
2018-09-27,0.0,2.25,94.1,-0.424,2.5361,2.2522,81.72,2.1,2.7,2.1,8.0,3.8,257,2.2,0
2018-09-28,0.0,2.25,93.17,-0.4245,2.5321,2.2532,82.72,2.1,2.7,2.1,8.0,3.8,257,2.2,0
2018-10-01,0.0,2.25,92.72,-0.424,2.5441,2.2592,84.98,2.1,2.3,2.5,8.0,3.7,81,2.0,1
2018-10-02,0.0,2.25,92.72,-0.427,2.5456,2.2642,84.8,2.1,2.3,2.5,8.0,3.7,81,2.0,0
2018-10-03,0.0,2.25,93.71,-0.427,2.5741,2.2717,86.29,2.1,2.3,2.5,8.0,3.7,81,2.0,0
2018-10-04,0.0,2.25,92.11,-0.427,2.5831,2.2787,84.58,2.1,2.3,2.5,8.0,3.7,81,2.0,0
2018-10-05,0.0,2.25,92.0,-0.42525,2.5881,2.2802,84.16,2.1,2.3,2.5,8.0,3.7,81,2.0,0
2018-10-08,0.0,2.25,92.16,-0.4249,2.5851,2.2822,83.91,2.1,2.3,2.5,8.0,3.7,81,2.0,0
2018-10-09,0.0,2.25,92.55,-0.4249,2.5881,2.2827,85.0,2.1,2.3,2.5,8.0,3.7,81,2.0,0
2018-10-10,0.0,2.25,95.07,-0.42,2.5641,2.2817,83.09,2.1,2.3,2.5,8.0,3.7,81,2.0,0
2018-10-11,0.0,2.25,94.6,-0.4202,2.5701,2.2842,80.26,2.1,2.3,2.5,8.0,3.7,81,2.0,0
2018-10-12,0.0,2.25,95.57,-0.422,2.5771,2.2912,80.43,2.1,2.3,2.5,8.0,3.7,81,2.0,0
2018-10-15,0.0,2.25,95.92,-0.423,2.5781,2.2922,80.78,2.1,2.3,2.5,8.0,3.7,81,2.0,0
2018-10-16,0.0,2.25,95.42,-0.4255,2.5811,2.2922,81.41,2.1,2.3,2.5,8.0,3.7,81,2.0,0
2018-10-17,0.0,2.25,98.28,-0.425,2.5951,2.3042,80.05,2.1,2.3,2.5,8.0,3.7,81,2.0,0
2018-10-18,0.0,2.25,95.37,-0.4228,2.5991,2.3137,79.29,2.1,2.3,2.5,8.0,3.7,81,2.0,0
2018-10-19,0.0,2.25,95.92,-0.42875,2.6111,2.3212,79.78,2.1,2.3,2.5,8.0,3.7,81,2.0,0
2018-10-22,0.0,2.25,94.99,-0.4277,2.61505,2.3232,79.83,2.1,2.3,2.5,8.0,3.7,81,2.0,0
2018-10-23,0.0,2.25,94.81,-0.42725,2.5966,2.3192,76.44,2.1,2.3,2.5,8.0,3.7,81,2.0,0
2018-10-24,0.0,2.25,96.03,-0.42875,2.5681,2.3182,76.17,2.1,2.3,2.5,8.0,3.7,81,2.0,0
2018-10-25,0.0,2.25,95.15,-0.43,2.5891,2.3242,76.89,2.1,2.3,2.5,8.0,3.7,81,2.0,0
2018-10-26,0.0,2.25,96.35,-0.42925,2.5741,2.3197,77.62,2.1,2.3,2.5,8.0,3.7,81,2.0,0
2018-10-29,0.0,2.25,97.33,-0.4316,2.5811,2.3247,77.34,2.1,2.3,2.5,8.0,3.7,81,2.0,0
2018-10-30,0.0,2.25,97.01,-0.432,2.5971,2.3302,75.91,2.1,2.3,2.5,8.0,3.7,81,2.0,0
2018-10-31,0.0,2.25,98.24,-0.431,2.6101,2.3402,75.47,2.3,2.5,2.5,8.0,3.8,169,2.1,1
2018-11-01,0.0,2.25,96.58,-0.4312,2.5981,2.3402,72.89,2.3,2.5,2.5,8.0,3.8,169,2.1,0
2018-11-02,0.0,2.25,95.74,-0.432,2.6241,2.3482,72.83,2.3,2.5,2.5,8.0,3.8,169,2.1,0
2018-11-05,0.0,2.25,96.42,-0.43375,2.6271,2.3487,73.17,2.3,2.5,2.5,8.0,3.8,169,2.1,0
2018-11-06,0.0,2.25,97.34,-0.4331,2.6441,2.3522,72.13,2.3,2.5,2.5,8.0,3.8,169,2.1,0
2018-11-07,0.0,2.25,99.61,-0.4325,2.6611,2.3612,72.07,2.3,2.5,2.5,8.0,3.8,169,2.1,0
2018-11-08,0.0,2.25,98.04,-0.431,2.6701,2.3722,70.65,2.3,2.5,2.5,8.0,3.8,169,2.1,0
2018-11-09,0.0,2.25,98.15,-0.43125,2.65905,2.3762,70.18,2.3,2.5,2.5,8.0,3.8,169,2.1,0
2018-11-12,0.0,2.25,98.14,-0.4317,2.6581,2.3802,70.12,2.3,2.5,2.5,8.0,3.8,169,2.1,0
2018-11-13,0.0,2.25,98.6,-0.4311,2.63685,2.3722,65.47,2.3,2.5,2.5,8.0,3.8,169,2.1,0
2018-11-14,0.0,2.25,101.42,-0.4307,2.62525,2.3717,66.12,2.3,2.5,2.5,8.0,3.8,169,2.1,0
2018-11-15,0.0,2.25,97.62,-0.432,2.6201,2.3742,66.62,2.3,2.5,2.5,8.0,3.8,169,2.1,0
2018-11-16,0.0,2.25,96.89,-0.432,2.5881,2.3692,66.76,2.3,2.5,2.5,8.0,3.8,169,2.1,0
2018-11-19,0.0,2.25,95.96,-0.431,2.5843,2.373,66.79,2.3,2.5,2.5,8.0,3.8,169,2.1,0
2018-11-20,0.0,2.25,98.11,-0.432,2.5989,2.3822,62.53,2.3,2.5,2.5,8.0,3.8,169,2.1,0
2018-11-21,0.0,2.25,98.38,-0.433,2.6001,2.3892,63.48,2.3,2.5,2.5,8.0,3.8,169,2.1,0
2018-11-22,0.0,2.25,97.34,-0.431,2.6031,2.3972,62.6,2.3,2.5,2.5,8.0,3.8,169,2.1,0
2018-11-23,0.0,2.25,96.7,-0.432,2.5951,2.3952,58.8,2.3,2.5,2.5,8.0,3.8,169,2.1,0
2018-11-26,0.0,2.25,95.6,-0.432,2.6081,2.4028,60.48,2.3,2.5,2.5,8.0,3.8,169,2.1,0
2018-11-27,0.0,2.25,93.58,-0.4334,2.6141,2.4072,60.21,2.3,2.5,2.5,8.0,3.8,169,2.1,0
2018-11-28,0.0,2.25,92.1,-0.4339,2.6031,2.41045,58.76,2.3,2.5,2.5,8.0,3.8,169,2.1,0
2018-11-29,0.0,2.25,91.5,-0.435,2.6011,2.4132,59.51,2.3,2.5,2.5,8.0,3.8,169,2.1,0
2018-11-30,0.0,2.25,92.89,-0.4346,2.59225,2.4102,58.71,1.9,2.2,2.5,7.9,3.8,90,1.9,1
2018-12-03,0.0,2.25,94.29,-0.436,2.6111,2.419,61.69,1.9,2.2,2.5,7.9,3.8,90,1.9,0
2018-12-04,0.0,2.25,93.24,-0.437,2.59385,2.4137,62.08,1.9,2.2,2.5,7.9,3.8,90,1.9,0
2018-12-05,0.0,2.25,92.35,-0.4349,2.5991,2.4132,61.56,1.9,2.2,2.5,7.9,3.8,90,1.9,0
2018-12-06,0.0,2.25,93.15,-0.4321,2.5641,2.41145,60.06,1.9,2.2,2.5,7.9,3.8,90,1.9,0
2018-12-07,0.0,2.25,92.29,-0.431,2.5371,2.4102,61.67,1.9,2.2,2.5,7.9,3.8,90,1.9,0
2018-12-10,0.0,2.25,93.28,-0.4336,2.5331,2.4122,59.97,1.9,2.2,2.5,7.9,3.8,90,1.9,0
2018-12-11,0.0,2.25,91.9,-0.433,2.55755,2.4202,60.2,1.9,2.2,2.5,7.9,3.8,90,1.9,0
2018-12-12,0.0,2.25,91.25,-0.4325,2.5801,2.4267,60.15,1.9,2.2,2.5,7.9,3.8,90,1.9,0
2018-12-13,0.0,2.25,90.9,-0.4337,2.5781,2.4342,61.45,1.9,2.2,2.5,7.9,3.8,90,1.9,0
2018-12-14,0.0,2.25,90.74,-0.4331,2.5661,2.43085,60.28,1.9,2.2,2.5,7.9,3.8,90,1.9,0
2018-12-17,0.0,2.25,90.29,-0.434,2.5342,2.4187,59.61,1.9,2.2,2.5,7.9,3.8,90,1.9,0
2018-12-18,0.0,2.25,90.21,-0.436,2.5061,2.4187,56.26,1.9,2.2,2.5,7.9,3.8,90,1.9,0
2018-12-19,0.0,2.5,92.47,-0.436,2.5371,2.4517,57.24,1.9,2.2,2.5,7.9,3.8,90,1.9,1
2018-12-20,0.0,2.5,91.75,-0.436,2.5491,2.4542,54.35,1.9,2.2,2.5,7.9,3.8,90,1.9,0
2018-12-21,0.0,2.5,89.6,-0.437,2.52825,2.4472,53.82,1.9,2.2,2.5,7.9,3.8,90,1.9,0
2018-12-24,0.0,2.5,89.5,-0.437,2.4861,2.4402,50.47,1.9,2.2,2.5,7.9,3.8,90,1.9,0
2018-12-25,0.0,2.5,89.44,-0.437,2.4861,2.4402,50.47,1.9,2.2,2.5,7.9,3.8,90,1.9,0
2018-12-26,0.0,2.5,89.15,-0.437,2.50985,2.4462,54.47,1.9,2.2,2.5,7.9,3.8,90,1.9,0
2018-12-27,0.0,2.5,86.24,-0.4374,2.48385,2.445,52.16,1.9,2.2,2.5,7.9,3.8,90,1.9,0
2018-12-28,0.0,2.5,88.53,-0.436,2.4721,2.4482,52.2,1.9,2.2,2.5,7.9,3.8,90,1.9,0
2018-12-31,0.0,2.5,88.65,-0.438,2.4741,2.4472,53.8,1.5,1.9,0.6,7.8,3.9,192,1.9,1
2019-01-01,0.0,2.5,88.65,-0.438,2.4741,2.4472,53.8,1.5,1.9,0.6,7.8,3.9,192,1.9,0
2019-01-02,0.0,2.5,87.75,-0.43875,2.4621,2.4452,54.91,1.5,1.9,0.6,7.8,3.9,192,1.9,0
2019-01-03,0.0,2.5,89.4,-0.438,2.3831,2.4332,55.95,1.5,1.9,0.6,7.8,3.9,192,1.9,0
2019-01-04,0.0,2.5,88.35,-0.4369,2.4481,2.44405,57.06,1.5,1.9,0.6,7.8,3.9,192,1.9,0
2019-01-07,0.0,2.5,88.9,-0.4366,2.4711,2.44765,57.33,1.5,1.9,0.6,7.8,3.9,192,1.9,0
2019-01-08,0.0,2.5,87.96,-0.4357,2.5051,2.4532,58.72,1.5,1.9,0.6,7.8,3.9,192,1.9,0
2019-01-09,0.0,2.5,88.35,-0.437,2.48335,2.4492,61.44,1.5,1.9,0.6,7.8,3.9,192,1.9,0
2019-01-10,0.0,2.5,89.63,-0.436,2.4981,2.4532,61.68,1.5,1.9,0.6,7.8,3.9,192,1.9,0
2019-01-11,0.0,2.5,88.75,-0.4367,2.4881,2.45015,60.48,1.5,1.9,0.6,7.8,3.9,192,1.9,0
2019-01-14,0.0,2.5,89.05,-0.438,2.4821,2.4482,58.99,1.5,1.9,0.6,7.8,3.9,192,1.9,0
2019-01-15,0.0,2.5,88.79,-0.4389,2.48105,2.4472,60.64,1.5,1.9,0.6,7.8,3.9,192,1.9,0
2019-01-16,0.0,2.5,88.22,-0.437,2.47545,2.4452,61.32,1.5,1.9,0.6,7.8,3.9,192,1.9,0
2019-01-17,0.0,2.5,88.79,-0.4377,2.4883,2.44875,61.18,1.5,1.9,0.6,7.8,3.9,192,1.9,0
2019-01-18,0.0,2.5,88.61,-0.4355,2.5151,2.4512,62.7,1.5,1.9,0.6,7.8,3.9,192,1.9,0
2019-01-21,0.0,2.5,87.8,-0.4356,2.5091,2.4512,62.74,1.5,1.9,0.6,7.8,3.9,192,1.9,0
2019-01-22,0.0,2.5,88.0,-0.436,2.4931,2.4496,61.5,1.5,1.9,0.6,7.8,3.9,192,1.9,0
2019-01-23,0.0,2.5,88.03,-0.4335,2.4961,2.4542,61.14,1.5,1.9,0.6,7.8,3.9,192,1.9,0
2019-01-24,0.0,2.5,88.42,-0.4355,2.4901,2.4532,61.09,1.5,1.9,0.6,7.8,3.9,192,1.9,0
2019-01-25,0.0,2.5,88.03,-0.433,2.5101,2.4552,61.64,1.5,1.9,0.6,7.8,3.9,192,1.9,0
2019-01-28,0.0,2.5,88.3,-0.433,2.49725,2.4498,59.93,1.5,1.9,0.6,7.8,3.9,192,1.9,0
2019-01-29,0.0,2.5,87.68,-0.434,2.4971,2.4502,61.32,1.5,1.9,0.6,7.8,3.9,192,1.9,0
2019-01-30,0.0,2.5,89.06,-0.4328,2.4691,2.4482,61.65,1.5,1.9,0.6,7.8,3.9,192,1.9,0
2019-01-31,0.0,2.5,89.89,-0.437,2.43545,2.4462,61.89,1.4,1.6,0.6,7.8,4.0,251,1.4,1
2019-02-01,0.0,2.5,89.01,-0.4345,2.4511,2.4452,62.75,1.4,1.6,0.6,7.8,4.0,251,1.4,0
2019-02-04,0.0,2.5,87.79,-0.435,2.4661,2.4467,62.51,1.4,1.6,0.6,7.8,4.0,251,1.4,0
2019-02-05,0.0,2.5,87.31,-0.4326,2.4611,2.4452,61.98,1.4,1.6,0.6,7.8,4.0,251,1.4,0
2019-02-06,0.0,2.5,86.93,-0.4306,2.46425,2.4491,62.69,1.4,1.6,0.6,7.8,4.0,251,1.4,0
2019-02-07,0.0,2.5,88.5,-0.433,2.4461,2.4427,61.63,1.4,1.6,0.6,7.8,4.0,251,1.4,0
2019-02-08,0.0,2.5,87.42,-0.434,2.4391,2.4422,62.1,1.4,1.6,0.6,7.8,4.0,251,1.4,0
2019-02-11,0.0,2.5,86.15,-0.434,2.4451,2.4432,61.51,1.4,1.6,0.6,7.8,4.0,251,1.4,0
2019-02-12,0.0,2.5,86.5,-0.434,2.45365,2.44385,62.42,1.4,1.6,0.6,7.8,4.0,251,1.4,0
2019-02-13,0.0,2.5,85.85,-0.4334,2.4661,2.4452,63.61,1.4,1.6,0.6,7.8,4.0,251,1.4,0
2019-02-14,0.0,2.5,86.7,-0.4329,2.4481,2.44385,64.57,1.4,1.6,0.6,7.8,4.0,251,1.4,0
2019-02-15,0.0,2.5,86.65,-0.434,2.4551,2.4442,66.25,1.4,1.6,0.6,7.8,4.0,251,1.4,0
2019-02-18,0.0,2.5,85.72,-0.433,2.4541,2.4442,66.5,1.4,1.6,0.6,7.8,4.0,251,1.4,0
2019-02-19,0.0,2.5,85.85,-0.435,2.4461,2.4437,66.45,1.4,1.6,0.6,7.8,4.0,251,1.4,0
2019-02-20,0.0,2.5,85.24,-0.433,2.4431,2.4439,67.08,1.4,1.6,0.6,7.8,4.0,251,1.4,0
2019-02-21,0.0,2.5,87.55,-0.432,2.4551,2.4477,67.07,1.4,1.6,0.6,7.8,4.0,251,1.4,0
2019-02-22,0.0,2.5,86.58,-0.43125,2.441,2.44675,67.12,1.4,1.6,0.6,7.8,4.0,251,1.4,0
2019-02-25,0.0,2.5,86.04,-0.431,2.4411,2.44865,64.76,1.4,1.6,0.6,7.8,4.0,251,1.4,0
2019-02-26,0.0,2.5,87.8,-0.429,2.4351,2.4492,65.21,1.4,1.6,0.6,7.8,4.0,251,1.4,0
2019-02-27,0.0,2.5,89.44,-0.427,2.4391,2.4482,66.39,1.4,1.6,0.6,7.8,4.0,251,1.4,0
2019-02-28,0.0,2.5,87.85,-0.425,2.4531,2.4492,66.03,1.5,1.5,0.6,7.8,3.8,7,1.4,1
2019-03-01,0.0,2.5,87.63,-0.426,2.47035,2.4517,65.07,1.5,1.5,0.6,7.8,3.8,7,1.4,0
2019-03-04,0.0,2.5,87.21,-0.4271,2.4621,2.4512,65.67,1.5,1.5,0.6,7.8,3.8,7,1.4,0
2019-03-05,0.0,2.5,86.92,-0.42925,2.4681,2.4512,65.86,1.5,1.5,0.6,7.8,3.8,7,1.4,0
2019-03-06,0.0,2.5,88.5,-0.43275,2.4601,2.4497,65.99,1.5,1.5,0.6,7.8,3.8,7,1.4,0
2019-03-07,0.0,2.5,86.0,-0.438,2.4401,2.4457,66.3,1.5,1.5,0.6,7.8,3.8,7,1.4,0
2019-03-08,0.0,2.5,86.7,-0.4364,2.4361,2.4452,65.74,1.5,1.5,0.6,7.8,3.8,7,1.4,0
2019-03-11,0.0,2.5,86.85,-0.436,2.4391,2.4472,66.58,1.5,1.5,0.6,7.8,3.8,7,1.4,0
2019-03-12,0.0,2.5,86.86,-0.438,2.4231,2.4467,66.67,1.5,1.5,0.6,7.8,3.8,7,1.4,0
2019-03-13,0.0,2.5,89.06,-0.438,2.42685,2.4462,67.55,1.5,1.5,0.6,7.8,3.8,7,1.4,0
2019-03-14,0.0,2.5,87.12,-0.438,2.4181,2.4452,67.23,1.5,1.5,0.6,7.8,3.8,7,1.4,0
2019-03-15,0.0,2.5,87.25,-0.4375,2.40645,2.4422,67.16,1.5,1.5,0.6,7.8,3.8,7,1.4,0
2019-03-18,0.0,2.5,87.61,-0.436,2.4121,2.4442,67.54,1.5,1.5,0.6,7.8,3.8,7,1.4,0
2019-03-19,0.0,2.5,87.52,-0.43675,2.4191,2.4452,67.61,1.5,1.5,0.6,7.8,3.8,7,1.4,0
2019-03-20,0.0,2.5,90.49,-0.43725,2.39905,2.4452,68.5,1.5,1.5,0.6,7.8,3.8,7,1.4,0
2019-03-21,0.0,2.5,88.53,-0.437,2.40275,2.4517,67.86,1.5,1.5,0.6,7.8,3.8,7,1.4,0
2019-03-22,0.0,2.5,87.87,-0.43825,2.3481,2.44635,67.03,1.5,1.5,0.6,7.8,3.8,7,1.4,0
2019-03-25,0.0,2.5,88.05,-0.4388,2.2931,2.43625,67.21,1.5,1.5,0.6,7.8,3.8,7,1.4,0
2019-03-26,0.0,2.5,88.14,-0.43975,2.3171,2.4397,67.97,1.5,1.5,0.6,7.8,3.8,7,1.4,0
2019-03-27,0.0,2.5,86.06,-0.45175,2.2801,2.4307,67.83,1.5,1.5,0.6,7.8,3.8,7,1.4,0
2019-03-28,0.0,2.5,86.29,-0.4495,2.3001,2.4332,67.82,1.5,1.5,0.6,7.8,3.8,7,1.4,0
2019-03-29,0.0,2.5,86.44,-0.4525,2.3161,2.4362,68.39,1.5,1.5,0.6,7.8,3.8,7,1.4,0
2019-04-01,0.0,2.5,86.46,-0.4555,2.3491,2.4422,69.01,1.4,1.9,2.5,7.7,3.8,228,1.5,1
2019-04-02,0.0,2.5,87.27,-0.457,2.3381,2.4402,69.37,1.4,1.9,2.5,7.7,3.8,228,1.5,0
2019-04-03,0.0,2.5,86.49,-0.4571,2.3541,2.44335,69.31,1.4,1.9,2.5,7.7,3.8,228,1.5,0
2019-04-04,0.0,2.5,86.35,-0.4585,2.3591,2.4432,69.4,1.4,1.9,2.5,7.7,3.8,228,1.5,0
2019-04-05,0.0,2.5,86.6,-0.4578,2.3651,2.4442,70.34,1.4,1.9,2.5,7.7,3.8,228,1.5,0
2019-04-08,0.0,2.5,87.42,-0.459,2.3751,2.4452,71.1,1.4,1.9,2.5,7.7,3.8,228,1.5,0
2019-04-09,0.0,2.5,87.4,-0.457,2.3658,2.4432,70.61,1.4,1.9,2.5,7.7,3.8,228,1.5,0
2019-04-10,0.0,2.5,86.95,-0.462,2.3561,2.4432,71.73,1.4,1.9,2.5,7.7,3.8,228,1.5,0
2019-04-11,0.0,2.5,86.67,-0.45975,2.3736,2.4472,70.83,1.4,1.9,2.5,7.7,3.8,228,1.5,0
2019-04-12,0.0,2.5,87.2,-0.454,2.39065,2.4477,71.55,1.4,1.9,2.5,7.7,3.8,228,1.5,0
2019-04-15,0.0,2.5,87.5,-0.4548,2.3961,2.4497,71.18,1.4,1.9,2.5,7.7,3.8,228,1.5,0
2019-04-16,0.0,2.5,87.2,-0.454,2.3941,2.4497,71.72,1.4,1.9,2.5,7.7,3.8,228,1.5,0
2019-04-17,0.0,2.5,87.64,-0.454,2.3941,2.4557,71.62,1.4,1.9,2.5,7.7,3.8,228,1.5,0
2019-04-18,0.0,2.5,87.41,-0.455,2.3901,2.4572,71.97,1.4,1.9,2.5,7.7,3.8,228,1.5,0
2019-04-19,0.0,2.5,87.41,-0.455,2.3901,2.4552,71.97,1.4,1.9,2.5,7.7,3.8,228,1.5,0
2019-04-22,0.0,2.5,87.46,-0.455,2.3761,2.4556,74.04,1.4,1.9,2.5,7.7,3.8,228,1.5,0
2019-04-23,0.0,2.5,87.39,-0.453,2.3607,2.45105,74.51,1.4,1.9,2.5,7.7,3.8,228,1.5,0
2019-04-24,0.0,2.5,86.38,-0.455,2.3321,2.4422,74.57,1.4,1.9,2.5,7.7,3.8,228,1.5,0
2019-04-25,0.0,2.5,86.36,-0.452,2.3471,2.4482,74.35,1.4,1.9,2.5,7.7,3.8,228,1.5,0
2019-04-26,0.0,2.5,87.55,-0.4537,2.3163,2.4437,72.15,1.4,1.9,2.5,7.7,3.8,228,1.5,0
2019-04-29,0.0,2.5,88.0,-0.453,2.3251,2.4442,72.04,1.4,1.9,2.5,7.7,3.8,228,1.5,0
2019-04-30,0.0,2.5,90.58,-0.4522,2.3137,2.4422,72.8,1.7,2.0,2.5,7.7,3.7,296,1.6,1
2019-05-01,0.0,2.5,90.55,-0.4522,2.3381,2.4318,72.18,1.7,2.0,2.5,7.7,3.7,296,1.6,0
2019-05-02,0.0,2.5,87.81,-0.453,2.35865,2.4392,70.75,1.7,2.0,2.5,7.7,3.7,296,1.6,0
2019-05-03,0.0,2.5,88.01,-0.4549,2.3571,2.4362,70.85,1.7,2.0,2.5,7.7,3.7,296,1.6,0
2019-05-06,0.0,2.5,87.67,-0.455,2.3293,2.4272,71.24,1.7,2.0,2.5,7.7,3.7,296,1.6,0
2019-05-07,0.0,2.5,86.83,-0.456,2.3202,2.424,69.88,1.7,2.0,2.5,7.7,3.7,296,1.6,0
2019-05-08,0.0,2.5,88.21,-0.4565,2.3236,2.4225,70.37,1.7,2.0,2.5,7.7,3.7,296,1.6,0
2019-05-09,0.0,2.5,86.35,-0.4607,2.3016,2.4158,70.39,1.7,2.0,2.5,7.7,3.7,296,1.6,0
2019-05-10,0.0,2.5,86.44,-0.459,2.3014,2.4117,70.62,1.7,2.0,2.5,7.7,3.7,296,1.6,0
2019-05-13,0.0,2.5,86.62,-0.462,2.2315,2.3972,70.23,1.7,2.0,2.5,7.7,3.7,296,1.6,0
2019-05-14,0.0,2.5,86.35,-0.465,2.2445,2.3975,71.24,1.7,2.0,2.5,7.7,3.7,296,1.6,0
2019-05-15,0.0,2.5,87.92,-0.469,2.2228,2.4063,71.77,1.7,2.0,2.5,7.7,3.7,296,1.6,0
2019-05-16,0.0,2.5,85.72,-0.47,2.244,2.4055,72.62,1.7,2.0,2.5,7.7,3.7,296,1.6,0
2019-05-17,0.0,2.5,85.65,-0.473,2.2393,2.411,72.21,1.7,2.0,2.5,7.7,3.7,296,1.6,0
2019-05-20,0.0,2.5,85.68,-0.475,2.257,2.408,71.97,1.7,2.0,2.5,7.7,3.7,296,1.6,0
2019-05-21,0.0,2.5,85.85,-0.47,2.2766,2.4237,72.18,1.7,2.0,2.5,7.7,3.7,296,1.6,0
2019-05-22,0.0,2.5,87.72,-0.47,2.269,2.42,70.99,1.7,2.0,2.5,7.7,3.7,296,1.6,0
2019-05-23,0.0,2.5,86.21,-0.471,2.2106,2.4183,67.76,1.7,2.0,2.5,7.7,3.7,296,1.6,0
2019-05-24,0.0,2.5,86.5,-0.473,2.2177,2.4243,68.69,1.7,2.0,2.5,7.7,3.7,296,1.6,0
2019-05-27,0.0,2.5,86.52,-0.471,2.2181,2.4226,70.11,1.7,2.0,2.5,7.7,3.7,296,1.6,0
2019-05-28,0.0,2.5,86.35,-0.476,2.1969,2.4204,70.11,1.7,2.0,2.5,7.7,3.7,296,1.6,0
2019-05-29,0.0,2.5,84.78,-0.478,2.1928,2.4186,69.45,1.7,2.0,2.5,7.7,3.7,296,1.6,0
2019-05-30,0.0,2.5,85.61,-0.478,2.1691,2.4349,66.87,1.7,2.0,2.5,7.7,3.7,296,1.6,0
2019-05-31,0.0,2.5,85.15,-0.486,2.0702,2.4164,64.49,1.2,1.8,2.5,7.6,3.6,27,1.5,1
2019-06-03,0.0,2.5,84.65,-0.485,1.9589,2.3361,61.28,1.2,1.8,2.5,7.6,3.6,27,1.5,0
2019-06-04,0.0,2.5,84.42,-0.49,1.983,2.3513,61.97,1.2,1.8,2.5,7.6,3.6,27,1.5,0
2019-06-05,0.0,2.5,84.99,-0.5,1.9551,2.3358,60.63,1.2,1.8,2.5,7.6,3.6,27,1.5,0
2019-06-06,0.0,2.5,83.28,-0.48725,1.9625,2.3323,61.67,1.2,1.8,2.5,7.6,3.6,27,1.5,0
2019-06-07,0.0,2.5,83.54,-0.499,1.9176,2.2961,63.29,1.2,1.8,2.5,7.6,3.6,27,1.5,0
2019-06-10,0.0,2.5,83.54,-0.4967,1.9705,2.317,62.29,1.2,1.8,2.5,7.6,3.6,27,1.5,0
2019-06-11,0.0,2.5,83.6,-0.4973,1.991,2.3285,62.29,1.2,1.8,2.5,7.6,3.6,27,1.5,0
2019-06-12,0.0,2.5,84.59,-0.5035,1.9461,2.2914,59.97,1.2,1.8,2.5,7.6,3.6,27,1.5,0
2019-06-13,0.0,2.5,82.55,-0.5071,1.8855,2.2743,61.31,1.2,1.8,2.5,7.6,3.6,27,1.5,0
2019-06-14,0.0,2.5,82.32,-0.517,1.8919,2.2742,62.01,1.2,1.8,2.5,7.6,3.6,27,1.5,0
2019-06-17,0.0,2.5,82.65,-0.5135,1.9246,2.2801,60.94,1.2,1.8,2.5,7.6,3.6,27,1.5,0
2019-06-18,0.0,2.5,82.08,-0.56625,1.934,2.256,62.14,1.2,1.8,2.5,7.6,3.6,27,1.5,0
2019-06-19,0.0,2.5,83.08,-0.56,1.8096,2.2312,61.82,1.2,1.8,2.5,7.6,3.6,27,1.5,0
2019-06-20,0.0,2.5,80.85,-0.57,1.824,2.2237,64.45,1.2,1.8,2.5,7.6,3.6,27,1.5,0
2019-06-21,0.0,2.5,81.85,-0.559,1.8141,2.21,65.2,1.2,1.8,2.5,7.6,3.6,27,1.5,0
2019-06-24,0.0,2.5,81.4,-0.5661,1.78,2.1933,64.86,1.2,1.8,2.5,7.6,3.6,27,1.5,0
2019-06-25,0.0,2.5,81.79,-0.57,1.7885,2.214,65.05,1.2,1.8,2.5,7.6,3.6,27,1.5,0
2019-06-26,0.0,2.5,83.89,-0.565,1.8365,2.214,66.49,1.2,1.8,2.5,7.6,3.6,27,1.5,0
2019-06-27,0.0,2.5,81.53,-0.5691,1.818,2.184,66.55,1.2,1.8,2.5,7.6,3.6,27,1.5,0
2019-06-28,0.0,2.5,81.56,-0.573,1.816,2.1662,66.55,1.2,1.8,2.5,7.6,3.6,27,1.5,0
2019-07-01,0.0,2.5,81.81,-0.57975,1.8596,2.1928,65.06,1.3,1.6,3.4,7.5,3.6,220,1.4,1
2019-07-02,0.0,2.5,83.34,-0.59075,1.8355,2.1656,62.4,1.3,1.6,3.4,7.5,3.6,220,1.4,0
2019-07-03,0.0,2.5,82.84,-0.595,1.8245,2.1601,63.82,1.3,1.6,3.4,7.5,3.6,220,1.4,0
2019-07-04,0.0,2.5,80.93,-0.594,1.829,2.148,63.3,1.3,1.6,3.4,7.5,3.6,220,1.4,0
2019-07-05,0.0,2.5,82.19,-0.585,1.8996,2.1937,64.23,1.3,1.6,3.4,7.5,3.6,220,1.4,0
2019-07-08,0.0,2.5,82.79,-0.585,1.916,2.199,64.11,1.3,1.6,3.4,7.5,3.6,220,1.4,0
2019-07-09,0.0,2.5,81.9,-0.576,1.9427,2.2209,64.16,1.3,1.6,3.4,7.5,3.6,220,1.4,0
2019-07-10,0.0,2.5,83.59,-0.587,1.855,2.15,67.01,1.3,1.6,3.4,7.5,3.6,220,1.4,0
2019-07-11,0.0,2.5,81.59,-0.57775,1.872,2.1575,66.52,1.3,1.6,3.4,7.5,3.6,220,1.4,0
2019-07-12,0.0,2.5,81.61,-0.583,1.85,2.1437,66.72,1.3,1.6,3.4,7.5,3.6,220,1.4,0
2019-07-15,0.0,2.5,81.55,-0.594,1.829,2.128,66.48,1.3,1.6,3.4,7.5,3.6,220,1.4,0
2019-07-16,0.0,2.5,81.36,-0.6,1.8405,2.134,64.35,1.3,1.6,3.4,7.5,3.6,220,1.4,0
2019-07-17,0.0,2.5,83.1,-0.6074,1.8035,2.1258,63.66,1.3,1.6,3.4,7.5,3.6,220,1.4,0
2019-07-18,0.0,2.5,80.72,-0.6445,1.7339,2.0545,61.93,1.3,1.6,3.4,7.5,3.6,220,1.4,0
2019-07-19,0.0,2.5,81.5,-0.621,1.823,2.142,62.47,1.3,1.6,3.4,7.5,3.6,220,1.4,0
2019-07-22,0.0,2.5,81.21,-0.622,1.815,2.1375,63.26,1.3,1.6,3.4,7.5,3.6,220,1.4,0
2019-07-23,0.0,2.5,81.4,-0.6235,1.836,2.139,63.83,1.3,1.6,3.4,7.5,3.6,220,1.4,0
2019-07-24,0.0,2.5,83.65,-0.628,1.828,2.1304,63.18,1.3,1.6,3.4,7.5,3.6,220,1.4,0
2019-07-25,0.0,2.5,81.6,-0.625,1.852,2.138,63.39,1.3,1.6,3.4,7.5,3.6,220,1.4,0
2019-07-26,0.0,2.5,81.78,-0.614,1.859,2.135,63.46,1.3,1.6,3.4,7.5,3.6,220,1.4,0
2019-07-29,0.0,2.5,82.09,-0.614,1.852,2.122,63.71,1.3,1.6,3.4,7.5,3.6,220,1.4,0
2019-07-30,0.0,2.5,81.95,-0.6101,1.855,2.119,64.72,1.3,1.6,3.4,7.5,3.6,220,1.4,0
2019-07-31,0.0,2.25,83.63,-0.615,1.8883,2.1475,65.17,1.0,1.8,3.4,7.5,3.7,99,1.5,1
2019-08-01,0.0,2.25,79.46,-0.636,1.7592,2.102,60.5,1.0,1.8,3.4,7.5,3.7,99,1.5,0
2019-08-02,0.0,2.25,79.16,-0.636,1.7309,2.0707,61.89,1.0,1.8,3.4,7.5,3.7,99,1.5,0
2019-08-05,0.0,2.25,78.8,-0.648,1.58,2.0059,59.81,1.0,1.8,3.4,7.5,3.7,99,1.5,0
2019-08-06,0.0,2.25,77.67,-0.646,1.599,2.0169,58.94,1.0,1.8,3.4,7.5,3.7,99,1.5,0
2019-08-07,0.0,2.25,78.63,-0.659,1.575,1.9716,56.23,1.0,1.8,3.4,7.5,3.7,99,1.5,0
2019-08-08,0.0,2.25,77.08,-0.664,1.6014,1.9965,57.38,1.0,1.8,3.4,7.5,3.7,99,1.5,0
2019-08-09,0.0,2.25,77.66,-0.669,1.615,1.995,58.53,1.0,1.8,3.4,7.5,3.7,99,1.5,0
2019-08-12,0.0,2.25,77.97,-0.672,1.561,1.971,58.57,1.0,1.8,3.4,7.5,3.7,99,1.5,0
2019-08-13,0.0,2.25,78.91,-0.6718,1.6413,2.0055,61.3,1.0,1.8,3.4,7.5,3.7,99,1.5,0
2019-08-14,0.0,2.25,79.18,-0.675,1.5691,1.9611,59.48,1.0,1.8,3.4,7.5,3.7,99,1.5,0
2019-08-15,0.0,2.25,76.5,-0.7213,1.499,1.9166,58.23,1.0,1.8,3.4,7.5,3.7,99,1.5,0
2019-08-16,0.0,2.25,75.89,-0.719,1.5085,1.935,58.64,1.0,1.8,3.4,7.5,3.7,99,1.5,0
2019-08-19,0.0,2.25,75.4,-0.7015,1.553,1.9568,59.74,1.0,1.8,3.4,7.5,3.7,99,1.5,0
2019-08-20,0.0,2.25,75.08,-0.71,1.53,1.9568,60.03,1.0,1.8,3.4,7.5,3.7,99,1.5,0
2019-08-21,0.0,2.25,77.05,-0.682,1.568,1.9564,60.3,1.0,1.8,3.4,7.5,3.7,99,1.5,0
2019-08-22,0.0,2.25,76.3,-0.667,1.598,1.959,59.92,1.0,1.8,3.4,7.5,3.7,99,1.5,0
2019-08-23,0.0,2.25,76.51,-0.686,1.53,1.92,59.34,1.0,1.8,3.4,7.5,3.7,99,1.5,0
2019-08-26,0.0,2.25,77.64,-0.682,1.5605,1.938,58.7,1.0,1.8,3.4,7.5,3.7,99,1.5,0
2019-08-27,0.0,2.25,76.25,-0.694,1.535,1.937,59.51,1.0,1.8,3.4,7.5,3.7,99,1.5,0
2019-08-28,0.0,2.25,75.65,-0.69,1.54,1.94,60.49,1.0,1.8,3.4,7.5,3.7,99,1.5,0
2019-08-29,0.0,2.25,75.51,-0.703,1.542,1.921,61.08,1.0,1.8,3.4,7.5,3.7,99,1.5,0
2019-08-30,0.0,2.25,75.71,-0.707,1.536,1.919,60.43,1.0,1.8,3.4,7.5,3.7,99,1.5,0
2019-09-02,0.0,2.25,75.89,-0.718,1.5228,1.9069,58.66,1.0,1.7,3.4,7.4,3.6,232,1.4,1
2019-09-03,0.0,2.25,75.4,-0.715,1.464,1.877,58.26,1.0,1.7,3.4,7.4,3.6,232,1.4,0
2019-09-04,0.0,2.25,75.74,-0.711,1.4388,1.8676,60.7,1.0,1.7,3.4,7.4,3.6,232,1.4,0
2019-09-05,0.0,2.25,75.62,-0.689,1.504,1.902,60.95,1.0,1.7,3.4,7.4,3.6,232,1.4,0
2019-09-06,0.0,2.25,75.65,-0.691,1.515,1.9023,61.54,1.0,1.7,3.4,7.4,3.6,232,1.4,0
2019-09-09,0.0,2.25,76.06,-0.6907,1.551,1.899,62.59,1.0,1.7,3.4,7.4,3.6,232,1.4,0
2019-09-10,0.0,2.25,75.97,-0.685,1.6,1.9093,62.38,1.0,1.7,3.4,7.4,3.6,232,1.4,0
2019-09-11,0.0,2.25,74.71,-0.683,1.599,1.908,60.81,1.0,1.7,3.4,7.4,3.6,232,1.4,0
2019-09-12,0.0,2.25,73.81,-0.607,1.624,1.8957,60.38,1.0,1.7,3.4,7.4,3.6,232,1.4,0
2019-09-13,0.0,2.25,73.27,-0.599,1.6858,1.9249,60.22,1.0,1.7,3.4,7.4,3.6,232,1.4,0
2019-09-16,0.0,2.25,74.76,-0.6,1.656,1.935,69.02,1.0,1.7,3.4,7.4,3.6,232,1.4,0
2019-09-17,0.0,2.25,74.11,-0.607,1.648,1.969,64.55,1.0,1.7,3.4,7.4,3.6,232,1.4,0
2019-09-18,0.0,2.0,74.23,-0.60275,1.6702,1.9505,63.6,1.0,1.7,3.4,7.4,3.6,232,1.4,1
2019-09-19,0.0,2.0,73.55,-0.603,1.661,1.971,64.4,1.0,1.7,3.4,7.4,3.6,232,1.4,0
2019-09-20,0.0,2.0,70.71,-0.597,1.6249,1.8662,64.28,1.0,1.7,3.4,7.4,3.6,232,1.4,0
2019-09-23,0.0,2.0,72.85,-0.616,1.6095,1.8583,64.77,1.0,1.7,3.4,7.4,3.6,232,1.4,0
2019-09-24,0.0,2.0,74.8,-0.621,1.5493,1.8597,63.1,1.0,1.7,3.4,7.4,3.6,232,1.4,0
2019-09-25,0.0,2.0,73.0,-0.6165,1.6,1.876,62.39,1.0,1.7,3.4,7.4,3.6,232,1.4,0
2019-09-26,0.0,2.0,73.28,-0.624,1.591,1.8406,62.74,1.0,1.7,3.4,7.4,3.6,232,1.4,0
2019-09-27,0.0,2.0,80.15,-0.626,1.5747,1.8399,61.91,1.0,1.7,3.4,7.4,3.6,232,1.4,0
2019-09-30,0.0,2.0,80.14,-0.6259,1.5629,1.8301,60.78,0.8,1.7,4.8,7.4,3.5,196,1.3,1
2019-10-01,0.0,2.0,79.36,-0.63,1.5014,1.7964,58.89,0.8,1.7,4.8,7.4,3.5,196,1.3,0
2019-10-02,0.0,2.0,79.45,-0.636,1.4467,1.7611,57.69,0.8,1.7,4.8,7.4,3.5,196,1.3,0
2019-10-03,0.0,2.0,76.95,-0.643,1.3609,1.7227,57.71,0.8,1.7,4.8,7.4,3.5,196,1.3,0
2019-10-04,0.0,2.0,76.37,-0.645,1.3809,1.7173,58.37,0.8,1.7,4.8,7.4,3.5,196,1.3,0
2019-10-07,0.0,2.0,75.04,-0.643,1.415,1.70243,58.35,0.8,1.7,4.8,7.4,3.5,196,1.3,0
2019-10-08,0.0,2.0,74.55,-0.646,1.374,1.688,58.24,0.8,1.7,4.8,7.4,3.5,196,1.3,0
2019-10-09,0.0,2.0,76.15,-0.629,1.41,1.701,58.32,0.8,1.7,4.8,7.4,3.5,196,1.3,0
2019-10-10,0.0,2.0,74.99,-0.61,1.46,1.6995,59.1,0.8,1.7,4.8,7.4,3.5,196,1.3,0
2019-10-11,0.0,2.0,73.38,-0.601,1.50774,1.719,60.51,0.8,1.7,4.8,7.4,3.5,196,1.3,0
2019-10-14,0.0,2.0,72.09,-0.601,1.478,1.699,59.35,0.8,1.7,4.8,7.4,3.5,196,1.3,0
2019-10-15,0.0,2.0,72.26,-0.59,1.529,1.714,58.74,0.8,1.7,4.8,7.4,3.5,196,1.3,0
2019-10-16,0.0,2.0,74.87,-0.583,1.4896,1.6889,59.42,0.8,1.7,4.8,7.4,3.5,196,1.3,0
2019-10-17,0.0,2.0,72.67,-0.585,1.503,1.688,59.91,0.8,1.7,4.8,7.4,3.5,196,1.3,0
2019-10-18,0.0,2.0,73.17,-0.577,1.479,1.66,59.42,0.8,1.7,4.8,7.4,3.5,196,1.3,0
2019-10-21,0.0,2.0,73.33,-0.573,1.497,1.681,58.96,0.8,1.7,4.8,7.4,3.5,196,1.3,0
2019-10-22,0.0,2.0,73.54,-0.573,1.459,1.6705,59.7,0.8,1.7,4.8,7.4,3.5,196,1.3,0
2019-10-23,0.0,2.0,74.94,-0.573,1.4629,1.6536,61.17,0.8,1.7,4.8,7.4,3.5,196,1.3,0
2019-10-24,0.0,2.0,73.05,-0.571,1.46,1.673,61.67,0.8,1.7,4.8,7.4,3.5,196,1.3,0
2019-10-25,0.0,2.0,72.95,-0.567,1.482,1.648,62.02,0.8,1.7,4.8,7.4,3.5,196,1.3,0
2019-10-28,0.0,2.0,73.12,-0.565,1.4928,1.646,61.57,0.8,1.7,4.8,7.4,3.5,196,1.3,0
2019-10-29,0.0,2.0,72.4,-0.562,1.495,1.6206,61.59,0.8,1.7,4.8,7.4,3.5,196,1.3,0
2019-10-30,0.0,1.75,72.35,-0.564,1.473,1.61,60.61,0.8,1.7,4.8,7.4,3.5,196,1.3,1
2019-10-31,0.0,1.75,71.0,-0.5785,1.4165,1.5894,60.23,0.7,1.8,4.8,7.4,3.6,95,1.3,1
2019-11-01,0.0,1.75,71.02,-0.574,1.4578,1.605,61.69,0.7,1.8,4.8,7.4,3.6,95,1.3,0
2019-11-04,0.0,1.75,69.8,-0.5755,1.482,1.608,62.13,0.7,1.8,4.8,7.4,3.6,95,1.3,0
2019-11-05,0.0,1.75,68.8,-0.565,1.5,1.6096,62.96,0.7,1.8,4.8,7.4,3.6,95,1.3,0
2019-11-06,0.0,1.75,70.35,-0.567,1.491,1.606,61.74,0.7,1.8,4.8,7.4,3.6,95,1.3,0
2019-11-07,0.0,1.75,69.55,-0.553,1.515,1.6037,62.29,0.7,1.8,4.8,7.4,3.6,95,1.3,0
2019-11-08,0.0,1.75,69.38,-0.553,1.525,1.605,62.51,0.7,1.8,4.8,7.4,3.6,95,1.3,0
2019-11-11,0.0,1.75,69.49,-0.556,1.5241,1.604,62.18,0.7,1.8,4.8,7.4,3.6,95,1.3,0
2019-11-12,0.0,1.75,69.79,-0.559,1.515,1.608,62.06,0.7,1.8,4.8,7.4,3.6,95,1.3,0
2019-11-13,0.0,1.75,71.91,-0.561,1.499,1.602,62.37,0.7,1.8,4.8,7.4,3.6,95,1.3,0
2019-11-14,0.0,1.75,68.75,-0.5604,1.473,1.59,62.28,0.7,1.8,4.8,7.4,3.6,95,1.3,0
2019-11-15,0.0,1.75,68.44,-0.559,1.486,1.594,63.3,0.7,1.8,4.8,7.4,3.6,95,1.3,0
2019-11-18,0.0,1.75,68.57,-0.555,1.474,1.5885,62.44,0.7,1.8,4.8,7.4,3.6,95,1.3,0
2019-11-19,0.0,1.75,68.76,-0.5569,1.467,1.597,60.91,0.7,1.8,4.8,7.4,3.6,95,1.3,0
2019-11-20,0.0,1.75,70.64,-0.565,1.4611,1.6073,62.4,0.7,1.8,4.8,7.4,3.6,95,1.3,0
2019-11-21,0.0,1.75,68.95,-0.558,1.48,1.6245,63.97,0.7,1.8,4.8,7.4,3.6,95,1.3,0
2019-11-22,0.0,1.75,68.87,-0.5641,1.49,1.618,63.39,0.7,1.8,4.8,7.4,3.6,95,1.3,0
2019-11-25,0.0,1.75,69.33,-0.563,1.502,1.62,63.65,0.7,1.8,4.8,7.4,3.6,95,1.3,0
2019-11-26,0.0,1.75,68.25,-0.56,1.4954,1.6195,64.27,0.7,1.8,4.8,7.4,3.6,95,1.3,0
2019-11-27,0.0,1.75,68.4,-0.5595,1.515,1.6209,64.06,0.7,1.8,4.8,7.4,3.6,95,1.3,0
2019-11-28,0.0,1.75,68.62,-0.5584,1.511,1.6209,63.87,0.7,1.8,4.8,7.4,3.6,95,1.3,0
2019-11-29,0.0,1.75,69.2,-0.556,1.509,1.621,62.43,0.7,1.8,4.8,7.4,3.6,95,1.3,0
2019-12-02,0.0,1.75,69.55,-0.553,1.507,1.6135,60.92,1.0,2.1,4.8,7.4,3.6,207,1.4,1
2019-12-03,0.0,1.75,68.62,-0.5575,1.46,1.603,60.82,1.0,2.1,4.8,7.4,3.6,207,1.4,0
2019-12-04,0.0,1.75,67.27,-0.557,1.472,1.6,63.0,1.0,2.1,4.8,7.4,3.6,207,1.4,0
2019-12-05,0.0,1.75,67.29,-0.554,1.482,1.593,63.39,1.0,2.1,4.8,7.4,3.6,207,1.4,0
2019-12-06,0.0,1.75,67.61,-0.555,1.5,1.6005,64.39,1.0,2.1,4.8,7.4,3.6,207,1.4,0
2019-12-09,0.0,1.75,68.38,-0.558,1.4955,1.6022,64.25,1.0,2.1,4.8,7.4,3.6,207,1.4,0
2019-12-10,0.0,1.75,69.49,-0.5575,1.508,1.6025,64.34,1.0,2.1,4.8,7.4,3.6,207,1.4,0
2019-12-11,0.0,1.75,70.29,-0.557,1.498,1.606,63.72,1.0,2.1,4.8,7.4,3.6,207,1.4,0
2019-12-12,0.0,1.75,69.02,-0.553,1.526,1.598,64.2,1.0,2.1,4.8,7.4,3.6,207,1.4,0
2019-12-13,0.0,1.75,68.61,-0.548,1.5053,1.5935,65.22,1.0,2.1,4.8,7.4,3.6,207,1.4,0
2019-12-16,0.0,1.75,69.49,-0.548,1.523,1.593,65.34,1.0,2.1,4.8,7.4,3.6,207,1.4,0
2019-12-17,0.0,1.75,69.8,-0.547,1.523,1.595,66.1,1.0,2.1,4.8,7.4,3.6,207,1.4,0
2019-12-18,0.0,1.75,69.39,-0.5427,1.52,1.5925,66.17,1.0,2.1,4.8,7.4,3.6,207,1.4,0
2019-12-19,0.0,1.75,68.2,-0.5415,1.5205,1.58,66.54,1.0,2.1,4.8,7.4,3.6,207,1.4,0
2019-12-20,0.0,1.75,68.65,-0.539,1.523,1.587,66.14,1.0,2.1,4.8,7.4,3.6,207,1.4,0
2019-12-23,0.0,1.75,69.43,-0.5385,1.535,1.589,66.39,1.0,2.1,4.8,7.4,3.6,207,1.4,0
2019-12-24,0.0,1.75,70.06,-0.534,1.529,1.586,67.2,1.0,2.1,4.8,7.4,3.6,207,1.4,0
2019-12-25,0.0,1.75,70.33,-0.534,1.529,1.586,67.2,1.0,2.1,4.8,7.4,3.6,207,1.4,0
2019-12-26,0.0,1.75,70.15,-0.534,1.525,1.584,67.92,1.0,2.1,4.8,7.4,3.6,207,1.4,0
2019-12-27,0.0,1.75,66.25,-0.5355,1.5139,1.5756,68.16,1.0,2.1,4.8,7.4,3.6,207,1.4,0
2019-12-30,0.0,1.75,63.85,-0.5315,1.525,1.5685,68.44,1.0,2.1,4.8,7.4,3.6,207,1.4,0
2019-12-31,0.0,1.75,63.95,-0.5295,1.53,1.566,66.0,1.3,2.3,2.8,7.4,3.6,127,1.6,1
2020-01-01,0.0,1.75,66.13,-0.5295,1.53,1.565,66.0,1.3,2.3,2.8,7.4,3.6,127,1.6,0
2020-01-02,0.0,1.75,63.25,-0.5335,1.523,1.564,66.25,1.3,2.3,2.8,7.4,3.6,127,1.6,0
2020-01-03,0.0,1.75,63.38,-0.541,1.502,1.573,68.6,1.3,2.3,2.8,7.4,3.6,127,1.6,0
2020-01-06,0.0,1.75,63.91,-0.5435,1.508,1.582,68.91,1.3,2.3,2.8,7.4,3.6,127,1.6,0
2020-01-07,0.0,1.75,63.58,-0.545,1.49698,1.584,68.27,1.3,2.3,2.8,7.4,3.6,127,1.6,0
2020-01-08,0.0,1.75,66.16,-0.543,1.523,1.585,65.44,1.3,2.3,2.8,7.4,3.6,127,1.6,0
2020-01-09,0.0,1.75,64.49,-0.5375,1.518,1.5837,65.37,1.3,2.3,2.8,7.4,3.6,127,1.6,0
2020-01-10,0.0,1.75,63.58,-0.529,1.515,1.585,64.98,1.3,2.3,2.8,7.4,3.6,127,1.6,0
2020-01-13,0.0,1.75,63.6,-0.535,1.5218,1.5911,64.2,1.3,2.3,2.8,7.4,3.6,127,1.6,0
2020-01-14,0.0,1.75,63.33,-0.5335,1.5175,1.5858,64.49,1.3,2.3,2.8,7.4,3.6,127,1.6,0
2020-01-15,0.0,1.75,63.2,-0.535,1.5146,1.5873,64.0,1.3,2.3,2.8,7.4,3.6,127,1.6,0
2020-01-16,0.0,1.75,63.38,-0.536,1.5135,1.5859,64.62,1.3,2.3,2.8,7.4,3.6,127,1.6,0
2020-01-17,0.0,1.75,62.79,-0.532,1.5122,1.5855,64.85,1.3,2.3,2.8,7.4,3.6,127,1.6,0
2020-01-20,0.0,1.75,62.93,-0.535,1.5116,1.5889,65.2,1.3,2.3,2.8,7.4,3.6,127,1.6,0
2020-01-21,0.0,1.75,62.56,-0.5335,1.495,1.5798,64.59,1.3,2.3,2.8,7.4,3.6,127,1.6,0
2020-01-22,0.0,1.75,62.75,-0.5323,1.495,1.583,63.21,1.3,2.3,2.8,7.4,3.6,127,1.6,0
2020-01-23,0.0,1.75,62.26,-0.536,1.4798,1.585,62.04,1.3,2.3,2.8,7.4,3.6,127,1.6,0
2020-01-24,0.0,1.75,62.16,-0.539,1.476,1.584,60.69,1.3,2.3,2.8,7.4,3.6,127,1.6,0
2020-01-27,0.0,1.75,62.18,-0.5515,1.4335,1.5729,59.32,1.3,2.3,2.8,7.4,3.6,127,1.6,0
2020-01-28,0.0,1.75,62.24,-0.5538,1.459,1.5815,59.51,1.3,2.3,2.8,7.4,3.6,127,1.6,0
2020-01-29,0.0,1.75,61.41,-0.558,1.435,1.582,59.81,1.3,2.3,2.8,7.4,3.6,127,1.6,0
2020-01-30,0.0,1.75,61.7,-0.568,1.4275,1.5801,58.29,1.3,2.3,2.8,7.4,3.6,127,1.6,0
2020-01-31,0.0,1.75,60.97,-0.572,1.3435,1.5526,58.16,1.4,2.5,2.8,7.4,3.6,237,1.8,1
2020-02-03,0.0,1.75,61.11,-0.573,1.3875,1.572,54.45,1.4,2.5,2.8,7.4,3.6,237,1.8,0
2020-02-04,0.0,1.75,60.87,-0.565,1.432,1.58,53.96,1.4,2.5,2.8,7.4,3.6,237,1.8,0
2020-02-05,0.0,1.75,60.15,-0.56,1.455,1.5791,55.28,1.4,2.5,2.8,7.4,3.6,237,1.8,0
2020-02-06,0.0,1.75,60.45,-0.5605,1.453,1.609,54.93,1.4,2.5,2.8,7.4,3.6,237,1.8,0
2020-02-07,0.0,1.75,59.83,-0.564,1.422,1.5666,54.47,1.4,2.5,2.8,7.4,3.6,237,1.8,0
2020-02-10,0.0,1.75,59.64,-0.5655,1.4095,1.5569,53.27,1.4,2.5,2.8,7.4,3.6,237,1.8,0
2020-02-11,0.0,1.75,59.68,-0.573,1.421,1.5649,54.01,1.4,2.5,2.8,7.4,3.6,237,1.8,0
2020-02-12,0.0,1.75,59.53,-0.5691,1.4349,1.5644,55.79,1.4,2.5,2.8,7.4,3.6,237,1.8,0
2020-02-13,0.0,1.75,59.2,-0.575,1.4209,1.5601,56.34,1.4,2.5,2.8,7.4,3.6,237,1.8,0
2020-02-14,0.0,1.75,59.28,-0.576,1.403,1.553,57.32,1.4,2.5,2.8,7.4,3.6,237,1.8,0
2020-02-17,0.0,1.75,59.41,-0.5761,1.4029,1.553,57.67,1.4,2.5,2.8,7.4,3.6,237,1.8,0
2020-02-18,0.0,1.75,59.56,-0.576,1.3861,1.5517,57.75,1.4,2.5,2.8,7.4,3.6,237,1.8,0
2020-02-19,0.0,1.75,59.3,-0.573,1.4062,1.5644,59.12,1.4,2.5,2.8,7.4,3.6,237,1.8,0
2020-02-20,0.0,1.75,60.31,-0.5725,1.379,1.5569,59.31,1.4,2.5,2.8,7.4,3.6,237,1.8,0
2020-02-21,0.0,1.75,59.75,-0.5705,1.343,1.5534,58.5,1.4,2.5,2.8,7.4,3.6,237,1.8,0
2020-02-24,0.0,1.75,58.94,-0.585,1.26,1.522,56.3,1.4,2.5,2.8,7.4,3.6,237,1.8,0
2020-02-25,0.0,1.75,58.64,-0.603,1.2445,1.5109,54.95,1.4,2.5,2.8,7.4,3.6,237,1.8,0
2020-02-26,0.0,1.75,58.73,-0.608,1.1893,1.4778,53.43,1.4,2.5,2.8,7.4,3.6,237,1.8,0
2020-02-27,0.0,1.75,58.1,-0.611,1.044,1.36,52.18,1.4,2.5,2.8,7.4,3.6,237,1.8,0
2020-02-28,0.0,1.75,57.97,-0.642,0.91,1.236,50.52,1.4,2.5,2.8,7.4,3.6,237,1.8,0
2020-03-02,0.0,1.75,55.85,-0.688,0.8482,1.1164,51.9,1.2,2.3,2.8,7.3,3.5,262,1.7,1
2020-03-03,0.0,1.25,47.06,-0.696,0.5858,0.825,51.86,1.2,2.3,2.8,7.3,3.5,262,1.7,1
2020-03-04,0.0,1.25,47.83,-0.699,0.5841,0.8197,51.13,1.2,2.3,2.8,7.3,3.5,262,1.7,0
2020-03-05,0.0,1.25,46.06,-0.669,0.4481,0.6638,49.99,1.2,2.3,2.8,7.3,3.5,262,1.7,0
2020-03-06,0.0,1.25,43.11,-0.698,0.3615,0.546,45.27,1.2,2.3,2.8,7.3,3.5,262,1.7,0
2020-03-09,0.0,1.25,43.92,-0.757,0.1955,0.33,34.36,1.2,2.3,2.8,7.3,3.5,262,1.7,0
2020-03-10,0.0,1.25,42.01,-0.716,0.316,0.459,37.22,1.2,2.3,2.8,7.3,3.5,262,1.7,0
2020-03-11,0.0,1.25,41.55,-0.753,0.1985,0.2829,35.79,1.2,2.3,2.8,7.3,3.5,262,1.7,0
2020-03-12,0.0,1.25,40.81,-0.677,0.131,0.186,33.22,1.2,2.3,2.8,7.3,3.5,262,1.7,0
2020-03-13,0.0,1.25,50.8,-0.647,0.147,0.176,33.85,1.2,2.3,2.8,7.3,3.5,262,1.7,0
2020-03-16,0.0,0.25,60.38,-0.668,0.1206,0.1321,30.05,1.2,2.3,2.8,7.3,3.5,262,1.7,1
2020-03-17,0.0,0.25,51.6,-0.658,0.1486,0.1355,28.73,1.2,2.3,2.8,7.3,3.5,262,1.7,0
2020-03-18,0.0,0.25,55.55,-0.623,0.14,0.1338,24.88,1.2,2.3,2.8,7.3,3.5,262,1.7,0
2020-03-19,0.0,0.25,54.28,-0.6035,0.115,0.1118,28.47,1.2,2.3,2.8,7.3,3.5,262,1.7,0
2020-03-20,0.0,0.25,42.0,-0.6245,0.0894,0.1006,26.98,1.2,2.3,2.8,7.3,3.5,262,1.7,0
2020-03-23,0.0,0.25,46.7,-0.627,0.0785,0.0653,27.03,1.2,2.3,2.8,7.3,3.5,262,1.7,0
2020-03-24,0.0,0.25,44.5,-0.6,0.089,0.0664,27.15,1.2,2.3,2.8,7.3,3.5,262,1.7,0
2020-03-25,0.0,0.25,44.14,-0.584,0.07,0.0551,27.39,1.2,2.3,2.8,7.3,3.5,262,1.7,0
2020-03-26,0.0,0.25,41.64,-0.601,0.0593,0.0501,26.34,1.2,2.3,2.8,7.3,3.5,262,1.7,0
2020-03-27,0.0,0.25,44.13,-0.608,0.054,0.0536,24.93,1.2,2.3,2.8,7.3,3.5,262,1.7,0
2020-03-30,0.0,0.25,41.77,-0.607,0.0674,0.0576,22.76,1.2,2.3,2.8,7.3,3.5,262,1.7,0
2020-03-31,0.0,0.25,38.5,-0.59,0.07,0.0583,22.74,0.7,1.5,-5.2,7.2,4.4,-1398,1.2,1
2020-04-01,0.0,0.25,34.17,-0.575,0.0633,0.0606,24.74,0.7,1.5,-5.2,7.2,4.4,-1398,1.2,0
2020-04-02,0.0,0.25,29.35,-0.574,0.0694,0.0662,29.94,0.7,1.5,-5.2,7.2,4.4,-1398,1.2,0
2020-04-03,0.0,0.25,28.9,-0.572,0.068,0.0598,34.11,0.7,1.5,-5.2,7.2,4.4,-1398,1.2,0
2020-04-06,0.0,0.25,30.7,-0.571,0.0712,0.0682,33.05,0.7,1.5,-5.2,7.2,4.4,-1398,1.2,0
2020-04-07,0.0,0.25,31.49,-0.546,0.0733,0.0656,31.87,0.7,1.5,-5.2,7.2,4.4,-1398,1.2,0
2020-04-08,0.0,0.25,30.76,-0.564,0.0702,0.0646,32.84,0.7,1.5,-5.2,7.2,4.4,-1398,1.2,0
2020-04-09,0.0,0.25,29.16,-0.576,0.0667,0.0701,31.48,0.7,1.5,-5.2,7.2,4.4,-1398,1.2,0
2020-04-10,0.0,0.25,29.23,-0.576,0.0582,0.05,31.48,0.7,1.5,-5.2,7.2,4.4,-1398,1.2,0
2020-04-13,0.0,0.25,29.35,-0.568,0.0741,0.0762,31.74,0.7,1.5,-5.2,7.2,4.4,-1398,1.2,0
2020-04-14,0.0,0.25,26.55,-0.583,0.084,0.07825,29.6,0.7,1.5,-5.2,7.2,4.4,-1398,1.2,0
2020-04-15,0.0,0.25,25.22,-0.573,0.0737,0.0733,27.69,0.7,1.5,-5.2,7.2,4.4,-1398,1.2,0
2020-04-16,0.0,0.25,25.52,-0.581,0.0763,0.073,27.82,0.7,1.5,-5.2,7.2,4.4,-1398,1.2,0
2020-04-17,0.0,0.25,24.8,-0.57345,0.0661,0.063,28.08,0.7,1.5,-5.2,7.2,4.4,-1398,1.2,0
2020-04-20,0.0,0.25,24.4,-0.561,0.0646,0.0562,25.57,0.7,1.5,-5.2,7.2,4.4,-1398,1.2,0
2020-04-21,0.0,0.25,24.37,-0.564,0.06,0.0507,19.33,0.7,1.5,-5.2,7.2,4.4,-1398,1.2,0
2020-04-22,0.0,0.25,23.25,-0.543,0.064,0.0537,20.37,0.7,1.5,-5.2,7.2,4.4,-1398,1.2,0
2020-04-23,0.0,0.25,23.03,-0.569,0.0604,0.058,21.33,0.7,1.5,-5.2,7.2,4.4,-1398,1.2,0
2020-04-24,0.0,0.25,23.85,-0.596,0.0584,0.0523,21.44,0.7,1.5,-5.2,7.2,4.4,-1398,1.2,0
2020-04-27,0.0,0.25,23.06,-0.588,0.0561,0.0534,19.99,0.7,1.5,-5.2,7.2,4.4,-1398,1.2,0
2020-04-28,0.0,0.25,22.48,-0.604,0.0557,0.047,20.46,0.7,1.5,-5.2,7.2,4.4,-1398,1.2,0
2020-04-29,0.0,0.25,21.25,-0.591,0.0434,0.031,22.54,0.7,1.5,-5.2,7.2,4.4,-1398,1.2,0
2020-04-30,0.0,0.25,21.0,-0.607,0.0407,0.0282,25.27,0.3,0.3,-5.2,7.4,14.8,-20469,0.5,1
2020-05-01,0.0,0.25,21.1,-0.606,0.036,0.0321,26.44,0.3,0.3,-5.2,7.4,14.8,-20469,0.5,0
2020-05-04,0.0,0.25,20.81,-0.602,0.036,0.0346,27.2,0.3,0.3,-5.2,7.4,14.8,-20469,0.5,0
2020-05-05,0.0,0.25,21.01,-0.602,0.0422,0.0485,30.97,0.3,0.3,-5.2,7.4,14.8,-20469,0.5,0
2020-05-06,0.0,0.25,21.55,-0.592,0.0349,0.0492,29.72,0.3,0.3,-5.2,7.4,14.8,-20469,0.5,0
2020-05-07,0.0,0.25,20.83,-0.6,0.0162,0.0573,29.46,0.3,0.3,-5.2,7.4,14.8,-20469,0.5,0
2020-05-08,0.0,0.25,20.65,-0.5929,0.0313,0.0573,30.97,0.3,0.3,-5.2,7.4,14.8,-20469,0.5,0
2020-05-11,0.0,0.25,20.54,-0.587,0.0397,0.0619,29.63,0.3,0.3,-5.2,7.4,14.8,-20469,0.5,0
2020-05-12,0.0,0.25,20.52,-0.58,0.0425,0.0685,29.98,0.3,0.3,-5.2,7.4,14.8,-20469,0.5,0
2020-05-13,0.0,0.25,21.1,-0.5886,0.0403,0.0607,29.19,0.3,0.3,-5.2,7.4,14.8,-20469,0.5,0
2020-05-14,0.0,0.25,20.83,-0.587,0.0388,0.062,31.13,0.3,0.3,-5.2,7.4,14.8,-20469,0.5,0
2020-05-15,0.0,0.25,20.54,-0.589,0.0385,0.0597,32.5,0.3,0.3,-5.2,7.4,14.8,-20469,0.5,0
2020-05-18,0.0,0.25,20.82,-0.581,0.0504,0.0677,34.81,0.3,0.3,-5.2,7.4,14.8,-20469,0.5,0
2020-05-19,0.0,0.25,20.68,-0.579,0.0516,0.0645,34.65,0.3,0.3,-5.2,7.4,14.8,-20469,0.5,0
2020-05-20,0.0,0.25,20.7,-0.582,0.0478,0.0548,35.75,0.3,0.3,-5.2,7.4,14.8,-20469,0.5,0
2020-05-21,0.0,0.25,20.54,-0.5835,0.0411,0.0505,36.06,0.3,0.3,-5.2,7.4,14.8,-20469,0.5,0
2020-05-22,0.0,0.25,20.4,-0.58,0.0454,0.0633,35.13,0.3,0.3,-5.2,7.4,14.8,-20469,0.5,0
2020-05-25,0.0,0.25,20.5,-0.58205,0.0425,0.0628,35.53,0.3,0.3,-5.2,7.4,14.8,-20469,0.5,0
2020-05-26,0.0,0.25,20.7,-0.575,0.0552,0.0738,36.17,0.3,0.3,-5.2,7.4,14.8,-20469,0.5,0
2020-05-27,0.0,0.25,21.48,-0.58,0.0551,0.0682,34.74,0.3,0.3,-5.2,7.4,14.8,-20469,0.5,0
2020-05-28,0.0,0.25,21.35,-0.577,0.0562,0.0729,35.29,0.3,0.3,-5.2,7.4,14.8,-20469,0.5,0
2020-05-29,0.0,0.25,21.53,-0.578,0.0492,0.0691,35.33,0.3,0.3,-5.2,7.4,14.8,-20469,0.5,0
2020-06-01,0.0,0.25,21.87,-0.5785,0.05025,0.0708,38.32,0.1,0.1,-5.2,7.6,13.2,2614,0.5,1
2020-06-02,0.0,0.25,22.55,-0.578,0.05275,0.0742,39.57,0.1,0.1,-5.2,7.6,13.2,2614,0.5,0
2020-06-03,0.0,0.25,23.78,-0.574,0.0619,0.0777,39.79,0.1,0.1,-5.2,7.6,13.2,2614,0.5,0
2020-06-04,0.0,0.25,22.91,-0.568,0.066,0.0772,39.99,0.1,0.1,-5.2,7.6,13.2,2614,0.5,0
2020-06-05,0.0,0.25,23.3,-0.564,0.0687,0.0748,42.3,0.1,0.1,-5.2,7.6,13.2,2614,0.5,0
2020-06-08,0.0,0.25,23.66,-0.567,0.0756,0.0842,40.8,0.1,0.1,-5.2,7.6,13.2,2614,0.5,0
2020-06-09,0.0,0.25,23.9,-0.5702,0.0683,0.0826,41.18,0.1,0.1,-5.2,7.6,13.2,2614,0.5,0
2020-06-10,0.0,0.25,24.18,-0.573,0.0565,0.07325,41.73,0.1,0.1,-5.2,7.6,13.2,2614,0.5,0
2020-06-11,0.0,0.25,23.81,-0.5787,0.0773,0.1054,38.55,0.1,0.1,-5.2,7.6,13.2,2614,0.5,0
2020-06-12,0.0,0.25,24.26,-0.59,0.0749,0.0969,38.73,0.1,0.1,-5.2,7.6,13.2,2614,0.5,0
2020-06-15,0.0,0.25,24.33,-0.58925,0.0782,0.1023,39.72,0.1,0.1,-5.2,7.6,13.2,2614,0.5,0
2020-06-16,0.0,0.25,23.61,-0.593,0.0799,0.1004,40.96,0.1,0.1,-5.2,7.6,13.2,2614,0.5,0
2020-06-17,0.0,0.25,23.73,-0.5975,0.068,0.0874,40.71,0.1,0.1,-5.2,7.6,13.2,2614,0.5,0
2020-06-18,0.0,0.25,23.3,-0.594,0.064,0.0795,41.51,0.1,0.1,-5.2,7.6,13.2,2614,0.5,0
2020-06-19,0.0,0.25,23.55,-0.592,0.0593,0.0803,42.19,0.1,0.1,-5.2,7.6,13.2,2614,0.5,0
2020-06-22,0.0,0.25,23.9,-0.601,0.053,0.078,43.08,0.1,0.1,-5.2,7.6,13.2,2614,0.5,0
2020-06-23,0.0,0.25,23.69,-0.584,0.0556,0.0759,42.63,0.1,0.1,-5.2,7.6,13.2,2614,0.5,0
2020-06-24,0.0,0.25,23.66,-0.588,0.0511,0.0711,40.31,0.1,0.1,-5.2,7.6,13.2,2614,0.5,0
2020-06-25,0.0,0.25,23.19,-0.5915,0.0504,0.0708,41.05,0.1,0.1,-5.2,7.6,13.2,2614,0.5,0
2020-06-26,0.0,0.25,22.88,-0.599,0.0413,0.0697,41.02,0.1,0.1,-5.2,7.6,13.2,2614,0.5,0
2020-06-29,0.0,0.25,22.75,-0.586,0.034,0.0664,41.71,0.1,0.1,-5.2,7.6,13.2,2614,0.5,0
2020-06-30,0.0,0.25,22.94,-0.5905,0.0317,0.0647,41.15,0.3,0.6,-28.0,8.1,11.0,4631,0.8,1
2020-07-01,0.0,0.25,23.45,-0.585,0.0393,0.071,42.03,0.3,0.6,-28.0,8.1,11.0,4631,0.8,0
2020-07-02,0.0,0.25,22.99,-0.5895,0.043,0.0769,43.14,0.3,0.6,-28.0,8.1,11.0,4631,0.8,0
2020-07-03,0.0,0.25,23.23,-0.59175,0.042,0.082,42.8,0.3,0.6,-28.0,8.1,11.0,4631,0.8,0
2020-07-06,0.0,0.25,23.27,-0.583,0.0473,0.0864,43.1,0.3,0.6,-28.0,8.1,11.0,4631,0.8,0
2020-07-07,0.0,0.25,23.34,-0.5844,0.0464,0.0848,43.08,0.3,0.6,-28.0,8.1,11.0,4631,0.8,0
2020-07-08,0.0,0.25,23.79,-0.582,0.0428,0.0806,43.29,0.3,0.6,-28.0,8.1,11.0,4631,0.8,0
2020-07-09,0.0,0.25,22.87,-0.5816,0.0434,0.0815,42.35,0.3,0.6,-28.0,8.1,11.0,4631,0.8,0
2020-07-10,0.0,0.25,23.4,-0.58725,0.0443,0.0838,43.24,0.3,0.6,-28.0,8.1,11.0,4631,0.8,0
2020-07-13,0.0,0.25,24.05,-0.578,0.0453,0.0832,42.72,0.3,0.6,-28.0,8.1,11.0,4631,0.8,0
2020-07-14,0.0,0.25,23.05,-0.572,0.0487,0.0829,42.9,0.3,0.6,-28.0,8.1,11.0,4631,0.8,0
2020-07-15,0.0,0.25,23.4,-0.5805,0.0488,0.0815,43.79,0.3,0.6,-28.0,8.1,11.0,4631,0.8,0
2020-07-16,0.0,0.25,22.75,-0.584,0.0477,0.0803,43.37,0.3,0.6,-28.0,8.1,11.0,4631,0.8,0
2020-07-17,0.0,0.25,22.88,-0.576,0.049,0.0815,43.14,0.3,0.6,-28.0,8.1,11.0,4631,0.8,0
2020-07-20,0.0,0.25,23.16,-0.578,0.0481,0.0843,43.28,0.3,0.6,-28.0,8.1,11.0,4631,0.8,0
2020-07-21,0.0,0.25,23.24,-0.5788,0.0484,0.086,44.32,0.3,0.6,-28.0,8.1,11.0,4631,0.8,0
2020-07-22,0.0,0.25,23.47,-0.578,0.0484,0.0863,44.29,0.3,0.6,-28.0,8.1,11.0,4631,0.8,0
2020-07-23,0.0,0.25,22.95,-0.579,0.0464,0.0791,43.31,0.3,0.6,-28.0,8.1,11.0,4631,0.8,0
2020-07-24,0.0,0.25,23.07,-0.5715,0.0465,0.08,43.34,0.3,0.6,-28.0,8.1,11.0,4631,0.8,0
2020-07-27,0.0,0.25,23.24,-0.574,0.0479,0.0769,43.41,0.3,0.6,-28.0,8.1,11.0,4631,0.8,0
2020-07-28,0.0,0.25,23.35,-0.5795,0.0455,0.0753,43.22,0.3,0.6,-28.0,8.1,11.0,4631,0.8,0
2020-07-29,0.0,0.25,23.04,-0.5805,0.0469,0.0761,43.75,0.3,0.6,-28.0,8.1,11.0,4631,0.8,0
2020-07-30,0.0,0.25,22.55,-0.5905,0.0406,0.0699,42.94,0.3,0.6,-28.0,8.1,11.0,4631,0.8,0
2020-07-31,0.0,0.25,22.7,-0.5906,0.0379,0.0698,43.3,0.4,1.0,-28.0,8.5,10.2,1584,0.9,1
2020-08-03,0.0,0.25,22.45,-0.589,0.0413,0.0723,44.15,0.4,1.0,-28.0,8.5,10.2,1584,0.9,0
2020-08-04,0.0,0.25,22.01,-0.585,0.04003,0.074,44.43,0.4,1.0,-28.0,8.5,10.2,1584,0.9,0
2020-08-05,0.0,0.25,22.43,-0.583,0.0437,0.0727,45.17,0.4,1.0,-28.0,8.5,10.2,1584,0.9,0
2020-08-06,0.0,0.25,22.39,-0.5855,0.045,0.0729,45.09,0.4,1.0,-28.0,8.5,10.2,1584,0.9,0
2020-08-07,0.0,0.25,22.52,-0.5785,0.0494,0.072,44.4,0.4,1.0,-28.0,8.5,10.2,1584,0.9,0
2020-08-10,0.0,0.25,22.45,-0.58,0.0519,0.0803,44.99,0.4,1.0,-28.0,8.5,10.2,1584,0.9,0
2020-08-11,0.0,0.25,22.5,-0.5806,0.0562,0.0826,44.5,0.4,1.0,-28.0,8.5,10.2,1584,0.9,0
2020-08-12,0.0,0.25,23.23,-0.575,0.0591,0.0816,45.43,0.4,1.0,-28.0,8.5,10.2,1584,0.9,0
2020-08-13,0.0,0.25,22.72,-0.566,0.0616,0.085,44.96,0.4,1.0,-28.0,8.5,10.2,1584,0.9,0
2020-08-14,0.0,0.25,22.83,-0.563,0.0634,0.0888,44.8,0.4,1.0,-28.0,8.5,10.2,1584,0.9,0
2020-08-17,0.0,0.25,22.95,-0.571,0.0616,0.0871,45.37,0.4,1.0,-28.0,8.5,10.2,1584,0.9,0
2020-08-18,0.0,0.25,23.07,-0.571,0.0607,0.0872,45.46,0.4,1.0,-28.0,8.5,10.2,1584,0.9,0
2020-08-19,0.0,0.25,23.11,-0.5725,0.0543,0.074,45.37,0.4,1.0,-28.0,8.5,10.2,1584,0.9,0
2020-08-20,0.0,0.25,22.46,-0.576,0.0516,0.0727,44.9,0.4,1.0,-28.0,8.5,10.2,1584,0.9,0
2020-08-21,0.0,0.25,22.47,-0.578,0.0516,0.0716,44.35,0.4,1.0,-28.0,8.5,10.2,1584,0.9,0
2020-08-24,0.0,0.25,22.72,-0.5795,0.0533,0.0722,45.13,0.4,1.0,-28.0,8.5,10.2,1584,0.9,0
2020-08-25,0.0,0.25,22.65,-0.572,0.0568,0.0782,45.86,0.4,1.0,-28.0,8.5,10.2,1584,0.9,0
2020-08-26,0.0,0.25,23.21,-0.567,0.0584,0.0767,45.64,0.4,1.0,-28.0,8.5,10.2,1584,0.9,0
2020-08-27,0.0,0.25,22.58,-0.566,0.0597,0.0704,45.09,0.4,1.0,-28.0,8.5,10.2,1584,0.9,0
2020-08-28,0.0,0.25,22.97,-0.571,0.0528,0.0727,45.05,0.4,1.0,-28.0,8.5,10.2,1584,0.9,0
2020-08-31,0.0,0.25,23.18,-0.5699,0.0549,0.0747,45.28,-0.2,1.3,-28.0,8.6,8.4,1566,1.2,1
2020-09-01,0.0,0.25,23.08,-0.572,0.0556,0.0739,45.58,-0.2,1.3,-28.0,8.6,8.4,1566,1.2,0
2020-09-02,0.0,0.25,23.51,-0.589,0.055,0.075,44.43,-0.2,1.3,-28.0,8.6,8.4,1566,1.2,0
2020-09-03,0.0,0.25,23.43,-0.593,0.0529,0.0744,44.07,-0.2,1.3,-28.0,8.6,8.4,1566,1.2,0
2020-09-04,0.0,0.25,23.52,-0.596,0.05875,0.0809,42.66,-0.2,1.3,-28.0,8.6,8.4,1566,1.2,0
2020-09-07,0.0,0.25,23.69,-0.5947,0.061,0.0851,42.01,-0.2,1.3,-28.0,8.6,8.4,1566,1.2,0
2020-09-08,0.0,0.25,23.89,-0.5968,0.0615,0.0826,39.78,-0.2,1.3,-28.0,8.6,8.4,1566,1.2,0
2020-09-09,0.0,0.25,23.75,-0.589,0.0641,0.0819,40.79,-0.2,1.3,-28.0,8.6,8.4,1566,1.2,0
2020-09-10,0.0,0.25,23.63,-0.58325,0.06,0.0816,40.06,-0.2,1.3,-28.0,8.6,8.4,1566,1.2,0
2020-09-11,0.0,0.25,23.67,-0.5909,0.055,0.0773,39.83,-0.2,1.3,-28.0,8.6,8.4,1566,1.2,0
2020-09-14,0.0,0.25,23.69,-0.59525,0.0564,0.0766,39.61,-0.2,1.3,-28.0,8.6,8.4,1566,1.2,0
2020-09-15,0.0,0.25,23.28,-0.59475,0.058,0.077,40.53,-0.2,1.3,-28.0,8.6,8.4,1566,1.2,0
2020-09-16,0.0,0.25,22.68,-0.6,0.0596,0.0739,42.22,-0.2,1.3,-28.0,8.6,8.4,1566,1.2,0
2020-09-17,0.0,0.25,22.95,-0.6025,0.0567,0.0744,43.3,-0.2,1.3,-28.0,8.6,8.4,1566,1.2,0
2020-09-18,0.0,0.25,22.71,-0.6,0.0629,0.0754,43.15,-0.2,1.3,-28.0,8.6,8.4,1566,1.2,0
2020-09-21,0.0,0.25,22.71,-0.60775,0.0601,0.073,41.44,-0.2,1.3,-28.0,8.6,8.4,1566,1.2,0
2020-09-22,0.0,0.25,22.35,-0.60275,0.0585,0.074,41.72,-0.2,1.3,-28.0,8.6,8.4,1566,1.2,0
2020-09-23,0.0,0.25,22.92,-0.60075,0.0577,0.0734,41.77,-0.2,1.3,-28.0,8.6,8.4,1566,1.2,0
2020-09-24,0.0,0.25,22.31,-0.6,0.0563,0.072,41.94,-0.2,1.3,-28.0,8.6,8.4,1566,1.2,0
2020-09-25,0.0,0.25,22.4,-0.59625,0.0571,0.0734,41.92,-0.2,1.3,-28.0,8.6,8.4,1566,1.2,0
2020-09-28,0.0,0.25,22.88,-0.59725,0.0559,0.0738,42.43,-0.2,1.3,-28.0,8.6,8.4,1566,1.2,0
2020-09-29,0.0,0.25,27.26,-0.59625,0.0573,0.075,41.03,-0.2,1.3,-28.0,8.6,8.4,1566,1.2,0
2020-09-30,0.0,0.25,26.44,-0.59,0.0582,0.0769,40.95,-0.3,1.4,34.9,8.5,7.8,949,1.3,1
2020-10-01,0.0,0.25,25.58,-0.5935,0.0599,0.076,40.93,-0.3,1.4,34.9,8.5,7.8,949,1.3,0
2020-10-02,0.0,0.25,25.39,-0.596,0.0602,0.0775,39.27,-0.3,1.4,34.9,8.5,7.8,949,1.3,0
2020-10-05,0.0,0.25,25.56,-0.59225,0.063,0.079,41.29,-0.3,1.4,34.9,8.5,7.8,949,1.3,0
2020-10-06,0.0,0.25,24.8,-0.59225,0.0663,0.0785,42.65,-0.3,1.4,34.9,8.5,7.8,949,1.3,0
2020-10-07,0.0,0.25,25.32,-0.59375,0.0675,0.0799,41.99,-0.3,1.4,34.9,8.5,7.8,949,1.3,0
2020-10-08,0.0,0.25,24.89,-0.59725,0.069,0.0793,43.34,-0.3,1.4,34.9,8.5,7.8,949,1.3,0
2020-10-09,0.0,0.25,25.15,-0.596,0.069,0.0797,42.85,-0.3,1.4,34.9,8.5,7.8,949,1.3,0
2020-10-12,0.0,0.25,25.3,-0.5981,0.069,0.08,41.72,-0.3,1.4,34.9,8.5,7.8,949,1.3,0
2020-10-13,0.0,0.25,25.71,-0.60265,0.0662,0.0801,42.45,-0.3,1.4,34.9,8.5,7.8,949,1.3,0
2020-10-14,0.0,0.25,26.39,-0.60575,0.067,0.0815,43.32,-0.3,1.4,34.9,8.5,7.8,949,1.3,0
2020-10-15,0.0,0.25,25.35,-0.6115,0.06875,0.08475,43.16,-0.3,1.4,34.9,8.5,7.8,949,1.3,0
2020-10-16,0.0,0.25,25.03,-0.61625,0.07,0.0836,42.93,-0.3,1.4,34.9,8.5,7.8,949,1.3,0
2020-10-19,0.0,0.25,24.87,-0.61575,0.0714,0.0838,42.62,-0.3,1.4,34.9,8.5,7.8,949,1.3,0
2020-10-20,0.0,0.25,25.37,-0.605,0.07,0.0847,43.16,-0.3,1.4,34.9,8.5,7.8,949,1.3,0
2020-10-21,0.0,0.25,26.34,-0.60175,0.0722,0.0855,41.73,-0.3,1.4,34.9,8.5,7.8,949,1.3,0
2020-10-22,0.0,0.25,25.88,-0.60175,0.07315,0.0863,42.46,-0.3,1.4,34.9,8.5,7.8,949,1.3,0
2020-10-23,0.0,0.25,26.17,-0.59975,0.073,0.0864,41.77,-0.3,1.4,34.9,8.5,7.8,949,1.3,0
2020-10-26,0.0,0.25,26.49,-0.602,0.0689,0.0821,40.46,-0.3,1.4,34.9,8.5,7.8,949,1.3,0
2020-10-27,0.0,0.25,26.36,-0.6065,0.07,0.0826,41.2,-0.3,1.4,34.9,8.5,7.8,949,1.3,0
2020-10-28,0.0,0.25,25.63,-0.61275,0.069,0.0826,39.12,-0.3,1.4,34.9,8.5,7.8,949,1.3,0
2020-10-29,0.0,0.25,26.05,-0.618,0.065,0.087,37.65,-0.3,1.4,34.9,8.5,7.8,949,1.3,0
2020-10-30,0.0,0.25,25.93,-0.617,0.068,0.0835,37.46,-0.3,1.4,34.9,8.5,7.8,949,1.3,0
2020-11-02,0.0,0.25,26.57,-0.6175,0.0665,0.08,38.97,-0.3,1.2,34.9,8.4,6.9,690,1.2,1
2020-11-03,0.0,0.25,26.42,-0.61425,0.074,0.0878,39.71,-0.3,1.2,34.9,8.4,6.9,690,1.2,0
2020-11-04,0.0,0.25,26.25,-0.617,0.0692,0.0881,41.23,-0.3,1.2,34.9,8.4,6.9,690,1.2,0
2020-11-05,0.0,0.25,25.76,-0.615,0.07,0.0897,40.93,-0.3,1.2,34.9,8.4,6.9,690,1.2,0
2020-11-06,0.0,0.25,26.11,-0.613,0.07375,0.09015,39.45,-0.3,1.2,34.9,8.4,6.9,690,1.2,0
2020-11-09,0.0,0.25,26.25,-0.59275,0.07825,0.1,42.4,-0.3,1.2,34.9,8.4,6.9,690,1.2,0
2020-11-10,0.0,0.25,26.11,-0.589,0.0808,0.09,43.61,-0.3,1.2,34.9,8.4,6.9,690,1.2,0
2020-11-11,0.0,0.25,27.52,-0.5867,0.0809,0.09,43.8,-0.3,1.2,34.9,8.4,6.9,690,1.2,0
2020-11-12,0.0,0.25,26.68,-0.589,0.076,0.0846,43.53,-0.3,1.2,34.9,8.4,6.9,690,1.2,0
2020-11-13,0.0,0.25,27.25,-0.5905,0.076,0.085,42.78,-0.3,1.2,34.9,8.4,6.9,690,1.2,0
2020-11-16,0.0,0.25,27.13,-0.5885,0.078,0.0856,43.82,-0.3,1.2,34.9,8.4,6.9,690,1.2,0
2020-11-17,0.0,0.25,26.82,-0.59,0.0755,0.085,43.75,-0.3,1.2,34.9,8.4,6.9,690,1.2,0
2020-11-18,0.0,0.25,27.58,-0.589,0.075,0.0818,44.34,-0.3,1.2,34.9,8.4,6.9,690,1.2,0
2020-11-19,0.0,0.25,27.58,-0.591,0.0677,0.0742,44.2,-0.3,1.2,34.9,8.4,6.9,690,1.2,0
2020-11-20,0.0,0.25,27.78,-0.593,0.06305,0.069,44.96,-0.3,1.2,34.9,8.4,6.9,690,1.2,0
2020-11-23,0.0,0.25,28.04,-0.59,0.063,0.07,46.06,-0.3,1.2,34.9,8.4,6.9,690,1.2,0
2020-11-24,0.0,0.25,27.44,-0.5877,0.065,0.069,47.86,-0.3,1.2,34.9,8.4,6.9,690,1.2,0
2020-11-25,0.0,0.25,27.66,-0.5869,0.06855,0.06995,48.61,-0.3,1.2,34.9,8.4,6.9,690,1.2,0
2020-11-26,0.0,0.25,27.15,-0.5893,0.0662,0.072,47.8,-0.3,1.2,34.9,8.4,6.9,690,1.2,0
2020-11-27,0.0,0.25,28.1,-0.589,0.0669,0.0718,48.18,-0.3,1.2,34.9,8.4,6.9,690,1.2,0
2020-11-30,0.0,0.25,28.81,-0.591,0.06925,0.07,47.59,-0.3,1.2,34.9,8.2,6.7,273,1.2,1
2020-12-01,0.0,0.25,29.29,-0.588,0.0681,0.07,47.42,-0.3,1.2,34.9,8.2,6.7,273,1.2,0
2020-12-02,0.0,0.25,28.65,-0.59,0.068,0.0715,48.25,-0.3,1.2,34.9,8.2,6.7,273,1.2,0
2020-12-03,0.0,0.25,28.61,-0.595,0.064,0.07,48.71,-0.3,1.2,34.9,8.2,6.7,273,1.2,0
2020-12-04,0.0,0.25,29.05,-0.6005,0.063,0.07,49.25,-0.3,1.2,34.9,8.2,6.7,273,1.2,0
2020-12-07,0.0,0.25,30.1,-0.609,0.06545,0.064,48.79,-0.3,1.2,34.9,8.2,6.7,273,1.2,0
2020-12-08,0.0,0.25,31.5,-0.6115,0.06765,0.06575,48.84,-0.3,1.2,34.9,8.2,6.7,273,1.2,0
2020-12-09,0.0,0.25,29.26,-0.6125,0.0608,0.0608,48.86,-0.3,1.2,34.9,8.2,6.7,273,1.2,0
2020-12-10,0.0,0.25,29.44,-0.605,0.061,0.055,50.25,-0.3,1.2,34.9,8.2,6.7,273,1.2,0
2020-12-11,0.0,0.25,29.61,-0.6105,0.05475,0.06,49.97,-0.3,1.2,34.9,8.2,6.7,273,1.2,0
2020-12-14,0.0,0.25,28.45,-0.608,0.054,0.0607,50.29,-0.3,1.2,34.9,8.2,6.7,273,1.2,0
2020-12-15,0.0,0.25,28.66,-0.6055,0.0558,0.06245,50.76,-0.3,1.2,34.9,8.2,6.7,273,1.2,0
2020-12-16,0.0,0.25,31.22,-0.593,0.0562,0.0659,51.08,-0.3,1.2,34.9,8.2,6.7,273,1.2,0
2020-12-17,0.0,0.25,32.13,-0.5905,0.0577,0.068,51.5,-0.3,1.2,34.9,8.2,6.7,273,1.2,0
2020-12-18,0.0,0.25,31.18,-0.5885,0.055,0.06295,52.26,-0.3,1.2,34.9,8.2,6.7,273,1.2,0
2020-12-21,0.0,0.25,32.48,-0.59075,0.0578,0.063,50.91,-0.3,1.2,34.9,8.2,6.7,273,1.2,0
2020-12-22,0.0,0.25,34.12,-0.5905,0.05795,0.06515,50.08,-0.3,1.2,34.9,8.2,6.7,273,1.2,0
2020-12-23,0.0,0.25,32.22,-0.586,0.057,0.068,51.2,-0.3,1.2,34.9,8.2,6.7,273,1.2,0
2020-12-24,0.0,0.25,30.76,-0.587,0.057,0.07,51.29,-0.3,1.2,34.9,8.2,6.7,273,1.2,0
2020-12-25,0.0,0.25,30.86,-0.587,0.0594,0.07,51.29,-0.3,1.2,34.9,8.2,6.7,273,1.2,0
2020-12-28,0.0,0.25,28.94,-0.5885,0.06015,0.069,50.86,-0.3,1.2,34.9,8.2,6.7,273,1.2,0
2020-12-29,0.0,0.25,28.35,-0.589,0.062,0.0663,51.09,-0.3,1.2,34.9,8.2,6.7,273,1.2,0
2020-12-30,0.0,0.25,25.6,-0.591,0.0597,0.0618,51.34,-0.3,1.2,34.9,8.2,6.7,273,1.2,0
2020-12-31,0.0,0.25,25.2,-0.592,0.0589,0.064,51.8,-0.3,1.4,4.6,8.2,6.7,-185,1.3,1
2021-01-01,0.0,0.25,25.06,-0.592,0.062,0.065,51.8,-0.3,1.4,4.6,8.2,6.7,-185,1.3,0
2021-01-04,0.0,0.25,24.35,-0.599,0.058,0.0612,51.09,-0.3,1.4,4.6,8.2,6.7,-185,1.3,0
2021-01-05,0.0,0.25,24.13,-0.5935,0.05615,0.06535,53.6,-0.3,1.4,4.6,8.2,6.7,-185,1.3,0
2021-01-06,0.0,0.25,24.47,-0.589,0.065,0.07275,54.3,-0.3,1.4,4.6,8.2,6.7,-185,1.3,0
2021-01-07,0.0,0.25,24.84,-0.586,0.0675,0.0692,54.38,-0.3,1.4,4.6,8.2,6.7,-185,1.3,0
2021-01-08,0.0,0.25,24.66,-0.583,0.06135,0.0677,55.99,-0.3,1.4,4.6,8.2,6.7,-185,1.3,0
2021-01-11,0.0,0.25,24.86,-0.583,0.06535,0.0684,55.66,-0.3,1.4,4.6,8.2,6.7,-185,1.3,0
2021-01-12,0.0,0.25,24.61,-0.576,0.0695,0.0702,56.58,-0.3,1.4,4.6,8.2,6.7,-185,1.3,0
2021-01-13,0.0,0.25,24.35,-0.584,0.068,0.0699,56.06,-0.3,1.4,4.6,8.2,6.7,-185,1.3,0
2021-01-14,0.0,0.25,24.57,-0.5895,0.06765,0.0702,56.42,-0.3,1.4,4.6,8.2,6.7,-185,1.3,0
2021-01-15,0.0,0.25,24.47,-0.593,0.063,0.068,55.1,-0.3,1.4,4.6,8.2,6.7,-185,1.3,0
2021-01-18,0.0,0.25,24.46,-0.5885,0.0639,0.065,54.75,-0.3,1.4,4.6,8.2,6.7,-185,1.3,0
2021-01-19,0.0,0.25,24.62,-0.5854,0.0659,0.0697,55.9,-0.3,1.4,4.6,8.2,6.7,-185,1.3,0
2021-01-20,0.0,0.25,24.73,-0.5835,0.0582,0.0614,56.08,-0.3,1.4,4.6,8.2,6.7,-185,1.3,0
2021-01-21,0.0,0.25,24.66,-0.57825,0.0555,0.057,56.1,-0.3,1.4,4.6,8.2,6.7,-185,1.3,0
2021-01-22,0.0,0.25,24.62,-0.579,0.054,0.0591,55.41,-0.3,1.4,4.6,8.2,6.7,-185,1.3,0
2021-01-25,0.0,0.25,24.72,-0.587,0.05415,0.0562,55.88,-0.3,1.4,4.6,8.2,6.7,-185,1.3,0
2021-01-26,0.0,0.25,24.44,-0.58525,0.05,0.04555,55.91,-0.3,1.4,4.6,8.2,6.7,-185,1.3,0
2021-01-27,0.0,0.25,24.5,-0.598,0.0525,0.04305,55.81,-0.3,1.4,4.6,8.2,6.7,-185,1.3,0
2021-01-28,0.0,0.25,24.5,-0.601,0.0546,0.04665,55.53,-0.3,1.4,4.6,8.2,6.7,-185,1.3,0
2021-01-29,0.0,0.25,24.18,-0.5975,0.047,0.03715,55.88,-0.3,1.4,4.6,8.2,6.7,-185,1.3,0
2021-02-01,0.0,0.25,23.59,-0.594,0.0487,0.0412,56.35,0.9,1.4,4.6,8.2,6.4,315,1.6,1
2021-02-02,0.0,0.25,23.22,-0.59075,0.05015,0.0439,57.46,0.9,1.4,4.6,8.2,6.4,315,1.6,0
2021-02-03,0.0,0.25,23.35,-0.5845,0.0484,0.0415,58.46,0.9,1.4,4.6,8.2,6.4,315,1.6,0
2021-02-04,0.0,0.25,23.59,-0.5855,0.0479,0.03445,58.84,0.9,1.4,4.6,8.2,6.4,315,1.6,0
2021-02-05,0.0,0.25,23.26,-0.581,0.05,0.038,59.34,0.9,1.4,4.6,8.2,6.4,315,1.6,0
2021-02-08,0.0,0.25,22.95,-0.58045,0.0512,0.0345,60.56,0.9,1.4,4.6,8.2,6.4,315,1.6,0
2021-02-09,0.0,0.25,22.54,-0.584,0.0491,0.038,61.09,0.9,1.4,4.6,8.2,6.4,315,1.6,0
2021-02-10,0.0,0.25,22.26,-0.583,0.04595,0.033,61.47,0.9,1.4,4.6,8.2,6.4,315,1.6,0
2021-02-11,0.0,0.25,22.52,-0.586,0.046,0.03355,61.14,0.9,1.4,4.6,8.2,6.4,315,1.6,0
2021-02-12,0.0,0.25,22.5,-0.5835,0.04735,0.0335,62.43,0.9,1.4,4.6,8.2,6.4,315,1.6,0
2021-02-15,0.0,0.25,22.33,-0.58,0.0473,0.035,63.3,0.9,1.4,4.6,8.2,6.4,315,1.6,0
2021-02-16,0.0,0.25,22.48,-0.577,0.048,0.0342,63.35,0.9,1.4,4.6,8.2,6.4,315,1.6,0
2021-02-17,0.0,0.25,22.53,-0.579,0.05025,0.034,64.34,0.9,1.4,4.6,8.2,6.4,315,1.6,0
2021-02-18,0.0,0.25,23.07,-0.5766,0.048,0.03405,63.93,0.9,1.4,4.6,8.2,6.4,315,1.6,0
2021-02-19,0.0,0.25,22.67,-0.5745,0.05305,0.0317,62.91,0.9,1.4,4.6,8.2,6.4,315,1.6,0
2021-02-22,0.0,0.25,22.71,-0.575,0.054,0.03545,65.24,0.9,1.4,4.6,8.2,6.4,315,1.6,0
2021-02-23,0.0,0.25,22.85,-0.57165,0.058,0.0388,65.37,0.9,1.4,4.6,8.2,6.4,315,1.6,0
2021-02-24,0.0,0.25,23.61,-0.57425,0.0523,0.0427,67.04,0.9,1.4,4.6,8.2,6.4,315,1.6,0
2021-02-25,0.0,0.25,24.21,-0.56175,0.0645,0.0466,66.88,0.9,1.4,4.6,8.2,6.4,315,1.6,0
2021-02-26,0.0,0.25,24.79,-0.567,0.062,0.047,66.13,0.9,1.4,4.6,8.2,6.4,315,1.6,0
2021-03-01,0.0,0.25,24.6,-0.57575,0.0605,0.043,63.69,0.9,1.7,4.6,8.2,6.2,517,1.8,1
2021-03-02,0.0,0.25,24.25,-0.57535,0.063,0.04405,62.7,0.9,1.7,4.6,8.2,6.2,517,1.8,0
2021-03-03,0.0,0.25,24.53,-0.574,0.0579,0.0413,64.07,0.9,1.7,4.6,8.2,6.2,517,1.8,0
2021-03-04,0.0,0.25,24.19,-0.5725,0.056,0.0427,66.74,0.9,1.7,4.6,8.2,6.2,517,1.8,0
2021-03-05,0.0,0.25,24.25,-0.57675,0.054,0.0396,69.36,0.9,1.7,4.6,8.2,6.2,517,1.8,0
2021-03-08,0.0,0.25,24.04,-0.57275,0.055,0.03605,68.24,0.9,1.7,4.6,8.2,6.2,517,1.8,0
2021-03-09,0.0,0.25,23.88,-0.57255,0.055,0.038,67.52,0.9,1.7,4.6,8.2,6.2,517,1.8,0
2021-03-10,0.0,0.25,24.39,-0.57325,0.06,0.0409,67.9,0.9,1.7,4.6,8.2,6.2,517,1.8,0
2021-03-11,0.0,0.25,23.8,-0.57325,0.06065,0.0385,69.63,0.9,1.7,4.6,8.2,6.2,517,1.8,0
2021-03-12,0.0,0.25,23.54,-0.572,0.05625,0.0325,69.22,0.9,1.7,4.6,8.2,6.2,517,1.8,0
2021-03-15,0.0,0.25,23.32,-0.57235,0.0605,0.0335,68.88,0.9,1.7,4.6,8.2,6.2,517,1.8,0
2021-03-16,0.0,0.25,23.5,-0.57525,0.063,0.0355,68.39,0.9,1.7,4.6,8.2,6.2,517,1.8,0
2021-03-17,0.0,0.25,24.07,-0.571,0.0416,0.0195,68.0,0.9,1.7,4.6,8.2,6.2,517,1.8,0
2021-03-18,0.0,0.25,23.21,-0.57125,0.048,0.0239,63.28,0.9,1.7,4.6,8.2,6.2,517,1.8,0
2021-03-19,0.0,0.25,23.27,-0.57325,0.0392,0.0143,64.53,0.9,1.7,4.6,8.2,6.2,517,1.8,0
2021-03-22,0.0,0.25,23.9,-0.57475,0.039,0.016,64.62,0.9,1.7,4.6,8.2,6.2,517,1.8,0
2021-03-23,0.0,0.25,23.75,-0.574,0.039,0.0185,60.79,0.9,1.7,4.6,8.2,6.2,517,1.8,0
2021-03-24,0.0,0.25,23.66,-0.57525,0.03875,0.0185,64.41,0.9,1.7,4.6,8.2,6.2,517,1.8,0
2021-03-25,0.0,0.25,22.77,-0.57875,0.038,0.02032,61.95,0.9,1.7,4.6,8.2,6.2,517,1.8,0
2021-03-26,0.0,0.25,23.01,-0.58095,0.036,0.02132,64.57,0.9,1.7,4.6,8.2,6.2,517,1.8,0
2021-03-29,0.0,0.25,22.92,-0.5816,0.042,0.021,64.98,0.9,1.7,4.6,8.2,6.2,517,1.8,0
2021-03-30,0.0,0.25,23.26,-0.577,0.0418,0.019,64.14,0.9,1.7,4.6,8.2,6.2,517,1.8,0
2021-03-31,0.0,0.25,22.8,-0.57765,0.04225,0.0185,63.54,1.3,2.6,5.7,8.2,6.1,852,2.7,1
2021-04-01,0.0,0.25,22.65,-0.58125,0.0422,0.019,64.86,1.3,2.6,5.7,8.2,6.1,852,2.7,0
2021-04-02,0.0,0.25,22.69,-0.58125,0.0452,0.0195,64.86,1.3,2.6,5.7,8.2,6.1,852,2.7,0
2021-04-05,0.0,0.25,22.88,-0.582,0.0433,0.02085,62.15,1.3,2.6,5.7,8.2,6.1,852,2.7,0
2021-04-06,0.0,0.25,22.55,-0.581,0.0425,0.0218,62.74,1.3,2.6,5.7,8.2,6.1,852,2.7,0
2021-04-07,0.0,0.25,22.58,-0.582,0.047,0.0285,63.16,1.3,2.6,5.7,8.2,6.1,852,2.7,0
2021-04-08,0.0,0.25,22.63,-0.58475,0.047,0.03155,63.2,1.3,2.6,5.7,8.2,6.1,852,2.7,0
2021-04-09,0.0,0.25,22.81,-0.58125,0.047,0.02855,62.95,1.3,2.6,5.7,8.2,6.1,852,2.7,0
2021-04-12,0.0,0.25,22.8,-0.57805,0.048,0.0305,63.28,1.3,2.6,5.7,8.2,6.1,852,2.7,0
2021-04-13,0.0,0.25,22.85,-0.57975,0.047,0.03,63.67,1.3,2.6,5.7,8.2,6.1,852,2.7,0
2021-04-14,0.0,0.25,22.85,-0.57525,0.0478,0.03,66.58,1.3,2.6,5.7,8.2,6.1,852,2.7,0
2021-04-15,0.0,0.25,22.83,-0.57825,0.0495,0.03027,66.94,1.3,2.6,5.7,8.2,6.1,852,2.7,0
2021-04-16,0.0,0.25,23.04,-0.57675,0.0526,0.0325,66.77,1.3,2.6,5.7,8.2,6.1,852,2.7,0
2021-04-19,0.0,0.25,22.98,-0.574,0.0514,0.03,67.05,1.3,2.6,5.7,8.2,6.1,852,2.7,0
2021-04-20,0.0,0.25,23.01,-0.57575,0.05105,0.03,66.57,1.3,2.6,5.7,8.2,6.1,852,2.7,0
2021-04-21,0.0,0.25,23.09,-0.57575,0.0508,0.0295,65.32,1.3,2.6,5.7,8.2,6.1,852,2.7,0
2021-04-22,0.0,0.25,22.93,-0.5765,0.05175,0.0315,65.4,1.3,2.6,5.7,8.2,6.1,852,2.7,0
2021-04-23,0.0,0.25,23.18,-0.57525,0.051,0.03022,66.11,1.3,2.6,5.7,8.2,6.1,852,2.7,0
2021-04-26,0.0,0.25,23.23,-0.57575,0.048,0.0295,65.65,1.3,2.6,5.7,8.2,6.1,852,2.7,0
2021-04-27,0.0,0.25,23.09,-0.57575,0.053,0.031,66.42,1.3,2.6,5.7,8.2,6.1,852,2.7,0
2021-04-28,0.0,0.25,22.84,-0.57375,0.046,0.0245,67.27,1.3,2.6,5.7,8.2,6.1,852,2.7,0
2021-04-29,0.0,0.25,22.92,-0.57275,0.05085,0.0325,68.56,1.3,2.6,5.7,8.2,6.1,852,2.7,0
2021-04-30,0.0,0.25,22.75,-0.57665,0.05085,0.032,67.25,1.6,4.2,5.7,8.2,6.1,355,3.6,1
2021-05-03,0.0,0.25,22.88,-0.57695,0.0455,0.037,67.56,1.6,4.2,5.7,8.2,6.1,355,3.6,0
2021-05-04,0.0,0.25,22.68,-0.57925,0.051,0.034,68.88,1.6,4.2,5.7,8.2,6.1,355,3.6,0
2021-05-05,0.0,0.25,22.75,-0.576,0.045,0.031,68.96,1.6,4.2,5.7,8.2,6.1,355,3.6,0
2021-05-06,0.0,0.25,21.87,-0.577,0.0458,0.0295,68.09,1.6,4.2,5.7,8.2,6.1,355,3.6,0
2021-05-07,0.0,0.25,22.21,-0.575,0.04255,0.0275,68.28,1.6,4.2,5.7,8.2,6.1,355,3.6,0
2021-05-10,0.0,0.25,22.29,-0.575,0.04665,0.0275,68.32,1.6,4.2,5.7,8.2,6.1,355,3.6,0
2021-05-11,0.0,0.25,22.19,-0.57175,0.044,0.028,68.55,1.6,4.2,5.7,8.2,6.1,355,3.6,0
2021-05-12,0.0,0.25,22.17,-0.5715,0.0438,0.02713,69.32,1.6,4.2,5.7,8.2,6.1,355,3.6,0
2021-05-13,0.0,0.25,21.86,-0.57175,0.043,0.0275,67.05,1.6,4.2,5.7,8.2,6.1,355,3.6,0
2021-05-14,0.0,0.25,21.88,-0.57175,0.04165,0.0265,68.71,1.6,4.2,5.7,8.2,6.1,355,3.6,0
2021-05-17,0.0,0.25,21.86,-0.569,0.0415,0.02617,69.46,1.6,4.2,5.7,8.2,6.1,355,3.6,0
2021-05-18,0.0,0.25,21.91,-0.572,0.0407,0.025,68.71,1.6,4.2,5.7,8.2,6.1,355,3.6,0
2021-05-19,0.0,0.25,22.37,-0.568,0.0432,0.02757,66.66,1.6,4.2,5.7,8.2,6.1,355,3.6,0
2021-05-20,0.0,0.25,21.97,-0.566,0.0395,0.027,65.11,1.6,4.2,5.7,8.2,6.1,355,3.6,0
2021-05-21,0.0,0.25,21.9,-0.56775,0.0403,0.02765,66.44,1.6,4.2,5.7,8.2,6.1,355,3.6,0
2021-05-24,0.0,0.25,21.83,-0.567,0.0405,0.0275,68.46,1.6,4.2,5.7,8.2,6.1,355,3.6,0
2021-05-25,0.0,0.25,21.8,-0.56775,0.0388,0.0265,68.65,1.6,4.2,5.7,8.2,6.1,355,3.6,0
2021-05-26,0.0,0.25,22.1,-0.56775,0.0358,0.025,68.87,1.6,4.2,5.7,8.2,6.1,355,3.6,0
2021-05-27,0.0,0.25,21.34,-0.56655,0.03655,0.02637,69.46,1.6,4.2,5.7,8.2,6.1,355,3.6,0
2021-05-28,0.0,0.25,21.38,-0.5685,0.034,0.025,69.63,1.6,4.2,5.7,8.2,6.1,355,3.6,0
2021-05-31,0.0,0.25,21.44,-0.569,0.034,0.025,69.32,2.0,5.0,5.7,8.1,5.8,478,4.1,1
2021-06-01,0.0,0.25,21.53,-0.569,0.03625,0.0285,70.25,2.0,5.0,5.7,8.1,5.8,478,4.1,0
2021-06-02,0.0,0.25,22.7,-0.56975,0.0375,0.029,71.35,2.0,5.0,5.7,8.1,5.8,478,4.1,0
2021-06-03,0.0,0.25,21.68,-0.56775,0.0371,0.028,71.31,2.0,5.0,5.7,8.1,5.8,478,4.1,0
2021-06-04,0.0,0.25,21.61,-0.569,0.0378,0.0295,71.89,2.0,5.0,5.7,8.1,5.8,478,4.1,0
2021-06-07,0.0,0.25,21.69,-0.56625,0.0393,0.0285,71.49,2.0,5.0,5.7,8.1,5.8,478,4.1,0
2021-06-08,0.0,0.25,21.88,-0.5667,0.041,0.029,72.22,2.0,5.0,5.7,8.1,5.8,478,4.1,0
2021-06-09,0.0,0.25,22.28,-0.568,0.03795,0.0265,72.22,2.0,5.0,5.7,8.1,5.8,478,4.1,0
2021-06-10,0.0,0.25,21.77,-0.572,0.04105,0.026,72.52,2.0,5.0,5.7,8.1,5.8,478,4.1,0
2021-06-11,0.0,0.25,21.6,-0.57,0.0393,0.0265,72.69,2.0,5.0,5.7,8.1,5.8,478,4.1,0
2021-06-14,0.0,0.25,21.67,-0.56705,0.0431,0.0325,72.86,2.0,5.0,5.7,8.1,5.8,478,4.1,0
2021-06-15,0.0,0.25,21.72,-0.56675,0.04375,0.0325,73.99,2.0,5.0,5.7,8.1,5.8,478,4.1,0
2021-06-16,0.0,0.25,22.2,-0.567,0.056,0.0485,74.39,2.0,5.0,5.7,8.1,5.8,478,4.1,0
2021-06-17,0.0,0.25,21.57,-0.565,0.0565,0.048,73.08,2.0,5.0,5.7,8.1,5.8,478,4.1,0
2021-06-18,0.0,0.25,21.73,-0.5615,0.0629,0.0475,73.51,2.0,5.0,5.7,8.1,5.8,478,4.1,0
2021-06-21,0.0,0.25,22.01,-0.56,0.0652,0.04795,74.9,2.0,5.0,5.7,8.1,5.8,478,4.1,0
2021-06-22,0.0,0.25,21.72,-0.559,0.05895,0.044,74.81,2.0,5.0,5.7,8.1,5.8,478,4.1,0
2021-06-23,0.0,0.25,22.28,-0.56075,0.0625,0.0455,75.19,2.0,5.0,5.7,8.1,5.8,478,4.1,0
2021-06-24,0.0,0.25,21.97,-0.5591,0.0633,0.0455,75.56,2.0,5.0,5.7,8.1,5.8,478,4.1,0
2021-06-25,0.0,0.25,22.24,-0.55875,0.0655,0.048,76.18,2.0,5.0,5.7,8.1,5.8,478,4.1,0
2021-06-28,0.0,0.25,22.38,-0.561,0.0614,0.047,74.68,2.0,5.0,5.7,8.1,5.8,478,4.1,0
2021-06-29,0.0,0.25,22.27,-0.56085,0.0614,0.0465,74.76,2.0,5.0,5.7,8.1,5.8,478,4.1,0
2021-06-30,0.0,0.25,22.74,-0.564,0.0622,0.04642,75.13,1.9,5.4,7.0,7.8,5.9,755,4.3,1
2021-07-01,0.0,0.25,21.94,-0.565,0.0642,0.04748,75.84,1.9,5.4,7.0,7.8,5.9,755,4.3,0
2021-07-02,0.0,0.25,21.83,-0.56775,0.06178,0.048,76.17,1.9,5.4,7.0,7.8,5.9,755,4.3,0
2021-07-05,0.0,0.25,21.79,-0.56525,0.06178,0.048,77.16,1.9,5.4,7.0,7.8,5.9,755,4.3,0
2021-07-06,0.0,0.25,21.92,-0.56575,0.0562,0.0475,74.53,1.9,5.4,7.0,7.8,5.9,755,4.3,0
2021-07-07,0.0,0.25,22.62,-0.56525,0.0571,0.05,73.43,1.9,5.4,7.0,7.8,5.9,755,4.3,0
2021-07-08,0.0,0.25,22.04,-0.567,0.0552,0.04972,74.12,1.9,5.4,7.0,7.8,5.9,755,4.3,0
2021-07-09,0.0,0.25,22.14,-0.56525,0.0585,0.0481,75.55,1.9,5.4,7.0,7.8,5.9,755,4.3,0
2021-07-12,0.0,0.25,21.95,-0.5656,0.0591,0.04838,75.16,1.9,5.4,7.0,7.8,5.9,755,4.3,0
2021-07-13,0.0,0.25,21.72,-0.564,0.0648,0.04868,76.49,1.9,5.4,7.0,7.8,5.9,755,4.3,0
2021-07-14,0.0,0.25,22.14,-0.563,0.0605,0.0482,74.76,1.9,5.4,7.0,7.8,5.9,755,4.3,0
2021-07-15,0.0,0.25,21.77,-0.5637,0.06,0.04758,73.47,1.9,5.4,7.0,7.8,5.9,755,4.3,0
2021-07-16,0.0,0.25,21.82,-0.5635,0.061,0.04758,73.59,1.9,5.4,7.0,7.8,5.9,755,4.3,0
2021-07-19,0.0,0.25,21.92,-0.5644,0.06135,0.04752,68.62,1.9,5.4,7.0,7.8,5.9,755,4.3,0
2021-07-20,0.0,0.25,21.87,-0.5666,0.0619,0.04755,69.35,1.9,5.4,7.0,7.8,5.9,755,4.3,0
2021-07-21,0.0,0.25,22.29,-0.567,0.0584,0.04783,72.23,1.9,5.4,7.0,7.8,5.9,755,4.3,0
2021-07-22,0.0,0.25,21.77,-0.571,0.06,0.0475,73.79,1.9,5.4,7.0,7.8,5.9,755,4.3,0
2021-07-23,0.0,0.25,21.85,-0.575,0.06,0.048,74.1,1.9,5.4,7.0,7.8,5.9,755,4.3,0
2021-07-26,0.0,0.25,21.9,-0.57375,0.0597,0.0485,74.5,1.9,5.4,7.0,7.8,5.9,755,4.3,0
2021-07-27,0.0,0.25,21.91,-0.5748,0.0609,0.049,74.48,1.9,5.4,7.0,7.8,5.9,755,4.3,0
2021-07-28,0.0,0.25,21.72,-0.574,0.0567,0.049,74.74,1.9,5.4,7.0,7.8,5.9,755,4.3,0
2021-07-29,0.0,0.25,21.75,-0.57575,0.05865,0.049,76.05,1.9,5.4,7.0,7.8,5.9,755,4.3,0
2021-07-30,0.0,0.25,21.58,-0.576,0.053,0.049,76.33,1.9,5.4,7.0,7.8,5.9,755,4.3,0
2021-08-02,0.0,0.25,21.51,-0.58,0.0515,0.049,72.89,2.2,5.4,7.0,7.6,5.4,942,4.5,1
2021-08-03,0.0,0.25,21.35,-0.579,0.0503,0.0485,72.41,2.2,5.4,7.0,7.6,5.4,942,4.5,0
2021-08-04,0.0,0.25,21.41,-0.5787,0.051,0.0485,70.38,2.2,5.4,7.0,7.6,5.4,942,4.5,0
2021-08-05,0.0,0.25,20.96,-0.5763,0.05595,0.049,71.29,2.2,5.4,7.0,7.6,5.4,942,4.5,0
2021-08-06,0.0,0.25,21.06,-0.575,0.05825,0.0495,70.7,2.2,5.4,7.0,7.6,5.4,942,4.5,0
2021-08-09,0.0,0.25,21.35,-0.574,0.058,0.049,69.04,2.2,5.4,7.0,7.6,5.4,942,4.5,0
2021-08-10,0.0,0.25,21.11,-0.57425,0.06285,0.05065,70.63,2.2,5.4,7.0,7.6,5.4,942,4.5,0
2021-08-11,0.0,0.25,21.58,-0.57525,0.05955,0.0495,71.44,2.2,5.4,7.0,7.6,5.4,942,4.5,0
2021-08-12,0.0,0.25,21.08,-0.575,0.062,0.0495,71.31,2.2,5.4,7.0,7.6,5.4,942,4.5,0
2021-08-13,0.0,0.25,21.16,-0.57425,0.062,0.051,70.59,2.2,5.4,7.0,7.6,5.4,942,4.5,0
2021-08-16,0.0,0.25,21.15,-0.575,0.06225,0.051,69.51,2.2,5.4,7.0,7.6,5.4,942,4.5,0
2021-08-17,0.0,0.25,21.06,-0.5755,0.062,0.051,69.03,2.2,5.4,7.0,7.6,5.4,942,4.5,0
2021-08-18,0.0,0.25,21.51,-0.5773,0.06005,0.0505,68.23,2.2,5.4,7.0,7.6,5.4,942,4.5,0
2021-08-19,0.0,0.25,21.06,-0.579,0.06095,0.05,66.45,2.2,5.4,7.0,7.6,5.4,942,4.5,0
2021-08-20,0.0,0.25,21.03,-0.579,0.06,0.0505,65.18,2.2,5.4,7.0,7.6,5.4,942,4.5,0
2021-08-23,0.0,0.25,21.33,-0.57975,0.0618,0.051,68.75,2.2,5.4,7.0,7.6,5.4,942,4.5,0
2021-08-24,0.0,0.25,21.12,-0.5803,0.0639,0.052,71.05,2.2,5.4,7.0,7.6,5.4,942,4.5,0
2021-08-25,0.0,0.25,21.56,-0.57875,0.063,0.052,72.25,2.2,5.4,7.0,7.6,5.4,942,4.5,0
2021-08-26,0.0,0.25,21.09,-0.576,0.0615,0.05185,71.07,2.2,5.4,7.0,7.6,5.4,942,4.5,0
2021-08-27,0.0,0.25,20.84,-0.5751,0.056,0.051,72.7,2.2,5.4,7.0,7.6,5.4,942,4.5,0
2021-08-30,0.0,0.25,20.84,-0.575,0.0563,0.05093,73.41,2.2,5.4,7.0,7.6,5.4,942,4.5,0
2021-08-31,0.0,0.25,20.88,-0.572,0.0563,0.0507,72.99,3.0,5.3,7.0,7.5,5.1,552,4.6,1
2021-09-01,0.0,0.25,20.76,-0.57225,0.0582,0.0515,71.59,3.0,5.3,7.0,7.5,5.1,552,4.6,0
2021-09-02,0.0,0.25,20.94,-0.574,0.0582,0.052,73.03,3.0,5.3,7.0,7.5,5.1,552,4.6,0
2021-09-03,0.0,0.25,20.86,-0.573,0.057,0.053,72.61,3.0,5.3,7.0,7.5,5.1,552,4.6,0
2021-09-06,0.0,0.25,20.85,-0.572,0.057,0.053,72.22,3.0,5.3,7.0,7.5,5.1,552,4.6,0
2021-09-07,0.0,0.25,20.94,-0.56875,0.0575,0.0525,71.69,3.0,5.3,7.0,7.5,5.1,552,4.6,0
2021-09-08,0.0,0.25,21.02,-0.5669,0.0593,0.0525,72.6,3.0,5.3,7.0,7.5,5.1,552,4.6,0
2021-09-09,0.0,0.25,20.88,-0.56875,0.0565,0.0525,71.45,3.0,5.3,7.0,7.5,5.1,552,4.6,0
2021-09-10,0.0,0.25,20.79,-0.56675,0.05548,0.05173,72.92,3.0,5.3,7.0,7.5,5.1,552,4.6,0
2021-09-13,0.0,0.25,20.86,-0.56455,0.057,0.053,73.51,3.0,5.3,7.0,7.5,5.1,552,4.6,0
2021-09-14,0.0,0.25,20.93,-0.56525,0.0573,0.0535,73.6,3.0,5.3,7.0,7.5,5.1,552,4.6,0
2021-09-15,0.0,0.25,21.14,-0.564,0.058,0.0585,75.46,3.0,5.3,7.0,7.5,5.1,552,4.6,0
2021-09-16,0.0,0.25,21.17,-0.565,0.06,0.05903,75.67,3.0,5.3,7.0,7.5,5.1,552,4.6,0
2021-09-17,0.0,0.25,21.0,-0.56475,0.06,0.059,75.34,3.0,5.3,7.0,7.5,5.1,552,4.6,0
2021-09-20,0.0,0.25,21.13,-0.5661,0.05748,0.057,73.92,3.0,5.3,7.0,7.5,5.1,552,4.6,0
2021-09-21,0.0,0.25,20.9,-0.5664,0.057,0.0555,74.36,3.0,5.3,7.0,7.5,5.1,552,4.6,0
2021-09-22,0.0,0.25,20.78,-0.565,0.06237,0.058,76.19,3.0,5.3,7.0,7.5,5.1,552,4.6,0
2021-09-23,0.0,0.25,20.93,-0.56325,0.0672,0.0573,77.25,3.0,5.3,7.0,7.5,5.1,552,4.6,0
2021-09-24,0.0,0.25,20.81,-0.5634,0.06897,0.0569,78.09,3.0,5.3,7.0,7.5,5.1,552,4.6,0
2021-09-27,0.0,0.25,20.64,-0.5638,0.0726,0.0583,79.53,3.0,5.3,7.0,7.5,5.1,552,4.6,0
2021-09-28,0.0,0.25,21.06,-0.562,0.07212,0.0573,79.09,3.0,5.3,7.0,7.5,5.1,552,4.6,0
2021-09-29,0.0,0.25,25.54,-0.562,0.0702,0.055,78.64,3.0,5.3,7.0,7.5,5.1,552,4.6,0
2021-09-30,0.0,0.25,24.51,-0.562,0.0707,0.056,78.52,3.4,5.4,3.3,7.4,4.7,457,4.7,1
2021-10-01,0.0,0.25,24.81,-0.56325,0.067,0.05695,79.28,3.4,5.4,3.3,7.4,4.7,457,4.7,0
2021-10-04,0.0,0.25,24.92,-0.5645,0.06785,0.05655,81.26,3.4,5.4,3.3,7.4,4.7,457,4.7,0
2021-10-05,0.0,0.25,24.84,-0.562,0.07023,0.05645,82.56,3.4,5.4,3.3,7.4,4.7,457,4.7,0
2021-10-06,0.0,0.25,25.44,-0.5572,0.0757,0.05555,81.08,3.4,5.4,3.3,7.4,4.7,457,4.7,0
2021-10-07,0.0,0.25,25.05,-0.5549,0.0795,0.0545,81.95,3.4,5.4,3.3,7.4,4.7,457,4.7,0
2021-10-08,0.0,0.25,25.39,-0.54975,0.08137,0.054,82.39,3.4,5.4,3.3,7.4,4.7,457,4.7,0
2021-10-11,0.0,0.25,25.47,-0.54975,0.08137,0.0549,83.65,3.4,5.4,3.3,7.4,4.7,457,4.7,0
2021-10-12,0.0,0.25,25.56,-0.54625,0.09133,0.0545,83.42,3.4,5.4,3.3,7.4,4.7,457,4.7,0
2021-10-13,0.0,0.25,26.39,-0.55,0.10108,0.05435,83.18,3.4,5.4,3.3,7.4,4.7,457,4.7,0
2021-10-14,0.0,0.25,26.1,-0.5595,0.1064,0.05375,84.0,3.4,5.4,3.3,7.4,4.7,457,4.7,0
2021-10-15,0.0,0.25,26.65,-0.55545,0.122,0.05485,84.86,3.4,5.4,3.3,7.4,4.7,457,4.7,0
2021-10-18,0.0,0.25,26.98,-0.536,0.12444,0.05195,84.33,3.4,5.4,3.3,7.4,4.7,457,4.7,0
2021-10-19,0.0,0.25,26.63,-0.543,0.121,0.05175,85.08,3.4,5.4,3.3,7.4,4.7,457,4.7,0
2021-10-20,0.0,0.25,26.65,-0.553,0.11965,0.04456,85.82,3.4,5.4,3.3,7.4,4.7,457,4.7,0
2021-10-21,0.0,0.25,26.35,-0.545,0.145,0.04671,84.61,3.4,5.4,3.3,7.4,4.7,457,4.7,0
2021-10-22,0.0,0.25,26.8,-0.54475,0.15113,0.0457,85.53,3.4,5.4,3.3,7.4,4.7,457,4.7,0
2021-10-25,0.0,0.25,27.07,-0.55375,0.14402,0.0477,85.99,3.4,5.4,3.3,7.4,4.7,457,4.7,0
2021-10-26,0.0,0.25,27.41,-0.55275,0.14487,0.04475,86.4,3.4,5.4,3.3,7.4,4.7,457,4.7,0
2021-10-27,0.0,0.25,27.57,-0.52825,0.16791,0.048,84.58,3.4,5.4,3.3,7.4,4.7,457,4.7,0
2021-10-28,0.0,0.25,27.58,-0.50625,0.1642,0.047,84.32,3.4,5.4,3.3,7.4,4.7,457,4.7,0
2021-10-29,0.0,0.25,26.78,-0.51475,0.177,0.04875,84.38,3.4,5.4,3.3,7.4,4.7,457,4.7,0
2021-11-01,0.0,0.25,26.75,-0.53025,0.16702,0.04829,84.71,4.1,6.2,3.3,7.2,4.5,801,5.3,1
2021-11-02,0.0,0.25,26.62,-0.5445,0.144,0.04527,84.72,4.1,6.2,3.3,7.2,4.5,801,5.3,0
2021-11-03,0.0,0.25,27.33,-0.52775,0.1573,0.04455,81.99,4.1,6.2,3.3,7.2,4.5,801,5.3,0
2021-11-04,0.0,0.25,26.77,-0.54125,0.15117,0.046,80.54,4.1,6.2,3.3,7.2,4.5,801,5.3,0
2021-11-05,0.0,0.25,26.77,-0.555,0.138,0.0465,82.74,4.1,6.2,3.3,7.2,4.5,801,5.3,0
2021-11-08,0.0,0.25,27.09,-0.536,0.15551,0.048,83.43,4.1,6.2,3.3,7.2,4.5,801,5.3,0
2021-11-09,0.0,0.25,27.99,-0.53975,0.143,0.04755,84.78,4.1,6.2,3.3,7.2,4.5,801,5.3,0
2021-11-10,0.0,0.25,27.98,-0.53225,0.1795,0.051,82.64,4.1,6.2,3.3,7.2,4.5,801,5.3,0
2021-11-11,0.0,0.25,27.35,-0.534,0.18,0.0498,82.87,4.1,6.2,3.3,7.2,4.5,801,5.3,0
2021-11-12,0.0,0.25,27.39,-0.53925,0.1919,0.0505,82.17,4.1,6.2,3.3,7.2,4.5,801,5.3,0
2021-11-15,0.0,0.25,27.09,-0.54725,0.195,0.0525,82.05,4.1,6.2,3.3,7.2,4.5,801,5.3,0
2021-11-16,0.0,0.25,27.5,-0.547,0.194,0.0515,82.43,4.1,6.2,3.3,7.2,4.5,801,5.3,0
2021-11-17,0.0,0.25,28.09,-0.554,0.185,0.05255,80.28,4.1,6.2,3.3,7.2,4.5,801,5.3,0
2021-11-18,0.0,0.25,28.05,-0.555,0.18455,0.0535,81.24,4.1,6.2,3.3,7.2,4.5,801,5.3,0
2021-11-19,0.0,0.25,28.27,-0.55925,0.204,0.053,78.89,4.1,6.2,3.3,7.2,4.5,801,5.3,0
2021-11-22,0.0,0.25,30.01,-0.55225,0.237,0.05485,79.7,4.1,6.2,3.3,7.2,4.5,801,5.3,0
2021-11-23,0.0,0.25,30.69,-0.544,0.23445,0.056,82.31,4.1,6.2,3.3,7.2,4.5,801,5.3,0
2021-11-24,0.0,0.25,30.55,-0.553,0.25645,0.0545,82.25,4.1,6.2,3.3,7.2,4.5,801,5.3,0
2021-11-25,0.0,0.25,29.96,-0.55425,0.257,0.0573,82.22,4.1,6.2,3.3,7.2,4.5,801,5.3,0
2021-11-26,0.0,0.25,30.35,-0.5665,0.1896,0.05375,72.72,4.1,6.2,3.3,7.2,4.5,801,5.3,0
2021-11-29,0.0,0.25,30.09,-0.562,0.173,0.054,73.44,4.1,6.2,3.3,7.2,4.5,801,5.3,0
2021-11-30,0.0,0.25,30.6,-0.561,0.2239,0.05528,70.57,4.9,6.8,3.3,7.1,4.1,658,5.9,1
2021-12-01,0.0,0.25,29.78,-0.55625,0.2215,0.0547,68.87,4.9,6.8,3.3,7.1,4.1,658,5.9,0
2021-12-02,0.0,0.25,27.83,-0.55525,0.2467,0.0557,69.67,4.9,6.8,3.3,7.1,4.1,658,5.9,0
2021-12-03,0.0,0.25,26.56,-0.569,0.22965,0.05575,69.88,4.9,6.8,3.3,7.1,4.1,658,5.9,0
2021-12-06,0.0,0.25,27.46,-0.55125,0.25925,0.0574,73.08,4.9,6.8,3.3,7.1,4.1,658,5.9,0
2021-12-07,0.0,0.25,27.59,-0.55125,0.2875,0.059,75.44,4.9,6.8,3.3,7.1,4.1,658,5.9,0
2021-12-08,0.0,0.25,26.03,-0.54845,0.27785,0.0585,75.82,4.9,6.8,3.3,7.1,4.1,658,5.9,0
2021-12-09,0.0,0.25,25.95,-0.54875,0.29065,0.059,74.42,4.9,6.8,3.3,7.1,4.1,658,5.9,0
2021-12-10,0.0,0.25,26.62,-0.55375,0.2815,0.059,75.15,4.9,6.8,3.3,7.1,4.1,658,5.9,0
2021-12-13,0.0,0.25,26.92,-0.55475,0.2735,0.0641,74.39,4.9,6.8,3.3,7.1,4.1,658,5.9,0
2021-12-14,0.0,0.25,26.9,-0.553,0.2908,0.06745,73.7,4.9,6.8,3.3,7.1,4.1,658,5.9,0
2021-12-15,0.0,0.25,27.1,-0.54525,0.31805,0.061,73.88,4.9,6.8,3.3,7.1,4.1,658,5.9,0
2021-12-16,0.0,0.25,27.56,-0.548,0.312,0.06255,75.02,4.9,6.8,3.3,7.1,4.1,658,5.9,0
2021-12-17,0.0,0.25,26.1,-0.574,0.33155,0.064,73.52,4.9,6.8,3.3,7.1,4.1,658,5.9,0
2021-12-20,0.0,0.25,23.68,-0.563,0.3303,0.066,71.52,4.9,6.8,3.3,7.1,4.1,658,5.9,0
2021-12-21,0.0,0.25,23.06,-0.555,0.3457,0.0665,73.98,4.9,6.8,3.3,7.1,4.1,658,5.9,0
2021-12-22,0.0,0.25,23.48,-0.55,0.35795,0.06895,75.29,4.9,6.8,3.3,7.1,4.1,658,5.9,0
2021-12-23,0.0,0.25,23.8,-0.54475,0.376,0.077,76.85,4.9,6.8,3.3,7.1,4.1,658,5.9,0
2021-12-24,0.0,0.25,23.61,-0.547,0.3729,0.078,76.14,4.9,6.8,3.3,7.1,4.1,658,5.9,0
2021-12-27,0.0,0.25,23.66,-0.544,0.3888,0.07865,78.6,4.9,6.8,3.3,7.1,4.1,658,5.9,0
2021-12-28,0.0,0.25,23.47,-0.542,0.3989,0.08245,78.94,4.9,6.8,3.3,7.1,4.1,658,5.9,0
2021-12-29,0.0,0.25,23.9,-0.53975,0.39915,0.0845,79.23,4.9,6.8,3.3,7.1,4.1,658,5.9,0
2021-12-30,0.0,0.25,22.17,-0.54175,0.3914,0.08895,79.32,4.9,6.8,3.3,7.1,4.1,658,5.9,0
2021-12-31,0.0,0.25,21.86,-0.54025,0.39855,0.089,77.78,5.0,7.0,7.0,7.0,3.9,586,6.1,1
2022-01-03,0.0,0.25,21.18,-0.538,0.40595,0.09075,78.98,5.0,7.0,7.0,7.0,3.9,586,6.1,0
2022-01-04,0.0,0.25,20.9,-0.54025,0.3949,0.0908,80.0,5.0,7.0,7.0,7.0,3.9,586,6.1,0
2022-01-05,0.0,0.25,21.22,-0.543,0.44,0.0982,80.8,5.0,7.0,7.0,7.0,3.9,586,6.1,0
2022-01-06,0.0,0.25,22.02,-0.542,0.463,0.11175,81.99,5.0,7.0,7.0,7.0,3.9,586,6.1,0
2022-01-07,0.0,0.25,22.64,-0.537,0.4584,0.1143,81.75,5.0,7.0,7.0,7.0,3.9,586,6.1,0
2022-01-10,0.0,0.25,22.9,-0.536,0.48135,0.121,80.87,5.0,7.0,7.0,7.0,3.9,586,6.1,0
2022-01-11,0.0,0.25,22.99,-0.528,0.4711,0.1172,83.72,5.0,7.0,7.0,7.0,3.9,586,6.1,0
2022-01-12,0.0,0.25,23.22,-0.526,0.50745,0.1232,84.67,5.0,7.0,7.0,7.0,3.9,586,6.1,0
2022-01-13,0.0,0.25,23.68,-0.52625,0.5045,0.13405,84.47,5.0,7.0,7.0,7.0,3.9,586,6.1,0
2022-01-14,0.0,0.25,23.65,-0.513,0.543,0.14345,86.06,5.0,7.0,7.0,7.0,3.9,586,6.1,0
2022-01-17,0.0,0.25,23.73,-0.514,0.543,0.1545,86.48,5.0,7.0,7.0,7.0,3.9,586,6.1,0
2022-01-18,0.0,0.25,24.18,-0.513,0.6105,0.1569,87.51,5.0,7.0,7.0,7.0,3.9,586,6.1,0
2022-01-19,0.0,0.25,24.04,-0.515,0.6125,0.16445,88.44,5.0,7.0,7.0,7.0,3.9,586,6.1,0
2022-01-20,0.0,0.25,24.08,-0.51675,0.603,0.169,88.38,5.0,7.0,7.0,7.0,3.9,586,6.1,0
2022-01-21,0.0,0.25,24.07,-0.52125,0.59125,0.16375,87.89,5.0,7.0,7.0,7.0,3.9,586,6.1,0
2022-01-24,0.0,0.25,24.3,-0.52625,0.5768,0.16285,86.27,5.0,7.0,7.0,7.0,3.9,586,6.1,0
2022-01-25,0.0,0.25,24.53,-0.52075,0.6002,0.17055,88.2,5.0,7.0,7.0,7.0,3.9,586,6.1,0
2022-01-26,0.0,0.25,24.67,-0.516,0.69855,0.1855,89.96,5.0,7.0,7.0,7.0,3.9,586,6.1,0
2022-01-27,0.0,0.25,24.29,-0.51025,0.73775,0.1978,89.34,5.0,7.0,7.0,7.0,3.9,586,6.1,0
2022-01-28,0.0,0.25,24.94,-0.5015,0.731,0.19635,90.03,5.0,7.0,7.0,7.0,3.9,586,6.1,0
2022-01-31,0.0,0.25,25.11,-0.47225,0.7725,0.208,91.21,5.1,7.5,7.0,6.9,4.0,190,6.3,1
2022-02-01,0.0,0.25,25.06,-0.475,0.7415,0.19985,89.16,5.1,7.5,7.0,6.9,4.0,190,6.3,0
2022-02-02,0.0,0.25,24.87,-0.467,0.73275,0.198,89.47,5.1,7.5,7.0,6.9,4.0,190,6.3,0
2022-02-03,0.0,0.25,26.49,-0.402,0.77485,0.2325,91.11,5.1,7.5,7.0,6.9,4.0,190,6.3,0
2022-02-04,0.0,0.25,27.24,-0.37125,0.8747,0.2685,93.27,5.1,7.5,7.0,6.9,4.0,190,6.3,0
2022-02-07,0.0,0.25,26.67,-0.383,0.8485,0.251,92.69,5.1,7.5,7.0,6.9,4.0,190,6.3,0
2022-02-08,0.0,0.25,27.0,-0.38675,0.8849,0.2684,90.78,5.1,7.5,7.0,6.9,4.0,190,6.3,0
2022-02-09,0.0,0.25,26.99,-0.39675,0.9059,0.27105,91.55,5.1,7.5,7.0,6.9,4.0,190,6.3,0
2022-02-10,0.0,0.25,31.64,-0.357,1.128,0.4045,91.41,5.1,7.5,7.0,6.9,4.0,190,6.3,0
2022-02-11,0.0,0.25,29.95,-0.347,1.074,0.346,94.44,5.1,7.5,7.0,6.9,4.0,190,6.3,0
2022-02-14,0.0,0.25,29.92,-0.353,1.09835,0.36127,96.48,5.1,7.5,7.0,6.9,4.0,190,6.3,0
2022-02-15,0.0,0.25,29.69,-0.366,1.0881,0.3657,93.28,5.1,7.5,7.0,6.9,4.0,190,6.3,0
2022-02-16,0.0,0.25,29.76,-0.387,1.0428,0.34645,94.81,5.1,7.5,7.0,6.9,4.0,190,6.3,0
2022-02-17,0.0,0.25,31.02,-0.40375,1.0173,0.3653,92.97,5.1,7.5,7.0,6.9,4.0,190,6.3,0
2022-02-18,0.0,0.25,30.78,-0.41175,0.994,0.34425,93.54,5.1,7.5,7.0,6.9,4.0,190,6.3,0
2022-02-21,0.0,0.25,30.38,-0.416,0.9942,0.34425,95.39,5.1,7.5,7.0,6.9,4.0,190,6.3,0
2022-02-22,0.0,0.25,31.84,-0.40475,1.0794,0.387,96.84,5.1,7.5,7.0,6.9,4.0,190,6.3,0
2022-02-23,0.0,0.25,31.54,-0.401,1.101,0.38815,96.84,5.1,7.5,7.0,6.9,4.0,190,6.3,0
2022-02-24,0.0,0.25,33.76,-0.438,1.053,0.372,99.08,5.1,7.5,7.0,6.9,4.0,190,6.3,0
2022-02-25,0.0,0.25,34.84,-0.422,1.0483,0.404,97.93,5.1,7.5,7.0,6.9,4.0,190,6.3,0
2022-02-28,0.0,0.25,39.42,-0.4795,0.922,0.365,100.99,5.9,7.9,7.0,6.8,3.9,819,6.5,1
2022-03-01,0.0,0.25,37.3,-0.506,0.857,0.3615,104.97,5.9,7.9,7.0,6.8,3.9,819,6.5,0
2022-03-02,0.0,0.25,35.9,-0.4675,1.0123,0.3903,112.93,5.9,7.9,7.0,6.8,3.9,819,6.5,0
2022-03-03,0.0,0.25,34.58,-0.44975,1.03695,0.4105,110.46,5.9,7.9,7.0,6.8,3.9,819,6.5,0
2022-03-04,0.0,0.25,37.65,-0.489,1.003,0.4015,118.11,5.9,7.9,7.0,6.8,3.9,819,6.5,0
2022-03-07,0.0,0.25,37.31,-0.4775,1.0415,0.414,123.21,5.9,7.9,7.0,6.8,3.9,819,6.5,0
2022-03-08,0.0,0.25,36.83,-0.455,1.06545,0.41685,127.98,5.9,7.9,7.0,6.8,3.9,819,6.5,0
2022-03-09,0.0,0.25,36.38,-0.421,1.13385,0.44925,111.14,5.9,7.9,7.0,6.8,3.9,819,6.5,0
2022-03-10,0.0,0.25,36.79,-0.37025,1.14985,0.461,109.33,5.9,7.9,7.0,6.8,3.9,819,6.5,0
2022-03-11,0.0,0.25,37.06,-0.3695,1.1962,0.475,112.67,5.9,7.9,7.0,6.8,3.9,819,6.5,0
2022-03-14,0.0,0.25,37.16,-0.34875,1.2712,0.51295,106.9,5.9,7.9,7.0,6.8,3.9,819,6.5,0
2022-03-15,0.0,0.25,38.47,-0.362,1.2698,0.5189,99.91,5.9,7.9,7.0,6.8,3.9,819,6.5,0
2022-03-16,0.0,0.5,38.86,-0.3405,1.3075,0.5007,98.02,5.9,7.9,7.0,6.8,3.9,819,6.5,1
2022-03-17,0.0,0.5,37.26,-0.357,1.3196,0.4975,106.64,5.9,7.9,7.0,6.8,3.9,819,6.5,0
2022-03-18,0.0,0.5,37.63,-0.339,1.3695,0.5202,107.93,5.9,7.9,7.0,6.8,3.9,819,6.5,0
2022-03-21,0.0,0.5,37.8,-0.328,1.504,0.561,115.62,5.9,7.9,7.0,6.8,3.9,819,6.5,0
2022-03-22,0.0,0.5,38.67,-0.316,1.5461,0.5799,115.48,5.9,7.9,7.0,6.8,3.9,819,6.5,0
2022-03-23,0.0,0.5,40.28,-0.322,1.5244,0.59165,121.6,5.9,7.9,7.0,6.8,3.9,819,6.5,0
2022-03-24,0.0,0.5,40.69,-0.297,1.6005,0.61575,119.03,5.9,7.9,7.0,6.8,3.9,819,6.5,0
2022-03-25,0.0,0.5,41.21,-0.26825,1.676,0.6335,120.65,5.9,7.9,7.0,6.8,3.9,819,6.5,0
2022-03-28,0.0,0.5,41.75,-0.24875,1.713,0.644,112.48,5.9,7.9,7.0,6.8,3.9,819,6.5,0
2022-03-29,0.0,0.5,40.42,-0.22125,1.704,0.6391,110.23,5.9,7.9,7.0,6.8,3.9,819,6.5,0
2022-03-30,0.0,0.5,40.35,-0.19875,1.6655,0.63835,113.45,5.9,7.9,7.0,6.8,3.9,819,6.5,0
2022-03-31,0.0,0.5,41.1,-0.23875,1.69222,0.667,107.91,7.4,8.5,-1.0,6.8,3.7,490,6.9,1
2022-04-01,0.0,0.5,40.97,-0.24475,1.7715,0.6877,104.39,7.4,8.5,-1.0,6.8,3.7,490,6.9,0
2022-04-04,0.0,0.5,41.04,-0.251,1.759,0.7065,107.53,7.4,8.5,-1.0,6.8,3.7,490,6.9,0
2022-04-05,0.0,0.5,41.59,-0.22275,1.8194,0.724,106.64,7.4,8.5,-1.0,6.8,3.7,490,6.9,0
2022-04-06,0.0,0.5,42.1,-0.23075,1.8207,0.7418,101.07,7.4,8.5,-1.0,6.8,3.7,490,6.9,0
2022-04-07,0.0,0.5,42.86,-0.21,1.8289,0.774,100.58,7.4,8.5,-1.0,6.8,3.7,490,6.9,0
2022-04-08,0.0,0.5,43.37,-0.1635,1.8629,0.786,102.78,7.4,8.5,-1.0,6.8,3.7,490,6.9,0
2022-04-11,0.0,0.5,43.83,-0.143,1.868,0.807,98.48,7.4,8.5,-1.0,6.8,3.7,490,6.9,0
2022-04-12,0.0,0.5,43.28,-0.167,1.80925,0.801,104.64,7.4,8.5,-1.0,6.8,3.7,490,6.9,0
2022-04-13,0.0,0.5,44.69,-0.144,1.81345,0.8465,108.78,7.4,8.5,-1.0,6.8,3.7,490,6.9,0
2022-04-14,0.0,0.5,45.56,-0.163,1.8714,0.8569,111.7,7.4,8.5,-1.0,6.8,3.7,490,6.9,0
2022-04-15,0.0,0.5,45.57,-0.163,1.87,0.8579,111.7,7.4,8.5,-1.0,6.8,3.7,490,6.9,0
2022-04-18,0.0,0.5,45.46,-0.163,1.8745,0.87465,113.16,7.4,8.5,-1.0,6.8,3.7,490,6.9,0
2022-04-19,0.0,0.5,45.94,-0.164,1.9695,0.8995,107.25,7.4,8.5,-1.0,6.8,3.7,490,6.9,0
2022-04-20,0.0,0.5,46.14,-0.14225,1.98175,0.9148,106.8,7.4,8.5,-1.0,6.8,3.7,490,6.9,0
2022-04-21,0.0,0.5,47.38,-0.0323,2.09178,0.965,108.33,7.4,8.5,-1.0,6.8,3.7,490,6.9,0
2022-04-22,0.0,0.5,47.87,0.013,2.1365,0.985,106.65,7.4,8.5,-1.0,6.8,3.7,490,6.9,0
2022-04-25,0.0,0.5,48.72,-0.032,2.1225,1.0043,102.32,7.4,8.5,-1.0,6.8,3.7,490,6.9,0
2022-04-26,0.0,0.5,48.28,-0.034,2.04925,0.99465,104.99,7.4,8.5,-1.0,6.8,3.7,490,6.9,0
2022-04-27,0.0,0.5,48.56,-0.055,2.10905,1.02295,105.32,7.4,8.5,-1.0,6.8,3.7,490,6.9,0
2022-04-28,0.0,0.5,49.95,0.013,2.153,1.091,107.59,7.4,8.5,-1.0,6.8,3.7,490,6.9,0
2022-04-29,0.0,0.5,51.28,0.056,2.263,1.1419,109.34,7.4,8.5,-1.0,6.8,3.7,490,6.9,0
2022-05-02,0.0,0.5,50.77,0.052,2.2445,1.134,107.58,7.5,8.3,-1.0,6.8,3.7,308,6.7,1
2022-05-03,0.0,0.5,51.57,0.07,2.2945,1.1635,104.97,7.5,8.3,-1.0,6.8,3.7,308,6.7,0
2022-05-04,0.0,1.0,52.62,0.07275,2.214,1.15555,110.14,7.5,8.3,-1.0,6.8,3.7,308,6.7,1
2022-05-05,0.0,1.0,51.43,0.0745,2.2595,1.1814,110.9,7.5,8.3,-1.0,6.8,3.7,308,6.7,0
2022-05-06,0.0,1.0,50.9,0.119,2.272,1.1874,112.39,7.5,8.3,-1.0,6.8,3.7,308,6.7,0
2022-05-09,0.0,1.0,50.72,0.083,2.1623,1.18,105.94,7.5,8.3,-1.0,6.8,3.7,308,6.7,0
2022-05-10,0.0,1.0,51.05,0.0715,2.1977,1.199,102.46,7.5,8.3,-1.0,6.8,3.7,308,6.7,0
2022-05-11,0.0,1.0,52.76,0.058,2.2365,1.222,107.51,7.5,8.3,-1.0,6.8,3.7,308,6.7,0
2022-05-12,0.0,1.0,52.52,0.00975,2.208,1.24,107.45,7.5,8.3,-1.0,6.8,3.7,308,6.7,0
2022-05-13,0.0,1.0,52.59,0.044,2.227,1.254,111.55,7.5,8.3,-1.0,6.8,3.7,308,6.7,0
2022-05-16,0.0,1.0,52.44,0.097,2.238,1.265,114.24,7.5,8.3,-1.0,6.8,3.7,308,6.7,0
2022-05-17,0.0,1.0,52.54,0.177,2.3201,1.285,111.93,7.5,8.3,-1.0,6.8,3.7,308,6.7,0
2022-05-18,0.0,1.0,53.4,0.217,2.313,1.302,109.11,7.5,8.3,-1.0,6.8,3.7,308,6.7,0
2022-05-19,0.0,1.0,53.23,0.224,2.3016,1.32005,112.04,7.5,8.3,-1.0,6.8,3.7,308,6.7,0
2022-05-20,0.0,1.0,53.54,0.199,2.288,1.32465,112.55,7.5,8.3,-1.0,6.8,3.7,308,6.7,0
2022-05-23,0.0,1.0,54.71,0.224,2.323,1.3499,113.42,7.5,8.3,-1.0,6.8,3.7,308,6.7,0
2022-05-24,0.0,1.0,54.82,0.226,2.2446,1.34715,113.56,7.5,8.3,-1.0,6.8,3.7,308,6.7,0
2022-05-25,0.0,1.0,55.9,0.22875,2.2389,1.3638,114.03,7.5,8.3,-1.0,6.8,3.7,308,6.7,0
2022-05-26,0.0,1.0,55.31,0.224,2.254,1.391,117.4,7.5,8.3,-1.0,6.8,3.7,308,6.7,0
2022-05-27,0.0,1.0,54.83,0.237,2.26085,1.3928,119.43,7.5,8.3,-1.0,6.8,3.7,308,6.7,0
2022-05-30,0.0,1.0,55.17,0.28775,2.261,1.3928,121.67,7.5,8.3,-1.0,6.8,3.7,308,6.7,0
2022-05-31,0.0,1.0,55.03,0.31575,2.3326,1.413,122.84,8.1,8.6,-1.0,6.7,3.6,301,6.8,1
2022-06-01,0.0,1.0,56.66,0.349,2.39845,1.44,116.29,8.1,8.6,-1.0,6.7,3.6,301,6.8,0
2022-06-02,0.0,1.0,55.88,0.388,2.4129,1.461,117.61,8.1,8.6,-1.0,6.7,3.6,301,6.8,0
2022-06-03,0.0,1.0,56.06,0.433,2.438,1.4723,119.72,8.1,8.6,-1.0,6.7,3.6,301,6.8,0
2022-06-06,0.0,1.0,55.93,0.459,2.47315,1.4899,119.51,8.1,8.6,-1.0,6.7,3.6,301,6.8,0
2022-06-07,0.0,1.0,56.25,0.47,2.467,1.4972,120.57,8.1,8.6,-1.0,6.7,3.6,301,6.8,0
2022-06-08,0.0,1.0,57.55,0.514,2.504,1.5163,123.58,8.1,8.6,-1.0,6.7,3.6,301,6.8,0
2022-06-09,0.0,1.0,57.57,0.611,2.553,1.5434,123.07,8.1,8.6,-1.0,6.7,3.6,301,6.8,0
2022-06-10,0.0,1.0,58.97,0.70825,2.8045,1.6093,122.01,8.1,8.6,-1.0,6.7,3.6,301,6.8,0
2022-06-13,0.0,1.0,65.14,0.801,3.1615,1.8267,122.27,8.1,8.6,-1.0,6.7,3.6,301,6.8,0
2022-06-14,0.0,1.0,66.49,0.96825,3.22715,1.8935,121.17,8.1,8.6,-1.0,6.7,3.6,301,6.8,0
2022-06-15,0.0,1.75,67.79,0.844,3.0983,1.8995,118.51,8.1,8.6,-1.0,6.7,3.6,301,6.8,1
2022-06-16,0.0,1.75,66.09,0.897,3.1035,1.929,119.81,8.1,8.6,-1.0,6.7,3.6,301,6.8,0
2022-06-17,0.0,1.75,66.1,0.83,3.125,1.9393,113.12,8.1,8.6,-1.0,6.7,3.6,301,6.8,0
2022-06-20,0.0,1.75,66.63,0.869,3.186,1.951,114.13,8.1,8.6,-1.0,6.7,3.6,301,6.8,0
2022-06-21,0.0,1.75,67.93,0.85905,3.165,1.971,114.65,8.1,8.6,-1.0,6.7,3.6,301,6.8,0
2022-06-22,0.0,1.75,70.52,0.825,3.0641,1.9815,111.74,8.1,8.6,-1.0,6.7,3.6,301,6.8,0
2022-06-23,0.0,1.75,68.74,0.69875,3.025,2.00575,110.05,8.1,8.6,-1.0,6.7,3.6,301,6.8,0
2022-06-24,0.0,1.75,68.63,0.68375,3.01065,2.0075,113.12,8.1,8.6,-1.0,6.7,3.6,301,6.8,0
2022-06-27,0.0,1.75,69.1,0.74625,3.06025,2.0425,115.09,8.1,8.6,-1.0,6.7,3.6,301,6.8,0
2022-06-28,0.0,1.75,68.5,0.79975,3.072,2.048,117.98,8.1,8.6,-1.0,6.7,3.6,301,6.8,0
2022-06-29,0.0,1.75,70.26,0.761,3.0669,2.06835,116.26,8.1,8.6,-1.0,6.7,3.6,301,6.8,0
2022-06-30,0.0,1.75,69.51,0.64775,3.0145,2.09875,114.81,8.6,9.1,0.6,6.7,3.6,434,7.2,1
2022-07-01,0.0,1.75,69.18,0.563,2.947,2.113,111.63,8.6,9.1,0.6,6.7,3.6,434,7.2,0
2022-07-04,0.0,1.75,69.61,0.64725,3.004,2.1397,113.5,8.6,9.1,0.6,6.7,3.6,434,7.2,0
2022-07-05,0.0,1.75,68.29,0.55375,2.927,2.126,102.77,8.6,9.1,0.6,6.7,3.6,434,7.2,0
2022-07-06,0.0,1.75,71.01,0.55375,3.0295,2.2019,100.69,8.6,9.1,0.6,6.7,3.6,434,7.2,0
2022-07-07,0.0,1.75,67.42,0.688,3.05685,2.2201,104.65,8.6,9.1,0.6,6.7,3.6,434,7.2,0
2022-07-08,0.0,1.75,68.37,0.68375,3.16,2.2685,107.02,8.6,9.1,0.6,6.7,3.6,434,7.2,0
2022-07-11,0.0,1.75,67.43,0.67025,3.1208,2.28615,107.1,8.6,9.1,0.6,6.7,3.6,434,7.2,0
2022-07-12,0.0,1.75,68.25,0.5963,3.0852,2.30225,99.49,8.6,9.1,0.6,6.7,3.6,434,7.2,0
2022-07-13,0.0,1.75,73.64,0.705,3.2956,2.5141,99.57,8.6,9.1,0.6,6.7,3.6,434,7.2,0
2022-07-14,0.0,1.75,70.0,0.77825,3.2337,2.46925,99.1,8.6,9.1,0.6,6.7,3.6,434,7.2,0
2022-07-15,0.0,1.75,70.26,0.742,3.187,2.4391,101.16,8.6,9.1,0.6,6.7,3.6,434,7.2,0
2022-07-18,0.0,1.75,70.6,0.77275,3.2008,2.4549,106.27,8.6,9.1,0.6,6.7,3.6,434,7.2,0
2022-07-19,0.0,1.75,69.72,0.89675,3.259,2.4872,107.35,8.6,9.1,0.6,6.7,3.6,434,7.2,0
2022-07-20,0.0,1.75,71.32,0.87975,3.2475,2.50675,106.92,8.6,9.1,0.6,6.7,3.6,434,7.2,0
2022-07-21,0.5,1.75,67.91,0.9664,3.165,2.53175,103.86,8.6,9.1,0.6,6.7,3.6,434,7.2,1
2022-07-22,0.5,1.75,68.47,0.81125,3.068,2.517,103.2,8.6,9.1,0.6,6.7,3.6,434,7.2,0
2022-07-25,0.5,1.75,69.15,0.78,3.1165,2.54595,105.15,8.6,9.1,0.6,6.7,3.6,434,7.2,0
2022-07-26,0.5,1.75,68.74,0.759,3.1308,2.5575,104.4,8.6,9.1,0.6,6.7,3.6,434,7.2,0
2022-07-27,0.5,2.5,69.21,0.843,3.0744,2.542,106.62,8.6,9.1,0.6,6.7,3.6,434,7.2,1
2022-07-28,0.5,2.5,67.31,0.71625,3.00375,2.5364,107.14,8.6,9.1,0.6,6.7,3.6,434,7.2,0
2022-07-29,0.5,2.5,67.45,0.71625,3.0503,2.5508,110.01,8.6,9.1,0.6,6.7,3.6,434,7.2,0
2022-08-01,0.5,2.5,67.12,0.723,3.0275,2.5504,100.03,8.9,8.5,0.6,6.7,3.5,714,6.8,1
2022-08-02,0.5,2.5,67.22,0.774,3.153,2.583,100.54,8.9,8.5,0.6,6.7,3.5,714,6.8,0
2022-08-03,0.5,2.5,68.45,0.805,3.1784,2.60965,96.78,8.9,8.5,0.6,6.7,3.5,714,6.8,0
2022-08-04,0.5,2.5,66.79,0.791,3.1832,2.617,94.12,8.9,8.5,0.6,6.7,3.5,714,6.8,0
2022-08-05,0.5,2.5,67.87,0.895,3.3578,2.687,94.92,8.9,8.5,0.6,6.7,3.5,714,6.8,0
2022-08-08,0.5,2.5,68.14,0.88125,3.342,2.69595,96.65,8.9,8.5,0.6,6.7,3.5,714,6.8,0
2022-08-09,0.5,2.5,70.65,0.919,3.3918,2.73315,96.31,8.9,8.5,0.6,6.7,3.5,714,6.8,0
2022-08-10,0.5,2.5,69.55,0.906,3.342,2.6923,97.4,8.9,8.5,0.6,6.7,3.5,714,6.8,0
2022-08-11,0.5,2.5,68.4,0.92,3.35305,2.7011,99.6,8.9,8.5,0.6,6.7,3.5,714,6.8,0
2022-08-12,0.5,2.5,68.74,0.928,3.3815,2.7184,98.15,8.9,8.5,0.6,6.7,3.5,714,6.8,0
2022-08-15,0.5,2.5,68.16,0.879,3.3445,2.722,95.1,8.9,8.5,0.6,6.7,3.5,714,6.8,0
2022-08-16,0.5,2.5,67.79,0.908,3.379,2.7379,92.34,8.9,8.5,0.6,6.7,3.5,714,6.8,0
2022-08-17,0.5,2.5,67.94,1.042,3.4095,2.75,93.65,8.9,8.5,0.6,6.7,3.5,714,6.8,0
2022-08-18,0.5,2.5,65.43,1.093,3.37585,2.7745,96.59,8.9,8.5,0.6,6.7,3.5,714,6.8,0
2022-08-19,0.5,2.5,65.03,1.159,3.39425,2.7865,96.72,8.9,8.5,0.6,6.7,3.5,714,6.8,0
2022-08-22,0.5,2.5,65.76,1.236,3.475,2.8347,96.48,8.9,8.5,0.6,6.7,3.5,714,6.8,0
2022-08-23,0.5,2.5,64.9,1.22225,3.48135,2.835,100.22,8.9,8.5,0.6,6.7,3.5,714,6.8,0
2022-08-24,0.5,2.5,66.03,1.294,3.5176,2.8754,101.22,8.9,8.5,0.6,6.7,3.5,714,6.8,0
2022-08-25,0.5,2.5,65.15,1.262,3.5282,2.895,99.34,8.9,8.5,0.6,6.7,3.5,714,6.8,0
2022-08-26,0.5,2.5,62.85,1.426,3.535,2.9095,100.99,8.9,8.5,0.6,6.7,3.5,714,6.8,0
2022-08-29,0.5,2.5,61.65,1.59,3.5825,2.9435,105.09,8.9,8.5,0.6,6.7,3.5,714,6.8,0
2022-08-30,0.5,2.5,61.57,1.609,3.6159,2.94875,99.31,8.9,8.5,0.6,6.7,3.5,714,6.8,0
2022-08-31,0.5,2.5,61.86,1.672,3.66405,2.9746,96.49,9.1,8.3,0.6,6.7,3.6,290,6.6,1
2022-09-01,0.5,2.5,61.25,1.677,3.687,3.02345,92.36,9.1,8.3,0.6,6.7,3.6,290,6.6,0
2022-09-02,0.5,2.5,60.46,1.6195,3.5875,2.98965,93.02,9.1,8.3,0.6,6.7,3.6,290,6.6,0
2022-09-05,0.5,2.5,60.41,1.69,3.5875,2.98965,95.74,9.1,8.3,0.6,6.7,3.6,290,6.6,0
2022-09-06,0.5,2.5,62.2,1.6675,3.70225,3.059,92.83,9.1,8.3,0.6,6.7,3.6,290,6.6,0
2022-09-07,0.5,2.5,63.87,1.64425,3.6626,3.079,88.0,9.1,8.3,0.6,6.7,3.6,290,6.6,0
2022-09-08,1.25,2.5,60.71,1.83725,3.72135,3.1461,89.15,9.1,8.3,0.6,6.7,3.6,290,6.6,1
2022-09-09,1.25,2.5,61.4,1.8505,3.7813,3.1765,92.84,9.1,8.3,0.6,6.7,3.6,290,6.6,0
2022-09-12,1.25,2.5,62.57,1.863,3.803,3.2034,94.0,9.1,8.3,0.6,6.7,3.6,290,6.6,0
2022-09-13,1.25,2.5,65.41,1.97575,4.043,3.348,93.17,9.1,8.3,0.6,6.7,3.6,290,6.6,0
2022-09-14,1.25,2.5,66.0,2.025,4.101,3.36465,94.1,9.1,8.3,0.6,6.7,3.6,290,6.6,0
2022-09-15,1.25,2.5,65.56,2.10525,4.1665,3.4195,90.84,9.1,8.3,0.6,6.7,3.6,290,6.6,0
2022-09-16,1.25,2.5,65.66,2.08725,4.12645,3.43685,91.35,9.1,8.3,0.6,6.7,3.6,290,6.6,0
2022-09-19,1.25,2.5,66.33,2.141,4.19,3.4649,92.0,9.1,8.3,0.6,6.7,3.6,290,6.6,0
2022-09-20,1.25,2.5,66.45,2.1977,4.2105,3.483,90.62,9.1,8.3,0.6,6.7,3.6,290,6.6,0
2022-09-21,1.25,3.25,65.46,2.24875,4.296,3.47105,89.83,9.1,8.3,0.6,6.7,3.6,290,6.6,1
2022-09-22,1.25,3.25,65.35,2.29,4.3482,3.5175,90.46,9.1,8.3,0.6,6.7,3.6,290,6.6,0
2022-09-23,1.25,3.25,64.28,2.34,4.38075,3.527,86.15,9.1,8.3,0.6,6.7,3.6,290,6.6,0
2022-09-26,1.25,3.25,64.01,2.376,4.387,3.54661,84.06,9.1,8.3,0.6,6.7,3.6,290,6.6,0
2022-09-27,1.25,3.25,62.76,2.38625,4.2762,3.52255,86.27,9.1,8.3,0.6,6.7,3.6,290,6.6,0
2022-09-28,1.25,3.25,63.59,2.29,4.198,3.52695,89.32,9.1,8.3,0.6,6.7,3.6,290,6.6,0
2022-09-29,1.25,3.25,76.07,2.2825,4.2426,3.5699,88.49,9.1,8.3,0.6,6.7,3.6,290,6.6,0
2022-09-30,1.25,3.25,75.54,2.29025,4.29225,3.5997,87.96,9.9,8.2,2.9,6.7,3.5,220,6.7,1
2022-10-03,1.25,3.25,76.61,2.175,4.223,3.6137,88.86,9.9,8.2,2.9,6.7,3.5,220,6.7,0
2022-10-04,1.25,3.25,78.01,2.13,4.2368,3.64273,91.8,9.9,8.2,2.9,6.7,3.5,220,6.7,0
2022-10-05,1.25,3.25,77.58,2.2115,4.2785,3.67445,93.37,9.9,8.2,2.9,6.7,3.5,220,6.7,0
2022-10-06,1.25,3.25,75.12,2.337,4.3771,3.738,94.42,9.9,8.2,2.9,6.7,3.5,220,6.7,0
2022-10-07,1.25,3.25,75.27,2.407,4.4421,3.7707,97.92,9.9,8.2,2.9,6.7,3.5,220,6.7,0
2022-10-10,1.25,3.25,75.21,2.419,4.4421,3.7762,96.19,9.9,8.2,2.9,6.7,3.5,220,6.7,0
2022-10-11,1.25,3.25,76.48,2.398,4.4552,3.7995,94.29,9.9,8.2,2.9,6.7,3.5,220,6.7,0
2022-10-12,1.25,3.25,79.94,2.37875,4.45235,3.83035,92.45,9.9,8.2,2.9,6.7,3.5,220,6.7,0
2022-10-13,1.25,3.25,79.59,2.434,4.6745,3.9265,94.57,9.9,8.2,2.9,6.7,3.5,220,6.7,0
2022-10-14,1.25,3.25,78.85,2.4615,4.71,3.93485,91.63,9.9,8.2,2.9,6.7,3.5,220,6.7,0
2022-10-17,1.25,3.25,78.8,2.48725,4.6936,3.9468,91.62,9.9,8.2,2.9,6.7,3.5,220,6.7,0
2022-10-18,1.25,3.25,77.88,2.46975,4.66,3.9551,90.03,9.9,8.2,2.9,6.7,3.5,220,6.7,0
2022-10-19,1.25,3.25,77.69,2.52,4.75,4.002,92.41,9.9,8.2,2.9,6.7,3.5,220,6.7,0
2022-10-20,1.25,3.25,76.9,2.573,4.79845,4.04045,92.38,9.9,8.2,2.9,6.7,3.5,220,6.7,0
2022-10-21,1.25,3.25,77.54,2.451,4.6816,4.0169,93.5,9.9,8.2,2.9,6.7,3.5,220,6.7,0
2022-10-24,1.25,3.25,77.12,2.453,4.73,4.0445,93.26,9.9,8.2,2.9,6.7,3.5,220,6.7,0
2022-10-25,1.25,3.25,76.92,2.409,4.711,4.051,93.52,9.9,8.2,2.9,6.7,3.5,220,6.7,0
2022-10-26,1.25,3.25,77.34,2.38275,4.6525,4.04415,95.69,9.9,8.2,2.9,6.7,3.5,220,6.7,0
2022-10-27,2.0,3.25,73.99,2.2145,4.57375,4.0666,96.96,9.9,8.2,2.9,6.7,3.5,220,6.7,1
2022-10-28,2.0,3.25,74.63,2.405,4.7085,4.095,95.77,9.9,8.2,2.9,6.7,3.5,220,6.7,0
2022-10-31,2.0,3.25,75.31,2.454,4.77185,4.1295,94.83,10.6,7.7,2.9,6.7,3.6,357,6.5,1
2022-11-01,2.0,3.25,75.3,2.466,4.831,4.15,94.65,10.6,7.7,2.9,6.7,3.6,357,6.5,0
2022-11-02,2.0,4.0,76.57,2.4809,4.86385,4.169,96.16,10.6,7.7,2.9,6.7,3.6,357,6.5,1
2022-11-03,2.0,4.0,74.92,2.546,4.931,4.194,94.67,10.6,7.7,2.9,6.7,3.6,357,6.5,0
2022-11-04,2.0,4.0,75.55,2.584,4.883,4.1865,98.57,10.6,7.7,2.9,6.7,3.6,357,6.5,0
2022-11-07,2.0,4.0,75.94,2.603,4.92025,4.20895,97.92,10.6,7.7,2.9,6.7,3.6,357,6.5,0
2022-11-08,2.0,4.0,76.69,2.617,4.8801,4.2125,95.36,10.6,7.7,2.9,6.7,3.6,357,6.5,0
2022-11-09,2.0,4.0,76.3,2.57725,4.8562,4.24395,92.65,10.6,7.7,2.9,6.7,3.6,357,6.5,0
2022-11-10,2.0,4.0,75.81,2.509,4.72615,4.21535,93.67,10.6,7.7,2.9,6.7,3.6,357,6.5,0
2022-11-11,2.0,4.0,76.76,2.587,4.727,4.215,95.99,10.6,7.7,2.9,6.7,3.6,357,6.5,0
2022-11-14,2.0,4.0,77.08,2.599,4.756,4.22945,93.14,10.6,7.7,2.9,6.7,3.6,357,6.5,0
2022-11-15,2.0,4.0,76.94,2.54,4.729,4.2395,93.86,10.6,7.7,2.9,6.7,3.6,357,6.5,0
2022-11-16,2.0,4.0,79.91,2.511,4.7552,4.2632,92.86,10.6,7.7,2.9,6.7,3.6,357,6.5,0
2022-11-17,2.0,4.0,77.77,2.581,4.82215,4.29015,89.78,10.6,7.7,2.9,6.7,3.6,357,6.5,0
2022-11-18,2.0,4.0,78.06,2.578,4.89005,4.3145,87.62,10.6,7.7,2.9,6.7,3.6,357,6.5,0
2022-11-21,2.0,4.0,77.37,2.597,4.914,4.33435,87.45,10.6,7.7,2.9,6.7,3.6,357,6.5,0
2022-11-22,2.0,4.0,77.92,2.592,4.926,4.37895,88.36,10.6,7.7,2.9,6.7,3.6,357,6.5,0
2022-11-23,2.0,4.0,76.35,2.619,4.88775,4.39005,85.41,10.6,7.7,2.9,6.7,3.6,357,6.5,0
2022-11-24,2.0,4.0,75.8,2.6085,4.885,4.3829,85.34,10.6,7.7,2.9,6.7,3.6,357,6.5,0
2022-11-25,2.0,4.0,74.45,2.6465,4.8915,4.39042,83.63,10.6,7.7,2.9,6.7,3.6,357,6.5,0
2022-11-28,2.0,4.0,73.27,2.647,4.8645,4.39409,83.19,10.6,7.7,2.9,6.7,3.6,357,6.5,0
2022-11-29,2.0,4.0,72.34,2.595,4.8878,4.40091,83.03,10.6,7.7,2.9,6.7,3.6,357,6.5,0
2022-11-30,2.0,4.0,71.93,2.58925,4.80825,4.394,85.43,10.1,7.1,2.9,6.7,3.6,303,6.0,1
2022-12-01,2.0,4.0,73.5,2.5485,4.76575,4.41535,86.88,10.1,7.1,2.9,6.7,3.6,303,6.0,0
2022-12-02,2.0,4.0,73.51,2.593,4.8049,4.42695,85.57,10.1,7.1,2.9,6.7,3.6,303,6.0,0
2022-12-05,2.0,4.0,73.19,2.61325,4.8997,4.448,82.68,10.1,7.1,2.9,6.7,3.6,303,6.0,0
2022-12-06,2.0,4.0,72.79,2.58,4.87,4.45407,79.35,10.1,7.1,2.9,6.7,3.6,303,6.0,0
2022-12-07,2.0,4.0,72.79,2.578,4.8255,4.454,77.17,10.1,7.1,2.9,6.7,3.6,303,6.0,0
2022-12-08,2.0,4.0,73.03,2.613,4.8545,4.484,76.15,10.1,7.1,2.9,6.7,3.6,303,6.0,0
2022-12-09,2.0,4.0,71.84,2.625,4.8776,4.4965,76.1,10.1,7.1,2.9,6.7,3.6,303,6.0,0
2022-12-12,2.0,4.0,72.6,2.651,4.89575,4.5194,77.99,10.1,7.1,2.9,6.7,3.6,303,6.0,0
2022-12-13,2.0,4.0,73.57,2.61625,4.7795,4.495,80.68,10.1,7.1,2.9,6.7,3.6,303,6.0,0
2022-12-14,2.0,4.5,73.31,2.621,4.773,4.4905,82.7,10.1,7.1,2.9,6.7,3.6,303,6.0,1
2022-12-15,2.5,4.5,72.55,2.80925,4.8025,4.5035,81.21,10.1,7.1,2.9,6.7,3.6,303,6.0,1
2022-12-16,2.5,4.5,71.46,2.862,4.759,4.50425,79.04,10.1,7.1,2.9,6.7,3.6,303,6.0,0
2022-12-19,2.5,4.5,71.97,2.89975,4.7954,4.52055,79.8,10.1,7.1,2.9,6.7,3.6,303,6.0,0
2022-12-20,2.5,4.5,71.38,2.9441,4.789,4.5213,79.99,10.1,7.1,2.9,6.7,3.6,303,6.0,0
2022-12-21,2.5,4.5,70.18,2.981,4.7701,4.5172,82.2,10.1,7.1,2.9,6.7,3.6,303,6.0,0
2022-12-22,2.5,4.5,70.51,3.011,4.807,4.545,80.98,10.1,7.1,2.9,6.7,3.6,303,6.0,0
2022-12-23,2.5,4.5,70.17,3.071,4.828,4.5575,83.92,10.1,7.1,2.9,6.7,3.6,303,6.0,0
2022-12-26,2.5,4.5,70.18,3.071,4.828,4.5575,83.92,10.1,7.1,2.9,6.7,3.6,303,6.0,0
2022-12-27,2.5,4.5,70.08,3.106,4.878,4.57,84.33,10.1,7.1,2.9,6.7,3.6,303,6.0,0
2022-12-28,2.5,4.5,69.13,3.065,4.862,4.5635,83.26,10.1,7.1,2.9,6.7,3.6,303,6.0,0
2022-12-29,2.5,4.5,67.19,3.069,4.868,4.5826,82.26,10.1,7.1,2.9,6.7,3.6,303,6.0,0
2022-12-30,2.5,4.5,67.09,3.11525,4.9005,4.59,85.91,10.1,7.1,2.9,6.7,3.6,303,6.0,0
2023-01-02,2.5,4.5,68.02,3.08,4.9005,4.59,85.91,9.2,6.5,2.8,6.7,3.5,100,5.5,1
2023-01-03,2.5,4.5,65.15,3.065,4.8878,4.5993,82.1,9.2,6.5,2.8,6.7,3.5,100,5.5,0
2023-01-04,2.5,4.5,65.34,3.02,4.88535,4.6032,77.84,9.2,6.5,2.8,6.7,3.5,100,5.5,0
2023-01-05,2.5,4.5,66.47,3.07025,4.966,4.6486,78.69,9.2,6.5,2.8,6.7,3.5,100,5.5,0
2023-01-06,2.5,4.5,65.5,3.039,4.8719,4.61875,78.57,9.2,6.5,2.8,6.7,3.5,100,5.5,0
2023-01-09,2.5,4.5,64.83,3.069,4.8399,4.615,79.65,9.2,6.5,2.8,6.7,3.5,100,5.5,0
2023-01-10,2.5,4.5,64.99,3.09,4.85305,4.62495,80.1,9.2,6.5,2.8,6.7,3.5,100,5.5,0
2023-01-11,2.5,4.5,65.43,3.01375,4.8549,4.634,82.67,9.2,6.5,2.8,6.7,3.5,100,5.5,0
2023-01-12,2.5,4.5,64.47,3.03975,4.8225,4.6208,84.03,9.2,6.5,2.8,6.7,3.5,100,5.5,0
2023-01-13,2.5,4.5,64.04,3.066,4.8475,4.62565,85.28,9.2,6.5,2.8,6.7,3.5,100,5.5,0
2023-01-16,2.5,4.5,63.83,3.064,4.8475,4.62565,84.46,9.2,6.5,2.8,6.7,3.5,100,5.5,0
2023-01-17,2.5,4.5,63.72,2.98,4.83775,4.63315,85.92,9.2,6.5,2.8,6.7,3.5,100,5.5,0
2023-01-18,2.5,4.5,63.14,2.9975,4.7828,4.63025,84.98,9.2,6.5,2.8,6.7,3.5,100,5.5,0
2023-01-19,2.5,4.5,63.23,3.05975,4.82,4.652,86.16,9.2,6.5,2.8,6.7,3.5,100,5.5,0
2023-01-20,2.5,4.5,62.42,3.09,4.8313,4.6518,87.63,9.2,6.5,2.8,6.7,3.5,100,5.5,0
2023-01-23,2.5,4.5,62.35,3.117,4.8535,4.6592,88.19,9.2,6.5,2.8,6.7,3.5,100,5.5,0
2023-01-24,2.5,4.5,62.34,3.09,4.8435,4.65985,86.13,9.2,6.5,2.8,6.7,3.5,100,5.5,0
2023-01-25,2.5,4.5,61.92,3.085,4.809,4.656,86.12,9.2,6.5,2.8,6.7,3.5,100,5.5,0
2023-01-26,2.5,4.5,60.1,3.112,4.83562,4.67285,87.47,9.2,6.5,2.8,6.7,3.5,100,5.5,0
2023-01-27,2.5,4.5,58.95,3.124,4.835,4.66985,86.66,9.2,6.5,2.8,6.7,3.5,100,5.5,0
2023-01-30,2.5,4.5,60.63,3.186,4.8599,4.68235,84.9,9.2,6.5,2.8,6.7,3.5,100,5.5,0
2023-01-31,2.5,4.5,59.48,3.1875,4.8445,4.683,84.49,8.6,6.4,2.8,6.6,3.5,434,5.5,1
2023-02-01,2.5,4.75,59.47,3.21,4.8034,4.68,82.84,8.6,6.4,2.8,6.6,3.5,434,5.5,1
2023-02-02,3.0,4.75,59.55,3.1165,4.8073,4.6923,82.17,8.6,6.4,2.8,6.6,3.5,434,5.5,1
2023-02-03,3.0,4.75,57.99,3.175,4.9435,4.70995,79.94,8.6,6.4,2.8,6.6,3.5,434,5.5,0
2023-02-06,3.0,4.75,56.8,3.204,5.0629,4.7228,80.99,8.6,6.4,2.8,6.6,3.5,434,5.5,0
2023-02-07,3.0,4.75,56.95,3.2405,5.05955,4.72575,83.69,8.6,6.4,2.8,6.6,3.5,434,5.5,0
2023-02-08,3.0,4.75,56.81,3.2415,5.0409,4.73,85.09,8.6,6.4,2.8,6.6,3.5,434,5.5,0
2023-02-09,3.0,4.75,57.71,3.2605,5.0689,4.757,84.5,8.6,6.4,2.8,6.6,3.5,434,5.5,0
2023-02-10,3.0,4.75,56.44,3.308,5.11195,4.76,86.39,8.6,6.4,2.8,6.6,3.5,434,5.5,0
2023-02-13,3.0,4.75,56.13,3.319,5.11575,4.7649,86.61,8.6,6.4,2.8,6.6,3.5,434,5.5,0
2023-02-14,3.0,4.75,56.11,3.363,5.1855,4.772,85.58,8.6,6.4,2.8,6.6,3.5,434,5.5,0
2023-02-15,3.0,4.75,55.66,3.359,5.16955,4.777,85.38,8.6,6.4,2.8,6.6,3.5,434,5.5,0
2023-02-16,3.0,4.75,55.79,3.373,5.1925,4.81075,85.14,8.6,6.4,2.8,6.6,3.5,434,5.5,0
2023-02-17,3.0,4.75,55.77,3.385,5.1985,4.816,83.0,8.6,6.4,2.8,6.6,3.5,434,5.5,0
2023-02-20,3.0,4.75,55.15,3.407,5.1985,4.816,84.07,8.6,6.4,2.8,6.6,3.5,434,5.5,0
2023-02-21,3.0,4.75,55.09,3.455,5.2808,4.842,83.05,8.6,6.4,2.8,6.6,3.5,434,5.5,0
2023-02-22,3.0,4.75,55.02,3.437,5.2845,4.8555,80.6,8.6,6.4,2.8,6.6,3.5,434,5.5,0
2023-02-23,3.0,4.75,56.62,3.443,5.279,4.88725,82.21,8.6,6.4,2.8,6.6,3.5,434,5.5,0
2023-02-24,3.0,4.75,56.39,3.506,5.333,4.8834,83.16,8.6,6.4,2.8,6.6,3.5,434,5.5,0
2023-02-27,3.0,4.75,56.65,3.515,5.3285,4.8878,82.45,8.6,6.4,2.8,6.6,3.5,434,5.5,0
2023-02-28,3.0,4.75,56.27,3.555,5.33825,4.893,83.89,8.5,6.0,2.8,6.6,3.6,290,5.2,1
2023-03-01,3.0,4.75,57.5,3.616,5.38395,4.9175,84.31,8.5,6.0,2.8,6.6,3.6,290,5.2,0
2023-03-02,3.0,4.75,55.23,3.648,5.368,4.9228,84.75,8.5,6.0,2.8,6.6,3.6,290,5.2,0
2023-03-03,3.0,4.75,55.75,3.648,5.367,4.9391,85.83,8.5,6.0,2.8,6.6,3.6,290,5.2,0
2023-03-06,3.0,4.75,56.25,3.705,5.3955,4.953,86.18,8.5,6.0,2.8,6.6,3.6,290,5.2,0
2023-03-07,3.0,4.75,58.24,3.759,5.5533,5.059,83.29,8.5,6.0,2.8,6.6,3.6,290,5.2,0
2023-03-08,3.0,4.75,60.36,3.771,5.6095,5.102,82.66,8.5,6.0,2.8,6.6,3.6,290,5.2,0
2023-03-09,3.0,4.75,58.24,3.69,5.455,5.0727,81.59,8.5,6.0,2.8,6.6,3.6,290,5.2,0
2023-03-10,3.0,4.75,61.93,3.52075,5.1765,5.00515,82.78,8.5,6.0,2.8,6.6,3.6,290,5.2,0
2023-03-13,3.0,4.75,64.09,3.1155,4.2466,4.7287,80.77,8.5,6.0,2.8,6.6,3.6,290,5.2,0
2023-03-14,3.0,4.75,60.28,3.373,4.659,4.8735,77.45,8.5,6.0,2.8,6.6,3.6,290,5.2,0
2023-03-15,3.0,4.75,64.6,3.057,4.25,4.747,73.69,8.5,6.0,2.8,6.6,3.6,290,5.2,0
2023-03-16,3.5,4.75,58.47,3.18025,4.61155,4.855,74.7,8.5,6.0,2.8,6.6,3.6,290,5.2,1
2023-03-17,3.5,4.75,58.21,3.0115,4.3088,4.7627,72.97,8.5,6.0,2.8,6.6,3.6,290,5.2,0
2023-03-20,3.5,4.75,59.18,3.044,4.4935,4.8397,73.79,8.5,6.0,2.8,6.6,3.6,290,5.2,0
2023-03-21,3.5,4.75,57.22,3.243,4.7305,4.8894,75.32,8.5,6.0,2.8,6.6,3.6,290,5.2,0
2023-03-22,3.5,5.0,57.67,3.299,4.603,4.881,76.69,8.5,6.0,2.8,6.6,3.6,290,5.2,1
2023-03-23,3.5,5.0,55.92,3.23,4.47215,4.856,75.91,8.5,6.0,2.8,6.6,3.6,290,5.2,0
2023-03-24,3.5,5.0,57.32,3.183,4.4095,4.8317,74.99,8.5,6.0,2.8,6.6,3.6,290,5.2,0
2023-03-27,3.5,5.0,57.28,3.248,4.627,4.904,78.12,8.5,6.0,2.8,6.6,3.6,290,5.2,0
2023-03-28,3.5,5.0,57.0,3.27375,4.685,4.88937,78.65,8.5,6.0,2.8,6.6,3.6,290,5.2,0
2023-03-29,3.5,5.0,56.75,3.2915,4.704,4.89045,78.28,8.5,6.0,2.8,6.6,3.6,290,5.2,0
2023-03-30,3.5,5.0,56.35,3.371,4.732,4.9095,79.27,8.5,6.0,2.8,6.6,3.6,290,5.2,0
2023-03-31,3.5,5.0,56.03,3.356,4.717,4.91485,79.77,6.9,5.0,2.9,6.5,3.5,68,4.4,1
2023-04-03,3.5,5.0,55.63,3.368,4.704,4.936,84.93,6.9,5.0,2.9,6.5,3.5,68,4.4,0
2023-04-04,3.5,5.0,54.55,3.325,4.5665,4.9019,84.94,6.9,5.0,2.9,6.5,3.5,68,4.4,0
2023-04-05,3.5,5.0,54.99,3.294,4.537,4.903,84.99,6.9,5.0,2.9,6.5,3.5,68,4.4,0
2023-04-06,3.5,5.0,55.12,3.319,4.592,4.9154,85.12,6.9,5.0,2.9,6.5,3.5,68,4.4,0
2023-04-07,3.5,5.0,56.4,3.3184,4.73145,4.9683,85.12,6.9,5.0,2.9,6.5,3.5,68,4.4,0
2023-04-10,3.5,5.0,56.42,3.3184,4.75705,4.97885,84.18,6.9,5.0,2.9,6.5,3.5,68,4.4,0
2023-04-11,3.5,5.0,55.01,3.4315,4.7415,4.9815,85.61,6.9,5.0,2.9,6.5,3.5,68,4.4,0
2023-04-12,3.5,5.0,54.87,3.512,4.7001,4.98155,87.33,6.9,5.0,2.9,6.5,3.5,68,4.4,0
2023-04-13,3.5,5.0,54.06,3.4825,4.7013,4.9815,86.09,6.9,5.0,2.9,6.5,3.5,68,4.4,0
2023-04-14,3.5,5.0,54.04,3.555,4.8129,5.0218,86.31,6.9,5.0,2.9,6.5,3.5,68,4.4,0
2023-04-17,3.5,5.0,54.34,3.554,4.87145,5.04635,84.76,6.9,5.0,2.9,6.5,3.5,68,4.4,0
2023-04-18,3.5,5.0,54.56,3.584,4.88585,5.04655,84.77,6.9,5.0,2.9,6.5,3.5,68,4.4,0
2023-04-19,3.5,5.0,53.95,3.627,4.91975,5.059,83.12,6.9,5.0,2.9,6.5,3.5,68,4.4,0
2023-04-20,3.5,5.0,53.47,3.611,4.8535,5.057,81.1,6.9,5.0,2.9,6.5,3.5,68,4.4,0
2023-04-21,3.5,5.0,54.29,3.6195,4.874,5.062,81.66,6.9,5.0,2.9,6.5,3.5,68,4.4,0
2023-04-24,3.5,5.0,54.39,3.673,4.808,5.064,82.73,6.9,5.0,2.9,6.5,3.5,68,4.4,0
2023-04-25,3.5,5.0,54.36,3.588,4.7031,5.032,80.77,6.9,5.0,2.9,6.5,3.5,68,4.4,0
2023-04-26,3.5,5.0,57.22,3.556,4.7375,5.0448,77.69,6.9,5.0,2.9,6.5,3.5,68,4.4,0
2023-04-27,3.5,5.0,55.62,3.56975,4.825,5.084,78.37,6.9,5.0,2.9,6.5,3.5,68,4.4,0
2023-04-28,3.5,5.0,55.73,3.519,4.79,5.068,79.54,6.9,5.0,2.9,6.5,3.5,68,4.4,0
2023-05-01,3.5,5.0,56.54,3.519,4.88865,5.11225,79.31,6.9,4.9,2.9,6.5,3.4,241,4.5,1
2023-05-02,3.5,5.0,56.06,3.491,4.72625,5.0566,75.32,6.9,4.9,2.9,6.5,3.4,241,4.5,0
2023-05-03,3.5,5.25,56.96,3.516,4.6205,5.05825,72.33,6.9,4.9,2.9,6.5,3.4,241,4.5,1
2023-05-04,3.75,5.25,57.45,3.394,4.5659,5.0505,72.5,6.9,4.9,2.9,6.5,3.4,241,4.5,1
2023-05-05,3.75,5.25,56.69,3.459,4.662,5.072,75.3,6.9,4.9,2.9,6.5,3.4,241,4.5,0
2023-05-08,3.75,5.25,55.71,3.4775,4.7197,5.08648,77.01,6.9,4.9,2.9,6.5,3.4,241,4.5,0
2023-05-09,3.75,5.25,55.58,3.4985,4.73455,5.105,77.44,6.9,4.9,2.9,6.5,3.4,241,4.5,0
2023-05-10,3.75,5.25,55.99,3.468,4.6385,5.0766,76.41,6.9,4.9,2.9,6.5,3.4,241,4.5,0
2023-05-11,3.75,5.25,55.07,3.475,4.6335,5.08,74.98,6.9,4.9,2.9,6.5,3.4,241,4.5,0
2023-05-12,3.75,5.25,54.53,3.51,4.6945,5.0915,74.17,6.9,4.9,2.9,6.5,3.4,241,4.5,0
2023-05-15,3.75,5.25,54.57,3.508,4.71355,5.10465,75.23,6.9,4.9,2.9,6.5,3.4,241,4.5,0
2023-05-16,3.75,5.25,54.61,3.521,4.761,5.1115,74.91,6.9,4.9,2.9,6.5,3.4,241,4.5,0
2023-05-17,3.75,5.25,56.11,3.558,4.809,5.13225,76.96,6.9,4.9,2.9,6.5,3.4,241,4.5,0
2023-05-18,3.75,5.25,54.66,3.577,4.8895,5.1662,75.86,6.9,4.9,2.9,6.5,3.4,241,4.5,0
2023-05-19,3.75,5.25,53.83,3.588,4.87162,5.141,75.58,6.9,4.9,2.9,6.5,3.4,241,4.5,0
2023-05-22,3.75,5.25,54.28,3.597,4.92175,5.1674,75.99,6.9,4.9,2.9,6.5,3.4,241,4.5,0
2023-05-23,3.75,5.25,54.49,3.605,4.927,5.182,76.84,6.9,4.9,2.9,6.5,3.4,241,4.5,0
2023-05-24,3.75,5.25,56.92,3.632,5.03425,5.2339,78.36,6.9,4.9,2.9,6.5,3.4,241,4.5,0
2023-05-25,3.75,5.25,56.48,3.664,5.144,5.27225,76.26,6.9,4.9,2.9,6.5,3.4,241,4.5,0
2023-05-26,3.75,5.25,56.98,3.671,5.1564,5.2772,76.95,6.9,4.9,2.9,6.5,3.4,241,4.5,0
2023-05-29,3.75,5.25,56.12,3.652,5.1564,5.2772,77.07,6.9,4.9,2.9,6.5,3.4,241,4.5,0
2023-05-30,3.75,5.25,57.23,3.595,5.1059,5.283,73.54,6.9,4.9,2.9,6.5,3.4,241,4.5,0
2023-05-31,3.75,5.25,57.07,3.5465,5.05475,5.2405,72.66,6.1,4.0,2.9,6.5,3.6,280,4.0,1
2023-06-01,3.75,5.25,54.78,3.544,4.999,5.225,74.28,6.1,4.0,2.9,6.5,3.6,280,4.0,0
2023-06-02,3.75,5.25,55.19,3.586,5.1135,5.24345,76.13,6.1,4.0,2.9,6.5,3.6,280,4.0,0
2023-06-05,3.75,5.25,54.97,3.624,5.07525,5.2289,76.71,6.1,4.0,2.9,6.5,3.6,280,4.0,0
2023-06-06,3.75,5.25,54.96,3.593,5.07535,5.2226,76.29,6.1,4.0,2.9,6.5,3.6,280,4.0,0
2023-06-07,3.75,5.25,55.72,3.64125,5.13137,5.2411,76.95,6.1,4.0,2.9,6.5,3.6,280,4.0,0
2023-06-08,3.75,5.25,54.33,3.633,5.1126,5.2352,75.96,6.1,4.0,2.9,6.5,3.6,280,4.0,0
2023-06-09,3.75,5.25,54.69,3.624,5.16337,5.25295,74.79,6.1,4.0,2.9,6.5,3.6,280,4.0,0
2023-06-12,3.75,5.25,55.01,3.618,5.16,5.253,71.84,6.1,4.0,2.9,6.5,3.6,280,4.0,0
2023-06-13,3.75,5.25,53.81,3.644,5.1985,5.2111,74.29,6.1,4.0,2.9,6.5,3.6,280,4.0,0
2023-06-14,3.75,5.25,53.64,3.67,5.228,5.19695,73.2,6.1,4.0,2.9,6.5,3.6,280,4.0,0
2023-06-15,4.0,5.25,51.89,3.7394,5.217,5.2062,75.67,6.1,4.0,2.9,6.5,3.6,280,4.0,1
2023-06-16,4.0,5.25,51.4,3.75,5.2474,5.217,76.61,6.1,4.0,2.9,6.5,3.6,280,4.0,0
2023-06-19,4.0,5.25,51.4,3.789,5.2474,5.217,76.09,6.1,4.0,2.9,6.5,3.6,280,4.0,0
2023-06-20,4.0,5.25,51.69,3.777,5.2445,5.228,75.9,6.1,4.0,2.9,6.5,3.6,280,4.0,0
2023-06-21,4.0,5.25,52.41,3.8115,5.25288,5.2285,77.12,6.1,4.0,2.9,6.5,3.6,280,4.0,0
2023-06-22,4.0,5.25,50.82,3.86075,5.29225,5.2374,74.14,6.1,4.0,2.9,6.5,3.6,280,4.0,0
2023-06-23,4.0,5.25,50.34,3.8005,5.255,5.23165,73.85,6.1,4.0,2.9,6.5,3.6,280,4.0,0
2023-06-26,4.0,5.25,50.44,3.79275,5.267,5.2378,74.18,6.1,4.0,2.9,6.5,3.6,280,4.0,0
2023-06-27,4.0,5.25,50.33,3.82775,5.3075,5.2355,72.26,6.1,4.0,2.9,6.5,3.6,280,4.0,0
2023-06-28,4.0,5.25,49.81,3.802,5.293,5.2338,74.03,6.1,4.0,2.9,6.5,3.6,280,4.0,0
2023-06-29,4.0,5.25,50.53,3.844,5.381,5.261,74.34,6.1,4.0,2.9,6.5,3.6,280,4.0,0
2023-06-30,4.0,5.25,50.26,3.832,5.37355,5.2635,74.9,5.5,3.0,2.5,6.4,3.6,225,3.3,1
2023-07-03,4.0,5.25,49.8,3.873,5.3875,5.2735,74.65,5.5,3.0,2.5,6.4,3.6,225,3.3,0
2023-07-04,4.0,5.25,49.5,3.8514,5.388,5.2738,76.25,5.5,3.0,2.5,6.4,3.6,225,3.3,0
2023-07-05,4.0,5.25,50.97,3.854,5.3776,5.2743,76.65,5.5,3.0,2.5,6.4,3.6,225,3.3,0
2023-07-06,4.0,5.25,50.04,3.89875,5.4135,5.291,76.52,5.5,3.0,2.5,6.4,3.6,225,3.3,0
2023-07-07,4.0,5.25,50.63,3.877,5.40135,5.29585,78.47,5.5,3.0,2.5,6.4,3.6,225,3.3,0
2023-07-10,4.0,5.25,50.47,3.899,5.36325,5.29905,77.69,5.5,3.0,2.5,6.4,3.6,225,3.3,0
2023-07-11,4.0,5.25,50.1,3.904,5.3852,5.30424,79.4,5.5,3.0,2.5,6.4,3.6,225,3.3,0
2023-07-12,4.0,5.25,51.13,3.87,5.31015,5.30225,80.11,5.5,3.0,2.5,6.4,3.6,225,3.3,0
2023-07-13,4.0,5.25,50.27,3.84625,5.2503,5.30437,81.36,5.5,3.0,2.5,6.4,3.6,225,3.3,0
2023-07-14,4.0,5.25,50.4,3.873,5.31405,5.3195,79.87,5.5,3.0,2.5,6.4,3.6,225,3.3,0
2023-07-17,4.0,5.25,50.65,3.869,5.29135,5.3245,78.5,5.5,3.0,2.5,6.4,3.6,225,3.3,0
2023-07-18,4.0,5.25,50.89,3.82275,5.311,5.3305,79.63,5.5,3.0,2.5,6.4,3.6,225,3.3,0
2023-07-19,4.0,5.25,51.14,3.83275,5.313,5.33575,79.46,5.5,3.0,2.5,6.4,3.6,225,3.3,0
2023-07-20,4.0,5.25,49.75,3.85,5.348,5.345,79.64,5.5,3.0,2.5,6.4,3.6,225,3.3,0
2023-07-21,4.0,5.25,49.81,3.8385,5.344,5.3458,81.07,5.5,3.0,2.5,6.4,3.6,225,3.3,0
2023-07-24,4.0,5.25,49.72,3.811,5.38815,5.356,82.74,5.5,3.0,2.5,6.4,3.6,225,3.3,0
2023-07-25,4.0,5.25,49.76,3.80525,5.38475,5.362,83.64,5.5,3.0,2.5,6.4,3.6,225,3.3,0
2023-07-26,4.0,5.5,50.9,3.839,5.37695,5.3705,82.92,5.5,3.0,2.5,6.4,3.6,225,3.3,1
2023-07-27,4.25,5.5,49.56,3.806,5.40755,5.36855,84.24,5.5,3.0,2.5,6.4,3.6,225,3.3,1
2023-07-28,4.25,5.5,49.96,3.777,5.37705,5.3645,84.99,5.5,3.0,2.5,6.4,3.6,225,3.3,0
2023-07-31,4.25,5.5,49.49,3.7795,5.373,5.36395,85.56,5.3,3.2,2.5,6.6,3.5,163,3.4,1
2023-08-01,4.25,5.5,49.18,3.78275,5.37185,5.36375,84.91,5.3,3.2,2.5,6.6,3.5,163,3.4,0
2023-08-02,4.25,5.5,50.08,3.7557,5.348,5.36687,83.2,5.3,3.2,2.5,6.6,3.5,163,3.4,0
2023-08-03,4.25,5.5,49.2,3.76725,5.3555,5.368,85.14,5.3,3.2,2.5,6.6,3.5,163,3.4,0
2023-08-04,4.25,5.5,49.29,3.77485,5.3055,5.3603,86.24,5.3,3.2,2.5,6.6,3.5,163,3.4,0
2023-08-07,4.25,5.5,49.18,3.7765,5.3115,5.3627,85.34,5.3,3.2,2.5,6.6,3.5,163,3.4,0
2023-08-08,4.25,5.5,49.05,3.7535,5.30375,5.363,86.17,5.3,3.2,2.5,6.6,3.5,163,3.4,0
2023-08-09,4.25,5.5,49.87,3.768,5.332,5.368,87.55,5.3,3.2,2.5,6.6,3.5,163,3.4,0
2023-08-10,4.25,5.5,48.24,3.778,5.32,5.36245,86.4,5.3,3.2,2.5,6.6,3.5,163,3.4,0
2023-08-11,4.25,5.5,48.08,3.7974,5.35385,5.36815,86.81,5.3,3.2,2.5,6.6,3.5,163,3.4,0
2023-08-14,4.25,5.5,47.62,3.814,5.3905,5.372,86.21,5.3,3.2,2.5,6.6,3.5,163,3.4,0
2023-08-15,4.25,5.5,47.49,3.837,5.36965,5.3701,84.89,5.3,3.2,2.5,6.6,3.5,163,3.4,0
2023-08-16,4.25,5.5,48.15,3.8325,5.38335,5.37625,83.45,5.3,3.2,2.5,6.6,3.5,163,3.4,0
2023-08-17,4.25,5.5,47.06,3.83825,5.355,5.37465,84.12,5.3,3.2,2.5,6.6,3.5,163,3.4,0
2023-08-18,4.25,5.5,47.55,3.8075,5.35775,5.373,84.8,5.3,3.2,2.5,6.6,3.5,163,3.4,0
2023-08-21,4.25,5.5,48.3,3.8359,5.401,5.38455,84.46,5.3,3.2,2.5,6.6,3.5,163,3.4,0
2023-08-22,4.25,5.5,47.62,3.821,5.41663,5.38788,84.03,5.3,3.2,2.5,6.6,3.5,163,3.4,0
2023-08-23,4.25,5.5,49.19,3.7335,5.3785,5.38565,83.21,5.3,3.2,2.5,6.6,3.5,163,3.4,0
2023-08-24,4.25,5.5,48.46,3.7455,5.41925,5.4025,83.36,5.3,3.2,2.5,6.6,3.5,163,3.4,0
2023-08-25,4.25,5.5,48.71,3.78325,5.47625,5.41495,84.48,5.3,3.2,2.5,6.6,3.5,163,3.4,0
2023-08-28,4.25,5.5,48.71,3.7987,5.474,5.4225,84.42,5.3,3.2,2.5,6.6,3.5,163,3.4,0
2023-08-29,4.25,5.5,47.79,3.8,5.3925,5.39895,85.49,5.3,3.2,2.5,6.6,3.5,163,3.4,0
2023-08-30,4.25,5.5,47.07,3.8204,5.3725,5.396,85.86,5.3,3.2,2.5,6.6,3.5,163,3.4,0
2023-08-31,4.25,5.5,47.77,3.7245,5.3571,5.3991,86.86,5.2,3.7,2.5,6.5,3.7,218,3.4,1
2023-09-01,4.25,5.5,47.64,3.73,5.3513,5.387,88.55,5.2,3.7,2.5,6.5,3.7,218,3.4,0
2023-09-04,4.25,5.5,47.34,3.75325,5.3513,5.387,89.0,5.2,3.7,2.5,6.5,3.7,218,3.4,0
2023-09-05,4.25,5.5,47.36,3.75175,5.4011,5.3971,90.04,5.2,3.7,2.5,6.5,3.7,218,3.4,0
2023-09-06,4.25,5.5,47.03,3.775,5.42835,5.4015,90.6,5.2,3.7,2.5,6.5,3.7,218,3.4,0
2023-09-07,4.25,5.5,46.73,3.769,5.39645,5.40082,89.92,5.2,3.7,2.5,6.5,3.7,218,3.4,0
2023-09-08,4.25,5.5,46.43,3.779,5.41685,5.4068,90.65,5.2,3.7,2.5,6.5,3.7,218,3.4,0
2023-09-11,4.25,5.5,46.44,3.793,5.4199,5.40855,90.64,5.2,3.7,2.5,6.5,3.7,218,3.4,0
2023-09-12,4.25,5.5,45.16,3.853,5.4332,5.407,92.06,5.2,3.7,2.5,6.5,3.7,218,3.4,0
2023-09-13,4.25,5.5,44.33,3.85745,5.4135,5.399,91.88,5.2,3.7,2.5,6.5,3.7,218,3.4,0
2023-09-14,4.5,5.5,42.31,3.884,5.42915,5.39788,93.7,5.2,3.7,2.5,6.5,3.7,218,3.4,1
2023-09-15,4.5,5.5,41.93,3.917,5.4347,5.391,93.93,5.2,3.7,2.5,6.5,3.7,218,3.4,0
2023-09-18,4.5,5.5,41.66,3.937,5.44345,5.3934,94.43,5.2,3.7,2.5,6.5,3.7,218,3.4,0
2023-09-19,4.5,5.5,41.72,3.93775,5.4571,5.393,94.34,5.2,3.7,2.5,6.5,3.7,218,3.4,0
2023-09-20,4.5,5.5,41.82,3.919,5.5073,5.39285,93.53,5.2,3.7,2.5,6.5,3.7,218,3.4,0
2023-09-21,4.5,5.5,42.72,3.919,5.473,5.3955,93.3,5.2,3.7,2.5,6.5,3.7,218,3.4,0
2023-09-22,4.5,5.5,42.07,3.92325,5.458,5.3845,93.27,5.2,3.7,2.5,6.5,3.7,218,3.4,0
2023-09-25,4.5,5.5,41.4,3.91,5.4559,5.3825,93.29,5.2,3.7,2.5,6.5,3.7,218,3.4,0
2023-09-26,4.5,5.5,41.22,3.91025,5.45038,5.3826,93.96,5.2,3.7,2.5,6.5,3.7,218,3.4,0
2023-09-27,4.5,5.5,41.56,3.915,5.4826,5.392,96.55,5.2,3.7,2.5,6.5,3.7,218,3.4,0
2023-09-28,4.5,5.5,48.55,3.92525,5.4394,5.39195,95.38,5.2,3.7,2.5,6.5,3.7,218,3.4,0
2023-09-29,4.5,5.5,48.46,3.899,5.435,5.38826,95.31,5.2,3.7,2.5,6.5,3.7,218,3.4,0
2023-10-02,4.5,5.5,47.65,3.899,5.4708,5.40913,90.71,4.3,3.7,4.7,6.6,3.7,156,3.4,1
2023-10-03,4.5,5.5,46.78,3.899,5.4776,5.4148,90.92,4.3,3.7,4.7,6.6,3.7,156,3.4,0
2023-10-04,4.5,5.5,48.21,3.8775,5.411,5.40588,85.81,4.3,3.7,4.7,6.6,3.7,156,3.4,0
2023-10-05,4.5,5.5,47.26,3.851,5.3828,5.403,84.07,4.3,3.7,4.7,6.6,3.7,156,3.4,0
2023-10-06,4.5,5.5,47.61,3.8536,5.43135,5.4197,84.58,4.3,3.7,4.7,6.6,3.7,156,3.4,0
2023-10-09,4.5,5.5,47.66,3.80575,5.3415,5.4197,88.15,4.3,3.7,4.7,6.6,3.7,156,3.4,0
2023-10-10,4.5,5.5,47.49,3.819,5.3496,5.3934,87.65,4.3,3.7,4.7,6.6,3.7,156,3.4,0
2023-10-11,4.5,5.5,48.02,3.83725,5.359,5.387,85.82,4.3,3.7,4.7,6.6,3.7,156,3.4,0
2023-10-12,4.5,5.5,46.35,3.855,5.40338,5.398,86.0,4.3,3.7,4.7,6.6,3.7,156,3.4,0
2023-10-13,4.5,5.5,46.66,3.841,5.385,5.3896,90.89,4.3,3.7,4.7,6.6,3.7,156,3.4,0
2023-10-16,4.5,5.5,46.81,3.842,5.40715,5.396,89.65,4.3,3.7,4.7,6.6,3.7,156,3.4,0
2023-10-17,4.5,5.5,46.91,3.875,5.4657,5.4117,89.9,4.3,3.7,4.7,6.6,3.7,156,3.4,0
2023-10-18,4.5,5.5,47.24,3.871,5.4567,5.399,91.5,4.3,3.7,4.7,6.6,3.7,156,3.4,0
2023-10-19,4.5,5.5,45.89,3.873,5.40201,5.38144,92.38,4.3,3.7,4.7,6.6,3.7,156,3.4,0
2023-10-20,4.5,5.5,45.94,3.84,5.36052,5.37337,92.16,4.3,3.7,4.7,6.6,3.7,156,3.4,0
2023-10-23,4.5,5.5,46.18,3.84675,5.366,5.378,89.83,4.3,3.7,4.7,6.6,3.7,156,3.4,0
2023-10-24,4.5,5.5,45.77,3.816,5.3935,5.38325,88.07,4.3,3.7,4.7,6.6,3.7,156,3.4,0
2023-10-25,4.5,5.5,46.34,3.83125,5.4017,5.38585,90.13,4.3,3.7,4.7,6.6,3.7,156,3.4,0
2023-10-26,4.5,5.5,45.4,3.786,5.35775,5.37664,87.93,4.3,3.7,4.7,6.6,3.7,156,3.4,0
2023-10-27,4.5,5.5,45.76,3.7643,5.3405,5.372,90.48,4.3,3.7,4.7,6.6,3.7,156,3.4,0
2023-10-30,4.5,5.5,46.19,3.743,5.369,5.38115,87.45,4.3,3.7,4.7,6.6,3.7,156,3.4,0
2023-10-31,4.5,5.5,46.19,3.734,5.39875,5.38875,87.41,2.9,3.2,4.7,6.6,3.9,159,3.0,1
2023-11-01,4.5,5.5,46.39,3.708,5.3175,5.3795,84.63,2.9,3.2,4.7,6.6,3.9,159,3.0,0
2023-11-02,4.5,5.5,45.04,3.7135,5.3295,5.382,86.85,2.9,3.2,4.7,6.6,3.9,159,3.0,0
2023-11-03,4.5,5.5,44.86,3.7035,5.2348,5.36215,84.89,2.9,3.2,4.7,6.6,3.9,159,3.0,0
2023-11-06,4.5,5.5,44.87,3.71675,5.2804,5.3645,85.18,2.9,3.2,4.7,6.6,3.9,159,3.0,0
2023-11-07,4.5,5.5,44.89,3.70475,5.26345,5.3649,81.61,2.9,3.2,4.7,6.6,3.9,159,3.0,0
2023-11-08,4.5,5.5,45.35,3.719,5.2846,5.37,79.54,2.9,3.2,4.7,6.6,3.9,159,3.0,0
2023-11-09,4.5,5.5,44.08,3.71625,5.3265,5.3785,80.01,2.9,3.2,4.7,6.6,3.9,159,3.0,0
2023-11-10,4.5,5.5,44.34,3.737,5.349,5.3809,81.43,2.9,3.2,4.7,6.6,3.9,159,3.0,0
2023-11-13,4.5,5.5,44.76,3.7385,5.3435,5.388,82.52,2.9,3.2,4.7,6.6,3.9,159,3.0,0
2023-11-14,4.5,5.5,44.87,3.69055,5.1983,5.359,82.47,2.9,3.2,4.7,6.6,3.9,159,3.0,0
2023-11-15,4.5,5.5,46.17,3.70275,5.24845,5.36825,81.18,2.9,3.2,4.7,6.6,3.9,159,3.0,0
2023-11-16,4.5,5.5,44.03,3.661,5.2057,5.3658,77.42,2.9,3.2,4.7,6.6,3.9,159,3.0,0
2023-11-17,4.5,5.5,44.15,3.683,5.2283,5.37,80.61,2.9,3.2,4.7,6.6,3.9,159,3.0,0
2023-11-20,4.5,5.5,44.21,3.70125,5.24769,5.3756,82.32,2.9,3.2,4.7,6.6,3.9,159,3.0,0
2023-11-21,4.5,5.5,45.57,3.687,5.2357,5.3788,82.45,2.9,3.2,4.7,6.6,3.9,159,3.0,0
2023-11-22,4.5,5.5,45.39,3.711,5.2535,5.3855,81.96,2.9,3.2,4.7,6.6,3.9,159,3.0,0
2023-11-23,4.5,5.5,44.47,3.72075,5.257,5.388,81.42,2.9,3.2,4.7,6.6,3.9,159,3.0,0
2023-11-24,4.5,5.5,44.96,3.724,5.2765,5.3901,80.58,2.9,3.2,4.7,6.6,3.9,159,3.0,0
2023-11-27,4.5,5.5,44.91,3.681,5.25345,5.3842,79.98,2.9,3.2,4.7,6.6,3.9,159,3.0,0
2023-11-28,4.5,5.5,44.38,3.639,5.1749,5.3729,81.68,2.9,3.2,4.7,6.6,3.9,159,3.0,0
2023-11-29,4.5,5.5,43.9,3.592,5.09959,5.3712,83.1,2.9,3.2,4.7,6.6,3.9,159,3.0,0
2023-11-30,4.5,5.5,43.26,3.5635,5.0997,5.37,82.83,2.4,3.1,4.7,6.5,3.7,127,2.8,1
2023-12-01,4.5,5.5,43.36,3.4254,4.9948,5.358,78.88,2.4,3.1,4.7,6.5,3.7,127,2.8,0
2023-12-04,4.5,5.5,43.16,3.43525,5.0503,5.3768,78.03,2.4,3.1,4.7,6.5,3.7,127,2.8,0
2023-12-05,4.5,5.5,42.97,3.373,5.02325,5.37658,77.2,2.4,3.1,4.7,6.5,3.7,127,2.8,0
2023-12-06,4.5,5.5,42.09,3.38375,5.0388,5.368,74.3,2.4,3.1,4.7,6.5,3.7,127,2.8,0
2023-12-07,4.5,5.5,42.13,3.374,5.0285,5.3707,74.05,2.4,3.1,4.7,6.5,3.7,127,2.8,0
2023-12-08,4.5,5.5,42.25,3.423,5.1109,5.38235,75.84,2.4,3.1,4.7,6.5,3.7,127,2.8,0
2023-12-11,4.5,5.5,42.61,3.437,5.108,5.38486,76.03,2.4,3.1,4.7,6.5,3.7,127,2.8,0
2023-12-12,4.5,5.5,42.6,3.427,5.1165,5.383,73.24,2.4,3.1,4.7,6.5,3.7,127,2.8,0
2023-12-13,4.5,5.5,42.24,3.407,4.8957,5.368,74.26,2.4,3.1,4.7,6.5,3.7,127,2.8,0
2023-12-14,4.5,5.5,42.73,3.35975,4.8937,5.36735,76.61,2.4,3.1,4.7,6.5,3.7,127,2.8,0
2023-12-15,4.5,5.5,42.75,3.33225,4.9355,5.37162,76.55,2.4,3.1,4.7,6.5,3.7,127,2.8,0
2023-12-18,4.5,5.5,42.22,3.34125,4.92935,5.37275,77.95,2.4,3.1,4.7,6.5,3.7,127,2.8,0
2023-12-19,4.5,5.5,42.06,3.324,4.898,5.3723,79.23,2.4,3.1,4.7,6.5,3.7,127,2.8,0
2023-12-20,4.5,5.5,41.04,3.287,4.8068,5.36015,79.7,2.4,3.1,4.7,6.5,3.7,127,2.8,0
2023-12-21,4.5,5.5,42.69,3.267,4.806,5.35131,79.39,2.4,3.1,4.7,6.5,3.7,127,2.8,0
2023-12-22,4.5,5.5,42.91,3.239,4.7728,5.3472,79.07,2.4,3.1,4.7,6.5,3.7,127,2.8,0
2023-12-25,4.5,5.5,42.86,3.239,4.7728,5.3472,79.07,2.4,3.1,4.7,6.5,3.7,127,2.8,0
2023-12-26,4.5,5.5,43.03,3.239,4.8125,5.3476,81.07,2.4,3.1,4.7,6.5,3.7,127,2.8,0
2023-12-27,4.5,5.5,40.61,3.205,4.76295,5.337,79.65,2.4,3.1,4.7,6.5,3.7,127,2.8,0
2023-12-28,4.5,5.5,41.01,3.194,4.7773,5.3295,78.39,2.4,3.1,4.7,6.5,3.7,127,2.8,0
2023-12-29,4.5,5.5,40.57,3.21,4.7559,5.3265,77.04,2.4,3.1,4.7,6.5,3.7,127,2.8,0
2024-01-01,4.5,5.5,40.63,3.21,4.7559,5.3265,77.04,2.9,3.4,3.4,6.5,3.8,154,2.8,1
2024-01-02,4.5,5.5,40.57,3.227,4.8003,5.3301,75.89,2.9,3.4,3.4,6.5,3.8,154,2.8,0
2024-01-03,4.5,5.5,40.74,3.204,4.8317,5.3331,78.25,2.9,3.4,3.4,6.5,3.8,154,2.8,0
2024-01-04,4.5,5.5,40.73,3.285,4.864,5.32975,77.59,2.9,3.4,3.4,6.5,3.8,154,2.8,0
2024-01-05,4.5,5.5,40.83,3.306,4.8402,5.323,78.76,2.9,3.4,3.4,6.5,3.8,154,2.8,0
2024-01-08,4.5,5.5,40.68,3.286,4.8469,5.3286,76.12,2.9,3.4,3.4,6.5,3.8,154,2.8,0
2024-01-09,4.5,5.5,40.22,3.327,4.8358,5.3245,77.59,2.9,3.4,3.4,6.5,3.8,154,2.8,0
2024-01-10,4.5,5.5,40.46,3.348,4.8195,5.32165,76.8,2.9,3.4,3.4,6.5,3.8,154,2.8,0
2024-01-11,4.5,5.5,40.33,3.319,4.7227,5.30585,77.41,2.9,3.4,3.4,6.5,3.8,154,2.8,0
2024-01-12,4.5,5.5,40.25,3.23075,4.6385,5.30055,78.29,2.9,3.4,3.4,6.5,3.8,154,2.8,0
2024-01-15,4.5,5.5,39.93,3.28,4.6385,5.30055,78.15,2.9,3.4,3.4,6.5,3.8,154,2.8,0
2024-01-16,4.5,5.5,39.83,3.295,4.7121,5.312,78.29,2.9,3.4,3.4,6.5,3.8,154,2.8,0
2024-01-17,4.5,5.5,40.13,3.372,4.8163,5.3195,77.88,2.9,3.4,3.4,6.5,3.8,154,2.8,0
2024-01-18,4.5,5.5,39.84,3.345,4.7967,5.313,79.1,2.9,3.4,3.4,6.5,3.8,154,2.8,0
2024-01-19,4.5,5.5,39.89,3.392,4.8384,5.3172,78.56,2.9,3.4,3.4,6.5,3.8,154,2.8,0
2024-01-22,4.5,5.5,39.99,3.375,4.8504,5.3234,80.06,2.9,3.4,3.4,6.5,3.8,154,2.8,0
2024-01-23,4.5,5.5,39.95,3.38,4.82,5.31642,79.55,2.9,3.4,3.4,6.5,3.8,154,2.8,0
2024-01-24,4.5,5.5,40.28,3.369,4.84615,5.3255,80.04,2.9,3.4,3.4,6.5,3.8,154,2.8,0
2024-01-25,4.5,5.5,40.31,3.285,4.776,5.3113,82.43,2.9,3.4,3.4,6.5,3.8,154,2.8,0
2024-01-26,4.5,5.5,40.28,3.284,4.8057,5.30835,83.55,2.9,3.4,3.4,6.5,3.8,154,2.8,0
2024-01-29,4.5,5.5,40.1,3.244,4.7947,5.3078,82.4,2.9,3.4,3.4,6.5,3.8,154,2.8,0
2024-01-30,4.5,5.5,40.66,3.272,4.8092,5.3098,82.87,2.9,3.4,3.4,6.5,3.8,154,2.8,0
2024-01-31,4.5,5.5,41.61,3.2084,4.72785,5.312,81.71,2.8,3.1,3.4,6.5,3.7,175,2.7,1
2024-02-01,4.5,5.5,41.81,3.246,4.708,5.29355,78.7,2.8,3.1,3.4,6.5,3.7,175,2.7,0
2024-02-02,4.5,5.5,40.92,3.336,4.8586,5.3171,77.33,2.8,3.1,3.4,6.5,3.7,175,2.7,0
2024-02-05,4.5,5.5,40.15,3.3523,4.92285,5.32575,77.99,2.8,3.1,3.4,6.5,3.7,175,2.7,0
2024-02-06,4.5,5.5,40.35,3.309,4.8643,5.31525,78.59,2.8,3.1,3.4,6.5,3.7,175,2.7,0
2024-02-07,4.5,5.5,40.36,3.3584,4.8771,5.3144,79.21,2.8,3.1,3.4,6.5,3.7,175,2.7,0
2024-02-08,4.5,5.5,40.39,3.377,4.88535,5.3095,81.63,2.8,3.1,3.4,6.5,3.7,175,2.7,0
2024-02-09,4.5,5.5,39.97,3.4081,4.9072,5.31048,82.19,2.8,3.1,3.4,6.5,3.7,175,2.7,0
2024-02-12,4.5,5.5,40.12,3.369,4.91,5.31155,82.0,2.8,3.1,3.4,6.5,3.7,175,2.7,0
2024-02-13,4.5,5.5,40.2,3.4384,5.0545,5.32858,82.77,2.8,3.1,3.4,6.5,3.7,175,2.7,0
2024-02-14,4.5,5.5,40.01,3.39625,5.0027,5.32246,81.6,2.8,3.1,3.4,6.5,3.7,175,2.7,0
2024-02-15,4.5,5.5,40.01,3.394,4.9982,5.3164,82.86,2.8,3.1,3.4,6.5,3.7,175,2.7,0
2024-02-16,4.5,5.5,39.89,3.451,5.03215,5.3225,83.47,2.8,3.1,3.4,6.5,3.7,175,2.7,0
2024-02-19,4.5,5.5,39.94,3.448,5.03215,5.3225,83.56,2.8,3.1,3.4,6.5,3.7,175,2.7,0
2024-02-20,4.5,5.5,40.22,3.41325,5.01895,5.3248,82.34,2.8,3.1,3.4,6.5,3.7,175,2.7,0
2024-02-21,4.5,5.5,40.18,3.45275,5.0519,5.3275,83.03,2.8,3.1,3.4,6.5,3.7,175,2.7,0
2024-02-22,4.5,5.5,40.99,3.4954,5.0804,5.33125,83.67,2.8,3.1,3.4,6.5,3.7,175,2.7,0
2024-02-23,4.5,5.5,40.94,3.455,5.08055,5.338,81.62,2.8,3.1,3.4,6.5,3.7,175,2.7,0
2024-02-26,4.5,5.5,40.5,3.505,5.10375,5.34375,82.53,2.8,3.1,3.4,6.5,3.7,175,2.7,0
2024-02-27,4.5,5.5,41.35,3.502,5.1029,5.3411,83.65,2.8,3.1,3.4,6.5,3.7,175,2.7,0
2024-02-28,4.5,5.5,42.15,3.485,5.0635,5.33571,83.68,2.8,3.1,3.4,6.5,3.7,175,2.7,0
2024-02-29,4.5,5.5,40.57,3.494,5.0452,5.33065,83.62,2.6,3.2,3.4,6.5,3.9,206,2.7,1
2024-03-01,4.5,5.5,40.64,3.485,4.997,5.32075,83.55,2.6,3.2,3.4,6.5,3.9,206,2.7,0
2024-03-04,4.5,5.5,40.7,3.503,5.0474,5.329,82.8,2.6,3.2,3.4,6.5,3.9,206,2.7,0
2024-03-05,4.5,5.5,40.73,3.471,5.0164,5.3254,82.04,2.6,3.2,3.4,6.5,3.9,206,2.7,0
2024-03-06,4.5,5.5,41.69,3.475,5.01365,5.3247,82.96,2.6,3.2,3.4,6.5,3.9,206,2.7,0
2024-03-07,4.5,5.5,40.65,3.445,4.9724,5.3152,82.96,2.6,3.2,3.4,6.5,3.9,206,2.7,0
2024-03-08,4.5,5.5,40.9,3.40975,4.96045,5.32265,82.08,2.6,3.2,3.4,6.5,3.9,206,2.7,0
2024-03-11,4.5,5.5,40.98,3.432,4.993,5.3275,82.21,2.6,3.2,3.4,6.5,3.9,206,2.7,0
2024-03-12,4.5,5.5,41.07,3.45525,5.0235,5.33515,81.92,2.6,3.2,3.4,6.5,3.9,206,2.7,0
2024-03-13,4.5,5.5,42.0,3.463,5.05004,5.333,84.03,2.6,3.2,3.4,6.5,3.9,206,2.7,0
2024-03-14,4.5,5.5,40.87,3.475,5.06726,5.33365,85.42,2.6,3.2,3.4,6.5,3.9,206,2.7,0
2024-03-15,4.5,5.5,41.32,3.49175,5.0895,5.33375,85.34,2.6,3.2,3.4,6.5,3.9,206,2.7,0
2024-03-18,4.5,5.5,40.68,3.501,5.0948,5.33405,86.89,2.6,3.2,3.4,6.5,3.9,206,2.7,0
2024-03-19,4.5,5.5,40.58,3.483,5.0775,5.3312,87.38,2.6,3.2,3.4,6.5,3.9,206,2.7,0
2024-03-20,4.5,5.5,41.19,3.47905,4.9952,5.31555,85.95,2.6,3.2,3.4,6.5,3.9,206,2.7,0
2024-03-21,4.5,5.5,40.22,3.441,5.0165,5.31605,85.78,2.6,3.2,3.4,6.5,3.9,206,2.7,0
2024-03-22,4.5,5.5,40.34,3.416,4.9852,5.3068,85.43,2.6,3.2,3.4,6.5,3.9,206,2.7,0
2024-03-25,4.5,5.5,40.65,3.438,5.0143,5.3123,86.75,2.6,3.2,3.4,6.5,3.9,206,2.7,0
2024-03-26,4.5,5.5,40.61,3.422,5.0169,5.3058,86.25,2.6,3.2,3.4,6.5,3.9,206,2.7,0
2024-03-27,4.5,5.5,40.38,3.396,4.99869,5.2999,86.09,2.6,3.2,3.4,6.5,3.9,206,2.7,0
2024-03-28,4.5,5.5,40.34,3.41,5.0395,5.30365,87.48,2.6,3.2,3.4,6.5,3.9,206,2.7,0
2024-03-29,4.5,5.5,40.32,3.41,5.0397,5.30365,87.48,2.6,3.2,3.4,6.5,3.9,206,2.7,0
2024-04-01,4.5,5.5,40.47,3.41,5.07944,5.311,87.42,2.4,3.5,0.8,6.4,3.9,228,2.9,1
2024-04-02,4.5,5.5,40.88,3.389,5.0598,5.3051,88.92,2.4,3.5,0.8,6.4,3.9,228,2.9,0
2024-04-03,4.5,5.5,40.47,3.401,5.0429,5.3055,89.35,2.4,3.5,0.8,6.4,3.9,228,2.9,0
2024-04-04,4.5,5.5,40.04,3.40625,5.01125,5.2831,90.65,2.4,3.5,0.8,6.4,3.9,228,2.9,0
2024-04-05,4.5,5.5,40.71,3.41125,5.07675,5.3053,91.17,2.4,3.5,0.8,6.4,3.9,228,2.9,0
2024-04-08,4.5,5.5,40.67,3.435,5.0982,5.30885,90.38,2.4,3.5,0.8,6.4,3.9,228,2.9,0
2024-04-09,4.5,5.5,40.46,3.41775,5.0617,5.29975,89.42,2.4,3.5,0.8,6.4,3.9,228,2.9,0
2024-04-10,4.5,5.5,40.81,3.473,5.2311,5.3325,90.48,2.4,3.5,0.8,6.4,3.9,228,2.9,0
2024-04-11,4.5,5.5,40.9,3.46375,5.21585,5.32595,89.74,2.4,3.5,0.8,6.4,3.9,228,2.9,0
2024-04-12,4.5,5.5,41.14,3.394,5.1792,5.3179,90.45,2.4,3.5,0.8,6.4,3.9,228,2.9,0
2024-04-15,4.5,5.5,40.88,3.422,5.194,5.3213,90.1,2.4,3.5,0.8,6.4,3.9,228,2.9,0
2024-04-16,4.5,5.5,41.14,3.444,5.2227,5.32925,90.02,2.4,3.5,0.8,6.4,3.9,228,2.9,0
2024-04-17,4.5,5.5,41.09,3.43675,5.195,5.32555,87.29,2.4,3.5,0.8,6.4,3.9,228,2.9,0
2024-04-18,4.5,5.5,41.11,3.45425,5.2201,5.32595,87.11,2.4,3.5,0.8,6.4,3.9,228,2.9,0
2024-04-19,4.5,5.5,41.45,3.457,5.21755,5.3219,87.29,2.4,3.5,0.8,6.4,3.9,228,2.9,0
2024-04-22,4.5,5.5,41.27,3.43,5.2115,5.3244,87.0,2.4,3.5,0.8,6.4,3.9,228,2.9,0
2024-04-23,4.5,5.5,41.6,3.43725,5.18545,5.3227,88.42,2.4,3.5,0.8,6.4,3.9,228,2.9,0
2024-04-24,4.5,5.5,41.53,3.465,5.1902,5.323,88.02,2.4,3.5,0.8,6.4,3.9,228,2.9,0
2024-04-25,4.5,5.5,42.16,3.491,5.2427,5.3301,89.01,2.4,3.5,0.8,6.4,3.9,228,2.9,0
2024-04-26,4.5,5.5,42.67,3.47825,5.24395,5.32925,89.5,2.4,3.5,0.8,6.4,3.9,228,2.9,0
2024-04-29,4.5,5.5,42.84,3.454,5.23605,5.32905,88.4,2.4,3.5,0.8,6.4,3.9,228,2.9,0
2024-04-30,4.5,5.5,43.68,3.5025,5.2835,5.3373,87.86,2.4,3.4,0.8,6.4,3.9,64,2.8,1
2024-05-01,4.5,5.5,43.81,3.5025,5.24,5.3367,83.44,2.4,3.4,0.8,6.4,3.9,64,2.8,0
2024-05-02,4.5,5.5,43.18,3.46,5.1906,5.3275,83.67,2.4,3.4,0.8,6.4,3.9,64,2.8,0
2024-05-03,4.5,5.5,43.35,3.42925,5.14625,5.323,82.96,2.4,3.4,0.8,6.4,3.9,64,2.8,0
2024-05-06,4.5,5.5,43.55,3.42,5.1585,5.3255,83.33,2.4,3.4,0.8,6.4,3.9,64,2.8,0
2024-05-07,4.5,5.5,43.57,3.421,5.15763,5.327,83.16,2.4,3.4,0.8,6.4,3.9,64,2.8,0
2024-05-08,4.5,5.5,44.64,3.429,5.1565,5.32565,83.58,2.4,3.4,0.8,6.4,3.9,64,2.8,0
2024-05-09,4.5,5.5,44.01,3.425,5.1392,5.3235,83.88,2.4,3.4,0.8,6.4,3.9,64,2.8,0
2024-05-10,4.5,5.5,44.06,3.445,5.1685,5.3263,82.79,2.4,3.4,0.8,6.4,3.9,64,2.8,0
2024-05-13,4.5,5.5,44.25,3.428,5.1701,5.3301,83.36,2.4,3.4,0.8,6.4,3.9,64,2.8,0
2024-05-14,4.5,5.5,44.34,3.444,5.1477,5.3269,82.38,2.4,3.4,0.8,6.4,3.9,64,2.8,0
2024-05-15,4.5,5.5,45.67,3.39,5.0944,5.325,82.75,2.4,3.4,0.8,6.4,3.9,64,2.8,0
2024-05-16,4.5,5.5,44.67,3.406,5.1373,5.3254,83.27,2.4,3.4,0.8,6.4,3.9,64,2.8,0
2024-05-17,4.5,5.5,44.88,3.4385,5.1485,5.327,83.98,2.4,3.4,0.8,6.4,3.9,64,2.8,0
2024-05-20,4.5,5.5,44.95,3.434,5.165,5.33085,83.71,2.4,3.4,0.8,6.4,3.9,64,2.8,0
2024-05-21,4.5,5.5,45.07,3.42075,5.1503,5.3322,82.88,2.4,3.4,0.8,6.4,3.9,64,2.8,0
2024-05-22,4.5,5.5,45.86,3.452,5.169,5.33715,81.9,2.4,3.4,0.8,6.4,3.9,64,2.8,0
2024-05-23,4.5,5.5,45.17,3.48,5.2094,5.3451,81.36,2.4,3.4,0.8,6.4,3.9,64,2.8,0
2024-05-24,4.5,5.5,45.14,3.498,5.218,5.343,82.12,2.4,3.4,0.8,6.4,3.9,64,2.8,0
2024-05-27,4.5,5.5,45.61,3.46155,5.218,5.343,83.1,2.4,3.4,0.8,6.4,3.9,64,2.8,0
2024-05-28,4.5,5.5,45.85,3.474,5.2325,5.347,84.22,2.4,3.4,0.8,6.4,3.9,64,2.8,0
2024-05-29,4.5,5.5,45.26,3.488,5.2274,5.3447,83.6,2.4,3.4,0.8,6.4,3.9,64,2.8,0
2024-05-30,4.5,5.5,45.79,3.455,5.2002,5.3416,81.86,2.4,3.4,0.8,6.4,3.9,64,2.8,0
2024-05-31,4.5,5.5,45.54,3.5033,5.1792,5.33995,81.62,2.6,3.3,0.8,6.4,3.9,78,2.7,1
2024-06-03,4.5,5.5,45.91,3.447,5.1391,5.33845,78.36,2.6,3.3,0.8,6.4,3.9,78,2.7,0
2024-06-04,4.5,5.5,46.21,3.4227,5.109,5.33755,77.52,2.6,3.3,0.8,6.4,3.9,78,2.7,0
2024-06-05,4.5,5.5,47.14,3.40925,5.0709,5.3354,78.41,2.6,3.3,0.8,6.4,3.9,78,2.7,0
2024-06-06,4.25,5.5,46.17,3.435,5.0622,5.3295,79.87,2.6,3.3,0.8,6.4,3.9,78,2.7,1
2024-06-07,4.25,5.5,46.39,3.4602,5.1696,5.3465,79.62,2.6,3.3,0.8,6.4,3.9,78,2.7,0
2024-06-10,4.25,5.5,46.37,3.479,5.16389,5.3462,81.63,2.6,3.3,0.8,6.4,3.9,78,2.7,0
2024-06-11,4.25,5.5,46.53,3.454,5.14295,5.3451,81.92,2.6,3.3,0.8,6.4,3.9,78,2.7,0
2024-06-12,4.25,5.5,47.85,3.402,5.094,5.3477,82.6,2.6,3.3,0.8,6.4,3.9,78,2.7,0
2024-06-13,4.25,5.5,46.9,3.37735,5.0406,5.3442,82.75,2.6,3.3,0.8,6.4,3.9,78,2.7,0
2024-06-14,4.25,5.5,47.6,3.3413,5.045,5.3495,82.62,2.6,3.3,0.8,6.4,3.9,78,2.7,0
2024-06-17,4.25,5.5,47.2,3.354,5.08516,5.35615,84.25,2.6,3.3,0.8,6.4,3.9,78,2.7,0
2024-06-18,4.25,5.5,47.03,3.354,5.04725,5.3466,85.33,2.6,3.3,0.8,6.4,3.9,78,2.7,0
2024-06-19,4.25,5.5,48.14,3.3618,5.0489,5.3474,85.07,2.6,3.3,0.8,6.4,3.9,78,2.7,0
2024-06-20,4.25,5.5,46.99,3.354,5.0549,5.3455,85.71,2.6,3.3,0.8,6.4,3.9,78,2.7,0
2024-06-21,4.25,5.5,47.2,3.3287,5.0427,5.342,85.24,2.6,3.3,0.8,6.4,3.9,78,2.7,0
2024-06-24,4.25,5.5,47.29,3.3323,5.0339,5.3391,86.01,2.6,3.3,0.8,6.4,3.9,78,2.7,0
2024-06-25,4.25,5.5,47.0,3.323,5.0411,5.3369,85.01,2.6,3.3,0.8,6.4,3.9,78,2.7,0
2024-06-26,4.25,5.5,47.81,3.328,5.06465,5.33209,85.25,2.6,3.3,0.8,6.4,3.9,78,2.7,0
2024-06-27,4.25,5.5,47.22,3.325,5.038,5.3241,86.39,2.6,3.3,0.8,6.4,3.9,78,2.7,0
2024-06-28,4.25,5.5,47.26,3.331,5.054,5.3219,86.41,2.6,3.3,0.8,6.4,3.9,78,2.7,0
2024-07-01,4.25,5.5,46.75,3.3635,5.0472,5.3226,86.6,2.5,3.0,3.6,6.4,4.1,87,2.5,1
2024-07-02,4.25,5.5,47.58,3.3473,5.0337,5.31635,86.24,2.5,3.0,3.6,6.4,4.1,87,2.5,0
2024-07-03,4.25,5.5,47.57,3.343,5.0065,5.3075,87.34,2.5,3.0,3.6,6.4,4.1,87,2.5,0
2024-07-04,4.25,5.5,46.71,3.3532,5.0079,5.3075,87.43,2.5,3.0,3.6,6.4,4.1,87,2.5,0
2024-07-05,4.25,5.5,46.75,3.327,4.949,5.3027,86.54,2.5,3.0,3.6,6.4,4.1,87,2.5,0
2024-07-08,4.25,5.5,46.53,3.327,4.9605,5.30515,85.75,2.5,3.0,3.6,6.4,4.1,87,2.5,0
2024-07-09,4.25,5.5,46.54,3.33,4.9606,5.3085,84.66,2.5,3.0,3.6,6.4,4.1,87,2.5,0
2024-07-10,4.25,5.5,48.09,3.32,4.9495,5.3045,85.08,2.5,3.0,3.6,6.4,4.1,87,2.5,0
2024-07-11,4.25,5.5,46.51,3.262,4.8518,5.28337,85.4,2.5,3.0,3.6,6.4,4.1,87,2.5,0
2024-07-12,4.25,5.5,46.92,3.2645,4.823,5.28735,85.03,2.5,3.0,3.6,6.4,4.1,87,2.5,0
2024-07-15,4.25,5.5,46.68,3.2563,4.7975,5.28285,84.85,2.5,3.0,3.6,6.4,4.1,87,2.5,0
2024-07-16,4.25,5.5,46.67,3.235,4.7865,5.2826,83.73,2.5,3.0,3.6,6.4,4.1,87,2.5,0
2024-07-17,4.25,5.5,48.08,3.2385,4.8036,5.2891,85.08,2.5,3.0,3.6,6.4,4.1,87,2.5,0
2024-07-18,4.25,5.5,46.81,3.23175,4.8155,5.2852,85.11,2.5,3.0,3.6,6.4,4.1,87,2.5,0
2024-07-19,4.25,5.5,46.68,3.2401,4.8303,5.28375,82.63,2.5,3.0,3.6,6.4,4.1,87,2.5,0
2024-07-22,4.25,5.5,46.79,3.253,4.8367,5.286,82.4,2.5,3.0,3.6,6.4,4.1,87,2.5,0
2024-07-23,4.25,5.5,46.72,3.223,4.8181,5.2822,81.01,2.5,3.0,3.6,6.4,4.1,87,2.5,0
2024-07-24,4.25,5.5,47.58,3.181,4.7862,5.2658,81.71,2.5,3.0,3.6,6.4,4.1,87,2.5,0
2024-07-25,4.25,5.5,46.97,3.1495,4.7749,5.26,82.37,2.5,3.0,3.6,6.4,4.1,87,2.5,0
2024-07-26,4.25,5.5,46.7,3.1381,4.74735,5.251,81.13,2.5,3.0,3.6,6.4,4.1,87,2.5,0
2024-07-29,4.25,5.5,46.72,3.1215,4.7605,5.252,79.78,2.5,3.0,3.6,6.4,4.1,87,2.5,0
2024-07-30,4.25,5.5,46.74,3.08075,4.7282,5.2442,78.63,2.5,3.0,3.6,6.4,4.1,87,2.5,0
2024-07-31,4.25,5.5,47.92,3.05575,4.6657,5.2441,80.72,2.6,2.9,3.6,6.4,4.2,53,2.6,1
2024-08-01,4.25,5.5,46.31,3.00925,4.5306,5.2064,79.52,2.6,2.9,3.6,6.4,4.2,53,2.6,0
2024-08-02,4.25,5.5,46.34,2.9,4.2412,5.1325,76.81,2.6,2.9,3.6,6.4,4.2,53,2.6,0
2024-08-05,4.25,5.5,45.84,2.89075,4.26025,5.0918,76.3,2.6,2.9,3.6,6.4,4.2,53,2.6,0
2024-08-06,4.25,5.5,45.67,2.92005,4.32815,5.125,76.48,2.6,2.9,3.6,6.4,4.2,53,2.6,0
2024-08-07,4.25,5.5,46.61,2.916,4.292,5.1017,78.33,2.6,2.9,3.6,6.4,4.2,53,2.6,0
2024-08-08,4.25,5.5,45.85,2.9225,4.3539,5.1285,79.16,2.6,2.9,3.6,6.4,4.2,53,2.6,0
2024-08-09,4.25,5.5,45.97,2.91675,4.3799,5.13455,79.66,2.6,2.9,3.6,6.4,4.2,53,2.6,0
2024-08-12,4.25,5.5,46.06,2.912,4.3658,5.1277,82.3,2.6,2.9,3.6,6.4,4.2,53,2.6,0
2024-08-13,4.25,5.5,46.29,2.87275,4.27635,5.111,80.69,2.6,2.9,3.6,6.4,4.2,53,2.6,0
2024-08-14,4.25,5.5,47.64,2.8785,4.30609,5.1243,79.76,2.6,2.9,3.6,6.4,4.2,53,2.6,0
2024-08-15,4.25,5.5,46.74,2.9488,4.4139,5.13725,81.04,2.6,2.9,3.6,6.4,4.2,53,2.6,0
2024-08-16,4.25,5.5,47.04,2.9235,4.3769,5.1257,79.68,2.6,2.9,3.6,6.4,4.2,53,2.6,0
2024-08-19,4.25,5.5,47.4,2.916,4.3907,5.1295,77.66,2.6,2.9,3.6,6.4,4.2,53,2.6,0
2024-08-20,4.25,5.5,47.0,2.89125,4.3178,5.10355,77.2,2.6,2.9,3.6,6.4,4.2,53,2.6,0
2024-08-21,4.25,5.5,47.6,2.861,4.26075,5.0766,76.05,2.6,2.9,3.6,6.4,4.2,53,2.6,0
2024-08-22,4.25,5.5,46.95,2.88875,4.3205,5.0924,77.22,2.6,2.9,3.6,6.4,4.2,53,2.6,0
2024-08-23,4.25,5.5,46.6,2.853,4.24,5.0625,79.02,2.6,2.9,3.6,6.4,4.2,53,2.6,0
2024-08-26,4.25,5.5,47.02,2.875,4.2643,5.0683,81.43,2.6,2.9,3.6,6.4,4.2,53,2.6,0
2024-08-27,4.25,5.5,46.24,2.869,4.22535,5.0556,79.55,2.6,2.9,3.6,6.4,4.2,53,2.6,0
2024-08-28,4.25,5.5,45.44,2.85835,4.228,5.0449,78.65,2.6,2.9,3.6,6.4,4.2,53,2.6,0
2024-08-29,4.25,5.5,45.26,2.82875,4.2247,5.02738,79.94,2.6,2.9,3.6,6.4,4.2,53,2.6,0
2024-08-30,4.25,5.5,44.63,2.867,4.2275,5.01405,78.8,2.6,2.9,3.6,6.4,4.2,53,2.6,0
2024-09-02,4.25,5.5,44.49,2.873,4.2275,5.01405,77.52,2.2,2.5,3.6,6.3,4.2,9,2.4,1
2024-09-03,4.25,5.5,43.87,2.85875,4.19,4.99487,73.75,2.2,2.5,3.6,6.3,4.2,9,2.4,0
2024-09-04,4.25,5.5,43.49,2.82,4.0725,4.96163,72.7,2.2,2.5,3.6,6.3,4.2,9,2.4,0
2024-09-05,4.25,5.5,43.81,2.789,4.06814,4.9483,72.69,2.2,2.5,3.6,6.3,4.2,9,2.4,0
2024-09-06,4.25,5.5,44.14,2.7581,3.976,4.9582,71.06,2.2,2.5,3.6,6.3,4.2,9,2.4,0
2024-09-09,4.25,5.5,43.65,2.722,3.9991,4.95166,71.84,2.2,2.5,3.6,6.3,4.2,9,2.4,0
2024-09-10,4.25,5.5,43.5,2.70725,3.9419,4.9382,69.19,2.2,2.5,3.6,6.3,4.2,9,2.4,0
2024-09-11,4.25,5.5,44.6,2.687,4.0034,4.9805,70.61,2.2,2.5,3.6,6.3,4.2,9,2.4,0
2024-09-12,3.65,5.5,42.39,2.75175,3.9571,4.906,71.97,2.2,2.5,3.6,6.3,4.2,9,2.4,1
2024-09-13,3.65,5.5,42.07,2.69875,3.897,4.8803,71.61,2.2,2.5,3.6,6.3,4.2,9,2.4,0
2024-09-16,3.65,5.5,40.74,2.672,3.8373,4.81525,72.75,2.2,2.5,3.6,6.3,4.2,9,2.4,0
2024-09-17,3.65,5.5,40.85,2.694,3.8893,4.8226,73.7,2.2,2.5,3.6,6.3,4.2,9,2.4,0
2024-09-18,3.65,5.0,38.25,2.715,3.85825,4.7255,73.65,2.2,2.5,3.6,6.3,4.2,9,2.4,1
2024-09-19,3.65,5.0,37.44,2.688,3.8209,4.6913,74.88,2.2,2.5,3.6,6.3,4.2,9,2.4,0
2024-09-20,3.65,5.0,36.83,2.667,3.8097,4.669,74.49,2.2,2.5,3.6,6.3,4.2,9,2.4,0
2024-09-23,3.65,5.0,38.26,2.60025,3.7959,4.65575,73.9,2.2,2.5,3.6,6.3,4.2,9,2.4,0
2024-09-24,3.65,5.0,38.62,2.547,3.744,4.6382,75.17,2.2,2.5,3.6,6.3,4.2,9,2.4,0
2024-09-25,3.65,5.0,37.92,2.56175,3.7696,4.6255,73.46,2.2,2.5,3.6,6.3,4.2,9,2.4,0
2024-09-26,3.65,5.0,38.58,2.54475,3.8214,4.6155,71.6,2.2,2.5,3.6,6.3,4.2,9,2.4,0
2024-09-27,3.65,5.0,41.25,2.48525,3.7598,4.5935,71.98,2.2,2.5,3.6,6.3,4.2,9,2.4,0
2024-09-30,3.65,5.0,41.94,2.4686,3.8582,4.6284,71.77,1.7,2.4,3.3,6.3,4.1,155,2.3,1
2024-10-01,3.65,5.0,42.29,2.4334,3.83011,4.6156,73.56,1.7,2.4,3.3,6.3,4.1,155,2.3,0
2024-10-02,3.65,5.0,43.62,2.43995,3.85021,4.60495,73.9,1.7,2.4,3.3,6.3,4.1,155,2.3,0
2024-10-03,3.65,5.0,42.35,2.46,3.8976,4.5936,77.62,1.7,2.4,3.3,6.3,4.1,155,2.3,0
2024-10-04,3.65,5.0,43.44,2.55,4.0916,4.6488,78.05,1.7,2.4,3.3,6.3,4.1,155,2.3,0
2024-10-07,3.65,5.0,44.26,2.58325,4.154,4.6788,80.93,1.7,2.4,3.3,6.3,4.1,155,2.3,0
2024-10-08,3.65,5.0,43.97,2.57675,4.12698,4.6703,77.18,1.7,2.4,3.3,6.3,4.1,155,2.3,0
2024-10-09,3.65,5.0,45.28,2.594,4.1827,4.67545,76.58,1.7,2.4,3.3,6.3,4.1,155,2.3,0
2024-10-10,3.65,5.0,44.5,2.56902,4.12245,4.65554,79.4,1.7,2.4,3.3,6.3,4.1,155,2.3,0
2024-10-11,3.65,5.0,44.45,2.5558,4.1135,4.6473,79.04,1.7,2.4,3.3,6.3,4.1,155,2.3,0
2024-10-14,3.65,5.0,44.54,2.558,4.1327,4.65525,77.46,1.7,2.4,3.3,6.3,4.1,155,2.3,0
2024-10-15,3.65,5.0,43.72,2.52075,4.1115,4.6325,74.25,1.7,2.4,3.3,6.3,4.1,155,2.3,0
2024-10-16,3.65,5.0,44.89,2.483,4.10325,4.63,74.22,1.7,2.4,3.3,6.3,4.1,155,2.3,0
2024-10-17,3.4,5.0,43.98,2.41425,4.1328,4.6401,74.45,1.7,2.4,3.3,6.3,4.1,155,2.3,1
2024-10-18,3.4,5.0,44.08,2.371,4.10985,4.62455,73.06,1.7,2.4,3.3,6.3,4.1,155,2.3,0
2024-10-21,3.4,5.0,44.47,2.417,4.18,4.646,74.29,1.7,2.4,3.3,6.3,4.1,155,2.3,0
2024-10-22,3.4,5.0,44.45,2.42685,4.1707,4.62963,76.04,1.7,2.4,3.3,6.3,4.1,155,2.3,0
2024-10-23,3.4,5.0,45.66,2.354,4.1923,4.6288,74.96,1.7,2.4,3.3,6.3,4.1,155,2.3,0
2024-10-24,3.4,5.0,44.92,2.3222,4.16688,4.60788,74.38,1.7,2.4,3.3,6.3,4.1,155,2.3,0
2024-10-25,3.4,5.0,44.94,2.33,4.1754,4.5939,76.05,1.7,2.4,3.3,6.3,4.1,155,2.3,0
2024-10-28,3.4,5.0,44.99,2.308,4.1891,4.5933,71.42,1.7,2.4,3.3,6.3,4.1,155,2.3,0
2024-10-29,3.4,5.0,44.65,2.31225,4.1506,4.5759,71.12,1.7,2.4,3.3,6.3,4.1,155,2.3,0
2024-10-30,3.4,5.0,44.74,2.404,4.20135,4.57175,72.55,1.7,2.4,3.3,6.3,4.1,155,2.3,0
2024-10-31,3.4,5.0,43.69,2.39512,4.1895,4.5554,73.16,2.0,2.6,3.3,6.2,4.1,33,2.5,1
2024-11-01,3.4,5.0,42.95,2.3958,4.1995,4.536,73.1,2.0,2.6,3.3,6.2,4.1,33,2.5,0
2024-11-04,3.4,5.0,42.97,2.39975,4.1715,4.5273,75.08,2.0,2.6,3.3,6.2,4.1,33,2.5,0
2024-11-05,3.4,5.0,43.18,2.4255,4.1806,4.5248,75.53,2.0,2.6,3.3,6.2,4.1,33,2.5,0
2024-11-06,3.4,5.0,43.65,2.3047,4.2503,4.5245,74.92,2.0,2.6,3.3,6.2,4.1,33,2.5,0
2024-11-07,3.4,4.75,42.51,2.322,4.2076,4.5092,75.63,2.0,2.6,3.3,6.2,4.1,33,2.5,1
2024-11-08,3.4,4.75,42.92,2.27325,4.264,4.5225,73.87,2.0,2.6,3.3,6.2,4.1,33,2.5,0
2024-11-11,3.4,4.75,42.82,2.2688,4.2862,4.5265,71.83,2.0,2.6,3.3,6.2,4.1,33,2.5,0
2024-11-12,3.4,4.75,43.13,2.269,4.32035,4.5293,71.89,2.0,2.6,3.3,6.2,4.1,33,2.5,0
2024-11-13,3.4,4.75,43.7,2.2705,4.2443,4.48645,72.28,2.0,2.6,3.3,6.2,4.1,33,2.5,0
2024-11-14,3.4,4.75,43.45,2.1965,4.3005,4.521,72.56,2.0,2.6,3.3,6.2,4.1,33,2.5,0
2024-11-15,3.4,4.75,43.46,2.21225,4.2813,4.5215,71.04,2.0,2.6,3.3,6.2,4.1,33,2.5,0
2024-11-18,3.4,4.75,43.6,2.26725,4.27017,4.521,73.3,2.0,2.6,3.3,6.2,4.1,33,2.5,0
2024-11-19,3.4,4.75,44.25,2.264,4.28386,4.52,73.31,2.0,2.6,3.3,6.2,4.1,33,2.5,0
2024-11-20,3.4,4.75,45.45,2.26135,4.30336,4.52545,72.81,2.0,2.6,3.3,6.2,4.1,33,2.5,0
2024-11-21,3.4,4.75,44.7,2.241,4.3203,4.5195,74.23,2.0,2.6,3.3,6.2,4.1,33,2.5,0
2024-11-22,3.4,4.75,46.42,2.11925,4.3394,4.52485,75.17,2.0,2.6,3.3,6.2,4.1,33,2.5,0
2024-11-25,3.4,4.75,45.8,2.1533,4.29403,4.5146,73.01,2.0,2.6,3.3,6.2,4.1,33,2.5,0
2024-11-26,3.4,4.75,44.4,2.1628,4.2924,4.4832,72.81,2.0,2.6,3.3,6.2,4.1,33,2.5,0
2024-11-27,3.4,4.75,43.73,2.194,4.265,4.4695,72.83,2.0,2.6,3.3,6.2,4.1,33,2.5,0
2024-11-28,3.4,4.75,44.3,2.15525,4.2644,4.4746,73.28,2.0,2.6,3.3,6.2,4.1,33,2.5,0
2024-11-29,3.4,4.75,44.15,2.0938,4.2353,4.467,72.94,2.0,2.6,3.3,6.2,4.1,33,2.5,0
2024-12-02,3.4,4.75,43.26,2.06475,4.2305,4.4512,71.83,2.2,2.7,3.3,6.2,4.2,134,2.6,1
2024-12-03,3.4,4.75,42.86,2.09,4.20735,4.4469,73.62,2.2,2.7,3.3,6.2,4.2,134,2.6,0
2024-12-04,3.4,4.75,42.35,2.112,4.1653,4.4329,72.31,2.2,2.7,3.3,6.2,4.2,134,2.6,0
2024-12-05,3.4,4.75,43.35,2.14825,4.1722,4.4273,72.09,2.2,2.7,3.3,6.2,4.2,134,2.6,0
2024-12-06,3.4,4.75,42.34,2.14835,4.1285,4.3945,71.12,2.2,2.7,3.3,6.2,4.2,134,2.6,0
2024-12-09,3.4,4.75,42.69,2.13525,4.1363,4.398,72.14,2.2,2.7,3.3,6.2,4.2,134,2.6,0
2024-12-10,3.4,4.75,42.45,2.11716,4.1475,4.39605,72.19,2.2,2.7,3.3,6.2,4.2,134,2.6,0
2024-12-11,3.4,4.75,41.75,2.10325,4.142,4.36776,73.52,2.2,2.7,3.3,6.2,4.2,134,2.6,0
2024-12-12,3.15,4.75,42.36,2.14425,4.1577,4.3563,73.41,2.2,2.7,3.3,6.2,4.2,134,2.6,1
2024-12-13,3.15,4.75,42.1,2.17675,4.1908,4.36235,74.49,2.2,2.7,3.3,6.2,4.2,134,2.6,0
2024-12-16,3.15,4.75,42.42,2.1625,4.1948,4.3588,73.91,2.2,2.7,3.3,6.2,4.2,134,2.6,0
2024-12-17,3.15,4.75,42.4,2.15975,4.1938,4.35785,73.19,2.2,2.7,3.3,6.2,4.2,134,2.6,0
2024-12-18,3.15,4.5,42.15,2.14275,4.27315,4.347,73.39,2.2,2.7,3.3,6.2,4.2,134,2.6,1
2024-12-19,3.15,4.5,42.98,2.1545,4.23765,4.33445,72.88,2.2,2.7,3.3,6.2,4.2,134,2.6,0
2024-12-20,3.15,4.5,42.85,2.14,4.2216,4.3303,72.94,2.2,2.7,3.3,6.2,4.2,134,2.6,0
2024-12-23,3.15,4.5,43.4,2.13325,4.2392,4.3279,72.63,2.2,2.7,3.3,6.2,4.2,134,2.6,0
2024-12-24,3.15,4.5,44.53,2.126,4.23115,4.33085,73.58,2.2,2.7,3.3,6.2,4.2,134,2.6,0
2024-12-25,3.15,4.5,44.51,2.1245,4.23115,4.33085,73.58,2.2,2.7,3.3,6.2,4.2,134,2.6,0
2024-12-26,3.15,4.5,44.49,2.1245,4.2242,4.3218,73.26,2.2,2.7,3.3,6.2,4.2,134,2.6,0
2024-12-27,3.15,4.5,44.09,2.1319,4.2142,4.31475,74.17,2.2,2.7,3.3,6.2,4.2,134,2.6,0
2024-12-30,3.15,4.5,42.59,2.12276,4.1711,4.3055,74.39,2.2,2.7,3.3,6.2,4.2,134,2.6,0
2024-12-31,3.15,4.5,42.4,2.1213,4.17587,4.302,74.64,2.4,2.9,1.9,6.2,4.1,237,2.7,1
2025-01-01,3.15,4.5,42.49,2.1213,4.17587,4.302,74.64,2.4,2.9,1.9,6.2,4.1,237,2.7,0
2025-01-02,3.15,4.5,42.5,2.143,4.1762,4.29325,75.93,2.4,2.9,1.9,6.2,4.1,237,2.7,0
2025-01-03,3.15,4.5,41.91,2.18825,4.1955,4.2909,76.51,2.4,2.9,1.9,6.2,4.1,237,2.7,0
2025-01-06,3.15,4.5,41.85,2.22675,4.19623,4.2891,76.3,2.4,2.9,1.9,6.2,4.1,237,2.7,0
2025-01-07,3.15,4.5,41.87,2.21935,4.209,4.2935,77.05,2.4,2.9,1.9,6.2,4.1,237,2.7,0
2025-01-08,3.15,4.5,42.05,2.223,4.20125,4.293,76.16,2.4,2.9,1.9,6.2,4.1,237,2.7,0
2025-01-09,3.15,4.5,42.84,2.24,4.182,4.28975,76.92,2.4,2.9,1.9,6.2,4.1,237,2.7,0
2025-01-10,3.15,4.5,42.23,2.27425,4.26135,4.30469,79.76,2.4,2.9,1.9,6.2,4.1,237,2.7,0
2025-01-13,3.15,4.5,42.74,2.28025,4.26946,4.3079,81.01,2.4,2.9,1.9,6.2,4.1,237,2.7,0
2025-01-14,3.15,4.5,43.0,2.303,4.26369,4.3036,79.92,2.4,2.9,1.9,6.2,4.1,237,2.7,0
2025-01-15,3.15,4.5,42.96,2.25025,4.20463,4.2955,82.03,2.4,2.9,1.9,6.2,4.1,237,2.7,0
2025-01-16,3.15,4.5,43.82,2.225,4.187,4.2931,81.29,2.4,2.9,1.9,6.2,4.1,237,2.7,0
2025-01-17,3.15,4.5,43.75,2.21425,4.20989,4.29254,80.79,2.4,2.9,1.9,6.2,4.1,237,2.7,0
2025-01-20,3.15,4.5,43.85,2.231,4.2047,4.292,80.15,2.4,2.9,1.9,6.2,4.1,237,2.7,0
2025-01-21,3.15,4.5,44.47,2.218,4.2072,4.2995,79.29,2.4,2.9,1.9,6.2,4.1,237,2.7,0
2025-01-22,3.15,4.5,44.67,2.22925,4.21174,4.3035,79.0,2.4,2.9,1.9,6.2,4.1,237,2.7,0
2025-01-23,3.15,4.5,45.52,2.23475,4.2012,4.30067,78.29,2.4,2.9,1.9,6.2,4.1,237,2.7,0
2025-01-24,3.15,4.5,45.16,2.27475,4.1823,4.29641,78.5,2.4,2.9,1.9,6.2,4.1,237,2.7,0
2025-01-27,3.15,4.5,45.42,2.25125,4.1423,4.29295,77.08,2.4,2.9,1.9,6.2,4.1,237,2.7,0
2025-01-28,3.15,4.5,45.12,2.25925,4.14375,4.29076,77.49,2.4,2.9,1.9,6.2,4.1,237,2.7,0
2025-01-29,3.15,4.5,44.77,2.265,4.1669,4.30392,76.58,2.4,2.9,1.9,6.2,4.1,237,2.7,0
2025-01-30,2.9,4.5,46.82,2.1996,4.1685,4.304,76.87,2.4,2.9,1.9,6.2,4.1,237,2.7,1
2025-01-31,2.9,4.5,46.54,2.136,4.1666,4.3028,76.76,2.5,3.0,1.9,6.3,4.0,-48,2.6,1
2025-02-03,2.9,4.5,46.6,2.07,4.1964,4.30555,75.96,2.5,3.0,1.9,6.3,4.0,-48,2.6,0
2025-02-04,2.9,4.5,46.6,2.08875,4.18175,4.3042,76.2,2.5,3.0,1.9,6.3,4.0,-48,2.6,0
2025-02-05,2.9,4.5,46.73,2.092,4.1702,4.30557,74.61,2.5,3.0,1.9,6.3,4.0,-48,2.6,0
2025-02-06,2.9,4.5,48.1,2.0921,4.18175,4.3045,74.29,2.5,3.0,1.9,6.3,4.0,-48,2.6,0
2025-02-07,2.9,4.5,47.79,2.07995,4.2387,4.31542,74.66,2.5,3.0,1.9,6.3,4.0,-48,2.6,0
2025-02-10,2.9,4.5,47.41,2.06275,4.23175,4.319,75.87,2.5,3.0,1.9,6.3,4.0,-48,2.6,0
2025-02-11,2.9,4.5,47.6,2.10246,4.24509,4.3219,77.0,2.5,3.0,1.9,6.3,4.0,-48,2.6,0
2025-02-12,2.9,4.5,47.76,2.1315,4.29812,4.3268,75.18,2.5,3.0,1.9,6.3,4.0,-48,2.6,0
2025-02-13,2.9,4.5,49.31,2.10525,4.2685,4.32347,75.02,2.5,3.0,1.9,6.3,4.0,-48,2.6,0
2025-02-14,2.9,4.5,49.29,2.12961,4.2324,4.3261,74.74,2.5,3.0,1.9,6.3,4.0,-48,2.6,0
2025-02-17,2.9,4.5,48.7,2.13375,4.2254,4.326,75.22,2.5,3.0,1.9,6.3,4.0,-48,2.6,0
2025-02-18,2.9,4.5,48.72,2.128,4.2597,4.33095,75.84,2.5,3.0,1.9,6.3,4.0,-48,2.6,0
2025-02-19,2.9,4.5,48.54,2.1585,4.24145,4.3284,76.04,2.5,3.0,1.9,6.3,4.0,-48,2.6,0
2025-02-20,2.9,4.5,50.75,2.139,4.2285,4.322,76.48,2.5,3.0,1.9,6.3,4.0,-48,2.6,0
2025-02-21,2.9,4.5,50.42,2.10825,4.1771,4.31348,74.43,2.5,3.0,1.9,6.3,4.0,-48,2.6,0
2025-02-24,2.9,4.5,49.71,2.09975,4.16175,4.31615,74.78,2.5,3.0,1.9,6.3,4.0,-48,2.6,0
2025-02-25,2.9,4.5,49.6,2.0795,4.1228,4.316,73.02,2.5,3.0,1.9,6.3,4.0,-48,2.6,0
2025-02-26,2.9,4.5,50.75,2.0705,4.11765,4.3181,72.53,2.5,3.0,1.9,6.3,4.0,-48,2.6,0
2025-02-27,2.9,4.5,51.33,2.05445,4.1013,4.315,74.04,2.5,3.0,1.9,6.3,4.0,-48,2.6,0
2025-02-28,2.9,4.5,51.21,2.04725,4.0507,4.306,73.18,2.3,2.8,1.9,6.3,4.2,42,2.7,1
2025-03-03,2.9,4.5,51.24,2.078,4.02055,4.29387,71.62,2.3,2.8,1.9,6.3,4.2,42,2.7,0
2025-03-04,2.9,4.5,52.12,2.05045,4.039,4.304,71.04,2.3,2.8,1.9,6.3,4.2,42,2.7,0
2025-03-05,2.9,4.5,53.73,2.156,4.0429,4.30375,69.3,2.3,2.8,1.9,6.3,4.2,42,2.7,0
2025-03-06,2.65,4.5,52.37,2.144,3.98845,4.28914,69.46,2.3,2.8,1.9,6.3,4.2,42,2.7,1
2025-03-07,2.65,4.5,53.2,2.15195,4.0287,4.3062,70.36,2.3,2.8,1.9,6.3,4.2,42,2.7,0
2025-03-10,2.65,4.5,53.36,2.121,3.9405,4.2854,69.28,2.3,2.8,1.9,6.3,4.2,42,2.7,0
2025-03-11,2.65,4.5,53.91,2.11975,3.99075,4.2947,69.56,2.3,2.8,1.9,6.3,4.2,42,2.7,0
2025-03-12,2.65,4.5,55.2,2.13,4.0287,4.30044,70.95,2.3,2.8,1.9,6.3,4.2,42,2.7,0
2025-03-13,2.65,4.5,54.18,2.10255,4.0065,4.2922,69.88,2.3,2.8,1.9,6.3,4.2,42,2.7,0
2025-03-14,2.65,4.5,54.5,2.1,4.0479,4.30137,70.58,2.3,2.8,1.9,6.3,4.2,42,2.7,0
2025-03-17,2.65,4.5,55.55,2.10875,4.08375,4.31035,71.07,2.3,2.8,1.9,6.3,4.2,42,2.7,0
2025-03-18,2.65,4.5,55.29,2.10051,4.0895,4.31008,70.56,2.3,2.8,1.9,6.3,4.2,42,2.7,0
2025-03-19,2.65,4.5,56.32,2.1058,4.04745,4.3015,70.78,2.3,2.8,1.9,6.3,4.2,42,2.7,0
2025-03-20,2.65,4.5,55.11,2.09201,4.033,4.2997,72.0,2.3,2.8,1.9,6.3,4.2,42,2.7,0
2025-03-21,2.65,4.5,55.13,2.068,4.0134,4.29711,72.16,2.3,2.8,1.9,6.3,4.2,42,2.7,0
2025-03-24,2.65,4.5,55.57,2.05725,4.07334,4.30775,73.0,2.3,2.8,1.9,6.3,4.2,42,2.7,0
2025-03-25,2.65,4.5,55.66,2.0665,4.066,4.30775,73.02,2.3,2.8,1.9,6.3,4.2,42,2.7,0
2025-03-26,2.65,4.5,56.89,2.034,4.067,4.30183,73.79,2.3,2.8,1.9,6.3,4.2,42,2.7,0
2025-03-27,2.65,4.5,55.71,2.01525,4.0573,4.30046,74.03,2.3,2.8,1.9,6.3,4.2,42,2.7,0
2025-03-28,2.65,4.5,55.94,1.984,3.98419,4.28494,73.63,2.3,2.8,1.9,6.3,4.2,42,2.7,0
2025-03-31,2.65,4.5,55.52,2.01806,3.9712,4.287,74.74,2.2,2.4,-0.6,6.3,4.2,67,2.4,1
2025-04-01,2.65,4.5,55.51,1.98725,3.96603,4.2832,74.49,2.2,2.4,-0.6,6.3,4.2,67,2.4,0
2025-04-02,2.65,4.5,57.97,1.99125,3.96905,4.28992,74.95,2.2,2.4,-0.6,6.3,4.2,67,2.4,0
2025-04-03,2.65,4.5,56.36,1.942,3.82689,4.253,70.14,2.2,2.4,-0.6,6.3,4.2,67,2.4,0
2025-04-04,2.65,4.5,57.0,1.88725,3.75276,4.207,65.58,2.2,2.4,-0.6,6.3,4.2,67,2.4,0
2025-04-07,2.65,4.5,57.83,1.85,3.80588,4.2295,64.21,2.2,2.4,-0.6,6.3,4.2,67,2.4,0
2025-04-08,2.65,4.5,56.77,1.831,3.7191,4.1877,62.82,2.2,2.4,-0.6,6.3,4.2,67,2.4,0
2025-04-09,2.65,4.5,60.06,1.79448,3.95455,4.299,65.48,2.2,2.4,-0.6,6.3,4.2,67,2.4,0
2025-04-10,2.65,4.5,60.25,1.84654,3.86525,4.25625,63.33,2.2,2.4,-0.6,6.3,4.2,67,2.4,0
2025-04-11,2.65,4.5,61.61,1.8433,3.9374,4.27239,64.76,2.2,2.4,-0.6,6.3,4.2,67,2.4,0
2025-04-14,2.65,4.5,61.75,1.80943,3.8886,4.27822,64.88,2.2,2.4,-0.6,6.3,4.2,67,2.4,0
2025-04-15,2.65,4.5,61.56,1.80975,3.887,4.27922,64.67,2.2,2.4,-0.6,6.3,4.2,67,2.4,0
2025-04-16,2.65,4.5,62.69,1.78891,3.835,4.27076,65.85,2.2,2.4,-0.6,6.3,4.2,67,2.4,0
2025-04-17,2.4,4.5,63.67,1.72985,3.861,4.28485,67.96,2.2,2.4,-0.6,6.3,4.2,67,2.4,1
2025-04-18,2.4,4.5,63.73,1.72985,3.861,4.28485,67.96,2.2,2.4,-0.6,6.3,4.2,67,2.4,0
2025-04-21,2.4,4.5,64.43,1.72985,3.826,4.28136,66.26,2.2,2.4,-0.6,6.3,4.2,67,2.4,0
2025-04-22,2.4,4.5,64.3,1.69901,3.86795,4.28503,67.44,2.2,2.4,-0.6,6.3,4.2,67,2.4,0
2025-04-23,2.4,4.5,63.75,1.75195,3.9203,4.2924,66.12,2.2,2.4,-0.6,6.3,4.2,67,2.4,0
2025-04-24,2.4,4.5,64.56,1.7092,3.8722,4.28355,66.55,2.2,2.4,-0.6,6.3,4.2,67,2.4,0
2025-04-25,2.4,4.5,64.5,1.7195,3.8388,4.27665,66.87,2.2,2.4,-0.6,6.3,4.2,67,2.4,0
2025-04-28,2.4,4.5,65.83,1.727,3.81295,4.27876,65.86,2.2,2.4,-0.6,6.3,4.2,67,2.4,0
2025-04-29,2.4,4.5,66.7,1.72625,3.7815,4.27186,64.25,2.2,2.4,-0.6,6.3,4.2,67,2.4,0
2025-04-30,2.4,4.5,65.17,1.69445,3.7435,4.26585,63.12,2.2,2.3,-0.6,6.3,4.2,108,2.3,1
2025-05-01,2.4,4.5,65.2,1.69445,3.8048,4.26765,62.13,2.2,2.3,-0.6,6.3,4.2,108,2.3,0
2025-05-02,2.4,4.5,66.16,1.7419,3.90615,4.30203,61.29,2.2,2.3,-0.6,6.3,4.2,108,2.3,0
2025-05-05,2.4,4.5,66.64,1.73135,3.93175,4.3081,60.23,2.2,2.3,-0.6,6.3,4.2,108,2.3,0
2025-05-06,2.4,4.5,66.96,1.71626,3.89175,4.30076,62.15,2.2,2.3,-0.6,6.3,4.2,108,2.3,0
2025-05-07,2.4,4.5,68.46,1.7011,3.9056,4.3062,61.12,2.2,2.3,-0.6,6.3,4.2,108,2.3,0
2025-05-08,2.4,4.5,66.55,1.73775,3.9718,4.31098,62.84,2.2,2.3,-0.6,6.3,4.2,108,2.3,0
2025-05-09,2.4,4.5,66.64,1.735,3.9815,4.30991,63.91,2.2,2.3,-0.6,6.3,4.2,108,2.3,0
2025-05-12,2.4,4.5,65.41,1.83405,4.06595,4.32528,64.96,2.2,2.3,-0.6,6.3,4.2,108,2.3,0
2025-05-13,2.4,4.5,66.16,1.83505,4.0717,4.32541,66.63,2.2,2.3,-0.6,6.3,4.2,108,2.3,0
2025-05-14,2.4,4.5,67.82,1.84155,4.10225,4.3251,66.09,2.2,2.3,-0.6,6.3,4.2,108,2.3,0
2025-05-15,2.4,4.5,66.77,1.797,4.04725,4.32081,64.53,2.2,2.3,-0.6,6.3,4.2,108,2.3,0
2025-05-16,2.4,4.5,66.8,1.78225,4.085,4.32265,65.41,2.2,2.3,-0.6,6.3,4.2,108,2.3,0
2025-05-19,2.4,4.5,67.58,1.78025,4.06664,4.32535,65.54,2.2,2.3,-0.6,6.3,4.2,108,2.3,0
2025-05-20,2.4,4.5,68.14,1.772,4.06685,4.3271,65.38,2.2,2.3,-0.6,6.3,4.2,108,2.3,0
2025-05-21,2.4,4.5,70.08,1.79,4.07948,4.3275,64.91,2.2,2.3,-0.6,6.3,4.2,108,2.3,0
2025-05-22,2.4,4.5,69.04,1.75975,4.07893,4.32762,64.44,2.2,2.3,-0.6,6.3,4.2,108,2.3,0
2025-05-23,2.4,4.5,70.19,1.728,4.08605,4.327,64.78,2.2,2.3,-0.6,6.3,4.2,108,2.3,0
2025-05-26,2.4,4.5,70.14,1.724,4.08605,4.327,64.74,2.2,2.3,-0.6,6.3,4.2,108,2.3,0
2025-05-27,2.4,4.5,69.86,1.73015,4.0873,4.3285,64.09,2.2,2.3,-0.6,6.3,4.2,108,2.3,0
2025-05-28,2.4,4.5,68.67,1.73203,4.10128,4.3296,64.9,2.2,2.3,-0.6,6.3,4.2,108,2.3,0
2025-05-29,2.4,4.5,69.55,1.718,4.05368,4.32087,64.15,2.2,2.3,-0.6,6.3,4.2,108,2.3,0
2025-05-30,2.4,4.5,69.41,1.7225,4.02494,4.31765,63.9,2.2,2.3,-0.6,6.3,4.2,108,2.3,0
2025-06-02,2.4,4.5,69.87,1.73,4.04654,4.31717,64.63,1.9,2.4,-0.6,6.3,4.3,13,2.5,1
2025-06-03,2.4,4.5,69.62,1.7225,4.055,4.3157,65.63,1.9,2.4,-0.6,6.3,4.3,13,2.5,0
2025-06-04,2.4,4.5,71.35,1.72025,3.9904,4.3093,64.86,1.9,2.4,-0.6,6.3,4.3,13,2.5,0
2025-06-05,2.15,4.5,70.07,1.77275,4.016,4.3076,65.34,1.9,2.4,-0.6,6.3,4.3,13,2.5,1
2025-06-06,2.15,4.5,70.36,1.778,4.09534,4.32382,66.47,1.9,2.4,-0.6,6.3,4.3,13,2.5,0
2025-06-09,2.15,4.5,70.46,1.7701,4.088,4.32398,67.04,1.9,2.4,-0.6,6.3,4.3,13,2.5,0
2025-06-10,2.15,4.5,70.45,1.76175,4.0958,4.323,66.87,1.9,2.4,-0.6,6.3,4.3,13,2.5,0
2025-06-11,2.15,4.5,72.3,1.75875,4.04271,4.3143,69.77,1.9,2.4,-0.6,6.3,4.3,13,2.5,0
2025-06-12,2.15,4.5,71.25,1.74525,4.01524,4.3097,69.36,1.9,2.4,-0.6,6.3,4.3,13,2.5,0
2025-06-13,2.15,4.5,71.18,1.7697,4.03351,4.3123,74.23,1.9,2.4,-0.6,6.3,4.3,13,2.5,0
2025-06-16,2.15,4.5,71.32,1.771,4.065,4.33115,73.23,1.9,2.4,-0.6,6.3,4.3,13,2.5,0
2025-06-17,2.15,4.5,72.38,1.786,4.0645,4.3251,76.45,1.9,2.4,-0.6,6.3,4.3,13,2.5,0
2025-06-18,2.15,4.5,72.44,1.77813,4.04875,4.3261,76.7,1.9,2.4,-0.6,6.3,4.3,13,2.5,0
2025-06-19,2.15,4.5,71.07,1.773,4.05045,4.3284,78.85,1.9,2.4,-0.6,6.3,4.3,13,2.5,0
2025-06-20,2.15,4.5,70.87,1.77925,4.02128,4.31662,77.01,1.9,2.4,-0.6,6.3,4.3,13,2.5,0
2025-06-23,2.15,4.5,71.08,1.7716,3.98675,4.30738,71.48,1.9,2.4,-0.6,6.3,4.3,13,2.5,0
2025-06-24,2.15,4.5,71.24,1.77025,3.94913,4.30837,67.14,1.9,2.4,-0.6,6.3,4.3,13,2.5,0
2025-06-25,2.15,4.5,72.46,1.75975,3.91663,4.2961,67.68,1.9,2.4,-0.6,6.3,4.3,13,2.5,0
2025-06-26,2.15,4.5,71.21,1.747,3.878,4.2932,67.73,1.9,2.4,-0.6,6.3,4.3,13,2.5,0
2025-06-27,2.15,4.5,71.38,1.76965,3.88736,4.2969,67.77,1.9,2.4,-0.6,6.3,4.3,13,2.5,0
2025-06-30,2.15,4.5,71.62,1.768,3.86673,4.3019,67.61,2.0,2.7,3.8,6.3,4.1,-20,2.6,1
2025-07-01,2.15,4.5,71.6,1.7603,3.8909,4.29925,67.11,2.0,2.7,3.8,6.3,4.1,-20,2.6,0
2025-07-02,2.15,4.5,71.55,1.76275,3.87607,4.28208,69.11,2.0,2.7,3.8,6.3,4.1,-20,2.6,0
2025-07-03,2.15,4.5,72.79,1.74745,3.983,4.3315,68.8,2.0,2.7,3.8,6.3,4.1,-20,2.6,0
2025-07-04,2.15,4.5,73.01,1.73186,3.96,4.329,68.3,2.0,2.7,3.8,6.3,4.1,-20,2.6,0
2025-07-07,2.15,4.5,72.61,1.7365,3.986,4.3307,69.58,2.0,2.7,3.8,6.3,4.1,-20,2.6,0
2025-07-08,2.15,4.5,72.65,1.76025,3.99495,4.3354,70.15,2.0,2.7,3.8,6.3,4.1,-20,2.6,0
2025-07-09,2.15,4.5,74.68,1.757,3.9525,4.322,70.19,2.0,2.7,3.8,6.3,4.1,-20,2.6,0
2025-07-10,2.15,4.5,72.0,1.77166,3.96204,4.31945,68.64,2.0,2.7,3.8,6.3,4.1,-20,2.6,0
2025-07-11,2.15,4.5,71.85,1.786,3.975,4.3192,70.36,2.0,2.7,3.8,6.3,4.1,-20,2.6,0
2025-07-14,2.15,4.5,72.04,1.7645,3.9885,4.32666,69.21,2.0,2.7,3.8,6.3,4.1,-20,2.6,0
2025-07-15,2.15,4.5,71.89,1.7565,4.0256,4.3373,68.71,2.0,2.7,3.8,6.3,4.1,-20,2.6,0
2025-07-16,2.15,4.5,73.71,1.741,3.9924,4.3309,68.52,2.0,2.7,3.8,6.3,4.1,-20,2.6,0
2025-07-17,2.15,4.5,71.77,1.751,4.01279,4.33426,69.52,2.0,2.7,3.8,6.3,4.1,-20,2.6,0
2025-07-18,2.15,4.5,71.66,1.747,3.9866,4.3191,69.28,2.0,2.7,3.8,6.3,4.1,-20,2.6,0
2025-07-21,2.15,4.5,72.14,1.72975,3.9854,4.32321,69.21,2.0,2.7,3.8,6.3,4.1,-20,2.6,0
2025-07-22,2.15,4.5,72.57,1.72325,3.96886,4.32028,68.59,2.0,2.7,3.8,6.3,4.1,-20,2.6,0
2025-07-23,2.15,4.5,73.96,1.76,3.988,4.316,68.51,2.0,2.7,3.8,6.3,4.1,-20,2.6,0
2025-07-24,2.15,4.5,71.7,1.80625,4.0103,4.31734,69.18,2.0,2.7,3.8,6.3,4.1,-20,2.6,0
2025-07-25,2.15,4.5,71.35,1.813,4.0093,4.316,68.44,2.0,2.7,3.8,6.3,4.1,-20,2.6,0
2025-07-28,2.15,4.5,70.2,1.79985,4.00697,4.30936,70.04,2.0,2.7,3.8,6.3,4.1,-20,2.6,0
2025-07-29,2.15,4.5,69.6,1.812,3.9735,4.3001,72.51,2.0,2.7,3.8,6.3,4.1,-20,2.6,0
2025-07-30,2.15,4.5,70.73,1.8218,4.053,4.32357,73.24,2.0,2.7,3.8,6.3,4.1,-20,2.6,0
2025-07-31,2.15,4.5,69.38,1.83585,4.0781,4.32321,72.53,2.0,2.7,3.8,6.3,4.3,64,2.6,1
2025-08-01,2.15,4.5,68.51,1.8075,3.8153,4.2472,69.67,2.0,2.7,3.8,6.3,4.3,64,2.6,0
2025-08-04,2.15,4.5,67.96,1.7925,3.79537,4.2348,68.76,2.0,2.7,3.8,6.3,4.3,64,2.6,0
2025-08-05,2.15,4.5,68.13,1.79451,3.8386,4.24721,67.64,2.0,2.7,3.8,6.3,4.3,64,2.6,0
2025-08-06,2.15,4.5,69.42,1.80701,3.817,4.23235,66.89,2.0,2.7,3.8,6.3,4.3,64,2.6,0
2025-08-07,2.15,4.5,68.41,1.80921,3.8151,4.22588,66.43,2.0,2.7,3.8,6.3,4.3,64,2.6,0
2025-08-08,2.15,4.5,67.71,1.82626,3.8475,4.2352,66.59,2.0,2.7,3.8,6.3,4.3,64,2.6,0
2025-08-11,2.15,4.5,67.82,1.83265,3.84775,4.23805,66.63,2.0,2.7,3.8,6.3,4.3,64,2.6,0
2025-08-12,2.15,4.5,67.66,1.836,3.8063,4.2166,66.12,2.0,2.7,3.8,6.3,4.3,64,2.6,0
2025-08-13,2.15,4.5,68.43,1.8225,3.76,4.1867,65.63,2.0,2.7,3.8,6.3,4.3,64,2.6,0
2025-08-14,2.15,4.5,67.11,1.823,3.81425,4.202,66.84,2.0,2.7,3.8,6.3,4.3,64,2.6,0
2025-08-15,2.15,4.5,67.69,1.83825,3.83955,4.214,65.85,2.0,2.7,3.8,6.3,4.3,64,2.6,0
2025-08-18,2.15,4.5,67.58,1.832,3.85135,4.21745,66.6,2.0,2.7,3.8,6.3,4.3,64,2.6,0
2025-08-19,2.15,4.5,67.34,1.829,3.8312,4.208,65.79,2.0,2.7,3.8,6.3,4.3,64,2.6,0
2025-08-20,2.15,4.5,68.97,1.813,3.83212,4.2112,66.84,2.0,2.7,3.8,6.3,4.3,64,2.6,0
2025-08-21,2.15,4.5,67.47,1.844,3.87639,4.22818,67.67,2.0,2.7,3.8,6.3,4.3,64,2.6,0
2025-08-22,2.15,4.5,67.48,1.836,3.7909,4.20245,67.73,2.0,2.7,3.8,6.3,4.3,64,2.6,0
2025-08-25,2.15,4.5,67.68,1.84468,3.8163,4.21,68.8,2.0,2.7,3.8,6.3,4.3,64,2.6,0
2025-08-26,2.15,4.5,66.63,1.8335,3.776,4.18975,67.22,2.0,2.7,3.8,6.3,4.3,64,2.6,0
2025-08-27,2.15,4.5,65.84,1.823,3.7502,4.18321,68.05,2.0,2.7,3.8,6.3,4.3,64,2.6,0
2025-08-28,2.15,4.5,65.69,1.83185,3.76307,4.1715,68.62,2.0,2.7,3.8,6.3,4.3,64,2.6,0
2025-08-29,2.15,4.5,65.62,1.83185,3.7515,4.1609,68.12,2.0,2.7,3.8,6.3,4.3,64,2.6,0
2025-09-01,2.15,4.5,65.57,1.841,3.763,4.164,68.15,2.0,2.9,3.8,6.3,4.3,-70,2.7,1
2025-09-02,2.15,4.5,65.08,1.84875,3.7601,4.152,69.14,2.0,2.9,3.8,6.3,4.3,-70,2.7,0
2025-09-03,2.15,4.5,64.94,1.84,3.73439,4.1394,67.6,2.0,2.9,3.8,6.3,4.3,-70,2.7,0
2025-09-04,2.15,4.5,64.24,1.84575,3.702,4.121,66.99,2.0,2.9,3.8,6.3,4.3,-70,2.7,0
2025-09-05,2.15,4.5,63.19,1.8314,3.61195,4.07175,65.5,2.0,2.9,3.8,6.3,4.3,-70,2.7,0
2025-09-08,2.15,4.5,63.06,1.82996,3.5835,4.05775,66.02,2.0,2.9,3.8,6.3,4.3,-70,2.7,0
2025-09-09,2.15,4.5,63.25,1.84036,3.65112,4.0768,66.39,2.0,2.9,3.8,6.3,4.3,-70,2.7,0
2025-09-10,2.15,4.5,62.86,1.84625,3.6339,4.06637,67.49,2.0,2.9,3.8,6.3,4.3,-70,2.7,0
2025-09-11,2.15,4.5,61.86,1.87155,3.6,4.03005,66.37,2.0,2.9,3.8,6.3,4.3,-70,2.7,0
2025-09-12,2.15,4.5,62.15,1.88,3.61733,4.0444,66.99,2.0,2.9,3.8,6.3,4.3,-70,2.7,0
2025-09-15,2.15,4.5,62.08,1.882,3.611,4.04079,67.44,2.0,2.9,3.8,6.3,4.3,-70,2.7,0
2025-09-16,2.15,4.5,62.19,1.8765,3.59077,4.02788,68.47,2.0,2.9,3.8,6.3,4.3,-70,2.7,0
2025-09-17,2.15,4.25,61.86,1.88,3.60095,4.023,67.95,2.0,2.9,3.8,6.3,4.3,-70,2.7,1
2025-09-18,2.15,4.25,61.28,1.8811,3.601,4.0104,67.44,2.0,2.9,3.8,6.3,4.3,-70,2.7,0
2025-09-19,2.15,4.25,60.98,1.8862,3.61037,4.00663,66.68,2.0,2.9,3.8,6.3,4.3,-70,2.7,0
2025-09-22,2.15,4.25,61.19,1.88125,3.6345,4.009,66.57,2.0,2.9,3.8,6.3,4.3,-70,2.7,0
2025-09-23,2.15,4.25,63.62,1.88965,3.62445,3.99795,67.63,2.0,2.9,3.8,6.3,4.3,-70,2.7,0
2025-09-24,2.15,4.25,62.79,1.889,3.64265,4.00422,69.31,2.0,2.9,3.8,6.3,4.3,-70,2.7,0
2025-09-25,2.15,4.25,60.65,1.89775,3.69467,4.0042,69.42,2.0,2.9,3.8,6.3,4.3,-70,2.7,0
2025-09-26,2.15,4.25,61.38,1.8949,3.675,3.99111,70.13,2.0,2.9,3.8,6.3,4.3,-70,2.7,0
2025-09-29,2.15,4.25,63.26,1.89425,3.65385,3.9806,67.97,2.0,2.9,3.8,6.3,4.3,-70,2.7,0
2025-09-30,2.15,4.25,62.05,1.895,3.6391,3.96965,67.02,2.2,3.0,4.4,6.3,4.4,76,2.8,1
2025-10-01,2.15,4.25,62.73,1.89275,3.5755,3.9489,65.35,2.2,3.0,4.4,6.3,4.4,76,2.8,0
2025-10-02,2.15,4.25,61.2,1.88855,3.56905,3.9455,64.11,2.2,3.0,4.4,6.3,4.4,76,2.8,0
2025-10-03,2.15,4.25,61.26,1.895,3.5956,3.9472,64.53,2.2,3.0,4.4,6.3,4.4,76,2.8,0
2025-10-06,2.15,4.25,61.14,1.887,3.60338,3.94527,65.47,2.2,3.0,4.4,6.3,4.4,76,2.8,0
2025-10-07,2.15,4.25,60.42,1.885,3.59405,3.93695,65.45,2.2,3.0,4.4,6.3,4.4,76,2.8,0
2025-10-08,2.15,4.25,60.99,1.87575,3.59917,3.9287,66.25,2.2,3.0,4.4,6.3,4.4,76,2.8,0
2025-10-09,2.15,4.25,59.11,1.87801,3.59347,3.91233,65.22,2.2,3.0,4.4,6.3,4.4,76,2.8,0
2025-10-10,2.15,4.25,59.11,1.863,3.51547,3.8922,62.73,2.2,3.0,4.4,6.3,4.4,76,2.8,0
2025-10-13,2.15,4.25,58.9,1.85205,3.51547,3.8922,63.32,2.2,3.0,4.4,6.3,4.4,76,2.8,0
2025-10-14,2.15,4.25,59.2,1.847,3.51,3.89842,62.39,2.2,3.0,4.4,6.3,4.4,76,2.8,0
2025-10-15,2.15,4.25,61.38,1.8526,3.5145,3.9006,61.91,2.2,3.0,4.4,6.3,4.4,76,2.8,0
2025-10-16,2.15,4.25,58.69,1.8345,3.436,3.8625,61.06,2.2,3.0,4.4,6.3,4.4,76,2.8,0
2025-10-17,2.15,4.25,58.85,1.838,3.46535,3.8648,61.29,2.2,3.0,4.4,6.3,4.4,76,2.8,0
2025-10-20,2.15,4.25,58.65,1.8377,3.46962,3.8699,61.01,2.2,3.0,4.4,6.3,4.4,76,2.8,0
2025-10-21,2.15,4.25,58.9,1.83725,3.47,3.87969,61.32,2.2,3.0,4.4,6.3,4.4,76,2.8,0
2025-10-22,2.15,4.25,59.95,1.839,3.46419,3.874,62.59,2.2,3.0,4.4,6.3,4.4,76,2.8,0
2025-10-23,2.15,4.25,58.47,1.85025,3.4923,3.86015,65.99,2.2,3.0,4.4,6.3,4.4,76,2.8,0
2025-10-24,2.15,4.25,57.82,1.875,3.48,3.8457,65.94,2.2,3.0,4.4,6.3,4.4,76,2.8,0
2025-10-27,2.15,4.25,58.26,1.87575,3.4932,3.8455,65.62,2.2,3.0,4.4,6.3,4.4,76,2.8,0
2025-10-28,2.15,4.25,58.14,1.87545,3.49325,3.8332,64.4,2.2,3.0,4.4,6.3,4.4,76,2.8,0
2025-10-29,2.15,4.0,58.92,1.876,3.6162,3.91,64.92,2.2,3.0,4.4,6.3,4.4,76,2.8,1
2025-10-30,2.15,4.0,58.61,1.882,3.61225,3.89106,65.0,2.2,3.0,4.4,6.3,4.4,76,2.8,0
2025-10-31,2.15,4.0,58.29,1.877,3.5995,3.88755,65.07,2.1,3.0,4.4,6.3,4.4,-140,2.7,1
2025-11-03,2.15,4.0,58.33,1.88725,3.615,3.8902,64.89,2.1,3.0,4.4,6.3,4.4,-140,2.7,0
2025-11-04,2.15,4.0,57.89,1.88065,3.5925,3.8753,64.44,2.1,3.0,4.4,6.3,4.4,-140,2.7,0
2025-11-05,2.15,4.0,58.84,1.88655,3.63035,3.87655,63.52,2.1,3.0,4.4,6.3,4.4,-140,2.7,0
2025-11-06,2.15,4.0,57.1,1.8845,3.56225,3.84826,63.38,2.1,3.0,4.4,6.3,4.4,-140,2.7,0
2025-11-07,2.15,4.0,57.37,1.88047,3.56945,3.853,63.63,2.1,3.0,4.4,6.3,4.4,-140,2.7,0
2025-11-10,2.15,4.0,57.61,1.887,3.59325,3.86557,64.06,2.1,3.0,4.4,6.3,4.4,-140,2.7,0
2025-11-11,2.15,4.0,57.73,1.88785,3.5582,3.853,65.16,2.1,3.0,4.4,6.3,4.4,-140,2.7,0
2025-11-12,2.15,4.0,59.83,1.89135,3.5809,3.8668,62.71,2.1,3.0,4.4,6.3,4.4,-140,2.7,0
2025-11-13,2.15,4.0,58.88,1.904,3.60065,3.8814,63.01,2.1,3.0,4.4,6.3,4.4,-140,2.7,0
2025-11-14,2.15,4.0,59.15,1.90665,3.6094,3.8847,64.39,2.1,3.0,4.4,6.3,4.4,-140,2.7,0
2025-11-17,2.15,4.0,58.96,1.911,3.61575,3.89093,64.2,2.1,3.0,4.4,6.3,4.4,-140,2.7,0
2025-11-18,2.15,4.0,58.73,1.903,3.5806,3.8777,64.89,2.1,3.0,4.4,6.3,4.4,-140,2.7,0
2025-11-19,2.15,4.0,60.2,1.897,3.59855,3.8945,63.51,2.1,3.0,4.4,6.3,4.4,-140,2.7,0
2025-11-20,2.15,4.0,58.5,1.89665,3.55325,3.88325,63.38,2.1,3.0,4.4,6.3,4.4,-140,2.7,0
2025-11-21,2.15,4.0,57.37,1.8916,3.5315,3.8409,62.56,2.1,3.0,4.4,6.3,4.4,-140,2.7,0
2025-11-24,2.15,4.0,56.52,1.89072,3.52445,3.818,63.37,2.1,3.0,4.4,6.3,4.4,-140,2.7,0
2025-11-25,2.15,4.0,55.31,1.88725,3.4995,3.7992,62.48,2.1,3.0,4.4,6.3,4.4,-140,2.7,0
2025-11-26,2.15,4.0,55.37,1.89,3.5015,3.7864,63.13,2.1,3.0,4.4,6.3,4.4,-140,2.7,0
2025-11-27,2.15,4.0,54.58,1.8939,3.5029,3.7828,63.34,2.1,3.0,4.4,6.3,4.4,-140,2.7,0
2025-11-28,2.15,4.0,53.99,1.89855,3.51395,3.77852,63.2,2.1,3.0,4.4,6.3,4.4,-140,2.7,0
2025-12-01,2.15,4.0,53.6,1.90975,3.52675,3.7745,63.17,2.1,2.7,4.4,6.3,4.5,41,2.8,1
2025-12-02,2.15,4.0,53.5,1.9056,3.50624,3.761,62.45,2.1,2.7,4.4,6.3,4.5,41,2.8,0
2025-12-03,2.15,4.0,53.41,1.906,3.484,3.74885,62.67,2.1,2.7,4.4,6.3,4.5,41,2.8,0
2025-12-04,2.15,4.0,53.51,1.91035,3.503,3.7431,63.26,2.1,2.7,4.4,6.3,4.5,41,2.8,0
2025-12-05,2.15,4.0,52.86,1.92327,3.52439,3.74725,63.75,2.1,2.7,4.4,6.3,4.5,41,2.8,0
2025-12-08,2.15,4.0,52.84,1.94945,3.5336,3.7437,62.49,2.1,2.7,4.4,6.3,4.5,41,2.8,0
2025-12-09,2.15,4.0,53.04,1.94774,3.5622,3.73995,61.94,2.1,2.7,4.4,6.3,4.5,41,2.8,0
2025-12-10,2.15,3.75,52.86,1.95825,3.5025,3.7193,62.21,2.1,2.7,4.4,6.3,4.5,41,2.8,1
2025-12-11,2.15,3.75,53.02,1.95229,3.50201,3.7097,61.28,2.1,2.7,4.4,6.3,4.5,41,2.8,0
2025-12-12,2.15,3.75,52.26,1.9511,3.48695,3.70973,61.12,2.1,2.7,4.4,6.3,4.5,41,2.8,0
2025-12-15,2.15,3.75,52.03,1.94975,3.4696,3.70575,60.56,2.1,2.7,4.4,6.3,4.5,41,2.8,0
2025-12-16,2.15,3.75,51.86,1.94285,3.4675,3.7073,58.92,2.1,2.7,4.4,6.3,4.5,41,2.8,0
2025-12-17,2.15,3.75,51.63,1.94225,3.45523,3.702,59.68,2.1,2.7,4.4,6.3,4.5,41,2.8,0
2025-12-18,2.15,3.75,51.65,1.95075,3.43588,3.689,59.82,2.1,2.7,4.4,6.3,4.5,41,2.8,0
2025-12-19,2.15,3.75,51.24,1.9542,3.44455,3.69486,60.47,2.1,2.7,4.4,6.3,4.5,41,2.8,0
2025-12-22,2.15,3.75,51.09,1.95155,3.455,3.69777,62.07,2.1,2.7,4.4,6.3,4.5,41,2.8,0
2025-12-23,2.15,3.75,51.56,1.9491,3.48402,3.6988,62.38,2.1,2.7,4.4,6.3,4.5,41,2.8,0
2025-12-24,2.15,3.75,50.92,1.9494,3.4592,3.68682,62.24,2.1,2.7,4.4,6.3,4.5,41,2.8,0
2025-12-25,2.15,3.75,50.96,1.9483,3.4592,3.68682,62.24,2.1,2.7,4.4,6.3,4.5,41,2.8,0
2025-12-26,2.15,3.75,50.7,1.9483,3.43985,3.6725,60.64,2.1,2.7,4.4,6.3,4.5,41,2.8,0
2025-12-29,2.15,3.75,50.74,1.934,3.42395,3.66695,61.94,2.1,2.7,4.4,6.3,4.5,41,2.8,0
2025-12-30,2.15,3.75,49.69,1.934,3.419,3.6567,61.92,2.1,2.7,4.4,6.3,4.5,41,2.8,0
2025-12-31,2.15,3.75,50.56,1.93719,3.427,3.6517,60.85,2.0,2.7,0.5,6.3,4.4,-17,2.9,1
2026-01-01,2.15,3.75,50.55,1.9368,3.427,3.6517,60.85,2.0,2.7,0.5,6.3,4.4,-17,2.9,0
2026-01-02,2.15,3.75,49.34,1.94165,3.427,3.646,60.75,2.0,2.7,0.5,6.3,4.4,-17,2.9,0
2026-01-05,2.15,3.75,48.65,1.94205,3.41965,3.64625,61.76,2.0,2.7,0.5,6.3,4.4,-17,2.9,0
2026-01-06,2.15,3.75,48.95,1.92898,3.4382,3.6499,60.7,2.0,2.7,0.5,6.3,4.4,-17,2.9,0
2026-01-07,2.15,3.75,48.96,1.92034,3.4398,3.6557,59.96,2.0,2.7,0.5,6.3,4.4,-17,2.9,0
2026-01-08,2.15,3.75,49.25,1.927,3.45055,3.65003,61.99,2.0,2.7,0.5,6.3,4.4,-17,2.9,0
2026-01-09,2.15,3.75,49.29,1.9381,3.48945,3.67135,63.34,2.0,2.7,0.5,6.3,4.4,-17,2.9,0
2026-01-12,2.15,3.75,49.42,1.9317,3.4967,3.6725,63.87,2.0,2.7,0.5,6.3,4.4,-17,2.9,0
2026-01-13,2.15,3.75,49.39,1.92995,3.49691,3.67391,65.47,2.0,2.7,0.5,6.3,4.4,-17,2.9,0
2026-01-14,2.15,3.75,49.37,1.92415,3.4824,3.6693,66.52,2.0,2.7,0.5,6.3,4.4,-17,2.9,0
2026-01-15,2.15,3.75,49.04,1.9346,3.51459,3.66992,63.76,2.0,2.7,0.5,6.3,4.4,-17,2.9,0
2026-01-16,2.15,3.75,48.91,1.93895,3.52246,3.6684,64.13,2.0,2.7,0.5,6.3,4.4,-17,2.9,0
2026-01-19,2.15,3.75,49.37,1.92296,3.52246,3.6684,63.94,2.0,2.7,0.5,6.3,4.4,-17,2.9,0
2026-01-20,2.15,3.75,50.16,1.9115,3.5188,3.67135,64.92,2.0,2.7,0.5,6.3,4.4,-17,2.9,0
2026-01-21,2.15,3.75,49.84,1.92,3.523,3.6709,65.24,2.0,2.7,0.5,6.3,4.4,-17,2.9,0
2026-01-22,2.15,3.75,50.26,1.9325,3.53305,3.67,64.06,2.0,2.7,0.5,6.3,4.4,-17,2.9,0
2026-01-23,2.15,3.75,50.17,1.93875,3.52269,3.6702,65.88,2.0,2.7,0.5,6.3,4.4,-17,2.9,0
2026-01-26,2.15,3.75,50.5,1.93015,3.522,3.672,65.59,2.0,2.7,0.5,6.3,4.4,-17,2.9,0
2026-01-27,2.15,3.75,51.05,1.92134,3.502,3.6662,67.57,2.0,2.7,0.5,6.3,4.4,-17,2.9,0
2026-01-28,2.15,3.75,50.77,1.915,3.50835,3.66905,68.4,2.0,2.7,0.5,6.3,4.4,-17,2.9,0
2026-01-29,2.15,3.75,51.08,1.906,3.49515,3.6603,70.71,2.0,2.7,0.5,6.3,4.4,-17,2.9,0
2026-01-30,2.15,3.75,50.09,1.90919,3.471,3.66003,70.69,2.0,2.7,0.5,6.3,4.4,-17,2.9,0
2026-02-02,2.15,3.75,49.44,1.92405,3.50381,3.6663,66.3,1.7,2.4,0.5,6.3,4.3,160,2.9,1
2026-02-03,2.15,3.75,49.49,1.92491,3.50225,3.66689,67.33,1.7,2.4,0.5,6.3,4.3,160,2.9,0
2026-02-04,2.15,3.75,49.24,1.913,3.4907,3.66,69.46,1.7,2.4,0.5,6.3,4.3,160,2.9,0
2026-02-05,2.15,3.75,49.5,1.9141,3.4001,3.6313,67.55,1.7,2.4,0.5,6.3,4.3,160,2.9,0
2026-02-06,2.15,3.75,49.45,1.9149,3.436,3.64115,68.05,1.7,2.4,0.5,6.3,4.3,160,2.9,0
2026-02-09,2.15,3.75,49.19,1.91035,3.42422,3.63985,69.04,1.7,2.4,0.5,6.3,4.3,160,2.9,0
2026-02-10,2.15,3.75,48.98,1.91155,3.404,3.63333,68.8,1.7,2.4,0.5,6.3,4.3,160,2.9,0
2026-02-11,2.15,3.75,49.6,1.9135,3.4651,3.657,69.4,1.7,2.4,0.5,6.3,4.3,160,2.9,0
2026-02-12,2.15,3.75,50.08,1.90844,3.4322,3.6547,67.52,1.7,2.4,0.5,6.3,4.3,160,2.9,0
2026-02-13,2.15,3.75,50.12,1.901,3.40705,3.6526,67.75,1.7,2.4,0.5,6.3,4.3,160,2.9,0
2026-02-16,2.15,3.75,49.51,1.89935,3.40705,3.6526,68.65,1.7,2.4,0.5,6.3,4.3,160,2.9,0
2026-02-17,2.15,3.75,49.61,1.90105,3.4328,3.6597,67.42,1.7,2.4,0.5,6.3,4.3,160,2.9,0
2026-02-18,2.15,3.75,49.6,1.90305,3.4473,3.66742,70.35,1.7,2.4,0.5,6.3,4.3,160,2.9,0
2026-02-19,2.15,3.75,51.15,1.907,3.4492,3.6645,71.66,1.7,2.4,0.5,6.3,4.3,160,2.9,0
2026-02-20,2.15,3.75,50.89,1.90789,3.4699,3.6711,71.76,1.7,2.4,0.5,6.3,4.3,160,2.9,0
2026-02-23,2.15,3.75,50.45,1.90715,3.4532,3.67215,71.49,1.7,2.4,0.5,6.3,4.3,160,2.9,0
2026-02-24,2.15,3.75,49.74,1.91505,3.47115,3.6706,70.77,1.7,2.4,0.5,6.3,4.3,160,2.9,0
2026-02-25,2.15,3.75,51.15,1.912,3.48145,3.668,70.85,1.7,2.4,0.5,6.3,4.3,160,2.9,0
2026-02-26,2.15,3.75,51.57,1.91075,3.4528,3.6608,70.75,1.7,2.4,0.5,6.3,4.3,160,2.9,0
2026-02-27,2.15,3.75,51.65,1.89375,3.4244,3.6544,72.48,1.7,2.4,0.5,6.3,4.3,160,2.9,0
2026-03-02,2.15,3.75,51.99,1.9409,3.4801,3.66655,77.74,1.9,2.4,0.5,6.4,4.4,-156,2.9,1
2026-03-03,2.15,3.75,51.48,1.9964,3.5075,3.67025,81.4,1.9,2.4,0.5,6.4,4.4,-156,2.9,0
2026-03-04,2.15,3.75,51.9,1.98659,3.53095,3.6731,81.4,1.9,2.4,0.5,6.4,4.4,-156,2.9,0
2026-03-05,2.15,3.75,50.45,2.04475,3.54578,3.66825,85.41,1.9,2.4,0.5,6.4,4.4,-156,2.9,0
2026-03-06,2.15,3.75,51.06,2.1309,3.51235,3.66657,92.69,1.9,2.4,0.5,6.4,4.4,-156,2.9,0
2026-03-09,2.15,3.75,51.26,2.1814,3.5123,3.6719,98.96,1.9,2.4,0.5,6.4,4.4,-156,2.9,0
2026-03-10,2.15,3.75,51.22,2.06795,3.54661,3.67426,87.8,1.9,2.4,0.5,6.4,4.4,-156,2.9,0
2026-03-11,2.15,3.75,51.77,2.20395,3.5891,3.67805,91.98,1.9,2.4,0.5,6.4,4.4,-156,2.9,0
2026-03-12,2.15,3.75,50.89,2.2505,3.6485,3.6849,100.46,1.9,2.4,0.5,6.4,4.4,-156,2.9,0
2026-03-13,2.15,3.75,50.55,2.26305,3.627,3.689,103.14,1.9,2.4,0.5,6.4,4.4,-156,2.9,0
2026-03-16,2.15,3.75,50.42,2.1985,3.61445,3.68739,100.21,1.9,2.4,0.5,6.4,4.4,-156,2.9,0
2026-03-17,2.15,3.75,52.05,2.205,3.61605,3.6865,103.42,1.9,2.4,0.5,6.4,4.4,-156,2.9,0
2026-03-18,2.15,3.75,51.16,2.2532,3.6899,3.6985,107.38,1.9,2.4,0.5,6.4,4.4,-156,2.9,0
2026-03-19,2.15,3.75,50.14,2.3504,3.73224,3.7013,108.65,1.9,2.4,0.5,6.4,4.4,-156,2.9,0
2026-03-20,2.15,3.75,49.51,2.50205,3.8221,3.71883,112.19,1.9,2.4,0.5,6.4,4.4,-156,2.9,0
2026-03-23,2.15,3.75,49.51,2.419,3.7741,3.7059,99.94,1.9,2.4,0.5,6.4,4.4,-156,2.9,0
2026-03-24,2.15,3.75,49.54,2.5366,3.80445,3.7057,104.49,1.9,2.4,0.5,6.4,4.4,-156,2.9,0
2026-03-25,2.15,3.75,50.06,2.4715,3.79195,3.7017,102.22,1.9,2.4,0.5,6.4,4.4,-156,2.9,0
2026-03-26,2.15,3.75,48.23,2.55005,3.8515,3.7003,108.01,1.9,2.4,0.5,6.4,4.4,-156,2.9,0
2026-03-27,2.15,3.75,48.75,2.4909,3.78681,3.68734,112.57,1.9,2.4,0.5,6.4,4.4,-156,2.9,0
2026-03-30,2.15,3.75,47.81,2.455,3.7328,3.6832,112.78,1.9,2.4,0.5,6.4,4.4,-156,2.9,0
2026-03-31,2.15,3.75,47.43,2.42265,3.70095,3.6768,118.35,2.6,3.3,2.1,6.3,4.3,214,3.5,1
2026-04-01,2.15,3.75,47.38,2.43165,3.71,3.67719,101.16,2.6,3.3,2.1,6.3,4.3,214,3.5,0
2026-04-02,2.15,3.75,47.15,2.464,3.70444,3.6752,109.03,2.6,3.3,2.1,6.3,4.3,214,3.5,0
2026-04-03,2.15,3.75,47.14,2.464,3.73602,3.6769,109.03,2.6,3.3,2.1,6.3,4.3,214,3.5,0
2026-04-06,2.15,3.75,47.25,2.464,3.74564,3.6782,109.77,2.6,3.3,2.1,6.3,4.3,214,3.5,0
2026-04-07,2.15,3.75,46.38,2.53665,3.7011,3.673,109.27,2.6,3.3,2.1,6.3,4.3,214,3.5,0
2026-04-08,2.15,3.75,48.02,2.3585,3.7066,3.6715,94.75,2.6,3.3,2.1,6.3,4.3,214,3.5,0
2026-04-09,2.15,3.75,48.03,2.3535,3.6945,3.6718,95.92,2.6,3.3,2.1,6.3,4.3,214,3.5,0
2026-04-10,2.15,3.75,47.94,2.4265,3.70505,3.6741,95.2,2.6,3.3,2.1,6.3,4.3,214,3.5,0
2026-04-13,2.15,3.75,47.73,2.4455,3.6965,3.67957,99.36,2.6,3.3,2.1,6.3,4.3,214,3.5,0
2026-04-14,2.15,3.75,48.58,2.3632,3.68465,3.6776,94.79,2.6,3.3,2.1,6.3,4.3,214,3.5,0
2026-04-15,2.15,3.75,48.54,2.366,3.68825,3.67505,94.93,2.6,3.3,2.1,6.3,4.3,214,3.5,0
2026-04-16,2.15,3.75,48.55,2.35195,3.68833,3.67045,99.39,2.6,3.3,2.1,6.3,4.3,214,3.5,0
2026-04-17,2.15,3.75,48.92,2.2252,3.6414,3.66468,90.38,2.6,3.3,2.1,6.3,4.3,214,3.5,0
2026-04-20,2.15,3.75,48.8,2.28955,3.6529,3.66565,95.48,2.6,3.3,2.1,6.3,4.3,214,3.5,0
2026-04-21,2.15,3.75,48.0,2.3649,3.68905,3.6677,98.48,2.6,3.3,2.1,6.3,4.3,214,3.5,0
2026-04-22,2.15,3.75,47.98,2.3755,3.6951,3.66645,101.91,2.6,3.3,2.1,6.3,4.3,214,3.5,0
2026-04-23,2.15,3.75,48.05,2.377,3.71,3.6707,105.07,2.6,3.3,2.1,6.3,4.3,214,3.5,0
2026-04-24,2.15,3.75,48.3,2.3711,3.671,3.66727,105.33,2.6,3.3,2.1,6.3,4.3,214,3.5,0
2026-04-27,2.15,3.75,48.19,2.3985,3.68523,3.66341,108.23,2.6,3.3,2.1,6.3,4.3,214,3.5,0
2026-04-28,2.15,3.75,47.32,2.48265,3.7027,3.6632,111.26,2.6,3.3,2.1,6.3,4.3,214,3.5,0
2026-04-29,2.15,3.75,46.06,2.57225,3.7645,3.6662,118.03,2.6,3.3,2.1,6.3,4.3,214,3.5,0
2026-04-30,2.15,3.75,47.3,2.4745,3.72295,3.65675,114.01,3.0,3.8,2.1,6.2,4.3,148,3.8,1
2026-05-01,2.15,3.75,47.07,2.484,3.72495,3.6544,108.17,3.0,3.8,2.1,6.2,4.3,148,3.8,0
2026-05-04,2.15,3.75,46.52,2.553,3.7782,3.6552,114.44,3.0,3.8,2.1,6.2,4.3,148,3.8,0
2026-05-05,2.15,3.75,46.48,2.50895,3.76965,3.65365,109.87,3.0,3.8,2.1,6.2,4.3,148,3.8,0
2026-05-06,2.15,3.75,47.71,2.40464,3.7256,3.64875,101.27,3.0,3.8,2.1,6.2,4.3,148,3.8,0
2026-05-07,2.15,3.75,46.46,2.4435,3.7454,3.6472,100.06,3.0,3.8,2.1,6.2,4.3,148,3.8,0
2026-05-08,2.15,3.75,46.6,2.42695,3.72625,3.6438,101.29,3.0,3.8,2.1,6.2,4.3,148,3.8,0
2026-05-11,2.15,3.75,46.51,2.4802,3.76505,3.6495,104.21,3.0,3.8,2.1,6.2,4.3,148,3.8,0
2026-05-12,2.15,3.75,46.33,2.5185,3.7907,3.65109,107.77,3.0,3.8,2.1,6.2,4.3,148,3.8,0
2026-05-13,2.15,3.75,47.12,2.50005,3.78805,3.6491,105.63,3.0,3.8,2.1,6.2,4.3,148,3.8,0
2026-05-14,2.15,3.75,45.68,2.4733,3.806,3.6421,105.72,3.0,3.8,2.1,6.2,4.3,148,3.8,0
2026-05-15,2.15,3.75,45.22,2.52485,3.82558,3.6406,109.26,3.0,3.8,2.1,6.2,4.3,148,3.8,0
2026-05-18,2.15,3.75,45.25,2.5025,3.8112,3.6407,112.1,3.0,3.8,2.1,6.2,4.3,148,3.8,0
2026-05-19,2.15,3.75,44.9,2.518,3.86233,3.6328,111.28,3.0,3.8,2.1,6.2,4.3,148,3.8,0
2026-05-20,2.15,3.75,46.34,2.45095,3.83523,3.6355,105.02,3.0,3.8,2.1,6.2,4.3,148,3.8,0
2026-05-21,2.15,3.75,45.48,2.42475,3.8735,3.6584,102.58,3.0,3.8,2.1,6.2,4.3,148,3.8,0
2026-05-22,2.15,3.75,45.51,2.4547,3.90777,3.6635,103.54,3.0,3.8,2.1,6.2,4.3,148,3.8,0
2026-05-25,2.15,3.75,46.24,2.36055,3.90777,3.6635,96.14,3.0,3.8,2.1,6.2,4.3,148,3.8,0
2026-05-26,2.15,3.75,45.44,2.42635,3.8463,3.66035,99.58,3.0,3.8,2.1,6.2,4.3,148,3.8,0
2026-05-27,2.15,3.75,45.94,2.42555,3.839,3.658,94.29,3.0,3.8,2.1,6.2,4.3,148,3.8,0
2026-05-28,2.15,3.75,44.92,2.4025,3.83282,3.65775,93.71,3.0,3.8,2.1,6.2,4.3,148,3.8,0
2026-05-29,2.15,3.75,44.64,2.39325,3.8226,3.65465,92.05,3.0,3.8,2.1,6.2,4.3,148,3.8,0
2026-06-01,2.15,3.75,44.29,2.4693,3.84308,3.6523,94.98,3.2,4.2,2.1,6.2,4.3,129,4.1,1
2026-06-02,2.15,3.75,43.79,2.47845,3.8451,3.64785,96.0,3.2,4.2,2.1,6.2,4.3,129,4.1,0
2026-06-03,2.15,3.75,44.73,2.50805,3.86925,3.65069,97.81,3.2,4.2,2.1,6.2,4.3,129,4.1,0
2026-06-04,2.15,3.75,43.0,2.49,3.84065,3.6495,95.03,3.2,4.2,2.1,6.2,4.3,129,4.1,0
2026-06-05,2.15,3.75,42.83,2.5245,3.91679,3.6607,93.09,3.2,4.2,2.1,6.2,4.3,129,4.1,0
2026-06-08,2.15,3.75,42.69,2.52965,3.9338,3.66512,94.25,3.2,4.2,2.1,6.2,4.3,129,4.1,0
2026-06-09,2.15,3.75,42.64,2.5116,3.905,3.6612,91.45,3.2,4.2,2.1,6.2,4.3,129,4.1,0
2026-06-10,2.15,3.75,43.49,2.54975,3.9257,3.6651,93.1,3.2,4.2,2.1,6.2,4.3,129,4.1,0
2026-06-11,2.4,3.75,42.63,2.51955,3.87115,3.66281,90.38,3.2,4.2,2.1,6.2,4.3,129,4.1,1
2026-06-12,2.4,3.75,42.8,2.45975,3.8791,3.66335,87.33,3.2,4.2,2.1,6.2,4.3,129,4.1,0
2026-06-15,2.4,3.75,42.72,2.4465,3.87505,3.6661,83.17,3.2,4.2,2.1,6.2,4.3,129,4.1,0
2026-06-16,2.4,3.75,42.75,2.43805,3.87495,3.6696,78.96,3.2,4.2,2.1,6.2,4.3,129,4.1,0
2026-06-17,2.4,3.75,43.06,2.45025,4.03096,3.7237,79.55,3.2,4.2,2.1,6.2,4.3,129,4.1,0
2026-06-18,2.4,3.75,43.4,2.458,4.0395,3.73115,79.85,3.2,4.2,2.1,6.2,4.3,129,4.1,0
2026-06-19,2.4,3.75,43.58,2.48905,4.054,3.7315,80.57,3.2,4.2,2.1,6.2,4.3,129,4.1,0
2026-06-22,2.4,3.75,44.09,2.4514,4.06625,3.73767,77.9,3.2,4.2,2.1,6.2,4.3,129,4.1,0
2026-06-23,2.4,3.75,44.14,2.4425,4.04225,3.7391,77.08,3.2,4.2,2.1,6.2,4.3,129,4.1,0
2026-06-24,2.4,3.75,44.76,2.4255,4.01395,3.7395,73.74,3.2,4.2,2.1,6.2,4.3,129,4.1,0
2026-06-25,2.4,3.75,43.77,2.405,3.99405,3.73045,75.26,3.2,4.2,2.1,6.2,4.3,129,4.1,0
2026-06-26,2.4,3.75,43.78,2.3925,3.97111,3.72185,71.99,3.2,4.2,2.1,6.2,4.3,129,4.1,0
2026-06-29,2.4,3.75,43.85,2.41625,3.986,3.73397,73.15,3.2,4.2,2.1,6.2,4.3,129,4.1,0
2026-06-30,2.4,3.75,43.94,2.39435,4.031,3.74377,72.92,2.8,4.2,2.1,6.2,4.2,57,4.1,1
2026-07-01,2.4,3.75,44.45,2.38175,4.03164,3.74458,71.57,2.8,4.2,2.1,6.2,4.2,57,4.1,0
2026-07-02,2.4,3.75,43.35,2.36005,3.97762,3.7213,71.8,2.8,4.2,2.1,6.2,4.2,57,4.1,0
2026-07-03,2.4,3.75,43.53,2.3765,3.975,3.72225,72.12,2.8,4.2,2.1,6.2,4.2,57,4.1,0
2026-07-06,2.4,3.75,43.61,2.3855,3.97246,3.73642,71.99,2.8,4.2,2.1,6.2,4.2,57,4.1,0
2026-07-07,2.4,3.75,43.4,2.42725,4.02285,3.7474,74.16,2.8,4.2,2.1,6.2,4.2,57,4.1,0
2026-07-08,2.4,3.75,44.23,2.5135,4.0525,3.757,78.02,2.8,4.2,2.1,6.2,4.2,57,4.1,0
2026-07-09,2.4,3.75,42.62,2.48455,4.0203,3.7383,76.3,2.8,4.2,2.1,6.2,4.2,57,4.1,0
2026-07-10,2.4,3.75,43.1,2.4934,4.0519,3.76715,75.23,2.8,4.2,2.1,6.2,4.2,57,4.1,0
