time,open,high,low,close
2026-08-25 01:00:00,4654.2,4656.51,4651.85,4655.81
2026-08-25 01:05:00,4655.76,4660.6,4655.19,4658.84
2026-08-25 01:10:00,4658.69,4659.86,4657.82,4658.67
2026-08-25 01:15:00,4658.67,4659.53,4658.02,4658.02
2026-08-25 01:20:00,4657.98,4658.84,4657.45,4658.45
2026-08-25 01:25:00,4658.45,4658.45,4656.78,4657.71
2026-08-25 01:30:00,4657.68,4659.16,4657.27,4659.16
2026-08-25 01:35:00,4659.13,4661.11,4658.9,4660.55
2026-08-25 01:40:00,4660.58,4661.53,4660.3,4661.52
2026-08-25 01:45:00,4661.39,4662.43,4660.91,4662.39
2026-08-25 01:50:00,4662.47,4664.98,4662.31,4664.65
2026-08-25 01:55:00,4664.67,4668.36,4664.08,4667.63
2026-08-25 02:00:00,4667.93,4669.42,4667.93,4668.36
2026-08-25 02:05:00,4668.39,4669.4,4666.83,4669.4
2026-08-25 02:10:00,4669.36,4672.16,4668.91,4672.16
2026-08-25 02:15:00,4672.16,4676.7,4672.16,4674.77
2026-08-25 02:20:00,4674.83,4675.34,4673.55,4674.64
2026-08-25 02:25:00,4674.65,4674.66,4669.2,4669.28
2026-08-25 02:30:00,4669.26,4673.03,4667.62,4672.44
2026-08-25 02:35:00,4672.46,4676.9,4671.6,4675.29
2026-08-25 02:40:00,4675.1,4676.77,4675.1,4676.52
2026-08-25 02:45:00,4676.51,4677.46,4675.03,4677.14
2026-08-25 02:50:00,4677.13,4682.66,4676.81,4679.28
2026-08-25 02:55:00,4679.28,4680.37,4677.85,4679.84
2026-08-25 03:00:00,4680.41,4689.04,4677.08,4677.27
2026-08-25 03:05:00,4677.1,4687.28,4675.41,4681.66
2026-08-25 03:10:00,4681.67,4691.46,4679.93,4690.51
2026-08-25 03:15:00,4690.48,4691.23,4681.07,4681.07
2026-08-25 03:20:00,4681.18,4682.71,4679.24,4679.72
2026-08-25 03:25:00,4679.69,4683.59,4676.82,4682.3
2026-08-25 03:30:00,4682.36,4692.65,4681.86,4688.35
2026-08-25 03:35:00,4688.6,4696.0,4687.95,4695.22
2026-08-25 03:40:00,4695.23,4696.68,4692.31,4693.48
2026-08-25 03:45:00,4693.75,4694.69,4687.68,4692.36
2026-08-25 03:50:00,4692.37,4693.64,4687.78,4688.31
2026-08-25 03:55:00,4688.16,4689.55,4683.84,4684.21
2026-08-25 04:00:00,4684.13,4686.0,4671.22,4676.98
2026-08-25 04:05:00,4677.02,4680.53,4671.14,4678.57
2026-08-25 04:10:00,4678.58,4680.02,4674.82,4678.11
2026-08-25 04:15:00,4678.11,4680.04,4673.23,4677.83
2026-08-25 04:20:00,4677.86,4677.94,4666.11,4666.83
2026-08-25 04:25:00,4666.88,4672.55,4664.23,4669.49
2026-08-25 04:30:00,4669.47,4674.44,4666.89,4668.17
2026-08-25 04:35:00,4668.15,4674.47,4666.7,4668.17
2026-08-25 04:40:00,4668.17,4673.32,4667.63,4670.55
2026-08-25 04:45:00,4670.57,4675.63,4665.08,4674.66
2026-08-25 04:50:00,4674.61,4674.86,4663.67,4665.06
2026-08-25 04:55:00,4664.99,4665.28,4656.57,4657.93
2026-08-25 05:00:00,4657.95,4661.37,4650.46,4651.3
2026-08-25 05:05:00,4651.32,4651.32,4639.58,4644.68
2026-08-25 05:10:00,4644.6,4645.73,4638.44,4642.18
2026-08-25 05:15:00,4641.92,4650.0,4641.09,4649.59
2026-08-25 05:20:00,4649.59,4655.65,4649.51,4654.27
2026-08-25 05:25:00,4654.46,4656.79,4652.8,4656.47
2026-08-25 05:30:00,4656.34,4656.34,4642.73,4646.19
2026-08-25 05:35:00,4646.22,4647.25,4639.73,4643.21
2026-08-25 05:40:00,4643.32,4647.34,4631.04,4631.34
2026-08-25 05:45:00,4630.98,4637.38,4630.23,4632.58
2026-08-25 05:50:00,4632.73,4635.56,4617.57,4626.65
2026-08-25 05:55:00,4626.84,4629.55,4621.19,4629.55
2026-08-25 06:00:00,4629.73,4631.3,4622.33,4623.88
2026-08-25 06:05:00,4623.91,4637.93,4622.75,4635.47
2026-08-25 06:10:00,4635.18,4638.0,4631.94,4633.77
2026-08-25 06:15:00,4633.74,4637.01,4632.07,4635.74
2026-08-25 06:20:00,4635.5,4637.07,4632.6,4634.83
2026-08-25 06:25:00,4635.08,4638.39,4634.81,4637.8
2026-08-25 06:30:00,4637.63,4641.01,4636.19,4640.35
2026-08-25 06:35:00,4640.35,4641.26,4634.75,4635.53
2026-08-25 06:40:00,4635.63,4637.21,4634.06,4634.63
2026-08-25 06:45:00,4634.47,4635.17,4631.73,4633.7
2026-08-25 06:50:00,4633.3,4634.71,4631.77,4633.4
2026-08-25 06:55:00,4633.34,4635.74,4632.32,4633.61
2026-08-25 07:00:00,4633.59,4635.63,4630.96,4634.98
2026-08-25 07:05:00,4634.99,4636.45,4634.26,4636.03
2026-08-25 07:10:00,4636.09,4637.7,4635.22,4637.12
2026-08-25 07:15:00,4637.09,4637.09,4633.43,4634.47
2026-08-25 07:20:00,4634.56,4635.61,4631.03,4632.8
2026-08-25 07:25:00,4632.83,4632.83,4628.92,4630.78
2026-08-25 07:30:00,4630.81,4632.64,4626.31,4629.66
2026-08-25 07:35:00,4629.68,4631.27,4626.48,4627.29
2026-08-25 07:40:00,4627.29,4627.43,4623.83,4625.87
2026-08-25 07:45:00,4625.88,4626.76,4624.53,4626.4
2026-08-25 07:50:00,4626.3,4628.84,4624.16,4627.02
2026-08-25 07:55:00,4627.09,4627.48,4625.67,4625.86
2026-08-25 08:00:00,4625.89,4629.21,4624.12,4629.21
2026-08-25 08:05:00,4629.14,4638.96,4629.12,4635.51
2026-08-25 08:10:00,4635.72,4639.14,4635.72,4638.05
2026-08-25 08:15:00,4637.93,4644.14,4637.93,4644.12
2026-08-25 08:20:00,4644.13,4646.2,4643.01,4644.32
2026-08-25 08:25:00,4644.27,4647.89,4642.8,4646.38
2026-08-25 08:30:00,4646.53,4646.92,4639.33,4642.59
2026-08-25 08:35:00,4642.83,4646.44,4641.91,4642.92
2026-08-25 08:40:00,4642.94,4643.27,4638.03,4638.99
2026-08-25 08:45:00,4638.92,4642.34,4635.88,4639.61
2026-08-25 08:50:00,4639.47,4643.87,4637.0,4643.82
2026-08-25 08:55:00,4643.81,4645.95,4641.55,4642.99
2026-08-25 09:00:00,4643.03,4646.21,4641.41,4644.36
2026-08-25 09:05:00,4645.24,4648.41,4644.22,4648.06
2026-08-25 09:10:00,4647.99,4650.37,4647.97,4649.63
2026-08-25 09:15:00,4649.63,4649.63,4646.66,4647.46
2026-08-25 09:20:00,4647.5,4652.02,4645.48,4651.45
2026-08-25 09:25:00,4651.47,4653.33,4649.88,4650.05
2026-08-25 09:30:00,4650.04,4653.37,4648.97,4651.43
2026-08-25 09:35:00,4651.4,4652.59,4648.21,4649.66
2026-08-25 09:40:00,4649.74,4652.58,4647.88,4648.04
2026-08-25 09:45:00,4647.76,4649.21,4646.46,4647.77
2026-08-25 09:50:00,4647.78,4648.09,4641.35,4641.35
2026-08-25 09:55:00,4641.38,4641.76,4637.08,4638.24
2026-08-25 10:00:00,4638.33,4640.76,4636.8,4639.83
2026-08-25 10:05:00,4640.02,4641.97,4636.49,4641.15
2026-08-25 10:10:00,4641.05,4641.72,4637.76,4639.74
2026-08-25 10:15:00,4639.79,4642.85,4638.08,4641.25
2026-08-25 10:20:00,4641.05,4643.72,4639.52,4640.68
2026-08-25 10:25:00,4640.68,4641.03,4634.23,4634.51
2026-08-25 10:30:00,4634.5,4638.91,4634.16,4635.12
2026-08-25 10:35:00,4635.15,4636.69,4633.96,4636.57
2026-08-25 10:40:00,4636.58,4640.06,4635.23,4639.32
2026-08-25 10:45:00,4639.47,4640.6,4634.4,4635.8
2026-08-25 10:50:00,4635.71,4636.84,4631.11,4631.32
2026-08-25 10:55:00,4631.46,4631.51,4629.84,4630.08
2026-08-25 11:00:00,4630.12,4631.08,4625.33,4625.87
2026-08-25 11:05:00,4625.86,4629.1,4620.25,4623.19
2026-08-25 11:10:00,4623.17,4626.61,4622.82,4626.54
2026-08-25 11:15:00,4626.57,4630.26,4625.86,4628.18
2026-08-25 11:20:00,4628.18,4645.27,4626.83,4643.88
2026-08-25 11:25:00,4642.8,4643.49,4631.83,4632.92
2026-08-25 11:30:00,4632.72,4635.19,4631.76,4634.31
2026-08-25 11:35:00,4634.98,4634.98,4629.47,4630.02
2026-08-25 11:40:00,4629.99,4632.11,4625.77,4632.11
2026-08-25 11:45:00,4631.75,4633.63,4627.46,4627.91
2026-08-25 11:50:00,4627.9,4628.25,4625.06,4626.4
2026-08-25 11:55:00,4626.52,4630.5,4626.2,4630.16
2026-08-25 12:00:00,4630.09,4630.09,4624.77,4626.46
2026-08-25 12:05:00,4626.41,4633.27,4624.89,4632.85
2026-08-25 12:10:00,4632.83,4632.85,4629.23,4630.38
2026-08-25 12:15:00,4630.35,4633.39,4629.93,4631.72
2026-08-25 12:20:00,4631.59,4632.27,4629.51,4629.76
2026-08-25 12:25:00,4629.78,4629.85,4625.72,4626.25
2026-08-25 12:30:00,4626.5,4639.08,4624.12,4637.42
2026-08-25 12:35:00,4636.98,4636.98,4629.65,4630.46
2026-08-25 12:40:00,4630.42,4639.04,4629.58,4637.15
2026-08-25 12:45:00,4637.15,4640.59,4636.53,4640.26
2026-08-25 12:50:00,4640.49,4642.39,4638.05,4638.09
2026-08-25 12:55:00,4638.07,4639.91,4635.88,4636.41
2026-08-25 13:00:00,4636.4,4637.07,4633.17,4634.32
2026-08-25 13:05:00,4634.37,4636.65,4633.49,4635.3
2026-08-25 13:10:00,4635.26,4638.44,4633.47,4635.45
2026-08-25 13:15:00,4635.4,4638.9,4634.98,4636.89
2026-08-25 13:20:00,4637.22,4638.33,4635.32,4635.4
2026-08-25 13:25:00,4635.39,4637.55,4633.06,4633.63
2026-08-25 13:30:00,4633.72,4636.84,4632.91,4635.45
2026-08-25 13:35:00,4635.48,4638.22,4633.72,4637.63
2026-08-25 13:40:00,4637.6,4640.9,4637.13,4637.68
2026-08-25 13:45:00,4637.79,4640.83,4637.33,4638.17
2026-08-25 13:50:00,4638.17,4641.84,4636.99,4641.17
2026-08-25 13:55:00,4641.19,4642.31,4639.4,4639.42
2026-08-25 14:00:00,4639.23,4640.68,4637.66,4640.31
2026-08-25 14:05:00,4640.27,4643.24,4637.19,4640.37
2026-08-25 14:10:00,4640.4,4642.83,4639.32,4642.76
2026-08-25 14:15:00,4642.77,4645.03,4641.47,4643.96
2026-08-25 14:20:00,4644.02,4644.67,4640.76,4642.42
2026-08-25 14:25:00,4642.38,4642.68,4639.08,4641.54
2026-08-25 14:30:00,4641.55,4644.49,4640.55,4643.15
2026-08-25 14:35:00,4643.13,4644.74,4642.17,4644.74
2026-08-25 14:40:00,4644.69,4645.16,4640.36,4640.61
2026-08-25 14:45:00,4640.66,4646.02,4640.62,4644.66
2026-08-25 14:50:00,4644.67,4647.35,4641.55,4643.47
2026-08-25 14:55:00,4643.7,4644.93,4641.87,4642.43
2026-08-25 15:00:00,4642.42,4642.49,4635.0,4636.64
2026-08-25 15:05:00,4636.63,4638.36,4635.44,4637.1
2026-08-25 15:10:00,4637.02,4641.89,4636.17,4639.24
2026-08-25 15:15:00,4639.11,4639.19,4633.08,4635.59
2026-08-25 15:20:00,4635.49,4639.29,4632.0,4633.64
2026-08-25 15:25:00,4633.67,4637.51,4633.08,4637.28
2026-08-25 15:30:00,4637.48,4637.65,4632.73,4633.06
2026-08-25 15:35:00,4633.04,4634.78,4630.63,4630.64
2026-08-25 15:40:00,4630.62,4640.66,4630.16,4638.39
2026-08-25 15:45:00,4638.49,4642.53,4637.37,4640.36
2026-08-25 15:50:00,4640.32,4644.19,4639.81,4641.03
2026-08-25 15:55:00,4641.03,4641.18,4638.56,4640.86
2026-08-25 16:00:00,4640.85,4641.12,4630.09,4634.27
2026-08-25 16:05:00,4634.47,4636.21,4628.17,4631.08
2026-08-25 16:10:00,4631.05,4633.78,4622.88,4623.01
2026-08-25 16:15:00,4622.89,4627.97,4620.56,4625.93
2026-08-25 16:20:00,4625.94,4626.28,4612.94,4614.44
2026-08-25 16:25:00,4614.64,4618.15,4608.88,4609.74
2026-08-25 16:30:00,4610.25,4623.5,4609.22,4621.51
2026-08-25 16:35:00,4621.66,4621.66,4609.63,4615.4
2026-08-25 16:40:00,4615.6,4621.32,4610.97,4612.82
2026-08-25 16:45:00,4612.76,4615.17,4605.36,4606.83
2026-08-25 16:50:00,4606.87,4612.15,4606.13,4607.45
2026-08-25 16:55:00,4607.46,4617.56,4605.73,4616.55
2026-08-25 17:00:00,4616.32,4621.24,4613.75,4618.77
2026-08-25 17:05:00,4618.9,4624.73,4618.09,4622.95
2026-08-25 17:10:00,4623.02,4626.49,4621.85,4622.92
2026-08-25 17:15:00,4622.82,4624.87,4619.37,4619.42
2026-08-25 17:20:00,4619.24,4626.01,4618.65,4625.52
2026-08-25 17:25:00,4625.65,4628.36,4623.51,4623.85
2026-08-25 17:30:00,4623.89,4631.47,4613.53,4629.35
2026-08-25 17:35:00,4629.64,4637.27,4629.63,4636.79
2026-08-25 17:40:00,4636.68,4638.08,4631.16,4637.36
2026-08-25 17:45:00,4637.17,4639.97,4635.55,4636.42
2026-08-25 17:50:00,4636.48,4638.16,4632.66,4634.74
2026-08-25 17:55:00,4634.86,4637.22,4633.16,4635.61
2026-08-25 18:00:00,4635.59,4637.14,4630.67,4632.13
2026-08-25 18:05:00,4632.12,4633.88,4630.49,4632.45
2026-08-25 18:10:00,4632.47,4635.22,4630.97,4633.14
2026-08-25 18:15:00,4633.28,4639.39,4629.59,4638.9
2026-08-25 18:20:00,4638.8,4644.66,4638.72,4640.64
2026-08-25 18:25:00,4640.59,4643.32,4637.07,4639.81
2026-08-25 18:30:00,4639.83,4651.18,4639.83,4648.76
2026-08-25 18:35:00,4648.76,4658.4,4648.14,4655.95
2026-08-25 18:40:00,4655.94,4659.33,4654.54,4656.21
2026-08-25 18:45:00,4656.2,4657.2,4651.4,4651.81
2026-08-25 18:50:00,4651.58,4652.37,4649.03,4650.4
2026-08-25 18:55:00,4650.65,4653.91,4648.92,4652.58
2026-08-25 19:00:00,4652.6,4653.23,4647.77,4648.17
2026-08-25 19:05:00,4648.1,4649.22,4644.81,4644.82
2026-08-25 19:10:00,4644.84,4645.98,4642.76,4644.71
2026-08-25 19:15:00,4644.66,4647.23,4641.78,4643.08
2026-08-25 19:20:00,4643.11,4643.37,4637.9,4640.0
2026-08-25 19:25:00,4639.99,4642.49,4639.26,4640.65
2026-08-25 19:30:00,4640.78,4642.17,4638.23,4638.23
2026-08-25 19:35:00,4638.32,4645.35,4637.07,4644.45
2026-08-25 19:40:00,4644.45,4645.02,4642.87,4644.17
2026-08-25 19:45:00,4643.99,4646.09,4641.74,4645.03
2026-08-25 19:50:00,4645.08,4646.45,4643.61,4643.77
2026-08-25 19:55:00,4643.75,4644.7,4640.45,4643.26
2026-08-25 20:00:00,4643.4,4643.6,4638.48,4640.33
2026-08-25 20:05:00,4640.28,4640.4,4635.0,4636.04
2026-08-25 20:10:00,4636.07,4639.78,4634.13,4637.8
2026-08-25 20:15:00,4637.86,4642.84,4634.48,4642.71
2026-08-25 20:20:00,4642.61,4644.99,4637.91,4639.14
2026-08-25 20:25:00,4639.14,4641.0,4636.1,4637.03
2026-08-25 20:30:00,4637.35,4639.44,4636.24,4638.21
2026-08-25 20:35:00,4638.1,4643.04,4637.97,4642.79
2026-08-25 20:40:00,4642.79,4644.49,4641.32,4642.87
2026-08-25 20:45:00,4642.86,4646.65,4642.72,4645.9
2026-08-25 20:50:00,4645.99,4646.08,4642.65,4644.96
2026-08-25 20:55:00,4644.88,4648.34,4644.8,4648.34
2026-08-25 21:00:00,4648.33,4648.43,4644.44,4644.69
2026-08-25 21:05:00,4644.73,4647.76,4644.19,4646.33
2026-08-25 21:10:00,4646.34,4650.25,4646.01,4647.09
2026-08-25 21:15:00,4647.1,4648.97,4646.25,4648.9
2026-08-25 21:20:00,4648.95,4649.5,4648.23,4648.89
2026-08-25 21:25:00,4648.95,4650.39,4648.85,4649.9
2026-08-25 21:30:00,4649.92,4649.93,4646.38,4647.41
2026-08-25 21:35:00,4647.41,4648.45,4645.87,4647.94
2026-08-25 21:40:00,4647.95,4650.34,4647.68,4649.17
2026-08-25 21:45:00,4649.19,4651.92,4649.16,4651.2
2026-08-25 21:50:00,4651.19,4651.27,4649.8,4650.94
2026-08-25 21:55:00,4650.86,4654.92,4650.75,4654.45
2026-08-25 22:00:00,4654.44,4657.83,4653.39,4654.14
2026-08-25 22:05:00,4654.07,4660.16,4653.61,4659.25
2026-08-25 22:10:00,4659.24,4662.92,4658.83,4662.15
2026-08-25 22:15:00,4662.25,4667.74,4661.87,4666.44
2026-08-25 22:20:00,4666.34,4666.94,4663.04,4664.25
2026-08-25 22:25:00,4664.17,4664.25,4659.96,4660.97
2026-08-25 22:30:00,4660.93,4661.77,4658.64,4659.06
2026-08-25 22:35:00,4658.97,4660.26,4657.87,4659.42
2026-08-25 22:40:00,4659.43,4664.42,4659.21,4662.1
2026-08-25 22:45:00,4662.01,4664.78,4660.38,4664.45
2026-08-25 22:50:00,4664.46,4667.47,4662.02,4665.21
2026-08-25 22:55:00,4665.18,4667.43,4661.05,4666.86
2026-08-25 23:00:00,4666.91,4667.48,4664.47,4665.09
2026-08-25 23:05:00,4665.28,4668.44,4662.78,4668.42
2026-08-25 23:10:00,4668.42,4668.96,4665.9,4665.99
2026-08-25 23:15:00,4665.79,4666.67,4665.45,4666.12
2026-08-25 23:20:00,4666.11,4667.68,4665.75,4666.22
2026-08-25 23:25:00,4666.23,4666.27,4661.96,4662.34
2026-08-25 23:30:00,4662.35,4664.08,4661.39,4661.71
2026-08-25 23:35:00,4661.71,4662.4,4661.27,4661.45
2026-08-25 23:40:00,4661.38,4661.87,4660.17,4661.44
2026-08-25 23:45:00,4661.42,4662.15,4660.57,4661.0
2026-08-25 23:50:00,4660.89,4661.34,4659.35,4659.66
2026-08-25 23:55:00,4659.64,4660.0,4657.11,4658.4
2026-08-26 01:00:00,4652.73,4661.55,4651.06,4661.51
2026-08-26 01:05:00,4661.46,4661.95,4660.41,4661.34
2026-08-26 01:10:00,4661.48,4664.82,4660.99,4664.65
2026-08-26 01:15:00,4664.65,4666.74,4664.53,4666.26
2026-08-26 01:20:00,4666.26,4666.73,4665.02,4666.47
2026-08-26 01:25:00,4666.52,4666.78,4665.59,4666.76
2026-08-26 01:30:00,4666.92,4668.99,4666.79,4668.99
2026-08-26 01:35:00,4669.27,4670.76,4667.15,4670.08
2026-08-26 01:40:00,4670.15,4670.28,4668.9,4670.06
2026-08-26 01:45:00,4669.87,4672.64,4669.77,4672.08
2026-08-26 01:50:00,4672.0,4673.67,4672.0,4672.39
2026-08-26 01:55:00,4672.39,4673.41,4672.38,4672.58
2026-08-26 02:00:00,4672.61,4673.39,4670.39,4672.07
2026-08-26 02:05:00,4672.09,4672.47,4669.15,4669.21
2026-08-26 02:10:00,4669.21,4669.72,4667.21,4668.04
2026-08-26 02:15:00,4668.04,4668.1,4666.49,4667.34
2026-08-26 02:20:00,4667.32,4667.32,4661.79,4661.79
2026-08-26 02:25:00,4661.8,4661.87,4660.22,4660.97
2026-08-26 02:30:00,4660.97,4661.3,4658.47,4660.24
2026-08-26 02:35:00,4660.25,4660.75,4659.31,4659.31
2026-08-26 02:40:00,4659.22,4659.71,4655.62,4656.07
2026-08-26 02:45:00,4656.01,4658.73,4655.21,4655.76
2026-08-26 02:50:00,4655.86,4656.91,4654.0,4654.76
2026-08-26 02:55:00,4654.72,4655.45,4653.2,4654.78
2026-08-26 03:00:00,4654.79,4657.73,4651.66,4652.45
2026-08-26 03:05:00,4652.35,4654.05,4651.69,4653.63
2026-08-26 03:10:00,4653.76,4654.67,4651.02,4651.27
2026-08-26 03:15:00,4651.24,4654.91,4650.35,4651.33
2026-08-26 03:20:00,4651.21,4651.47,4644.98,4645.3
2026-08-26 03:25:00,4645.34,4647.44,4643.02,4646.61
2026-08-26 03:30:00,4646.94,4649.95,4644.05,4644.85
2026-08-26 03:35:00,4644.83,4645.15,4638.54,4639.71
2026-08-26 03:40:00,4639.8,4639.85,4636.27,4636.94
2026-08-26 03:45:00,4636.97,4638.38,4636.15,4636.41
2026-08-26 03:50:00,4636.37,4638.86,4634.41,4635.88
2026-08-26 03:55:00,4636.03,4638.83,4635.84,4637.42
2026-08-26 04:00:00,4637.41,4646.15,4630.42,4646.1
2026-08-26 04:05:00,4645.67,4647.75,4640.84,4644.55
2026-08-26 04:10:00,4644.51,4646.34,4640.85,4644.06
2026-08-26 04:15:00,4644.05,4650.3,4644.05,4645.57
2026-08-26 04:20:00,4645.54,4649.06,4644.37,4644.37
2026-08-26 04:25:00,4644.3,4647.77,4643.4,4643.5
2026-08-26 04:30:00,4643.5,4645.24,4639.03,4639.16
2026-08-26 04:35:00,4639.15,4646.72,4639.15,4645.5
2026-08-26 04:40:00,4645.53,4647.03,4639.82,4644.68
2026-08-26 04:45:00,4644.82,4651.0,4643.02,4651.0
2026-08-26 04:50:00,4650.93,4653.7,4650.52,4651.77
2026-08-26 04:55:00,4651.81,4660.82,4651.58,4657.0
2026-08-26 05:00:00,4657.02,4660.33,4654.94,4659.76
2026-08-26 05:05:00,4659.74,4661.69,4658.65,4660.54
2026-08-26 05:10:00,4660.56,4661.55,4657.88,4660.14
2026-08-26 05:15:00,4660.21,4661.4,4659.24,4661.05
2026-08-26 05:20:00,4661.11,4661.65,4658.88,4659.32
2026-08-26 05:25:00,4659.17,4659.86,4656.18,4658.92
2026-08-26 05:30:00,4658.47,4663.85,4657.53,4663.66
2026-08-26 05:35:00,4663.68,4665.61,4659.51,4663.54
2026-08-26 05:40:00,4663.48,4670.64,4662.1,4667.3
2026-08-26 05:45:00,4667.33,4669.02,4665.39,4665.75
2026-08-26 05:50:00,4665.79,4666.76,4660.42,4661.05
2026-08-26 05:55:00,4661.05,4661.16,4657.99,4658.34
2026-08-26 06:00:00,4658.42,4658.65,4653.6,4656.8
2026-08-26 06:05:00,4656.8,4657.16,4649.52,4650.1
2026-08-26 06:10:00,4650.07,4650.15,4647.26,4648.21
2026-08-26 06:15:00,4648.22,4648.61,4645.88,4647.29
2026-08-26 06:20:00,4647.37,4650.67,4647.05,4648.92
2026-08-26 06:25:00,4649.07,4650.49,4647.65,4650.22
2026-08-26 06:30:00,4650.17,4651.2,4649.59,4649.97
2026-08-26 06:35:00,4650.05,4651.21,4646.86,4648.27
2026-08-26 06:40:00,4648.3,4649.01,4645.26,4645.26
2026-08-26 06:45:00,4645.31,4645.33,4642.55,4644.93
2026-08-26 06:50:00,4644.76,4645.41,4643.21,4644.26
2026-08-26 06:55:00,4644.07,4644.52,4642.69,4642.69
2026-08-26 07:00:00,4642.67,4644.21,4642.48,4642.82
2026-08-26 07:05:00,4642.75,4643.8,4641.84,4643.7
2026-08-26 07:10:00,4643.7,4643.91,4642.53,4642.53
2026-08-26 07:15:00,4642.53,4643.24,4641.41,4641.98
2026-08-26 07:20:00,4642.03,4642.93,4641.46,4642.58
2026-08-26 07:25:00,4642.54,4642.78,4641.11,4642.15
2026-08-26 07:30:00,4642.19,4643.2,4641.13,4641.74
2026-08-26 07:35:00,4641.65,4642.18,4640.32,4640.32
2026-08-26 07:40:00,4640.29,4642.13,4639.77,4640.81
2026-08-26 07:45:00,4640.78,4641.12,4638.8,4640.1
2026-08-26 07:50:00,4640.08,4641.77,4639.56,4640.77
2026-08-26 07:55:00,4640.79,4641.64,4639.43,4640.58
2026-08-26 08:00:00,4640.65,4643.71,4640.03,4641.94
2026-08-26 08:05:00,4641.96,4645.79,4641.65,4645.55
2026-08-26 08:10:00,4645.38,4645.6,4641.32,4643.33
2026-08-26 08:15:00,4643.24,4644.65,4641.37,4643.41
2026-08-26 08:20:00,4643.37,4644.42,4641.84,4643.83
2026-08-26 08:25:00,4643.89,4645.33,4642.6,4643.33
2026-08-26 08:30:00,4643.97,4649.43,4641.24,4645.62
2026-08-26 08:35:00,4645.81,4645.92,4638.55,4641.52
2026-08-26 08:40:00,4641.48,4644.44,4637.99,4638.05
2026-08-26 08:45:00,4638.01,4640.47,4635.44,4637.46
2026-08-26 08:50:00,4637.62,4640.22,4636.96,4638.88
2026-08-26 08:55:00,4638.85,4639.57,4636.92,4639.57
2026-08-26 09:00:00,4639.59,4641.35,4636.14,4640.91
2026-08-26 09:05:00,4640.94,4640.95,4637.37,4639.08
2026-08-26 09:10:00,4638.99,4639.06,4636.05,4637.41
2026-08-26 09:15:00,4637.53,4637.74,4631.2,4634.09
2026-08-26 09:20:00,4634.19,4634.48,4626.03,4627.15
2026-08-26 09:25:00,4627.09,4628.88,4624.73,4626.71
2026-08-26 09:30:00,4626.77,4630.59,4625.75,4630.41
2026-08-26 09:35:00,4630.86,4631.14,4626.96,4630.61
2026-08-26 09:40:00,4630.62,4634.04,4629.86,4633.23
2026-08-26 09:45:00,4633.19,4636.74,4633.17,4634.99
2026-08-26 09:50:00,4634.95,4635.6,4632.42,4633.2
2026-08-26 09:55:00,4633.21,4634.42,4630.47,4634.19
2026-08-26 10:00:00,4634.27,4639.09,4634.27,4638.88
2026-08-26 10:05:00,4638.92,4639.21,4633.09,4635.17
2026-08-26 10:10:00,4635.25,4636.92,4633.43,4636.38
2026-08-26 10:15:00,4636.25,4637.61,4633.69,4633.96
2026-08-26 10:20:00,4633.84,4635.2,4632.05,4634.11
2026-08-26 10:25:00,4634.13,4635.86,4630.74,4631.3
2026-08-26 10:30:00,4631.37,4636.33,4631.26,4633.39
2026-08-26 10:35:00,4633.39,4634.29,4630.05,4630.46
2026-08-26 10:40:00,4630.45,4631.63,4628.87,4631.63
2026-08-26 10:45:00,4631.88,4634.77,4630.63,4631.75
2026-08-26 10:50:00,4631.75,4631.77,4627.58,4628.39
2026-08-26 10:55:00,4628.42,4629.88,4626.49,4628.92
2026-08-26 11:00:00,4628.66,4630.24,4626.58,4628.66
2026-08-26 11:05:00,4628.64,4629.58,4625.74,4627.66
2026-08-26 11:10:00,4627.64,4628.39,4625.6,4625.65
2026-08-26 11:15:00,4625.59,4628.25,4622.79,4624.9
2026-08-26 11:20:00,4624.9,4626.4,4622.19,4626.24
2026-08-26 11:25:00,4625.73,4629.51,4625.69,4629.49
2026-08-26 11:30:00,4629.52,4630.54,4625.03,4628.2
2026-08-26 11:35:00,4628.15,4630.4,4627.97,4629.03
2026-08-26 11:40:00,4629.14,4629.61,4627.96,4629.38
2026-08-26 11:45:00,4629.4,4629.72,4626.91,4628.24
2026-08-26 11:50:00,4628.75,4628.87,4627.31,4627.55
2026-08-26 11:55:00,4627.61,4628.46,4625.99,4628.22
2026-08-26 12:00:00,4628.22,4630.86,4625.87,4625.96
2026-08-26 12:05:00,4625.93,4627.51,4624.1,4624.22
2026-08-26 12:10:00,4624.13,4627.73,4623.95,4624.92
2026-08-26 12:15:00,4624.95,4625.1,4620.99,4621.19
2026-08-26 12:20:00,4621.11,4621.37,4618.61,4618.95
2026-08-26 12:25:00,4618.9,4619.42,4616.21,4616.75
2026-08-26 12:30:00,4616.77,4622.25,4616.75,4620.99
2026-08-26 12:35:00,4621.01,4621.35,4620.01,4620.38
2026-08-26 12:40:00,4620.38,4622.28,4619.49,4622.02
2026-08-26 12:45:00,4621.98,4625.43,4621.94,4624.26
2026-08-26 12:50:00,4624.29,4625.13,4622.91,4624.15
2026-08-26 12:55:00,4624.18,4625.09,4623.31,4623.31
2026-08-26 13:00:00,4623.2,4623.86,4620.27,4623.37
2026-08-26 13:05:00,4623.34,4623.36,4620.57,4621.89
2026-08-26 13:10:00,4621.96,4621.99,4617.73,4618.9
2026-08-26 13:15:00,4618.93,4620.36,4617.07,4617.25
2026-08-26 13:20:00,4617.24,4619.9,4616.16,4618.55
2026-08-26 13:25:00,4618.54,4618.55,4613.46,4614.95
2026-08-26 13:30:00,4615.05,4619.46,4614.56,4619.32
2026-08-26 13:35:00,4619.3,4624.06,4618.55,4624.02
2026-08-26 13:40:00,4623.98,4624.04,4620.9,4622.31
2026-08-26 13:45:00,4622.3,4623.73,4622.21,4623.51
2026-08-26 13:50:00,4623.6,4623.94,4621.69,4622.67
2026-08-26 13:55:00,4622.58,4622.58,4618.91,4620.18
2026-08-26 14:00:00,4620.2,4621.78,4619.45,4620.73
2026-08-26 14:05:00,4620.59,4620.78,4616.86,4617.71
2026-08-26 14:10:00,4617.59,4619.01,4616.58,4618.44
2026-08-26 14:15:00,4618.44,4622.93,4618.29,4622.02
2026-08-26 14:20:00,4622.01,4622.93,4616.55,4616.92
2026-08-26 14:25:00,4616.88,4621.63,4616.78,4620.56
2026-08-26 14:30:00,4620.61,4622.78,4618.54,4619.01
2026-08-26 14:35:00,4619.01,4619.85,4617.21,4618.29
2026-08-26 14:40:00,4618.28,4619.51,4617.36,4619.01
2026-08-26 14:45:00,4618.94,4619.12,4616.95,4618.33
2026-08-26 14:50:00,4618.9,4620.09,4617.45,4619.51
2026-08-26 14:55:00,4619.51,4625.14,4619.15,4624.74
2026-08-26 15:00:00,4624.72,4629.16,4623.86,4627.17
2026-08-26 15:05:00,4627.37,4629.64,4626.87,4627.22
2026-08-26 15:10:00,4627.16,4627.95,4625.15,4625.48
2026-08-26 15:15:00,4625.6,4630.04,4624.56,4628.89
2026-08-26 15:20:00,4628.94,4629.42,4625.08,4626.07
2026-08-26 15:25:00,4626.21,4631.08,4625.58,4630.52
2026-08-26 15:30:00,4630.96,4633.52,4612.45,4623.23
2026-08-26 15:35:00,4623.23,4625.85,4617.97,4621.97
2026-08-26 15:40:00,4622.0,4625.22,4614.64,4622.53
2026-08-26 15:45:00,4622.45,4624.89,4618.54,4623.86
2026-08-26 15:50:00,4624.01,4626.3,4611.12,4616.16
2026-08-26 15:55:00,4616.05,4618.49,4612.95,4614.55
2026-08-26 16:00:00,4614.37,4621.39,4609.37,4612.14
2026-08-26 16:05:00,4612.08,4617.23,4608.4,4609.06
2026-08-26 16:10:00,4609.09,4612.93,4608.58,4611.05
2026-08-26 16:15:00,4611.25,4613.64,4597.97,4611.55
2026-08-26 16:20:00,4611.21,4614.16,4604.28,4609.17
2026-08-26 16:25:00,4609.34,4612.5,4605.32,4611.08
2026-08-26 16:30:00,4611.25,4618.86,4610.33,4615.77
2026-08-26 16:35:00,4616.12,4616.9,4612.54,4613.51
2026-08-26 16:40:00,4613.34,4622.94,4611.97,4619.64
2026-08-26 16:45:00,4619.48,4625.52,4618.33,4625.49
2026-08-26 16:50:00,4626.03,4628.76,4622.64,4623.75
2026-08-26 16:55:00,4623.83,4631.89,4623.83,4631.56
2026-08-26 17:00:00,4631.75,4633.38,4622.83,4624.03
2026-08-26 17:05:00,4624.05,4625.92,4620.69,4622.83
2026-08-26 17:10:00,4622.91,4626.98,4619.46,4620.23
2026-08-26 17:15:00,4620.29,4624.03,4619.51,4622.81
2026-08-26 17:20:00,4622.95,4626.69,4619.38,4621.03
2026-08-26 17:25:00,4621.07,4621.17,4616.38,4616.65
2026-08-26 17:30:00,4616.65,4619.47,4614.89,4618.3
2026-08-26 17:35:00,4618.33,4618.53,4612.99,4616.91
2026-08-26 17:40:00,4616.92,4622.8,4616.92,4622.01
2026-08-26 17:45:00,4621.99,4622.76,4611.81,4612.73
2026-08-26 17:50:00,4612.49,4614.31,4606.09,4607.62
2026-08-26 17:55:00,4607.71,4612.33,4602.84,4602.84
2026-08-26 18:00:00,4602.88,4605.32,4593.04,4598.23
2026-08-26 18:05:00,4598.3,4598.5,4588.05,4597.81
2026-08-26 18:10:00,4597.78,4599.86,4588.11,4588.8
2026-08-26 18:15:00,4588.92,4593.96,4583.04,4590.93
2026-08-26 18:20:00,4590.76,4594.12,4589.21,4591.72
2026-08-26 18:25:00,4591.69,4598.12,4590.96,4594.85
2026-08-26 18:30:00,4594.77,4598.17,4594.46,4598.17
2026-08-26 18:35:00,4598.29,4601.36,4597.32,4601.36
2026-08-26 18:40:00,4601.43,4604.71,4600.28,4604.67
2026-08-26 18:45:00,4604.84,4609.22,4604.53,4608.22
2026-08-26 18:50:00,4608.23,4608.42,4598.36,4600.44
2026-08-26 18:55:00,4600.42,4603.93,4596.01,4596.04
2026-08-26 19:00:00,4596.07,4598.83,4590.56,4597.4
2026-08-26 19:05:00,4597.25,4601.42,4596.89,4599.53
2026-08-26 19:10:00,4599.51,4600.42,4597.15,4600.24
2026-08-26 19:15:00,4600.26,4600.81,4597.11,4599.3
2026-08-26 19:20:00,4599.25,4599.68,4594.1,4595.96
2026-08-26 19:25:00,4596.02,4597.19,4594.28,4594.98
2026-08-26 19:30:00,4595.01,4596.26,4592.84,4594.19
2026-08-26 19:35:00,4594.07,4595.33,4586.74,4586.94
2026-08-26 19:40:00,4587.09,4591.42,4585.62,4588.18
2026-08-26 19:45:00,4588.02,4594.83,4588.02,4594.83
2026-08-26 19:50:00,4594.7,4596.71,4589.15,4589.58
2026-08-26 19:55:00,4589.55,4592.05,4588.51,4591.59
2026-08-26 20:00:00,4591.58,4593.78,4591.24,4593.11
2026-08-26 20:05:00,4593.25,4596.02,4590.65,4594.22
2026-08-26 20:10:00,4594.1,4595.17,4593.27,4594.7
2026-08-26 20:15:00,4594.75,4595.96,4593.5,4595.95
2026-08-26 20:20:00,4596.07,4598.76,4595.43,4596.5
2026-08-26 20:25:00,4596.52,4598.17,4594.19,4597.69
2026-08-26 20:30:00,4597.85,4602.2,4596.88,4600.82
2026-08-26 20:35:00,4600.84,4601.22,4596.07,4596.61
2026-08-26 20:40:00,4596.59,4599.19,4595.83,4597.09
2026-08-26 20:45:00,4597.16,4598.73,4596.25,4598.22
2026-08-26 20:50:00,4598.25,4599.17,4597.15,4597.36
2026-08-26 20:55:00,4597.33,4597.78,4594.24,4597.76
2026-08-26 21:00:00,4597.74,4603.23,4596.7,4602.84
2026-08-26 21:05:00,4602.94,4604.53,4600.52,4602.16
2026-08-26 21:10:00,4602.18,4603.63,4599.85,4600.16
2026-08-26 21:15:00,4600.16,4600.49,4594.83,4595.59
2026-08-26 21:20:00,4595.52,4595.74,4592.72,4593.78
2026-08-26 21:25:00,4593.78,4595.28,4592.98,4594.71
2026-08-26 21:30:00,4594.71,4595.63,4593.31,4593.42
2026-08-26 21:35:00,4593.41,4596.38,4592.42,4594.26
2026-08-26 21:40:00,4594.26,4597.34,4593.81,4596.71
2026-08-26 21:45:00,4596.49,4597.67,4595.91,4596.81
2026-08-26 21:50:00,4596.79,4597.68,4596.23,4596.44
2026-08-26 21:55:00,4596.25,4596.25,4593.3,4593.7
2026-08-26 22:00:00,4594.03,4594.92,4591.12,4592.06
2026-08-26 22:05:00,4592.05,4593.39,4591.0,4592.89
2026-08-26 22:10:00,4592.85,4595.58,4592.85,4594.36
2026-08-26 22:15:00,4594.39,4595.54,4591.72,4591.73
2026-08-26 22:20:00,4591.72,4594.38,4591.23,4594.38
2026-08-26 22:25:00,4594.32,4598.9,4594.31,4598.39
2026-08-26 22:30:00,4598.4,4601.54,4596.75,4597.46
2026-08-26 22:35:00,4597.47,4598.3,4596.43,4596.74
2026-08-26 22:40:00,4596.76,4596.87,4594.25,4595.61
2026-08-26 22:45:00,4595.62,4596.4,4594.92,4595.02
2026-08-26 22:50:00,4594.78,4595.3,4592.37,4593.63
2026-08-26 22:55:00,4593.83,4594.69,4592.36,4594.18
2026-08-26 23:00:00,4594.37,4594.73,4592.76,4594.02
2026-08-26 23:05:00,4593.97,4596.68,4593.92,4594.3
2026-08-26 23:10:00,4594.38,4594.99,4591.6,4591.65
2026-08-26 23:15:00,4591.89,4591.89,4589.07,4589.37
2026-08-26 23:20:00,4589.17,4589.55,4584.08,4589.55
2026-08-26 23:25:00,4589.55,4591.94,4589.36,4591.32
2026-08-26 23:30:00,4591.31,4591.9,4590.29,4591.66
2026-08-26 23:35:00,4591.65,4593.43,4591.65,4593.43
2026-08-26 23:40:00,4592.95,4592.98,4591.19,4591.88
2026-08-26 23:45:00,4591.88,4593.35,4591.43,4593.29
2026-08-26 23:50:00,4593.25,4593.75,4592.25,4592.85
2026-08-26 23:55:00,4592.87,4594.56,4592.73,4593.55
2026-08-27 01:00:00,4596.15,4606.81,4596.1,4603.53
2026-08-27 01:05:00,4603.53,4605.07,4603.27,4604.11
2026-08-27 01:10:00,4604.15,4605.35,4601.94,4602.59
2026-08-27 01:15:00,4602.67,4612.28,4602.5,4610.59
2026-08-27 01:20:00,4610.44,4613.44,4606.03,4606.6
2026-08-27 01:25:00,4606.68,4611.26,4605.46,4611.18
2026-08-27 01:30:00,4610.81,4611.57,4609.57,4609.57
2026-08-27 01:35:00,4609.57,4611.19,4608.83,4609.95
2026-08-27 01:40:00,4609.97,4611.56,4608.91,4610.8
2026-08-27 01:45:00,4610.97,4611.91,4607.77,4609.0
2026-08-27 01:50:00,4608.99,4609.41,4606.99,4607.37
2026-08-27 01:55:00,4607.39,4609.79,4606.84,4609.24
2026-08-27 02:00:00,4609.07,4611.89,4607.07,4608.28
2026-08-27 02:05:00,4608.36,4612.24,4608.13,4611.33
2026-08-27 02:10:00,4611.26,4615.57,4611.26,4615.52
2026-08-27 02:15:00,4615.52,4620.64,4614.4,4620.64
2026-08-27 02:20:00,4620.64,4622.21,4620.46,4621.36
2026-08-27 02:25:00,4621.38,4622.32,4619.68,4620.11
2026-08-27 02:30:00,4620.08,4621.03,4618.28,4621.0
2026-08-27 02:35:00,4620.96,4624.75,4619.11,4624.75
2026-08-27 02:40:00,4624.39,4624.61,4622.36,4622.71
2026-08-27 02:45:00,4622.04,4624.83,4621.07,4623.33
2026-08-27 02:50:00,4623.35,4624.64,4620.93,4621.26
2026-08-27 02:55:00,4621.25,4624.23,4620.81,4623.62
2026-08-27 03:00:00,4623.89,4627.02,4622.59,4624.37
2026-08-27 03:05:00,4624.39,4624.39,4618.09,4618.98
2026-08-27 03:10:00,4618.89,4619.24,4616.21,4617.96
2026-08-27 03:15:00,4617.97,4619.51,4613.33,4619.18
2026-08-27 03:20:00,4619.21,4621.1,4618.5,4620.04
2026-08-27 03:25:00,4620.37,4621.53,4617.29,4619.11
2026-08-27 03:30:00,4618.74,4618.8,4613.07,4613.33
2026-08-27 03:35:00,4613.07,4615.03,4610.1,4612.57
2026-08-27 03:40:00,4612.46,4613.31,4605.43,4606.09
2026-08-27 03:45:00,4606.2,4610.89,4606.07,4609.56
2026-08-27 03:50:00,4609.57,4609.73,4600.52,4602.54
2026-08-27 03:55:00,4602.71,4605.22,4601.88,4605.06
2026-08-27 04:00:00,4605.12,4615.02,4602.37,4614.18
2026-08-27 04:05:00,4614.33,4619.67,4612.13,4616.36
2026-08-27 04:10:00,4616.36,4624.83,4616.36,4624.74
2026-08-27 04:15:00,4624.64,4624.85,4616.95,4621.96
2026-08-27 04:20:00,4622.28,4625.06,4618.79,4625.0
2026-08-27 04:25:00,4624.93,4625.04,4618.61,4618.7
2026-08-27 04:30:00,4618.62,4622.55,4617.96,4621.6
2026-08-27 04:35:00,4621.66,4630.22,4619.94,4628.37
2026-08-27 04:40:00,4628.4,4631.38,4621.98,4623.71
2026-08-27 04:45:00,4623.85,4631.4,4623.67,4629.82
2026-08-27 04:50:00,4629.82,4635.38,4629.04,4634.77
2026-08-27 04:55:00,4634.82,4640.72,4634.58,4640.06
2026-08-27 05:00:00,4640.33,4642.99,4638.16,4638.69
2026-08-27 05:05:00,4638.75,4642.39,4638.27,4642.3
2026-08-27 05:10:00,4642.2,4642.2,4638.84,4640.57
2026-08-27 05:15:00,4640.57,4640.62,4637.93,4638.88
2026-08-27 05:20:00,4638.87,4640.51,4637.04,4637.11
2026-08-27 05:25:00,4637.16,4637.62,4632.81,4633.19
2026-08-27 05:30:00,4633.12,4633.75,4628.46,4629.46
2026-08-27 05:35:00,4629.44,4630.58,4624.73,4628.24
2026-08-27 05:40:00,4628.18,4628.63,4623.59,4627.28
2026-08-27 05:45:00,4627.25,4630.45,4624.36,4629.11
2026-08-27 05:50:00,4629.13,4631.29,4627.83,4629.45
2026-08-27 05:55:00,4629.1,4630.94,4628.49,4629.65
2026-08-27 06:00:00,4629.56,4634.53,4628.31,4634.53
2026-08-27 06:05:00,4634.55,4635.11,4629.88,4630.13
2026-08-27 06:10:00,4630.2,4634.83,4629.3,4634.19
2026-08-27 06:15:00,4634.24,4635.3,4632.95,4633.58
2026-08-27 06:20:00,4633.57,4638.58,4633.28,4637.93
2026-08-27 06:25:00,4637.99,4637.99,4634.71,4635.33
2026-08-27 06:30:00,4635.37,4635.53,4633.43,4633.82
2026-08-27 06:35:00,4633.82,4634.38,4632.01,4632.29
2026-08-27 06:40:00,4632.27,4632.32,4628.76,4629.26
2026-08-27 06:45:00,4629.25,4629.54,4626.72,4627.55
2026-08-27 06:50:00,4627.57,4627.76,4625.74,4626.73
2026-08-27 06:55:00,4626.73,4627.04,4624.34,4625.42
2026-08-27 07:00:00,4625.4,4627.19,4624.66,4626.47
2026-08-27 07:05:00,4626.48,4626.93,4624.49,4625.37
2026-08-27 07:10:00,4625.42,4626.18,4624.36,4625.35
2026-08-27 07:15:00,4625.34,4626.91,4623.94,4623.95
2026-08-27 07:20:00,4623.98,4624.73,4622.8,4623.14
2026-08-27 07:25:00,4623.13,4624.16,4620.58,4620.72
2026-08-27 07:30:00,4620.52,4620.82,4618.51,4618.63
2026-08-27 07:35:00,4618.63,4620.16,4617.46,4618.1
2026-08-27 07:40:00,4618.11,4619.96,4617.18,4619.22
2026-08-27 07:45:00,4619.11,4620.5,4617.65,4620.1
2026-08-27 07:50:00,4620.16,4620.56,4619.05,4619.81
2026-08-27 07:55:00,4619.83,4619.98,4617.77,4618.7
2026-08-27 08:00:00,4618.78,4620.15,4616.14,4620.09
2026-08-27 08:05:00,4620.08,4621.31,4618.75,4619.91
2026-08-27 08:10:00,4619.89,4621.27,4619.29,4619.96
2026-08-27 08:15:00,4619.88,4621.46,4618.29,4619.75
2026-08-27 08:20:00,4619.77,4621.03,4618.35,4620.42
2026-08-27 08:25:00,4620.42,4621.43,4617.05,4617.15
2026-08-27 08:30:00,4617.06,4619.69,4609.28,4611.11
2026-08-27 08:35:00,4611.11,4612.77,4608.19,4611.12
2026-08-27 08:40:00,4611.06,4611.06,4604.81,4605.28
2026-08-27 08:45:00,4605.26,4609.55,4604.59,4606.32
2026-08-27 08:50:00,4606.2,4608.66,4600.88,4602.91
2026-08-27 08:55:00,4602.92,4607.74,4601.94,4606.98
2026-08-27 09:00:00,4606.96,4607.44,4599.54,4603.67
2026-08-27 09:05:00,4603.67,4605.41,4601.17,4605.04
2026-08-27 09:10:00,4605.05,4607.0,4600.48,4605.91
2026-08-27 09:15:00,4605.91,4607.49,4603.96,4606.53
2026-08-27 09:20:00,4606.54,4609.93,4606.17,4609.58
2026-08-27 09:25:00,4609.52,4610.37,4607.01,4610.35
2026-08-27 09:30:00,4610.3,4611.8,4605.63,4607.7
2026-08-27 09:35:00,4607.58,4608.19,4604.75,4607.84
2026-08-27 09:40:00,4607.52,4608.95,4606.82,4607.62
2026-08-27 09:45:00,4607.43,4609.62,4603.67,4604.49
2026-08-27 09:50:00,4604.56,4606.16,4601.56,4601.76
2026-08-27 09:55:00,4601.92,4602.46,4598.04,4600.28
2026-08-27 10:00:00,4600.25,4603.63,4598.53,4603.28
2026-08-27 10:05:00,4603.25,4605.77,4602.39,4602.66
2026-08-27 10:10:00,4602.97,4603.83,4601.28,4603.8
2026-08-27 10:15:00,4603.8,4603.8,4596.01,4597.51
2026-08-27 10:20:00,4597.51,4598.71,4596.01,4596.76
2026-08-27 10:25:00,4596.76,4599.42,4593.52,4599.35
2026-08-27 10:30:00,4599.25,4601.29,4594.98,4596.2
2026-08-27 10:35:00,4596.23,4598.18,4594.96,4596.41
2026-08-27 10:40:00,4596.44,4598.29,4595.63,4597.72
2026-08-27 10:45:00,4597.81,4599.16,4596.26,4597.42
2026-08-27 10:50:00,4597.47,4599.52,4595.69,4598.01
2026-08-27 10:55:00,4597.99,4602.42,4597.94,4600.04
2026-08-27 11:00:00,4600.16,4606.11,4599.95,4605.38
2026-08-27 11:05:00,4605.34,4606.82,4602.77,4603.24
2026-08-27 11:10:00,4603.16,4604.8,4602.91,4603.21
2026-08-27 11:15:00,4603.28,4606.11,4602.77,4603.76
2026-08-27 11:20:00,4603.8,4603.8,4600.11,4603.4
2026-08-27 11:25:00,4603.55,4603.89,4601.03,4601.08
2026-08-27 11:30:00,4600.79,4601.73,4599.0,4599.01
2026-08-27 11:35:00,4599.05,4599.61,4597.34,4598.23
2026-08-27 11:40:00,4598.26,4598.77,4594.62,4596.0
2026-08-27 11:45:00,4595.93,4598.66,4595.51,4598.26
2026-08-27 11:50:00,4598.29,4600.05,4597.83,4599.63
2026-08-27 11:55:00,4599.64,4602.18,4598.74,4598.89
2026-08-27 12:00:00,4598.91,4600.58,4593.66,4594.63
2026-08-27 12:05:00,4594.61,4597.12,4593.95,4596.18
2026-08-27 12:10:00,4596.42,4598.73,4595.32,4595.97
2026-08-27 12:15:00,4595.97,4597.02,4594.88,4595.4
2026-08-27 12:20:00,4595.41,4596.98,4595.12,4596.7
2026-08-27 12:25:00,4596.66,4599.24,4593.66,4597.62
2026-08-27 12:30:00,4597.7,4599.12,4593.03,4593.85
2026-08-27 12:35:00,4593.83,4594.03,4578.04,4584.38
2026-08-27 12:40:00,4584.37,4584.37,4581.04,4582.19
2026-08-27 12:45:00,4582.31,4584.34,4580.62,4582.57
2026-08-27 12:50:00,4582.59,4585.75,4581.25,4582.36
2026-08-27 12:55:00,4582.38,4582.63,4579.06,4580.23
2026-08-27 13:00:00,4580.28,4580.93,4569.0,4572.4
2026-08-27 13:05:00,4572.27,4576.34,4570.01,4576.06
2026-08-27 13:10:00,4576.58,4581.84,4576.58,4581.64
2026-08-27 13:15:00,4581.58,4583.39,4577.5,4580.87
2026-08-27 13:20:00,4580.83,4582.41,4580.05,4582.26
2026-08-27 13:25:00,4582.26,4582.44,4580.08,4580.33
2026-08-27 13:30:00,4580.15,4580.76,4578.3,4578.85
2026-08-27 13:35:00,4578.84,4579.11,4576.44,4576.82
2026-08-27 13:40:00,4576.82,4585.9,4576.23,4585.71
2026-08-27 13:45:00,4585.65,4587.88,4585.61,4586.86
2026-08-27 13:50:00,4586.89,4589.27,4586.21,4588.98
2026-08-27 13:55:00,4589.01,4590.47,4588.31,4590.11
2026-08-27 14:00:00,4590.09,4591.0,4587.28,4588.87
2026-08-27 14:05:00,4589.0,4591.25,4589.0,4590.68
2026-08-27 14:10:00,4590.66,4592.52,4589.77,4592.52
2026-08-27 14:15:00,4592.38,4592.63,4591.15,4592.35
2026-08-27 14:20:00,4592.32,4596.38,4592.3,4596.38
2026-08-27 14:25:00,4596.42,4596.72,4592.87,4594.49
2026-08-27 14:30:00,4594.57,4598.87,4593.87,4595.7
2026-08-27 14:35:00,4595.68,4597.15,4594.0,4597.0
2026-08-27 14:40:00,4596.93,4599.7,4596.7,4597.98
2026-08-27 14:45:00,4597.62,4597.72,4594.77,4595.22
2026-08-27 14:50:00,4595.24,4599.87,4594.49,4599.87
2026-08-27 14:55:00,4599.94,4600.31,4597.02,4598.36
2026-08-27 15:00:00,4598.33,4601.06,4597.86,4598.36
2026-08-27 15:05:00,4598.36,4598.52,4593.93,4595.13
2026-08-27 15:10:00,4595.1,4595.43,4592.49,4592.65
2026-08-27 15:15:00,4592.52,4596.01,4591.63,4594.79
2026-08-27 15:20:00,4594.71,4600.56,4594.71,4595.77
2026-08-27 15:25:00,4596.42,4596.55,4592.72,4595.32
2026-08-27 15:30:00,4595.69,4596.73,4593.05,4593.41
2026-08-27 15:35:00,4593.55,4595.72,4587.95,4589.05
2026-08-27 15:40:00,4589.03,4590.28,4587.11,4587.56
2026-08-27 15:45:00,4587.51,4587.8,4583.19,4583.42
2026-08-27 15:50:00,4583.41,4584.94,4580.45,4584.66
2026-08-27 15:55:00,4584.7,4587.8,4583.38,4585.75
2026-08-27 16:00:00,4585.44,4589.92,4579.9,4588.41
2026-08-27 16:05:00,4588.21,4590.7,4585.93,4586.5
2026-08-27 16:10:00,4586.76,4590.53,4584.34,4585.22
2026-08-27 16:15:00,4585.23,4588.78,4583.0,4586.59
2026-08-27 16:20:00,4586.73,4588.65,4585.28,4587.55
2026-08-27 16:25:00,4587.64,4593.11,4587.18,4590.19
2026-08-27 16:30:00,4590.68,4592.96,4575.59,4575.6
2026-08-27 16:35:00,4575.65,4581.22,4574.15,4575.52
2026-08-27 16:40:00,4575.39,4583.51,4572.29,4578.61
2026-08-27 16:45:00,4578.38,4579.61,4565.32,4577.0
2026-08-27 16:50:00,4576.96,4582.82,4570.58,4572.18
2026-08-27 16:55:00,4572.14,4575.78,4571.24,4572.48
2026-08-27 17:00:00,4572.42,4575.89,4568.45,4575.54
2026-08-27 17:05:00,4575.75,4579.18,4571.66,4574.73
2026-08-27 17:10:00,4574.73,4577.76,4572.21,4573.7
2026-08-27 17:15:00,4573.7,4582.36,4573.7,4579.37
2026-08-27 17:20:00,4579.38,4584.15,4575.12,4577.98
2026-08-27 17:25:00,4578.09,4581.62,4573.95,4581.22
2026-08-27 17:30:00,4581.19,4586.15,4581.18,4585.84
2026-08-27 17:35:00,4585.91,4591.07,4585.81,4589.32
2026-08-27 17:40:00,4589.33,4597.25,4586.85,4595.23
2026-08-27 17:45:00,4595.42,4598.14,4592.41,4593.22
2026-08-27 17:50:00,4593.2,4594.0,4590.93,4591.31
2026-08-27 17:55:00,4591.26,4593.13,4588.1,4591.28
2026-08-27 18:00:00,4591.24,4595.28,4591.21,4593.94
2026-08-27 18:05:00,4593.95,4595.11,4591.11,4591.98
2026-08-27 18:10:00,4592.02,4595.2,4591.75,4592.43
2026-08-27 18:15:00,4592.45,4597.92,4592.45,4597.1
2026-08-27 18:20:00,4597.09,4597.19,4589.45,4590.29
2026-08-27 18:25:00,4590.39,4595.43,4588.76,4592.95
2026-08-27 18:30:00,4592.85,4598.61,4592.09,4596.99
2026-08-27 18:35:00,4597.05,4599.5,4595.96,4599.5
2026-08-27 18:40:00,4599.56,4605.63,4599.38,4601.12
2026-08-27 18:45:00,4601.16,4604.5,4600.2,4604.25
2026-08-27 18:50:00,4604.21,4609.88,4603.29,4609.39
2026-08-27 18:55:00,4609.39,4611.18,4608.1,4610.34
2026-08-27 19:00:00,4610.38,4612.95,4609.12,4611.58
2026-08-27 19:05:00,4611.5,4611.5,4605.97,4607.27
2026-08-27 19:10:00,4607.21,4607.58,4604.51,4604.58
2026-08-27 19:15:00,4604.6,4605.55,4602.39,4603.03
2026-08-27 19:20:00,4603.03,4607.85,4603.03,4606.25
2026-08-27 19:25:00,4606.24,4608.41,4605.78,4607.59
2026-08-27 19:30:00,4607.68,4608.85,4605.95,4608.84
2026-08-27 19:35:00,4608.83,4612.76,4608.0,4611.7
2026-08-27 19:40:00,4611.7,4611.79,4610.06,4611.52
2026-08-27 19:45:00,4611.54,4614.3,4610.42,4610.95
2026-08-27 19:50:00,4610.91,4616.61,4610.19,4615.94
2026-08-27 19:55:00,4615.99,4616.22,4612.37,4614.88
2026-08-27 20:00:00,4614.92,4616.42,4612.25,4613.94
2026-08-27 20:05:00,4613.99,4614.05,4610.05,4610.36
2026-08-27 20:10:00,4610.33,4611.37,4608.55,4610.16
2026-08-27 20:15:00,4610.15,4610.45,4608.42,4608.92
2026-08-27 20:20:00,4608.93,4611.86,4608.93,4611.68
2026-08-27 20:25:00,4611.71,4611.94,4608.75,4610.19
2026-08-27 20:30:00,4610.26,4611.46,4609.19,4609.95
2026-08-27 20:35:00,4609.82,4611.26,4608.37,4611.16
2026-08-27 20:40:00,4611.17,4614.27,4610.27,4611.57
2026-08-27 20:45:00,4611.08,4611.61,4606.71,4609.82
2026-08-27 20:50:00,4609.81,4610.2,4606.76,4607.94
2026-08-27 20:55:00,4608.04,4609.02,4605.1,4606.4
2026-08-27 21:00:00,4606.59,4607.27,4602.09,4603.05
2026-08-27 21:05:00,4603.04,4607.95,4602.81,4604.58
2026-08-27 21:10:00,4604.58,4606.39,4603.71,4605.51
2026-08-27 21:15:00,4605.51,4607.8,4604.82,4607.8
2026-08-27 21:20:00,4607.75,4607.9,4603.22,4603.47
2026-08-27 21:25:00,4603.43,4603.5,4601.6,4601.62
2026-08-27 21:30:00,4601.55,4603.66,4600.96,4602.03
2026-08-27 21:35:00,4601.96,4605.0,4601.68,4604.27
2026-08-27 21:40:00,4604.23,4604.71,4603.71,4604.35
2026-08-27 21:45:00,4604.44,4606.74,4604.24,4605.72
2026-08-27 21:50:00,4605.54,4611.1,4604.85,4609.24
2026-08-27 21:55:00,4609.19,4610.71,4608.73,4610.33
2026-08-27 22:00:00,4610.56,4616.58,4610.56,4613.5
2026-08-27 22:05:00,4613.44,4617.91,4612.72,4616.89
2026-08-27 22:10:00,4616.87,4616.97,4614.86,4615.56
2026-08-27 22:15:00,4615.55,4616.1,4609.56,4611.41
2026-08-27 22:20:00,4611.39,4611.56,4606.44,4607.34
2026-08-27 22:25:00,4607.41,4608.23,4604.25,4605.79
2026-08-27 22:30:00,4605.79,4607.85,4604.74,4607.14
2026-08-27 22:35:00,4607.15,4608.27,4606.75,4607.7
2026-08-27 22:40:00,4607.69,4610.06,4607.69,4609.84
2026-08-27 22:45:00,4609.78,4612.6,4608.47,4610.31
2026-08-27 22:50:00,4610.24,4610.24,4606.72,4608.1
2026-08-27 22:55:00,4608.09,4609.67,4605.39,4609.26
2026-08-27 23:00:00,4609.52,4609.52,4604.69,4605.09
2026-08-27 23:05:00,4605.1,4605.2,4603.84,4604.1
2026-08-27 23:10:00,4604.2,4606.09,4603.68,4604.83
2026-08-27 23:15:00,4604.79,4605.34,4604.45,4605.26
2026-08-27 23:20:00,4605.25,4605.38,4604.64,4604.74
2026-08-27 23:25:00,4604.7,4604.72,4602.7,4603.61
2026-08-27 23:30:00,4603.7,4603.99,4603.11,4603.42
2026-08-27 23:35:00,4603.43,4603.48,4601.98,4603.22
2026-08-27 23:40:00,4603.12,4604.34,4603.01,4603.71
2026-08-27 23:45:00,4603.82,4604.48,4601.99,4604.48
2026-08-27 23:50:00,4604.59,4604.65,4600.75,4600.94
2026-08-27 23:55:00,4600.91,4601.69,4599.95,4600.81
2026-08-28 01:00:00,4603.35,4608.27,4601.65,4602.02
2026-08-28 01:05:00,4602.0,4605.37,4601.26,4605.02
2026-08-28 01:10:00,4605.02,4605.23,4603.9,4604.83
2026-08-28 01:15:00,4604.82,4606.23,4604.4,4605.87
2026-08-28 01:20:00,4605.85,4608.33,4605.85,4608.23
2026-08-28 01:25:00,4608.18,4608.18,4606.43,4607.7
2026-08-28 01:30:00,4607.7,4609.03,4606.77,4608.75
2026-08-28 01:35:00,4608.68,4609.3,4607.96,4609.3
2026-08-28 01:40:00,4609.21,4610.02,4607.3,4607.78
2026-08-28 01:45:00,4607.77,4608.01,4606.86,4607.57
2026-08-28 01:50:00,4607.54,4610.03,4606.65,4609.0
2026-08-28 01:55:00,4609.05,4610.77,4609.0,4610.7
2026-08-28 02:00:00,4610.67,4611.37,4609.04,4609.33
2026-08-28 02:05:00,4609.32,4609.56,4606.63,4607.0
2026-08-28 02:10:00,4605.27,4605.43,4602.87,4602.93
2026-08-28 02:15:00,4602.92,4603.66,4602.22,4602.74
2026-08-28 02:20:00,4602.74,4603.26,4600.08,4602.4
2026-08-28 02:25:00,4602.4,4602.7,4600.13,4600.95
2026-08-28 02:30:00,4601.0,4601.51,4599.33,4599.36
2026-08-28 02:35:00,4599.42,4602.19,4598.55,4601.14
2026-08-28 02:40:00,4601.14,4601.55,4599.27,4599.71
2026-08-28 02:45:00,4599.63,4599.63,4595.84,4596.6
2026-08-28 02:50:00,4596.58,4596.58,4594.7,4595.06
2026-08-28 02:55:00,4595.19,4595.4,4594.33,4594.62
2026-08-28 03:00:00,4594.52,4600.05,4593.21,4596.71
2026-08-28 03:05:00,4596.74,4600.07,4596.18,4599.84
2026-08-28 03:10:00,4599.81,4602.45,4599.66,4600.6
2026-08-28 03:15:00,4600.6,4600.72,4593.26,4593.51
2026-08-28 03:20:00,4593.35,4595.64,4591.36,4593.68
2026-08-28 03:25:00,4593.56,4593.95,4590.58,4593.95
2026-08-28 03:30:00,4593.94,4594.22,4587.93,4589.48
2026-08-28 03:35:00,4589.47,4590.27,4588.24,4589.64
2026-08-28 03:40:00,4589.56,4591.3,4588.99,4590.99
2026-08-28 03:45:00,4590.95,4590.97,4586.4,4587.31
2026-08-28 03:50:00,4587.3,4589.28,4586.61,4587.57
2026-08-28 03:55:00,4587.57,4588.73,4585.69,4588.72
2026-08-28 04:00:00,4589.05,4595.81,4586.39,4595.0
2026-08-28 04:05:00,4594.7,4600.2,4591.66,4600.14
2026-08-28 04:10:00,4599.93,4602.13,4592.21,4593.42
2026-08-28 04:15:00,4593.83,4597.99,4591.41,4596.28
2026-08-28 04:20:00,4595.92,4597.2,4590.63,4590.63
2026-08-28 04:25:00,4591.94,4593.39,4583.87,4585.56
2026-08-28 04:30:00,4585.73,4588.97,4583.86,4587.37
2026-08-28 04:35:00,4587.33,4588.79,4580.45,4580.79
2026-08-28 04:40:00,4580.69,4582.84,4578.36,4582.15
2026-08-28 04:45:00,4582.05,4582.38,4577.68,4582.36
2026-08-28 04:50:00,4582.3,4583.16,4575.8,4576.95
2026-08-28 04:55:00,4576.93,4578.63,4575.37,4575.81
2026-08-28 05:00:00,4575.88,4577.82,4575.07,4577.05
2026-08-28 05:05:00,4577.16,4581.46,4577.06,4580.47
2026-08-28 05:10:00,4580.47,4582.61,4578.4,4581.3
2026-08-28 05:15:00,4581.35,4581.37,4578.68,4581.36
2026-08-28 05:20:00,4581.31,4584.51,4580.35,4584.1
2026-08-28 05:25:00,4583.96,4584.82,4582.87,4583.31
2026-08-28 05:30:00,4583.35,4587.02,4583.17,4585.23
2026-08-28 05:35:00,4585.23,4589.62,4585.21,4588.15
2026-08-28 05:40:00,4588.2,4588.43,4583.9,4585.04
2026-08-28 05:45:00,4585.03,4586.33,4582.23,4586.25
2026-08-28 05:50:00,4586.24,4587.21,4584.65,4585.99
2026-08-28 05:55:00,4585.97,4586.54,4582.92,4586.3
2026-08-28 06:00:00,4586.32,4587.84,4584.38,4587.33
2026-08-28 06:05:00,4587.38,4588.3,4585.1,4586.32
2026-08-28 06:10:00,4586.36,4587.81,4582.8,4584.08
2026-08-28 06:15:00,4584.09,4588.79,4584.09,4587.21
2026-08-28 06:20:00,4587.2,4589.63,4585.75,4589.5
2026-08-28 06:25:00,4589.52,4590.0,4586.63,4587.94
2026-08-28 06:30:00,4587.93,4588.24,4583.34,4584.36
2026-08-28 06:35:00,4584.09,4584.09,4582.46,4582.89
2026-08-28 06:40:00,4582.92,4583.56,4581.02,4581.89
2026-08-28 06:45:00,4581.96,4582.0,4579.51,4580.57
2026-08-28 06:50:00,4580.67,4580.94,4578.62,4579.16
2026-08-28 06:55:00,4579.4,4580.03,4578.82,4579.9
2026-08-28 07:00:00,4579.89,4580.35,4578.8,4579.2
2026-08-28 07:05:00,4579.21,4579.49,4577.95,4579.12
2026-08-28 07:10:00,4579.09,4580.38,4578.88,4579.35
2026-08-28 07:15:00,4579.2,4583.36,4578.75,4583.2
2026-08-28 07:20:00,4583.18,4584.64,4582.67,4584.39
2026-08-28 07:25:00,4584.48,4585.36,4583.11,4584.74
2026-08-28 07:30:00,4584.7,4584.7,4581.68,4581.7
2026-08-28 07:35:00,4581.75,4581.93,4578.11,4578.35
2026-08-28 07:40:00,4578.35,4580.21,4578.15,4579.89
2026-08-28 07:45:00,4579.9,4582.3,4578.27,4580.79
2026-08-28 07:50:00,4580.8,4582.55,4580.79,4581.99
2026-08-28 07:55:00,4582.03,4585.19,4581.43,4584.34
2026-08-28 08:00:00,4584.53,4585.33,4582.13,4582.46
2026-08-28 08:05:00,4582.51,4582.81,4579.01,4579.09
2026-08-28 08:10:00,4579.18,4580.59,4578.4,4579.93
2026-08-28 08:15:00,4579.92,4581.87,4579.07,4581.82
2026-08-28 08:20:00,4581.94,4584.52,4580.93,4584.16
2026-08-28 08:25:00,4584.16,4586.19,4582.52,4584.2
2026-08-28 08:30:00,4584.06,4584.06,4577.66,4578.84
2026-08-28 08:35:00,4578.9,4579.43,4574.83,4574.83
2026-08-28 08:40:00,4574.72,4576.08,4571.81,4572.71
2026-08-28 08:45:00,4572.68,4575.56,4571.71,4573.8
2026-08-28 08:50:00,4573.97,4577.03,4573.68,4576.82
2026-08-28 08:55:00,4577.01,4577.36,4572.59,4573.23
2026-08-28 09:00:00,4573.25,4577.43,4572.38,4576.9
2026-08-28 09:05:00,4576.88,4580.63,4574.27,4580.6
2026-08-28 09:10:00,4580.47,4583.48,4580.47,4581.81
2026-08-28 09:15:00,4581.81,4584.95,4580.7,4582.79
2026-08-28 09:20:00,4582.67,4585.53,4582.1,4583.48
2026-08-28 09:25:00,4583.53,4585.52,4583.22,4584.95
2026-08-28 09:30:00,4584.96,4586.17,4582.86,4583.94
2026-08-28 09:35:00,4583.95,4588.03,4583.84,4586.33
2026-08-28 09:40:00,4586.26,4588.41,4584.33,4588.25
2026-08-28 09:45:00,4588.24,4599.81,4588.19,4599.81
2026-08-28 09:50:00,4599.6,4606.63,4596.68,4604.19
2026-08-28 09:55:00,4604.2,4613.15,4603.93,4612.64
2026-08-28 10:00:00,4612.58,4613.33,4605.67,4606.95
2026-08-28 10:05:00,4606.91,4607.32,4599.22,4600.89
2026-08-28 10:10:00,4600.89,4603.32,4596.66,4600.71
2026-08-28 10:15:00,4600.72,4606.51,4599.56,4605.97
2026-08-28 10:20:00,4605.96,4610.04,4605.76,4607.43
2026-08-28 10:25:00,4607.74,4609.69,4606.75,4607.48
2026-08-28 10:30:00,4607.48,4611.79,4607.16,4611.6
2026-08-28 10:35:00,4611.58,4614.3,4609.76,4610.45
2026-08-28 10:40:00,4610.42,4610.73,4608.4,4609.25
2026-08-28 10:45:00,4609.25,4611.35,4607.51,4610.19
2026-08-28 10:50:00,4610.31,4612.88,4609.96,4611.58
2026-08-28 10:55:00,4611.55,4613.4,4609.72,4611.86
2026-08-28 11:00:00,4611.59,4614.54,4610.82,4612.5
2026-08-28 11:05:00,4612.5,4613.02,4609.96,4611.64
2026-08-28 11:10:00,4611.72,4612.98,4610.99,4611.7
2026-08-28 11:15:00,4611.7,4612.36,4609.2,4609.29
2026-08-28 11:20:00,4609.33,4611.39,4608.09,4610.98
2026-08-28 11:25:00,4610.99,4611.38,4608.77,4609.04
2026-08-28 11:30:00,4609.17,4611.25,4608.23,4609.64
2026-08-28 11:35:00,4609.66,4611.36,4606.57,4607.48
2026-08-28 11:40:00,4607.39,4607.7,4603.32,4603.62
2026-08-28 11:45:00,4603.61,4603.61,4601.04,4602.02
2026-08-28 11:50:00,4601.91,4606.14,4601.7,4604.62
2026-08-28 11:55:00,4604.6,4604.89,4601.25,4602.84
2026-08-28 12:00:00,4602.54,4604.23,4602.16,4604.02
2026-08-28 12:05:00,4604.02,4604.23,4601.47,4601.67
2026-08-28 12:10:00,4601.68,4602.92,4600.74,4601.61
2026-08-28 12:15:00,4601.57,4602.63,4600.43,4602.2
2026-08-28 12:20:00,4602.17,4603.98,4600.94,4603.07
2026-08-28 12:25:00,4603.06,4603.2,4600.49,4601.8
2026-08-28 12:30:00,4601.99,4604.1,4601.75,4602.52
2026-08-28 12:35:00,4602.52,4605.0,4601.0,4603.79
2026-08-28 12:40:00,4603.71,4604.93,4602.67,4604.01
2026-08-28 12:45:00,4603.97,4605.17,4603.1,4604.49
2026-08-28 12:50:00,4604.52,4607.1,4604.4,4606.99
2026-08-28 12:55:00,4607.0,4607.3,4605.08,4605.08
2026-08-28 13:00:00,4605.09,4606.27,4603.43,4605.55
2026-08-28 13:05:00,4605.56,4607.5,4605.46,4607.36
2026-08-28 13:10:00,4607.36,4608.9,4606.9,4608.53
2026-08-28 13:15:00,4608.49,4609.76,4604.34,4604.38
2026-08-28 13:20:00,4604.36,4604.45,4602.68,4603.95
2026-08-28 13:25:00,4603.94,4605.23,4601.93,4605.22
2026-08-28 13:30:00,4605.25,4607.8,4605.15,4607.28
2026-08-28 13:35:00,4607.25,4607.25,4602.99,4603.76
2026-08-28 13:40:00,4603.73,4604.12,4601.9,4602.83
2026-08-28 13:45:00,4602.76,4603.16,4599.92,4600.94
2026-08-28 13:50:00,4601.06,4601.08,4597.52,4598.13
2026-08-28 13:55:00,4598.12,4600.4,4597.75,4600.07
2026-08-28 14:00:00,4600.12,4601.24,4597.38,4598.69
2026-08-28 14:05:00,4598.7,4598.92,4595.1,4595.77
2026-08-28 14:10:00,4595.94,4598.79,4595.3,4598.79
2026-08-28 14:15:00,4598.82,4601.13,4598.39,4600.09
2026-08-28 14:20:00,4600.11,4600.44,4598.03,4600.35
2026-08-28 14:25:00,4600.35,4600.93,4597.59,4598.91
2026-08-28 14:30:00,4599.06,4600.77,4597.91,4598.54
2026-08-28 14:35:00,4598.57,4598.84,4593.48,4593.48
2026-08-28 14:40:00,4593.46,4595.0,4591.31,4594.6
2026-08-28 14:45:00,4594.61,4595.98,4593.25,4594.48
2026-08-28 14:50:00,4594.46,4595.92,4593.56,4594.38
2026-08-28 14:55:00,4594.2,4594.46,4591.48,4593.27
2026-08-28 15:00:00,4593.22,4595.7,4590.89,4594.53
2026-08-28 15:05:00,4594.5,4595.69,4591.96,4594.28
2026-08-28 15:10:00,4594.22,4596.94,4592.37,4594.33
2026-08-28 15:15:00,4594.32,4595.7,4592.44,4594.41
2026-08-28 15:20:00,4594.4,4601.58,4594.07,4601.38
2026-08-28 15:25:00,4601.32,4603.71,4600.11,4601.4
2026-08-28 15:30:00,4601.35,4602.04,4591.96,4593.11
2026-08-28 15:35:00,4593.12,4593.6,4588.97,4589.27
2026-08-28 15:40:00,4589.35,4592.83,4589.35,4591.84
2026-08-28 15:45:00,4591.84,4595.18,4590.23,4594.05
2026-08-28 15:50:00,4594.04,4597.14,4591.95,4596.26
2026-08-28 15:55:00,4596.29,4602.52,4596.29,4601.76
2026-08-28 16:00:00,4601.64,4603.34,4596.19,4599.33
2026-08-28 16:05:00,4599.28,4605.3,4598.82,4600.19
2026-08-28 16:10:00,4600.21,4601.05,4597.85,4598.89
2026-08-28 16:15:00,4599.0,4599.72,4593.69,4598.47
2026-08-28 16:20:00,4598.41,4601.01,4596.3,4600.96
2026-08-28 16:25:00,4600.84,4604.45,4599.53,4603.94
2026-08-28 16:30:00,4603.96,4605.47,4599.05,4604.97
2026-08-28 16:35:00,4605.1,4607.22,4600.74,4605.98
2026-08-28 16:40:00,4605.86,4607.74,4601.87,4604.82
2026-08-28 16:45:00,4605.06,4612.38,4604.94,4609.94
2026-08-28 16:50:00,4609.88,4612.07,4607.35,4610.15
2026-08-28 16:55:00,4610.25,4627.16,4605.17,4605.92
2026-08-28 17:00:00,4601.84,4631.21,4574.03,4577.28
2026-08-28 17:05:00,4577.3,4581.52,4548.64,4573.87
2026-08-28 17:10:00,4573.51,4573.94,4543.87,4546.49
2026-08-28 17:15:00,4546.27,4566.46,4545.1,4553.93
2026-08-28 17:20:00,4553.28,4568.34,4548.57,4557.61
2026-08-28 17:25:00,4557.58,4559.22,4530.29,4551.95
2026-08-28 17:30:00,4552.18,4569.82,4551.76,4569.68
2026-08-28 17:35:00,4569.72,4576.93,4564.68,4564.83
2026-08-28 17:40:00,4564.87,4568.46,4557.55,4561.15
2026-08-28 17:45:00,4560.97,4562.54,4551.75,4552.86
2026-08-28 17:50:00,4552.78,4570.94,4550.6,4570.81
2026-08-28 17:55:00,4571.42,4580.58,4570.02,4576.53
2026-08-28 18:00:00,4576.59,4582.57,4571.89,4579.96
2026-08-28 18:05:00,4579.96,4581.65,4572.18,4572.77
2026-08-28 18:10:00,4572.8,4573.83,4556.88,4559.28
2026-08-28 18:15:00,4559.1,4564.31,4553.93,4554.96
2026-08-28 18:20:00,4555.22,4566.18,4551.69,4565.68
2026-08-28 18:25:00,4565.67,4569.24,4559.29,4566.87
2026-08-28 18:30:00,4566.81,4567.4,4555.09,4557.35
2026-08-28 18:35:00,4557.57,4562.43,4547.01,4547.3
2026-08-28 18:40:00,4547.34,4547.91,4534.61,4538.97
2026-08-28 18:45:00,4539.3,4545.9,4531.86,4535.85
2026-08-28 18:50:00,4535.86,4545.59,4534.47,4539.27
2026-08-28 18:55:00,4539.78,4540.74,4524.05,4524.63
2026-08-28 19:00:00,4524.5,4529.23,4520.49,4520.9
2026-08-28 19:05:00,4520.52,4520.52,4508.29,4508.78
2026-08-28 19:10:00,4508.4,4515.63,4497.95,4497.95
2026-08-28 19:15:00,4497.94,4503.5,4481.95,4482.15
2026-08-28 19:20:00,4481.72,4483.1,4464.43,4468.52
2026-08-28 19:25:00,4468.79,4482.03,4464.82,4481.01
2026-08-28 19:30:00,4480.78,4487.3,4471.54,4474.07
2026-08-28 19:35:00,4473.86,4486.14,4473.8,4484.78
2026-08-28 19:40:00,4484.8,4486.36,4466.56,4468.87
2026-08-28 19:45:00,4469.08,4481.56,4469.08,4481.56
2026-08-28 19:50:00,4481.67,4484.96,4479.65,4480.58
2026-08-28 19:55:00,4480.96,4482.49,4475.24,4479.47
2026-08-28 20:00:00,4479.88,4480.67,4473.34,4475.69
2026-08-28 20:05:00,4475.77,4482.78,4474.84,4480.18
2026-08-28 20:10:00,4480.13,4480.82,4471.18,4480.64
2026-08-28 20:15:00,4480.67,4481.98,4475.04,4480.86
2026-08-28 20:20:00,4480.8,4486.49,4479.79,4484.85
2026-08-28 20:25:00,4484.92,4486.07,4475.88,4478.13
2026-08-28 20:30:00,4478.12,4481.26,4473.38,4478.68
2026-08-28 20:35:00,4478.72,4481.72,4471.05,4471.72
2026-08-28 20:40:00,4471.63,4474.88,4460.56,4467.28
2026-08-28 20:45:00,4467.18,4475.81,4466.61,4474.07
2026-08-28 20:50:00,4474.01,4475.58,4471.83,4472.63
2026-08-28 20:55:00,4472.46,4472.51,4466.54,4469.3
2026-08-28 21:00:00,4469.49,4471.54,4460.2,4460.43
2026-08-28 21:05:00,4460.81,4465.87,4459.65,4461.73
2026-08-28 21:10:00,4461.79,4464.82,4459.74,4461.16
2026-08-28 21:15:00,4461.23,4462.59,4454.04,4458.69
2026-08-28 21:20:00,4458.68,4463.19,4452.58,4453.59
2026-08-28 21:25:00,4453.44,4462.55,4452.58,4456.16
2026-08-28 21:30:00,4456.14,4458.62,4452.02,4456.94
2026-08-28 21:35:00,4457.02,4457.25,4451.64,4452.85
2026-08-28 21:40:00,4452.85,4455.12,4445.49,4451.16
2026-08-28 21:45:00,4451.17,4455.0,4448.39,4453.29
2026-08-28 21:50:00,4453.28,4456.8,4451.82,4454.1
2026-08-28 21:55:00,4454.42,4458.25,4452.66,4456.87
2026-08-28 22:00:00,4456.82,4461.87,4453.32,4457.98
2026-08-28 22:05:00,4458.01,4462.56,4457.0,4461.91
2026-08-28 22:10:00,4461.85,4462.07,4454.48,4457.0
2026-08-28 22:15:00,4457.0,4460.83,4455.19,4460.07
2026-08-28 22:20:00,4460.12,4462.02,4457.43,4459.41
2026-08-28 22:25:00,4459.41,4463.54,4459.41,4462.24
2026-08-28 22:30:00,4462.06,4464.79,4460.99,4463.07
2026-08-28 22:35:00,4463.06,4466.92,4462.02,4466.3
2026-08-28 22:40:00,4466.44,4466.82,4464.55,4464.98
2026-08-28 22:45:00,4464.98,4464.98,4455.03,4457.47
2026-08-28 22:50:00,4457.39,4459.62,4452.87,4457.14
2026-08-28 22:55:00,4457.15,4461.33,4456.55,4458.31
2026-08-28 23:00:00,4458.3,4462.74,4455.37,4460.45
2026-08-28 23:05:00,4460.45,4461.59,4460.03,4460.52
2026-08-28 23:10:00,4460.5,4461.49,4457.41,4457.78
2026-08-28 23:15:00,4457.97,4460.52,4457.72,4458.3
2026-08-28 23:20:00,4458.29,4458.29,4453.71,4454.53
2026-08-28 23:25:00,4454.58,4458.35,4453.82,4458.07
2026-08-28 23:30:00,4458.25,4458.25,4455.53,4456.18
2026-08-28 23:35:00,4456.13,4457.4,4455.47,4455.7
2026-08-28 23:40:00,4455.77,4457.13,4453.79,4457.05
2026-08-28 23:45:00,4457.05,4459.73,4455.82,4459.19
2026-08-28 23:50:00,4459.12,4459.93,4453.59,4454.37
2026-08-28 23:55:00,4454.47,4456.28,4453.17,4454.39
2026-08-31 01:00:00,4439.93,4446.81,4431.64,4446.13
2026-08-31 01:05:00,4446.04,4456.64,4446.04,4456.11
2026-08-31 01:10:00,4455.96,4459.57,4455.07,4459.08
2026-08-31 01:15:00,4459.08,4462.97,4456.08,4462.12
2026-08-31 01:20:00,4462.13,4465.97,4460.75,4462.24
2026-08-31 01:25:00,4462.43,4465.49,4458.03,4459.53
2026-08-31 01:30:00,4459.55,4459.76,4452.97,4453.09
2026-08-31 01:35:00,4453.03,4461.49,4453.03,4460.37
2026-08-31 01:40:00,4460.36,4462.41,4456.86,4457.83
2026-08-31 01:45:00,4457.82,4460.32,4456.97,4459.72
2026-08-31 01:50:00,4459.66,4459.87,4458.53,4458.89
2026-08-31 01:55:00,4458.89,4462.38,4458.78,4461.39
2026-08-31 02:00:00,4461.21,4463.0,4459.76,4462.3
2026-08-31 02:05:00,4462.15,4466.68,4462.04,4465.28
2026-08-31 02:10:00,4465.03,4465.56,4459.87,4460.57
2026-08-31 02:15:00,4460.62,4463.9,4460.12,4463.19
2026-08-31 02:20:00,4463.29,4465.1,4458.91,4459.67
2026-08-31 02:25:00,4459.64,4459.76,4455.21,4457.51
2026-08-31 02:30:00,4457.57,4457.78,4451.42,4454.7
2026-08-31 02:35:00,4454.69,4454.73,4450.28,4450.41
2026-08-31 02:40:00,4450.28,4451.23,4446.67,4447.52
2026-08-31 02:45:00,4447.55,4447.55,4435.94,4439.57
2026-08-31 02:50:00,4439.57,4447.81,4439.57,4447.55
2026-08-31 02:55:00,4447.55,4460.32,4447.55,4458.45
2026-08-31 03:00:00,4458.48,4461.94,4453.53,4458.4
2026-08-31 03:05:00,4458.41,4459.86,4454.49,4456.84
2026-08-31 03:10:00,4456.82,4463.38,4455.18,4462.0
2026-08-31 03:15:00,4461.97,4465.16,4459.3,4459.62
2026-08-31 03:20:00,4459.56,4460.58,4456.81,4458.22
2026-08-31 03:25:00,4458.3,4458.37,4452.23,4456.84
2026-08-31 03:30:00,4456.83,4465.97,4456.77,4462.5
2026-08-31 03:35:00,4462.57,4470.68,4462.56,4470.32
2026-08-31 03:40:00,4470.31,4471.9,4464.13,4465.26
2026-08-31 03:45:00,4465.27,4468.88,4464.1,4465.85
2026-08-31 03:50:00,4465.87,4466.42,4462.68,4466.34
2026-08-31 03:55:00,4466.22,4466.99,4456.14,4456.25
2026-08-31 04:00:00,4456.39,4463.2,4438.02,4462.34
2026-08-31 04:05:00,4462.28,4462.83,4439.04,4439.56
2026-08-31 04:10:00,4439.63,4444.66,4436.02,4443.74
2026-08-31 04:15:00,4443.66,4452.32,4442.17,4452.25
2026-08-31 04:20:00,4452.19,4454.24,4444.17,4449.81
2026-08-31 04:25:00,4449.67,4449.67,4443.27,4443.93
2026-08-31 04:30:00,4443.85,4450.4,4436.54,4441.32
2026-08-31 04:35:00,4441.17,4450.55,4439.59,4449.06
2026-08-31 04:40:00,4449.09,4453.63,4443.51,4450.78
2026-08-31 04:45:00,4450.83,4452.56,4437.38,4437.46
2026-08-31 04:50:00,4437.39,4444.5,4436.23,4444.5
2026-08-31 04:55:00,4444.46,4446.56,4439.7,4440.24
2026-08-31 05:00:00,4440.17,4441.41,4418.63,4426.78
2026-08-31 05:05:00,4426.77,4433.89,4425.12,4428.76
2026-08-31 05:10:00,4428.86,4432.56,4422.8,4424.37
2026-08-31 05:15:00,4424.29,4425.12,4418.84,4421.74
2026-08-31 05:20:00,4421.95,4427.07,4421.06,4427.07
2026-08-31 05:25:00,4426.99,4427.91,4423.0,4423.03
2026-08-31 05:30:00,4423.01,4426.19,4411.17,4411.45
2026-08-31 05:35:00,4411.35,4412.04,4405.5,4408.15
2026-08-31 05:40:00,4407.78,4407.84,4402.1,4402.94
2026-08-31 05:45:00,4403.02,4406.87,4396.46,4401.5
2026-08-31 05:50:00,4401.51,4417.13,4399.62,4416.69
2026-08-31 05:55:00,4416.7,4422.92,4416.36,4422.92
2026-08-31 06:00:00,4422.99,4426.84,4421.8,4422.37
2026-08-31 06:05:00,4422.56,4426.45,4421.99,4425.54
2026-08-31 06:10:00,4425.5,4428.23,4424.4,4428.23
2026-08-31 06:15:00,4428.22,4432.47,4427.89,4427.89
2026-08-31 06:20:00,4427.91,4433.92,4427.69,4430.83
2026-08-31 06:25:00,4430.84,4431.77,4426.36,4427.73
2026-08-31 06:30:00,4427.74,4427.74,4423.39,4423.55
2026-08-31 06:35:00,4423.5,4425.04,4419.9,4420.66
2026-08-31 06:40:00,4420.62,4424.02,4420.38,4422.92
2026-08-31 06:45:00,4422.77,4425.16,4422.74,4423.98
2026-08-31 06:50:00,4424.0,4426.9,4423.89,4424.3
2026-08-31 06:55:00,4424.19,4424.62,4421.53,4422.51
2026-08-31 07:00:00,4422.48,4422.77,4418.54,4418.54
2026-08-31 07:05:00,4418.59,4418.95,4416.96,4418.33
2026-08-31 07:10:00,4418.34,4422.54,4417.13,4421.28
2026-08-31 07:15:00,4421.29,4421.53,4418.13,4418.37
2026-08-31 07:20:00,4418.36,4419.46,4416.05,4418.18
2026-08-31 07:25:00,4418.32,4420.57,4415.86,4415.92
2026-08-31 07:30:00,4415.91,4416.44,4413.05,4416.32
2026-08-31 07:35:00,4416.48,4421.92,4415.89,4420.4
2026-08-31 07:40:00,4420.4,4420.45,4417.17,4420.15
2026-08-31 07:45:00,4420.19,4421.46,4419.08,4419.28
2026-08-31 07:50:00,4419.18,4421.1,4418.82,4420.64
2026-08-31 07:55:00,4420.68,4424.92,4419.28,4424.54
2026-08-31 08:00:00,4424.54,4427.0,4422.3,4423.77
2026-08-31 08:05:00,4423.69,4423.91,4419.23,4420.33
2026-08-31 08:10:00,4420.34,4425.35,4419.59,4422.74
2026-08-31 08:15:00,4422.69,4428.04,4422.14,4428.04
2026-08-31 08:20:00,4427.97,4434.5,4427.97,4433.91
2026-08-31 08:25:00,4433.83,4440.65,4432.61,4440.29
2026-08-31 08:30:00,4440.28,4442.12,4430.67,4433.05
2026-08-31 08:35:00,4433.04,4436.72,4432.0,4434.28
2026-08-31 08:40:00,4434.26,4439.03,4432.8,4437.56
2026-08-31 08:45:00,4437.58,4441.27,4435.27,4435.45
2026-08-31 08:50:00,4435.48,4439.52,4434.23,4437.27
2026-08-31 08:55:00,4437.2,4443.71,4435.4,4442.9
2026-08-31 09:00:00,4442.91,4442.98,4432.9,4433.22
2026-08-31 09:05:00,4433.25,4433.25,4429.36,4432.2
2026-08-31 09:10:00,4432.19,4435.29,4431.93,4432.13
2026-08-31 09:15:00,4432.16,4438.3,4431.38,4437.94
2026-08-31 09:20:00,4437.78,4439.0,4434.83,4437.66
2026-08-31 09:25:00,4437.84,4438.04,4434.59,4435.94
2026-08-31 09:30:00,4435.93,4436.94,4431.27,4434.18
2026-08-31 09:35:00,4434.14,4440.85,4433.84,4440.39
2026-08-31 09:40:00,4440.4,4441.14,4438.78,4439.26
2026-08-31 09:45:00,4439.52,4442.55,4438.95,4441.72
2026-08-31 09:50:00,4441.71,4441.71,4437.33,4440.1
2026-08-31 09:55:00,4440.11,4440.11,4436.57,4439.43
2026-08-31 10:00:00,4439.39,4440.26,4436.97,4439.48
2026-08-31 10:05:00,4439.57,4441.68,4436.76,4437.85
2026-08-31 10:10:00,4437.75,4439.87,4435.59,4436.05
2026-08-31 10:15:00,4436.05,4441.13,4435.15,4439.04
2026-08-31 10:20:00,4439.09,4445.7,4438.48,4445.0
2026-08-31 10:25:00,4445.11,4448.1,4443.63,4443.97
2026-08-31 10:30:00,4443.92,4446.49,4441.24,4444.25
2026-08-31 10:35:00,4443.82,4444.73,4441.86,4443.3
2026-08-31 10:40:00,4443.3,4447.1,4441.38,4446.54
2026-08-31 10:45:00,4446.52,4447.79,4443.27,4444.48
2026-08-31 10:50:00,4444.48,4444.57,4442.01,4444.06
2026-08-31 10:55:00,4443.99,4444.91,4440.84,4443.23
2026-08-31 11:00:00,4443.27,4449.48,4442.97,4448.39
2026-08-31 11:05:00,4448.4,4448.69,4441.96,4442.72
2026-08-31 11:10:00,4442.66,4442.78,4437.0,4438.74
2026-08-31 11:15:00,4438.74,4440.31,4436.14,4439.73
2026-08-31 11:20:00,4439.72,4440.16,4437.43,4437.47
2026-08-31 11:25:00,4437.79,4441.27,4437.62,4440.41
2026-08-31 11:30:00,4440.16,4440.21,4435.92,4435.93
2026-08-31 11:35:00,4435.92,4438.19,4435.33,4436.7
2026-08-31 11:40:00,4436.67,4437.29,4434.44,4435.4
2026-08-31 11:45:00,4435.39,4436.62,4434.38,4436.37
2026-08-31 11:50:00,4436.34,4436.91,4433.83,4434.1
2026-08-31 11:55:00,4434.1,4436.12,4434.1,4435.56
2026-08-31 12:00:00,4435.81,4438.88,4435.57,4438.8
2026-08-31 12:05:00,4438.8,4441.19,4436.44,4436.78
2026-08-31 12:10:00,4436.69,4442.89,4435.79,4442.86
2026-08-31 12:15:00,4442.92,4444.15,4440.73,4441.01
2026-08-31 12:20:00,4441.02,4441.29,4438.74,4439.44
2026-08-31 12:25:00,4439.46,4439.83,4437.98,4439.09
2026-08-31 12:30:00,4439.34,4444.2,4439.0,4444.2
2026-08-31 12:35:00,4444.22,4444.62,4441.56,4441.65
2026-08-31 12:40:00,4441.63,4443.4,4440.81,4443.03
2026-08-31 12:45:00,4443.05,4444.86,4442.5,4442.96
2026-08-31 12:50:00,4442.83,4444.23,4440.95,4443.59
2026-08-31 12:55:00,4443.59,4445.4,4442.42,4445.14
2026-08-31 13:00:00,4445.4,4447.66,4444.79,4447.66
2026-08-31 13:05:00,4447.51,4453.71,4447.14,4448.19
2026-08-31 13:10:00,4448.19,4451.68,4446.21,4451.6
2026-08-31 13:15:00,4451.58,4452.07,4446.42,4448.13
2026-08-31 13:20:00,4448.19,4449.77,4447.33,4447.34
2026-08-31 13:25:00,4447.72,4448.88,4446.77,4448.43
2026-08-31 13:30:00,4448.34,4450.16,4447.6,4448.48
2026-08-31 13:35:00,4448.53,4451.19,4447.73,4450.01
2026-08-31 13:40:00,4450.06,4451.57,4448.67,4450.92
2026-08-31 13:45:00,4450.88,4451.35,4449.37,4450.83
2026-08-31 13:50:00,4450.8,4455.45,4450.59,4453.39
2026-08-31 13:55:00,4453.66,4455.51,4453.49,4453.8
2026-08-31 14:00:00,4453.83,4456.84,4453.47,4456.08
2026-08-31 14:05:00,4456.06,4457.08,4453.13,4456.67
2026-08-31 14:10:00,4456.65,4457.58,4453.66,4453.76
2026-08-31 14:15:00,4453.76,4457.14,4452.68,4456.5
2026-08-31 14:20:00,4456.48,4458.41,4456.09,4458.11
2026-08-31 14:25:00,4457.97,4464.0,4457.95,4463.27
2026-08-31 14:30:00,4463.23,4463.88,4458.55,4458.55
2026-08-31 14:35:00,4458.56,4459.69,4454.79,4455.61
2026-08-31 14:40:00,4456.04,4459.44,4453.58,4454.82
2026-08-31 14:45:00,4454.69,4455.69,4452.85,4453.26
2026-08-31 14:50:00,4453.23,4454.65,4452.49,4452.77
2026-08-31 14:55:00,4453.15,4456.22,4453.15,4455.43
2026-08-31 15:00:00,4455.21,4459.19,4455.04,4458.42
2026-08-31 15:05:00,4458.42,4460.84,4451.26,4457.0
2026-08-31 15:10:00,4456.99,4459.71,4454.88,4457.14
2026-08-31 15:15:00,4457.2,4458.69,4455.0,4456.47
2026-08-31 15:20:00,4456.7,4457.31,4450.29,4452.63
2026-08-31 15:25:00,4452.71,4454.33,4447.28,4447.63
2026-08-31 15:30:00,4447.62,4449.79,4445.72,4446.7
2026-08-31 15:35:00,4446.58,4447.38,4441.8,4441.97
2026-08-31 15:40:00,4442.01,4442.4,4439.04,4440.48
2026-08-31 15:45:00,4440.38,4440.38,4435.84,4438.11
2026-08-31 15:50:00,4438.06,4441.56,4436.88,4437.01
2026-08-31 15:55:00,4437.08,4439.39,4435.47,4435.69
2026-08-31 16:00:00,4435.57,4439.9,4433.88,4437.46
2026-08-31 16:05:00,4437.43,4445.72,4436.32,4444.92
2026-08-31 16:10:00,4444.93,4446.57,4442.83,4445.85
2026-08-31 16:15:00,4446.05,4448.27,4441.37,4443.03
2026-08-31 16:20:00,4442.97,4443.74,4439.32,4440.88
2026-08-31 16:25:00,4440.93,4447.1,4440.52,4445.59
2026-08-31 16:30:00,4445.89,4447.19,4437.8,4438.36
2026-08-31 16:35:00,4438.48,4442.99,4435.7,4436.74
2026-08-31 16:40:00,4437.04,4437.78,4431.97,4433.62
2026-08-31 16:45:00,4433.62,4433.62,4424.85,4425.44
2026-08-31 16:50:00,4425.42,4429.13,4419.35,4423.96
2026-08-31 16:55:00,4424.4,4424.64,4415.67,4418.07
2026-08-31 17:00:00,4418.39,4423.55,4416.2,4420.74
2026-08-31 17:05:00,4420.64,4427.81,4419.82,4427.08
2026-08-31 17:10:00,4427.02,4427.55,4421.14,4427.41
2026-08-31 17:15:00,4427.27,4430.95,4424.77,4427.17
2026-08-31 17:20:00,4426.93,4426.93,4416.45,4419.04
2026-08-31 17:25:00,4418.47,4423.02,4417.55,4420.18
2026-08-31 17:30:00,4420.17,4428.3,4419.2,4424.88
2026-08-31 17:35:00,4425.11,4436.03,4424.84,4433.43
2026-08-31 17:40:00,4433.46,4435.68,4431.45,4432.93
2026-08-31 17:45:00,4432.92,4435.82,4428.24,4428.65
2026-08-31 17:50:00,4428.62,4433.37,4426.02,4432.88
2026-08-31 17:55:00,4432.83,4436.12,4431.15,4431.64
2026-08-31 18:00:00,4431.63,4436.33,4428.48,4428.62
2026-08-31 18:05:00,4428.57,4434.13,4428.16,4433.91
2026-08-31 18:10:00,4433.82,4437.57,4431.91,4435.29
2026-08-31 18:15:00,4435.4,4437.86,4429.11,4432.11
2026-08-31 18:20:00,4432.19,4435.55,4429.44,4433.09
2026-08-31 18:25:00,4433.09,4434.51,4430.66,4432.99
2026-08-31 18:30:00,4432.67,4434.2,4428.85,4430.42
2026-08-31 18:35:00,4430.23,4432.42,4427.17,4429.89
2026-08-31 18:40:00,4429.87,4431.41,4426.39,4427.4
2026-08-31 18:45:00,4427.21,4433.5,4427.18,4431.72
2026-08-31 18:50:00,4431.51,4432.64,4426.92,4428.16
2026-08-31 18:55:00,4428.06,4428.87,4424.69,4426.18
2026-08-31 19:00:00,4426.31,4432.5,4423.71,4430.3
2026-08-31 19:05:00,4430.15,4436.12,4429.92,4434.2
2026-08-31 19:10:00,4434.29,4437.16,4432.79,4434.76
2026-08-31 19:15:00,4434.81,4436.8,4434.35,4434.85
2026-08-31 19:20:00,4434.84,4436.33,4433.3,4435.91
2026-08-31 19:25:00,4435.91,4438.6,4435.11,4438.37
2026-08-31 19:30:00,4438.51,4440.11,4435.44,4436.37
2026-08-31 19:35:00,4436.37,4436.37,4431.32,4432.07
2026-08-31 19:40:00,4432.02,4437.6,4431.35,4435.73
2026-08-31 19:45:00,4435.64,4436.9,4432.35,4433.84
2026-08-31 19:50:00,4433.84,4437.45,4433.67,4434.03
2026-08-31 19:55:00,4434.07,4434.31,4432.21,4433.2
2026-08-31 20:00:00,4433.24,4434.46,4431.19,4432.5
2026-08-31 20:05:00,4432.5,4432.92,4430.78,4431.62
2026-08-31 20:10:00,4431.67,4435.13,4431.52,4433.76
2026-08-31 20:15:00,4433.49,4436.24,4432.9,4435.77
2026-08-31 20:20:00,4435.92,4436.92,4432.71,4432.76
2026-08-31 20:25:00,4432.81,4434.55,4428.69,4430.44
2026-08-31 20:30:00,4430.73,4434.63,4429.83,4432.63
2026-08-31 20:35:00,4432.65,4435.41,4432.65,4433.53
2026-08-31 20:40:00,4433.44,4436.77,4432.83,4436.49
2026-08-31 20:45:00,4436.52,4440.02,4435.76,4438.84
2026-08-31 20:50:00,4438.76,4439.86,4437.22,4437.48
2026-08-31 20:55:00,4437.49,4437.96,4435.59,4436.51
2026-08-31 21:00:00,4436.52,4436.72,4430.97,4432.26
2026-08-31 21:05:00,4432.24,4432.8,4431.15,4431.4
2026-08-31 21:10:00,4431.35,4433.65,4430.45,4433.65
2026-08-31 21:15:00,4433.59,4434.44,4431.63,4431.95
2026-08-31 21:20:00,4431.96,4433.16,4431.73,4432.97
2026-08-31 21:25:00,4432.98,4433.07,4429.52,4429.71
2026-08-31 21:30:00,4429.47,4429.47,4426.13,4427.48
2026-08-31 21:35:00,4427.47,4428.66,4426.66,4428.16
2026-08-31 21:40:00,4428.2,4430.27,4427.51,4429.08
2026-08-31 21:45:00,4429.13,4432.96,4429.11,4432.78
2026-08-31 21:50:00,4432.86,4434.53,4432.41,4433.29
2026-08-31 21:55:00,4433.42,4433.86,4430.37,4430.78
2026-08-31 22:00:00,4431.12,4433.05,4429.12,4430.76
2026-08-31 22:05:00,4430.78,4434.67,4430.7,4434.67
2026-08-31 22:10:00,4434.82,4435.34,4432.64,4433.72
2026-08-31 22:15:00,4433.71,4434.13,4433.29,4433.68
2026-08-31 22:20:00,4433.63,4439.47,4432.86,4439.14
2026-08-31 22:25:00,4439.13,4442.36,4438.15,4440.49
2026-08-31 22:30:00,4440.56,4441.15,4439.47,4440.65
2026-08-31 22:35:00,4440.64,4445.23,4440.12,4442.88
2026-08-31 22:40:00,4442.89,4443.23,4439.01,4442.92
2026-08-31 22:45:00,4442.89,4448.97,4441.52,4448.69
2026-08-31 22:50:00,4448.74,4452.82,4447.48,4450.36
2026-08-31 22:55:00,4450.08,4453.53,4447.87,4453.12
2026-08-31 23:00:00,4453.44,4455.75,4452.59,4452.85
2026-08-31 23:05:00,4452.75,4453.37,4451.5,4452.31
2026-08-31 23:10:00,4452.37,4452.87,4449.83,4450.11
2026-08-31 23:15:00,4449.97,4450.38,4448.89,4448.98
2026-08-31 23:20:00,4448.96,4448.98,4446.91,4447.8
2026-08-31 23:25:00,4447.81,4448.17,4446.93,4447.26
2026-08-31 23:30:00,4447.16,4448.62,4446.77,4448.04
2026-08-31 23:35:00,4448.2,4449.24,4447.81,4448.2
2026-08-31 23:40:00,4448.25,4448.62,4447.45,4448.13
2026-08-31 23:45:00,4448.01,4448.38,4446.72,4447.18
2026-08-31 23:50:00,4447.17,4448.23,4446.53,4448.08
2026-08-31 23:55:00,4448.13,4449.16,4447.49,4447.86
2026-09-01 01:00:00,4447.95,4454.5,4446.69,4454.27
2026-09-01 01:05:00,4454.11,4455.74,4452.06,4455.48
2026-09-01 01:10:00,4455.4,4455.7,4451.63,4451.74
2026-09-01 01:15:00,4451.6,4452.11,4450.22,4450.22
2026-09-01 01:20:00,4450.02,4450.22,4447.98,4447.98
2026-09-01 01:25:00,4448.06,4450.53,4447.88,4449.83
2026-09-01 01:30:00,4449.69,4451.13,4448.82,4450.23
2026-09-01 01:35:00,4450.22,4450.22,4448.14,4448.43
2026-09-01 01:40:00,4448.43,4448.98,4447.29,4447.88
2026-09-01 01:45:00,4447.89,4448.23,4446.01,4447.0
2026-09-01 01:50:00,4447.03,4447.38,4445.54,4445.89
2026-09-01 01:55:00,4445.94,4447.81,4445.78,4446.91
2026-09-01 02:00:00,4447.07,4447.07,4445.89,4445.99
2026-09-01 02:05:00,4446.04,4446.7,4445.69,4446.18
2026-09-01 02:10:00,4446.14,4446.61,4443.83,4444.09
2026-09-01 02:15:00,4444.13,4444.13,4443.03,4443.33
2026-09-01 02:20:00,4443.4,4443.48,4441.77,4443.12
2026-09-01 02:25:00,4443.29,4444.31,4442.83,4443.29
2026-09-01 02:30:00,4443.32,4447.83,4443.17,4445.65
2026-09-01 02:35:00,4445.56,4446.37,4444.52,4444.95
2026-09-01 02:40:00,4444.88,4446.52,4443.19,4445.72
2026-09-01 02:45:00,4445.71,4449.4,4445.65,4446.47
2026-09-01 02:50:00,4446.48,4451.78,4446.33,4450.8
2026-09-01 02:55:00,4450.79,4452.44,4448.63,4452.29
2026-09-01 03:00:00,4452.3,4454.27,4446.57,4453.92
2026-09-01 03:05:00,4453.61,4456.0,4450.94,4455.32
2026-09-01 03:10:00,4455.28,4457.99,4452.79,4455.17
2026-09-01 03:15:00,4455.22,4458.12,4452.67,4457.64
2026-09-01 03:20:00,4457.53,4461.41,4457.53,4457.84
2026-09-01 03:25:00,4457.75,4461.12,4456.96,4460.22
2026-09-01 03:30:00,4460.23,4461.0,4456.24,4457.37
2026-09-01 03:35:00,4457.3,4457.32,4453.26,4455.12
2026-09-01 03:40:00,4455.12,4456.44,4452.04,4453.21
2026-09-01 03:45:00,4453.16,4456.78,4452.35,4455.93
2026-09-01 03:50:00,4455.93,4461.39,4455.43,4456.93
2026-09-01 03:55:00,4457.0,4457.28,4451.06,4453.6
2026-09-01 04:00:00,4453.6,4456.64,4448.02,4449.77
2026-09-01 04:05:00,4449.7,4450.59,4446.63,4447.1
2026-09-01 04:10:00,4447.1,4448.96,4445.43,4446.33
2026-09-01 04:15:00,4446.39,4447.75,4443.22,4443.37
2026-09-01 04:20:00,4443.25,4444.62,4438.66,4440.32
2026-09-01 04:25:00,4440.32,4440.59,4437.92,4439.74
2026-09-01 04:30:00,4439.8,4442.87,4436.41,4442.71
2026-09-01 04:35:00,4442.68,4445.5,4441.05,4444.24
2026-09-01 04:40:00,4444.09,4445.68,4440.86,4445.68
2026-09-01 04:45:00,4445.61,4446.59,4440.62,4441.07
2026-09-01 04:50:00,4441.06,4443.23,4439.39,4441.32
2026-09-01 04:55:00,4441.3,4444.34,4440.9,4444.31
2026-09-01 05:00:00,4444.18,4446.88,4442.68,4446.88
2026-09-01 05:05:00,4447.43,4448.67,4441.86,4441.91
2026-09-01 05:10:00,4441.89,4449.01,4441.89,4445.18
2026-09-01 05:15:00,4444.94,4446.76,4444.8,4446.68
2026-09-01 05:20:00,4446.6,4448.16,4442.55,4442.99
2026-09-01 05:25:00,4442.95,4443.4,4440.43,4440.53
2026-09-01 05:30:00,4440.33,4440.95,4435.17,4437.54
2026-09-01 05:35:00,4437.52,4437.52,4432.23,4433.53
2026-09-01 05:40:00,4433.38,4437.03,4431.65,4431.88
2026-09-01 05:45:00,4431.82,4436.09,4427.84,4435.18
2026-09-01 05:50:00,4435.28,4440.18,4434.45,4439.37
2026-09-01 05:55:00,4439.37,4443.12,4438.66,4443.1
2026-09-01 06:00:00,4443.13,4443.97,4439.6,4440.86
2026-09-01 06:05:00,4440.89,4442.15,4439.44,4440.74
2026-09-01 06:10:00,4440.75,4441.95,4438.43,4439.9
2026-09-01 06:15:00,4439.82,4440.33,4436.41,4436.41
2026-09-01 06:20:00,4436.41,4436.79,4432.39,4432.74
2026-09-01 06:25:00,4432.74,4436.11,4431.8,4433.98
2026-09-01 06:30:00,4434.02,4436.6,4433.36,4436.37
2026-09-01 06:35:00,4436.35,4437.64,4433.49,4437.54
2026-09-01 06:40:00,4437.53,4438.72,4437.19,4438.48
2026-09-01 06:45:00,4438.48,4442.92,4438.46,4441.29
2026-09-01 06:50:00,4441.27,4443.18,4440.9,4441.85
2026-09-01 06:55:00,4441.82,4441.82,4436.63,4436.63
2026-09-01 07:00:00,4436.7,4437.63,4435.66,4436.91
2026-09-01 07:05:00,4436.91,4437.28,4431.55,4431.94
2026-09-01 07:10:00,4431.94,4432.2,4430.1,4431.04
2026-09-01 07:15:00,4431.06,4433.61,4429.69,4430.28
2026-09-01 07:20:00,4430.13,4432.42,4429.68,4432.1
2026-09-01 07:25:00,4432.11,4433.0,4429.6,4429.71
2026-09-01 07:30:00,4429.66,4430.22,4428.57,4429.98
2026-09-01 07:35:00,4430.02,4430.47,4428.93,4429.58
2026-09-01 07:40:00,4429.59,4429.97,4426.72,4427.72
2026-09-01 07:45:00,4427.73,4429.3,4425.59,4426.99
2026-09-01 07:50:00,4426.97,4429.58,4425.52,4429.11
2026-09-01 07:55:00,4428.97,4429.11,4425.59,4426.54
2026-09-01 08:00:00,4426.6,4431.42,4426.18,4431.07
2026-09-01 08:05:00,4431.04,4432.6,4430.22,4430.77
2026-09-01 08:10:00,4430.92,4431.26,4428.86,4429.3
2026-09-01 08:15:00,4429.31,4430.51,4425.41,4425.76
2026-09-01 08:20:00,4425.77,4427.78,4425.77,4427.14
2026-09-01 08:25:00,4427.13,4428.22,4425.86,4426.71
2026-09-01 08:30:00,4426.09,4435.29,4423.88,4435.2
2026-09-01 08:35:00,4435.14,4442.71,4433.35,4439.35
2026-09-01 08:40:00,4439.36,4443.48,4438.34,4442.76
2026-09-01 08:45:00,4442.77,4445.87,4441.25,4445.44
2026-09-01 08:50:00,4445.42,4445.42,4441.12,4443.09
2026-09-01 08:55:00,4443.17,4445.97,4439.99,4440.08
2026-09-01 09:00:00,4440.09,4440.54,4435.53,4436.4
2026-09-01 09:05:00,4436.44,4438.53,4435.31,4435.51
2026-09-01 09:10:00,4435.5,4436.42,4431.79,4432.86
2026-09-01 09:15:00,4432.83,4434.98,4432.61,4434.13
2026-09-01 09:20:00,4433.97,4434.62,4430.93,4432.94
2026-09-01 09:25:00,4432.85,4433.33,4427.71,4428.93
2026-09-01 09:30:00,4428.94,4430.24,4428.42,4429.34
2026-09-01 09:35:00,4429.46,4433.91,4429.46,4433.29
2026-09-01 09:40:00,4433.31,4435.15,4432.73,4434.78
2026-09-01 09:45:00,4434.79,4435.21,4429.29,4429.97
2026-09-01 09:50:00,4429.98,4430.23,4428.17,4429.9
2026-09-01 09:55:00,4429.98,4430.91,4429.38,4429.55
2026-09-01 10:00:00,4429.51,4434.8,4429.43,4434.0
2026-09-01 10:05:00,4433.99,4434.18,4429.64,4430.46
2026-09-01 10:10:00,4430.5,4433.07,4429.49,4433.02
2026-09-01 10:15:00,4433.0,4433.5,4428.53,4429.35
2026-09-01 10:20:00,4429.34,4432.28,4426.61,4426.75
2026-09-01 10:25:00,4426.75,4429.5,4425.77,4426.02
2026-09-01 10:30:00,4425.98,4428.18,4419.2,4425.37
2026-09-01 10:35:00,4425.41,4425.64,4413.98,4413.98
2026-09-01 10:40:00,4412.98,4421.76,4412.19,4418.17
2026-09-01 10:45:00,4418.25,4422.6,4416.96,4422.26
2026-09-01 10:50:00,4422.21,4423.23,4418.68,4419.22
2026-09-01 10:55:00,4419.24,4422.21,4417.12,4420.15
2026-09-01 11:00:00,4419.55,4419.55,4410.38,4411.28
2026-09-01 11:05:00,4411.18,4418.43,4393.31,4395.69
2026-09-01 11:10:00,4395.71,4406.41,4389.65,4405.42
2026-09-01 11:15:00,4405.28,4405.72,4394.81,4395.17
2026-09-01 11:20:00,4395.07,4398.23,4384.16,4385.1
2026-09-01 11:25:00,4385.16,4387.4,4381.78,4383.02
2026-09-01 11:30:00,4382.96,4383.61,4372.8,4374.55
2026-09-01 11:35:00,4374.58,4376.9,4369.99,4374.53
2026-09-01 11:40:00,4374.62,4380.97,4370.62,4375.49
2026-09-01 11:45:00,4375.46,4378.43,4369.47,4376.98
2026-09-01 11:50:00,4376.99,4377.82,4372.71,4376.79
2026-09-01 11:55:00,4376.75,4378.0,4370.14,4370.81
2026-09-01 12:00:00,4370.79,4375.31,4366.47,4374.08
2026-09-01 12:05:00,4374.15,4375.17,4367.64,4369.93
2026-09-01 12:10:00,4369.77,4376.05,4369.24,4375.99
2026-09-01 12:15:00,4375.98,4378.0,4374.63,4376.35
2026-09-01 12:20:00,4376.34,4377.7,4374.39,4375.24
2026-09-01 12:25:00,4375.25,4375.28,4370.62,4372.94
2026-09-01 12:30:00,4372.77,4372.97,4366.67,4370.79
2026-09-01 12:35:00,4370.79,4371.11,4365.6,4368.01
2026-09-01 12:40:00,4368.04,4371.66,4366.01,4371.66
2026-09-01 12:45:00,4371.66,4373.56,4369.6,4369.65
2026-09-01 12:50:00,4369.5,4371.71,4368.73,4370.5
2026-09-01 12:55:00,4370.5,4373.27,4364.67,4364.72
2026-09-01 13:00:00,4364.77,4370.85,4364.25,4368.44
2026-09-01 13:05:00,4368.64,4374.65,4367.62,4373.11
2026-09-01 13:10:00,4373.1,4381.82,4373.1,4378.21
2026-09-01 13:15:00,4378.27,4383.29,4378.27,4381.0
2026-09-01 13:20:00,4381.03,4385.16,4380.42,4384.41
2026-09-01 13:25:00,4384.39,4385.51,4383.18,4384.91
2026-09-01 13:30:00,4384.96,4385.67,4381.75,4383.64
2026-09-01 13:35:00,4383.64,4385.51,4383.08,4384.21
2026-09-01 13:40:00,4384.21,4385.92,4381.53,4381.53
2026-09-01 13:45:00,4381.65,4381.65,4377.01,4378.19
2026-09-01 13:50:00,4378.12,4378.5,4375.13,4375.79
2026-09-01 13:55:00,4375.8,4380.04,4375.62,4378.09
2026-09-01 14:00:00,4378.13,4380.39,4375.91,4380.19
2026-09-01 14:05:00,4380.19,4382.62,4376.75,4382.06
2026-09-01 14:10:00,4381.95,4382.99,4376.41,4377.16
2026-09-01 14:15:00,4377.18,4377.31,4374.86,4376.16
2026-09-01 14:20:00,4376.22,4381.47,4375.79,4377.86
2026-09-01 14:25:00,4377.7,4381.87,4376.56,4380.48
2026-09-01 14:30:00,4380.32,4382.14,4378.26,4380.49
2026-09-01 14:35:00,4380.49,4384.18,4378.95,4383.71
2026-09-01 14:40:00,4383.75,4384.79,4382.69,4384.35
2026-09-01 14:45:00,4384.1,4387.08,4383.54,4385.22
2026-09-01 14:50:00,4385.14,4386.64,4378.88,4379.11
2026-09-01 14:55:00,4379.08,4379.08,4371.95,4374.72
2026-09-01 15:00:00,4374.33,4374.51,4369.7,4371.81
2026-09-01 15:05:00,4371.75,4372.72,4370.13,4370.67
2026-09-01 15:10:00,4370.72,4372.4,4366.87,4370.99
2026-09-01 15:15:00,4370.71,4375.42,4369.86,4370.83
2026-09-01 15:20:00,4370.96,4371.76,4365.97,4368.1
2026-09-01 15:25:00,4368.04,4375.91,4367.77,4368.69
2026-09-01 15:30:00,4368.39,4368.65,4359.15,4359.15
2026-09-01 15:35:00,4358.88,4360.88,4352.01,4357.87
2026-09-01 15:40:00,4357.47,4364.88,4355.33,4364.82
2026-09-01 15:45:00,4364.79,4369.82,4363.05,4364.52
2026-09-01 15:50:00,4364.53,4365.3,4362.02,4362.94
2026-09-01 15:55:00,4363.04,4363.1,4356.22,4356.29
2026-09-01 16:00:00,4356.12,4357.37,4337.23,4339.48
2026-09-01 16:05:00,4339.47,4342.72,4330.17,4331.68
2026-09-01 16:10:00,4331.92,4335.2,4326.1,4329.59
2026-09-01 16:15:00,4329.45,4333.98,4326.47,4333.85
2026-09-01 16:20:00,4333.8,4337.28,4331.46,4335.83
2026-09-01 16:25:00,4335.84,4344.45,4335.13,4343.08
2026-09-01 16:30:00,4342.82,4354.57,4341.15,4352.88
2026-09-01 16:35:00,4352.98,4356.68,4346.8,4353.23
2026-09-01 16:40:00,4353.12,4362.25,4351.25,4361.82
2026-09-01 16:45:00,4361.77,4362.21,4354.24,4361.13
2026-09-01 16:50:00,4360.96,4364.83,4356.8,4357.95
2026-09-01 16:55:00,4357.93,4367.12,4357.93,4365.42
2026-09-01 17:00:00,4367.32,4370.19,4353.45,4353.45
2026-09-01 17:05:00,4353.27,4369.32,4353.27,4366.23
2026-09-01 17:10:00,4366.02,4370.17,4362.36,4370.12
2026-09-01 17:15:00,4370.25,4374.41,4368.99,4371.28
2026-09-01 17:20:00,4371.32,4375.55,4371.14,4373.77
2026-09-01 17:25:00,4373.58,4374.2,4365.97,4365.97
2026-09-01 17:30:00,4365.75,4372.08,4365.75,4372.08
2026-09-01 17:35:00,4372.17,4373.16,4365.29,4365.86
2026-09-01 17:40:00,4365.8,4367.67,4364.25,4366.95
2026-09-01 17:45:00,4366.95,4370.17,4360.58,4361.54
2026-09-01 17:50:00,4361.74,4367.84,4358.92,4359.95
2026-09-01 17:55:00,4360.03,4360.5,4356.91,4360.35
2026-09-01 18:00:00,4360.46,4362.94,4355.25,4357.54
2026-09-01 18:05:00,4357.35,4360.34,4356.36,4360.05
2026-09-01 18:10:00,4360.06,4362.76,4356.67,4357.06
2026-09-01 18:15:00,4357.22,4363.82,4356.24,4363.33
2026-09-01 18:20:00,4363.28,4365.42,4362.04,4362.21
2026-09-01 18:25:00,4362.13,4365.91,4358.83,4365.78
2026-09-01 18:30:00,4365.71,4366.6,4362.67,4363.07
2026-09-01 18:35:00,4362.87,4366.59,4361.67,4364.04
2026-09-01 18:40:00,4364.06,4370.79,4364.06,4370.76
2026-09-01 18:45:00,4370.69,4371.42,4368.63,4371.01
2026-09-01 18:50:00,4371.03,4373.15,4369.57,4372.87
2026-09-01 18:55:00,4372.72,4373.8,4370.46,4372.88
2026-09-01 19:00:00,4373.03,4374.78,4371.55,4372.05
2026-09-01 19:05:00,4371.96,4373.21,4367.82,4367.83
2026-09-01 19:10:00,4367.99,4368.38,4362.47,4362.47
2026-09-01 19:15:00,4362.35,4365.49,4358.62,4358.65
2026-09-01 19:20:00,4358.9,4358.9,4355.62,4357.88
2026-09-01 19:25:00,4357.74,4358.85,4352.55,4352.84
2026-09-01 19:30:00,4352.66,4353.09,4347.27,4348.53
2026-09-01 19:35:00,4348.64,4355.51,4347.06,4355.22
2026-09-01 19:40:00,4355.18,4357.69,4352.16,4354.88
2026-09-01 19:45:00,4354.82,4358.99,4354.73,4357.19
2026-09-01 19:50:00,4357.19,4358.33,4353.8,4355.14
2026-09-01 19:55:00,4355.14,4356.13,4351.09,4351.28
2026-09-01 20:00:00,4351.41,4351.92,4346.94,4346.94
2026-09-01 20:05:00,4346.9,4347.71,4344.47,4345.97
2026-09-01 20:10:00,4346.12,4346.88,4344.31,4346.37
2026-09-01 20:15:00,4346.39,4348.56,4343.96,4346.48
2026-09-01 20:20:00,4346.49,4348.02,4344.72,4347.34
2026-09-01 20:25:00,4347.3,4349.98,4342.62,4349.96
2026-09-01 20:30:00,4349.96,4351.91,4347.39,4347.57
2026-09-01 20:35:00,4347.6,4350.65,4345.81,4345.87
2026-09-01 20:40:00,4346.02,4347.03,4342.77,4344.01
2026-09-01 20:45:00,4343.96,4344.31,4341.01,4342.88
2026-09-01 20:50:00,4342.82,4344.49,4341.25,4343.23
2026-09-01 20:55:00,4343.22,4343.99,4341.85,4342.93
2026-09-01 21:00:00,4343.02,4344.48,4338.29,4338.8
2026-09-01 21:05:00,4338.85,4340.31,4336.5,4336.5
2026-09-01 21:10:00,4336.49,4337.42,4334.5,4336.41
2026-09-01 21:15:00,4336.41,4340.94,4335.63,4340.69
2026-09-01 21:20:00,4340.56,4341.65,4339.68,4341.4
2026-09-01 21:25:00,4341.21,4341.25,4337.08,4337.47
2026-09-01 21:30:00,4337.56,4337.56,4333.01,4333.8
2026-09-01 21:35:00,4333.8,4334.16,4328.94,4329.67
2026-09-01 21:40:00,4329.7,4330.85,4328.43,4329.56
2026-09-01 21:45:00,4329.58,4331.52,4328.31,4331.52
2026-09-01 21:50:00,4331.58,4334.24,4329.24,4329.34
2026-09-01 21:55:00,4328.84,4333.39,4328.35,4331.7
2026-09-01 22:00:00,4331.67,4332.53,4329.11,4331.85
2026-09-01 22:05:00,4331.8,4333.88,4329.84,4331.47
2026-09-01 22:10:00,4331.44,4337.29,4330.96,4337.29
2026-09-01 22:15:00,4337.22,4337.63,4334.68,4335.3
2026-09-01 22:20:00,4335.18,4335.6,4333.35,4334.0
2026-09-01 22:25:00,4333.99,4335.37,4333.95,4334.43
2026-09-01 22:30:00,4334.45,4334.7,4328.44,4329.91
2026-09-01 22:35:00,4329.92,4330.56,4322.99,4323.47
2026-09-01 22:40:00,4323.16,4327.73,4323.0,4326.4
2026-09-01 22:45:00,4326.4,4329.44,4323.51,4327.36
2026-09-01 22:50:00,4327.18,4330.39,4326.25,4328.04
2026-09-01 22:55:00,4328.14,4329.44,4324.37,4326.81
2026-09-01 23:00:00,4327.02,4329.39,4323.67,4327.89
2026-09-01 23:05:00,4328.02,4330.74,4327.79,4329.15
2026-09-01 23:10:00,4329.07,4329.33,4325.58,4325.62
2026-09-01 23:15:00,4325.63,4328.28,4324.91,4327.76
2026-09-01 23:20:00,4327.88,4328.57,4326.91,4327.86
2026-09-01 23:25:00,4327.87,4328.93,4325.24,4326.0
2026-09-01 23:30:00,4325.97,4327.19,4325.86,4325.91
2026-09-01 23:35:00,4325.98,4327.86,4325.22,4327.56
2026-09-01 23:40:00,4327.54,4330.41,4327.12,4327.57
2026-09-01 23:45:00,4327.66,4329.71,4326.82,4328.31
2026-09-01 23:50:00,4328.26,4329.17,4327.37,4328.59
2026-09-01 23:55:00,4328.58,4329.11,4327.97,4328.5
2026-09-02 01:00:00,4331.03,4334.56,4330.77,4331.16
2026-09-02 01:05:00,4331.24,4331.24,4328.96,4329.9
2026-09-02 01:10:00,4329.78,4330.14,4328.47,4329.23
2026-09-02 01:15:00,4329.26,4329.35,4327.41,4327.63
2026-09-02 01:20:00,4327.88,4328.76,4327.6,4328.06
2026-09-02 01:25:00,4327.96,4328.31,4327.23,4327.84
2026-09-02 01:30:00,4327.85,4328.66,4326.79,4327.37
2026-09-02 01:35:00,4327.45,4329.51,4327.26,4327.48
2026-09-02 01:40:00,4327.55,4328.66,4326.26,4328.16
2026-09-02 01:45:00,4328.14,4328.82,4327.42,4328.18
2026-09-02 01:50:00,4328.16,4330.95,4327.78,4329.31
2026-09-02 01:55:00,4329.3,4330.06,4329.15,4329.36
2026-09-02 02:00:00,4329.3,4329.63,4327.08,4329.56
2026-09-02 02:05:00,4329.48,4330.65,4328.34,4330.6
2026-09-02 02:10:00,4330.61,4332.31,4330.18,4330.53
2026-09-02 02:15:00,4330.47,4331.53,4329.48,4330.37
2026-09-02 02:20:00,4330.02,4330.84,4326.58,4327.35
2026-09-02 02:25:00,4327.32,4330.81,4326.29,4330.81
2026-09-02 02:30:00,4330.84,4333.03,4330.78,4333.03
2026-09-02 02:35:00,4332.97,4335.68,4331.66,4334.92
2026-09-02 02:40:00,4334.84,4335.58,4333.34,4333.84
2026-09-02 02:45:00,4333.87,4333.88,4331.22,4331.67
2026-09-02 02:50:00,4331.76,4332.59,4328.97,4328.98
2026-09-02 02:55:00,4328.35,4329.11,4323.54,4324.24
2026-09-02 03:00:00,4324.4,4330.12,4316.38,4329.4
2026-09-02 03:05:00,4329.37,4330.44,4318.51,4323.17
2026-09-02 03:10:00,4323.16,4328.15,4318.82,4328.15
2026-09-02 03:15:00,4328.1,4334.42,4327.36,4327.77
2026-09-02 03:20:00,4327.76,4333.4,4324.49,4329.67
2026-09-02 03:25:00,4329.69,4330.47,4322.8,4325.79
2026-09-02 03:30:00,4325.78,4325.78,4320.33,4322.8
2026-09-02 03:35:00,4322.42,4329.88,4322.37,4327.0
2026-09-02 03:40:00,4326.8,4331.46,4323.72,4330.08
2026-09-02 03:45:00,4329.91,4331.27,4323.23,4323.53
2026-09-02 03:50:00,4323.38,4323.38,4314.6,4314.86
2026-09-02 03:55:00,4315.03,4319.97,4314.93,4315.89
2026-09-02 04:00:00,4315.81,4322.66,4308.05,4312.22
2026-09-02 04:05:00,4311.95,4312.24,4305.07,4308.36
2026-09-02 04:10:00,4308.56,4320.74,4308.35,4317.58
2026-09-02 04:15:00,4317.55,4326.57,4316.37,4320.45
2026-09-02 04:20:00,4320.38,4323.23,4318.03,4321.67
2026-09-02 04:25:00,4321.69,4324.42,4315.38,4317.31
2026-09-02 04:30:00,4317.29,4318.45,4305.14,4309.43
2026-09-02 04:35:00,4309.43,4309.95,4305.11,4307.79
2026-09-02 04:40:00,4307.7,4311.0,4306.59,4309.04
2026-09-02 04:45:00,4309.0,4309.83,4304.1,4306.14
2026-09-02 04:50:00,4306.13,4306.37,4290.86,4297.36
2026-09-02 04:55:00,4297.53,4299.85,4288.64,4290.93
2026-09-02 05:00:00,4290.99,4296.71,4287.38,4295.56
2026-09-02 05:05:00,4295.77,4301.82,4291.76,4292.55
2026-09-02 05:10:00,4292.58,4296.58,4289.36,4296.14
2026-09-02 05:15:00,4296.31,4300.95,4296.11,4300.51
2026-09-02 05:20:00,4300.51,4306.35,4300.1,4303.43
2026-09-02 05:25:00,4303.23,4305.94,4301.67,4304.21
2026-09-02 05:30:00,4304.34,4309.09,4299.5,4307.86
2026-09-02 05:35:00,4307.9,4314.76,4306.49,4312.24
2026-09-02 05:40:00,4312.21,4313.65,4309.08,4309.19
2026-09-02 05:45:00,4309.17,4311.13,4308.91,4310.46
2026-09-02 05:50:00,4310.59,4310.72,4305.46,4305.55
2026-09-02 05:55:00,4305.53,4306.09,4300.2,4302.76
2026-09-02 06:00:00,4302.76,4304.13,4299.12,4301.08
2026-09-02 06:05:00,4301.05,4301.05,4296.95,4299.24
2026-09-02 06:10:00,4299.23,4301.47,4298.03,4300.75
2026-09-02 06:15:00,4300.71,4302.35,4296.48,4297.66
2026-09-02 06:20:00,4297.67,4297.68,4289.41,4293.63
2026-09-02 06:25:00,4293.64,4298.88,4293.06,4293.62
2026-09-02 06:30:00,4293.62,4293.76,4284.85,4285.1
2026-09-02 06:35:00,4285.03,4291.75,4282.59,4291.35
2026-09-02 06:40:00,4291.36,4291.53,4285.3,4288.66
2026-09-02 06:45:00,4288.5,4299.48,4288.5,4299.26
2026-09-02 06:50:00,4299.11,4300.85,4296.55,4300.85
2026-09-02 06:55:00,4300.87,4303.53,4300.24,4303.21
2026-09-02 07:00:00,4303.2,4305.36,4302.15,4303.8
2026-09-02 07:05:00,4304.13,4306.63,4303.64,4304.81
2026-09-02 07:10:00,4304.82,4306.67,4303.7,4304.26
2026-09-02 07:15:00,4304.24,4305.45,4302.93,4303.12
2026-09-02 07:20:00,4303.14,4304.66,4301.31,4304.33
2026-09-02 07:25:00,4304.32,4304.71,4301.73,4302.75
2026-09-02 07:30:00,4302.93,4307.57,4302.53,4305.34
2026-09-02 07:35:00,4305.34,4306.5,4303.87,4304.49
2026-09-02 07:40:00,4304.45,4305.85,4302.64,4304.64
2026-09-02 07:45:00,4304.78,4306.49,4303.82,4305.53
2026-09-02 07:50:00,4305.53,4306.88,4305.1,4306.22
2026-09-02 07:55:00,4306.15,4307.58,4305.85,4307.17
2026-09-02 08:00:00,4307.71,4308.09,4305.55,4306.37
2026-09-02 08:05:00,4306.37,4306.47,4303.6,4304.56
2026-09-02 08:10:00,4304.78,4309.97,4304.7,4309.95
2026-09-02 08:15:00,4309.99,4313.81,4309.9,4310.76
2026-09-02 08:20:00,4310.6,4310.79,4306.8,4308.58
2026-09-02 08:25:00,4308.95,4313.85,4308.71,4313.12
2026-09-02 08:30:00,4313.43,4324.96,4313.43,4324.46
2026-09-02 08:35:00,4324.47,4324.47,4317.89,4318.18
2026-09-02 08:40:00,4318.2,4323.13,4317.35,4323.07
2026-09-02 08:45:00,4323.06,4326.16,4322.64,4325.91
2026-09-02 08:50:00,4325.83,4326.34,4319.45,4320.04
2026-09-02 08:55:00,4320.04,4322.58,4319.25,4319.87
2026-09-02 09:00:00,4319.9,4322.33,4317.68,4317.98
2026-09-02 09:05:00,4317.99,4324.1,4317.5,4324.1
2026-09-02 09:10:00,4324.12,4329.15,4320.83,4326.52
2026-09-02 09:15:00,4326.56,4328.51,4321.87,4326.07
2026-09-02 09:20:00,4326.15,4326.68,4320.76,4326.61
2026-09-02 09:25:00,4326.57,4327.51,4322.27,4322.65
2026-09-02 09:30:00,4322.63,4323.82,4318.41,4319.93
2026-09-02 09:35:00,4319.99,4324.66,4316.8,4324.66
2026-09-02 09:40:00,4324.45,4326.34,4322.74,4324.24
2026-09-02 09:45:00,4324.27,4324.9,4316.54,4316.55
2026-09-02 09:50:00,4316.59,4317.37,4314.65,4316.22
2026-09-02 09:55:00,4316.21,4321.74,4315.91,4321.62
2026-09-02 10:00:00,4321.84,4324.22,4319.29,4321.51
2026-09-02 10:05:00,4321.5,4326.93,4319.19,4326.18
2026-09-02 10:10:00,4326.15,4331.01,4326.13,4326.74
2026-09-02 10:15:00,4326.4,4328.5,4325.57,4328.09
2026-09-02 10:20:00,4327.89,4329.17,4324.91,4328.39
2026-09-02 10:25:00,4328.38,4328.74,4325.09,4326.8
2026-09-02 10:30:00,4326.64,4330.05,4325.13,4327.26
2026-09-02 10:35:00,4327.31,4331.26,4326.27,4326.46
2026-09-02 10:40:00,4326.47,4327.2,4321.88,4322.64
2026-09-02 10:45:00,4322.64,4324.98,4321.88,4322.22
2026-09-02 10:50:00,4322.21,4323.4,4320.55,4322.23
2026-09-02 10:55:00,4322.26,4323.91,4320.78,4323.2
2026-09-02 11:00:00,4323.23,4327.44,4322.13,4327.24
2026-09-02 11:05:00,4327.21,4330.0,4322.86,4329.87
2026-09-02 11:10:00,4329.98,4331.62,4324.67,4325.66
2026-09-02 11:15:00,4325.52,4327.7,4324.82,4325.11
2026-09-02 11:20:00,4325.33,4327.0,4324.03,4325.95
2026-09-02 11:25:00,4326.0,4326.2,4322.66,4323.06
2026-09-02 11:30:00,4323.15,4325.78,4320.82,4321.66
2026-09-02 11:35:00,4321.66,4326.67,4319.47,4324.93
2026-09-02 11:40:00,4324.88,4326.11,4320.38,4321.99
2026-09-02 11:45:00,4321.94,4322.51,4319.63,4321.71
2026-09-02 11:50:00,4321.7,4322.06,4313.35,4314.38
2026-09-02 11:55:00,4314.49,4317.24,4312.54,4312.93
2026-09-02 12:00:00,4312.9,4316.6,4312.32,4315.83
2026-09-02 12:05:00,4315.85,4322.24,4315.85,4318.69
2026-09-02 12:10:00,4318.73,4318.73,4313.51,4313.85
2026-09-02 12:15:00,4313.85,4315.27,4313.26,4314.32
2026-09-02 12:20:00,4314.39,4314.52,4308.87,4308.97
2026-09-02 12:25:00,4308.97,4309.14,4304.97,4309.07
2026-09-02 12:30:00,4309.05,4310.46,4307.41,4309.82
2026-09-02 12:35:00,4309.78,4310.93,4307.65,4308.92
2026-09-02 12:40:00,4309.14,4311.79,4308.89,4310.07
2026-09-02 12:45:00,4310.06,4311.4,4309.74,4310.33
2026-09-02 12:50:00,4310.12,4310.85,4307.91,4308.6
2026-09-02 12:55:00,4308.66,4310.24,4307.95,4308.5
2026-09-02 13:00:00,4308.5,4309.5,4304.46,4304.46
2026-09-02 13:05:00,4304.35,4305.71,4301.82,4303.07
2026-09-02 13:10:00,4303.05,4308.08,4302.34,4306.79
2026-09-02 13:15:00,4306.39,4309.69,4306.0,4308.49
2026-09-02 13:20:00,4308.55,4312.16,4308.55,4310.52
2026-09-02 13:25:00,4310.53,4312.05,4309.51,4309.86
2026-09-02 13:30:00,4309.87,4310.64,4307.63,4308.9
2026-09-02 13:35:00,4308.9,4309.66,4307.24,4308.48
2026-09-02 13:40:00,4308.43,4310.04,4307.66,4309.39
2026-09-02 13:45:00,4309.34,4310.33,4308.11,4310.26
2026-09-02 13:50:00,4310.26,4310.27,4305.23,4308.4
2026-09-02 13:55:00,4308.41,4309.59,4306.53,4309.22
2026-09-02 14:00:00,4309.26,4312.9,4307.66,4312.65
2026-09-02 14:05:00,4312.7,4314.2,4308.09,4312.7
2026-09-02 14:10:00,4312.87,4324.3,4311.34,4323.06
2026-09-02 14:15:00,4322.67,4323.03,4315.65,4319.14
2026-09-02 14:20:00,4319.03,4319.95,4316.34,4319.0
2026-09-02 14:25:00,4319.0,4323.06,4316.93,4321.83
2026-09-02 14:30:00,4321.82,4330.17,4321.69,4330.07
2026-09-02 14:35:00,4329.81,4332.85,4328.92,4332.24
2026-09-02 14:40:00,4332.15,4332.85,4324.06,4324.71
2026-09-02 14:45:00,4324.61,4327.25,4323.46,4325.78
2026-09-02 14:50:00,4325.81,4331.04,4323.38,4330.43
2026-09-02 14:55:00,4330.44,4332.81,4329.42,4332.28
2026-09-02 15:00:00,4332.28,4335.65,4329.03,4334.68
2026-09-02 15:05:00,4334.66,4336.26,4330.37,4333.61
2026-09-02 15:10:00,4334.18,4334.59,4329.53,4333.27
2026-09-02 15:15:00,4333.05,4334.89,4330.5,4331.4
2026-09-02 15:20:00,4330.91,4344.16,4329.91,4338.87
2026-09-02 15:25:00,4338.87,4342.35,4333.92,4336.31
2026-09-02 15:30:00,4336.19,4337.58,4329.62,4330.02
2026-09-02 15:35:00,4330.08,4333.47,4327.51,4333.34
2026-09-02 15:40:00,4333.4,4334.89,4331.92,4334.26
2026-09-02 15:45:00,4334.29,4339.09,4331.75,4339.09
2026-09-02 15:50:00,4339.13,4339.25,4332.56,4334.33
2026-09-02 15:55:00,4334.34,4334.78,4330.56,4331.73
2026-09-02 16:00:00,4331.38,4341.58,4330.81,4338.51
2026-09-02 16:05:00,4338.33,4344.1,4338.33,4341.85
2026-09-02 16:10:00,4341.87,4344.38,4337.56,4339.49
2026-09-02 16:15:00,4339.64,4344.14,4336.6,4342.33
2026-09-02 16:20:00,4342.39,4348.18,4342.08,4347.96
2026-09-02 16:25:00,4347.86,4358.03,4347.54,4358.03
2026-09-02 16:30:00,4358.42,4367.35,4357.1,4364.77
2026-09-02 16:35:00,4364.75,4368.48,4362.41,4367.01
2026-09-02 16:40:00,4367.18,4379.27,4364.92,4378.22
2026-09-02 16:45:00,4378.08,4379.31,4368.37,4368.57
2026-09-02 16:50:00,4368.78,4378.11,4367.82,4376.68
2026-09-02 16:55:00,4376.65,4385.45,4371.87,4385.35
2026-09-02 17:00:00,4385.2,4385.6,4378.91,4383.91
2026-09-02 17:05:00,4384.32,4396.47,4383.98,4391.1
2026-09-02 17:10:00,4389.75,4397.49,4387.1,4387.89
2026-09-02 17:15:00,4388.02,4392.64,4385.05,4392.1
2026-09-02 17:20:00,4392.28,4397.17,4386.84,4387.28
2026-09-02 17:25:00,4387.25,4390.38,4385.39,4387.76
2026-09-02 17:30:00,4387.55,4388.14,4382.88,4386.43
2026-09-02 17:35:00,4386.57,4387.55,4382.31,4382.68
2026-09-02 17:40:00,4382.65,4385.91,4381.31,4385.58
2026-09-02 17:45:00,4385.47,4386.8,4378.88,4381.0
2026-09-02 17:50:00,4380.92,4382.29,4375.99,4376.75
2026-09-02 17:55:00,4376.9,4378.37,4374.3,4376.9
2026-09-02 18:00:00,4376.9,4380.79,4374.09,4377.54
2026-09-02 18:05:00,4377.62,4380.51,4373.73,4376.43
2026-09-02 18:10:00,4376.54,4378.01,4372.57,4372.63
2026-09-02 18:15:00,4372.73,4372.75,4368.83,4369.84
2026-09-02 18:20:00,4369.83,4371.52,4365.55,4370.02
2026-09-02 18:25:00,4370.04,4372.93,4367.44,4372.52
2026-09-02 18:30:00,4372.71,4374.95,4371.06,4371.31
2026-09-02 18:35:00,4371.3,4372.53,4367.43,4370.42
2026-09-02 18:40:00,4370.4,4372.1,4366.09,4366.24
2026-09-02 18:45:00,4366.18,4369.56,4364.59,4367.76
2026-09-02 18:50:00,4367.73,4369.68,4367.26,4368.6
2026-09-02 18:55:00,4368.55,4373.87,4367.97,4372.98
2026-09-02 19:00:00,4373.0,4374.74,4371.49,4372.95
2026-09-02 19:05:00,4372.96,4372.99,4368.79,4370.45
2026-09-02 19:10:00,4370.43,4373.12,4370.27,4372.34
2026-09-02 19:15:00,4372.22,4372.38,4367.87,4369.97
2026-09-02 19:20:00,4369.91,4370.91,4368.64,4369.52
2026-09-02 19:25:00,4369.5,4370.11,4367.64,4368.67
2026-09-02 19:30:00,4368.5,4370.42,4367.2,4367.2
2026-09-02 19:35:00,4367.28,4368.9,4366.12,4368.49
2026-09-02 19:40:00,4368.52,4368.52,4364.55,4364.95
2026-09-02 19:45:00,4364.89,4366.61,4364.51,4365.94
2026-09-02 19:50:00,4365.67,4370.44,4364.67,4369.86
2026-09-02 19:55:00,4369.84,4370.31,4367.92,4368.25
2026-09-02 20:00:00,4368.24,4370.69,4367.8,4370.69
2026-09-02 20:05:00,4370.49,4371.03,4368.89,4369.92
2026-09-02 20:10:00,4369.93,4370.34,4367.53,4368.86
2026-09-02 20:15:00,4368.83,4369.03,4364.57,4365.34
2026-09-02 20:20:00,4365.26,4367.29,4364.7,4367.1
2026-09-02 20:25:00,4367.01,4369.81,4366.99,4369.72
2026-09-02 20:30:00,4369.78,4371.49,4368.03,4368.03
2026-09-02 20:35:00,4368.02,4369.46,4366.51,4366.52
2026-09-02 20:40:00,4366.51,4377.58,4366.5,4376.45
2026-09-02 20:45:00,4376.47,4380.64,4375.42,4376.07
2026-09-02 20:50:00,4375.99,4377.44,4375.38,4376.13
2026-09-02 20:55:00,4376.21,4378.45,4375.72,4376.9
2026-09-02 21:00:00,4376.99,4377.53,4372.25,4374.96
2026-09-02 21:05:00,4374.92,4375.63,4373.3,4373.53
2026-09-02 21:10:00,4373.53,4373.91,4370.16,4370.19
2026-09-02 21:15:00,4370.16,4379.53,4369.19,4377.54
2026-09-02 21:20:00,4377.57,4379.62,4372.29,4373.1
2026-09-02 21:25:00,4372.97,4373.77,4371.97,4373.09
2026-09-02 21:30:00,4373.1,4378.12,4372.85,4376.54
2026-09-02 21:35:00,4376.53,4377.98,4375.27,4376.2
2026-09-02 21:40:00,4376.2,4376.58,4372.45,4372.97
2026-09-02 21:45:00,4372.96,4374.53,4372.53,4373.91
2026-09-02 21:50:00,4373.94,4375.72,4373.79,4374.64
2026-09-02 21:55:00,4374.68,4375.27,4372.55,4374.06
2026-09-02 22:00:00,4374.27,4375.1,4371.74,4374.96
2026-09-02 22:05:00,4374.95,4377.38,4374.78,4377.1
2026-09-02 22:10:00,4377.03,4380.21,4376.42,4379.15
2026-09-02 22:15:00,4379.14,4380.17,4378.2,4379.65
2026-09-02 22:20:00,4379.6,4380.85,4378.36,4379.9
2026-09-02 22:25:00,4379.87,4383.02,4379.76,4381.13
2026-09-02 22:30:00,4381.27,4383.96,4381.2,4383.93
2026-09-02 22:35:00,4383.78,4384.08,4381.22,4384.02
2026-09-02 22:40:00,4384.02,4388.61,4383.52,4388.07
2026-09-02 22:45:00,4388.07,4388.83,4384.91,4386.5
2026-09-02 22:50:00,4386.49,4389.66,4385.82,4387.41
2026-09-02 22:55:00,4387.35,4391.21,4386.11,4390.91
2026-09-02 23:00:00,4391.06,4391.38,4388.68,4390.43
2026-09-02 23:05:00,4390.43,4390.96,4387.56,4387.88
2026-09-02 23:10:00,4388.04,4388.55,4385.88,4385.93
2026-09-02 23:15:00,4386.04,4386.19,4384.07,4385.04
2026-09-02 23:20:00,4385.06,4385.73,4384.56,4385.55
2026-09-02 23:25:00,4385.56,4387.7,4385.2,4386.33
2026-09-02 23:30:00,4386.25,4387.86,4385.74,4387.4
2026-09-02 23:35:00,4387.42,4387.74,4386.84,4387.48
2026-09-02 23:40:00,4387.77,4389.68,4387.28,4387.84
2026-09-02 23:45:00,4387.79,4389.5,4387.49,4388.99
2026-09-02 23:50:00,4388.98,4390.61,4388.93,4389.14
2026-09-02 23:55:00,4389.03,4389.17,4387.31,4387.67
2026-09-03 01:00:00,4389.96,4393.05,4389.96,4391.39
2026-09-03 01:05:00,4391.13,4391.71,4390.32,4390.52
2026-09-03 01:10:00,4390.52,4391.39,4389.93,4390.02
2026-09-03 01:15:00,4389.99,4390.08,4387.9,4388.42
2026-09-03 01:20:00,4388.51,4389.55,4388.14,4389.55
2026-09-03 01:25:00,4389.58,4390.82,4389.03,4389.82
2026-09-03 01:30:00,4389.82,4389.82,4387.85,4388.16
2026-09-03 01:35:00,4388.19,4388.48,4387.32,4387.62
2026-09-03 01:40:00,4387.56,4387.91,4384.91,4384.97
2026-09-03 01:45:00,4385.13,4385.21,4383.66,4384.04
2026-09-03 01:50:00,4384.16,4385.13,4383.79,4384.43
2026-09-03 01:55:00,4384.52,4384.97,4384.37,4384.64
2026-09-03 02:00:00,4384.85,4386.49,4384.24,4386.48
2026-09-03 02:05:00,4386.47,4386.73,4385.09,4386.69
2026-09-03 02:10:00,4386.7,4386.73,4383.89,4384.01
2026-09-03 02:15:00,4384.03,4384.13,4382.35,4382.41
2026-09-03 02:20:00,4382.59,4383.03,4382.25,4382.93
2026-09-03 02:25:00,4382.97,4383.01,4381.93,4382.23
2026-09-03 02:30:00,4382.14,4383.67,4381.59,4383.03
2026-09-03 02:35:00,4382.87,4383.44,4381.14,4383.35
2026-09-03 02:40:00,4383.34,4385.36,4383.08,4385.19
2026-09-03 02:45:00,4385.21,4388.73,4384.56,4386.7
2026-09-03 02:50:00,4386.85,4387.46,4384.57,4384.74
2026-09-03 02:55:00,4384.76,4386.86,4384.54,4385.62
2026-09-03 03:00:00,4385.55,4389.61,4384.78,4389.23
2026-09-03 03:05:00,4389.23,4390.73,4384.91,4387.05
2026-09-03 03:10:00,4387.08,4392.44,4387.06,4390.23
2026-09-03 03:15:00,4390.2,4390.28,4385.25,4386.93
2026-09-03 03:20:00,4387.11,4387.85,4385.25,4387.82
2026-09-03 03:25:00,4387.79,4390.18,4387.08,4387.15
2026-09-03 03:30:00,4387.17,4387.17,4382.79,4382.79
2026-09-03 03:35:00,4382.83,4389.51,4382.53,4389.05
2026-09-03 03:40:00,4389.02,4389.69,4387.04,4387.65
2026-09-03 03:45:00,4387.82,4389.9,4385.71,4389.9
2026-09-03 03:50:00,4389.9,4393.83,4389.34,4391.5
2026-09-03 03:55:00,4391.48,4396.91,4390.63,4395.36
2026-09-03 04:00:00,4395.37,4396.38,4387.21,4395.48
2026-09-03 04:05:00,4395.47,4402.96,4392.6,4402.57
2026-09-03 04:10:00,4402.51,4409.2,4400.97,4401.35
2026-09-03 04:15:00,4401.03,4403.63,4396.75,4398.37
2026-09-03 04:20:00,4398.38,4402.76,4395.22,4395.97
2026-09-03 04:25:00,4395.74,4402.03,4394.04,4401.73
2026-09-03 04:30:00,4401.58,4409.16,4401.4,4409.07
2026-09-03 04:35:00,4409.08,4409.29,4404.87,4407.94
2026-09-03 04:40:00,4407.92,4408.01,4400.38,4400.74
2026-09-03 04:45:00,4400.65,4408.24,4400.19,4407.48
2026-09-03 04:50:00,4407.46,4407.78,4404.63,4407.42
2026-09-03 04:55:00,4407.56,4412.3,4407.16,4410.24
2026-09-03 05:00:00,4410.2,4415.34,4409.56,4410.72
2026-09-03 05:05:00,4410.74,4412.69,4409.12,4410.07
2026-09-03 05:10:00,4411.02,4413.36,4409.73,4411.05
2026-09-03 05:15:00,4411.3,4412.98,4409.26,4410.2
2026-09-03 05:20:00,4410.27,4412.3,4406.74,4409.59
2026-09-03 05:25:00,4409.81,4411.6,4407.73,4411.56
2026-09-03 05:30:00,4411.29,4417.18,4409.46,4415.45
2026-09-03 05:35:00,4415.47,4418.04,4414.02,4416.23
2026-09-03 05:40:00,4416.23,4416.87,4412.59,4413.41
2026-09-03 05:45:00,4413.59,4417.36,4411.53,4417.14
2026-09-03 05:50:00,4417.24,4420.11,4415.92,4419.79
2026-09-03 05:55:00,4419.7,4420.44,4419.0,4420.31
2026-09-03 06:00:00,4420.28,4425.08,4419.43,4424.31
2026-09-03 06:05:00,4424.3,4426.08,4423.99,4425.09
2026-09-03 06:10:00,4425.07,4430.05,4423.96,4428.8
2026-09-03 06:15:00,4428.8,4430.38,4425.5,4426.44
2026-09-03 06:20:00,4426.3,4427.01,4424.63,4426.14
2026-09-03 06:25:00,4426.46,4431.16,4425.34,4429.34
2026-09-03 06:30:00,4429.34,4432.13,4429.32,4431.66
2026-09-03 06:35:00,4431.63,4431.8,4429.26,4430.56
2026-09-03 06:40:00,4430.55,4430.66,4426.65,4426.65
2026-09-03 06:45:00,4426.6,4428.54,4425.45,4427.12
2026-09-03 06:50:00,4427.1,4430.6,4426.17,4430.47
2026-09-03 06:55:00,4430.39,4432.51,4429.66,4431.48
2026-09-03 07:00:00,4431.44,4431.7,4426.99,4427.03
2026-09-03 07:05:00,4427.04,4433.75,4425.58,4433.49
2026-09-03 07:10:00,4433.5,4435.75,4430.71,4431.15
2026-09-03 07:15:00,4431.17,4431.44,4430.02,4430.88
2026-09-03 07:20:00,4430.87,4434.09,4430.81,4433.65
2026-09-03 07:25:00,4433.94,4436.81,4433.94,4436.54
2026-09-03 07:30:00,4436.55,4437.21,4435.48,4437.06
2026-09-03 07:35:00,4436.94,4438.27,4436.04,4438.11
2026-09-03 07:40:00,4438.08,4438.23,4436.64,4438.03
2026-09-03 07:45:00,4438.04,4438.28,4436.16,4436.26
2026-09-03 07:50:00,4436.25,4436.45,4435.01,4435.6
2026-09-03 07:55:00,4435.58,4437.72,4434.03,4437.38
2026-09-03 08:00:00,4437.34,4440.15,4436.13,4436.38
2026-09-03 08:05:00,4436.31,4436.46,4430.51,4430.7
2026-09-03 08:10:00,4430.66,4432.65,4429.01,4429.64
2026-09-03 08:15:00,4429.68,4430.74,4427.12,4428.3
2026-09-03 08:20:00,4428.62,4428.65,4422.75,4425.95
2026-09-03 08:25:00,4425.93,4427.32,4423.02,4425.06
2026-09-03 08:30:00,4425.13,4432.52,4422.56,4430.71
2026-09-03 08:35:00,4430.81,4432.46,4425.57,4428.48
2026-09-03 08:40:00,4428.37,4432.42,4425.73,4432.2
2026-09-03 08:45:00,4432.23,4436.17,4428.43,4435.31
2026-09-03 08:50:00,4435.45,4439.06,4432.83,4433.33
2026-09-03 08:55:00,4433.44,4436.41,4430.44,4430.94
2026-09-03 09:00:00,4431.02,4433.81,4428.6,4430.43
2026-09-03 09:05:00,4430.42,4436.14,4429.61,4431.22
2026-09-03 09:10:00,4431.4,4431.47,4425.78,4426.89
2026-09-03 09:15:00,4426.96,4430.58,4425.12,4425.89
2026-09-03 09:20:00,4425.87,4427.04,4418.88,4419.06
2026-09-03 09:25:00,4419.08,4423.84,4418.78,4421.7
2026-09-03 09:30:00,4421.59,4423.22,4420.33,4423.13
2026-09-03 09:35:00,4423.12,4425.82,4422.45,4422.8
2026-09-03 09:40:00,4422.7,4426.02,4422.7,4425.53
2026-09-03 09:45:00,4425.52,4428.72,4425.1,4426.25
2026-09-03 09:50:00,4425.97,4425.97,4422.72,4422.89
2026-09-03 09:55:00,4422.83,4423.94,4420.54,4420.55
2026-09-03 10:00:00,4420.51,4431.21,4419.12,4431.2
2026-09-03 10:05:00,4431.34,4431.46,4423.7,4425.09
2026-09-03 10:10:00,4425.04,4425.16,4421.77,4421.99
2026-09-03 10:15:00,4422.02,4426.68,4421.63,4425.22
2026-09-03 10:20:00,4425.21,4430.12,4424.5,4429.53
2026-09-03 10:25:00,4429.57,4430.1,4425.32,4426.35
2026-09-03 10:30:00,4426.35,4428.44,4426.21,4427.78
2026-09-03 10:35:00,4427.82,4430.49,4423.59,4427.56
2026-09-03 10:40:00,4427.51,4430.66,4426.6,4426.69
2026-09-03 10:45:00,4426.49,4428.7,4424.21,4426.28
2026-09-03 10:50:00,4425.88,4430.94,4424.77,4430.51
2026-09-03 10:55:00,4429.89,4430.19,4428.11,4428.79
2026-09-03 11:00:00,4428.64,4441.66,4428.05,4436.89
2026-09-03 11:05:00,4436.93,4443.51,4435.19,4435.35
2026-09-03 11:10:00,4435.27,4435.53,4430.9,4431.41
2026-09-03 11:15:00,4431.42,4438.67,4430.78,4437.94
2026-09-03 11:20:00,4437.85,4439.51,4435.29,4437.4
2026-09-03 11:25:00,4437.27,4438.83,4435.06,4438.29
2026-09-03 11:30:00,4438.31,4439.51,4435.85,4438.88
2026-09-03 11:35:00,4439.02,4439.63,4434.31,4434.42
2026-09-03 11:40:00,4434.26,4435.27,4431.43,4434.09
2026-09-03 11:45:00,4434.51,4439.91,4434.43,4438.29
2026-09-03 11:50:00,4438.31,4438.31,4434.31,4435.37
2026-09-03 11:55:00,4435.44,4437.52,4433.98,4434.91
2026-09-03 12:00:00,4434.97,4437.72,4434.1,4437.18
2026-09-03 12:05:00,4437.17,4441.93,4435.11,4439.96
2026-09-03 12:10:00,4439.69,4439.93,4437.83,4438.22
2026-09-03 12:15:00,4438.01,4438.33,4434.52,4434.65
2026-09-03 12:20:00,4434.66,4435.33,4432.16,4432.53
2026-09-03 12:25:00,4432.53,4435.73,4432.21,4435.2
2026-09-03 12:30:00,4435.16,4437.87,4433.75,4437.05
2026-09-03 12:35:00,4437.02,4438.0,4430.65,4432.58
2026-09-03 12:40:00,4432.68,4434.2,4429.58,4429.99
2026-09-03 12:45:00,4429.98,4430.1,4427.33,4429.04
2026-09-03 12:50:00,4429.02,4430.51,4426.62,4427.25
2026-09-03 12:55:00,4427.1,4429.18,4425.7,4427.45
2026-09-03 13:00:00,4427.48,4428.36,4425.42,4427.31
2026-09-03 13:05:00,4427.32,4429.79,4425.21,4425.24
2026-09-03 13:10:00,4425.24,4425.71,4423.06,4424.39
2026-09-03 13:15:00,4424.44,4425.65,4421.78,4422.07
2026-09-03 13:20:00,4422.06,4422.9,4419.1,4419.76
2026-09-03 13:25:00,4420.84,4424.03,4420.55,4422.52
2026-09-03 13:30:00,4422.27,4424.1,4419.98,4422.52
2026-09-03 13:35:00,4422.56,4424.79,4422.01,4424.46
2026-09-03 13:40:00,4424.46,4426.34,4424.14,4425.74
2026-09-03 13:45:00,4425.64,4426.59,4424.19,4424.61
2026-09-03 13:50:00,4424.57,4427.99,4424.13,4427.83
2026-09-03 13:55:00,4427.91,4428.42,4426.88,4427.44
2026-09-03 14:00:00,4427.22,4429.01,4425.03,4426.12
2026-09-03 14:05:00,4426.27,4431.04,4425.79,4430.74
2026-09-03 14:10:00,4430.71,4432.63,4430.05,4432.63
2026-09-03 14:15:00,4432.65,4437.7,4432.35,4434.28
2026-09-03 14:20:00,4434.3,4434.61,4430.71,4431.3
2026-09-03 14:25:00,4431.3,4435.17,4430.34,4434.36
2026-09-03 14:30:00,4434.34,4435.44,4427.09,4434.31
2026-09-03 14:35:00,4434.34,4436.82,4434.28,4435.83
2026-09-03 14:40:00,4435.71,4439.27,4435.56,4438.75
2026-09-03 14:45:00,4438.76,4440.65,4436.6,4439.09
2026-09-03 14:50:00,4439.13,4441.75,4438.02,4440.05
2026-09-03 14:55:00,4440.08,4444.79,4439.75,4444.15
2026-09-03 15:00:00,4444.21,4448.44,4441.18,4448.28
2026-09-03 15:05:00,4448.23,4448.95,4445.05,4448.65
2026-09-03 15:10:00,4448.62,4450.1,4443.24,4443.93
2026-09-03 15:15:00,4443.79,4444.45,4440.82,4441.26
2026-09-03 15:20:00,4441.68,4449.05,4437.85,4446.64
2026-09-03 15:25:00,4446.7,4449.02,4446.12,4446.6
2026-09-03 15:30:00,4446.55,4469.82,4446.55,4466.84
2026-09-03 15:35:00,4466.87,4478.71,4459.84,4475.81
2026-09-03 15:40:00,4475.69,4477.36,4464.78,4467.9
2026-09-03 15:45:00,4467.76,4480.12,4465.54,4479.88
2026-09-03 15:50:00,4480.15,4492.15,4479.58,4491.46
2026-09-03 15:55:00,4491.19,4495.21,4489.87,4493.42
2026-09-03 16:00:00,4493.61,4495.86,4488.27,4489.87
2026-09-03 16:05:00,4490.13,4493.84,4485.89,4487.99
2026-09-03 16:10:00,4488.29,4490.1,4484.8,4485.63
2026-09-03 16:15:00,4485.78,4487.62,4479.22,4479.79
2026-09-03 16:20:00,4479.67,4484.51,4478.45,4483.58
2026-09-03 16:25:00,4483.49,4483.93,4477.0,4479.9
2026-09-03 16:30:00,4480.02,4482.3,4474.29,4477.52
2026-09-03 16:35:00,4477.45,4479.96,4472.6,4475.63
2026-09-03 16:40:00,4475.95,4475.95,4468.13,4470.05
2026-09-03 16:45:00,4469.8,4470.04,4456.86,4458.2
2026-09-03 16:50:00,4458.35,4464.05,4458.12,4463.78
2026-09-03 16:55:00,4463.78,4470.95,4462.46,4470.78
2026-09-03 17:00:00,4464.31,4469.55,4459.61,4465.26
2026-09-03 17:05:00,4465.29,4472.89,4462.45,4464.25
2026-09-03 17:10:00,4464.33,4469.88,4461.42,4469.19
2026-09-03 17:15:00,4469.19,4477.27,4469.19,4476.56
2026-09-03 17:20:00,4476.55,4480.71,4472.04,4475.81
2026-09-03 17:25:00,4475.83,4478.18,4470.76,4477.69
2026-09-03 17:30:00,4477.48,4479.61,4470.57,4470.62
2026-09-03 17:35:00,4470.74,4473.97,4468.51,4469.45
2026-09-03 17:40:00,4469.62,4474.88,4466.16,4472.93
2026-09-03 17:45:00,4472.93,4479.93,4472.93,4474.19
2026-09-03 17:50:00,4474.2,4479.29,4474.2,4476.9
2026-09-03 17:55:00,4476.89,4485.37,4471.38,4485.37
2026-09-03 18:00:00,4485.73,4500.2,4484.24,4498.11
2026-09-03 18:05:00,4498.16,4503.73,4496.6,4497.96
2026-09-03 18:10:00,4497.99,4504.09,4495.37,4503.53
2026-09-03 18:15:00,4503.68,4510.74,4501.73,4510.28
2026-09-03 18:20:00,4510.23,4510.72,4503.84,4504.67
2026-09-03 18:25:00,4504.76,4508.05,4504.1,4506.87
2026-09-03 18:30:00,4506.57,4509.56,4499.95,4503.14
2026-09-03 18:35:00,4503.2,4504.82,4495.5,4496.7
2026-09-03 18:40:00,4496.86,4498.31,4494.91,4494.99
2026-09-03 18:45:00,4495.0,4495.59,4487.65,4488.62
2026-09-03 18:50:00,4488.44,4492.09,4487.46,4490.24
2026-09-03 18:55:00,4490.38,4493.27,4486.15,4493.18
2026-09-03 19:00:00,4493.19,4493.52,4490.36,4490.69
2026-09-03 19:05:00,4490.78,4493.08,4487.64,4492.21
2026-09-03 19:10:00,4492.19,4495.33,4492.19,4493.98
2026-09-03 19:15:00,4493.94,4494.74,4491.36,4493.72
2026-09-03 19:20:00,4493.81,4494.29,4491.05,4492.97
2026-09-03 19:25:00,4492.97,4494.38,4490.56,4493.14
2026-09-03 19:30:00,4493.32,4495.51,4489.46,4490.81
2026-09-03 19:35:00,4490.81,4491.75,4489.98,4491.18
2026-09-03 19:40:00,4491.16,4491.28,4486.82,4487.96
2026-09-03 19:45:00,4487.79,4491.03,4487.32,4488.82
2026-09-03 19:50:00,4488.84,4490.25,4485.55,4487.21
2026-09-03 19:55:00,4487.15,4488.67,4485.84,4486.24
2026-09-03 20:00:00,4486.28,4487.53,4483.31,4487.07
2026-09-03 20:05:00,4487.07,4488.82,4485.86,4485.99
2026-09-03 20:10:00,4486.06,4488.34,4485.84,4487.92
2026-09-03 20:15:00,4487.93,4488.22,4485.18,4487.62
2026-09-03 20:20:00,4487.59,4491.41,4487.23,4490.91
2026-09-03 20:25:00,4490.85,4493.73,4489.84,4492.91
2026-09-03 20:30:00,4492.87,4493.97,4490.92,4491.8
2026-09-03 20:35:00,4491.87,4494.05,4491.56,4493.12
2026-09-03 20:40:00,4493.07,4493.58,4491.85,4491.92
2026-09-03 20:45:00,4491.96,4494.62,4490.92,4491.4
2026-09-03 20:50:00,4491.41,4491.43,4488.33,4490.06
2026-09-03 20:55:00,4490.05,4490.55,4486.58,4486.58
2026-09-03 21:00:00,4486.61,4489.72,4486.61,4489.32
2026-09-03 21:05:00,4489.33,4489.33,4484.58,4488.28
2026-09-03 21:10:00,4488.61,4489.1,4484.0,4484.0
2026-09-03 21:15:00,4483.99,4486.7,4483.96,4486.34
2026-09-03 21:20:00,4486.35,4488.03,4482.08,4483.56
2026-09-03 21:25:00,4483.51,4484.5,4479.69,4479.69
2026-09-03 21:30:00,4480.07,4480.4,4475.94,4479.19
2026-09-03 21:35:00,4479.2,4482.77,4478.69,4482.43
2026-09-03 21:40:00,4482.43,4482.69,4480.78,4481.52
2026-09-03 21:45:00,4481.4,4482.66,4477.7,4478.71
2026-09-03 21:50:00,4478.72,4479.22,4475.51,4475.51
2026-09-03 21:55:00,4475.51,4476.3,4474.05,4475.17
2026-09-03 22:00:00,4475.04,4476.38,4473.92,4474.6
2026-09-03 22:05:00,4474.76,4476.33,4473.94,4476.21
2026-09-03 22:10:00,4476.21,4476.88,4472.94,4474.45
2026-09-03 22:15:00,4474.42,4476.65,4473.99,4476.29
2026-09-03 22:20:00,4476.25,4476.35,4474.13,4474.16
2026-09-03 22:25:00,4474.17,4475.81,4472.62,4475.81
2026-09-03 22:30:00,4475.84,4477.58,4474.06,4474.06
2026-09-03 22:35:00,4474.04,4476.1,4474.04,4475.22
2026-09-03 22:40:00,4475.24,4478.75,4475.24,4477.59
2026-09-03 22:45:00,4477.57,4480.73,4477.56,4479.34
2026-09-03 22:50:00,4479.37,4479.37,4476.62,4477.71
2026-09-03 22:55:00,4477.75,4478.54,4473.19,4475.09
2026-09-03 23:00:00,4475.48,4475.54,4471.52,4471.95
2026-09-03 23:05:00,4471.91,4473.58,4471.72,4473.06
2026-09-03 23:10:00,4473.04,4473.23,4471.61,4471.79
2026-09-03 23:15:00,4471.79,4471.89,4470.42,4470.95
2026-09-03 23:20:00,4470.95,4471.28,4470.56,4470.8
2026-09-03 23:25:00,4470.8,4472.43,4470.72,4471.63
2026-09-03 23:30:00,4471.59,4472.41,4471.29,4472.1
2026-09-03 23:35:00,4472.11,4472.6,4470.94,4471.52
2026-09-03 23:40:00,4471.47,4472.74,4471.06,4472.28
2026-09-03 23:45:00,4472.33,4473.07,4471.66,4472.65
2026-09-03 23:50:00,4472.72,4473.94,4472.53,4473.45
2026-09-03 23:55:00,4473.27,4473.75,4472.44,4472.89
2026-09-04 01:00:00,4470.79,4477.63,4470.79,4476.33
2026-09-04 01:05:00,4476.22,4477.2,4475.45,4475.75
2026-09-04 01:10:00,4475.83,4478.32,4474.42,4478.18
2026-09-04 01:15:00,4478.19,4478.63,4476.39,4476.57
2026-09-04 01:20:00,4476.57,4476.74,4474.77,4474.77
2026-09-04 01:25:00,4474.88,4475.62,4474.17,4474.94
2026-09-04 01:30:00,4474.9,4476.38,4474.16,4474.79
2026-09-04 01:35:00,4474.79,4474.87,4472.72,4472.79
2026-09-04 01:40:00,4472.75,4476.3,4472.75,4473.82
2026-09-04 01:45:00,4473.83,4474.85,4471.35,4474.34
2026-09-04 01:50:00,4474.31,4475.79,4472.08,4474.49
2026-09-04 01:55:00,4474.52,4475.16,4473.65,4474.43
2026-09-04 02:00:00,4474.35,4476.6,4474.35,4476.5
2026-09-04 02:05:00,4476.5,4477.52,4472.55,4475.81
2026-09-04 02:10:00,4475.83,4476.13,4473.82,4474.17
2026-09-04 02:15:00,4474.17,4475.04,4471.6,4473.37
2026-09-04 02:20:00,4473.37,4473.37,4472.01,4472.24
2026-09-04 02:25:00,4472.27,4474.5,4472.21,4473.79
2026-09-04 02:30:00,4473.79,4476.05,4473.51,4474.77
2026-09-04 02:35:00,4474.78,4478.2,4474.73,4477.8
2026-09-04 02:40:00,4477.8,4478.26,4476.58,4477.32
2026-09-04 02:45:00,4477.27,4477.27,4474.91,4474.98
2026-09-04 02:50:00,4474.98,4479.47,4474.96,4477.13
2026-09-04 02:55:00,4477.15,4480.21,4477.15,4480.01
2026-09-04 03:00:00,4479.98,4480.94,4478.18,4480.94
2026-09-04 03:05:00,4481.02,4483.01,4479.69,4480.02
2026-09-04 03:10:00,4480.02,4483.14,4479.46,4480.81
2026-09-04 03:15:00,4480.74,4480.96,4476.43,4477.0
2026-09-04 03:20:00,4477.0,4479.69,4476.4,4477.89
2026-09-04 03:25:00,4477.75,4477.75,4474.37,4474.52
2026-09-04 03:30:00,4474.56,4479.41,4472.83,4479.27
2026-09-04 03:35:00,4479.28,4479.47,4476.11,4476.21
2026-09-04 03:40:00,4476.24,4482.11,4475.88,4482.11
2026-09-04 03:45:00,4482.23,4484.94,4481.36,4481.36
2026-09-04 03:50:00,4481.21,4484.2,4480.71,4481.96
2026-09-04 03:55:00,4482.28,4486.99,4481.69,4486.3
2026-09-04 04:00:00,4486.4,4487.05,4477.96,4478.11
2026-09-04 04:05:00,4477.9,4479.93,4475.11,4477.85
2026-09-04 04:10:00,4477.73,4482.91,4474.4,4474.79
2026-09-04 04:15:00,4474.61,4478.86,4474.41,4475.76
2026-09-04 04:20:00,4475.77,4478.81,4474.52,4474.74
2026-09-04 04:25:00,4474.82,4475.84,4467.95,4470.91
2026-09-04 04:30:00,4470.91,4472.87,4469.1,4469.7
2026-09-04 04:35:00,4469.73,4476.63,4468.13,4473.38
2026-09-04 04:40:00,4473.37,4476.82,4471.03,4473.88
2026-09-04 04:45:00,4473.9,4473.9,4467.07,4468.95
2026-09-04 04:50:00,4468.67,4473.54,4468.04,4473.53
2026-09-04 04:55:00,4473.63,4480.48,4473.49,4478.85
2026-09-04 05:00:00,4478.87,4482.58,4478.43,4480.67
2026-09-04 05:05:00,4480.6,4480.76,4477.67,4478.65
2026-09-04 05:10:00,4478.69,4480.24,4477.17,4479.36
2026-09-04 05:15:00,4479.29,4480.24,4477.08,4478.49
2026-09-04 05:20:00,4478.48,4478.5,4474.01,4476.96
2026-09-04 05:25:00,4477.05,4477.56,4471.58,4473.84
2026-09-04 05:30:00,4473.11,4475.99,4470.91,4470.94
2026-09-04 05:35:00,4470.91,4477.24,4470.29,4476.45
2026-09-04 05:40:00,4476.64,4477.24,4470.89,4470.91
2026-09-04 05:45:00,4470.87,4475.97,4470.22,4475.96
2026-09-04 05:50:00,4475.92,4479.43,4475.31,4479.43
2026-09-04 05:55:00,4479.46,4480.84,4475.9,4477.35
2026-09-04 06:00:00,4477.45,4478.61,4475.69,4476.13
2026-09-04 06:05:00,4476.08,4476.08,4471.53,4472.04
2026-09-04 06:10:00,4471.95,4473.49,4470.31,4473.34
2026-09-04 06:15:00,4473.34,4474.18,4471.42,4472.92
2026-09-04 06:20:00,4472.92,4474.56,4472.02,4473.58
2026-09-04 06:25:00,4473.71,4474.41,4471.82,4472.44
2026-09-04 06:30:00,4472.45,4475.24,4472.24,4474.77
2026-09-04 06:35:00,4474.63,4474.92,4472.56,4472.82
2026-09-04 06:40:00,4472.83,4473.17,4469.14,4469.31
2026-09-04 06:45:00,4469.32,4470.04,4468.99,4469.28
2026-09-04 06:50:00,4469.24,4470.08,4467.58,4469.47
2026-09-04 06:55:00,4469.44,4469.87,4467.02,4467.02
2026-09-04 07:00:00,4467.01,4469.23,4465.52,4468.88
2026-09-04 07:05:00,4468.84,4469.68,4467.32,4468.11
2026-09-04 07:10:00,4468.21,4470.0,4467.56,4469.23
2026-09-04 07:15:00,4469.24,4469.62,4468.42,4469.54
2026-09-04 07:20:00,4469.04,4470.37,4468.66,4470.12
2026-09-04 07:25:00,4470.13,4472.35,4469.02,4471.58
2026-09-04 07:30:00,4471.6,4474.65,4471.59,4472.26
2026-09-04 07:35:00,4472.13,4474.78,4471.84,4474.34
2026-09-04 07:40:00,4474.26,4474.8,4473.43,4474.21
2026-09-04 07:45:00,4473.76,4474.43,4472.72,4473.13
2026-09-04 07:50:00,4473.4,4474.86,4473.4,4474.32
2026-09-04 07:55:00,4474.38,4474.57,4473.66,4473.71
2026-09-04 08:00:00,4473.7,4474.52,4470.79,4470.79
2026-09-04 08:05:00,4470.78,4471.92,4468.47,4469.15
2026-09-04 08:10:00,4469.15,4469.56,4467.44,4469.41
2026-09-04 08:15:00,4469.49,4475.19,4468.77,4473.87
2026-09-04 08:20:00,4473.77,4474.2,4470.22,4470.97
2026-09-04 08:25:00,4471.05,4471.24,4467.51,4467.52
2026-09-04 08:30:00,4467.4,4474.88,4466.78,4473.25
2026-09-04 08:35:00,4473.07,4476.86,4469.18,4476.33
2026-09-04 08:40:00,4476.38,4477.58,4470.51,4471.1
2026-09-04 08:45:00,4470.99,4472.76,4470.59,4470.7
2026-09-04 08:50:00,4470.46,4470.51,4467.32,4467.49
2026-09-04 08:55:00,4467.41,4472.11,4467.2,4471.95
2026-09-04 09:00:00,4472.07,4473.32,4469.07,4470.78
2026-09-04 09:05:00,4470.77,4471.78,4467.97,4469.62
2026-09-04 09:10:00,4469.59,4471.55,4466.59,4468.86
2026-09-04 09:15:00,4468.86,4469.25,4467.29,4468.81
2026-09-04 09:20:00,4468.8,4471.51,4466.68,4468.03
2026-09-04 09:25:00,4467.92,4471.79,4467.81,4468.85
2026-09-04 09:30:00,4468.82,4469.7,4464.5,4464.72
2026-09-04 09:35:00,4464.83,4466.42,4463.11,4466.2
2026-09-04 09:40:00,4466.16,4468.49,4464.04,4464.18
2026-09-04 09:45:00,4464.11,4464.24,4461.48,4461.7
2026-09-04 09:50:00,4461.7,4464.41,4461.35,4462.55
2026-09-04 09:55:00,4462.56,4463.42,4460.21,4462.94
2026-09-04 10:00:00,4462.95,4467.67,4461.75,4466.39
2026-09-04 10:05:00,4466.44,4469.04,4465.15,4468.56
2026-09-04 10:10:00,4468.67,4471.07,4467.81,4467.81
2026-09-04 10:15:00,4467.81,4468.92,4466.68,4468.84
2026-09-04 10:20:00,4469.04,4469.88,4466.84,4469.57
2026-09-04 10:25:00,4469.56,4472.75,4468.09,4472.75
2026-09-04 10:30:00,4472.65,4475.46,4472.65,4474.87
2026-09-04 10:35:00,4474.86,4476.41,4474.24,4475.13
2026-09-04 10:40:00,4475.12,4486.22,4474.72,4485.73
2026-09-04 10:45:00,4485.72,4490.59,4484.7,4488.04
2026-09-04 10:50:00,4488.04,4488.04,4482.6,4484.65
2026-09-04 10:55:00,4484.65,4486.13,4481.41,4483.48
2026-09-04 11:00:00,4483.37,4486.43,4483.23,4483.72
2026-09-04 11:05:00,4483.71,4483.85,4480.44,4480.85
2026-09-04 11:10:00,4480.9,4483.86,4479.3,4482.02
2026-09-04 11:15:00,4481.96,4484.0,4481.3,4482.54
2026-09-04 11:20:00,4482.56,4483.98,4480.06,4480.15
2026-09-04 11:25:00,4480.14,4482.31,4479.65,4480.9
2026-09-04 11:30:00,4480.98,4482.39,4477.98,4480.49
2026-09-04 11:35:00,4480.64,4481.42,4477.62,4478.46
2026-09-04 11:40:00,4478.46,4478.97,4477.42,4477.52
2026-09-04 11:45:00,4477.4,4478.5,4474.71,4474.85
2026-09-04 11:50:00,4474.83,4477.24,4474.41,4476.73
2026-09-04 11:55:00,4476.73,4479.61,4476.67,4477.74
2026-09-04 12:00:00,4477.87,4479.13,4476.48,4478.18
2026-09-04 12:05:00,4478.21,4478.23,4473.85,4475.03
2026-09-04 12:10:00,4475.01,4475.02,4469.0,4469.89
2026-09-04 12:15:00,4470.01,4470.58,4466.78,4466.88
2026-09-04 12:20:00,4466.81,4467.36,4463.99,4464.47
2026-09-04 12:25:00,4464.45,4466.58,4463.8,4466.58
2026-09-04 12:30:00,4466.61,4470.13,4464.48,4467.05
2026-09-04 12:35:00,4467.11,4469.69,4466.47,4467.79
2026-09-04 12:40:00,4467.84,4468.42,4465.79,4467.2
2026-09-04 12:45:00,4467.35,4469.54,4467.35,4469.13
2026-09-04 12:50:00,4469.13,4469.54,4467.13,4467.13
2026-09-04 12:55:00,4467.11,4469.51,4465.48,4465.52
2026-09-04 13:00:00,4465.52,4470.08,4465.52,4469.4
2026-09-04 13:05:00,4469.41,4470.78,4468.7,4470.58
2026-09-04 13:10:00,4470.57,4473.14,4469.04,4472.72
2026-09-04 13:15:00,4472.79,4473.29,4471.09,4471.79
2026-09-04 13:20:00,4471.85,4471.92,4468.11,4468.28
2026-09-04 13:25:00,4468.42,4473.19,4468.3,4471.14
2026-09-04 13:30:00,4471.14,4475.1,4470.82,4473.18
2026-09-04 13:35:00,4473.17,4473.4,4470.01,4473.3
2026-09-04 13:40:00,4473.4,4474.01,4472.55,4473.52
2026-09-04 13:45:00,4473.48,4476.34,4473.48,4474.63
2026-09-04 13:50:00,4474.73,4475.77,4473.49,4474.67
2026-09-04 13:55:00,4474.64,4475.02,4472.76,4472.82
2026-09-04 14:00:00,4472.88,4473.26,4470.39,4471.87
2026-09-04 14:05:00,4471.95,4472.12,4469.41,4470.72
2026-09-04 14:10:00,4470.8,4471.27,4469.56,4470.27
2026-09-04 14:15:00,4470.24,4470.62,4466.32,4466.73
2026-09-04 14:20:00,4466.76,4470.72,4466.65,4468.82
2026-09-04 14:25:00,4468.21,4468.21,4465.4,4465.69
2026-09-04 14:30:00,4465.61,4468.28,4465.27,4465.91
2026-09-04 14:35:00,4465.91,4469.49,4465.91,4467.95
2026-09-04 14:40:00,4468.13,4470.25,4465.94,4468.16
2026-09-04 14:45:00,4468.13,4470.37,4467.21,4467.46
2026-09-04 14:50:00,4467.44,4470.54,4467.15,4469.01
2026-09-04 14:55:00,4468.96,4469.84,4465.2,4466.9
2026-09-04 15:00:00,4467.25,4469.33,4464.82,4468.61
2026-09-04 15:05:00,4468.85,4470.35,4466.86,4467.3
2026-09-04 15:10:00,4467.43,4468.88,4464.57,4464.72
2026-09-04 15:15:00,4464.65,4468.16,4464.44,4467.97
2026-09-04 15:20:00,4467.75,4470.06,4464.52,4468.04
2026-09-04 15:25:00,4467.9,4476.17,4467.41,4473.16
2026-09-04 15:30:00,4471.75,4473.03,4379.68,4394.58
2026-09-04 15:35:00,4394.9,4398.65,4382.99,4391.81
2026-09-04 15:40:00,4391.75,4406.3,4387.22,4394.03
2026-09-04 15:45:00,4392.95,4397.54,4380.25,4397.13
2026-09-04 15:50:00,4396.95,4409.87,4395.38,4405.91
2026-09-04 15:55:00,4405.8,4408.92,4392.7,4393.8
2026-09-04 16:00:00,4393.73,4393.73,4365.72,4379.16
2026-09-04 16:05:00,4379.21,4390.01,4376.03,4388.07
2026-09-04 16:10:00,4388.58,4394.25,4382.4,4394.25
2026-09-04 16:15:00,4394.21,4399.87,4391.53,4398.7
2026-09-04 16:20:00,4398.76,4407.03,4397.07,4405.15
2026-09-04 16:25:00,4404.67,4414.52,4404.21,4412.64
2026-09-04 16:30:00,4412.63,4420.5,4412.23,4413.92
2026-09-04 16:35:00,4413.85,4417.6,4405.59,4407.43
2026-09-04 16:40:00,4407.28,4424.08,4407.18,4423.81
2026-09-04 16:45:00,4423.67,4434.64,4418.43,4429.79
2026-09-04 16:50:00,4430.18,4431.42,4421.12,4422.51
2026-09-04 16:55:00,4423.65,4426.78,4413.12,4413.12
2026-09-04 17:00:00,4413.64,4420.11,4412.11,4420.11
2026-09-04 17:05:00,4420.67,4427.17,4416.03,4423.78
2026-09-04 17:10:00,4423.88,4434.97,4419.22,4433.98
2026-09-04 17:15:00,4433.97,4436.87,4428.95,4432.32
2026-09-04 17:20:00,4432.06,4435.43,4426.74,4430.64
2026-09-04 17:25:00,4430.53,4437.26,4428.9,4429.01
2026-09-04 17:30:00,4429.11,4439.74,4429.01,4439.68
2026-09-04 17:35:00,4439.52,4442.21,4428.68,4429.57
2026-09-04 17:40:00,4429.43,4432.43,4425.46,4428.45
2026-09-04 17:45:00,4428.89,4431.9,4422.63,4427.98
2026-09-04 17:50:00,4427.8,4428.58,4417.53,4417.63
2026-09-04 17:55:00,4417.77,4429.85,4417.29,4427.46
2026-09-04 18:00:00,4427.66,4430.61,4422.73,4430.13
2026-09-04 18:05:00,4429.88,4439.19,4429.72,4436.7
2026-09-04 18:10:00,4436.73,4443.54,4434.72,4443.37
2026-09-04 18:15:00,4443.38,4448.44,4441.1,4448.11
2026-09-04 18:20:00,4448.06,4448.96,4440.29,4442.89
2026-09-04 18:25:00,4442.89,4445.98,4439.66,4439.9
2026-09-04 18:30:00,4439.92,4444.23,4438.47,4439.85
2026-09-04 18:35:00,4439.57,4441.04,4437.49,4438.07
2026-09-04 18:40:00,4438.04,4446.38,4436.92,4442.88
2026-09-04 18:45:00,4442.85,4444.96,4441.83,4443.76
2026-09-04 18:50:00,4443.87,4445.92,4439.21,4439.29
2026-09-04 18:55:00,4439.49,4440.99,4435.62,4436.44
2026-09-04 19:00:00,4436.62,4440.13,4436.34,4439.51
2026-09-04 19:05:00,4439.54,4440.33,4433.56,4433.63
2026-09-04 19:10:00,4433.68,4439.29,4432.31,4438.74
2026-09-04 19:15:00,4438.6,4443.39,4437.41,4441.48
2026-09-04 19:20:00,4441.58,4442.4,4435.73,4437.95
2026-09-04 19:25:00,4437.83,4438.34,4433.32,4434.19
2026-09-04 19:30:00,4434.13,4438.81,4433.36,4437.43
2026-09-04 19:35:00,4437.34,4438.33,4436.41,4437.54
2026-09-04 19:40:00,4437.53,4439.69,4435.47,4437.99
2026-09-04 19:45:00,4438.38,4440.4,4437.37,4439.86
2026-09-04 19:50:00,4440.03,4440.28,4435.86,4435.9
2026-09-04 19:55:00,4435.91,4437.73,4434.72,4436.45
2026-09-04 20:00:00,4436.4,4436.52,4430.24,4431.36
2026-09-04 20:05:00,4431.28,4433.73,4430.34,4432.13
2026-09-04 20:10:00,4432.24,4434.7,4431.88,4434.14
2026-09-04 20:15:00,4433.86,4438.76,4433.2,4438.32
2026-09-04 20:20:00,4438.32,4440.32,4431.24,4433.2
2026-09-04 20:25:00,4433.18,4433.32,4427.5,4428.67
2026-09-04 20:30:00,4428.6,4429.71,4423.05,4424.08
2026-09-04 20:35:00,4424.09,4425.25,4421.88,4422.29
2026-09-04 20:40:00,4422.29,4422.3,4416.4,4417.05
2026-09-04 20:45:00,4417.18,4420.2,4415.69,4419.55
2026-09-04 20:50:00,4419.47,4421.31,4418.56,4419.16
2026-09-04 20:55:00,4419.25,4419.53,4416.1,4416.56
2026-09-04 21:00:00,4417.14,4417.4,4411.95,4412.57
2026-09-04 21:05:00,4412.68,4417.98,4412.07,4417.7
2026-09-04 21:10:00,4417.67,4419.68,4416.34,4419.42
2026-09-04 21:15:00,4419.43,4422.33,4419.17,4419.22
2026-09-04 21:20:00,4419.27,4424.73,4419.25,4424.61
2026-09-04 21:25:00,4424.61,4426.63,4423.4,4424.72
2026-09-04 21:30:00,4424.7,4425.11,4423.03,4425.04
2026-09-04 21:35:00,4425.01,4425.14,4421.19,4422.52
2026-09-04 21:40:00,4422.51,4425.64,4422.2,4422.92
2026-09-04 21:45:00,4422.91,4424.32,4421.95,4423.8
2026-09-04 21:50:00,4423.8,4425.35,4423.49,4425.0
2026-09-04 21:55:00,4424.97,4425.83,4423.0,4423.91
2026-09-04 22:00:00,4423.92,4425.26,4422.53,4423.46
2026-09-04 22:05:00,4423.5,4425.35,4422.72,4425.16
2026-09-04 22:10:00,4425.17,4429.86,4424.78,4429.13
2026-09-04 22:15:00,4429.1,4432.04,4428.46,4428.89
2026-09-04 22:20:00,4428.86,4431.1,4426.88,4430.93
2026-09-04 22:25:00,4430.93,4435.82,4430.1,4435.64
2026-09-04 22:30:00,4435.71,4438.33,4434.13,4437.66
2026-09-04 22:35:00,4437.51,4437.66,4435.15,4436.45
2026-09-04 22:40:00,4436.47,4437.51,4434.98,4436.83
2026-09-04 22:45:00,4436.95,4437.2,4433.5,4435.14
2026-09-04 22:50:00,4435.39,4436.43,4434.14,4436.19
2026-09-04 22:55:00,4436.05,4436.07,4432.7,4434.85
2026-09-04 23:00:00,4434.82,4435.12,4432.14,4432.68
2026-09-04 23:05:00,4432.66,4432.71,4431.14,4431.79
2026-09-04 23:10:00,4431.8,4432.45,4430.88,4431.64
2026-09-04 23:15:00,4431.66,4431.77,4430.01,4430.92
2026-09-04 23:20:00,4430.97,4431.23,4430.06,4430.1
2026-09-04 23:25:00,4430.08,4430.82,4429.41,4430.1
2026-09-04 23:30:00,4429.99,4429.99,4429.01,4429.48
2026-09-04 23:35:00,4429.45,4430.78,4429.45,4430.5
2026-09-04 23:40:00,4430.45,4430.63,4429.09,4430.32
2026-09-04 23:45:00,4430.44,4430.48,4428.53,4428.66
2026-09-04 23:50:00,4428.65,4431.19,4428.61,4430.9
2026-09-04 23:55:00,4430.86,4431.26,4429.51,4429.99
2026-09-07 01:00:00,4420.37,4432.02,4417.65,4422.36
2026-09-07 01:05:00,4422.39,4425.79,4422.19,4424.75
2026-09-07 01:10:00,4424.78,4428.98,4424.28,4428.97
2026-09-07 01:15:00,4428.9,4430.09,4427.71,4427.95
2026-09-07 01:20:00,4427.85,4429.81,4427.45,4428.64
2026-09-07 01:25:00,4428.5,4429.92,4426.9,4428.75
2026-09-07 01:30:00,4428.7,4430.74,4428.23,4428.28
2026-09-07 01:35:00,4428.26,4429.71,4427.75,4429.68
2026-09-07 01:40:00,4429.68,4431.21,4429.49,4430.78
2026-09-07 01:45:00,4430.78,4435.16,4430.65,4433.97
2026-09-07 01:50:00,4433.97,4434.39,4431.48,4432.49
2026-09-07 01:55:00,4432.36,4433.11,4429.21,4429.47
2026-09-07 02:00:00,4429.48,4431.23,4429.35,4430.09
2026-09-07 02:05:00,4430.14,4431.3,4430.02,4430.35
2026-09-07 02:10:00,4430.35,4430.59,4429.6,4429.94
2026-09-07 02:15:00,4429.93,4430.03,4428.57,4428.76
2026-09-07 02:20:00,4428.95,4429.23,4425.23,4425.3
2026-09-07 02:25:00,4425.26,4427.35,4425.26,4426.98
2026-09-07 02:30:00,4426.27,4428.36,4425.37,4427.97
2026-09-07 02:35:00,4427.98,4430.27,4426.88,4427.73
2026-09-07 02:40:00,4427.73,4429.13,4425.22,4429.02
2026-09-07 02:45:00,4429.03,4433.98,4427.17,4427.3
2026-09-07 02:50:00,4427.22,4427.89,4422.6,4424.16
2026-09-07 02:55:00,4424.21,4424.89,4421.27,4423.33
2026-09-07 03:00:00,4423.4,4426.5,4422.1,4423.18
2026-09-07 03:05:00,4423.23,4425.18,4421.26,4421.98
2026-09-07 03:10:00,4422.0,4427.55,4421.08,4424.86
2026-09-07 03:15:00,4425.03,4428.49,4423.87,4425.81
2026-09-07 03:20:00,4426.05,4427.31,4424.63,4426.1
2026-09-07 03:25:00,4426.1,4427.17,4422.16,4422.16
2026-09-07 03:30:00,4422.13,4422.52,4418.61,4419.16
2026-09-07 03:35:00,4419.11,4424.03,4418.48,4422.37
2026-09-07 03:40:00,4422.37,4425.14,4421.1,4424.09
2026-09-07 03:45:00,4424.08,4429.55,4424.08,4427.29
2026-09-07 03:50:00,4427.23,4427.43,4421.46,4422.6
2026-09-07 03:55:00,4422.59,4422.65,4410.18,4412.55
2026-09-07 04:00:00,4412.58,4415.71,4407.69,4412.02
2026-09-07 04:05:00,4412.06,4413.19,4401.62,4402.76
2026-09-07 04:10:00,4403.0,4406.94,4395.71,4399.79
2026-09-07 04:15:00,4399.82,4400.27,4391.31,4393.89
2026-09-07 04:20:00,4394.08,4396.41,4389.42,4396.12
2026-09-07 04:25:00,4396.1,4403.58,4393.88,4403.35
2026-09-07 04:30:00,4403.56,4411.26,4403.07,4408.83
2026-09-07 04:35:00,4408.68,4413.25,4406.78,4412.36
2026-09-07 04:40:00,4412.5,4413.09,4408.51,4410.17
2026-09-07 04:45:00,4410.2,4413.12,4408.83,4409.33
2026-09-07 04:50:00,4409.37,4416.71,4409.21,4413.82
2026-09-07 04:55:00,4413.71,4414.71,4408.83,4409.07
2026-09-07 05:00:00,4409.04,4410.53,4405.24,4407.41
2026-09-07 05:05:00,4407.31,4407.5,4402.91,4404.76
2026-09-07 05:10:00,4404.85,4406.08,4403.17,4403.7
2026-09-07 05:15:00,4403.83,4406.9,4403.59,4406.83
2026-09-07 05:20:00,4406.82,4409.19,4406.48,4409.09
2026-09-07 05:25:00,4409.11,4409.34,4407.17,4407.7
2026-09-07 05:30:00,4407.69,4414.43,4407.09,4414.27
2026-09-07 05:35:00,4414.4,4418.48,4412.86,4417.92
2026-09-07 05:40:00,4417.93,4418.49,4413.7,4414.99
2026-09-07 05:45:00,4415.0,4418.96,4413.69,4417.31
2026-09-07 05:50:00,4417.34,4417.54,4413.55,4414.02
2026-09-07 05:55:00,4414.0,4414.31,4407.38,4408.82
2026-09-07 06:00:00,4408.71,4410.33,4407.35,4410.29
2026-09-07 06:05:00,4409.97,4409.97,4405.45,4406.42
2026-09-07 06:10:00,4406.39,4408.36,4405.64,4407.64
2026-09-07 06:15:00,4407.65,4408.81,4404.64,4406.82
2026-09-07 06:20:00,4406.83,4409.97,4406.19,4409.08
2026-09-07 06:25:00,4409.06,4409.61,4407.95,4408.63
2026-09-07 06:30:00,4408.57,4408.74,4406.21,4407.9
2026-09-07 06:35:00,4407.91,4408.41,4404.83,4405.3
2026-09-07 06:40:00,4405.24,4405.7,4401.62,4401.8
2026-09-07 06:45:00,4401.76,4404.88,4401.76,4403.36
2026-09-07 06:50:00,4403.35,4403.55,4401.35,4402.26
2026-09-07 06:55:00,4402.32,4404.38,4401.62,4404.1
2026-09-07 07:00:00,4404.03,4405.07,4401.41,4401.6
2026-09-07 07:05:00,4401.66,4405.15,4401.45,4405.0
2026-09-07 07:10:00,4404.98,4407.08,4404.89,4406.52
2026-09-07 07:15:00,4406.61,4406.69,4402.72,4403.06
2026-09-07 07:20:00,4403.05,4403.1,4400.64,4400.8
2026-09-07 07:25:00,4400.78,4402.38,4400.17,4402.22
2026-09-07 07:30:00,4402.27,4402.45,4397.33,4398.08
2026-09-07 07:35:00,4398.05,4398.34,4394.42,4395.2
2026-09-07 07:40:00,4395.19,4397.28,4394.87,4396.67
2026-09-07 07:45:00,4396.56,4397.56,4395.59,4396.51
2026-09-07 07:50:00,4396.46,4397.83,4395.64,4396.12
2026-09-07 07:55:00,4396.11,4398.87,4395.62,4397.99
2026-09-07 08:00:00,4398.0,4402.37,4397.64,4402.29
2026-09-07 08:05:00,4402.13,4404.08,4400.34,4401.08
2026-09-07 08:10:00,4400.96,4402.53,4398.38,4402.53
2026-09-07 08:15:00,4402.54,4405.38,4401.92,4404.76
2026-09-07 08:20:00,4404.82,4405.14,4402.41,4404.94
2026-09-07 08:25:00,4404.93,4411.57,4404.43,4411.04
2026-09-07 08:30:00,4411.04,4413.08,4405.19,4408.29
2026-09-07 08:35:00,4408.3,4410.5,4404.89,4405.46
2026-09-07 08:40:00,4405.46,4405.46,4401.54,4403.91
2026-09-07 08:45:00,4404.31,4406.45,4402.2,4403.01
2026-09-07 08:50:00,4403.1,4403.1,4395.4,4396.15
2026-09-07 08:55:00,4396.11,4397.83,4393.14,4394.0
2026-09-07 09:00:00,4393.97,4394.59,4385.25,4387.57
2026-09-07 09:05:00,4387.67,4390.33,4385.36,4389.46
2026-09-07 09:10:00,4389.21,4393.74,4387.56,4391.94
2026-09-07 09:15:00,4391.98,4395.79,4391.85,4395.13
2026-09-07 09:20:00,4395.09,4397.8,4389.94,4397.4
2026-09-07 09:25:00,4397.31,4397.94,4393.59,4394.35
2026-09-07 09:30:00,4394.42,4397.92,4393.81,4397.78
2026-09-07 09:35:00,4397.8,4398.51,4393.94,4397.19
2026-09-07 09:40:00,4397.06,4399.74,4396.16,4396.25
2026-09-07 09:45:00,4396.21,4399.05,4396.16,4396.67
2026-09-07 09:50:00,4396.69,4397.93,4394.57,4394.96
2026-09-07 09:55:00,4394.94,4395.68,4391.26,4392.75
2026-09-07 10:00:00,4392.81,4401.22,4391.97,4400.05
2026-09-07 10:05:00,4400.17,4401.64,4397.9,4400.22
2026-09-07 10:10:00,4400.23,4401.46,4395.68,4401.46
2026-09-07 10:15:00,4401.58,4402.13,4397.11,4397.53
2026-09-07 10:20:00,4397.53,4400.72,4395.89,4398.24
2026-09-07 10:25:00,4398.15,4399.57,4394.54,4395.04
2026-09-07 10:30:00,4395.03,4397.14,4393.52,4395.82
2026-09-07 10:35:00,4395.73,4398.97,4394.97,4394.97
2026-09-07 10:40:00,4394.97,4396.55,4392.28,4395.81
2026-09-07 10:45:00,4395.91,4399.44,4394.92,4399.27
2026-09-07 10:50:00,4399.28,4402.28,4397.82,4401.16
2026-09-07 10:55:00,4401.16,4406.64,4400.58,4406.33
2026-09-07 11:00:00,4406.21,4416.65,4405.19,4412.33
2026-09-07 11:05:00,4412.3,4414.59,4409.72,4413.82
2026-09-07 11:10:00,4413.81,4417.52,4412.6,4416.98
2026-09-07 11:15:00,4417.06,4423.43,4417.06,4421.6
2026-09-07 11:20:00,4421.71,4422.93,4417.91,4417.91
2026-09-07 11:25:00,4417.86,4420.32,4416.36,4419.72
2026-09-07 11:30:00,4419.73,4423.72,4418.33,4421.21
2026-09-07 11:35:00,4421.04,4421.8,4415.56,4415.56
2026-09-07 11:40:00,4415.47,4416.3,4413.47,4414.59
2026-09-07 11:45:00,4414.67,4415.11,4413.08,4414.23
2026-09-07 11:50:00,4414.05,4414.05,4410.45,4411.45
2026-09-07 11:55:00,4411.41,4411.58,4409.63,4410.85
2026-09-07 12:00:00,4411.03,4413.62,4411.03,4412.18
2026-09-07 12:05:00,4412.17,4412.67,4411.17,4412.67
2026-09-07 12:10:00,4412.64,4413.37,4410.8,4411.04
2026-09-07 12:15:00,4411.03,4411.82,4406.72,4408.04
2026-09-07 12:20:00,4408.05,4409.04,4407.6,4408.58
2026-09-07 12:25:00,4408.49,4409.39,4405.43,4405.49
2026-09-07 12:30:00,4405.74,4406.38,4403.7,4405.83
2026-09-07 12:35:00,4405.86,4408.88,4404.48,4408.78
2026-09-07 12:40:00,4408.76,4410.04,4408.54,4409.56
2026-09-07 12:45:00,4409.56,4410.27,4408.94,4409.78
2026-09-07 12:50:00,4409.83,4410.12,4407.05,4408.33
2026-09-07 12:55:00,4408.35,4408.45,4404.8,4405.73
2026-09-07 13:00:00,4405.65,4406.21,4404.62,4404.73
2026-09-07 13:05:00,4404.67,4405.52,4402.68,4404.86
2026-09-07 13:10:00,4404.85,4404.85,4402.3,4403.15
2026-09-07 13:15:00,4402.98,4404.44,4402.5,4404.18
2026-09-07 13:20:00,4404.18,4404.6,4397.89,4398.18
2026-09-07 13:25:00,4398.14,4398.88,4395.81,4395.9
2026-09-07 13:30:00,4395.83,4396.87,4393.65,4394.45
2026-09-07 13:35:00,4394.39,4394.39,4391.77,4393.52
2026-09-07 13:40:00,4393.5,4399.17,4393.47,4398.51
2026-09-07 13:45:00,4398.51,4398.66,4394.17,4394.64
2026-09-07 13:50:00,4394.53,4396.28,4391.73,4391.74
2026-09-07 13:55:00,4391.88,4392.64,4387.96,4391.6
2026-09-07 14:00:00,4391.65,4392.32,4389.01,4391.03
2026-09-07 14:05:00,4391.02,4393.73,4390.49,4391.07
2026-09-07 14:10:00,4391.06,4394.13,4390.39,4393.69
2026-09-07 14:15:00,4393.56,4394.07,4391.89,4392.42
2026-09-07 14:20:00,4392.59,4394.91,4388.79,4389.81
2026-09-07 14:25:00,4389.8,4390.72,4387.47,4389.46
2026-09-07 14:30:00,4389.35,4389.74,4381.06,4382.39
2026-09-07 14:35:00,4382.41,4389.04,4382.04,4388.52
2026-09-07 14:40:00,4388.54,4388.63,4386.21,4386.62
2026-09-07 14:45:00,4386.63,4392.04,4385.9,4390.93
2026-09-07 14:50:00,4390.93,4391.72,4386.53,4387.17
2026-09-07 14:55:00,4387.18,4388.08,4385.04,4385.2
2026-09-07 15:00:00,4385.58,4389.15,4385.31,4386.19
2026-09-07 15:05:00,4386.26,4391.43,4386.26,4390.46
2026-09-07 15:10:00,4390.49,4392.89,4389.91,4390.77
2026-09-07 15:15:00,4390.77,4392.83,4390.75,4392.15
2026-09-07 15:20:00,4392.04,4393.79,4390.32,4393.65
2026-09-07 15:25:00,4393.7,4395.27,4393.11,4395.27
2026-09-07 15:30:00,4395.26,4396.84,4394.07,4394.5
2026-09-07 15:35:00,4394.48,4395.69,4392.64,4395.24
2026-09-07 15:40:00,4395.24,4397.53,4395.21,4396.96
2026-09-07 15:45:00,4396.97,4397.62,4395.87,4396.95
2026-09-07 15:50:00,4396.94,4397.97,4394.25,4394.62
2026-09-07 15:55:00,4394.7,4396.95,4394.27,4396.75
2026-09-07 16:00:00,4396.66,4400.29,4395.37,4400.19
2026-09-07 16:05:00,4400.22,4402.47,4399.29,4402.45
2026-09-07 16:10:00,4402.47,4404.5,4400.98,4403.98
2026-09-07 16:15:00,4404.02,4404.02,4401.49,4402.0
2026-09-07 16:20:00,4402.03,4404.49,4402.03,4403.42
2026-09-07 16:25:00,4403.44,4404.95,4402.7,4403.81
2026-09-07 16:30:00,4403.82,4407.4,4403.24,4406.16
2026-09-07 16:35:00,4406.17,4406.62,4402.56,4403.11
2026-09-07 16:40:00,4403.11,4403.92,4401.68,4403.31
2026-09-07 16:45:00,4403.31,4407.76,4403.31,4403.54
2026-09-07 16:50:00,4403.54,4404.77,4402.42,4404.4
2026-09-07 16:55:00,4404.4,4404.61,4401.19,4402.54
2026-09-07 17:00:00,4402.37,4407.81,4401.07,4406.18
2026-09-07 17:05:00,4406.23,4408.56,4405.65,4407.84
2026-09-07 17:10:00,4407.91,4408.86,4406.66,4407.06
2026-09-07 17:15:00,4407.06,4409.04,4406.77,4407.87
2026-09-07 17:20:00,4407.91,4407.98,4405.06,4405.93
2026-09-07 17:25:00,4405.92,4408.71,4405.82,4407.08
2026-09-07 17:30:00,4407.14,4407.39,4405.52,4405.98
2026-09-07 17:35:00,4405.99,4407.8,4404.69,4405.63
2026-09-07 17:40:00,4405.76,4412.12,4405.23,4412.02
2026-09-07 17:45:00,4411.96,4419.28,4410.82,4413.77
2026-09-07 17:50:00,4413.85,4419.52,4412.21,4416.92
2026-09-07 17:55:00,4417.11,4417.37,4415.63,4416.09
2026-09-07 18:00:00,4415.98,4416.62,4412.12,4412.91
2026-09-07 18:05:00,4413.04,4413.3,4409.33,4413.02
2026-09-07 18:10:00,4413.02,4414.65,4411.49,4414.65
2026-09-07 18:15:00,4414.87,4414.99,4413.42,4414.48
2026-09-07 18:20:00,4414.53,4415.1,4413.24,4414.31
2026-09-07 18:25:00,4414.31,4414.5,4411.63,4412.94
2026-09-07 18:30:00,4412.9,4413.64,4411.19,4413.03
2026-09-07 18:35:00,4412.97,4413.99,4410.85,4410.9
2026-09-07 18:40:00,4410.9,4411.75,4408.9,4411.74
2026-09-07 18:45:00,4411.77,4413.01,4411.29,4412.53
2026-09-07 18:50:00,4412.46,4413.31,4412.16,4413.22
2026-09-07 18:55:00,4413.07,4414.98,4412.36,4414.39
2026-09-07 19:00:00,4414.43,4414.88,4412.92,4413.89
2026-09-07 19:05:00,4413.89,4415.72,4413.69,4415.68
2026-09-07 19:10:00,4415.63,4417.21,4415.3,4415.3
2026-09-07 19:15:00,4415.67,4415.84,4412.64,4413.3
2026-09-07 19:20:00,4413.3,4414.01,4413.11,4413.15
2026-09-07 19:25:00,4413.25,4414.26,4413.1,4413.59
2026-09-07 19:30:00,4413.56,4414.01,4412.57,4412.62
2026-09-07 19:35:00,4412.71,4413.42,4411.81,4412.29
2026-09-07 19:40:00,4412.3,4414.08,4412.22,4414.05
2026-09-07 19:45:00,4414.05,4414.43,4412.97,4413.48
2026-09-07 19:50:00,4413.46,4414.44,4413.01,4413.27
2026-09-07 19:55:00,4413.23,4414.48,4413.06,4414.48
2026-09-07 20:00:00,4414.46,4415.05,4413.52,4413.72
2026-09-07 20:05:00,4413.76,4414.64,4412.52,4413.08
2026-09-07 20:10:00,4413.08,4413.09,4412.0,4412.12
2026-09-07 20:15:00,4412.39,4413.73,4412.23,4413.34
2026-09-07 20:20:00,4413.33,4413.33,4412.23,4412.75
2026-09-07 20:25:00,4412.76,4412.94,4412.13,4412.3
2026-09-07 20:30:00,4412.39,4412.68,4409.97,4410.06
2026-09-07 20:35:00,4410.05,4410.85,4410.05,4410.27
2026-09-07 20:40:00,4410.28,4411.01,4410.15,4411.0
2026-09-07 20:45:00,4410.94,4410.94,4409.71,4410.54
2026-09-07 20:50:00,4410.55,4410.89,4408.9,4409.34
2026-09-07 20:55:00,4409.27,4409.27,4407.1,4407.13
2026-09-07 21:00:00,4407.12,4408.56,4405.83,4407.0
2026-09-07 21:05:00,4406.92,4409.1,4406.78,4407.82
2026-09-07 21:10:00,4407.98,4408.81,4404.48,4404.85
2026-09-07 21:15:00,4404.86,4405.15,4403.63,4404.91
2026-09-07 21:20:00,4404.89,4406.23,4404.31,4405.48
2026-09-07 21:25:00,4405.46,4406.41,4403.11,4406.19
2026-09-08 01:00:00,4413.04,4414.79,4410.3,4412.78
2026-09-08 01:05:00,4412.72,4413.49,4411.84,4412.56
2026-09-08 01:10:00,4412.53,4413.15,4412.25,4412.48
2026-09-08 01:15:00,4412.48,4413.18,4412.37,4413.16
2026-09-08 01:20:00,4413.19,4413.23,4411.07,4411.5
2026-09-08 01:25:00,4411.48,4411.48,4409.67,4409.7
2026-09-08 01:30:00,4409.52,4409.52,4408.69,4408.96
2026-09-08 01:35:00,4409.07,4409.83,4408.43,4408.69
2026-09-08 01:40:00,4408.66,4409.63,4407.85,4408.18
2026-09-08 01:45:00,4408.19,4408.45,4406.15,4406.57
2026-09-08 01:50:00,4406.57,4407.52,4406.54,4407.52
2026-09-08 01:55:00,4407.53,4407.95,4407.17,4407.58
2026-09-08 02:00:00,4407.21,4411.94,4407.21,4411.93
2026-09-08 02:05:00,4412.0,4412.31,4410.35,4410.49
2026-09-08 02:10:00,4410.5,4411.39,4410.12,4410.96
2026-09-08 02:15:00,4410.95,4411.42,4408.61,4410.32
2026-09-08 02:20:00,4410.32,4412.6,4409.61,4410.17
2026-09-08 02:25:00,4410.2,4412.59,4409.51,4410.75
2026-09-08 02:30:00,4410.76,4417.79,4410.74,4417.64
2026-09-08 02:35:00,4417.86,4422.8,4417.54,4420.44
2026-09-08 02:40:00,4420.42,4427.93,4419.28,4427.5
2026-09-08 02:45:00,4427.43,4427.98,4423.23,4426.55
2026-09-08 02:50:00,4426.56,4426.85,4421.35,4421.45
2026-09-08 02:55:00,4421.4,4423.73,4420.12,4422.92
2026-09-08 03:00:00,4422.98,4424.37,4418.66,4419.32
2026-09-08 03:05:00,4419.31,4420.66,4417.27,4420.08
2026-09-08 03:10:00,4420.05,4420.05,4415.15,4417.17
2026-09-08 03:15:00,4417.16,4429.89,4415.9,4425.05
2026-09-08 03:20:00,4425.2,4430.03,4419.62,4421.47
2026-09-08 03:25:00,4421.42,4423.27,4417.88,4421.44
2026-09-08 03:30:00,4421.44,4426.06,4420.88,4425.32
2026-09-08 03:35:00,4425.33,4425.58,4421.11,4422.79
2026-09-08 03:40:00,4423.02,4426.14,4418.72,4421.51
2026-09-08 03:45:00,4421.44,4422.92,4417.29,4420.32
2026-09-08 03:50:00,4419.9,4421.29,4415.14,4421.11
2026-09-08 03:55:00,4420.88,4427.51,4420.88,4427.09
2026-09-08 04:00:00,4426.29,4428.44,4417.18,4419.31
2026-09-08 04:05:00,4419.25,4422.38,4418.03,4422.17
2026-09-08 04:10:00,4422.24,4431.39,4421.2,4428.42
2026-09-08 04:15:00,4428.46,4431.39,4426.88,4428.39
2026-09-08 04:20:00,4428.47,4435.38,4428.14,4433.51
2026-09-08 04:25:00,4433.62,4436.04,4432.21,4434.45
2026-09-08 04:30:00,4434.42,4436.91,4431.73,4432.04
2026-09-08 04:35:00,4432.02,4432.94,4430.59,4432.51
2026-09-08 04:40:00,4432.52,4435.2,4432.13,4433.38
2026-09-08 04:45:00,4433.37,4440.57,4433.37,4440.57
2026-09-08 04:50:00,4440.58,4440.62,4436.01,4438.5
2026-09-08 04:55:00,4438.36,4439.59,4436.32,4436.99
2026-09-08 05:00:00,4436.99,4438.57,4432.34,4433.75
2026-09-08 05:05:00,4433.82,4434.2,4428.52,4428.52
2026-09-08 05:10:00,4428.51,4430.41,4426.09,4428.14
2026-09-08 05:15:00,4428.08,4428.12,4425.82,4426.41
2026-09-08 05:20:00,4426.28,4429.61,4425.1,4428.51
2026-09-08 05:25:00,4428.5,4428.85,4424.44,4424.87
2026-09-08 05:30:00,4424.88,4426.06,4422.94,4424.42
2026-09-08 05:35:00,4424.47,4424.67,4421.34,4423.7
2026-09-08 05:40:00,4423.71,4426.86,4422.57,4426.66
2026-09-08 05:45:00,4426.64,4427.92,4422.68,4423.35
2026-09-08 05:50:00,4423.33,4425.59,4421.19,4422.89
2026-09-08 05:55:00,4422.87,4424.71,4422.15,4424.18
2026-09-08 06:00:00,4424.15,4425.32,4422.48,4425.17
2026-09-08 06:05:00,4425.22,4430.37,4424.69,4430.13
2026-09-08 06:10:00,4430.07,4431.66,4428.66,4429.71
2026-09-08 06:15:00,4429.61,4435.78,4428.7,4435.21
2026-09-08 06:20:00,4435.16,4439.89,4434.57,4436.83
2026-09-08 06:25:00,4436.85,4437.67,4431.16,4432.07
2026-09-08 06:30:00,4432.21,4435.01,4430.99,4431.78
2026-09-08 06:35:00,4431.81,4432.06,4430.6,4431.04
2026-09-08 06:40:00,4431.05,4433.14,4430.93,4432.59
2026-09-08 06:45:00,4432.59,4437.52,4432.44,4436.66
2026-09-08 06:50:00,4436.7,4437.5,4434.95,4436.8
2026-09-08 06:55:00,4436.81,4438.79,4436.02,4437.78
2026-09-08 07:00:00,4438.14,4442.04,4437.95,4441.59
2026-09-08 07:05:00,4441.62,4442.94,4439.25,4440.61
2026-09-08 07:10:00,4440.6,4442.52,4439.18,4439.21
2026-09-08 07:15:00,4439.17,4440.59,4437.94,4438.77
2026-09-08 07:20:00,4438.78,4438.87,4432.93,4433.59
2026-09-08 07:25:00,4433.56,4433.97,4431.62,4432.55
2026-09-08 07:30:00,4432.58,4434.47,4432.23,4433.67
2026-09-08 07:35:00,4433.85,4434.72,4433.11,4434.2
2026-09-08 07:40:00,4434.21,4436.49,4434.2,4436.43
2026-09-08 07:45:00,4436.44,4436.59,4434.54,4434.71
2026-09-08 07:50:00,4434.72,4435.6,4434.37,4435.02
2026-09-08 07:55:00,4435.02,4439.87,4434.23,4436.03
2026-09-08 08:00:00,4435.91,4437.69,4434.35,4434.38
2026-09-08 08:05:00,4434.33,4434.53,4430.1,4430.99
2026-09-08 08:10:00,4430.98,4431.39,4427.07,4427.07
2026-09-08 08:15:00,4427.31,4429.43,4426.31,4429.21
2026-09-08 08:20:00,4429.19,4431.56,4424.99,4424.99
2026-09-08 08:25:00,4424.83,4425.37,4420.3,4420.4
2026-09-08 08:30:00,4419.8,4425.49,4418.0,4422.84
2026-09-08 08:35:00,4423.02,4426.85,4421.46,4426.79
2026-09-08 08:40:00,4426.87,4426.87,4424.89,4425.81
2026-09-08 08:45:00,4425.78,4428.68,4423.24,4425.08
2026-09-08 08:50:00,4424.94,4424.97,4419.18,4419.44
2026-09-08 08:55:00,4419.66,4420.74,4417.39,4418.89
2026-09-08 09:00:00,4419.37,4420.03,4412.89,4415.19
2026-09-08 09:05:00,4415.23,4415.51,4411.1,4413.43
2026-09-08 09:10:00,4413.37,4413.44,4408.62,4411.46
2026-09-08 09:15:00,4411.46,4411.46,4401.64,4401.64
2026-09-08 09:20:00,4401.55,4405.89,4401.23,4403.57
2026-09-08 09:25:00,4403.56,4403.91,4399.1,4400.02
2026-09-08 09:30:00,4400.09,4402.86,4398.71,4402.17
2026-09-08 09:35:00,4402.1,4403.84,4398.19,4403.77
2026-09-08 09:40:00,4403.79,4408.66,4403.78,4407.2
2026-09-08 09:45:00,4407.25,4408.28,4406.01,4407.95
2026-09-08 09:50:00,4407.94,4409.15,4403.81,4405.07
2026-09-08 09:55:00,4404.94,4405.22,4403.29,4403.7
2026-09-08 10:00:00,4403.75,4408.48,4402.39,4407.96
2026-09-08 10:05:00,4407.92,4409.36,4406.32,4406.97
2026-09-08 10:10:00,4407.04,4407.46,4402.59,4402.98
2026-09-08 10:15:00,4403.03,4403.46,4400.9,4403.46
2026-09-08 10:20:00,4403.48,4404.05,4400.28,4402.07
2026-09-08 10:25:00,4402.3,4404.16,4400.77,4401.55
2026-09-08 10:30:00,4401.68,4405.34,4397.93,4397.96
2026-09-08 10:35:00,4398.18,4399.02,4391.82,4393.54
2026-09-08 10:40:00,4393.63,4397.21,4391.14,4395.42
2026-09-08 10:45:00,4395.42,4397.24,4393.33,4393.42
2026-09-08 10:50:00,4393.24,4393.53,4390.57,4391.36
2026-09-08 10:55:00,4391.37,4393.94,4390.05,4392.34
2026-09-08 11:00:00,4392.48,4392.72,4388.77,4391.31
2026-09-08 11:05:00,4391.31,4395.74,4387.87,4388.02
2026-09-08 11:10:00,4388.02,4392.63,4387.8,4390.32
2026-09-08 11:15:00,4390.4,4393.85,4390.07,4393.61
2026-09-08 11:20:00,4393.53,4394.4,4389.6,4394.28
2026-09-08 11:25:00,4394.27,4396.31,4394.26,4394.66
2026-09-08 11:30:00,4394.66,4398.29,4393.25,4398.26
2026-09-08 11:35:00,4398.21,4398.49,4393.9,4395.91
2026-09-08 11:40:00,4395.91,4395.94,4391.87,4392.77
2026-09-08 11:45:00,4392.73,4398.04,4391.07,4393.77
2026-09-08 11:50:00,4393.83,4394.94,4391.64,4392.78
2026-09-08 11:55:00,4392.98,4394.4,4391.71,4394.12
2026-09-08 12:00:00,4394.07,4395.89,4391.28,4395.86
2026-09-08 12:05:00,4395.83,4397.75,4394.74,4395.15
2026-09-08 12:10:00,4395.12,4397.86,4395.1,4397.51
2026-09-08 12:15:00,4397.39,4399.31,4396.96,4397.0
2026-09-08 12:20:00,4396.72,4397.06,4393.65,4394.7
2026-09-08 12:25:00,4394.64,4396.38,4392.44,4393.01
2026-09-08 12:30:00,4393.1,4397.43,4390.88,4395.78
2026-09-08 12:35:00,4395.74,4397.37,4395.48,4397.2
2026-09-08 12:40:00,4397.15,4403.65,4397.1,4401.46
2026-09-08 12:45:00,4401.47,4403.13,4401.11,4403.06
2026-09-08 12:50:00,4403.12,4405.59,4403.06,4404.61
2026-09-08 12:55:00,4404.8,4405.19,4402.92,4402.97
2026-09-08 13:00:00,4402.97,4402.97,4398.41,4398.49
2026-09-08 13:05:00,4398.48,4398.86,4396.28,4396.47
2026-09-08 13:10:00,4396.4,4396.8,4393.7,4395.9
2026-09-08 13:15:00,4396.32,4398.59,4396.03,4398.32
2026-09-08 13:20:00,4398.31,4406.46,4397.44,4400.66
2026-09-08 13:25:00,4400.62,4401.1,4398.5,4399.42
2026-09-08 13:30:00,4399.41,4399.48,4396.91,4396.91
2026-09-08 13:35:00,4396.92,4397.41,4394.01,4394.96
2026-09-08 13:40:00,4394.95,4398.3,4393.91,4397.1
2026-09-08 13:45:00,4397.09,4400.39,4396.83,4398.98
2026-09-08 13:50:00,4398.98,4400.13,4396.89,4398.85
2026-09-08 13:55:00,4398.83,4399.82,4395.34,4395.34
2026-09-08 14:00:00,4395.31,4397.32,4394.89,4395.9
2026-09-08 14:05:00,4395.93,4399.08,4393.18,4396.53
2026-09-08 14:10:00,4396.54,4397.01,4391.23,4395.07
2026-09-08 14:15:00,4395.07,4401.62,4394.99,4401.57
2026-09-08 14:20:00,4401.38,4401.58,4398.38,4401.01
2026-09-08 14:25:00,4401.03,4402.93,4400.37,4401.97
2026-09-08 14:30:00,4401.99,4404.92,4400.58,4404.74
2026-09-08 14:35:00,4404.71,4407.79,4404.21,4404.79
2026-09-08 14:40:00,4404.78,4406.78,4403.43,4403.54
2026-09-08 14:45:00,4403.67,4404.28,4399.39,4399.83
2026-09-08 14:50:00,4399.72,4402.53,4397.75,4400.46
2026-09-08 14:55:00,4400.43,4406.52,4400.28,4406.4
2026-09-08 15:00:00,4406.45,4406.65,4402.39,4402.77
2026-09-08 15:05:00,4402.76,4404.2,4401.81,4403.79
2026-09-08 15:10:00,4403.9,4403.94,4390.5,4391.71
2026-09-08 15:15:00,4391.7,4391.77,4385.37,4391.47
2026-09-08 15:20:00,4391.51,4396.49,4387.38,4395.08
2026-09-08 15:25:00,4395.07,4401.84,4394.2,4401.84
2026-09-08 15:30:00,4401.84,4408.16,4400.76,4405.04
2026-09-08 15:35:00,4405.06,4405.47,4398.54,4401.18
2026-09-08 15:40:00,4401.2,4401.81,4395.34,4396.73
2026-09-08 15:45:00,4396.54,4402.31,4395.69,4402.19
2026-09-08 15:50:00,4402.28,4403.49,4400.67,4403.39
2026-09-08 15:55:00,4403.38,4411.7,4403.04,4411.55
2026-09-08 16:00:00,4411.69,4412.68,4402.7,4406.11
2026-09-08 16:05:00,4406.13,4406.94,4402.56,4404.56
2026-09-08 16:10:00,4404.18,4408.58,4403.94,4408.48
2026-09-08 16:15:00,4408.48,4410.77,4405.64,4407.81
2026-09-08 16:20:00,4407.95,4408.87,4403.23,4403.3
2026-09-08 16:25:00,4403.22,4404.12,4399.11,4400.43
2026-09-08 16:30:00,4400.35,4405.61,4398.07,4398.2
2026-09-08 16:35:00,4398.1,4402.79,4396.05,4400.05
2026-09-08 16:40:00,4399.91,4399.91,4390.43,4396.58
2026-09-08 16:45:00,4396.58,4402.7,4394.33,4402.7
2026-09-08 16:50:00,4402.98,4403.27,4397.29,4403.27
2026-09-08 16:55:00,4404.27,4407.37,4395.48,4395.55
2026-09-08 17:00:00,4395.61,4401.55,4394.79,4400.91
2026-09-08 17:05:00,4401.44,4402.74,4398.2,4399.12
2026-09-08 17:10:00,4399.02,4399.02,4391.49,4394.43
2026-09-08 17:15:00,4394.24,4400.31,4394.01,4399.65
2026-09-08 17:20:00,4399.66,4401.83,4395.68,4401.83
2026-09-08 17:25:00,4401.79,4403.58,4396.2,4396.53
2026-09-08 17:30:00,4396.64,4399.41,4395.06,4398.38
2026-09-08 17:35:00,4398.39,4400.47,4395.16,4395.71
2026-09-08 17:40:00,4395.53,4397.58,4392.73,4397.24
2026-09-08 17:45:00,4397.28,4398.92,4392.08,4393.43
2026-09-08 17:50:00,4393.32,4395.67,4389.11,4393.72
2026-09-08 17:55:00,4393.43,4398.6,4392.25,4398.59
2026-09-08 18:00:00,4398.84,4406.83,4397.51,4403.34
2026-09-08 18:05:00,4403.2,4403.97,4400.55,4403.55
2026-09-08 18:10:00,4403.61,4408.1,4403.61,4404.71
2026-09-08 18:15:00,4404.86,4409.23,4404.82,4405.94
2026-09-08 18:20:00,4405.82,4405.82,4396.4,4398.39
2026-09-08 18:25:00,4398.32,4404.19,4398.15,4398.96
2026-09-08 18:30:00,4399.14,4404.14,4399.14,4403.86
2026-09-08 18:35:00,4403.61,4403.98,4398.6,4399.57
2026-09-08 18:40:00,4399.68,4400.93,4397.29,4399.99
2026-09-08 18:45:00,4400.12,4400.41,4396.01,4396.94
2026-09-08 18:50:00,4397.02,4400.32,4396.23,4397.76
2026-09-08 18:55:00,4397.58,4399.06,4394.71,4394.71
2026-09-08 19:00:00,4394.71,4395.06,4391.26,4394.79
2026-09-08 19:05:00,4394.69,4394.69,4381.15,4381.15
2026-09-08 19:10:00,4380.92,4386.4,4380.65,4386.4
2026-09-08 19:15:00,4386.42,4387.45,4383.71,4385.22
2026-09-08 19:20:00,4385.26,4392.82,4385.26,4392.66
2026-09-08 19:25:00,4392.75,4395.18,4390.79,4394.18
2026-09-08 19:30:00,4393.98,4396.54,4392.93,4394.63
2026-09-08 19:35:00,4394.68,4396.3,4393.6,4394.57
2026-09-08 19:40:00,4394.59,4395.63,4393.52,4394.14
2026-09-08 19:45:00,4394.23,4394.27,4392.03,4393.81
2026-09-08 19:50:00,4393.79,4398.25,4392.76,4393.95
2026-09-08 19:55:00,4394.08,4395.45,4390.42,4393.66
2026-09-08 20:00:00,4393.66,4401.82,4393.66,4401.42
2026-09-08 20:05:00,4401.38,4403.61,4397.54,4397.75
2026-09-08 20:10:00,4397.73,4399.1,4394.56,4395.57
2026-09-08 20:15:00,4395.51,4397.33,4395.51,4396.63
2026-09-08 20:20:00,4395.69,4395.69,4393.03,4394.29
2026-09-08 20:25:00,4394.33,4394.89,4391.99,4393.92
2026-09-08 20:30:00,4393.95,4395.02,4391.41,4391.42
2026-09-08 20:35:00,4391.39,4392.72,4389.32,4389.32
2026-09-08 20:40:00,4389.27,4389.37,4385.42,4385.42
2026-09-08 20:45:00,4385.41,4387.93,4385.23,4387.06
2026-09-08 20:50:00,4387.07,4389.3,4386.94,4388.97
2026-09-08 20:55:00,4388.96,4390.25,4387.84,4389.89
2026-09-08 21:00:00,4389.9,4390.25,4387.07,4387.07
2026-09-08 21:05:00,4387.06,4388.16,4384.77,4384.77
2026-09-08 21:10:00,4384.78,4387.55,4383.99,4387.55
2026-09-08 21:15:00,4387.55,4387.67,4384.49,4385.54
2026-09-08 21:20:00,4385.54,4386.79,4384.6,4385.41
2026-09-08 21:25:00,4385.44,4386.04,4384.26,4385.73
2026-09-08 21:30:00,4385.52,4385.63,4381.38,4384.16
2026-09-08 21:35:00,4384.19,4384.8,4382.69,4384.2
2026-09-08 21:40:00,4384.2,4385.56,4383.47,4385.52
2026-09-08 21:45:00,4385.53,4386.52,4362.45,4363.63
2026-09-08 21:50:00,4363.71,4375.41,4358.34,4375.41
2026-09-08 21:55:00,4375.79,4377.94,4372.51,4375.55
2026-09-08 22:00:00,4375.54,4377.08,4371.06,4374.64
2026-09-08 22:05:00,4374.66,4375.29,4369.31,4371.41
2026-09-08 22:10:00,4371.39,4374.11,4370.38,4370.39
2026-09-08 22:15:00,4370.39,4373.02,4367.72,4367.76
2026-09-08 22:20:00,4367.68,4370.37,4366.34,4366.81
2026-09-08 22:25:00,4366.67,4370.22,4366.26,4368.71
2026-09-08 22:30:00,4368.66,4368.71,4361.49,4364.28
2026-09-08 22:35:00,4364.4,4369.63,4364.21,4367.21
2026-09-08 22:40:00,4367.25,4369.33,4366.3,4368.68
2026-09-08 22:45:00,4368.75,4368.77,4364.81,4365.92
2026-09-08 22:50:00,4365.94,4365.94,4361.16,4363.6
2026-09-08 22:55:00,4363.58,4364.19,4356.75,4359.35
2026-09-08 23:00:00,4358.96,4364.3,4357.5,4357.5
2026-09-08 23:05:00,4357.53,4358.79,4355.96,4358.0
2026-09-08 23:10:00,4357.99,4361.88,4356.95,4360.13
2026-09-08 23:15:00,4360.21,4360.99,4359.25,4360.94
2026-09-08 23:20:00,4361.03,4361.34,4358.96,4358.96
2026-09-08 23:25:00,4358.94,4359.54,4355.61,4356.69
2026-09-08 23:30:00,4356.84,4358.14,4356.36,4358.02
2026-09-08 23:35:00,4357.99,4358.65,4357.15,4357.51
2026-09-08 23:40:00,4357.45,4358.28,4357.1,4357.77
2026-09-08 23:45:00,4357.83,4357.92,4345.81,4347.69
2026-09-08 23:50:00,4347.69,4355.4,4347.69,4353.49
2026-09-08 23:55:00,4353.49,4356.22,4353.02,4355.38
2026-09-09 01:00:00,4360.29,4360.29,4352.86,4357.39
2026-09-09 01:05:00,4357.42,4357.69,4353.08,4354.15
2026-09-09 01:10:00,4354.16,4357.16,4353.63,4356.02
2026-09-09 01:15:00,4356.11,4357.57,4354.76,4355.59
2026-09-09 01:20:00,4355.6,4355.61,4353.22,4354.02
2026-09-09 01:25:00,4354.02,4355.34,4353.24,4354.42
2026-09-09 01:30:00,4354.89,4355.92,4354.25,4354.72
2026-09-09 01:35:00,4354.66,4355.61,4352.4,4352.58
2026-09-09 01:40:00,4352.8,4353.85,4350.43,4351.85
2026-09-09 01:45:00,4351.93,4352.53,4350.85,4352.42
2026-09-09 01:50:00,4352.39,4353.5,4352.39,4353.36
2026-09-09 01:55:00,4353.38,4354.26,4352.56,4354.09
2026-09-09 02:00:00,4353.78,4354.86,4352.79,4353.11
2026-09-09 02:05:00,4353.1,4354.26,4352.84,4353.87
2026-09-09 02:10:00,4353.86,4354.4,4351.89,4352.41
2026-09-09 02:15:00,4352.41,4353.63,4351.86,4353.17
2026-09-09 02:20:00,4353.17,4354.4,4352.92,4354.03
2026-09-09 02:25:00,4354.04,4357.55,4353.71,4357.47
2026-09-09 02:30:00,4357.48,4359.91,4357.04,4358.93
2026-09-09 02:35:00,4358.93,4358.95,4356.76,4357.14
2026-09-09 02:40:00,4357.12,4359.02,4356.87,4358.56
2026-09-09 02:45:00,4358.54,4358.54,4353.1,4353.75
2026-09-09 02:50:00,4353.82,4353.82,4350.4,4350.48
2026-09-09 02:55:00,4350.48,4352.7,4349.3,4349.9
2026-09-09 03:00:00,4349.8,4352.87,4346.51,4350.1
2026-09-09 03:05:00,4349.9,4350.4,4344.65,4349.14
2026-09-09 03:10:00,4348.78,4352.49,4346.97,4349.66
2026-09-09 03:15:00,4349.6,4350.08,4344.5,4347.94
2026-09-09 03:20:00,4347.96,4348.53,4342.8,4343.08
2026-09-09 03:25:00,4343.06,4347.67,4341.31,4346.92
2026-09-09 03:30:00,4347.05,4347.92,4345.56,4346.38
2026-09-09 03:35:00,4346.42,4349.36,4343.77,4349.02
2026-09-09 03:40:00,4349.16,4354.84,4347.55,4354.84
2026-09-09 03:45:00,4354.87,4356.81,4352.83,4355.95
2026-09-09 03:50:00,4355.96,4360.92,4354.98,4359.71
2026-09-09 03:55:00,4359.75,4365.56,4358.93,4364.74
2026-09-09 04:00:00,4364.2,4364.78,4354.19,4357.88
2026-09-09 04:05:00,4357.9,4367.43,4357.55,4367.43
2026-09-09 04:10:00,4367.44,4368.5,4365.52,4368.12
2026-09-09 04:15:00,4368.19,4369.03,4362.81,4366.06
2026-09-09 04:20:00,4365.97,4369.4,4364.99,4369.37
2026-09-09 04:25:00,4369.37,4372.94,4368.17,4371.61
2026-09-09 04:30:00,4371.65,4376.79,4370.75,4376.59
2026-09-09 04:35:00,4376.6,4377.85,4374.26,4375.06
2026-09-09 04:40:00,4375.07,4377.92,4374.65,4376.46
2026-09-09 04:45:00,4376.38,4378.05,4373.28,4375.42
2026-09-09 04:50:00,4375.44,4375.91,4371.74,4373.66
2026-09-09 04:55:00,4373.69,4375.97,4370.87,4373.58
2026-09-09 05:00:00,4373.7,4373.75,4370.96,4373.17
2026-09-09 05:05:00,4373.15,4375.52,4370.7,4374.53
2026-09-09 05:10:00,4374.55,4375.32,4372.59,4373.42
2026-09-09 05:15:00,4373.41,4376.8,4373.18,4374.65
2026-09-09 05:20:00,4374.65,4375.07,4371.84,4371.84
2026-09-09 05:25:00,4371.78,4373.04,4371.6,4372.91
2026-09-09 05:30:00,4372.91,4373.77,4369.25,4369.33
2026-09-09 05:35:00,4369.3,4370.81,4367.25,4368.31
2026-09-09 05:40:00,4368.31,4374.41,4368.31,4374.28
2026-09-09 05:45:00,4374.25,4378.4,4373.04,4376.97
2026-09-09 05:50:00,4376.96,4384.34,4376.19,4380.28
2026-09-09 05:55:00,4380.28,4382.74,4379.75,4382.06
2026-09-09 06:00:00,4382.11,4382.6,4378.63,4379.47
2026-09-09 06:05:00,4379.48,4382.07,4378.21,4378.61
2026-09-09 06:10:00,4378.61,4380.52,4378.45,4379.02
2026-09-09 06:15:00,4379.03,4379.09,4375.69,4377.12
2026-09-09 06:20:00,4377.14,4379.27,4376.98,4378.83
2026-09-09 06:25:00,4378.8,4378.98,4375.55,4378.03
2026-09-09 06:30:00,4378.05,4378.16,4375.37,4376.46
2026-09-09 06:35:00,4376.11,4377.86,4376.11,4377.7
2026-09-09 06:40:00,4377.65,4379.92,4377.47,4378.65
2026-09-09 06:45:00,4378.62,4378.94,4377.05,4377.84
2026-09-09 06:50:00,4377.85,4379.09,4376.18,4377.42
2026-09-09 06:55:00,4377.4,4377.61,4375.13,4375.2
2026-09-09 07:00:00,4375.14,4376.13,4374.58,4374.61
2026-09-09 07:05:00,4374.65,4374.66,4371.75,4372.17
2026-09-09 07:10:00,4372.2,4373.67,4370.59,4373.42
2026-09-09 07:15:00,4373.35,4374.34,4372.4,4373.58
2026-09-09 07:20:00,4373.57,4377.28,4372.86,4377.19
2026-09-09 07:25:00,4377.14,4380.59,4376.9,4379.98
2026-09-09 07:30:00,4379.94,4380.01,4377.83,4378.67
2026-09-09 07:35:00,4378.65,4380.0,4377.76,4378.24
2026-09-09 07:40:00,4378.23,4378.58,4376.33,4377.94
2026-09-09 07:45:00,4377.95,4379.97,4377.95,4378.79
2026-09-09 07:50:00,4378.7,4381.33,4377.52,4380.98
2026-09-09 07:55:00,4381.0,4382.48,4380.18,4381.53
2026-09-09 08:00:00,4381.53,4383.98,4380.48,4381.53
2026-09-09 08:05:00,4381.54,4385.11,4381.39,4384.74
2026-09-09 08:10:00,4384.7,4387.83,4384.69,4387.68
2026-09-09 08:15:00,4387.63,4388.63,4386.87,4388.21
2026-09-09 08:20:00,4388.21,4388.27,4383.34,4386.58
2026-09-09 08:25:00,4386.59,4388.33,4385.14,4385.14
2026-09-09 08:30:00,4385.15,4388.81,4384.32,4387.53
2026-09-09 08:35:00,4387.48,4392.55,4386.19,4392.44
2026-09-09 08:40:00,4392.26,4395.49,4391.65,4395.49
2026-09-09 08:45:00,4395.43,4397.19,4392.59,4395.76
2026-09-09 08:50:00,4395.74,4400.28,4395.71,4399.68
2026-09-09 08:55:00,4399.79,4400.91,4398.7,4398.73
2026-09-09 09:00:00,4398.74,4404.19,4398.25,4402.98
2026-09-09 09:05:00,4403.02,4405.14,4399.92,4400.18
2026-09-09 09:10:00,4400.29,4401.97,4398.82,4401.36
2026-09-09 09:15:00,4401.25,4403.04,4399.64,4399.93
2026-09-09 09:20:00,4399.91,4400.48,4397.18,4398.91
2026-09-09 09:25:00,4398.88,4399.4,4395.19,4398.16
2026-09-09 09:30:00,4398.14,4403.34,4397.08,4402.9
2026-09-09 09:35:00,4402.89,4406.02,4401.95,4405.02
2026-09-09 09:40:00,4404.93,4405.03,4399.76,4400.35
2026-09-09 09:45:00,4400.45,4401.19,4398.82,4401.15
2026-09-09 09:50:00,4401.14,4401.52,4399.63,4400.71
2026-09-09 09:55:00,4400.59,4401.41,4399.6,4400.58
2026-09-09 10:00:00,4400.57,4402.39,4399.3,4401.46
2026-09-09 10:05:00,4401.47,4404.33,4401.23,4403.71
2026-09-09 10:10:00,4403.71,4407.64,4403.27,4406.47
2026-09-09 10:15:00,4406.28,4406.73,4402.95,4403.68
2026-09-09 10:20:00,4403.78,4407.64,4403.62,4405.32
2026-09-09 10:25:00,4405.33,4408.57,4404.97,4407.64
2026-09-09 10:30:00,4407.65,4408.66,4406.41,4407.4
2026-09-09 10:35:00,4407.39,4410.23,4406.88,4410.23
2026-09-09 10:40:00,4410.16,4410.43,4408.33,4410.28
2026-09-09 10:45:00,4410.41,4412.63,4409.41,4411.82
2026-09-09 10:50:00,4411.62,4411.62,4408.38,4408.83
2026-09-09 10:55:00,4408.96,4410.17,4408.59,4409.15
2026-09-09 11:00:00,4409.25,4409.45,4406.98,4408.44
2026-09-09 11:05:00,4408.45,4411.91,4407.03,4407.03
2026-09-09 11:10:00,4407.03,4407.29,4403.73,4403.8
2026-09-09 11:15:00,4403.8,4404.77,4402.13,4403.77
2026-09-09 11:20:00,4403.77,4403.78,4400.92,4401.19
2026-09-09 11:25:00,4401.2,4402.18,4399.64,4399.69
2026-09-09 11:30:00,4399.68,4403.51,4399.64,4401.91
2026-09-09 11:35:00,4401.91,4402.45,4399.44,4399.55
2026-09-09 11:40:00,4399.56,4401.89,4399.0,4399.9
2026-09-09 11:45:00,4399.93,4402.03,4399.04,4400.3
2026-09-09 11:50:00,4400.29,4402.05,4399.71,4401.95
2026-09-09 11:55:00,4401.97,4403.28,4400.4,4400.61
2026-09-09 12:00:00,4400.72,4402.14,4400.13,4400.93
2026-09-09 12:05:00,4400.93,4402.24,4399.42,4401.73
2026-09-09 12:10:00,4401.77,4401.77,4397.93,4398.49
2026-09-09 12:15:00,4398.45,4399.95,4397.59,4399.86
2026-09-09 12:20:00,4399.86,4400.13,4397.26,4397.93
2026-09-09 12:25:00,4397.69,4398.96,4396.9,4398.29
2026-09-09 12:30:00,4398.31,4398.56,4395.7,4397.99
2026-09-09 12:35:00,4397.98,4398.57,4397.21,4397.95
2026-09-09 12:40:00,4398.23,4398.53,4395.42,4396.29
2026-09-09 12:45:00,4396.3,4396.3,4394.09,4395.03
2026-09-09 12:50:00,4394.99,4394.99,4391.0,4391.06
2026-09-09 12:55:00,4391.01,4391.1,4388.62,4390.71
2026-09-09 13:00:00,4390.66,4391.61,4386.2,4390.08
2026-09-09 13:05:00,4390.07,4393.18,4390.07,4392.48
2026-09-09 13:10:00,4392.49,4393.27,4389.98,4391.07
2026-09-09 13:15:00,4391.05,4394.53,4389.27,4394.42
2026-09-09 13:20:00,4394.31,4395.93,4393.79,4394.57
2026-09-09 13:25:00,4394.5,4395.57,4393.09,4394.25
2026-09-09 13:30:00,4394.24,4397.03,4393.44,4396.33
2026-09-09 13:35:00,4396.17,4399.24,4396.11,4398.44
2026-09-09 13:40:00,4398.44,4399.09,4394.41,4394.97
2026-09-09 13:45:00,4394.96,4399.84,4394.53,4399.06
2026-09-09 13:50:00,4398.89,4402.23,4398.4,4402.01
2026-09-09 13:55:00,4402.02,4403.1,4399.65,4399.7
2026-09-09 14:00:00,4399.61,4403.73,4399.61,4403.56
2026-09-09 14:05:00,4403.57,4404.23,4402.12,4404.09
2026-09-09 14:10:00,4404.07,4404.53,4402.66,4403.56
2026-09-09 14:15:00,4403.65,4404.5,4401.42,4404.03
2026-09-09 14:20:00,4404.04,4405.74,4402.49,4405.74
2026-09-09 14:25:00,4406.07,4409.07,4406.07,4408.33
2026-09-09 14:30:00,4408.29,4408.4,4404.38,4404.6
2026-09-09 14:35:00,4404.64,4405.47,4403.52,4404.83
2026-09-09 14:40:00,4404.85,4406.94,4404.85,4405.5
2026-09-09 14:45:00,4405.59,4414.4,4403.48,4414.28
2026-09-09 14:50:00,4413.9,4415.23,4406.9,4406.98
2026-09-09 14:55:00,4407.06,4408.48,4405.9,4407.19
2026-09-09 15:00:00,4407.34,4409.35,4403.41,4404.14
2026-09-09 15:05:00,4404.23,4405.69,4400.95,4403.26
2026-09-09 15:10:00,4403.26,4404.63,4399.12,4399.22
2026-09-09 15:15:00,4399.23,4400.18,4396.04,4396.54
2026-09-09 15:20:00,4396.81,4400.22,4394.86,4396.8
2026-09-09 15:25:00,4396.8,4396.9,4393.67,4393.67
2026-09-09 15:30:00,4393.78,4397.16,4391.98,4396.25
2026-09-09 15:35:00,4396.25,4397.54,4390.97,4391.15
2026-09-09 15:40:00,4391.17,4395.57,4390.91,4395.28
2026-09-09 15:45:00,4395.24,4399.59,4395.24,4397.37
2026-09-09 15:50:00,4397.22,4399.04,4396.2,4398.51
2026-09-09 15:55:00,4398.33,4402.17,4398.33,4400.19
2026-09-09 16:00:00,4400.1,4408.24,4398.77,4407.18
2026-09-09 16:05:00,4407.15,4410.49,4406.87,4409.77
2026-09-09 16:10:00,4409.78,4413.59,4409.68,4413.27
2026-09-09 16:15:00,4413.28,4417.97,4410.8,4417.23
2026-09-09 16:20:00,4417.13,4427.92,4414.58,4427.29
2026-09-09 16:25:00,4427.45,4430.35,4425.28,4429.54
2026-09-09 16:30:00,4429.35,4434.02,4428.12,4430.41
2026-09-09 16:35:00,4430.59,4430.59,4420.01,4421.4
2026-09-09 16:40:00,4421.53,4421.98,4412.87,4417.23
2026-09-09 16:45:00,4417.15,4420.76,4416.04,4420.71
2026-09-09 16:50:00,4421.14,4423.65,4415.45,4416.36
2026-09-09 16:55:00,4416.32,4416.65,4410.74,4415.04
2026-09-09 17:00:00,4415.0,4424.39,4414.28,4423.47
2026-09-09 17:05:00,4424.14,4428.58,4421.01,4422.07
2026-09-09 17:10:00,4422.12,4423.52,4417.9,4423.3
2026-09-09 17:15:00,4423.29,4423.29,4414.0,4416.84
2026-09-09 17:20:00,4416.83,4417.13,4410.13,4410.13
2026-09-09 17:25:00,4410.36,4426.03,4410.24,4425.87
2026-09-09 17:30:00,4425.94,4425.94,4420.54,4422.48
2026-09-09 17:35:00,4422.82,4427.0,4422.65,4426.12
2026-09-09 17:40:00,4426.11,4426.33,4418.73,4418.92
2026-09-09 17:45:00,4419.0,4422.29,4418.18,4420.64
2026-09-09 17:50:00,4420.66,4423.42,4419.33,4419.33
2026-09-09 17:55:00,4419.86,4420.37,4415.1,4418.64
2026-09-09 18:00:00,4418.76,4431.8,4394.77,4394.94
2026-09-09 18:05:00,4395.46,4398.25,4380.46,4391.14
2026-09-09 18:10:00,4391.05,4392.36,4381.99,4389.69
2026-09-09 18:15:00,4389.82,4393.27,4380.82,4384.78
2026-09-09 18:20:00,4384.52,4388.21,4375.15,4383.41
2026-09-09 18:25:00,4383.53,4395.32,4382.9,4394.58
2026-09-09 18:30:00,4394.59,4401.1,4392.64,4401.1
2026-09-09 18:35:00,4401.09,4406.99,4397.83,4406.5
2026-09-09 18:40:00,4406.08,4406.93,4399.46,4402.99
2026-09-09 18:45:00,4403.02,4404.66,4399.15,4402.17
2026-09-09 18:50:00,4402.17,4407.14,4399.59,4401.29
2026-09-09 18:55:00,4401.3,4401.3,4398.16,4398.33
2026-09-09 19:00:00,4398.46,4403.07,4397.02,4402.58
2026-09-09 19:05:00,4402.57,4402.57,4394.86,4395.58
2026-09-09 19:10:00,4395.64,4398.68,4394.99,4397.89
2026-09-09 19:15:00,4397.92,4398.3,4391.65,4393.43
2026-09-09 19:20:00,4393.35,4398.56,4393.34,4398.56
2026-09-09 19:25:00,4398.64,4402.38,4398.64,4401.68
2026-09-09 19:30:00,4401.51,4403.74,4399.09,4402.68
2026-09-09 19:35:00,4402.74,4404.26,4399.26,4404.13
2026-09-09 19:40:00,4404.1,4407.74,4403.32,4407.4
2026-09-09 19:45:00,4407.39,4409.28,4406.16,4406.95
2026-09-09 19:50:00,4407.04,4407.86,4405.57,4407.27
2026-09-09 19:55:00,4407.16,4410.3,4406.51,4409.58
2026-09-09 20:00:00,4409.68,4413.77,4408.9,4412.95
2026-09-09 20:05:00,4412.99,4420.36,4412.77,4418.43
2026-09-09 20:10:00,4418.33,4419.07,4415.56,4416.79
2026-09-09 20:15:00,4416.62,4418.45,4415.18,4416.28
2026-09-09 20:20:00,4416.31,4418.51,4415.72,4418.15
2026-09-09 20:25:00,4418.22,4420.52,4414.38,4414.74
2026-09-09 20:30:00,4414.89,4414.89,4411.84,4412.72
2026-09-09 20:35:00,4412.65,4414.53,4412.07,4413.21
2026-09-09 20:40:00,4413.21,4417.05,4413.21,4413.6
2026-09-09 20:45:00,4413.59,4415.11,4413.35,4413.71
2026-09-09 20:50:00,4413.71,4416.18,4413.39,4415.13
2026-09-09 20:55:00,4415.11,4416.87,4415.07,4416.01
2026-09-09 21:00:00,4416.01,4418.96,4416.01,4418.43
2026-09-09 21:05:00,4418.41,4418.94,4415.83,4418.11
2026-09-09 21:10:00,4418.08,4421.4,4417.79,4420.32
2026-09-09 21:15:00,4420.35,4420.62,4418.26,4419.11
2026-09-09 21:20:00,4419.12,4419.7,4417.08,4417.55
2026-09-09 21:25:00,4417.55,4418.03,4416.86,4417.84
2026-09-09 21:30:00,4418.02,4418.28,4413.98,4414.98
2026-09-09 21:35:00,4415.0,4415.69,4413.46,4414.89
2026-09-09 21:40:00,4414.89,4416.48,4409.52,4409.79
2026-09-09 21:45:00,4409.8,4410.03,4406.37,4406.54
2026-09-09 21:50:00,4406.54,4407.78,4405.08,4405.61
2026-09-09 21:55:00,4405.63,4406.85,4401.64,4403.18
2026-09-09 22:00:00,4403.2,4404.05,4396.91,4398.39
2026-09-09 22:05:00,4398.37,4400.01,4397.02,4399.21
2026-09-09 22:10:00,4399.22,4400.41,4397.13,4400.2
2026-09-09 22:15:00,4400.18,4402.24,4398.64,4401.92
2026-09-09 22:20:00,4401.89,4404.8,4401.65,4404.49
2026-09-09 22:25:00,4404.48,4404.7,4399.59,4399.59
2026-09-09 22:30:00,4399.55,4400.82,4398.55,4398.92
2026-09-09 22:35:00,4398.92,4398.95,4395.67,4397.29
2026-09-09 22:40:00,4397.22,4399.86,4396.24,4399.77
2026-09-09 22:45:00,4399.78,4401.28,4399.61,4400.28
2026-09-09 22:50:00,4400.28,4400.61,4396.29,4398.82
2026-09-09 22:55:00,4398.6,4400.04,4397.79,4399.1
2026-09-09 23:00:00,4399.04,4399.3,4396.4,4396.8
2026-09-09 23:05:00,4396.71,4397.34,4396.44,4397.03
2026-09-09 23:10:00,4397.07,4398.34,4396.91,4397.29
2026-09-09 23:15:00,4397.28,4397.46,4394.28,4394.43
2026-09-09 23:20:00,4394.39,4394.99,4393.48,4394.94
2026-09-09 23:25:00,4395.13,4395.96,4393.83,4394.75
2026-09-09 23:30:00,4394.76,4397.47,4394.76,4397.19
2026-09-09 23:35:00,4397.24,4400.78,4397.08,4399.44
2026-09-09 23:40:00,4399.4,4400.33,4398.71,4400.09
2026-09-09 23:45:00,4400.15,4400.87,4399.27,4399.89
2026-09-09 23:50:00,4399.94,4400.45,4399.4,4400.17
2026-09-09 23:55:00,4400.27,4402.57,4399.59,4401.77
2026-09-10 01:00:00,4410.68,4410.68,4403.84,4405.24
2026-09-10 01:05:00,4404.97,4405.36,4403.28,4404.52
2026-09-10 01:10:00,4404.15,4405.93,4402.54,4402.83
2026-09-10 01:15:00,4402.84,4404.36,4402.35,4403.32
2026-09-10 01:20:00,4403.35,4403.35,4401.35,4401.89
2026-09-10 01:25:00,4401.89,4403.08,4400.39,4402.59
2026-09-10 01:30:00,4402.51,4403.78,4401.53,4402.74
2026-09-10 01:35:00,4402.75,4403.34,4400.0,4400.36
2026-09-10 01:40:00,4400.48,4402.53,4400.18,4401.49
2026-09-10 01:45:00,4401.46,4401.64,4397.77,4400.06
2026-09-10 01:50:00,4400.02,4400.29,4398.57,4398.57
2026-09-10 01:55:00,4398.57,4401.04,4397.66,4399.65
2026-09-10 02:00:00,4399.59,4403.02,4399.59,4402.74
2026-09-10 02:05:00,4402.77,4402.8,4398.41,4399.95
2026-09-10 02:10:00,4399.94,4402.52,4399.55,4400.62
2026-09-10 02:15:00,4400.59,4402.17,4398.03,4400.05
2026-09-10 02:20:00,4399.98,4401.34,4396.95,4397.37
2026-09-10 02:25:00,4397.39,4399.7,4395.77,4397.59
2026-09-10 02:30:00,4397.46,4399.15,4393.85,4394.14
2026-09-10 02:35:00,4394.17,4394.85,4393.68,4394.08
2026-09-10 02:40:00,4394.1,4394.41,4393.37,4394.34
2026-09-10 02:45:00,4394.39,4395.25,4393.45,4394.21
2026-09-10 02:50:00,4394.02,4394.99,4393.46,4394.38
2026-09-10 02:55:00,4394.39,4394.82,4393.23,4394.2
2026-09-10 03:00:00,4394.09,4394.09,4389.82,4392.12
2026-09-10 03:05:00,4392.1,4394.27,4390.17,4393.78
2026-09-10 03:10:00,4393.79,4397.1,4393.12,4395.05
2026-09-10 03:15:00,4395.06,4398.45,4394.48,4396.67
2026-09-10 03:20:00,4396.69,4398.01,4395.4,4395.95
2026-09-10 03:25:00,4395.92,4397.33,4392.32,4392.93
2026-09-10 03:30:00,4392.91,4394.98,4391.45,4394.56
2026-09-10 03:35:00,4394.57,4398.54,4394.57,4398.34
2026-09-10 03:40:00,4398.38,4401.53,4396.51,4400.96
2026-09-10 03:45:00,4400.94,4400.99,4397.88,4400.02
2026-09-10 03:50:00,4400.03,4404.76,4398.01,4402.63
2026-09-10 03:55:00,4402.7,4403.62,4400.85,4401.1
2026-09-10 04:00:00,4401.06,4413.2,4400.19,4409.56
2026-09-10 04:05:00,4409.49,4418.64,4407.48,4417.86
2026-09-10 04:10:00,4417.94,4418.87,4411.91,4412.82
2026-09-10 04:15:00,4412.8,4416.43,4411.5,4415.32
2026-09-10 04:20:00,4415.31,4415.31,4410.62,4412.46
2026-09-10 04:25:00,4412.51,4416.49,4410.3,4410.47
2026-09-10 04:30:00,4410.46,4411.01,4405.19,4407.92
2026-09-10 04:35:00,4407.95,4410.54,4406.28,4407.21
2026-09-10 04:40:00,4407.28,4410.41,4407.28,4409.94
2026-09-10 04:45:00,4409.97,4414.46,4408.96,4413.13
2026-09-10 04:50:00,4413.07,4414.39,4408.46,4408.84
2026-09-10 04:55:00,4409.04,4413.01,4408.04,4412.17
2026-09-10 05:00:00,4412.42,4418.03,4411.73,4415.48
2026-09-10 05:05:00,4415.21,4418.85,4414.45,4416.58
2026-09-10 05:10:00,4416.69,4417.18,4412.16,4414.08
2026-09-10 05:15:00,4414.07,4414.61,4408.13,4409.66
2026-09-10 05:20:00,4409.73,4413.69,4408.88,4412.75
2026-09-10 05:25:00,4412.77,4417.55,4412.28,4416.98
2026-09-10 05:30:00,4417.33,4417.4,4411.15,4416.0
2026-09-10 05:35:00,4415.97,4420.28,4414.47,4418.42
2026-09-10 05:40:00,4418.55,4420.84,4417.37,4418.07
2026-09-10 05:45:00,4418.1,4419.32,4416.8,4417.77
2026-09-10 05:50:00,4417.91,4420.75,4416.34,4420.64
2026-09-10 05:55:00,4420.64,4420.64,4417.47,4419.39
2026-09-10 06:00:00,4419.37,4420.84,4415.46,4417.55
2026-09-10 06:05:00,4417.36,4417.41,4411.66,4413.35
2026-09-10 06:10:00,4413.48,4416.49,4412.28,4412.62
2026-09-10 06:15:00,4412.63,4414.77,4412.19,4414.32
2026-09-10 06:20:00,4414.23,4414.83,4411.49,4412.22
2026-09-10 06:25:00,4412.31,4412.52,4409.24,4410.08
2026-09-10 06:30:00,4409.86,4412.53,4409.6,4411.31
2026-09-10 06:35:00,4411.32,4411.32,4408.13,4408.67
2026-09-10 06:40:00,4408.64,4408.71,4407.1,4407.83
2026-09-10 06:45:00,4407.84,4409.88,4407.84,4409.0
2026-09-10 06:50:00,4408.93,4408.93,4406.83,4408.05
2026-09-10 06:55:00,4408.05,4409.4,4407.8,4409.07
2026-09-10 07:00:00,4409.07,4412.91,4409.07,4412.91
2026-09-10 07:05:00,4412.74,4414.13,4412.37,4413.04
2026-09-10 07:10:00,4413.0,4415.5,4412.89,4414.03
2026-09-10 07:15:00,4413.91,4415.13,4413.82,4414.61
2026-09-10 07:20:00,4414.61,4415.41,4413.55,4413.73
2026-09-10 07:25:00,4413.64,4414.72,4410.7,4411.81
2026-09-10 07:30:00,4411.8,4413.65,4410.69,4411.01
2026-09-10 07:35:00,4411.06,4411.27,4407.7,4408.19
2026-09-10 07:40:00,4408.18,4408.61,4405.62,4406.69
2026-09-10 07:45:00,4406.57,4409.44,4406.34,4409.43
2026-09-10 07:50:00,4409.45,4411.61,4407.16,4407.16
2026-09-10 07:55:00,4407.18,4408.7,4406.72,4408.4
2026-09-10 08:00:00,4408.46,4411.69,4408.19,4409.3
2026-09-10 08:05:00,4409.37,4414.75,4408.77,4414.5
2026-09-10 08:10:00,4414.49,4418.89,4414.49,4418.89
2026-09-10 08:15:00,4418.91,4420.09,4417.0,4418.43
2026-09-10 08:20:00,4418.44,4419.87,4418.03,4418.91
2026-09-10 08:25:00,4419.15,4420.62,4417.17,4420.62
2026-09-10 08:30:00,4420.65,4427.62,4417.48,4425.72
2026-09-10 08:35:00,4425.75,4427.65,4422.04,4423.21
2026-09-10 08:40:00,4423.2,4429.58,4422.77,4428.29
2026-09-10 08:45:00,4428.21,4430.34,4425.92,4425.95
2026-09-10 08:50:00,4426.3,4428.12,4423.82,4427.06
2026-09-10 08:55:00,4427.01,4431.22,4425.59,4431.01
2026-09-10 09:00:00,4431.14,4434.67,4426.87,4426.87
2026-09-10 09:05:00,4426.88,4427.47,4422.56,4422.56
2026-09-10 09:10:00,4422.39,4423.14,4415.97,4416.17
2026-09-10 09:15:00,4416.27,4416.36,4413.06,4414.74
2026-09-10 09:20:00,4414.77,4416.11,4410.87,4416.01
2026-09-10 09:25:00,4416.01,4417.53,4413.25,4417.45
2026-09-10 09:30:00,4417.52,4418.99,4414.72,4415.37
2026-09-10 09:35:00,4415.22,4418.63,4413.22,4418.58
2026-09-10 09:40:00,4418.61,4426.91,4418.61,4426.7
2026-09-10 09:45:00,4426.81,4428.78,4424.21,4424.74
2026-09-10 09:50:00,4424.74,4428.66,4423.8,4425.03
2026-09-10 09:55:00,4424.98,4425.56,4423.72,4425.27
2026-09-10 10:00:00,4425.3,4425.4,4414.85,4415.13
2026-09-10 10:05:00,4415.32,4416.43,4414.15,4415.14
2026-09-10 10:10:00,4415.05,4417.3,4413.13,4413.31
2026-09-10 10:15:00,4413.3,4414.98,4411.68,4412.49
2026-09-10 10:20:00,4412.51,4413.11,4410.45,4411.52
2026-09-10 10:25:00,4411.53,4411.74,4407.99,4408.33
2026-09-10 10:30:00,4408.35,4410.65,4404.02,4404.54
2026-09-10 10:35:00,4404.54,4407.56,4404.03,4406.12
2026-09-10 10:40:00,4406.08,4409.69,4405.13,4409.64
2026-09-10 10:45:00,4409.64,4412.7,4408.94,4411.38
2026-09-10 10:50:00,4411.38,4415.3,4411.18,4414.68
2026-09-10 10:55:00,4414.7,4414.77,4411.14,4411.7
2026-09-10 11:00:00,4411.77,4412.72,4407.45,4407.6
2026-09-10 11:05:00,4407.58,4408.99,4406.76,4408.84
2026-09-10 11:10:00,4408.92,4409.73,4404.72,4405.71
2026-09-10 11:15:00,4405.65,4406.82,4404.93,4406.26
2026-09-10 11:20:00,4406.24,4407.67,4405.37,4406.34
2026-09-10 11:25:00,4406.33,4406.34,4403.91,4405.57
2026-09-10 11:30:00,4405.64,4405.93,4399.85,4399.85
2026-09-10 11:35:00,4399.81,4401.42,4398.66,4399.67
2026-09-10 11:40:00,4399.68,4400.41,4394.88,4395.83
2026-09-10 11:45:00,4395.9,4396.45,4392.44,4392.85
2026-09-10 11:50:00,4392.96,4398.28,4392.84,4396.71
2026-09-10 11:55:00,4396.66,4396.66,4393.82,4394.87
2026-09-10 12:00:00,4394.81,4396.51,4393.27,4395.63
2026-09-10 12:05:00,4395.64,4396.56,4390.06,4391.31
2026-09-10 12:10:00,4391.43,4394.99,4391.43,4394.82
2026-09-10 12:15:00,4395.01,4396.81,4393.53,4395.75
2026-09-10 12:20:00,4395.72,4396.05,4392.16,4392.76
2026-09-10 12:25:00,4392.75,4395.48,4391.78,4392.8
2026-09-10 12:30:00,4392.75,4392.87,4389.54,4391.93
2026-09-10 12:35:00,4391.89,4393.01,4390.71,4390.74
2026-09-10 12:40:00,4390.57,4393.03,4388.42,4392.74
2026-09-10 12:45:00,4393.02,4395.72,4392.51,4395.02
2026-09-10 12:50:00,4394.8,4395.7,4393.94,4394.84
2026-09-10 12:55:00,4394.7,4395.12,4393.26,4394.04
2026-09-10 13:00:00,4394.02,4399.36,4391.91,4398.22
2026-09-10 13:05:00,4398.21,4399.99,4391.94,4392.72
2026-09-10 13:10:00,4392.75,4397.21,4389.92,4395.17
2026-09-10 13:15:00,4394.97,4400.12,4394.36,4398.75
2026-09-10 13:20:00,4398.77,4399.25,4395.91,4395.92
2026-09-10 13:25:00,4395.91,4397.24,4393.71,4394.07
2026-09-10 13:30:00,4394.06,4394.63,4383.59,4384.81
2026-09-10 13:35:00,4384.64,4385.56,4377.84,4385.45
2026-09-10 13:40:00,4385.26,4386.48,4383.1,4383.77
2026-09-10 13:45:00,4383.52,4385.75,4380.32,4382.9
2026-09-10 13:50:00,4382.83,4383.57,4375.12,4377.18
2026-09-10 13:55:00,4377.23,4387.08,4376.96,4378.82
2026-09-10 14:00:00,4378.78,4384.4,4378.05,4383.89
2026-09-10 14:05:00,4383.79,4384.3,4378.8,4379.51
2026-09-10 14:10:00,4379.44,4383.64,4375.33,4383.43
2026-09-10 14:15:00,4383.48,4385.56,4381.0,4382.78
2026-09-10 14:20:00,4382.77,4383.47,4379.92,4382.71
2026-09-10 14:25:00,4382.66,4388.59,4382.56,4385.81
2026-09-10 14:30:00,4385.6,4388.53,4384.48,4386.68
2026-09-10 14:35:00,4386.68,4389.46,4386.24,4389.42
2026-09-10 14:40:00,4389.33,4390.63,4384.39,4384.52
2026-09-10 14:45:00,4384.71,4385.24,4380.29,4381.56
2026-09-10 14:50:00,4382.14,4382.59,4375.82,4380.45
2026-09-10 14:55:00,4380.39,4380.39,4374.57,4374.57
2026-09-10 15:00:00,4374.59,4376.85,4370.66,4372.8
2026-09-10 15:05:00,4372.62,4376.41,4369.93,4372.16
2026-09-10 15:10:00,4372.15,4377.74,4371.82,4375.0
2026-09-10 15:15:00,4375.22,4377.05,4366.8,4371.79
2026-09-10 15:20:00,4371.9,4373.69,4365.97,4367.33
2026-09-10 15:25:00,4367.06,4368.06,4361.82,4363.21
2026-09-10 15:30:00,4363.74,4372.09,4340.18,4342.14
2026-09-10 15:35:00,4342.32,4343.04,4324.03,4326.81
2026-09-10 15:40:00,4326.81,4342.91,4324.2,4340.74
2026-09-10 15:45:00,4340.66,4349.28,4338.3,4349.26
2026-09-10 15:50:00,4349.46,4354.89,4342.56,4343.26
2026-09-10 15:55:00,4343.35,4343.91,4336.53,4340.49
2026-09-10 16:00:00,4340.16,4355.34,4339.63,4350.98
2026-09-10 16:05:00,4351.72,4353.06,4346.62,4347.43
2026-09-10 16:10:00,4347.32,4350.99,4343.91,4343.91
2026-09-10 16:15:00,4343.75,4349.08,4341.49,4348.89
2026-09-10 16:20:00,4349.05,4356.11,4349.05,4350.21
2026-09-10 16:25:00,4350.03,4357.43,4344.85,4357.37
2026-09-10 16:30:00,4357.72,4368.15,4352.49,4363.56
2026-09-10 16:35:00,4363.29,4371.51,4359.49,4369.8
2026-09-10 16:40:00,4368.95,4373.24,4363.49,4364.33
2026-09-10 16:45:00,4364.58,4375.76,4363.54,4371.67
2026-09-10 16:50:00,4371.65,4374.61,4362.47,4367.12
2026-09-10 16:55:00,4367.17,4370.35,4364.4,4365.86
2026-09-10 17:00:00,4365.92,4375.07,4365.92,4369.9
2026-09-10 17:05:00,4369.95,4371.24,4361.15,4364.22
2026-09-10 17:10:00,4364.05,4367.06,4359.19,4359.36
2026-09-10 17:15:00,4359.28,4363.02,4354.16,4361.53
2026-09-10 17:20:00,4362.05,4373.42,4359.32,4371.11
2026-09-10 17:25:00,4371.1,4376.24,4362.54,4363.29
2026-09-10 17:30:00,4363.31,4365.48,4360.25,4364.61
2026-09-10 17:35:00,4364.46,4370.28,4362.84,4362.97
2026-09-10 17:40:00,4362.99,4369.22,4356.26,4356.3
2026-09-10 17:45:00,4355.88,4358.8,4354.01,4357.85
2026-09-10 17:50:00,4357.68,4361.58,4354.97,4355.08
2026-09-10 17:55:00,4355.15,4359.83,4354.14,4357.97
2026-09-10 18:00:00,4358.0,4358.31,4352.59,4353.61
2026-09-10 18:05:00,4353.46,4358.74,4353.33,4355.63
2026-09-10 18:10:00,4355.48,4361.38,4355.28,4359.6
2026-09-10 18:15:00,4359.81,4364.87,4358.65,4363.43
2026-09-10 18:20:00,4363.44,4367.09,4361.23,4365.96
2026-09-10 18:25:00,4365.98,4367.73,4363.09,4365.27
2026-09-10 18:30:00,4365.3,4369.58,4362.31,4369.55
2026-09-10 18:35:00,4369.47,4372.17,4367.05,4368.35
2026-09-10 18:40:00,4368.37,4368.74,4364.17,4365.79
2026-09-10 18:45:00,4365.88,4366.85,4360.79,4366.85
2026-09-10 18:50:00,4366.62,4370.07,4365.37,4365.78
2026-09-10 18:55:00,4365.75,4367.54,4363.84,4365.79
2026-09-10 19:00:00,4365.82,4369.93,4364.91,4367.1
2026-09-10 19:05:00,4366.93,4368.77,4359.68,4359.72
2026-09-10 19:10:00,4359.88,4360.8,4354.1,4358.95
2026-09-10 19:15:00,4358.48,4360.99,4355.32,4359.21
2026-09-10 19:20:00,4359.29,4362.79,4359.01,4361.2
2026-09-10 19:25:00,4361.2,4363.65,4359.9,4362.96
2026-09-10 19:30:00,4363.0,4365.48,4357.4,4357.4
2026-09-10 19:35:00,4357.62,4361.29,4355.88,4360.39
2026-09-10 19:40:00,4360.4,4361.41,4356.26,4356.32
2026-09-10 19:45:00,4356.5,4363.07,4356.39,4360.18
2026-09-10 19:50:00,4360.2,4363.85,4360.2,4361.77
2026-09-10 19:55:00,4361.61,4364.24,4359.68,4364.04
2026-09-10 20:00:00,4364.05,4367.55,4359.58,4363.59
2026-09-10 20:05:00,4363.57,4364.6,4360.69,4361.83
2026-09-10 20:10:00,4362.21,4366.22,4361.42,4362.42
2026-09-10 20:15:00,4362.56,4364.78,4361.31,4364.21
2026-09-10 20:20:00,4364.2,4365.53,4362.54,4362.63
2026-09-10 20:25:00,4363.13,4366.79,4362.61,4365.8
2026-09-10 20:30:00,4365.97,4366.22,4362.25,4362.68
2026-09-10 20:35:00,4362.63,4363.92,4358.2,4358.64
2026-09-10 20:40:00,4358.43,4359.51,4355.37,4359.42
2026-09-10 20:45:00,4359.52,4360.16,4356.88,4357.67
2026-09-10 20:50:00,4357.76,4360.23,4357.17,4359.57
2026-09-10 20:55:00,4359.56,4359.72,4351.19,4352.59
2026-09-10 21:00:00,4352.69,4356.0,4348.82,4351.02
2026-09-10 21:05:00,4350.88,4350.88,4342.07,4343.21
2026-09-10 21:10:00,4342.97,4343.81,4340.4,4340.82
2026-09-10 21:15:00,4340.8,4344.87,4339.24,4342.2
2026-09-10 21:20:00,4342.38,4346.25,4342.03,4343.89
2026-09-10 21:25:00,4343.83,4345.15,4337.47,4338.97
2026-09-10 21:30:00,4338.97,4338.97,4332.35,4335.27
2026-09-10 21:35:00,4335.24,4335.83,4332.73,4334.1
2026-09-10 21:40:00,4334.11,4335.49,4331.78,4333.73
2026-09-10 21:45:00,4333.67,4333.92,4330.18,4331.66
2026-09-10 21:50:00,4331.56,4338.47,4329.75,4331.29
2026-09-10 21:55:00,4331.27,4336.73,4330.58,4332.85
2026-09-10 22:00:00,4332.57,4332.57,4313.68,4316.2
2026-09-10 22:05:00,4316.47,4324.55,4316.22,4324.46
2026-09-10 22:10:00,4324.3,4324.44,4319.84,4322.21
2026-09-10 22:15:00,4322.29,4323.7,4319.34,4321.1
2026-09-10 22:20:00,4321.05,4329.76,4320.79,4329.33
2026-09-10 22:25:00,4329.27,4330.68,4326.44,4327.26
2026-09-10 22:30:00,4327.26,4329.41,4324.79,4326.91
2026-09-10 22:35:00,4326.91,4327.92,4324.07,4326.9
2026-09-10 22:40:00,4326.9,4327.83,4323.54,4324.3
2026-09-10 22:45:00,4324.35,4325.94,4320.87,4323.0
2026-09-10 22:50:00,4322.96,4324.72,4320.0,4323.88
2026-09-10 22:55:00,4323.81,4324.6,4322.32,4324.33
2026-09-10 23:00:00,4324.3,4324.31,4319.94,4321.28
2026-09-10 23:05:00,4321.03,4323.6,4320.18,4322.8
2026-09-10 23:10:00,4323.33,4324.19,4322.26,4322.95
2026-09-10 23:15:00,4322.95,4323.02,4321.67,4321.67
2026-09-10 23:20:00,4321.65,4321.8,4316.32,4316.75
2026-09-10 23:25:00,4316.78,4319.09,4316.73,4318.64
2026-09-10 23:30:00,4318.51,4318.56,4316.4,4316.71
2026-09-10 23:35:00,4316.77,4318.15,4315.75,4317.02
2026-09-10 23:40:00,4316.95,4318.09,4315.74,4317.9
2026-09-10 23:45:00,4317.9,4318.69,4315.15,4315.15
2026-09-10 23:50:00,4315.21,4317.75,4314.53,4316.9
2026-09-10 23:55:00,4316.95,4318.8,4316.11,4317.2
2026-09-11 01:00:00,4326.95,4326.95,4316.53,4322.18
2026-09-11 01:05:00,4322.04,4323.52,4320.79,4322.91
2026-09-11 01:10:00,4322.87,4322.87,4320.83,4321.26
2026-09-11 01:15:00,4321.24,4321.84,4319.56,4319.58
2026-09-11 01:20:00,4319.58,4321.44,4318.93,4319.76
2026-09-11 01:25:00,4319.69,4320.23,4318.86,4319.64
2026-09-11 01:30:00,4319.71,4320.28,4315.66,4318.39
2026-09-11 01:35:00,4318.41,4318.5,4315.94,4315.97
2026-09-11 01:40:00,4315.97,4317.94,4313.58,4316.0
2026-09-11 01:45:00,4315.98,4318.24,4315.15,4318.19
2026-09-11 01:50:00,4318.16,4319.16,4317.2,4317.77
2026-09-11 01:55:00,4317.81,4318.67,4317.36,4318.39
2026-09-11 02:00:00,4318.41,4319.84,4317.34,4318.66
2026-09-11 02:05:00,4318.55,4319.56,4318.12,4318.73
2026-09-11 02:10:00,4318.72,4319.83,4316.52,4319.61
2026-09-11 02:15:00,4319.51,4319.98,4319.15,4319.68
2026-09-11 02:20:00,4319.65,4320.4,4317.72,4318.22
2026-09-11 02:25:00,4318.26,4319.19,4317.66,4318.13
2026-09-11 02:30:00,4318.13,4320.25,4317.21,4318.69
2026-09-11 02:35:00,4318.56,4318.56,4314.61,4315.95
2026-09-11 02:40:00,4316.02,4318.05,4315.06,4316.08
2026-09-11 02:45:00,4316.08,4317.89,4313.99,4315.09
2026-09-11 02:50:00,4315.1,4316.23,4312.06,4312.59
2026-09-11 02:55:00,4312.59,4316.18,4311.18,4315.17
2026-09-11 03:00:00,4314.69,4321.23,4312.67,4319.7
2026-09-11 03:05:00,4319.58,4323.67,4317.56,4318.35
2026-09-11 03:10:00,4318.52,4319.52,4315.01,4319.03
2026-09-11 03:15:00,4319.18,4321.13,4316.97,4319.94
2026-09-11 03:20:00,4319.9,4321.85,4318.28,4318.9
2026-09-11 03:25:00,4318.88,4323.96,4317.34,4323.86
2026-09-11 03:30:00,4323.91,4324.94,4319.75,4321.56
2026-09-11 03:35:00,4321.32,4325.55,4320.71,4325.28
2026-09-11 03:40:00,4325.11,4327.53,4321.11,4327.53
2026-09-11 03:45:00,4327.5,4333.76,4326.76,4332.75
2026-09-11 03:50:00,4332.71,4333.5,4331.09,4332.07
2026-09-11 03:55:00,4332.05,4333.46,4329.95,4332.05
2026-09-11 04:00:00,4331.21,4340.36,4328.14,4340.3
2026-09-11 04:05:00,4340.26,4340.26,4333.24,4337.26
2026-09-11 04:10:00,4337.72,4338.99,4332.7,4332.97
2026-09-11 04:15:00,4333.11,4337.28,4331.11,4332.03
2026-09-11 04:20:00,4332.0,4332.21,4320.86,4321.37
2026-09-11 04:25:00,4321.34,4330.5,4321.34,4328.13
2026-09-11 04:30:00,4328.13,4333.01,4328.11,4332.47
2026-09-11 04:35:00,4332.47,4334.69,4329.41,4329.41
2026-09-11 04:40:00,4329.45,4329.52,4322.56,4326.26
2026-09-11 04:45:00,4326.73,4329.22,4324.01,4329.04
2026-09-11 04:50:00,4329.02,4330.08,4324.4,4325.13
2026-09-11 04:55:00,4325.09,4329.54,4324.39,4329.18
2026-09-11 05:00:00,4329.19,4332.87,4329.19,4332.61
2026-09-11 05:05:00,4332.62,4333.45,4327.91,4329.59
2026-09-11 05:10:00,4329.27,4332.16,4328.94,4330.76
2026-09-11 05:15:00,4330.82,4334.56,4329.84,4333.73
2026-09-11 05:20:00,4333.74,4333.74,4327.45,4327.88
2026-09-11 05:25:00,4327.7,4327.7,4323.51,4325.17
2026-09-11 05:30:00,4325.13,4326.41,4316.97,4319.07
2026-09-11 05:35:00,4319.11,4322.67,4316.85,4321.8
2026-09-11 05:40:00,4321.83,4325.48,4318.83,4318.83
2026-09-11 05:45:00,4318.81,4325.16,4315.91,4323.77
2026-09-11 05:50:00,4323.67,4326.72,4322.36,4322.57
2026-09-11 05:55:00,4322.59,4323.93,4321.04,4322.69
2026-09-11 06:00:00,4322.65,4326.44,4321.85,4322.25
2026-09-11 06:05:00,4321.92,4323.27,4315.07,4317.69
2026-09-11 06:10:00,4317.99,4320.05,4314.53,4319.56
2026-09-11 06:15:00,4319.55,4321.42,4314.41,4314.83
2026-09-11 06:20:00,4314.84,4316.15,4304.29,4306.8
2026-09-11 06:25:00,4306.89,4310.58,4304.82,4309.33
2026-09-11 06:30:00,4309.21,4311.36,4306.51,4308.64
2026-09-11 06:35:00,4309.01,4310.72,4306.95,4308.57
2026-09-11 06:40:00,4308.56,4312.5,4306.9,4308.25
2026-09-11 06:45:00,4308.32,4308.33,4302.35,4303.0
2026-09-11 06:50:00,4303.01,4304.12,4300.92,4304.06
2026-09-11 06:55:00,4304.01,4307.01,4302.5,4303.78
2026-09-11 07:00:00,4303.94,4309.24,4301.94,4308.69
2026-09-11 07:05:00,4308.88,4318.6,4308.63,4318.14
2026-09-11 07:10:00,4318.13,4324.93,4318.12,4321.5
2026-09-11 07:15:00,4321.54,4321.99,4319.48,4320.73
2026-09-11 07:20:00,4320.71,4327.0,4320.54,4327.0
2026-09-11 07:25:00,4326.93,4329.19,4325.86,4328.53
2026-09-11 07:30:00,4328.6,4330.13,4326.51,4326.68
2026-09-11 07:35:00,4326.69,4328.39,4325.48,4328.08
2026-09-11 07:40:00,4327.9,4332.82,4327.49,4330.39
2026-09-11 07:45:00,4330.67,4332.84,4329.06,4330.69
2026-09-11 07:50:00,4330.6,4334.95,4330.54,4334.95
2026-09-11 07:55:00,4334.88,4335.26,4331.38,4331.68
2026-09-11 08:00:00,4331.94,4331.94,4328.29,4329.31
2026-09-11 08:05:00,4329.31,4334.95,4328.91,4334.78
2026-09-11 08:10:00,4334.77,4337.97,4332.41,4337.92
2026-09-11 08:15:00,4337.96,4339.2,4334.84,4338.22
2026-09-11 08:20:00,4338.57,4339.22,4335.55,4336.57
2026-09-11 08:25:00,4336.57,4336.61,4333.5,4334.67
2026-09-11 08:30:00,4335.65,4340.82,4333.89,4338.26
2026-09-11 08:35:00,4338.27,4340.02,4336.37,4338.51
2026-09-11 08:40:00,4338.32,4342.85,4334.21,4342.8
2026-09-11 08:45:00,4342.95,4346.91,4339.69,4344.87
2026-09-11 08:50:00,4344.79,4347.81,4343.01,4347.81
2026-09-11 08:55:00,4347.87,4351.93,4345.55,4345.99
2026-09-11 09:00:00,4346.09,4356.07,4345.95,4353.84
2026-09-11 09:05:00,4353.83,4359.03,4352.0,4355.62
2026-09-11 09:10:00,4355.68,4360.86,4354.43,4359.05
2026-09-11 09:15:00,4359.01,4360.44,4356.52,4358.76
2026-09-11 09:20:00,4358.86,4358.99,4352.61,4352.65
2026-09-11 09:25:00,4352.63,4353.64,4351.29,4351.57
2026-09-11 09:30:00,4351.56,4352.52,4347.06,4347.08
2026-09-11 09:35:00,4347.13,4352.83,4347.13,4352.09
2026-09-11 09:40:00,4352.16,4353.93,4349.29,4350.64
2026-09-11 09:45:00,4350.69,4355.28,4349.53,4351.87
2026-09-11 09:50:00,4351.82,4353.37,4349.64,4353.31
2026-09-11 09:55:00,4353.45,4353.97,4350.83,4353.21
2026-09-11 10:00:00,4352.74,4356.08,4352.14,4354.73
2026-09-11 10:05:00,4354.72,4356.0,4349.81,4350.77
2026-09-11 10:10:00,4350.76,4355.31,4350.64,4351.52
2026-09-11 10:15:00,4351.45,4352.29,4350.17,4350.77
2026-09-11 10:20:00,4350.75,4352.3,4347.92,4349.83
2026-09-11 10:25:00,4349.85,4349.87,4346.06,4346.35
2026-09-11 10:30:00,4346.26,4347.73,4344.42,4344.92
2026-09-11 10:35:00,4345.03,4346.21,4343.26,4343.79
2026-09-11 10:40:00,4343.74,4346.3,4343.27,4345.06
2026-09-11 10:45:00,4345.04,4345.04,4342.13,4342.46
2026-09-11 10:50:00,4342.44,4343.05,4340.53,4342.6
2026-09-11 10:55:00,4342.58,4345.15,4342.58,4344.88
2026-09-11 11:00:00,4345.04,4347.16,4342.57,4344.43
2026-09-11 11:05:00,4344.43,4348.48,4343.58,4345.11
2026-09-11 11:10:00,4345.14,4349.35,4342.35,4347.38
2026-09-11 11:15:00,4347.39,4350.27,4346.15,4347.14
2026-09-11 11:20:00,4347.06,4357.23,4343.74,4352.24
2026-09-11 11:25:00,4352.25,4354.62,4349.14,4351.78
2026-09-11 11:30:00,4351.68,4355.94,4351.27,4352.73
2026-09-11 11:35:00,4352.71,4355.97,4351.44,4354.2
2026-09-11 11:40:00,4354.21,4356.67,4352.15,4352.63
2026-09-11 11:45:00,4352.74,4355.12,4352.03,4352.9
2026-09-11 11:50:00,4352.88,4353.06,4349.44,4350.97
2026-09-11 11:55:00,4350.94,4350.94,4345.6,4346.94
2026-09-11 12:00:00,4347.0,4353.92,4347.0,4348.43
2026-09-11 12:05:00,4348.46,4348.74,4344.53,4344.74
2026-09-11 12:10:00,4344.73,4345.75,4342.65,4342.65
2026-09-11 12:15:00,4342.56,4345.22,4341.75,4345.16
2026-09-11 12:20:00,4345.21,4346.18,4343.45,4344.47
2026-09-11 12:25:00,4344.44,4345.7,4343.4,4343.66
2026-09-11 12:30:00,4343.83,4344.98,4341.4,4342.32
2026-09-11 12:35:00,4342.24,4344.41,4342.1,4342.34
2026-09-11 12:40:00,4342.27,4343.68,4340.91,4343.46
2026-09-11 12:45:00,4343.47,4343.89,4342.49,4343.49
2026-09-11 12:50:00,4343.42,4344.65,4342.77,4343.88
2026-09-11 12:55:00,4343.87,4347.68,4343.22,4346.23
2026-09-11 13:00:00,4346.23,4349.22,4341.45,4349.09
2026-09-11 13:05:00,4349.07,4349.79,4344.98,4345.69
2026-09-11 13:10:00,4345.65,4347.76,4343.53,4346.2
2026-09-11 13:15:00,4346.18,4349.74,4345.83,4349.11
2026-09-11 13:20:00,4349.38,4349.84,4345.81,4348.45
2026-09-11 13:25:00,4348.46,4349.96,4347.07,4349.18
2026-09-11 13:30:00,4349.44,4349.64,4347.21,4349.09
2026-09-11 13:35:00,4349.07,4349.12,4344.2,4346.64
2026-09-11 13:40:00,4346.63,4346.66,4343.73,4345.03
2026-09-11 13:45:00,4345.04,4345.29,4341.64,4341.66
2026-09-11 13:50:00,4341.89,4342.49,4339.77,4340.68
2026-09-11 13:55:00,4340.67,4340.89,4336.76,4337.31
2026-09-11 14:00:00,4337.48,4342.52,4337.31,4339.33
2026-09-11 14:05:00,4339.4,4340.21,4336.99,4337.41
2026-09-11 14:10:00,4337.32,4338.41,4334.58,4338.01
2026-09-11 14:15:00,4338.05,4338.98,4335.98,4338.38
2026-09-11 14:20:00,4338.46,4339.65,4336.92,4338.67
2026-09-11 14:25:00,4338.66,4341.55,4336.21,4336.42
2026-09-11 14:30:00,4336.41,4337.26,4331.71,4331.71
2026-09-11 14:35:00,4331.79,4334.01,4330.21,4332.5
2026-09-11 14:40:00,4332.49,4334.57,4330.13,4334.57
2026-09-11 14:45:00,4334.64,4336.11,4332.99,4335.23
2026-09-11 14:50:00,4335.0,4335.45,4331.08,4331.08
2026-09-11 14:55:00,4331.0,4333.86,4330.86,4333.33
2026-09-11 15:00:00,4333.33,4334.76,4328.85,4329.38
2026-09-11 15:05:00,4329.38,4329.97,4326.31,4327.27
2026-09-11 15:10:00,4327.28,4332.38,4324.88,4327.69
2026-09-11 15:15:00,4327.85,4334.05,4327.53,4331.28
2026-09-11 15:20:00,4331.11,4333.67,4329.2,4329.56
2026-09-11 15:25:00,4329.91,4343.08,4328.35,4341.25
2026-09-11 15:30:00,4341.34,4345.69,4292.76,4329.81
2026-09-11 15:35:00,4330.28,4351.35,4326.49,4349.61
2026-09-11 15:40:00,4350.14,4362.68,4349.3,4353.87
2026-09-11 15:45:00,4354.04,4367.57,4352.55,4361.68
2026-09-11 15:50:00,4361.69,4382.37,4360.22,4377.79
2026-09-11 15:55:00,4377.76,4389.99,4376.78,4388.66
2026-09-11 16:00:00,4388.25,4393.41,4384.88,4390.36
2026-09-11 16:05:00,4390.21,4394.3,4381.71,4382.64
2026-09-11 16:10:00,4382.76,4391.52,4380.63,4389.31
2026-09-11 16:15:00,4389.24,4390.22,4381.46,4386.57
2026-09-11 16:20:00,4386.57,4389.44,4380.57,4383.13
2026-09-11 16:25:00,4383.09,4398.48,4382.58,4390.17
2026-09-11 16:30:00,4389.99,4395.5,4381.6,4395.49
2026-09-11 16:35:00,4395.51,4400.12,4383.69,4389.14
2026-09-11 16:40:00,4390.27,4398.64,4387.1,4394.63
2026-09-11 16:45:00,4394.8,4400.47,4390.02,4392.87
2026-09-11 16:50:00,4392.84,4393.96,4387.34,4389.29
2026-09-11 16:55:00,4389.41,4402.43,4387.22,4401.63
2026-09-11 17:00:00,4401.11,4402.34,4381.67,4390.36
2026-09-11 17:05:00,4390.25,4391.89,4385.54,4387.58
2026-09-11 17:10:00,4387.46,4388.05,4382.09,4383.05
2026-09-11 17:15:00,4382.82,4384.47,4375.93,4382.36
2026-09-11 17:20:00,4382.51,4385.24,4377.7,4379.18
2026-09-11 17:25:00,4379.15,4379.21,4374.48,4375.05
2026-09-11 17:30:00,4375.35,4375.55,4370.99,4371.45
2026-09-11 17:35:00,4371.46,4372.66,4364.76,4368.33
2026-09-11 17:40:00,4367.94,4372.03,4367.77,4371.36
2026-09-11 17:45:00,4371.42,4384.02,4371.2,4379.74
2026-09-11 17:50:00,4379.46,4384.07,4377.39,4377.82
2026-09-11 17:55:00,4377.87,4378.46,4370.6,4370.77
2026-09-11 18:00:00,4370.79,4372.62,4366.56,4370.7
2026-09-11 18:05:00,4370.61,4370.67,4361.58,4363.19
2026-09-11 18:10:00,4363.12,4363.73,4359.24,4362.13
2026-09-11 18:15:00,4362.36,4366.23,4361.5,4362.21
2026-09-11 18:20:00,4362.34,4367.87,4362.25,4365.5
2026-09-11 18:25:00,4365.51,4372.27,4365.22,4370.5
2026-09-11 18:30:00,4370.08,4375.46,4369.05,4373.18
2026-09-11 18:35:00,4373.04,4377.04,4370.74,4374.15
2026-09-11 18:40:00,4374.1,4375.29,4370.48,4372.94
2026-09-11 18:45:00,4372.83,4373.37,4368.64,4373.09
2026-09-11 18:50:00,4373.11,4373.75,4366.42,4368.86
2026-09-11 18:55:00,4368.91,4369.32,4365.18,4367.09
2026-09-11 19:00:00,4366.99,4372.65,4366.64,4371.68
2026-09-11 19:05:00,4371.72,4372.6,4366.38,4367.36
2026-09-11 19:10:00,4367.26,4368.95,4360.97,4361.28
2026-09-11 19:15:00,4361.31,4363.87,4358.81,4359.27
2026-09-11 19:20:00,4359.33,4360.82,4351.91,4352.9
2026-09-11 19:25:00,4352.93,4362.62,4352.65,4354.78
2026-09-11 19:30:00,4355.06,4365.71,4353.38,4364.35
2026-09-11 19:35:00,4364.25,4364.27,4359.18,4359.52
2026-09-11 19:40:00,4359.52,4364.41,4358.93,4363.54
2026-09-11 19:45:00,4363.51,4364.96,4360.46,4360.71
2026-09-11 19:50:00,4360.6,4361.7,4360.28,4361.25
2026-09-11 19:55:00,4361.21,4363.35,4361.1,4361.63
2026-09-11 20:00:00,4361.79,4364.09,4360.81,4363.28
2026-09-11 20:05:00,4362.4,4368.7,4361.16,4363.96
2026-09-11 20:10:00,4363.96,4366.78,4362.2,4365.82
2026-09-11 20:15:00,4365.68,4368.78,4363.42,4367.79
2026-09-11 20:20:00,4367.65,4369.26,4365.78,4369.0
2026-09-11 20:25:00,4369.03,4369.65,4366.14,4366.93
2026-09-11 20:30:00,4366.84,4370.37,4365.35,4369.06
2026-09-11 20:35:00,4369.06,4369.57,4362.16,4362.36
2026-09-11 20:40:00,4362.32,4363.49,4359.93,4361.96
2026-09-11 20:45:00,4361.95,4362.25,4359.25,4361.49
2026-09-11 20:50:00,4361.52,4363.77,4360.79,4362.67
2026-09-11 20:55:00,4362.68,4362.9,4357.87,4358.21
2026-09-11 21:00:00,4358.23,4359.69,4357.05,4359.67
2026-09-11 21:05:00,4359.86,4360.04,4353.68,4353.68
2026-09-11 21:10:00,4353.76,4355.88,4345.95,4346.75
2026-09-11 21:15:00,4346.6,4351.94,4344.92,4349.84
2026-09-11 21:20:00,4349.63,4350.18,4344.16,4349.0
2026-09-11 21:25:00,4348.98,4352.89,4348.64,4350.56
2026-09-11 21:30:00,4350.58,4351.46,4345.77,4348.1
2026-09-11 21:35:00,4348.15,4350.27,4346.83,4347.1
2026-09-11 21:40:00,4347.09,4349.06,4346.69,4346.95
2026-09-11 21:45:00,4347.0,4347.42,4344.18,4345.09
2026-09-11 21:50:00,4345.05,4346.78,4344.46,4345.21
2026-09-11 21:55:00,4344.96,4347.07,4344.93,4346.87
2026-09-11 22:00:00,4347.24,4348.15,4345.27,4347.65
2026-09-11 22:05:00,4347.65,4349.12,4344.36,4347.45
2026-09-11 22:10:00,4347.46,4351.93,4346.99,4351.93
2026-09-11 22:15:00,4351.89,4353.67,4349.28,4349.44
2026-09-11 22:20:00,4349.46,4351.5,4349.04,4351.48
2026-09-11 22:25:00,4351.5,4353.12,4347.3,4347.3
2026-09-11 22:30:00,4347.56,4348.28,4345.14,4347.17
2026-09-11 22:35:00,4347.2,4348.01,4345.76,4346.78
2026-09-11 22:40:00,4346.77,4348.1,4345.5,4346.12
2026-09-11 22:45:00,4346.0,4346.17,4342.87,4342.92
2026-09-11 22:50:00,4342.89,4345.71,4342.78,4345.15
2026-09-11 22:55:00,4345.22,4349.33,4344.94,4348.74
2026-09-11 23:00:00,4348.61,4351.37,4348.1,4348.81
2026-09-11 23:05:00,4348.78,4350.63,4348.6,4350.17
2026-09-11 23:10:00,4350.26,4350.31,4348.27,4348.32
2026-09-11 23:15:00,4348.32,4349.18,4346.19,4349.18
2026-09-11 23:20:00,4349.24,4350.25,4348.96,4349.42
2026-09-11 23:25:00,4349.42,4349.9,4348.34,4348.68
2026-09-11 23:30:00,4348.7,4348.78,4346.96,4347.63
2026-09-11 23:35:00,4347.53,4348.98,4346.99,4348.57
2026-09-11 23:40:00,4348.51,4348.51,4345.62,4346.3
2026-09-11 23:45:00,4346.42,4349.08,4346.16,4347.46
2026-09-11 23:50:00,4347.41,4348.44,4345.42,4348.44
2026-09-11 23:55:00,4348.35,4349.13,4347.56,4348.29
2026-09-14 01:00:00,4326.41,4339.2,4323.0,4338.62
2026-09-14 01:05:00,4338.55,4340.85,4330.92,4331.34
2026-09-14 01:10:00,4331.24,4334.19,4330.06,4330.83
2026-09-14 01:15:00,4331.49,4333.88,4329.85,4333.85
2026-09-14 01:20:00,4333.7,4335.0,4328.32,4329.05
2026-09-14 01:25:00,4329.06,4336.39,4328.96,4336.28
2026-09-14 01:30:00,4336.18,4337.95,4334.66,4336.48
2026-09-14 01:35:00,4336.67,4336.96,4334.92,4335.78
2026-09-14 01:40:00,4335.79,4337.36,4333.68,4337.14
2026-09-14 01:45:00,4337.21,4337.8,4335.9,4336.46
2026-09-14 01:50:00,4336.57,4339.75,4335.16,4339.42
2026-09-14 01:55:00,4339.22,4339.29,4337.66,4337.81
2026-09-14 02:00:00,4337.79,4342.25,4337.79,4341.21
2026-09-14 02:05:00,4341.16,4341.77,4340.58,4341.58
2026-09-14 02:10:00,4341.57,4342.43,4339.54,4339.54
2026-09-14 02:15:00,4339.55,4340.58,4337.65,4337.66
2026-09-14 02:20:00,4337.66,4338.39,4335.7,4338.09
2026-09-14 02:25:00,4337.99,4340.3,4337.06,4339.3
2026-09-14 02:30:00,4339.23,4341.97,4339.1,4341.38
2026-09-14 02:35:00,4341.46,4341.77,4338.69,4340.67
2026-09-14 02:40:00,4340.63,4341.35,4337.86,4337.86
2026-09-14 02:45:00,4337.73,4338.14,4331.96,4331.97
2026-09-14 02:50:00,4331.94,4334.87,4331.94,4333.68
2026-09-14 02:55:00,4333.64,4335.22,4331.97,4332.75
2026-09-14 03:00:00,4332.23,4335.67,4329.49,4333.73
2026-09-14 03:05:00,4333.67,4346.37,4333.67,4345.63
2026-09-14 03:10:00,4345.68,4347.47,4341.31,4342.68
2026-09-14 03:15:00,4342.62,4345.0,4339.93,4341.2
2026-09-14 03:20:00,4340.93,4340.98,4336.96,4338.69
2026-09-14 03:25:00,4338.67,4339.99,4333.09,4337.85
2026-09-14 03:30:00,4337.88,4340.46,4336.4,4339.37
2026-09-14 03:35:00,4339.38,4340.63,4332.98,4332.98
2026-09-14 03:40:00,4333.02,4338.5,4332.16,4338.19
2026-09-14 03:45:00,4338.2,4342.51,4337.23,4339.66
2026-09-14 03:50:00,4339.69,4342.66,4339.6,4342.66
2026-09-14 03:55:00,4343.2,4343.38,4338.14,4338.57
2026-09-14 04:00:00,4338.61,4344.65,4331.05,4331.09
2026-09-14 04:05:00,4331.22,4336.9,4329.84,4336.45
2026-09-14 04:10:00,4336.36,4336.79,4329.56,4331.55
2026-09-14 04:15:00,4331.48,4333.49,4326.93,4327.26
2026-09-14 04:20:00,4327.27,4337.58,4326.23,4335.1
2026-09-14 04:25:00,4335.09,4337.86,4330.92,4335.39
2026-09-14 04:30:00,4335.57,4336.06,4328.29,4331.9
2026-09-14 04:35:00,4331.74,4344.98,4331.6,4344.54
2026-09-14 04:40:00,4344.37,4346.52,4337.29,4342.26
2026-09-14 04:45:00,4342.36,4348.81,4342.36,4345.92
2026-09-14 04:50:00,4345.89,4350.01,4342.93,4348.05
2026-09-14 04:55:00,4348.05,4355.13,4346.78,4353.37
2026-09-14 05:00:00,4353.24,4354.18,4348.52,4349.19
2026-09-14 05:05:00,4349.17,4354.87,4349.05,4352.31
2026-09-14 05:10:00,4352.48,4353.89,4348.43,4349.29
2026-09-14 05:15:00,4349.3,4350.07,4348.18,4349.23
2026-09-14 05:20:00,4349.23,4353.76,4348.93,4353.2
2026-09-14 05:25:00,4353.33,4354.05,4351.93,4352.17
2026-09-14 05:30:00,4352.26,4355.38,4350.57,4354.39
2026-09-14 05:35:00,4354.37,4354.54,4347.54,4347.91
2026-09-14 05:40:00,4347.97,4348.01,4343.2,4345.63
2026-09-14 05:45:00,4345.63,4348.02,4344.51,4344.98
2026-09-14 05:50:00,4344.91,4345.04,4337.92,4338.25
2026-09-14 05:55:00,4338.13,4338.13,4330.04,4330.77
2026-09-14 06:00:00,4330.79,4332.8,4327.41,4332.25
2026-09-14 06:05:00,4332.3,4335.84,4331.89,4335.72
2026-09-14 06:10:00,4335.71,4335.95,4332.73,4333.37
2026-09-14 06:15:00,4333.4,4335.79,4331.87,4335.35
2026-09-14 06:20:00,4335.45,4336.29,4334.06,4334.74
2026-09-14 06:25:00,4334.74,4335.3,4333.12,4334.69
2026-09-14 06:30:00,4334.72,4335.18,4329.91,4330.17
2026-09-14 06:35:00,4330.04,4332.81,4328.27,4331.8
2026-09-14 06:40:00,4331.86,4331.86,4327.12,4328.9
2026-09-14 06:45:00,4329.1,4333.22,4328.58,4332.88
2026-09-14 06:50:00,4332.86,4333.48,4330.45,4331.92
2026-09-14 06:55:00,4331.87,4332.65,4329.61,4330.33
2026-09-14 07:00:00,4330.28,4331.56,4329.89,4331.07
2026-09-14 07:05:00,4331.03,4331.55,4329.08,4330.67
2026-09-14 07:10:00,4330.58,4330.95,4329.1,4329.1
2026-09-14 07:15:00,4329.18,4330.04,4328.77,4329.64
2026-09-14 07:20:00,4329.63,4330.39,4329.03,4330.07
2026-09-14 07:25:00,4330.07,4331.56,4329.43,4331.33
2026-09-14 07:30:00,4331.37,4331.58,4327.61,4327.7
2026-09-14 07:35:00,4327.7,4329.79,4325.02,4326.44
2026-09-14 07:40:00,4326.46,4326.51,4323.37,4323.38
2026-09-14 07:45:00,4323.4,4325.68,4322.16,4324.9
2026-09-14 07:50:00,4324.9,4328.2,4323.02,4328.07
2026-09-14 07:55:00,4328.14,4331.5,4328.14,4329.48
2026-09-14 08:00:00,4329.45,4332.54,4327.03,4332.01
2026-09-14 08:05:00,4331.98,4332.26,4328.8,4328.92
2026-09-14 08:10:00,4328.88,4330.7,4326.55,4330.7
2026-09-14 08:15:00,4330.77,4332.09,4329.55,4329.72
2026-09-14 08:20:00,4329.75,4330.23,4326.4,4327.26
2026-09-14 08:25:00,4327.26,4329.02,4326.84,4326.87
2026-09-14 08:30:00,4326.5,4336.69,4325.4,4332.43
2026-09-14 08:35:00,4332.41,4337.05,4332.29,4335.19
2026-09-14 08:40:00,4335.21,4335.27,4326.46,4330.98
2026-09-14 08:45:00,4331.97,4333.84,4325.29,4326.14
2026-09-14 08:50:00,4326.29,4334.66,4323.37,4334.62
2026-09-14 08:55:00,4334.59,4337.35,4332.88,4337.35
2026-09-14 09:00:00,4337.41,4338.63,4334.25,4334.43
2026-09-14 09:05:00,4334.43,4336.03,4331.0,4331.1
2026-09-14 09:10:00,4330.92,4333.8,4327.16,4329.91
2026-09-14 09:15:00,4329.92,4330.47,4327.72,4330.27
2026-09-14 09:20:00,4330.1,4331.39,4326.92,4329.42
2026-09-14 09:25:00,4329.41,4332.46,4328.87,4330.14
2026-09-14 09:30:00,4330.01,4332.18,4328.69,4330.15
2026-09-14 09:35:00,4330.19,4332.29,4327.67,4327.69
2026-09-14 09:40:00,4327.67,4328.08,4325.15,4327.23
2026-09-14 09:45:00,4327.29,4329.65,4323.88,4323.88
2026-09-14 09:50:00,4323.84,4324.97,4322.19,4323.11
2026-09-14 09:55:00,4323.08,4323.21,4320.54,4322.11
2026-09-14 10:00:00,4322.13,4322.26,4317.52,4321.45
2026-09-14 10:05:00,4321.4,4323.09,4318.64,4318.96
2026-09-14 10:10:00,4318.91,4324.08,4318.61,4323.83
2026-09-14 10:15:00,4323.94,4324.19,4321.52,4323.79
2026-09-14 10:20:00,4323.72,4323.72,4319.45,4319.68
2026-09-14 10:25:00,4319.73,4321.58,4316.26,4316.72
2026-09-14 10:30:00,4316.78,4319.34,4315.99,4317.34
2026-09-14 10:35:00,4317.15,4317.95,4315.55,4316.87
2026-09-14 10:40:00,4316.86,4319.38,4316.62,4319.13
2026-09-14 10:45:00,4319.21,4321.88,4316.11,4317.77
2026-09-14 10:50:00,4317.78,4319.48,4310.83,4311.3
2026-09-14 10:55:00,4311.28,4312.44,4308.02,4310.81
2026-09-14 11:00:00,4311.62,4316.69,4310.75,4314.59
2026-09-14 11:05:00,4314.8,4318.15,4313.5,4315.94
2026-09-14 11:10:00,4315.96,4316.21,4312.5,4313.32
2026-09-14 11:15:00,4313.18,4313.19,4310.17,4311.3
2026-09-14 11:20:00,4311.03,4314.3,4311.02,4313.19
2026-09-14 11:25:00,4313.05,4313.71,4310.4,4310.59
2026-09-14 11:30:00,4310.35,4313.93,4309.58,4312.48
2026-09-14 11:35:00,4312.55,4315.88,4311.76,4313.24
2026-09-14 11:40:00,4313.26,4313.94,4309.6,4311.77
2026-09-14 11:45:00,4311.79,4313.26,4307.1,4309.08
2026-09-14 11:50:00,4308.68,4308.85,4305.8,4306.27
2026-09-14 11:55:00,4306.26,4307.19,4303.24,4306.55
2026-09-14 12:00:00,4306.56,4311.59,4305.25,4309.06
2026-09-14 12:05:00,4309.04,4311.3,4308.11,4310.31
2026-09-14 12:10:00,4310.11,4310.31,4304.93,4305.78
2026-09-14 12:15:00,4305.69,4305.91,4286.99,4292.52
2026-09-14 12:20:00,4292.4,4292.93,4286.1,4287.63
2026-09-14 12:25:00,4287.71,4288.31,4280.51,4287.94
2026-09-14 12:30:00,4287.57,4289.34,4283.31,4287.69
2026-09-14 12:35:00,4287.69,4288.65,4279.36,4282.08
2026-09-14 12:40:00,4282.15,4287.07,4280.44,4281.37
2026-09-14 12:45:00,4281.51,4284.3,4279.26,4281.75
2026-09-14 12:50:00,4281.76,4287.7,4278.66,4287.42
2026-09-14 12:55:00,4287.56,4288.29,4284.49,4285.65
2026-09-14 13:00:00,4285.44,4285.91,4278.13,4281.54
2026-09-14 13:05:00,4282.12,4286.04,4281.73,4286.04
2026-09-14 13:10:00,4286.01,4289.45,4285.56,4288.46
2026-09-14 13:15:00,4288.33,4290.93,4286.0,4290.04
2026-09-14 13:20:00,4290.0,4290.04,4285.82,4289.08
2026-09-14 13:25:00,4289.13,4292.59,4289.01,4291.16
2026-09-14 13:30:00,4291.18,4292.73,4289.31,4291.09
2026-09-14 13:35:00,4291.08,4293.92,4290.99,4293.39
2026-09-14 13:40:00,4293.36,4294.92,4293.0,4293.86
2026-09-14 13:45:00,4293.89,4294.62,4291.98,4292.66
2026-09-14 13:50:00,4292.75,4293.18,4291.41,4291.68
2026-09-14 13:55:00,4291.59,4296.52,4290.13,4294.72
2026-09-14 14:00:00,4294.67,4296.76,4293.35,4296.76
2026-09-14 14:05:00,4296.77,4296.86,4293.38,4294.82
2026-09-14 14:10:00,4294.81,4294.81,4291.09,4292.23
2026-09-14 14:15:00,4292.16,4295.56,4291.14,4295.48
2026-09-14 14:20:00,4295.47,4296.78,4294.03,4296.63
2026-09-14 14:25:00,4296.54,4296.72,4295.6,4296.08
2026-09-14 14:30:00,4295.99,4296.81,4293.95,4294.8
2026-09-14 14:35:00,4294.81,4294.98,4292.09,4293.07
2026-09-14 14:40:00,4293.1,4294.82,4292.1,4292.33
2026-09-14 14:45:00,4292.25,4293.75,4291.72,4293.34
2026-09-14 14:50:00,4293.2,4293.21,4286.79,4287.48
2026-09-14 14:55:00,4287.51,4288.2,4284.3,4287.0
2026-09-14 15:00:00,4287.07,4290.17,4285.08,4287.15
2026-09-14 15:05:00,4287.04,4294.34,4286.04,4293.6
2026-09-14 15:10:00,4293.58,4296.69,4292.07,4294.64
2026-09-14 15:15:00,4294.77,4297.54,4289.96,4290.37
2026-09-14 15:20:00,4290.26,4290.3,4284.66,4285.87
2026-09-14 15:25:00,4285.88,4287.93,4283.75,4286.01
2026-09-14 15:30:00,4286.02,4289.16,4283.37,4288.07
2026-09-14 15:35:00,4288.11,4289.49,4273.42,4278.05
2026-09-14 15:40:00,4277.79,4286.62,4276.49,4283.6
2026-09-14 15:45:00,4283.0,4283.44,4276.35,4278.59
2026-09-14 15:50:00,4278.61,4279.06,4267.97,4269.77
2026-09-14 15:55:00,4269.97,4271.92,4265.89,4271.06
2026-09-14 16:00:00,4270.95,4272.61,4265.61,4267.73
2026-09-14 16:05:00,4267.43,4270.28,4253.62,4260.09
2026-09-14 16:10:00,4260.29,4268.43,4259.66,4266.34
2026-09-14 16:15:00,4266.1,4272.95,4263.85,4272.76
2026-09-14 16:20:00,4272.82,4277.16,4272.13,4275.97
2026-09-14 16:25:00,4275.98,4277.63,4271.25,4273.15
2026-09-14 16:30:00,4274.15,4278.32,4272.03,4272.17
2026-09-14 16:35:00,4272.23,4274.79,4268.56,4268.59
2026-09-14 16:40:00,4268.62,4275.02,4267.12,4274.91
2026-09-14 16:45:00,4274.93,4281.1,4271.89,4276.68
2026-09-14 16:50:00,4276.68,4280.98,4270.69,4273.12
2026-09-14 16:55:00,4273.12,4275.68,4269.8,4272.69
2026-09-14 17:00:00,4272.57,4275.8,4266.05,4267.59
2026-09-14 17:05:00,4267.3,4271.34,4264.97,4271.15
2026-09-14 17:10:00,4271.05,4281.97,4271.05,4281.56
2026-09-14 17:15:00,4281.77,4282.9,4272.95,4276.17
2026-09-14 17:20:00,4275.89,4275.94,4264.28,4264.83
2026-09-14 17:25:00,4264.84,4269.99,4264.11,4269.99
2026-09-14 17:30:00,4270.19,4271.42,4266.6,4271.38
2026-09-14 17:35:00,4271.25,4272.15,4267.97,4271.39
2026-09-14 17:40:00,4270.92,4277.0,4269.05,4276.8
2026-09-14 17:45:00,4276.78,4279.44,4276.44,4278.34
2026-09-14 17:50:00,4278.34,4279.15,4274.03,4276.35
2026-09-14 17:55:00,4276.45,4279.45,4274.75,4279.45
2026-09-14 18:00:00,4279.71,4279.98,4272.75,4272.97
2026-09-14 18:05:00,4272.87,4286.33,4272.69,4280.02
2026-09-14 18:10:00,4280.26,4282.96,4277.06,4277.06
2026-09-14 18:15:00,4276.82,4278.77,4272.71,4275.97
2026-09-14 18:20:00,4275.95,4279.41,4274.29,4279.37
2026-09-14 18:25:00,4279.3,4284.76,4278.25,4283.56
2026-09-14 18:30:00,4283.35,4294.16,4282.8,4293.89
2026-09-14 18:35:00,4293.9,4297.51,4289.82,4297.31
2026-09-14 18:40:00,4297.54,4298.29,4292.88,4294.23
2026-09-14 18:45:00,4294.44,4294.9,4287.87,4288.03
2026-09-14 18:50:00,4288.19,4290.5,4286.33,4289.33
2026-09-14 18:55:00,4289.39,4291.3,4287.95,4288.17
2026-09-14 19:00:00,4288.16,4290.14,4286.28,4286.39
2026-09-14 19:05:00,4286.39,4294.79,4286.39,4294.79
2026-09-14 19:10:00,4294.85,4297.6,4294.38,4294.38
2026-09-14 19:15:00,4294.39,4299.28,4294.39,4298.84
2026-09-14 19:20:00,4298.82,4305.17,4297.44,4304.54
2026-09-14 19:25:00,4304.48,4305.19,4299.82,4300.12
2026-09-14 19:30:00,4300.04,4303.86,4299.51,4301.0
2026-09-14 19:35:00,4301.05,4303.2,4299.98,4302.82
2026-09-14 19:40:00,4303.06,4307.89,4302.65,4306.08
2026-09-14 19:45:00,4306.09,4315.22,4304.77,4313.88
2026-09-14 19:50:00,4313.84,4317.67,4312.36,4316.64
2026-09-14 19:55:00,4316.87,4317.42,4314.75,4315.78
2026-09-14 20:00:00,4315.86,4316.47,4312.4,4314.63
2026-09-14 20:05:00,4314.61,4314.77,4312.14,4313.59
2026-09-14 20:10:00,4313.62,4315.78,4311.39,4311.5
2026-09-14 20:15:00,4311.12,4312.89,4309.32,4309.84
2026-09-14 20:20:00,4309.84,4312.11,4309.84,4311.43
2026-09-14 20:25:00,4311.37,4314.1,4310.01,4311.74
2026-09-14 20:30:00,4311.77,4313.58,4308.93,4308.98
2026-09-14 20:35:00,4309.04,4311.74,4307.8,4311.25
2026-09-14 20:40:00,4311.21,4312.09,4309.28,4309.92
2026-09-14 20:45:00,4309.78,4311.38,4308.95,4309.05
2026-09-14 20:50:00,4308.99,4313.54,4308.65,4312.34
2026-09-14 20:55:00,4312.1,4313.82,4310.52,4310.99
2026-09-14 21:00:00,4311.03,4315.95,4309.92,4310.09
2026-09-14 21:05:00,4310.27,4311.4,4308.28,4310.31
2026-09-14 21:10:00,4310.24,4312.8,4310.21,4312.62
2026-09-14 21:15:00,4312.64,4312.69,4311.33,4311.74
2026-09-14 21:20:00,4311.61,4312.09,4308.06,4308.06
2026-09-14 21:25:00,4308.15,4309.68,4306.33,4309.68
2026-09-14 21:30:00,4309.32,4313.2,4308.56,4311.59
2026-09-14 21:35:00,4311.5,4312.92,4311.01,4311.01
2026-09-14 21:40:00,4310.96,4311.06,4309.17,4309.39
2026-09-14 21:45:00,4309.33,4309.68,4307.25,4308.01
2026-09-14 21:50:00,4307.34,4307.34,4304.89,4306.52
2026-09-14 21:55:00,4306.32,4307.71,4305.33,4307.34
2026-09-14 22:00:00,4307.62,4307.83,4304.38,4306.36
2026-09-14 22:05:00,4306.33,4306.49,4302.86,4303.76
2026-09-14 22:10:00,4304.05,4306.65,4303.73,4306.0
2026-09-14 22:15:00,4306.01,4306.02,4300.27,4301.69
2026-09-14 22:20:00,4301.73,4302.22,4295.91,4297.3
2026-09-14 22:25:00,4297.21,4298.37,4296.35,4296.35
2026-09-14 22:30:00,4296.35,4297.32,4292.96,4293.08
2026-09-14 22:35:00,4293.21,4294.61,4291.9,4292.0
2026-09-14 22:40:00,4292.04,4292.23,4290.48,4291.88
2026-09-14 22:45:00,4291.85,4291.86,4287.79,4287.83
2026-09-14 22:50:00,4287.77,4287.89,4284.81,4286.44
2026-09-14 22:55:00,4286.27,4286.67,4282.86,4283.54
2026-09-14 23:00:00,4283.78,4284.97,4282.3,4284.56
2026-09-14 23:05:00,4284.54,4286.54,4284.54,4285.72
2026-09-14 23:10:00,4285.8,4288.44,4285.58,4287.75
2026-09-14 23:15:00,4287.76,4293.29,4287.76,4293.2
2026-09-14 23:20:00,4293.23,4295.92,4293.23,4295.77
2026-09-14 23:25:00,4295.77,4298.36,4295.77,4296.64
2026-09-14 23:30:00,4296.66,4299.6,4296.66,4299.4
2026-09-14 23:35:00,4299.38,4299.38,4294.87,4296.22
2026-09-14 23:40:00,4296.11,4296.63,4294.53,4294.8
2026-09-14 23:45:00,4294.94,4297.03,4294.86,4296.73
2026-09-14 23:50:00,4296.93,4297.62,4296.6,4297.58
2026-09-14 23:55:00,4297.6,4299.55,4297.47,4299.14
2026-09-15 01:00:00,4300.47,4302.57,4298.65,4299.54
2026-09-15 01:05:00,4299.56,4300.1,4297.02,4297.81
2026-09-15 01:10:00,4297.26,4297.73,4296.58,4297.01
2026-09-15 01:15:00,4297.09,4297.65,4296.08,4296.36
2026-09-15 01:20:00,4296.3,4298.15,4295.78,4296.04
2026-09-15 01:25:00,4296.05,4296.2,4292.93,4295.69
2026-09-15 01:30:00,4295.68,4297.69,4295.39,4296.92
2026-09-15 01:35:00,4296.93,4298.56,4293.65,4295.77
2026-09-15 01:40:00,4295.77,4297.57,4293.68,4295.61
2026-09-15 01:45:00,4295.53,4295.98,4294.35,4295.13
2026-09-15 01:50:00,4295.5,4298.18,4294.09,4296.1
2026-09-15 01:55:00,4296.58,4297.22,4293.19,4295.32
2026-09-15 02:00:00,4295.18,4297.27,4293.1,4293.96
2026-09-15 02:05:00,4293.99,4294.87,4292.24,4293.32
2026-09-15 02:10:00,4293.35,4294.0,4291.16,4292.21
2026-09-15 02:15:00,4292.22,4292.4,4289.26,4289.45
2026-09-15 02:20:00,4289.43,4290.83,4287.18,4290.35
2026-09-15 02:25:00,4290.36,4290.82,4287.18,4289.84
2026-09-15 02:30:00,4289.52,4291.63,4287.93,4290.77
2026-09-15 02:35:00,4290.68,4291.27,4288.29,4289.2
2026-09-15 02:40:00,4289.2,4291.65,4288.74,4289.5
2026-09-15 02:45:00,4289.44,4289.44,4287.27,4288.84
2026-09-15 02:50:00,4288.84,4289.16,4287.25,4287.71
2026-09-15 02:55:00,4287.69,4288.7,4287.52,4288.18
2026-09-15 03:00:00,4288.14,4289.04,4286.33,4286.39
2026-09-15 03:05:00,4286.35,4288.33,4283.67,4286.56
2026-09-15 03:10:00,4286.55,4287.11,4283.99,4286.8
2026-09-15 03:15:00,4286.77,4289.23,4284.5,4285.1
2026-09-15 03:20:00,4285.2,4287.48,4283.61,4287.44
2026-09-15 03:25:00,4287.43,4289.65,4285.71,4288.1
2026-09-15 03:30:00,4288.09,4289.06,4283.38,4284.39
2026-09-15 03:35:00,4284.38,4290.58,4284.01,4290.13
2026-09-15 03:40:00,4290.14,4293.01,4289.65,4292.61
2026-09-15 03:45:00,4292.61,4294.36,4291.82,4294.28
2026-09-15 03:50:00,4294.28,4296.57,4293.66,4294.34
2026-09-15 03:55:00,4294.32,4294.51,4292.58,4292.95
2026-09-15 04:00:00,4292.96,4298.21,4287.9,4295.94
2026-09-15 04:05:00,4295.95,4298.48,4293.13,4293.83
2026-09-15 04:10:00,4293.81,4299.91,4293.76,4299.75
2026-09-15 04:15:00,4299.61,4305.71,4299.01,4304.1
2026-09-15 04:20:00,4304.12,4304.4,4301.83,4302.11
2026-09-15 04:25:00,4302.12,4302.91,4300.28,4301.74
2026-09-15 04:30:00,4301.88,4306.3,4301.64,4302.52
2026-09-15 04:35:00,4302.29,4302.51,4295.99,4297.2
2026-09-15 04:40:00,4297.46,4299.69,4295.2,4298.58
2026-09-15 04:45:00,4298.58,4301.81,4296.54,4300.19
2026-09-15 04:50:00,4300.18,4300.34,4294.18,4299.31
2026-09-15 04:55:00,4299.33,4304.89,4299.3,4304.36
2026-09-15 05:00:00,4304.72,4311.7,4304.65,4306.83
2026-09-15 05:05:00,4306.84,4308.89,4306.07,4307.61
2026-09-15 05:10:00,4307.62,4308.22,4305.13,4307.27
2026-09-15 05:15:00,4307.25,4307.67,4305.37,4306.26
2026-09-15 05:20:00,4306.89,4308.76,4305.95,4308.11
2026-09-15 05:25:00,4308.07,4309.94,4307.95,4309.94
2026-09-15 05:30:00,4310.39,4312.31,4307.26,4311.75
2026-09-15 05:35:00,4311.76,4315.13,4309.09,4315.04
2026-09-15 05:40:00,4315.03,4317.13,4311.38,4311.42
2026-09-15 05:45:00,4311.19,4317.32,4311.11,4316.71
2026-09-15 05:50:00,4316.7,4317.12,4311.61,4312.16
2026-09-15 05:55:00,4312.16,4314.57,4311.89,4314.1
2026-09-15 06:00:00,4314.11,4314.36,4309.9,4312.31
2026-09-15 06:05:00,4312.34,4313.97,4311.24,4313.7
2026-09-15 06:10:00,4313.77,4313.95,4310.48,4310.75
2026-09-15 06:15:00,4310.78,4313.06,4309.94,4311.69
2026-09-15 06:20:00,4311.71,4314.16,4310.5,4310.74
2026-09-15 06:25:00,4310.74,4312.05,4309.93,4310.78
2026-09-15 06:30:00,4310.76,4312.83,4310.69,4312.76
2026-09-15 06:35:00,4312.85,4313.5,4309.04,4309.05
2026-09-15 06:40:00,4309.09,4310.11,4308.14,4308.62
2026-09-15 06:45:00,4308.57,4310.04,4305.63,4305.63
2026-09-15 06:50:00,4305.63,4306.01,4303.88,4304.19
2026-09-15 06:55:00,4304.21,4304.87,4303.18,4303.53
2026-09-15 07:00:00,4303.34,4304.26,4302.51,4303.14
2026-09-15 07:05:00,4303.14,4306.02,4302.64,4305.66
2026-09-15 07:10:00,4305.67,4309.58,4304.35,4307.34
2026-09-15 07:15:00,4307.32,4308.57,4303.44,4304.16
2026-09-15 07:20:00,4304.12,4304.92,4302.72,4303.03
2026-09-15 07:25:00,4303.02,4304.06,4302.69,4303.55
2026-09-15 07:30:00,4303.55,4304.19,4302.64,4302.77
2026-09-15 07:35:00,4302.77,4305.04,4300.67,4304.65
2026-09-15 07:40:00,4304.71,4306.13,4303.55,4304.94
2026-09-15 07:45:00,4304.9,4306.96,4304.11,4305.48
2026-09-15 07:50:00,4305.47,4306.2,4304.32,4305.59
2026-09-15 07:55:00,4305.56,4307.69,4304.47,4304.75
2026-09-15 08:00:00,4304.73,4307.49,4302.66,4302.71
2026-09-15 08:05:00,4302.66,4303.6,4301.25,4302.01
2026-09-15 08:10:00,4302.0,4302.41,4300.39,4301.51
2026-09-15 08:15:00,4301.73,4301.73,4298.6,4300.07
2026-09-15 08:20:00,4300.12,4301.26,4297.16,4297.65
2026-09-15 08:25:00,4297.66,4298.4,4296.41,4297.35
2026-09-15 08:30:00,4297.2,4300.11,4289.2,4292.74
2026-09-15 08:35:00,4293.18,4294.8,4291.72,4294.13
2026-09-15 08:40:00,4294.1,4297.1,4293.66,4296.21
2026-09-15 08:45:00,4296.31,4299.89,4294.46,4294.74
2026-09-15 08:50:00,4294.74,4298.76,4294.2,4295.0
2026-09-15 08:55:00,4294.96,4294.96,4290.69,4290.99
2026-09-15 09:00:00,4290.98,4294.09,4290.48,4291.67
2026-09-15 09:05:00,4291.68,4291.7,4286.06,4288.61
2026-09-15 09:10:00,4288.67,4290.43,4285.99,4289.72
2026-09-15 09:15:00,4289.72,4292.2,4288.94,4289.94
2026-09-15 09:20:00,4289.93,4291.55,4288.53,4289.8
2026-09-15 09:25:00,4289.82,4290.27,4287.17,4289.5
2026-09-15 09:30:00,4289.4,4289.53,4285.97,4287.07
2026-09-15 09:35:00,4287.04,4291.2,4287.04,4291.04
2026-09-15 09:40:00,4290.74,4291.03,4288.56,4290.74
2026-09-15 09:45:00,4290.7,4294.22,4290.5,4292.38
2026-09-15 09:50:00,4292.31,4293.82,4292.07,4292.86
2026-09-15 09:55:00,4292.77,4295.23,4292.53,4293.44
2026-09-15 10:00:00,4293.4,4295.26,4289.51,4291.41
2026-09-15 10:05:00,4291.4,4292.24,4288.66,4290.87
2026-09-15 10:10:00,4290.76,4291.69,4286.59,4288.01
2026-09-15 10:15:00,4288.07,4291.89,4288.0,4291.67
2026-09-15 10:20:00,4291.61,4291.74,4287.51,4288.76
2026-09-15 10:25:00,4289.3,4292.21,4287.63,4291.95
2026-09-15 10:30:00,4291.96,4292.82,4290.07,4290.39
2026-09-15 10:35:00,4290.36,4290.36,4284.96,4285.66
2026-09-15 10:40:00,4285.63,4286.61,4280.92,4283.81
2026-09-15 10:45:00,4283.72,4289.77,4283.56,4284.78
2026-09-15 10:50:00,4284.78,4284.93,4276.24,4277.59
2026-09-15 10:55:00,4277.56,4280.66,4276.21,4280.53
2026-09-15 11:00:00,4280.44,4280.44,4266.67,4266.77
2026-09-15 11:05:00,4266.75,4268.62,4264.24,4265.07
2026-09-15 11:10:00,4264.99,4267.85,4263.64,4267.75
2026-09-15 11:15:00,4267.72,4273.91,4266.86,4273.69
2026-09-15 11:20:00,4273.74,4274.82,4271.39,4271.48
2026-09-15 11:25:00,4271.5,4275.04,4270.96,4273.18
2026-09-15 11:30:00,4273.14,4274.81,4271.59,4273.07
2026-09-15 11:35:00,4272.98,4274.79,4269.99,4270.83
2026-09-15 11:40:00,4270.86,4270.86,4267.1,4267.51
2026-09-15 11:45:00,4267.52,4269.53,4265.84,4266.4
2026-09-15 11:50:00,4266.41,4268.1,4265.97,4267.07
2026-09-15 11:55:00,4267.08,4268.45,4261.31,4262.31
2026-09-15 12:00:00,4262.3,4266.16,4261.51,4266.01
2026-09-15 12:05:00,4265.88,4266.88,4264.34,4265.54
2026-09-15 12:10:00,4265.64,4266.61,4263.45,4265.58
2026-09-15 12:15:00,4265.53,4268.03,4261.68,4262.6
2026-09-15 12:20:00,4262.52,4266.33,4262.24,4264.87
2026-09-15 12:25:00,4264.86,4269.43,4262.78,4266.89
2026-09-15 12:30:00,4266.81,4267.73,4264.9,4266.72
2026-09-15 12:35:00,4266.67,4269.23,4265.22,4268.88
2026-09-15 12:40:00,4268.89,4272.14,4268.0,4269.55
2026-09-15 12:45:00,4269.6,4272.06,4268.29,4270.55
2026-09-15 12:50:00,4270.55,4271.34,4268.59,4270.57
2026-09-15 12:55:00,4270.57,4270.86,4267.87,4268.28
2026-09-15 13:00:00,4268.3,4273.26,4268.3,4271.39
2026-09-15 13:05:00,4271.77,4275.54,4271.77,4273.97
2026-09-15 13:10:00,4273.87,4277.65,4272.24,4273.15
2026-09-15 13:15:00,4273.13,4273.14,4269.95,4271.46
2026-09-15 13:20:00,4271.49,4274.6,4270.34,4274.47
2026-09-15 13:25:00,4274.5,4274.56,4273.11,4274.45
2026-09-15 13:30:00,4274.48,4275.44,4273.76,4275.02
2026-09-15 13:35:00,4275.04,4276.33,4273.63,4274.0
2026-09-15 13:40:00,4273.98,4277.32,4273.64,4274.88
2026-09-15 13:45:00,4274.85,4277.47,4274.64,4277.1
2026-09-15 13:50:00,4277.13,4282.57,4277.13,4282.02
2026-09-15 13:55:00,4282.03,4283.81,4281.13,4281.58
2026-09-15 14:00:00,4281.57,4282.1,4279.84,4280.45
2026-09-15 14:05:00,4280.51,4282.59,4278.65,4282.2
2026-09-15 14:10:00,4282.29,4283.79,4281.63,4283.6
2026-09-15 14:15:00,4283.63,4285.54,4283.04,4283.52
2026-09-15 14:20:00,4283.51,4285.03,4282.72,4283.87
2026-09-15 14:25:00,4283.81,4284.43,4282.48,4283.34
2026-09-15 14:30:00,4283.35,4284.11,4281.41,4284.11
2026-09-15 14:35:00,4284.28,4285.01,4280.65,4281.13
2026-09-15 14:40:00,4281.23,4284.01,4280.36,4282.77
2026-09-15 14:45:00,4282.81,4285.39,4282.65,4283.74
2026-09-15 14:50:00,4283.71,4285.04,4282.52,4283.05
2026-09-15 14:55:00,4282.94,4286.72,4282.46,4284.64
2026-09-15 15:00:00,4284.41,4284.91,4281.36,4284.6
2026-09-15 15:05:00,4284.62,4284.63,4277.47,4277.88
2026-09-15 15:10:00,4277.82,4279.11,4275.89,4278.57
2026-09-15 15:15:00,4278.5,4279.2,4273.73,4274.09
2026-09-15 15:20:00,4274.3,4274.51,4271.33,4273.29
2026-09-15 15:25:00,4273.09,4277.96,4272.63,4277.76
2026-09-15 15:30:00,4277.94,4283.01,4274.71,4282.79
2026-09-15 15:35:00,4282.8,4286.02,4278.99,4279.28
2026-09-15 15:40:00,4279.41,4281.47,4277.93,4281.17
2026-09-15 15:45:00,4281.23,4290.97,4281.09,4290.5
2026-09-15 15:50:00,4290.45,4294.09,4287.48,4293.58
2026-09-15 15:55:00,4293.53,4295.7,4285.39,4290.6
2026-09-15 16:00:00,4290.33,4294.39,4289.23,4292.89
2026-09-15 16:05:00,4292.77,4292.99,4283.89,4285.26
2026-09-15 16:10:00,4285.24,4289.3,4285.13,4286.77
2026-09-15 16:15:00,4286.79,4289.76,4285.58,4287.41
2026-09-15 16:20:00,4287.41,4292.28,4283.77,4292.07
2026-09-15 16:25:00,4292.15,4293.07,4286.67,4287.3
2026-09-15 16:30:00,4287.52,4291.47,4284.2,4286.46
2026-09-15 16:35:00,4286.6,4294.09,4286.29,4286.34
2026-09-15 16:40:00,4286.52,4290.7,4285.19,4289.7
2026-09-15 16:45:00,4289.48,4295.52,4288.28,4294.71
2026-09-15 16:50:00,4294.89,4297.44,4292.16,4295.65
2026-09-15 16:55:00,4295.53,4298.3,4294.54,4294.81
2026-09-15 17:00:00,4294.84,4298.95,4294.27,4294.84
2026-09-15 17:05:00,4294.93,4300.3,4293.96,4298.0
2026-09-15 17:10:00,4297.89,4298.14,4293.56,4294.46
2026-09-15 17:15:00,4294.6,4295.62,4289.86,4293.95
2026-09-15 17:20:00,4294.07,4295.12,4285.91,4288.53
2026-09-15 17:25:00,4288.8,4289.49,4283.07,4284.05
2026-09-15 17:30:00,4283.67,4284.88,4279.54,4282.99
2026-09-15 17:35:00,4283.7,4286.03,4275.65,4277.84
2026-09-15 17:40:00,4277.85,4279.18,4276.24,4278.15
2026-09-15 17:45:00,4278.18,4282.87,4276.85,4278.29
2026-09-15 17:50:00,4278.26,4280.46,4274.18,4279.97
2026-09-15 17:55:00,4279.98,4280.03,4274.85,4277.16
2026-09-15 18:00:00,4276.9,4282.9,4276.6,4282.9
2026-09-15 18:05:00,4282.78,4284.16,4280.82,4282.55
2026-09-15 18:10:00,4282.55,4286.1,4281.66,4285.38
2026-09-15 18:15:00,4285.36,4287.57,4283.51,4286.32
2026-09-15 18:20:00,4286.53,4287.27,4282.35,4285.33
2026-09-15 18:25:00,4285.39,4286.17,4283.25,4283.83
2026-09-15 18:30:00,4284.01,4285.62,4281.52,4285.0
2026-09-15 18:35:00,4285.52,4287.96,4284.03,4287.69
2026-09-15 18:40:00,4287.69,4290.4,4287.21,4287.73
2026-09-15 18:45:00,4287.71,4288.31,4284.99,4286.64
2026-09-15 18:50:00,4286.67,4292.05,4286.48,4290.0
2026-09-15 18:55:00,4289.91,4294.55,4287.95,4289.27
2026-09-15 19:00:00,4289.31,4291.3,4288.1,4291.21
2026-09-15 19:05:00,4291.17,4291.6,4289.08,4290.67
2026-09-15 19:10:00,4290.65,4291.04,4286.2,4286.26
2026-09-15 19:15:00,4286.41,4288.63,4285.5,4288.59
2026-09-15 19:20:00,4288.35,4296.74,4287.96,4296.39
2026-09-15 19:25:00,4296.37,4297.07,4294.51,4295.68
2026-09-15 19:30:00,4295.67,4297.76,4292.93,4292.98
2026-09-15 19:35:00,4293.07,4295.81,4291.57,4295.0
2026-09-15 19:40:00,4294.85,4296.81,4293.02,4296.57
2026-09-15 19:45:00,4296.61,4297.51,4295.07,4295.36
2026-09-15 19:50:00,4295.34,4298.27,4295.07,4297.59
2026-09-15 19:55:00,4297.65,4297.72,4295.19,4295.45
2026-09-15 20:00:00,4295.52,4296.58,4291.03,4291.31
2026-09-15 20:05:00,4291.32,4293.85,4290.32,4292.65
2026-09-15 20:10:00,4292.81,4299.07,4292.81,4295.25
2026-09-15 20:15:00,4295.09,4296.42,4293.84,4295.92
2026-09-15 20:20:00,4295.95,4296.39,4292.03,4293.05
2026-09-15 20:25:00,4292.97,4295.09,4291.42,4293.01
2026-09-15 20:30:00,4293.14,4298.09,4293.07,4297.24
2026-09-15 20:35:00,4297.28,4298.97,4295.59,4295.65
2026-09-15 20:40:00,4295.68,4295.74,4292.34,4293.26
2026-09-15 20:45:00,4293.26,4295.84,4293.19,4295.0
2026-09-15 20:50:00,4294.94,4296.21,4294.04,4295.16
2026-09-15 20:55:00,4295.17,4295.81,4294.32,4294.77
2026-09-15 21:00:00,4294.99,4296.03,4292.93,4295.18
2026-09-15 21:05:00,4295.13,4298.68,4294.8,4296.65
2026-09-15 21:10:00,4296.66,4304.18,4296.24,4302.21
2026-09-15 21:15:00,4302.4,4306.72,4302.09,4305.31
2026-09-15 21:20:00,4305.33,4305.49,4303.57,4304.9
2026-09-15 21:25:00,4304.87,4306.48,4303.46,4304.89
2026-09-15 21:30:00,4304.95,4304.95,4301.9,4303.02
2026-09-15 21:35:00,4303.24,4303.77,4301.74,4303.55
2026-09-15 21:40:00,4303.54,4308.22,4303.26,4304.77
2026-09-15 21:45:00,4304.78,4308.08,4304.5,4307.01
2026-09-15 21:50:00,4307.03,4310.32,4307.01,4308.74
2026-09-15 21:55:00,4308.74,4308.79,4306.54,4308.61
2026-09-15 22:00:00,4308.75,4310.61,4304.9,4304.92
2026-09-15 22:05:00,4304.97,4305.43,4302.54,4304.2
2026-09-15 22:10:00,4304.22,4304.47,4300.28,4300.29
2026-09-15 22:15:00,4300.23,4302.19,4299.49,4300.19
2026-09-15 22:20:00,4300.2,4301.57,4298.19,4301.28
2026-09-15 22:25:00,4301.13,4301.65,4300.15,4301.12
2026-09-15 22:30:00,4301.11,4302.37,4298.74,4299.52
2026-09-15 22:35:00,4299.47,4299.88,4298.41,4298.99
2026-09-15 22:40:00,4298.99,4298.99,4296.84,4296.84
2026-09-15 22:45:00,4296.82,4299.7,4296.24,4298.89
2026-09-15 22:50:00,4298.79,4299.72,4295.82,4296.69
2026-09-15 22:55:00,4296.48,4298.09,4294.26,4297.78
2026-09-15 23:00:00,4297.77,4299.0,4296.38,4296.47
2026-09-15 23:05:00,4296.49,4298.23,4295.86,4297.83
2026-09-15 23:10:00,4297.74,4298.58,4295.66,4296.32
2026-09-15 23:15:00,4296.32,4296.61,4295.33,4296.11
2026-09-15 23:20:00,4296.11,4296.87,4294.57,4295.0
2026-09-15 23:25:00,4295.04,4295.24,4294.05,4294.39
2026-09-15 23:30:00,4294.48,4296.13,4292.39,4292.57
2026-09-15 23:35:00,4292.76,4293.18,4291.87,4292.79
2026-09-15 23:40:00,4292.71,4293.25,4292.18,4293.01
2026-09-15 23:45:00,4293.02,4293.12,4292.4,4292.67
2026-09-15 23:50:00,4292.5,4294.32,4291.98,4292.83
2026-09-15 23:55:00,4292.73,4294.21,4292.72,4293.89
2026-09-16 01:00:00,4294.94,4296.12,4293.48,4295.32
2026-09-16 01:05:00,4295.22,4295.66,4294.71,4295.49
2026-09-16 01:10:00,4295.48,4295.69,4292.85,4292.85
2026-09-16 01:15:00,4292.91,4294.0,4292.09,4292.22
2026-09-16 01:20:00,4292.22,4294.61,4291.63,4294.57
2026-09-16 01:25:00,4294.54,4298.91,4294.16,4298.76
2026-09-16 01:30:00,4298.7,4298.9,4295.19,4297.46
2026-09-16 01:35:00,4297.47,4298.16,4297.18,4297.77
2026-09-16 01:40:00,4297.73,4297.77,4294.41,4294.7
2026-09-16 01:45:00,4294.71,4295.4,4294.01,4294.1
2026-09-16 01:50:00,4294.13,4294.44,4293.06,4293.1
2026-09-16 01:55:00,4293.14,4293.18,4288.85,4288.89
2026-09-16 02:00:00,4288.9,4289.31,4284.81,4285.08
2026-09-16 02:05:00,4285.13,4287.27,4285.13,4285.87
2026-09-16 02:10:00,4286.06,4288.57,4285.33,4286.18
2026-09-16 02:15:00,4286.19,4287.11,4285.51,4286.93
2026-09-16 02:20:00,4286.87,4287.2,4284.48,4284.89
2026-09-16 02:25:00,4284.88,4285.81,4282.07,4284.39
2026-09-16 02:30:00,4284.34,4287.71,4283.13,4287.03
2026-09-16 02:35:00,4287.07,4287.37,4282.7,4285.0
2026-09-16 02:40:00,4284.88,4285.66,4283.79,4284.63
2026-09-16 02:45:00,4284.67,4286.26,4283.51,4283.51
2026-09-16 02:50:00,4283.43,4284.67,4283.16,4283.55
2026-09-16 02:55:00,4283.55,4283.56,4281.14,4283.44
2026-09-16 03:00:00,4283.34,4283.9,4280.62,4280.77
2026-09-16 03:05:00,4280.67,4284.63,4280.66,4281.53
2026-09-16 03:10:00,4281.55,4282.86,4280.61,4282.57
2026-09-16 03:15:00,4282.57,4285.76,4281.72,4285.56
2026-09-16 03:20:00,4285.53,4286.21,4283.43,4285.24
2026-09-16 03:25:00,4285.05,4285.14,4283.19,4284.07
2026-09-16 03:30:00,4284.05,4284.68,4279.91,4281.48
2026-09-16 03:35:00,4281.49,4281.68,4279.69,4281.08
2026-09-16 03:40:00,4281.08,4285.56,4280.74,4283.68
2026-09-16 03:45:00,4283.65,4285.06,4282.41,4282.9
2026-09-16 03:50:00,4282.77,4282.77,4278.09,4278.09
2026-09-16 03:55:00,4278.05,4278.44,4275.45,4277.42
2026-09-16 04:00:00,4277.21,4284.66,4276.78,4279.86
2026-09-16 04:05:00,4279.39,4282.58,4278.25,4281.38
2026-09-16 04:10:00,4281.2,4287.74,4279.11,4287.15
2026-09-16 04:15:00,4287.14,4290.0,4284.5,4287.31
2026-09-16 04:20:00,4287.33,4290.6,4287.3,4290.31
2026-09-16 04:25:00,4290.39,4293.5,4288.87,4290.49
2026-09-16 04:30:00,4290.4,4291.25,4287.72,4289.13
2026-09-16 04:35:00,4289.25,4289.78,4286.11,4286.11
2026-09-16 04:40:00,4285.92,4290.47,4285.78,4288.45
2026-09-16 04:45:00,4288.43,4288.94,4285.16,4287.83
2026-09-16 04:50:00,4287.86,4288.89,4283.92,4285.26
2026-09-16 04:55:00,4285.26,4286.84,4279.98,4282.41
2026-09-16 05:00:00,4282.39,4287.58,4281.79,4287.52
2026-09-16 05:05:00,4287.86,4289.4,4284.59,4289.09
2026-09-16 05:10:00,4289.09,4294.85,4289.09,4292.43
2026-09-16 05:15:00,4292.21,4294.83,4289.95,4291.7
2026-09-16 05:20:00,4291.61,4295.66,4290.9,4295.66
2026-09-16 05:25:00,4295.65,4300.66,4295.38,4298.96
2026-09-16 05:30:00,4300.03,4311.34,4298.64,4310.1
2026-09-16 05:35:00,4310.48,4316.02,4309.29,4311.14
2026-09-16 05:40:00,4311.69,4313.94,4310.87,4311.0
2026-09-16 05:45:00,4310.99,4315.77,4310.89,4315.32
2026-09-16 05:50:00,4315.28,4316.86,4313.7,4316.63
2026-09-16 05:55:00,4316.84,4323.45,4316.02,4321.69
2026-09-16 06:00:00,4321.64,4328.61,4321.49,4328.28
2026-09-16 06:05:00,4328.25,4330.63,4325.7,4327.07
2026-09-16 06:10:00,4327.09,4338.68,4326.58,4336.96
2026-09-16 06:15:00,4337.34,4339.74,4335.64,4335.94
2026-09-16 06:20:00,4335.9,4340.95,4335.47,4336.6
2026-09-16 06:25:00,4336.69,4337.95,4331.96,4331.96
2026-09-16 06:30:00,4331.69,4332.53,4328.93,4329.61
2026-09-16 06:35:00,4329.63,4329.66,4326.32,4327.51
2026-09-16 06:40:00,4327.53,4329.28,4325.99,4327.12
2026-09-16 06:45:00,4327.11,4327.86,4323.41,4323.68
2026-09-16 06:50:00,4323.61,4326.85,4322.78,4326.76
2026-09-16 06:55:00,4326.77,4327.57,4325.55,4327.07
2026-09-16 07:00:00,4327.07,4328.4,4326.68,4327.78
2026-09-16 07:05:00,4327.77,4327.84,4325.68,4326.48
2026-09-16 07:10:00,4326.49,4327.85,4325.58,4326.89
2026-09-16 07:15:00,4326.88,4327.42,4323.34,4323.76
2026-09-16 07:20:00,4323.76,4328.48,4323.76,4326.75
2026-09-16 07:25:00,4326.74,4327.11,4325.3,4325.73
2026-09-16 07:30:00,4325.72,4328.24,4324.97,4325.28
2026-09-16 07:35:00,4325.27,4326.02,4324.79,4325.95
2026-09-16 07:40:00,4325.93,4326.07,4322.92,4322.93
2026-09-16 07:45:00,4322.94,4323.43,4320.96,4321.14
2026-09-16 07:50:00,4321.2,4322.03,4320.65,4321.49
2026-09-16 07:55:00,4321.49,4322.44,4320.79,4321.92
2026-09-16 08:00:00,4321.96,4322.91,4320.81,4322.91
2026-09-16 08:05:00,4323.01,4324.42,4322.39,4323.56
2026-09-16 08:10:00,4323.58,4324.46,4321.17,4321.61
2026-09-16 08:15:00,4321.64,4325.87,4321.63,4325.8
2026-09-16 08:20:00,4325.73,4326.23,4323.27,4323.63
2026-09-16 08:25:00,4323.63,4326.89,4323.53,4324.94
2026-09-16 08:30:00,4325.15,4329.18,4324.41,4328.48
2026-09-16 08:35:00,4328.47,4330.77,4326.73,4328.77
2026-09-16 08:40:00,4328.95,4332.86,4328.22,4332.76
2026-09-16 08:45:00,4332.85,4333.67,4327.92,4328.97
2026-09-16 08:50:00,4329.0,4332.21,4328.96,4329.73
2026-09-16 08:55:00,4329.56,4330.98,4326.37,4326.38
2026-09-16 09:00:00,4326.54,4332.02,4322.08,4322.44
2026-09-16 09:05:00,4322.56,4325.08,4321.51,4324.34
2026-09-16 09:10:00,4324.24,4327.41,4324.08,4325.76
2026-09-16 09:15:00,4325.84,4327.21,4324.8,4327.14
2026-09-16 09:20:00,4327.2,4330.17,4326.67,4328.04
2026-09-16 09:25:00,4327.98,4327.98,4325.55,4326.94
2026-09-16 09:30:00,4326.85,4327.32,4324.59,4324.81
2026-09-16 09:35:00,4324.85,4326.86,4323.71,4325.67
2026-09-16 09:40:00,4325.69,4328.19,4324.47,4327.99
2026-09-16 09:45:00,4327.86,4328.2,4325.32,4327.96
2026-09-16 09:50:00,4327.86,4330.7,4326.72,4328.13
2026-09-16 09:55:00,4328.13,4333.06,4328.13,4332.86
2026-09-16 10:00:00,4332.38,4335.84,4331.97,4334.67
2026-09-16 10:05:00,4334.64,4334.64,4330.06,4333.32
2026-09-16 10:10:00,4333.37,4335.39,4331.5,4335.34
2026-09-16 10:15:00,4335.46,4337.5,4333.08,4333.1
2026-09-16 10:20:00,4333.06,4336.29,4332.07,4334.49
2026-09-16 10:25:00,4334.41,4336.02,4332.76,4335.62
2026-09-16 10:30:00,4335.63,4337.07,4333.62,4335.62
2026-09-16 10:35:00,4335.59,4338.75,4335.58,4338.12
2026-09-16 10:40:00,4338.17,4339.02,4334.51,4336.13
2026-09-16 10:45:00,4336.14,4337.95,4333.97,4333.99
2026-09-16 10:50:00,4334.01,4334.39,4329.12,4329.19
2026-09-16 10:55:00,4329.19,4330.55,4328.47,4329.21
2026-09-16 11:00:00,4329.22,4329.52,4325.03,4325.94
2026-09-16 11:05:00,4325.95,4326.36,4323.91,4325.0
2026-09-16 11:10:00,4325.0,4327.91,4323.04,4327.43
2026-09-16 11:15:00,4327.46,4334.76,4326.66,4332.46
2026-09-16 11:20:00,4332.35,4337.65,4331.13,4334.78
2026-09-16 11:25:00,4334.78,4335.09,4333.07,4334.07
2026-09-16 11:30:00,4334.02,4334.26,4326.44,4328.49
2026-09-16 11:35:00,4328.76,4329.49,4324.34,4324.81
2026-09-16 11:40:00,4324.92,4328.84,4323.75,4328.34
2026-09-16 11:45:00,4328.35,4328.97,4327.02,4327.02
2026-09-16 11:50:00,4326.85,4330.12,4324.87,4329.02
2026-09-16 11:55:00,4328.93,4331.32,4328.79,4330.3
2026-09-16 12:00:00,4330.19,4332.36,4329.67,4330.67
2026-09-16 12:05:00,4330.68,4332.45,4329.86,4331.42
2026-09-16 12:10:00,4331.35,4332.56,4330.69,4332.06
2026-09-16 12:15:00,4332.09,4333.94,4329.17,4330.3
2026-09-16 12:20:00,4329.92,4330.81,4327.52,4327.72
2026-09-16 12:25:00,4327.73,4333.72,4327.63,4329.7
2026-09-16 12:30:00,4329.71,4335.24,4329.64,4333.84
2026-09-16 12:35:00,4333.95,4336.0,4332.79,4334.81
2026-09-16 12:40:00,4334.77,4337.41,4334.06,4335.05
2026-09-16 12:45:00,4335.13,4335.61,4331.39,4334.64
2026-09-16 12:50:00,4335.02,4335.89,4334.33,4335.6
2026-09-16 12:55:00,4335.6,4339.27,4335.13,4338.17
2026-09-16 13:00:00,4338.18,4341.82,4338.05,4338.88
2026-09-16 13:05:00,4338.92,4345.68,4337.65,4345.15
2026-09-16 13:10:00,4345.19,4349.03,4341.82,4342.82
2026-09-16 13:15:00,4342.81,4344.27,4341.83,4342.94
2026-09-16 13:20:00,4342.89,4346.11,4341.78,4342.19
2026-09-16 13:25:00,4342.22,4348.71,4340.91,4348.04
2026-09-16 13:30:00,4348.04,4348.67,4345.83,4347.84
2026-09-16 13:35:00,4347.73,4349.38,4346.81,4347.73
2026-09-16 13:40:00,4347.75,4349.36,4347.49,4349.13
2026-09-16 13:45:00,4349.1,4349.48,4347.92,4348.82
2026-09-16 13:50:00,4348.86,4348.92,4345.5,4346.04
2026-09-16 13:55:00,4346.0,4350.72,4345.89,4350.72
2026-09-16 14:00:00,4350.66,4353.25,4348.59,4350.23
2026-09-16 14:05:00,4350.23,4351.26,4348.65,4349.75
2026-09-16 14:10:00,4349.63,4350.84,4346.93,4347.13
2026-09-16 14:15:00,4347.13,4348.26,4346.58,4347.84
2026-09-16 14:20:00,4347.73,4349.15,4346.55,4348.8
2026-09-16 14:25:00,4348.55,4353.48,4348.11,4350.76
2026-09-16 14:30:00,4350.77,4351.65,4348.94,4350.98
2026-09-16 14:35:00,4350.98,4353.2,4348.68,4350.81
2026-09-16 14:40:00,4350.82,4350.89,4347.39,4349.86
2026-09-16 14:45:00,4349.96,4350.79,4346.84,4347.36
2026-09-16 14:50:00,4347.26,4348.1,4345.56,4347.4
2026-09-16 14:55:00,4347.3,4348.34,4341.66,4341.77
2026-09-16 15:00:00,4341.7,4343.69,4340.59,4343.06
2026-09-16 15:05:00,4343.07,4348.21,4342.37,4347.95
2026-09-16 15:10:00,4347.95,4347.95,4343.11,4343.38
2026-09-16 15:15:00,4343.39,4345.72,4340.46,4342.29
2026-09-16 15:20:00,4342.04,4342.04,4337.82,4338.72
2026-09-16 15:25:00,4338.8,4341.19,4338.62,4339.56
2026-09-16 15:30:00,4340.12,4342.21,4335.72,4341.36
2026-09-16 15:35:00,4341.67,4344.42,4338.74,4343.72
2026-09-16 15:40:00,4343.64,4345.03,4341.8,4343.82
2026-09-16 15:45:00,4343.84,4346.93,4342.55,4346.2
2026-09-16 15:50:00,4346.2,4347.77,4342.58,4345.15
2026-09-16 15:55:00,4345.15,4348.87,4344.37,4347.56
2026-09-16 16:00:00,4347.25,4350.0,4345.68,4346.58
2026-09-16 16:05:00,4346.61,4350.37,4343.81,4348.38
2026-09-16 16:10:00,4348.39,4357.17,4347.93,4356.55
2026-09-16 16:15:00,4356.65,4360.27,4353.15,4353.59
2026-09-16 16:20:00,4353.42,4355.9,4349.39,4353.53
2026-09-16 16:25:00,4353.95,4355.32,4351.57,4352.0
2026-09-16 16:30:00,4351.97,4354.19,4348.35,4348.42
2026-09-16 16:35:00,4348.57,4350.59,4345.14,4345.43
2026-09-16 16:40:00,4345.74,4347.11,4340.36,4340.47
2026-09-16 16:45:00,4340.53,4345.75,4340.53,4342.69
2026-09-16 16:50:00,4342.92,4344.93,4337.62,4338.52
2026-09-16 16:55:00,4338.81,4339.16,4335.06,4338.67
2026-09-16 17:00:00,4338.67,4339.18,4328.69,4328.69
2026-09-16 17:05:00,4328.66,4330.61,4324.22,4329.61
2026-09-16 17:10:00,4329.63,4340.09,4329.63,4340.09
2026-09-16 17:15:00,4340.11,4341.08,4332.13,4332.69
2026-09-16 17:20:00,4332.45,4335.83,4330.86,4332.88
2026-09-16 17:25:00,4332.96,4338.14,4331.97,4338.07
2026-09-16 17:30:00,4338.07,4338.41,4334.42,4336.67
2026-09-16 17:35:00,4336.66,4342.51,4336.58,4341.03
2026-09-16 17:40:00,4341.03,4345.92,4340.32,4345.73
2026-09-16 17:45:00,4345.61,4350.44,4345.18,4350.32
2026-09-16 17:50:00,4350.32,4354.39,4348.25,4348.38
2026-09-16 17:55:00,4348.37,4356.05,4347.56,4355.15
2026-09-16 18:00:00,4355.12,4357.62,4350.74,4350.74
2026-09-16 18:05:00,4350.75,4357.91,4350.01,4357.38
2026-09-16 18:10:00,4357.26,4357.96,4353.15,4353.22
2026-09-16 18:15:00,4353.16,4355.17,4351.49,4353.69
2026-09-16 18:20:00,4353.76,4353.83,4349.79,4350.08
2026-09-16 18:25:00,4350.08,4350.2,4344.07,4344.14
2026-09-16 18:30:00,4344.46,4348.54,4342.87,4347.76
2026-09-16 18:35:00,4347.94,4352.49,4347.23,4350.11
2026-09-16 18:40:00,4350.12,4351.14,4349.5,4350.61
2026-09-16 18:45:00,4350.61,4361.57,4350.24,4353.08
2026-09-16 18:50:00,4353.26,4355.09,4350.41,4351.65
2026-09-16 18:55:00,4351.69,4353.47,4349.93,4352.61
2026-09-16 19:00:00,4352.69,4352.86,4348.05,4348.05
2026-09-16 19:05:00,4347.98,4349.67,4346.65,4349.65
2026-09-16 19:10:00,4349.82,4351.15,4348.47,4350.03
2026-09-16 19:15:00,4350.03,4352.1,4349.08,4349.64
2026-09-16 19:20:00,4349.65,4350.06,4346.72,4347.63
2026-09-16 19:25:00,4347.65,4348.17,4344.27,4345.94
2026-09-16 19:30:00,4345.96,4348.19,4345.06,4347.87
2026-09-16 19:35:00,4347.77,4348.5,4345.41,4347.29
2026-09-16 19:40:00,4347.34,4348.34,4346.89,4347.5
2026-09-16 19:45:00,4347.5,4348.59,4346.08,4346.08
2026-09-16 19:50:00,4346.05,4346.05,4343.86,4345.83
2026-09-16 19:55:00,4345.73,4347.59,4345.49,4346.65
2026-09-16 20:00:00,4346.62,4346.76,4343.2,4344.93
2026-09-16 20:05:00,4344.94,4346.02,4342.92,4343.34
2026-09-16 20:10:00,4343.35,4343.95,4341.75,4343.63
2026-09-16 20:15:00,4343.44,4345.23,4342.98,4344.73
2026-09-16 20:20:00,4344.75,4345.14,4342.55,4344.53
2026-09-16 20:25:00,4344.57,4347.5,4344.35,4346.79
2026-09-16 20:30:00,4346.79,4349.95,4346.19,4348.94
2026-09-16 20:35:00,4349.01,4349.24,4343.54,4343.9
2026-09-16 20:40:00,4343.9,4345.27,4343.45,4344.0
2026-09-16 20:45:00,4344.05,4345.12,4342.64,4344.56
2026-09-16 20:50:00,4344.61,4350.05,4344.21,4347.89
2026-09-16 20:55:00,4347.87,4365.02,4347.52,4360.53
2026-09-16 21:00:00,4359.5,4367.5,4313.71,4324.82
2026-09-16 21:05:00,4325.27,4345.73,4325.27,4331.11
2026-09-16 21:10:00,4331.23,4334.33,4308.0,4310.1
2026-09-16 21:15:00,4310.39,4320.9,4306.47,4318.92
2026-09-16 21:20:00,4318.45,4324.11,4313.94,4314.98
2026-09-16 21:25:00,4315.03,4322.82,4312.57,4322.68
2026-09-16 21:30:00,4322.14,4323.72,4280.61,4285.27
2026-09-16 21:35:00,4284.82,4291.72,4262.14,4291.05
2026-09-16 21:40:00,4291.11,4310.89,4285.65,4301.17
2026-09-16 21:45:00,4301.19,4306.92,4291.46,4293.63
2026-09-16 21:50:00,4293.62,4296.08,4264.11,4265.48
2026-09-16 21:55:00,4266.02,4272.51,4257.16,4260.96
2026-09-16 22:00:00,4261.31,4287.13,4260.41,4273.23
2026-09-16 22:05:00,4272.94,4272.94,4250.16,4250.35
2026-09-16 22:10:00,4250.54,4252.97,4234.98,4252.63
2026-09-16 22:15:00,4253.03,4257.54,4240.65,4248.19
2026-09-16 22:20:00,4248.26,4252.92,4244.55,4252.78
2026-09-16 22:25:00,4252.87,4256.88,4239.62,4253.38
2026-09-16 22:30:00,4253.57,4263.52,4253.3,4262.9
2026-09-16 22:35:00,4263.1,4265.35,4256.71,4263.56
2026-09-16 22:40:00,4263.3,4270.87,4261.31,4265.65
2026-09-16 22:45:00,4265.21,4271.71,4264.5,4269.86
2026-09-16 22:50:00,4270.16,4276.54,4267.74,4273.15
2026-09-16 22:55:00,4273.21,4274.01,4268.76,4272.6
2026-09-16 23:00:00,4272.16,4273.78,4267.42,4270.6
2026-09-16 23:05:00,4270.58,4271.93,4265.84,4267.3
2026-09-16 23:10:00,4267.3,4267.55,4263.53,4264.76
2026-09-16 23:15:00,4264.78,4268.13,4263.56,4266.47
2026-09-16 23:20:00,4266.51,4266.62,4260.74,4260.84
2026-09-16 23:25:00,4260.83,4261.45,4257.29,4260.29
2026-09-16 23:30:00,4260.12,4262.03,4258.29,4261.41
2026-09-16 23:35:00,4261.26,4264.86,4259.61,4264.86
2026-09-16 23:40:00,4264.74,4265.23,4261.72,4262.25
2026-09-16 23:45:00,4262.4,4266.53,4262.24,4265.75
2026-09-16 23:50:00,4265.69,4265.73,4260.84,4262.68
2026-09-16 23:55:00,4262.53,4264.33,4262.27,4263.28
2026-09-17 01:00:00,4264.43,4264.85,4258.61,4259.93
2026-09-17 01:05:00,4259.92,4262.6,4258.96,4261.29
2026-09-17 01:10:00,4261.03,4261.87,4259.13,4259.13
2026-09-17 01:15:00,4259.12,4259.77,4257.5,4259.42
2026-09-17 01:20:00,4259.33,4261.96,4259.33,4261.05
2026-09-17 01:25:00,4261.06,4263.43,4260.85,4262.03
2026-09-17 01:30:00,4261.97,4270.18,4261.92,4269.71
2026-09-17 01:35:00,4269.76,4276.24,4269.12,4275.07
2026-09-17 01:40:00,4275.08,4275.13,4272.91,4273.19
2026-09-17 01:45:00,4273.12,4273.87,4270.29,4270.32
2026-09-17 01:50:00,4270.31,4270.31,4265.68,4267.55
2026-09-17 01:55:00,4267.52,4271.47,4266.26,4266.53
2026-09-17 02:00:00,4266.5,4267.88,4262.31,4265.25
2026-09-17 02:05:00,4265.18,4265.79,4258.77,4264.42
2026-09-17 02:10:00,4264.59,4266.75,4261.34,4262.57
2026-09-17 02:15:00,4262.69,4270.4,4261.95,4268.42
2026-09-17 02:20:00,4268.67,4273.03,4268.67,4271.14
2026-09-17 02:25:00,4271.52,4271.93,4269.67,4271.78
2026-09-17 02:30:00,4271.77,4273.27,4270.91,4270.91
2026-09-17 02:35:00,4270.7,4271.6,4268.53,4271.0
2026-09-17 02:40:00,4270.99,4274.39,4269.47,4273.51
2026-09-17 02:45:00,4273.51,4275.46,4271.51,4273.49
2026-09-17 02:50:00,4273.5,4275.36,4271.42,4272.22
2026-09-17 02:55:00,4272.2,4273.81,4271.43,4271.57
2026-09-17 03:00:00,4271.77,4272.01,4266.37,4269.18
2026-09-17 03:05:00,4268.94,4277.95,4268.74,4277.95
2026-09-17 03:10:00,4278.7,4286.67,4278.66,4284.88
2026-09-17 03:15:00,4284.94,4286.37,4281.57,4284.35
2026-09-17 03:20:00,4284.46,4289.28,4284.27,4286.37
2026-09-17 03:25:00,4286.36,4286.81,4283.17,4284.58
2026-09-17 03:30:00,4284.54,4288.74,4282.05,4284.89
2026-09-17 03:35:00,4284.9,4288.83,4283.96,4287.63
2026-09-17 03:40:00,4287.62,4292.24,4287.17,4288.63
2026-09-17 03:45:00,4288.62,4289.12,4284.25,4284.43
2026-09-17 03:50:00,4284.48,4285.23,4278.75,4280.04
2026-09-17 03:55:00,4280.03,4282.13,4277.01,4280.1
2026-09-17 04:00:00,4280.38,4298.43,4280.38,4297.37
2026-09-17 04:05:00,4297.03,4310.14,4296.73,4303.28
2026-09-17 04:10:00,4302.89,4302.94,4294.79,4298.62
2026-09-17 04:15:00,4298.61,4306.77,4298.28,4302.81
2026-09-17 04:20:00,4302.68,4310.33,4301.26,4309.83
2026-09-17 04:25:00,4309.74,4312.45,4307.96,4309.86
2026-09-17 04:30:00,4309.89,4315.15,4308.46,4313.91
2026-09-17 04:35:00,4313.92,4318.05,4310.99,4311.88
2026-09-17 04:40:00,4311.91,4312.87,4309.02,4309.25
2026-09-17 04:45:00,4308.39,4311.78,4306.74,4310.79
2026-09-17 04:50:00,4310.81,4311.15,4305.13,4305.27
2026-09-17 04:55:00,4305.24,4305.74,4298.08,4300.17
2026-09-17 05:00:00,4300.18,4300.87,4297.28,4298.47
2026-09-17 05:05:00,4298.51,4299.26,4285.16,4287.62
2026-09-17 05:10:00,4287.01,4289.04,4281.06,4287.46
2026-09-17 05:15:00,4287.32,4292.22,4287.05,4292.22
2026-09-17 05:20:00,4292.23,4292.97,4290.03,4290.23
2026-09-17 05:25:00,4290.24,4292.21,4289.69,4291.64
2026-09-17 05:30:00,4291.98,4292.53,4284.72,4285.75
2026-09-17 05:35:00,4285.79,4286.53,4282.99,4283.52
2026-09-17 05:40:00,4283.52,4290.65,4281.43,4288.49
2026-09-17 05:45:00,4288.47,4289.47,4282.54,4283.47
2026-09-17 05:50:00,4283.39,4283.84,4274.76,4275.99
2026-09-17 05:55:00,4275.8,4280.72,4273.93,4277.16
2026-09-17 06:00:00,4277.13,4282.83,4277.0,4282.52
2026-09-17 06:05:00,4282.51,4286.52,4281.02,4284.93
2026-09-17 06:10:00,4284.69,4285.76,4282.09,4285.08
2026-09-17 06:15:00,4284.99,4286.9,4283.36,4286.43
2026-09-17 06:20:00,4286.3,4286.51,4283.17,4285.77
2026-09-17 06:25:00,4286.06,4286.8,4285.05,4285.93
2026-09-17 06:30:00,4285.91,4292.23,4285.68,4290.26
2026-09-17 06:35:00,4290.22,4293.45,4289.91,4292.39
2026-09-17 06:40:00,4292.38,4296.23,4291.79,4295.87
2026-09-17 06:45:00,4296.08,4296.68,4293.79,4295.65
2026-09-17 06:50:00,4295.61,4296.74,4294.23,4296.42
2026-09-17 06:55:00,4296.41,4297.39,4295.6,4296.03
2026-09-17 07:00:00,4296.02,4296.02,4293.73,4294.12
2026-09-17 07:05:00,4294.12,4296.53,4293.25,4296.29
2026-09-17 07:10:00,4296.11,4296.11,4292.86,4293.73
2026-09-17 07:15:00,4293.73,4294.21,4292.74,4293.24
2026-09-17 07:20:00,4293.22,4295.73,4292.07,4293.67
2026-09-17 07:25:00,4293.69,4294.05,4291.12,4291.32
2026-09-17 07:30:00,4291.25,4293.16,4290.4,4291.34
2026-09-17 07:35:00,4291.46,4296.45,4291.43,4295.02
2026-09-17 07:40:00,4295.02,4296.16,4293.07,4295.27
2026-09-17 07:45:00,4295.24,4298.87,4295.24,4297.16
2026-09-17 07:50:00,4297.17,4298.8,4295.47,4297.39
2026-09-17 07:55:00,4297.43,4298.61,4295.79,4297.41
2026-09-17 08:00:00,4297.26,4299.04,4296.66,4297.96
2026-09-17 08:05:00,4298.0,4298.16,4296.69,4297.27
2026-09-17 08:10:00,4297.29,4297.41,4294.0,4294.14
2026-09-17 08:15:00,4294.1,4294.1,4288.21,4288.21
2026-09-17 08:20:00,4288.27,4288.28,4285.39,4286.81
2026-09-17 08:25:00,4287.0,4287.97,4286.31,4286.31
2026-09-17 08:30:00,4286.24,4296.81,4286.18,4294.78
2026-09-17 08:35:00,4294.84,4297.08,4292.55,4296.98
2026-09-17 08:40:00,4296.96,4298.06,4294.36,4296.97
2026-09-17 08:45:00,4297.36,4299.31,4295.96,4297.62
2026-09-17 08:50:00,4297.78,4303.53,4297.78,4303.32
2026-09-17 08:55:00,4303.2,4305.26,4302.45,4304.47
2026-09-17 09:00:00,4304.41,4308.72,4304.32,4306.33
2026-09-17 09:05:00,4306.38,4310.74,4305.89,4310.15
2026-09-17 09:10:00,4310.25,4312.32,4308.83,4312.06
2026-09-17 09:15:00,4312.22,4312.22,4304.84,4307.44
2026-09-17 09:20:00,4307.41,4308.53,4305.61,4307.36
2026-09-17 09:25:00,4307.38,4312.93,4307.06,4312.07
2026-09-17 09:30:00,4311.8,4315.19,4311.09,4312.76
2026-09-17 09:35:00,4312.77,4312.9,4305.76,4306.34
2026-09-17 09:40:00,4306.35,4309.8,4306.16,4309.44
2026-09-17 09:45:00,4309.36,4311.89,4307.24,4310.24
2026-09-17 09:50:00,4309.97,4311.01,4306.76,4309.97
2026-09-17 09:55:00,4309.97,4311.34,4308.59,4310.72
2026-09-17 10:00:00,4310.84,4313.45,4309.35,4311.66
2026-09-17 10:05:00,4311.57,4315.82,4311.57,4314.92
2026-09-17 10:10:00,4314.98,4323.35,4314.98,4322.81
2026-09-17 10:15:00,4322.79,4329.43,4322.79,4323.9
2026-09-17 10:20:00,4323.88,4325.32,4319.34,4324.86
2026-09-17 10:25:00,4324.85,4329.78,4324.13,4329.24
2026-09-17 10:30:00,4329.58,4334.7,4329.46,4332.67
2026-09-17 10:35:00,4332.67,4334.33,4329.85,4334.33
2026-09-17 10:40:00,4334.31,4334.97,4329.38,4331.38
2026-09-17 10:45:00,4331.52,4335.29,4329.86,4332.31
2026-09-17 10:50:00,4332.25,4332.29,4327.5,4327.67
2026-09-17 10:55:00,4327.64,4328.12,4323.8,4327.18
2026-09-17 11:00:00,4327.27,4328.16,4325.73,4327.17
2026-09-17 11:05:00,4327.15,4327.9,4326.04,4326.47
2026-09-17 11:10:00,4326.46,4327.09,4317.9,4320.3
2026-09-17 11:15:00,4320.24,4321.95,4316.08,4316.82
2026-09-17 11:20:00,4316.7,4317.79,4314.63,4316.13
2026-09-17 11:25:00,4316.16,4317.12,4314.86,4316.03
2026-09-17 11:30:00,4316.1,4317.46,4312.03,4317.46
2026-09-17 11:35:00,4317.46,4319.46,4316.24,4318.92
2026-09-17 11:40:00,4318.88,4319.21,4313.49,4313.88
2026-09-17 11:45:00,4313.7,4313.7,4310.21,4311.65
2026-09-17 11:50:00,4311.72,4313.96,4310.72,4312.98
2026-09-17 11:55:00,4313.0,4313.33,4310.62,4311.56
2026-09-17 12:00:00,4311.55,4315.47,4311.55,4314.58
2026-09-17 12:05:00,4314.7,4316.94,4314.24,4316.56
2026-09-17 12:10:00,4316.61,4319.22,4315.36,4315.86
2026-09-17 12:15:00,4315.75,4316.45,4311.52,4311.75
2026-09-17 12:20:00,4311.71,4313.16,4310.5,4311.49
2026-09-17 12:25:00,4311.45,4312.21,4305.91,4306.58
2026-09-17 12:30:00,4306.53,4308.81,4305.08,4307.68
2026-09-17 12:35:00,4307.6,4309.78,4306.68,4309.01
2026-09-17 12:40:00,4308.98,4311.08,4308.49,4309.22
2026-09-17 12:45:00,4309.28,4309.77,4306.64,4309.52
2026-09-17 12:50:00,4309.58,4311.24,4309.02,4310.85
2026-09-17 12:55:00,4310.86,4310.88,4305.6,4306.16
2026-09-17 13:00:00,4306.18,4308.74,4305.11,4307.7
2026-09-17 13:05:00,4307.69,4311.44,4307.44,4308.99
2026-09-17 13:10:00,4309.0,4313.59,4309.0,4310.12
2026-09-17 13:15:00,4310.19,4310.74,4306.62,4306.62
2026-09-17 13:20:00,4306.66,4313.21,4306.66,4313.05
2026-09-17 13:25:00,4313.16,4315.56,4312.73,4313.53
2026-09-17 13:30:00,4313.76,4315.13,4312.25,4314.58
2026-09-17 13:35:00,4314.59,4318.47,4314.59,4316.77
2026-09-17 13:40:00,4316.7,4317.59,4314.69,4316.44
2026-09-17 13:45:00,4316.42,4318.63,4316.29,4318.56
2026-09-17 13:50:00,4318.66,4323.54,4318.45,4321.59
2026-09-17 13:55:00,4321.84,4325.09,4321.22,4324.27
2026-09-17 14:00:00,4324.34,4330.71,4323.92,4330.37
2026-09-17 14:05:00,4330.32,4336.82,4329.05,4336.05
2026-09-17 14:10:00,4336.03,4339.91,4330.56,4332.03
2026-09-17 14:15:00,4332.16,4334.56,4327.13,4327.13
2026-09-17 14:20:00,4326.91,4333.27,4326.9,4328.85
2026-09-17 14:25:00,4328.83,4329.3,4326.64,4328.46
2026-09-17 14:30:00,4328.54,4328.76,4325.46,4326.19
2026-09-17 14:35:00,4326.19,4327.41,4324.01,4325.85
2026-09-17 14:40:00,4325.86,4327.16,4323.42,4324.98
2026-09-17 14:45:00,4324.99,4332.74,4324.57,4332.63
2026-09-17 14:50:00,4332.15,4341.73,4331.44,4340.66
2026-09-17 14:55:00,4340.63,4353.17,4339.99,4350.26
2026-09-17 15:00:00,4349.96,4353.63,4343.72,4345.64
2026-09-17 15:05:00,4345.71,4354.11,4345.1,4353.43
2026-09-17 15:10:00,4353.17,4355.29,4351.21,4354.64
2026-09-17 15:15:00,4354.68,4366.33,4353.41,4365.63
2026-09-17 15:20:00,4365.69,4374.44,4363.23,4368.63
2026-09-17 15:25:00,4368.69,4381.3,4368.1,4380.97
2026-09-17 15:30:00,4376.64,4379.66,4368.34,4370.38
2026-09-17 15:35:00,4370.31,4371.56,4363.86,4369.51
2026-09-17 15:40:00,4369.63,4370.26,4360.47,4360.62
2026-09-17 15:45:00,4360.63,4367.34,4359.15,4366.49
2026-09-17 15:50:00,4366.82,4374.87,4366.82,4374.36
2026-09-17 15:55:00,4374.03,4374.03,4370.43,4373.33
2026-09-17 16:00:00,4373.14,4374.17,4365.31,4366.09
2026-09-17 16:05:00,4366.02,4371.67,4364.06,4366.13
2026-09-17 16:10:00,4366.11,4366.41,4360.22,4366.11
2026-09-17 16:15:00,4366.26,4375.11,4365.83,4372.47
2026-09-17 16:20:00,4372.88,4375.0,4366.24,4366.84
2026-09-17 16:25:00,4366.82,4368.42,4365.03,4366.87
2026-09-17 16:30:00,4366.91,4371.85,4363.17,4371.85
2026-09-17 16:35:00,4371.74,4374.09,4361.37,4361.45
2026-09-17 16:40:00,4361.37,4362.72,4356.35,4358.05
2026-09-17 16:45:00,4358.3,4368.83,4355.4,4367.51
2026-09-17 16:50:00,4367.21,4371.7,4366.13,4366.48
2026-09-17 16:55:00,4366.43,4369.81,4364.71,4366.84
2026-09-17 17:00:00,4366.97,4370.04,4364.58,4369.4
2026-09-17 17:05:00,4368.93,4379.93,4367.16,4377.19
2026-09-17 17:10:00,4377.11,4379.78,4368.53,4371.79
2026-09-17 17:15:00,4371.81,4372.24,4366.16,4369.03
2026-09-17 17:20:00,4369.07,4370.55,4365.65,4369.66
2026-09-17 17:25:00,4369.66,4372.89,4366.28,4366.69
2026-09-17 17:30:00,4366.84,4367.7,4361.93,4366.96
2026-09-17 17:35:00,4366.95,4367.92,4361.07,4361.09
2026-09-17 17:40:00,4361.21,4364.26,4359.42,4361.11
2026-09-17 17:45:00,4361.22,4364.67,4358.15,4361.39
2026-09-17 17:50:00,4361.26,4362.06,4355.54,4357.25
2026-09-17 17:55:00,4357.14,4357.38,4352.17,4354.06
2026-09-17 18:00:00,4353.89,4357.52,4351.49,4355.79
2026-09-17 18:05:00,4355.78,4359.15,4355.56,4356.41
2026-09-17 18:10:00,4356.45,4362.21,4353.33,4361.91
2026-09-17 18:15:00,4361.59,4364.48,4360.19,4363.28
2026-09-17 18:20:00,4363.24,4363.27,4359.0,4359.65
2026-09-17 18:25:00,4359.53,4362.94,4356.43,4358.19
2026-09-17 18:30:00,4358.47,4359.4,4355.66,4358.81
2026-09-17 18:35:00,4358.85,4363.47,4357.97,4362.55
2026-09-17 18:40:00,4362.5,4367.15,4362.19,4365.73
2026-09-17 18:45:00,4365.66,4367.54,4363.4,4365.49
2026-09-17 18:50:00,4365.29,4367.4,4364.16,4366.46
2026-09-17 18:55:00,4366.44,4370.05,4365.25,4369.93
2026-09-17 19:00:00,4369.94,4372.36,4368.82,4369.71
2026-09-17 19:05:00,4369.7,4371.39,4367.49,4369.62
2026-09-17 19:10:00,4369.62,4370.41,4367.14,4367.98
2026-09-17 19:15:00,4368.06,4368.83,4365.91,4367.18
2026-09-17 19:20:00,4367.14,4368.4,4366.03,4367.62
2026-09-17 19:25:00,4367.68,4368.15,4363.73,4367.72
2026-09-17 19:30:00,4367.52,4367.52,4357.71,4358.55
2026-09-17 19:35:00,4358.66,4360.75,4357.9,4360.05
2026-09-17 19:40:00,4360.11,4360.43,4357.56,4359.96
2026-09-17 19:45:00,4360.09,4361.56,4357.88,4357.99
2026-09-17 19:50:00,4357.86,4360.97,4356.24,4360.32
2026-09-17 19:55:00,4360.32,4362.37,4356.09,4362.37
2026-09-17 20:00:00,4362.48,4364.66,4358.4,4362.34
2026-09-17 20:05:00,4362.4,4365.8,4362.08,4363.84
2026-09-17 20:10:00,4363.75,4364.0,4360.74,4361.92
2026-09-17 20:15:00,4361.99,4363.12,4359.39,4360.3
2026-09-17 20:20:00,4360.37,4361.9,4357.85,4359.94
2026-09-17 20:25:00,4360.77,4362.48,4359.04,4360.53
2026-09-17 20:30:00,4360.51,4362.24,4360.31,4362.21
2026-09-17 20:35:00,4362.24,4363.73,4357.88,4358.15
2026-09-17 20:40:00,4358.04,4360.98,4358.04,4360.47
2026-09-17 20:45:00,4360.43,4361.01,4358.63,4359.49
2026-09-17 20:50:00,4359.35,4361.53,4359.27,4360.39
2026-09-17 20:55:00,4360.25,4361.66,4360.06,4361.27
2026-09-17 21:00:00,4361.27,4363.28,4360.13,4363.28
2026-09-17 21:05:00,4363.31,4364.73,4360.73,4362.12
2026-09-17 21:10:00,4362.13,4365.38,4361.39,4364.69
2026-09-17 21:15:00,4364.7,4365.54,4360.47,4360.9
2026-09-17 21:20:00,4360.95,4361.25,4357.14,4357.69
2026-09-17 21:25:00,4357.63,4358.97,4355.93,4356.26
2026-09-17 21:30:00,4356.22,4356.37,4349.46,4349.63
2026-09-17 21:35:00,4349.63,4351.76,4348.48,4351.54
2026-09-17 21:40:00,4351.49,4352.97,4350.68,4352.13
2026-09-17 21:45:00,4352.15,4352.62,4350.28,4352.13
2026-09-17 21:50:00,4352.01,4352.2,4349.3,4350.81
2026-09-17 21:55:00,4350.75,4351.81,4350.08,4351.51
2026-09-17 22:00:00,4351.58,4355.27,4351.36,4354.23
2026-09-17 22:05:00,4354.2,4355.97,4353.7,4354.66
2026-09-17 22:10:00,4354.68,4355.72,4353.55,4354.63
2026-09-17 22:15:00,4354.73,4354.73,4348.95,4351.97
2026-09-17 22:20:00,4352.09,4352.09,4347.41,4347.51
2026-09-17 22:25:00,4347.53,4349.7,4343.27,4343.27
2026-09-17 22:30:00,4343.31,4346.73,4342.66,4343.93
2026-09-17 22:35:00,4343.83,4344.86,4342.94,4344.37
2026-09-17 22:40:00,4344.38,4345.67,4344.27,4345.24
2026-09-17 22:45:00,4345.25,4347.48,4344.19,4345.28
2026-09-17 22:50:00,4345.36,4349.39,4344.85,4347.87
2026-09-17 22:55:00,4347.92,4349.0,4345.97,4346.02
2026-09-17 23:00:00,4346.07,4346.9,4344.08,4344.36
2026-09-17 23:05:00,4344.44,4345.93,4343.22,4345.07
2026-09-17 23:10:00,4345.07,4345.07,4342.52,4343.08
2026-09-17 23:15:00,4343.05,4344.74,4342.33,4343.23
2026-09-17 23:20:00,4343.22,4344.93,4342.89,4344.06
2026-09-17 23:25:00,4344.03,4345.4,4342.1,4342.18
2026-09-17 23:30:00,4342.18,4342.8,4341.16,4341.35
2026-09-17 23:35:00,4341.38,4342.31,4340.71,4342.16
2026-09-17 23:40:00,4342.0,4343.59,4341.06,4341.43
2026-09-17 23:45:00,4340.94,4342.34,4340.6,4342.07
2026-09-17 23:50:00,4342.07,4342.33,4340.58,4341.72
2026-09-17 23:55:00,4341.72,4342.39,4340.72,4341.19
2026-09-18 01:00:00,4347.22,4347.22,4342.48,4343.01
2026-09-18 01:05:00,4343.05,4343.22,4341.88,4342.67
2026-09-18 01:10:00,4342.68,4344.95,4341.87,4344.48
2026-09-18 01:15:00,4344.53,4344.97,4341.85,4341.86
2026-09-18 01:20:00,4341.86,4343.51,4341.65,4342.61
2026-09-18 01:25:00,4342.65,4344.83,4341.6,4344.82
2026-09-18 01:30:00,4344.75,4348.09,4344.69,4347.07
2026-09-18 01:35:00,4347.12,4349.41,4346.93,4348.89
2026-09-18 01:40:00,4348.88,4348.94,4344.38,4344.5
2026-09-18 01:45:00,4344.3,4345.25,4341.73,4342.36
2026-09-18 01:50:00,4342.33,4344.78,4341.49,4344.77
2026-09-18 01:55:00,4344.77,4346.18,4342.01,4344.44
2026-09-18 02:00:00,4344.41,4344.57,4341.89,4343.77
2026-09-18 02:05:00,4343.75,4344.86,4339.85,4344.3
2026-09-18 02:10:00,4344.3,4346.34,4343.82,4345.0
2026-09-18 02:15:00,4344.95,4345.37,4341.53,4344.64
2026-09-18 02:20:00,4344.65,4347.58,4344.37,4346.07
2026-09-18 02:25:00,4346.04,4347.38,4342.14,4344.17
2026-09-18 02:30:00,4344.17,4344.94,4343.73,4344.64
2026-09-18 02:35:00,4344.64,4344.78,4343.45,4343.66
2026-09-18 02:40:00,4343.69,4344.58,4343.21,4344.23
2026-09-18 02:45:00,4344.04,4345.73,4343.44,4344.91
2026-09-18 02:50:00,4344.79,4347.74,4344.61,4347.5
2026-09-18 02:55:00,4347.49,4348.07,4345.47,4346.28
2026-09-18 03:00:00,4346.02,4346.19,4342.21,4344.88
2026-09-18 03:05:00,4344.85,4346.9,4343.62,4346.9
2026-09-18 03:10:00,4346.92,4354.86,4346.65,4354.27
2026-09-18 03:15:00,4354.03,4355.12,4352.62,4352.9
2026-09-18 03:20:00,4352.87,4357.37,4350.85,4355.85
2026-09-18 03:25:00,4355.94,4355.94,4351.06,4353.31
2026-09-18 03:30:00,4353.31,4359.98,4353.02,4358.21
2026-09-18 03:35:00,4358.21,4360.03,4357.71,4358.36
2026-09-18 03:40:00,4358.29,4359.35,4357.4,4358.69
2026-09-18 03:45:00,4358.67,4359.22,4352.71,4353.52
2026-09-18 03:50:00,4353.51,4355.42,4352.39,4353.62
2026-09-18 03:55:00,4353.59,4357.26,4352.84,4356.19
2026-09-18 04:00:00,4356.36,4363.65,4356.36,4362.26
2026-09-18 04:05:00,4362.27,4365.49,4361.32,4361.36
2026-09-18 04:10:00,4360.86,4361.89,4357.26,4358.09
2026-09-18 04:15:00,4357.69,4361.99,4354.76,4360.53
2026-09-18 04:20:00,4360.43,4364.46,4360.37,4362.19
2026-09-18 04:25:00,4362.19,4363.16,4358.6,4359.77
2026-09-18 04:30:00,4359.86,4359.94,4351.73,4351.84
2026-09-18 04:35:00,4351.75,4354.85,4350.24,4350.56
2026-09-18 04:40:00,4350.48,4350.65,4347.15,4347.19
2026-09-18 04:45:00,4347.22,4350.26,4345.65,4348.18
2026-09-18 04:50:00,4348.14,4350.24,4343.92,4349.11
2026-09-18 04:55:00,4348.91,4350.11,4348.11,4348.17
2026-09-18 05:00:00,4348.3,4348.91,4345.81,4348.51
2026-09-18 05:05:00,4348.38,4351.73,4348.22,4349.26
2026-09-18 05:10:00,4349.18,4351.37,4346.88,4350.33
2026-09-18 05:15:00,4350.37,4352.82,4348.81,4348.84
2026-09-18 05:20:00,4348.85,4352.42,4348.16,4351.99
2026-09-18 05:25:00,4352.0,4353.71,4351.98,4352.9
2026-09-18 05:30:00,4353.3,4356.46,4351.51,4355.89
2026-09-18 05:35:00,4355.88,4356.49,4350.55,4352.07
2026-09-18 05:40:00,4352.05,4353.24,4350.31,4351.64
2026-09-18 05:45:00,4351.6,4355.69,4350.24,4354.47
2026-09-18 05:50:00,4354.19,4355.47,4348.76,4348.78
2026-09-18 05:55:00,4348.76,4348.76,4343.39,4346.79
2026-09-18 06:00:00,4346.68,4349.46,4344.72,4349.05
2026-09-18 06:05:00,4349.03,4351.8,4345.5,4345.65
2026-09-18 06:10:00,4345.68,4348.01,4344.26,4344.72
2026-09-18 06:15:00,4344.71,4344.84,4336.95,4337.38
2026-09-18 06:20:00,4337.36,4340.76,4334.6,4336.01
2026-09-18 06:25:00,4336.0,4340.97,4334.25,4340.84
2026-09-18 06:30:00,4340.75,4350.29,4340.52,4350.24
2026-09-18 06:35:00,4350.2,4353.46,4349.62,4352.74
2026-09-18 06:40:00,4352.74,4358.76,4351.84,4357.5
2026-09-18 06:45:00,4357.5,4360.81,4357.41,4358.77
2026-09-18 06:50:00,4358.77,4359.26,4357.02,4358.64
2026-09-18 06:55:00,4358.64,4360.65,4357.72,4359.21
2026-09-18 07:00:00,4359.09,4361.48,4357.63,4360.88
2026-09-18 07:05:00,4360.88,4361.18,4359.27,4359.63
2026-09-18 07:10:00,4359.64,4360.21,4356.97,4356.97
2026-09-18 07:15:00,4357.23,4357.23,4353.53,4353.53
2026-09-18 07:20:00,4353.48,4356.37,4352.81,4355.52
2026-09-18 07:25:00,4355.53,4357.85,4355.2,4357.8
2026-09-18 07:30:00,4358.07,4360.99,4357.13,4358.49
2026-09-18 07:35:00,4358.42,4360.24,4358.27,4359.69
2026-09-18 07:40:00,4359.7,4365.53,4359.36,4364.61
2026-09-18 07:45:00,4364.55,4366.29,4364.08,4365.35
2026-09-18 07:50:00,4365.24,4366.86,4361.16,4361.55
2026-09-18 07:55:00,4361.52,4366.94,4361.16,4366.86
2026-09-18 08:00:00,4366.73,4367.27,4364.1,4366.03
2026-09-18 08:05:00,4366.03,4369.18,4364.06,4368.07
2026-09-18 08:10:00,4368.07,4368.41,4365.37,4365.39
2026-09-18 08:15:00,4365.4,4369.53,4365.21,4368.75
2026-09-18 08:20:00,4368.73,4368.79,4366.05,4366.76
2026-09-18 08:25:00,4366.76,4366.91,4363.86,4364.63
2026-09-18 08:30:00,4365.69,4365.69,4360.4,4362.7
2026-09-18 08:35:00,4362.82,4372.95,4362.81,4372.37
2026-09-18 08:40:00,4372.39,4378.18,4370.47,4377.03
2026-09-18 08:45:00,4377.01,4377.75,4370.73,4370.73
2026-09-18 08:50:00,4370.62,4374.67,4370.51,4373.45
2026-09-18 08:55:00,4373.41,4377.97,4370.9,4377.26
2026-09-18 09:00:00,4377.22,4386.96,4377.22,4382.28
2026-09-18 09:05:00,4382.31,4388.16,4379.69,4387.46
2026-09-18 09:10:00,4387.39,4390.24,4386.49,4389.01
2026-09-18 09:15:00,4388.93,4389.03,4381.89,4384.78
2026-09-18 09:20:00,4384.79,4391.7,4384.55,4391.48
2026-09-18 09:25:00,4391.36,4393.89,4391.02,4392.48
2026-09-18 09:30:00,4392.45,4393.59,4390.79,4393.14
2026-09-18 09:35:00,4393.04,4394.55,4391.92,4394.52
2026-09-18 09:40:00,4394.52,4396.95,4393.68,4396.14
2026-09-18 09:45:00,4396.08,4397.24,4394.93,4395.34
2026-09-18 09:50:00,4395.34,4395.38,4390.57,4391.22
2026-09-18 09:55:00,4391.22,4394.08,4389.73,4393.44
2026-09-18 10:00:00,4393.49,4395.52,4390.92,4391.4
2026-09-18 10:05:00,4391.4,4395.64,4391.23,4393.68
2026-09-18 10:10:00,4393.74,4393.91,4388.96,4390.44
2026-09-18 10:15:00,4390.46,4393.9,4389.7,4392.72
2026-09-18 10:20:00,4392.71,4394.61,4391.73,4393.39
2026-09-18 10:25:00,4393.38,4395.84,4392.31,4395.64
2026-09-18 10:30:00,4395.66,4397.22,4392.02,4393.27
2026-09-18 10:35:00,4393.3,4396.98,4392.09,4393.77
2026-09-18 10:40:00,4393.77,4395.18,4391.32,4393.69
2026-09-18 10:45:00,4393.69,4397.37,4393.69,4397.3
2026-09-18 10:50:00,4397.32,4399.55,4395.33,4397.21
2026-09-18 10:55:00,4397.22,4397.71,4392.67,4393.35
2026-09-18 11:00:00,4393.69,4398.19,4392.85,4397.55
2026-09-18 11:05:00,4397.73,4398.33,4394.17,4394.87
2026-09-18 11:10:00,4394.88,4395.09,4390.35,4390.37
2026-09-18 11:15:00,4390.38,4392.6,4389.97,4391.82
2026-09-18 11:20:00,4391.68,4393.82,4389.55,4390.01
2026-09-18 11:25:00,4390.37,4390.54,4387.74,4387.88
2026-09-18 11:30:00,4387.91,4388.88,4386.23,4387.78
2026-09-18 11:35:00,4387.77,4389.48,4386.05,4386.72
2026-09-18 11:40:00,4386.72,4387.07,4385.17,4386.82
2026-09-18 11:45:00,4386.87,4388.89,4386.38,4386.82
2026-09-18 11:50:00,4386.85,4392.85,4386.85,4391.94
2026-09-18 11:55:00,4391.85,4394.21,4391.73,4392.22
2026-09-18 12:00:00,4392.3,4395.19,4391.68,4395.02
2026-09-18 12:05:00,4394.98,4397.37,4394.33,4396.16
2026-09-18 12:10:00,4396.15,4398.11,4394.28,4394.47
2026-09-18 12:15:00,4394.5,4395.31,4392.66,4393.12
2026-09-18 12:20:00,4393.18,4394.86,4391.07,4391.33
2026-09-18 12:25:00,4391.16,4391.16,4385.74,4387.79
2026-09-18 12:30:00,4387.91,4388.78,4385.61,4385.76
2026-09-18 12:35:00,4385.76,4386.24,4380.97,4381.37
2026-09-18 12:40:00,4381.45,4381.63,4376.72,4376.72
2026-09-18 12:45:00,4376.47,4376.96,4373.52,4374.6
2026-09-18 12:50:00,4374.57,4378.13,4374.2,4378.12
2026-09-18 12:55:00,4378.1,4378.26,4375.93,4376.51
2026-09-18 13:00:00,4376.5,4379.15,4375.77,4376.89
2026-09-18 13:05:00,4376.64,4379.78,4376.13,4378.94
2026-09-18 13:10:00,4378.95,4380.01,4378.0,4379.01
2026-09-18 13:15:00,4379.06,4379.83,4377.55,4379.63
2026-09-18 13:20:00,4379.59,4380.33,4378.04,4379.96
2026-09-18 13:25:00,4379.91,4381.42,4378.96,4381.42
2026-09-18 13:30:00,4381.44,4381.92,4378.26,4381.12
2026-09-18 13:35:00,4381.13,4382.01,4379.91,4380.72
2026-09-18 13:40:00,4380.69,4381.42,4378.85,4381.38
2026-09-18 13:45:00,4381.31,4381.39,4377.38,4378.8
2026-09-18 13:50:00,4378.81,4379.21,4376.21,4377.33
2026-09-18 13:55:00,4377.49,4381.77,4377.1,4381.7
2026-09-18 14:00:00,4381.69,4386.74,4381.19,4385.4
2026-09-18 14:05:00,4385.5,4386.05,4377.6,4385.7
2026-09-18 14:10:00,4385.69,4388.43,4385.41,4388.17
2026-09-18 14:15:00,4388.2,4388.46,4381.15,4381.6
2026-09-18 14:20:00,4381.61,4383.59,4381.19,4381.63
2026-09-18 14:25:00,4381.62,4383.08,4377.73,4377.73
2026-09-18 14:30:00,4377.83,4381.03,4377.35,4380.27
2026-09-18 14:35:00,4380.41,4382.66,4378.38,4379.38
2026-09-18 14:40:00,4379.06,4379.36,4374.58,4375.83
2026-09-18 14:45:00,4375.84,4377.43,4374.39,4376.33
2026-09-18 14:50:00,4376.23,4376.33,4372.67,4373.03
2026-09-18 14:55:00,4373.11,4381.78,4372.53,4381.26
2026-09-18 15:00:00,4381.48,4382.68,4373.65,4380.85
2026-09-18 15:05:00,4379.73,4381.29,4371.55,4374.88
2026-09-18 15:10:00,4374.89,4375.05,4370.64,4373.43
2026-09-18 15:15:00,4373.6,4375.82,4370.82,4371.31
2026-09-18 15:20:00,4371.33,4371.33,4356.92,4357.08
2026-09-18 15:25:00,4357.06,4360.41,4353.74,4358.48
2026-09-18 15:30:00,4358.25,4370.8,4358.25,4370.71
2026-09-18 15:35:00,4370.64,4373.02,4368.56,4368.74
2026-09-18 15:40:00,4368.58,4370.73,4366.7,4369.12
2026-09-18 15:45:00,4369.32,4370.63,4366.55,4368.99
2026-09-18 15:50:00,4368.63,4370.12,4366.42,4368.29
2026-09-18 15:55:00,4368.37,4369.56,4366.36,4368.91
2026-09-18 16:00:00,4369.0,4373.45,4363.81,4370.67
2026-09-18 16:05:00,4371.12,4375.6,4370.67,4372.61
2026-09-18 16:10:00,4372.64,4373.2,4370.4,4371.41
2026-09-18 16:15:00,4371.59,4374.5,4371.59,4372.09
2026-09-18 16:20:00,4372.09,4372.39,4364.77,4365.27
2026-09-18 16:25:00,4365.3,4367.51,4363.05,4367.1
2026-09-18 16:30:00,4367.19,4367.41,4358.42,4358.44
2026-09-18 16:35:00,4358.45,4360.21,4353.33,4359.08
2026-09-18 16:40:00,4359.08,4359.08,4352.18,4353.44
2026-09-18 16:45:00,4353.4,4358.04,4352.25,4354.41
2026-09-18 16:50:00,4354.5,4357.09,4347.81,4349.92
2026-09-18 16:55:00,4349.66,4352.33,4347.24,4349.3
2026-09-18 17:00:00,4348.93,4356.37,4347.72,4355.95
2026-09-18 17:05:00,4356.04,4356.48,4350.14,4352.11
2026-09-18 17:10:00,4352.22,4356.03,4351.34,4351.46
2026-09-18 17:15:00,4351.49,4355.01,4347.6,4348.25
2026-09-18 17:20:00,4348.1,4352.98,4343.41,4352.33
2026-09-18 17:25:00,4352.34,4353.94,4342.94,4342.96
2026-09-18 17:30:00,4342.96,4347.43,4342.75,4346.97
2026-09-18 17:35:00,4346.94,4353.93,4344.23,4353.11
2026-09-18 17:40:00,4353.06,4354.66,4350.61,4353.57
2026-09-18 17:45:00,4353.5,4355.66,4351.6,4354.85
2026-09-18 17:50:00,4354.73,4361.63,4354.41,4358.12
2026-09-18 17:55:00,4358.17,4359.97,4352.33,4352.98
2026-09-18 18:00:00,4353.01,4355.57,4352.33,4353.75
2026-09-18 18:05:00,4353.72,4356.35,4350.3,4350.3
2026-09-18 18:10:00,4350.39,4352.82,4348.06,4352.16
2026-09-18 18:15:00,4352.03,4355.38,4351.62,4355.38
2026-09-18 18:20:00,4355.39,4355.39,4351.73,4354.21
2026-09-18 18:25:00,4354.21,4356.99,4353.7,4356.22
2026-09-18 18:30:00,4356.27,4357.13,4353.33,4355.84
2026-09-18 18:35:00,4355.83,4357.32,4351.22,4351.35
2026-09-18 18:40:00,4351.26,4356.12,4348.77,4354.81
2026-09-18 18:45:00,4354.78,4357.95,4354.33,4356.9
2026-09-18 18:50:00,4357.07,4358.06,4352.33,4353.31
2026-09-18 18:55:00,4353.35,4356.98,4353.27,4356.68
2026-09-18 19:00:00,4356.68,4357.14,4354.83,4356.78
2026-09-18 19:05:00,4356.79,4360.03,4356.74,4360.02
2026-09-18 19:10:00,4360.29,4364.81,4359.39,4361.77
2026-09-18 19:15:00,4361.75,4366.15,4359.95,4366.15
2026-09-18 19:20:00,4366.17,4371.17,4366.05,4369.21
2026-09-18 19:25:00,4369.18,4378.3,4367.28,4377.63
2026-09-18 19:30:00,4377.62,4383.55,4374.47,4379.68
2026-09-18 19:35:00,4379.79,4380.7,4377.19,4380.26
2026-09-18 19:40:00,4380.22,4380.99,4377.6,4378.02
2026-09-18 19:45:00,4378.1,4380.81,4376.91,4378.92
2026-09-18 19:50:00,4378.92,4381.47,4378.35,4381.37
2026-09-18 19:55:00,4381.38,4383.54,4380.77,4382.72
2026-09-18 20:00:00,4382.88,4386.47,4381.75,4384.39
2026-09-18 20:05:00,4384.35,4387.18,4384.35,4386.39
2026-09-18 20:10:00,4386.8,4386.9,4383.32,4385.38
2026-09-18 20:15:00,4385.34,4389.03,4385.34,4385.72
2026-09-18 20:20:00,4385.91,4386.07,4383.12,4383.85
2026-09-18 20:25:00,4383.87,4387.43,4382.98,4386.83
2026-09-18 20:30:00,4386.88,4392.74,4385.31,4392.69
2026-09-18 20:35:00,4392.75,4396.0,4392.08,4393.51
2026-09-18 20:40:00,4393.52,4396.58,4392.36,4393.11
2026-09-18 20:45:00,4392.99,4396.13,4392.12,4395.28
2026-09-18 20:50:00,4395.26,4396.75,4393.16,4393.31
2026-09-18 20:55:00,4393.31,4394.85,4392.93,4393.13
2026-09-18 21:00:00,4393.11,4393.9,4391.85,4392.49
2026-09-18 21:05:00,4392.46,4394.3,4389.14,4390.3
2026-09-18 21:10:00,4390.49,4393.0,4389.53,4392.13
2026-09-18 21:15:00,4392.11,4392.71,4389.18,4390.5
2026-09-18 21:20:00,4390.5,4391.26,4389.4,4390.01
2026-09-18 21:25:00,4389.86,4390.97,4389.71,4390.68
2026-09-18 21:30:00,4390.64,4390.8,4387.29,4387.85
2026-09-18 21:35:00,4387.89,4388.32,4385.1,4385.1
2026-09-18 21:40:00,4385.15,4385.17,4381.07,4381.23
2026-09-18 21:45:00,4380.88,4383.7,4380.27,4383.13
2026-09-18 21:50:00,4383.13,4383.81,4380.44,4380.53
2026-09-18 21:55:00,4380.28,4382.16,4379.74,4382.14
2026-09-18 22:00:00,4382.14,4383.05,4379.51,4382.06
2026-09-18 22:05:00,4382.06,4384.78,4381.68,4384.64
2026-09-18 22:10:00,4384.59,4386.03,4383.38,4384.28
2026-09-18 22:15:00,4384.37,4384.93,4381.84,4381.96
2026-09-18 22:20:00,4381.97,4383.43,4381.75,4382.53
2026-09-18 22:25:00,4382.46,4382.54,4378.98,4380.54
2026-09-18 22:30:00,4380.56,4382.11,4379.88,4380.06
2026-09-18 22:35:00,4380.07,4382.05,4379.56,4381.58
2026-09-18 22:40:00,4381.64,4382.31,4380.94,4381.39
2026-09-18 22:45:00,4381.38,4383.12,4380.66,4382.12
2026-09-18 22:50:00,4382.01,4382.28,4376.82,4377.05
2026-09-18 22:55:00,4377.4,4378.95,4374.88,4376.78
2026-09-18 23:00:00,4376.36,4378.7,4375.49,4377.69
2026-09-18 23:05:00,4377.41,4378.9,4376.81,4378.45
2026-09-18 23:10:00,4378.5,4383.25,4378.44,4381.56
2026-09-18 23:15:00,4381.67,4381.78,4379.1,4379.71
2026-09-18 23:20:00,4379.68,4383.18,4379.6,4382.69
2026-09-18 23:25:00,4382.67,4383.12,4380.98,4381.06
2026-09-18 23:30:00,4381.09,4382.97,4381.08,4381.93
2026-09-18 23:35:00,4381.88,4382.03,4379.83,4380.0
2026-09-18 23:40:00,4379.92,4380.87,4379.27,4380.82
2026-09-18 23:45:00,4380.78,4380.78,4376.75,4377.85
2026-09-18 23:50:00,4377.6,4378.37,4376.19,4378.14
2026-09-18 23:55:00,4378.25,4378.72,4377.06,4377.73
