date,AUDUSD,COPPER,EURJPY,EURUSD,GBPUSD,NDX,NKY,NZDUSD,SPX,SX5E,USDCAD,USDCHF,USDJPY,WTI,XAUUSD
2020-02-28,,,,,,,,,,,,,,,
2020-03-02,,,,,,,,,,,,,,,
2020-03-03,,,,,,,,,,,,,,,
2020-03-04,,,,,,,,,,,,,,,
2020-03-05,,,,,,,,,,,,,,,
2020-03-06,,,,,,,,,,,,,,,
2020-03-09,,,,,,,,,,,,,,,
2020-03-10,,,,,,,,,,,,,,,
2020-03-11,,,,,,,,,,,,,,,
2020-03-12,,,,,,,,,,,,,,,
2020-03-13,,,,,,,,,,,,,,,
2020-03-16,,,,,,,,,,,,,,,
2020-03-17,,,,,,,,,,,,,,,
2020-03-18,,,,,,,,,,,,,,,
2020-03-19,,,,,,,,,,,,,,,
2020-03-20,,,,,,,,,,,,,,,
2020-03-23,,,,,,,,,,,,,,,
2020-03-24,,,,,,,,,,,,,,,
2020-03-25,,,,,,,,,,,,,,,
2020-03-26,,,,,,,,,,,,,,,
2020-03-27,,,,,,,,,,,,,,,
2020-03-30,,,,,,,,,,,,,,,
2020-03-31,,,,,,,,,,,,,,,
2020-04-01,,,,,,,,,,,,,,,
2020-04-02,,,,,,,,,,,,,,,
2020-04-03,,,,,,,,,,,,,,,
2020-04-06,,,,,,,,,,,,,,,
2020-04-07,,,,,,,,,,,,,,,
2020-04-08,,,,,,,,,,,,,,,
2020-04-09,,,,,,,,,,,,,,,
2020-04-10,,,,,,,,,,,,,,,
2020-04-13,,,,,,,,,,,,,,,
2020-04-14,,,,,,,,,,,,,,,
2020-04-15,,,,,,,,,,,,,,,
2020-04-16,,,,,,,,,,,,,,,
2020-04-17,,,,,,,,,,,,,,,
2020-04-20,,,,,,,,,,,,,,,
2020-04-21,,,,,,,,,,,,,,,
2020-04-22,,,,,,,,,,,,,,,
2020-04-23,,,,,,,,,,,,,,,
2020-04-24,,,,,,,,,,,,,,,
2020-04-27,,,,,,,,,,,,,,,
2020-04-28,,,,,,,,,,,,,,,
2020-04-29,,,,,,,,,,,,,,,
2020-04-30,,,,,,,,,,,,,,,
2020-05-01,,,,,,,,,,,,,,,
2020-05-04,,,,,,,,,,,,,,,
2020-05-05,,,,,,,,,,,,,,,
2020-05-06,,,,,,,,,,,,,,,
2020-05-07,,,,,,,,,,,,,,,
2020-05-08,,,,,,,,,,,,,,,
2020-05-11,,,,,,,,,,,,,,,
2020-05-12,,,,,,,,,,,,,,,
2020-05-13,,,,,,,,,,,,,,,
2020-05-14,,,,,,,,,,,,,,,
2020-05-15,,,,,,,,,,,,,,,
2020-05-18,,,,,,,,,,,,,,,
2020-05-19,,,,,,,,,,,,,,,
2020-05-20,,,,,,,,,,,,,,,
2020-05-21,,,,,,,,,,,,,,,
2020-05-22,,,,,,,,,,,,,,,
2020-05-25,,,,,,,,,,,,,,,
2020-05-26,,,,,,,,,,,,,,,
2020-05-27,,,,,,,,,,,,,,,
2020-05-28,,,,,,,,,,,,,,,
2020-05-29,,,,,,,,,,,,,,,
2020-06-01,,,,,,,,,,,,,,,
2020-06-02,,,,,,,,,,,,,,,
2020-06-03,,,,,,,,,,,,,,,
2020-06-04,,,,,,,,,,,,,,,
2020-06-05,,,,,,,,,,,,,,,
2020-06-08,,,,,,,,,,,,,,,
2020-06-09,,,,,,,,,,,,,,,
2020-06-10,,,,,,,,,,,,,,,
2020-06-11,,,,,,,,,,,,,,,
2020-06-12,,,,,,,,,,,,,,,
2020-06-15,,,,,,,,,,,,,,,
2020-06-16,,,,,,,,,,,,,,,
2020-06-17,,,,,,,,,,,,,,,
2020-06-18,,,,,,,,,,,,,,,
2020-06-19,,,,,,,,,,,,,,,
2020-06-22,,,,,,,,,,,,,,,
2020-06-23,,,,,,,,,,,,,,,
2020-06-24,,,,,,,,,,,,,,,
2020-06-25,,,,,,,,,,,,,,,
2020-06-26,,,,,,,,,,,,,,,
2020-06-29,,,,,,,,,,,,,,,
2020-06-30,,,,,,,,,,,,,,,
2020-07-01,,,,,,,,,,,,,,,
2020-07-02,,,,,,,,,,,,,,,
2020-07-03,,,,,,,,,,,,,,,
2020-07-06,,,,,,,,,,,,,,,
2020-07-07,,,,,,,,,,,,,,,
2020-07-08,,,,,,,,,,,,,,,
2020-07-09,,,,,,,,,,,,,,,
2020-07-10,,,,,,,,,,,,,,,
2020-07-13,,,,,,,,,,,,,,,
2020-07-14,,,,,,,,,,,,,,,
2020-07-15,,,,,,,,,,,,,,,
2020-07-16,,,,,,,,,,,,,,,
2020-07-17,,,,,,,,,,,,,,,
2020-07-20,,,,,,,,,,,,,,,
2020-07-21,,,,,,,,,,,,,,,
2020-07-22,,,,,,,,,,,,,,,
2020-07-23,,,,,,,,,,,,,,,
2020-07-24,,,,,,,,,,,,,,,
2020-07-27,,,,,,,,,,,,,,,
2020-07-28,,,,,,,,,,,,,,,
2020-07-29,,,,,,,,,,,,,,,
2020-07-30,,,,,,,,,,,,,,,
2020-07-31,,,,,,,,,,,,,,,
2020-08-03,,,,,,,,,,,,,,,
2020-08-04,,,,,,,,,,,,,,,
2020-08-05,,,,,,,,,,,,,,,
2020-08-06,,,,,,,,,,,,,,,
2020-08-07,,,,,,,,,,,,,,,
2020-08-10,,,,,,,,,,,,,,,
2020-08-11,,,,,,,,,,,,,,,
2020-08-12,,,,,,,,,,,,,,,
2020-08-13,,,,,,,,,,,,,,,
2020-08-14,,,,,,,,,,,,,,,
2020-08-17,,,,,,,,,,,,,,,
2020-08-18,,,,,,,,,,,,,,,
2020-08-19,,,,,,,,,,,,,,,
2020-08-20,,,,,,,,,,,,,,,
2020-08-21,,,,,,,,,,,,,,,
2020-08-24,,,,,,,,,,,,,,,
2020-08-25,,,,,,,,,,,,,,,
2020-08-26,,,,,,,,,,,,,,,
2020-08-27,,,,,,,,,,,,,,,
2020-08-28,,,,,,,,,,,,,,,
2020-08-31,,,,,,,,,,,,,,,
2020-09-01,,,,,,,,,,,,,,,
2020-09-02,,,,,,,,,,,,,,,
2020-09-03,,,,,,,,,,,,,,,
2020-09-04,,,,,,,,,,,,,,,
2020-09-07,,,,,,,,,,,,,,,
2020-09-08,,,,,,,,,,,,,,,
2020-09-09,,,,,,,,,,,,,,,
2020-09-10,,,,,,,,,,,,,,,
2020-09-11,,,,,,,,,,,,,,,
2020-09-14,,,,,,,,,,,,,,,
2020-09-15,,,,,,,,,,,,,,,
2020-09-16,,,,,,,,,,,,,,,
2020-09-17,,,,,,,,,,,,,,,
2020-09-18,,,,,,,,,,,,,,,
2020-09-21,,,,,,,,,,,,,,,
2020-09-22,,,,,,,,,,,,,,,
2020-09-23,,,,,,,,,,,,,,,
2020-09-24,,,,,,,,,,,,,,,
2020-09-25,,,,,,,,,,,,,,,
2020-09-28,,,,,,,,,,,,,,,
2020-09-29,,,,,,,,,,,,,,,
2020-09-30,0.06540946038499264,0.02590805279148154,0.10556330167204303,0.0843227824894434,0.06284322948588462,0.015606273866760318,0.03519133714117321,0.050919865147946344,0.016749836249977036,0.015215342544138864,0.15910520723295823,0.13413854630742625,0.193234913938112,0.013783164947805297,0.022008685799857146
2020-10-01,0.06540946038499264,0.02590805279148154,0.10556330167204303,0.0843227824894434,0.06284322948588462,0.015606273866760318,0.03519133714117321,0.050919865147946344,0.016749836249977036,0.015215342544138864,0.15910520723295823,0.13413854630742625,0.193234913938112,0.013783164947805297,0.022008685799857146
2020-10-02,0.06540946038499264,0.02590805279148154,0.10556330167204303,0.0843227824894434,0.06284322948588462,0.015606273866760318,0.03519133714117321,0.050919865147946344,0.016749836249977036,0.015215342544138864,0.15910520723295823,0.13413854630742625,0.193234913938112,0.013783164947805297,0.022008685799857146
2020-10-05,0.06540946038499264,0.02590805279148154,0.10556330167204303,0.0843227824894434,0.06284322948588462,0.015606273866760318,0.03519133714117321,0.050919865147946344,0.016749836249977036,0.015215342544138864,0.15910520723295823,0.13413854630742625,0.193234913938112,0.013783164947805297,0.022008685799857146
2020-10-06,0.06540946038499264,0.02590805279148154,0.10556330167204303,0.0843227824894434,0.06284322948588462,0.015606273866760318,0.03519133714117321,0.050919865147946344,0.016749836249977036,0.015215342544138864,0.15910520723295823,0.13413854630742625,0.193234913938112,0.013783164947805297,0.022008685799857146
2020-10-07,0.06540946038499264,0.02590805279148154,0.10556330167204303,0.0843227824894434,0.06284322948588462,0.015606273866760318,0.03519133714117321,0.050919865147946344,0.016749836249977036,0.015215342544138864,0.15910520723295823,0.13413854630742625,0.193234913938112,0.013783164947805297,0.022008685799857146
2020-10-08,0.06540946038499264,0.02590805279148154,0.10556330167204303,0.0843227824894434,0.06284322948588462,0.015606273866760318,0.03519133714117321,0.050919865147946344,0.016749836249977036,0.015215342544138864,0.15910520723295823,0.13413854630742625,0.193234913938112,0.013783164947805297,0.022008685799857146
2020-10-09,0.06540946038499264,0.02590805279148154,0.10556330167204303,0.0843227824894434,0.06284322948588462,0.015606273866760318,0.03519133714117321,0.050919865147946344,0.016749836249977036,0.015215342544138864,0.15910520723295823,0.13413854630742625,0.193234913938112,0.013783164947805297,0.022008685799857146
2020-10-12,0.06540946038499264,0.02590805279148154,0.10556330167204303,0.0843227824894434,0.06284322948588462,0.015606273866760318,0.03519133714117321,0.050919865147946344,0.016749836249977036,0.015215342544138864,0.15910520723295823,0.13413854630742625,0.193234913938112,0.013783164947805297,0.022008685799857146
2020-10-13,0.06540946038499264,0.02590805279148154,0.10556330167204303,0.0843227824894434,0.06284322948588462,0.015606273866760318,0.03519133714117321,0.050919865147946344,0.016749836249977036,0.015215342544138864,0.15910520723295823,0.13413854630742625,0.193234913938112,0.013783164947805297,0.022008685799857146
2020-10-14,0.06540946038499264,0.02590805279148154,0.10556330167204303,0.0843227824894434,0.06284322948588462,0.015606273866760318,0.03519133714117321,0.050919865147946344,0.016749836249977036,0.015215342544138864,0.15910520723295823,0.13413854630742625,0.193234913938112,0.013783164947805297,0.022008685799857146
2020-10-15,0.06540946038499264,0.02590805279148154,0.10556330167204303,0.0843227824894434,0.06284322948588462,0.015606273866760318,0.03519133714117321,0.050919865147946344,0.016749836249977036,0.015215342544138864,0.15910520723295823,0.13413854630742625,0.193234913938112,0.013783164947805297,0.022008685799857146
2020-10-16,0.06540946038499264,0.02590805279148154,0.10556330167204303,0.0843227824894434,0.06284322948588462,0.015606273866760318,0.03519133714117321,0.050919865147946344,0.016749836249977036,0.015215342544138864,0.15910520723295823,0.13413854630742625,0.193234913938112,0.013783164947805297,0.022008685799857146
2020-10-19,0.06540946038499264,0.02590805279148154,0.10556330167204303,0.0843227824894434,0.06284322948588462,0.015606273866760318,0.03519133714117321,0.050919865147946344,0.016749836249977036,0.015215342544138864,0.15910520723295823,0.13413854630742625,0.193234913938112,0.013783164947805297,0.022008685799857146
2020-10-20,0.06540946038499264,0.02590805279148154,0.10556330167204303,0.0843227824894434,0.06284322948588462,0.015606273866760318,0.03519133714117321,0.050919865147946344,0.016749836249977036,0.015215342544138864,0.15910520723295823,0.13413854630742625,0.193234913938112,0.013783164947805297,0.022008685799857146
2020-10-21,0.06540946038499264,0.02590805279148154,0.10556330167204303,0.0843227824894434,0.06284322948588462,0.015606273866760318,0.03519133714117321,0.050919865147946344,0.016749836249977036,0.015215342544138864,0.15910520723295823,0.13413854630742625,0.193234913938112,0.013783164947805297,0.022008685799857146
2020-10-22,0.06540946038499264,0.02590805279148154,0.10556330167204303,0.0843227824894434,0.06284322948588462,0.015606273866760318,0.03519133714117321,0.050919865147946344,0.016749836249977036,0.015215342544138864,0.15910520723295823,0.13413854630742625,0.193234913938112,0.013783164947805297,0.022008685799857146
2020-10-23,0.06540946038499264,0.02590805279148154,0.10556330167204303,0.0843227824894434,0.06284322948588462,0.015606273866760318,0.03519133714117321,0.050919865147946344,0.016749836249977036,0.015215342544138864,0.15910520723295823,0.13413854630742625,0.193234913938112,0.013783164947805297,0.022008685799857146
2020-10-26,0.06540946038499264,0.02590805279148154,0.10556330167204303,0.0843227824894434,0.06284322948588462,0.015606273866760318,0.03519133714117321,0.050919865147946344,0.016749836249977036,0.015215342544138864,0.15910520723295823,0.13413854630742625,0.193234913938112,0.013783164947805297,0.022008685799857146
2020-10-27,0.06540946038499264,0.02590805279148154,0.10556330167204303,0.0843227824894434,0.06284322948588462,0.015606273866760318,0.03519133714117321,0.050919865147946344,0.016749836249977036,0.015215342544138864,0.15910520723295823,0.13413854630742625,0.193234913938112,0.013783164947805297,0.022008685799857146
2020-10-28,0.06540946038499264,0.02590805279148154,0.10556330167204303,0.0843227824894434,0.06284322948588462,0.015606273866760318,0.03519133714117321,0.050919865147946344,0.016749836249977036,0.015215342544138864,0.15910520723295823,0.13413854630742625,0.193234913938112,0.013783164947805297,0.022008685799857146
2020-10-29,0.06540946038499264,0.02590805279148154,0.10556330167204303,0.0843227824894434,0.06284322948588462,0.015606273866760318,0.03519133714117321,0.050919865147946344,0.016749836249977036,0.015215342544138864,0.15910520723295823,0.13413854630742625,0.193234913938112,0.013783164947805297,0.022008685799857146
2020-10-30,0.05698826936782635,0.028140199858089028,0.12180463520822901,0.08076226621169251,0.0630981365116633,0.015436763739867904,0.03673811464870303,0.05230385403929523,0.016625400437166052,0.014552707785471184,0.12659890774252577,0.14989273342837658,0.20382969504195947,0.010511460660105092,0.022716855319029432
2020-11-02,0.05698826936782635,0.028140199858089028,0.12180463520822901,0.08076226621169251,0.0630981365116633,0.015436763739867904,0.03673811464870303,0.05230385403929523,0.016625400437166052,0.014552707785471184,0.12659890774252577,0.14989273342837658,0.20382969504195947,0.010511460660105092,0.022716855319029432
2020-11-03,0.05698826936782635,0.028140199858089028,0.12180463520822901,0.08076226621169251,0.0630981365116633,0.015436763739867904,0.03673811464870303,0.05230385403929523,0.016625400437166052,0.014552707785471184,0.12659890774252577,0.14989273342837658,0.20382969504195947,0.010511460660105092,0.022716855319029432
2020-11-04,0.05698826936782635,0.028140199858089028,0.12180463520822901,0.08076226621169251,0.0630981365116633,0.015436763739867904,0.03673811464870303,0.05230385403929523,0.016625400437166052,0.014552707785471184,0.12659890774252577,0.14989273342837658,0.20382969504195947,0.010511460660105092,0.022716855319029432
2020-11-05,0.05698826936782635,0.028140199858089028,0.12180463520822901,0.08076226621169251,0.0630981365116633,0.015436763739867904,0.03673811464870303,0.05230385403929523,0.016625400437166052,0.014552707785471184,0.12659890774252577,0.14989273342837658,0.20382969504195947,0.010511460660105092,0.022716855319029432
2020-11-06,0.05698826936782635,0.028140199858089028,0.12180463520822901,0.08076226621169251,0.0630981365116633,0.015436763739867904,0.03673811464870303,0.05230385403929523,0.016625400437166052,0.014552707785471184,0.12659890774252577,0.14989273342837658,0.20382969504195947,0.010511460660105092,0.022716855319029432
2020-11-09,0.05698826936782635,0.028140199858089028,0.12180463520822901,0.08076226621169251,0.0630981365116633,0.015436763739867904,0.03673811464870303,0.05230385403929523,0.016625400437166052,0.014552707785471184,0.12659890774252577,0.14989273342837658,0.20382969504195947,0.010511460660105092,0.022716855319029432
2020-11-10,0.05698826936782635,0.028140199858089028,0.12180463520822901,0.08076226621169251,0.0630981365116633,0.015436763739867904,0.03673811464870303,0.05230385403929523,0.016625400437166052,0.014552707785471184,0.12659890774252577,0.14989273342837658,0.20382969504195947,0.010511460660105092,0.022716855319029432
2020-11-11,0.05698826936782635,0.028140199858089028,0.12180463520822901,0.08076226621169251,0.0630981365116633,0.015436763739867904,0.03673811464870303,0.05230385403929523,0.016625400437166052,0.014552707785471184,0.12659890774252577,0.14989273342837658,0.20382969504195947,0.010511460660105092,0.022716855319029432
2020-11-12,0.05698826936782635,0.028140199858089028,0.12180463520822901,0.08076226621169251,0.0630981365116633,0.015436763739867904,0.03673811464870303,0.05230385403929523,0.016625400437166052,0.014552707785471184,0.12659890774252577,0.14989273342837658,0.20382969504195947,0.010511460660105092,0.022716855319029432
2020-11-13,0.05698826936782635,0.028140199858089028,0.12180463520822901,0.08076226621169251,0.0630981365116633,0.015436763739867904,0.03673811464870303,0.05230385403929523,0.016625400437166052,0.014552707785471184,0.12659890774252577,0.14989273342837658,0.20382969504195947,0.010511460660105092,0.022716855319029432
2020-11-16,0.05698826936782635,0.028140199858089028,0.12180463520822901,0.08076226621169251,0.0630981365116633,0.015436763739867904,0.03673811464870303,0.05230385403929523,0.016625400437166052,0.014552707785471184,0.12659890774252577,0.14989273342837658,0.20382969504195947,0.010511460660105092,0.022716855319029432
2020-11-17,0.05698826936782635,0.028140199858089028,0.12180463520822901,0.08076226621169251,0.0630981365116633,0.015436763739867904,0.03673811464870303,0.05230385403929523,0.016625400437166052,0.014552707785471184,0.12659890774252577,0.14989273342837658,0.20382969504195947,0.010511460660105092,0.022716855319029432
2020-11-18,0.05698826936782635,0.028140199858089028,0.12180463520822901,0.08076226621169251,0.0630981365116633,0.015436763739867904,0.03673811464870303,0.05230385403929523,0.016625400437166052,0.014552707785471184,0.12659890774252577,0.14989273342837658,0.20382969504195947,0.010511460660105092,0.022716855319029432
2020-11-19,0.05698826936782635,0.028140199858089028,0.12180463520822901,0.08076226621169251,0.0630981365116633,0.015436763739867904,0.03673811464870303,0.05230385403929523,0.016625400437166052,0.014552707785471184,0.12659890774252577,0.14989273342837658,0.20382969504195947,0.010511460660105092,0.022716855319029432
2020-11-20,0.05698826936782635,0.028140199858089028,0.12180463520822901,0.08076226621169251,0.0630981365116633,0.015436763739867904,0.03673811464870303,0.05230385403929523,0.016625400437166052,0.014552707785471184,0.12659890774252577,0.14989273342837658,0.20382969504195947,0.010511460660105092,0.022716855319029432
2020-11-23,0.05698826936782635,0.028140199858089028,0.12180463520822901,0.08076226621169251,0.0630981365116633,0.015436763739867904,0.03673811464870303,0.05230385403929523,0.016625400437166052,0.014552707785471184,0.12659890774252577,0.14989273342837658,0.20382969504195947,0.010511460660105092,0.022716855319029432
2020-11-24,0.05698826936782635,0.028140199858089028,0.12180463520822901,0.08076226621169251,0.0630981365116633,0.015436763739867904,0.03673811464870303,0.05230385403929523,0.016625400437166052,0.014552707785471184,0.12659890774252577,0.14989273342837658,0.20382969504195947,0.010511460660105092,0.022716855319029432
2020-11-25,0.05698826936782635,0.028140199858089028,0.12180463520822901,0.08076226621169251,0.0630981365116633,0.015436763739867904,0.03673811464870303,0.05230385403929523,0.016625400437166052,0.014552707785471184,0.12659890774252577,0.14989273342837658,0.20382969504195947,0.010511460660105092,0.022716855319029432
2020-11-26,0.05698826936782635,0.028140199858089028,0.12180463520822901,0.08076226621169251,0.0630981365116633,0.015436763739867904,0.03673811464870303,0.05230385403929523,0.016625400437166052,0.014552707785471184,0.12659890774252577,0.14989273342837658,0.20382969504195947,0.010511460660105092,0.022716855319029432
2020-11-27,0.05698826936782635,0.028140199858089028,0.12180463520822901,0.08076226621169251,0.0630981365116633,0.015436763739867904,0.03673811464870303,0.05230385403929523,0.016625400437166052,0.014552707785471184,0.12659890774252577,0.14989273342837658,0.20382969504195947,0.010511460660105092,0.022716855319029432
2020-11-30,0.041913202595208164,0.023118290491697342,0.07598697827011344,0.09742756238949041,0.058580868749894786,0.014250757731333448,0.03359305195928693,0.05946132456722679,0.015716690486431227,0.012772228887932757,0.16912776206843239,0.2523520796204855,0.09688768905981449,0.00953727642767548,0.039274236694976816
2020-12-01,0.041913202595208164,0.023118290491697342,0.07598697827011344,0.09742756238949041,0.058580868749894786,0.014250757731333448,0.03359305195928693,0.05946132456722679,0.015716690486431227,0.012772228887932757,0.16912776206843239,0.2523520796204855,0.09688768905981449,0.00953727642767548,0.039274236694976816
2020-12-02,0.041913202595208164,0.023118290491697342,0.07598697827011344,0.09742756238949041,0.058580868749894786,0.014250757731333448,0.03359305195928693,0.05946132456722679,0.015716690486431227,0.012772228887932757,0.16912776206843239,0.2523520796204855,0.09688768905981449,0.00953727642767548,0.039274236694976816
2020-12-03,0.041913202595208164,0.023118290491697342,0.07598697827011344,0.09742756238949041,0.058580868749894786,0.014250757731333448,0.03359305195928693,0.05946132456722679,0.015716690486431227,0.012772228887932757,0.16912776206843239,0.2523520796204855,0.09688768905981449,0.00953727642767548,0.039274236694976816
2020-12-04,0.041913202595208164,0.023118290491697342,0.07598697827011344,0.09742756238949041,0.058580868749894786,0.014250757731333448,0.03359305195928693,0.05946132456722679,0.015716690486431227,0.012772228887932757,0.16912776206843239,0.2523520796204855,0.09688768905981449,0.00953727642767548,0.039274236694976816
2020-12-07,0.041913202595208164,0.023118290491697342,0.07598697827011344,0.09742756238949041,0.058580868749894786,0.014250757731333448,0.03359305195928693,0.05946132456722679,0.015716690486431227,0.012772228887932757,0.16912776206843239,0.2523520796204855,0.09688768905981449,0.00953727642767548,0.039274236694976816
2020-12-08,0.041913202595208164,0.023118290491697342,0.07598697827011344,0.09742756238949041,0.058580868749894786,0.014250757731333448,0.03359305195928693,0.05946132456722679,0.015716690486431227,0.012772228887932757,0.16912776206843239,0.2523520796204855,0.09688768905981449,0.00953727642767548,0.039274236694976816
2020-12-09,0.041913202595208164,0.023118290491697342,0.07598697827011344,0.09742756238949041,0.058580868749894786,0.014250757731333448,0.03359305195928693,0.05946132456722679,0.015716690486431227,0.012772228887932757,0.16912776206843239,0.2523520796204855,0.09688768905981449,0.00953727642767548,0.039274236694976816
2020-12-10,0.041913202595208164,0.023118290491697342,0.07598697827011344,0.09742756238949041,0.058580868749894786,0.014250757731333448,0.03359305195928693,0.05946132456722679,0.015716690486431227,0.012772228887932757,0.16912776206843239,0.2523520796204855,0.09688768905981449,0.00953727642767548,0.039274236694976816
2020-12-11,0.041913202595208164,0.023118290491697342,0.07598697827011344,0.09742756238949041,0.058580868749894786,0.014250757731333448,0.03359305195928693,0.05946132456722679,0.015716690486431227,0.012772228887932757,0.16912776206843239,0.2523520796204855,0.09688768905981449,0.00953727642767548,0.039274236694976816
2020-12-14,0.041913202595208164,0.023118290491697342,0.07598697827011344,0.09742756238949041,0.058580868749894786,0.014250757731333448,0.03359305195928693,0.05946132456722679,0.015716690486431227,0.012772228887932757,0.16912776206843239,0.2523520796204855,0.09688768905981449,0.00953727642767548,0.039274236694976816
2020-12-15,0.041913202595208164,0.023118290491697342,0.07598697827011344,0.09742756238949041,0.058580868749894786,0.014250757731333448,0.03359305195928693,0.05946132456722679,0.015716690486431227,0.012772228887932757,0.16912776206843239,0.2523520796204855,0.09688768905981449,0.00953727642767548,0.039274236694976816
2020-12-16,0.041913202595208164,0.023118290491697342,0.07598697827011344,0.09742756238949041,0.058580868749894786,0.014250757731333448,0.03359305195928693,0.05946132456722679,0.015716690486431227,0.012772228887932757,0.16912776206843239,0.2523520796204855,0.09688768905981449,0.00953727642767548,0.039274236694976816
2020-12-17,0.041913202595208164,0.023118290491697342,0.07598697827011344,0.09742756238949041,0.058580868749894786,0.014250757731333448,0.03359305195928693,0.05946132456722679,0.015716690486431227,0.012772228887932757,0.16912776206843239,0.2523520796204855,0.09688768905981449,0.00953727642767548,0.039274236694976816
2020-12-18,0.041913202595208164,0.023118290491697342,0.07598697827011344,0.09742756238949041,0.058580868749894786,0.014250757731333448,0.03359305195928693,0.05946132456722679,0.015716690486431227,0.012772228887932757,0.16912776206843239,0.2523520796204855,0.09688768905981449,0.00953727642767548,0.039274236694976816
2020-12-21,0.041913202595208164,0.023118290491697342,0.07598697827011344,0.09742756238949041,0.058580868749894786,0.014250757731333448,0.03359305195928693,0.05946132456722679,0.015716690486431227,0.012772228887932757,0.16912776206843239,0.2523520796204855,0.09688768905981449,0.00953727642767548,0.039274236694976816
2020-12-22,0.041913202595208164,0.023118290491697342,0.07598697827011344,0.09742756238949041,0.058580868749894786,0.014250757731333448,0.03359305195928693,0.05946132456722679,0.015716690486431227,0.012772228887932757,0.16912776206843239,0.2523520796204855,0.09688768905981449,0.00953727642767548,0.039274236694976816
2020-12-23,0.041913202595208164,0.023118290491697342,0.07598697827011344,0.09742756238949041,0.058580868749894786,0.014250757731333448,0.03359305195928693,0.05946132456722679,0.015716690486431227,0.012772228887932757,0.16912776206843239,0.2523520796204855,0.09688768905981449,0.00953727642767548,0.039274236694976816
2020-12-24,0.041913202595208164,0.023118290491697342,0.07598697827011344,0.09742756238949041,0.058580868749894786,0.014250757731333448,0.03359305195928693,0.05946132456722679,0.015716690486431227,0.012772228887932757,0.16912776206843239,0.2523520796204855,0.09688768905981449,0.00953727642767548,0.039274236694976816
2020-12-25,0.041913202595208164,0.023118290491697342,0.07598697827011344,0.09742756238949041,0.058580868749894786,0.014250757731333448,0.03359305195928693,0.05946132456722679,0.015716690486431227,0.012772228887932757,0.16912776206843239,0.2523520796204855,0.09688768905981449,0.00953727642767548,0.039274236694976816
2020-12-28,0.041913202595208164,0.023118290491697342,0.07598697827011344,0.09742756238949041,0.058580868749894786,0.014250757731333448,0.03359305195928693,0.05946132456722679,0.015716690486431227,0.012772228887932757,0.16912776206843239,0.2523520796204855,0.09688768905981449,0.00953727642767548,0.039274236694976816
2020-12-29,0.041913202595208164,0.023118290491697342,0.07598697827011344,0.09742756238949041,0.058580868749894786,0.014250757731333448,0.03359305195928693,0.05946132456722679,0.015716690486431227,0.012772228887932757,0.16912776206843239,0.2523520796204855,0.09688768905981449,0.00953727642767548,0.039274236694976816
2020-12-30,0.041913202595208164,0.023118290491697342,0.07598697827011344,0.09742756238949041,0.058580868749894786,0.014250757731333448,0.03359305195928693,0.05946132456722679,0.015716690486431227,0.012772228887932757,0.16912776206843239,0.2523520796204855,0.09688768905981449,0.00953727642767548,0.039274236694976816
2020-12-31,0.06701132510090545,0.026838518124291937,0.1250327268520604,0.08120139035082795,0.05056545941712271,0.017372163208906034,0.04083093001013713,0.05273270764542699,0.0206861680050601,0.015717594716152857,0.11107325750612795,0.13359680202268237,0.2221465150122559,0.010020466259526527,0.025173975768515513
2021-01-01,0.06701132510090545,0.026838518124291937,0.1250327268520604,0.08120139035082795,0.05056545941712271,0.017372163208906034,0.04083093001013713,0.05273270764542699,0.0206861680050601,0.015717594716152857,0.11107325750612795,0.13359680202268237,0.2221465150122559,0.010020466259526527,0.025173975768515513
2021-01-04,0.06701132510090545,0.026838518124291937,0.1250327268520604,0.08120139035082795,0.05056545941712271,0.017372163208906034,0.04083093001013713,0.05273270764542699,0.0206861680050601,0.015717594716152857,0.11107325750612795,0.13359680202268237,0.2221465150122559,0.010020466259526527,0.025173975768515513
2021-01-05,0.06701132510090545,0.026838518124291937,0.1250327268520604,0.08120139035082795,0.05056545941712271,0.017372163208906034,0.04083093001013713,0.05273270764542699,0.0206861680050601,0.015717594716152857,0.11107325750612795,0.13359680202268237,0.2221465150122559,0.010020466259526527,0.025173975768515513
2021-01-06,0.06701132510090545,0.026838518124291937,0.1250327268520604,0.08120139035082795,0.05056545941712271,0.017372163208906034,0.04083093001013713,0.05273270764542699,0.0206861680050601,0.015717594716152857,0.11107325750612795,0.13359680202268237,0.2221465150122559,0.010020466259526527,0.025173975768515513
2021-01-07,0.06701132510090545,0.026838518124291937,0.1250327268520604,0.08120139035082795,0.05056545941712271,0.017372163208906034,0.04083093001013713,0.05273270764542699,0.0206861680050601,0.015717594716152857,0.11107325750612795,0.13359680202268237,0.2221465150122559,0.010020466259526527,0.025173975768515513
2021-01-08,0.06701132510090545,0.026838518124291937,0.1250327268520604,0.08120139035082795,0.05056545941712271,0.017372163208906034,0.04083093001013713,0.05273270764542699,0.0206861680050601,0.015717594716152857,0.11107325750612795,0.13359680202268237,0.2221465150122559,0.010020466259526527,0.025173975768515513
2021-01-11,0.06701132510090545,0.026838518124291937,0.1250327268520604,0.08120139035082795,0.05056545941712271,0.017372163208906034,0.04083093001013713,0.05273270764542699,0.0206861680050601,0.015717594716152857,0.11107325750612795,0.13359680202268237,0.2221465150122559,0.010020466259526527,0.025173975768515513
2021-01-12,0.06701132510090545,0.026838518124291937,0.1250327268520604,0.08120139035082795,0.05056545941712271,0.017372163208906034,0.04083093001013713,0.05273270764542699,0.0206861680050601,0.015717594716152857,0.11107325750612795,0.13359680202268237,0.2221465150122559,0.010020466259526527,0.025173975768515513
2021-01-13,0.06701132510090545,0.026838518124291937,0.1250327268520604,0.08120139035082795,0.05056545941712271,0.017372163208906034,0.04083093001013713,0.05273270764542699,0.0206861680050601,0.015717594716152857,0.11107325750612795,0.13359680202268237,0.2221465150122559,0.010020466259526527,0.025173975768515513
2021-01-14,0.06701132510090545,0.026838518124291937,0.1250327268520604,0.08120139035082795,0.05056545941712271,0.017372163208906034,0.04083093001013713,0.05273270764542699,0.0206861680050601,0.015717594716152857,0.11107325750612795,0.13359680202268237,0.2221465150122559,0.010020466259526527,0.025173975768515513
2021-01-15,0.06701132510090545,0.026838518124291937,0.1250327268520604,0.08120139035082795,0.05056545941712271,0.017372163208906034,0.04083093001013713,0.05273270764542699,0.0206861680050601,0.015717594716152857,0.11107325750612795,0.13359680202268237,0.2221465150122559,0.010020466259526527,0.025173975768515513
2021-01-18,0.06701132510090545,0.026838518124291937,0.1250327268520604,0.08120139035082795,0.05056545941712271,0.017372163208906034,0.04083093001013713,0.05273270764542699,0.0206861680050601,0.015717594716152857,0.11107325750612795,0.13359680202268237,0.2221465150122559,0.010020466259526527,0.025173975768515513
2021-01-19,0.06701132510090545,0.026838518124291937,0.1250327268520604,0.08120139035082795,0.05056545941712271,0.017372163208906034,0.04083093001013713,0.05273270764542699,0.0206861680050601,0.015717594716152857,0.11107325750612795,0.13359680202268237,0.2221465150122559,0.010020466259526527,0.025173975768515513
2021-01-20,0.06701132510090545,0.026838518124291937,0.1250327268520604,0.08120139035082795,0.05056545941712271,0.017372163208906034,0.04083093001013713,0.05273270764542699,0.0206861680050601,0.015717594716152857,0.11107325750612795,0.13359680202268237,0.2221465150122559,0.010020466259526527,0.025173975768515513
2021-01-21,0.06701132510090545,0.026838518124291937,0.1250327268520604,0.08120139035082795,0.05056545941712271,0.017372163208906034,0.04083093001013713,0.05273270764542699,0.0206861680050601,0.015717594716152857,0.11107325750612795,0.13359680202268237,0.2221465150122559,0.010020466259526527,0.025173975768515513
2021-01-22,0.06701132510090545,0.026838518124291937,0.1250327268520604,0.08120139035082795,0.05056545941712271,0.017372163208906034,0.04083093001013713,0.05273270764542699,0.0206861680050601,0.015717594716152857,0.11107325750612795,0.13359680202268237,0.2221465150122559,0.010020466259526527,0.025173975768515513
2021-01-25,0.06701132510090545,0.026838518124291937,0.1250327268520604,0.08120139035082795,0.05056545941712271,0.017372163208906034,0.04083093001013713,0.05273270764542699,0.0206861680050601,0.015717594716152857,0.11107325750612795,0.13359680202268237,0.2221465150122559,0.010020466259526527,0.025173975768515513
2021-01-26,0.06701132510090545,0.026838518124291937,0.1250327268520604,0.08120139035082795,0.05056545941712271,0.017372163208906034,0.04083093001013713,0.05273270764542699,0.0206861680050601,0.015717594716152857,0.11107325750612795,0.13359680202268237,0.2221465150122559,0.010020466259526527,0.025173975768515513
2021-01-27,0.06701132510090545,0.026838518124291937,0.1250327268520604,0.08120139035082795,0.05056545941712271,0.017372163208906034,0.04083093001013713,0.05273270764542699,0.0206861680050601,0.015717594716152857,0.11107325750612795,0.13359680202268237,0.2221465150122559,0.010020466259526527,0.025173975768515513
2021-01-28,0.06701132510090545,0.026838518124291937,0.1250327268520604,0.08120139035082795,0.05056545941712271,0.017372163208906034,0.04083093001013713,0.05273270764542699,0.0206861680050601,0.015717594716152857,0.11107325750612795,0.13359680202268237,0.2221465150122559,0.010020466259526527,0.025173975768515513
2021-01-29,0.07913961255943697,0.025051001761739685,0.07289022210119415,0.06812724243730754,0.07572280084999392,0.01645200085321876,0.037244703773906936,0.05876294307429102,0.02134907354628199,0.018531504511990447,0.09570549928802859,0.15600072298053874,0.2279959767368473,0.011693704444928595,0.035332991080295306
2021-02-01,0.07913961255943697,0.025051001761739685,0.07289022210119415,0.06812724243730754,0.07572280084999392,0.01645200085321876,0.037244703773906936,0.05876294307429102,0.02134907354628199,0.018531504511990447,0.09570549928802859,0.15600072298053874,0.2279959767368473,0.011693704444928595,0.035332991080295306
2021-02-02,0.07913961255943697,0.025051001761739685,0.07289022210119415,0.06812724243730754,0.07572280084999392,0.01645200085321876,0.037244703773906936,0.05876294307429102,0.02134907354628199,0.018531504511990447,0.09570549928802859,0.15600072298053874,0.2279959767368473,0.011693704444928595,0.035332991080295306
2021-02-03,0.07913961255943697,0.025051001761739685,0.07289022210119415,0.06812724243730754,0.07572280084999392,0.01645200085321876,0.037244703773906936,0.05876294307429102,0.02134907354628199,0.018531504511990447,0.09570549928802859,0.15600072298053874,0.2279959767368473,0.011693704444928595,0.035332991080295306
2021-02-04,0.07913961255943697,0.025051001761739685,0.07289022210119415,0.06812724243730754,0.07572280084999392,0.01645200085321876,0.037244703773906936,0.05876294307429102,0.02134907354628199,0.018531504511990447,0.09570549928802859,0.15600072298053874,0.2279959767368473,0.011693704444928595,0.035332991080295306
2021-02-05,0.07913961255943697,0.025051001761739685,0.07289022210119415,0.06812724243730754,0.07572280084999392,0.01645200085321876,0.037244703773906936,0.05876294307429102,0.02134907354628199,0.018531504511990447,0.09570549928802859,0.15600072298053874,0.2279959767368473,0.011693704444928595,0.035332991080295306
2021-02-08,0.07913961255943697,0.025051001761739685,0.07289022210119415,0.06812724243730754,0.07572280084999392,0.01645200085321876,0.037244703773906936,0.05876294307429102,0.02134907354628199,0.018531504511990447,0.09570549928802859,0.15600072298053874,0.2279959767368473,0.011693704444928595,0.035332991080295306
2021-02-09,0.07913961255943697,0.025051001761739685,0.07289022210119415,0.06812724243730754,0.07572280084999392,0.01645200085321876,0.037244703773906936,0.05876294307429102,0.02134907354628199,0.018531504511990447,0.09570549928802859,0.15600072298053874,0.2279959767368473,0.011693704444928595,0.035332991080295306
2021-02-10,0.07913961255943697,0.025051001761739685,0.07289022210119415,0.06812724243730754,0.07572280084999392,0.01645200085321876,0.037244703773906936,0.05876294307429102,0.02134907354628199,0.018531504511990447,0.09570549928802859,0.15600072298053874,0.2279959767368473,0.011693704444928595,0.035332991080295306
2021-02-11,0.07913961255943697,0.025051001761739685,0.07289022210119415,0.06812724243730754,0.07572280084999392,0.01645200085321876,0.037244703773906936,0.05876294307429102,0.02134907354628199,0.018531504511990447,0.09570549928802859,0.15600072298053874,0.2279959767368473,0.011693704444928595,0.035332991080295306
2021-02-12,0.07913961255943697,0.025051001761739685,0.07289022210119415,0.06812724243730754,0.07572280084999392,0.01645200085321876,0.037244703773906936,0.05876294307429102,0.02134907354628199,0.018531504511990447,0.09570549928802859,0.15600072298053874,0.2279959767368473,0.011693704444928595,0.035332991080295306
2021-02-15,0.07913961255943697,0.025051001761739685,0.07289022210119415,0.06812724243730754,0.07572280084999392,0.01645200085321876,0.037244703773906936,0.05876294307429102,0.02134907354628199,0.018531504511990447,0.09570549928802859,0.15600072298053874,0.2279959767368473,0.011693704444928595,0.035332991080295306
2021-02-16,0.07913961255943697,0.025051001761739685,0.07289022210119415,0.06812724243730754,0.07572280084999392,0.01645200085321876,0.037244703773906936,0.05876294307429102,0.02134907354628199,0.018531504511990447,0.09570549928802859,0.15600072298053874,0.2279959767368473,0.011693704444928595,0.035332991080295306
2021-02-17,0.07913961255943697,0.025051001761739685,0.07289022210119415,0.06812724243730754,0.07572280084999392,0.01645200085321876,0.037244703773906936,0.05876294307429102,0.02134907354628199,0.018531504511990447,0.09570549928802859,0.15600072298053874,0.2279959767368473,0.011693704444928595,0.035332991080295306
2021-02-18,0.07913961255943697,0.025051001761739685,0.07289022210119415,0.06812724243730754,0.07572280084999392,0.01645200085321876,0.037244703773906936,0.05876294307429102,0.02134907354628199,0.018531504511990447,0.09570549928802859,0.15600072298053874,0.2279959767368473,0.011693704444928595,0.035332991080295306
2021-02-19,0.07913961255943697,0.025051001761739685,0.07289022210119415,0.06812724243730754,0.07572280084999392,0.01645200085321876,0.037244703773906936,0.05876294307429102,0.02134907354628199,0.018531504511990447,0.09570549928802859,0.15600072298053874,0.2279959767368473,0.011693704444928595,0.035332991080295306
2021-02-22,0.07913961255943697,0.025051001761739685,0.07289022210119415,0.06812724243730754,0.07572280084999392,0.01645200085321876,0.037244703773906936,0.05876294307429102,0.02134907354628199,0.018531504511990447,0.09570549928802859,0.15600072298053874,0.2279959767368473,0.011693704444928595,0.035332991080295306
2021-02-23,0.07913961255943697,0.025051001761739685,0.07289022210119415,0.06812724243730754,0.07572280084999392,0.01645200085321876,0.037244703773906936,0.05876294307429102,0.02134907354628199,0.018531504511990447,0.09570549928802859,0.15600072298053874,0.2279959767368473,0.011693704444928595,0.035332991080295306
2021-02-24,0.07913961255943697,0.025051001761739685,0.07289022210119415,0.06812724243730754,0.07572280084999392,0.01645200085321876,0.037244703773906936,0.05876294307429102,0.02134907354628199,0.018531504511990447,0.09570549928802859,0.15600072298053874,0.2279959767368473,0.011693704444928595,0.035332991080295306
2021-02-25,0.07913961255943697,0.025051001761739685,0.07289022210119415,0.06812724243730754,0.07572280084999392,0.01645200085321876,0.037244703773906936,0.05876294307429102,0.02134907354628199,0.018531504511990447,0.09570549928802859,0.15600072298053874,0.2279959767368473,0.011693704444928595,0.035332991080295306
2021-02-26,0.04723740947826411,0.01646596261745977,0.13605057602143628,0.09499496405968552,0.05046532056210387,0.019819743582303605,0.022198257168862808,0.04921393863062344,0.021634341261285373,0.01816147206737945,0.09178846144659046,0.11457617719347743,0.27437443465797623,0.01181670885693915,0.031202232395612504
2021-03-01,0.04723740947826411,0.01646596261745977,0.13605057602143628,0.09499496405968552,0.05046532056210387,0.019819743582303605,0.022198257168862808,0.04921393863062344,0.021634341261285373,0.01816147206737945,0.09178846144659046,0.11457617719347743,0.27437443465797623,0.01181670885693915,0.031202232395612504
2021-03-02,0.04723740947826411,0.01646596261745977,0.13605057602143628,0.09499496405968552,0.05046532056210387,0.019819743582303605,0.022198257168862808,0.04921393863062344,0.021634341261285373,0.01816147206737945,0.09178846144659046,0.11457617719347743,0.27437443465797623,0.01181670885693915,0.031202232395612504
2021-03-03,0.04723740947826411,0.01646596261745977,0.13605057602143628,0.09499496405968552,0.05046532056210387,0.019819743582303605,0.022198257168862808,0.04921393863062344,0.021634341261285373,0.01816147206737945,0.09178846144659046,0.11457617719347743,0.27437443465797623,0.01181670885693915,0.031202232395612504
2021-03-04,0.04723740947826411,0.01646596261745977,0.13605057602143628,0.09499496405968552,0.05046532056210387,0.019819743582303605,0.022198257168862808,0.04921393863062344,0.021634341261285373,0.01816147206737945,0.09178846144659046,0.11457617719347743,0.27437443465797623,0.01181670885693915,0.031202232395612504
2021-03-05,0.04723740947826411,0.01646596261745977,0.13605057602143628,0.09499496405968552,0.05046532056210387,0.019819743582303605,0.022198257168862808,0.04921393863062344,0.021634341261285373,0.01816147206737945,0.09178846144659046,0.11457617719347743,0.27437443465797623,0.01181670885693915,0.031202232395612504
2021-03-08,0.04723740947826411,0.01646596261745977,0.13605057602143628,0.09499496405968552,0.05046532056210387,0.019819743582303605,0.022198257168862808,0.04921393863062344,0.021634341261285373,0.01816147206737945,0.09178846144659046,0.11457617719347743,0.27437443465797623,0.01181670885693915,0.031202232395612504
2021-03-09,0.04723740947826411,0.01646596261745977,0.13605057602143628,0.09499496405968552,0.05046532056210387,0.019819743582303605,0.022198257168862808,0.04921393863062344,0.021634341261285373,0.01816147206737945,0.09178846144659046,0.11457617719347743,0.27437443465797623,0.01181670885693915,0.031202232395612504
2021-03-10,0.04723740947826411,0.01646596261745977,0.13605057602143628,0.09499496405968552,0.05046532056210387,0.019819743582303605,0.022198257168862808,0.04921393863062344,0.021634341261285373,0.01816147206737945,0.09178846144659046,0.11457617719347743,0.27437443465797623,0.01181670885693915,0.031202232395612504
2021-03-11,0.04723740947826411,0.01646596261745977,0.13605057602143628,0.09499496405968552,0.05046532056210387,0.019819743582303605,0.022198257168862808,0.04921393863062344,0.021634341261285373,0.01816147206737945,0.09178846144659046,0.11457617719347743,0.27437443465797623,0.01181670885693915,0.031202232395612504
2021-03-12,0.04723740947826411,0.01646596261745977,0.13605057602143628,0.09499496405968552,0.05046532056210387,0.019819743582303605,0.022198257168862808,0.04921393863062344,0.021634341261285373,0.01816147206737945,0.09178846144659046,0.11457617719347743,0.27437443465797623,0.01181670885693915,0.031202232395612504
2021-03-15,0.04723740947826411,0.01646596261745977,0.13605057602143628,0.09499496405968552,0.05046532056210387,0.019819743582303605,0.022198257168862808,0.04921393863062344,0.021634341261285373,0.01816147206737945,0.09178846144659046,0.11457617719347743,0.27437443465797623,0.01181670885693915,0.031202232395612504
2021-03-16,0.04723740947826411,0.01646596261745977,0.13605057602143628,0.09499496405968552,0.05046532056210387,0.019819743582303605,0.022198257168862808,0.04921393863062344,0.021634341261285373,0.01816147206737945,0.09178846144659046,0.11457617719347743,0.27437443465797623,0.01181670885693915,0.031202232395612504
2021-03-17,0.04723740947826411,0.01646596261745977,0.13605057602143628,0.09499496405968552,0.05046532056210387,0.019819743582303605,0.022198257168862808,0.04921393863062344,0.021634341261285373,0.01816147206737945,0.09178846144659046,0.11457617719347743,0.27437443465797623,0.01181670885693915,0.031202232395612504
2021-03-18,0.04723740947826411,0.01646596261745977,0.13605057602143628,0.09499496405968552,0.05046532056210387,0.019819743582303605,0.022198257168862808,0.04921393863062344,0.021634341261285373,0.01816147206737945,0.09178846144659046,0.11457617719347743,0.27437443465797623,0.01181670885693915,0.031202232395612504
2021-03-19,0.04723740947826411,0.01646596261745977,0.13605057602143628,0.09499496405968552,0.05046532056210387,0.019819743582303605,0.022198257168862808,0.04921393863062344,0.021634341261285373,0.01816147206737945,0.09178846144659046,0.11457617719347743,0.27437443465797623,0.01181670885693915,0.031202232395612504
2021-03-22,0.04723740947826411,0.01646596261745977,0.13605057602143628,0.09499496405968552,0.05046532056210387,0.019819743582303605,0.022198257168862808,0.04921393863062344,0.021634341261285373,0.01816147206737945,0.09178846144659046,0.11457617719347743,0.27437443465797623,0.01181670885693915,0.031202232395612504
2021-03-23,0.04723740947826411,0.01646596261745977,0.13605057602143628,0.09499496405968552,0.05046532056210387,0.019819743582303605,0.022198257168862808,0.04921393863062344,0.021634341261285373,0.01816147206737945,0.09178846144659046,0.11457617719347743,0.27437443465797623,0.01181670885693915,0.031202232395612504
2021-03-24,0.04723740947826411,0.01646596261745977,0.13605057602143628,0.09499496405968552,0.05046532056210387,0.019819743582303605,0.022198257168862808,0.04921393863062344,0.021634341261285373,0.01816147206737945,0.09178846144659046,0.11457617719347743,0.27437443465797623,0.01181670885693915,0.031202232395612504
2021-03-25,0.04723740947826411,0.01646596261745977,0.13605057602143628,0.09499496405968552,0.05046532056210387,0.019819743582303605,0.022198257168862808,0.04921393863062344,0.021634341261285373,0.01816147206737945,0.09178846144659046,0.11457617719347743,0.27437443465797623,0.01181670885693915,0.031202232395612504
2021-03-26,0.04723740947826411,0.01646596261745977,0.13605057602143628,0.09499496405968552,0.05046532056210387,0.019819743582303605,0.022198257168862808,0.04921393863062344,0.021634341261285373,0.01816147206737945,0.09178846144659046,0.11457617719347743,0.27437443465797623,0.01181670885693915,0.031202232395612504
2021-03-29,0.04723740947826411,0.01646596261745977,0.13605057602143628,0.09499496405968552,0.05046532056210387,0.019819743582303605,0.022198257168862808,0.04921393863062344,0.021634341261285373,0.01816147206737945,0.09178846144659046,0.11457617719347743,0.27437443465797623,0.01181670885693915,0.031202232395612504
2021-03-30,0.04723740947826411,0.01646596261745977,0.13605057602143628,0.09499496405968552,0.05046532056210387,0.019819743582303605,0.022198257168862808,0.04921393863062344,0.021634341261285373,0.01816147206737945,0.09178846144659046,0.11457617719347743,0.27437443465797623,0.01181670885693915,0.031202232395612504
2021-03-31,0.04568207302877021,0.01755885961557925,0.12619157666493,0.09344774097070276,0.06142133654861681,0.021942705121424134,0.024421164334927338,0.05221703361964588,0.024475139830742135,0.025149801907804973,0.22314778941946897,0.09411583309066954,0.14234372011516383,0.013760735739197618,0.034124489992356545
2021-04-01,0.04568207302877021,0.01755885961557925,0.12619157666493,0.09344774097070276,0.06142133654861681,0.021942705121424134,0.024421164334927338,0.05221703361964588,0.024475139830742135,0.025149801907804973,0.22314778941946897,0.09411583309066954,0.14234372011516383,0.013760735739197618,0.034124489992356545
2021-04-02,0.04568207302877021,0.01755885961557925,0.12619157666493,0.09344774097070276,0.06142133654861681,0.021942705121424134,0.024421164334927338,0.05221703361964588,0.024475139830742135,0.025149801907804973,0.22314778941946897,0.09411583309066954,0.14234372011516383,0.013760735739197618,0.034124489992356545
2021-04-05,0.04568207302877021,0.01755885961557925,0.12619157666493,0.09344774097070276,0.06142133654861681,0.021942705121424134,0.024421164334927338,0.05221703361964588,0.024475139830742135,0.025149801907804973,0.22314778941946897,0.09411583309066954,0.14234372011516383,0.013760735739197618,0.034124489992356545
2021-04-06,0.04568207302877021,0.01755885961557925,0.12619157666493,0.09344774097070276,0.06142133654861681,0.021942705121424134,0.024421164334927338,0.05221703361964588,0.024475139830742135,0.025149801907804973,0.22314778941946897,0.09411583309066954,0.14234372011516383,0.013760735739197618,0.034124489992356545
2021-04-07,0.04568207302877021,0.01755885961557925,0.12619157666493,0.09344774097070276,0.06142133654861681,0.021942705121424134,0.024421164334927338,0.05221703361964588,0.024475139830742135,0.025149801907804973,0.22314778941946897,0.09411583309066954,0.14234372011516383,0.013760735739197618,0.034124489992356545
2021-04-08,0.04568207302877021,0.01755885961557925,0.12619157666493,0.09344774097070276,0.06142133654861681,0.021942705121424134,0.024421164334927338,0.05221703361964588,0.024475139830742135,0.025149801907804973,0.22314778941946897,0.09411583309066954,0.14234372011516383,0.013760735739197618,0.034124489992356545
2021-04-09,0.04568207302877021,0.01755885961557925,0.12619157666493,0.09344774097070276,0.06142133654861681,0.021942705121424134,0.024421164334927338,0.05221703361964588,0.024475139830742135,0.025149801907804973,0.22314778941946897,0.09411583309066954,0.14234372011516383,0.013760735739197618,0.034124489992356545
2021-04-12,0.04568207302877021,0.01755885961557925,0.12619157666493,0.09344774097070276,0.06142133654861681,0.021942705121424134,0.024421164334927338,0.05221703361964588,0.024475139830742135,0.025149801907804973,0.22314778941946897,0.09411583309066954,0.14234372011516383,0.013760735739197618,0.034124489992356545
2021-04-13,0.04568207302877021,0.01755885961557925,0.12619157666493,0.09344774097070276,0.06142133654861681,0.021942705121424134,0.024421164334927338,0.05221703361964588,0.024475139830742135,0.025149801907804973,0.22314778941946897,0.09411583309066954,0.14234372011516383,0.013760735739197618,0.034124489992356545
2021-04-14,0.04568207302877021,0.01755885961557925,0.12619157666493,0.09344774097070276,0.06142133654861681,0.021942705121424134,0.024421164334927338,0.05221703361964588,0.024475139830742135,0.025149801907804973,0.22314778941946897,0.09411583309066954,0.14234372011516383,0.013760735739197618,0.034124489992356545
2021-04-15,0.04568207302877021,0.01755885961557925,0.12619157666493,0.09344774097070276,0.06142133654861681,0.021942705121424134,0.024421164334927338,0.05221703361964588,0.024475139830742135,0.025149801907804973,0.22314778941946897,0.09411583309066954,0.14234372011516383,0.013760735739197618,0.034124489992356545
2021-04-16,0.04568207302877021,0.01755885961557925,0.12619157666493,0.09344774097070276,0.06142133654861681,0.021942705121424134,0.024421164334927338,0.05221703361964588,0.024475139830742135,0.025149801907804973,0.22314778941946897,0.09411583309066954,0.14234372011516383,0.013760735739197618,0.034124489992356545
2021-04-19,0.04568207302877021,0.01755885961557925,0.12619157666493,0.09344774097070276,0.06142133654861681,0.021942705121424134,0.024421164334927338,0.05221703361964588,0.024475139830742135,0.025149801907804973,0.22314778941946897,0.09411583309066954,0.14234372011516383,0.013760735739197618,0.034124489992356545
2021-04-20,0.04568207302877021,0.01755885961557925,0.12619157666493,0.09344774097070276,0.06142133654861681,0.021942705121424134,0.024421164334927338,0.05221703361964588,0.024475139830742135,0.025149801907804973,0.22314778941946897,0.09411583309066954,0.14234372011516383,0.013760735739197618,0.034124489992356545
2021-04-21,0.04568207302877021,0.01755885961557925,0.12619157666493,0.09344774097070276,0.06142133654861681,0.021942705121424134,0.024421164334927338,0.05221703361964588,0.024475139830742135,0.025149801907804973,0.22314778941946897,0.09411583309066954,0.14234372011516383,0.013760735739197618,0.034124489992356545
2021-04-22,0.04568207302877021,0.01755885961557925,0.12619157666493,0.09344774097070276,0.06142133654861681,0.021942705121424134,0.024421164334927338,0.05221703361964588,0.024475139830742135,0.025149801907804973,0.22314778941946897,0.09411583309066954,0.14234372011516383,0.013760735739197618,0.034124489992356545
2021-04-23,0.04568207302877021,0.01755885961557925,0.12619157666493,0.09344774097070276,0.06142133654861681,0.021942705121424134,0.024421164334927338,0.05221703361964588,0.024475139830742135,0.025149801907804973,0.22314778941946897,0.09411583309066954,0.14234372011516383,0.013760735739197618,0.034124489992356545
2021-04-26,0.04568207302877021,0.01755885961557925,0.12619157666493,0.09344774097070276,0.06142133654861681,0.021942705121424134,0.024421164334927338,0.05221703361964588,0.024475139830742135,0.025149801907804973,0.22314778941946897,0.09411583309066954,0.14234372011516383,0.013760735739197618,0.034124489992356545
2021-04-27,0.04568207302877021,0.01755885961557925,0.12619157666493,0.09344774097070276,0.06142133654861681,0.021942705121424134,0.024421164334927338,0.05221703361964588,0.024475139830742135,0.025149801907804973,0.22314778941946897,0.09411583309066954,0.14234372011516383,0.013760735739197618,0.034124489992356545
2021-04-28,0.04568207302877021,0.01755885961557925,0.12619157666493,0.09344774097070276,0.06142133654861681,0.021942705121424134,0.024421164334927338,0.05221703361964588,0.024475139830742135,0.025149801907804973,0.22314778941946897,0.09411583309066954,0.14234372011516383,0.013760735739197618,0.034124489992356545
2021-04-29,0.04568207302877021,0.01755885961557925,0.12619157666493,0.09344774097070276,0.06142133654861681,0.021942705121424134,0.024421164334927338,0.05221703361964588,0.024475139830742135,0.025149801907804973,0.22314778941946897,0.09411583309066954,0.14234372011516383,0.013760735739197618,0.034124489992356545
2021-04-30,0.051594445356340016,0.01740872136537587,0.1031428240697478,0.11421605442168711,0.07003791515757933,0.020953578591881176,0.026127962733625363,0.04987245119484707,0.026646849431743166,0.026795755389591367,0.09848132384933567,0.21547285611985925,0.14091396193134037,0.011412614866580772,0.026922685520465804
2021-05-03,0.051594445356340016,0.01740872136537587,0.1031428240697478,0.11421605442168711,0.07003791515757933,0.020953578591881176,0.026127962733625363,0.04987245119484707,0.026646849431743166,0.026795755389591367,0.09848132384933567,0.21547285611985925,0.14091396193134037,0.011412614866580772,0.026922685520465804
2021-05-04,0.051594445356340016,0.01740872136537587,0.1031428240697478,0.11421605442168711,0.07003791515757933,0.020953578591881176,0.026127962733625363,0.04987245119484707,0.026646849431743166,0.026795755389591367,0.09848132384933567,0.21547285611985925,0.14091396193134037,0.011412614866580772,0.026922685520465804
2021-05-05,0.051594445356340016,0.01740872136537587,0.1031428240697478,0.11421605442168711,0.07003791515757933,0.020953578591881176,0.026127962733625363,0.04987245119484707,0.026646849431743166,0.026795755389591367,0.09848132384933567,0.21547285611985925,0.14091396193134037,0.011412614866580772,0.026922685520465804
2021-05-06,0.051594445356340016,0.01740872136537587,0.1031428240697478,0.11421605442168711,0.07003791515757933,0.020953578591881176,0.026127962733625363,0.04987245119484707,0.026646849431743166,0.026795755389591367,0.09848132384933567,0.21547285611985925,0.14091396193134037,0.011412614866580772,0.026922685520465804
2021-05-07,0.051594445356340016,0.01740872136537587,0.1031428240697478,0.11421605442168711,0.07003791515757933,0.020953578591881176,0.026127962733625363,0.04987245119484707,0.026646849431743166,0.026795755389591367,0.09848132384933567,0.21547285611985925,0.14091396193134037,0.011412614866580772,0.026922685520465804
2021-05-10,0.051594445356340016,0.01740872136537587,0.1031428240697478,0.11421605442168711,0.07003791515757933,0.020953578591881176,0.026127962733625363,0.04987245119484707,0.026646849431743166,0.026795755389591367,0.09848132384933567,0.21547285611985925,0.14091396193134037,0.011412614866580772,0.026922685520465804
2021-05-11,0.051594445356340016,0.01740872136537587,0.1031428240697478,0.11421605442168711,0.07003791515757933,0.020953578591881176,0.026127962733625363,0.04987245119484707,0.026646849431743166,0.026795755389591367,0.09848132384933567,0.21547285611985925,0.14091396193134037,0.011412614866580772,0.026922685520465804
2021-05-12,0.051594445356340016,0.01740872136537587,0.1031428240697478,0.11421605442168711,0.07003791515757933,0.020953578591881176,0.026127962733625363,0.04987245119484707,0.026646849431743166,0.026795755389591367,0.09848132384933567,0.21547285611985925,0.14091396193134037,0.011412614866580772,0.026922685520465804
2021-05-13,0.051594445356340016,0.01740872136537587,0.1031428240697478,0.11421605442168711,0.07003791515757933,0.020953578591881176,0.026127962733625363,0.04987245119484707,0.026646849431743166,0.026795755389591367,0.09848132384933567,0.21547285611985925,0.14091396193134037,0.011412614866580772,0.026922685520465804
2021-05-14,0.051594445356340016,0.01740872136537587,0.1031428240697478,0.11421605442168711,0.07003791515757933,0.020953578591881176,0.026127962733625363,0.04987245119484707,0.026646849431743166,0.026795755389591367,0.09848132384933567,0.21547285611985925,0.14091396193134037,0.011412614866580772,0.026922685520465804
2021-05-17,0.051594445356340016,0.01740872136537587,0.1031428240697478,0.11421605442168711,0.07003791515757933,0.020953578591881176,0.026127962733625363,0.04987245119484707,0.026646849431743166,0.026795755389591367,0.09848132384933567,0.21547285611985925,0.14091396193134037,0.011412614866580772,0.026922685520465804
2021-05-18,0.051594445356340016,0.01740872136537587,0.1031428240697478,0.11421605442168711,0.07003791515757933,0.020953578591881176,0.026127962733625363,0.04987245119484707,0.026646849431743166,0.026795755389591367,0.09848132384933567,0.21547285611985925,0.14091396193134037,0.011412614866580772,0.026922685520465804
2021-05-19,0.051594445356340016,0.01740872136537587,0.1031428240697478,0.11421605442168711,0.07003791515757933,0.020953578591881176,0.026127962733625363,0.04987245119484707,0.026646849431743166,0.026795755389591367,0.09848132384933567,0.21547285611985925,0.14091396193134037,0.011412614866580772,0.026922685520465804
2021-05-20,0.051594445356340016,0.01740872136537587,0.1031428240697478,0.11421605442168711,0.07003791515757933,0.020953578591881176,0.026127962733625363,0.04987245119484707,0.026646849431743166,0.026795755389591367,0.09848132384933567,0.21547285611985925,0.14091396193134037,0.011412614866580772,0.026922685520465804
2021-05-21,0.051594445356340016,0.01740872136537587,0.1031428240697478,0.11421605442168711,0.07003791515757933,0.020953578591881176,0.026127962733625363,0.04987245119484707,0.026646849431743166,0.026795755389591367,0.09848132384933567,0.21547285611985925,0.14091396193134037,0.011412614866580772,0.026922685520465804
2021-05-24,0.051594445356340016,0.01740872136537587,0.1031428240697478,0.11421605442168711,0.07003791515757933,0.020953578591881176,0.026127962733625363,0.04987245119484707,0.026646849431743166,0.026795755389591367,0.09848132384933567,0.21547285611985925,0.14091396193134037,0.011412614866580772,0.026922685520465804
2021-05-25,0.051594445356340016,0.01740872136537587,0.1031428240697478,0.11421605442168711,0.07003791515757933,0.020953578591881176,0.026127962733625363,0.04987245119484707,0.026646849431743166,0.026795755389591367,0.09848132384933567,0.21547285611985925,0.14091396193134037,0.011412614866580772,0.026922685520465804
2021-05-26,0.051594445356340016,0.01740872136537587,0.1031428240697478,0.11421605442168711,0.07003791515757933,0.020953578591881176,0.026127962733625363,0.04987245119484707,0.026646849431743166,0.026795755389591367,0.09848132384933567,0.21547285611985925,0.14091396193134037,0.011412614866580772,0.026922685520465804
2021-05-27,0.051594445356340016,0.01740872136537587,0.1031428240697478,0.11421605442168711,0.07003791515757933,0.020953578591881176,0.026127962733625363,0.04987245119484707,0.026646849431743166,0.026795755389591367,0.09848132384933567,0.21547285611985925,0.14091396193134037,0.011412614866580772,0.026922685520465804
2021-05-28,0.051594445356340016,0.01740872136537587,0.1031428240697478,0.11421605442168711,0.07003791515757933,0.020953578591881176,0.026127962733625363,0.04987245119484707,0.026646849431743166,0.026795755389591367,0.09848132384933567,0.21547285611985925,0.14091396193134037,0.011412614866580772,0.026922685520465804
2021-05-31,0.07329222976417796,0.012487178621249439,0.17401111417850934,0.09984610987346301,0.06635984804193475,0.03014505126259285,0.023256031578315902,0.0484416055033772,0.03344838965939954,0.033235640751819784,0.08494622314450657,0.13183941907572294,0.13837627601814784,0.02112335188950406,0.029191530637278872
2021-06-01,0.07329222976417796,0.012487178621249439,0.17401111417850934,0.09984610987346301,0.06635984804193475,0.03014505126259285,0.023256031578315902,0.0484416055033772,0.03344838965939954,0.033235640751819784,0.08494622314450657,0.13183941907572294,0.13837627601814784,0.02112335188950406,0.029191530637278872
2021-06-02,0.07329222976417796,0.012487178621249439,0.17401111417850934,0.09984610987346301,0.06635984804193475,0.03014505126259285,0.023256031578315902,0.0484416055033772,0.03344838965939954,0.033235640751819784,0.08494622314450657,0.13183941907572294,0.13837627601814784,0.02112335188950406,0.029191530637278872
2021-06-03,0.07329222976417796,0.012487178621249439,0.17401111417850934,0.09984610987346301,0.06635984804193475,0.03014505126259285,0.023256031578315902,0.0484416055033772,0.03344838965939954,0.033235640751819784,0.08494622314450657,0.13183941907572294,0.13837627601814784,0.02112335188950406,0.029191530637278872
2021-06-04,0.07329222976417796,0.012487178621249439,0.17401111417850934,0.09984610987346301,0.06635984804193475,0.03014505126259285,0.023256031578315902,0.0484416055033772,0.03344838965939954,0.033235640751819784,0.08494622314450657,0.13183941907572294,0.13837627601814784,0.02112335188950406,0.029191530637278872
2021-06-07,0.07329222976417796,0.012487178621249439,0.17401111417850934,0.09984610987346301,0.06635984804193475,0.03014505126259285,0.023256031578315902,0.0484416055033772,0.03344838965939954,0.033235640751819784,0.08494622314450657,0.13183941907572294,0.13837627601814784,0.02112335188950406,0.029191530637278872
2021-06-08,0.07329222976417796,0.012487178621249439,0.17401111417850934,0.09984610987346301,0.06635984804193475,0.03014505126259285,0.023256031578315902,0.0484416055033772,0.03344838965939954,0.033235640751819784,0.08494622314450657,0.13183941907572294,0.13837627601814784,0.02112335188950406,0.029191530637278872
2021-06-09,0.07329222976417796,0.012487178621249439,0.17401111417850934,0.09984610987346301,0.06635984804193475,0.03014505126259285,0.023256031578315902,0.0484416055033772,0.03344838965939954,0.033235640751819784,0.08494622314450657,0.13183941907572294,0.13837627601814784,0.02112335188950406,0.029191530637278872
2021-06-10,0.07329222976417796,0.012487178621249439,0.17401111417850934,0.09984610987346301,0.06635984804193475,0.03014505126259285,0.023256031578315902,0.0484416055033772,0.03344838965939954,0.033235640751819784,0.08494622314450657,0.13183941907572294,0.13837627601814784,0.02112335188950406,0.029191530637278872
2021-06-11,0.07329222976417796,0.012487178621249439,0.17401111417850934,0.09984610987346301,0.06635984804193475,0.03014505126259285,0.023256031578315902,0.0484416055033772,0.03344838965939954,0.033235640751819784,0.08494622314450657,0.13183941907572294,0.13837627601814784,0.02112335188950406,0.029191530637278872
2021-06-14,0.07329222976417796,0.012487178621249439,0.17401111417850934,0.09984610987346301,0.06635984804193475,0.03014505126259285,0.023256031578315902,0.0484416055033772,0.03344838965939954,0.033235640751819784,0.08494622314450657,0.13183941907572294,0.13837627601814784,0.02112335188950406,0.029191530637278872
2021-06-15,0.07329222976417796,0.012487178621249439,0.17401111417850934,0.09984610987346301,0.06635984804193475,0.03014505126259285,0.023256031578315902,0.0484416055033772,0.03344838965939954,0.033235640751819784,0.08494622314450657,0.13183941907572294,0.13837627601814784,0.02112335188950406,0.029191530637278872
2021-06-16,0.07329222976417796,0.012487178621249439,0.17401111417850934,0.09984610987346301,0.06635984804193475,0.03014505126259285,0.023256031578315902,0.0484416055033772,0.03344838965939954,0.033235640751819784,0.08494622314450657,0.13183941907572294,0.13837627601814784,0.02112335188950406,0.029191530637278872
2021-06-17,0.07329222976417796,0.012487178621249439,0.17401111417850934,0.09984610987346301,0.06635984804193475,0.03014505126259285,0.023256031578315902,0.0484416055033772,0.03344838965939954,0.033235640751819784,0.08494622314450657,0.13183941907572294,0.13837627601814784,0.02112335188950406,0.029191530637278872
2021-06-18,0.07329222976417796,0.012487178621249439,0.17401111417850934,0.09984610987346301,0.06635984804193475,0.03014505126259285,0.023256031578315902,0.0484416055033772,0.03344838965939954,0.033235640751819784,0.08494622314450657,0.13183941907572294,0.13837627601814784,0.02112335188950406,0.029191530637278872
2021-06-21,0.07329222976417796,0.012487178621249439,0.17401111417850934,0.09984610987346301,0.06635984804193475,0.03014505126259285,0.023256031578315902,0.0484416055033772,0.03344838965939954,0.033235640751819784,0.08494622314450657,0.13183941907572294,0.13837627601814784,0.02112335188950406,0.029191530637278872
2021-06-22,0.07329222976417796,0.012487178621249439,0.17401111417850934,0.09984610987346301,0.06635984804193475,0.03014505126259285,0.023256031578315902,0.0484416055033772,0.03344838965939954,0.033235640751819784,0.08494622314450657,0.13183941907572294,0.13837627601814784,0.02112335188950406,0.029191530637278872
2021-06-23,0.07329222976417796,0.012487178621249439,0.17401111417850934,0.09984610987346301,0.06635984804193475,0.03014505126259285,0.023256031578315902,0.0484416055033772,0.03344838965939954,0.033235640751819784,0.08494622314450657,0.13183941907572294,0.13837627601814784,0.02112335188950406,0.029191530637278872
2021-06-24,0.07329222976417796,0.012487178621249439,0.17401111417850934,0.09984610987346301,0.06635984804193475,0.03014505126259285,0.023256031578315902,0.0484416055033772,0.03344838965939954,0.033235640751819784,0.08494622314450657,0.13183941907572294,0.13837627601814784,0.02112335188950406,0.029191530637278872
2021-06-25,0.07329222976417796,0.012487178621249439,0.17401111417850934,0.09984610987346301,0.06635984804193475,0.03014505126259285,0.023256031578315902,0.0484416055033772,0.03344838965939954,0.033235640751819784,0.08494622314450657,0.13183941907572294,0.13837627601814784,0.02112335188950406,0.029191530637278872
2021-06-28,0.07329222976417796,0.012487178621249439,0.17401111417850934,0.09984610987346301,0.06635984804193475,0.03014505126259285,0.023256031578315902,0.0484416055033772,0.03344838965939954,0.033235640751819784,0.08494622314450657,0.13183941907572294,0.13837627601814784,0.02112335188950406,0.029191530637278872
2021-06-29,0.07329222976417796,0.012487178621249439,0.17401111417850934,0.09984610987346301,0.06635984804193475,0.03014505126259285,0.023256031578315902,0.0484416055033772,0.03344838965939954,0.033235640751819784,0.08494622314450657,0.13183941907572294,0.13837627601814784,0.02112335188950406,0.029191530637278872
2021-06-30,0.049947889628918565,0.00893440545050063,0.15074600863235907,0.05981612055426546,0.04301892277810471,0.025098496427211393,0.016758620032788867,0.027435524258698954,0.028359360789604278,0.021467568176217557,1e-323,0.37401051641593797,0.12717246269392274,0.019625625837113712,0.047608478324356
2021-07-01,0.049947889628918565,0.00893440545050063,0.15074600863235907,0.05981612055426546,0.04301892277810471,0.025098496427211393,0.016758620032788867,0.027435524258698954,0.028359360789604278,0.021467568176217557,1e-323,0.37401051641593797,0.12717246269392274,0.019625625837113712,0.047608478324356
2021-07-02,0.049947889628918565,0.00893440545050063,0.15074600863235907,0.05981612055426546,0.04301892277810471,0.025098496427211393,0.016758620032788867,0.027435524258698954,0.028359360789604278,0.021467568176217557,1e-323,0.37401051641593797,0.12717246269392274,0.019625625837113712,0.047608478324356
2021-07-05,0.049947889628918565,0.00893440545050063,0.15074600863235907,0.05981612055426546,0.04301892277810471,0.025098496427211393,0.016758620032788867,0.027435524258698954,0.028359360789604278,0.021467568176217557,1e-323,0.37401051641593797,0.12717246269392274,0.019625625837113712,0.047608478324356
2021-07-06,0.049947889628918565,0.00893440545050063,0.15074600863235907,0.05981612055426546,0.04301892277810471,0.025098496427211393,0.016758620032788867,0.027435524258698954,0.028359360789604278,0.021467568176217557,1e-323,0.37401051641593797,0.12717246269392274,0.019625625837113712,0.047608478324356
2021-07-07,0.049947889628918565,0.00893440545050063,0.15074600863235907,0.05981612055426546,0.04301892277810471,0.025098496427211393,0.016758620032788867,0.027435524258698954,0.028359360789604278,0.021467568176217557,1e-323,0.37401051641593797,0.12717246269392274,0.019625625837113712,0.047608478324356
2021-07-08,0.049947889628918565,0.00893440545050063,0.15074600863235907,0.05981612055426546,0.04301892277810471,0.025098496427211393,0.016758620032788867,0.027435524258698954,0.028359360789604278,0.021467568176217557,1e-323,0.37401051641593797,0.12717246269392274,0.019625625837113712,0.047608478324356
2021-07-09,0.049947889628918565,0.00893440545050063,0.15074600863235907,0.05981612055426546,0.04301892277810471,0.025098496427211393,0.016758620032788867,0.027435524258698954,0.028359360789604278,0.021467568176217557,1e-323,0.37401051641593797,0.12717246269392274,0.019625625837113712,0.047608478324356
2021-07-12,0.049947889628918565,0.00893440545050063,0.15074600863235907,0.05981612055426546,0.04301892277810471,0.025098496427211393,0.016758620032788867,0.027435524258698954,0.028359360789604278,0.021467568176217557,1e-323,0.37401051641593797,0.12717246269392274,0.019625625837113712,0.047608478324356
2021-07-13,0.049947889628918565,0.00893440545050063,0.15074600863235907,0.05981612055426546,0.04301892277810471,0.025098496427211393,0.016758620032788867,0.027435524258698954,0.028359360789604278,0.021467568176217557,1e-323,0.37401051641593797,0.12717246269392274,0.019625625837113712,0.047608478324356
2021-07-14,0.049947889628918565,0.00893440545050063,0.15074600863235907,0.05981612055426546,0.04301892277810471,0.025098496427211393,0.016758620032788867,0.027435524258698954,0.028359360789604278,0.021467568176217557,1e-323,0.37401051641593797,0.12717246269392274,0.019625625837113712,0.047608478324356
2021-07-15,0.049947889628918565,0.00893440545050063,0.15074600863235907,0.05981612055426546,0.04301892277810471,0.025098496427211393,0.016758620032788867,0.027435524258698954,0.028359360789604278,0.021467568176217557,1e-323,0.37401051641593797,0.12717246269392274,0.019625625837113712,0.047608478324356
2021-07-16,0.049947889628918565,0.00893440545050063,0.15074600863235907,0.05981612055426546,0.04301892277810471,0.025098496427211393,0.016758620032788867,0.027435524258698954,0.028359360789604278,0.021467568176217557,1e-323,0.37401051641593797,0.12717246269392274,0.019625625837113712,0.047608478324356
2021-07-19,0.049947889628918565,0.00893440545050063,0.15074600863235907,0.05981612055426546,0.04301892277810471,0.025098496427211393,0.016758620032788867,0.027435524258698954,0.028359360789604278,0.021467568176217557,1e-323,0.37401051641593797,0.12717246269392274,0.019625625837113712,0.047608478324356
2021-07-20,0.049947889628918565,0.00893440545050063,0.15074600863235907,0.05981612055426546,0.04301892277810471,0.025098496427211393,0.016758620032788867,0.027435524258698954,0.028359360789604278,0.021467568176217557,1e-323,0.37401051641593797,0.12717246269392274,0.019625625837113712,0.047608478324356
2021-07-21,0.049947889628918565,0.00893440545050063,0.15074600863235907,0.05981612055426546,0.04301892277810471,0.025098496427211393,0.016758620032788867,0.027435524258698954,0.028359360789604278,0.021467568176217557,1e-323,0.37401051641593797,0.12717246269392274,0.019625625837113712,0.047608478324356
2021-07-22,0.049947889628918565,0.00893440545050063,0.15074600863235907,0.05981612055426546,0.04301892277810471,0.025098496427211393,0.016758620032788867,0.027435524258698954,0.028359360789604278,0.021467568176217557,1e-323,0.37401051641593797,0.12717246269392274,0.019625625837113712,0.047608478324356
2021-07-23,0.049947889628918565,0.00893440545050063,0.15074600863235907,0.05981612055426546,0.04301892277810471,0.025098496427211393,0.016758620032788867,0.027435524258698954,0.028359360789604278,0.021467568176217557,1e-323,0.37401051641593797,0.12717246269392274,0.019625625837113712,0.047608478324356
2021-07-26,0.049947889628918565,0.00893440545050063,0.15074600863235907,0.05981612055426546,0.04301892277810471,0.025098496427211393,0.016758620032788867,0.027435524258698954,0.028359360789604278,0.021467568176217557,1e-323,0.37401051641593797,0.12717246269392274,0.019625625837113712,0.047608478324356
2021-07-27,0.049947889628918565,0.00893440545050063,0.15074600863235907,0.05981612055426546,0.04301892277810471,0.025098496427211393,0.016758620032788867,0.027435524258698954,0.028359360789604278,0.021467568176217557,1e-323,0.37401051641593797,0.12717246269392274,0.019625625837113712,0.047608478324356
2021-07-28,0.049947889628918565,0.00893440545050063,0.15074600863235907,0.05981612055426546,0.04301892277810471,0.025098496427211393,0.016758620032788867,0.027435524258698954,0.028359360789604278,0.021467568176217557,1e-323,0.37401051641593797,0.12717246269392274,0.019625625837113712,0.047608478324356
2021-07-29,0.049947889628918565,0.00893440545050063,0.15074600863235907,0.05981612055426546,0.04301892277810471,0.025098496427211393,0.016758620032788867,0.027435524258698954,0.028359360789604278,0.021467568176217557,1e-323,0.37401051641593797,0.12717246269392274,0.019625625837113712,0.047608478324356
2021-07-30,0.0542932451631678,0.00937871052000906,0.12807948675138855,0.07699224424855118,0.045003517661965184,0.0320815809766226,0.015304761491358197,0.029689165783307037,0.027859789390359612,0.01959506094289106,1e-323,0.3885505339416358,0.10032420145706085,0.016628695842896363,0.056219005828786674
2021-08-02,0.0542932451631678,0.00937871052000906,0.12807948675138855,0.07699224424855118,0.045003517661965184,0.0320815809766226,0.015304761491358197,0.029689165783307037,0.027859789390359612,0.01959506094289106,1e-323,0.3885505339416358,0.10032420145706085,0.016628695842896363,0.056219005828786674
2021-08-03,0.0542932451631678,0.00937871052000906,0.12807948675138855,0.07699224424855118,0.045003517661965184,0.0320815809766226,0.015304761491358197,0.029689165783307037,0.027859789390359612,0.01959506094289106,1e-323,0.3885505339416358,0.10032420145706085,0.016628695842896363,0.056219005828786674
2021-08-04,0.0542932451631678,0.00937871052000906,0.12807948675138855,0.07699224424855118,0.045003517661965184,0.0320815809766226,0.015304761491358197,0.029689165783307037,0.027859789390359612,0.01959506094289106,1e-323,0.3885505339416358,0.10032420145706085,0.016628695842896363,0.056219005828786674
2021-08-05,0.0542932451631678,0.00937871052000906,0.12807948675138855,0.07699224424855118,0.045003517661965184,0.0320815809766226,0.015304761491358197,0.029689165783307037,0.027859789390359612,0.01959506094289106,1e-323,0.3885505339416358,0.10032420145706085,0.016628695842896363,0.056219005828786674
2021-08-06,0.0542932451631678,0.00937871052000906,0.12807948675138855,0.07699224424855118,0.045003517661965184,0.0320815809766226,0.015304761491358197,0.029689165783307037,0.027859789390359612,0.01959506094289106,1e-323,0.3885505339416358,0.10032420145706085,0.016628695842896363,0.056219005828786674
2021-08-09,0.0542932451631678,0.00937871052000906,0.12807948675138855,0.07699224424855118,0.045003517661965184,0.0320815809766226,0.015304761491358197,0.029689165783307037,0.027859789390359612,0.01959506094289106,1e-323,0.3885505339416358,0.10032420145706085,0.016628695842896363,0.056219005828786674
2021-08-10,0.0542932451631678,0.00937871052000906,0.12807948675138855,0.07699224424855118,0.045003517661965184,0.0320815809766226,0.015304761491358197,0.029689165783307037,0.027859789390359612,0.01959506094289106,1e-323,0.3885505339416358,0.10032420145706085,0.016628695842896363,0.056219005828786674
2021-08-11,0.0542932451631678,0.00937871052000906,0.12807948675138855,0.07699224424855118,0.045003517661965184,0.0320815809766226,0.015304761491358197,0.029689165783307037,0.027859789390359612,0.01959506094289106,1e-323,0.3885505339416358,0.10032420145706085,0.016628695842896363,0.056219005828786674
2021-08-12,0.0542932451631678,0.00937871052000906,0.12807948675138855,0.07699224424855118,0.045003517661965184,0.0320815809766226,0.015304761491358197,0.029689165783307037,0.027859789390359612,0.01959506094289106,1e-323,0.3885505339416358,0.10032420145706085,0.016628695842896363,0.056219005828786674
2021-08-13,0.0542932451631678,0.00937871052000906,0.12807948675138855,0.07699224424855118,0.045003517661965184,0.0320815809766226,0.015304761491358197,0.029689165783307037,0.027859789390359612,0.01959506094289106,1e-323,0.3885505339416358,0.10032420145706085,0.016628695842896363,0.056219005828786674
2021-08-16,0.0542932451631678,0.00937871052000906,0.12807948675138855,0.07699224424855118,0.045003517661965184,0.0320815809766226,0.015304761491358197,0.029689165783307037,0.027859789390359612,0.01959506094289106,1e-323,0.3885505339416358,0.10032420145706085,0.016628695842896363,0.056219005828786674
2021-08-17,0.0542932451631678,0.00937871052000906,0.12807948675138855,0.07699224424855118,0.045003517661965184,0.0320815809766226,0.015304761491358197,0.029689165783307037,0.027859789390359612,0.01959506094289106,1e-323,0.3885505339416358,0.10032420145706085,0.016628695842896363,0.056219005828786674
2021-08-18,0.0542932451631678,0.00937871052000906,0.12807948675138855,0.07699224424855118,0.045003517661965184,0.0320815809766226,0.015304761491358197,0.029689165783307037,0.027859789390359612,0.01959506094289106,1e-323,0.3885505339416358,0.10032420145706085,0.016628695842896363,0.056219005828786674
2021-08-19,0.0542932451631678,0.00937871052000906,0.12807948675138855,0.07699224424855118,0.045003517661965184,0.0320815809766226,0.015304761491358197,0.029689165783307037,0.027859789390359612,0.01959506094289106,1e-323,0.3885505339416358,0.10032420145706085,0.016628695842896363,0.056219005828786674
2021-08-20,0.0542932451631678,0.00937871052000906,0.12807948675138855,0.07699224424855118,0.045003517661965184,0.0320815809766226,0.015304761491358197,0.029689165783307037,0.027859789390359612,0.01959506094289106,1e-323,0.3885505339416358,0.10032420145706085,0.016628695842896363,0.056219005828786674
2021-08-23,0.0542932451631678,0.00937871052000906,0.12807948675138855,0.07699224424855118,0.045003517661965184,0.0320815809766226,0.015304761491358197,0.029689165783307037,0.027859789390359612,0.01959506094289106,1e-323,0.3885505339416358,0.10032420145706085,0.016628695842896363,0.056219005828786674
2021-08-24,0.0542932451631678,0.00937871052000906,0.12807948675138855,0.07699224424855118,0.045003517661965184,0.0320815809766226,0.015304761491358197,0.029689165783307037,0.027859789390359612,0.01959506094289106,1e-323,0.3885505339416358,0.10032420145706085,0.016628695842896363,0.056219005828786674
2021-08-25,0.0542932451631678,0.00937871052000906,0.12807948675138855,0.07699224424855118,0.045003517661965184,0.0320815809766226,0.015304761491358197,0.029689165783307037,0.027859789390359612,0.01959506094289106,1e-323,0.3885505339416358,0.10032420145706085,0.016628695842896363,0.056219005828786674
2021-08-26,0.0542932451631678,0.00937871052000906,0.12807948675138855,0.07699224424855118,0.045003517661965184,0.0320815809766226,0.015304761491358197,0.029689165783307037,0.027859789390359612,0.01959506094289106,1e-323,0.3885505339416358,0.10032420145706085,0.016628695842896363,0.056219005828786674
2021-08-27,0.0542932451631678,0.00937871052000906,0.12807948675138855,0.07699224424855118,0.045003517661965184,0.0320815809766226,0.015304761491358197,0.029689165783307037,0.027859789390359612,0.01959506094289106,1e-323,0.3885505339416358,0.10032420145706085,0.016628695842896363,0.056219005828786674
2021-08-30,0.0542932451631678,0.00937871052000906,0.12807948675138855,0.07699224424855118,0.045003517661965184,0.0320815809766226,0.015304761491358197,0.029689165783307037,0.027859789390359612,0.01959506094289106,1e-323,0.3885505339416358,0.10032420145706085,0.016628695842896363,0.056219005828786674
2021-08-31,0.04236040384773634,0.012989482427289234,0.09989665590108279,0.11863649203898646,0.07486067347560059,0.023734215193322774,0.022583485885913725,0.04571095598833622,0.02852602584970254,0.024731075879498486,0.10272390305902045,0.22937089610460867,0.1323496714996965,0.010689333439912439,0.0308367294092928
2021-09-01,0.04236040384773634,0.012989482427289234,0.09989665590108279,0.11863649203898646,0.07486067347560059,0.023734215193322774,0.022583485885913725,0.04571095598833622,0.02852602584970254,0.024731075879498486,0.10272390305902045,0.22937089610460867,0.1323496714996965,0.010689333439912439,0.0308367294092928
2021-09-02,0.04236040384773634,0.012989482427289234,0.09989665590108279,0.11863649203898646,0.07486067347560059,0.023734215193322774,0.022583485885913725,0.04571095598833622,0.02852602584970254,0.024731075879498486,0.10272390305902045,0.22937089610460867,0.1323496714996965,0.010689333439912439,0.0308367294092928
2021-09-03,0.04236040384773634,0.012989482427289234,0.09989665590108279,0.11863649203898646,0.07486067347560059,0.023734215193322774,0.022583485885913725,0.04571095598833622,0.02852602584970254,0.024731075879498486,0.10272390305902045,0.22937089610460867,0.1323496714996965,0.010689333439912439,0.0308367294092928
2021-09-06,0.04236040384773634,0.012989482427289234,0.09989665590108279,0.11863649203898646,0.07486067347560059,0.023734215193322774,0.022583485885913725,0.04571095598833622,0.02852602584970254,0.024731075879498486,0.10272390305902045,0.22937089610460867,0.1323496714996965,0.010689333439912439,0.0308367294092928
2021-09-07,0.04236040384773634,0.012989482427289234,0.09989665590108279,0.11863649203898646,0.07486067347560059,0.023734215193322774,0.022583485885913725,0.04571095598833622,0.02852602584970254,0.024731075879498486,0.10272390305902045,0.22937089610460867,0.1323496714996965,0.010689333439912439,0.0308367294092928
2021-09-08,0.04236040384773634,0.012989482427289234,0.09989665590108279,0.11863649203898646,0.07486067347560059,0.023734215193322774,0.022583485885913725,0.04571095598833622,0.02852602584970254,0.024731075879498486,0.10272390305902045,0.22937089610460867,0.1323496714996965,0.010689333439912439,0.0308367294092928
2021-09-09,0.04236040384773634,0.012989482427289234,0.09989665590108279,0.11863649203898646,0.07486067347560059,0.023734215193322774,0.022583485885913725,0.04571095598833622,0.02852602584970254,0.024731075879498486,0.10272390305902045,0.22937089610460867,0.1323496714996965,0.010689333439912439,0.0308367294092928
2021-09-10,0.04236040384773634,0.012989482427289234,0.09989665590108279,0.11863649203898646,0.07486067347560059,0.023734215193322774,0.022583485885913725,0.04571095598833622,0.02852602584970254,0.024731075879498486,0.10272390305902045,0.22937089610460867,0.1323496714996965,0.010689333439912439,0.0308367294092928
2021-09-13,0.04236040384773634,0.012989482427289234,0.09989665590108279,0.11863649203898646,0.07486067347560059,0.023734215193322774,0.022583485885913725,0.04571095598833622,0.02852602584970254,0.024731075879498486,0.10272390305902045,0.22937089610460867,0.1323496714996965,0.010689333439912439,0.0308367294092928
2021-09-14,0.04236040384773634,0.012989482427289234,0.09989665590108279,0.11863649203898646,0.07486067347560059,0.023734215193322774,0.022583485885913725,0.04571095598833622,0.02852602584970254,0.024731075879498486,0.10272390305902045,0.22937089610460867,0.1323496714996965,0.010689333439912439,0.0308367294092928
2021-09-15,0.04236040384773634,0.012989482427289234,0.09989665590108279,0.11863649203898646,0.07486067347560059,0.023734215193322774,0.022583485885913725,0.04571095598833622,0.02852602584970254,0.024731075879498486,0.10272390305902045,0.22937089610460867,0.1323496714996965,0.010689333439912439,0.0308367294092928
2021-09-16,0.04236040384773634,0.012989482427289234,0.09989665590108279,0.11863649203898646,0.07486067347560059,0.023734215193322774,0.022583485885913725,0.04571095598833622,0.02852602584970254,0.024731075879498486,0.10272390305902045,0.22937089610460867,0.1323496714996965,0.010689333439912439,0.0308367294092928
2021-09-17,0.04236040384773634,0.012989482427289234,0.09989665590108279,0.11863649203898646,0.07486067347560059,0.023734215193322774,0.022583485885913725,0.04571095598833622,0.02852602584970254,0.024731075879498486,0.10272390305902045,0.22937089610460867,0.1323496714996965,0.010689333439912439,0.0308367294092928
2021-09-20,0.04236040384773634,0.012989482427289234,0.09989665590108279,0.11863649203898646,0.07486067347560059,0.023734215193322774,0.022583485885913725,0.04571095598833622,0.02852602584970254,0.024731075879498486,0.10272390305902045,0.22937089610460867,0.1323496714996965,0.010689333439912439,0.0308367294092928
2021-09-21,0.04236040384773634,0.012989482427289234,0.09989665590108279,0.11863649203898646,0.07486067347560059,0.023734215193322774,0.022583485885913725,0.04571095598833622,0.02852602584970254,0.024731075879498486,0.10272390305902045,0.22937089610460867,0.1323496714996965,0.010689333439912439,0.0308367294092928
2021-09-22,0.04236040384773634,0.012989482427289234,0.09989665590108279,0.11863649203898646,0.07486067347560059,0.023734215193322774,0.022583485885913725,0.04571095598833622,0.02852602584970254,0.024731075879498486,0.10272390305902045,0.22937089610460867,0.1323496714996965,0.010689333439912439,0.0308367294092928
2021-09-23,0.04236040384773634,0.012989482427289234,0.09989665590108279,0.11863649203898646,0.07486067347560059,0.023734215193322774,0.022583485885913725,0.04571095598833622,0.02852602584970254,0.024731075879498486,0.10272390305902045,0.22937089610460867,0.1323496714996965,0.010689333439912439,0.0308367294092928
2021-09-24,0.04236040384773634,0.012989482427289234,0.09989665590108279,0.11863649203898646,0.07486067347560059,0.023734215193322774,0.022583485885913725,0.04571095598833622,0.02852602584970254,0.024731075879498486,0.10272390305902045,0.22937089610460867,0.1323496714996965,0.010689333439912439,0.0308367294092928
2021-09-27,0.04236040384773634,0.012989482427289234,0.09989665590108279,0.11863649203898646,0.07486067347560059,0.023734215193322774,0.022583485885913725,0.04571095598833622,0.02852602584970254,0.024731075879498486,0.10272390305902045,0.22937089610460867,0.1323496714996965,0.010689333439912439,0.0308367294092928
2021-09-28,0.04236040384773634,0.012989482427289234,0.09989665590108279,0.11863649203898646,0.07486067347560059,0.023734215193322774,0.022583485885913725,0.04571095598833622,0.02852602584970254,0.024731075879498486,0.10272390305902045,0.22937089610460867,0.1323496714996965,0.010689333439912439,0.0308367294092928
2021-09-29,0.04236040384773634,0.012989482427289234,0.09989665590108279,0.11863649203898646,0.07486067347560059,0.023734215193322774,0.022583485885913725,0.04571095598833622,0.02852602584970254,0.024731075879498486,0.10272390305902045,0.22937089610460867,0.1323496714996965,0.010689333439912439,0.0308367294092928
2021-09-30,0.06759752154283867,0.01324000984899934,0.10830294624150547,0.09199449873662585,0.07037214169857114,0.025500675292454596,0.02372705773535454,0.04065520833634855,0.026744757393438404,0.022769816492694658,0.10596391983401299,0.12051796303896632,0.238188935316525,0.011349896178699814,0.03307465231296458
2021-10-01,0.06759752154283867,0.01324000984899934,0.10830294624150547,0.09199449873662585,0.07037214169857114,0.025500675292454596,0.02372705773535454,0.04065520833634855,0.026744757393438404,0.022769816492694658,0.10596391983401299,0.12051796303896632,0.238188935316525,0.011349896178699814,0.03307465231296458
2021-10-04,0.06759752154283867,0.01324000984899934,0.10830294624150547,0.09199449873662585,0.07037214169857114,0.025500675292454596,0.02372705773535454,0.04065520833634855,0.026744757393438404,0.022769816492694658,0.10596391983401299,0.12051796303896632,0.238188935316525,0.011349896178699814,0.03307465231296458
2021-10-05,0.06759752154283867,0.01324000984899934,0.10830294624150547,0.09199449873662585,0.07037214169857114,0.025500675292454596,0.02372705773535454,0.04065520833634855,0.026744757393438404,0.022769816492694658,0.10596391983401299,0.12051796303896632,0.238188935316525,0.011349896178699814,0.03307465231296458
2021-10-06,0.06759752154283867,0.01324000984899934,0.10830294624150547,0.09199449873662585,0.07037214169857114,0.025500675292454596,0.02372705773535454,0.04065520833634855,0.026744757393438404,0.022769816492694658,0.10596391983401299,0.12051796303896632,0.238188935316525,0.011349896178699814,0.03307465231296458
2021-10-07,0.06759752154283867,0.01324000984899934,0.10830294624150547,0.09199449873662585,0.07037214169857114,0.025500675292454596,0.02372705773535454,0.04065520833634855,0.026744757393438404,0.022769816492694658,0.10596391983401299,0.12051796303896632,0.238188935316525,0.011349896178699814,0.03307465231296458
2021-10-08,0.06759752154283867,0.01324000984899934,0.10830294624150547,0.09199449873662585,0.07037214169857114,0.025500675292454596,0.02372705773535454,0.04065520833634855,0.026744757393438404,0.022769816492694658,0.10596391983401299,0.12051796303896632,0.238188935316525,0.011349896178699814,0.03307465231296458
2021-10-11,0.06759752154283867,0.01324000984899934,0.10830294624150547,0.09199449873662585,0.07037214169857114,0.025500675292454596,0.02372705773535454,0.04065520833634855,0.026744757393438404,0.022769816492694658,0.10596391983401299,0.12051796303896632,0.238188935316525,0.011349896178699814,0.03307465231296458
2021-10-12,0.06759752154283867,0.01324000984899934,0.10830294624150547,0.09199449873662585,0.07037214169857114,0.025500675292454596,0.02372705773535454,0.04065520833634855,0.026744757393438404,0.022769816492694658,0.10596391983401299,0.12051796303896632,0.238188935316525,0.011349896178699814,0.03307465231296458
2021-10-13,0.06759752154283867,0.01324000984899934,0.10830294624150547,0.09199449873662585,0.07037214169857114,0.025500675292454596,0.02372705773535454,0.04065520833634855,0.026744757393438404,0.022769816492694658,0.10596391983401299,0.12051796303896632,0.238188935316525,0.011349896178699814,0.03307465231296458
2021-10-14,0.06759752154283867,0.01324000984899934,0.10830294624150547,0.09199449873662585,0.07037214169857114,0.025500675292454596,0.02372705773535454,0.04065520833634855,0.026744757393438404,0.022769816492694658,0.10596391983401299,0.12051796303896632,0.238188935316525,0.011349896178699814,0.03307465231296458
2021-10-15,0.06759752154283867,0.01324000984899934,0.10830294624150547,0.09199449873662585,0.07037214169857114,0.025500675292454596,0.02372705773535454,0.04065520833634855,0.026744757393438404,0.022769816492694658,0.10596391983401299,0.12051796303896632,0.238188935316525,0.011349896178699814,0.03307465231296458
2021-10-18,0.06759752154283867,0.01324000984899934,0.10830294624150547,0.09199449873662585,0.07037214169857114,0.025500675292454596,0.02372705773535454,0.04065520833634855,0.026744757393438404,0.022769816492694658,0.10596391983401299,0.12051796303896632,0.238188935316525,0.011349896178699814,0.03307465231296458
2021-10-19,0.06759752154283867,0.01324000984899934,0.10830294624150547,0.09199449873662585,0.07037214169857114,0.025500675292454596,0.02372705773535454,0.04065520833634855,0.026744757393438404,0.022769816492694658,0.10596391983401299,0.12051796303896632,0.238188935316525,0.011349896178699814,0.03307465231296458
2021-10-20,0.06759752154283867,0.01324000984899934,0.10830294624150547,0.09199449873662585,0.07037214169857114,0.025500675292454596,0.02372705773535454,0.04065520833634855,0.026744757393438404,0.022769816492694658,0.10596391983401299,0.12051796303896632,0.238188935316525,0.011349896178699814,0.03307465231296458
2021-10-21,0.06759752154283867,0.01324000984899934,0.10830294624150547,0.09199449873662585,0.07037214169857114,0.025500675292454596,0.02372705773535454,0.04065520833634855,0.026744757393438404,0.022769816492694658,0.10596391983401299,0.12051796303896632,0.238188935316525,0.011349896178699814,0.03307465231296458
2021-10-22,0.06759752154283867,0.01324000984899934,0.10830294624150547,0.09199449873662585,0.07037214169857114,0.025500675292454596,0.02372705773535454,0.04065520833634855,0.026744757393438404,0.022769816492694658,0.10596391983401299,0.12051796303896632,0.238188935316525,0.011349896178699814,0.03307465231296458
2021-10-25,0.06759752154283867,0.01324000984899934,0.10830294624150547,0.09199449873662585,0.07037214169857114,0.025500675292454596,0.02372705773535454,0.04065520833634855,0.026744757393438404,0.022769816492694658,0.10596391983401299,0.12051796303896632,0.238188935316525,0.011349896178699814,0.03307465231296458
2021-10-26,0.06759752154283867,0.01324000984899934,0.10830294624150547,0.09199449873662585,0.07037214169857114,0.025500675292454596,0.02372705773535454,0.04065520833634855,0.026744757393438404,0.022769816492694658,0.10596391983401299,0.12051796303896632,0.238188935316525,0.011349896178699814,0.03307465231296458
2021-10-27,0.06759752154283867,0.01324000984899934,0.10830294624150547,0.09199449873662585,0.07037214169857114,0.025500675292454596,0.02372705773535454,0.04065520833634855,0.026744757393438404,0.022769816492694658,0.10596391983401299,0.12051796303896632,0.238188935316525,0.011349896178699814,0.03307465231296458
2021-10-28,0.06759752154283867,0.01324000984899934,0.10830294624150547,0.09199449873662585,0.07037214169857114,0.025500675292454596,0.02372705773535454,0.04065520833634855,0.026744757393438404,0.022769816492694658,0.10596391983401299,0.12051796303896632,0.238188935316525,0.011349896178699814,0.03307465231296458
2021-10-29,0.04065285965718333,0.01276132164408311,0.07761360958106407,0.10422086458608322,0.08766202653078542,0.02411983719243796,0.02367324323494384,0.04191110516976508,0.029525316261506934,0.02387660995323061,0.08620443885354039,0.2953296206047836,0.10196203315024245,0.01962977414222634,0.030857339438123618
2021-11-01,0.04065285965718333,0.01276132164408311,0.07761360958106407,0.10422086458608322,0.08766202653078542,0.02411983719243796,0.02367324323494384,0.04191110516976508,0.029525316261506934,0.02387660995323061,0.08620443885354039,0.2953296206047836,0.10196203315024245,0.01962977414222634,0.030857339438123618
2021-11-02,0.04065285965718333,0.01276132164408311,0.07761360958106407,0.10422086458608322,0.08766202653078542,0.02411983719243796,0.02367324323494384,0.04191110516976508,0.029525316261506934,0.02387660995323061,0.08620443885354039,0.2953296206047836,0.10196203315024245,0.01962977414222634,0.030857339438123618
2021-11-03,0.04065285965718333,0.01276132164408311,0.07761360958106407,0.10422086458608322,0.08766202653078542,0.02411983719243796,0.02367324323494384,0.04191110516976508,0.029525316261506934,0.02387660995323061,0.08620443885354039,0.2953296206047836,0.10196203315024245,0.01962977414222634,0.030857339438123618
2021-11-04,0.04065285965718333,0.01276132164408311,0.07761360958106407,0.10422086458608322,0.08766202653078542,0.02411983719243796,0.02367324323494384,0.04191110516976508,0.029525316261506934,0.02387660995323061,0.08620443885354039,0.2953296206047836,0.10196203315024245,0.01962977414222634,0.030857339438123618
2021-11-05,0.04065285965718333,0.01276132164408311,0.07761360958106407,0.10422086458608322,0.08766202653078542,0.02411983719243796,0.02367324323494384,0.04191110516976508,0.029525316261506934,0.02387660995323061,0.08620443885354039,0.2953296206047836,0.10196203315024245,0.01962977414222634,0.030857339438123618
2021-11-08,0.04065285965718333,0.01276132164408311,0.07761360958106407,0.10422086458608322,0.08766202653078542,0.02411983719243796,0.02367324323494384,0.04191110516976508,0.029525316261506934,0.02387660995323061,0.08620443885354039,0.2953296206047836,0.10196203315024245,0.01962977414222634,0.030857339438123618
2021-11-09,0.04065285965718333,0.01276132164408311,0.07761360958106407,0.10422086458608322,0.08766202653078542,0.02411983719243796,0.02367324323494384,0.04191110516976508,0.029525316261506934,0.02387660995323061,0.08620443885354039,0.2953296206047836,0.10196203315024245,0.01962977414222634,0.030857339438123618
2021-11-10,0.04065285965718333,0.01276132164408311,0.07761360958106407,0.10422086458608322,0.08766202653078542,0.02411983719243796,0.02367324323494384,0.04191110516976508,0.029525316261506934,0.02387660995323061,0.08620443885354039,0.2953296206047836,0.10196203315024245,0.01962977414222634,0.030857339438123618
2021-11-11,0.04065285965718333,0.01276132164408311,0.07761360958106407,0.10422086458608322,0.08766202653078542,0.02411983719243796,0.02367324323494384,0.04191110516976508,0.029525316261506934,0.02387660995323061,0.08620443885354039,0.2953296206047836,0.10196203315024245,0.01962977414222634,0.030857339438123618
2021-11-12,0.04065285965718333,0.01276132164408311,0.07761360958106407,0.10422086458608322,0.08766202653078542,0.02411983719243796,0.02367324323494384,0.04191110516976508,0.029525316261506934,0.02387660995323061,0.08620443885354039,0.2953296206047836,0.10196203315024245,0.01962977414222634,0.030857339438123618
2021-11-15,0.04065285965718333,0.01276132164408311,0.07761360958106407,0.10422086458608322,0.08766202653078542,0.02411983719243796,0.02367324323494384,0.04191110516976508,0.029525316261506934,0.02387660995323061,0.08620443885354039,0.2953296206047836,0.10196203315024245,0.01962977414222634,0.030857339438123618
2021-11-16,0.04065285965718333,0.01276132164408311,0.07761360958106407,0.10422086458608322,0.08766202653078542,0.02411983719243796,0.02367324323494384,0.04191110516976508,0.029525316261506934,0.02387660995323061,0.08620443885354039,0.2953296206047836,0.10196203315024245,0.01962977414222634,0.030857339438123618
2021-11-17,0.04065285965718333,0.01276132164408311,0.07761360958106407,0.10422086458608322,0.08766202653078542,0.02411983719243796,0.02367324323494384,0.04191110516976508,0.029525316261506934,0.02387660995323061,0.08620443885354039,0.2953296206047836,0.10196203315024245,0.01962977414222634,0.030857339438123618
2021-11-18,0.04065285965718333,0.01276132164408311,0.07761360958106407,0.10422086458608322,0.08766202653078542,0.02411983719243796,0.02367324323494384,0.04191110516976508,0.029525316261506934,0.02387660995323061,0.08620443885354039,0.2953296206047836,0.10196203315024245,0.01962977414222634,0.030857339438123618
2021-11-19,0.04065285965718333,0.01276132164408311,0.07761360958106407,0.10422086458608322,0.08766202653078542,0.02411983719243796,0.02367324323494384,0.04191110516976508,0.029525316261506934,0.02387660995323061,0.08620443885354039,0.2953296206047836,0.10196203315024245,0.01962977414222634,0.030857339438123618
2021-11-22,0.04065285965718333,0.01276132164408311,0.07761360958106407,0.10422086458608322,0.08766202653078542,0.02411983719243796,0.02367324323494384,0.04191110516976508,0.029525316261506934,0.02387660995323061,0.08620443885354039,0.2953296206047836,0.10196203315024245,0.01962977414222634,0.030857339438123618
2021-11-23,0.04065285965718333,0.01276132164408311,0.07761360958106407,0.10422086458608322,0.08766202653078542,0.02411983719243796,0.02367324323494384,0.04191110516976508,0.029525316261506934,0.02387660995323061,0.08620443885354039,0.2953296206047836,0.10196203315024245,0.01962977414222634,0.030857339438123618
2021-11-24,0.04065285965718333,0.01276132164408311,0.07761360958106407,0.10422086458608322,0.08766202653078542,0.02411983719243796,0.02367324323494384,0.04191110516976508,0.029525316261506934,0.02387660995323061,0.08620443885354039,0.2953296206047836,0.10196203315024245,0.01962977414222634,0.030857339438123618
2021-11-25,0.04065285965718333,0.01276132164408311,0.07761360958106407,0.10422086458608322,0.08766202653078542,0.02411983719243796,0.02367324323494384,0.04191110516976508,0.029525316261506934,0.02387660995323061,0.08620443885354039,0.2953296206047836,0.10196203315024245,0.01962977414222634,0.030857339438123618
2021-11-26,0.04065285965718333,0.01276132164408311,0.07761360958106407,0.10422086458608322,0.08766202653078542,0.02411983719243796,0.02367324323494384,0.04191110516976508,0.029525316261506934,0.02387660995323061,0.08620443885354039,0.2953296206047836,0.10196203315024245,0.01962977414222634,0.030857339438123618
2021-11-29,0.04065285965718333,0.01276132164408311,0.07761360958106407,0.10422086458608322,0.08766202653078542,0.02411983719243796,0.02367324323494384,0.04191110516976508,0.029525316261506934,0.02387660995323061,0.08620443885354039,0.2953296206047836,0.10196203315024245,0.01962977414222634,0.030857339438123618
2021-11-30,0.06034613937977899,0.012465624148668713,0.10552276077787263,0.08455463553606847,0.045543992875063485,0.026870524431742055,0.022813395357193535,0.028173065031377006,0.027213901544684775,0.018508297386878574,4.826079431575449e-203,0.4177369926365797,0.0758354079702494,0.022117646275213395,0.05229761664862923
2021-12-01,0.06034613937977899,0.012465624148668713,0.10552276077787263,0.08455463553606847,0.045543992875063485,0.026870524431742055,0.022813395357193535,0.028173065031377006,0.027213901544684775,0.018508297386878574,4.826079431575449e-203,0.4177369926365797,0.0758354079702494,0.022117646275213395,0.05229761664862923
2021-12-02,0.06034613937977899,0.012465624148668713,0.10552276077787263,0.08455463553606847,0.045543992875063485,0.026870524431742055,0.022813395357193535,0.028173065031377006,0.027213901544684775,0.018508297386878574,4.826079431575449e-203,0.4177369926365797,0.0758354079702494,0.022117646275213395,0.05229761664862923
2021-12-03,0.06034613937977899,0.012465624148668713,0.10552276077787263,0.08455463553606847,0.045543992875063485,0.026870524431742055,0.022813395357193535,0.028173065031377006,0.027213901544684775,0.018508297386878574,4.826079431575449e-203,0.4177369926365797,0.0758354079702494,0.022117646275213395,0.05229761664862923
2021-12-06,0.06034613937977899,0.012465624148668713,0.10552276077787263,0.08455463553606847,0.045543992875063485,0.026870524431742055,0.022813395357193535,0.028173065031377006,0.027213901544684775,0.018508297386878574,4.826079431575449e-203,0.4177369926365797,0.0758354079702494,0.022117646275213395,0.05229761664862923
2021-12-07,0.06034613937977899,0.012465624148668713,0.10552276077787263,0.08455463553606847,0.045543992875063485,0.026870524431742055,0.022813395357193535,0.028173065031377006,0.027213901544684775,0.018508297386878574,4.826079431575449e-203,0.4177369926365797,0.0758354079702494,0.022117646275213395,0.05229761664862923
2021-12-08,0.06034613937977899,0.012465624148668713,0.10552276077787263,0.08455463553606847,0.045543992875063485,0.026870524431742055,0.022813395357193535,0.028173065031377006,0.027213901544684775,0.018508297386878574,4.826079431575449e-203,0.4177369926365797,0.0758354079702494,0.022117646275213395,0.05229761664862923
2021-12-09,0.06034613937977899,0.012465624148668713,0.10552276077787263,0.08455463553606847,0.045543992875063485,0.026870524431742055,0.022813395357193535,0.028173065031377006,0.027213901544684775,0.018508297386878574,4.826079431575449e-203,0.4177369926365797,0.0758354079702494,0.022117646275213395,0.05229761664862923
2021-12-10,0.06034613937977899,0.012465624148668713,0.10552276077787263,0.08455463553606847,0.045543992875063485,0.026870524431742055,0.022813395357193535,0.028173065031377006,0.027213901544684775,0.018508297386878574,4.826079431575449e-203,0.4177369926365797,0.0758354079702494,0.022117646275213395,0.05229761664862923
2021-12-13,0.06034613937977899,0.012465624148668713,0.10552276077787263,0.08455463553606847,0.045543992875063485,0.026870524431742055,0.022813395357193535,0.028173065031377006,0.027213901544684775,0.018508297386878574,4.826079431575449e-203,0.4177369926365797,0.0758354079702494,0.022117646275213395,0.05229761664862923
2021-12-14,0.06034613937977899,0.012465624148668713,0.10552276077787263,0.08455463553606847,0.045543992875063485,0.026870524431742055,0.022813395357193535,0.028173065031377006,0.027213901544684775,0.018508297386878574,4.826079431575449e-203,0.4177369926365797,0.0758354079702494,0.022117646275213395,0.05229761664862923
2021-12-15,0.06034613937977899,0.012465624148668713,0.10552276077787263,0.08455463553606847,0.045543992875063485,0.026870524431742055,0.022813395357193535,0.028173065031377006,0.027213901544684775,0.018508297386878574,4.826079431575449e-203,0.4177369926365797,0.0758354079702494,0.022117646275213395,0.05229761664862923
2021-12-16,0.06034613937977899,0.012465624148668713,0.10552276077787263,0.08455463553606847,0.045543992875063485,0.026870524431742055,0.022813395357193535,0.028173065031377006,0.027213901544684775,0.018508297386878574,4.826079431575449e-203,0.4177369926365797,0.0758354079702494,0.022117646275213395,0.05229761664862923
2021-12-17,0.06034613937977899,0.012465624148668713,0.10552276077787263,0.08455463553606847,0.045543992875063485,0.026870524431742055,0.022813395357193535,0.028173065031377006,0.027213901544684775,0.018508297386878574,4.826079431575449e-203,0.4177369926365797,0.0758354079702494,0.022117646275213395,0.05229761664862923
2021-12-20,0.06034613937977899,0.012465624148668713,0.10552276077787263,0.08455463553606847,0.045543992875063485,0.026870524431742055,0.022813395357193535,0.028173065031377006,0.027213901544684775,0.018508297386878574,4.826079431575449e-203,0.4177369926365797,0.0758354079702494,0.022117646275213395,0.05229761664862923
2021-12-21,0.06034613937977899,0.012465624148668713,0.10552276077787263,0.08455463553606847,0.045543992875063485,0.026870524431742055,0.022813395357193535,0.028173065031377006,0.027213901544684775,0.018508297386878574,4.826079431575449e-203,0.4177369926365797,0.0758354079702494,0.022117646275213395,0.05229761664862923
2021-12-22,0.06034613937977899,0.012465624148668713,0.10552276077787263,0.08455463553606847,0.045543992875063485,0.026870524431742055,0.022813395357193535,0.028173065031377006,0.027213901544684775,0.018508297386878574,4.826079431575449e-203,0.4177369926365797,0.0758354079702494,0.022117646275213395,0.05229761664862923
2021-12-23,0.06034613937977899,0.012465624148668713,0.10552276077787263,0.08455463553606847,0.045543992875063485,0.026870524431742055,0.022813395357193535,0.028173065031377006,0.027213901544684775,0.018508297386878574,4.826079431575449e-203,0.4177369926365797,0.0758354079702494,0.022117646275213395,0.05229761664862923
2021-12-24,0.06034613937977899,0.012465624148668713,0.10552276077787263,0.08455463553606847,0.045543992875063485,0.026870524431742055,0.022813395357193535,0.028173065031377006,0.027213901544684775,0.018508297386878574,4.826079431575449e-203,0.4177369926365797,0.0758354079702494,0.022117646275213395,0.05229761664862923
2021-12-27,0.06034613937977899,0.012465624148668713,0.10552276077787263,0.08455463553606847,0.045543992875063485,0.026870524431742055,0.022813395357193535,0.028173065031377006,0.027213901544684775,0.018508297386878574,4.826079431575449e-203,0.4177369926365797,0.0758354079702494,0.022117646275213395,0.05229761664862923
2021-12-28,0.06034613937977899,0.012465624148668713,0.10552276077787263,0.08455463553606847,0.045543992875063485,0.026870524431742055,0.022813395357193535,0.028173065031377006,0.027213901544684775,0.018508297386878574,4.826079431575449e-203,0.4177369926365797,0.0758354079702494,0.022117646275213395,0.05229761664862923
2021-12-29,0.06034613937977899,0.012465624148668713,0.10552276077787263,0.08455463553606847,0.045543992875063485,0.026870524431742055,0.022813395357193535,0.028173065031377006,0.027213901544684775,0.018508297386878574,4.826079431575449e-203,0.4177369926365797,0.0758354079702494,0.022117646275213395,0.05229761664862923
2021-12-30,0.06034613937977899,0.012465624148668713,0.10552276077787263,0.08455463553606847,0.045543992875063485,0.026870524431742055,0.022813395357193535,0.028173065031377006,0.027213901544684775,0.018508297386878574,4.826079431575449e-203,0.4177369926365797,0.0758354079702494,0.022117646275213395,0.05229761664862923
2021-12-31,0.06778314144813578,0.012866762489986574,0.05549699807704217,0.06886033082365274,0.05310164508774953,0.017655139673273538,0.016927494284569352,0.03144853302985105,0.01796974720058523,0.011148504298996867,0.3201427480985026,0.11095423014095163,0.15168352360624424,0.01618025506000348,0.04778094668045515
2022-01-03,0.06778314144813578,0.012866762489986574,0.05549699807704217,0.06886033082365274,0.05310164508774953,0.017655139673273538,0.016927494284569352,0.03144853302985105,0.01796974720058523,0.011148504298996867,0.3201427480985026,0.11095423014095163,0.15168352360624424,0.01618025506000348,0.04778094668045515
2022-01-04,0.06778314144813578,0.012866762489986574,0.05549699807704217,0.06886033082365274,0.05310164508774953,0.017655139673273538,0.016927494284569352,0.03144853302985105,0.01796974720058523,0.011148504298996867,0.3201427480985026,0.11095423014095163,0.15168352360624424,0.01618025506000348,0.04778094668045515
2022-01-05,0.06778314144813578,0.012866762489986574,0.05549699807704217,0.06886033082365274,0.05310164508774953,0.017655139673273538,0.016927494284569352,0.03144853302985105,0.01796974720058523,0.011148504298996867,0.3201427480985026,0.11095423014095163,0.15168352360624424,0.01618025506000348,0.04778094668045515
2022-01-06,0.06778314144813578,0.012866762489986574,0.05549699807704217,0.06886033082365274,0.05310164508774953,0.017655139673273538,0.016927494284569352,0.03144853302985105,0.01796974720058523,0.011148504298996867,0.3201427480985026,0.11095423014095163,0.15168352360624424,0.01618025506000348,0.04778094668045515
2022-01-07,0.06778314144813578,0.012866762489986574,0.05549699807704217,0.06886033082365274,0.05310164508774953,0.017655139673273538,0.016927494284569352,0.03144853302985105,0.01796974720058523,0.011148504298996867,0.3201427480985026,0.11095423014095163,0.15168352360624424,0.01618025506000348,0.04778094668045515
2022-01-10,0.06778314144813578,0.012866762489986574,0.05549699807704217,0.06886033082365274,0.05310164508774953,0.017655139673273538,0.016927494284569352,0.03144853302985105,0.01796974720058523,0.011148504298996867,0.3201427480985026,0.11095423014095163,0.15168352360624424,0.01618025506000348,0.04778094668045515
2022-01-11,0.06778314144813578,0.012866762489986574,0.05549699807704217,0.06886033082365274,0.05310164508774953,0.017655139673273538,0.016927494284569352,0.03144853302985105,0.01796974720058523,0.011148504298996867,0.3201427480985026,0.11095423014095163,0.15168352360624424,0.01618025506000348,0.04778094668045515
2022-01-12,0.06778314144813578,0.012866762489986574,0.05549699807704217,0.06886033082365274,0.05310164508774953,0.017655139673273538,0.016927494284569352,0.03144853302985105,0.01796974720058523,0.011148504298996867,0.3201427480985026,0.11095423014095163,0.15168352360624424,0.01618025506000348,0.04778094668045515
2022-01-13,0.06778314144813578,0.012866762489986574,0.05549699807704217,0.06886033082365274,0.05310164508774953,0.017655139673273538,0.016927494284569352,0.03144853302985105,0.01796974720058523,0.011148504298996867,0.3201427480985026,0.11095423014095163,0.15168352360624424,0.01618025506000348,0.04778094668045515
2022-01-14,0.06778314144813578,0.012866762489986574,0.05549699807704217,0.06886033082365274,0.05310164508774953,0.017655139673273538,0.016927494284569352,0.03144853302985105,0.01796974720058523,0.011148504298996867,0.3201427480985026,0.11095423014095163,0.15168352360624424,0.01618025506000348,0.04778094668045515
2022-01-17,0.06778314144813578,0.012866762489986574,0.05549699807704217,0.06886033082365274,0.05310164508774953,0.017655139673273538,0.016927494284569352,0.03144853302985105,0.01796974720058523,0.011148504298996867,0.3201427480985026,0.11095423014095163,0.15168352360624424,0.01618025506000348,0.04778094668045515
2022-01-18,0.06778314144813578,0.012866762489986574,0.05549699807704217,0.06886033082365274,0.05310164508774953,0.017655139673273538,0.016927494284569352,0.03144853302985105,0.01796974720058523,0.011148504298996867,0.3201427480985026,0.11095423014095163,0.15168352360624424,0.01618025506000348,0.04778094668045515
2022-01-19,0.06778314144813578,0.012866762489986574,0.05549699807704217,0.06886033082365274,0.05310164508774953,0.017655139673273538,0.016927494284569352,0.03144853302985105,0.01796974720058523,0.011148504298996867,0.3201427480985026,0.11095423014095163,0.15168352360624424,0.01618025506000348,0.04778094668045515
2022-01-20,0.06778314144813578,0.012866762489986574,0.05549699807704217,0.06886033082365274,0.05310164508774953,0.017655139673273538,0.016927494284569352,0.03144853302985105,0.01796974720058523,0.011148504298996867,0.3201427480985026,0.11095423014095163,0.15168352360624424,0.01618025506000348,0.04778094668045515
2022-01-21,0.06778314144813578,0.012866762489986574,0.05549699807704217,0.06886033082365274,0.05310164508774953,0.017655139673273538,0.016927494284569352,0.03144853302985105,0.01796974720058523,0.011148504298996867,0.3201427480985026,0.11095423014095163,0.15168352360624424,0.01618025506000348,0.04778094668045515
2022-01-24,0.06778314144813578,0.012866762489986574,0.05549699807704217,0.06886033082365274,0.05310164508774953,0.017655139673273538,0.016927494284569352,0.03144853302985105,0.01796974720058523,0.011148504298996867,0.3201427480985026,0.11095423014095163,0.15168352360624424,0.01618025506000348,0.04778094668045515
2022-01-25,0.06778314144813578,0.012866762489986574,0.05549699807704217,0.06886033082365274,0.05310164508774953,0.017655139673273538,0.016927494284569352,0.03144853302985105,0.01796974720058523,0.011148504298996867,0.3201427480985026,0.11095423014095163,0.15168352360624424,0.01618025506000348,0.04778094668045515
2022-01-26,0.06778314144813578,0.012866762489986574,0.05549699807704217,0.06886033082365274,0.05310164508774953,0.017655139673273538,0.016927494284569352,0.03144853302985105,0.01796974720058523,0.011148504298996867,0.3201427480985026,0.11095423014095163,0.15168352360624424,0.01618025506000348,0.04778094668045515
2022-01-27,0.06778314144813578,0.012866762489986574,0.05549699807704217,0.06886033082365274,0.05310164508774953,0.017655139673273538,0.016927494284569352,0.03144853302985105,0.01796974720058523,0.011148504298996867,0.3201427480985026,0.11095423014095163,0.15168352360624424,0.01618025506000348,0.04778094668045515
2022-01-28,0.06778314144813578,0.012866762489986574,0.05549699807704217,0.06886033082365274,0.05310164508774953,0.017655139673273538,0.016927494284569352,0.03144853302985105,0.01796974720058523,0.011148504298996867,0.3201427480985026,0.11095423014095163,0.15168352360624424,0.01618025506000348,0.04778094668045515
2022-01-31,0.04405819491542418,0.01740317691481023,0.08183352288622739,0.11647298235757456,0.08020743062000574,0.017574989392288652,0.01780136316548924,0.05298962398361564,0.023273874141734967,0.015937963711246075,0.1554222541919523,0.23324111977187464,0.0970201396538679,0.0114831259178038,0.03528023837608468
2022-02-01,0.04405819491542418,0.01740317691481023,0.08183352288622739,0.11647298235757456,0.08020743062000574,0.017574989392288652,0.01780136316548924,0.05298962398361564,0.023273874141734967,0.015937963711246075,0.1554222541919523,0.23324111977187464,0.0970201396538679,0.0114831259178038,0.03528023837608468
2022-02-02,0.04405819491542418,0.01740317691481023,0.08183352288622739,0.11647298235757456,0.08020743062000574,0.017574989392288652,0.01780136316548924,0.05298962398361564,0.023273874141734967,0.015937963711246075,0.1554222541919523,0.23324111977187464,0.0970201396538679,0.0114831259178038,0.03528023837608468
2022-02-03,0.04405819491542418,0.01740317691481023,0.08183352288622739,0.11647298235757456,0.08020743062000574,0.017574989392288652,0.01780136316548924,0.05298962398361564,0.023273874141734967,0.015937963711246075,0.1554222541919523,0.23324111977187464,0.0970201396538679,0.0114831259178038,0.03528023837608468
2022-02-04,0.04405819491542418,0.01740317691481023,0.08183352288622739,0.11647298235757456,0.08020743062000574,0.017574989392288652,0.01780136316548924,0.05298962398361564,0.023273874141734967,0.015937963711246075,0.1554222541919523,0.23324111977187464,0.0970201396538679,0.0114831259178038,0.03528023837608468
2022-02-07,0.04405819491542418,0.01740317691481023,0.08183352288622739,0.11647298235757456,0.08020743062000574,0.017574989392288652,0.01780136316548924,0.05298962398361564,0.023273874141734967,0.015937963711246075,0.1554222541919523,0.23324111977187464,0.0970201396538679,0.0114831259178038,0.03528023837608468
2022-02-08,0.04405819491542418,0.01740317691481023,0.08183352288622739,0.11647298235757456,0.08020743062000574,0.017574989392288652,0.01780136316548924,0.05298962398361564,0.023273874141734967,0.015937963711246075,0.1554222541919523,0.23324111977187464,0.0970201396538679,0.0114831259178038,0.03528023837608468
2022-02-09,0.04405819491542418,0.01740317691481023,0.08183352288622739,0.11647298235757456,0.08020743062000574,0.017574989392288652,0.01780136316548924,0.05298962398361564,0.023273874141734967,0.015937963711246075,0.1554222541919523,0.23324111977187464,0.0970201396538679,0.0114831259178038,0.03528023837608468
2022-02-10,0.04405819491542418,0.01740317691481023,0.08183352288622739,0.11647298235757456,0.08020743062000574,0.017574989392288652,0.01780136316548924,0.05298962398361564,0.023273874141734967,0.015937963711246075,0.1554222541919523,0.23324111977187464,0.0970201396538679,0.0114831259178038,0.03528023837608468
2022-02-11,0.04405819491542418,0.01740317691481023,0.08183352288622739,0.11647298235757456,0.08020743062000574,0.017574989392288652,0.01780136316548924,0.05298962398361564,0.023273874141734967,0.015937963711246075,0.1554222541919523,0.23324111977187464,0.0970201396538679,0.0114831259178038,0.03528023837608468
2022-02-14,0.04405819491542418,0.01740317691481023,0.08183352288622739,0.11647298235757456,0.08020743062000574,0.017574989392288652,0.01780136316548924,0.05298962398361564,0.023273874141734967,0.015937963711246075,0.1554222541919523,0.23324111977187464,0.0970201396538679,0.0114831259178038,0.03528023837608468
2022-02-15,0.04405819491542418,0.01740317691481023,0.08183352288622739,0.11647298235757456,0.08020743062000574,0.017574989392288652,0.01780136316548924,0.05298962398361564,0.023273874141734967,0.015937963711246075,0.1554222541919523,0.23324111977187464,0.0970201396538679,0.0114831259178038,0.03528023837608468
2022-02-16,0.04405819491542418,0.01740317691481023,0.08183352288622739,0.11647298235757456,0.08020743062000574,0.017574989392288652,0.01780136316548924,0.05298962398361564,0.023273874141734967,0.015937963711246075,0.1554222541919523,0.23324111977187464,0.0970201396538679,0.0114831259178038,0.03528023837608468
2022-02-17,0.04405819491542418,0.01740317691481023,0.08183352288622739,0.11647298235757456,0.08020743062000574,0.017574989392288652,0.01780136316548924,0.05298962398361564,0.023273874141734967,0.015937963711246075,0.1554222541919523,0.23324111977187464,0.0970201396538679,0.0114831259178038,0.03528023837608468
2022-02-18,0.04405819491542418,0.01740317691481023,0.08183352288622739,0.11647298235757456,0.08020743062000574,0.017574989392288652,0.01780136316548924,0.05298962398361564,0.023273874141734967,0.015937963711246075,0.1554222541919523,0.23324111977187464,0.0970201396538679,0.0114831259178038,0.03528023837608468
2022-02-21,0.04405819491542418,0.01740317691481023,0.08183352288622739,0.11647298235757456,0.08020743062000574,0.017574989392288652,0.01780136316548924,0.05298962398361564,0.023273874141734967,0.015937963711246075,0.1554222541919523,0.23324111977187464,0.0970201396538679,0.0114831259178038,0.03528023837608468
2022-02-22,0.04405819491542418,0.01740317691481023,0.08183352288622739,0.11647298235757456,0.08020743062000574,0.017574989392288652,0.01780136316548924,0.05298962398361564,0.023273874141734967,0.015937963711246075,0.1554222541919523,0.23324111977187464,0.0970201396538679,0.0114831259178038,0.03528023837608468
2022-02-23,0.04405819491542418,0.01740317691481023,0.08183352288622739,0.11647298235757456,0.08020743062000574,0.017574989392288652,0.01780136316548924,0.05298962398361564,0.023273874141734967,0.015937963711246075,0.1554222541919523,0.23324111977187464,0.0970201396538679,0.0114831259178038,0.03528023837608468
2022-02-24,0.04405819491542418,0.01740317691481023,0.08183352288622739,0.11647298235757456,0.08020743062000574,0.017574989392288652,0.01780136316548924,0.05298962398361564,0.023273874141734967,0.015937963711246075,0.1554222541919523,0.23324111977187464,0.0970201396538679,0.0114831259178038,0.03528023837608468
2022-02-25,0.04405819491542418,0.01740317691481023,0.08183352288622739,0.11647298235757456,0.08020743062000574,0.017574989392288652,0.01780136316548924,0.05298962398361564,0.023273874141734967,0.015937963711246075,0.1554222541919523,0.23324111977187464,0.0970201396538679,0.0114831259178038,0.03528023837608468
2022-02-28,0.08975292102005927,0.012900527988759493,0.05996405305024143,0.046380845176398254,0.0589516740474131,0.018220461328349268,0.01423817384764905,0.03219214521976357,0.019963560698037383,0.013346274032350804,0.3375587157217219,0.10426468483203111,0.1140828458663799,0.019563654890193263,0.05861946228065227
2022-03-01,0.08975292102005927,0.012900527988759493,0.05996405305024143,0.046380845176398254,0.0589516740474131,0.018220461328349268,0.01423817384764905,0.03219214521976357,0.019963560698037383,0.013346274032350804,0.3375587157217219,0.10426468483203111,0.1140828458663799,0.019563654890193263,0.05861946228065227
2022-03-02,0.08975292102005927,0.012900527988759493,0.05996405305024143,0.046380845176398254,0.0589516740474131,0.018220461328349268,0.01423817384764905,0.03219214521976357,0.019963560698037383,0.013346274032350804,0.3375587157217219,0.10426468483203111,0.1140828458663799,0.019563654890193263,0.05861946228065227
2022-03-03,0.08975292102005927,0.012900527988759493,0.05996405305024143,0.046380845176398254,0.0589516740474131,0.018220461328349268,0.01423817384764905,0.03219214521976357,0.019963560698037383,0.013346274032350804,0.3375587157217219,0.10426468483203111,0.1140828458663799,0.019563654890193263,0.05861946228065227
2022-03-04,0.08975292102005927,0.012900527988759493,0.05996405305024143,0.046380845176398254,0.0589516740474131,0.018220461328349268,0.01423817384764905,0.03219214521976357,0.019963560698037383,0.013346274032350804,0.3375587157217219,0.10426468483203111,0.1140828458663799,0.019563654890193263,0.05861946228065227
2022-03-07,0.08975292102005927,0.012900527988759493,0.05996405305024143,0.046380845176398254,0.0589516740474131,0.018220461328349268,0.01423817384764905,0.03219214521976357,0.019963560698037383,0.013346274032350804,0.3375587157217219,0.10426468483203111,0.1140828458663799,0.019563654890193263,0.05861946228065227
2022-03-08,0.08975292102005927,0.012900527988759493,0.05996405305024143,0.046380845176398254,0.0589516740474131,0.018220461328349268,0.01423817384764905,0.03219214521976357,0.019963560698037383,0.013346274032350804,0.3375587157217219,0.10426468483203111,0.1140828458663799,0.019563654890193263,0.05861946228065227
2022-03-09,0.08975292102005927,0.012900527988759493,0.05996405305024143,0.046380845176398254,0.0589516740474131,0.018220461328349268,0.01423817384764905,0.03219214521976357,0.019963560698037383,0.013346274032350804,0.3375587157217219,0.10426468483203111,0.1140828458663799,0.019563654890193263,0.05861946228065227
2022-03-10,0.08975292102005927,0.012900527988759493,0.05996405305024143,0.046380845176398254,0.0589516740474131,0.018220461328349268,0.01423817384764905,0.03219214521976357,0.019963560698037383,0.013346274032350804,0.3375587157217219,0.10426468483203111,0.1140828458663799,0.019563654890193263,0.05861946228065227
2022-03-11,0.08975292102005927,0.012900527988759493,0.05996405305024143,0.046380845176398254,0.0589516740474131,0.018220461328349268,0.01423817384764905,0.03219214521976357,0.019963560698037383,0.013346274032350804,0.3375587157217219,0.10426468483203111,0.1140828458663799,0.019563654890193263,0.05861946228065227
2022-03-14,0.08975292102005927,0.012900527988759493,0.05996405305024143,0.046380845176398254,0.0589516740474131,0.018220461328349268,0.01423817384764905,0.03219214521976357,0.019963560698037383,0.013346274032350804,0.3375587157217219,0.10426468483203111,0.1140828458663799,0.019563654890193263,0.05861946228065227
2022-03-15,0.08975292102005927,0.012900527988759493,0.05996405305024143,0.046380845176398254,0.0589516740474131,0.018220461328349268,0.01423817384764905,0.03219214521976357,0.019963560698037383,0.013346274032350804,0.3375587157217219,0.10426468483203111,0.1140828458663799,0.019563654890193263,0.05861946228065227
2022-03-16,0.08975292102005927,0.012900527988759493,0.05996405305024143,0.046380845176398254,0.0589516740474131,0.018220461328349268,0.01423817384764905,0.03219214521976357,0.019963560698037383,0.013346274032350804,0.3375587157217219,0.10426468483203111,0.1140828458663799,0.019563654890193263,0.05861946228065227
2022-03-17,0.08975292102005927,0.012900527988759493,0.05996405305024143,0.046380845176398254,0.0589516740474131,0.018220461328349268,0.01423817384764905,0.03219214521976357,0.019963560698037383,0.013346274032350804,0.3375587157217219,0.10426468483203111,0.1140828458663799,0.019563654890193263,0.05861946228065227
2022-03-18,0.08975292102005927,0.012900527988759493,0.05996405305024143,0.046380845176398254,0.0589516740474131,0.018220461328349268,0.01423817384764905,0.03219214521976357,0.019963560698037383,0.013346274032350804,0.3375587157217219,0.10426468483203111,0.1140828458663799,0.019563654890193263,0.05861946228065227
2022-03-21,0.08975292102005927,0.012900527988759493,0.05996405305024143,0.046380845176398254,0.0589516740474131,0.018220461328349268,0.01423817384764905,0.03219214521976357,0.019963560698037383,0.013346274032350804,0.3375587157217219,0.10426468483203111,0.1140828458663799,0.019563654890193263,0.05861946228065227
2022-03-22,0.08975292102005927,0.012900527988759493,0.05996405305024143,0.046380845176398254,0.0589516740474131,0.018220461328349268,0.01423817384764905,0.03219214521976357,0.019963560698037383,0.013346274032350804,0.3375587157217219,0.10426468483203111,0.1140828458663799,0.019563654890193263,0.05861946228065227
2022-03-23,0.08975292102005927,0.012900527988759493,0.05996405305024143,0.046380845176398254,0.0589516740474131,0.018220461328349268,0.01423817384764905,0.03219214521976357,0.019963560698037383,0.013346274032350804,0.3375587157217219,0.10426468483203111,0.1140828458663799,0.019563654890193263,0.05861946228065227
2022-03-24,0.08975292102005927,0.012900527988759493,0.05996405305024143,0.046380845176398254,0.0589516740474131,0.018220461328349268,0.01423817384764905,0.03219214521976357,0.019963560698037383,0.013346274032350804,0.3375587157217219,0.10426468483203111,0.1140828458663799,0.019563654890193263,0.05861946228065227
2022-03-25,0.08975292102005927,0.012900527988759493,0.05996405305024143,0.046380845176398254,0.0589516740474131,0.018220461328349268,0.01423817384764905,0.03219214521976357,0.019963560698037383,0.013346274032350804,0.3375587157217219,0.10426468483203111,0.1140828458663799,0.019563654890193263,0.05861946228065227
2022-03-28,0.08975292102005927,0.012900527988759493,0.05996405305024143,0.046380845176398254,0.0589516740474131,0.018220461328349268,0.01423817384764905,0.03219214521976357,0.019963560698037383,0.013346274032350804,0.3375587157217219,0.10426468483203111,0.1140828458663799,0.019563654890193263,0.05861946228065227
2022-03-29,0.08975292102005927,0.012900527988759493,0.05996405305024143,0.046380845176398254,0.0589516740474131,0.018220461328349268,0.01423817384764905,0.03219214521976357,0.019963560698037383,0.013346274032350804,0.3375587157217219,0.10426468483203111,0.1140828458663799,0.019563654890193263,0.05861946228065227
2022-03-30,0.08975292102005927,0.012900527988759493,0.05996405305024143,0.046380845176398254,0.0589516740474131,0.018220461328349268,0.01423817384764905,0.03219214521976357,0.019963560698037383,0.013346274032350804,0.3375587157217219,0.10426468483203111,0.1140828458663799,0.019563654890193263,0.05861946228065227
2022-03-31,0.07170848967423347,0.012205316254768034,0.05533697974751805,0.04434512081332155,0.05730242850702235,0.016960667387475262,0.012211418576342541,0.038406639670558185,0.020211125001560228,0.01708118689591368,0.3483413015635928,0.12338411242609346,0.09729882324735949,0.01687557307065371,0.0683308171635873
2022-04-01,0.07170848967423347,0.012205316254768034,0.05533697974751805,0.04434512081332155,0.05730242850702235,0.016960667387475262,0.012211418576342541,0.038406639670558185,0.020211125001560228,0.01708118689591368,0.3483413015635928,0.12338411242609346,0.09729882324735949,0.01687557307065371,0.0683308171635873
2022-04-04,0.07170848967423347,0.012205316254768034,0.05533697974751805,0.04434512081332155,0.05730242850702235,0.016960667387475262,0.012211418576342541,0.038406639670558185,0.020211125001560228,0.01708118689591368,0.3483413015635928,0.12338411242609346,0.09729882324735949,0.01687557307065371,0.0683308171635873
2022-04-05,0.07170848967423347,0.012205316254768034,0.05533697974751805,0.04434512081332155,0.05730242850702235,0.016960667387475262,0.012211418576342541,0.038406639670558185,0.020211125001560228,0.01708118689591368,0.3483413015635928,0.12338411242609346,0.09729882324735949,0.01687557307065371,0.0683308171635873
2022-04-06,0.07170848967423347,0.012205316254768034,0.05533697974751805,0.04434512081332155,0.05730242850702235,0.016960667387475262,0.012211418576342541,0.038406639670558185,0.020211125001560228,0.01708118689591368,0.3483413015635928,0.12338411242609346,0.09729882324735949,0.01687557307065371,0.0683308171635873
2022-04-07,0.07170848967423347,0.012205316254768034,0.05533697974751805,0.04434512081332155,0.05730242850702235,0.016960667387475262,0.012211418576342541,0.038406639670558185,0.020211125001560228,0.01708118689591368,0.3483413015635928,0.12338411242609346,0.09729882324735949,0.01687557307065371,0.0683308171635873
2022-04-08,0.07170848967423347,0.012205316254768034,0.05533697974751805,0.04434512081332155,0.05730242850702235,0.016960667387475262,0.012211418576342541,0.038406639670558185,0.020211125001560228,0.01708118689591368,0.3483413015635928,0.12338411242609346,0.09729882324735949,0.01687557307065371,0.0683308171635873
2022-04-11,0.07170848967423347,0.012205316254768034,0.05533697974751805,0.04434512081332155,0.05730242850702235,0.016960667387475262,0.012211418576342541,0.038406639670558185,0.020211125001560228,0.01708118689591368,0.3483413015635928,0.12338411242609346,0.09729882324735949,0.01687557307065371,0.0683308171635873
2022-04-12,0.07170848967423347,0.012205316254768034,0.05533697974751805,0.04434512081332155,0.05730242850702235,0.016960667387475262,0.012211418576342541,0.038406639670558185,0.020211125001560228,0.01708118689591368,0.3483413015635928,0.12338411242609346,0.09729882324735949,0.01687557307065371,0.0683308171635873
2022-04-13,0.07170848967423347,0.012205316254768034,0.05533697974751805,0.04434512081332155,0.05730242850702235,0.016960667387475262,0.012211418576342541,0.038406639670558185,0.020211125001560228,0.01708118689591368,0.3483413015635928,0.12338411242609346,0.09729882324735949,0.01687557307065371,0.0683308171635873
2022-04-14,0.07170848967423347,0.012205316254768034,0.05533697974751805,0.04434512081332155,0.05730242850702235,0.016960667387475262,0.012211418576342541,0.038406639670558185,0.020211125001560228,0.01708118689591368,0.3483413015635928,0.12338411242609346,0.09729882324735949,0.01687557307065371,0.0683308171635873
2022-04-15,0.07170848967423347,0.012205316254768034,0.05533697974751805,0.04434512081332155,0.05730242850702235,0.016960667387475262,0.012211418576342541,0.038406639670558185,0.020211125001560228,0.01708118689591368,0.3483413015635928,0.12338411242609346,0.09729882324735949,0.01687557307065371,0.0683308171635873
2022-04-18,0.07170848967423347,0.012205316254768034,0.05533697974751805,0.04434512081332155,0.05730242850702235,0.016960667387475262,0.012211418576342541,0.038406639670558185,0.020211125001560228,0.01708118689591368,0.3483413015635928,0.12338411242609346,0.09729882324735949,0.01687557307065371,0.0683308171635873
2022-04-19,0.07170848967423347,0.012205316254768034,0.05533697974751805,0.04434512081332155,0.05730242850702235,0.016960667387475262,0.012211418576342541,0.038406639670558185,0.020211125001560228,0.01708118689591368,0.3483413015635928,0.12338411242609346,0.09729882324735949,0.01687557307065371,0.0683308171635873
2022-04-20,0.07170848967423347,0.012205316254768034,0.05533697974751805,0.04434512081332155,0.05730242850702235,0.016960667387475262,0.012211418576342541,0.038406639670558185,0.020211125001560228,0.01708118689591368,0.3483413015635928,0.12338411242609346,0.09729882324735949,0.01687557307065371,0.0683308171635873
2022-04-21,0.07170848967423347,0.012205316254768034,0.05533697974751805,0.04434512081332155,0.05730242850702235,0.016960667387475262,0.012211418576342541,0.038406639670558185,0.020211125001560228,0.01708118689591368,0.3483413015635928,0.12338411242609346,0.09729882324735949,0.01687557307065371,0.0683308171635873
2022-04-22,0.07170848967423347,0.012205316254768034,0.05533697974751805,0.04434512081332155,0.05730242850702235,0.016960667387475262,0.012211418576342541,0.038406639670558185,0.020211125001560228,0.01708118689591368,0.3483413015635928,0.12338411242609346,0.09729882324735949,0.01687557307065371,0.0683308171635873
2022-04-25,0.07170848967423347,0.012205316254768034,0.05533697974751805,0.04434512081332155,0.05730242850702235,0.016960667387475262,0.012211418576342541,0.038406639670558185,0.020211125001560228,0.01708118689591368,0.3483413015635928,0.12338411242609346,0.09729882324735949,0.01687557307065371,0.0683308171635873
2022-04-26,0.07170848967423347,0.012205316254768034,0.05533697974751805,0.04434512081332155,0.05730242850702235,0.016960667387475262,0.012211418576342541,0.038406639670558185,0.020211125001560228,0.01708118689591368,0.3483413015635928,0.12338411242609346,0.09729882324735949,0.01687557307065371,0.0683308171635873
2022-04-27,0.07170848967423347,0.012205316254768034,0.05533697974751805,0.04434512081332155,0.05730242850702235,0.016960667387475262,0.012211418576342541,0.038406639670558185,0.020211125001560228,0.01708118689591368,0.3483413015635928,0.12338411242609346,0.09729882324735949,0.01687557307065371,0.0683308171635873
2022-04-28,0.07170848967423347,0.012205316254768034,0.05533697974751805,0.04434512081332155,0.05730242850702235,0.016960667387475262,0.012211418576342541,0.038406639670558185,0.020211125001560228,0.01708118689591368,0.3483413015635928,0.12338411242609346,0.09729882324735949,0.01687557307065371,0.0683308171635873
2022-04-29,0.07699920271462743,0.012839137360727743,0.05923924028206829,0.044239259619158984,0.05046665810888002,0.015328918384023879,0.01705149584352016,0.03764251429256596,0.017166805793292366,0.015735453672045596,0.3955729512256716,0.10134414669185476,0.08268471841736877,0.013718424056620347,0.059971073537573985
2022-05-02,0.07699920271462743,0.012839137360727743,0.05923924028206829,0.044239259619158984,0.05046665810888002,0.015328918384023879,0.01705149584352016,0.03764251429256596,0.017166805793292366,0.015735453672045596,0.3955729512256716,0.10134414669185476,0.08268471841736877,0.013718424056620347,0.059971073537573985
2022-05-03,0.07699920271462743,0.012839137360727743,0.05923924028206829,0.044239259619158984,0.05046665810888002,0.015328918384023879,0.01705149584352016,0.03764251429256596,0.017166805793292366,0.015735453672045596,0.3955729512256716,0.10134414669185476,0.08268471841736877,0.013718424056620347,0.059971073537573985
2022-05-04,0.07699920271462743,0.012839137360727743,0.05923924028206829,0.044239259619158984,0.05046665810888002,0.015328918384023879,0.01705149584352016,0.03764251429256596,0.017166805793292366,0.015735453672045596,0.3955729512256716,0.10134414669185476,0.08268471841736877,0.013718424056620347,0.059971073537573985
2022-05-05,0.07699920271462743,0.012839137360727743,0.05923924028206829,0.044239259619158984,0.05046665810888002,0.015328918384023879,0.01705149584352016,0.03764251429256596,0.017166805793292366,0.015735453672045596,0.3955729512256716,0.10134414669185476,0.08268471841736877,0.013718424056620347,0.059971073537573985
2022-05-06,0.07699920271462743,0.012839137360727743,0.05923924028206829,0.044239259619158984,0.05046665810888002,0.015328918384023879,0.01705149584352016,0.03764251429256596,0.017166805793292366,0.015735453672045596,0.3955729512256716,0.10134414669185476,0.08268471841736877,0.013718424056620347,0.059971073537573985
2022-05-09,0.07699920271462743,0.012839137360727743,0.05923924028206829,0.044239259619158984,0.05046665810888002,0.015328918384023879,0.01705149584352016,0.03764251429256596,0.017166805793292366,0.015735453672045596,0.3955729512256716,0.10134414669185476,0.08268471841736877,0.013718424056620347,0.059971073537573985
2022-05-10,0.07699920271462743,0.012839137360727743,0.05923924028206829,0.044239259619158984,0.05046665810888002,0.015328918384023879,0.01705149584352016,0.03764251429256596,0.017166805793292366,0.015735453672045596,0.3955729512256716,0.10134414669185476,0.08268471841736877,0.013718424056620347,0.059971073537573985
2022-05-11,0.07699920271462743,0.012839137360727743,0.05923924028206829,0.044239259619158984,0.05046665810888002,0.015328918384023879,0.01705149584352016,0.03764251429256596,0.017166805793292366,0.015735453672045596,0.3955729512256716,0.10134414669185476,0.08268471841736877,0.013718424056620347,0.059971073537573985
2022-05-12,0.07699920271462743,0.012839137360727743,0.05923924028206829,0.044239259619158984,0.05046665810888002,0.015328918384023879,0.01705149584352016,0.03764251429256596,0.017166805793292366,0.015735453672045596,0.3955729512256716,0.10134414669185476,0.08268471841736877,0.013718424056620347,0.059971073537573985
2022-05-13,0.07699920271462743,0.012839137360727743,0.05923924028206829,0.044239259619158984,0.05046665810888002,0.015328918384023879,0.01705149584352016,0.03764251429256596,0.017166805793292366,0.015735453672045596,0.3955729512256716,0.10134414669185476,0.08268471841736877,0.013718424056620347,0.059971073537573985
2022-05-16,0.07699920271462743,0.012839137360727743,0.05923924028206829,0.044239259619158984,0.05046665810888002,0.015328918384023879,0.01705149584352016,0.03764251429256596,0.017166805793292366,0.015735453672045596,0.3955729512256716,0.10134414669185476,0.08268471841736877,0.013718424056620347,0.059971073537573985
2022-05-17,0.07699920271462743,0.012839137360727743,0.05923924028206829,0.044239259619158984,0.05046665810888002,0.015328918384023879,0.01705149584352016,0.03764251429256596,0.017166805793292366,0.015735453672045596,0.3955729512256716,0.10134414669185476,0.08268471841736877,0.013718424056620347,0.059971073537573985
2022-05-18,0.07699920271462743,0.012839137360727743,0.05923924028206829,0.044239259619158984,0.05046665810888002,0.015328918384023879,0.01705149584352016,0.03764251429256596,0.017166805793292366,0.015735453672045596,0.3955729512256716,0.10134414669185476,0.08268471841736877,0.013718424056620347,0.059971073537573985
2022-05-19,0.07699920271462743,0.012839137360727743,0.05923924028206829,0.044239259619158984,0.05046665810888002,0.015328918384023879,0.01705149584352016,0.03764251429256596,0.017166805793292366,0.015735453672045596,0.3955729512256716,0.10134414669185476,0.08268471841736877,0.013718424056620347,0.059971073537573985
2022-05-20,0.07699920271462743,0.012839137360727743,0.05923924028206829,0.044239259619158984,0.05046665810888002,0.015328918384023879,0.01705149584352016,0.03764251429256596,0.017166805793292366,0.015735453672045596,0.3955729512256716,0.10134414669185476,0.08268471841736877,0.013718424056620347,0.059971073537573985
2022-05-23,0.07699920271462743,0.012839137360727743,0.05923924028206829,0.044239259619158984,0.05046665810888002,0.015328918384023879,0.01705149584352016,0.03764251429256596,0.017166805793292366,0.015735453672045596,0.3955729512256716,0.10134414669185476,0.08268471841736877,0.013718424056620347,0.059971073537573985
2022-05-24,0.07699920271462743,0.012839137360727743,0.05923924028206829,0.044239259619158984,0.05046665810888002,0.015328918384023879,0.01705149584352016,0.03764251429256596,0.017166805793292366,0.015735453672045596,0.3955729512256716,0.10134414669185476,0.08268471841736877,0.013718424056620347,0.059971073537573985
2022-05-25,0.07699920271462743,0.012839137360727743,0.05923924028206829,0.044239259619158984,0.05046665810888002,0.015328918384023879,0.01705149584352016,0.03764251429256596,0.017166805793292366,0.015735453672045596,0.3955729512256716,0.10134414669185476,0.08268471841736877,0.013718424056620347,0.059971073537573985
2022-05-26,0.07699920271462743,0.012839137360727743,0.05923924028206829,0.044239259619158984,0.05046665810888002,0.015328918384023879,0.01705149584352016,0.03764251429256596,0.017166805793292366,0.015735453672045596,0.3955729512256716,0.10134414669185476,0.08268471841736877,0.013718424056620347,0.059971073537573985
2022-05-27,0.07699920271462743,0.012839137360727743,0.05923924028206829,0.044239259619158984,0.05046665810888002,0.015328918384023879,0.01705149584352016,0.03764251429256596,0.017166805793292366,0.015735453672045596,0.3955729512256716,0.10134414669185476,0.08268471841736877,0.013718424056620347,0.059971073537573985
2022-05-30,0.07699920271462743,0.012839137360727743,0.05923924028206829,0.044239259619158984,0.05046665810888002,0.015328918384023879,0.01705149584352016,0.03764251429256596,0.017166805793292366,0.015735453672045596,0.3955729512256716,0.10134414669185476,0.08268471841736877,0.013718424056620347,0.059971073537573985
2022-05-31,1e-323,0.01383925670083193,0.0783493456222288,0.050811301520994175,0.056812206626806354,0.013134642063061839,0.01711954626820349,0.06007624618904415,0.015168169120550348,0.013746748631035451,0.36825262747597864,0.11962157473027989,0.10156602375740513,0.018210013032333702,0.07329229826124599
2022-06-01,1e-323,0.01383925670083193,0.0783493456222288,0.050811301520994175,0.056812206626806354,0.013134642063061839,0.01711954626820349,0.06007624618904415,0.015168169120550348,0.013746748631035451,0.36825262747597864,0.11962157473027989,0.10156602375740513,0.018210013032333702,0.07329229826124599
2022-06-02,1e-323,0.01383925670083193,0.0783493456222288,0.050811301520994175,0.056812206626806354,0.013134642063061839,0.01711954626820349,0.06007624618904415,0.015168169120550348,0.013746748631035451,0.36825262747597864,0.11962157473027989,0.10156602375740513,0.018210013032333702,0.07329229826124599
2022-06-03,1e-323,0.01383925670083193,0.0783493456222288,0.050811301520994175,0.056812206626806354,0.013134642063061839,0.01711954626820349,0.06007624618904415,0.015168169120550348,0.013746748631035451,0.36825262747597864,0.11962157473027989,0.10156602375740513,0.018210013032333702,0.07329229826124599
2022-06-06,1e-323,0.01383925670083193,0.0783493456222288,0.050811301520994175,0.056812206626806354,0.013134642063061839,0.01711954626820349,0.06007624618904415,0.015168169120550348,0.013746748631035451,0.36825262747597864,0.11962157473027989,0.10156602375740513,0.018210013032333702,0.07329229826124599
2022-06-07,1e-323,0.01383925670083193,0.0783493456222288,0.050811301520994175,0.056812206626806354,0.013134642063061839,0.01711954626820349,0.06007624618904415,0.015168169120550348,0.013746748631035451,0.36825262747597864,0.11962157473027989,0.10156602375740513,0.018210013032333702,0.07329229826124599
2022-06-08,1e-323,0.01383925670083193,0.0783493456222288,0.050811301520994175,0.056812206626806354,0.013134642063061839,0.01711954626820349,0.06007624618904415,0.015168169120550348,0.013746748631035451,0.36825262747597864,0.11962157473027989,0.10156602375740513,0.018210013032333702,0.07329229826124599
2022-06-09,1e-323,0.01383925670083193,0.0783493456222288,0.050811301520994175,0.056812206626806354,0.013134642063061839,0.01711954626820349,0.06007624618904415,0.015168169120550348,0.013746748631035451,0.36825262747597864,0.11962157473027989,0.10156602375740513,0.018210013032333702,0.07329229826124599
2022-06-10,1e-323,0.01383925670083193,0.0783493456222288,0.050811301520994175,0.056812206626806354,0.013134642063061839,0.01711954626820349,0.06007624618904415,0.015168169120550348,0.013746748631035451,0.36825262747597864,0.11962157473027989,0.10156602375740513,0.018210013032333702,0.07329229826124599
2022-06-13,1e-323,0.01383925670083193,0.0783493456222288,0.050811301520994175,0.056812206626806354,0.013134642063061839,0.01711954626820349,0.06007624618904415,0.015168169120550348,0.013746748631035451,0.36825262747597864,0.11962157473027989,0.10156602375740513,0.018210013032333702,0.07329229826124599
2022-06-14,1e-323,0.01383925670083193,0.0783493456222288,0.050811301520994175,0.056812206626806354,0.013134642063061839,0.01711954626820349,0.06007624618904415,0.015168169120550348,0.013746748631035451,0.36825262747597864,0.11962157473027989,0.10156602375740513,0.018210013032333702,0.07329229826124599
2022-06-15,1e-323,0.01383925670083193,0.0783493456222288,0.050811301520994175,0.056812206626806354,0.013134642063061839,0.01711954626820349,0.06007624618904415,0.015168169120550348,0.013746748631035451,0.36825262747597864,0.11962157473027989,0.10156602375740513,0.018210013032333702,0.07329229826124599
2022-06-16,1e-323,0.01383925670083193,0.0783493456222288,0.050811301520994175,0.056812206626806354,0.013134642063061839,0.01711954626820349,0.06007624618904415,0.015168169120550348,0.013746748631035451,0.36825262747597864,0.11962157473027989,0.10156602375740513,0.018210013032333702,0.07329229826124599
2022-06-17,1e-323,0.01383925670083193,0.0783493456222288,0.050811301520994175,0.056812206626806354,0.013134642063061839,0.01711954626820349,0.06007624618904415,0.015168169120550348,0.013746748631035451,0.36825262747597864,0.11962157473027989,0.10156602375740513,0.018210013032333702,0.07329229826124599
2022-06-20,1e-323,0.01383925670083193,0.0783493456222288,0.050811301520994175,0.056812206626806354,0.013134642063061839,0.01711954626820349,0.06007624618904415,0.015168169120550348,0.013746748631035451,0.36825262747597864,0.11962157473027989,0.10156602375740513,0.018210013032333702,0.07329229826124599
2022-06-21,1e-323,0.01383925670083193,0.0783493456222288,0.050811301520994175,0.056812206626806354,0.013134642063061839,0.01711954626820349,0.06007624618904415,0.015168169120550348,0.013746748631035451,0.36825262747597864,0.11962157473027989,0.10156602375740513,0.018210013032333702,0.07329229826124599
2022-06-22,1e-323,0.01383925670083193,0.0783493456222288,0.050811301520994175,0.056812206626806354,0.013134642063061839,0.01711954626820349,0.06007624618904415,0.015168169120550348,0.013746748631035451,0.36825262747597864,0.11962157473027989,0.10156602375740513,0.018210013032333702,0.07329229826124599
2022-06-23,1e-323,0.01383925670083193,0.0783493456222288,0.050811301520994175,0.056812206626806354,0.013134642063061839,0.01711954626820349,0.06007624618904415,0.015168169120550348,0.013746748631035451,0.36825262747597864,0.11962157473027989,0.10156602375740513,0.018210013032333702,0.07329229826124599
2022-06-24,1e-323,0.01383925670083193,0.0783493456222288,0.050811301520994175,0.056812206626806354,0.013134642063061839,0.01711954626820349,0.06007624618904415,0.015168169120550348,0.013746748631035451,0.36825262747597864,0.11962157473027989,0.10156602375740513,0.018210013032333702,0.07329229826124599
2022-06-27,1e-323,0.01383925670083193,0.0783493456222288,0.050811301520994175,0.056812206626806354,0.013134642063061839,0.01711954626820349,0.06007624618904415,0.015168169120550348,0.013746748631035451,0.36825262747597864,0.11962157473027989,0.10156602375740513,0.018210013032333702,0.07329229826124599
2022-06-28,1e-323,0.01383925670083193,0.0783493456222288,0.050811301520994175,0.056812206626806354,0.013134642063061839,0.01711954626820349,0.06007624618904415,0.015168169120550348,0.013746748631035451,0.36825262747597864,0.11962157473027989,0.10156602375740513,0.018210013032333702,0.07329229826124599
2022-06-29,1e-323,0.01383925670083193,0.0783493456222288,0.050811301520994175,0.056812206626806354,0.013134642063061839,0.01711954626820349,0.06007624618904415,0.015168169120550348,0.013746748631035451,0.36825262747597864,0.11962157473027989,0.10156602375740513,0.018210013032333702,0.07329229826124599
2022-06-30,0.07753841628262266,0.016384046744339614,0.08821370296435417,0.07460531541533358,0.061461747563119715,0.016072513716651162,0.021144902598120095,0.0686448071744803,0.019174398414302168,0.017155543871245675,0.24263711151846756,0.09860558750443253,0.1505608964317189,0.012612064867742023,0.03518894493306992
2022-07-01,0.07753841628262266,0.016384046744339614,0.08821370296435417,0.07460531541533358,0.061461747563119715,0.016072513716651162,0.021144902598120095,0.0686448071744803,0.019174398414302168,0.017155543871245675,0.24263711151846756,0.09860558750443253,0.1505608964317189,0.012612064867742023,0.03518894493306992
2022-07-04,0.07753841628262266,0.016384046744339614,0.08821370296435417,0.07460531541533358,0.061461747563119715,0.016072513716651162,0.021144902598120095,0.0686448071744803,0.019174398414302168,0.017155543871245675,0.24263711151846756,0.09860558750443253,0.1505608964317189,0.012612064867742023,0.03518894493306992
2022-07-05,0.07753841628262266,0.016384046744339614,0.08821370296435417,0.07460531541533358,0.061461747563119715,0.016072513716651162,0.021144902598120095,0.0686448071744803,0.019174398414302168,0.017155543871245675,0.24263711151846756,0.09860558750443253,0.1505608964317189,0.012612064867742023,0.03518894493306992
2022-07-06,0.07753841628262266,0.016384046744339614,0.08821370296435417,0.07460531541533358,0.061461747563119715,0.016072513716651162,0.021144902598120095,0.0686448071744803,0.019174398414302168,0.017155543871245675,0.24263711151846756,0.09860558750443253,0.1505608964317189,0.012612064867742023,0.03518894493306992
2022-07-07,0.07753841628262266,0.016384046744339614,0.08821370296435417,0.07460531541533358,0.061461747563119715,0.016072513716651162,0.021144902598120095,0.0686448071744803,0.019174398414302168,0.017155543871245675,0.24263711151846756,0.09860558750443253,0.1505608964317189,0.012612064867742023,0.03518894493306992
2022-07-08,0.07753841628262266,0.016384046744339614,0.08821370296435417,0.07460531541533358,0.061461747563119715,0.016072513716651162,0.021144902598120095,0.0686448071744803,0.019174398414302168,0.017155543871245675,0.24263711151846756,0.09860558750443253,0.1505608964317189,0.012612064867742023,0.03518894493306992
2022-07-11,0.07753841628262266,0.016384046744339614,0.08821370296435417,0.07460531541533358,0.061461747563119715,0.016072513716651162,0.021144902598120095,0.0686448071744803,0.019174398414302168,0.017155543871245675,0.24263711151846756,0.09860558750443253,0.1505608964317189,0.012612064867742023,0.03518894493306992
2022-07-12,0.07753841628262266,0.016384046744339614,0.08821370296435417,0.07460531541533358,0.061461747563119715,0.016072513716651162,0.021144902598120095,0.0686448071744803,0.019174398414302168,0.017155543871245675,0.24263711151846756,0.09860558750443253,0.1505608964317189,0.012612064867742023,0.03518894493306992
2022-07-13,0.07753841628262266,0.016384046744339614,0.08821370296435417,0.07460531541533358,0.061461747563119715,0.016072513716651162,0.021144902598120095,0.0686448071744803,0.019174398414302168,0.017155543871245675,0.24263711151846756,0.09860558750443253,0.1505608964317189,0.012612064867742023,0.03518894493306992
2022-07-14,0.07753841628262266,0.016384046744339614,0.08821370296435417,0.07460531541533358,0.061461747563119715,0.016072513716651162,0.021144902598120095,0.0686448071744803,0.019174398414302168,0.017155543871245675,0.24263711151846756,0.09860558750443253,0.1505608964317189,0.012612064867742023,0.03518894493306992
2022-07-15,0.07753841628262266,0.016384046744339614,0.08821370296435417,0.07460531541533358,0.061461747563119715,0.016072513716651162,0.021144902598120095,0.0686448071744803,0.019174398414302168,0.017155543871245675,0.24263711151846756,0.09860558750443253,0.1505608964317189,0.012612064867742023,0.03518894493306992
2022-07-18,0.07753841628262266,0.016384046744339614,0.08821370296435417,0.07460531541533358,0.061461747563119715,0.016072513716651162,0.021144902598120095,0.0686448071744803,0.019174398414302168,0.017155543871245675,0.24263711151846756,0.09860558750443253,0.1505608964317189,0.012612064867742023,0.03518894493306992
2022-07-19,0.07753841628262266,0.016384046744339614,0.08821370296435417,0.07460531541533358,0.061461747563119715,0.016072513716651162,0.021144902598120095,0.0686448071744803,0.019174398414302168,0.017155543871245675,0.24263711151846756,0.09860558750443253,0.1505608964317189,0.012612064867742023,0.03518894493306992
2022-07-20,0.07753841628262266,0.016384046744339614,0.08821370296435417,0.07460531541533358,0.061461747563119715,0.016072513716651162,0.021144902598120095,0.0686448071744803,0.019174398414302168,0.017155543871245675,0.24263711151846756,0.09860558750443253,0.1505608964317189,0.012612064867742023,0.03518894493306992
2022-07-21,0.07753841628262266,0.016384046744339614,0.08821370296435417,0.07460531541533358,0.061461747563119715,0.016072513716651162,0.021144902598120095,0.0686448071744803,0.019174398414302168,0.017155543871245675,0.24263711151846756,0.09860558750443253,0.1505608964317189,0.012612064867742023,0.03518894493306992
2022-07-22,0.07753841628262266,0.016384046744339614,0.08821370296435417,0.07460531541533358,0.061461747563119715,0.016072513716651162,0.021144902598120095,0.0686448071744803,0.019174398414302168,0.017155543871245675,0.24263711151846756,0.09860558750443253,0.1505608964317189,0.012612064867742023,0.03518894493306992
2022-07-25,0.07753841628262266,0.016384046744339614,0.08821370296435417,0.07460531541533358,0.061461747563119715,0.016072513716651162,0.021144902598120095,0.0686448071744803,0.019174398414302168,0.017155543871245675,0.24263711151846756,0.09860558750443253,0.1505608964317189,0.012612064867742023,0.03518894493306992
2022-07-26,0.07753841628262266,0.016384046744339614,0.08821370296435417,0.07460531541533358,0.061461747563119715,0.016072513716651162,0.021144902598120095,0.0686448071744803,0.019174398414302168,0.017155543871245675,0.24263711151846756,0.09860558750443253,0.1505608964317189,0.012612064867742023,0.03518894493306992
2022-07-27,0.07753841628262266,0.016384046744339614,0.08821370296435417,0.07460531541533358,0.061461747563119715,0.016072513716651162,0.021144902598120095,0.0686448071744803,0.019174398414302168,0.017155543871245675,0.24263711151846756,0.09860558750443253,0.1505608964317189,0.012612064867742023,0.03518894493306992
2022-07-28,0.07753841628262266,0.016384046744339614,0.08821370296435417,0.07460531541533358,0.061461747563119715,0.016072513716651162,0.021144902598120095,0.0686448071744803,0.019174398414302168,0.017155543871245675,0.24263711151846756,0.09860558750443253,0.1505608964317189,0.012612064867742023,0.03518894493306992
2022-07-29,0.06673564313482357,0.015232294846856292,0.09086461826559446,0.07215102584132727,0.06354342318804908,0.016592702584039568,0.02300018374744965,0.07347357017211201,0.019716441206273274,0.017580107806144836,0.20958170563753084,0.11194976685004769,0.16942089095773358,0.012149494935057948,0.03800813082695986
2022-08-01,0.06673564313482357,0.015232294846856292,0.09086461826559446,0.07215102584132727,0.06354342318804908,0.016592702584039568,0.02300018374744965,0.07347357017211201,0.019716441206273274,0.017580107806144836,0.20958170563753084,0.11194976685004769,0.16942089095773358,0.012149494935057948,0.03800813082695986
2022-08-02,0.06673564313482357,0.015232294846856292,0.09086461826559446,0.07215102584132727,0.06354342318804908,0.016592702584039568,0.02300018374744965,0.07347357017211201,0.019716441206273274,0.017580107806144836,0.20958170563753084,0.11194976685004769,0.16942089095773358,0.012149494935057948,0.03800813082695986
2022-08-03,0.06673564313482357,0.015232294846856292,0.09086461826559446,0.07215102584132727,0.06354342318804908,0.016592702584039568,0.02300018374744965,0.07347357017211201,0.019716441206273274,0.017580107806144836,0.20958170563753084,0.11194976685004769,0.16942089095773358,0.012149494935057948,0.03800813082695986
2022-08-04,0.06673564313482357,0.015232294846856292,0.09086461826559446,0.07215102584132727,0.06354342318804908,0.016592702584039568,0.02300018374744965,0.07347357017211201,0.019716441206273274,0.017580107806144836,0.20958170563753084,0.11194976685004769,0.16942089095773358,0.012149494935057948,0.03800813082695986
2022-08-05,0.06673564313482357,0.015232294846856292,0.09086461826559446,0.07215102584132727,0.06354342318804908,0.016592702584039568,0.02300018374744965,0.07347357017211201,0.019716441206273274,0.017580107806144836,0.20958170563753084,0.11194976685004769,0.16942089095773358,0.012149494935057948,0.03800813082695986
2022-08-08,0.06673564313482357,0.015232294846856292,0.09086461826559446,0.07215102584132727,0.06354342318804908,0.016592702584039568,0.02300018374744965,0.07347357017211201,0.019716441206273274,0.017580107806144836,0.20958170563753084,0.11194976685004769,0.16942089095773358,0.012149494935057948,0.03800813082695986
2022-08-09,0.06673564313482357,0.015232294846856292,0.09086461826559446,0.07215102584132727,0.06354342318804908,0.016592702584039568,0.02300018374744965,0.07347357017211201,0.019716441206273274,0.017580107806144836,0.20958170563753084,0.11194976685004769,0.16942089095773358,0.012149494935057948,0.03800813082695986
2022-08-10,0.06673564313482357,0.015232294846856292,0.09086461826559446,0.07215102584132727,0.06354342318804908,0.016592702584039568,0.02300018374744965,0.07347357017211201,0.019716441206273274,0.017580107806144836,0.20958170563753084,0.11194976685004769,0.16942089095773358,0.012149494935057948,0.03800813082695986
2022-08-11,0.06673564313482357,0.015232294846856292,0.09086461826559446,0.07215102584132727,0.06354342318804908,0.016592702584039568,0.02300018374744965,0.07347357017211201,0.019716441206273274,0.017580107806144836,0.20958170563753084,0.11194976685004769,0.16942089095773358,0.012149494935057948,0.03800813082695986
2022-08-12,0.06673564313482357,0.015232294846856292,0.09086461826559446,0.07215102584132727,0.06354342318804908,0.016592702584039568,0.02300018374744965,0.07347357017211201,0.019716441206273274,0.017580107806144836,0.20958170563753084,0.11194976685004769,0.16942089095773358,0.012149494935057948,0.03800813082695986
2022-08-15,0.06673564313482357,0.015232294846856292,0.09086461826559446,0.07215102584132727,0.06354342318804908,0.016592702584039568,0.02300018374744965,0.07347357017211201,0.019716441206273274,0.017580107806144836,0.20958170563753084,0.11194976685004769,0.16942089095773358,0.012149494935057948,0.03800813082695986
2022-08-16,0.06673564313482357,0.015232294846856292,0.09086461826559446,0.07215102584132727,0.06354342318804908,0.016592702584039568,0.02300018374744965,0.07347357017211201,0.019716441206273274,0.017580107806144836,0.20958170563753084,0.11194976685004769,0.16942089095773358,0.012149494935057948,0.03800813082695986
2022-08-17,0.06673564313482357,0.015232294846856292,0.09086461826559446,0.07215102584132727,0.06354342318804908,0.016592702584039568,0.02300018374744965,0.07347357017211201,0.019716441206273274,0.017580107806144836,0.20958170563753084,0.11194976685004769,0.16942089095773358,0.012149494935057948,0.03800813082695986
2022-08-18,0.06673564313482357,0.015232294846856292,0.09086461826559446,0.07215102584132727,0.06354342318804908,0.016592702584039568,0.02300018374744965,0.07347357017211201,0.019716441206273274,0.017580107806144836,0.20958170563753084,0.11194976685004769,0.16942089095773358,0.012149494935057948,0.03800813082695986
2022-08-19,0.06673564313482357,0.015232294846856292,0.09086461826559446,0.07215102584132727,0.06354342318804908,0.016592702584039568,0.02300018374744965,0.07347357017211201,0.019716441206273274,0.017580107806144836,0.20958170563753084,0.11194976685004769,0.16942089095773358,0.012149494935057948,0.03800813082695986
2022-08-22,0.06673564313482357,0.015232294846856292,0.09086461826559446,0.07215102584132727,0.06354342318804908,0.016592702584039568,0.02300018374744965,0.07347357017211201,0.019716441206273274,0.017580107806144836,0.20958170563753084,0.11194976685004769,0.16942089095773358,0.012149494935057948,0.03800813082695986
2022-08-23,0.06673564313482357,0.015232294846856292,0.09086461826559446,0.07215102584132727,0.06354342318804908,0.016592702584039568,0.02300018374744965,0.07347357017211201,0.019716441206273274,0.017580107806144836,0.20958170563753084,0.11194976685004769,0.16942089095773358,0.012149494935057948,0.03800813082695986
2022-08-24,0.06673564313482357,0.015232294846856292,0.09086461826559446,0.07215102584132727,0.06354342318804908,0.016592702584039568,0.02300018374744965,0.07347357017211201,0.019716441206273274,0.017580107806144836,0.20958170563753084,0.11194976685004769,0.16942089095773358,0.012149494935057948,0.03800813082695986
2022-08-25,0.06673564313482357,0.015232294846856292,0.09086461826559446,0.07215102584132727,0.06354342318804908,0.016592702584039568,0.02300018374744965,0.07347357017211201,0.019716441206273274,0.017580107806144836,0.20958170563753084,0.11194976685004769,0.16942089095773358,0.012149494935057948,0.03800813082695986
2022-08-26,0.06673564313482357,0.015232294846856292,0.09086461826559446,0.07215102584132727,0.06354342318804908,0.016592702584039568,0.02300018374744965,0.07347357017211201,0.019716441206273274,0.017580107806144836,0.20958170563753084,0.11194976685004769,0.16942089095773358,0.012149494935057948,0.03800813082695986
2022-08-29,0.06673564313482357,0.015232294846856292,0.09086461826559446,0.07215102584132727,0.06354342318804908,0.016592702584039568,0.02300018374744965,0.07347357017211201,0.019716441206273274,0.017580107806144836,0.20958170563753084,0.11194976685004769,0.16942089095773358,0.012149494935057948,0.03800813082695986
2022-08-30,0.06673564313482357,0.015232294846856292,0.09086461826559446,0.07215102584132727,0.06354342318804908,0.016592702584039568,0.02300018374744965,0.07347357017211201,0.019716441206273274,0.017580107806144836,0.20958170563753084,0.11194976685004769,0.16942089095773358,0.012149494935057948,0.03800813082695986
2022-08-31,1e-323,0.011869403274764767,0.08567353751762037,0.060699074745630605,0.05714447812795283,0.013027833447611522,0.02559871703741945,0.0470823531805664,0.014812858632450666,0.011584687765256141,0.38596386294698637,0.10758669914484993,0.09440516590600075,0.02078412700149784,0.06376720127139243
2022-09-01,1e-323,0.011869403274764767,0.08567353751762037,0.060699074745630605,0.05714447812795283,0.013027833447611522,0.02559871703741945,0.0470823531805664,0.014812858632450666,0.011584687765256141,0.38596386294698637,0.10758669914484993,0.09440516590600075,0.02078412700149784,0.06376720127139243
2022-09-02,1e-323,0.011869403274764767,0.08567353751762037,0.060699074745630605,0.05714447812795283,0.013027833447611522,0.02559871703741945,0.0470823531805664,0.014812858632450666,0.011584687765256141,0.38596386294698637,0.10758669914484993,0.09440516590600075,0.02078412700149784,0.06376720127139243
2022-09-05,1e-323,0.011869403274764767,0.08567353751762037,0.060699074745630605,0.05714447812795283,0.013027833447611522,0.02559871703741945,0.0470823531805664,0.014812858632450666,0.011584687765256141,0.38596386294698637,0.10758669914484993,0.09440516590600075,0.02078412700149784,0.06376720127139243
2022-09-06,1e-323,0.011869403274764767,0.08567353751762037,0.060699074745630605,0.05714447812795283,0.013027833447611522,0.02559871703741945,0.0470823531805664,0.014812858632450666,0.011584687765256141,0.38596386294698637,0.10758669914484993,0.09440516590600075,0.02078412700149784,0.06376720127139243
2022-09-07,1e-323,0.011869403274764767,0.08567353751762037,0.060699074745630605,0.05714447812795283,0.013027833447611522,0.02559871703741945,0.0470823531805664,0.014812858632450666,0.011584687765256141,0.38596386294698637,0.10758669914484993,0.09440516590600075,0.02078412700149784,0.06376720127139243
2022-09-08,1e-323,0.011869403274764767,0.08567353751762037,0.060699074745630605,0.05714447812795283,0.013027833447611522,0.02559871703741945,0.0470823531805664,0.014812858632450666,0.011584687765256141,0.38596386294698637,0.10758669914484993,0.09440516590600075,0.02078412700149784,0.06376720127139243
2022-09-09,1e-323,0.011869403274764767,0.08567353751762037,0.060699074745630605,0.05714447812795283,0.013027833447611522,0.02559871703741945,0.0470823531805664,0.014812858632450666,0.011584687765256141,0.38596386294698637,0.10758669914484993,0.09440516590600075,0.02078412700149784,0.06376720127139243
2022-09-12,1e-323,0.011869403274764767,0.08567353751762037,0.060699074745630605,0.05714447812795283,0.013027833447611522,0.02559871703741945,0.0470823531805664,0.014812858632450666,0.011584687765256141,0.38596386294698637,0.10758669914484993,0.09440516590600075,0.02078412700149784,0.06376720127139243
2022-09-13,1e-323,0.011869403274764767,0.08567353751762037,0.060699074745630605,0.05714447812795283,0.013027833447611522,0.02559871703741945,0.0470823531805664,0.014812858632450666,0.011584687765256141,0.38596386294698637,0.10758669914484993,0.09440516590600075,0.02078412700149784,0.06376720127139243
2022-09-14,1e-323,0.011869403274764767,0.08567353751762037,0.060699074745630605,0.05714447812795283,0.013027833447611522,0.02559871703741945,0.0470823531805664,0.014812858632450666,0.011584687765256141,0.38596386294698637,0.10758669914484993,0.09440516590600075,0.02078412700149784,0.06376720127139243
2022-09-15,1e-323,0.011869403274764767,0.08567353751762037,0.060699074745630605,0.05714447812795283,0.013027833447611522,0.02559871703741945,0.0470823531805664,0.014812858632450666,0.011584687765256141,0.38596386294698637,0.10758669914484993,0.09440516590600075,0.02078412700149784,0.06376720127139243
2022-09-16,1e-323,0.011869403274764767,0.08567353751762037,0.060699074745630605,0.05714447812795283,0.013027833447611522,0.02559871703741945,0.0470823531805664,0.014812858632450666,0.011584687765256141,0.38596386294698637,0.10758669914484993,0.09440516590600075,0.02078412700149784,0.06376720127139243
2022-09-19,1e-323,0.011869403274764767,0.08567353751762037,0.060699074745630605,0.05714447812795283,0.013027833447611522,0.02559871703741945,0.0470823531805664,0.014812858632450666,0.011584687765256141,0.38596386294698637,0.10758669914484993,0.09440516590600075,0.02078412700149784,0.06376720127139243
2022-09-20,1e-323,0.011869403274764767,0.08567353751762037,0.060699074745630605,0.05714447812795283,0.013027833447611522,0.02559871703741945,0.0470823531805664,0.014812858632450666,0.011584687765256141,0.38596386294698637,0.10758669914484993,0.09440516590600075,0.02078412700149784,0.06376720127139243
2022-09-21,1e-323,0.011869403274764767,0.08567353751762037,0.060699074745630605,0.05714447812795283,0.013027833447611522,0.02559871703741945,0.0470823531805664,0.014812858632450666,0.011584687765256141,0.38596386294698637,0.10758669914484993,0.09440516590600075,0.02078412700149784,0.06376720127139243
2022-09-22,1e-323,0.011869403274764767,0.08567353751762037,0.060699074745630605,0.05714447812795283,0.013027833447611522,0.02559871703741945,0.0470823531805664,0.014812858632450666,0.011584687765256141,0.38596386294698637,0.10758669914484993,0.09440516590600075,0.02078412700149784,0.06376720127139243
2022-09-23,1e-323,0.011869403274764767,0.08567353751762037,0.060699074745630605,0.05714447812795283,0.013027833447611522,0.02559871703741945,0.0470823531805664,0.014812858632450666,0.011584687765256141,0.38596386294698637,0.10758669914484993,0.09440516590600075,0.02078412700149784,0.06376720127139243
2022-09-26,1e-323,0.011869403274764767,0.08567353751762037,0.060699074745630605,0.05714447812795283,0.013027833447611522,0.02559871703741945,0.0470823531805664,0.014812858632450666,0.011584687765256141,0.38596386294698637,0.10758669914484993,0.09440516590600075,0.02078412700149784,0.06376720127139243
2022-09-27,1e-323,0.011869403274764767,0.08567353751762037,0.060699074745630605,0.05714447812795283,0.013027833447611522,0.02559871703741945,0.0470823531805664,0.014812858632450666,0.011584687765256141,0.38596386294698637,0.10758669914484993,0.09440516590600075,0.02078412700149784,0.06376720127139243
2022-09-28,1e-323,0.011869403274764767,0.08567353751762037,0.060699074745630605,0.05714447812795283,0.013027833447611522,0.02559871703741945,0.0470823531805664,0.014812858632450666,0.011584687765256141,0.38596386294698637,0.10758669914484993,0.09440516590600075,0.02078412700149784,0.06376720127139243
2022-09-29,1e-323,0.011869403274764767,0.08567353751762037,0.060699074745630605,0.05714447812795283,0.013027833447611522,0.02559871703741945,0.0470823531805664,0.014812858632450666,0.011584687765256141,0.38596386294698637,0.10758669914484993,0.09440516590600075,0.02078412700149784,0.06376720127139243
2022-09-30,0.06952989542115298,0.02122821327383089,0.09491897772631683,0.07733980506800876,0.04859204399642662,0.02031423755704708,0.030461111151592536,0.07780663552397325,0.02381817605305121,0.02146669374879505,0.0964784844396885,0.1479025606027952,0.21426025210327848,0.014742474932104472,0.04114043840193829
2022-10-03,0.06952989542115298,0.02122821327383089,0.09491897772631683,0.07733980506800876,0.04859204399642662,0.02031423755704708,0.030461111151592536,0.07780663552397325,0.02381817605305121,0.02146669374879505,0.0964784844396885,0.1479025606027952,0.21426025210327848,0.014742474932104472,0.04114043840193829
2022-10-04,0.06952989542115298,0.02122821327383089,0.09491897772631683,0.07733980506800876,0.04859204399642662,0.02031423755704708,0.030461111151592536,0.07780663552397325,0.02381817605305121,0.02146669374879505,0.0964784844396885,0.1479025606027952,0.21426025210327848,0.014742474932104472,0.04114043840193829
2022-10-05,0.06952989542115298,0.02122821327383089,0.09491897772631683,0.07733980506800876,0.04859204399642662,0.02031423755704708,0.030461111151592536,0.07780663552397325,0.02381817605305121,0.02146669374879505,0.0964784844396885,0.1479025606027952,0.21426025210327848,0.014742474932104472,0.04114043840193829
2022-10-06,0.06952989542115298,0.02122821327383089,0.09491897772631683,0.07733980506800876,0.04859204399642662,0.02031423755704708,0.030461111151592536,0.07780663552397325,0.02381817605305121,0.02146669374879505,0.0964784844396885,0.1479025606027952,0.21426025210327848,0.014742474932104472,0.04114043840193829
2022-10-07,0.06952989542115298,0.02122821327383089,0.09491897772631683,0.07733980506800876,0.04859204399642662,0.02031423755704708,0.030461111151592536,0.07780663552397325,0.02381817605305121,0.02146669374879505,0.0964784844396885,0.1479025606027952,0.21426025210327848,0.014742474932104472,0.04114043840193829
2022-10-10,0.06952989542115298,0.02122821327383089,0.09491897772631683,0.07733980506800876,0.04859204399642662,0.02031423755704708,0.030461111151592536,0.07780663552397325,0.02381817605305121,0.02146669374879505,0.0964784844396885,0.1479025606027952,0.21426025210327848,0.014742474932104472,0.04114043840193829
2022-10-11,0.06952989542115298,0.02122821327383089,0.09491897772631683,0.07733980506800876,0.04859204399642662,0.02031423755704708,0.030461111151592536,0.07780663552397325,0.02381817605305121,0.02146669374879505,0.0964784844396885,0.1479025606027952,0.21426025210327848,0.014742474932104472,0.04114043840193829
2022-10-12,0.06952989542115298,0.02122821327383089,0.09491897772631683,0.07733980506800876,0.04859204399642662,0.02031423755704708,0.030461111151592536,0.07780663552397325,0.02381817605305121,0.02146669374879505,0.0964784844396885,0.1479025606027952,0.21426025210327848,0.014742474932104472,0.04114043840193829
2022-10-13,0.06952989542115298,0.02122821327383089,0.09491897772631683,0.07733980506800876,0.04859204399642662,0.02031423755704708,0.030461111151592536,0.07780663552397325,0.02381817605305121,0.02146669374879505,0.0964784844396885,0.1479025606027952,0.21426025210327848,0.014742474932104472,0.04114043840193829
2022-10-14,0.06952989542115298,0.02122821327383089,0.09491897772631683,0.07733980506800876,0.04859204399642662,0.02031423755704708,0.030461111151592536,0.07780663552397325,0.02381817605305121,0.02146669374879505,0.0964784844396885,0.1479025606027952,0.21426025210327848,0.014742474932104472,0.04114043840193829
2022-10-17,0.06952989542115298,0.02122821327383089,0.09491897772631683,0.07733980506800876,0.04859204399642662,0.02031423755704708,0.030461111151592536,0.07780663552397325,0.02381817605305121,0.02146669374879505,0.0964784844396885,0.1479025606027952,0.21426025210327848,0.014742474932104472,0.04114043840193829
2022-10-18,0.06952989542115298,0.02122821327383089,0.09491897772631683,0.07733980506800876,0.04859204399642662,0.02031423755704708,0.030461111151592536,0.07780663552397325,0.02381817605305121,0.02146669374879505,0.0964784844396885,0.1479025606027952,0.21426025210327848,0.014742474932104472,0.04114043840193829
2022-10-19,0.06952989542115298,0.02122821327383089,0.09491897772631683,0.07733980506800876,0.04859204399642662,0.02031423755704708,0.030461111151592536,0.07780663552397325,0.02381817605305121,0.02146669374879505,0.0964784844396885,0.1479025606027952,0.21426025210327848,0.014742474932104472,0.04114043840193829
2022-10-20,0.06952989542115298,0.02122821327383089,0.09491897772631683,0.07733980506800876,0.04859204399642662,0.02031423755704708,0.030461111151592536,0.07780663552397325,0.02381817605305121,0.02146669374879505,0.0964784844396885,0.1479025606027952,0.21426025210327848,0.014742474932104472,0.04114043840193829
2022-10-21,0.06952989542115298,0.02122821327383089,0.09491897772631683,0.07733980506800876,0.04859204399642662,0.02031423755704708,0.030461111151592536,0.07780663552397325,0.02381817605305121,0.02146669374879505,0.0964784844396885,0.1479025606027952,0.21426025210327848,0.014742474932104472,0.04114043840193829
2022-10-24,0.06952989542115298,0.02122821327383089,0.09491897772631683,0.07733980506800876,0.04859204399642662,0.02031423755704708,0.030461111151592536,0.07780663552397325,0.02381817605305121,0.02146669374879505,0.0964784844396885,0.1479025606027952,0.21426025210327848,0.014742474932104472,0.04114043840193829
2022-10-25,0.06952989542115298,0.02122821327383089,0.09491897772631683,0.07733980506800876,0.04859204399642662,0.02031423755704708,0.030461111151592536,0.07780663552397325,0.02381817605305121,0.02146669374879505,0.0964784844396885,0.1479025606027952,0.21426025210327848,0.014742474932104472,0.04114043840193829
2022-10-26,0.06952989542115298,0.02122821327383089,0.09491897772631683,0.07733980506800876,0.04859204399642662,0.02031423755704708,0.030461111151592536,0.07780663552397325,0.02381817605305121,0.02146669374879505,0.0964784844396885,0.1479025606027952,0.21426025210327848,0.014742474932104472,0.04114043840193829
2022-10-27,0.06952989542115298,0.02122821327383089,0.09491897772631683,0.07733980506800876,0.04859204399642662,0.02031423755704708,0.030461111151592536,0.07780663552397325,0.02381817605305121,0.02146669374879505,0.0964784844396885,0.1479025606027952,0.21426025210327848,0.014742474932104472,0.04114043840193829
2022-10-28,0.06952989542115298,0.02122821327383089,0.09491897772631683,0.07733980506800876,0.04859204399642662,0.02031423755704708,0.030461111151592536,0.07780663552397325,0.02381817605305121,0.02146669374879505,0.0964784844396885,0.1479025606027952,0.21426025210327848,0.014742474932104472,0.04114043840193829
2022-10-31,0.05587183504534713,0.02140825582868332,0.07021868776095845,0.07527123967460414,0.046465862200954756,0.019625604592027942,0.04923054051760048,0.0552897740620147,0.021410722172020565,0.01824926268326776,0.14930622900372809,0.2505846255117235,0.11047642271302006,0.015417956508813628,0.04117298172523553
2022-11-01,0.05587183504534713,0.02140825582868332,0.07021868776095845,0.07527123967460414,0.046465862200954756,0.019625604592027942,0.04923054051760048,0.0552897740620147,0.021410722172020565,0.01824926268326776,0.14930622900372809,0.2505846255117235,0.11047642271302006,0.015417956508813628,0.04117298172523553
2022-11-02,0.05587183504534713,0.02140825582868332,0.07021868776095845,0.07527123967460414,0.046465862200954756,0.019625604592027942,0.04923054051760048,0.0552897740620147,0.021410722172020565,0.01824926268326776,0.14930622900372809,0.2505846255117235,0.11047642271302006,0.015417956508813628,0.04117298172523553
2022-11-03,0.05587183504534713,0.02140825582868332,0.07021868776095845,0.07527123967460414,0.046465862200954756,0.019625604592027942,0.04923054051760048,0.0552897740620147,0.021410722172020565,0.01824926268326776,0.14930622900372809,0.2505846255117235,0.11047642271302006,0.015417956508813628,0.04117298172523553
2022-11-04,0.05587183504534713,0.02140825582868332,0.07021868776095845,0.07527123967460414,0.046465862200954756,0.019625604592027942,0.04923054051760048,0.0552897740620147,0.021410722172020565,0.01824926268326776,0.14930622900372809,0.2505846255117235,0.11047642271302006,0.015417956508813628,0.04117298172523553
2022-11-07,0.05587183504534713,0.02140825582868332,0.07021868776095845,0.07527123967460414,0.046465862200954756,0.019625604592027942,0.04923054051760048,0.0552897740620147,0.021410722172020565,0.01824926268326776,0.14930622900372809,0.2505846255117235,0.11047642271302006,0.015417956508813628,0.04117298172523553
2022-11-08,0.05587183504534713,0.02140825582868332,0.07021868776095845,0.07527123967460414,0.046465862200954756,0.019625604592027942,0.04923054051760048,0.0552897740620147,0.021410722172020565,0.01824926268326776,0.14930622900372809,0.2505846255117235,0.11047642271302006,0.015417956508813628,0.04117298172523553
2022-11-09,0.05587183504534713,0.02140825582868332,0.07021868776095845,0.07527123967460414,0.046465862200954756,0.019625604592027942,0.04923054051760048,0.0552897740620147,0.021410722172020565,0.01824926268326776,0.14930622900372809,0.2505846255117235,0.11047642271302006,0.015417956508813628,0.04117298172523553
2022-11-10,0.05587183504534713,0.02140825582868332,0.07021868776095845,0.07527123967460414,0.046465862200954756,0.019625604592027942,0.04923054051760048,0.0552897740620147,0.021410722172020565,0.01824926268326776,0.14930622900372809,0.2505846255117235,0.11047642271302006,0.015417956508813628,0.04117298172523553
2022-11-11,0.05587183504534713,0.02140825582868332,0.07021868776095845,0.07527123967460414,0.046465862200954756,0.019625604592027942,0.04923054051760048,0.0552897740620147,0.021410722172020565,0.01824926268326776,0.14930622900372809,0.2505846255117235,0.11047642271302006,0.015417956508813628,0.04117298172523553
2022-11-14,0.05587183504534713,0.02140825582868332,0.07021868776095845,0.07527123967460414,0.046465862200954756,0.019625604592027942,0.04923054051760048,0.0552897740620147,0.021410722172020565,0.01824926268326776,0.14930622900372809,0.2505846255117235,0.11047642271302006,0.015417956508813628,0.04117298172523553
2022-11-15,0.05587183504534713,0.02140825582868332,0.07021868776095845,0.07527123967460414,0.046465862200954756,0.019625604592027942,0.04923054051760048,0.0552897740620147,0.021410722172020565,0.01824926268326776,0.14930622900372809,0.2505846255117235,0.11047642271302006,0.015417956508813628,0.04117298172523553
2022-11-16,0.05587183504534713,0.02140825582868332,0.07021868776095845,0.07527123967460414,0.046465862200954756,0.019625604592027942,0.04923054051760048,0.0552897740620147,0.021410722172020565,0.01824926268326776,0.14930622900372809,0.2505846255117235,0.11047642271302006,0.015417956508813628,0.04117298172523553
2022-11-17,0.05587183504534713,0.02140825582868332,0.07021868776095845,0.07527123967460414,0.046465862200954756,0.019625604592027942,0.04923054051760048,0.0552897740620147,0.021410722172020565,0.01824926268326776,0.14930622900372809,0.2505846255117235,0.11047642271302006,0.015417956508813628,0.04117298172523553
2022-11-18,0.05587183504534713,0.02140825582868332,0.07021868776095845,0.07527123967460414,0.046465862200954756,0.019625604592027942,0.04923054051760048,0.0552897740620147,0.021410722172020565,0.01824926268326776,0.14930622900372809,0.2505846255117235,0.11047642271302006,0.015417956508813628,0.04117298172523553
2022-11-21,0.05587183504534713,0.02140825582868332,0.07021868776095845,0.07527123967460414,0.046465862200954756,0.019625604592027942,0.04923054051760048,0.0552897740620147,0.021410722172020565,0.01824926268326776,0.14930622900372809,0.2505846255117235,0.11047642271302006,0.015417956508813628,0.04117298172523553
2022-11-22,0.05587183504534713,0.02140825582868332,0.07021868776095845,0.07527123967460414,0.046465862200954756,0.019625604592027942,0.04923054051760048,0.0552897740620147,0.021410722172020565,0.01824926268326776,0.14930622900372809,0.2505846255117235,0.11047642271302006,0.015417956508813628,0.04117298172523553
2022-11-23,0.05587183504534713,0.02140825582868332,0.07021868776095845,0.07527123967460414,0.046465862200954756,0.019625604592027942,0.04923054051760048,0.0552897740620147,0.021410722172020565,0.01824926268326776,0.14930622900372809,0.2505846255117235,0.11047642271302006,0.015417956508813628,0.04117298172523553
2022-11-24,0.05587183504534713,0.02140825582868332,0.07021868776095845,0.07527123967460414,0.046465862200954756,0.019625604592027942,0.04923054051760048,0.0552897740620147,0.021410722172020565,0.01824926268326776,0.14930622900372809,0.2505846255117235,0.11047642271302006,0.015417956508813628,0.04117298172523553
2022-11-25,0.05587183504534713,0.02140825582868332,0.07021868776095845,0.07527123967460414,0.046465862200954756,0.019625604592027942,0.04923054051760048,0.0552897740620147,0.021410722172020565,0.01824926268326776,0.14930622900372809,0.2505846255117235,0.11047642271302006,0.015417956508813628,0.04117298172523553
2022-11-28,0.05587183504534713,0.02140825582868332,0.07021868776095845,0.07527123967460414,0.046465862200954756,0.019625604592027942,0.04923054051760048,0.0552897740620147,0.021410722172020565,0.01824926268326776,0.14930622900372809,0.2505846255117235,0.11047642271302006,0.015417956508813628,0.04117298172523553
2022-11-29,0.05587183504534713,0.02140825582868332,0.07021868776095845,0.07527123967460414,0.046465862200954756,0.019625604592027942,0.04923054051760048,0.0552897740620147,0.021410722172020565,0.01824926268326776,0.14930622900372809,0.2505846255117235,0.11047642271302006,0.015417956508813628,0.04117298172523553
2022-11-30,0.12236332116231946,0.019909377033475607,0.09870118089734889,0.07642029179761699,0.04714408172752032,0.021652322170621893,0.045208900043772385,0.052287801506602886,0.022863823365360463,0.024158712513497035,0.206784367829597,0.10545275056791671,0.10795999994693224,0.015901509512815652,0.033191559924602466
2022-12-01,0.12236332116231946,0.019909377033475607,0.09870118089734889,0.07642029179761699,0.04714408172752032,0.021652322170621893,0.045208900043772385,0.052287801506602886,0.022863823365360463,0.024158712513497035,0.206784367829597,0.10545275056791671,0.10795999994693224,0.015901509512815652,0.033191559924602466
2022-12-02,0.12236332116231946,0.019909377033475607,0.09870118089734889,0.07642029179761699,0.04714408172752032,0.021652322170621893,0.045208900043772385,0.052287801506602886,0.022863823365360463,0.024158712513497035,0.206784367829597,0.10545275056791671,0.10795999994693224,0.015901509512815652,0.033191559924602466
2022-12-05,0.12236332116231946,0.019909377033475607,0.09870118089734889,0.07642029179761699,0.04714408172752032,0.021652322170621893,0.045208900043772385,0.052287801506602886,0.022863823365360463,0.024158712513497035,0.206784367829597,0.10545275056791671,0.10795999994693224,0.015901509512815652,0.033191559924602466
2022-12-06,0.12236332116231946,0.019909377033475607,0.09870118089734889,0.07642029179761699,0.04714408172752032,0.021652322170621893,0.045208900043772385,0.052287801506602886,0.022863823365360463,0.024158712513497035,0.206784367829597,0.10545275056791671,0.10795999994693224,0.015901509512815652,0.033191559924602466
2022-12-07,0.12236332116231946,0.019909377033475607,0.09870118089734889,0.07642029179761699,0.04714408172752032,0.021652322170621893,0.045208900043772385,0.052287801506602886,0.022863823365360463,0.024158712513497035,0.206784367829597,0.10545275056791671,0.10795999994693224,0.015901509512815652,0.033191559924602466
2022-12-08,0.12236332116231946,0.019909377033475607,0.09870118089734889,0.07642029179761699,0.04714408172752032,0.021652322170621893,0.045208900043772385,0.052287801506602886,0.022863823365360463,0.024158712513497035,0.206784367829597,0.10545275056791671,0.10795999994693224,0.015901509512815652,0.033191559924602466
2022-12-09,0.12236332116231946,0.019909377033475607,0.09870118089734889,0.07642029179761699,0.04714408172752032,0.021652322170621893,0.045208900043772385,0.052287801506602886,0.022863823365360463,0.024158712513497035,0.206784367829597,0.10545275056791671,0.10795999994693224,0.015901509512815652,0.033191559924602466
2022-12-12,0.12236332116231946,0.019909377033475607,0.09870118089734889,0.07642029179761699,0.04714408172752032,0.021652322170621893,0.045208900043772385,0.052287801506602886,0.022863823365360463,0.024158712513497035,0.206784367829597,0.10545275056791671,0.10795999994693224,0.015901509512815652,0.033191559924602466
2022-12-13,0.12236332116231946,0.019909377033475607,0.09870118089734889,0.07642029179761699,0.04714408172752032,0.021652322170621893,0.045208900043772385,0.052287801506602886,0.022863823365360463,0.024158712513497035,0.206784367829597,0.10545275056791671,0.10795999994693224,0.015901509512815652,0.033191559924602466
2022-12-14,0.12236332116231946,0.019909377033475607,0.09870118089734889,0.07642029179761699,0.04714408172752032,0.021652322170621893,0.045208900043772385,0.052287801506602886,0.022863823365360463,0.024158712513497035,0.206784367829597,0.10545275056791671,0.10795999994693224,0.015901509512815652,0.033191559924602466
2022-12-15,0.12236332116231946,0.019909377033475607,0.09870118089734889,0.07642029179761699,0.04714408172752032,0.021652322170621893,0.045208900043772385,0.052287801506602886,0.022863823365360463,0.024158712513497035,0.206784367829597,0.10545275056791671,0.10795999994693224,0.015901509512815652,0.033191559924602466
2022-12-16,0.12236332116231946,0.019909377033475607,0.09870118089734889,0.07642029179761699,0.04714408172752032,0.021652322170621893,0.045208900043772385,0.052287801506602886,0.022863823365360463,0.024158712513497035,0.206784367829597,0.10545275056791671,0.10795999994693224,0.015901509512815652,0.033191559924602466
2022-12-19,0.12236332116231946,0.019909377033475607,0.09870118089734889,0.07642029179761699,0.04714408172752032,0.021652322170621893,0.045208900043772385,0.052287801506602886,0.022863823365360463,0.024158712513497035,0.206784367829597,0.10545275056791671,0.10795999994693224,0.015901509512815652,0.033191559924602466
2022-12-20,0.12236332116231946,0.019909377033475607,0.09870118089734889,0.07642029179761699,0.04714408172752032,0.021652322170621893,0.045208900043772385,0.052287801506602886,0.022863823365360463,0.024158712513497035,0.206784367829597,0.10545275056791671,0.10795999994693224,0.015901509512815652,0.033191559924602466
2022-12-21,0.12236332116231946,0.019909377033475607,0.09870118089734889,0.07642029179761699,0.04714408172752032,0.021652322170621893,0.045208900043772385,0.052287801506602886,0.022863823365360463,0.024158712513497035,0.206784367829597,0.10545275056791671,0.10795999994693224,0.015901509512815652,0.033191559924602466
2022-12-22,0.12236332116231946,0.019909377033475607,0.09870118089734889,0.07642029179761699,0.04714408172752032,0.021652322170621893,0.045208900043772385,0.052287801506602886,0.022863823365360463,0.024158712513497035,0.206784367829597,0.10545275056791671,0.10795999994693224,0.015901509512815652,0.033191559924602466
2022-12-23,0.12236332116231946,0.019909377033475607,0.09870118089734889,0.07642029179761699,0.04714408172752032,0.021652322170621893,0.045208900043772385,0.052287801506602886,0.022863823365360463,0.024158712513497035,0.206784367829597,0.10545275056791671,0.10795999994693224,0.015901509512815652,0.033191559924602466
2022-12-26,0.12236332116231946,0.019909377033475607,0.09870118089734889,0.07642029179761699,0.04714408172752032,0.021652322170621893,0.045208900043772385,0.052287801506602886,0.022863823365360463,0.024158712513497035,0.206784367829597,0.10545275056791671,0.10795999994693224,0.015901509512815652,0.033191559924602466
2022-12-27,0.12236332116231946,0.019909377033475607,0.09870118089734889,0.07642029179761699,0.04714408172752032,0.021652322170621893,0.045208900043772385,0.052287801506602886,0.022863823365360463,0.024158712513497035,0.206784367829597,0.10545275056791671,0.10795999994693224,0.015901509512815652,0.033191559924602466
2022-12-28,0.12236332116231946,0.019909377033475607,0.09870118089734889,0.07642029179761699,0.04714408172752032,0.021652322170621893,0.045208900043772385,0.052287801506602886,0.022863823365360463,0.024158712513497035,0.206784367829597,0.10545275056791671,0.10795999994693224,0.015901509512815652,0.033191559924602466
2022-12-29,0.12236332116231946,0.019909377033475607,0.09870118089734889,0.07642029179761699,0.04714408172752032,0.021652322170621893,0.045208900043772385,0.052287801506602886,0.022863823365360463,0.024158712513497035,0.206784367829597,0.10545275056791671,0.10795999994693224,0.015901509512815652,0.033191559924602466
2022-12-30,0.06551641789755382,0.021243483552181242,0.09853138221329066,0.09895142401261833,0.059059317202467064,0.019070214656227727,0.04126796966212277,0.08143478145002944,0.02438403526772245,0.025626392894927682,0.1918186896978936,0.12780202414189884,0.09827617868970476,0.016071490624628,0.030946198036733805
2023-01-02,0.06551641789755382,0.021243483552181242,0.09853138221329066,0.09895142401261833,0.059059317202467064,0.019070214656227727,0.04126796966212277,0.08143478145002944,0.02438403526772245,0.025626392894927682,0.1918186896978936,0.12780202414189884,0.09827617868970476,0.016071490624628,0.030946198036733805
2023-01-03,0.06551641789755382,0.021243483552181242,0.09853138221329066,0.09895142401261833,0.059059317202467064,0.019070214656227727,0.04126796966212277,0.08143478145002944,0.02438403526772245,0.025626392894927682,0.1918186896978936,0.12780202414189884,0.09827617868970476,0.016071490624628,0.030946198036733805
2023-01-04,0.06551641789755382,0.021243483552181242,0.09853138221329066,0.09895142401261833,0.059059317202467064,0.019070214656227727,0.04126796966212277,0.08143478145002944,0.02438403526772245,0.025626392894927682,0.1918186896978936,0.12780202414189884,0.09827617868970476,0.016071490624628,0.030946198036733805
2023-01-05,0.06551641789755382,0.021243483552181242,0.09853138221329066,0.09895142401261833,0.059059317202467064,0.019070214656227727,0.04126796966212277,0.08143478145002944,0.02438403526772245,0.025626392894927682,0.1918186896978936,0.12780202414189884,0.09827617868970476,0.016071490624628,0.030946198036733805
2023-01-06,0.06551641789755382,0.021243483552181242,0.09853138221329066,0.09895142401261833,0.059059317202467064,0.019070214656227727,0.04126796966212277,0.08143478145002944,0.02438403526772245,0.025626392894927682,0.1918186896978936,0.12780202414189884,0.09827617868970476,0.016071490624628,0.030946198036733805
2023-01-09,0.06551641789755382,0.021243483552181242,0.09853138221329066,0.09895142401261833,0.059059317202467064,0.019070214656227727,0.04126796966212277,0.08143478145002944,0.02438403526772245,0.025626392894927682,0.1918186896978936,0.12780202414189884,0.09827617868970476,0.016071490624628,0.030946198036733805
2023-01-10,0.06551641789755382,0.021243483552181242,0.09853138221329066,0.09895142401261833,0.059059317202467064,0.019070214656227727,0.04126796966212277,0.08143478145002944,0.02438403526772245,0.025626392894927682,0.1918186896978936,0.12780202414189884,0.09827617868970476,0.016071490624628,0.030946198036733805
2023-01-11,0.06551641789755382,0.021243483552181242,0.09853138221329066,0.09895142401261833,0.059059317202467064,0.019070214656227727,0.04126796966212277,0.08143478145002944,0.02438403526772245,0.025626392894927682,0.1918186896978936,0.12780202414189884,0.09827617868970476,0.016071490624628,0.030946198036733805
2023-01-12,0.06551641789755382,0.021243483552181242,0.09853138221329066,0.09895142401261833,0.059059317202467064,0.019070214656227727,0.04126796966212277,0.08143478145002944,0.02438403526772245,0.025626392894927682,0.1918186896978936,0.12780202414189884,0.09827617868970476,0.016071490624628,0.030946198036733805
2023-01-13,0.06551641789755382,0.021243483552181242,0.09853138221329066,0.09895142401261833,0.059059317202467064,0.019070214656227727,0.04126796966212277,0.08143478145002944,0.02438403526772245,0.025626392894927682,0.1918186896978936,0.12780202414189884,0.09827617868970476,0.016071490624628,0.030946198036733805
2023-01-16,0.06551641789755382,0.021243483552181242,0.09853138221329066,0.09895142401261833,0.059059317202467064,0.019070214656227727,0.04126796966212277,0.08143478145002944,0.02438403526772245,0.025626392894927682,0.1918186896978936,0.12780202414189884,0.09827617868970476,0.016071490624628,0.030946198036733805
2023-01-17,0.06551641789755382,0.021243483552181242,0.09853138221329066,0.09895142401261833,0.059059317202467064,0.019070214656227727,0.04126796966212277,0.08143478145002944,0.02438403526772245,0.025626392894927682,0.1918186896978936,0.12780202414189884,0.09827617868970476,0.016071490624628,0.030946198036733805
2023-01-18,0.06551641789755382,0.021243483552181242,0.09853138221329066,0.09895142401261833,0.059059317202467064,0.019070214656227727,0.04126796966212277,0.08143478145002944,0.02438403526772245,0.025626392894927682,0.1918186896978936,0.12780202414189884,0.09827617868970476,0.016071490624628,0.030946198036733805
2023-01-19,0.06551641789755382,0.021243483552181242,0.09853138221329066,0.09895142401261833,0.059059317202467064,0.019070214656227727,0.04126796966212277,0.08143478145002944,0.02438403526772245,0.025626392894927682,0.1918186896978936,0.12780202414189884,0.09827617868970476,0.016071490624628,0.030946198036733805
2023-01-20,0.06551641789755382,0.021243483552181242,0.09853138221329066,0.09895142401261833,0.059059317202467064,0.019070214656227727,0.04126796966212277,0.08143478145002944,0.02438403526772245,0.025626392894927682,0.1918186896978936,0.12780202414189884,0.09827617868970476,0.016071490624628,0.030946198036733805
2023-01-23,0.06551641789755382,0.021243483552181242,0.09853138221329066,0.09895142401261833,0.059059317202467064,0.019070214656227727,0.04126796966212277,0.08143478145002944,0.02438403526772245,0.025626392894927682,0.1918186896978936,0.12780202414189884,0.09827617868970476,0.016071490624628,0.030946198036733805
2023-01-24,0.06551641789755382,0.021243483552181242,0.09853138221329066,0.09895142401261833,0.059059317202467064,0.019070214656227727,0.04126796966212277,0.08143478145002944,0.02438403526772245,0.025626392894927682,0.1918186896978936,0.12780202414189884,0.09827617868970476,0.016071490624628,0.030946198036733805
2023-01-25,0.06551641789755382,0.021243483552181242,0.09853138221329066,0.09895142401261833,0.059059317202467064,0.019070214656227727,0.04126796966212277,0.08143478145002944,0.02438403526772245,0.025626392894927682,0.1918186896978936,0.12780202414189884,0.09827617868970476,0.016071490624628,0.030946198036733805
2023-01-26,0.06551641789755382,0.021243483552181242,0.09853138221329066,0.09895142401261833,0.059059317202467064,0.019070214656227727,0.04126796966212277,0.08143478145002944,0.02438403526772245,0.025626392894927682,0.1918186896978936,0.12780202414189884,0.09827617868970476,0.016071490624628,0.030946198036733805
2023-01-27,0.06551641789755382,0.021243483552181242,0.09853138221329066,0.09895142401261833,0.059059317202467064,0.019070214656227727,0.04126796966212277,0.08143478145002944,0.02438403526772245,0.025626392894927682,0.1918186896978936,0.12780202414189884,0.09827617868970476,0.016071490624628,0.030946198036733805
2023-01-30,0.06551641789755382,0.021243483552181242,0.09853138221329066,0.09895142401261833,0.059059317202467064,0.019070214656227727,0.04126796966212277,0.08143478145002944,0.02438403526772245,0.025626392894927682,0.1918186896978936,0.12780202414189884,0.09827617868970476,0.016071490624628,0.030946198036733805
2023-01-31,0.021793251549567735,0.017707888909963564,0.07731167025225925,0.06544602606886103,0.04750397981213607,0.012326935184760366,0.03317531026864642,0.07103801432040623,0.01620279829295227,0.01745337593915794,0.36241846992329707,0.07587490868723208,0.12485209461229663,0.01913316284847607,0.037762113329987156
2023-02-01,0.021793251549567735,0.017707888909963564,0.07731167025225925,0.06544602606886103,0.04750397981213607,0.012326935184760366,0.03317531026864642,0.07103801432040623,0.01620279829295227,0.01745337593915794,0.36241846992329707,0.07587490868723208,0.12485209461229663,0.01913316284847607,0.037762113329987156
2023-02-02,0.021793251549567735,0.017707888909963564,0.07731167025225925,0.06544602606886103,0.04750397981213607,0.012326935184760366,0.03317531026864642,0.07103801432040623,0.01620279829295227,0.01745337593915794,0.36241846992329707,0.07587490868723208,0.12485209461229663,0.01913316284847607,0.037762113329987156
2023-02-03,0.021793251549567735,0.017707888909963564,0.07731167025225925,0.06544602606886103,0.04750397981213607,0.012326935184760366,0.03317531026864642,0.07103801432040623,0.01620279829295227,0.01745337593915794,0.36241846992329707,0.07587490868723208,0.12485209461229663,0.01913316284847607,0.037762113329987156
2023-02-06,0.021793251549567735,0.017707888909963564,0.07731167025225925,0.06544602606886103,0.04750397981213607,0.012326935184760366,0.03317531026864642,0.07103801432040623,0.01620279829295227,0.01745337593915794,0.36241846992329707,0.07587490868723208,0.12485209461229663,0.01913316284847607,0.037762113329987156
2023-02-07,0.021793251549567735,0.017707888909963564,0.07731167025225925,0.06544602606886103,0.04750397981213607,0.012326935184760366,0.03317531026864642,0.07103801432040623,0.01620279829295227,0.01745337593915794,0.36241846992329707,0.07587490868723208,0.12485209461229663,0.01913316284847607,0.037762113329987156
2023-02-08,0.021793251549567735,0.017707888909963564,0.07731167025225925,0.06544602606886103,0.04750397981213607,0.012326935184760366,0.03317531026864642,0.07103801432040623,0.01620279829295227,0.01745337593915794,0.36241846992329707,0.07587490868723208,0.12485209461229663,0.01913316284847607,0.037762113329987156
2023-02-09,0.021793251549567735,0.017707888909963564,0.07731167025225925,0.06544602606886103,0.04750397981213607,0.012326935184760366,0.03317531026864642,0.07103801432040623,0.01620279829295227,0.01745337593915794,0.36241846992329707,0.07587490868723208,0.12485209461229663,0.01913316284847607,0.037762113329987156
2023-02-10,0.021793251549567735,0.017707888909963564,0.07731167025225925,0.06544602606886103,0.04750397981213607,0.012326935184760366,0.03317531026864642,0.07103801432040623,0.01620279829295227,0.01745337593915794,0.36241846992329707,0.07587490868723208,0.12485209461229663,0.01913316284847607,0.037762113329987156
2023-02-13,0.021793251549567735,0.017707888909963564,0.07731167025225925,0.06544602606886103,0.04750397981213607,0.012326935184760366,0.03317531026864642,0.07103801432040623,0.01620279829295227,0.01745337593915794,0.36241846992329707,0.07587490868723208,0.12485209461229663,0.01913316284847607,0.037762113329987156
2023-02-14,0.021793251549567735,0.017707888909963564,0.07731167025225925,0.06544602606886103,0.04750397981213607,0.012326935184760366,0.03317531026864642,0.07103801432040623,0.01620279829295227,0.01745337593915794,0.36241846992329707,0.07587490868723208,0.12485209461229663,0.01913316284847607,0.037762113329987156
2023-02-15,0.021793251549567735,0.017707888909963564,0.07731167025225925,0.06544602606886103,0.04750397981213607,0.012326935184760366,0.03317531026864642,0.07103801432040623,0.01620279829295227,0.01745337593915794,0.36241846992329707,0.07587490868723208,0.12485209461229663,0.01913316284847607,0.037762113329987156
2023-02-16,0.021793251549567735,0.017707888909963564,0.07731167025225925,0.06544602606886103,0.04750397981213607,0.012326935184760366,0.03317531026864642,0.07103801432040623,0.01620279829295227,0.01745337593915794,0.36241846992329707,0.07587490868723208,0.12485209461229663,0.01913316284847607,0.037762113329987156
2023-02-17,0.021793251549567735,0.017707888909963564,0.07731167025225925,0.06544602606886103,0.04750397981213607,0.012326935184760366,0.03317531026864642,0.07103801432040623,0.01620279829295227,0.01745337593915794,0.36241846992329707,0.07587490868723208,0.12485209461229663,0.01913316284847607,0.037762113329987156
2023-02-20,0.021793251549567735,0.017707888909963564,0.07731167025225925,0.06544602606886103,0.04750397981213607,0.012326935184760366,0.03317531026864642,0.07103801432040623,0.01620279829295227,0.01745337593915794,0.36241846992329707,0.07587490868723208,0.12485209461229663,0.01913316284847607,0.037762113329987156
2023-02-21,0.021793251549567735,0.017707888909963564,0.07731167025225925,0.06544602606886103,0.04750397981213607,0.012326935184760366,0.03317531026864642,0.07103801432040623,0.01620279829295227,0.01745337593915794,0.36241846992329707,0.07587490868723208,0.12485209461229663,0.01913316284847607,0.037762113329987156
2023-02-22,0.021793251549567735,0.017707888909963564,0.07731167025225925,0.06544602606886103,0.04750397981213607,0.012326935184760366,0.03317531026864642,0.07103801432040623,0.01620279829295227,0.01745337593915794,0.36241846992329707,0.07587490868723208,0.12485209461229663,0.01913316284847607,0.037762113329987156
2023-02-23,0.021793251549567735,0.017707888909963564,0.07731167025225925,0.06544602606886103,0.04750397981213607,0.012326935184760366,0.03317531026864642,0.07103801432040623,0.01620279829295227,0.01745337593915794,0.36241846992329707,0.07587490868723208,0.12485209461229663,0.01913316284847607,0.037762113329987156
2023-02-24,0.021793251549567735,0.017707888909963564,0.07731167025225925,0.06544602606886103,0.04750397981213607,0.012326935184760366,0.03317531026864642,0.07103801432040623,0.01620279829295227,0.01745337593915794,0.36241846992329707,0.07587490868723208,0.12485209461229663,0.01913316284847607,0.037762113329987156
2023-02-27,0.021793251549567735,0.017707888909963564,0.07731167025225925,0.06544602606886103,0.04750397981213607,0.012326935184760366,0.03317531026864642,0.07103801432040623,0.01620279829295227,0.01745337593915794,0.36241846992329707,0.07587490868723208,0.12485209461229663,0.01913316284847607,0.037762113329987156
2023-02-28,0.12832940357426945,0.02050584100771146,0.0852801109697304,0.07169941058978263,0.04480866852439455,0.020235095696138666,0.045181318604664775,0.04686062684863175,0.025533377811283953,0.02368281331837339,0.2467330678754105,0.1310396967418278,0.06057224318033963,0.01595633055992192,0.033581994697519185
2023-03-01,0.12832940357426945,0.02050584100771146,0.0852801109697304,0.07169941058978263,0.04480866852439455,0.020235095696138666,0.045181318604664775,0.04686062684863175,0.025533377811283953,0.02368281331837339,0.2467330678754105,0.1310396967418278,0.06057224318033963,0.01595633055992192,0.033581994697519185
2023-03-02,0.12832940357426945,0.02050584100771146,0.0852801109697304,0.07169941058978263,0.04480866852439455,0.020235095696138666,0.045181318604664775,0.04686062684863175,0.025533377811283953,0.02368281331837339,0.2467330678754105,0.1310396967418278,0.06057224318033963,0.01595633055992192,0.033581994697519185
2023-03-03,0.12832940357426945,0.02050584100771146,0.0852801109697304,0.07169941058978263,0.04480866852439455,0.020235095696138666,0.045181318604664775,0.04686062684863175,0.025533377811283953,0.02368281331837339,0.2467330678754105,0.1310396967418278,0.06057224318033963,0.01595633055992192,0.033581994697519185
2023-03-06,0.12832940357426945,0.02050584100771146,0.0852801109697304,0.07169941058978263,0.04480866852439455,0.020235095696138666,0.045181318604664775,0.04686062684863175,0.025533377811283953,0.02368281331837339,0.2467330678754105,0.1310396967418278,0.06057224318033963,0.01595633055992192,0.033581994697519185
2023-03-07,0.12832940357426945,0.02050584100771146,0.0852801109697304,0.07169941058978263,0.04480866852439455,0.020235095696138666,0.045181318604664775,0.04686062684863175,0.025533377811283953,0.02368281331837339,0.2467330678754105,0.1310396967418278,0.06057224318033963,0.01595633055992192,0.033581994697519185
2023-03-08,0.12832940357426945,0.02050584100771146,0.0852801109697304,0.07169941058978263,0.04480866852439455,0.020235095696138666,0.045181318604664775,0.04686062684863175,0.025533377811283953,0.02368281331837339,0.2467330678754105,0.1310396967418278,0.06057224318033963,0.01595633055992192,0.033581994697519185
2023-03-09,0.12832940357426945,0.02050584100771146,0.0852801109697304,0.07169941058978263,0.04480866852439455,0.020235095696138666,0.045181318604664775,0.04686062684863175,0.025533377811283953,0.02368281331837339,0.2467330678754105,0.1310396967418278,0.06057224318033963,0.01595633055992192,0.033581994697519185
2023-03-10,0.12832940357426945,0.02050584100771146,0.0852801109697304,0.07169941058978263,0.04480866852439455,0.020235095696138666,0.045181318604664775,0.04686062684863175,0.025533377811283953,0.02368281331837339,0.2467330678754105,0.1310396967418278,0.06057224318033963,0.01595633055992192,0.033581994697519185
2023-03-13,0.12832940357426945,0.02050584100771146,0.0852801109697304,0.07169941058978263,0.04480866852439455,0.020235095696138666,0.045181318604664775,0.04686062684863175,0.025533377811283953,0.02368281331837339,0.2467330678754105,0.1310396967418278,0.06057224318033963,0.01595633055992192,0.033581994697519185
2023-03-14,0.12832940357426945,0.02050584100771146,0.0852801109697304,0.07169941058978263,0.04480866852439455,0.020235095696138666,0.045181318604664775,0.04686062684863175,0.025533377811283953,0.02368281331837339,0.2467330678754105,0.1310396967418278,0.06057224318033963,0.01595633055992192,0.033581994697519185
2023-03-15,0.12832940357426945,0.02050584100771146,0.0852801109697304,0.07169941058978263,0.04480866852439455,0.020235095696138666,0.045181318604664775,0.04686062684863175,0.025533377811283953,0.02368281331837339,0.2467330678754105,0.1310396967418278,0.06057224318033963,0.01595633055992192,0.033581994697519185
2023-03-16,0.12832940357426945,0.02050584100771146,0.0852801109697304,0.07169941058978263,0.04480866852439455,0.020235095696138666,0.045181318604664775,0.04686062684863175,0.025533377811283953,0.02368281331837339,0.2467330678754105,0.1310396967418278,0.06057224318033963,0.01595633055992192,0.033581994697519185
2023-03-17,0.12832940357426945,0.02050584100771146,0.0852801109697304,0.07169941058978263,0.04480866852439455,0.020235095696138666,0.045181318604664775,0.04686062684863175,0.025533377811283953,0.02368281331837339,0.2467330678754105,0.1310396967418278,0.06057224318033963,0.01595633055992192,0.033581994697519185
2023-03-20,0.12832940357426945,0.02050584100771146,0.0852801109697304,0.07169941058978263,0.04480866852439455,0.020235095696138666,0.045181318604664775,0.04686062684863175,0.025533377811283953,0.02368281331837339,0.2467330678754105,0.1310396967418278,0.06057224318033963,0.01595633055992192,0.033581994697519185
2023-03-21,0.12832940357426945,0.02050584100771146,0.0852801109697304,0.07169941058978263,0.04480866852439455,0.020235095696138666,0.045181318604664775,0.04686062684863175,0.025533377811283953,0.02368281331837339,0.2467330678754105,0.1310396967418278,0.06057224318033963,0.01595633055992192,0.033581994697519185
2023-03-22,0.12832940357426945,0.02050584100771146,0.0852801109697304,0.07169941058978263,0.04480866852439455,0.020235095696138666,0.045181318604664775,0.04686062684863175,0.025533377811283953,0.02368281331837339,0.2467330678754105,0.1310396967418278,0.06057224318033963,0.01595633055992192,0.033581994697519185
2023-03-23,0.12832940357426945,0.02050584100771146,0.0852801109697304,0.07169941058978263,0.04480866852439455,0.020235095696138666,0.045181318604664775,0.04686062684863175,0.025533377811283953,0.02368281331837339,0.2467330678754105,0.1310396967418278,0.06057224318033963,0.01595633055992192,0.033581994697519185
2023-03-24,0.12832940357426945,0.02050584100771146,0.0852801109697304,0.07169941058978263,0.04480866852439455,0.020235095696138666,0.045181318604664775,0.04686062684863175,0.025533377811283953,0.02368281331837339,0.2467330678754105,0.1310396967418278,0.06057224318033963,0.01595633055992192,0.033581994697519185
2023-03-27,0.12832940357426945,0.02050584100771146,0.0852801109697304,0.07169941058978263,0.04480866852439455,0.020235095696138666,0.045181318604664775,0.04686062684863175,0.025533377811283953,0.02368281331837339,0.2467330678754105,0.1310396967418278,0.06057224318033963,0.01595633055992192,0.033581994697519185
2023-03-28,0.12832940357426945,0.02050584100771146,0.0852801109697304,0.07169941058978263,0.04480866852439455,0.020235095696138666,0.045181318604664775,0.04686062684863175,0.025533377811283953,0.02368281331837339,0.2467330678754105,0.1310396967418278,0.06057224318033963,0.01595633055992192,0.033581994697519185
2023-03-29,0.12832940357426945,0.02050584100771146,0.0852801109697304,0.07169941058978263,0.04480866852439455,0.020235095696138666,0.045181318604664775,0.04686062684863175,0.025533377811283953,0.02368281331837339,0.2467330678754105,0.1310396967418278,0.06057224318033963,0.01595633055992192,0.033581994697519185
2023-03-30,0.12832940357426945,0.02050584100771146,0.0852801109697304,0.07169941058978263,0.04480866852439455,0.020235095696138666,0.045181318604664775,0.04686062684863175,0.025533377811283953,0.02368281331837339,0.2467330678754105,0.1310396967418278,0.06057224318033963,0.01595633055992192,0.033581994697519185
2023-03-31,0.0518003028961934,0.0208338205474265,0.06206462092918,0.0776463343524989,0.055071055352216146,0.01874454511834582,0.04554001885492781,0.06289745412402985,0.02386642184018807,0.02291482167812917,0.3368266995042938,0.08149728061898447,0.08643340635779206,0.018542180907177786,0.03532103691861629
2023-04-03,0.0518003028961934,0.0208338205474265,0.06206462092918,0.0776463343524989,0.055071055352216146,0.01874454511834582,0.04554001885492781,0.06289745412402985,0.02386642184018807,0.02291482167812917,0.3368266995042938,0.08149728061898447,0.08643340635779206,0.018542180907177786,0.03532103691861629
2023-04-04,0.0518003028961934,0.0208338205474265,0.06206462092918,0.0776463343524989,0.055071055352216146,0.01874454511834582,0.04554001885492781,0.06289745412402985,0.02386642184018807,0.02291482167812917,0.3368266995042938,0.08149728061898447,0.08643340635779206,0.018542180907177786,0.03532103691861629
2023-04-05,0.0518003028961934,0.0208338205474265,0.06206462092918,0.0776463343524989,0.055071055352216146,0.01874454511834582,0.04554001885492781,0.06289745412402985,0.02386642184018807,0.02291482167812917,0.3368266995042938,0.08149728061898447,0.08643340635779206,0.018542180907177786,0.03532103691861629
2023-04-06,0.0518003028961934,0.0208338205474265,0.06206462092918,0.0776463343524989,0.055071055352216146,0.01874454511834582,0.04554001885492781,0.06289745412402985,0.02386642184018807,0.02291482167812917,0.3368266995042938,0.08149728061898447,0.08643340635779206,0.018542180907177786,0.03532103691861629
2023-04-07,0.0518003028961934,0.0208338205474265,0.06206462092918,0.0776463343524989,0.055071055352216146,0.01874454511834582,0.04554001885492781,0.06289745412402985,0.02386642184018807,0.02291482167812917,0.3368266995042938,0.08149728061898447,0.08643340635779206,0.018542180907177786,0.03532103691861629
2023-04-10,0.0518003028961934,0.0208338205474265,0.06206462092918,0.0776463343524989,0.055071055352216146,0.01874454511834582,0.04554001885492781,0.06289745412402985,0.02386642184018807,0.02291482167812917,0.3368266995042938,0.08149728061898447,0.08643340635779206,0.018542180907177786,0.03532103691861629
2023-04-11,0.0518003028961934,0.0208338205474265,0.06206462092918,0.0776463343524989,0.055071055352216146,0.01874454511834582,0.04554001885492781,0.06289745412402985,0.02386642184018807,0.02291482167812917,0.3368266995042938,0.08149728061898447,0.08643340635779206,0.018542180907177786,0.03532103691861629
2023-04-12,0.0518003028961934,0.0208338205474265,0.06206462092918,0.0776463343524989,0.055071055352216146,0.01874454511834582,0.04554001885492781,0.06289745412402985,0.02386642184018807,0.02291482167812917,0.3368266995042938,0.08149728061898447,0.08643340635779206,0.018542180907177786,0.03532103691861629
2023-04-13,0.0518003028961934,0.0208338205474265,0.06206462092918,0.0776463343524989,0.055071055352216146,0.01874454511834582,0.04554001885492781,0.06289745412402985,0.02386642184018807,0.02291482167812917,0.3368266995042938,0.08149728061898447,0.08643340635779206,0.018542180907177786,0.03532103691861629
2023-04-14,0.0518003028961934,0.0208338205474265,0.06206462092918,0.0776463343524989,0.055071055352216146,0.01874454511834582,0.04554001885492781,0.06289745412402985,0.02386642184018807,0.02291482167812917,0.3368266995042938,0.08149728061898447,0.08643340635779206,0.018542180907177786,0.03532103691861629
2023-04-17,0.0518003028961934,0.0208338205474265,0.06206462092918,0.0776463343524989,0.055071055352216146,0.01874454511834582,0.04554001885492781,0.06289745412402985,0.02386642184018807,0.02291482167812917,0.3368266995042938,0.08149728061898447,0.08643340635779206,0.018542180907177786,0.03532103691861629
2023-04-18,0.0518003028961934,0.0208338205474265,0.06206462092918,0.0776463343524989,0.055071055352216146,0.01874454511834582,0.04554001885492781,0.06289745412402985,0.02386642184018807,0.02291482167812917,0.3368266995042938,0.08149728061898447,0.08643340635779206,0.018542180907177786,0.03532103691861629
2023-04-19,0.0518003028961934,0.0208338205474265,0.06206462092918,0.0776463343524989,0.055071055352216146,0.01874454511834582,0.04554001885492781,0.06289745412402985,0.02386642184018807,0.02291482167812917,0.3368266995042938,0.08149728061898447,0.08643340635779206,0.018542180907177786,0.03532103691861629
2023-04-20,0.0518003028961934,0.0208338205474265,0.06206462092918,0.0776463343524989,0.055071055352216146,0.01874454511834582,0.04554001885492781,0.06289745412402985,0.02386642184018807,0.02291482167812917,0.3368266995042938,0.08149728061898447,0.08643340635779206,0.018542180907177786,0.03532103691861629
2023-04-21,0.0518003028961934,0.0208338205474265,0.06206462092918,0.0776463343524989,0.055071055352216146,0.01874454511834582,0.04554001885492781,0.06289745412402985,0.02386642184018807,0.02291482167812917,0.3368266995042938,0.08149728061898447,0.08643340635779206,0.018542180907177786,0.03532103691861629
2023-04-24,0.0518003028961934,0.0208338205474265,0.06206462092918,0.0776463343524989,0.055071055352216146,0.01874454511834582,0.04554001885492781,0.06289745412402985,0.02386642184018807,0.02291482167812917,0.3368266995042938,0.08149728061898447,0.08643340635779206,0.018542180907177786,0.03532103691861629
2023-04-25,0.0518003028961934,0.0208338205474265,0.06206462092918,0.0776463343524989,0.055071055352216146,0.01874454511834582,0.04554001885492781,0.06289745412402985,0.02386642184018807,0.02291482167812917,0.3368266995042938,0.08149728061898447,0.08643340635779206,0.018542180907177786,0.03532103691861629
2023-04-26,0.0518003028961934,0.0208338205474265,0.06206462092918,0.0776463343524989,0.055071055352216146,0.01874454511834582,0.04554001885492781,0.06289745412402985,0.02386642184018807,0.02291482167812917,0.3368266995042938,0.08149728061898447,0.08643340635779206,0.018542180907177786,0.03532103691861629
2023-04-27,0.0518003028961934,0.0208338205474265,0.06206462092918,0.0776463343524989,0.055071055352216146,0.01874454511834582,0.04554001885492781,0.06289745412402985,0.02386642184018807,0.02291482167812917,0.3368266995042938,0.08149728061898447,0.08643340635779206,0.018542180907177786,0.03532103691861629
2023-04-28,0.07661353512248102,0.017194295512008646,0.09034795118217041,0.06100732942523586,0.04211893518827017,0.019512385289076607,0.02954889340644638,0.03255853503321802,0.025170238160746775,0.017901639736653766,1e-323,0.3745008546393254,0.11609704470383486,0.02461830553257471,0.07281005706795732
2023-05-01,0.07661353512248102,0.017194295512008646,0.09034795118217041,0.06100732942523586,0.04211893518827017,0.019512385289076607,0.02954889340644638,0.03255853503321802,0.025170238160746775,0.017901639736653766,1e-323,0.3745008546393254,0.11609704470383486,0.02461830553257471,0.07281005706795732
2023-05-02,0.07661353512248102,0.017194295512008646,0.09034795118217041,0.06100732942523586,0.04211893518827017,0.019512385289076607,0.02954889340644638,0.03255853503321802,0.025170238160746775,0.017901639736653766,1e-323,0.3745008546393254,0.11609704470383486,0.02461830553257471,0.07281005706795732
2023-05-03,0.07661353512248102,0.017194295512008646,0.09034795118217041,0.06100732942523586,0.04211893518827017,0.019512385289076607,0.02954889340644638,0.03255853503321802,0.025170238160746775,0.017901639736653766,1e-323,0.3745008546393254,0.11609704470383486,0.02461830553257471,0.07281005706795732
2023-05-04,0.07661353512248102,0.017194295512008646,0.09034795118217041,0.06100732942523586,0.04211893518827017,0.019512385289076607,0.02954889340644638,0.03255853503321802,0.025170238160746775,0.017901639736653766,1e-323,0.3745008546393254,0.11609704470383486,0.02461830553257471,0.07281005706795732
2023-05-05,0.07661353512248102,0.017194295512008646,0.09034795118217041,0.06100732942523586,0.04211893518827017,0.019512385289076607,0.02954889340644638,0.03255853503321802,0.025170238160746775,0.017901639736653766,1e-323,0.3745008546393254,0.11609704470383486,0.02461830553257471,0.07281005706795732
2023-05-08,0.07661353512248102,0.017194295512008646,0.09034795118217041,0.06100732942523586,0.04211893518827017,0.019512385289076607,0.02954889340644638,0.03255853503321802,0.025170238160746775,0.017901639736653766,1e-323,0.3745008546393254,0.11609704470383486,0.02461830553257471,0.07281005706795732
2023-05-09,0.07661353512248102,0.017194295512008646,0.09034795118217041,0.06100732942523586,0.04211893518827017,0.019512385289076607,0.02954889340644638,0.03255853503321802,0.025170238160746775,0.017901639736653766,1e-323,0.3745008546393254,0.11609704470383486,0.02461830553257471,0.07281005706795732
2023-05-10,0.07661353512248102,0.017194295512008646,0.09034795118217041,0.06100732942523586,0.04211893518827017,0.019512385289076607,0.02954889340644638,0.03255853503321802,0.025170238160746775,0.017901639736653766,1e-323,0.3745008546393254,0.11609704470383486,0.02461830553257471,0.07281005706795732
2023-05-11,0.07661353512248102,0.017194295512008646,0.09034795118217041,0.06100732942523586,0.04211893518827017,0.019512385289076607,0.02954889340644638,0.03255853503321802,0.025170238160746775,0.017901639736653766,1e-323,0.3745008546393254,0.11609704470383486,0.02461830553257471,0.07281005706795732
2023-05-12,0.07661353512248102,0.017194295512008646,0.09034795118217041,0.06100732942523586,0.04211893518827017,0.019512385289076607,0.02954889340644638,0.03255853503321802,0.025170238160746775,0.017901639736653766,1e-323,0.3745008546393254,0.11609704470383486,0.02461830553257471,0.07281005706795732
2023-05-15,0.07661353512248102,0.017194295512008646,0.09034795118217041,0.06100732942523586,0.04211893518827017,0.019512385289076607,0.02954889340644638,0.03255853503321802,0.025170238160746775,0.017901639736653766,1e-323,0.3745008546393254,0.11609704470383486,0.02461830553257471,0.07281005706795732
2023-05-16,0.07661353512248102,0.017194295512008646,0.09034795118217041,0.06100732942523586,0.04211893518827017,0.019512385289076607,0.02954889340644638,0.03255853503321802,0.025170238160746775,0.017901639736653766,1e-323,0.3745008546393254,0.11609704470383486,0.02461830553257471,0.07281005706795732
2023-05-17,0.07661353512248102,0.017194295512008646,0.09034795118217041,0.06100732942523586,0.04211893518827017,0.019512385289076607,0.02954889340644638,0.03255853503321802,0.025170238160746775,0.017901639736653766,1e-323,0.3745008546393254,0.11609704470383486,0.02461830553257471,0.07281005706795732
2023-05-18,0.07661353512248102,0.017194295512008646,0.09034795118217041,0.06100732942523586,0.04211893518827017,0.019512385289076607,0.02954889340644638,0.03255853503321802,0.025170238160746775,0.017901639736653766,1e-323,0.3745008546393254,0.11609704470383486,0.02461830553257471,0.07281005706795732
2023-05-19,0.07661353512248102,0.017194295512008646,0.09034795118217041,0.06100732942523586,0.04211893518827017,0.019512385289076607,0.02954889340644638,0.03255853503321802,0.025170238160746775,0.017901639736653766,1e-323,0.3745008546393254,0.11609704470383486,0.02461830553257471,0.07281005706795732
2023-05-22,0.07661353512248102,0.017194295512008646,0.09034795118217041,0.06100732942523586,0.04211893518827017,0.019512385289076607,0.02954889340644638,0.03255853503321802,0.025170238160746775,0.017901639736653766,1e-323,0.3745008546393254,0.11609704470383486,0.02461830553257471,0.07281005706795732
2023-05-23,0.07661353512248102,0.017194295512008646,0.09034795118217041,0.06100732942523586,0.04211893518827017,0.019512385289076607,0.02954889340644638,0.03255853503321802,0.025170238160746775,0.017901639736653766,1e-323,0.3745008546393254,0.11609704470383486,0.02461830553257471,0.07281005706795732
2023-05-24,0.07661353512248102,0.017194295512008646,0.09034795118217041,0.06100732942523586,0.04211893518827017,0.019512385289076607,0.02954889340644638,0.03255853503321802,0.025170238160746775,0.017901639736653766,1e-323,0.3745008546393254,0.11609704470383486,0.02461830553257471,0.07281005706795732
2023-05-25,0.07661353512248102,0.017194295512008646,0.09034795118217041,0.06100732942523586,0.04211893518827017,0.019512385289076607,0.02954889340644638,0.03255853503321802,0.025170238160746775,0.017901639736653766,1e-323,0.3745008546393254,0.11609704470383486,0.02461830553257471,0.07281005706795732
2023-05-26,0.07661353512248102,0.017194295512008646,0.09034795118217041,0.06100732942523586,0.04211893518827017,0.019512385289076607,0.02954889340644638,0.03255853503321802,0.025170238160746775,0.017901639736653766,1e-323,0.3745008546393254,0.11609704470383486,0.02461830553257471,0.07281005706795732
2023-05-29,0.07661353512248102,0.017194295512008646,0.09034795118217041,0.06100732942523586,0.04211893518827017,0.019512385289076607,0.02954889340644638,0.03255853503321802,0.025170238160746775,0.017901639736653766,1e-323,0.3745008546393254,0.11609704470383486,0.02461830553257471,0.07281005706795732
2023-05-30,0.07661353512248102,0.017194295512008646,0.09034795118217041,0.06100732942523586,0.04211893518827017,0.019512385289076607,0.02954889340644638,0.03255853503321802,0.025170238160746775,0.017901639736653766,1e-323,0.3745008546393254,0.11609704470383486,0.02461830553257471,0.07281005706795732
2023-05-31,0.05831381524691576,0.014644042524112997,0.12585722370979555,0.059624739870200075,0.04415027821931474,0.020965088957215987,0.03714561021486936,0.031546962004825055,0.025592487151035626,0.01721952731522931,1.284064362160416e-259,0.35582755471753835,0.10556434515985046,0.022659171539054737,0.08088915337004181
2023-06-01,0.05831381524691576,0.014644042524112997,0.12585722370979555,0.059624739870200075,0.04415027821931474,0.020965088957215987,0.03714561021486936,0.031546962004825055,0.025592487151035626,0.01721952731522931,1.284064362160416e-259,0.35582755471753835,0.10556434515985046,0.022659171539054737,0.08088915337004181
2023-06-02,0.05831381524691576,0.014644042524112997,0.12585722370979555,0.059624739870200075,0.04415027821931474,0.020965088957215987,0.03714561021486936,0.031546962004825055,0.025592487151035626,0.01721952731522931,1.284064362160416e-259,0.35582755471753835,0.10556434515985046,0.022659171539054737,0.08088915337004181
2023-06-05,0.05831381524691576,0.014644042524112997,0.12585722370979555,0.059624739870200075,0.04415027821931474,0.020965088957215987,0.03714561021486936,0.031546962004825055,0.025592487151035626,0.01721952731522931,1.284064362160416e-259,0.35582755471753835,0.10556434515985046,0.022659171539054737,0.08088915337004181
2023-06-06,0.05831381524691576,0.014644042524112997,0.12585722370979555,0.059624739870200075,0.04415027821931474,0.020965088957215987,0.03714561021486936,0.031546962004825055,0.025592487151035626,0.01721952731522931,1.284064362160416e-259,0.35582755471753835,0.10556434515985046,0.022659171539054737,0.08088915337004181
2023-06-07,0.05831381524691576,0.014644042524112997,0.12585722370979555,0.059624739870200075,0.04415027821931474,0.020965088957215987,0.03714561021486936,0.031546962004825055,0.025592487151035626,0.01721952731522931,1.284064362160416e-259,0.35582755471753835,0.10556434515985046,0.022659171539054737,0.08088915337004181
2023-06-08,0.05831381524691576,0.014644042524112997,0.12585722370979555,0.059624739870200075,0.04415027821931474,0.020965088957215987,0.03714561021486936,0.031546962004825055,0.025592487151035626,0.01721952731522931,1.284064362160416e-259,0.35582755471753835,0.10556434515985046,0.022659171539054737,0.08088915337004181
2023-06-09,0.05831381524691576,0.014644042524112997,0.12585722370979555,0.059624739870200075,0.04415027821931474,0.020965088957215987,0.03714561021486936,0.031546962004825055,0.025592487151035626,0.01721952731522931,1.284064362160416e-259,0.35582755471753835,0.10556434515985046,0.022659171539054737,0.08088915337004181
2023-06-12,0.05831381524691576,0.014644042524112997,0.12585722370979555,0.059624739870200075,0.04415027821931474,0.020965088957215987,0.03714561021486936,0.031546962004825055,0.025592487151035626,0.01721952731522931,1.284064362160416e-259,0.35582755471753835,0.10556434515985046,0.022659171539054737,0.08088915337004181
2023-06-13,0.05831381524691576,0.014644042524112997,0.12585722370979555,0.059624739870200075,0.04415027821931474,0.020965088957215987,0.03714561021486936,0.031546962004825055,0.025592487151035626,0.01721952731522931,1.284064362160416e-259,0.35582755471753835,0.10556434515985046,0.022659171539054737,0.08088915337004181
2023-06-14,0.05831381524691576,0.014644042524112997,0.12585722370979555,0.059624739870200075,0.04415027821931474,0.020965088957215987,0.03714561021486936,0.031546962004825055,0.025592487151035626,0.01721952731522931,1.284064362160416e-259,0.35582755471753835,0.10556434515985046,0.022659171539054737,0.08088915337004181
2023-06-15,0.05831381524691576,0.014644042524112997,0.12585722370979555,0.059624739870200075,0.04415027821931474,0.020965088957215987,0.03714561021486936,0.031546962004825055,0.025592487151035626,0.01721952731522931,1.284064362160416e-259,0.35582755471753835,0.10556434515985046,0.022659171539054737,0.08088915337004181
2023-06-16,0.05831381524691576,0.014644042524112997,0.12585722370979555,0.059624739870200075,0.04415027821931474,0.020965088957215987,0.03714561021486936,0.031546962004825055,0.025592487151035626,0.01721952731522931,1.284064362160416e-259,0.35582755471753835,0.10556434515985046,0.022659171539054737,0.08088915337004181
2023-06-19,0.05831381524691576,0.014644042524112997,0.12585722370979555,0.059624739870200075,0.04415027821931474,0.020965088957215987,0.03714561021486936,0.031546962004825055,0.025592487151035626,0.01721952731522931,1.284064362160416e-259,0.35582755471753835,0.10556434515985046,0.022659171539054737,0.08088915337004181
2023-06-20,0.05831381524691576,0.014644042524112997,0.12585722370979555,0.059624739870200075,0.04415027821931474,0.020965088957215987,0.03714561021486936,0.031546962004825055,0.025592487151035626,0.01721952731522931,1.284064362160416e-259,0.35582755471753835,0.10556434515985046,0.022659171539054737,0.08088915337004181
2023-06-21,0.05831381524691576,0.014644042524112997,0.12585722370979555,0.059624739870200075,0.04415027821931474,0.020965088957215987,0.03714561021486936,0.031546962004825055,0.025592487151035626,0.01721952731522931,1.284064362160416e-259,0.35582755471753835,0.10556434515985046,0.022659171539054737,0.08088915337004181
2023-06-22,0.05831381524691576,0.014644042524112997,0.12585722370979555,0.059624739870200075,0.04415027821931474,0.020965088957215987,0.03714561021486936,0.031546962004825055,0.025592487151035626,0.01721952731522931,1.284064362160416e-259,0.35582755471753835,0.10556434515985046,0.022659171539054737,0.08088915337004181
2023-06-23,0.05831381524691576,0.014644042524112997,0.12585722370979555,0.059624739870200075,0.04415027821931474,0.020965088957215987,0.03714561021486936,0.031546962004825055,0.025592487151035626,0.01721952731522931,1.284064362160416e-259,0.35582755471753835,0.10556434515985046,0.022659171539054737,0.08088915337004181
2023-06-26,0.05831381524691576,0.014644042524112997,0.12585722370979555,0.059624739870200075,0.04415027821931474,0.020965088957215987,0.03714561021486936,0.031546962004825055,0.025592487151035626,0.01721952731522931,1.284064362160416e-259,0.35582755471753835,0.10556434515985046,0.022659171539054737,0.08088915337004181
2023-06-27,0.05831381524691576,0.014644042524112997,0.12585722370979555,0.059624739870200075,0.04415027821931474,0.020965088957215987,0.03714561021486936,0.031546962004825055,0.025592487151035626,0.01721952731522931,1.284064362160416e-259,0.35582755471753835,0.10556434515985046,0.022659171539054737,0.08088915337004181
2023-06-28,0.05831381524691576,0.014644042524112997,0.12585722370979555,0.059624739870200075,0.04415027821931474,0.020965088957215987,0.03714561021486936,0.031546962004825055,0.025592487151035626,0.01721952731522931,1.284064362160416e-259,0.35582755471753835,0.10556434515985046,0.022659171539054737,0.08088915337004181
2023-06-29,0.05831381524691576,0.014644042524112997,0.12585722370979555,0.059624739870200075,0.04415027821931474,0.020965088957215987,0.03714561021486936,0.031546962004825055,0.025592487151035626,0.01721952731522931,1.284064362160416e-259,0.35582755471753835,0.10556434515985046,0.022659171539054737,0.08088915337004181
2023-06-30,0.05997839253243411,0.014574806365858888,0.12508105191499405,0.05931344146285267,0.045031769228279075,0.022118567494703104,0.030087442075250742,0.033541327245246666,0.02798198046432228,0.01757717221346645,1e-323,0.3448159078338789,0.11378704081815959,0.02224755851836704,0.08386354183218639
2023-07-03,0.05997839253243411,0.014574806365858888,0.12508105191499405,0.05931344146285267,0.045031769228279075,0.022118567494703104,0.030087442075250742,0.033541327245246666,0.02798198046432228,0.01757717221346645,1e-323,0.3448159078338789,0.11378704081815959,0.02224755851836704,0.08386354183218639
2023-07-04,0.05997839253243411,0.014574806365858888,0.12508105191499405,0.05931344146285267,0.045031769228279075,0.022118567494703104,0.030087442075250742,0.033541327245246666,0.02798198046432228,0.01757717221346645,1e-323,0.3448159078338789,0.11378704081815959,0.02224755851836704,0.08386354183218639
2023-07-05,0.05997839253243411,0.014574806365858888,0.12508105191499405,0.05931344146285267,0.045031769228279075,0.022118567494703104,0.030087442075250742,0.033541327245246666,0.02798198046432228,0.01757717221346645,1e-323,0.3448159078338789,0.11378704081815959,0.02224755851836704,0.08386354183218639
2023-07-06,0.05997839253243411,0.014574806365858888,0.12508105191499405,0.05931344146285267,0.045031769228279075,0.022118567494703104,0.030087442075250742,0.033541327245246666,0.02798198046432228,0.01757717221346645,1e-323,0.3448159078338789,0.11378704081815959,0.02224755851836704,0.08386354183218639
2023-07-07,0.05997839253243411,0.014574806365858888,0.12508105191499405,0.05931344146285267,0.045031769228279075,0.022118567494703104,0.030087442075250742,0.033541327245246666,0.02798198046432228,0.01757717221346645,1e-323,0.3448159078338789,0.11378704081815959,0.02224755851836704,0.08386354183218639
2023-07-10,0.05997839253243411,0.014574806365858888,0.12508105191499405,0.05931344146285267,0.045031769228279075,0.022118567494703104,0.030087442075250742,0.033541327245246666,0.02798198046432228,0.01757717221346645,1e-323,0.3448159078338789,0.11378704081815959,0.02224755851836704,0.08386354183218639
2023-07-11,0.05997839253243411,0.014574806365858888,0.12508105191499405,0.05931344146285267,0.045031769228279075,0.022118567494703104,0.030087442075250742,0.033541327245246666,0.02798198046432228,0.01757717221346645,1e-323,0.3448159078338789,0.11378704081815959,0.02224755851836704,0.08386354183218639
2023-07-12,0.05997839253243411,0.014574806365858888,0.12508105191499405,0.05931344146285267,0.045031769228279075,0.022118567494703104,0.030087442075250742,0.033541327245246666,0.02798198046432228,0.01757717221346645,1e-323,0.3448159078338789,0.11378704081815959,0.02224755851836704,0.08386354183218639
2023-07-13,0.05997839253243411,0.014574806365858888,0.12508105191499405,0.05931344146285267,0.045031769228279075,0.022118567494703104,0.030087442075250742,0.033541327245246666,0.02798198046432228,0.01757717221346645,1e-323,0.3448159078338789,0.11378704081815959,0.02224755851836704,0.08386354183218639
2023-07-14,0.05997839253243411,0.014574806365858888,0.12508105191499405,0.05931344146285267,0.045031769228279075,0.022118567494703104,0.030087442075250742,0.033541327245246666,0.02798198046432228,0.01757717221346645,1e-323,0.3448159078338789,0.11378704081815959,0.02224755851836704,0.08386354183218639
2023-07-17,0.05997839253243411,0.014574806365858888,0.12508105191499405,0.05931344146285267,0.045031769228279075,0.022118567494703104,0.030087442075250742,0.033541327245246666,0.02798198046432228,0.01757717221346645,1e-323,0.3448159078338789,0.11378704081815959,0.02224755851836704,0.08386354183218639
2023-07-18,0.05997839253243411,0.014574806365858888,0.12508105191499405,0.05931344146285267,0.045031769228279075,0.022118567494703104,0.030087442075250742,0.033541327245246666,0.02798198046432228,0.01757717221346645,1e-323,0.3448159078338789,0.11378704081815959,0.02224755851836704,0.08386354183218639
2023-07-19,0.05997839253243411,0.014574806365858888,0.12508105191499405,0.05931344146285267,0.045031769228279075,0.022118567494703104,0.030087442075250742,0.033541327245246666,0.02798198046432228,0.01757717221346645,1e-323,0.3448159078338789,0.11378704081815959,0.02224755851836704,0.08386354183218639
2023-07-20,0.05997839253243411,0.014574806365858888,0.12508105191499405,0.05931344146285267,0.045031769228279075,0.022118567494703104,0.030087442075250742,0.033541327245246666,0.02798198046432228,0.01757717221346645,1e-323,0.3448159078338789,0.11378704081815959,0.02224755851836704,0.08386354183218639
2023-07-21,0.05997839253243411,0.014574806365858888,0.12508105191499405,0.05931344146285267,0.045031769228279075,0.022118567494703104,0.030087442075250742,0.033541327245246666,0.02798198046432228,0.01757717221346645,1e-323,0.3448159078338789,0.11378704081815959,0.02224755851836704,0.08386354183218639
2023-07-24,0.05997839253243411,0.014574806365858888,0.12508105191499405,0.05931344146285267,0.045031769228279075,0.022118567494703104,0.030087442075250742,0.033541327245246666,0.02798198046432228,0.01757717221346645,1e-323,0.3448159078338789,0.11378704081815959,0.02224755851836704,0.08386354183218639
2023-07-25,0.05997839253243411,0.014574806365858888,0.12508105191499405,0.05931344146285267,0.045031769228279075,0.022118567494703104,0.030087442075250742,0.033541327245246666,0.02798198046432228,0.01757717221346645,1e-323,0.3448159078338789,0.11378704081815959,0.02224755851836704,0.08386354183218639
2023-07-26,0.05997839253243411,0.014574806365858888,0.12508105191499405,0.05931344146285267,0.045031769228279075,0.022118567494703104,0.030087442075250742,0.033541327245246666,0.02798198046432228,0.01757717221346645,1e-323,0.3448159078338789,0.11378704081815959,0.02224755851836704,0.08386354183218639
2023-07-27,0.05997839253243411,0.014574806365858888,0.12508105191499405,0.05931344146285267,0.045031769228279075,0.022118567494703104,0.030087442075250742,0.033541327245246666,0.02798198046432228,0.01757717221346645,1e-323,0.3448159078338789,0.11378704081815959,0.02224755851836704,0.08386354183218639
2023-07-28,0.05997839253243411,0.014574806365858888,0.12508105191499405,0.05931344146285267,0.045031769228279075,0.022118567494703104,0.030087442075250742,0.033541327245246666,0.02798198046432228,0.01757717221346645,1e-323,0.3448159078338789,0.11378704081815959,0.02224755851836704,0.08386354183218639
2023-07-31,0.04964014921234818,0.014865357581987416,0.08958600584739787,0.08390494027259647,0.052980183813166236,0.020988160232888516,0.026566540488073866,0.03647008557982724,0.02848681995006433,0.018105411076413863,1e-323,0.3739710007425386,0.0952488545315148,0.021034159681681285,0.08815233098950137
2023-08-01,0.04964014921234818,0.014865357581987416,0.08958600584739787,0.08390494027259647,0.052980183813166236,0.020988160232888516,0.026566540488073866,0.03647008557982724,0.02848681995006433,0.018105411076413863,1e-323,0.3739710007425386,0.0952488545315148,0.021034159681681285,0.08815233098950137
2023-08-02,0.04964014921234818,0.014865357581987416,0.08958600584739787,0.08390494027259647,0.052980183813166236,0.020988160232888516,0.026566540488073866,0.03647008557982724,0.02848681995006433,0.018105411076413863,1e-323,0.3739710007425386,0.0952488545315148,0.021034159681681285,0.08815233098950137
2023-08-03,0.04964014921234818,0.014865357581987416,0.08958600584739787,0.08390494027259647,0.052980183813166236,0.020988160232888516,0.026566540488073866,0.03647008557982724,0.02848681995006433,0.018105411076413863,1e-323,0.3739710007425386,0.0952488545315148,0.021034159681681285,0.08815233098950137
2023-08-04,0.04964014921234818,0.014865357581987416,0.08958600584739787,0.08390494027259647,0.052980183813166236,0.020988160232888516,0.026566540488073866,0.03647008557982724,0.02848681995006433,0.018105411076413863,1e-323,0.3739710007425386,0.0952488545315148,0.021034159681681285,0.08815233098950137
2023-08-07,0.04964014921234818,0.014865357581987416,0.08958600584739787,0.08390494027259647,0.052980183813166236,0.020988160232888516,0.026566540488073866,0.03647008557982724,0.02848681995006433,0.018105411076413863,1e-323,0.3739710007425386,0.0952488545315148,0.021034159681681285,0.08815233098950137
2023-08-08,0.04964014921234818,0.014865357581987416,0.08958600584739787,0.08390494027259647,0.052980183813166236,0.020988160232888516,0.026566540488073866,0.03647008557982724,0.02848681995006433,0.018105411076413863,1e-323,0.3739710007425386,0.0952488545315148,0.021034159681681285,0.08815233098950137
2023-08-09,0.04964014921234818,0.014865357581987416,0.08958600584739787,0.08390494027259647,0.052980183813166236,0.020988160232888516,0.026566540488073866,0.03647008557982724,0.02848681995006433,0.018105411076413863,1e-323,0.3739710007425386,0.0952488545315148,0.021034159681681285,0.08815233098950137
2023-08-10,0.04964014921234818,0.014865357581987416,0.08958600584739787,0.08390494027259647,0.052980183813166236,0.020988160232888516,0.026566540488073866,0.03647008557982724,0.02848681995006433,0.018105411076413863,1e-323,0.3739710007425386,0.0952488545315148,0.021034159681681285,0.08815233098950137
2023-08-11,0.04964014921234818,0.014865357581987416,0.08958600584739787,0.08390494027259647,0.052980183813166236,0.020988160232888516,0.026566540488073866,0.03647008557982724,0.02848681995006433,0.018105411076413863,1e-323,0.3739710007425386,0.0952488545315148,0.021034159681681285,0.08815233098950137
2023-08-14,0.04964014921234818,0.014865357581987416,0.08958600584739787,0.08390494027259647,0.052980183813166236,0.020988160232888516,0.026566540488073866,0.03647008557982724,0.02848681995006433,0.018105411076413863,1e-323,0.3739710007425386,0.0952488545315148,0.021034159681681285,0.08815233098950137
2023-08-15,0.04964014921234818,0.014865357581987416,0.08958600584739787,0.08390494027259647,0.052980183813166236,0.020988160232888516,0.026566540488073866,0.03647008557982724,0.02848681995006433,0.018105411076413863,1e-323,0.3739710007425386,0.0952488545315148,0.021034159681681285,0.08815233098950137
2023-08-16,0.04964014921234818,0.014865357581987416,0.08958600584739787,0.08390494027259647,0.052980183813166236,0.020988160232888516,0.026566540488073866,0.03647008557982724,0.02848681995006433,0.018105411076413863,1e-323,0.3739710007425386,0.0952488545315148,0.021034159681681285,0.08815233098950137
2023-08-17,0.04964014921234818,0.014865357581987416,0.08958600584739787,0.08390494027259647,0.052980183813166236,0.020988160232888516,0.026566540488073866,0.03647008557982724,0.02848681995006433,0.018105411076413863,1e-323,0.3739710007425386,0.0952488545315148,0.021034159681681285,0.08815233098950137
2023-08-18,0.04964014921234818,0.014865357581987416,0.08958600584739787,0.08390494027259647,0.052980183813166236,0.020988160232888516,0.026566540488073866,0.03647008557982724,0.02848681995006433,0.018105411076413863,1e-323,0.3739710007425386,0.0952488545315148,0.021034159681681285,0.08815233098950137
2023-08-21,0.04964014921234818,0.014865357581987416,0.08958600584739787,0.08390494027259647,0.052980183813166236,0.020988160232888516,0.026566540488073866,0.03647008557982724,0.02848681995006433,0.018105411076413863,1e-323,0.3739710007425386,0.0952488545315148,0.021034159681681285,0.08815233098950137
2023-08-22,0.04964014921234818,0.014865357581987416,0.08958600584739787,0.08390494027259647,0.052980183813166236,0.020988160232888516,0.026566540488073866,0.03647008557982724,0.02848681995006433,0.018105411076413863,1e-323,0.3739710007425386,0.0952488545315148,0.021034159681681285,0.08815233098950137
2023-08-23,0.04964014921234818,0.014865357581987416,0.08958600584739787,0.08390494027259647,0.052980183813166236,0.020988160232888516,0.026566540488073866,0.03647008557982724,0.02848681995006433,0.018105411076413863,1e-323,0.3739710007425386,0.0952488545315148,0.021034159681681285,0.08815233098950137
2023-08-24,0.04964014921234818,0.014865357581987416,0.08958600584739787,0.08390494027259647,0.052980183813166236,0.020988160232888516,0.026566540488073866,0.03647008557982724,0.02848681995006433,0.018105411076413863,1e-323,0.3739710007425386,0.0952488545315148,0.021034159681681285,0.08815233098950137
2023-08-25,0.04964014921234818,0.014865357581987416,0.08958600584739787,0.08390494027259647,0.052980183813166236,0.020988160232888516,0.026566540488073866,0.03647008557982724,0.02848681995006433,0.018105411076413863,1e-323,0.3739710007425386,0.0952488545315148,0.021034159681681285,0.08815233098950137
2023-08-28,0.04964014921234818,0.014865357581987416,0.08958600584739787,0.08390494027259647,0.052980183813166236,0.020988160232888516,0.026566540488073866,0.03647008557982724,0.02848681995006433,0.018105411076413863,1e-323,0.3739710007425386,0.0952488545315148,0.021034159681681285,0.08815233098950137
2023-08-29,0.04964014921234818,0.014865357581987416,0.08958600584739787,0.08390494027259647,0.052980183813166236,0.020988160232888516,0.026566540488073866,0.03647008557982724,0.02848681995006433,0.018105411076413863,1e-323,0.3739710007425386,0.0952488545315148,0.021034159681681285,0.08815233098950137
2023-08-30,0.04964014921234818,0.014865357581987416,0.08958600584739787,0.08390494027259647,0.052980183813166236,0.020988160232888516,0.026566540488073866,0.03647008557982724,0.02848681995006433,0.018105411076413863,1e-323,0.3739710007425386,0.0952488545315148,0.021034159681681285,0.08815233098950137
2023-08-31,0.0745274342902298,0.021717697431721354,0.10376784701111835,0.11767503178155907,0.08342828664768999,0.02523880236639853,0.02954474748438576,0.04718043921496151,0.03268866177850323,0.02776539105281196,0.1504726852248196,0.13872606945271707,0.08286374727691412,0.027064527952304948,0.03733863103386475
2023-09-01,0.0745274342902298,0.021717697431721354,0.10376784701111835,0.11767503178155907,0.08342828664768999,0.02523880236639853,0.02954474748438576,0.04718043921496151,0.03268866177850323,0.02776539105281196,0.1504726852248196,0.13872606945271707,0.08286374727691412,0.027064527952304948,0.03733863103386475
2023-09-04,0.0745274342902298,0.021717697431721354,0.10376784701111835,0.11767503178155907,0.08342828664768999,0.02523880236639853,0.02954474748438576,0.04718043921496151,0.03268866177850323,0.02776539105281196,0.1504726852248196,0.13872606945271707,0.08286374727691412,0.027064527952304948,0.03733863103386475
2023-09-05,0.0745274342902298,0.021717697431721354,0.10376784701111835,0.11767503178155907,0.08342828664768999,0.02523880236639853,0.02954474748438576,0.04718043921496151,0.03268866177850323,0.02776539105281196,0.1504726852248196,0.13872606945271707,0.08286374727691412,0.027064527952304948,0.03733863103386475
2023-09-06,0.0745274342902298,0.021717697431721354,0.10376784701111835,0.11767503178155907,0.08342828664768999,0.02523880236639853,0.02954474748438576,0.04718043921496151,0.03268866177850323,0.02776539105281196,0.1504726852248196,0.13872606945271707,0.08286374727691412,0.027064527952304948,0.03733863103386475
2023-09-07,0.0745274342902298,0.021717697431721354,0.10376784701111835,0.11767503178155907,0.08342828664768999,0.02523880236639853,0.02954474748438576,0.04718043921496151,0.03268866177850323,0.02776539105281196,0.1504726852248196,0.13872606945271707,0.08286374727691412,0.027064527952304948,0.03733863103386475
2023-09-08,0.0745274342902298,0.021717697431721354,0.10376784701111835,0.11767503178155907,0.08342828664768999,0.02523880236639853,0.02954474748438576,0.04718043921496151,0.03268866177850323,0.02776539105281196,0.1504726852248196,0.13872606945271707,0.08286374727691412,0.027064527952304948,0.03733863103386475
2023-09-11,0.0745274342902298,0.021717697431721354,0.10376784701111835,0.11767503178155907,0.08342828664768999,0.02523880236639853,0.02954474748438576,0.04718043921496151,0.03268866177850323,0.02776539105281196,0.1504726852248196,0.13872606945271707,0.08286374727691412,0.027064527952304948,0.03733863103386475
2023-09-12,0.0745274342902298,0.021717697431721354,0.10376784701111835,0.11767503178155907,0.08342828664768999,0.02523880236639853,0.02954474748438576,0.04718043921496151,0.03268866177850323,0.02776539105281196,0.1504726852248196,0.13872606945271707,0.08286374727691412,0.027064527952304948,0.03733863103386475
2023-09-13,0.0745274342902298,0.021717697431721354,0.10376784701111835,0.11767503178155907,0.08342828664768999,0.02523880236639853,0.02954474748438576,0.04718043921496151,0.03268866177850323,0.02776539105281196,0.1504726852248196,0.13872606945271707,0.08286374727691412,0.027064527952304948,0.03733863103386475
2023-09-14,0.0745274342902298,0.021717697431721354,0.10376784701111835,0.11767503178155907,0.08342828664768999,0.02523880236639853,0.02954474748438576,0.04718043921496151,0.03268866177850323,0.02776539105281196,0.1504726852248196,0.13872606945271707,0.08286374727691412,0.027064527952304948,0.03733863103386475
2023-09-15,0.0745274342902298,0.021717697431721354,0.10376784701111835,0.11767503178155907,0.08342828664768999,0.02523880236639853,0.02954474748438576,0.04718043921496151,0.03268866177850323,0.02776539105281196,0.1504726852248196,0.13872606945271707,0.08286374727691412,0.027064527952304948,0.03733863103386475
2023-09-18,0.0745274342902298,0.021717697431721354,0.10376784701111835,0.11767503178155907,0.08342828664768999,0.02523880236639853,0.02954474748438576,0.04718043921496151,0.03268866177850323,0.02776539105281196,0.1504726852248196,0.13872606945271707,0.08286374727691412,0.027064527952304948,0.03733863103386475
2023-09-19,0.0745274342902298,0.021717697431721354,0.10376784701111835,0.11767503178155907,0.08342828664768999,0.02523880236639853,0.02954474748438576,0.04718043921496151,0.03268866177850323,0.02776539105281196,0.1504726852248196,0.13872606945271707,0.08286374727691412,0.027064527952304948,0.03733863103386475
2023-09-20,0.0745274342902298,0.021717697431721354,0.10376784701111835,0.11767503178155907,0.08342828664768999,0.02523880236639853,0.02954474748438576,0.04718043921496151,0.03268866177850323,0.02776539105281196,0.1504726852248196,0.13872606945271707,0.08286374727691412,0.027064527952304948,0.03733863103386475
2023-09-21,0.0745274342902298,0.021717697431721354,0.10376784701111835,0.11767503178155907,0.08342828664768999,0.02523880236639853,0.02954474748438576,0.04718043921496151,0.03268866177850323,0.02776539105281196,0.1504726852248196,0.13872606945271707,0.08286374727691412,0.027064527952304948,0.03733863103386475
2023-09-22,0.0745274342902298,0.021717697431721354,0.10376784701111835,0.11767503178155907,0.08342828664768999,0.02523880236639853,0.02954474748438576,0.04718043921496151,0.03268866177850323,0.02776539105281196,0.1504726852248196,0.13872606945271707,0.08286374727691412,0.027064527952304948,0.03733863103386475
2023-09-25,0.0745274342902298,0.021717697431721354,0.10376784701111835,0.11767503178155907,0.08342828664768999,0.02523880236639853,0.02954474748438576,0.04718043921496151,0.03268866177850323,0.02776539105281196,0.1504726852248196,0.13872606945271707,0.08286374727691412,0.027064527952304948,0.03733863103386475
2023-09-26,0.0745274342902298,0.021717697431721354,0.10376784701111835,0.11767503178155907,0.08342828664768999,0.02523880236639853,0.02954474748438576,0.04718043921496151,0.03268866177850323,0.02776539105281196,0.1504726852248196,0.13872606945271707,0.08286374727691412,0.027064527952304948,0.03733863103386475
2023-09-27,0.0745274342902298,0.021717697431721354,0.10376784701111835,0.11767503178155907,0.08342828664768999,0.02523880236639853,0.02954474748438576,0.04718043921496151,0.03268866177850323,0.02776539105281196,0.1504726852248196,0.13872606945271707,0.08286374727691412,0.027064527952304948,0.03733863103386475
2023-09-28,0.0745274342902298,0.021717697431721354,0.10376784701111835,0.11767503178155907,0.08342828664768999,0.02523880236639853,0.02954474748438576,0.04718043921496151,0.03268866177850323,0.02776539105281196,0.1504726852248196,0.13872606945271707,0.08286374727691412,0.027064527952304948,0.03733863103386475
2023-09-29,0.05686556674801823,0.015429535142325963,0.10193798527841823,0.06855061723956155,0.0520038490487783,0.016198110364508047,0.017832802191190992,0.03263821918476837,0.021522792568705804,0.017105315370900383,1e-323,0.4281394776629659,0.07411495752196225,0.022612660314812648,0.07504811136308336
2023-10-02,0.05686556674801823,0.015429535142325963,0.10193798527841823,0.06855061723956155,0.0520038490487783,0.016198110364508047,0.017832802191190992,0.03263821918476837,0.021522792568705804,0.017105315370900383,1e-323,0.4281394776629659,0.07411495752196225,0.022612660314812648,0.07504811136308336
2023-10-03,0.05686556674801823,0.015429535142325963,0.10193798527841823,0.06855061723956155,0.0520038490487783,0.016198110364508047,0.017832802191190992,0.03263821918476837,0.021522792568705804,0.017105315370900383,1e-323,0.4281394776629659,0.07411495752196225,0.022612660314812648,0.07504811136308336
2023-10-04,0.05686556674801823,0.015429535142325963,0.10193798527841823,0.06855061723956155,0.0520038490487783,0.016198110364508047,0.017832802191190992,0.03263821918476837,0.021522792568705804,0.017105315370900383,1e-323,0.4281394776629659,0.07411495752196225,0.022612660314812648,0.07504811136308336
2023-10-05,0.05686556674801823,0.015429535142325963,0.10193798527841823,0.06855061723956155,0.0520038490487783,0.016198110364508047,0.017832802191190992,0.03263821918476837,0.021522792568705804,0.017105315370900383,1e-323,0.4281394776629659,0.07411495752196225,0.022612660314812648,0.07504811136308336
2023-10-06,0.05686556674801823,0.015429535142325963,0.10193798527841823,0.06855061723956155,0.0520038490487783,0.016198110364508047,0.017832802191190992,0.03263821918476837,0.021522792568705804,0.017105315370900383,1e-323,0.4281394776629659,0.07411495752196225,0.022612660314812648,0.07504811136308336
2023-10-09,0.05686556674801823,0.015429535142325963,0.10193798527841823,0.06855061723956155,0.0520038490487783,0.016198110364508047,0.017832802191190992,0.03263821918476837,0.021522792568705804,0.017105315370900383,1e-323,0.4281394776629659,0.07411495752196225,0.022612660314812648,0.07504811136308336
2023-10-10,0.05686556674801823,0.015429535142325963,0.10193798527841823,0.06855061723956155,0.0520038490487783,0.016198110364508047,0.017832802191190992,0.03263821918476837,0.021522792568705804,0.017105315370900383,1e-323,0.4281394776629659,0.07411495752196225,0.022612660314812648,0.07504811136308336
2023-10-11,0.05686556674801823,0.015429535142325963,0.10193798527841823,0.06855061723956155,0.0520038490487783,0.016198110364508047,0.017832802191190992,0.03263821918476837,0.021522792568705804,0.017105315370900383,1e-323,0.4281394776629659,0.07411495752196225,0.022612660314812648,0.07504811136308336
2023-10-12,0.05686556674801823,0.015429535142325963,0.10193798527841823,0.06855061723956155,0.0520038490487783,0.016198110364508047,0.017832802191190992,0.03263821918476837,0.021522792568705804,0.017105315370900383,1e-323,0.4281394776629659,0.07411495752196225,0.022612660314812648,0.07504811136308336
2023-10-13,0.05686556674801823,0.015429535142325963,0.10193798527841823,0.06855061723956155,0.0520038490487783,0.016198110364508047,0.017832802191190992,0.03263821918476837,0.021522792568705804,0.017105315370900383,1e-323,0.4281394776629659,0.07411495752196225,0.022612660314812648,0.07504811136308336
2023-10-16,0.05686556674801823,0.015429535142325963,0.10193798527841823,0.06855061723956155,0.0520038490487783,0.016198110364508047,0.017832802191190992,0.03263821918476837,0.021522792568705804,0.017105315370900383,1e-323,0.4281394776629659,0.07411495752196225,0.022612660314812648,0.07504811136308336
2023-10-17,0.05686556674801823,0.015429535142325963,0.10193798527841823,0.06855061723956155,0.0520038490487783,0.016198110364508047,0.017832802191190992,0.03263821918476837,0.021522792568705804,0.017105315370900383,1e-323,0.4281394776629659,0.07411495752196225,0.022612660314812648,0.07504811136308336
2023-10-18,0.05686556674801823,0.015429535142325963,0.10193798527841823,0.06855061723956155,0.0520038490487783,0.016198110364508047,0.017832802191190992,0.03263821918476837,0.021522792568705804,0.017105315370900383,1e-323,0.4281394776629659,0.07411495752196225,0.022612660314812648,0.07504811136308336
2023-10-19,0.05686556674801823,0.015429535142325963,0.10193798527841823,0.06855061723956155,0.0520038490487783,0.016198110364508047,0.017832802191190992,0.03263821918476837,0.021522792568705804,0.017105315370900383,1e-323,0.4281394776629659,0.07411495752196225,0.022612660314812648,0.07504811136308336
2023-10-20,0.05686556674801823,0.015429535142325963,0.10193798527841823,0.06855061723956155,0.0520038490487783,0.016198110364508047,0.017832802191190992,0.03263821918476837,0.021522792568705804,0.017105315370900383,1e-323,0.4281394776629659,0.07411495752196225,0.022612660314812648,0.07504811136308336
2023-10-23,0.05686556674801823,0.015429535142325963,0.10193798527841823,0.06855061723956155,0.0520038490487783,0.016198110364508047,0.017832802191190992,0.03263821918476837,0.021522792568705804,0.017105315370900383,1e-323,0.4281394776629659,0.07411495752196225,0.022612660314812648,0.07504811136308336
2023-10-24,0.05686556674801823,0.015429535142325963,0.10193798527841823,0.06855061723956155,0.0520038490487783,0.016198110364508047,0.017832802191190992,0.03263821918476837,0.021522792568705804,0.017105315370900383,1e-323,0.4281394776629659,0.07411495752196225,0.022612660314812648,0.07504811136308336
2023-10-25,0.05686556674801823,0.015429535142325963,0.10193798527841823,0.06855061723956155,0.0520038490487783,0.016198110364508047,0.017832802191190992,0.03263821918476837,0.021522792568705804,0.017105315370900383,1e-323,0.4281394776629659,0.07411495752196225,0.022612660314812648,0.07504811136308336
2023-10-26,0.05686556674801823,0.015429535142325963,0.10193798527841823,0.06855061723956155,0.0520038490487783,0.016198110364508047,0.017832802191190992,0.03263821918476837,0.021522792568705804,0.017105315370900383,1e-323,0.4281394776629659,0.07411495752196225,0.022612660314812648,0.07504811136308336
2023-10-27,0.05686556674801823,0.015429535142325963,0.10193798527841823,0.06855061723956155,0.0520038490487783,0.016198110364508047,0.017832802191190992,0.03263821918476837,0.021522792568705804,0.017105315370900383,1e-323,0.4281394776629659,0.07411495752196225,0.022612660314812648,0.07504811136308336
2023-10-30,0.05686556674801823,0.015429535142325963,0.10193798527841823,0.06855061723956155,0.0520038490487783,0.016198110364508047,0.017832802191190992,0.03263821918476837,0.021522792568705804,0.017105315370900383,1e-323,0.4281394776629659,0.07411495752196225,0.022612660314812648,0.07504811136308336
2023-10-31,0.09055870479142429,0.018436918935954415,0.04936070473468399,0.040815517424318666,0.04138435484064739,0.018285339481819495,0.013046259631457054,0.03231095372599938,0.023154594105473932,0.016524165071560095,0.43546238406701215,2.9451270129141966e-269,0.1357968965409918,0.023703744240595088,0.061159462408062096
2023-11-01,0.09055870479142429,0.018436918935954415,0.04936070473468399,0.040815517424318666,0.04138435484064739,0.018285339481819495,0.013046259631457054,0.03231095372599938,0.023154594105473932,0.016524165071560095,0.43546238406701215,2.9451270129141966e-269,0.1357968965409918,0.023703744240595088,0.061159462408062096
2023-11-02,0.09055870479142429,0.018436918935954415,0.04936070473468399,0.040815517424318666,0.04138435484064739,0.018285339481819495,0.013046259631457054,0.03231095372599938,0.023154594105473932,0.016524165071560095,0.43546238406701215,2.9451270129141966e-269,0.1357968965409918,0.023703744240595088,0.061159462408062096
2023-11-03,0.09055870479142429,0.018436918935954415,0.04936070473468399,0.040815517424318666,0.04138435484064739,0.018285339481819495,0.013046259631457054,0.03231095372599938,0.023154594105473932,0.016524165071560095,0.43546238406701215,2.9451270129141966e-269,0.1357968965409918,0.023703744240595088,0.061159462408062096
2023-11-06,0.09055870479142429,0.018436918935954415,0.04936070473468399,0.040815517424318666,0.04138435484064739,0.018285339481819495,0.013046259631457054,0.03231095372599938,0.023154594105473932,0.016524165071560095,0.43546238406701215,2.9451270129141966e-269,0.1357968965409918,0.023703744240595088,0.061159462408062096
2023-11-07,0.09055870479142429,0.018436918935954415,0.04936070473468399,0.040815517424318666,0.04138435484064739,0.018285339481819495,0.013046259631457054,0.03231095372599938,0.023154594105473932,0.016524165071560095,0.43546238406701215,2.9451270129141966e-269,0.1357968965409918,0.023703744240595088,0.061159462408062096
2023-11-08,0.09055870479142429,0.018436918935954415,0.04936070473468399,0.040815517424318666,0.04138435484064739,0.018285339481819495,0.013046259631457054,0.03231095372599938,0.023154594105473932,0.016524165071560095,0.43546238406701215,2.9451270129141966e-269,0.1357968965409918,0.023703744240595088,0.061159462408062096
2023-11-09,0.09055870479142429,0.018436918935954415,0.04936070473468399,0.040815517424318666,0.04138435484064739,0.018285339481819495,0.013046259631457054,0.03231095372599938,0.023154594105473932,0.016524165071560095,0.43546238406701215,2.9451270129141966e-269,0.1357968965409918,0.023703744240595088,0.061159462408062096
2023-11-10,0.09055870479142429,0.018436918935954415,0.04936070473468399,0.040815517424318666,0.04138435484064739,0.018285339481819495,0.013046259631457054,0.03231095372599938,0.023154594105473932,0.016524165071560095,0.43546238406701215,2.9451270129141966e-269,0.1357968965409918,0.023703744240595088,0.061159462408062096
2023-11-13,0.09055870479142429,0.018436918935954415,0.04936070473468399,0.040815517424318666,0.04138435484064739,0.018285339481819495,0.013046259631457054,0.03231095372599938,0.023154594105473932,0.016524165071560095,0.43546238406701215,2.9451270129141966e-269,0.1357968965409918,0.023703744240595088,0.061159462408062096
2023-11-14,0.09055870479142429,0.018436918935954415,0.04936070473468399,0.040815517424318666,0.04138435484064739,0.018285339481819495,0.013046259631457054,0.03231095372599938,0.023154594105473932,0.016524165071560095,0.43546238406701215,2.9451270129141966e-269,0.1357968965409918,0.023703744240595088,0.061159462408062096
2023-11-15,0.09055870479142429,0.018436918935954415,0.04936070473468399,0.040815517424318666,0.04138435484064739,0.018285339481819495,0.013046259631457054,0.03231095372599938,0.023154594105473932,0.016524165071560095,0.43546238406701215,2.9451270129141966e-269,0.1357968965409918,0.023703744240595088,0.061159462408062096
2023-11-16,0.09055870479142429,0.018436918935954415,0.04936070473468399,0.040815517424318666,0.04138435484064739,0.018285339481819495,0.013046259631457054,0.03231095372599938,0.023154594105473932,0.016524165071560095,0.43546238406701215,2.9451270129141966e-269,0.1357968965409918,0.023703744240595088,0.061159462408062096
2023-11-17,0.09055870479142429,0.018436918935954415,0.04936070473468399,0.040815517424318666,0.04138435484064739,0.018285339481819495,0.013046259631457054,0.03231095372599938,0.023154594105473932,0.016524165071560095,0.43546238406701215,2.9451270129141966e-269,0.1357968965409918,0.023703744240595088,0.061159462408062096
2023-11-20,0.09055870479142429,0.018436918935954415,0.04936070473468399,0.040815517424318666,0.04138435484064739,0.018285339481819495,0.013046259631457054,0.03231095372599938,0.023154594105473932,0.016524165071560095,0.43546238406701215,2.9451270129141966e-269,0.1357968965409918,0.023703744240595088,0.061159462408062096
2023-11-21,0.09055870479142429,0.018436918935954415,0.04936070473468399,0.040815517424318666,0.04138435484064739,0.018285339481819495,0.013046259631457054,0.03231095372599938,0.023154594105473932,0.016524165071560095,0.43546238406701215,2.9451270129141966e-269,0.1357968965409918,0.023703744240595088,0.061159462408062096
2023-11-22,0.09055870479142429,0.018436918935954415,0.04936070473468399,0.040815517424318666,0.04138435484064739,0.018285339481819495,0.013046259631457054,0.03231095372599938,0.023154594105473932,0.016524165071560095,0.43546238406701215,2.9451270129141966e-269,0.1357968965409918,0.023703744240595088,0.061159462408062096
2023-11-23,0.09055870479142429,0.018436918935954415,0.04936070473468399,0.040815517424318666,0.04138435484064739,0.018285339481819495,0.013046259631457054,0.03231095372599938,0.023154594105473932,0.016524165071560095,0.43546238406701215,2.9451270129141966e-269,0.1357968965409918,0.023703744240595088,0.061159462408062096
2023-11-24,0.09055870479142429,0.018436918935954415,0.04936070473468399,0.040815517424318666,0.04138435484064739,0.018285339481819495,0.013046259631457054,0.03231095372599938,0.023154594105473932,0.016524165071560095,0.43546238406701215,2.9451270129141966e-269,0.1357968965409918,0.023703744240595088,0.061159462408062096
2023-11-27,0.09055870479142429,0.018436918935954415,0.04936070473468399,0.040815517424318666,0.04138435484064739,0.018285339481819495,0.013046259631457054,0.03231095372599938,0.023154594105473932,0.016524165071560095,0.43546238406701215,2.9451270129141966e-269,0.1357968965409918,0.023703744240595088,0.061159462408062096
2023-11-28,0.09055870479142429,0.018436918935954415,0.04936070473468399,0.040815517424318666,0.04138435484064739,0.018285339481819495,0.013046259631457054,0.03231095372599938,0.023154594105473932,0.016524165071560095,0.43546238406701215,2.9451270129141966e-269,0.1357968965409918,0.023703744240595088,0.061159462408062096
2023-11-29,0.09055870479142429,0.018436918935954415,0.04936070473468399,0.040815517424318666,0.04138435484064739,0.018285339481819495,0.013046259631457054,0.03231095372599938,0.023154594105473932,0.016524165071560095,0.43546238406701215,2.9451270129141966e-269,0.1357968965409918,0.023703744240595088,0.061159462408062096
2023-11-30,0.07979121791719469,0.018542660772188843,0.04824956092779419,0.05151555408411507,0.046190460679705676,0.02054848151633684,0.0138793550663547,0.04004989183711375,0.025157084272725734,0.01736776138625532,0.32142445097330047,0.0671320015229828,0.1743632405952075,0.01791360279202317,0.05787467565670136
2023-12-01,0.07979121791719469,0.018542660772188843,0.04824956092779419,0.05151555408411507,0.046190460679705676,0.02054848151633684,0.0138793550663547,0.04004989183711375,0.025157084272725734,0.01736776138625532,0.32142445097330047,0.0671320015229828,0.1743632405952075,0.01791360279202317,0.05787467565670136
2023-12-04,0.07979121791719469,0.018542660772188843,0.04824956092779419,0.05151555408411507,0.046190460679705676,0.02054848151633684,0.0138793550663547,0.04004989183711375,0.025157084272725734,0.01736776138625532,0.32142445097330047,0.0671320015229828,0.1743632405952075,0.01791360279202317,0.05787467565670136
2023-12-05,0.07979121791719469,0.018542660772188843,0.04824956092779419,0.05151555408411507,0.046190460679705676,0.02054848151633684,0.0138793550663547,0.04004989183711375,0.025157084272725734,0.01736776138625532,0.32142445097330047,0.0671320015229828,0.1743632405952075,0.01791360279202317,0.05787467565670136
2023-12-06,0.07979121791719469,0.018542660772188843,0.04824956092779419,0.05151555408411507,0.046190460679705676,0.02054848151633684,0.0138793550663547,0.04004989183711375,0.025157084272725734,0.01736776138625532,0.32142445097330047,0.0671320015229828,0.1743632405952075,0.01791360279202317,0.05787467565670136
2023-12-07,0.07979121791719469,0.018542660772188843,0.04824956092779419,0.05151555408411507,0.046190460679705676,0.02054848151633684,0.0138793550663547,0.04004989183711375,0.025157084272725734,0.01736776138625532,0.32142445097330047,0.0671320015229828,0.1743632405952075,0.01791360279202317,0.05787467565670136
2023-12-08,0.07979121791719469,0.018542660772188843,0.04824956092779419,0.05151555408411507,0.046190460679705676,0.02054848151633684,0.0138793550663547,0.04004989183711375,0.025157084272725734,0.01736776138625532,0.32142445097330047,0.0671320015229828,0.1743632405952075,0.01791360279202317,0.05787467565670136
2023-12-11,0.07979121791719469,0.018542660772188843,0.04824956092779419,0.05151555408411507,0.046190460679705676,0.02054848151633684,0.0138793550663547,0.04004989183711375,0.025157084272725734,0.01736776138625532,0.32142445097330047,0.0671320015229828,0.1743632405952075,0.01791360279202317,0.05787467565670136
2023-12-12,0.07979121791719469,0.018542660772188843,0.04824956092779419,0.05151555408411507,0.046190460679705676,0.02054848151633684,0.0138793550663547,0.04004989183711375,0.025157084272725734,0.01736776138625532,0.32142445097330047,0.0671320015229828,0.1743632405952075,0.01791360279202317,0.05787467565670136
2023-12-13,0.07979121791719469,0.018542660772188843,0.04824956092779419,0.05151555408411507,0.046190460679705676,0.02054848151633684,0.0138793550663547,0.04004989183711375,0.025157084272725734,0.01736776138625532,0.32142445097330047,0.0671320015229828,0.1743632405952075,0.01791360279202317,0.05787467565670136
2023-12-14,0.07979121791719469,0.018542660772188843,0.04824956092779419,0.05151555408411507,0.046190460679705676,0.02054848151633684,0.0138793550663547,0.04004989183711375,0.025157084272725734,0.01736776138625532,0.32142445097330047,0.0671320015229828,0.1743632405952075,0.01791360279202317,0.05787467565670136
2023-12-15,0.07979121791719469,0.018542660772188843,0.04824956092779419,0.05151555408411507,0.046190460679705676,0.02054848151633684,0.0138793550663547,0.04004989183711375,0.025157084272725734,0.01736776138625532,0.32142445097330047,0.0671320015229828,0.1743632405952075,0.01791360279202317,0.05787467565670136
2023-12-18,0.07979121791719469,0.018542660772188843,0.04824956092779419,0.05151555408411507,0.046190460679705676,0.02054848151633684,0.0138793550663547,0.04004989183711375,0.025157084272725734,0.01736776138625532,0.32142445097330047,0.0671320015229828,0.1743632405952075,0.01791360279202317,0.05787467565670136
2023-12-19,0.07979121791719469,0.018542660772188843,0.04824956092779419,0.05151555408411507,0.046190460679705676,0.02054848151633684,0.0138793550663547,0.04004989183711375,0.025157084272725734,0.01736776138625532,0.32142445097330047,0.0671320015229828,0.1743632405952075,0.01791360279202317,0.05787467565670136
2023-12-20,0.07979121791719469,0.018542660772188843,0.04824956092779419,0.05151555408411507,0.046190460679705676,0.02054848151633684,0.0138793550663547,0.04004989183711375,0.025157084272725734,0.01736776138625532,0.32142445097330047,0.0671320015229828,0.1743632405952075,0.01791360279202317,0.05787467565670136
2023-12-21,0.07979121791719469,0.018542660772188843,0.04824956092779419,0.05151555408411507,0.046190460679705676,0.02054848151633684,0.0138793550663547,0.04004989183711375,0.025157084272725734,0.01736776138625532,0.32142445097330047,0.0671320015229828,0.1743632405952075,0.01791360279202317,0.05787467565670136
2023-12-22,0.07979121791719469,0.018542660772188843,0.04824956092779419,0.05151555408411507,0.046190460679705676,0.02054848151633684,0.0138793550663547,0.04004989183711375,0.025157084272725734,0.01736776138625532,0.32142445097330047,0.0671320015229828,0.1743632405952075,0.01791360279202317,0.05787467565670136
2023-12-25,0.07979121791719469,0.018542660772188843,0.04824956092779419,0.05151555408411507,0.046190460679705676,0.02054848151633684,0.0138793550663547,0.04004989183711375,0.025157084272725734,0.01736776138625532,0.32142445097330047,0.0671320015229828,0.1743632405952075,0.01791360279202317,0.05787467565670136
2023-12-26,0.07979121791719469,0.018542660772188843,0.04824956092779419,0.05151555408411507,0.046190460679705676,0.02054848151633684,0.0138793550663547,0.04004989183711375,0.025157084272725734,0.01736776138625532,0.32142445097330047,0.0671320015229828,0.1743632405952075,0.01791360279202317,0.05787467565670136
2023-12-27,0.07979121791719469,0.018542660772188843,0.04824956092779419,0.05151555408411507,0.046190460679705676,0.02054848151633684,0.0138793550663547,0.04004989183711375,0.025157084272725734,0.01736776138625532,0.32142445097330047,0.0671320015229828,0.1743632405952075,0.01791360279202317,0.05787467565670136
2023-12-28,0.07979121791719469,0.018542660772188843,0.04824956092779419,0.05151555408411507,0.046190460679705676,0.02054848151633684,0.0138793550663547,0.04004989183711375,0.025157084272725734,0.01736776138625532,0.32142445097330047,0.0671320015229828,0.1743632405952075,0.01791360279202317,0.05787467565670136
2023-12-29,1e-323,0.01607908535913202,0.10910329739915056,0.0678059300058284,0.057670454006911856,0.021734501208836448,0.020892789349425837,0.04809221882233633,0.02907572155030099,0.019503811841331747,1e-323,0.4028097654310057,0.1168846918758227,0.023272220065500886,0.06707551308441641
2024-01-01,1e-323,0.01607908535913202,0.10910329739915056,0.0678059300058284,0.057670454006911856,0.021734501208836448,0.020892789349425837,0.04809221882233633,0.02907572155030099,0.019503811841331747,1e-323,0.4028097654310057,0.1168846918758227,0.023272220065500886,0.06707551308441641
2024-01-02,1e-323,0.01607908535913202,0.10910329739915056,0.0678059300058284,0.057670454006911856,0.021734501208836448,0.020892789349425837,0.04809221882233633,0.02907572155030099,0.019503811841331747,1e-323,0.4028097654310057,0.1168846918758227,0.023272220065500886,0.06707551308441641
2024-01-03,1e-323,0.01607908535913202,0.10910329739915056,0.0678059300058284,0.057670454006911856,0.021734501208836448,0.020892789349425837,0.04809221882233633,0.02907572155030099,0.019503811841331747,1e-323,0.4028097654310057,0.1168846918758227,0.023272220065500886,0.06707551308441641
2024-01-04,1e-323,0.01607908535913202,0.10910329739915056,0.0678059300058284,0.057670454006911856,0.021734501208836448,0.020892789349425837,0.04809221882233633,0.02907572155030099,0.019503811841331747,1e-323,0.4028097654310057,0.1168846918758227,0.023272220065500886,0.06707551308441641
2024-01-05,1e-323,0.01607908535913202,0.10910329739915056,0.0678059300058284,0.057670454006911856,0.021734501208836448,0.020892789349425837,0.04809221882233633,0.02907572155030099,0.019503811841331747,1e-323,0.4028097654310057,0.1168846918758227,0.023272220065500886,0.06707551308441641
2024-01-08,1e-323,0.01607908535913202,0.10910329739915056,0.0678059300058284,0.057670454006911856,0.021734501208836448,0.020892789349425837,0.04809221882233633,0.02907572155030099,0.019503811841331747,1e-323,0.4028097654310057,0.1168846918758227,0.023272220065500886,0.06707551308441641
2024-01-09,1e-323,0.01607908535913202,0.10910329739915056,0.0678059300058284,0.057670454006911856,0.021734501208836448,0.020892789349425837,0.04809221882233633,0.02907572155030099,0.019503811841331747,1e-323,0.4028097654310057,0.1168846918758227,0.023272220065500886,0.06707551308441641
2024-01-10,1e-323,0.01607908535913202,0.10910329739915056,0.0678059300058284,0.057670454006911856,0.021734501208836448,0.020892789349425837,0.04809221882233633,0.02907572155030099,0.019503811841331747,1e-323,0.4028097654310057,0.1168846918758227,0.023272220065500886,0.06707551308441641
2024-01-11,1e-323,0.01607908535913202,0.10910329739915056,0.0678059300058284,0.057670454006911856,0.021734501208836448,0.020892789349425837,0.04809221882233633,0.02907572155030099,0.019503811841331747,1e-323,0.4028097654310057,0.1168846918758227,0.023272220065500886,0.06707551308441641
2024-01-12,1e-323,0.01607908535913202,0.10910329739915056,0.0678059300058284,0.057670454006911856,0.021734501208836448,0.020892789349425837,0.04809221882233633,0.02907572155030099,0.019503811841331747,1e-323,0.4028097654310057,0.1168846918758227,0.023272220065500886,0.06707551308441641
2024-01-15,1e-323,0.01607908535913202,0.10910329739915056,0.0678059300058284,0.057670454006911856,0.021734501208836448,0.020892789349425837,0.04809221882233633,0.02907572155030099,0.019503811841331747,1e-323,0.4028097654310057,0.1168846918758227,0.023272220065500886,0.06707551308441641
2024-01-16,1e-323,0.01607908535913202,0.10910329739915056,0.0678059300058284,0.057670454006911856,0.021734501208836448,0.020892789349425837,0.04809221882233633,0.02907572155030099,0.019503811841331747,1e-323,0.4028097654310057,0.1168846918758227,0.023272220065500886,0.06707551308441641
2024-01-17,1e-323,0.01607908535913202,0.10910329739915056,0.0678059300058284,0.057670454006911856,0.021734501208836448,0.020892789349425837,0.04809221882233633,0.02907572155030099,0.019503811841331747,1e-323,0.4028097654310057,0.1168846918758227,0.023272220065500886,0.06707551308441641
2024-01-18,1e-323,0.01607908535913202,0.10910329739915056,0.0678059300058284,0.057670454006911856,0.021734501208836448,0.020892789349425837,0.04809221882233633,0.02907572155030099,0.019503811841331747,1e-323,0.4028097654310057,0.1168846918758227,0.023272220065500886,0.06707551308441641
2024-01-19,1e-323,0.01607908535913202,0.10910329739915056,0.0678059300058284,0.057670454006911856,0.021734501208836448,0.020892789349425837,0.04809221882233633,0.02907572155030099,0.019503811841331747,1e-323,0.4028097654310057,0.1168846918758227,0.023272220065500886,0.06707551308441641
2024-01-22,1e-323,0.01607908535913202,0.10910329739915056,0.0678059300058284,0.057670454006911856,0.021734501208836448,0.020892789349425837,0.04809221882233633,0.02907572155030099,0.019503811841331747,1e-323,0.4028097654310057,0.1168846918758227,0.023272220065500886,0.06707551308441641
2024-01-23,1e-323,0.01607908535913202,0.10910329739915056,0.0678059300058284,0.057670454006911856,0.021734501208836448,0.020892789349425837,0.04809221882233633,0.02907572155030099,0.019503811841331747,1e-323,0.4028097654310057,0.1168846918758227,0.023272220065500886,0.06707551308441641
2024-01-24,1e-323,0.01607908535913202,0.10910329739915056,0.0678059300058284,0.057670454006911856,0.021734501208836448,0.020892789349425837,0.04809221882233633,0.02907572155030099,0.019503811841331747,1e-323,0.4028097654310057,0.1168846918758227,0.023272220065500886,0.06707551308441641
2024-01-25,1e-323,0.01607908535913202,0.10910329739915056,0.0678059300058284,0.057670454006911856,0.021734501208836448,0.020892789349425837,0.04809221882233633,0.02907572155030099,0.019503811841331747,1e-323,0.4028097654310057,0.1168846918758227,0.023272220065500886,0.06707551308441641
2024-01-26,1e-323,0.01607908535913202,0.10910329739915056,0.0678059300058284,0.057670454006911856,0.021734501208836448,0.020892789349425837,0.04809221882233633,0.02907572155030099,0.019503811841331747,1e-323,0.4028097654310057,0.1168846918758227,0.023272220065500886,0.06707551308441641
2024-01-29,1e-323,0.01607908535913202,0.10910329739915056,0.0678059300058284,0.057670454006911856,0.021734501208836448,0.020892789349425837,0.04809221882233633,0.02907572155030099,0.019503811841331747,1e-323,0.4028097654310057,0.1168846918758227,0.023272220065500886,0.06707551308441641
2024-01-30,1e-323,0.01607908535913202,0.10910329739915056,0.0678059300058284,0.057670454006911856,0.021734501208836448,0.020892789349425837,0.04809221882233633,0.02907572155030099,0.019503811841331747,1e-323,0.4028097654310057,0.1168846918758227,0.023272220065500886,0.06707551308441641
2024-01-31,0.08351995126289583,0.015650714155884895,0.08272775443080964,0.054995814849819934,0.045723578174943,0.02074463866862054,0.018057697400149172,0.03551825857194126,0.027008649652889495,0.0199737483952712,1e-323,0.37924106916917005,0.12464239478041912,0.021010660361836953,0.07118507012534876
2024-02-01,0.08351995126289583,0.015650714155884895,0.08272775443080964,0.054995814849819934,0.045723578174943,0.02074463866862054,0.018057697400149172,0.03551825857194126,0.027008649652889495,0.0199737483952712,1e-323,0.37924106916917005,0.12464239478041912,0.021010660361836953,0.07118507012534876
2024-02-02,0.08351995126289583,0.015650714155884895,0.08272775443080964,0.054995814849819934,0.045723578174943,0.02074463866862054,0.018057697400149172,0.03551825857194126,0.027008649652889495,0.0199737483952712,1e-323,0.37924106916917005,0.12464239478041912,0.021010660361836953,0.07118507012534876
2024-02-05,0.08351995126289583,0.015650714155884895,0.08272775443080964,0.054995814849819934,0.045723578174943,0.02074463866862054,0.018057697400149172,0.03551825857194126,0.027008649652889495,0.0199737483952712,1e-323,0.37924106916917005,0.12464239478041912,0.021010660361836953,0.07118507012534876
2024-02-06,0.08351995126289583,0.015650714155884895,0.08272775443080964,0.054995814849819934,0.045723578174943,0.02074463866862054,0.018057697400149172,0.03551825857194126,0.027008649652889495,0.0199737483952712,1e-323,0.37924106916917005,0.12464239478041912,0.021010660361836953,0.07118507012534876
2024-02-07,0.08351995126289583,0.015650714155884895,0.08272775443080964,0.054995814849819934,0.045723578174943,0.02074463866862054,0.018057697400149172,0.03551825857194126,0.027008649652889495,0.0199737483952712,1e-323,0.37924106916917005,0.12464239478041912,0.021010660361836953,0.07118507012534876
2024-02-08,0.08351995126289583,0.015650714155884895,0.08272775443080964,0.054995814849819934,0.045723578174943,0.02074463866862054,0.018057697400149172,0.03551825857194126,0.027008649652889495,0.0199737483952712,1e-323,0.37924106916917005,0.12464239478041912,0.021010660361836953,0.07118507012534876
2024-02-09,0.08351995126289583,0.015650714155884895,0.08272775443080964,0.054995814849819934,0.045723578174943,0.02074463866862054,0.018057697400149172,0.03551825857194126,0.027008649652889495,0.0199737483952712,1e-323,0.37924106916917005,0.12464239478041912,0.021010660361836953,0.07118507012534876
2024-02-12,0.08351995126289583,0.015650714155884895,0.08272775443080964,0.054995814849819934,0.045723578174943,0.02074463866862054,0.018057697400149172,0.03551825857194126,0.027008649652889495,0.0199737483952712,1e-323,0.37924106916917005,0.12464239478041912,0.021010660361836953,0.07118507012534876
2024-02-13,0.08351995126289583,0.015650714155884895,0.08272775443080964,0.054995814849819934,0.045723578174943,0.02074463866862054,0.018057697400149172,0.03551825857194126,0.027008649652889495,0.0199737483952712,1e-323,0.37924106916917005,0.12464239478041912,0.021010660361836953,0.07118507012534876
2024-02-14,0.08351995126289583,0.015650714155884895,0.08272775443080964,0.054995814849819934,0.045723578174943,0.02074463866862054,0.018057697400149172,0.03551825857194126,0.027008649652889495,0.0199737483952712,1e-323,0.37924106916917005,0.12464239478041912,0.021010660361836953,0.07118507012534876
2024-02-15,0.08351995126289583,0.015650714155884895,0.08272775443080964,0.054995814849819934,0.045723578174943,0.02074463866862054,0.018057697400149172,0.03551825857194126,0.027008649652889495,0.0199737483952712,1e-323,0.37924106916917005,0.12464239478041912,0.021010660361836953,0.07118507012534876
2024-02-16,0.08351995126289583,0.015650714155884895,0.08272775443080964,0.054995814849819934,0.045723578174943,0.02074463866862054,0.018057697400149172,0.03551825857194126,0.027008649652889495,0.0199737483952712,1e-323,0.37924106916917005,0.12464239478041912,0.021010660361836953,0.07118507012534876
2024-02-19,0.08351995126289583,0.015650714155884895,0.08272775443080964,0.054995814849819934,0.045723578174943,0.02074463866862054,0.018057697400149172,0.03551825857194126,0.027008649652889495,0.0199737483952712,1e-323,0.37924106916917005,0.12464239478041912,0.021010660361836953,0.07118507012534876
2024-02-20,0.08351995126289583,0.015650714155884895,0.08272775443080964,0.054995814849819934,0.045723578174943,0.02074463866862054,0.018057697400149172,0.03551825857194126,0.027008649652889495,0.0199737483952712,1e-323,0.37924106916917005,0.12464239478041912,0.021010660361836953,0.07118507012534876
2024-02-21,0.08351995126289583,0.015650714155884895,0.08272775443080964,0.054995814849819934,0.045723578174943,0.02074463866862054,0.018057697400149172,0.03551825857194126,0.027008649652889495,0.0199737483952712,1e-323,0.37924106916917005,0.12464239478041912,0.021010660361836953,0.07118507012534876
2024-02-22,0.08351995126289583,0.015650714155884895,0.08272775443080964,0.054995814849819934,0.045723578174943,0.02074463866862054,0.018057697400149172,0.03551825857194126,0.027008649652889495,0.0199737483952712,1e-323,0.37924106916917005,0.12464239478041912,0.021010660361836953,0.07118507012534876
2024-02-23,0.08351995126289583,0.015650714155884895,0.08272775443080964,0.054995814849819934,0.045723578174943,0.02074463866862054,0.018057697400149172,0.03551825857194126,0.027008649652889495,0.0199737483952712,1e-323,0.37924106916917005,0.12464239478041912,0.021010660361836953,0.07118507012534876
2024-02-26,0.08351995126289583,0.015650714155884895,0.08272775443080964,0.054995814849819934,0.045723578174943,0.02074463866862054,0.018057697400149172,0.03551825857194126,0.027008649652889495,0.0199737483952712,1e-323,0.37924106916917005,0.12464239478041912,0.021010660361836953,0.07118507012534876
2024-02-27,0.08351995126289583,0.015650714155884895,0.08272775443080964,0.054995814849819934,0.045723578174943,0.02074463866862054,0.018057697400149172,0.03551825857194126,0.027008649652889495,0.0199737483952712,1e-323,0.37924106916917005,0.12464239478041912,0.021010660361836953,0.07118507012534876
2024-02-28,0.08351995126289583,0.015650714155884895,0.08272775443080964,0.054995814849819934,0.045723578174943,0.02074463866862054,0.018057697400149172,0.03551825857194126,0.027008649652889495,0.0199737483952712,1e-323,0.37924106916917005,0.12464239478041912,0.021010660361836953,0.07118507012534876
2024-02-29,1e-323,0.01864191570612927,0.09634293877824283,0.04625171088944351,0.05201267580898494,0.018439787433037143,0.017668588791341488,0.05234388594309037,0.021318309345918843,0.015283599524195396,0.3580929289922608,0.1302281327867267,0.08046200000203925,0.022680045007113937,0.07023348099147536
2024-03-01,1e-323,0.01864191570612927,0.09634293877824283,0.04625171088944351,0.05201267580898494,0.018439787433037143,0.017668588791341488,0.05234388594309037,0.021318309345918843,0.015283599524195396,0.3580929289922608,0.1302281327867267,0.08046200000203925,0.022680045007113937,0.07023348099147536
2024-03-04,1e-323,0.01864191570612927,0.09634293877824283,0.04625171088944351,0.05201267580898494,0.018439787433037143,0.017668588791341488,0.05234388594309037,0.021318309345918843,0.015283599524195396,0.3580929289922608,0.1302281327867267,0.08046200000203925,0.022680045007113937,0.07023348099147536
2024-03-05,1e-323,0.01864191570612927,0.09634293877824283,0.04625171088944351,0.05201267580898494,0.018439787433037143,0.017668588791341488,0.05234388594309037,0.021318309345918843,0.015283599524195396,0.3580929289922608,0.1302281327867267,0.08046200000203925,0.022680045007113937,0.07023348099147536
2024-03-06,1e-323,0.01864191570612927,0.09634293877824283,0.04625171088944351,0.05201267580898494,0.018439787433037143,0.017668588791341488,0.05234388594309037,0.021318309345918843,0.015283599524195396,0.3580929289922608,0.1302281327867267,0.08046200000203925,0.022680045007113937,0.07023348099147536
2024-03-07,1e-323,0.01864191570612927,0.09634293877824283,0.04625171088944351,0.05201267580898494,0.018439787433037143,0.017668588791341488,0.05234388594309037,0.021318309345918843,0.015283599524195396,0.3580929289922608,0.1302281327867267,0.08046200000203925,0.022680045007113937,0.07023348099147536
2024-03-08,1e-323,0.01864191570612927,0.09634293877824283,0.04625171088944351,0.05201267580898494,0.018439787433037143,0.017668588791341488,0.05234388594309037,0.021318309345918843,0.015283599524195396,0.3580929289922608,0.1302281327867267,0.08046200000203925,0.022680045007113937,0.07023348099147536
2024-03-11,1e-323,0.01864191570612927,0.09634293877824283,0.04625171088944351,0.05201267580898494,0.018439787433037143,0.017668588791341488,0.05234388594309037,0.021318309345918843,0.015283599524195396,0.3580929289922608,0.1302281327867267,0.08046200000203925,0.022680045007113937,0.07023348099147536
2024-03-12,1e-323,0.01864191570612927,0.09634293877824283,0.04625171088944351,0.05201267580898494,0.018439787433037143,0.017668588791341488,0.05234388594309037,0.021318309345918843,0.015283599524195396,0.3580929289922608,0.1302281327867267,0.08046200000203925,0.022680045007113937,0.07023348099147536
2024-03-13,1e-323,0.01864191570612927,0.09634293877824283,0.04625171088944351,0.05201267580898494,0.018439787433037143,0.017668588791341488,0.05234388594309037,0.021318309345918843,0.015283599524195396,0.3580929289922608,0.1302281327867267,0.08046200000203925,0.022680045007113937,0.07023348099147536
2024-03-14,1e-323,0.01864191570612927,0.09634293877824283,0.04625171088944351,0.05201267580898494,0.018439787433037143,0.017668588791341488,0.05234388594309037,0.021318309345918843,0.015283599524195396,0.3580929289922608,0.1302281327867267,0.08046200000203925,0.022680045007113937,0.07023348099147536
2024-03-15,1e-323,0.01864191570612927,0.09634293877824283,0.04625171088944351,0.05201267580898494,0.018439787433037143,0.017668588791341488,0.05234388594309037,0.021318309345918843,0.015283599524195396,0.3580929289922608,0.1302281327867267,0.08046200000203925,0.022680045007113937,0.07023348099147536
2024-03-18,1e-323,0.01864191570612927,0.09634293877824283,0.04625171088944351,0.05201267580898494,0.018439787433037143,0.017668588791341488,0.05234388594309037,0.021318309345918843,0.015283599524195396,0.3580929289922608,0.1302281327867267,0.08046200000203925,0.022680045007113937,0.07023348099147536
2024-03-19,1e-323,0.01864191570612927,0.09634293877824283,0.04625171088944351,0.05201267580898494,0.018439787433037143,0.017668588791341488,0.05234388594309037,0.021318309345918843,0.015283599524195396,0.3580929289922608,0.1302281327867267,0.08046200000203925,0.022680045007113937,0.07023348099147536
2024-03-20,1e-323,0.01864191570612927,0.09634293877824283,0.04625171088944351,0.05201267580898494,0.018439787433037143,0.017668588791341488,0.05234388594309037,0.021318309345918843,0.015283599524195396,0.3580929289922608,0.1302281327867267,0.08046200000203925,0.022680045007113937,0.07023348099147536
2024-03-21,1e-323,0.01864191570612927,0.09634293877824283,0.04625171088944351,0.05201267580898494,0.018439787433037143,0.017668588791341488,0.05234388594309037,0.021318309345918843,0.015283599524195396,0.3580929289922608,0.1302281327867267,0.08046200000203925,0.022680045007113937,0.07023348099147536
2024-03-22,1e-323,0.01864191570612927,0.09634293877824283,0.04625171088944351,0.05201267580898494,0.018439787433037143,0.017668588791341488,0.05234388594309037,0.021318309345918843,0.015283599524195396,0.3580929289922608,0.1302281327867267,0.08046200000203925,0.022680045007113937,0.07023348099147536
2024-03-25,1e-323,0.01864191570612927,0.09634293877824283,0.04625171088944351,0.05201267580898494,0.018439787433037143,0.017668588791341488,0.05234388594309037,0.021318309345918843,0.015283599524195396,0.3580929289922608,0.1302281327867267,0.08046200000203925,0.022680045007113937,0.07023348099147536
2024-03-26,1e-323,0.01864191570612927,0.09634293877824283,0.04625171088944351,0.05201267580898494,0.018439787433037143,0.017668588791341488,0.05234388594309037,0.021318309345918843,0.015283599524195396,0.3580929289922608,0.1302281327867267,0.08046200000203925,0.022680045007113937,0.07023348099147536
2024-03-27,1e-323,0.01864191570612927,0.09634293877824283,0.04625171088944351,0.05201267580898494,0.018439787433037143,0.017668588791341488,0.05234388594309037,0.021318309345918843,0.015283599524195396,0.3580929289922608,0.1302281327867267,0.08046200000203925,0.022680045007113937,0.07023348099147536
2024-03-28,1e-323,0.01864191570612927,0.09634293877824283,0.04625171088944351,0.05201267580898494,0.018439787433037143,0.017668588791341488,0.05234388594309037,0.021318309345918843,0.015283599524195396,0.3580929289922608,0.1302281327867267,0.08046200000203925,0.022680045007113937,0.07023348099147536
2024-03-29,1e-323,0.017120676409506885,0.10260994951653539,0.04887660327330537,0.04948038785213767,0.021729848279832188,0.0173293529403636,0.05280149460647013,0.023543705631975644,0.01643096365594254,0.3882347392030794,0.10240574909560322,0.07202180826971277,0.02360301972299158,0.06381170154254373
2024-04-01,1e-323,0.017120676409506885,0.10260994951653539,0.04887660327330537,0.04948038785213767,0.021729848279832188,0.0173293529403636,0.05280149460647013,0.023543705631975644,0.01643096365594254,0.3882347392030794,0.10240574909560322,0.07202180826971277,0.02360301972299158,0.06381170154254373
2024-04-02,1e-323,0.017120676409506885,0.10260994951653539,0.04887660327330537,0.04948038785213767,0.021729848279832188,0.0173293529403636,0.05280149460647013,0.023543705631975644,0.01643096365594254,0.3882347392030794,0.10240574909560322,0.07202180826971277,0.02360301972299158,0.06381170154254373
2024-04-03,1e-323,0.017120676409506885,0.10260994951653539,0.04887660327330537,0.04948038785213767,0.021729848279832188,0.0173293529403636,0.05280149460647013,0.023543705631975644,0.01643096365594254,0.3882347392030794,0.10240574909560322,0.07202180826971277,0.02360301972299158,0.06381170154254373
2024-04-04,1e-323,0.017120676409506885,0.10260994951653539,0.04887660327330537,0.04948038785213767,0.021729848279832188,0.0173293529403636,0.05280149460647013,0.023543705631975644,0.01643096365594254,0.3882347392030794,0.10240574909560322,0.07202180826971277,0.02360301972299158,0.06381170154254373
2024-04-05,1e-323,0.017120676409506885,0.10260994951653539,0.04887660327330537,0.04948038785213767,0.021729848279832188,0.0173293529403636,0.05280149460647013,0.023543705631975644,0.01643096365594254,0.3882347392030794,0.10240574909560322,0.07202180826971277,0.02360301972299158,0.06381170154254373
2024-04-08,1e-323,0.017120676409506885,0.10260994951653539,0.04887660327330537,0.04948038785213767,0.021729848279832188,0.0173293529403636,0.05280149460647013,0.023543705631975644,0.01643096365594254,0.3882347392030794,0.10240574909560322,0.07202180826971277,0.02360301972299158,0.06381170154254373
2024-04-09,1e-323,0.017120676409506885,0.10260994951653539,0.04887660327330537,0.04948038785213767,0.021729848279832188,0.0173293529403636,0.05280149460647013,0.023543705631975644,0.01643096365594254,0.3882347392030794,0.10240574909560322,0.07202180826971277,0.02360301972299158,0.06381170154254373
2024-04-10,1e-323,0.017120676409506885,0.10260994951653539,0.04887660327330537,0.04948038785213767,0.021729848279832188,0.0173293529403636,0.05280149460647013,0.023543705631975644,0.01643096365594254,0.3882347392030794,0.10240574909560322,0.07202180826971277,0.02360301972299158,0.06381170154254373
2024-04-11,1e-323,0.017120676409506885,0.10260994951653539,0.04887660327330537,0.04948038785213767,0.021729848279832188,0.0173293529403636,0.05280149460647013,0.023543705631975644,0.01643096365594254,0.3882347392030794,0.10240574909560322,0.07202180826971277,0.02360301972299158,0.06381170154254373
2024-04-12,1e-323,0.017120676409506885,0.10260994951653539,0.04887660327330537,0.04948038785213767,0.021729848279832188,0.0173293529403636,0.05280149460647013,0.023543705631975644,0.01643096365594254,0.3882347392030794,0.10240574909560322,0.07202180826971277,0.02360301972299158,0.06381170154254373
2024-04-15,1e-323,0.017120676409506885,0.10260994951653539,0.04887660327330537,0.04948038785213767,0.021729848279832188,0.0173293529403636,0.05280149460647013,0.023543705631975644,0.01643096365594254,0.3882347392030794,0.10240574909560322,0.07202180826971277,0.02360301972299158,0.06381170154254373
2024-04-16,1e-323,0.017120676409506885,0.10260994951653539,0.04887660327330537,0.04948038785213767,0.021729848279832188,0.0173293529403636,0.05280149460647013,0.023543705631975644,0.01643096365594254,0.3882347392030794,0.10240574909560322,0.07202180826971277,0.02360301972299158,0.06381170154254373
2024-04-17,1e-323,0.017120676409506885,0.10260994951653539,0.04887660327330537,0.04948038785213767,0.021729848279832188,0.0173293529403636,0.05280149460647013,0.023543705631975644,0.01643096365594254,0.3882347392030794,0.10240574909560322,0.07202180826971277,0.02360301972299158,0.06381170154254373
2024-04-18,1e-323,0.017120676409506885,0.10260994951653539,0.04887660327330537,0.04948038785213767,0.021729848279832188,0.0173293529403636,0.05280149460647013,0.023543705631975644,0.01643096365594254,0.3882347392030794,0.10240574909560322,0.07202180826971277,0.02360301972299158,0.06381170154254373
2024-04-19,1e-323,0.017120676409506885,0.10260994951653539,0.04887660327330537,0.04948038785213767,0.021729848279832188,0.0173293529403636,0.05280149460647013,0.023543705631975644,0.01643096365594254,0.3882347392030794,0.10240574909560322,0.07202180826971277,0.02360301972299158,0.06381170154254373
2024-04-22,1e-323,0.017120676409506885,0.10260994951653539,0.04887660327330537,0.04948038785213767,0.021729848279832188,0.0173293529403636,0.05280149460647013,0.023543705631975644,0.01643096365594254,0.3882347392030794,0.10240574909560322,0.07202180826971277,0.02360301972299158,0.06381170154254373
2024-04-23,1e-323,0.017120676409506885,0.10260994951653539,0.04887660327330537,0.04948038785213767,0.021729848279832188,0.0173293529403636,0.05280149460647013,0.023543705631975644,0.01643096365594254,0.3882347392030794,0.10240574909560322,0.07202180826971277,0.02360301972299158,0.06381170154254373
2024-04-24,1e-323,0.017120676409506885,0.10260994951653539,0.04887660327330537,0.04948038785213767,0.021729848279832188,0.0173293529403636,0.05280149460647013,0.023543705631975644,0.01643096365594254,0.3882347392030794,0.10240574909560322,0.07202180826971277,0.02360301972299158,0.06381170154254373
2024-04-25,1e-323,0.017120676409506885,0.10260994951653539,0.04887660327330537,0.04948038785213767,0.021729848279832188,0.0173293529403636,0.05280149460647013,0.023543705631975644,0.01643096365594254,0.3882347392030794,0.10240574909560322,0.07202180826971277,0.02360301972299158,0.06381170154254373
2024-04-26,1e-323,0.017120676409506885,0.10260994951653539,0.04887660327330537,0.04948038785213767,0.021729848279832188,0.0173293529403636,0.05280149460647013,0.023543705631975644,0.01643096365594254,0.3882347392030794,0.10240574909560322,0.07202180826971277,0.02360301972299158,0.06381170154254373
2024-04-29,1e-323,0.017120676409506885,0.10260994951653539,0.04887660327330537,0.04948038785213767,0.021729848279832188,0.0173293529403636,0.05280149460647013,0.023543705631975644,0.01643096365594254,0.3882347392030794,0.10240574909560322,0.07202180826971277,0.02360301972299158,0.06381170154254373
2024-04-30,0.05619560803162546,0.022734127013366818,0.06868371293212555,0.07266171104590818,0.077505341581565,0.023748813171259233,0.02500315862911653,0.07310056648304741,0.032496516615396404,0.025968883627319247,0.17294153015468744,0.20964890035794823,0.08325562393355099,0.017085102192496322,0.03897040423058698
2024-05-01,0.05619560803162546,0.022734127013366818,0.06868371293212555,0.07266171104590818,0.077505341581565,0.023748813171259233,0.02500315862911653,0.07310056648304741,0.032496516615396404,0.025968883627319247,0.17294153015468744,0.20964890035794823,0.08325562393355099,0.017085102192496322,0.03897040423058698
2024-05-02,0.05619560803162546,0.022734127013366818,0.06868371293212555,0.07266171104590818,0.077505341581565,0.023748813171259233,0.02500315862911653,0.07310056648304741,0.032496516615396404,0.025968883627319247,0.17294153015468744,0.20964890035794823,0.08325562393355099,0.017085102192496322,0.03897040423058698
2024-05-03,0.05619560803162546,0.022734127013366818,0.06868371293212555,0.07266171104590818,0.077505341581565,0.023748813171259233,0.02500315862911653,0.07310056648304741,0.032496516615396404,0.025968883627319247,0.17294153015468744,0.20964890035794823,0.08325562393355099,0.017085102192496322,0.03897040423058698
2024-05-06,0.05619560803162546,0.022734127013366818,0.06868371293212555,0.07266171104590818,0.077505341581565,0.023748813171259233,0.02500315862911653,0.07310056648304741,0.032496516615396404,0.025968883627319247,0.17294153015468744,0.20964890035794823,0.08325562393355099,0.017085102192496322,0.03897040423058698
2024-05-07,0.05619560803162546,0.022734127013366818,0.06868371293212555,0.07266171104590818,0.077505341581565,0.023748813171259233,0.02500315862911653,0.07310056648304741,0.032496516615396404,0.025968883627319247,0.17294153015468744,0.20964890035794823,0.08325562393355099,0.017085102192496322,0.03897040423058698
2024-05-08,0.05619560803162546,0.022734127013366818,0.06868371293212555,0.07266171104590818,0.077505341581565,0.023748813171259233,0.02500315862911653,0.07310056648304741,0.032496516615396404,0.025968883627319247,0.17294153015468744,0.20964890035794823,0.08325562393355099,0.017085102192496322,0.03897040423058698
2024-05-09,0.05619560803162546,0.022734127013366818,0.06868371293212555,0.07266171104590818,0.077505341581565,0.023748813171259233,0.02500315862911653,0.07310056648304741,0.032496516615396404,0.025968883627319247,0.17294153015468744,0.20964890035794823,0.08325562393355099,0.017085102192496322,0.03897040423058698
2024-05-10,0.05619560803162546,0.022734127013366818,0.06868371293212555,0.07266171104590818,0.077505341581565,0.023748813171259233,0.02500315862911653,0.07310056648304741,0.032496516615396404,0.025968883627319247,0.17294153015468744,0.20964890035794823,0.08325562393355099,0.017085102192496322,0.03897040423058698
2024-05-13,0.05619560803162546,0.022734127013366818,0.06868371293212555,0.07266171104590818,0.077505341581565,0.023748813171259233,0.02500315862911653,0.07310056648304741,0.032496516615396404,0.025968883627319247,0.17294153015468744,0.20964890035794823,0.08325562393355099,0.017085102192496322,0.03897040423058698
2024-05-14,0.05619560803162546,0.022734127013366818,0.06868371293212555,0.07266171104590818,0.077505341581565,0.023748813171259233,0.02500315862911653,0.07310056648304741,0.032496516615396404,0.025968883627319247,0.17294153015468744,0.20964890035794823,0.08325562393355099,0.017085102192496322,0.03897040423058698
2024-05-15,0.05619560803162546,0.022734127013366818,0.06868371293212555,0.07266171104590818,0.077505341581565,0.023748813171259233,0.02500315862911653,0.07310056648304741,0.032496516615396404,0.025968883627319247,0.17294153015468744,0.20964890035794823,0.08325562393355099,0.017085102192496322,0.03897040423058698
2024-05-16,0.05619560803162546,0.022734127013366818,0.06868371293212555,0.07266171104590818,0.077505341581565,0.023748813171259233,0.02500315862911653,0.07310056648304741,0.032496516615396404,0.025968883627319247,0.17294153015468744,0.20964890035794823,0.08325562393355099,0.017085102192496322,0.03897040423058698
2024-05-17,0.05619560803162546,0.022734127013366818,0.06868371293212555,0.07266171104590818,0.077505341581565,0.023748813171259233,0.02500315862911653,0.07310056648304741,0.032496516615396404,0.025968883627319247,0.17294153015468744,0.20964890035794823,0.08325562393355099,0.017085102192496322,0.03897040423058698
2024-05-20,0.05619560803162546,0.022734127013366818,0.06868371293212555,0.07266171104590818,0.077505341581565,0.023748813171259233,0.02500315862911653,0.07310056648304741,0.032496516615396404,0.025968883627319247,0.17294153015468744,0.20964890035794823,0.08325562393355099,0.017085102192496322,0.03897040423058698
2024-05-21,0.05619560803162546,0.022734127013366818,0.06868371293212555,0.07266171104590818,0.077505341581565,0.023748813171259233,0.02500315862911653,0.07310056648304741,0.032496516615396404,0.025968883627319247,0.17294153015468744,0.20964890035794823,0.08325562393355099,0.017085102192496322,0.03897040423058698
2024-05-22,0.05619560803162546,0.022734127013366818,0.06868371293212555,0.07266171104590818,0.077505341581565,0.023748813171259233,0.02500315862911653,0.07310056648304741,0.032496516615396404,0.025968883627319247,0.17294153015468744,0.20964890035794823,0.08325562393355099,0.017085102192496322,0.03897040423058698
2024-05-23,0.05619560803162546,0.022734127013366818,0.06868371293212555,0.07266171104590818,0.077505341581565,0.023748813171259233,0.02500315862911653,0.07310056648304741,0.032496516615396404,0.025968883627319247,0.17294153015468744,0.20964890035794823,0.08325562393355099,0.017085102192496322,0.03897040423058698
2024-05-24,0.05619560803162546,0.022734127013366818,0.06868371293212555,0.07266171104590818,0.077505341581565,0.023748813171259233,0.02500315862911653,0.07310056648304741,0.032496516615396404,0.025968883627319247,0.17294153015468744,0.20964890035794823,0.08325562393355099,0.017085102192496322,0.03897040423058698
2024-05-27,0.05619560803162546,0.022734127013366818,0.06868371293212555,0.07266171104590818,0.077505341581565,0.023748813171259233,0.02500315862911653,0.07310056648304741,0.032496516615396404,0.025968883627319247,0.17294153015468744,0.20964890035794823,0.08325562393355099,0.017085102192496322,0.03897040423058698
2024-05-28,0.05619560803162546,0.022734127013366818,0.06868371293212555,0.07266171104590818,0.077505341581565,0.023748813171259233,0.02500315862911653,0.07310056648304741,0.032496516615396404,0.025968883627319247,0.17294153015468744,0.20964890035794823,0.08325562393355099,0.017085102192496322,0.03897040423058698
2024-05-29,0.05619560803162546,0.022734127013366818,0.06868371293212555,0.07266171104590818,0.077505341581565,0.023748813171259233,0.02500315862911653,0.07310056648304741,0.032496516615396404,0.025968883627319247,0.17294153015468744,0.20964890035794823,0.08325562393355099,0.017085102192496322,0.03897040423058698
2024-05-30,0.05619560803162546,0.022734127013366818,0.06868371293212555,0.07266171104590818,0.077505341581565,0.023748813171259233,0.02500315862911653,0.07310056648304741,0.032496516615396404,0.025968883627319247,0.17294153015468744,0.20964890035794823,0.08325562393355099,0.017085102192496322,0.03897040423058698
2024-05-31,0.0588918835952934,0.01599104621905271,0.0808867959894278,0.07847890846713354,0.08484589793189637,0.022671236010161445,0.0233669407879364,0.06637886716702944,0.03257059681154975,0.02788785551888075,0.21703163071600443,0.09385995500423645,0.14964951825750958,0.02195591265826876,0.02553295486561935
2024-06-03,0.0588918835952934,0.01599104621905271,0.0808867959894278,0.07847890846713354,0.08484589793189637,0.022671236010161445,0.0233669407879364,0.06637886716702944,0.03257059681154975,0.02788785551888075,0.21703163071600443,0.09385995500423645,0.14964951825750958,0.02195591265826876,0.02553295486561935
2024-06-04,0.0588918835952934,0.01599104621905271,0.0808867959894278,0.07847890846713354,0.08484589793189637,0.022671236010161445,0.0233669407879364,0.06637886716702944,0.03257059681154975,0.02788785551888075,0.21703163071600443,0.09385995500423645,0.14964951825750958,0.02195591265826876,0.02553295486561935
2024-06-05,0.0588918835952934,0.01599104621905271,0.0808867959894278,0.07847890846713354,0.08484589793189637,0.022671236010161445,0.0233669407879364,0.06637886716702944,0.03257059681154975,0.02788785551888075,0.21703163071600443,0.09385995500423645,0.14964951825750958,0.02195591265826876,0.02553295486561935
2024-06-06,0.0588918835952934,0.01599104621905271,0.0808867959894278,0.07847890846713354,0.08484589793189637,0.022671236010161445,0.0233669407879364,0.06637886716702944,0.03257059681154975,0.02788785551888075,0.21703163071600443,0.09385995500423645,0.14964951825750958,0.02195591265826876,0.02553295486561935
2024-06-07,0.0588918835952934,0.01599104621905271,0.0808867959894278,0.07847890846713354,0.08484589793189637,0.022671236010161445,0.0233669407879364,0.06637886716702944,0.03257059681154975,0.02788785551888075,0.21703163071600443,0.09385995500423645,0.14964951825750958,0.02195591265826876,0.02553295486561935
2024-06-10,0.0588918835952934,0.01599104621905271,0.0808867959894278,0.07847890846713354,0.08484589793189637,0.022671236010161445,0.0233669407879364,0.06637886716702944,0.03257059681154975,0.02788785551888075,0.21703163071600443,0.09385995500423645,0.14964951825750958,0.02195591265826876,0.02553295486561935
2024-06-11,0.0588918835952934,0.01599104621905271,0.0808867959894278,0.07847890846713354,0.08484589793189637,0.022671236010161445,0.0233669407879364,0.06637886716702944,0.03257059681154975,0.02788785551888075,0.21703163071600443,0.09385995500423645,0.14964951825750958,0.02195591265826876,0.02553295486561935
2024-06-12,0.0588918835952934,0.01599104621905271,0.0808867959894278,0.07847890846713354,0.08484589793189637,0.022671236010161445,0.0233669407879364,0.06637886716702944,0.03257059681154975,0.02788785551888075,0.21703163071600443,0.09385995500423645,0.14964951825750958,0.02195591265826876,0.02553295486561935
2024-06-13,0.0588918835952934,0.01599104621905271,0.0808867959894278,0.07847890846713354,0.08484589793189637,0.022671236010161445,0.0233669407879364,0.06637886716702944,0.03257059681154975,0.02788785551888075,0.21703163071600443,0.09385995500423645,0.14964951825750958,0.02195591265826876,0.02553295486561935
2024-06-14,0.0588918835952934,0.01599104621905271,0.0808867959894278,0.07847890846713354,0.08484589793189637,0.022671236010161445,0.0233669407879364,0.06637886716702944,0.03257059681154975,0.02788785551888075,0.21703163071600443,0.09385995500423645,0.14964951825750958,0.02195591265826876,0.02553295486561935
2024-06-17,0.0588918835952934,0.01599104621905271,0.0808867959894278,0.07847890846713354,0.08484589793189637,0.022671236010161445,0.0233669407879364,0.06637886716702944,0.03257059681154975,0.02788785551888075,0.21703163071600443,0.09385995500423645,0.14964951825750958,0.02195591265826876,0.02553295486561935
2024-06-18,0.0588918835952934,0.01599104621905271,0.0808867959894278,0.07847890846713354,0.08484589793189637,0.022671236010161445,0.0233669407879364,0.06637886716702944,0.03257059681154975,0.02788785551888075,0.21703163071600443,0.09385995500423645,0.14964951825750958,0.02195591265826876,0.02553295486561935
2024-06-19,0.0588918835952934,0.01599104621905271,0.0808867959894278,0.07847890846713354,0.08484589793189637,0.022671236010161445,0.0233669407879364,0.06637886716702944,0.03257059681154975,0.02788785551888075,0.21703163071600443,0.09385995500423645,0.14964951825750958,0.02195591265826876,0.02553295486561935
2024-06-20,0.0588918835952934,0.01599104621905271,0.0808867959894278,0.07847890846713354,0.08484589793189637,0.022671236010161445,0.0233669407879364,0.06637886716702944,0.03257059681154975,0.02788785551888075,0.21703163071600443,0.09385995500423645,0.14964951825750958,0.02195591265826876,0.02553295486561935
2024-06-21,0.0588918835952934,0.01599104621905271,0.0808867959894278,0.07847890846713354,0.08484589793189637,0.022671236010161445,0.0233669407879364,0.06637886716702944,0.03257059681154975,0.02788785551888075,0.21703163071600443,0.09385995500423645,0.14964951825750958,0.02195591265826876,0.02553295486561935
2024-06-24,0.0588918835952934,0.01599104621905271,0.0808867959894278,0.07847890846713354,0.08484589793189637,0.022671236010161445,0.0233669407879364,0.06637886716702944,0.03257059681154975,0.02788785551888075,0.21703163071600443,0.09385995500423645,0.14964951825750958,0.02195591265826876,0.02553295486561935
2024-06-25,0.0588918835952934,0.01599104621905271,0.0808867959894278,0.07847890846713354,0.08484589793189637,0.022671236010161445,0.0233669407879364,0.06637886716702944,0.03257059681154975,0.02788785551888075,0.21703163071600443,0.09385995500423645,0.14964951825750958,0.02195591265826876,0.02553295486561935
2024-06-26,0.0588918835952934,0.01599104621905271,0.0808867959894278,0.07847890846713354,0.08484589793189637,0.022671236010161445,0.0233669407879364,0.06637886716702944,0.03257059681154975,0.02788785551888075,0.21703163071600443,0.09385995500423645,0.14964951825750958,0.02195591265826876,0.02553295486561935
2024-06-27,0.0588918835952934,0.01599104621905271,0.0808867959894278,0.07847890846713354,0.08484589793189637,0.022671236010161445,0.0233669407879364,0.06637886716702944,0.03257059681154975,0.02788785551888075,0.21703163071600443,0.09385995500423645,0.14964951825750958,0.02195591265826876,0.02553295486561935
2024-06-28,0.06387195991196913,0.014493071982715726,0.08470007332949515,0.08118878959148473,0.07919645167732346,0.027899002985578788,0.02463692521006846,0.06466960337062704,0.03763398272317129,0.024077730950287698,0.192523337793763,0.09445002388532642,0.16699083042517782,0.019811816849923617,0.023856399313087664
2024-07-01,0.06387195991196913,0.014493071982715726,0.08470007332949515,0.08118878959148473,0.07919645167732346,0.027899002985578788,0.02463692521006846,0.06466960337062704,0.03763398272317129,0.024077730950287698,0.192523337793763,0.09445002388532642,0.16699083042517782,0.019811816849923617,0.023856399313087664
2024-07-02,0.06387195991196913,0.014493071982715726,0.08470007332949515,0.08118878959148473,0.07919645167732346,0.027899002985578788,0.02463692521006846,0.06466960337062704,0.03763398272317129,0.024077730950287698,0.192523337793763,0.09445002388532642,0.16699083042517782,0.019811816849923617,0.023856399313087664
2024-07-03,0.06387195991196913,0.014493071982715726,0.08470007332949515,0.08118878959148473,0.07919645167732346,0.027899002985578788,0.02463692521006846,0.06466960337062704,0.03763398272317129,0.024077730950287698,0.192523337793763,0.09445002388532642,0.16699083042517782,0.019811816849923617,0.023856399313087664
2024-07-04,0.06387195991196913,0.014493071982715726,0.08470007332949515,0.08118878959148473,0.07919645167732346,0.027899002985578788,0.02463692521006846,0.06466960337062704,0.03763398272317129,0.024077730950287698,0.192523337793763,0.09445002388532642,0.16699083042517782,0.019811816849923617,0.023856399313087664
2024-07-05,0.06387195991196913,0.014493071982715726,0.08470007332949515,0.08118878959148473,0.07919645167732346,0.027899002985578788,0.02463692521006846,0.06466960337062704,0.03763398272317129,0.024077730950287698,0.192523337793763,0.09445002388532642,0.16699083042517782,0.019811816849923617,0.023856399313087664
2024-07-08,0.06387195991196913,0.014493071982715726,0.08470007332949515,0.08118878959148473,0.07919645167732346,0.027899002985578788,0.02463692521006846,0.06466960337062704,0.03763398272317129,0.024077730950287698,0.192523337793763,0.09445002388532642,0.16699083042517782,0.019811816849923617,0.023856399313087664
2024-07-09,0.06387195991196913,0.014493071982715726,0.08470007332949515,0.08118878959148473,0.07919645167732346,0.027899002985578788,0.02463692521006846,0.06466960337062704,0.03763398272317129,0.024077730950287698,0.192523337793763,0.09445002388532642,0.16699083042517782,0.019811816849923617,0.023856399313087664
2024-07-10,0.06387195991196913,0.014493071982715726,0.08470007332949515,0.08118878959148473,0.07919645167732346,0.027899002985578788,0.02463692521006846,0.06466960337062704,0.03763398272317129,0.024077730950287698,0.192523337793763,0.09445002388532642,0.16699083042517782,0.019811816849923617,0.023856399313087664
2024-07-11,0.06387195991196913,0.014493071982715726,0.08470007332949515,0.08118878959148473,0.07919645167732346,0.027899002985578788,0.02463692521006846,0.06466960337062704,0.03763398272317129,0.024077730950287698,0.192523337793763,0.09445002388532642,0.16699083042517782,0.019811816849923617,0.023856399313087664
2024-07-12,0.06387195991196913,0.014493071982715726,0.08470007332949515,0.08118878959148473,0.07919645167732346,0.027899002985578788,0.02463692521006846,0.06466960337062704,0.03763398272317129,0.024077730950287698,0.192523337793763,0.09445002388532642,0.16699083042517782,0.019811816849923617,0.023856399313087664
2024-07-15,0.06387195991196913,0.014493071982715726,0.08470007332949515,0.08118878959148473,0.07919645167732346,0.027899002985578788,0.02463692521006846,0.06466960337062704,0.03763398272317129,0.024077730950287698,0.192523337793763,0.09445002388532642,0.16699083042517782,0.019811816849923617,0.023856399313087664
2024-07-16,0.06387195991196913,0.014493071982715726,0.08470007332949515,0.08118878959148473,0.07919645167732346,0.027899002985578788,0.02463692521006846,0.06466960337062704,0.03763398272317129,0.024077730950287698,0.192523337793763,0.09445002388532642,0.16699083042517782,0.019811816849923617,0.023856399313087664
2024-07-17,0.06387195991196913,0.014493071982715726,0.08470007332949515,0.08118878959148473,0.07919645167732346,0.027899002985578788,0.02463692521006846,0.06466960337062704,0.03763398272317129,0.024077730950287698,0.192523337793763,0.09445002388532642,0.16699083042517782,0.019811816849923617,0.023856399313087664
2024-07-18,0.06387195991196913,0.014493071982715726,0.08470007332949515,0.08118878959148473,0.07919645167732346,0.027899002985578788,0.02463692521006846,0.06466960337062704,0.03763398272317129,0.024077730950287698,0.192523337793763,0.09445002388532642,0.16699083042517782,0.019811816849923617,0.023856399313087664
2024-07-19,0.06387195991196913,0.014493071982715726,0.08470007332949515,0.08118878959148473,0.07919645167732346,0.027899002985578788,0.02463692521006846,0.06466960337062704,0.03763398272317129,0.024077730950287698,0.192523337793763,0.09445002388532642,0.16699083042517782,0.019811816849923617,0.023856399313087664
2024-07-22,0.06387195991196913,0.014493071982715726,0.08470007332949515,0.08118878959148473,0.07919645167732346,0.027899002985578788,0.02463692521006846,0.06466960337062704,0.03763398272317129,0.024077730950287698,0.192523337793763,0.09445002388532642,0.16699083042517782,0.019811816849923617,0.023856399313087664
2024-07-23,0.06387195991196913,0.014493071982715726,0.08470007332949515,0.08118878959148473,0.07919645167732346,0.027899002985578788,0.02463692521006846,0.06466960337062704,0.03763398272317129,0.024077730950287698,0.192523337793763,0.09445002388532642,0.16699083042517782,0.019811816849923617,0.023856399313087664
2024-07-24,0.06387195991196913,0.014493071982715726,0.08470007332949515,0.08118878959148473,0.07919645167732346,0.027899002985578788,0.02463692521006846,0.06466960337062704,0.03763398272317129,0.024077730950287698,0.192523337793763,0.09445002388532642,0.16699083042517782,0.019811816849923617,0.023856399313087664
2024-07-25,0.06387195991196913,0.014493071982715726,0.08470007332949515,0.08118878959148473,0.07919645167732346,0.027899002985578788,0.02463692521006846,0.06466960337062704,0.03763398272317129,0.024077730950287698,0.192523337793763,0.09445002388532642,0.16699083042517782,0.019811816849923617,0.023856399313087664
2024-07-26,0.06387195991196913,0.014493071982715726,0.08470007332949515,0.08118878959148473,0.07919645167732346,0.027899002985578788,0.02463692521006846,0.06466960337062704,0.03763398272317129,0.024077730950287698,0.192523337793763,0.09445002388532642,0.16699083042517782,0.019811816849923617,0.023856399313087664
2024-07-29,0.06387195991196913,0.014493071982715726,0.08470007332949515,0.08118878959148473,0.07919645167732346,0.027899002985578788,0.02463692521006846,0.06466960337062704,0.03763398272317129,0.024077730950287698,0.192523337793763,0.09445002388532642,0.16699083042517782,0.019811816849923617,0.023856399313087664
2024-07-30,0.06387195991196913,0.014493071982715726,0.08470007332949515,0.08118878959148473,0.07919645167732346,0.027899002985578788,0.02463692521006846,0.06466960337062704,0.03763398272317129,0.024077730950287698,0.192523337793763,0.09445002388532642,0.16699083042517782,0.019811816849923617,0.023856399313087664
2024-07-31,0.08395433605598708,0.01270617939113809,0.0888364614743615,0.07483153546763606,0.07409961113990554,0.017418844422206772,0.021375079605863944,0.04601602166254024,0.02457502308234473,0.020924121923997046,0.32281710415103293,0.11762453656055519,0.054095296266795156,0.020613853414165936,0.020111995381469606
2024-08-01,0.08395433605598708,0.01270617939113809,0.0888364614743615,0.07483153546763606,0.07409961113990554,0.017418844422206772,0.021375079605863944,0.04601602166254024,0.02457502308234473,0.020924121923997046,0.32281710415103293,0.11762453656055519,0.054095296266795156,0.020613853414165936,0.020111995381469606
2024-08-02,0.08395433605598708,0.01270617939113809,0.0888364614743615,0.07483153546763606,0.07409961113990554,0.017418844422206772,0.021375079605863944,0.04601602166254024,0.02457502308234473,0.020924121923997046,0.32281710415103293,0.11762453656055519,0.054095296266795156,0.020613853414165936,0.020111995381469606
2024-08-05,0.08395433605598708,0.01270617939113809,0.0888364614743615,0.07483153546763606,0.07409961113990554,0.017418844422206772,0.021375079605863944,0.04601602166254024,0.02457502308234473,0.020924121923997046,0.32281710415103293,0.11762453656055519,0.054095296266795156,0.020613853414165936,0.020111995381469606
2024-08-06,0.08395433605598708,0.01270617939113809,0.0888364614743615,0.07483153546763606,0.07409961113990554,0.017418844422206772,0.021375079605863944,0.04601602166254024,0.02457502308234473,0.020924121923997046,0.32281710415103293,0.11762453656055519,0.054095296266795156,0.020613853414165936,0.020111995381469606
2024-08-07,0.08395433605598708,0.01270617939113809,0.0888364614743615,0.07483153546763606,0.07409961113990554,0.017418844422206772,0.021375079605863944,0.04601602166254024,0.02457502308234473,0.020924121923997046,0.32281710415103293,0.11762453656055519,0.054095296266795156,0.020613853414165936,0.020111995381469606
2024-08-08,0.08395433605598708,0.01270617939113809,0.0888364614743615,0.07483153546763606,0.07409961113990554,0.017418844422206772,0.021375079605863944,0.04601602166254024,0.02457502308234473,0.020924121923997046,0.32281710415103293,0.11762453656055519,0.054095296266795156,0.020613853414165936,0.020111995381469606
2024-08-09,0.08395433605598708,0.01270617939113809,0.0888364614743615,0.07483153546763606,0.07409961113990554,0.017418844422206772,0.021375079605863944,0.04601602166254024,0.02457502308234473,0.020924121923997046,0.32281710415103293,0.11762453656055519,0.054095296266795156,0.020613853414165936,0.020111995381469606
2024-08-12,0.08395433605598708,0.01270617939113809,0.0888364614743615,0.07483153546763606,0.07409961113990554,0.017418844422206772,0.021375079605863944,0.04601602166254024,0.02457502308234473,0.020924121923997046,0.32281710415103293,0.11762453656055519,0.054095296266795156,0.020613853414165936,0.020111995381469606
2024-08-13,0.08395433605598708,0.01270617939113809,0.0888364614743615,0.07483153546763606,0.07409961113990554,0.017418844422206772,0.021375079605863944,0.04601602166254024,0.02457502308234473,0.020924121923997046,0.32281710415103293,0.11762453656055519,0.054095296266795156,0.020613853414165936,0.020111995381469606
2024-08-14,0.08395433605598708,0.01270617939113809,0.0888364614743615,0.07483153546763606,0.07409961113990554,0.017418844422206772,0.021375079605863944,0.04601602166254024,0.02457502308234473,0.020924121923997046,0.32281710415103293,0.11762453656055519,0.054095296266795156,0.020613853414165936,0.020111995381469606
2024-08-15,0.08395433605598708,0.01270617939113809,0.0888364614743615,0.07483153546763606,0.07409961113990554,0.017418844422206772,0.021375079605863944,0.04601602166254024,0.02457502308234473,0.020924121923997046,0.32281710415103293,0.11762453656055519,0.054095296266795156,0.020613853414165936,0.020111995381469606
2024-08-16,0.08395433605598708,0.01270617939113809,0.0888364614743615,0.07483153546763606,0.07409961113990554,0.017418844422206772,0.021375079605863944,0.04601602166254024,0.02457502308234473,0.020924121923997046,0.32281710415103293,0.11762453656055519,0.054095296266795156,0.020613853414165936,0.020111995381469606
2024-08-19,0.08395433605598708,0.01270617939113809,0.0888364614743615,0.07483153546763606,0.07409961113990554,0.017418844422206772,0.021375079605863944,0.04601602166254024,0.02457502308234473,0.020924121923997046,0.32281710415103293,0.11762453656055519,0.054095296266795156,0.020613853414165936,0.020111995381469606
2024-08-20,0.08395433605598708,0.01270617939113809,0.0888364614743615,0.07483153546763606,0.07409961113990554,0.017418844422206772,0.021375079605863944,0.04601602166254024,0.02457502308234473,0.020924121923997046,0.32281710415103293,0.11762453656055519,0.054095296266795156,0.020613853414165936,0.020111995381469606
2024-08-21,0.08395433605598708,0.01270617939113809,0.0888364614743615,0.07483153546763606,0.07409961113990554,0.017418844422206772,0.021375079605863944,0.04601602166254024,0.02457502308234473,0.020924121923997046,0.32281710415103293,0.11762453656055519,0.054095296266795156,0.020613853414165936,0.020111995381469606
2024-08-22,0.08395433605598708,0.01270617939113809,0.0888364614743615,0.07483153546763606,0.07409961113990554,0.017418844422206772,0.021375079605863944,0.04601602166254024,0.02457502308234473,0.020924121923997046,0.32281710415103293,0.11762453656055519,0.054095296266795156,0.020613853414165936,0.020111995381469606
2024-08-23,0.08395433605598708,0.01270617939113809,0.0888364614743615,0.07483153546763606,0.07409961113990554,0.017418844422206772,0.021375079605863944,0.04601602166254024,0.02457502308234473,0.020924121923997046,0.32281710415103293,0.11762453656055519,0.054095296266795156,0.020613853414165936,0.020111995381469606
2024-08-26,0.08395433605598708,0.01270617939113809,0.0888364614743615,0.07483153546763606,0.07409961113990554,0.017418844422206772,0.021375079605863944,0.04601602166254024,0.02457502308234473,0.020924121923997046,0.32281710415103293,0.11762453656055519,0.054095296266795156,0.020613853414165936,0.020111995381469606
2024-08-27,0.08395433605598708,0.01270617939113809,0.0888364614743615,0.07483153546763606,0.07409961113990554,0.017418844422206772,0.021375079605863944,0.04601602166254024,0.02457502308234473,0.020924121923997046,0.32281710415103293,0.11762453656055519,0.054095296266795156,0.020613853414165936,0.020111995381469606
2024-08-28,0.08395433605598708,0.01270617939113809,0.0888364614743615,0.07483153546763606,0.07409961113990554,0.017418844422206772,0.021375079605863944,0.04601602166254024,0.02457502308234473,0.020924121923997046,0.32281710415103293,0.11762453656055519,0.054095296266795156,0.020613853414165936,0.020111995381469606
2024-08-29,0.08395433605598708,0.01270617939113809,0.0888364614743615,0.07483153546763606,0.07409961113990554,0.017418844422206772,0.021375079605863944,0.04601602166254024,0.02457502308234473,0.020924121923997046,0.32281710415103293,0.11762453656055519,0.054095296266795156,0.020613853414165936,0.020111995381469606
2024-08-30,0.04828638025910905,0.014903633081100699,0.10981430028984338,0.09068170598583206,0.07445167078702485,0.014254166200874196,0.013200887079968061,0.06434083080153978,0.019884315419361562,0.025329047693192327,0.37615587559731245,0.0594470168918517,0.046559935852656394,0.01926851798847537,0.023421716071857973
2024-09-02,0.04828638025910905,0.014903633081100699,0.10981430028984338,0.09068170598583206,0.07445167078702485,0.014254166200874196,0.013200887079968061,0.06434083080153978,0.019884315419361562,0.025329047693192327,0.37615587559731245,0.0594470168918517,0.046559935852656394,0.01926851798847537,0.023421716071857973
2024-09-03,0.04828638025910905,0.014903633081100699,0.10981430028984338,0.09068170598583206,0.07445167078702485,0.014254166200874196,0.013200887079968061,0.06434083080153978,0.019884315419361562,0.025329047693192327,0.37615587559731245,0.0594470168918517,0.046559935852656394,0.01926851798847537,0.023421716071857973
2024-09-04,0.04828638025910905,0.014903633081100699,0.10981430028984338,0.09068170598583206,0.07445167078702485,0.014254166200874196,0.013200887079968061,0.06434083080153978,0.019884315419361562,0.025329047693192327,0.37615587559731245,0.0594470168918517,0.046559935852656394,0.01926851798847537,0.023421716071857973
2024-09-05,0.04828638025910905,0.014903633081100699,0.10981430028984338,0.09068170598583206,0.07445167078702485,0.014254166200874196,0.013200887079968061,0.06434083080153978,0.019884315419361562,0.025329047693192327,0.37615587559731245,0.0594470168918517,0.046559935852656394,0.01926851798847537,0.023421716071857973
2024-09-06,0.04828638025910905,0.014903633081100699,0.10981430028984338,0.09068170598583206,0.07445167078702485,0.014254166200874196,0.013200887079968061,0.06434083080153978,0.019884315419361562,0.025329047693192327,0.37615587559731245,0.0594470168918517,0.046559935852656394,0.01926851798847537,0.023421716071857973
2024-09-09,0.04828638025910905,0.014903633081100699,0.10981430028984338,0.09068170598583206,0.07445167078702485,0.014254166200874196,0.013200887079968061,0.06434083080153978,0.019884315419361562,0.025329047693192327,0.37615587559731245,0.0594470168918517,0.046559935852656394,0.01926851798847537,0.023421716071857973
2024-09-10,0.04828638025910905,0.014903633081100699,0.10981430028984338,0.09068170598583206,0.07445167078702485,0.014254166200874196,0.013200887079968061,0.06434083080153978,0.019884315419361562,0.025329047693192327,0.37615587559731245,0.0594470168918517,0.046559935852656394,0.01926851798847537,0.023421716071857973
2024-09-11,0.04828638025910905,0.014903633081100699,0.10981430028984338,0.09068170598583206,0.07445167078702485,0.014254166200874196,0.013200887079968061,0.06434083080153978,0.019884315419361562,0.025329047693192327,0.37615587559731245,0.0594470168918517,0.046559935852656394,0.01926851798847537,0.023421716071857973
2024-09-12,0.04828638025910905,0.014903633081100699,0.10981430028984338,0.09068170598583206,0.07445167078702485,0.014254166200874196,0.013200887079968061,0.06434083080153978,0.019884315419361562,0.025329047693192327,0.37615587559731245,0.0594470168918517,0.046559935852656394,0.01926851798847537,0.023421716071857973
2024-09-13,0.04828638025910905,0.014903633081100699,0.10981430028984338,0.09068170598583206,0.07445167078702485,0.014254166200874196,0.013200887079968061,0.06434083080153978,0.019884315419361562,0.025329047693192327,0.37615587559731245,0.0594470168918517,0.046559935852656394,0.01926851798847537,0.023421716071857973
2024-09-16,0.04828638025910905,0.014903633081100699,0.10981430028984338,0.09068170598583206,0.07445167078702485,0.014254166200874196,0.013200887079968061,0.06434083080153978,0.019884315419361562,0.025329047693192327,0.37615587559731245,0.0594470168918517,0.046559935852656394,0.01926851798847537,0.023421716071857973
2024-09-17,0.04828638025910905,0.014903633081100699,0.10981430028984338,0.09068170598583206,0.07445167078702485,0.014254166200874196,0.013200887079968061,0.06434083080153978,0.019884315419361562,0.025329047693192327,0.37615587559731245,0.0594470168918517,0.046559935852656394,0.01926851798847537,0.023421716071857973
2024-09-18,0.04828638025910905,0.014903633081100699,0.10981430028984338,0.09068170598583206,0.07445167078702485,0.014254166200874196,0.013200887079968061,0.06434083080153978,0.019884315419361562,0.025329047693192327,0.37615587559731245,0.0594470168918517,0.046559935852656394,0.01926851798847537,0.023421716071857973
2024-09-19,0.04828638025910905,0.014903633081100699,0.10981430028984338,0.09068170598583206,0.07445167078702485,0.014254166200874196,0.013200887079968061,0.06434083080153978,0.019884315419361562,0.025329047693192327,0.37615587559731245,0.0594470168918517,0.046559935852656394,0.01926851798847537,0.023421716071857973
2024-09-20,0.04828638025910905,0.014903633081100699,0.10981430028984338,0.09068170598583206,0.07445167078702485,0.014254166200874196,0.013200887079968061,0.06434083080153978,0.019884315419361562,0.025329047693192327,0.37615587559731245,0.0594470168918517,0.046559935852656394,0.01926851798847537,0.023421716071857973
2024-09-23,0.04828638025910905,0.014903633081100699,0.10981430028984338,0.09068170598583206,0.07445167078702485,0.014254166200874196,0.013200887079968061,0.06434083080153978,0.019884315419361562,0.025329047693192327,0.37615587559731245,0.0594470168918517,0.046559935852656394,0.01926851798847537,0.023421716071857973
2024-09-24,0.04828638025910905,0.014903633081100699,0.10981430028984338,0.09068170598583206,0.07445167078702485,0.014254166200874196,0.013200887079968061,0.06434083080153978,0.019884315419361562,0.025329047693192327,0.37615587559731245,0.0594470168918517,0.046559935852656394,0.01926851798847537,0.023421716071857973
2024-09-25,0.04828638025910905,0.014903633081100699,0.10981430028984338,0.09068170598583206,0.07445167078702485,0.014254166200874196,0.013200887079968061,0.06434083080153978,0.019884315419361562,0.025329047693192327,0.37615587559731245,0.0594470168918517,0.046559935852656394,0.01926851798847537,0.023421716071857973
2024-09-26,0.04828638025910905,0.014903633081100699,0.10981430028984338,0.09068170598583206,0.07445167078702485,0.014254166200874196,0.013200887079968061,0.06434083080153978,0.019884315419361562,0.025329047693192327,0.37615587559731245,0.0594470168918517,0.046559935852656394,0.01926851798847537,0.023421716071857973
2024-09-27,0.04828638025910905,0.014903633081100699,0.10981430028984338,0.09068170598583206,0.07445167078702485,0.014254166200874196,0.013200887079968061,0.06434083080153978,0.019884315419361562,0.025329047693192327,0.37615587559731245,0.0594470168918517,0.046559935852656394,0.01926851798847537,0.023421716071857973
2024-09-30,0.05030191086777251,0.022613818870784244,0.15540014072079264,0.10468661108188591,0.06651972840602281,0.0209029540448561,0.013142295400175604,0.06164737380901069,0.025511231225481126,0.023327447676663032,0.26204325702398557,0.08141664347111478,0.05870074855767171,0.01988295927839962,0.03390287956538368
2024-10-01,0.05030191086777251,0.022613818870784244,0.15540014072079264,0.10468661108188591,0.06651972840602281,0.0209029540448561,0.013142295400175604,0.06164737380901069,0.025511231225481126,0.023327447676663032,0.26204325702398557,0.08141664347111478,0.05870074855767171,0.01988295927839962,0.03390287956538368
2024-10-02,0.05030191086777251,0.022613818870784244,0.15540014072079264,0.10468661108188591,0.06651972840602281,0.0209029540448561,0.013142295400175604,0.06164737380901069,0.025511231225481126,0.023327447676663032,0.26204325702398557,0.08141664347111478,0.05870074855767171,0.01988295927839962,0.03390287956538368
2024-10-03,0.05030191086777251,0.022613818870784244,0.15540014072079264,0.10468661108188591,0.06651972840602281,0.0209029540448561,0.013142295400175604,0.06164737380901069,0.025511231225481126,0.023327447676663032,0.26204325702398557,0.08141664347111478,0.05870074855767171,0.01988295927839962,0.03390287956538368
2024-10-04,0.05030191086777251,0.022613818870784244,0.15540014072079264,0.10468661108188591,0.06651972840602281,0.0209029540448561,0.013142295400175604,0.06164737380901069,0.025511231225481126,0.023327447676663032,0.26204325702398557,0.08141664347111478,0.05870074855767171,0.01988295927839962,0.03390287956538368
2024-10-07,0.05030191086777251,0.022613818870784244,0.15540014072079264,0.10468661108188591,0.06651972840602281,0.0209029540448561,0.013142295400175604,0.06164737380901069,0.025511231225481126,0.023327447676663032,0.26204325702398557,0.08141664347111478,0.05870074855767171,0.01988295927839962,0.03390287956538368
2024-10-08,0.05030191086777251,0.022613818870784244,0.15540014072079264,0.10468661108188591,0.06651972840602281,0.0209029540448561,0.013142295400175604,0.06164737380901069,0.025511231225481126,0.023327447676663032,0.26204325702398557,0.08141664347111478,0.05870074855767171,0.01988295927839962,0.03390287956538368
2024-10-09,0.05030191086777251,0.022613818870784244,0.15540014072079264,0.10468661108188591,0.06651972840602281,0.0209029540448561,0.013142295400175604,0.06164737380901069,0.025511231225481126,0.023327447676663032,0.26204325702398557,0.08141664347111478,0.05870074855767171,0.01988295927839962,0.03390287956538368
2024-10-10,0.05030191086777251,0.022613818870784244,0.15540014072079264,0.10468661108188591,0.06651972840602281,0.0209029540448561,0.013142295400175604,0.06164737380901069,0.025511231225481126,0.023327447676663032,0.26204325702398557,0.08141664347111478,0.05870074855767171,0.01988295927839962,0.03390287956538368
2024-10-11,0.05030191086777251,0.022613818870784244,0.15540014072079264,0.10468661108188591,0.06651972840602281,0.0209029540448561,0.013142295400175604,0.06164737380901069,0.025511231225481126,0.023327447676663032,0.26204325702398557,0.08141664347111478,0.05870074855767171,0.01988295927839962,0.03390287956538368
2024-10-14,0.05030191086777251,0.022613818870784244,0.15540014072079264,0.10468661108188591,0.06651972840602281,0.0209029540448561,0.013142295400175604,0.06164737380901069,0.025511231225481126,0.023327447676663032,0.26204325702398557,0.08141664347111478,0.05870074855767171,0.01988295927839962,0.03390287956538368
2024-10-15,0.05030191086777251,0.022613818870784244,0.15540014072079264,0.10468661108188591,0.06651972840602281,0.0209029540448561,0.013142295400175604,0.06164737380901069,0.025511231225481126,0.023327447676663032,0.26204325702398557,0.08141664347111478,0.05870074855767171,0.01988295927839962,0.03390287956538368
2024-10-16,0.05030191086777251,0.022613818870784244,0.15540014072079264,0.10468661108188591,0.06651972840602281,0.0209029540448561,0.013142295400175604,0.06164737380901069,0.025511231225481126,0.023327447676663032,0.26204325702398557,0.08141664347111478,0.05870074855767171,0.01988295927839962,0.03390287956538368
2024-10-17,0.05030191086777251,0.022613818870784244,0.15540014072079264,0.10468661108188591,0.06651972840602281,0.0209029540448561,0.013142295400175604,0.06164737380901069,0.025511231225481126,0.023327447676663032,0.26204325702398557,0.08141664347111478,0.05870074855767171,0.01988295927839962,0.03390287956538368
2024-10-18,0.05030191086777251,0.022613818870784244,0.15540014072079264,0.10468661108188591,0.06651972840602281,0.0209029540448561,0.013142295400175604,0.06164737380901069,0.025511231225481126,0.023327447676663032,0.26204325702398557,0.08141664347111478,0.05870074855767171,0.01988295927839962,0.03390287956538368
2024-10-21,0.05030191086777251,0.022613818870784244,0.15540014072079264,0.10468661108188591,0.06651972840602281,0.0209029540448561,0.013142295400175604,0.06164737380901069,0.025511231225481126,0.023327447676663032,0.26204325702398557,0.08141664347111478,0.05870074855767171,0.01988295927839962,0.03390287956538368
2024-10-22,0.05030191086777251,0.022613818870784244,0.15540014072079264,0.10468661108188591,0.06651972840602281,0.0209029540448561,0.013142295400175604,0.06164737380901069,0.025511231225481126,0.023327447676663032,0.26204325702398557,0.08141664347111478,0.05870074855767171,0.01988295927839962,0.03390287956538368
2024-10-23,0.05030191086777251,0.022613818870784244,0.15540014072079264,0.10468661108188591,0.06651972840602281,0.0209029540448561,0.013142295400175604,0.06164737380901069,0.025511231225481126,0.023327447676663032,0.26204325702398557,0.08141664347111478,0.05870074855767171,0.01988295927839962,0.03390287956538368
2024-10-24,0.05030191086777251,0.022613818870784244,0.15540014072079264,0.10468661108188591,0.06651972840602281,0.0209029540448561,0.013142295400175604,0.06164737380901069,0.025511231225481126,0.023327447676663032,0.26204325702398557,0.08141664347111478,0.05870074855767171,0.01988295927839962,0.03390287956538368
2024-10-25,0.05030191086777251,0.022613818870784244,0.15540014072079264,0.10468661108188591,0.06651972840602281,0.0209029540448561,0.013142295400175604,0.06164737380901069,0.025511231225481126,0.023327447676663032,0.26204325702398557,0.08141664347111478,0.05870074855767171,0.01988295927839962,0.03390287956538368
2024-10-28,0.05030191086777251,0.022613818870784244,0.15540014072079264,0.10468661108188591,0.06651972840602281,0.0209029540448561,0.013142295400175604,0.06164737380901069,0.025511231225481126,0.023327447676663032,0.26204325702398557,0.08141664347111478,0.05870074855767171,0.01988295927839962,0.03390287956538368
2024-10-29,0.05030191086777251,0.022613818870784244,0.15540014072079264,0.10468661108188591,0.06651972840602281,0.0209029540448561,0.013142295400175604,0.06164737380901069,0.025511231225481126,0.023327447676663032,0.26204325702398557,0.08141664347111478,0.05870074855767171,0.01988295927839962,0.03390287956538368
2024-10-30,0.05030191086777251,0.022613818870784244,0.15540014072079264,0.10468661108188591,0.06651972840602281,0.0209029540448561,0.013142295400175604,0.06164737380901069,0.025511231225481126,0.023327447676663032,0.26204325702398557,0.08141664347111478,0.05870074855767171,0.01988295927839962,0.03390287956538368
2024-10-31,0.056867240752446965,0.01179398674391168,0.09222181725944115,0.07338065823178908,0.040390040523093855,0.014912645270231624,0.010391883866199108,0.037158676770515875,0.020026441434566816,0.01652063801754245,0.437163951261187,0.09409666875207447,0.041849420671623304,0.01992822695016951,0.03329770349520725
2024-11-01,0.056867240752446965,0.01179398674391168,0.09222181725944115,0.07338065823178908,0.040390040523093855,0.014912645270231624,0.010391883866199108,0.037158676770515875,0.020026441434566816,0.01652063801754245,0.437163951261187,0.09409666875207447,0.041849420671623304,0.01992822695016951,0.03329770349520725
2024-11-04,0.056867240752446965,0.01179398674391168,0.09222181725944115,0.07338065823178908,0.040390040523093855,0.014912645270231624,0.010391883866199108,0.037158676770515875,0.020026441434566816,0.01652063801754245,0.437163951261187,0.09409666875207447,0.041849420671623304,0.01992822695016951,0.03329770349520725
2024-11-05,0.056867240752446965,0.01179398674391168,0.09222181725944115,0.07338065823178908,0.040390040523093855,0.014912645270231624,0.010391883866199108,0.037158676770515875,0.020026441434566816,0.01652063801754245,0.437163951261187,0.09409666875207447,0.041849420671623304,0.01992822695016951,0.03329770349520725
2024-11-06,0.056867240752446965,0.01179398674391168,0.09222181725944115,0.07338065823178908,0.040390040523093855,0.014912645270231624,0.010391883866199108,0.037158676770515875,0.020026441434566816,0.01652063801754245,0.437163951261187,0.09409666875207447,0.041849420671623304,0.01992822695016951,0.03329770349520725
2024-11-07,0.056867240752446965,0.01179398674391168,0.09222181725944115,0.07338065823178908,0.040390040523093855,0.014912645270231624,0.010391883866199108,0.037158676770515875,0.020026441434566816,0.01652063801754245,0.437163951261187,0.09409666875207447,0.041849420671623304,0.01992822695016951,0.03329770349520725
2024-11-08,0.056867240752446965,0.01179398674391168,0.09222181725944115,0.07338065823178908,0.040390040523093855,0.014912645270231624,0.010391883866199108,0.037158676770515875,0.020026441434566816,0.01652063801754245,0.437163951261187,0.09409666875207447,0.041849420671623304,0.01992822695016951,0.03329770349520725
2024-11-11,0.056867240752446965,0.01179398674391168,0.09222181725944115,0.07338065823178908,0.040390040523093855,0.014912645270231624,0.010391883866199108,0.037158676770515875,0.020026441434566816,0.01652063801754245,0.437163951261187,0.09409666875207447,0.041849420671623304,0.01992822695016951,0.03329770349520725
2024-11-12,0.056867240752446965,0.01179398674391168,0.09222181725944115,0.07338065823178908,0.040390040523093855,0.014912645270231624,0.010391883866199108,0.037158676770515875,0.020026441434566816,0.01652063801754245,0.437163951261187,0.09409666875207447,0.041849420671623304,0.01992822695016951,0.03329770349520725
2024-11-13,0.056867240752446965,0.01179398674391168,0.09222181725944115,0.07338065823178908,0.040390040523093855,0.014912645270231624,0.010391883866199108,0.037158676770515875,0.020026441434566816,0.01652063801754245,0.437163951261187,0.09409666875207447,0.041849420671623304,0.01992822695016951,0.03329770349520725
2024-11-14,0.056867240752446965,0.01179398674391168,0.09222181725944115,0.07338065823178908,0.040390040523093855,0.014912645270231624,0.010391883866199108,0.037158676770515875,0.020026441434566816,0.01652063801754245,0.437163951261187,0.09409666875207447,0.041849420671623304,0.01992822695016951,0.03329770349520725
2024-11-15,0.056867240752446965,0.01179398674391168,0.09222181725944115,0.07338065823178908,0.040390040523093855,0.014912645270231624,0.010391883866199108,0.037158676770515875,0.020026441434566816,0.01652063801754245,0.437163951261187,0.09409666875207447,0.041849420671623304,0.01992822695016951,0.03329770349520725
2024-11-18,0.056867240752446965,0.01179398674391168,0.09222181725944115,0.07338065823178908,0.040390040523093855,0.014912645270231624,0.010391883866199108,0.037158676770515875,0.020026441434566816,0.01652063801754245,0.437163951261187,0.09409666875207447,0.041849420671623304,0.01992822695016951,0.03329770349520725
2024-11-19,0.056867240752446965,0.01179398674391168,0.09222181725944115,0.07338065823178908,0.040390040523093855,0.014912645270231624,0.010391883866199108,0.037158676770515875,0.020026441434566816,0.01652063801754245,0.437163951261187,0.09409666875207447,0.041849420671623304,0.01992822695016951,0.03329770349520725
2024-11-20,0.056867240752446965,0.01179398674391168,0.09222181725944115,0.07338065823178908,0.040390040523093855,0.014912645270231624,0.010391883866199108,0.037158676770515875,0.020026441434566816,0.01652063801754245,0.437163951261187,0.09409666875207447,0.041849420671623304,0.01992822695016951,0.03329770349520725
2024-11-21,0.056867240752446965,0.01179398674391168,0.09222181725944115,0.07338065823178908,0.040390040523093855,0.014912645270231624,0.010391883866199108,0.037158676770515875,0.020026441434566816,0.01652063801754245,0.437163951261187,0.09409666875207447,0.041849420671623304,0.01992822695016951,0.03329770349520725
2024-11-22,0.056867240752446965,0.01179398674391168,0.09222181725944115,0.07338065823178908,0.040390040523093855,0.014912645270231624,0.010391883866199108,0.037158676770515875,0.020026441434566816,0.01652063801754245,0.437163951261187,0.09409666875207447,0.041849420671623304,0.01992822695016951,0.03329770349520725
2024-11-25,0.056867240752446965,0.01179398674391168,0.09222181725944115,0.07338065823178908,0.040390040523093855,0.014912645270231624,0.010391883866199108,0.037158676770515875,0.020026441434566816,0.01652063801754245,0.437163951261187,0.09409666875207447,0.041849420671623304,0.01992822695016951,0.03329770349520725
2024-11-26,0.056867240752446965,0.01179398674391168,0.09222181725944115,0.07338065823178908,0.040390040523093855,0.014912645270231624,0.010391883866199108,0.037158676770515875,0.020026441434566816,0.01652063801754245,0.437163951261187,0.09409666875207447,0.041849420671623304,0.01992822695016951,0.03329770349520725
2024-11-27,0.056867240752446965,0.01179398674391168,0.09222181725944115,0.07338065823178908,0.040390040523093855,0.014912645270231624,0.010391883866199108,0.037158676770515875,0.020026441434566816,0.01652063801754245,0.437163951261187,0.09409666875207447,0.041849420671623304,0.01992822695016951,0.03329770349520725
2024-11-28,0.056867240752446965,0.01179398674391168,0.09222181725944115,0.07338065823178908,0.040390040523093855,0.014912645270231624,0.010391883866199108,0.037158676770515875,0.020026441434566816,0.01652063801754245,0.437163951261187,0.09409666875207447,0.041849420671623304,0.01992822695016951,0.03329770349520725
2024-11-29,0.06807836286030859,0.01136930304692037,0.10756641673542965,0.05056713379805716,0.03676917080617324,0.01748615191232563,0.011481838328568623,0.030940475808120697,0.023634442024849107,0.01978871587755956,0.4241049712251711,0.10190568946653769,0.04931310022913183,0.018730852510424983,0.028263375370421687
2024-12-02,0.06807836286030859,0.01136930304692037,0.10756641673542965,0.05056713379805716,0.03676917080617324,0.01748615191232563,0.011481838328568623,0.030940475808120697,0.023634442024849107,0.01978871587755956,0.4241049712251711,0.10190568946653769,0.04931310022913183,0.018730852510424983,0.028263375370421687
2024-12-03,0.06807836286030859,0.01136930304692037,0.10756641673542965,0.05056713379805716,0.03676917080617324,0.01748615191232563,0.011481838328568623,0.030940475808120697,0.023634442024849107,0.01978871587755956,0.4241049712251711,0.10190568946653769,0.04931310022913183,0.018730852510424983,0.028263375370421687
2024-12-04,0.06807836286030859,0.01136930304692037,0.10756641673542965,0.05056713379805716,0.03676917080617324,0.01748615191232563,0.011481838328568623,0.030940475808120697,0.023634442024849107,0.01978871587755956,0.4241049712251711,0.10190568946653769,0.04931310022913183,0.018730852510424983,0.028263375370421687
2024-12-05,0.06807836286030859,0.01136930304692037,0.10756641673542965,0.05056713379805716,0.03676917080617324,0.01748615191232563,0.011481838328568623,0.030940475808120697,0.023634442024849107,0.01978871587755956,0.4241049712251711,0.10190568946653769,0.04931310022913183,0.018730852510424983,0.028263375370421687
2024-12-06,0.06807836286030859,0.01136930304692037,0.10756641673542965,0.05056713379805716,0.03676917080617324,0.01748615191232563,0.011481838328568623,0.030940475808120697,0.023634442024849107,0.01978871587755956,0.4241049712251711,0.10190568946653769,0.04931310022913183,0.018730852510424983,0.028263375370421687
2024-12-09,0.06807836286030859,0.01136930304692037,0.10756641673542965,0.05056713379805716,0.03676917080617324,0.01748615191232563,0.011481838328568623,0.030940475808120697,0.023634442024849107,0.01978871587755956,0.4241049712251711,0.10190568946653769,0.04931310022913183,0.018730852510424983,0.028263375370421687
2024-12-10,0.06807836286030859,0.01136930304692037,0.10756641673542965,0.05056713379805716,0.03676917080617324,0.01748615191232563,0.011481838328568623,0.030940475808120697,0.023634442024849107,0.01978871587755956,0.4241049712251711,0.10190568946653769,0.04931310022913183,0.018730852510424983,0.028263375370421687
2024-12-11,0.06807836286030859,0.01136930304692037,0.10756641673542965,0.05056713379805716,0.03676917080617324,0.01748615191232563,0.011481838328568623,0.030940475808120697,0.023634442024849107,0.01978871587755956,0.4241049712251711,0.10190568946653769,0.04931310022913183,0.018730852510424983,0.028263375370421687
2024-12-12,0.06807836286030859,0.01136930304692037,0.10756641673542965,0.05056713379805716,0.03676917080617324,0.01748615191232563,0.011481838328568623,0.030940475808120697,0.023634442024849107,0.01978871587755956,0.4241049712251711,0.10190568946653769,0.04931310022913183,0.018730852510424983,0.028263375370421687
2024-12-13,0.06807836286030859,0.01136930304692037,0.10756641673542965,0.05056713379805716,0.03676917080617324,0.01748615191232563,0.011481838328568623,0.030940475808120697,0.023634442024849107,0.01978871587755956,0.4241049712251711,0.10190568946653769,0.04931310022913183,0.018730852510424983,0.028263375370421687
2024-12-16,0.06807836286030859,0.01136930304692037,0.10756641673542965,0.05056713379805716,0.03676917080617324,0.01748615191232563,0.011481838328568623,0.030940475808120697,0.023634442024849107,0.01978871587755956,0.4241049712251711,0.10190568946653769,0.04931310022913183,0.018730852510424983,0.028263375370421687
2024-12-17,0.06807836286030859,0.01136930304692037,0.10756641673542965,0.05056713379805716,0.03676917080617324,0.01748615191232563,0.011481838328568623,0.030940475808120697,0.023634442024849107,0.01978871587755956,0.4241049712251711,0.10190568946653769,0.04931310022913183,0.018730852510424983,0.028263375370421687
2024-12-18,0.06807836286030859,0.01136930304692037,0.10756641673542965,0.05056713379805716,0.03676917080617324,0.01748615191232563,0.011481838328568623,0.030940475808120697,0.023634442024849107,0.01978871587755956,0.4241049712251711,0.10190568946653769,0.04931310022913183,0.018730852510424983,0.028263375370421687
2024-12-19,0.06807836286030859,0.01136930304692037,0.10756641673542965,0.05056713379805716,0.03676917080617324,0.01748615191232563,0.011481838328568623,0.030940475808120697,0.023634442024849107,0.01978871587755956,0.4241049712251711,0.10190568946653769,0.04931310022913183,0.018730852510424983,0.028263375370421687
2024-12-20,0.06807836286030859,0.01136930304692037,0.10756641673542965,0.05056713379805716,0.03676917080617324,0.01748615191232563,0.011481838328568623,0.030940475808120697,0.023634442024849107,0.01978871587755956,0.4241049712251711,0.10190568946653769,0.04931310022913183,0.018730852510424983,0.028263375370421687
2024-12-23,0.06807836286030859,0.01136930304692037,0.10756641673542965,0.05056713379805716,0.03676917080617324,0.01748615191232563,0.011481838328568623,0.030940475808120697,0.023634442024849107,0.01978871587755956,0.4241049712251711,0.10190568946653769,0.04931310022913183,0.018730852510424983,0.028263375370421687
2024-12-24,0.06807836286030859,0.01136930304692037,0.10756641673542965,0.05056713379805716,0.03676917080617324,0.01748615191232563,0.011481838328568623,0.030940475808120697,0.023634442024849107,0.01978871587755956,0.4241049712251711,0.10190568946653769,0.04931310022913183,0.018730852510424983,0.028263375370421687
2024-12-25,0.06807836286030859,0.01136930304692037,0.10756641673542965,0.05056713379805716,0.03676917080617324,0.01748615191232563,0.011481838328568623,0.030940475808120697,0.023634442024849107,0.01978871587755956,0.4241049712251711,0.10190568946653769,0.04931310022913183,0.018730852510424983,0.028263375370421687
2024-12-26,0.06807836286030859,0.01136930304692037,0.10756641673542965,0.05056713379805716,0.03676917080617324,0.01748615191232563,0.011481838328568623,0.030940475808120697,0.023634442024849107,0.01978871587755956,0.4241049712251711,0.10190568946653769,0.04931310022913183,0.018730852510424983,0.028263375370421687
2024-12-27,0.06807836286030859,0.01136930304692037,0.10756641673542965,0.05056713379805716,0.03676917080617324,0.01748615191232563,0.011481838328568623,0.030940475808120697,0.023634442024849107,0.01978871587755956,0.4241049712251711,0.10190568946653769,0.04931310022913183,0.018730852510424983,0.028263375370421687
2024-12-30,0.06807836286030859,0.01136930304692037,0.10756641673542965,0.05056713379805716,0.03676917080617324,0.01748615191232563,0.011481838328568623,0.030940475808120697,0.023634442024849107,0.01978871587755956,0.4241049712251711,0.10190568946653769,0.04931310022913183,0.018730852510424983,0.028263375370421687
2024-12-31,0.0665932910199245,0.012627937685139553,0.09785928654127829,0.04998727748777358,0.04173944526064397,0.017750928102517397,0.013944397271408457,0.030357364267318065,0.024197638078913227,0.018446135627450205,0.4368094071669181,0.07613033354779218,0.06095891494078522,0.021101141022627817,0.03149650197950952
2025-01-02,0.0665932910199245,0.012627937685139553,0.09785928654127829,0.04998727748777358,0.04173944526064397,0.017750928102517397,0.013944397271408457,0.030357364267318065,0.024197638078913227,0.018446135627450205,0.4368094071669181,0.07613033354779218,0.06095891494078522,0.021101141022627817,0.03149650197950952
2025-01-03,0.0665932910199245,0.012627937685139553,0.09785928654127829,0.04998727748777358,0.04173944526064397,0.017750928102517397,0.013944397271408457,0.030357364267318065,0.024197638078913227,0.018446135627450205,0.4368094071669181,0.07613033354779218,0.06095891494078522,0.021101141022627817,0.03149650197950952
2025-01-06,0.0665932910199245,0.012627937685139553,0.09785928654127829,0.04998727748777358,0.04173944526064397,0.017750928102517397,0.013944397271408457,0.030357364267318065,0.024197638078913227,0.018446135627450205,0.4368094071669181,0.07613033354779218,0.06095891494078522,0.021101141022627817,0.03149650197950952
2025-01-07,0.0665932910199245,0.012627937685139553,0.09785928654127829,0.04998727748777358,0.04173944526064397,0.017750928102517397,0.013944397271408457,0.030357364267318065,0.024197638078913227,0.018446135627450205,0.4368094071669181,0.07613033354779218,0.06095891494078522,0.021101141022627817,0.03149650197950952
2025-01-08,0.0665932910199245,0.012627937685139553,0.09785928654127829,0.04998727748777358,0.04173944526064397,0.017750928102517397,0.013944397271408457,0.030357364267318065,0.024197638078913227,0.018446135627450205,0.4368094071669181,0.07613033354779218,0.06095891494078522,0.021101141022627817,0.03149650197950952
2025-01-09,0.0665932910199245,0.012627937685139553,0.09785928654127829,0.04998727748777358,0.04173944526064397,0.017750928102517397,0.013944397271408457,0.030357364267318065,0.024197638078913227,0.018446135627450205,0.4368094071669181,0.07613033354779218,0.06095891494078522,0.021101141022627817,0.03149650197950952
2025-01-10,0.0665932910199245,0.012627937685139553,0.09785928654127829,0.04998727748777358,0.04173944526064397,0.017750928102517397,0.013944397271408457,0.030357364267318065,0.024197638078913227,0.018446135627450205,0.4368094071669181,0.07613033354779218,0.06095891494078522,0.021101141022627817,0.03149650197950952
2025-01-13,0.0665932910199245,0.012627937685139553,0.09785928654127829,0.04998727748777358,0.04173944526064397,0.017750928102517397,0.013944397271408457,0.030357364267318065,0.024197638078913227,0.018446135627450205,0.4368094071669181,0.07613033354779218,0.06095891494078522,0.021101141022627817,0.03149650197950952
2025-01-14,0.0665932910199245,0.012627937685139553,0.09785928654127829,0.04998727748777358,0.04173944526064397,0.017750928102517397,0.013944397271408457,0.030357364267318065,0.024197638078913227,0.018446135627450205,0.4368094071669181,0.07613033354779218,0.06095891494078522,0.021101141022627817,0.03149650197950952
2025-01-15,0.0665932910199245,0.012627937685139553,0.09785928654127829,0.04998727748777358,0.04173944526064397,0.017750928102517397,0.013944397271408457,0.030357364267318065,0.024197638078913227,0.018446135627450205,0.4368094071669181,0.07613033354779218,0.06095891494078522,0.021101141022627817,0.03149650197950952
2025-01-16,0.0665932910199245,0.012627937685139553,0.09785928654127829,0.04998727748777358,0.04173944526064397,0.017750928102517397,0.013944397271408457,0.030357364267318065,0.024197638078913227,0.018446135627450205,0.4368094071669181,0.07613033354779218,0.06095891494078522,0.021101141022627817,0.03149650197950952
2025-01-17,0.0665932910199245,0.012627937685139553,0.09785928654127829,0.04998727748777358,0.04173944526064397,0.017750928102517397,0.013944397271408457,0.030357364267318065,0.024197638078913227,0.018446135627450205,0.4368094071669181,0.07613033354779218,0.06095891494078522,0.021101141022627817,0.03149650197950952
2025-01-20,0.0665932910199245,0.012627937685139553,0.09785928654127829,0.04998727748777358,0.04173944526064397,0.017750928102517397,0.013944397271408457,0.030357364267318065,0.024197638078913227,0.018446135627450205,0.4368094071669181,0.07613033354779218,0.06095891494078522,0.021101141022627817,0.03149650197950952
2025-01-21,0.0665932910199245,0.012627937685139553,0.09785928654127829,0.04998727748777358,0.04173944526064397,0.017750928102517397,0.013944397271408457,0.030357364267318065,0.024197638078913227,0.018446135627450205,0.4368094071669181,0.07613033354779218,0.06095891494078522,0.021101141022627817,0.03149650197950952
2025-01-22,0.0665932910199245,0.012627937685139553,0.09785928654127829,0.04998727748777358,0.04173944526064397,0.017750928102517397,0.013944397271408457,0.030357364267318065,0.024197638078913227,0.018446135627450205,0.4368094071669181,0.07613033354779218,0.06095891494078522,0.021101141022627817,0.03149650197950952
2025-01-23,0.0665932910199245,0.012627937685139553,0.09785928654127829,0.04998727748777358,0.04173944526064397,0.017750928102517397,0.013944397271408457,0.030357364267318065,0.024197638078913227,0.018446135627450205,0.4368094071669181,0.07613033354779218,0.06095891494078522,0.021101141022627817,0.03149650197950952
2025-01-24,0.0665932910199245,0.012627937685139553,0.09785928654127829,0.04998727748777358,0.04173944526064397,0.017750928102517397,0.013944397271408457,0.030357364267318065,0.024197638078913227,0.018446135627450205,0.4368094071669181,0.07613033354779218,0.06095891494078522,0.021101141022627817,0.03149650197950952
2025-01-27,0.0665932910199245,0.012627937685139553,0.09785928654127829,0.04998727748777358,0.04173944526064397,0.017750928102517397,0.013944397271408457,0.030357364267318065,0.024197638078913227,0.018446135627450205,0.4368094071669181,0.07613033354779218,0.06095891494078522,0.021101141022627817,0.03149650197950952
2025-01-28,0.0665932910199245,0.012627937685139553,0.09785928654127829,0.04998727748777358,0.04173944526064397,0.017750928102517397,0.013944397271408457,0.030357364267318065,0.024197638078913227,0.018446135627450205,0.4368094071669181,0.07613033354779218,0.06095891494078522,0.021101141022627817,0.03149650197950952
2025-01-29,0.0665932910199245,0.012627937685139553,0.09785928654127829,0.04998727748777358,0.04173944526064397,0.017750928102517397,0.013944397271408457,0.030357364267318065,0.024197638078913227,0.018446135627450205,0.4368094071669181,0.07613033354779218,0.06095891494078522,0.021101141022627817,0.03149650197950952
2025-01-30,0.0665932910199245,0.012627937685139553,0.09785928654127829,0.04998727748777358,0.04173944526064397,0.017750928102517397,0.013944397271408457,0.030357364267318065,0.024197638078913227,0.018446135627450205,0.4368094071669181,0.07613033354779218,0.06095891494078522,0.021101141022627817,0.03149650197950952
2025-01-31,0.04716466811771428,0.02373623958472452,0.0719755992533771,0.11219380815241381,0.07557010978966709,0.02024531520494569,0.01866893067438574,0.059265706462544296,0.03102607532003918,0.02498941317034655,0.19358135657985778,0.22000831643446167,0.052831176285213576,0.01718250323910896,0.03156078173119988
2025-02-03,0.04716466811771428,0.02373623958472452,0.0719755992533771,0.11219380815241381,0.07557010978966709,0.02024531520494569,0.01866893067438574,0.059265706462544296,0.03102607532003918,0.02498941317034655,0.19358135657985778,0.22000831643446167,0.052831176285213576,0.01718250323910896,0.03156078173119988
2025-02-04,0.04716466811771428,0.02373623958472452,0.0719755992533771,0.11219380815241381,0.07557010978966709,0.02024531520494569,0.01866893067438574,0.059265706462544296,0.03102607532003918,0.02498941317034655,0.19358135657985778,0.22000831643446167,0.052831176285213576,0.01718250323910896,0.03156078173119988
2025-02-05,0.04716466811771428,0.02373623958472452,0.0719755992533771,0.11219380815241381,0.07557010978966709,0.02024531520494569,0.01866893067438574,0.059265706462544296,0.03102607532003918,0.02498941317034655,0.19358135657985778,0.22000831643446167,0.052831176285213576,0.01718250323910896,0.03156078173119988
2025-02-06,0.04716466811771428,0.02373623958472452,0.0719755992533771,0.11219380815241381,0.07557010978966709,0.02024531520494569,0.01866893067438574,0.059265706462544296,0.03102607532003918,0.02498941317034655,0.19358135657985778,0.22000831643446167,0.052831176285213576,0.01718250323910896,0.03156078173119988
2025-02-07,0.04716466811771428,0.02373623958472452,0.0719755992533771,0.11219380815241381,0.07557010978966709,0.02024531520494569,0.01866893067438574,0.059265706462544296,0.03102607532003918,0.02498941317034655,0.19358135657985778,0.22000831643446167,0.052831176285213576,0.01718250323910896,0.03156078173119988
2025-02-10,0.04716466811771428,0.02373623958472452,0.0719755992533771,0.11219380815241381,0.07557010978966709,0.02024531520494569,0.01866893067438574,0.059265706462544296,0.03102607532003918,0.02498941317034655,0.19358135657985778,0.22000831643446167,0.052831176285213576,0.01718250323910896,0.03156078173119988
2025-02-11,0.04716466811771428,0.02373623958472452,0.0719755992533771,0.11219380815241381,0.07557010978966709,0.02024531520494569,0.01866893067438574,0.059265706462544296,0.03102607532003918,0.02498941317034655,0.19358135657985778,0.22000831643446167,0.052831176285213576,0.01718250323910896,0.03156078173119988
2025-02-12,0.04716466811771428,0.02373623958472452,0.0719755992533771,0.11219380815241381,0.07557010978966709,0.02024531520494569,0.01866893067438574,0.059265706462544296,0.03102607532003918,0.02498941317034655,0.19358135657985778,0.22000831643446167,0.052831176285213576,0.01718250323910896,0.03156078173119988
2025-02-13,0.04716466811771428,0.02373623958472452,0.0719755992533771,0.11219380815241381,0.07557010978966709,0.02024531520494569,0.01866893067438574,0.059265706462544296,0.03102607532003918,0.02498941317034655,0.19358135657985778,0.22000831643446167,0.052831176285213576,0.01718250323910896,0.03156078173119988
2025-02-14,0.04716466811771428,0.02373623958472452,0.0719755992533771,0.11219380815241381,0.07557010978966709,0.02024531520494569,0.01866893067438574,0.059265706462544296,0.03102607532003918,0.02498941317034655,0.19358135657985778,0.22000831643446167,0.052831176285213576,0.01718250323910896,0.03156078173119988
2025-02-17,0.04716466811771428,0.02373623958472452,0.0719755992533771,0.11219380815241381,0.07557010978966709,0.02024531520494569,0.01866893067438574,0.059265706462544296,0.03102607532003918,0.02498941317034655,0.19358135657985778,0.22000831643446167,0.052831176285213576,0.01718250323910896,0.03156078173119988
2025-02-18,0.04716466811771428,0.02373623958472452,0.0719755992533771,0.11219380815241381,0.07557010978966709,0.02024531520494569,0.01866893067438574,0.059265706462544296,0.03102607532003918,0.02498941317034655,0.19358135657985778,0.22000831643446167,0.052831176285213576,0.01718250323910896,0.03156078173119988
2025-02-19,0.04716466811771428,0.02373623958472452,0.0719755992533771,0.11219380815241381,0.07557010978966709,0.02024531520494569,0.01866893067438574,0.059265706462544296,0.03102607532003918,0.02498941317034655,0.19358135657985778,0.22000831643446167,0.052831176285213576,0.01718250323910896,0.03156078173119988
2025-02-20,0.04716466811771428,0.02373623958472452,0.0719755992533771,0.11219380815241381,0.07557010978966709,0.02024531520494569,0.01866893067438574,0.059265706462544296,0.03102607532003918,0.02498941317034655,0.19358135657985778,0.22000831643446167,0.052831176285213576,0.01718250323910896,0.03156078173119988
2025-02-21,0.04716466811771428,0.02373623958472452,0.0719755992533771,0.11219380815241381,0.07557010978966709,0.02024531520494569,0.01866893067438574,0.059265706462544296,0.03102607532003918,0.02498941317034655,0.19358135657985778,0.22000831643446167,0.052831176285213576,0.01718250323910896,0.03156078173119988
2025-02-24,0.04716466811771428,0.02373623958472452,0.0719755992533771,0.11219380815241381,0.07557010978966709,0.02024531520494569,0.01866893067438574,0.059265706462544296,0.03102607532003918,0.02498941317034655,0.19358135657985778,0.22000831643446167,0.052831176285213576,0.01718250323910896,0.03156078173119988
2025-02-25,0.04716466811771428,0.02373623958472452,0.0719755992533771,0.11219380815241381,0.07557010978966709,0.02024531520494569,0.01866893067438574,0.059265706462544296,0.03102607532003918,0.02498941317034655,0.19358135657985778,0.22000831643446167,0.052831176285213576,0.01718250323910896,0.03156078173119988
2025-02-26,0.04716466811771428,0.02373623958472452,0.0719755992533771,0.11219380815241381,0.07557010978966709,0.02024531520494569,0.01866893067438574,0.059265706462544296,0.03102607532003918,0.02498941317034655,0.19358135657985778,0.22000831643446167,0.052831176285213576,0.01718250323910896,0.03156078173119988
2025-02-27,0.04716466811771428,0.02373623958472452,0.0719755992533771,0.11219380815241381,0.07557010978966709,0.02024531520494569,0.01866893067438574,0.059265706462544296,0.03102607532003918,0.02498941317034655,0.19358135657985778,0.22000831643446167,0.052831176285213576,0.01718250323910896,0.03156078173119988
2025-02-28,0.05091414994986424,0.022950703164656427,0.07224197295678693,0.08518700539550036,0.08640265899210536,0.02329243489191474,0.029855640934590363,0.058038900797894574,0.038341836884050275,0.023710962002977346,0.131145478300048,0.262290956600096,0.065572739150024,0.016860409521558865,0.03319415045793256
2025-03-03,0.05091414994986424,0.022950703164656427,0.07224197295678693,0.08518700539550036,0.08640265899210536,0.02329243489191474,0.029855640934590363,0.058038900797894574,0.038341836884050275,0.023710962002977346,0.131145478300048,0.262290956600096,0.065572739150024,0.016860409521558865,0.03319415045793256
2025-03-04,0.05091414994986424,0.022950703164656427,0.07224197295678693,0.08518700539550036,0.08640265899210536,0.02329243489191474,0.029855640934590363,0.058038900797894574,0.038341836884050275,0.023710962002977346,0.131145478300048,0.262290956600096,0.065572739150024,0.016860409521558865,0.03319415045793256
2025-03-05,0.05091414994986424,0.022950703164656427,0.07224197295678693,0.08518700539550036,0.08640265899210536,0.02329243489191474,0.029855640934590363,0.058038900797894574,0.038341836884050275,0.023710962002977346,0.131145478300048,0.262290956600096,0.065572739150024,0.016860409521558865,0.03319415045793256
2025-03-06,0.05091414994986424,0.022950703164656427,0.07224197295678693,0.08518700539550036,0.08640265899210536,0.02329243489191474,0.029855640934590363,0.058038900797894574,0.038341836884050275,0.023710962002977346,0.131145478300048,0.262290956600096,0.065572739150024,0.016860409521558865,0.03319415045793256
2025-03-07,0.05091414994986424,0.022950703164656427,0.07224197295678693,0.08518700539550036,0.08640265899210536,0.02329243489191474,0.029855640934590363,0.058038900797894574,0.038341836884050275,0.023710962002977346,0.131145478300048,0.262290956600096,0.065572739150024,0.016860409521558865,0.03319415045793256
2025-03-10,0.05091414994986424,0.022950703164656427,0.07224197295678693,0.08518700539550036,0.08640265899210536,0.02329243489191474,0.029855640934590363,0.058038900797894574,0.038341836884050275,0.023710962002977346,0.131145478300048,0.262290956600096,0.065572739150024,0.016860409521558865,0.03319415045793256
2025-03-11,0.05091414994986424,0.022950703164656427,0.07224197295678693,0.08518700539550036,0.08640265899210536,0.02329243489191474,0.029855640934590363,0.058038900797894574,0.038341836884050275,0.023710962002977346,0.131145478300048,0.262290956600096,0.065572739150024,0.016860409521558865,0.03319415045793256
2025-03-12,0.05091414994986424,0.022950703164656427,0.07224197295678693,0.08518700539550036,0.08640265899210536,0.02329243489191474,0.029855640934590363,0.058038900797894574,0.038341836884050275,0.023710962002977346,0.131145478300048,0.262290956600096,0.065572739150024,0.016860409521558865,0.03319415045793256
2025-03-13,0.05091414994986424,0.022950703164656427,0.07224197295678693,0.08518700539550036,0.08640265899210536,0.02329243489191474,0.029855640934590363,0.058038900797894574,0.038341836884050275,0.023710962002977346,0.131145478300048,0.262290956600096,0.065572739150024,0.016860409521558865,0.03319415045793256
2025-03-14,0.05091414994986424,0.022950703164656427,0.07224197295678693,0.08518700539550036,0.08640265899210536,0.02329243489191474,0.029855640934590363,0.058038900797894574,0.038341836884050275,0.023710962002977346,0.131145478300048,0.262290956600096,0.065572739150024,0.016860409521558865,0.03319415045793256
2025-03-17,0.05091414994986424,0.022950703164656427,0.07224197295678693,0.08518700539550036,0.08640265899210536,0.02329243489191474,0.029855640934590363,0.058038900797894574,0.038341836884050275,0.023710962002977346,0.131145478300048,0.262290956600096,0.065572739150024,0.016860409521558865,0.03319415045793256
2025-03-18,0.05091414994986424,0.022950703164656427,0.07224197295678693,0.08518700539550036,0.08640265899210536,0.02329243489191474,0.029855640934590363,0.058038900797894574,0.038341836884050275,0.023710962002977346,0.131145478300048,0.262290956600096,0.065572739150024,0.016860409521558865,0.03319415045793256
2025-03-19,0.05091414994986424,0.022950703164656427,0.07224197295678693,0.08518700539550036,0.08640265899210536,0.02329243489191474,0.029855640934590363,0.058038900797894574,0.038341836884050275,0.023710962002977346,0.131145478300048,0.262290956600096,0.065572739150024,0.016860409521558865,0.03319415045793256
2025-03-20,0.05091414994986424,0.022950703164656427,0.07224197295678693,0.08518700539550036,0.08640265899210536,0.02329243489191474,0.029855640934590363,0.058038900797894574,0.038341836884050275,0.023710962002977346,0.131145478300048,0.262290956600096,0.065572739150024,0.016860409521558865,0.03319415045793256
2025-03-21,0.05091414994986424,0.022950703164656427,0.07224197295678693,0.08518700539550036,0.08640265899210536,0.02329243489191474,0.029855640934590363,0.058038900797894574,0.038341836884050275,0.023710962002977346,0.131145478300048,0.262290956600096,0.065572739150024,0.016860409521558865,0.03319415045793256
2025-03-24,0.05091414994986424,0.022950703164656427,0.07224197295678693,0.08518700539550036,0.08640265899210536,0.02329243489191474,0.029855640934590363,0.058038900797894574,0.038341836884050275,0.023710962002977346,0.131145478300048,0.262290956600096,0.065572739150024,0.016860409521558865,0.03319415045793256
2025-03-25,0.05091414994986424,0.022950703164656427,0.07224197295678693,0.08518700539550036,0.08640265899210536,0.02329243489191474,0.029855640934590363,0.058038900797894574,0.038341836884050275,0.023710962002977346,0.131145478300048,0.262290956600096,0.065572739150024,0.016860409521558865,0.03319415045793256
2025-03-26,0.05091414994986424,0.022950703164656427,0.07224197295678693,0.08518700539550036,0.08640265899210536,0.02329243489191474,0.029855640934590363,0.058038900797894574,0.038341836884050275,0.023710962002977346,0.131145478300048,0.262290956600096,0.065572739150024,0.016860409521558865,0.03319415045793256
2025-03-27,0.05091414994986424,0.022950703164656427,0.07224197295678693,0.08518700539550036,0.08640265899210536,0.02329243489191474,0.029855640934590363,0.058038900797894574,0.038341836884050275,0.023710962002977346,0.131145478300048,0.262290956600096,0.065572739150024,0.016860409521558865,0.03319415045793256
2025-03-28,0.05091414994986424,0.022950703164656427,0.07224197295678693,0.08518700539550036,0.08640265899210536,0.02329243489191474,0.029855640934590363,0.058038900797894574,0.038341836884050275,0.023710962002977346,0.131145478300048,0.262290956600096,0.065572739150024,0.016860409521558865,0.03319415045793256
2025-03-31,0.055976908434364696,0.019385720243505596,0.06602239147034174,0.0709396274374945,0.09548261435923641,0.021818786543653528,0.036887279656132074,0.0533163048599026,0.03610276458746312,0.01925109321076971,0.1708864731576849,0.23506121992943219,0.05519579821248844,0.020655129358625537,0.04301788853890508
2025-04-01,0.055976908434364696,0.019385720243505596,0.06602239147034174,0.0709396274374945,0.09548261435923641,0.021818786543653528,0.036887279656132074,0.0533163048599026,0.03610276458746312,0.01925109321076971,0.1708864731576849,0.23506121992943219,0.05519579821248844,0.020655129358625537,0.04301788853890508
2025-04-02,0.055976908434364696,0.019385720243505596,0.06602239147034174,0.0709396274374945,0.09548261435923641,0.021818786543653528,0.036887279656132074,0.0533163048599026,0.03610276458746312,0.01925109321076971,0.1708864731576849,0.23506121992943219,0.05519579821248844,0.020655129358625537,0.04301788853890508
2025-04-03,0.055976908434364696,0.019385720243505596,0.06602239147034174,0.0709396274374945,0.09548261435923641,0.021818786543653528,0.036887279656132074,0.0533163048599026,0.03610276458746312,0.01925109321076971,0.1708864731576849,0.23506121992943219,0.05519579821248844,0.020655129358625537,0.04301788853890508
2025-04-04,0.055976908434364696,0.019385720243505596,0.06602239147034174,0.0709396274374945,0.09548261435923641,0.021818786543653528,0.036887279656132074,0.0533163048599026,0.03610276458746312,0.01925109321076971,0.1708864731576849,0.23506121992943219,0.05519579821248844,0.020655129358625537,0.04301788853890508
2025-04-07,0.055976908434364696,0.019385720243505596,0.06602239147034174,0.0709396274374945,0.09548261435923641,0.021818786543653528,0.036887279656132074,0.0533163048599026,0.03610276458746312,0.01925109321076971,0.1708864731576849,0.23506121992943219,0.05519579821248844,0.020655129358625537,0.04301788853890508
2025-04-08,0.055976908434364696,0.019385720243505596,0.06602239147034174,0.0709396274374945,0.09548261435923641,0.021818786543653528,0.036887279656132074,0.0533163048599026,0.03610276458746312,0.01925109321076971,0.1708864731576849,0.23506121992943219,0.05519579821248844,0.020655129358625537,0.04301788853890508
2025-04-09,0.055976908434364696,0.019385720243505596,0.06602239147034174,0.0709396274374945,0.09548261435923641,0.021818786543653528,0.036887279656132074,0.0533163048599026,0.03610276458746312,0.01925109321076971,0.1708864731576849,0.23506121992943219,0.05519579821248844,0.020655129358625537,0.04301788853890508
2025-04-10,0.055976908434364696,0.019385720243505596,0.06602239147034174,0.0709396274374945,0.09548261435923641,0.021818786543653528,0.036887279656132074,0.0533163048599026,0.03610276458746312,0.01925109321076971,0.1708864731576849,0.23506121992943219,0.05519579821248844,0.020655129358625537,0.04301788853890508
2025-04-11,0.055976908434364696,0.019385720243505596,0.06602239147034174,0.0709396274374945,0.09548261435923641,0.021818786543653528,0.036887279656132074,0.0533163048599026,0.03610276458746312,0.01925109321076971,0.1708864731576849,0.23506121992943219,0.05519579821248844,0.020655129358625537,0.04301788853890508
2025-04-14,0.055976908434364696,0.019385720243505596,0.06602239147034174,0.0709396274374945,0.09548261435923641,0.021818786543653528,0.036887279656132074,0.0533163048599026,0.03610276458746312,0.01925109321076971,0.1708864731576849,0.23506121992943219,0.05519579821248844,0.020655129358625537,0.04301788853890508
2025-04-15,0.055976908434364696,0.019385720243505596,0.06602239147034174,0.0709396274374945,0.09548261435923641,0.021818786543653528,0.036887279656132074,0.0533163048599026,0.03610276458746312,0.01925109321076971,0.1708864731576849,0.23506121992943219,0.05519579821248844,0.020655129358625537,0.04301788853890508
2025-04-16,0.055976908434364696,0.019385720243505596,0.06602239147034174,0.0709396274374945,0.09548261435923641,0.021818786543653528,0.036887279656132074,0.0533163048599026,0.03610276458746312,0.01925109321076971,0.1708864731576849,0.23506121992943219,0.05519579821248844,0.020655129358625537,0.04301788853890508
2025-04-17,0.055976908434364696,0.019385720243505596,0.06602239147034174,0.0709396274374945,0.09548261435923641,0.021818786543653528,0.036887279656132074,0.0533163048599026,0.03610276458746312,0.01925109321076971,0.1708864731576849,0.23506121992943219,0.05519579821248844,0.020655129358625537,0.04301788853890508
2025-04-18,0.055976908434364696,0.019385720243505596,0.06602239147034174,0.0709396274374945,0.09548261435923641,0.021818786543653528,0.036887279656132074,0.0533163048599026,0.03610276458746312,0.01925109321076971,0.1708864731576849,0.23506121992943219,0.05519579821248844,0.020655129358625537,0.04301788853890508
2025-04-21,0.055976908434364696,0.019385720243505596,0.06602239147034174,0.0709396274374945,0.09548261435923641,0.021818786543653528,0.036887279656132074,0.0533163048599026,0.03610276458746312,0.01925109321076971,0.1708864731576849,0.23506121992943219,0.05519579821248844,0.020655129358625537,0.04301788853890508
2025-04-22,0.055976908434364696,0.019385720243505596,0.06602239147034174,0.0709396274374945,0.09548261435923641,0.021818786543653528,0.036887279656132074,0.0533163048599026,0.03610276458746312,0.01925109321076971,0.1708864731576849,0.23506121992943219,0.05519579821248844,0.020655129358625537,0.04301788853890508
2025-04-23,0.055976908434364696,0.019385720243505596,0.06602239147034174,0.0709396274374945,0.09548261435923641,0.021818786543653528,0.036887279656132074,0.0533163048599026,0.03610276458746312,0.01925109321076971,0.1708864731576849,0.23506121992943219,0.05519579821248844,0.020655129358625537,0.04301788853890508
2025-04-24,0.055976908434364696,0.019385720243505596,0.06602239147034174,0.0709396274374945,0.09548261435923641,0.021818786543653528,0.036887279656132074,0.0533163048599026,0.03610276458746312,0.01925109321076971,0.1708864731576849,0.23506121992943219,0.05519579821248844,0.020655129358625537,0.04301788853890508
2025-04-25,0.055976908434364696,0.019385720243505596,0.06602239147034174,0.0709396274374945,0.09548261435923641,0.021818786543653528,0.036887279656132074,0.0533163048599026,0.03610276458746312,0.01925109321076971,0.1708864731576849,0.23506121992943219,0.05519579821248844,0.020655129358625537,0.04301788853890508
2025-04-28,0.055976908434364696,0.019385720243505596,0.06602239147034174,0.0709396274374945,0.09548261435923641,0.021818786543653528,0.036887279656132074,0.0533163048599026,0.03610276458746312,0.01925109321076971,0.1708864731576849,0.23506121992943219,0.05519579821248844,0.020655129358625537,0.04301788853890508
2025-04-29,0.055976908434364696,0.019385720243505596,0.06602239147034174,0.0709396274374945,0.09548261435923641,0.021818786543653528,0.036887279656132074,0.0533163048599026,0.03610276458746312,0.01925109321076971,0.1708864731576849,0.23506121992943219,0.05519579821248844,0.020655129358625537,0.04301788853890508
2025-04-30,0.044910573539780806,0.007106672602317301,0.13165527574487615,0.04792221579240182,0.04550065623492877,0.016378393216840943,0.016933013670011834,0.026492767619937407,0.017070271912874628,0.012287036808021033,0.40750888663761314,0.0928280280162103,0.08277530361415461,0.018006283722424878,0.03262462086760643
2025-05-01,0.044910573539780806,0.007106672602317301,0.13165527574487615,0.04792221579240182,0.04550065623492877,0.016378393216840943,0.016933013670011834,0.026492767619937407,0.017070271912874628,0.012287036808021033,0.40750888663761314,0.0928280280162103,0.08277530361415461,0.018006283722424878,0.03262462086760643
2025-05-02,0.044910573539780806,0.007106672602317301,0.13165527574487615,0.04792221579240182,0.04550065623492877,0.016378393216840943,0.016933013670011834,0.026492767619937407,0.017070271912874628,0.012287036808021033,0.40750888663761314,0.0928280280162103,0.08277530361415461,0.018006283722424878,0.03262462086760643
2025-05-05,0.044910573539780806,0.007106672602317301,0.13165527574487615,0.04792221579240182,0.04550065623492877,0.016378393216840943,0.016933013670011834,0.026492767619937407,0.017070271912874628,0.012287036808021033,0.40750888663761314,0.0928280280162103,0.08277530361415461,0.018006283722424878,0.03262462086760643
2025-05-06,0.044910573539780806,0.007106672602317301,0.13165527574487615,0.04792221579240182,0.04550065623492877,0.016378393216840943,0.016933013670011834,0.026492767619937407,0.017070271912874628,0.012287036808021033,0.40750888663761314,0.0928280280162103,0.08277530361415461,0.018006283722424878,0.03262462086760643
2025-05-07,0.044910573539780806,0.007106672602317301,0.13165527574487615,0.04792221579240182,0.04550065623492877,0.016378393216840943,0.016933013670011834,0.026492767619937407,0.017070271912874628,0.012287036808021033,0.40750888663761314,0.0928280280162103,0.08277530361415461,0.018006283722424878,0.03262462086760643
2025-05-08,0.044910573539780806,0.007106672602317301,0.13165527574487615,0.04792221579240182,0.04550065623492877,0.016378393216840943,0.016933013670011834,0.026492767619937407,0.017070271912874628,0.012287036808021033,0.40750888663761314,0.0928280280162103,0.08277530361415461,0.018006283722424878,0.03262462086760643
2025-05-09,0.044910573539780806,0.007106672602317301,0.13165527574487615,0.04792221579240182,0.04550065623492877,0.016378393216840943,0.016933013670011834,0.026492767619937407,0.017070271912874628,0.012287036808021033,0.40750888663761314,0.0928280280162103,0.08277530361415461,0.018006283722424878,0.03262462086760643
2025-05-12,0.044910573539780806,0.007106672602317301,0.13165527574487615,0.04792221579240182,0.04550065623492877,0.016378393216840943,0.016933013670011834,0.026492767619937407,0.017070271912874628,0.012287036808021033,0.40750888663761314,0.0928280280162103,0.08277530361415461,0.018006283722424878,0.03262462086760643
2025-05-13,0.044910573539780806,0.007106672602317301,0.13165527574487615,0.04792221579240182,0.04550065623492877,0.016378393216840943,0.016933013670011834,0.026492767619937407,0.017070271912874628,0.012287036808021033,0.40750888663761314,0.0928280280162103,0.08277530361415461,0.018006283722424878,0.03262462086760643
2025-05-14,0.044910573539780806,0.007106672602317301,0.13165527574487615,0.04792221579240182,0.04550065623492877,0.016378393216840943,0.016933013670011834,0.026492767619937407,0.017070271912874628,0.012287036808021033,0.40750888663761314,0.0928280280162103,0.08277530361415461,0.018006283722424878,0.03262462086760643
2025-05-15,0.044910573539780806,0.007106672602317301,0.13165527574487615,0.04792221579240182,0.04550065623492877,0.016378393216840943,0.016933013670011834,0.026492767619937407,0.017070271912874628,0.012287036808021033,0.40750888663761314,0.0928280280162103,0.08277530361415461,0.018006283722424878,0.03262462086760643
2025-05-16,0.044910573539780806,0.007106672602317301,0.13165527574487615,0.04792221579240182,0.04550065623492877,0.016378393216840943,0.016933013670011834,0.026492767619937407,0.017070271912874628,0.012287036808021033,0.40750888663761314,0.0928280280162103,0.08277530361415461,0.018006283722424878,0.03262462086760643
2025-05-19,0.044910573539780806,0.007106672602317301,0.13165527574487615,0.04792221579240182,0.04550065623492877,0.016378393216840943,0.016933013670011834,0.026492767619937407,0.017070271912874628,0.012287036808021033,0.40750888663761314,0.0928280280162103,0.08277530361415461,0.018006283722424878,0.03262462086760643
2025-05-20,0.044910573539780806,0.007106672602317301,0.13165527574487615,0.04792221579240182,0.04550065623492877,0.016378393216840943,0.016933013670011834,0.026492767619937407,0.017070271912874628,0.012287036808021033,0.40750888663761314,0.0928280280162103,0.08277530361415461,0.018006283722424878,0.03262462086760643
2025-05-21,0.044910573539780806,0.007106672602317301,0.13165527574487615,0.04792221579240182,0.04550065623492877,0.016378393216840943,0.016933013670011834,0.026492767619937407,0.017070271912874628,0.012287036808021033,0.40750888663761314,0.0928280280162103,0.08277530361415461,0.018006283722424878,0.03262462086760643
2025-05-22,0.044910573539780806,0.007106672602317301,0.13165527574487615,0.04792221579240182,0.04550065623492877,0.016378393216840943,0.016933013670011834,0.026492767619937407,0.017070271912874628,0.012287036808021033,0.40750888663761314,0.0928280280162103,0.08277530361415461,0.018006283722424878,0.03262462086760643
2025-05-23,0.044910573539780806,0.007106672602317301,0.13165527574487615,0.04792221579240182,0.04550065623492877,0.016378393216840943,0.016933013670011834,0.026492767619937407,0.017070271912874628,0.012287036808021033,0.40750888663761314,0.0928280280162103,0.08277530361415461,0.018006283722424878,0.03262462086760643
2025-05-26,0.044910573539780806,0.007106672602317301,0.13165527574487615,0.04792221579240182,0.04550065623492877,0.016378393216840943,0.016933013670011834,0.026492767619937407,0.017070271912874628,0.012287036808021033,0.40750888663761314,0.0928280280162103,0.08277530361415461,0.018006283722424878,0.03262462086760643
2025-05-27,0.044910573539780806,0.007106672602317301,0.13165527574487615,0.04792221579240182,0.04550065623492877,0.016378393216840943,0.016933013670011834,0.026492767619937407,0.017070271912874628,0.012287036808021033,0.40750888663761314,0.0928280280162103,0.08277530361415461,0.018006283722424878,0.03262462086760643
2025-05-28,0.044910573539780806,0.007106672602317301,0.13165527574487615,0.04792221579240182,0.04550065623492877,0.016378393216840943,0.016933013670011834,0.026492767619937407,0.017070271912874628,0.012287036808021033,0.40750888663761314,0.0928280280162103,0.08277530361415461,0.018006283722424878,0.03262462086760643
2025-05-29,0.044910573539780806,0.007106672602317301,0.13165527574487615,0.04792221579240182,0.04550065623492877,0.016378393216840943,0.016933013670011834,0.026492767619937407,0.017070271912874628,0.012287036808021033,0.40750888663761314,0.0928280280162103,0.08277530361415461,0.018006283722424878,0.03262462086760643
2025-05-30,0.041872579229956755,0.007990462902291428,0.14116232692845343,0.046322272880178886,0.045327112124287236,0.017093894801875335,0.01889761058520103,0.027222047031799097,0.018239606786210772,0.012804296955567535,0.4169153078323411,0.07754593405072495,0.07452242823833408,0.01850736761345879,0.035576752039319655
2025-06-02,0.041872579229956755,0.007990462902291428,0.14116232692845343,0.046322272880178886,0.045327112124287236,0.017093894801875335,0.01889761058520103,0.027222047031799097,0.018239606786210772,0.012804296955567535,0.4169153078323411,0.07754593405072495,0.07452242823833408,0.01850736761345879,0.035576752039319655
2025-06-03,0.041872579229956755,0.007990462902291428,0.14116232692845343,0.046322272880178886,0.045327112124287236,0.017093894801875335,0.01889761058520103,0.027222047031799097,0.018239606786210772,0.012804296955567535,0.4169153078323411,0.07754593405072495,0.07452242823833408,0.01850736761345879,0.035576752039319655
2025-06-04,0.041872579229956755,0.007990462902291428,0.14116232692845343,0.046322272880178886,0.045327112124287236,0.017093894801875335,0.01889761058520103,0.027222047031799097,0.018239606786210772,0.012804296955567535,0.4169153078323411,0.07754593405072495,0.07452242823833408,0.01850736761345879,0.035576752039319655
2025-06-05,0.041872579229956755,0.007990462902291428,0.14116232692845343,0.046322272880178886,0.045327112124287236,0.017093894801875335,0.01889761058520103,0.027222047031799097,0.018239606786210772,0.012804296955567535,0.4169153078323411,0.07754593405072495,0.07452242823833408,0.01850736761345879,0.035576752039319655
2025-06-06,0.041872579229956755,0.007990462902291428,0.14116232692845343,0.046322272880178886,0.045327112124287236,0.017093894801875335,0.01889761058520103,0.027222047031799097,0.018239606786210772,0.012804296955567535,0.4169153078323411,0.07754593405072495,0.07452242823833408,0.01850736761345879,0.035576752039319655
2025-06-09,0.041872579229956755,0.007990462902291428,0.14116232692845343,0.046322272880178886,0.045327112124287236,0.017093894801875335,0.01889761058520103,0.027222047031799097,0.018239606786210772,0.012804296955567535,0.4169153078323411,0.07754593405072495,0.07452242823833408,0.01850736761345879,0.035576752039319655
2025-06-10,0.041872579229956755,0.007990462902291428,0.14116232692845343,0.046322272880178886,0.045327112124287236,0.017093894801875335,0.01889761058520103,0.027222047031799097,0.018239606786210772,0.012804296955567535,0.4169153078323411,0.07754593405072495,0.07452242823833408,0.01850736761345879,0.035576752039319655
2025-06-11,0.041872579229956755,0.007990462902291428,0.14116232692845343,0.046322272880178886,0.045327112124287236,0.017093894801875335,0.01889761058520103,0.027222047031799097,0.018239606786210772,0.012804296955567535,0.4169153078323411,0.07754593405072495,0.07452242823833408,0.01850736761345879,0.035576752039319655
2025-06-12,0.041872579229956755,0.007990462902291428,0.14116232692845343,0.046322272880178886,0.045327112124287236,0.017093894801875335,0.01889761058520103,0.027222047031799097,0.018239606786210772,0.012804296955567535,0.4169153078323411,0.07754593405072495,0.07452242823833408,0.01850736761345879,0.035576752039319655
2025-06-13,0.041872579229956755,0.007990462902291428,0.14116232692845343,0.046322272880178886,0.045327112124287236,0.017093894801875335,0.01889761058520103,0.027222047031799097,0.018239606786210772,0.012804296955567535,0.4169153078323411,0.07754593405072495,0.07452242823833408,0.01850736761345879,0.035576752039319655
2025-06-16,0.041872579229956755,0.007990462902291428,0.14116232692845343,0.046322272880178886,0.045327112124287236,0.017093894801875335,0.01889761058520103,0.027222047031799097,0.018239606786210772,0.012804296955567535,0.4169153078323411,0.07754593405072495,0.07452242823833408,0.01850736761345879,0.035576752039319655
2025-06-17,0.041872579229956755,0.007990462902291428,0.14116232692845343,0.046322272880178886,0.045327112124287236,0.017093894801875335,0.01889761058520103,0.027222047031799097,0.018239606786210772,0.012804296955567535,0.4169153078323411,0.07754593405072495,0.07452242823833408,0.01850736761345879,0.035576752039319655
2025-06-18,0.041872579229956755,0.007990462902291428,0.14116232692845343,0.046322272880178886,0.045327112124287236,0.017093894801875335,0.01889761058520103,0.027222047031799097,0.018239606786210772,0.012804296955567535,0.4169153078323411,0.07754593405072495,0.07452242823833408,0.01850736761345879,0.035576752039319655
2025-06-19,0.041872579229956755,0.007990462902291428,0.14116232692845343,0.046322272880178886,0.045327112124287236,0.017093894801875335,0.01889761058520103,0.027222047031799097,0.018239606786210772,0.012804296955567535,0.4169153078323411,0.07754593405072495,0.07452242823833408,0.01850736761345879,0.035576752039319655
2025-06-20,0.041872579229956755,0.007990462902291428,0.14116232692845343,0.046322272880178886,0.045327112124287236,0.017093894801875335,0.01889761058520103,0.027222047031799097,0.018239606786210772,0.012804296955567535,0.4169153078323411,0.07754593405072495,0.07452242823833408,0.01850736761345879,0.035576752039319655
2025-06-23,0.041872579229956755,0.007990462902291428,0.14116232692845343,0.046322272880178886,0.045327112124287236,0.017093894801875335,0.01889761058520103,0.027222047031799097,0.018239606786210772,0.012804296955567535,0.4169153078323411,0.07754593405072495,0.07452242823833408,0.01850736761345879,0.035576752039319655
2025-06-24,0.041872579229956755,0.007990462902291428,0.14116232692845343,0.046322272880178886,0.045327112124287236,0.017093894801875335,0.01889761058520103,0.027222047031799097,0.018239606786210772,0.012804296955567535,0.4169153078323411,0.07754593405072495,0.07452242823833408,0.01850736761345879,0.035576752039319655
2025-06-25,0.041872579229956755,0.007990462902291428,0.14116232692845343,0.046322272880178886,0.045327112124287236,0.017093894801875335,0.01889761058520103,0.027222047031799097,0.018239606786210772,0.012804296955567535,0.4169153078323411,0.07754593405072495,0.07452242823833408,0.01850736761345879,0.035576752039319655
2025-06-26,0.041872579229956755,0.007990462902291428,0.14116232692845343,0.046322272880178886,0.045327112124287236,0.017093894801875335,0.01889761058520103,0.027222047031799097,0.018239606786210772,0.012804296955567535,0.4169153078323411,0.07754593405072495,0.07452242823833408,0.01850736761345879,0.035576752039319655
2025-06-27,0.041872579229956755,0.007990462902291428,0.14116232692845343,0.046322272880178886,0.045327112124287236,0.017093894801875335,0.01889761058520103,0.027222047031799097,0.018239606786210772,0.012804296955567535,0.4169153078323411,0.07754593405072495,0.07452242823833408,0.01850736761345879,0.035576752039319655
2025-06-30,0.05706363692825073,0.008717331432007093,0.10629306826055337,0.05343420317394719,0.04678901117842576,0.0159895332136306,0.019969021647928114,0.026318392845279683,0.019142052826233116,0.013428532710513686,0.42837602288741966,0.07809024239669503,0.06537888080658219,0.02253276479082816,0.038477304901705374
2025-07-01,0.05706363692825073,0.008717331432007093,0.10629306826055337,0.05343420317394719,0.04678901117842576,0.0159895332136306,0.019969021647928114,0.026318392845279683,0.019142052826233116,0.013428532710513686,0.42837602288741966,0.07809024239669503,0.06537888080658219,0.02253276479082816,0.038477304901705374
2025-07-02,0.05706363692825073,0.008717331432007093,0.10629306826055337,0.05343420317394719,0.04678901117842576,0.0159895332136306,0.019969021647928114,0.026318392845279683,0.019142052826233116,0.013428532710513686,0.42837602288741966,0.07809024239669503,0.06537888080658219,0.02253276479082816,0.038477304901705374
2025-07-03,0.05706363692825073,0.008717331432007093,0.10629306826055337,0.05343420317394719,0.04678901117842576,0.0159895332136306,0.019969021647928114,0.026318392845279683,0.019142052826233116,0.013428532710513686,0.42837602288741966,0.07809024239669503,0.06537888080658219,0.02253276479082816,0.038477304901705374
2025-07-04,0.05706363692825073,0.008717331432007093,0.10629306826055337,0.05343420317394719,0.04678901117842576,0.0159895332136306,0.019969021647928114,0.026318392845279683,0.019142052826233116,0.013428532710513686,0.42837602288741966,0.07809024239669503,0.06537888080658219,0.02253276479082816,0.038477304901705374
2025-07-07,0.05706363692825073,0.008717331432007093,0.10629306826055337,0.05343420317394719,0.04678901117842576,0.0159895332136306,0.019969021647928114,0.026318392845279683,0.019142052826233116,0.013428532710513686,0.42837602288741966,0.07809024239669503,0.06537888080658219,0.02253276479082816,0.038477304901705374
2025-07-08,0.05706363692825073,0.008717331432007093,0.10629306826055337,0.05343420317394719,0.04678901117842576,0.0159895332136306,0.019969021647928114,0.026318392845279683,0.019142052826233116,0.013428532710513686,0.42837602288741966,0.07809024239669503,0.06537888080658219,0.02253276479082816,0.038477304901705374
2025-07-09,0.05706363692825073,0.008717331432007093,0.10629306826055337,0.05343420317394719,0.04678901117842576,0.0159895332136306,0.019969021647928114,0.026318392845279683,0.019142052826233116,0.013428532710513686,0.42837602288741966,0.07809024239669503,0.06537888080658219,0.02253276479082816,0.038477304901705374
2025-07-10,0.05706363692825073,0.008717331432007093,0.10629306826055337,0.05343420317394719,0.04678901117842576,0.0159895332136306,0.019969021647928114,0.026318392845279683,0.019142052826233116,0.013428532710513686,0.42837602288741966,0.07809024239669503,0.06537888080658219,0.02253276479082816,0.038477304901705374
2025-07-11,0.05706363692825073,0.008717331432007093,0.10629306826055337,0.05343420317394719,0.04678901117842576,0.0159895332136306,0.019969021647928114,0.026318392845279683,0.019142052826233116,0.013428532710513686,0.42837602288741966,0.07809024239669503,0.06537888080658219,0.02253276479082816,0.038477304901705374
2025-07-14,0.05706363692825073,0.008717331432007093,0.10629306826055337,0.05343420317394719,0.04678901117842576,0.0159895332136306,0.019969021647928114,0.026318392845279683,0.019142052826233116,0.013428532710513686,0.42837602288741966,0.07809024239669503,0.06537888080658219,0.02253276479082816,0.038477304901705374
2025-07-15,0.05706363692825073,0.008717331432007093,0.10629306826055337,0.05343420317394719,0.04678901117842576,0.0159895332136306,0.019969021647928114,0.026318392845279683,0.019142052826233116,0.013428532710513686,0.42837602288741966,0.07809024239669503,0.06537888080658219,0.02253276479082816,0.038477304901705374
2025-07-16,0.05706363692825073,0.008717331432007093,0.10629306826055337,0.05343420317394719,0.04678901117842576,0.0159895332136306,0.019969021647928114,0.026318392845279683,0.019142052826233116,0.013428532710513686,0.42837602288741966,0.07809024239669503,0.06537888080658219,0.02253276479082816,0.038477304901705374
2025-07-17,0.05706363692825073,0.008717331432007093,0.10629306826055337,0.05343420317394719,0.04678901117842576,0.0159895332136306,0.019969021647928114,0.026318392845279683,0.019142052826233116,0.013428532710513686,0.42837602288741966,0.07809024239669503,0.06537888080658219,0.02253276479082816,0.038477304901705374
2025-07-18,0.05706363692825073,0.008717331432007093,0.10629306826055337,0.05343420317394719,0.04678901117842576,0.0159895332136306,0.019969021647928114,0.026318392845279683,0.019142052826233116,0.013428532710513686,0.42837602288741966,0.07809024239669503,0.06537888080658219,0.02253276479082816,0.038477304901705374
2025-07-21,0.05706363692825073,0.008717331432007093,0.10629306826055337,0.05343420317394719,0.04678901117842576,0.0159895332136306,0.019969021647928114,0.026318392845279683,0.019142052826233116,0.013428532710513686,0.42837602288741966,0.07809024239669503,0.06537888080658219,0.02253276479082816,0.038477304901705374
2025-07-22,0.05706363692825073,0.008717331432007093,0.10629306826055337,0.05343420317394719,0.04678901117842576,0.0159895332136306,0.019969021647928114,0.026318392845279683,0.019142052826233116,0.013428532710513686,0.42837602288741966,0.07809024239669503,0.06537888080658219,0.02253276479082816,0.038477304901705374
2025-07-23,0.05706363692825073,0.008717331432007093,0.10629306826055337,0.05343420317394719,0.04678901117842576,0.0159895332136306,0.019969021647928114,0.026318392845279683,0.019142052826233116,0.013428532710513686,0.42837602288741966,0.07809024239669503,0.06537888080658219,0.02253276479082816,0.038477304901705374
2025-07-24,0.05706363692825073,0.008717331432007093,0.10629306826055337,0.05343420317394719,0.04678901117842576,0.0159895332136306,0.019969021647928114,0.026318392845279683,0.019142052826233116,0.013428532710513686,0.42837602288741966,0.07809024239669503,0.06537888080658219,0.02253276479082816,0.038477304901705374
2025-07-25,0.05706363692825073,0.008717331432007093,0.10629306826055337,0.05343420317394719,0.04678901117842576,0.0159895332136306,0.019969021647928114,0.026318392845279683,0.019142052826233116,0.013428532710513686,0.42837602288741966,0.07809024239669503,0.06537888080658219,0.02253276479082816,0.038477304901705374
2025-07-28,0.05706363692825073,0.008717331432007093,0.10629306826055337,0.05343420317394719,0.04678901117842576,0.0159895332136306,0.019969021647928114,0.026318392845279683,0.019142052826233116,0.013428532710513686,0.42837602288741966,0.07809024239669503,0.06537888080658219,0.02253276479082816,0.038477304901705374
2025-07-29,0.05706363692825073,0.008717331432007093,0.10629306826055337,0.05343420317394719,0.04678901117842576,0.0159895332136306,0.019969021647928114,0.026318392845279683,0.019142052826233116,0.013428532710513686,0.42837602288741966,0.07809024239669503,0.06537888080658219,0.02253276479082816,0.038477304901705374
2025-07-30,0.05706363692825073,0.008717331432007093,0.10629306826055337,0.05343420317394719,0.04678901117842576,0.0159895332136306,0.019969021647928114,0.026318392845279683,0.019142052826233116,0.013428532710513686,0.42837602288741966,0.07809024239669503,0.06537888080658219,0.02253276479082816,0.038477304901705374
2025-07-31,0.044441729891846506,0.010251270463125597,0.12329498253523913,0.11774913343527275,0.10014334645671999,0.030399118950523062,0.025745453608631726,0.05130536356364253,0.03450334967597056,0.023414743432562023,0.027092086010163795,0.11284962072652455,0.22959819837375742,0.02560958996538903,0.04360201291063115
2025-08-01,0.044441729891846506,0.010251270463125597,0.12329498253523913,0.11774913343527275,0.10014334645671999,0.030399118950523062,0.025745453608631726,0.05130536356364253,0.03450334967597056,0.023414743432562023,0.027092086010163795,0.11284962072652455,0.22959819837375742,0.02560958996538903,0.04360201291063115
2025-08-04,0.044441729891846506,0.010251270463125597,0.12329498253523913,0.11774913343527275,0.10014334645671999,0.030399118950523062,0.025745453608631726,0.05130536356364253,0.03450334967597056,0.023414743432562023,0.027092086010163795,0.11284962072652455,0.22959819837375742,0.02560958996538903,0.04360201291063115
2025-08-05,0.044441729891846506,0.010251270463125597,0.12329498253523913,0.11774913343527275,0.10014334645671999,0.030399118950523062,0.025745453608631726,0.05130536356364253,0.03450334967597056,0.023414743432562023,0.027092086010163795,0.11284962072652455,0.22959819837375742,0.02560958996538903,0.04360201291063115
2025-08-06,0.044441729891846506,0.010251270463125597,0.12329498253523913,0.11774913343527275,0.10014334645671999,0.030399118950523062,0.025745453608631726,0.05130536356364253,0.03450334967597056,0.023414743432562023,0.027092086010163795,0.11284962072652455,0.22959819837375742,0.02560958996538903,0.04360201291063115
2025-08-07,0.044441729891846506,0.010251270463125597,0.12329498253523913,0.11774913343527275,0.10014334645671999,0.030399118950523062,0.025745453608631726,0.05130536356364253,0.03450334967597056,0.023414743432562023,0.027092086010163795,0.11284962072652455,0.22959819837375742,0.02560958996538903,0.04360201291063115
2025-08-08,0.044441729891846506,0.010251270463125597,0.12329498253523913,0.11774913343527275,0.10014334645671999,0.030399118950523062,0.025745453608631726,0.05130536356364253,0.03450334967597056,0.023414743432562023,0.027092086010163795,0.11284962072652455,0.22959819837375742,0.02560958996538903,0.04360201291063115
2025-08-11,0.044441729891846506,0.010251270463125597,0.12329498253523913,0.11774913343527275,0.10014334645671999,0.030399118950523062,0.025745453608631726,0.05130536356364253,0.03450334967597056,0.023414743432562023,0.027092086010163795,0.11284962072652455,0.22959819837375742,0.02560958996538903,0.04360201291063115
2025-08-12,0.044441729891846506,0.010251270463125597,0.12329498253523913,0.11774913343527275,0.10014334645671999,0.030399118950523062,0.025745453608631726,0.05130536356364253,0.03450334967597056,0.023414743432562023,0.027092086010163795,0.11284962072652455,0.22959819837375742,0.02560958996538903,0.04360201291063115
2025-08-13,0.044441729891846506,0.010251270463125597,0.12329498253523913,0.11774913343527275,0.10014334645671999,0.030399118950523062,0.025745453608631726,0.05130536356364253,0.03450334967597056,0.023414743432562023,0.027092086010163795,0.11284962072652455,0.22959819837375742,0.02560958996538903,0.04360201291063115
2025-08-14,0.044441729891846506,0.010251270463125597,0.12329498253523913,0.11774913343527275,0.10014334645671999,0.030399118950523062,0.025745453608631726,0.05130536356364253,0.03450334967597056,0.023414743432562023,0.027092086010163795,0.11284962072652455,0.22959819837375742,0.02560958996538903,0.04360201291063115
2025-08-15,0.044441729891846506,0.010251270463125597,0.12329498253523913,0.11774913343527275,0.10014334645671999,0.030399118950523062,0.025745453608631726,0.05130536356364253,0.03450334967597056,0.023414743432562023,0.027092086010163795,0.11284962072652455,0.22959819837375742,0.02560958996538903,0.04360201291063115
2025-08-18,0.044441729891846506,0.010251270463125597,0.12329498253523913,0.11774913343527275,0.10014334645671999,0.030399118950523062,0.025745453608631726,0.05130536356364253,0.03450334967597056,0.023414743432562023,0.027092086010163795,0.11284962072652455,0.22959819837375742,0.02560958996538903,0.04360201291063115
2025-08-19,0.044441729891846506,0.010251270463125597,0.12329498253523913,0.11774913343527275,0.10014334645671999,0.030399118950523062,0.025745453608631726,0.05130536356364253,0.03450334967597056,0.023414743432562023,0.027092086010163795,0.11284962072652455,0.22959819837375742,0.02560958996538903,0.04360201291063115
2025-08-20,0.044441729891846506,0.010251270463125597,0.12329498253523913,0.11774913343527275,0.10014334645671999,0.030399118950523062,0.025745453608631726,0.05130536356364253,0.03450334967597056,0.023414743432562023,0.027092086010163795,0.11284962072652455,0.22959819837375742,0.02560958996538903,0.04360201291063115
2025-08-21,0.044441729891846506,0.010251270463125597,0.12329498253523913,0.11774913343527275,0.10014334645671999,0.030399118950523062,0.025745453608631726,0.05130536356364253,0.03450334967597056,0.023414743432562023,0.027092086010163795,0.11284962072652455,0.22959819837375742,0.02560958996538903,0.04360201291063115
2025-08-22,0.044441729891846506,0.010251270463125597,0.12329498253523913,0.11774913343527275,0.10014334645671999,0.030399118950523062,0.025745453608631726,0.05130536356364253,0.03450334967597056,0.023414743432562023,0.027092086010163795,0.11284962072652455,0.22959819837375742,0.02560958996538903,0.04360201291063115
2025-08-25,0.044441729891846506,0.010251270463125597,0.12329498253523913,0.11774913343527275,0.10014334645671999,0.030399118950523062,0.025745453608631726,0.05130536356364253,0.03450334967597056,0.023414743432562023,0.027092086010163795,0.11284962072652455,0.22959819837375742,0.02560958996538903,0.04360201291063115
2025-08-26,0.044441729891846506,0.010251270463125597,0.12329498253523913,0.11774913343527275,0.10014334645671999,0.030399118950523062,0.025745453608631726,0.05130536356364253,0.03450334967597056,0.023414743432562023,0.027092086010163795,0.11284962072652455,0.22959819837375742,0.02560958996538903,0.04360201291063115
2025-08-27,0.044441729891846506,0.010251270463125597,0.12329498253523913,0.11774913343527275,0.10014334645671999,0.030399118950523062,0.025745453608631726,0.05130536356364253,0.03450334967597056,0.023414743432562023,0.027092086010163795,0.11284962072652455,0.22959819837375742,0.02560958996538903,0.04360201291063115
2025-08-28,0.044441729891846506,0.010251270463125597,0.12329498253523913,0.11774913343527275,0.10014334645671999,0.030399118950523062,0.025745453608631726,0.05130536356364253,0.03450334967597056,0.023414743432562023,0.027092086010163795,0.11284962072652455,0.22959819837375742,0.02560958996538903,0.04360201291063115
2025-08-29,0.06089914364440322,0.005585695799356638,0.09247203990167285,0.04396595652818269,0.04224107596760411,0.017954251821833703,0.020016194800689738,0.02677614937524624,0.019188166285096103,0.013712013713686187,0.4476585486293253,0.08241445149444769,0.05770061188360782,0.022799319039473194,0.046616381115374514
2025-09-01,0.06089914364440322,0.005585695799356638,0.09247203990167285,0.04396595652818269,0.04224107596760411,0.017954251821833703,0.020016194800689738,0.02677614937524624,0.019188166285096103,0.013712013713686187,0.4476585486293253,0.08241445149444769,0.05770061188360782,0.022799319039473194,0.046616381115374514
2025-09-02,0.06089914364440322,0.005585695799356638,0.09247203990167285,0.04396595652818269,0.04224107596760411,0.017954251821833703,0.020016194800689738,0.02677614937524624,0.019188166285096103,0.013712013713686187,0.4476585486293253,0.08241445149444769,0.05770061188360782,0.022799319039473194,0.046616381115374514
2025-09-03,0.06089914364440322,0.005585695799356638,0.09247203990167285,0.04396595652818269,0.04224107596760411,0.017954251821833703,0.020016194800689738,0.02677614937524624,0.019188166285096103,0.013712013713686187,0.4476585486293253,0.08241445149444769,0.05770061188360782,0.022799319039473194,0.046616381115374514
2025-09-04,0.06089914364440322,0.005585695799356638,0.09247203990167285,0.04396595652818269,0.04224107596760411,0.017954251821833703,0.020016194800689738,0.02677614937524624,0.019188166285096103,0.013712013713686187,0.4476585486293253,0.08241445149444769,0.05770061188360782,0.022799319039473194,0.046616381115374514
2025-09-05,0.06089914364440322,0.005585695799356638,0.09247203990167285,0.04396595652818269,0.04224107596760411,0.017954251821833703,0.020016194800689738,0.02677614937524624,0.019188166285096103,0.013712013713686187,0.4476585486293253,0.08241445149444769,0.05770061188360782,0.022799319039473194,0.046616381115374514
2025-09-08,0.06089914364440322,0.005585695799356638,0.09247203990167285,0.04396595652818269,0.04224107596760411,0.017954251821833703,0.020016194800689738,0.02677614937524624,0.019188166285096103,0.013712013713686187,0.4476585486293253,0.08241445149444769,0.05770061188360782,0.022799319039473194,0.046616381115374514
2025-09-09,0.06089914364440322,0.005585695799356638,0.09247203990167285,0.04396595652818269,0.04224107596760411,0.017954251821833703,0.020016194800689738,0.02677614937524624,0.019188166285096103,0.013712013713686187,0.4476585486293253,0.08241445149444769,0.05770061188360782,0.022799319039473194,0.046616381115374514
2025-09-10,0.06089914364440322,0.005585695799356638,0.09247203990167285,0.04396595652818269,0.04224107596760411,0.017954251821833703,0.020016194800689738,0.02677614937524624,0.019188166285096103,0.013712013713686187,0.4476585486293253,0.08241445149444769,0.05770061188360782,0.022799319039473194,0.046616381115374514
2025-09-11,0.06089914364440322,0.005585695799356638,0.09247203990167285,0.04396595652818269,0.04224107596760411,0.017954251821833703,0.020016194800689738,0.02677614937524624,0.019188166285096103,0.013712013713686187,0.4476585486293253,0.08241445149444769,0.05770061188360782,0.022799319039473194,0.046616381115374514
2025-09-12,0.06089914364440322,0.005585695799356638,0.09247203990167285,0.04396595652818269,0.04224107596760411,0.017954251821833703,0.020016194800689738,0.02677614937524624,0.019188166285096103,0.013712013713686187,0.4476585486293253,0.08241445149444769,0.05770061188360782,0.022799319039473194,0.046616381115374514
2025-09-15,0.06089914364440322,0.005585695799356638,0.09247203990167285,0.04396595652818269,0.04224107596760411,0.017954251821833703,0.020016194800689738,0.02677614937524624,0.019188166285096103,0.013712013713686187,0.4476585486293253,0.08241445149444769,0.05770061188360782,0.022799319039473194,0.046616381115374514
2025-09-16,0.06089914364440322,0.005585695799356638,0.09247203990167285,0.04396595652818269,0.04224107596760411,0.017954251821833703,0.020016194800689738,0.02677614937524624,0.019188166285096103,0.013712013713686187,0.4476585486293253,0.08241445149444769,0.05770061188360782,0.022799319039473194,0.046616381115374514
2025-09-17,0.06089914364440322,0.005585695799356638,0.09247203990167285,0.04396595652818269,0.04224107596760411,0.017954251821833703,0.020016194800689738,0.02677614937524624,0.019188166285096103,0.013712013713686187,0.4476585486293253,0.08241445149444769,0.05770061188360782,0.022799319039473194,0.046616381115374514
2025-09-18,0.06089914364440322,0.005585695799356638,0.09247203990167285,0.04396595652818269,0.04224107596760411,0.017954251821833703,0.020016194800689738,0.02677614937524624,0.019188166285096103,0.013712013713686187,0.4476585486293253,0.08241445149444769,0.05770061188360782,0.022799319039473194,0.046616381115374514
2025-09-19,0.06089914364440322,0.005585695799356638,0.09247203990167285,0.04396595652818269,0.04224107596760411,0.017954251821833703,0.020016194800689738,0.02677614937524624,0.019188166285096103,0.013712013713686187,0.4476585486293253,0.08241445149444769,0.05770061188360782,0.022799319039473194,0.046616381115374514
2025-09-22,0.06089914364440322,0.005585695799356638,0.09247203990167285,0.04396595652818269,0.04224107596760411,0.017954251821833703,0.020016194800689738,0.02677614937524624,0.019188166285096103,0.013712013713686187,0.4476585486293253,0.08241445149444769,0.05770061188360782,0.022799319039473194,0.046616381115374514
2025-09-23,0.06089914364440322,0.005585695799356638,0.09247203990167285,0.04396595652818269,0.04224107596760411,0.017954251821833703,0.020016194800689738,0.02677614937524624,0.019188166285096103,0.013712013713686187,0.4476585486293253,0.08241445149444769,0.05770061188360782,0.022799319039473194,0.046616381115374514
2025-09-24,0.06089914364440322,0.005585695799356638,0.09247203990167285,0.04396595652818269,0.04224107596760411,0.017954251821833703,0.020016194800689738,0.02677614937524624,0.019188166285096103,0.013712013713686187,0.4476585486293253,0.08241445149444769,0.05770061188360782,0.022799319039473194,0.046616381115374514
2025-09-25,0.06089914364440322,0.005585695799356638,0.09247203990167285,0.04396595652818269,0.04224107596760411,0.017954251821833703,0.020016194800689738,0.02677614937524624,0.019188166285096103,0.013712013713686187,0.4476585486293253,0.08241445149444769,0.05770061188360782,0.022799319039473194,0.046616381115374514
2025-09-26,0.06089914364440322,0.005585695799356638,0.09247203990167285,0.04396595652818269,0.04224107596760411,0.017954251821833703,0.020016194800689738,0.02677614937524624,0.019188166285096103,0.013712013713686187,0.4476585486293253,0.08241445149444769,0.05770061188360782,0.022799319039473194,0.046616381115374514
2025-09-29,0.06089914364440322,0.005585695799356638,0.09247203990167285,0.04396595652818269,0.04224107596760411,0.017954251821833703,0.020016194800689738,0.02677614937524624,0.019188166285096103,0.013712013713686187,0.4476585486293253,0.08241445149444769,0.05770061188360782,0.022799319039473194,0.046616381115374514
2025-09-30,0.06727738801914765,0.00580161360207752,0.09253476543451074,0.04898703919704337,0.03852406848810671,0.020305958395595774,0.016509538605463874,0.024618890813238314,0.020645470164844314,0.014919446556289871,0.4006839312451543,0.11463841394005901,0.06250338034258354,0.02416152286886327,0.04788857232702172
2025-10-01,0.06727738801914765,0.00580161360207752,0.09253476543451074,0.04898703919704337,0.03852406848810671,0.020305958395595774,0.016509538605463874,0.024618890813238314,0.020645470164844314,0.014919446556289871,0.4006839312451543,0.11463841394005901,0.06250338034258354,0.02416152286886327,0.04788857232702172
2025-10-02,0.06727738801914765,0.00580161360207752,0.09253476543451074,0.04898703919704337,0.03852406848810671,0.020305958395595774,0.016509538605463874,0.024618890813238314,0.020645470164844314,0.014919446556289871,0.4006839312451543,0.11463841394005901,0.06250338034258354,0.02416152286886327,0.04788857232702172
2025-10-03,0.06727738801914765,0.00580161360207752,0.09253476543451074,0.04898703919704337,0.03852406848810671,0.020305958395595774,0.016509538605463874,0.024618890813238314,0.020645470164844314,0.014919446556289871,0.4006839312451543,0.11463841394005901,0.06250338034258354,0.02416152286886327,0.04788857232702172
2025-10-06,0.06727738801914765,0.00580161360207752,0.09253476543451074,0.04898703919704337,0.03852406848810671,0.020305958395595774,0.016509538605463874,0.024618890813238314,0.020645470164844314,0.014919446556289871,0.4006839312451543,0.11463841394005901,0.06250338034258354,0.02416152286886327,0.04788857232702172
2025-10-07,0.06727738801914765,0.00580161360207752,0.09253476543451074,0.04898703919704337,0.03852406848810671,0.020305958395595774,0.016509538605463874,0.024618890813238314,0.020645470164844314,0.014919446556289871,0.4006839312451543,0.11463841394005901,0.06250338034258354,0.02416152286886327,0.04788857232702172
2025-10-08,0.06727738801914765,0.00580161360207752,0.09253476543451074,0.04898703919704337,0.03852406848810671,0.020305958395595774,0.016509538605463874,0.024618890813238314,0.020645470164844314,0.014919446556289871,0.4006839312451543,0.11463841394005901,0.06250338034258354,0.02416152286886327,0.04788857232702172
2025-10-09,0.06727738801914765,0.00580161360207752,0.09253476543451074,0.04898703919704337,0.03852406848810671,0.020305958395595774,0.016509538605463874,0.024618890813238314,0.020645470164844314,0.014919446556289871,0.4006839312451543,0.11463841394005901,0.06250338034258354,0.02416152286886327,0.04788857232702172
2025-10-10,0.06727738801914765,0.00580161360207752,0.09253476543451074,0.04898703919704337,0.03852406848810671,0.020305958395595774,0.016509538605463874,0.024618890813238314,0.020645470164844314,0.014919446556289871,0.4006839312451543,0.11463841394005901,0.06250338034258354,0.02416152286886327,0.04788857232702172
2025-10-13,0.06727738801914765,0.00580161360207752,0.09253476543451074,0.04898703919704337,0.03852406848810671,0.020305958395595774,0.016509538605463874,0.024618890813238314,0.020645470164844314,0.014919446556289871,0.4006839312451543,0.11463841394005901,0.06250338034258354,0.02416152286886327,0.04788857232702172
2025-10-14,0.06727738801914765,0.00580161360207752,0.09253476543451074,0.04898703919704337,0.03852406848810671,0.020305958395595774,0.016509538605463874,0.024618890813238314,0.020645470164844314,0.014919446556289871,0.4006839312451543,0.11463841394005901,0.06250338034258354,0.02416152286886327,0.04788857232702172
2025-10-15,0.06727738801914765,0.00580161360207752,0.09253476543451074,0.04898703919704337,0.03852406848810671,0.020305958395595774,0.016509538605463874,0.024618890813238314,0.020645470164844314,0.014919446556289871,0.4006839312451543,0.11463841394005901,0.06250338034258354,0.02416152286886327,0.04788857232702172
2025-10-16,0.06727738801914765,0.00580161360207752,0.09253476543451074,0.04898703919704337,0.03852406848810671,0.020305958395595774,0.016509538605463874,0.024618890813238314,0.020645470164844314,0.014919446556289871,0.4006839312451543,0.11463841394005901,0.06250338034258354,0.02416152286886327,0.04788857232702172
2025-10-17,0.06727738801914765,0.00580161360207752,0.09253476543451074,0.04898703919704337,0.03852406848810671,0.020305958395595774,0.016509538605463874,0.024618890813238314,0.020645470164844314,0.014919446556289871,0.4006839312451543,0.11463841394005901,0.06250338034258354,0.02416152286886327,0.04788857232702172
2025-10-20,0.06727738801914765,0.00580161360207752,0.09253476543451074,0.04898703919704337,0.03852406848810671,0.020305958395595774,0.016509538605463874,0.024618890813238314,0.020645470164844314,0.014919446556289871,0.4006839312451543,0.11463841394005901,0.06250338034258354,0.02416152286886327,0.04788857232702172
2025-10-21,0.06727738801914765,0.00580161360207752,0.09253476543451074,0.04898703919704337,0.03852406848810671,0.020305958395595774,0.016509538605463874,0.024618890813238314,0.020645470164844314,0.014919446556289871,0.4006839312451543,0.11463841394005901,0.06250338034258354,0.02416152286886327,0.04788857232702172
2025-10-22,0.06727738801914765,0.00580161360207752,0.09253476543451074,0.04898703919704337,0.03852406848810671,0.020305958395595774,0.016509538605463874,0.024618890813238314,0.020645470164844314,0.014919446556289871,0.4006839312451543,0.11463841394005901,0.06250338034258354,0.02416152286886327,0.04788857232702172
2025-10-23,0.06727738801914765,0.00580161360207752,0.09253476543451074,0.04898703919704337,0.03852406848810671,0.020305958395595774,0.016509538605463874,0.024618890813238314,0.020645470164844314,0.014919446556289871,0.4006839312451543,0.11463841394005901,0.06250338034258354,0.02416152286886327,0.04788857232702172
2025-10-24,0.06727738801914765,0.00580161360207752,0.09253476543451074,0.04898703919704337,0.03852406848810671,0.020305958395595774,0.016509538605463874,0.024618890813238314,0.020645470164844314,0.014919446556289871,0.4006839312451543,0.11463841394005901,0.06250338034258354,0.02416152286886327,0.04788857232702172
2025-10-27,0.06727738801914765,0.00580161360207752,0.09253476543451074,0.04898703919704337,0.03852406848810671,0.020305958395595774,0.016509538605463874,0.024618890813238314,0.020645470164844314,0.014919446556289871,0.4006839312451543,0.11463841394005901,0.06250338034258354,0.02416152286886327,0.04788857232702172
2025-10-28,0.06727738801914765,0.00580161360207752,0.09253476543451074,0.04898703919704337,0.03852406848810671,0.020305958395595774,0.016509538605463874,0.024618890813238314,0.020645470164844314,0.014919446556289871,0.4006839312451543,0.11463841394005901,0.06250338034258354,0.02416152286886327,0.04788857232702172
2025-10-29,0.06727738801914765,0.00580161360207752,0.09253476543451074,0.04898703919704337,0.03852406848810671,0.020305958395595774,0.016509538605463874,0.024618890813238314,0.020645470164844314,0.014919446556289871,0.4006839312451543,0.11463841394005901,0.06250338034258354,0.02416152286886327,0.04788857232702172
2025-10-30,0.06727738801914765,0.00580161360207752,0.09253476543451074,0.04898703919704337,0.03852406848810671,0.020305958395595774,0.016509538605463874,0.024618890813238314,0.020645470164844314,0.014919446556289871,0.4006839312451543,0.11463841394005901,0.06250338034258354,0.02416152286886327,0.04788857232702172
2025-10-31,0.10938211790540787,0.012681050771899531,0.06169871098126687,0.06158222267354194,0.13608621587726463,0.028876698699863177,0.03252313508476356,0.07381987162343676,0.03731830836539906,0.03694760974220051,0.16074097007169666,0.13790432228359897,0.050994650526613956,0.014618202676024802,0.04482591271702159
2025-11-03,0.10938211790540787,0.012681050771899531,0.06169871098126687,0.06158222267354194,0.13608621587726463,0.028876698699863177,0.03252313508476356,0.07381987162343676,0.03731830836539906,0.03694760974220051,0.16074097007169666,0.13790432228359897,0.050994650526613956,0.014618202676024802,0.04482591271702159
2025-11-04,0.10938211790540787,0.012681050771899531,0.06169871098126687,0.06158222267354194,0.13608621587726463,0.028876698699863177,0.03252313508476356,0.07381987162343676,0.03731830836539906,0.03694760974220051,0.16074097007169666,0.13790432228359897,0.050994650526613956,0.014618202676024802,0.04482591271702159
2025-11-05,0.10938211790540787,0.012681050771899531,0.06169871098126687,0.06158222267354194,0.13608621587726463,0.028876698699863177,0.03252313508476356,0.07381987162343676,0.03731830836539906,0.03694760974220051,0.16074097007169666,0.13790432228359897,0.050994650526613956,0.014618202676024802,0.04482591271702159
2025-11-06,0.10938211790540787,0.012681050771899531,0.06169871098126687,0.06158222267354194,0.13608621587726463,0.028876698699863177,0.03252313508476356,0.07381987162343676,0.03731830836539906,0.03694760974220051,0.16074097007169666,0.13790432228359897,0.050994650526613956,0.014618202676024802,0.04482591271702159
2025-11-07,0.10938211790540787,0.012681050771899531,0.06169871098126687,0.06158222267354194,0.13608621587726463,0.028876698699863177,0.03252313508476356,0.07381987162343676,0.03731830836539906,0.03694760974220051,0.16074097007169666,0.13790432228359897,0.050994650526613956,0.014618202676024802,0.04482591271702159
2025-11-10,0.10938211790540787,0.012681050771899531,0.06169871098126687,0.06158222267354194,0.13608621587726463,0.028876698699863177,0.03252313508476356,0.07381987162343676,0.03731830836539906,0.03694760974220051,0.16074097007169666,0.13790432228359897,0.050994650526613956,0.014618202676024802,0.04482591271702159
2025-11-11,0.10938211790540787,0.012681050771899531,0.06169871098126687,0.06158222267354194,0.13608621587726463,0.028876698699863177,0.03252313508476356,0.07381987162343676,0.03731830836539906,0.03694760974220051,0.16074097007169666,0.13790432228359897,0.050994650526613956,0.014618202676024802,0.04482591271702159
2025-11-12,0.10938211790540787,0.012681050771899531,0.06169871098126687,0.06158222267354194,0.13608621587726463,0.028876698699863177,0.03252313508476356,0.07381987162343676,0.03731830836539906,0.03694760974220051,0.16074097007169666,0.13790432228359897,0.050994650526613956,0.014618202676024802,0.04482591271702159
2025-11-13,0.10938211790540787,0.012681050771899531,0.06169871098126687,0.06158222267354194,0.13608621587726463,0.028876698699863177,0.03252313508476356,0.07381987162343676,0.03731830836539906,0.03694760974220051,0.16074097007169666,0.13790432228359897,0.050994650526613956,0.014618202676024802,0.04482591271702159
2025-11-14,0.10938211790540787,0.012681050771899531,0.06169871098126687,0.06158222267354194,0.13608621587726463,0.028876698699863177,0.03252313508476356,0.07381987162343676,0.03731830836539906,0.03694760974220051,0.16074097007169666,0.13790432228359897,0.050994650526613956,0.014618202676024802,0.04482591271702159
2025-11-17,0.10938211790540787,0.012681050771899531,0.06169871098126687,0.06158222267354194,0.13608621587726463,0.028876698699863177,0.03252313508476356,0.07381987162343676,0.03731830836539906,0.03694760974220051,0.16074097007169666,0.13790432228359897,0.050994650526613956,0.014618202676024802,0.04482591271702159
2025-11-18,0.10938211790540787,0.012681050771899531,0.06169871098126687,0.06158222267354194,0.13608621587726463,0.028876698699863177,0.03252313508476356,0.07381987162343676,0.03731830836539906,0.03694760974220051,0.16074097007169666,0.13790432228359897,0.050994650526613956,0.014618202676024802,0.04482591271702159
2025-11-19,0.10938211790540787,0.012681050771899531,0.06169871098126687,0.06158222267354194,0.13608621587726463,0.028876698699863177,0.03252313508476356,0.07381987162343676,0.03731830836539906,0.03694760974220051,0.16074097007169666,0.13790432228359897,0.050994650526613956,0.014618202676024802,0.04482591271702159
2025-11-20,0.10938211790540787,0.012681050771899531,0.06169871098126687,0.06158222267354194,0.13608621587726463,0.028876698699863177,0.03252313508476356,0.07381987162343676,0.03731830836539906,0.03694760974220051,0.16074097007169666,0.13790432228359897,0.050994650526613956,0.014618202676024802,0.04482591271702159
2025-11-21,0.10938211790540787,0.012681050771899531,0.06169871098126687,0.06158222267354194,0.13608621587726463,0.028876698699863177,0.03252313508476356,0.07381987162343676,0.03731830836539906,0.03694760974220051,0.16074097007169666,0.13790432228359897,0.050994650526613956,0.014618202676024802,0.04482591271702159
2025-11-24,0.10938211790540787,0.012681050771899531,0.06169871098126687,0.06158222267354194,0.13608621587726463,0.028876698699863177,0.03252313508476356,0.07381987162343676,0.03731830836539906,0.03694760974220051,0.16074097007169666,0.13790432228359897,0.050994650526613956,0.014618202676024802,0.04482591271702159
2025-11-25,0.10938211790540787,0.012681050771899531,0.06169871098126687,0.06158222267354194,0.13608621587726463,0.028876698699863177,0.03252313508476356,0.07381987162343676,0.03731830836539906,0.03694760974220051,0.16074097007169666,0.13790432228359897,0.050994650526613956,0.014618202676024802,0.04482591271702159
2025-11-26,0.10938211790540787,0.012681050771899531,0.06169871098126687,0.06158222267354194,0.13608621587726463,0.028876698699863177,0.03252313508476356,0.07381987162343676,0.03731830836539906,0.03694760974220051,0.16074097007169666,0.13790432228359897,0.050994650526613956,0.014618202676024802,0.04482591271702159
2025-11-27,0.10938211790540787,0.012681050771899531,0.06169871098126687,0.06158222267354194,0.13608621587726463,0.028876698699863177,0.03252313508476356,0.07381987162343676,0.03731830836539906,0.03694760974220051,0.16074097007169666,0.13790432228359897,0.050994650526613956,0.014618202676024802,0.04482591271702159
2025-11-28,0.06044612368151157,0.009120894683696998,0.0658108698363628,0.08886043482657043,0.06672685595377881,0.017138404939789617,0.01517611757434167,0.05467589233453004,0.024404634603271816,0.020801130524606127,0.24077526349659148,0.2277671499639788,0.055489925047145075,0.024653632960380423,0.028152669573444283
2025-12-01,0.06044612368151157,0.009120894683696998,0.0658108698363628,0.08886043482657043,0.06672685595377881,0.017138404939789617,0.01517611757434167,0.05467589233453004,0.024404634603271816,0.020801130524606127,0.24077526349659148,0.2277671499639788,0.055489925047145075,0.024653632960380423,0.028152669573444283
2025-12-02,0.06044612368151157,0.009120894683696998,0.0658108698363628,0.08886043482657043,0.06672685595377881,0.017138404939789617,0.01517611757434167,0.05467589233453004,0.024404634603271816,0.020801130524606127,0.24077526349659148,0.2277671499639788,0.055489925047145075,0.024653632960380423,0.028152669573444283
2025-12-03,0.06044612368151157,0.009120894683696998,0.0658108698363628,0.08886043482657043,0.06672685595377881,0.017138404939789617,0.01517611757434167,0.05467589233453004,0.024404634603271816,0.020801130524606127,0.24077526349659148,0.2277671499639788,0.055489925047145075,0.024653632960380423,0.028152669573444283
2025-12-04,0.06044612368151157,0.009120894683696998,0.0658108698363628,0.08886043482657043,0.06672685595377881,0.017138404939789617,0.01517611757434167,0.05467589233453004,0.024404634603271816,0.020801130524606127,0.24077526349659148,0.2277671499639788,0.055489925047145075,0.024653632960380423,0.028152669573444283
2025-12-05,0.06044612368151157,0.009120894683696998,0.0658108698363628,0.08886043482657043,0.06672685595377881,0.017138404939789617,0.01517611757434167,0.05467589233453004,0.024404634603271816,0.020801130524606127,0.24077526349659148,0.2277671499639788,0.055489925047145075,0.024653632960380423,0.028152669573444283
2025-12-08,0.06044612368151157,0.009120894683696998,0.0658108698363628,0.08886043482657043,0.06672685595377881,0.017138404939789617,0.01517611757434167,0.05467589233453004,0.024404634603271816,0.020801130524606127,0.24077526349659148,0.2277671499639788,0.055489925047145075,0.024653632960380423,0.028152669573444283
2025-12-09,0.06044612368151157,0.009120894683696998,0.0658108698363628,0.08886043482657043,0.06672685595377881,0.017138404939789617,0.01517611757434167,0.05467589233453004,0.024404634603271816,0.020801130524606127,0.24077526349659148,0.2277671499639788,0.055489925047145075,0.024653632960380423,0.028152669573444283
2025-12-10,0.06044612368151157,0.009120894683696998,0.0658108698363628,0.08886043482657043,0.06672685595377881,0.017138404939789617,0.01517611757434167,0.05467589233453004,0.024404634603271816,0.020801130524606127,0.24077526349659148,0.2277671499639788,0.055489925047145075,0.024653632960380423,0.028152669573444283
2025-12-11,0.06044612368151157,0.009120894683696998,0.0658108698363628,0.08886043482657043,0.06672685595377881,0.017138404939789617,0.01517611757434167,0.05467589233453004,0.024404634603271816,0.020801130524606127,0.24077526349659148,0.2277671499639788,0.055489925047145075,0.024653632960380423,0.028152669573444283
2025-12-12,0.06044612368151157,0.009120894683696998,0.0658108698363628,0.08886043482657043,0.06672685595377881,0.017138404939789617,0.01517611757434167,0.05467589233453004,0.024404634603271816,0.020801130524606127,0.24077526349659148,0.2277671499639788,0.055489925047145075,0.024653632960380423,0.028152669573444283
2025-12-15,0.06044612368151157,0.009120894683696998,0.0658108698363628,0.08886043482657043,0.06672685595377881,0.017138404939789617,0.01517611757434167,0.05467589233453004,0.024404634603271816,0.020801130524606127,0.24077526349659148,0.2277671499639788,0.055489925047145075,0.024653632960380423,0.028152669573444283
2025-12-16,0.06044612368151157,0.009120894683696998,0.0658108698363628,0.08886043482657043,0.06672685595377881,0.017138404939789617,0.01517611757434167,0.05467589233453004,0.024404634603271816,0.020801130524606127,0.24077526349659148,0.2277671499639788,0.055489925047145075,0.024653632960380423,0.028152669573444283
2025-12-17,0.06044612368151157,0.009120894683696998,0.0658108698363628,0.08886043482657043,0.06672685595377881,0.017138404939789617,0.01517611757434167,0.05467589233453004,0.024404634603271816,0.020801130524606127,0.24077526349659148,0.2277671499639788,0.055489925047145075,0.024653632960380423,0.028152669573444283
2025-12-18,0.06044612368151157,0.009120894683696998,0.0658108698363628,0.08886043482657043,0.06672685595377881,0.017138404939789617,0.01517611757434167,0.05467589233453004,0.024404634603271816,0.020801130524606127,0.24077526349659148,0.2277671499639788,0.055489925047145075,0.024653632960380423,0.028152669573444283
2025-12-19,0.06044612368151157,0.009120894683696998,0.0658108698363628,0.08886043482657043,0.06672685595377881,0.017138404939789617,0.01517611757434167,0.05467589233453004,0.024404634603271816,0.020801130524606127,0.24077526349659148,0.2277671499639788,0.055489925047145075,0.024653632960380423,0.028152669573444283
2025-12-22,0.06044612368151157,0.009120894683696998,0.0658108698363628,0.08886043482657043,0.06672685595377881,0.017138404939789617,0.01517611757434167,0.05467589233453004,0.024404634603271816,0.020801130524606127,0.24077526349659148,0.2277671499639788,0.055489925047145075,0.024653632960380423,0.028152669573444283
2025-12-23,0.06044612368151157,0.009120894683696998,0.0658108698363628,0.08886043482657043,0.06672685595377881,0.017138404939789617,0.01517611757434167,0.05467589233453004,0.024404634603271816,0.020801130524606127,0.24077526349659148,0.2277671499639788,0.055489925047145075,0.024653632960380423,0.028152669573444283
2025-12-24,0.06044612368151157,0.009120894683696998,0.0658108698363628,0.08886043482657043,0.06672685595377881,0.017138404939789617,0.01517611757434167,0.05467589233453004,0.024404634603271816,0.020801130524606127,0.24077526349659148,0.2277671499639788,0.055489925047145075,0.024653632960380423,0.028152669573444283
2025-12-25,0.06044612368151157,0.009120894683696998,0.0658108698363628,0.08886043482657043,0.06672685595377881,0.017138404939789617,0.01517611757434167,0.05467589233453004,0.024404634603271816,0.020801130524606127,0.24077526349659148,0.2277671499639788,0.055489925047145075,0.024653632960380423,0.028152669573444283
2025-12-26,0.06044612368151157,0.009120894683696998,0.0658108698363628,0.08886043482657043,0.06672685595377881,0.017138404939789617,0.01517611757434167,0.05467589233453004,0.024404634603271816,0.020801130524606127,0.24077526349659148,0.2277671499639788,0.055489925047145075,0.024653632960380423,0.028152669573444283
2025-12-29,0.06044612368151157,0.009120894683696998,0.0658108698363628,0.08886043482657043,0.06672685595377881,0.017138404939789617,0.01517611757434167,0.05467589233453004,0.024404634603271816,0.020801130524606127,0.24077526349659148,0.2277671499639788,0.055489925047145075,0.024653632960380423,0.028152669573444283
2025-12-30,0.06044612368151157,0.009120894683696998,0.0658108698363628,0.08886043482657043,0.06672685595377881,0.017138404939789617,0.01517611757434167,0.05467589233453004,0.024404634603271816,0.020801130524606127,0.24077526349659148,0.2277671499639788,0.055489925047145075,0.024653632960380423,0.028152669573444283
2025-12-31,0.14878043289489556,0.014134645571889653,0.0759293985312574,0.07541669383838155,0.1065691449870269,0.028622325707192517,0.02754091248111286,0.08404077146832832,0.037290620566972466,0.03670215698998555,0.08853405313061623,0.1733666344192329,0.06049470809209485,0.02398684089514213,0.018590660425870983
2026-01-02,0.14878043289489556,0.014134645571889653,0.0759293985312574,0.07541669383838155,0.1065691449870269,0.028622325707192517,0.02754091248111286,0.08404077146832832,0.037290620566972466,0.03670215698998555,0.08853405313061623,0.1733666344192329,0.06049470809209485,0.02398684089514213,0.018590660425870983
2026-01-05,0.14878043289489556,0.014134645571889653,0.0759293985312574,0.07541669383838155,0.1065691449870269,0.028622325707192517,0.02754091248111286,0.08404077146832832,0.037290620566972466,0.03670215698998555,0.08853405313061623,0.1733666344192329,0.06049470809209485,0.02398684089514213,0.018590660425870983
2026-01-06,0.14878043289489556,0.014134645571889653,0.0759293985312574,0.07541669383838155,0.1065691449870269,0.028622325707192517,0.02754091248111286,0.08404077146832832,0.037290620566972466,0.03670215698998555,0.08853405313061623,0.1733666344192329,0.06049470809209485,0.02398684089514213,0.018590660425870983
2026-01-07,0.14878043289489556,0.014134645571889653,0.0759293985312574,0.07541669383838155,0.1065691449870269,0.028622325707192517,0.02754091248111286,0.08404077146832832,0.037290620566972466,0.03670215698998555,0.08853405313061623,0.1733666344192329,0.06049470809209485,0.02398684089514213,0.018590660425870983
2026-01-08,0.14878043289489556,0.014134645571889653,0.0759293985312574,0.07541669383838155,0.1065691449870269,0.028622325707192517,0.02754091248111286,0.08404077146832832,0.037290620566972466,0.03670215698998555,0.08853405313061623,0.1733666344192329,0.06049470809209485,0.02398684089514213,0.018590660425870983
2026-01-09,0.14878043289489556,0.014134645571889653,0.0759293985312574,0.07541669383838155,0.1065691449870269,0.028622325707192517,0.02754091248111286,0.08404077146832832,0.037290620566972466,0.03670215698998555,0.08853405313061623,0.1733666344192329,0.06049470809209485,0.02398684089514213,0.018590660425870983
2026-01-12,0.14878043289489556,0.014134645571889653,0.0759293985312574,0.07541669383838155,0.1065691449870269,0.028622325707192517,0.02754091248111286,0.08404077146832832,0.037290620566972466,0.03670215698998555,0.08853405313061623,0.1733666344192329,0.06049470809209485,0.02398684089514213,0.018590660425870983
2026-01-13,0.14878043289489556,0.014134645571889653,0.0759293985312574,0.07541669383838155,0.1065691449870269,0.028622325707192517,0.02754091248111286,0.08404077146832832,0.037290620566972466,0.03670215698998555,0.08853405313061623,0.1733666344192329,0.06049470809209485,0.02398684089514213,0.018590660425870983
2026-01-14,0.14878043289489556,0.014134645571889653,0.0759293985312574,0.07541669383838155,0.1065691449870269,0.028622325707192517,0.02754091248111286,0.08404077146832832,0.037290620566972466,0.03670215698998555,0.08853405313061623,0.1733666344192329,0.06049470809209485,0.02398684089514213,0.018590660425870983
2026-01-15,0.14878043289489556,0.014134645571889653,0.0759293985312574,0.07541669383838155,0.1065691449870269,0.028622325707192517,0.02754091248111286,0.08404077146832832,0.037290620566972466,0.03670215698998555,0.08853405313061623,0.1733666344192329,0.06049470809209485,0.02398684089514213,0.018590660425870983
2026-01-16,0.14878043289489556,0.014134645571889653,0.0759293985312574,0.07541669383838155,0.1065691449870269,0.028622325707192517,0.02754091248111286,0.08404077146832832,0.037290620566972466,0.03670215698998555,0.08853405313061623,0.1733666344192329,0.06049470809209485,0.02398684089514213,0.018590660425870983
2026-01-19,0.14878043289489556,0.014134645571889653,0.0759293985312574,0.07541669383838155,0.1065691449870269,0.028622325707192517,0.02754091248111286,0.08404077146832832,0.037290620566972466,0.03670215698998555,0.08853405313061623,0.1733666344192329,0.06049470809209485,0.02398684089514213,0.018590660425870983
2026-01-20,0.14878043289489556,0.014134645571889653,0.0759293985312574,0.07541669383838155,0.1065691449870269,0.028622325707192517,0.02754091248111286,0.08404077146832832,0.037290620566972466,0.03670215698998555,0.08853405313061623,0.1733666344192329,0.06049470809209485,0.02398684089514213,0.018590660425870983
2026-01-21,0.14878043289489556,0.014134645571889653,0.0759293985312574,0.07541669383838155,0.1065691449870269,0.028622325707192517,0.02754091248111286,0.08404077146832832,0.037290620566972466,0.03670215698998555,0.08853405313061623,0.1733666344192329,0.06049470809209485,0.02398684089514213,0.018590660425870983
2026-01-22,0.14878043289489556,0.014134645571889653,0.0759293985312574,0.07541669383838155,0.1065691449870269,0.028622325707192517,0.02754091248111286,0.08404077146832832,0.037290620566972466,0.03670215698998555,0.08853405313061623,0.1733666344192329,0.06049470809209485,0.02398684089514213,0.018590660425870983
2026-01-23,0.14878043289489556,0.014134645571889653,0.0759293985312574,0.07541669383838155,0.1065691449870269,0.028622325707192517,0.02754091248111286,0.08404077146832832,0.037290620566972466,0.03670215698998555,0.08853405313061623,0.1733666344192329,0.06049470809209485,0.02398684089514213,0.018590660425870983
2026-01-26,0.14878043289489556,0.014134645571889653,0.0759293985312574,0.07541669383838155,0.1065691449870269,0.028622325707192517,0.02754091248111286,0.08404077146832832,0.037290620566972466,0.03670215698998555,0.08853405313061623,0.1733666344192329,0.06049470809209485,0.02398684089514213,0.018590660425870983
2026-01-27,0.14878043289489556,0.014134645571889653,0.0759293985312574,0.07541669383838155,0.1065691449870269,0.028622325707192517,0.02754091248111286,0.08404077146832832,0.037290620566972466,0.03670215698998555,0.08853405313061623,0.1733666344192329,0.06049470809209485,0.02398684089514213,0.018590660425870983
2026-01-28,0.14878043289489556,0.014134645571889653,0.0759293985312574,0.07541669383838155,0.1065691449870269,0.028622325707192517,0.02754091248111286,0.08404077146832832,0.037290620566972466,0.03670215698998555,0.08853405313061623,0.1733666344192329,0.06049470809209485,0.02398684089514213,0.018590660425870983
2026-01-29,0.14878043289489556,0.014134645571889653,0.0759293985312574,0.07541669383838155,0.1065691449870269,0.028622325707192517,0.02754091248111286,0.08404077146832832,0.037290620566972466,0.03670215698998555,0.08853405313061623,0.1733666344192329,0.06049470809209485,0.02398684089514213,0.018590660425870983
2026-01-30,0.12567115168018994,0.013396430207213096,0.07865944697932307,0.07812388357600733,0.138334713554984,0.03634819436689377,0.03345446470592001,0.09256333228532551,0.05013927295723549,0.04780210894347625,0.030891361279947935,0.1793409734335131,0.05947891856599947,0.022995186364543337,0.012800561099427572
2026-02-02,0.12567115168018994,0.013396430207213096,0.07865944697932307,0.07812388357600733,0.138334713554984,0.03634819436689377,0.03345446470592001,0.09256333228532551,0.05013927295723549,0.04780210894347625,0.030891361279947935,0.1793409734335131,0.05947891856599947,0.022995186364543337,0.012800561099427572
2026-02-03,0.12567115168018994,0.013396430207213096,0.07865944697932307,0.07812388357600733,0.138334713554984,0.03634819436689377,0.03345446470592001,0.09256333228532551,0.05013927295723549,0.04780210894347625,0.030891361279947935,0.1793409734335131,0.05947891856599947,0.022995186364543337,0.012800561099427572
2026-02-04,0.12567115168018994,0.013396430207213096,0.07865944697932307,0.07812388357600733,0.138334713554984,0.03634819436689377,0.03345446470592001,0.09256333228532551,0.05013927295723549,0.04780210894347625,0.030891361279947935,0.1793409734335131,0.05947891856599947,0.022995186364543337,0.012800561099427572
2026-02-05,0.12567115168018994,0.013396430207213096,0.07865944697932307,0.07812388357600733,0.138334713554984,0.03634819436689377,0.03345446470592001,0.09256333228532551,0.05013927295723549,0.04780210894347625,0.030891361279947935,0.1793409734335131,0.05947891856599947,0.022995186364543337,0.012800561099427572
2026-02-06,0.12567115168018994,0.013396430207213096,0.07865944697932307,0.07812388357600733,0.138334713554984,0.03634819436689377,0.03345446470592001,0.09256333228532551,0.05013927295723549,0.04780210894347625,0.030891361279947935,0.1793409734335131,0.05947891856599947,0.022995186364543337,0.012800561099427572
2026-02-09,0.12567115168018994,0.013396430207213096,0.07865944697932307,0.07812388357600733,0.138334713554984,0.03634819436689377,0.03345446470592001,0.09256333228532551,0.05013927295723549,0.04780210894347625,0.030891361279947935,0.1793409734335131,0.05947891856599947,0.022995186364543337,0.012800561099427572
2026-02-10,0.12567115168018994,0.013396430207213096,0.07865944697932307,0.07812388357600733,0.138334713554984,0.03634819436689377,0.03345446470592001,0.09256333228532551,0.05013927295723549,0.04780210894347625,0.030891361279947935,0.1793409734335131,0.05947891856599947,0.022995186364543337,0.012800561099427572
2026-02-11,0.12567115168018994,0.013396430207213096,0.07865944697932307,0.07812388357600733,0.138334713554984,0.03634819436689377,0.03345446470592001,0.09256333228532551,0.05013927295723549,0.04780210894347625,0.030891361279947935,0.1793409734335131,0.05947891856599947,0.022995186364543337,0.012800561099427572
2026-02-12,0.12567115168018994,0.013396430207213096,0.07865944697932307,0.07812388357600733,0.138334713554984,0.03634819436689377,0.03345446470592001,0.09256333228532551,0.05013927295723549,0.04780210894347625,0.030891361279947935,0.1793409734335131,0.05947891856599947,0.022995186364543337,0.012800561099427572
2026-02-13,0.12567115168018994,0.013396430207213096,0.07865944697932307,0.07812388357600733,0.138334713554984,0.03634819436689377,0.03345446470592001,0.09256333228532551,0.05013927295723549,0.04780210894347625,0.030891361279947935,0.1793409734335131,0.05947891856599947,0.022995186364543337,0.012800561099427572
2026-02-16,0.12567115168018994,0.013396430207213096,0.07865944697932307,0.07812388357600733,0.138334713554984,0.03634819436689377,0.03345446470592001,0.09256333228532551,0.05013927295723549,0.04780210894347625,0.030891361279947935,0.1793409734335131,0.05947891856599947,0.022995186364543337,0.012800561099427572
2026-02-17,0.12567115168018994,0.013396430207213096,0.07865944697932307,0.07812388357600733,0.138334713554984,0.03634819436689377,0.03345446470592001,0.09256333228532551,0.05013927295723549,0.04780210894347625,0.030891361279947935,0.1793409734335131,0.05947891856599947,0.022995186364543337,0.012800561099427572
2026-02-18,0.12567115168018994,0.013396430207213096,0.07865944697932307,0.07812388357600733,0.138334713554984,0.03634819436689377,0.03345446470592001,0.09256333228532551,0.05013927295723549,0.04780210894347625,0.030891361279947935,0.1793409734335131,0.05947891856599947,0.022995186364543337,0.012800561099427572
2026-02-19,0.12567115168018994,0.013396430207213096,0.07865944697932307,0.07812388357600733,0.138334713554984,0.03634819436689377,0.03345446470592001,0.09256333228532551,0.05013927295723549,0.04780210894347625,0.030891361279947935,0.1793409734335131,0.05947891856599947,0.022995186364543337,0.012800561099427572
2026-02-20,0.12567115168018994,0.013396430207213096,0.07865944697932307,0.07812388357600733,0.138334713554984,0.03634819436689377,0.03345446470592001,0.09256333228532551,0.05013927295723549,0.04780210894347625,0.030891361279947935,0.1793409734335131,0.05947891856599947,0.022995186364543337,0.012800561099427572
2026-02-23,0.12567115168018994,0.013396430207213096,0.07865944697932307,0.07812388357600733,0.138334713554984,0.03634819436689377,0.03345446470592001,0.09256333228532551,0.05013927295723549,0.04780210894347625,0.030891361279947935,0.1793409734335131,0.05947891856599947,0.022995186364543337,0.012800561099427572
2026-02-24,0.12567115168018994,0.013396430207213096,0.07865944697932307,0.07812388357600733,0.138334713554984,0.03634819436689377,0.03345446470592001,0.09256333228532551,0.05013927295723549,0.04780210894347625,0.030891361279947935,0.1793409734335131,0.05947891856599947,0.022995186364543337,0.012800561099427572
2026-02-25,0.12567115168018994,0.013396430207213096,0.07865944697932307,0.07812388357600733,0.138334713554984,0.03634819436689377,0.03345446470592001,0.09256333228532551,0.05013927295723549,0.04780210894347625,0.030891361279947935,0.1793409734335131,0.05947891856599947,0.022995186364543337,0.012800561099427572
2026-02-26,0.12567115168018994,0.013396430207213096,0.07865944697932307,0.07812388357600733,0.138334713554984,0.03634819436689377,0.03345446470592001,0.09256333228532551,0.05013927295723549,0.04780210894347625,0.030891361279947935,0.1793409734335131,0.05947891856599947,0.022995186364543337,0.012800561099427572
2026-02-27,0.1100689782446888,0.014406778317907803,0.08786609183268937,0.08728852398195916,0.15812731080414444,0.04131315191660455,0.02477369725245551,0.07416911267843317,0.055047654736250826,0.046349400473100925,0.0268905097389813,0.1783120295662652,0.06681836018762183,0.015845555689407976,0.012722844579489256
2026-03-02,0.1100689782446888,0.014406778317907803,0.08786609183268937,0.08728852398195916,0.15812731080414444,0.04131315191660455,0.02477369725245551,0.07416911267843317,0.055047654736250826,0.046349400473100925,0.0268905097389813,0.1783120295662652,0.06681836018762183,0.015845555689407976,0.012722844579489256
2026-03-03,0.1100689782446888,0.014406778317907803,0.08786609183268937,0.08728852398195916,0.15812731080414444,0.04131315191660455,0.02477369725245551,0.07416911267843317,0.055047654736250826,0.046349400473100925,0.0268905097389813,0.1783120295662652,0.06681836018762183,0.015845555689407976,0.012722844579489256
2026-03-04,0.1100689782446888,0.014406778317907803,0.08786609183268937,0.08728852398195916,0.15812731080414444,0.04131315191660455,0.02477369725245551,0.07416911267843317,0.055047654736250826,0.046349400473100925,0.0268905097389813,0.1783120295662652,0.06681836018762183,0.015845555689407976,0.012722844579489256
2026-03-05,0.1100689782446888,0.014406778317907803,0.08786609183268937,0.08728852398195916,0.15812731080414444,0.04131315191660455,0.02477369725245551,0.07416911267843317,0.055047654736250826,0.046349400473100925,0.0268905097389813,0.1783120295662652,0.06681836018762183,0.015845555689407976,0.012722844579489256
2026-03-06,0.1100689782446888,0.014406778317907803,0.08786609183268937,0.08728852398195916,0.15812731080414444,0.04131315191660455,0.02477369725245551,0.07416911267843317,0.055047654736250826,0.046349400473100925,0.0268905097389813,0.1783120295662652,0.06681836018762183,0.015845555689407976,0.012722844579489256
2026-03-09,0.1100689782446888,0.014406778317907803,0.08786609183268937,0.08728852398195916,0.15812731080414444,0.04131315191660455,0.02477369725245551,0.07416911267843317,0.055047654736250826,0.046349400473100925,0.0268905097389813,0.1783120295662652,0.06681836018762183,0.015845555689407976,0.012722844579489256
2026-03-10,0.1100689782446888,0.014406778317907803,0.08786609183268937,0.08728852398195916,0.15812731080414444,0.04131315191660455,0.02477369725245551,0.07416911267843317,0.055047654736250826,0.046349400473100925,0.0268905097389813,0.1783120295662652,0.06681836018762183,0.015845555689407976,0.012722844579489256
2026-03-11,0.1100689782446888,0.014406778317907803,0.08786609183268937,0.08728852398195916,0.15812731080414444,0.04131315191660455,0.02477369725245551,0.07416911267843317,0.055047654736250826,0.046349400473100925,0.0268905097389813,0.1783120295662652,0.06681836018762183,0.015845555689407976,0.012722844579489256
2026-03-12,0.1100689782446888,0.014406778317907803,0.08786609183268937,0.08728852398195916,0.15812731080414444,0.04131315191660455,0.02477369725245551,0.07416911267843317,0.055047654736250826,0.046349400473100925,0.0268905097389813,0.1783120295662652,0.06681836018762183,0.015845555689407976,0.012722844579489256
2026-03-13,0.1100689782446888,0.014406778317907803,0.08786609183268937,0.08728852398195916,0.15812731080414444,0.04131315191660455,0.02477369725245551,0.07416911267843317,0.055047654736250826,0.046349400473100925,0.0268905097389813,0.1783120295662652,0.06681836018762183,0.015845555689407976,0.012722844579489256
2026-03-16,0.1100689782446888,0.014406778317907803,0.08786609183268937,0.08728852398195916,0.15812731080414444,0.04131315191660455,0.02477369725245551,0.07416911267843317,0.055047654736250826,0.046349400473100925,0.0268905097389813,0.1783120295662652,0.06681836018762183,0.015845555689407976,0.012722844579489256
2026-03-17,0.1100689782446888,0.014406778317907803,0.08786609183268937,0.08728852398195916,0.15812731080414444,0.04131315191660455,0.02477369725245551,0.07416911267843317,0.055047654736250826,0.046349400473100925,0.0268905097389813,0.1783120295662652,0.06681836018762183,0.015845555689407976,0.012722844579489256
2026-03-18,0.1100689782446888,0.014406778317907803,0.08786609183268937,0.08728852398195916,0.15812731080414444,0.04131315191660455,0.02477369725245551,0.07416911267843317,0.055047654736250826,0.046349400473100925,0.0268905097389813,0.1783120295662652,0.06681836018762183,0.015845555689407976,0.012722844579489256
2026-03-19,0.1100689782446888,0.014406778317907803,0.08786609183268937,0.08728852398195916,0.15812731080414444,0.04131315191660455,0.02477369725245551,0.07416911267843317,0.055047654736250826,0.046349400473100925,0.0268905097389813,0.1783120295662652,0.06681836018762183,0.015845555689407976,0.012722844579489256
2026-03-20,0.1100689782446888,0.014406778317907803,0.08786609183268937,0.08728852398195916,0.15812731080414444,0.04131315191660455,0.02477369725245551,0.07416911267843317,0.055047654736250826,0.046349400473100925,0.0268905097389813,0.1783120295662652,0.06681836018762183,0.015845555689407976,0.012722844579489256
2026-03-23,0.1100689782446888,0.014406778317907803,0.08786609183268937,0.08728852398195916,0.15812731080414444,0.04131315191660455,0.02477369725245551,0.07416911267843317,0.055047654736250826,0.046349400473100925,0.0268905097389813,0.1783120295662652,0.06681836018762183,0.015845555689407976,0.012722844579489256
2026-03-24,0.1100689782446888,0.014406778317907803,0.08786609183268937,0.08728852398195916,0.15812731080414444,0.04131315191660455,0.02477369725245551,0.07416911267843317,0.055047654736250826,0.046349400473100925,0.0268905097389813,0.1783120295662652,0.06681836018762183,0.015845555689407976,0.012722844579489256
2026-03-25,0.1100689782446888,0.014406778317907803,0.08786609183268937,0.08728852398195916,0.15812731080414444,0.04131315191660455,0.02477369725245551,0.07416911267843317,0.055047654736250826,0.046349400473100925,0.0268905097389813,0.1783120295662652,0.06681836018762183,0.015845555689407976,0.012722844579489256
2026-03-26,0.1100689782446888,0.014406778317907803,0.08786609183268937,0.08728852398195916,0.15812731080414444,0.04131315191660455,0.02477369725245551,0.07416911267843317,0.055047654736250826,0.046349400473100925,0.0268905097389813,0.1783120295662652,0.06681836018762183,0.015845555689407976,0.012722844579489256
2026-03-27,0.1100689782446888,0.014406778317907803,0.08786609183268937,0.08728852398195916,0.15812731080414444,0.04131315191660455,0.02477369725245551,0.07416911267843317,0.055047654736250826,0.046349400473100925,0.0268905097389813,0.1783120295662652,0.06681836018762183,0.015845555689407976,0.012722844579489256
2026-03-30,0.1100689782446888,0.014406778317907803,0.08786609183268937,0.08728852398195916,0.15812731080414444,0.04131315191660455,0.02477369725245551,0.07416911267843317,0.055047654736250826,0.046349400473100925,0.0268905097389813,0.1783120295662652,0.06681836018762183,0.015845555689407976,0.012722844579489256
2026-03-31,0.0415480753805703,0.018012004594174222,0.07893847270321455,0.09669877172262263,0.07561689646829589,0.029351183204856347,0.01585891423429306,0.05140947416546364,0.04460836065181503,0.032524916510883746,0.1247750076207332,0.1247750076207332,0.23648886330589017,0.016029990170195345,0.013364061646258456
2026-04-01,0.0415480753805703,0.018012004594174222,0.07893847270321455,0.09669877172262263,0.07561689646829589,0.029351183204856347,0.01585891423429306,0.05140947416546364,0.04460836065181503,0.032524916510883746,0.1247750076207332,0.1247750076207332,0.23648886330589017,0.016029990170195345,0.013364061646258456
2026-04-02,0.0415480753805703,0.018012004594174222,0.07893847270321455,0.09669877172262263,0.07561689646829589,0.029351183204856347,0.01585891423429306,0.05140947416546364,0.04460836065181503,0.032524916510883746,0.1247750076207332,0.1247750076207332,0.23648886330589017,0.016029990170195345,0.013364061646258456
2026-04-03,0.0415480753805703,0.018012004594174222,0.07893847270321455,0.09669877172262263,0.07561689646829589,0.029351183204856347,0.01585891423429306,0.05140947416546364,0.04460836065181503,0.032524916510883746,0.1247750076207332,0.1247750076207332,0.23648886330589017,0.016029990170195345,0.013364061646258456
2026-04-06,0.0415480753805703,0.018012004594174222,0.07893847270321455,0.09669877172262263,0.07561689646829589,0.029351183204856347,0.01585891423429306,0.05140947416546364,0.04460836065181503,0.032524916510883746,0.1247750076207332,0.1247750076207332,0.23648886330589017,0.016029990170195345,0.013364061646258456
2026-04-07,0.0415480753805703,0.018012004594174222,0.07893847270321455,0.09669877172262263,0.07561689646829589,0.029351183204856347,0.01585891423429306,0.05140947416546364,0.04460836065181503,0.032524916510883746,0.1247750076207332,0.1247750076207332,0.23648886330589017,0.016029990170195345,0.013364061646258456
2026-04-08,0.0415480753805703,0.018012004594174222,0.07893847270321455,0.09669877172262263,0.07561689646829589,0.029351183204856347,0.01585891423429306,0.05140947416546364,0.04460836065181503,0.032524916510883746,0.1247750076207332,0.1247750076207332,0.23648886330589017,0.016029990170195345,0.013364061646258456
2026-04-09,0.0415480753805703,0.018012004594174222,0.07893847270321455,0.09669877172262263,0.07561689646829589,0.029351183204856347,0.01585891423429306,0.05140947416546364,0.04460836065181503,0.032524916510883746,0.1247750076207332,0.1247750076207332,0.23648886330589017,0.016029990170195345,0.013364061646258456
2026-04-10,0.0415480753805703,0.018012004594174222,0.07893847270321455,0.09669877172262263,0.07561689646829589,0.029351183204856347,0.01585891423429306,0.05140947416546364,0.04460836065181503,0.032524916510883746,0.1247750076207332,0.1247750076207332,0.23648886330589017,0.016029990170195345,0.013364061646258456
2026-04-13,0.0415480753805703,0.018012004594174222,0.07893847270321455,0.09669877172262263,0.07561689646829589,0.029351183204856347,0.01585891423429306,0.05140947416546364,0.04460836065181503,0.032524916510883746,0.1247750076207332,0.1247750076207332,0.23648886330589017,0.016029990170195345,0.013364061646258456
2026-04-14,0.0415480753805703,0.018012004594174222,0.07893847270321455,0.09669877172262263,0.07561689646829589,0.029351183204856347,0.01585891423429306,0.05140947416546364,0.04460836065181503,0.032524916510883746,0.1247750076207332,0.1247750076207332,0.23648886330589017,0.016029990170195345,0.013364061646258456
2026-04-15,0.0415480753805703,0.018012004594174222,0.07893847270321455,0.09669877172262263,0.07561689646829589,0.029351183204856347,0.01585891423429306,0.05140947416546364,0.04460836065181503,0.032524916510883746,0.1247750076207332,0.1247750076207332,0.23648886330589017,0.016029990170195345,0.013364061646258456
2026-04-16,0.0415480753805703,0.018012004594174222,0.07893847270321455,0.09669877172262263,0.07561689646829589,0.029351183204856347,0.01585891423429306,0.05140947416546364,0.04460836065181503,0.032524916510883746,0.1247750076207332,0.1247750076207332,0.23648886330589017,0.016029990170195345,0.013364061646258456
2026-04-17,0.0415480753805703,0.018012004594174222,0.07893847270321455,0.09669877172262263,0.07561689646829589,0.029351183204856347,0.01585891423429306,0.05140947416546364,0.04460836065181503,0.032524916510883746,0.1247750076207332,0.1247750076207332,0.23648886330589017,0.016029990170195345,0.013364061646258456
2026-04-20,0.0415480753805703,0.018012004594174222,0.07893847270321455,0.09669877172262263,0.07561689646829589,0.029351183204856347,0.01585891423429306,0.05140947416546364,0.04460836065181503,0.032524916510883746,0.1247750076207332,0.1247750076207332,0.23648886330589017,0.016029990170195345,0.013364061646258456
2026-04-21,0.0415480753805703,0.018012004594174222,0.07893847270321455,0.09669877172262263,0.07561689646829589,0.029351183204856347,0.01585891423429306,0.05140947416546364,0.04460836065181503,0.032524916510883746,0.1247750076207332,0.1247750076207332,0.23648886330589017,0.016029990170195345,0.013364061646258456
2026-04-22,0.0415480753805703,0.018012004594174222,0.07893847270321455,0.09669877172262263,0.07561689646829589,0.029351183204856347,0.01585891423429306,0.05140947416546364,0.04460836065181503,0.032524916510883746,0.1247750076207332,0.1247750076207332,0.23648886330589017,0.016029990170195345,0.013364061646258456
2026-04-23,0.0415480753805703,0.018012004594174222,0.07893847270321455,0.09669877172262263,0.07561689646829589,0.029351183204856347,0.01585891423429306,0.05140947416546364,0.04460836065181503,0.032524916510883746,0.1247750076207332,0.1247750076207332,0.23648886330589017,0.016029990170195345,0.013364061646258456
2026-04-24,0.0415480753805703,0.018012004594174222,0.07893847270321455,0.09669877172262263,0.07561689646829589,0.029351183204856347,0.01585891423429306,0.05140947416546364,0.04460836065181503,0.032524916510883746,0.1247750076207332,0.1247750076207332,0.23648886330589017,0.016029990170195345,0.013364061646258456
2026-04-27,0.0415480753805703,0.018012004594174222,0.07893847270321455,0.09669877172262263,0.07561689646829589,0.029351183204856347,0.01585891423429306,0.05140947416546364,0.04460836065181503,0.032524916510883746,0.1247750076207332,0.1247750076207332,0.23648886330589017,0.016029990170195345,0.013364061646258456
2026-04-28,0.0415480753805703,0.018012004594174222,0.07893847270321455,0.09669877172262263,0.07561689646829589,0.029351183204856347,0.01585891423429306,0.05140947416546364,0.04460836065181503,0.032524916510883746,0.1247750076207332,0.1247750076207332,0.23648886330589017,0.016029990170195345,0.013364061646258456
2026-04-29,0.0415480753805703,0.018012004594174222,0.07893847270321455,0.09669877172262263,0.07561689646829589,0.029351183204856347,0.01585891423429306,0.05140947416546364,0.04460836065181503,0.032524916510883746,0.1247750076207332,0.1247750076207332,0.23648886330589017,0.016029990170195345,0.013364061646258456
2026-04-30,0.08704927302139565,0.01044572142481263,0.07070763259521293,0.05074335633356111,0.03688427270919247,0.02169812731604493,0.00648587148883309,0.024766001942505708,0.027240152115447013,0.010554620407022323,0.40047272256254013,0.11308558953703299,0.10375588823272401,0.018452790442946943,0.017657979870728112
2026-05-01,0.08704927302139565,0.01044572142481263,0.07070763259521293,0.05074335633356111,0.03688427270919247,0.02169812731604493,0.00648587148883309,0.024766001942505708,0.027240152115447013,0.010554620407022323,0.40047272256254013,0.11308558953703299,0.10375588823272401,0.018452790442946943,0.017657979870728112
2026-05-04,0.08704927302139565,0.01044572142481263,0.07070763259521293,0.05074335633356111,0.03688427270919247,0.02169812731604493,0.00648587148883309,0.024766001942505708,0.027240152115447013,0.010554620407022323,0.40047272256254013,0.11308558953703299,0.10375588823272401,0.018452790442946943,0.017657979870728112
2026-05-05,0.08704927302139565,0.01044572142481263,0.07070763259521293,0.05074335633356111,0.03688427270919247,0.02169812731604493,0.00648587148883309,0.024766001942505708,0.027240152115447013,0.010554620407022323,0.40047272256254013,0.11308558953703299,0.10375588823272401,0.018452790442946943,0.017657979870728112
2026-05-06,0.08704927302139565,0.01044572142481263,0.07070763259521293,0.05074335633356111,0.03688427270919247,0.02169812731604493,0.00648587148883309,0.024766001942505708,0.027240152115447013,0.010554620407022323,0.40047272256254013,0.11308558953703299,0.10375588823272401,0.018452790442946943,0.017657979870728112
2026-05-07,0.08704927302139565,0.01044572142481263,0.07070763259521293,0.05074335633356111,0.03688427270919247,0.02169812731604493,0.00648587148883309,0.024766001942505708,0.027240152115447013,0.010554620407022323,0.40047272256254013,0.11308558953703299,0.10375588823272401,0.018452790442946943,0.017657979870728112
2026-05-08,0.08704927302139565,0.01044572142481263,0.07070763259521293,0.05074335633356111,0.03688427270919247,0.02169812731604493,0.00648587148883309,0.024766001942505708,0.027240152115447013,0.010554620407022323,0.40047272256254013,0.11308558953703299,0.10375588823272401,0.018452790442946943,0.017657979870728112
2026-05-11,0.08704927302139565,0.01044572142481263,0.07070763259521293,0.05074335633356111,0.03688427270919247,0.02169812731604493,0.00648587148883309,0.024766001942505708,0.027240152115447013,0.010554620407022323,0.40047272256254013,0.11308558953703299,0.10375588823272401,0.018452790442946943,0.017657979870728112
2026-05-12,0.08704927302139565,0.01044572142481263,0.07070763259521293,0.05074335633356111,0.03688427270919247,0.02169812731604493,0.00648587148883309,0.024766001942505708,0.027240152115447013,0.010554620407022323,0.40047272256254013,0.11308558953703299,0.10375588823272401,0.018452790442946943,0.017657979870728112
2026-05-13,0.08704927302139565,0.01044572142481263,0.07070763259521293,0.05074335633356111,0.03688427270919247,0.02169812731604493,0.00648587148883309,0.024766001942505708,0.027240152115447013,0.010554620407022323,0.40047272256254013,0.11308558953703299,0.10375588823272401,0.018452790442946943,0.017657979870728112
2026-05-14,0.08704927302139565,0.01044572142481263,0.07070763259521293,0.05074335633356111,0.03688427270919247,0.02169812731604493,0.00648587148883309,0.024766001942505708,0.027240152115447013,0.010554620407022323,0.40047272256254013,0.11308558953703299,0.10375588823272401,0.018452790442946943,0.017657979870728112
2026-05-15,0.08704927302139565,0.01044572142481263,0.07070763259521293,0.05074335633356111,0.03688427270919247,0.02169812731604493,0.00648587148883309,0.024766001942505708,0.027240152115447013,0.010554620407022323,0.40047272256254013,0.11308558953703299,0.10375588823272401,0.018452790442946943,0.017657979870728112
2026-05-18,0.08704927302139565,0.01044572142481263,0.07070763259521293,0.05074335633356111,0.03688427270919247,0.02169812731604493,0.00648587148883309,0.024766001942505708,0.027240152115447013,0.010554620407022323,0.40047272256254013,0.11308558953703299,0.10375588823272401,0.018452790442946943,0.017657979870728112
2026-05-19,0.08704927302139565,0.01044572142481263,0.07070763259521293,0.05074335633356111,0.03688427270919247,0.02169812731604493,0.00648587148883309,0.024766001942505708,0.027240152115447013,0.010554620407022323,0.40047272256254013,0.11308558953703299,0.10375588823272401,0.018452790442946943,0.017657979870728112
2026-05-20,0.08704927302139565,0.01044572142481263,0.07070763259521293,0.05074335633356111,0.03688427270919247,0.02169812731604493,0.00648587148883309,0.024766001942505708,0.027240152115447013,0.010554620407022323,0.40047272256254013,0.11308558953703299,0.10375588823272401,0.018452790442946943,0.017657979870728112
2026-05-21,0.08704927302139565,0.01044572142481263,0.07070763259521293,0.05074335633356111,0.03688427270919247,0.02169812731604493,0.00648587148883309,0.024766001942505708,0.027240152115447013,0.010554620407022323,0.40047272256254013,0.11308558953703299,0.10375588823272401,0.018452790442946943,0.017657979870728112
2026-05-22,0.08704927302139565,0.01044572142481263,0.07070763259521293,0.05074335633356111,0.03688427270919247,0.02169812731604493,0.00648587148883309,0.024766001942505708,0.027240152115447013,0.010554620407022323,0.40047272256254013,0.11308558953703299,0.10375588823272401,0.018452790442946943,0.017657979870728112
2026-05-25,0.08704927302139565,0.01044572142481263,0.07070763259521293,0.05074335633356111,0.03688427270919247,0.02169812731604493,0.00648587148883309,0.024766001942505708,0.027240152115447013,0.010554620407022323,0.40047272256254013,0.11308558953703299,0.10375588823272401,0.018452790442946943,0.017657979870728112
2026-05-26,0.08704927302139565,0.01044572142481263,0.07070763259521293,0.05074335633356111,0.03688427270919247,0.02169812731604493,0.00648587148883309,0.024766001942505708,0.027240152115447013,0.010554620407022323,0.40047272256254013,0.11308558953703299,0.10375588823272401,0.018452790442946943,0.017657979870728112
2026-05-27,0.08704927302139565,0.01044572142481263,0.07070763259521293,0.05074335633356111,0.03688427270919247,0.02169812731604493,0.00648587148883309,0.024766001942505708,0.027240152115447013,0.010554620407022323,0.40047272256254013,0.11308558953703299,0.10375588823272401,0.018452790442946943,0.017657979870728112
2026-05-28,0.08704927302139565,0.01044572142481263,0.07070763259521293,0.05074335633356111,0.03688427270919247,0.02169812731604493,0.00648587148883309,0.024766001942505708,0.027240152115447013,0.010554620407022323,0.40047272256254013,0.11308558953703299,0.10375588823272401,0.018452790442946943,0.017657979870728112
2026-05-29,0.08653562584696355,0.014170853383128644,0.11003978089566782,0.10227930602531198,0.09532425750481219,0.027021817661531507,0.014915751695308926,0.05649153443154114,0.04354953746274547,0.021138176858699946,0.127679202764154,0.11922659100581026,0.12904056090374766,0.03514563316987981,0.017441370390697125
2026-06-01,0.08653562584696355,0.014170853383128644,0.11003978089566782,0.10227930602531198,0.09532425750481219,0.027021817661531507,0.014915751695308926,0.05649153443154114,0.04354953746274547,0.021138176858699946,0.127679202764154,0.11922659100581026,0.12904056090374766,0.03514563316987981,0.017441370390697125
2026-06-02,0.08653562584696355,0.014170853383128644,0.11003978089566782,0.10227930602531198,0.09532425750481219,0.027021817661531507,0.014915751695308926,0.05649153443154114,0.04354953746274547,0.021138176858699946,0.127679202764154,0.11922659100581026,0.12904056090374766,0.03514563316987981,0.017441370390697125
2026-06-03,0.08653562584696355,0.014170853383128644,0.11003978089566782,0.10227930602531198,0.09532425750481219,0.027021817661531507,0.014915751695308926,0.05649153443154114,0.04354953746274547,0.021138176858699946,0.127679202764154,0.11922659100581026,0.12904056090374766,0.03514563316987981,0.017441370390697125
2026-06-04,0.08653562584696355,0.014170853383128644,0.11003978089566782,0.10227930602531198,0.09532425750481219,0.027021817661531507,0.014915751695308926,0.05649153443154114,0.04354953746274547,0.021138176858699946,0.127679202764154,0.11922659100581026,0.12904056090374766,0.03514563316987981,0.017441370390697125
2026-06-05,0.08653562584696355,0.014170853383128644,0.11003978089566782,0.10227930602531198,0.09532425750481219,0.027021817661531507,0.014915751695308926,0.05649153443154114,0.04354953746274547,0.021138176858699946,0.127679202764154,0.11922659100581026,0.12904056090374766,0.03514563316987981,0.017441370390697125
2026-06-08,0.08653562584696355,0.014170853383128644,0.11003978089566782,0.10227930602531198,0.09532425750481219,0.027021817661531507,0.014915751695308926,0.05649153443154114,0.04354953746274547,0.021138176858699946,0.127679202764154,0.11922659100581026,0.12904056090374766,0.03514563316987981,0.017441370390697125
2026-06-09,0.08653562584696355,0.014170853383128644,0.11003978089566782,0.10227930602531198,0.09532425750481219,0.027021817661531507,0.014915751695308926,0.05649153443154114,0.04354953746274547,0.021138176858699946,0.127679202764154,0.11922659100581026,0.12904056090374766,0.03514563316987981,0.017441370390697125
2026-06-10,0.08653562584696355,0.014170853383128644,0.11003978089566782,0.10227930602531198,0.09532425750481219,0.027021817661531507,0.014915751695308926,0.05649153443154114,0.04354953746274547,0.021138176858699946,0.127679202764154,0.11922659100581026,0.12904056090374766,0.03514563316987981,0.017441370390697125
2026-06-11,0.08653562584696355,0.014170853383128644,0.11003978089566782,0.10227930602531198,0.09532425750481219,0.027021817661531507,0.014915751695308926,0.05649153443154114,0.04354953746274547,0.021138176858699946,0.127679202764154,0.11922659100581026,0.12904056090374766,0.03514563316987981,0.017441370390697125
2026-06-12,0.08653562584696355,0.014170853383128644,0.11003978089566782,0.10227930602531198,0.09532425750481219,0.027021817661531507,0.014915751695308926,0.05649153443154114,0.04354953746274547,0.021138176858699946,0.127679202764154,0.11922659100581026,0.12904056090374766,0.03514563316987981,0.017441370390697125
2026-06-15,0.08653562584696355,0.014170853383128644,0.11003978089566782,0.10227930602531198,0.09532425750481219,0.027021817661531507,0.014915751695308926,0.05649153443154114,0.04354953746274547,0.021138176858699946,0.127679202764154,0.11922659100581026,0.12904056090374766,0.03514563316987981,0.017441370390697125
2026-06-16,0.08653562584696355,0.014170853383128644,0.11003978089566782,0.10227930602531198,0.09532425750481219,0.027021817661531507,0.014915751695308926,0.05649153443154114,0.04354953746274547,0.021138176858699946,0.127679202764154,0.11922659100581026,0.12904056090374766,0.03514563316987981,0.017441370390697125
2026-06-17,0.08653562584696355,0.014170853383128644,0.11003978089566782,0.10227930602531198,0.09532425750481219,0.027021817661531507,0.014915751695308926,0.05649153443154114,0.04354953746274547,0.021138176858699946,0.127679202764154,0.11922659100581026,0.12904056090374766,0.03514563316987981,0.017441370390697125
2026-06-18,0.08653562584696355,0.014170853383128644,0.11003978089566782,0.10227930602531198,0.09532425750481219,0.027021817661531507,0.014915751695308926,0.05649153443154114,0.04354953746274547,0.021138176858699946,0.127679202764154,0.11922659100581026,0.12904056090374766,0.03514563316987981,0.017441370390697125
2026-06-19,0.08653562584696355,0.014170853383128644,0.11003978089566782,0.10227930602531198,0.09532425750481219,0.027021817661531507,0.014915751695308926,0.05649153443154114,0.04354953746274547,0.021138176858699946,0.127679202764154,0.11922659100581026,0.12904056090374766,0.03514563316987981,0.017441370390697125
2026-06-22,0.08653562584696355,0.014170853383128644,0.11003978089566782,0.10227930602531198,0.09532425750481219,0.027021817661531507,0.014915751695308926,0.05649153443154114,0.04354953746274547,0.021138176858699946,0.127679202764154,0.11922659100581026,0.12904056090374766,0.03514563316987981,0.017441370390697125
2026-06-23,0.08653562584696355,0.014170853383128644,0.11003978089566782,0.10227930602531198,0.09532425750481219,0.027021817661531507,0.014915751695308926,0.05649153443154114,0.04354953746274547,0.021138176858699946,0.127679202764154,0.11922659100581026,0.12904056090374766,0.03514563316987981,0.017441370390697125
2026-06-24,0.08653562584696355,0.014170853383128644,0.11003978089566782,0.10227930602531198,0.09532425750481219,0.027021817661531507,0.014915751695308926,0.05649153443154114,0.04354953746274547,0.021138176858699946,0.127679202764154,0.11922659100581026,0.12904056090374766,0.03514563316987981,0.017441370390697125
2026-06-25,0.08653562584696355,0.014170853383128644,0.11003978089566782,0.10227930602531198,0.09532425750481219,0.027021817661531507,0.014915751695308926,0.05649153443154114,0.04354953746274547,0.021138176858699946,0.127679202764154,0.11922659100581026,0.12904056090374766,0.03514563316987981,0.017441370390697125
2026-06-26,0.08653562584696355,0.014170853383128644,0.11003978089566782,0.10227930602531198,0.09532425750481219,0.027021817661531507,0.014915751695308926,0.05649153443154114,0.04354953746274547,0.021138176858699946,0.127679202764154,0.11922659100581026,0.12904056090374766,0.03514563316987981,0.017441370390697125
2026-06-29,0.08653562584696355,0.014170853383128644,0.11003978089566782,0.10227930602531198,0.09532425750481219,0.027021817661531507,0.014915751695308926,0.05649153443154114,0.04354953746274547,0.021138176858699946,0.127679202764154,0.11922659100581026,0.12904056090374766,0.03514563316987981,0.017441370390697125
2026-06-30,0.07163094978859044,0.0076405715584652,0.08597557063849451,0.05332327770857472,0.04551713059809802,0.01476973012367464,0.005788174069355616,0.026276187415916637,0.022972789601369326,0.011838660621617187,0.3559681656614661,0.16028001252123264,0.1023610498207355,0.016875751792954037,0.018781978079455513
2026-07-01,0.07163094978859044,0.0076405715584652,0.08597557063849451,0.05332327770857472,0.04551713059809802,0.01476973012367464,0.005788174069355616,0.026276187415916637,0.022972789601369326,0.011838660621617187,0.3559681656614661,0.16028001252123264,0.1023610498207355,0.016875751792954037,0.018781978079455513
2026-07-02,0.07163094978859044,0.0076405715584652,0.08597557063849451,0.05332327770857472,0.04551713059809802,0.01476973012367464,0.005788174069355616,0.026276187415916637,0.022972789601369326,0.011838660621617187,0.3559681656614661,0.16028001252123264,0.1023610498207355,0.016875751792954037,0.018781978079455513
2026-07-03,0.07163094978859044,0.0076405715584652,0.08597557063849451,0.05332327770857472,0.04551713059809802,0.01476973012367464,0.005788174069355616,0.026276187415916637,0.022972789601369326,0.011838660621617187,0.3559681656614661,0.16028001252123264,0.1023610498207355,0.016875751792954037,0.018781978079455513
2026-07-06,0.07163094978859044,0.0076405715584652,0.08597557063849451,0.05332327770857472,0.04551713059809802,0.01476973012367464,0.005788174069355616,0.026276187415916637,0.022972789601369326,0.011838660621617187,0.3559681656614661,0.16028001252123264,0.1023610498207355,0.016875751792954037,0.018781978079455513
2026-07-07,0.07163094978859044,0.0076405715584652,0.08597557063849451,0.05332327770857472,0.04551713059809802,0.01476973012367464,0.005788174069355616,0.026276187415916637,0.022972789601369326,0.011838660621617187,0.3559681656614661,0.16028001252123264,0.1023610498207355,0.016875751792954037,0.018781978079455513
2026-07-08,0.07163094978859044,0.0076405715584652,0.08597557063849451,0.05332327770857472,0.04551713059809802,0.01476973012367464,0.005788174069355616,0.026276187415916637,0.022972789601369326,0.011838660621617187,0.3559681656614661,0.16028001252123264,0.1023610498207355,0.016875751792954037,0.018781978079455513
2026-07-09,0.07163094978859044,0.0076405715584652,0.08597557063849451,0.05332327770857472,0.04551713059809802,0.01476973012367464,0.005788174069355616,0.026276187415916637,0.022972789601369326,0.011838660621617187,0.3559681656614661,0.16028001252123264,0.1023610498207355,0.016875751792954037,0.018781978079455513
2026-07-10,0.07163094978859044,0.0076405715584652,0.08597557063849451,0.05332327770857472,0.04551713059809802,0.01476973012367464,0.005788174069355616,0.026276187415916637,0.022972789601369326,0.011838660621617187,0.3559681656614661,0.16028001252123264,0.1023610498207355,0.016875751792954037,0.018781978079455513
2026-07-13,0.07163094978859044,0.0076405715584652,0.08597557063849451,0.05332327770857472,0.04551713059809802,0.01476973012367464,0.005788174069355616,0.026276187415916637,0.022972789601369326,0.011838660621617187,0.3559681656614661,0.16028001252123264,0.1023610498207355,0.016875751792954037,0.018781978079455513
2026-07-14,0.07163094978859044,0.0076405715584652,0.08597557063849451,0.05332327770857472,0.04551713059809802,0.01476973012367464,0.005788174069355616,0.026276187415916637,0.022972789601369326,0.011838660621617187,0.3559681656614661,0.16028001252123264,0.1023610498207355,0.016875751792954037,0.018781978079455513
2026-07-15,0.07163094978859044,0.0076405715584652,0.08597557063849451,0.05332327770857472,0.04551713059809802,0.01476973012367464,0.005788174069355616,0.026276187415916637,0.022972789601369326,0.011838660621617187,0.3559681656614661,0.16028001252123264,0.1023610498207355,0.016875751792954037,0.018781978079455513
2026-07-16,0.07163094978859044,0.0076405715584652,0.08597557063849451,0.05332327770857472,0.04551713059809802,0.01476973012367464,0.005788174069355616,0.026276187415916637,0.022972789601369326,0.011838660621617187,0.3559681656614661,0.16028001252123264,0.1023610498207355,0.016875751792954037,0.018781978079455513
2026-07-17,0.07163094978859044,0.0076405715584652,0.08597557063849451,0.05332327770857472,0.04551713059809802,0.01476973012367464,0.005788174069355616,0.026276187415916637,0.022972789601369326,0.011838660621617187,0.3559681656614661,0.16028001252123264,0.1023610498207355,0.016875751792954037,0.018781978079455513
2026-07-20,0.07163094978859044,0.0076405715584652,0.08597557063849451,0.05332327770857472,0.04551713059809802,0.01476973012367464,0.005788174069355616,0.026276187415916637,0.022972789601369326,0.011838660621617187,0.3559681656614661,0.16028001252123264,0.1023610498207355,0.016875751792954037,0.018781978079455513
2026-07-21,0.07163094978859044,0.0076405715584652,0.08597557063849451,0.05332327770857472,0.04551713059809802,0.01476973012367464,0.005788174069355616,0.026276187415916637,0.022972789601369326,0.011838660621617187,0.3559681656614661,0.16028001252123264,0.1023610498207355,0.016875751792954037,0.018781978079455513
2026-07-22,0.07163094978859044,0.0076405715584652,0.08597557063849451,0.05332327770857472,0.04551713059809802,0.01476973012367464,0.005788174069355616,0.026276187415916637,0.022972789601369326,0.011838660621617187,0.3559681656614661,0.16028001252123264,0.1023610498207355,0.016875751792954037,0.018781978079455513
2026-07-23,0.07163094978859044,0.0076405715584652,0.08597557063849451,0.05332327770857472,0.04551713059809802,0.01476973012367464,0.005788174069355616,0.026276187415916637,0.022972789601369326,0.011838660621617187,0.3559681656614661,0.16028001252123264,0.1023610498207355,0.016875751792954037,0.018781978079455513
2026-07-24,0.07163094978859044,0.0076405715584652,0.08597557063849451,0.05332327770857472,0.04551713059809802,0.01476973012367464,0.005788174069355616,0.026276187415916637,0.022972789601369326,0.011838660621617187,0.3559681656614661,0.16028001252123264,0.1023610498207355,0.016875751792954037,0.018781978079455513
2026-07-27,0.07163094978859044,0.0076405715584652,0.08597557063849451,0.05332327770857472,0.04551713059809802,0.01476973012367464,0.005788174069355616,0.026276187415916637,0.022972789601369326,0.011838660621617187,0.3559681656614661,0.16028001252123264,0.1023610498207355,0.016875751792954037,0.018781978079455513
2026-07-28,0.07163094978859044,0.0076405715584652,0.08597557063849451,0.05332327770857472,0.04551713059809802,0.01476973012367464,0.005788174069355616,0.026276187415916637,0.022972789601369326,0.011838660621617187,0.3559681656614661,0.16028001252123264,0.1023610498207355,0.016875751792954037,0.018781978079455513
2026-07-29,0.07163094978859044,0.0076405715584652,0.08597557063849451,0.05332327770857472,0.04551713059809802,0.01476973012367464,0.005788174069355616,0.026276187415916637,0.022972789601369326,0.011838660621617187,0.3559681656614661,0.16028001252123264,0.1023610498207355,0.016875751792954037,0.018781978079455513
2026-07-30,0.07163094978859044,0.0076405715584652,0.08597557063849451,0.05332327770857472,0.04551713059809802,0.01476973012367464,0.005788174069355616,0.026276187415916637,0.022972789601369326,0.011838660621617187,0.3559681656614661,0.16028001252123264,0.1023610498207355,0.016875751792954037,0.018781978079455513
2026-07-31,0.0844886571485486,0.008389259272092943,0.0837051438450441,0.055609072078982705,0.045785270763017506,0.014571669168329962,0.005952274947435091,0.0253167589727563,0.02271206848045133,0.012297788140910834,0.32352458465791883,0.17435283915922176,0.10643969749739117,0.017340437090503567,0.01951447877739555
2026-08-03,0.0844886571485486,0.008389259272092943,0.0837051438450441,0.055609072078982705,0.045785270763017506,0.014571669168329962,0.005952274947435091,0.0253167589727563,0.02271206848045133,0.012297788140910834,0.32352458465791883,0.17435283915922176,0.10643969749739117,0.017340437090503567,0.01951447877739555
2026-08-04,0.0844886571485486,0.008389259272092943,0.0837051438450441,0.055609072078982705,0.045785270763017506,0.014571669168329962,0.005952274947435091,0.0253167589727563,0.02271206848045133,0.012297788140910834,0.32352458465791883,0.17435283915922176,0.10643969749739117,0.017340437090503567,0.01951447877739555
2026-08-05,0.0844886571485486,0.008389259272092943,0.0837051438450441,0.055609072078982705,0.045785270763017506,0.014571669168329962,0.005952274947435091,0.0253167589727563,0.02271206848045133,0.012297788140910834,0.32352458465791883,0.17435283915922176,0.10643969749739117,0.017340437090503567,0.01951447877739555
2026-08-06,0.0844886571485486,0.008389259272092943,0.0837051438450441,0.055609072078982705,0.045785270763017506,0.014571669168329962,0.005952274947435091,0.0253167589727563,0.02271206848045133,0.012297788140910834,0.32352458465791883,0.17435283915922176,0.10643969749739117,0.017340437090503567,0.01951447877739555
2026-08-07,0.0844886571485486,0.008389259272092943,0.0837051438450441,0.055609072078982705,0.045785270763017506,0.014571669168329962,0.005952274947435091,0.0253167589727563,0.02271206848045133,0.012297788140910834,0.32352458465791883,0.17435283915922176,0.10643969749739117,0.017340437090503567,0.01951447877739555
2026-08-10,0.0844886571485486,0.008389259272092943,0.0837051438450441,0.055609072078982705,0.045785270763017506,0.014571669168329962,0.005952274947435091,0.0253167589727563,0.02271206848045133,0.012297788140910834,0.32352458465791883,0.17435283915922176,0.10643969749739117,0.017340437090503567,0.01951447877739555
2026-08-11,0.0844886571485486,0.008389259272092943,0.0837051438450441,0.055609072078982705,0.045785270763017506,0.014571669168329962,0.005952274947435091,0.0253167589727563,0.02271206848045133,0.012297788140910834,0.32352458465791883,0.17435283915922176,0.10643969749739117,0.017340437090503567,0.01951447877739555
2026-08-12,0.0844886571485486,0.008389259272092943,0.0837051438450441,0.055609072078982705,0.045785270763017506,0.014571669168329962,0.005952274947435091,0.0253167589727563,0.02271206848045133,0.012297788140910834,0.32352458465791883,0.17435283915922176,0.10643969749739117,0.017340437090503567,0.01951447877739555
2026-08-13,0.0844886571485486,0.008389259272092943,0.0837051438450441,0.055609072078982705,0.045785270763017506,0.014571669168329962,0.005952274947435091,0.0253167589727563,0.02271206848045133,0.012297788140910834,0.32352458465791883,0.17435283915922176,0.10643969749739117,0.017340437090503567,0.01951447877739555
2026-08-14,0.0844886571485486,0.008389259272092943,0.0837051438450441,0.055609072078982705,0.045785270763017506,0.014571669168329962,0.005952274947435091,0.0253167589727563,0.02271206848045133,0.012297788140910834,0.32352458465791883,0.17435283915922176,0.10643969749739117,0.017340437090503567,0.01951447877739555
2026-08-17,0.0844886571485486,0.008389259272092943,0.0837051438450441,0.055609072078982705,0.045785270763017506,0.014571669168329962,0.005952274947435091,0.0253167589727563,0.02271206848045133,0.012297788140910834,0.32352458465791883,0.17435283915922176,0.10643969749739117,0.017340437090503567,0.01951447877739555
2026-08-18,0.0844886571485486,0.008389259272092943,0.0837051438450441,0.055609072078982705,0.045785270763017506,0.014571669168329962,0.005952274947435091,0.0253167589727563,0.02271206848045133,0.012297788140910834,0.32352458465791883,0.17435283915922176,0.10643969749739117,0.017340437090503567,0.01951447877739555
2026-08-19,0.0844886571485486,0.008389259272092943,0.0837051438450441,0.055609072078982705,0.045785270763017506,0.014571669168329962,0.005952274947435091,0.0253167589727563,0.02271206848045133,0.012297788140910834,0.32352458465791883,0.17435283915922176,0.10643969749739117,0.017340437090503567,0.01951447877739555
2026-08-20,0.0844886571485486,0.008389259272092943,0.0837051438450441,0.055609072078982705,0.045785270763017506,0.014571669168329962,0.005952274947435091,0.0253167589727563,0.02271206848045133,0.012297788140910834,0.32352458465791883,0.17435283915922176,0.10643969749739117,0.017340437090503567,0.01951447877739555
2026-08-21,0.0844886571485486,0.008389259272092943,0.0837051438450441,0.055609072078982705,0.045785270763017506,0.014571669168329962,0.005952274947435091,0.0253167589727563,0.02271206848045133,0.012297788140910834,0.32352458465791883,0.17435283915922176,0.10643969749739117,0.017340437090503567,0.01951447877739555
2026-08-24,0.0844886571485486,0.008389259272092943,0.0837051438450441,0.055609072078982705,0.045785270763017506,0.014571669168329962,0.005952274947435091,0.0253167589727563,0.02271206848045133,0.012297788140910834,0.32352458465791883,0.17435283915922176,0.10643969749739117,0.017340437090503567,0.01951447877739555
2026-08-25,0.0844886571485486,0.008389259272092943,0.0837051438450441,0.055609072078982705,0.045785270763017506,0.014571669168329962,0.005952274947435091,0.0253167589727563,0.02271206848045133,0.012297788140910834,0.32352458465791883,0.17435283915922176,0.10643969749739117,0.017340437090503567,0.01951447877739555
2026-08-26,0.0844886571485486,0.008389259272092943,0.0837051438450441,0.055609072078982705,0.045785270763017506,0.014571669168329962,0.005952274947435091,0.0253167589727563,0.02271206848045133,0.012297788140910834,0.32352458465791883,0.17435283915922176,0.10643969749739117,0.017340437090503567,0.01951447877739555
2026-08-27,0.0844886571485486,0.008389259272092943,0.0837051438450441,0.055609072078982705,0.045785270763017506,0.014571669168329962,0.005952274947435091,0.0253167589727563,0.02271206848045133,0.012297788140910834,0.32352458465791883,0.17435283915922176,0.10643969749739117,0.017340437090503567,0.01951447877739555
2026-08-28,0.0844886571485486,0.008389259272092943,0.0837051438450441,0.055609072078982705,0.045785270763017506,0.014571669168329962,0.005952274947435091,0.0253167589727563,0.02271206848045133,0.012297788140910834,0.32352458465791883,0.17435283915922176,0.10643969749739117,0.017340437090503567,0.01951447877739555
2026-08-31,0.05423735802394061,0.01127635648191248,0.09225825260105876,0.0926527371580754,0.08739728394053044,0.013893174569385847,0.009066894211669679,0.06349352577914408,0.026764546649178114,0.0192627955933711,0.15791892379627911,0.11401786040566057,0.23791218594542893,0.00827103690065714,0.011577067943707806
2026-09-01,0.05423735802394061,0.01127635648191248,0.09225825260105876,0.0926527371580754,0.08739728394053044,0.013893174569385847,0.009066894211669679,0.06349352577914408,0.026764546649178114,0.0192627955933711,0.15791892379627911,0.11401786040566057,0.23791218594542893,0.00827103690065714,0.011577067943707806
2026-09-02,0.05423735802394061,0.01127635648191248,0.09225825260105876,0.0926527371580754,0.08739728394053044,0.013893174569385847,0.009066894211669679,0.06349352577914408,0.026764546649178114,0.0192627955933711,0.15791892379627911,0.11401786040566057,0.23791218594542893,0.00827103690065714,0.011577067943707806
2026-09-03,0.05423735802394061,0.01127635648191248,0.09225825260105876,0.0926527371580754,0.08739728394053044,0.013893174569385847,0.009066894211669679,0.06349352577914408,0.026764546649178114,0.0192627955933711,0.15791892379627911,0.11401786040566057,0.23791218594542893,0.00827103690065714,0.011577067943707806
2026-09-04,0.05423735802394061,0.01127635648191248,0.09225825260105876,0.0926527371580754,0.08739728394053044,0.013893174569385847,0.009066894211669679,0.06349352577914408,0.026764546649178114,0.0192627955933711,0.15791892379627911,0.11401786040566057,0.23791218594542893,0.00827103690065714,0.011577067943707806
2026-09-07,0.05423735802394061,0.01127635648191248,0.09225825260105876,0.0926527371580754,0.08739728394053044,0.013893174569385847,0.009066894211669679,0.06349352577914408,0.026764546649178114,0.0192627955933711,0.15791892379627911,0.11401786040566057,0.23791218594542893,0.00827103690065714,0.011577067943707806
2026-09-08,0.05423735802394061,0.01127635648191248,0.09225825260105876,0.0926527371580754,0.08739728394053044,0.013893174569385847,0.009066894211669679,0.06349352577914408,0.026764546649178114,0.0192627955933711,0.15791892379627911,0.11401786040566057,0.23791218594542893,0.00827103690065714,0.011577067943707806
2026-09-09,0.05423735802394061,0.01127635648191248,0.09225825260105876,0.0926527371580754,0.08739728394053044,0.013893174569385847,0.009066894211669679,0.06349352577914408,0.026764546649178114,0.0192627955933711,0.15791892379627911,0.11401786040566057,0.23791218594542893,0.00827103690065714,0.011577067943707806
2026-09-10,0.05423735802394061,0.01127635648191248,0.09225825260105876,0.0926527371580754,0.08739728394053044,0.013893174569385847,0.009066894211669679,0.06349352577914408,0.026764546649178114,0.0192627955933711,0.15791892379627911,0.11401786040566057,0.23791218594542893,0.00827103690065714,0.011577067943707806
2026-09-11,0.05423735802394061,0.01127635648191248,0.09225825260105876,0.0926527371580754,0.08739728394053044,0.013893174569385847,0.009066894211669679,0.06349352577914408,0.026764546649178114,0.0192627955933711,0.15791892379627911,0.11401786040566057,0.23791218594542893,0.00827103690065714,0.011577067943707806
2026-09-14,0.05423735802394061,0.01127635648191248,0.09225825260105876,0.0926527371580754,0.08739728394053044,0.013893174569385847,0.009066894211669679,0.06349352577914408,0.026764546649178114,0.0192627955933711,0.15791892379627911,0.11401786040566057,0.23791218594542893,0.00827103690065714,0.011577067943707806
2026-09-15,0.05423735802394061,0.01127635648191248,0.09225825260105876,0.0926527371580754,0.08739728394053044,0.013893174569385847,0.009066894211669679,0.06349352577914408,0.026764546649178114,0.0192627955933711,0.15791892379627911,0.11401786040566057,0.23791218594542893,0.00827103690065714,0.011577067943707806
2026-09-16,0.05423735802394061,0.01127635648191248,0.09225825260105876,0.0926527371580754,0.08739728394053044,0.013893174569385847,0.009066894211669679,0.06349352577914408,0.026764546649178114,0.0192627955933711,0.15791892379627911,0.11401786040566057,0.23791218594542893,0.00827103690065714,0.011577067943707806
2026-09-17,0.05423735802394061,0.01127635648191248,0.09225825260105876,0.0926527371580754,0.08739728394053044,0.013893174569385847,0.009066894211669679,0.06349352577914408,0.026764546649178114,0.0192627955933711,0.15791892379627911,0.11401786040566057,0.23791218594542893,0.00827103690065714,0.011577067943707806
2026-09-18,0.05423735802394061,0.01127635648191248,0.09225825260105876,0.0926527371580754,0.08739728394053044,0.013893174569385847,0.009066894211669679,0.06349352577914408,0.026764546649178114,0.0192627955933711,0.15791892379627911,0.11401786040566057,0.23791218594542893,0.00827103690065714,0.011577067943707806
2026-09-21,0.05423735802394061,0.01127635648191248,0.09225825260105876,0.0926527371580754,0.08739728394053044,0.013893174569385847,0.009066894211669679,0.06349352577914408,0.026764546649178114,0.0192627955933711,0.15791892379627911,0.11401786040566057,0.23791218594542893,0.00827103690065714,0.011577067943707806
2026-09-22,0.05910020907399149,0.009242537835770684,0.11720235154086216,0.06451276477154895,0.05021773878305112,0.014373527302833174,0.007065923993026436,0.030984498163442963,0.024370306404297264,0.015437731796643667,0.35442761037554943,0.14233142145444963,0.06937381726528888,0.022252172247700663,0.019107388991543503
