canonical_symbol,broker_symbol,retrieval_timestamp_utc,time,time_msc,bid,ask,last,volume,volume_real,flags
EURUSD,EURUSD,2026-09-29T19:57:11.475915+00:00,1790553620,1790553620059,1.13725,1.13865,0.0,0.0,0.0,1158
EURUSD,EURUSD,2026-09-29T19:57:11.475915+00:00,1790553631,1790553631255,1.13753,1.13818,0.0,0.0,0.0,1158
EURUSD,EURUSD,2026-09-29T19:57:11.475915+00:00,1790553695,1790553695934,1.13755,1.13818,0.0,0.0,0.0,1158
EURUSD,EURUSD,2026-09-29T19:57:11.475915+00:00,1790553696,1790553696133,1.13758,1.13818,0.0,0.0,0.0,1154
EURUSD,EURUSD,2026-09-29T19:57:11.475915+00:00,1790553710,1790553710093,1.1375899999999999,1.1381999999999999,0.0,0.0,0.0,1158
EURUSD,EURUSD,2026-09-29T19:57:11.475915+00:00,1790553720,1790553720196,1.1375899999999999,1.1381999999999999,0.0,0.0,0.0,1154
EURUSD,EURUSD,2026-09-29T19:57:11.475915+00:00,1790553727,1790553727880,1.13766,1.13827,0.0,0.0,0.0,1158
EURUSD,EURUSD,2026-09-29T19:57:11.475915+00:00,1790553730,1790553730103,1.13764,1.13825,0.0,0.0,0.0,1158
EURUSD,EURUSD,2026-09-29T19:57:11.475915+00:00,1790553733,1790553733393,1.1372,1.1384,0.0,0.0,0.0,1158
EURUSD,EURUSD,2026-09-29T19:57:11.475915+00:00,1790553733,1790553733896,1.13764,1.13815,0.0,0.0,0.0,1158
EURUSD,EURUSD,2026-09-29T19:57:11.475915+00:00,1790553746,1790553746377,1.13764,1.13806,0.0,0.0,0.0,1028
EURUSD,EURUSD,2026-09-29T19:57:11.475915+00:00,1790553747,1790553747383,1.1375899999999999,1.13806,0.0,0.0,0.0,1154
EURUSD,EURUSD,2026-09-29T19:57:11.475915+00:00,1790553747,1790553747887,1.1375899999999999,1.13803,0.0,0.0,0.0,1028
EURUSD,EURUSD,2026-09-29T19:57:11.475915+00:00,1790553761,1790553761465,1.1377,1.13806,0.0,0.0,0.0,1158
EURUSD,EURUSD,2026-09-29T19:57:11.475915+00:00,1790553766,1790553766303,1.13763,1.13803,0.0,0.0,0.0,1158
EURUSD,EURUSD,2026-09-29T19:57:11.475915+00:00,1790553766,1790553766706,1.13763,1.13819,0.0,0.0,0.0,1028
EURUSD,EURUSD,2026-09-29T19:57:11.475915+00:00,1790553819,1790553819647,1.13763,1.13818,0.0,0.0,0.0,1158
EURUSD,EURUSD,2026-09-29T19:57:11.475915+00:00,1790553821,1790553821256,1.13766,1.13818,0.0,0.0,0.0,1154
EURUSD,EURUSD,2026-09-29T19:57:11.475915+00:00,1790553869,1790553869170,1.13766,1.13821,0.0,0.0,0.0,1158
EURUSD,EURUSD,2026-09-29T19:57:11.475915+00:00,1790553876,1790553876416,1.13766,1.13823,0.0,0.0,0.0,1028
EURUSD,EURUSD,2026-09-29T19:57:11.475915+00:00,1790553888,1790553888696,1.13766,1.13835,0.0,0.0,0.0,1028
EURUSD,EURUSD,2026-09-29T19:57:11.475915+00:00,1790553900,1790553900168,1.13773,1.13835,0.0,0.0,0.0,1154
EURUSD,EURUSD,2026-09-29T19:57:11.475915+00:00,1790553900,1790553900571,1.13773,1.13831,0.0,0.0,0.0,1028
EURUSD,EURUSD,2026-09-29T19:57:11.475915+00:00,1790553901,1790553901074,1.13778,1.13831,0.0,0.0,0.0,1154
EURUSD,EURUSD,2026-09-29T19:57:11.475915+00:00,1790553901,1790553901477,1.13778,1.1383,0.0,0.0,0.0,1028
EURUSD,EURUSD,2026-09-29T19:57:11.475915+00:00,1790553918,1790553918488,1.13778,1.13829,0.0,0.0,0.0,1028
EURUSD,EURUSD,2026-09-29T19:57:11.475915+00:00,1790553931,1790553931980,1.1379,1.13835,0.0,0.0,0.0,1158
EURUSD,EURUSD,2026-09-29T19:57:11.475915+00:00,1790553934,1790553934201,1.1379,1.13836,0.0,0.0,0.0,1028
EURUSD,EURUSD,2026-09-29T19:57:11.475915+00:00,1790553936,1790553936020,1.13789,1.13835,0.0,0.0,0.0,1158
EURUSD,EURUSD,2026-09-29T19:57:11.475915+00:00,1790553936,1790553936502,1.13778,1.13827,0.0,0.0,0.0,1158
EURUSD,EURUSD,2026-09-29T19:57:11.475915+00:00,1790553955,1790553955424,1.13778,1.13826,0.0,0.0,0.0,1028
EURUSD,EURUSD,2026-09-29T19:57:11.475915+00:00,1790553956,1790553956028,1.1378,1.13826,0.0,0.0,0.0,1154
EURUSD,EURUSD,2026-09-29T19:57:11.475915+00:00,1790554010,1790554010718,1.1378300000000001,1.13838,0.0,0.0,0.0,1158
EURUSD,EURUSD,2026-09-29T19:57:11.475915+00:00,1790554014,1790554014356,1.13784,1.13837,0.0,0.0,0.0,1158
EURUSD,EURUSD,2026-09-29T19:57:11.475915+00:00,1790554081,1790554081166,1.13784,1.13826,0.0,0.0,0.0,1158
EURUSD,EURUSD,2026-09-29T19:57:11.475915+00:00,1790554081,1790554081570,1.13784,1.13829,0.0,0.0,0.0,1028
EURUSD,EURUSD,2026-09-29T19:57:11.475915+00:00,1790554115,1790554115052,1.13794,1.13834,0.0,0.0,0.0,1158
EURUSD,EURUSD,2026-09-29T19:57:11.475915+00:00,1790554130,1790554130028,1.13794,1.13833,0.0,0.0,0.0,1028
EURUSD,EURUSD,2026-09-29T19:57:11.475915+00:00,1790554131,1790554131040,1.13794,1.13832,0.0,0.0,0.0,1028
EURUSD,EURUSD,2026-09-29T19:57:11.475915+00:00,1790554136,1790554136121,1.13784,1.13828,0.0,0.0,0.0,1158
EURUSD,EURUSD,2026-09-29T19:57:11.475915+00:00,1790554150,1790554150054,1.1379299999999999,1.13833,0.0,0.0,0.0,1158
EURUSD,EURUSD,2026-09-29T19:57:11.475915+00:00,1790554165,1790554165420,1.13792,1.13832,0.0,0.0,0.0,1158
EURUSD,EURUSD,2026-09-29T19:57:11.475915+00:00,1790554200,1790554200213,1.13792,1.13832,0.0,0.0,0.0,1154
EURUSD,EURUSD,2026-09-29T19:57:11.475915+00:00,1790554200,1790554200415,1.13792,1.13826,0.0,0.0,0.0,1028
EURUSD,EURUSD,2026-09-29T19:57:11.475915+00:00,1790554201,1790554201422,1.1379299999999999,1.13826,0.0,0.0,0.0,1154
EURUSD,EURUSD,2026-09-29T19:57:11.475915+00:00,1790554240,1790554240243,1.1379299999999999,1.13828,0.0,0.0,0.0,1028
EURUSD,EURUSD,2026-09-29T19:57:11.475915+00:00,1790554245,1790554245126,1.13792,1.13819,0.0,0.0,0.0,1158
EURUSD,EURUSD,2026-09-29T19:57:11.475915+00:00,1790554273,1790554273815,1.13791,1.13824,0.0,0.0,0.0,1158
EURUSD,EURUSD,2026-09-29T19:57:11.475915+00:00,1790554276,1790554276854,1.13791,1.13826,0.0,0.0,0.0,1028
EURUSD,EURUSD,2026-09-29T19:57:11.475915+00:00,1790554278,1790554278273,1.13794,1.13827,0.0,0.0,0.0,1158
EURUSD,EURUSD,2026-09-29T19:57:11.475915+00:00,1790554281,1790554281516,1.13794,1.13828,0.0,0.0,0.0,1028
EURUSD,EURUSD,2026-09-29T19:57:11.475915+00:00,1790554281,1790554281712,1.13794,1.13829,0.0,0.0,0.0,1028
EURUSD,EURUSD,2026-09-29T19:57:11.475915+00:00,1790554286,1790554286767,1.1379299999999999,1.13829,0.0,0.0,0.0,1154
EURUSD,EURUSD,2026-09-29T19:57:11.475915+00:00,1790554291,1790554291219,1.13792,1.13829,0.0,0.0,0.0,1154
EURUSD,EURUSD,2026-09-29T19:57:11.475915+00:00,1790554293,1790554293848,1.13794,1.13829,0.0,0.0,0.0,1154
EURUSD,EURUSD,2026-09-29T19:57:11.475915+00:00,1790554295,1790554295872,1.13794,1.1383,0.0,0.0,0.0,1028
EURUSD,EURUSD,2026-09-29T19:57:11.475915+00:00,1790554302,1790554302352,1.1379299999999999,1.1383,0.0,0.0,0.0,1154
EURUSD,EURUSD,2026-09-29T19:57:11.475915+00:00,1790554309,1790554309832,1.13792,1.1383,0.0,0.0,0.0,1154
EURUSD,EURUSD,2026-09-29T19:57:11.475915+00:00,1790554315,1790554315498,1.13792,1.13831,0.0,0.0,0.0,1028
EURUSD,EURUSD,2026-09-29T19:57:11.475915+00:00,1790554321,1790554321162,1.13792,1.13832,0.0,0.0,0.0,1158
EURUSD,EURUSD,2026-09-29T19:57:11.475915+00:00,1790554343,1790554343357,1.13792,1.13819,0.0,0.0,0.0,1028
EURUSD,EURUSD,2026-09-29T19:57:11.475915+00:00,1790554391,1790554391383,1.13792,1.13828,0.0,0.0,0.0,1158
EURUSD,EURUSD,2026-09-29T19:57:11.475915+00:00,1790554456,1790554456308,1.13792,1.13829,0.0,0.0,0.0,1158
EURUSD,EURUSD,2026-09-29T19:57:11.475915+00:00,1790554471,1790554471873,1.13792,1.13828,0.0,0.0,0.0,1028
EURUSD,EURUSD,2026-09-29T19:57:11.475915+00:00,1790554487,1790554487252,1.1379,1.13828,0.0,0.0,0.0,1154
EURUSD,EURUSD,2026-09-29T19:57:11.475915+00:00,1790554500,1790554500389,1.1379,1.13829,0.0,0.0,0.0,1158
EURUSD,EURUSD,2026-09-29T19:57:11.475915+00:00,1790554500,1790554500572,1.1379299999999999,1.13822,0.0,0.0,0.0,1158
EURUSD,EURUSD,2026-09-29T19:57:11.475915+00:00,1790554500,1790554500975,1.13795,1.13822,0.0,0.0,0.0,1154
EURUSD,EURUSD,2026-09-29T19:57:11.475915+00:00,1790554522,1790554522435,1.13796,1.13833,0.0,0.0,0.0,1158
EURUSD,EURUSD,2026-09-29T19:57:11.475915+00:00,1790554545,1790554545862,1.13795,1.13832,0.0,0.0,0.0,1158
EURUSD,EURUSD,2026-09-29T19:57:11.475915+00:00,1790554546,1790554546365,1.13796,1.13835,0.0,0.0,0.0,1158
EURUSD,EURUSD,2026-09-29T19:57:11.475915+00:00,1790554553,1790554553008,1.13795,1.13835,0.0,0.0,0.0,1154
EURUSD,EURUSD,2026-09-29T19:57:11.475915+00:00,1790554553,1790554553511,1.13795,1.13836,0.0,0.0,0.0,1028
EURUSD,EURUSD,2026-09-29T19:57:11.475915+00:00,1790554557,1790554557941,1.13795,1.13837,0.0,0.0,0.0,1028
EURUSD,EURUSD,2026-09-29T19:57:11.475915+00:00,1790554564,1790554564683,1.13817,1.13837,0.0,0.0,0.0,1154
EURUSD,EURUSD,2026-09-29T19:57:11.475915+00:00,1790554588,1790554588163,1.13815,1.13845,0.0,0.0,0.0,1158
EURUSD,EURUSD,2026-09-29T19:57:11.475915+00:00,1790554594,1790554594833,1.13815,1.13846,0.0,0.0,0.0,1028
EURUSD,EURUSD,2026-09-29T19:57:11.475915+00:00,1790554620,1790554620123,1.13815,1.13845,0.0,0.0,0.0,1158
EURUSD,EURUSD,2026-09-29T19:57:11.475915+00:00,1790554622,1790554622343,1.13814,1.13842,0.0,0.0,0.0,1158
EURUSD,EURUSD,2026-09-29T19:57:11.475915+00:00,1790554624,1790554624365,1.13813,1.13843,0.0,0.0,0.0,1158
EURUSD,EURUSD,2026-09-29T19:57:11.475915+00:00,1790554630,1790554630028,1.13814,1.13843,0.0,0.0,0.0,1154
EURUSD,EURUSD,2026-09-29T19:57:11.475915+00:00,1790554674,1790554674747,1.13814,1.13842,0.0,0.0,0.0,1028
EURUSD,EURUSD,2026-09-29T19:57:11.475915+00:00,1790554686,1790554686880,1.13814,1.13841,0.0,0.0,0.0,1158
EURUSD,EURUSD,2026-09-29T19:57:11.475915+00:00,1790554694,1790554694761,1.13816,1.13845,0.0,0.0,0.0,1158
EURUSD,EURUSD,2026-09-29T19:57:11.475915+00:00,1790554700,1790554700015,1.13817,1.13847,0.0,0.0,0.0,1158
EURUSD,EURUSD,2026-09-29T19:57:11.475915+00:00,1790554704,1790554704863,1.13817,1.13846,0.0,0.0,0.0,1028
EURUSD,EURUSD,2026-09-29T19:57:11.475915+00:00,1790554705,1790554705066,1.13818,1.13848,0.0,0.0,0.0,1158
EURUSD,EURUSD,2026-09-29T19:57:11.475915+00:00,1790554719,1790554719425,1.13817,1.13848,0.0,0.0,0.0,1154
EURUSD,EURUSD,2026-09-29T19:57:11.475915+00:00,1790554720,1790554720638,1.13818,1.13848,0.0,0.0,0.0,1154
EURUSD,EURUSD,2026-09-29T19:57:11.475915+00:00,1790554727,1790554727525,1.13817,1.13848,0.0,0.0,0.0,1154
EURUSD,EURUSD,2026-09-29T19:57:11.475915+00:00,1790554750,1790554750184,1.13816,1.13848,0.0,0.0,0.0,1154
EURUSD,EURUSD,2026-09-29T19:57:11.475915+00:00,1790554753,1790554753012,1.13816,1.13847,0.0,0.0,0.0,1028
EURUSD,EURUSD,2026-09-29T19:57:11.475915+00:00,1790554777,1790554777171,1.13821,1.13838,0.0,0.0,0.0,1158
EURUSD,EURUSD,2026-09-29T19:57:11.475915+00:00,1790554777,1790554777574,1.13822,1.13842,0.0,0.0,0.0,1158
EURUSD,EURUSD,2026-09-29T19:57:11.475915+00:00,1790554801,1790554801179,1.13822,1.1385,0.0,0.0,0.0,1158
EURUSD,EURUSD,2026-09-29T19:57:11.475915+00:00,1790554805,1790554805826,1.13823,1.13852,0.0,0.0,0.0,1158
EURUSD,EURUSD,2026-09-29T19:57:11.475915+00:00,1790554819,1790554819784,1.13822,1.13852,0.0,0.0,0.0,1154
EURUSD,EURUSD,2026-09-29T19:57:11.475915+00:00,1790554855,1790554855869,1.13827,1.13849,0.0,0.0,0.0,1158
EURUSD,EURUSD,2026-09-29T19:57:11.475915+00:00,1790554867,1790554867108,1.13817,1.13848,0.0,0.0,0.0,1158
EURUSD,EURUSD,2026-09-29T19:57:11.475915+00:00,1790554881,1790554881862,1.13817,1.13849,0.0,0.0,0.0,1028
EURUSD,EURUSD,2026-09-29T19:57:11.475915+00:00,1790554919,1790554919483,1.13818,1.13849,0.0,0.0,0.0,1154
EURUSD,EURUSD,2026-09-29T19:57:11.475915+00:00,1790554940,1790554940317,1.13818,1.13848,0.0,0.0,0.0,1158
EURUSD,EURUSD,2026-09-29T19:57:11.475915+00:00,1790554961,1790554961935,1.13818,1.13849,0.0,0.0,0.0,1028
EURUSD,EURUSD,2026-09-29T19:57:11.475915+00:00,1790554962,1790554962137,1.13819,1.13849,0.0,0.0,0.0,1154
EURUSD,EURUSD,2026-09-29T19:57:11.475915+00:00,1790554969,1790554969021,1.13819,1.13847,0.0,0.0,0.0,1028
EURUSD,EURUSD,2026-09-29T19:57:11.475915+00:00,1790554975,1790554975890,1.13819,1.13848,0.0,0.0,0.0,1028
EURUSD,EURUSD,2026-09-29T19:57:11.475915+00:00,1790554983,1790554983573,1.13819,1.13848,0.0,0.0,0.0,1154
EURUSD,EURUSD,2026-09-29T19:57:11.475915+00:00,1790554990,1790554990850,1.13819,1.13849,0.0,0.0,0.0,1028
EURUSD,EURUSD,2026-09-29T19:57:11.475915+00:00,1790554993,1790554993281,1.13818,1.13849,0.0,0.0,0.0,1154
EURUSD,EURUSD,2026-09-29T19:57:11.475915+00:00,1790555043,1790555043020,1.13818,1.13849,0.0,0.0,0.0,1154
EURUSD,EURUSD,2026-09-29T19:57:11.475915+00:00,1790555065,1790555065023,1.13828,1.13849,0.0,0.0,0.0,1158
EURUSD,EURUSD,2026-09-29T19:57:11.475915+00:00,1790555094,1790555094106,1.13826,1.13848,0.0,0.0,0.0,1158
EURUSD,EURUSD,2026-09-29T19:57:11.475915+00:00,1790555094,1790555094508,1.13818,1.13848,0.0,0.0,0.0,1154
EURUSD,EURUSD,2026-09-29T19:57:11.475915+00:00,1790555128,1790555128358,1.1381000000000001,1.13848,0.0,0.0,0.0,1154
EURUSD,EURUSD,2026-09-29T19:57:11.475915+00:00,1790555147,1790555147372,1.13809,1.13848,0.0,0.0,0.0,1154
EURUSD,EURUSD,2026-09-29T19:57:11.475915+00:00,1790555167,1790555167592,1.13809,1.13848,0.0,0.0,0.0,1158
EURUSD,EURUSD,2026-09-29T19:57:11.475915+00:00,1790555171,1790555171660,1.1381000000000001,1.13848,0.0,0.0,0.0,1154
EURUSD,EURUSD,2026-09-29T19:57:11.475915+00:00,1790555182,1790555182573,1.13809,1.13848,0.0,0.0,0.0,1154
EURUSD,EURUSD,2026-09-29T19:57:11.475915+00:00,1790555207,1790555207249,1.13809,1.13849,0.0,0.0,0.0,1028
EURUSD,EURUSD,2026-09-29T19:57:11.475915+00:00,1790555222,1790555222216,1.13808,1.13849,0.0,0.0,0.0,1154
EURUSD,EURUSD,2026-09-29T19:57:11.475915+00:00,1790555244,1790555244293,1.13823,1.13848,0.0,0.0,0.0,1158
EURUSD,EURUSD,2026-09-29T19:57:11.475915+00:00,1790555275,1790555275177,1.13812,1.13848,0.0,0.0,0.0,1154
EURUSD,EURUSD,2026-09-29T19:57:11.475915+00:00,1790555285,1790555285278,1.13813,1.13848,0.0,0.0,0.0,1154
EURUSD,EURUSD,2026-09-29T19:57:11.475915+00:00,1790555355,1790555355708,1.13825,1.13848,0.0,0.0,0.0,1158
EURUSD,EURUSD,2026-09-29T19:57:11.475915+00:00,1790555386,1790555386610,1.13815,1.13848,0.0,0.0,0.0,1154
EURUSD,EURUSD,2026-09-29T19:57:11.475915+00:00,1790555390,1790555390863,1.13816,1.13848,0.0,0.0,0.0,1154
EURUSD,EURUSD,2026-09-29T19:57:11.475915+00:00,1790555405,1790555405422,1.13817,1.13848,0.0,0.0,0.0,1154
EURUSD,EURUSD,2026-09-29T19:57:11.475915+00:00,1790555454,1790555454179,1.13817,1.13848,0.0,0.0,0.0,1028
EURUSD,EURUSD,2026-09-29T19:57:11.475915+00:00,1790555461,1790555461448,1.13817,1.13848,0.0,0.0,0.0,1154
EURUSD,EURUSD,2026-09-29T19:57:11.475915+00:00,1790555474,1790555474583,1.13819,1.1385,0.0,0.0,0.0,1158
EURUSD,EURUSD,2026-09-29T19:57:11.475915+00:00,1790555477,1790555477012,1.13817,1.13849,0.0,0.0,0.0,1158
EURUSD,EURUSD,2026-09-29T19:57:11.475915+00:00,1790555478,1790555478023,1.13819,1.1385,0.0,0.0,0.0,1158
EURUSD,EURUSD,2026-09-29T19:57:11.475915+00:00,1790555483,1790555483087,1.13822,1.13851,0.0,0.0,0.0,1158
EURUSD,EURUSD,2026-09-29T19:57:11.475915+00:00,1790555483,1790555483289,1.13817,1.13848,0.0,0.0,0.0,1158
EURUSD,EURUSD,2026-09-29T19:57:11.475915+00:00,1790555488,1790555488345,1.13818,1.13848,0.0,0.0,0.0,1154
EURUSD,EURUSD,2026-09-29T19:57:11.475915+00:00,1790555510,1790555510176,1.13818,1.13849,0.0,0.0,0.0,1028
EURUSD,EURUSD,2026-09-29T19:57:11.475915+00:00,1790555546,1790555546569,1.13819,1.13849,0.0,0.0,0.0,1154
EURUSD,EURUSD,2026-09-29T19:57:11.475915+00:00,1790555555,1790555555879,1.13819,1.13851,0.0,0.0,0.0,1028
EURUSD,EURUSD,2026-09-29T19:57:11.475915+00:00,1790555602,1790555602197,1.13819,1.13851,0.0,0.0,0.0,1154
EURUSD,EURUSD,2026-09-29T19:57:11.475915+00:00,1790555603,1790555603210,1.13819,1.13849,0.0,0.0,0.0,1028
EURUSD,EURUSD,2026-09-29T19:57:11.475915+00:00,1790555628,1790555628487,1.13819,1.13851,0.0,0.0,0.0,1028
EURUSD,EURUSD,2026-09-29T19:57:11.475915+00:00,1790555660,1790555660442,1.13819,1.13851,0.0,0.0,0.0,1154
EURUSD,EURUSD,2026-09-29T19:57:11.475915+00:00,1790555665,1790555665094,1.13818,1.13849,0.0,0.0,0.0,1158
EURUSD,EURUSD,2026-09-29T19:57:11.475915+00:00,1790555670,1790555670645,1.13828,1.13848,0.0,0.0,0.0,1158
EURUSD,EURUSD,2026-09-29T19:57:11.475915+00:00,1790555702,1790555702152,1.13828,1.13848,0.0,0.0,0.0,1154
EURUSD,EURUSD,2026-09-29T19:57:11.475915+00:00,1790555719,1790555719663,1.13821,1.13836,0.0,0.0,0.0,1158
EURUSD,EURUSD,2026-09-29T19:57:11.475915+00:00,1790555720,1790555720065,1.13818,1.13848,0.0,0.0,0.0,1158
EURUSD,EURUSD,2026-09-29T19:57:11.475915+00:00,1790555729,1790555729831,1.13823,1.13848,0.0,0.0,0.0,1154
EURUSD,EURUSD,2026-09-29T19:57:11.475915+00:00,1790555761,1790555761150,1.13817,1.13845,0.0,0.0,0.0,1158
EURUSD,EURUSD,2026-09-29T19:57:11.475915+00:00,1790555768,1790555768248,1.13817,1.13846,0.0,0.0,0.0,1028
EURUSD,EURUSD,2026-09-29T19:57:11.475915+00:00,1790555769,1790555769058,1.13817,1.13852,0.0,0.0,0.0,1028
EURUSD,EURUSD,2026-09-29T19:57:11.475915+00:00,1790555769,1790555769260,1.13817,1.13846,0.0,0.0,0.0,1028
EURUSD,EURUSD,2026-09-29T19:57:11.475915+00:00,1790555770,1790555770619,1.13818,1.13848,0.0,0.0,0.0,1158
EURUSD,EURUSD,2026-09-29T19:57:11.475915+00:00,1790555777,1790555777766,1.13823,1.13848,0.0,0.0,0.0,1154
EURUSD,EURUSD,2026-09-29T19:57:11.475915+00:00,1790555803,1790555803018,1.13817,1.13848,0.0,0.0,0.0,1154
EURUSD,EURUSD,2026-09-29T19:57:11.475915+00:00,1790555824,1790555824452,1.13817,1.13845,0.0,0.0,0.0,1158
EURUSD,EURUSD,2026-09-29T19:57:11.475915+00:00,1790555831,1790555831527,1.13817,1.13846,0.0,0.0,0.0,1028
EURUSD,EURUSD,2026-09-29T19:57:11.475915+00:00,1790555838,1790555838816,1.13817,1.13847,0.0,0.0,0.0,1028
EURUSD,EURUSD,2026-09-29T19:57:11.475915+00:00,1790555846,1790555846096,1.13817,1.13848,0.0,0.0,0.0,1028
EURUSD,EURUSD,2026-09-29T19:57:11.475915+00:00,1790555905,1790555905313,1.13817,1.13848,0.0,0.0,0.0,1154
EURUSD,EURUSD,2026-09-29T19:57:11.475915+00:00,1790555933,1790555933026,1.13819,1.13851,0.0,0.0,0.0,1158
EURUSD,EURUSD,2026-09-29T19:57:11.475915+00:00,1790555941,1790555941116,1.13817,1.13848,0.0,0.0,0.0,1158
EURUSD,EURUSD,2026-09-29T19:57:11.475915+00:00,1790555941,1790555941925,1.13819,1.13851,0.0,0.0,0.0,1158
EURUSD,EURUSD,2026-09-29T19:57:11.475915+00:00,1790555964,1790555964362,1.13818,1.13851,0.0,0.0,0.0,1154
EURUSD,EURUSD,2026-09-29T19:57:11.475915+00:00,1790555972,1790555972043,1.13812,1.13848,0.0,0.0,0.0,1158
EURUSD,EURUSD,2026-09-29T19:57:11.475915+00:00,1790555974,1790555974062,1.13818,1.13851,0.0,0.0,0.0,1158
EURUSD,EURUSD,2026-09-29T19:57:11.475915+00:00,1790555977,1790555977094,1.13812,1.13848,0.0,0.0,0.0,1158
EURUSD,EURUSD,2026-09-29T19:57:11.475915+00:00,1790555979,1790555979924,1.13818,1.13851,0.0,0.0,0.0,1158
EURUSD,EURUSD,2026-09-29T19:57:11.475915+00:00,1790556001,1790556001174,1.13819,1.13851,0.0,0.0,0.0,1154
EURUSD,EURUSD,2026-09-29T19:57:11.475915+00:00,1790556005,1790556005011,1.13811,1.13847,0.0,0.0,0.0,1158
EURUSD,EURUSD,2026-09-29T19:57:11.475915+00:00,1790556006,1790556006025,1.13811,1.13846,0.0,0.0,0.0,1028
EURUSD,EURUSD,2026-09-29T19:57:11.475915+00:00,1790556008,1790556008048,1.13811,1.13847,0.0,0.0,0.0,1028
EURUSD,EURUSD,2026-09-29T19:57:11.475915+00:00,1790556010,1790556010075,1.13815,1.1385,0.0,0.0,0.0,1158
EURUSD,EURUSD,2026-09-29T19:57:11.475915+00:00,1790556011,1790556011086,1.13814,1.13849,0.0,0.0,0.0,1158
EURUSD,EURUSD,2026-09-29T19:57:11.475915+00:00,1790556013,1790556013105,1.13818,1.13852,0.0,0.0,0.0,1158
EURUSD,EURUSD,2026-09-29T19:57:11.475915+00:00,1790556020,1790556020984,1.13817,1.13851,0.0,0.0,0.0,1158
EURUSD,EURUSD,2026-09-29T19:57:11.475915+00:00,1790556021,1790556021993,1.13814,1.1385,0.0,0.0,0.0,1158
EURUSD,EURUSD,2026-09-29T19:57:11.475915+00:00,1790556023,1790556023003,1.13815,1.13851,0.0,0.0,0.0,1158
EURUSD,EURUSD,2026-09-29T19:57:11.475915+00:00,1790556024,1790556024015,1.13812,1.13848,0.0,0.0,0.0,1158
EURUSD,EURUSD,2026-09-29T19:57:11.475915+00:00,1790556025,1790556025023,1.13816,1.1385,0.0,0.0,0.0,1158
EURUSD,EURUSD,2026-09-29T19:57:11.475915+00:00,1790556027,1790556027045,1.13814,1.1385,0.0,0.0,0.0,1154
EURUSD,EURUSD,2026-09-29T19:57:11.475915+00:00,1790556028,1790556028056,1.13812,1.13848,0.0,0.0,0.0,1158
EURUSD,EURUSD,2026-09-29T19:57:11.475915+00:00,1790556029,1790556029067,1.13814,1.1385,0.0,0.0,0.0,1158
EURUSD,EURUSD,2026-09-29T19:57:11.475915+00:00,1790556030,1790556030078,1.13815,1.13851,0.0,0.0,0.0,1158
EURUSD,EURUSD,2026-09-29T19:57:11.475915+00:00,1790556031,1790556031090,1.13817,1.13851,0.0,0.0,0.0,1154
EURUSD,EURUSD,2026-09-29T19:57:11.475915+00:00,1790556032,1790556032101,1.13815,1.13851,0.0,0.0,0.0,1154
EURUSD,EURUSD,2026-09-29T19:57:11.475915+00:00,1790556033,1790556033110,1.13816,1.1385,0.0,0.0,0.0,1158
EURUSD,EURUSD,2026-09-29T19:57:11.475915+00:00,1790556034,1790556034932,1.13818,1.13852,0.0,0.0,0.0,1158
EURUSD,EURUSD,2026-09-29T19:57:11.475915+00:00,1790556036,1790556036149,1.13815,1.13851,0.0,0.0,0.0,1158
EURUSD,EURUSD,2026-09-29T19:57:11.475915+00:00,1790556037,1790556037159,1.13814,1.1385,0.0,0.0,0.0,1158
EURUSD,EURUSD,2026-09-29T19:57:11.475915+00:00,1790556038,1790556038169,1.13813,1.1385,0.0,0.0,0.0,1154
EURUSD,EURUSD,2026-09-29T19:57:11.475915+00:00,1790556038,1790556038976,1.13814,1.1385,0.0,0.0,0.0,1154
EURUSD,EURUSD,2026-09-29T19:57:11.475915+00:00,1790556039,1790556039989,1.13813,1.1385,0.0,0.0,0.0,1154
EURUSD,EURUSD,2026-09-29T19:57:11.475915+00:00,1790556040,1790556040999,1.13817,1.13851,0.0,0.0,0.0,1158
EURUSD,EURUSD,2026-09-29T19:57:11.475915+00:00,1790556042,1790556042012,1.13816,1.1385,0.0,0.0,0.0,1158
EURUSD,EURUSD,2026-09-29T19:57:11.475915+00:00,1790556043,1790556043024,1.13812,1.13848,0.0,0.0,0.0,1158
EURUSD,EURUSD,2026-09-29T19:57:11.475915+00:00,1790556044,1790556044043,1.13813,1.13849,0.0,0.0,0.0,1158
EURUSD,EURUSD,2026-09-29T19:57:11.475915+00:00,1790556046,1790556046064,1.13811,1.13846,0.0,0.0,0.0,1158
EURUSD,EURUSD,2026-09-29T19:57:11.475915+00:00,1790556052,1790556052939,1.13811,1.13847,0.0,0.0,0.0,1028
EURUSD,EURUSD,2026-09-29T19:57:11.475915+00:00,1790556053,1790556053746,1.1381000000000001,1.13847,0.0,0.0,0.0,1154
EURUSD,EURUSD,2026-09-29T19:57:11.475915+00:00,1790556060,1790556060417,1.1381000000000001,1.13848,0.0,0.0,0.0,1158
EURUSD,EURUSD,2026-09-29T19:57:11.475915+00:00,1790556067,1790556067692,1.1381000000000001,1.13849,0.0,0.0,0.0,1028
EURUSD,EURUSD,2026-09-29T19:57:11.475915+00:00,1790556101,1790556101965,1.13803,1.13848,0.0,0.0,0.0,1158
EURUSD,EURUSD,2026-09-29T19:57:11.475915+00:00,1790556106,1790556106996,1.13818,1.13848,0.0,0.0,0.0,1154
EURUSD,EURUSD,2026-09-29T19:57:11.475915+00:00,1790556148,1790556148146,1.13809,1.13847,0.0,0.0,0.0,1158
EURUSD,EURUSD,2026-09-29T19:57:11.475915+00:00,1790556160,1790556160066,1.13809,1.13848,0.0,0.0,0.0,1028
EURUSD,EURUSD,2026-09-29T19:57:11.475915+00:00,1790556206,1790556206788,1.13808,1.13848,0.0,0.0,0.0,1154
EURUSD,EURUSD,2026-09-29T19:57:11.475915+00:00,1790556312,1790556312354,1.13808,1.13848,0.0,0.0,0.0,1158
EURUSD,EURUSD,2026-09-29T19:57:11.475915+00:00,1790556348,1790556348153,1.13808,1.13849,0.0,0.0,0.0,1028
EURUSD,EURUSD,2026-09-29T19:57:11.475915+00:00,1790556349,1790556349151,1.13818,1.13849,0.0,0.0,0.0,1154
EURUSD,EURUSD,2026-09-29T19:57:11.475915+00:00,1790556371,1790556371623,1.13818,1.13848,0.0,0.0,0.0,1158
EURUSD,EURUSD,2026-09-29T19:57:11.475915+00:00,1790556400,1790556400164,1.13808,1.13848,0.0,0.0,0.0,1154
EURUSD,EURUSD,2026-09-29T19:57:11.475915+00:00,1790556413,1790556413306,1.1381000000000001,1.13852,0.0,0.0,0.0,1158
EURUSD,EURUSD,2026-09-29T19:57:11.475915+00:00,1790556421,1790556421598,1.1381000000000001,1.13852,0.0,0.0,0.0,1154
EURUSD,EURUSD,2026-09-29T19:57:11.475915+00:00,1790556474,1790556474769,1.1381000000000001,1.13852,0.0,0.0,0.0,1028
EURUSD,EURUSD,2026-09-29T19:57:11.475915+00:00,1790556581,1790556581129,1.1381000000000001,1.13852,0.0,0.0,0.0,1158
EURUSD,EURUSD,2026-09-29T19:57:11.475915+00:00,1790556600,1790556600749,1.1381000000000001,1.13852,0.0,0.0,0.0,1154
EURUSD,EURUSD,2026-09-29T19:57:11.475915+00:00,1790556662,1790556662637,1.1381000000000001,1.13852,0.0,0.0,0.0,1158
EURUSD,EURUSD,2026-09-29T19:57:11.475915+00:00,1790556709,1790556709409,1.13818,1.13851,0.0,0.0,0.0,1158
EURUSD,EURUSD,2026-09-29T19:57:11.475915+00:00,1790556709,1790556709811,1.1381999999999999,1.13851,0.0,0.0,0.0,1154
EURUSD,EURUSD,2026-09-29T19:57:11.475915+00:00,1790556759,1790556759474,1.13815,1.1385399999999999,0.0,0.0,0.0,1158
EURUSD,EURUSD,2026-09-29T19:57:11.475915+00:00,1790556764,1790556764124,1.13816,1.1385399999999999,0.0,0.0,0.0,1154
EURUSD,EURUSD,2026-09-29T19:57:11.475915+00:00,1790556764,1790556764459,1.13821,1.13851,0.0,0.0,0.0,1158
EURUSD,EURUSD,2026-09-29T19:57:11.475915+00:00,1790556829,1790556829634,1.13816,1.1385399999999999,0.0,0.0,0.0,1158
EURUSD,EURUSD,2026-09-29T19:57:11.475915+00:00,1790556870,1790556870084,1.13816,1.13878,0.0,0.0,0.0,1158
EURUSD,EURUSD,2026-09-29T19:57:11.475915+00:00,1790556870,1790556870286,1.13815,1.13853,0.0,0.0,0.0,1158
EURUSD,EURUSD,2026-09-29T19:57:11.475915+00:00,1790556886,1790556886868,1.13815,1.1385399999999999,0.0,0.0,0.0,1028
EURUSD,EURUSD,2026-09-29T19:57:11.475915+00:00,1790556887,1790556887071,1.13816,1.13856,0.0,0.0,0.0,1158
EURUSD,EURUSD,2026-09-29T19:57:11.475915+00:00,1790556901,1790556901208,1.13816,1.13855,0.0,0.0,0.0,1158
EURUSD,EURUSD,2026-09-29T19:57:11.475915+00:00,1790556902,1790556902020,1.13815,1.1385399999999999,0.0,0.0,0.0,1158
EURUSD,EURUSD,2026-09-29T19:57:11.475915+00:00,1790556903,1790556903031,1.13816,1.13855,0.0,0.0,0.0,1158
EURUSD,EURUSD,2026-09-29T19:57:11.475915+00:00,1790556933,1790556933965,1.13815,1.1385399999999999,0.0,0.0,0.0,1158
EURUSD,EURUSD,2026-09-29T19:57:11.475915+00:00,1790556934,1790556934847,1.13824,1.13851,0.0,0.0,0.0,1158
EURUSD,EURUSD,2026-09-29T19:57:11.475915+00:00,1790556935,1790556935250,1.13821,1.13851,0.0,0.0,0.0,1154
EURUSD,EURUSD,2026-09-29T19:57:11.475915+00:00,1790556967,1790556967738,1.13815,1.1385399999999999,0.0,0.0,0.0,1158
EURUSD,EURUSD,2026-09-29T19:57:11.475915+00:00,1790556984,1790556984492,1.1381999999999999,1.13851,0.0,0.0,0.0,1158
EURUSD,EURUSD,2026-09-29T19:57:11.475915+00:00,1790557009,1790557009415,1.13815,1.1385399999999999,0.0,0.0,0.0,1158
EURUSD,EURUSD,2026-09-29T19:57:11.475915+00:00,1790557020,1790557020945,1.13815,1.1385399999999999,0.0,0.0,0.0,1154
EURUSD,EURUSD,2026-09-29T19:57:11.475915+00:00,1790557038,1790557038137,1.13819,1.13859,0.0,0.0,0.0,1158
EURUSD,EURUSD,2026-09-29T19:57:11.475915+00:00,1790557094,1790557094501,1.1381999999999999,1.13851,0.0,0.0,0.0,1158
EURUSD,EURUSD,2026-09-29T19:57:11.475915+00:00,1790557118,1790557118454,1.13824,1.13851,0.0,0.0,0.0,1154
EURUSD,EURUSD,2026-09-29T19:57:11.475915+00:00,1790557118,1790557118856,1.1381999999999999,1.13851,0.0,0.0,0.0,1154
EURUSD,EURUSD,2026-09-29T19:57:11.475915+00:00,1790557128,1790557128114,1.13834,1.13851,0.0,0.0,0.0,1154
EURUSD,EURUSD,2026-09-29T19:57:11.475915+00:00,1790557128,1790557128818,1.1381999999999999,1.13851,0.0,0.0,0.0,1154
EURUSD,EURUSD,2026-09-29T19:57:11.475915+00:00,1790557149,1790557149454,1.1381999999999999,1.13851,0.0,0.0,0.0,1154
EURUSD,EURUSD,2026-09-29T19:57:11.475915+00:00,1790557176,1790557176654,1.13819,1.13858,0.0,0.0,0.0,1158
EURUSD,EURUSD,2026-09-29T19:57:11.475915+00:00,1790557183,1790557183130,1.13818,1.1386,0.0,0.0,0.0,1158
EURUSD,EURUSD,2026-09-29T19:57:11.475915+00:00,1790557195,1790557195065,1.13816,1.13864,0.0,0.0,0.0,1158
EURUSD,EURUSD,2026-09-29T19:57:11.475915+00:00,1790557200,1790557200078,1.1381999999999999,1.13849,0.0,0.0,0.0,1158
EURUSD,EURUSD,2026-09-29T19:57:11.475915+00:00,1790557200,1790557200480,1.13822,1.13851,0.0,0.0,0.0,1158
EURUSD,EURUSD,2026-09-29T19:57:11.475915+00:00,1790557200,1790557200883,1.13819,1.13851,0.0,0.0,0.0,1154
EURUSD,EURUSD,2026-09-29T19:57:11.475915+00:00,1790557201,1790557201287,1.13822,1.13849,0.0,0.0,0.0,1158
EURUSD,EURUSD,2026-09-29T19:57:11.475915+00:00,1790557201,1790557201688,1.13819,1.13847,0.0,0.0,0.0,1158
EURUSD,EURUSD,2026-09-29T19:57:11.475915+00:00,1790557202,1790557202092,1.13842,1.13863,0.0,0.0,0.0,1158
EURUSD,EURUSD,2026-09-29T19:57:11.475915+00:00,1790557202,1790557202494,1.13839,1.13868,0.0,0.0,0.0,1158
EURUSD,EURUSD,2026-09-29T19:57:11.475915+00:00,1790557202,1790557202897,1.13837,1.13872,0.0,0.0,0.0,1158
EURUSD,EURUSD,2026-09-29T19:57:11.475915+00:00,1790557203,1790557203299,1.13843,1.13873,0.0,0.0,0.0,1158
EURUSD,EURUSD,2026-09-29T19:57:11.475915+00:00,1790557203,1790557203703,1.13842,1.13872,0.0,0.0,0.0,1158
EURUSD,EURUSD,2026-09-29T19:57:11.475915+00:00,1790557204,1790557204207,1.13818,1.13877,0.0,0.0,0.0,1158
EURUSD,EURUSD,2026-09-29T19:57:11.475915+00:00,1790557204,1790557204609,1.13824,1.13874,0.0,0.0,0.0,1158
EURUSD,EURUSD,2026-09-29T19:57:11.475915+00:00,1790557204,1790557204911,1.1381999999999999,1.13873,0.0,0.0,0.0,1158
EURUSD,EURUSD,2026-09-29T19:57:11.475915+00:00,1790557205,1790557205816,1.13818,1.13871,0.0,0.0,0.0,1158
EURUSD,EURUSD,2026-09-29T19:57:11.475915+00:00,1790557206,1790557206218,1.13823,1.1387,0.0,0.0,0.0,1158
EURUSD,EURUSD,2026-09-29T19:57:11.475915+00:00,1790557206,1790557206620,1.13804,1.13885,0.0,0.0,0.0,1158
EURUSD,EURUSD,2026-09-29T19:57:11.475915+00:00,1790557207,1790557207023,1.13838,1.13866,0.0,0.0,0.0,1158
EURUSD,EURUSD,2026-09-29T19:57:11.475915+00:00,1790557207,1790557207426,1.13838,1.1387,0.0,0.0,0.0,1028
EURUSD,EURUSD,2026-09-29T19:57:11.475915+00:00,1790557207,1790557207829,1.13838,1.13868,0.0,0.0,0.0,1028
EURUSD,EURUSD,2026-09-29T19:57:11.475915+00:00,1790557208,1790557208232,1.13841,1.13873,0.0,0.0,0.0,1158
EURUSD,EURUSD,2026-09-29T19:57:11.475915+00:00,1790557208,1790557208634,1.13841,1.13877,0.0,0.0,0.0,1028
EURUSD,EURUSD,2026-09-29T19:57:11.475915+00:00,1790557209,1790557209037,1.13841,1.13876,0.0,0.0,0.0,1028
EURUSD,EURUSD,2026-09-29T19:57:11.475915+00:00,1790557209,1790557209440,1.13846,1.13869,0.0,0.0,0.0,1158
EURUSD,EURUSD,2026-09-29T19:57:11.475915+00:00,1790557209,1790557209842,1.13846,1.1387,0.0,0.0,0.0,1028
EURUSD,EURUSD,2026-09-29T19:57:11.475915+00:00,1790557210,1790557210346,1.13847,1.1387,0.0,0.0,0.0,1154
EURUSD,EURUSD,2026-09-29T19:57:11.475915+00:00,1790557210,1790557210748,1.13849,1.13879,0.0,0.0,0.0,1158
EURUSD,EURUSD,2026-09-29T19:57:11.475915+00:00,1790557211,1790557211151,1.13851,1.13879,0.0,0.0,0.0,1154
EURUSD,EURUSD,2026-09-29T19:57:11.475915+00:00,1790557212,1790557212359,1.13851,1.13878,0.0,0.0,0.0,1028
EURUSD,EURUSD,2026-09-29T19:57:11.475915+00:00,1790557218,1790557218411,1.13851,1.1388,0.0,0.0,0.0,1028
EURUSD,EURUSD,2026-09-29T19:57:11.475915+00:00,1790557218,1790557218914,1.13855,1.1388099999999999,0.0,0.0,0.0,1158
EURUSD,EURUSD,2026-09-29T19:57:11.475915+00:00,1790557219,1790557219316,1.13855,1.13876,0.0,0.0,0.0,1028
EURUSD,EURUSD,2026-09-29T19:57:11.475915+00:00,1790557219,1790557219719,1.13855,1.1388099999999999,0.0,0.0,0.0,1028
EURUSD,EURUSD,2026-09-29T19:57:11.475915+00:00,1790557220,1790557220122,1.13853,1.1388,0.0,0.0,0.0,1158
EURUSD,EURUSD,2026-09-29T19:57:11.475915+00:00,1790557220,1790557220524,1.13853,1.13878,0.0,0.0,0.0,1028
EURUSD,EURUSD,2026-09-29T19:57:11.475915+00:00,1790557221,1790557221832,1.13853,1.13879,0.0,0.0,0.0,1028
EURUSD,EURUSD,2026-09-29T19:57:11.475915+00:00,1790557222,1790557222234,1.13853,1.1387,0.0,0.0,0.0,1028
EURUSD,EURUSD,2026-09-29T19:57:11.475915+00:00,1790557222,1790557222637,1.13848,1.13866,0.0,0.0,0.0,1158
EURUSD,EURUSD,2026-09-29T19:57:11.475915+00:00,1790557223,1790557223241,1.13849,1.13866,0.0,0.0,0.0,1154
EURUSD,EURUSD,2026-09-29T19:57:11.475915+00:00,1790557223,1790557223644,1.13848,1.13867,0.0,0.0,0.0,1158
EURUSD,EURUSD,2026-09-29T19:57:11.475915+00:00,1790557224,1790557224046,1.1385,1.13865,0.0,0.0,0.0,1158
EURUSD,EURUSD,2026-09-29T19:57:11.475915+00:00,1790557224,1790557224449,1.13847,1.13865,0.0,0.0,0.0,1154
EURUSD,EURUSD,2026-09-29T19:57:11.475915+00:00,1790557226,1790557226059,1.13849,1.13865,0.0,0.0,0.0,1154
EURUSD,EURUSD,2026-09-29T19:57:11.475915+00:00,1790557226,1790557226462,1.13848,1.13875,0.0,0.0,0.0,1158
EURUSD,EURUSD,2026-09-29T19:57:11.475915+00:00,1790557226,1790557226966,1.1385,1.13877,0.0,0.0,0.0,1158
EURUSD,EURUSD,2026-09-29T19:57:11.475915+00:00,1790557227,1790557227368,1.13848,1.13875,0.0,0.0,0.0,1158
EURUSD,EURUSD,2026-09-29T19:57:11.475915+00:00,1790557227,1790557227771,1.13847,1.13874,0.0,0.0,0.0,1158
EURUSD,EURUSD,2026-09-29T19:57:11.475915+00:00,1790557228,1790557228173,1.13848,1.13875,0.0,0.0,0.0,1158
EURUSD,EURUSD,2026-09-29T19:57:11.475915+00:00,1790557228,1790557228979,1.13848,1.13874,0.0,0.0,0.0,1028
EURUSD,EURUSD,2026-09-29T19:57:11.475915+00:00,1790557229,1790557229582,1.13848,1.13875,0.0,0.0,0.0,1028
EURUSD,EURUSD,2026-09-29T19:57:11.475915+00:00,1790557230,1790557230387,1.13848,1.13874,0.0,0.0,0.0,1028
EURUSD,EURUSD,2026-09-29T19:57:11.475915+00:00,1790557232,1790557232803,1.13848,1.13872,0.0,0.0,0.0,1028
EURUSD,EURUSD,2026-09-29T19:57:11.475915+00:00,1790557234,1790557234415,1.13848,1.13874,0.0,0.0,0.0,1028
EURUSD,EURUSD,2026-09-29T19:57:11.475915+00:00,1790557234,1790557234818,1.13843,1.13867,0.0,0.0,0.0,1158
EURUSD,EURUSD,2026-09-29T19:57:11.475915+00:00,1790557235,1790557235624,1.13828,1.13855,0.0,0.0,0.0,1158
EURUSD,EURUSD,2026-09-29T19:57:11.475915+00:00,1790557236,1790557236026,1.13828,1.13853,0.0,0.0,0.0,1028
EURUSD,EURUSD,2026-09-29T19:57:11.475915+00:00,1790557236,1790557236932,1.13828,1.1385399999999999,0.0,0.0,0.0,1028
EURUSD,EURUSD,2026-09-29T19:57:11.475915+00:00,1790557240,1790557240859,1.13827,1.1385399999999999,0.0,0.0,0.0,1154
EURUSD,EURUSD,2026-09-29T19:57:11.475915+00:00,1790557245,1790557245792,1.13824,1.13853,0.0,0.0,0.0,1158
EURUSD,EURUSD,2026-09-29T19:57:11.475915+00:00,1790557246,1790557246194,1.13816,1.13841,0.0,0.0,0.0,1158
EURUSD,EURUSD,2026-09-29T19:57:11.475915+00:00,1790557246,1790557246999,1.13817,1.13841,0.0,0.0,0.0,1154
EURUSD,EURUSD,2026-09-29T19:57:11.475915+00:00,1790557247,1790557247401,1.13831,1.1384400000000001,0.0,0.0,0.0,1158
EURUSD,EURUSD,2026-09-29T19:57:11.475915+00:00,1790557247,1790557247804,1.13831,1.13848,0.0,0.0,0.0,1028
EURUSD,EURUSD,2026-09-29T19:57:11.475915+00:00,1790557248,1790557248206,1.13831,1.13849,0.0,0.0,0.0,1028
EURUSD,EURUSD,2026-09-29T19:57:11.475915+00:00,1790557248,1790557248608,1.13831,1.1385399999999999,0.0,0.0,0.0,1028
EURUSD,EURUSD,2026-09-29T19:57:11.475915+00:00,1790557249,1790557249011,1.13825,1.1384400000000001,0.0,0.0,0.0,1158
EURUSD,EURUSD,2026-09-29T19:57:11.475915+00:00,1790557249,1790557249514,1.13824,1.13842,0.0,0.0,0.0,1158
EURUSD,EURUSD,2026-09-29T19:57:11.475915+00:00,1790557249,1790557249916,1.13824,1.13843,0.0,0.0,0.0,1028
EURUSD,EURUSD,2026-09-29T19:57:11.475915+00:00,1790557250,1790557250218,1.13821,1.1384,0.0,0.0,0.0,1158
EURUSD,EURUSD,2026-09-29T19:57:11.475915+00:00,1790557250,1790557250721,1.13822,1.13841,0.0,0.0,0.0,1158
EURUSD,EURUSD,2026-09-29T19:57:11.475915+00:00,1790557251,1790557251124,1.13822,1.13842,0.0,0.0,0.0,1028
EURUSD,EURUSD,2026-09-29T19:57:11.475915+00:00,1790557251,1790557251527,1.13823,1.13843,0.0,0.0,0.0,1158
EURUSD,EURUSD,2026-09-29T19:57:11.475915+00:00,1790557251,1790557251929,1.13821,1.1384,0.0,0.0,0.0,1158
EURUSD,EURUSD,2026-09-29T19:57:11.475915+00:00,1790557252,1790557252332,1.13821,1.13842,0.0,0.0,0.0,1028
EURUSD,EURUSD,2026-09-29T19:57:11.475915+00:00,1790557252,1790557252734,1.13823,1.13843,0.0,0.0,0.0,1158
EURUSD,EURUSD,2026-09-29T19:57:11.475915+00:00,1790557253,1790557253138,1.13821,1.1384,0.0,0.0,0.0,1158
EURUSD,EURUSD,2026-09-29T19:57:11.475915+00:00,1790557254,1790557254244,1.13821,1.13841,0.0,0.0,0.0,1028
EURUSD,EURUSD,2026-09-29T19:57:11.475915+00:00,1790557254,1790557254747,1.13821,1.1384,0.0,0.0,0.0,1028
EURUSD,EURUSD,2026-09-29T19:57:11.475915+00:00,1790557255,1790557255553,1.13825,1.13847,0.0,0.0,0.0,1158
EURUSD,EURUSD,2026-09-29T19:57:11.475915+00:00,1790557256,1790557256861,1.13825,1.13846,0.0,0.0,0.0,1028
EURUSD,EURUSD,2026-09-29T19:57:11.475915+00:00,1790557257,1790557257264,1.13824,1.13843,0.0,0.0,0.0,1158
EURUSD,EURUSD,2026-09-29T19:57:11.475915+00:00,1790557258,1790557258471,1.13825,1.13843,0.0,0.0,0.0,1154
EURUSD,EURUSD,2026-09-29T19:57:11.475915+00:00,1790557258,1790557258874,1.13822,1.13841,0.0,0.0,0.0,1158
EURUSD,EURUSD,2026-09-29T19:57:11.475915+00:00,1790557259,1790557259276,1.13822,1.1384,0.0,0.0,0.0,1028
EURUSD,EURUSD,2026-09-29T19:57:11.475915+00:00,1790557260,1790557260082,1.13821,1.13837,0.0,0.0,0.0,1158
EURUSD,EURUSD,2026-09-29T19:57:11.475915+00:00,1790557260,1790557260483,1.13823,1.13843,0.0,0.0,0.0,1158
EURUSD,EURUSD,2026-09-29T19:57:11.475915+00:00,1790557260,1790557260886,1.13824,1.1384400000000001,0.0,0.0,0.0,1158
EURUSD,EURUSD,2026-09-29T19:57:11.475915+00:00,1790557261,1790557261289,1.13821,1.1384,0.0,0.0,0.0,1158
EURUSD,EURUSD,2026-09-29T19:57:11.475915+00:00,1790557263,1790557263403,1.13823,1.13843,0.0,0.0,0.0,1158
EURUSD,EURUSD,2026-09-29T19:57:11.475915+00:00,1790557264,1790557264208,1.13823,1.1384400000000001,0.0,0.0,0.0,1028
EURUSD,EURUSD,2026-09-29T19:57:11.475915+00:00,1790557264,1790557264609,1.13824,1.13843,0.0,0.0,0.0,1158
EURUSD,EURUSD,2026-09-29T19:57:11.475915+00:00,1790557265,1790557265716,1.13824,1.13842,0.0,0.0,0.0,1028
EURUSD,EURUSD,2026-09-29T19:57:11.475915+00:00,1790557266,1790557266219,1.13824,1.13843,0.0,0.0,0.0,1028
EURUSD,EURUSD,2026-09-29T19:57:11.475915+00:00,1790557269,1790557269139,1.13825,1.13843,0.0,0.0,0.0,1154
EURUSD,EURUSD,2026-09-29T19:57:11.475915+00:00,1790557269,1790557269541,1.13827,1.13849,0.0,0.0,0.0,1158
EURUSD,EURUSD,2026-09-29T19:57:11.475915+00:00,1790557269,1790557269942,1.13832,1.13852,0.0,0.0,0.0,1158
EURUSD,EURUSD,2026-09-29T19:57:11.475915+00:00,1790557270,1790557270345,1.13835,1.13857,0.0,0.0,0.0,1158
EURUSD,EURUSD,2026-09-29T19:57:11.475915+00:00,1790557270,1790557270747,1.13836,1.13859,0.0,0.0,0.0,1158
EURUSD,EURUSD,2026-09-29T19:57:11.475915+00:00,1790557271,1790557271150,1.13836,1.1386,0.0,0.0,0.0,1028
EURUSD,EURUSD,2026-09-29T19:57:11.475915+00:00,1790557273,1790557273968,1.13836,1.13857,0.0,0.0,0.0,1028
EURUSD,EURUSD,2026-09-29T19:57:11.475915+00:00,1790557274,1790557274371,1.13827,1.13848,0.0,0.0,0.0,1158
EURUSD,EURUSD,2026-09-29T19:57:11.475915+00:00,1790557275,1790557275782,1.13827,1.1385,0.0,0.0,0.0,1028
EURUSD,EURUSD,2026-09-29T19:57:11.475915+00:00,1790557276,1790557276185,1.13828,1.1385,0.0,0.0,0.0,1154
EURUSD,EURUSD,2026-09-29T19:57:11.475915+00:00,1790557278,1790557278097,1.13829,1.1385,0.0,0.0,0.0,1154
EURUSD,EURUSD,2026-09-29T19:57:11.475915+00:00,1790557278,1790557278500,1.13824,1.13846,0.0,0.0,0.0,1158
EURUSD,EURUSD,2026-09-29T19:57:11.475915+00:00,1790557278,1790557278902,1.13825,1.13845,0.0,0.0,0.0,1158
EURUSD,EURUSD,2026-09-29T19:57:11.475915+00:00,1790557279,1790557279305,1.13826,1.13848,0.0,0.0,0.0,1158
EURUSD,EURUSD,2026-09-29T19:57:11.475915+00:00,1790557280,1790557280211,1.13824,1.13845,0.0,0.0,0.0,1158
EURUSD,EURUSD,2026-09-29T19:57:11.475915+00:00,1790557281,1790557281118,1.13826,1.13848,0.0,0.0,0.0,1158
EURUSD,EURUSD,2026-09-29T19:57:11.475915+00:00,1790557281,1790557281519,1.13826,1.13847,0.0,0.0,0.0,1028
EURUSD,EURUSD,2026-09-29T19:57:11.475915+00:00,1790557284,1790557284540,1.13826,1.13846,0.0,0.0,0.0,1028
EURUSD,EURUSD,2026-09-29T19:57:11.475915+00:00,1790557284,1790557284942,1.13828,1.13848,0.0,0.0,0.0,1158
EURUSD,EURUSD,2026-09-29T19:57:11.475915+00:00,1790557285,1790557285647,1.13829,1.13849,0.0,0.0,0.0,1158
EURUSD,EURUSD,2026-09-29T19:57:11.475915+00:00,1790557286,1790557286554,1.13828,1.13848,0.0,0.0,0.0,1158
EURUSD,EURUSD,2026-09-29T19:57:11.475915+00:00,1790557286,1790557286956,1.1383,1.13851,0.0,0.0,0.0,1158
EURUSD,EURUSD,2026-09-29T19:57:11.475915+00:00,1790557287,1790557287358,1.1383,1.1385,0.0,0.0,0.0,1028
EURUSD,EURUSD,2026-09-29T19:57:11.475915+00:00,1790557287,1790557287761,1.13829,1.13849,0.0,0.0,0.0,1158
EURUSD,EURUSD,2026-09-29T19:57:11.475915+00:00,1790557289,1790557289069,1.1383,1.13852,0.0,0.0,0.0,1158
EURUSD,EURUSD,2026-09-29T19:57:11.475915+00:00,1790557289,1790557289472,1.13829,1.13849,0.0,0.0,0.0,1158
EURUSD,EURUSD,2026-09-29T19:57:11.475915+00:00,1790557290,1790557290478,1.13826,1.13845,0.0,0.0,0.0,1158
EURUSD,EURUSD,2026-09-29T19:57:11.475915+00:00,1790557294,1790557294204,1.13828,1.13849,0.0,0.0,0.0,1158
EURUSD,EURUSD,2026-09-29T19:57:11.475915+00:00,1790557295,1790557295512,1.13828,1.13848,0.0,0.0,0.0,1028
EURUSD,EURUSD,2026-09-29T19:57:11.475915+00:00,1790557295,1790557295915,1.13821,1.13841,0.0,0.0,0.0,1158
EURUSD,EURUSD,2026-09-29T19:57:11.475915+00:00,1790557297,1790557297124,1.13816,1.13841,0.0,0.0,0.0,1154
EURUSD,EURUSD,2026-09-29T19:57:11.475915+00:00,1790557297,1790557297527,1.13816,1.13839,0.0,0.0,0.0,1028
EURUSD,EURUSD,2026-09-29T19:57:11.475915+00:00,1790557299,1790557299740,1.13817,1.1384,0.0,0.0,0.0,1158
EURUSD,EURUSD,2026-09-29T19:57:11.475915+00:00,1790557300,1790557300747,1.13817,1.13837,0.0,0.0,0.0,1028
EURUSD,EURUSD,2026-09-29T19:57:11.475915+00:00,1790557301,1790557301855,1.13817,1.13838,0.0,0.0,0.0,1028
EURUSD,EURUSD,2026-09-29T19:57:11.475915+00:00,1790557310,1790557310613,1.13818,1.13838,0.0,0.0,0.0,1154
EURUSD,EURUSD,2026-09-29T19:57:11.475915+00:00,1790557311,1790557311417,1.13816,1.13836,0.0,0.0,0.0,1158
EURUSD,EURUSD,2026-09-29T19:57:11.475915+00:00,1790557311,1790557311821,1.13813,1.13833,0.0,0.0,0.0,1158
EURUSD,EURUSD,2026-09-29T19:57:11.475915+00:00,1790557312,1790557312223,1.13806,1.13826,0.0,0.0,0.0,1158
EURUSD,EURUSD,2026-09-29T19:57:11.475915+00:00,1790557312,1790557312626,1.13804,1.13824,0.0,0.0,0.0,1158
EURUSD,EURUSD,2026-09-29T19:57:11.475915+00:00,1790557313,1790557313230,1.13803,1.13824,0.0,0.0,0.0,1154
EURUSD,EURUSD,2026-09-29T19:57:11.475915+00:00,1790557313,1790557313631,1.13804,1.13824,0.0,0.0,0.0,1154
EURUSD,EURUSD,2026-09-29T19:57:11.475915+00:00,1790557316,1790557316450,1.13803,1.13824,0.0,0.0,0.0,1154
EURUSD,EURUSD,2026-09-29T19:57:11.475915+00:00,1790557316,1790557316852,1.13813,1.13833,0.0,0.0,0.0,1158
EURUSD,EURUSD,2026-09-29T19:57:11.475915+00:00,1790557317,1790557317255,1.13813,1.1383,0.0,0.0,0.0,1028
EURUSD,EURUSD,2026-09-29T19:57:11.475915+00:00,1790557318,1790557318060,1.13814,1.13831,0.0,0.0,0.0,1158
EURUSD,EURUSD,2026-09-29T19:57:11.475915+00:00,1790557320,1790557320980,1.13814,1.1383,0.0,0.0,0.0,1158
EURUSD,EURUSD,2026-09-29T19:57:11.475915+00:00,1790557321,1790557321383,1.13818,1.13836,0.0,0.0,0.0,1158
EURUSD,EURUSD,2026-09-29T19:57:11.475915+00:00,1790557321,1790557321987,1.13818,1.13837,0.0,0.0,0.0,1028
EURUSD,EURUSD,2026-09-29T19:57:11.475915+00:00,1790557324,1790557324000,1.13815,1.13834,0.0,0.0,0.0,1158
EURUSD,EURUSD,2026-09-29T19:57:11.475915+00:00,1790557325,1790557325609,1.13814,1.13835,0.0,0.0,0.0,1158
EURUSD,EURUSD,2026-09-29T19:57:11.475915+00:00,1790557327,1790557327019,1.13813,1.13835,0.0,0.0,0.0,1154
EURUSD,EURUSD,2026-09-29T19:57:11.475915+00:00,1790557327,1790557327421,1.13813,1.13832,0.0,0.0,0.0,1028
EURUSD,EURUSD,2026-09-29T19:57:11.475915+00:00,1790557327,1790557327824,1.13811,1.13831,0.0,0.0,0.0,1158
EURUSD,EURUSD,2026-09-29T19:57:11.475915+00:00,1790557332,1790557332051,1.13812,1.13831,0.0,0.0,0.0,1154
EURUSD,EURUSD,2026-09-29T19:57:11.475915+00:00,1790557332,1790557332454,1.13811,1.13828,0.0,0.0,0.0,1158
EURUSD,EURUSD,2026-09-29T19:57:11.475915+00:00,1790557333,1790557333159,1.13811,1.13829,0.0,0.0,0.0,1028
EURUSD,EURUSD,2026-09-29T19:57:11.475915+00:00,1790557334,1790557334166,1.13811,1.13828,0.0,0.0,0.0,1028
EURUSD,EURUSD,2026-09-29T19:57:11.475915+00:00,1790557337,1790557337893,1.13812,1.13828,0.0,0.0,0.0,1154
EURUSD,EURUSD,2026-09-29T19:57:11.475915+00:00,1790557338,1790557338295,1.13812,1.13829,0.0,0.0,0.0,1028
EURUSD,EURUSD,2026-09-29T19:57:11.475915+00:00,1790557338,1790557338698,1.13811,1.13828,0.0,0.0,0.0,1158
EURUSD,EURUSD,2026-09-29T19:57:11.475915+00:00,1790557339,1790557339302,1.13812,1.13828,0.0,0.0,0.0,1154
EURUSD,EURUSD,2026-09-29T19:57:11.475915+00:00,1790557339,1790557339704,1.13812,1.13834,0.0,0.0,0.0,1028
EURUSD,EURUSD,2026-09-29T19:57:11.475915+00:00,1790557340,1790557340107,1.13812,1.13833,0.0,0.0,0.0,1028
EURUSD,EURUSD,2026-09-29T19:57:11.475915+00:00,1790557342,1790557342726,1.13813,1.13833,0.0,0.0,0.0,1154
EURUSD,EURUSD,2026-09-29T19:57:11.475915+00:00,1790557343,1790557343128,1.13811,1.13831,0.0,0.0,0.0,1158
EURUSD,EURUSD,2026-09-29T19:57:11.475915+00:00,1790557343,1790557343531,1.13811,1.1383,0.0,0.0,0.0,1028
EURUSD,EURUSD,2026-09-29T19:57:11.475915+00:00,1790557343,1790557343933,1.13812,1.13836,0.0,0.0,0.0,1158
EURUSD,EURUSD,2026-09-29T19:57:11.475915+00:00,1790557344,1790557344839,1.13813,1.13836,0.0,0.0,0.0,1154
EURUSD,EURUSD,2026-09-29T19:57:11.475915+00:00,1790557347,1790557347055,1.13812,1.13835,0.0,0.0,0.0,1158
EURUSD,EURUSD,2026-09-29T19:57:11.475915+00:00,1790557348,1790557348966,1.13813,1.13836,0.0,0.0,0.0,1158
EURUSD,EURUSD,2026-09-29T19:57:11.475915+00:00,1790557349,1790557349771,1.13813,1.13837,0.0,0.0,0.0,1028
EURUSD,EURUSD,2026-09-29T19:57:11.475915+00:00,1790557350,1790557350174,1.13813,1.13836,0.0,0.0,0.0,1028
EURUSD,EURUSD,2026-09-29T19:57:11.475915+00:00,1790557355,1790557355006,1.13814,1.13836,0.0,0.0,0.0,1154
EURUSD,EURUSD,2026-09-29T19:57:11.475915+00:00,1790557355,1790557355912,1.13813,1.13836,0.0,0.0,0.0,1154
EURUSD,EURUSD,2026-09-29T19:57:11.475915+00:00,1790557356,1790557356717,1.13814,1.13836,0.0,0.0,0.0,1154
EURUSD,EURUSD,2026-09-29T19:57:11.475915+00:00,1790557358,1790557358126,1.13811,1.13831,0.0,0.0,0.0,1158
EURUSD,EURUSD,2026-09-29T19:57:11.475915+00:00,1790557363,1790557363365,1.13811,1.13832,0.0,0.0,0.0,1028
EURUSD,EURUSD,2026-09-29T19:57:11.475915+00:00,1790557363,1790557363767,1.13814,1.13832,0.0,0.0,0.0,1154
EURUSD,EURUSD,2026-09-29T19:57:11.475915+00:00,1790557366,1790557366183,1.13815,1.13832,0.0,0.0,0.0,1154
EURUSD,EURUSD,2026-09-29T19:57:11.475915+00:00,1790557373,1790557373730,1.13814,1.13834,0.0,0.0,0.0,1158
EURUSD,EURUSD,2026-09-29T19:57:11.475915+00:00,1790557374,1790557374133,1.13815,1.13834,0.0,0.0,0.0,1154
EURUSD,EURUSD,2026-09-29T19:57:11.475915+00:00,1790557377,1790557377053,1.13814,1.13833,0.0,0.0,0.0,1158
EURUSD,EURUSD,2026-09-29T19:57:11.475915+00:00,1790557377,1790557377456,1.13818,1.13837,0.0,0.0,0.0,1158
EURUSD,EURUSD,2026-09-29T19:57:11.475915+00:00,1790557379,1790557379469,1.13818,1.13839,0.0,0.0,0.0,1028
EURUSD,EURUSD,2026-09-29T19:57:11.475915+00:00,1790557380,1790557380174,1.13816,1.13839,0.0,0.0,0.0,1154
EURUSD,EURUSD,2026-09-29T19:57:11.475915+00:00,1790557380,1790557380577,1.13811,1.13834,0.0,0.0,0.0,1158
EURUSD,EURUSD,2026-09-29T19:57:11.475915+00:00,1790557380,1790557380980,1.13811,1.13833,0.0,0.0,0.0,1028
EURUSD,EURUSD,2026-09-29T19:57:11.475915+00:00,1790557381,1790557381382,1.13811,1.13831,0.0,0.0,0.0,1028
EURUSD,EURUSD,2026-09-29T19:57:11.475915+00:00,1790557382,1790557382490,1.13814,1.13835,0.0,0.0,0.0,1158
EURUSD,EURUSD,2026-09-29T19:57:11.475915+00:00,1790557382,1790557382893,1.13814,1.13834,0.0,0.0,0.0,1028
EURUSD,EURUSD,2026-09-29T19:57:11.475915+00:00,1790557384,1790557384102,1.13814,1.13835,0.0,0.0,0.0,1028
EURUSD,EURUSD,2026-09-29T19:57:11.475915+00:00,1790557384,1790557384909,1.13814,1.13834,0.0,0.0,0.0,1028
EURUSD,EURUSD,2026-09-29T19:57:11.475915+00:00,1790557385,1790557385312,1.13814,1.13835,0.0,0.0,0.0,1028
EURUSD,EURUSD,2026-09-29T19:57:11.475915+00:00,1790557386,1790557386520,1.13812,1.13835,0.0,0.0,0.0,1154
EURUSD,EURUSD,2026-09-29T19:57:11.475915+00:00,1790557386,1790557386923,1.13811,1.1383,0.0,0.0,0.0,1158
EURUSD,EURUSD,2026-09-29T19:57:11.475915+00:00,1790557401,1790557401014,1.13812,1.13829,0.0,0.0,0.0,1158
EURUSD,EURUSD,2026-09-29T19:57:11.475915+00:00,1790557407,1790557407255,1.13811,1.13829,0.0,0.0,0.0,1154
EURUSD,EURUSD,2026-09-29T19:57:11.475915+00:00,1790557407,1790557407658,1.13817,1.13837,0.0,0.0,0.0,1158
EURUSD,EURUSD,2026-09-29T19:57:11.475915+00:00,1790557408,1790557408060,1.13819,1.13839,0.0,0.0,0.0,1158
EURUSD,EURUSD,2026-09-29T19:57:11.475915+00:00,1790557408,1790557408463,1.13821,1.13839,0.0,0.0,0.0,1154
EURUSD,EURUSD,2026-09-29T19:57:11.475915+00:00,1790557409,1790557409469,1.1381999999999999,1.1384,0.0,0.0,0.0,1158
EURUSD,EURUSD,2026-09-29T19:57:11.475915+00:00,1790557409,1790557409872,1.13821,1.1384,0.0,0.0,0.0,1154
EURUSD,EURUSD,2026-09-29T19:57:11.475915+00:00,1790557410,1790557410476,1.13822,1.13841,0.0,0.0,0.0,1158
EURUSD,EURUSD,2026-09-29T19:57:11.475915+00:00,1790557411,1790557411382,1.13821,1.13842,0.0,0.0,0.0,1158
EURUSD,EURUSD,2026-09-29T19:57:11.475915+00:00,1790557411,1790557411784,1.13822,1.1384400000000001,0.0,0.0,0.0,1158
EURUSD,EURUSD,2026-09-29T19:57:11.475915+00:00,1790557412,1790557412287,1.13821,1.1384400000000001,0.0,0.0,0.0,1154
EURUSD,EURUSD,2026-09-29T19:57:11.475915+00:00,1790557412,1790557412691,1.13821,1.13843,0.0,0.0,0.0,1028
EURUSD,EURUSD,2026-09-29T19:57:11.475915+00:00,1790557416,1790557416414,1.13821,1.13842,0.0,0.0,0.0,1028
EURUSD,EURUSD,2026-09-29T19:57:11.475915+00:00,1790557416,1790557416817,1.13821,1.13841,0.0,0.0,0.0,1028
EURUSD,EURUSD,2026-09-29T19:57:11.475915+00:00,1790557420,1790557420945,1.13824,1.1384400000000001,0.0,0.0,0.0,1158
EURUSD,EURUSD,2026-09-29T19:57:11.475915+00:00,1790557421,1790557421347,1.13824,1.13843,0.0,0.0,0.0,1028
EURUSD,EURUSD,2026-09-29T19:57:11.475915+00:00,1790557421,1790557421750,1.13823,1.13843,0.0,0.0,0.0,1154
EURUSD,EURUSD,2026-09-29T19:57:11.475915+00:00,1790557422,1790557422152,1.13823,1.1384400000000001,0.0,0.0,0.0,1028
EURUSD,EURUSD,2026-09-29T19:57:11.475915+00:00,1790557422,1790557422857,1.13824,1.1384400000000001,0.0,0.0,0.0,1154
EURUSD,EURUSD,2026-09-29T19:57:11.475915+00:00,1790557423,1790557423563,1.13824,1.13843,0.0,0.0,0.0,1028
EURUSD,EURUSD,2026-09-29T19:57:11.475915+00:00,1790557424,1790557424167,1.13825,1.13843,0.0,0.0,0.0,1154
EURUSD,EURUSD,2026-09-29T19:57:11.475915+00:00,1790557425,1790557425073,1.13824,1.13843,0.0,0.0,0.0,1154
EURUSD,EURUSD,2026-09-29T19:57:11.475915+00:00,1790557435,1790557435738,1.13824,1.1384400000000001,0.0,0.0,0.0,1028
EURUSD,EURUSD,2026-09-29T19:57:11.475915+00:00,1790557436,1790557436141,1.13824,1.13843,0.0,0.0,0.0,1028
EURUSD,EURUSD,2026-09-29T19:57:11.475915+00:00,1790557436,1790557436544,1.13824,1.1384400000000001,0.0,0.0,0.0,1028
EURUSD,EURUSD,2026-09-29T19:57:11.475915+00:00,1790557443,1790557443793,1.13824,1.13843,0.0,0.0,0.0,1158
EURUSD,EURUSD,2026-09-29T19:57:11.475915+00:00,1790557447,1790557447719,1.13824,1.1384400000000001,0.0,0.0,0.0,1028
EURUSD,EURUSD,2026-09-29T19:57:11.475915+00:00,1790557448,1790557448122,1.13826,1.13845,0.0,0.0,0.0,1158
EURUSD,EURUSD,2026-09-29T19:57:11.475915+00:00,1790557457,1790557457886,1.13827,1.13846,0.0,0.0,0.0,1158
EURUSD,EURUSD,2026-09-29T19:57:11.475915+00:00,1790557458,1790557458289,1.13826,1.13846,0.0,0.0,0.0,1154
EURUSD,EURUSD,2026-09-29T19:57:11.475915+00:00,1790557465,1790557465639,1.13826,1.13845,0.0,0.0,0.0,1028
EURUSD,EURUSD,2026-09-29T19:57:11.475915+00:00,1790557472,1790557472183,1.13825,1.1384400000000001,0.0,0.0,0.0,1158
EURUSD,EURUSD,2026-09-29T19:57:11.475915+00:00,1790557472,1790557472585,1.1381999999999999,1.13839,0.0,0.0,0.0,1158
EURUSD,EURUSD,2026-09-29T19:57:11.475915+00:00,1790557482,1790557482552,1.1381999999999999,1.13838,0.0,0.0,0.0,1028
EURUSD,EURUSD,2026-09-29T19:57:11.475915+00:00,1790557500,1790557500467,1.13819,1.13841,0.0,0.0,0.0,1158
EURUSD,EURUSD,2026-09-29T19:57:11.475915+00:00,1790557500,1790557500870,1.13821,1.1384,0.0,0.0,0.0,1158
EURUSD,EURUSD,2026-09-29T19:57:11.475915+00:00,1790557502,1790557502178,1.13821,1.13841,0.0,0.0,0.0,1028
EURUSD,EURUSD,2026-09-29T19:57:11.475915+00:00,1790557502,1790557502581,1.1381999999999999,1.1384,0.0,0.0,0.0,1158
EURUSD,EURUSD,2026-09-29T19:57:11.475915+00:00,1790557504,1790557504191,1.13821,1.13839,0.0,0.0,0.0,1158
EURUSD,EURUSD,2026-09-29T19:57:11.475915+00:00,1790557505,1790557505298,1.13822,1.1384,0.0,0.0,0.0,1158
EURUSD,EURUSD,2026-09-29T19:57:11.475915+00:00,1790557505,1790557505700,1.13821,1.1384,0.0,0.0,0.0,1154
EURUSD,EURUSD,2026-09-29T19:57:11.475915+00:00,1790557508,1790557508217,1.13822,1.1384,0.0,0.0,0.0,1154
EURUSD,EURUSD,2026-09-29T19:57:11.475915+00:00,1790557509,1790557509725,1.13822,1.13841,0.0,0.0,0.0,1028
EURUSD,EURUSD,2026-09-29T19:57:11.475915+00:00,1790557510,1790557510128,1.13821,1.13841,0.0,0.0,0.0,1154
EURUSD,EURUSD,2026-09-29T19:57:11.475915+00:00,1790557512,1790557512443,1.13822,1.13841,0.0,0.0,0.0,1154
EURUSD,EURUSD,2026-09-29T19:57:11.475915+00:00,1790557512,1790557512846,1.13824,1.13842,0.0,0.0,0.0,1158
EURUSD,EURUSD,2026-09-29T19:57:11.475915+00:00,1790557516,1790557516874,1.13824,1.13843,0.0,0.0,0.0,1028
EURUSD,EURUSD,2026-09-29T19:57:11.475915+00:00,1790557517,1790557517276,1.13823,1.13842,0.0,0.0,0.0,1158
EURUSD,EURUSD,2026-09-29T19:57:11.475915+00:00,1790557517,1790557517679,1.13826,1.13842,0.0,0.0,0.0,1154
EURUSD,EURUSD,2026-09-29T19:57:11.475915+00:00,1790557518,1790557518081,1.13827,1.13843,0.0,0.0,0.0,1158
EURUSD,EURUSD,2026-09-29T19:57:11.475915+00:00,1790557519,1790557519895,1.13826,1.13842,0.0,0.0,0.0,1158
EURUSD,EURUSD,2026-09-29T19:57:11.475915+00:00,1790557521,1790557521304,1.13827,1.13843,0.0,0.0,0.0,1158
EURUSD,EURUSD,2026-09-29T19:57:11.475915+00:00,1790557529,1790557529258,1.13826,1.13842,0.0,0.0,0.0,1158
EURUSD,EURUSD,2026-09-29T19:57:11.475915+00:00,1790557533,1790557533484,1.13827,1.13843,0.0,0.0,0.0,1158
EURUSD,EURUSD,2026-09-29T19:57:11.475915+00:00,1790557533,1790557533887,1.13826,1.13842,0.0,0.0,0.0,1158
EURUSD,EURUSD,2026-09-29T19:57:11.475915+00:00,1790557541,1790557541936,1.13827,1.13843,0.0,0.0,0.0,1158
EURUSD,EURUSD,2026-09-29T19:57:11.475915+00:00,1790557546,1790557546567,1.13826,1.13843,0.0,0.0,0.0,1154
EURUSD,EURUSD,2026-09-29T19:57:11.475915+00:00,1790557546,1790557546969,1.13835,1.13853,0.0,0.0,0.0,1158
EURUSD,EURUSD,2026-09-29T19:57:11.475915+00:00,1790557547,1790557547372,1.13836,1.13857,0.0,0.0,0.0,1158
EURUSD,EURUSD,2026-09-29T19:57:11.475915+00:00,1790557547,1790557547775,1.13836,1.13858,0.0,0.0,0.0,1028
EURUSD,EURUSD,2026-09-29T19:57:11.475915+00:00,1790557549,1790557549185,1.13836,1.13859,0.0,0.0,0.0,1028
EURUSD,EURUSD,2026-09-29T19:57:11.475915+00:00,1790557550,1790557550392,1.13836,1.13858,0.0,0.0,0.0,1028
EURUSD,EURUSD,2026-09-29T19:57:11.475915+00:00,1790557550,1790557550795,1.13841,1.1386,0.0,0.0,0.0,1158
EURUSD,EURUSD,2026-09-29T19:57:11.475915+00:00,1790557552,1790557552205,1.13841,1.13859,0.0,0.0,0.0,1028
EURUSD,EURUSD,2026-09-29T19:57:11.475915+00:00,1790557552,1790557552606,1.13835,1.13857,0.0,0.0,0.0,1158
EURUSD,EURUSD,2026-09-29T19:57:11.475915+00:00,1790557557,1790557557842,1.13839,1.13857,0.0,0.0,0.0,1154
EURUSD,EURUSD,2026-09-29T19:57:11.475915+00:00,1790557558,1790557558245,1.13839,1.13858,0.0,0.0,0.0,1028
EURUSD,EURUSD,2026-09-29T19:57:11.475915+00:00,1790557560,1790557560360,1.13839,1.1386,0.0,0.0,0.0,1158
EURUSD,EURUSD,2026-09-29T19:57:11.475915+00:00,1790557560,1790557560761,1.13839,1.13858,0.0,0.0,0.0,1028
EURUSD,EURUSD,2026-09-29T19:57:11.475915+00:00,1790557562,1790557562071,1.13841,1.13856,0.0,0.0,0.0,1158
EURUSD,EURUSD,2026-09-29T19:57:11.475915+00:00,1790557562,1790557562473,1.13838,1.13858,0.0,0.0,0.0,1158
EURUSD,EURUSD,2026-09-29T19:57:11.475915+00:00,1790557565,1790557565493,1.13839,1.13858,0.0,0.0,0.0,1154
EURUSD,EURUSD,2026-09-29T19:57:11.475915+00:00,1790557565,1790557565896,1.1384,1.13857,0.0,0.0,0.0,1158
EURUSD,EURUSD,2026-09-29T19:57:11.475915+00:00,1790557566,1790557566298,1.13839,1.13858,0.0,0.0,0.0,1158
EURUSD,EURUSD,2026-09-29T19:57:11.475915+00:00,1790557568,1790557568536,1.1384,1.13859,0.0,0.0,0.0,1158
EURUSD,EURUSD,2026-09-29T19:57:11.475915+00:00,1790557571,1790557571657,1.13839,1.13857,0.0,0.0,0.0,1158
EURUSD,EURUSD,2026-09-29T19:57:11.475915+00:00,1790557581,1790557581924,1.13839,1.13856,0.0,0.0,0.0,1028
EURUSD,EURUSD,2026-09-29T19:57:11.475915+00:00,1790557589,1790557589877,1.13839,1.13855,0.0,0.0,0.0,1028
EURUSD,EURUSD,2026-09-29T19:57:11.475915+00:00,1790557590,1790557590280,1.13839,1.13858,0.0,0.0,0.0,1028
EURUSD,EURUSD,2026-09-29T19:57:11.475915+00:00,1790557617,1790557617073,1.1384,1.13861,0.0,0.0,0.0,1158
EURUSD,EURUSD,2026-09-29T19:57:11.475915+00:00,1790557617,1790557617156,1.13839,1.13858,0.0,0.0,0.0,1158
EURUSD,EURUSD,2026-09-29T19:57:11.475915+00:00,1790557620,1790557620377,1.1384,1.13858,0.0,0.0,0.0,1154
EURUSD,EURUSD,2026-09-29T19:57:11.475915+00:00,1790557620,1790557620780,1.13841,1.1386,0.0,0.0,0.0,1158
EURUSD,EURUSD,2026-09-29T19:57:11.475915+00:00,1790557621,1790557621383,1.13839,1.1386,0.0,0.0,0.0,1154
EURUSD,EURUSD,2026-09-29T19:57:11.475915+00:00,1790557624,1790557624201,1.1384,1.1386,0.0,0.0,0.0,1154
EURUSD,EURUSD,2026-09-29T19:57:11.475915+00:00,1790557624,1790557624605,1.13842,1.13861,0.0,0.0,0.0,1158
EURUSD,EURUSD,2026-09-29T19:57:11.475915+00:00,1790557625,1790557625309,1.1384,1.13861,0.0,0.0,0.0,1154
EURUSD,EURUSD,2026-09-29T19:57:11.475915+00:00,1790557625,1790557625711,1.13834,1.1385399999999999,0.0,0.0,0.0,1158
EURUSD,EURUSD,2026-09-29T19:57:11.475915+00:00,1790557626,1790557626114,1.13835,1.13855,0.0,0.0,0.0,1158
EURUSD,EURUSD,2026-09-29T19:57:11.475915+00:00,1790557627,1790557627019,1.13835,1.1385399999999999,0.0,0.0,0.0,1028
EURUSD,EURUSD,2026-09-29T19:57:11.475915+00:00,1790557627,1790557627422,1.13834,1.13853,0.0,0.0,0.0,1158
EURUSD,EURUSD,2026-09-29T19:57:11.475915+00:00,1790557627,1790557627825,1.13834,1.1385399999999999,0.0,0.0,0.0,1028
EURUSD,EURUSD,2026-09-29T19:57:11.475915+00:00,1790557628,1790557628629,1.13835,1.1385399999999999,0.0,0.0,0.0,1154
EURUSD,EURUSD,2026-09-29T19:57:11.475915+00:00,1790557629,1790557629032,1.13834,1.1385399999999999,0.0,0.0,0.0,1154
EURUSD,EURUSD,2026-09-29T19:57:11.475915+00:00,1790557629,1790557629837,1.13834,1.13853,0.0,0.0,0.0,1028
EURUSD,EURUSD,2026-09-29T19:57:11.475915+00:00,1790557630,1790557630240,1.13834,1.1385399999999999,0.0,0.0,0.0,1028
EURUSD,EURUSD,2026-09-29T19:57:11.475915+00:00,1790557631,1790557631246,1.13835,1.1385399999999999,0.0,0.0,0.0,1154
EURUSD,EURUSD,2026-09-29T19:57:11.475915+00:00,1790557632,1790557632252,1.13835,1.13855,0.0,0.0,0.0,1028
EURUSD,EURUSD,2026-09-29T19:57:11.475915+00:00,1790557632,1790557632654,1.13834,1.1385399999999999,0.0,0.0,0.0,1158
EURUSD,EURUSD,2026-09-29T19:57:11.475915+00:00,1790557634,1790557634566,1.13835,1.1385399999999999,0.0,0.0,0.0,1154
EURUSD,EURUSD,2026-09-29T19:57:11.475915+00:00,1790557635,1790557635070,1.13835,1.13853,0.0,0.0,0.0,1028
EURUSD,EURUSD,2026-09-29T19:57:11.475915+00:00,1790557635,1790557635472,1.13833,1.13853,0.0,0.0,0.0,1154
EURUSD,EURUSD,2026-09-29T19:57:11.475915+00:00,1790557635,1790557635875,1.13832,1.13853,0.0,0.0,0.0,1154
EURUSD,EURUSD,2026-09-29T19:57:11.475915+00:00,1790557636,1790557636278,1.13831,1.13853,0.0,0.0,0.0,1154
EURUSD,EURUSD,2026-09-29T19:57:11.475915+00:00,1790557636,1790557636681,1.13831,1.13852,0.0,0.0,0.0,1028
EURUSD,EURUSD,2026-09-29T19:57:11.475915+00:00,1790557637,1790557637083,1.13831,1.13851,0.0,0.0,0.0,1028
EURUSD,EURUSD,2026-09-29T19:57:11.475915+00:00,1790557639,1790557639599,1.1383,1.13851,0.0,0.0,0.0,1154
EURUSD,EURUSD,2026-09-29T19:57:11.475915+00:00,1790557640,1790557640203,1.1383,1.1385,0.0,0.0,0.0,1028
EURUSD,EURUSD,2026-09-29T19:57:11.475915+00:00,1790557642,1790557642216,1.1383,1.13851,0.0,0.0,0.0,1028
EURUSD,EURUSD,2026-09-29T19:57:11.475915+00:00,1790557643,1790557643731,1.13831,1.13851,0.0,0.0,0.0,1154
EURUSD,EURUSD,2026-09-29T19:57:11.475915+00:00,1790557646,1790557646748,1.1383,1.13851,0.0,0.0,0.0,1154
EURUSD,EURUSD,2026-09-29T19:57:11.475915+00:00,1790557647,1790557647553,1.13829,1.13851,0.0,0.0,0.0,1154
EURUSD,EURUSD,2026-09-29T19:57:11.475915+00:00,1790557650,1790557650271,1.13829,1.1385,0.0,0.0,0.0,1028
EURUSD,EURUSD,2026-09-29T19:57:11.475915+00:00,1790557650,1790557650976,1.13829,1.13847,0.0,0.0,0.0,1028
EURUSD,EURUSD,2026-09-29T19:57:11.475915+00:00,1790557651,1790557651380,1.13829,1.13846,0.0,0.0,0.0,1028
EURUSD,EURUSD,2026-09-29T19:57:11.475915+00:00,1790557663,1790557663156,1.13828,1.13846,0.0,0.0,0.0,1154
EURUSD,EURUSD,2026-09-29T19:57:11.475915+00:00,1790557663,1790557663558,1.13825,1.13845,0.0,0.0,0.0,1158
EURUSD,EURUSD,2026-09-29T19:57:11.475915+00:00,1790557665,1790557665773,1.13824,1.13845,0.0,0.0,0.0,1154
EURUSD,EURUSD,2026-09-29T19:57:11.475915+00:00,1790557667,1790557667486,1.13825,1.13845,0.0,0.0,0.0,1154
EURUSD,EURUSD,2026-09-29T19:57:11.475915+00:00,1790557669,1790557669700,1.13824,1.13845,0.0,0.0,0.0,1154
EURUSD,EURUSD,2026-09-29T19:57:11.475915+00:00,1790557670,1790557670103,1.13824,1.1384400000000001,0.0,0.0,0.0,1028
EURUSD,EURUSD,2026-09-29T19:57:11.475915+00:00,1790557670,1790557670606,1.13824,1.13845,0.0,0.0,0.0,1028
EURUSD,EURUSD,2026-09-29T19:57:11.475915+00:00,1790557671,1790557671411,1.13825,1.13845,0.0,0.0,0.0,1154
EURUSD,EURUSD,2026-09-29T19:57:11.475915+00:00,1790557672,1790557672820,1.13824,1.13845,0.0,0.0,0.0,1154
EURUSD,EURUSD,2026-09-29T19:57:11.475915+00:00,1790557673,1790557673223,1.13825,1.13845,0.0,0.0,0.0,1154
EURUSD,EURUSD,2026-09-29T19:57:11.475915+00:00,1790557676,1790557676342,1.13826,1.13845,0.0,0.0,0.0,1154
EURUSD,EURUSD,2026-09-29T19:57:11.475915+00:00,1790557676,1790557676745,1.13825,1.13846,0.0,0.0,0.0,1158
EURUSD,EURUSD,2026-09-29T19:57:11.475915+00:00,1790557678,1790557678054,1.13826,1.13846,0.0,0.0,0.0,1154
EURUSD,EURUSD,2026-09-29T19:57:11.475915+00:00,1790557681,1790557681477,1.13827,1.13846,0.0,0.0,0.0,1154
EURUSD,EURUSD,2026-09-29T19:57:11.475915+00:00,1790557683,1790557683391,1.13827,1.13847,0.0,0.0,0.0,1028
EURUSD,EURUSD,2026-09-29T19:57:11.475915+00:00,1790557687,1790557687417,1.13829,1.13847,0.0,0.0,0.0,1154
EURUSD,EURUSD,2026-09-29T19:57:11.475915+00:00,1790557687,1790557687821,1.13834,1.13855,0.0,0.0,0.0,1158
EURUSD,EURUSD,2026-09-29T19:57:11.475915+00:00,1790557688,1790557688526,1.13835,1.13855,0.0,0.0,0.0,1154
EURUSD,EURUSD,2026-09-29T19:57:11.475915+00:00,1790557689,1790557689231,1.13835,1.13856,0.0,0.0,0.0,1028
EURUSD,EURUSD,2026-09-29T19:57:11.475915+00:00,1790557690,1790557690239,1.13839,1.13857,0.0,0.0,0.0,1158
EURUSD,EURUSD,2026-09-29T19:57:11.475915+00:00,1790557722,1790557722830,1.13836,1.13859,0.0,0.0,0.0,1158
EURUSD,EURUSD,2026-09-29T19:57:11.475915+00:00,1790557722,1790557722859,1.13837,1.13857,0.0,0.0,0.0,1158
EURUSD,EURUSD,2026-09-29T19:57:11.475915+00:00,1790557723,1790557723262,1.13835,1.13856,0.0,0.0,0.0,1158
EURUSD,EURUSD,2026-09-29T19:57:11.475915+00:00,1790557735,1790557735343,1.13834,1.13856,0.0,0.0,0.0,1154
EURUSD,EURUSD,2026-09-29T19:57:11.475915+00:00,1790557736,1790557736148,1.13834,1.13855,0.0,0.0,0.0,1028
EURUSD,EURUSD,2026-09-29T19:57:11.475915+00:00,1790557737,1790557737254,1.13835,1.13855,0.0,0.0,0.0,1154
EURUSD,EURUSD,2026-09-29T19:57:11.475915+00:00,1790557738,1790557738160,1.13834,1.13855,0.0,0.0,0.0,1154
EURUSD,EURUSD,2026-09-29T19:57:11.475915+00:00,1790557738,1790557738562,1.13832,1.13853,0.0,0.0,0.0,1158
EURUSD,EURUSD,2026-09-29T19:57:11.475915+00:00,1790557741,1790557741078,1.13833,1.13853,0.0,0.0,0.0,1154
EURUSD,EURUSD,2026-09-29T19:57:11.475915+00:00,1790557741,1790557741481,1.13835,1.13856,0.0,0.0,0.0,1158
EURUSD,EURUSD,2026-09-29T19:57:11.475915+00:00,1790557747,1790557747623,1.13839,1.13856,0.0,0.0,0.0,1154
EURUSD,EURUSD,2026-09-29T19:57:11.475915+00:00,1790557748,1790557748026,1.13839,1.13858,0.0,0.0,0.0,1028
EURUSD,EURUSD,2026-09-29T19:57:11.475915+00:00,1790557750,1790557750844,1.13841,1.13858,0.0,0.0,0.0,1154
EURUSD,EURUSD,2026-09-29T19:57:11.475915+00:00,1790557751,1790557751247,1.13841,1.13861,0.0,0.0,0.0,1028
EURUSD,EURUSD,2026-09-29T19:57:11.475915+00:00,1790557753,1790557753158,1.13843,1.13861,0.0,0.0,0.0,1154
EURUSD,EURUSD,2026-09-29T19:57:11.475915+00:00,1790557753,1790557753560,1.13841,1.13861,0.0,0.0,0.0,1154
EURUSD,EURUSD,2026-09-29T19:57:11.475915+00:00,1790557765,1790557765240,1.1384,1.13861,0.0,0.0,0.0,1154
EURUSD,EURUSD,2026-09-29T19:57:11.475915+00:00,1790557765,1790557765642,1.13839,1.13857,0.0,0.0,0.0,1158
EURUSD,EURUSD,2026-09-29T19:57:11.475915+00:00,1790557766,1790557766044,1.13837,1.13857,0.0,0.0,0.0,1154
EURUSD,EURUSD,2026-09-29T19:57:11.475915+00:00,1790557768,1790557768359,1.13836,1.13857,0.0,0.0,0.0,1154
EURUSD,EURUSD,2026-09-29T19:57:11.475915+00:00,1790557770,1790557770773,1.13836,1.13858,0.0,0.0,0.0,1028
EURUSD,EURUSD,2026-09-29T19:57:11.475915+00:00,1790557775,1790557775806,1.13837,1.13858,0.0,0.0,0.0,1154
EURUSD,EURUSD,2026-09-29T19:57:11.475915+00:00,1790557776,1790557776310,1.13834,1.13855,0.0,0.0,0.0,1158
EURUSD,EURUSD,2026-09-29T19:57:11.475915+00:00,1790557777,1790557777720,1.13835,1.13855,0.0,0.0,0.0,1154
EURUSD,EURUSD,2026-09-29T19:57:11.475915+00:00,1790557788,1790557788793,1.13835,1.1385399999999999,0.0,0.0,0.0,1028
EURUSD,EURUSD,2026-09-29T19:57:11.475915+00:00,1790557790,1790557790304,1.13834,1.1385399999999999,0.0,0.0,0.0,1154
EURUSD,EURUSD,2026-09-29T19:57:11.475915+00:00,1790557795,1790557795739,1.13834,1.13855,0.0,0.0,0.0,1028
EURUSD,EURUSD,2026-09-29T19:57:11.475915+00:00,1790557800,1790557800168,1.13834,1.1385399999999999,0.0,0.0,0.0,1158
EURUSD,EURUSD,2026-09-29T19:57:11.475915+00:00,1790557800,1790557800570,1.13835,1.1385399999999999,0.0,0.0,0.0,1154
EURUSD,EURUSD,2026-09-29T19:57:11.475915+00:00,1790557801,1790557801375,1.13835,1.13855,0.0,0.0,0.0,1028
EURUSD,EURUSD,2026-09-29T19:57:11.475915+00:00,1790557805,1790557805602,1.13834,1.13855,0.0,0.0,0.0,1154
EURUSD,EURUSD,2026-09-29T19:57:11.475915+00:00,1790557806,1790557806005,1.13834,1.1385399999999999,0.0,0.0,0.0,1028
EURUSD,EURUSD,2026-09-29T19:57:11.475915+00:00,1790557806,1790557806608,1.13834,1.13855,0.0,0.0,0.0,1028
EURUSD,EURUSD,2026-09-29T19:57:11.475915+00:00,1790557807,1790557807011,1.13835,1.13855,0.0,0.0,0.0,1154
EURUSD,EURUSD,2026-09-29T19:57:11.475915+00:00,1790557819,1790557819295,1.13835,1.1385399999999999,0.0,0.0,0.0,1028
EURUSD,EURUSD,2026-09-29T19:57:11.475915+00:00,1790557820,1790557820704,1.13841,1.13861,0.0,0.0,0.0,1158
EURUSD,EURUSD,2026-09-29T19:57:11.475915+00:00,1790557822,1790557822515,1.1384400000000001,1.13862,0.0,0.0,0.0,1158
EURUSD,EURUSD,2026-09-29T19:57:11.475915+00:00,1790557847,1790557847171,1.1384400000000001,1.1386,0.0,0.0,0.0,1028
EURUSD,EURUSD,2026-09-29T19:57:11.475915+00:00,1790557847,1790557847575,1.13839,1.13858,0.0,0.0,0.0,1158
EURUSD,EURUSD,2026-09-29T19:57:11.475915+00:00,1790557858,1790557858346,1.1384,1.13858,0.0,0.0,0.0,1154
EURUSD,EURUSD,2026-09-29T19:57:11.475915+00:00,1790557858,1790557858749,1.13837,1.13858,0.0,0.0,0.0,1154
EURUSD,EURUSD,2026-09-29T19:57:11.475915+00:00,1790557859,1790557859151,1.13838,1.13858,0.0,0.0,0.0,1154
EURUSD,EURUSD,2026-09-29T19:57:11.475915+00:00,1790557859,1790557859554,1.13838,1.13857,0.0,0.0,0.0,1028
EURUSD,EURUSD,2026-09-29T19:57:11.475915+00:00,1790557860,1790557860259,1.13839,1.13857,0.0,0.0,0.0,1154
EURUSD,EURUSD,2026-09-29T19:57:11.475915+00:00,1790557860,1790557860664,1.13839,1.13858,0.0,0.0,0.0,1028
EURUSD,EURUSD,2026-09-29T19:57:11.475915+00:00,1790557865,1790557865293,1.13841,1.13858,0.0,0.0,0.0,1154
EURUSD,EURUSD,2026-09-29T19:57:11.475915+00:00,1790557865,1790557865695,1.1384400000000001,1.13862,0.0,0.0,0.0,1158
EURUSD,EURUSD,2026-09-29T19:57:11.475915+00:00,1790557867,1790557867910,1.13843,1.13861,0.0,0.0,0.0,1158
EURUSD,EURUSD,2026-09-29T19:57:11.475915+00:00,1790557868,1790557868414,1.13842,1.13861,0.0,0.0,0.0,1154
EURUSD,EURUSD,2026-09-29T19:57:11.475915+00:00,1790557871,1790557871634,1.13843,1.13861,0.0,0.0,0.0,1154
EURUSD,EURUSD,2026-09-29T19:57:11.475915+00:00,1790557872,1790557872037,1.13843,1.1386,0.0,0.0,0.0,1028
EURUSD,EURUSD,2026-09-29T19:57:11.475915+00:00,1790557872,1790557872440,1.13843,1.13861,0.0,0.0,0.0,1028
EURUSD,EURUSD,2026-09-29T19:57:11.475915+00:00,1790557872,1790557872842,1.13843,1.1386,0.0,0.0,0.0,1028
EURUSD,EURUSD,2026-09-29T19:57:11.475915+00:00,1790557873,1790557873245,1.13843,1.13861,0.0,0.0,0.0,1028
EURUSD,EURUSD,2026-09-29T19:57:11.475915+00:00,1790557873,1790557873648,1.13843,1.1386,0.0,0.0,0.0,1028
EURUSD,EURUSD,2026-09-29T19:57:11.475915+00:00,1790557874,1790557874454,1.13843,1.13861,0.0,0.0,0.0,1028
EURUSD,EURUSD,2026-09-29T19:57:11.475915+00:00,1790557875,1790557875260,1.13843,1.1386,0.0,0.0,0.0,1028
EURUSD,EURUSD,2026-09-29T19:57:11.475915+00:00,1790557875,1790557875664,1.13843,1.13861,0.0,0.0,0.0,1028
EURUSD,EURUSD,2026-09-29T19:57:11.475915+00:00,1790557876,1790557876067,1.13843,1.1386,0.0,0.0,0.0,1028
EURUSD,EURUSD,2026-09-29T19:57:11.475915+00:00,1790557876,1790557876470,1.13843,1.13861,0.0,0.0,0.0,1028
EURUSD,EURUSD,2026-09-29T19:57:11.475915+00:00,1790557876,1790557876973,1.1384400000000001,1.1386,0.0,0.0,0.0,1158
EURUSD,EURUSD,2026-09-29T19:57:11.475915+00:00,1790557879,1790557879891,1.13843,1.1386,0.0,0.0,0.0,1154
EURUSD,EURUSD,2026-09-29T19:57:11.475915+00:00,1790557880,1790557880293,1.13841,1.13861,0.0,0.0,0.0,1158
EURUSD,EURUSD,2026-09-29T19:57:11.475915+00:00,1790557884,1790557884220,1.13841,1.1386,0.0,0.0,0.0,1028
EURUSD,EURUSD,2026-09-29T19:57:11.475915+00:00,1790557884,1790557884623,1.13841,1.13861,0.0,0.0,0.0,1028
EURUSD,EURUSD,2026-09-29T19:57:11.475915+00:00,1790557886,1790557886334,1.13841,1.1386,0.0,0.0,0.0,1028
EURUSD,EURUSD,2026-09-29T19:57:11.475915+00:00,1790557886,1790557886737,1.13841,1.13861,0.0,0.0,0.0,1028
EURUSD,EURUSD,2026-09-29T19:57:11.475915+00:00,1790557890,1790557890260,1.13841,1.13859,0.0,0.0,0.0,1028
EURUSD,EURUSD,2026-09-29T19:57:11.475915+00:00,1790557890,1790557890663,1.13834,1.1385399999999999,0.0,0.0,0.0,1158
EURUSD,EURUSD,2026-09-29T19:57:11.475915+00:00,1790557891,1790557891770,1.13834,1.13855,0.0,0.0,0.0,1028
EURUSD,EURUSD,2026-09-29T19:57:11.475915+00:00,1790557892,1790557892173,1.13834,1.1385399999999999,0.0,0.0,0.0,1028
EURUSD,EURUSD,2026-09-29T19:57:11.475915+00:00,1790557892,1790557892776,1.13834,1.13855,0.0,0.0,0.0,1028
EURUSD,EURUSD,2026-09-29T19:57:11.475915+00:00,1790557895,1790557895796,1.13834,1.1385399999999999,0.0,0.0,0.0,1028
EURUSD,EURUSD,2026-09-29T19:57:11.475915+00:00,1790557896,1790557896601,1.13834,1.13855,0.0,0.0,0.0,1028
EURUSD,EURUSD,2026-09-29T19:57:11.475915+00:00,1790557897,1790557897306,1.13834,1.1385399999999999,0.0,0.0,0.0,1028
EURUSD,EURUSD,2026-09-29T19:57:11.475915+00:00,1790557897,1790557897708,1.13834,1.13855,0.0,0.0,0.0,1028
EURUSD,EURUSD,2026-09-29T19:57:11.475915+00:00,1790557908,1790557908276,1.13839,1.13853,0.0,0.0,0.0,1158
EURUSD,EURUSD,2026-09-29T19:57:11.475915+00:00,1790557908,1790557908680,1.13841,1.13862,0.0,0.0,0.0,1158
EURUSD,EURUSD,2026-09-29T19:57:11.475915+00:00,1790557927,1790557927099,1.13841,1.13861,0.0,0.0,0.0,1158
EURUSD,EURUSD,2026-09-29T19:57:11.475915+00:00,1790557953,1790557953069,1.13841,1.1386,0.0,0.0,0.0,1028
EURUSD,EURUSD,2026-09-29T19:57:11.475915+00:00,1790557957,1790557957597,1.1384,1.1386,0.0,0.0,0.0,1154
EURUSD,EURUSD,2026-09-29T19:57:11.475915+00:00,1790557958,1790557958001,1.13839,1.13858,0.0,0.0,0.0,1158
EURUSD,EURUSD,2026-09-29T19:57:11.475915+00:00,1790557960,1790557960618,1.13839,1.13857,0.0,0.0,0.0,1028
EURUSD,EURUSD,2026-09-29T19:57:11.475915+00:00,1790557961,1790557961021,1.13839,1.13858,0.0,0.0,0.0,1028
EURUSD,EURUSD,2026-09-29T19:57:11.475915+00:00,1790557962,1790557962631,1.13839,1.13859,0.0,0.0,0.0,1028
EURUSD,EURUSD,2026-09-29T19:57:11.475915+00:00,1790557963,1790557963033,1.13839,1.13858,0.0,0.0,0.0,1028
EURUSD,EURUSD,2026-09-29T19:57:11.475915+00:00,1790557972,1790557972696,1.13839,1.13857,0.0,0.0,0.0,1028
EURUSD,EURUSD,2026-09-29T19:57:11.475915+00:00,1790557973,1790557973904,1.13839,1.13858,0.0,0.0,0.0,1028
EURUSD,EURUSD,2026-09-29T19:57:11.475915+00:00,1790557974,1790557974709,1.13841,1.1386,0.0,0.0,0.0,1158
EURUSD,EURUSD,2026-09-29T19:57:11.475915+00:00,1790557980,1790557980443,1.13841,1.13861,0.0,0.0,0.0,1158
EURUSD,EURUSD,2026-09-29T19:57:11.475915+00:00,1790557980,1790557980846,1.13841,1.1386,0.0,0.0,0.0,1028
EURUSD,EURUSD,2026-09-29T19:57:11.475915+00:00,1790557981,1790557981249,1.1384,1.1386,0.0,0.0,0.0,1154
EURUSD,EURUSD,2026-09-29T19:57:11.475915+00:00,1790557984,1790557984872,1.1384,1.13858,0.0,0.0,0.0,1028
EURUSD,EURUSD,2026-09-29T19:57:11.475915+00:00,1790557989,1790557989503,1.13839,1.13858,0.0,0.0,0.0,1154
EURUSD,EURUSD,2026-09-29T19:57:11.475915+00:00,1790557990,1790557990610,1.1384,1.13858,0.0,0.0,0.0,1154
EURUSD,EURUSD,2026-09-29T19:57:11.475915+00:00,1790557991,1790557991013,1.13839,1.13858,0.0,0.0,0.0,1154
EURUSD,EURUSD,2026-09-29T19:57:11.475915+00:00,1790557991,1790557991718,1.1384,1.13858,0.0,0.0,0.0,1154
EURUSD,EURUSD,2026-09-29T19:57:11.475915+00:00,1790557992,1790557992120,1.13839,1.13858,0.0,0.0,0.0,1154
EURUSD,EURUSD,2026-09-29T19:57:11.475915+00:00,1790557995,1790557995843,1.13834,1.13852,0.0,0.0,0.0,1158
EURUSD,EURUSD,2026-09-29T19:57:11.475915+00:00,1790558000,1790558000574,1.13831,1.13851,0.0,0.0,0.0,1158
EURUSD,EURUSD,2026-09-29T19:57:11.475915+00:00,1790558001,1790558001378,1.1383,1.13851,0.0,0.0,0.0,1154
EURUSD,EURUSD,2026-09-29T19:57:11.475915+00:00,1790558003,1790558003291,1.13831,1.1385,0.0,0.0,0.0,1158
EURUSD,EURUSD,2026-09-29T19:57:11.475915+00:00,1790558004,1790558004096,1.1383,1.13851,0.0,0.0,0.0,1158
EURUSD,EURUSD,2026-09-29T19:57:11.475915+00:00,1790558005,1790558005910,1.1383,1.1385,0.0,0.0,0.0,1028
EURUSD,EURUSD,2026-09-29T19:57:11.475915+00:00,1790558006,1790558006414,1.1383,1.13851,0.0,0.0,0.0,1028
EURUSD,EURUSD,2026-09-29T19:57:11.475915+00:00,1790558013,1790558013158,1.1383,1.1385,0.0,0.0,0.0,1028
EURUSD,EURUSD,2026-09-29T19:57:11.475915+00:00,1790558013,1790558013560,1.13831,1.1385,0.0,0.0,0.0,1154
EURUSD,EURUSD,2026-09-29T19:57:11.475915+00:00,1790558015,1790558015574,1.13832,1.1385,0.0,0.0,0.0,1154
EURUSD,EURUSD,2026-09-29T19:57:11.475915+00:00,1790558015,1790558015977,1.1383,1.1385,0.0,0.0,0.0,1154
EURUSD,EURUSD,2026-09-29T19:57:11.475915+00:00,1790558020,1790558020812,1.13831,1.13849,0.0,0.0,0.0,1158
EURUSD,EURUSD,2026-09-29T19:57:11.475915+00:00,1790558021,1790558021215,1.13827,1.13847,0.0,0.0,0.0,1158
EURUSD,EURUSD,2026-09-29T19:57:11.475915+00:00,1790558021,1790558021617,1.13825,1.13845,0.0,0.0,0.0,1158
EURUSD,EURUSD,2026-09-29T19:57:11.475915+00:00,1790558022,1790558022825,1.13826,1.13845,0.0,0.0,0.0,1154
EURUSD,EURUSD,2026-09-29T19:57:11.475915+00:00,1790558023,1790558023328,1.13825,1.1384400000000001,0.0,0.0,0.0,1158
EURUSD,EURUSD,2026-09-29T19:57:11.475915+00:00,1790558023,1790558023731,1.13825,1.13845,0.0,0.0,0.0,1028
EURUSD,EURUSD,2026-09-29T19:57:11.475915+00:00,1790558024,1790558024436,1.13826,1.13845,0.0,0.0,0.0,1154
EURUSD,EURUSD,2026-09-29T19:57:11.475915+00:00,1790558024,1790558024838,1.1383,1.13848,0.0,0.0,0.0,1158
EURUSD,EURUSD,2026-09-29T19:57:11.475915+00:00,1790558025,1790558025442,1.13833,1.13848,0.0,0.0,0.0,1154
EURUSD,EURUSD,2026-09-29T19:57:11.475915+00:00,1790558027,1790558027756,1.13835,1.13848,0.0,0.0,0.0,1154
EURUSD,EURUSD,2026-09-29T19:57:11.475915+00:00,1790558028,1790558028158,1.13835,1.13851,0.0,0.0,0.0,1028
EURUSD,EURUSD,2026-09-29T19:57:11.475915+00:00,1790558028,1790558028562,1.13833,1.1385,0.0,0.0,0.0,1158
EURUSD,EURUSD,2026-09-29T19:57:11.475915+00:00,1790558030,1790558030275,1.13833,1.13851,0.0,0.0,0.0,1028
EURUSD,EURUSD,2026-09-29T19:57:11.475915+00:00,1790558030,1790558030678,1.13833,1.1385,0.0,0.0,0.0,1028
EURUSD,EURUSD,2026-09-29T19:57:11.475915+00:00,1790558031,1790558031282,1.13834,1.1385,0.0,0.0,0.0,1154
EURUSD,EURUSD,2026-09-29T19:57:11.475915+00:00,1790558033,1790558033093,1.13833,1.1385,0.0,0.0,0.0,1154
EURUSD,EURUSD,2026-09-29T19:57:11.475915+00:00,1790558033,1790558033596,1.13832,1.13847,0.0,0.0,0.0,1158
EURUSD,EURUSD,2026-09-29T19:57:11.475915+00:00,1790558033,1790558033898,1.13829,1.13845,0.0,0.0,0.0,1158
EURUSD,EURUSD,2026-09-29T19:57:11.475915+00:00,1790558035,1790558035611,1.13829,1.1384400000000001,0.0,0.0,0.0,1028
EURUSD,EURUSD,2026-09-29T19:57:11.475915+00:00,1790558036,1790558036114,1.13829,1.13843,0.0,0.0,0.0,1028
EURUSD,EURUSD,2026-09-29T19:57:11.475915+00:00,1790558036,1790558036919,1.13829,1.13845,0.0,0.0,0.0,1028
EURUSD,EURUSD,2026-09-29T19:57:11.475915+00:00,1790558037,1790558037523,1.13829,1.1384400000000001,0.0,0.0,0.0,1028
EURUSD,EURUSD,2026-09-29T19:57:11.475915+00:00,1790558037,1790558037926,1.1383,1.13845,0.0,0.0,0.0,1158
EURUSD,EURUSD,2026-09-29T19:57:11.475915+00:00,1790558039,1790558039334,1.13832,1.13845,0.0,0.0,0.0,1154
EURUSD,EURUSD,2026-09-29T19:57:11.475915+00:00,1790558039,1790558039736,1.13829,1.1384400000000001,0.0,0.0,0.0,1158
EURUSD,EURUSD,2026-09-29T19:57:11.475915+00:00,1790558040,1790558040139,1.13829,1.13845,0.0,0.0,0.0,1158
EURUSD,EURUSD,2026-09-29T19:57:11.475915+00:00,1790558041,1790558041549,1.13828,1.13845,0.0,0.0,0.0,1154
EURUSD,EURUSD,2026-09-29T19:57:11.475915+00:00,1790558043,1790558043360,1.13828,1.1384400000000001,0.0,0.0,0.0,1028
EURUSD,EURUSD,2026-09-29T19:57:11.475915+00:00,1790558044,1790558044266,1.13828,1.13843,0.0,0.0,0.0,1028
EURUSD,EURUSD,2026-09-29T19:57:11.475915+00:00,1790558044,1790558044668,1.1383,1.13845,0.0,0.0,0.0,1158
EURUSD,EURUSD,2026-09-29T19:57:11.475915+00:00,1790558045,1790558045473,1.13829,1.13843,0.0,0.0,0.0,1158
EURUSD,EURUSD,2026-09-29T19:57:11.475915+00:00,1790558045,1790558045876,1.13829,1.13845,0.0,0.0,0.0,1028
EURUSD,EURUSD,2026-09-29T19:57:11.475915+00:00,1790558064,1790558064397,1.13829,1.1384400000000001,0.0,0.0,0.0,1028
EURUSD,EURUSD,2026-09-29T19:57:11.475915+00:00,1790558064,1790558064800,1.1383,1.13845,0.0,0.0,0.0,1158
EURUSD,EURUSD,2026-09-29T19:57:11.475915+00:00,1790558067,1790558067117,1.13831,1.13845,0.0,0.0,0.0,1154
EURUSD,EURUSD,2026-09-29T19:57:11.475915+00:00,1790558072,1790558072650,1.13827,1.1384400000000001,0.0,0.0,0.0,1158
EURUSD,EURUSD,2026-09-29T19:57:11.475915+00:00,1790558074,1790558074462,1.13829,1.1384400000000001,0.0,0.0,0.0,1154
EURUSD,EURUSD,2026-09-29T19:57:11.475915+00:00,1790558075,1790558075065,1.13827,1.1384400000000001,0.0,0.0,0.0,1154
EURUSD,EURUSD,2026-09-29T19:57:11.475915+00:00,1790558075,1790558075467,1.13827,1.13843,0.0,0.0,0.0,1028
EURUSD,EURUSD,2026-09-29T19:57:11.475915+00:00,1790558083,1790558083319,1.13827,1.13842,0.0,0.0,0.0,1028
EURUSD,EURUSD,2026-09-29T19:57:11.475915+00:00,1790558083,1790558083724,1.13828,1.13843,0.0,0.0,0.0,1158
EURUSD,EURUSD,2026-09-29T19:57:11.475915+00:00,1790558084,1790558084830,1.1383,1.13843,0.0,0.0,0.0,1154
EURUSD,EURUSD,2026-09-29T19:57:11.475915+00:00,1790558087,1790558087146,1.13828,1.13843,0.0,0.0,0.0,1154
EURUSD,EURUSD,2026-09-29T19:57:11.475915+00:00,1790558087,1790558087548,1.13828,1.13842,0.0,0.0,0.0,1028
EURUSD,EURUSD,2026-09-29T19:57:11.475915+00:00,1790558088,1790558088051,1.13828,1.13841,0.0,0.0,0.0,1028
EURUSD,EURUSD,2026-09-29T19:57:11.475915+00:00,1790558088,1790558088455,1.1383,1.13843,0.0,0.0,0.0,1158
EURUSD,EURUSD,2026-09-29T19:57:11.475915+00:00,1790558091,1790558091576,1.13828,1.13843,0.0,0.0,0.0,1154
EURUSD,EURUSD,2026-09-29T19:57:11.475915+00:00,1790558096,1790558096508,1.1383,1.13843,0.0,0.0,0.0,1154
EURUSD,EURUSD,2026-09-29T19:57:11.475915+00:00,1790558100,1790558100133,1.1383,1.13843,0.0,0.0,0.0,1154
EURUSD,EURUSD,2026-09-29T19:57:11.475915+00:00,1790558100,1790558100535,1.13831,1.13845,0.0,0.0,0.0,1158
EURUSD,EURUSD,2026-09-29T19:57:11.475915+00:00,1790558101,1790558101139,1.13832,1.13845,0.0,0.0,0.0,1154
EURUSD,EURUSD,2026-09-29T19:57:11.475915+00:00,1790558101,1790558101541,1.13832,1.13846,0.0,0.0,0.0,1028
EURUSD,EURUSD,2026-09-29T19:57:11.475915+00:00,1790558101,1790558101943,1.13835,1.13847,0.0,0.0,0.0,1158
EURUSD,EURUSD,2026-09-29T19:57:11.475915+00:00,1790558102,1790558102346,1.13833,1.13847,0.0,0.0,0.0,1154
EURUSD,EURUSD,2026-09-29T19:57:11.475915+00:00,1790558116,1790558116335,1.13832,1.13847,0.0,0.0,0.0,1154
EURUSD,EURUSD,2026-09-29T19:57:11.475915+00:00,1790558116,1790558116738,1.13832,1.13846,0.0,0.0,0.0,1028
EURUSD,EURUSD,2026-09-29T19:57:11.475915+00:00,1790558118,1790558118853,1.13832,1.13847,0.0,0.0,0.0,1028
EURUSD,EURUSD,2026-09-29T19:57:11.475915+00:00,1790558119,1790558119256,1.13832,1.13846,0.0,0.0,0.0,1028
EURUSD,EURUSD,2026-09-29T19:57:11.475915+00:00,1790558122,1790558122477,1.1383,1.13846,0.0,0.0,0.0,1154
EURUSD,EURUSD,2026-09-29T19:57:11.475915+00:00,1790558122,1790558122879,1.13827,1.1384,0.0,0.0,0.0,1158
EURUSD,EURUSD,2026-09-29T19:57:11.475915+00:00,1790558129,1790558129521,1.13827,1.13839,0.0,0.0,0.0,1028
EURUSD,EURUSD,2026-09-29T19:57:11.475915+00:00,1790558129,1790558129924,1.13824,1.13838,0.0,0.0,0.0,1158
EURUSD,EURUSD,2026-09-29T19:57:11.475915+00:00,1790558131,1790558131534,1.13824,1.13837,0.0,0.0,0.0,1028
EURUSD,EURUSD,2026-09-29T19:57:11.475915+00:00,1790558143,1790558143007,1.13824,1.13838,0.0,0.0,0.0,1028
EURUSD,EURUSD,2026-09-29T19:57:11.475915+00:00,1790558143,1790558143510,1.13824,1.13839,0.0,0.0,0.0,1028
EURUSD,EURUSD,2026-09-29T19:57:11.475915+00:00,1790558144,1790558144616,1.13824,1.13838,0.0,0.0,0.0,1028
EURUSD,EURUSD,2026-09-29T19:57:11.475915+00:00,1790558145,1790558145522,1.13824,1.13839,0.0,0.0,0.0,1028
EURUSD,EURUSD,2026-09-29T19:57:11.475915+00:00,1790558146,1790558146328,1.13824,1.1384,0.0,0.0,0.0,1028
EURUSD,EURUSD,2026-09-29T19:57:11.475915+00:00,1790558146,1790558146730,1.13824,1.13839,0.0,0.0,0.0,1028
EURUSD,EURUSD,2026-09-29T19:57:11.475915+00:00,1790558147,1790558147133,1.13826,1.13841,0.0,0.0,0.0,1158
EURUSD,EURUSD,2026-09-29T19:57:11.475915+00:00,1790558148,1790558148038,1.13825,1.13841,0.0,0.0,0.0,1154
EURUSD,EURUSD,2026-09-29T19:57:11.475915+00:00,1790558148,1790558148441,1.13826,1.13842,0.0,0.0,0.0,1158
EURUSD,EURUSD,2026-09-29T19:57:11.475915+00:00,1790558149,1790558149045,1.13827,1.13842,0.0,0.0,0.0,1154
EURUSD,EURUSD,2026-09-29T19:57:11.475915+00:00,1790558152,1790558152265,1.13827,1.13841,0.0,0.0,0.0,1028
EURUSD,EURUSD,2026-09-29T19:57:11.475915+00:00,1790558152,1790558152667,1.13827,1.13842,0.0,0.0,0.0,1028
EURUSD,EURUSD,2026-09-29T19:57:11.475915+00:00,1790558155,1790558155284,1.13828,1.13842,0.0,0.0,0.0,1154
EURUSD,EURUSD,2026-09-29T19:57:11.475915+00:00,1790558156,1790558156291,1.13828,1.13843,0.0,0.0,0.0,1028
EURUSD,EURUSD,2026-09-29T19:57:11.475915+00:00,1790558160,1790558160218,1.13828,1.13843,0.0,0.0,0.0,1154
EURUSD,EURUSD,2026-09-29T19:57:11.475915+00:00,1790558160,1790558160621,1.1383,1.13843,0.0,0.0,0.0,1154
EURUSD,EURUSD,2026-09-29T19:57:11.475915+00:00,1790558161,1790558161124,1.1383,1.1384400000000001,0.0,0.0,0.0,1028
EURUSD,EURUSD,2026-09-29T19:57:11.475915+00:00,1790558161,1790558161528,1.13828,1.13842,0.0,0.0,0.0,1158
EURUSD,EURUSD,2026-09-29T19:57:11.475915+00:00,1790558165,1790558165553,1.13829,1.13842,0.0,0.0,0.0,1154
EURUSD,EURUSD,2026-09-29T19:57:11.475915+00:00,1790558166,1790558166662,1.13828,1.13842,0.0,0.0,0.0,1154
EURUSD,EURUSD,2026-09-29T19:57:11.475915+00:00,1790558172,1790558172222,1.13829,1.13842,0.0,0.0,0.0,1154
EURUSD,EURUSD,2026-09-29T19:57:11.475915+00:00,1790558172,1790558172625,1.13829,1.13843,0.0,0.0,0.0,1028
EURUSD,EURUSD,2026-09-29T19:57:11.475915+00:00,1790558173,1790558173229,1.13828,1.13843,0.0,0.0,0.0,1154
EURUSD,EURUSD,2026-09-29T19:57:11.475915+00:00,1790558173,1790558173632,1.13827,1.13842,0.0,0.0,0.0,1158
EURUSD,EURUSD,2026-09-29T19:57:11.475915+00:00,1790558181,1790558181687,1.13827,1.13841,0.0,0.0,0.0,1028
EURUSD,EURUSD,2026-09-29T19:57:11.475915+00:00,1790558185,1790558185814,1.13829,1.13841,0.0,0.0,0.0,1154
EURUSD,EURUSD,2026-09-29T19:57:11.475915+00:00,1790558186,1790558186216,1.13829,1.13842,0.0,0.0,0.0,1028
EURUSD,EURUSD,2026-09-29T19:57:11.475915+00:00,1790558190,1790558190244,1.13829,1.13843,0.0,0.0,0.0,1028
EURUSD,EURUSD,2026-09-29T19:57:11.475915+00:00,1790558190,1790558190647,1.13829,1.13842,0.0,0.0,0.0,1028
EURUSD,EURUSD,2026-09-29T19:57:11.475915+00:00,1790558196,1790558196083,1.1383,1.13843,0.0,0.0,0.0,1158
EURUSD,EURUSD,2026-09-29T19:57:11.475915+00:00,1790558196,1790558196486,1.1383,1.1384400000000001,0.0,0.0,0.0,1028
EURUSD,EURUSD,2026-09-29T19:57:11.475915+00:00,1790558199,1790558199807,1.1383,1.13843,0.0,0.0,0.0,1028
EURUSD,EURUSD,2026-09-29T19:57:11.475915+00:00,1790558213,1790558213196,1.13829,1.13843,0.0,0.0,0.0,1154
EURUSD,EURUSD,2026-09-29T19:57:11.475915+00:00,1790558213,1790558213598,1.13829,1.13842,0.0,0.0,0.0,1028
EURUSD,EURUSD,2026-09-29T19:57:11.475915+00:00,1790558220,1790558220947,1.1383,1.13843,0.0,0.0,0.0,1158
EURUSD,EURUSD,2026-09-29T19:57:11.475915+00:00,1790558221,1790558221450,1.13831,1.1384400000000001,0.0,0.0,0.0,1158
EURUSD,EURUSD,2026-09-29T19:57:11.475915+00:00,1790558224,1790558224169,1.13831,1.13843,0.0,0.0,0.0,1028
EURUSD,EURUSD,2026-09-29T19:57:11.475915+00:00,1790558224,1790558224571,1.13831,1.13845,0.0,0.0,0.0,1028
EURUSD,EURUSD,2026-09-29T19:57:11.475915+00:00,1790558228,1790558228899,1.13831,1.13846,0.0,0.0,0.0,1028
EURUSD,EURUSD,2026-09-29T19:57:11.475915+00:00,1790558241,1790558241385,1.13832,1.13846,0.0,0.0,0.0,1154
EURUSD,EURUSD,2026-09-29T19:57:11.475915+00:00,1790558241,1790558241788,1.13833,1.13847,0.0,0.0,0.0,1158
EURUSD,EURUSD,2026-09-29T19:57:11.475915+00:00,1790558249,1790558249134,1.13832,1.13847,0.0,0.0,0.0,1154
EURUSD,EURUSD,2026-09-29T19:57:11.475915+00:00,1790558249,1790558249537,1.13832,1.13846,0.0,0.0,0.0,1028
EURUSD,EURUSD,2026-09-29T19:57:11.475915+00:00,1790558259,1790558259904,1.13833,1.13846,0.0,0.0,0.0,1154
EURUSD,EURUSD,2026-09-29T19:57:11.475915+00:00,1790558260,1790558260307,1.13833,1.13847,0.0,0.0,0.0,1028
EURUSD,EURUSD,2026-09-29T19:57:11.475915+00:00,1790558264,1790558264537,1.13831,1.1384400000000001,0.0,0.0,0.0,1158
EURUSD,EURUSD,2026-09-29T19:57:11.475915+00:00,1790558268,1790558268061,1.13831,1.13845,0.0,0.0,0.0,1028
EURUSD,EURUSD,2026-09-29T19:57:11.475915+00:00,1790558270,1790558270678,1.13831,1.13843,0.0,0.0,0.0,1028
EURUSD,EURUSD,2026-09-29T19:57:11.475915+00:00,1790558271,1790558271080,1.13831,1.13845,0.0,0.0,0.0,1028
EURUSD,EURUSD,2026-09-29T19:57:11.475915+00:00,1790558276,1790558276012,1.1383,1.13845,0.0,0.0,0.0,1154
EURUSD,EURUSD,2026-09-29T19:57:11.475915+00:00,1790558276,1790558276415,1.13831,1.1384400000000001,0.0,0.0,0.0,1158
EURUSD,EURUSD,2026-09-29T19:57:11.475915+00:00,1790558280,1790558280945,1.13831,1.1384400000000001,0.0,0.0,0.0,1154
EURUSD,EURUSD,2026-09-29T19:57:11.475915+00:00,1790558281,1790558281347,1.13832,1.13846,0.0,0.0,0.0,1158
EURUSD,EURUSD,2026-09-29T19:57:11.475915+00:00,1790558282,1790558282856,1.13831,1.13846,0.0,0.0,0.0,1154
EURUSD,EURUSD,2026-09-29T19:57:11.475915+00:00,1790558283,1790558283259,1.13831,1.13845,0.0,0.0,0.0,1028
EURUSD,EURUSD,2026-09-29T19:57:11.475915+00:00,1790558286,1790558286582,1.13832,1.13845,0.0,0.0,0.0,1154
EURUSD,EURUSD,2026-09-29T19:57:11.475915+00:00,1790558286,1790558286984,1.13831,1.1384400000000001,0.0,0.0,0.0,1158
EURUSD,EURUSD,2026-09-29T19:57:11.475915+00:00,1790558295,1790558295140,1.1383,1.1384400000000001,0.0,0.0,0.0,1154
EURUSD,EURUSD,2026-09-29T19:57:11.475915+00:00,1790558295,1790558295542,1.13829,1.13843,0.0,0.0,0.0,1158
EURUSD,EURUSD,2026-09-29T19:57:11.475915+00:00,1790558295,1790558295945,1.13828,1.13842,0.0,0.0,0.0,1158
EURUSD,EURUSD,2026-09-29T19:57:11.475915+00:00,1790558300,1790558300576,1.13828,1.13841,0.0,0.0,0.0,1028
EURUSD,EURUSD,2026-09-29T19:57:11.475915+00:00,1790558304,1790558304804,1.13828,1.13842,0.0,0.0,0.0,1028
EURUSD,EURUSD,2026-09-29T19:57:11.475915+00:00,1790558307,1790558307219,1.13829,1.13842,0.0,0.0,0.0,1154
EURUSD,EURUSD,2026-09-29T19:57:11.475915+00:00,1790558310,1790558310038,1.13829,1.13843,0.0,0.0,0.0,1028
EURUSD,EURUSD,2026-09-29T19:57:11.475915+00:00,1790558313,1790558313865,1.1383,1.13843,0.0,0.0,0.0,1154
EURUSD,EURUSD,2026-09-29T19:57:11.475915+00:00,1790558314,1790558314469,1.13829,1.13843,0.0,0.0,0.0,1154
EURUSD,EURUSD,2026-09-29T19:57:11.475915+00:00,1790558319,1790558319603,1.1383,1.13843,0.0,0.0,0.0,1154
EURUSD,EURUSD,2026-09-29T19:57:11.475915+00:00,1790558322,1790558322020,1.13829,1.13843,0.0,0.0,0.0,1154
EURUSD,EURUSD,2026-09-29T19:57:11.475915+00:00,1790558322,1790558322927,1.13829,1.13847,0.0,0.0,0.0,1028
EURUSD,EURUSD,2026-09-29T19:57:11.475915+00:00,1790558325,1790558325644,1.1383,1.13847,0.0,0.0,0.0,1154
EURUSD,EURUSD,2026-09-29T19:57:11.475915+00:00,1790558326,1790558326047,1.1383,1.13848,0.0,0.0,0.0,1028
EURUSD,EURUSD,2026-09-29T19:57:11.475915+00:00,1790558327,1790558327556,1.1383,1.1384400000000001,0.0,0.0,0.0,1028
EURUSD,EURUSD,2026-09-29T19:57:11.475915+00:00,1790558330,1790558330072,1.1383,1.13843,0.0,0.0,0.0,1028
EURUSD,EURUSD,2026-09-29T19:57:11.475915+00:00,1790558331,1790558331280,1.13829,1.13843,0.0,0.0,0.0,1154
EURUSD,EURUSD,2026-09-29T19:57:11.475915+00:00,1790558332,1790558332386,1.13828,1.13841,0.0,0.0,0.0,1158
EURUSD,EURUSD,2026-09-29T19:57:11.475915+00:00,1790558337,1790558337318,1.13826,1.1384,0.0,0.0,0.0,1158
EURUSD,EURUSD,2026-09-29T19:57:11.475915+00:00,1790558337,1790558337720,1.13827,1.13841,0.0,0.0,0.0,1158
EURUSD,EURUSD,2026-09-29T19:57:11.475915+00:00,1790558340,1790558340840,1.13828,1.13841,0.0,0.0,0.0,1154
EURUSD,EURUSD,2026-09-29T19:57:11.475915+00:00,1790558341,1790558341847,1.13827,1.13841,0.0,0.0,0.0,1154
EURUSD,EURUSD,2026-09-29T19:57:11.475915+00:00,1790558344,1790558344765,1.13828,1.13841,0.0,0.0,0.0,1154
EURUSD,EURUSD,2026-09-29T19:57:11.475915+00:00,1790558345,1790558345167,1.13827,1.13841,0.0,0.0,0.0,1154
EURUSD,EURUSD,2026-09-29T19:57:11.475915+00:00,1790558353,1790558353117,1.13828,1.13841,0.0,0.0,0.0,1154
EURUSD,EURUSD,2026-09-29T19:57:11.475915+00:00,1790558361,1790558361975,1.13828,1.1384,0.0,0.0,0.0,1028
EURUSD,EURUSD,2026-09-29T19:57:11.475915+00:00,1790558362,1790558362378,1.13826,1.1384,0.0,0.0,0.0,1154
EURUSD,EURUSD,2026-09-29T19:57:11.475915+00:00,1790558362,1790558362780,1.13827,1.13841,0.0,0.0,0.0,1158
EURUSD,EURUSD,2026-09-29T19:57:11.475915+00:00,1790558365,1790558365699,1.13828,1.13841,0.0,0.0,0.0,1154
EURUSD,EURUSD,2026-09-29T19:57:11.475915+00:00,1790558380,1790558380291,1.13827,1.13841,0.0,0.0,0.0,1154
EURUSD,EURUSD,2026-09-29T19:57:11.475915+00:00,1790558381,1790558381398,1.13826,1.13841,0.0,0.0,0.0,1154
EURUSD,EURUSD,2026-09-29T19:57:11.475915+00:00,1790558381,1790558381801,1.13827,1.13841,0.0,0.0,0.0,1154
EURUSD,EURUSD,2026-09-29T19:57:11.475915+00:00,1790558382,1790558382908,1.13828,1.13841,0.0,0.0,0.0,1154
EURUSD,EURUSD,2026-09-29T19:57:11.475915+00:00,1790558383,1790558383311,1.13826,1.13839,0.0,0.0,0.0,1158
EURUSD,EURUSD,2026-09-29T19:57:11.475915+00:00,1790558384,1790558384619,1.13826,1.1384,0.0,0.0,0.0,1028
EURUSD,EURUSD,2026-09-29T19:57:11.475915+00:00,1790558386,1790558386330,1.13827,1.1384,0.0,0.0,0.0,1154
EURUSD,EURUSD,2026-09-29T19:57:11.475915+00:00,1790558386,1790558386733,1.13828,1.1384,0.0,0.0,0.0,1154
EURUSD,EURUSD,2026-09-29T19:57:11.475915+00:00,1790558387,1790558387639,1.13826,1.1384,0.0,0.0,0.0,1154
EURUSD,EURUSD,2026-09-29T19:57:11.475915+00:00,1790558388,1790558388041,1.13827,1.1384,0.0,0.0,0.0,1154
EURUSD,EURUSD,2026-09-29T19:57:11.475915+00:00,1790558389,1790558389148,1.13826,1.1384,0.0,0.0,0.0,1154
EURUSD,EURUSD,2026-09-29T19:57:11.475915+00:00,1790558389,1790558389550,1.13824,1.13837,0.0,0.0,0.0,1158
EURUSD,EURUSD,2026-09-29T19:57:11.475915+00:00,1790558390,1790558390154,1.13823,1.13837,0.0,0.0,0.0,1154
EURUSD,EURUSD,2026-09-29T19:57:11.475915+00:00,1790558391,1790558391362,1.1381999999999999,1.13833,0.0,0.0,0.0,1158
EURUSD,EURUSD,2026-09-29T19:57:11.475915+00:00,1790558397,1790558397705,1.1381999999999999,1.13835,0.0,0.0,0.0,1028
EURUSD,EURUSD,2026-09-29T19:57:11.475915+00:00,1790558398,1790558398107,1.13821,1.13835,0.0,0.0,0.0,1154
EURUSD,EURUSD,2026-09-29T19:57:11.475915+00:00,1790558400,1790558400020,1.1381999999999999,1.13835,0.0,0.0,0.0,1154
EURUSD,EURUSD,2026-09-29T19:57:11.475915+00:00,1790558400,1790558400422,1.1381999999999999,1.13833,0.0,0.0,0.0,1028
EURUSD,EURUSD,2026-09-29T19:57:11.475915+00:00,1790558400,1790558400825,1.1381999999999999,1.13835,0.0,0.0,0.0,1028
EURUSD,EURUSD,2026-09-29T19:57:11.475915+00:00,1790558403,1790558403140,1.13821,1.13835,0.0,0.0,0.0,1154
EURUSD,EURUSD,2026-09-29T19:57:11.475915+00:00,1790558404,1790558404850,1.13822,1.13835,0.0,0.0,0.0,1154
EURUSD,EURUSD,2026-09-29T19:57:11.475915+00:00,1790558405,1790558405252,1.13822,1.13836,0.0,0.0,0.0,1028
EURUSD,EURUSD,2026-09-29T19:57:11.475915+00:00,1790558406,1790558406058,1.13822,1.13835,0.0,0.0,0.0,1028
EURUSD,EURUSD,2026-09-29T19:57:11.475915+00:00,1790558417,1790558417330,1.13822,1.13836,0.0,0.0,0.0,1028
EURUSD,EURUSD,2026-09-29T19:57:11.475915+00:00,1790558423,1790558423671,1.13821,1.13836,0.0,0.0,0.0,1154
EURUSD,EURUSD,2026-09-29T19:57:11.475915+00:00,1790558426,1790558426086,1.13821,1.13835,0.0,0.0,0.0,1028
EURUSD,EURUSD,2026-09-29T19:57:11.475915+00:00,1790558428,1790558428099,1.13821,1.13834,0.0,0.0,0.0,1028
EURUSD,EURUSD,2026-09-29T19:57:11.475915+00:00,1790558428,1790558428502,1.13821,1.13835,0.0,0.0,0.0,1028
EURUSD,EURUSD,2026-09-29T19:57:11.475915+00:00,1790558429,1790558429608,1.13821,1.13836,0.0,0.0,0.0,1028
EURUSD,EURUSD,2026-09-29T19:57:11.475915+00:00,1790558433,1790558433231,1.1381999999999999,1.13836,0.0,0.0,0.0,1154
EURUSD,EURUSD,2026-09-29T19:57:11.475915+00:00,1790558434,1790558434941,1.13821,1.13836,0.0,0.0,0.0,1154
EURUSD,EURUSD,2026-09-29T19:57:11.475915+00:00,1790558437,1790558437156,1.1381999999999999,1.13836,0.0,0.0,0.0,1154
EURUSD,EURUSD,2026-09-29T19:57:11.475915+00:00,1790558437,1790558437558,1.13821,1.13836,0.0,0.0,0.0,1154
EURUSD,EURUSD,2026-09-29T19:57:11.475915+00:00,1790558438,1790558438263,1.13821,1.13834,0.0,0.0,0.0,1028
EURUSD,EURUSD,2026-09-29T19:57:11.475915+00:00,1790558438,1790558438666,1.1381999999999999,1.13834,0.0,0.0,0.0,1154
EURUSD,EURUSD,2026-09-29T19:57:11.475915+00:00,1790558440,1790558440578,1.13821,1.13834,0.0,0.0,0.0,1154
EURUSD,EURUSD,2026-09-29T19:57:11.475915+00:00,1790558440,1790558440981,1.13821,1.13836,0.0,0.0,0.0,1028
EURUSD,EURUSD,2026-09-29T19:57:11.475915+00:00,1790558444,1790558444206,1.13821,1.13835,0.0,0.0,0.0,1028
EURUSD,EURUSD,2026-09-29T19:57:11.475915+00:00,1790558444,1790558444608,1.13818,1.13832,0.0,0.0,0.0,1158
EURUSD,EURUSD,2026-09-29T19:57:11.475915+00:00,1790558445,1790558445010,1.13819,1.13831,0.0,0.0,0.0,1158
EURUSD,EURUSD,2026-09-29T19:57:11.475915+00:00,1790558445,1790558445412,1.13819,1.13832,0.0,0.0,0.0,1028
EURUSD,EURUSD,2026-09-29T19:57:11.475915+00:00,1790558445,1790558445815,1.1381999999999999,1.13832,0.0,0.0,0.0,1154
EURUSD,EURUSD,2026-09-29T19:57:11.475915+00:00,1790558446,1790558446217,1.1381999999999999,1.13834,0.0,0.0,0.0,1028
EURUSD,EURUSD,2026-09-29T19:57:11.475915+00:00,1790558449,1790558449439,1.13819,1.13832,0.0,0.0,0.0,1158
EURUSD,EURUSD,2026-09-29T19:57:11.475915+00:00,1790558449,1790558449841,1.13818,1.13832,0.0,0.0,0.0,1154
EURUSD,EURUSD,2026-09-29T19:57:11.475915+00:00,1790558450,1790558450244,1.13821,1.13834,0.0,0.0,0.0,1158
EURUSD,EURUSD,2026-09-29T19:57:11.475915+00:00,1790558450,1790558450646,1.1381999999999999,1.13834,0.0,0.0,0.0,1154
EURUSD,EURUSD,2026-09-29T19:57:11.475915+00:00,1790558451,1790558451049,1.13821,1.13834,0.0,0.0,0.0,1154
EURUSD,EURUSD,2026-09-29T19:57:11.475915+00:00,1790558453,1790558453163,1.1381999999999999,1.13834,0.0,0.0,0.0,1154
EURUSD,EURUSD,2026-09-29T19:57:11.475915+00:00,1790558454,1790558454069,1.13818,1.13832,0.0,0.0,0.0,1158
EURUSD,EURUSD,2026-09-29T19:57:11.475915+00:00,1790558454,1790558454471,1.1381999999999999,1.13834,0.0,0.0,0.0,1158
EURUSD,EURUSD,2026-09-29T19:57:11.475915+00:00,1790558455,1790558455377,1.1381999999999999,1.13832,0.0,0.0,0.0,1028
EURUSD,EURUSD,2026-09-29T19:57:11.475915+00:00,1790558455,1790558455779,1.13819,1.13833,0.0,0.0,0.0,1158
EURUSD,EURUSD,2026-09-29T19:57:11.475915+00:00,1790558456,1790558456182,1.13818,1.13833,0.0,0.0,0.0,1154
EURUSD,EURUSD,2026-09-29T19:57:11.475915+00:00,1790558456,1790558456584,1.13819,1.13831,0.0,0.0,0.0,1158
EURUSD,EURUSD,2026-09-29T19:57:11.475915+00:00,1790558456,1790558456987,1.13818,1.13831,0.0,0.0,0.0,1154
EURUSD,EURUSD,2026-09-29T19:57:11.475915+00:00,1790558457,1790558457389,1.13819,1.13831,0.0,0.0,0.0,1154
EURUSD,EURUSD,2026-09-29T19:57:11.475915+00:00,1790558458,1790558458697,1.13818,1.13831,0.0,0.0,0.0,1154
EURUSD,EURUSD,2026-09-29T19:57:11.475915+00:00,1790558459,1790558459504,1.13821,1.13834,0.0,0.0,0.0,1158
EURUSD,EURUSD,2026-09-29T19:57:11.475915+00:00,1790558460,1790558460208,1.1381999999999999,1.13834,0.0,0.0,0.0,1154
EURUSD,EURUSD,2026-09-29T19:57:11.475915+00:00,1790558460,1790558460610,1.13823,1.13837,0.0,0.0,0.0,1158
EURUSD,EURUSD,2026-09-29T19:57:11.475915+00:00,1790558471,1790558471684,1.13822,1.13837,0.0,0.0,0.0,1154
EURUSD,EURUSD,2026-09-29T19:57:11.475915+00:00,1790558472,1790558472087,1.13822,1.13836,0.0,0.0,0.0,1028
EURUSD,EURUSD,2026-09-29T19:57:11.475915+00:00,1790558472,1790558472893,1.13823,1.13836,0.0,0.0,0.0,1154
EURUSD,EURUSD,2026-09-29T19:57:11.475915+00:00,1790558473,1790558473295,1.13822,1.13836,0.0,0.0,0.0,1154
EURUSD,EURUSD,2026-09-29T19:57:11.475915+00:00,1790558473,1790558473698,1.13823,1.13836,0.0,0.0,0.0,1154
EURUSD,EURUSD,2026-09-29T19:57:11.475915+00:00,1790558475,1790558475509,1.13822,1.13836,0.0,0.0,0.0,1154
EURUSD,EURUSD,2026-09-29T19:57:11.475915+00:00,1790558475,1790558475911,1.13823,1.13836,0.0,0.0,0.0,1154
EURUSD,EURUSD,2026-09-29T19:57:11.475915+00:00,1790558476,1790558476717,1.13822,1.13836,0.0,0.0,0.0,1154
EURUSD,EURUSD,2026-09-29T19:57:11.475915+00:00,1790558477,1790558477523,1.13823,1.13836,0.0,0.0,0.0,1154
EURUSD,EURUSD,2026-09-29T19:57:11.475915+00:00,1790558477,1790558477925,1.13822,1.13836,0.0,0.0,0.0,1154
EURUSD,EURUSD,2026-09-29T19:57:11.475915+00:00,1790558478,1790558478328,1.1381999999999999,1.13834,0.0,0.0,0.0,1158
EURUSD,EURUSD,2026-09-29T19:57:11.475915+00:00,1790558478,1790558478733,1.13821,1.13834,0.0,0.0,0.0,1154
EURUSD,EURUSD,2026-09-29T19:57:11.475915+00:00,1790558479,1790558479337,1.13821,1.13835,0.0,0.0,0.0,1028
EURUSD,EURUSD,2026-09-29T19:57:11.475915+00:00,1790558479,1790558479739,1.13815,1.1383,0.0,0.0,0.0,1158
EURUSD,EURUSD,2026-09-29T19:57:11.475915+00:00,1790558480,1790558480444,1.13816,1.1383,0.0,0.0,0.0,1154
EURUSD,EURUSD,2026-09-29T19:57:11.475915+00:00,1790558480,1790558480847,1.13815,1.1383,0.0,0.0,0.0,1154
EURUSD,EURUSD,2026-09-29T19:57:11.475915+00:00,1790558486,1790558486282,1.13816,1.1383,0.0,0.0,0.0,1154
EURUSD,EURUSD,2026-09-29T19:57:11.475915+00:00,1790558490,1790558490711,1.13817,1.1383,0.0,0.0,0.0,1154
EURUSD,EURUSD,2026-09-29T19:57:11.475915+00:00,1790558491,1790558491113,1.13817,1.13831,0.0,0.0,0.0,1028
EURUSD,EURUSD,2026-09-29T19:57:11.475915+00:00,1790558491,1790558491516,1.13816,1.13831,0.0,0.0,0.0,1154
EURUSD,EURUSD,2026-09-29T19:57:11.475915+00:00,1790558493,1790558493932,1.13818,1.13831,0.0,0.0,0.0,1154
EURUSD,EURUSD,2026-09-29T19:57:11.475915+00:00,1790558495,1790558495944,1.13818,1.13832,0.0,0.0,0.0,1028
EURUSD,EURUSD,2026-09-29T19:57:11.475915+00:00,1790558496,1790558496346,1.13819,1.13833,0.0,0.0,0.0,1158
EURUSD,EURUSD,2026-09-29T19:57:11.475915+00:00,1790558499,1790558499869,1.13818,1.13833,0.0,0.0,0.0,1154
EURUSD,EURUSD,2026-09-29T19:57:11.475915+00:00,1790558500,1790558500272,1.13818,1.13832,0.0,0.0,0.0,1028
EURUSD,EURUSD,2026-09-29T19:57:11.475915+00:00,1790558500,1790558500675,1.13819,1.13832,0.0,0.0,0.0,1154
EURUSD,EURUSD,2026-09-29T19:57:11.475915+00:00,1790558503,1790558503494,1.13819,1.13831,0.0,0.0,0.0,1028
EURUSD,EURUSD,2026-09-29T19:57:11.475915+00:00,1790558503,1790558503897,1.13817,1.13831,0.0,0.0,0.0,1154
EURUSD,EURUSD,2026-09-29T19:57:11.475915+00:00,1790558512,1790558512349,1.13819,1.13832,0.0,0.0,0.0,1158
EURUSD,EURUSD,2026-09-29T19:57:11.475915+00:00,1790558515,1790558515873,1.1381999999999999,1.13832,0.0,0.0,0.0,1154
EURUSD,EURUSD,2026-09-29T19:57:11.475915+00:00,1790558516,1790558516276,1.13819,1.13832,0.0,0.0,0.0,1154
EURUSD,EURUSD,2026-09-29T19:57:11.475915+00:00,1790558516,1790558516979,1.1381999999999999,1.13832,0.0,0.0,0.0,1154
EURUSD,EURUSD,2026-09-29T19:57:11.475915+00:00,1790558519,1790558519998,1.1381999999999999,1.13833,0.0,0.0,0.0,1028
EURUSD,EURUSD,2026-09-29T19:57:11.475915+00:00,1790558520,1790558520906,1.1381999999999999,1.13833,0.0,0.0,0.0,1154
EURUSD,EURUSD,2026-09-29T19:57:11.475915+00:00,1790558521,1790558521308,1.13821,1.13834,0.0,0.0,0.0,1158
EURUSD,EURUSD,2026-09-29T19:57:11.475915+00:00,1790558524,1790558524729,1.1381999999999999,1.13834,0.0,0.0,0.0,1154
EURUSD,EURUSD,2026-09-29T19:57:11.475915+00:00,1790558525,1790558525132,1.13821,1.13836,0.0,0.0,0.0,1158
EURUSD,EURUSD,2026-09-29T19:57:11.475915+00:00,1790558530,1790558530264,1.13821,1.13834,0.0,0.0,0.0,1028
EURUSD,EURUSD,2026-09-29T19:57:11.475915+00:00,1790558531,1790558531270,1.13821,1.13835,0.0,0.0,0.0,1028
EURUSD,EURUSD,2026-09-29T19:57:11.475915+00:00,1790558536,1790558536705,1.13819,1.13835,0.0,0.0,0.0,1154
EURUSD,EURUSD,2026-09-29T19:57:11.475915+00:00,1790558537,1790558537106,1.13819,1.13834,0.0,0.0,0.0,1028
EURUSD,EURUSD,2026-09-29T19:57:11.475915+00:00,1790558540,1790558540024,1.13819,1.13833,0.0,0.0,0.0,1028
EURUSD,EURUSD,2026-09-29T19:57:11.475915+00:00,1790558540,1790558540427,1.1381999999999999,1.13833,0.0,0.0,0.0,1154
EURUSD,EURUSD,2026-09-29T19:57:11.475915+00:00,1790558543,1790558543044,1.1381999999999999,1.13834,0.0,0.0,0.0,1028
EURUSD,EURUSD,2026-09-29T19:57:11.475915+00:00,1790558550,1790558550994,1.1381999999999999,1.13833,0.0,0.0,0.0,1028
EURUSD,EURUSD,2026-09-29T19:57:11.475915+00:00,1790558560,1790558560457,1.13821,1.13833,0.0,0.0,0.0,1154
EURUSD,EURUSD,2026-09-29T19:57:11.475915+00:00,1790558560,1790558560859,1.1381999999999999,1.13833,0.0,0.0,0.0,1154
EURUSD,EURUSD,2026-09-29T19:57:11.475915+00:00,1790558562,1790558562672,1.13821,1.13833,0.0,0.0,0.0,1154
EURUSD,EURUSD,2026-09-29T19:57:11.475915+00:00,1790558563,1790558563075,1.13818,1.13833,0.0,0.0,0.0,1154
EURUSD,EURUSD,2026-09-29T19:57:11.475915+00:00,1790558566,1790558566497,1.1381999999999999,1.13833,0.0,0.0,0.0,1154
EURUSD,EURUSD,2026-09-29T19:57:11.475915+00:00,1790558566,1790558566899,1.1381999999999999,1.13835,0.0,0.0,0.0,1028
EURUSD,EURUSD,2026-09-29T19:57:11.475915+00:00,1790558577,1790558577068,1.13818,1.13836,0.0,0.0,0.0,1158
EURUSD,EURUSD,2026-09-29T19:57:11.475915+00:00,1790558580,1790558580511,1.13818,1.13836,0.0,0.0,0.0,1154
EURUSD,EURUSD,2026-09-29T19:57:11.475915+00:00,1790558581,1790558581117,1.1381999999999999,1.13839,0.0,0.0,0.0,1158
EURUSD,EURUSD,2026-09-29T19:57:11.475915+00:00,1790558592,1790558592363,1.1381999999999999,1.13833,0.0,0.0,0.0,1028
EURUSD,EURUSD,2026-09-29T19:57:11.475915+00:00,1790558597,1790558597497,1.13819,1.13833,0.0,0.0,0.0,1154
EURUSD,EURUSD,2026-09-29T19:57:11.475915+00:00,1790558598,1790558598000,1.1381999999999999,1.13833,0.0,0.0,0.0,1154
EURUSD,EURUSD,2026-09-29T19:57:11.475915+00:00,1790558598,1790558598705,1.13819,1.13833,0.0,0.0,0.0,1154
EURUSD,EURUSD,2026-09-29T19:57:11.475915+00:00,1790558600,1790558600922,1.13821,1.13833,0.0,0.0,0.0,1154
EURUSD,EURUSD,2026-09-29T19:57:11.475915+00:00,1790558601,1790558601325,1.1381999999999999,1.13834,0.0,0.0,0.0,1158
EURUSD,EURUSD,2026-09-29T19:57:11.475915+00:00,1790558604,1790558604246,1.13821,1.13834,0.0,0.0,0.0,1154
EURUSD,EURUSD,2026-09-29T19:57:11.475915+00:00,1790558604,1790558604649,1.1381999999999999,1.13834,0.0,0.0,0.0,1154
EURUSD,EURUSD,2026-09-29T19:57:11.475915+00:00,1790558607,1790558607771,1.13821,1.13834,0.0,0.0,0.0,1154
EURUSD,EURUSD,2026-09-29T19:57:11.475915+00:00,1790558609,1790558609481,1.1381999999999999,1.13834,0.0,0.0,0.0,1154
EURUSD,EURUSD,2026-09-29T19:57:11.475915+00:00,1790558610,1790558610889,1.13821,1.13834,0.0,0.0,0.0,1154
EURUSD,EURUSD,2026-09-29T19:57:11.475915+00:00,1790558615,1790558615219,1.1381999999999999,1.13834,0.0,0.0,0.0,1154
EURUSD,EURUSD,2026-09-29T19:57:11.475915+00:00,1790558617,1790558617132,1.13821,1.13834,0.0,0.0,0.0,1154
EURUSD,EURUSD,2026-09-29T19:57:11.475915+00:00,1790558619,1790558619649,1.1381999999999999,1.13834,0.0,0.0,0.0,1154
EURUSD,EURUSD,2026-09-29T19:57:11.475915+00:00,1790558622,1790558622064,1.13821,1.13834,0.0,0.0,0.0,1154
EURUSD,EURUSD,2026-09-29T19:57:11.475915+00:00,1790558623,1790558623070,1.1381999999999999,1.13834,0.0,0.0,0.0,1154
EURUSD,EURUSD,2026-09-29T19:57:11.475915+00:00,1790558624,1790558624781,1.13821,1.13834,0.0,0.0,0.0,1154
EURUSD,EURUSD,2026-09-29T19:57:11.475915+00:00,1790558625,1790558625184,1.13821,1.13836,0.0,0.0,0.0,1028
EURUSD,EURUSD,2026-09-29T19:57:11.475915+00:00,1790558631,1790558631120,1.1381999999999999,1.13836,0.0,0.0,0.0,1154
EURUSD,EURUSD,2026-09-29T19:57:11.475915+00:00,1790558631,1790558631523,1.13821,1.13837,0.0,0.0,0.0,1158
EURUSD,EURUSD,2026-09-29T19:57:11.475915+00:00,1790558632,1790558632932,1.1381999999999999,1.13835,0.0,0.0,0.0,1158
EURUSD,EURUSD,2026-09-29T19:57:11.475915+00:00,1790558634,1790558634040,1.13822,1.13837,0.0,0.0,0.0,1158
EURUSD,EURUSD,2026-09-29T19:57:11.475915+00:00,1790558635,1790558635852,1.13823,1.13837,0.0,0.0,0.0,1154
EURUSD,EURUSD,2026-09-29T19:57:11.475915+00:00,1790558636,1790558636254,1.13823,1.13839,0.0,0.0,0.0,1028
EURUSD,EURUSD,2026-09-29T19:57:11.475915+00:00,1790558640,1790558640380,1.13822,1.13839,0.0,0.0,0.0,1154
EURUSD,EURUSD,2026-09-29T19:57:11.475915+00:00,1790558677,1790558677724,1.13821,1.13837,0.0,0.0,0.0,1158
EURUSD,EURUSD,2026-09-29T19:57:11.475915+00:00,1790558679,1790558679637,1.13819,1.13835,0.0,0.0,0.0,1158
EURUSD,EURUSD,2026-09-29T19:57:11.475915+00:00,1790558682,1790558682656,1.1381999999999999,1.13835,0.0,0.0,0.0,1154
EURUSD,EURUSD,2026-09-29T19:57:11.475915+00:00,1790558683,1790558683059,1.13821,1.13836,0.0,0.0,0.0,1158
EURUSD,EURUSD,2026-09-29T19:57:11.475915+00:00,1790558686,1790558686984,1.13821,1.13837,0.0,0.0,0.0,1028
EURUSD,EURUSD,2026-09-29T19:57:11.475915+00:00,1790558689,1790558689601,1.1381999999999999,1.13837,0.0,0.0,0.0,1154
EURUSD,EURUSD,2026-09-29T19:57:11.475915+00:00,1790558690,1790558690004,1.13821,1.13837,0.0,0.0,0.0,1154
EURUSD,EURUSD,2026-09-29T19:57:11.475915+00:00,1790558690,1790558690406,1.13821,1.13836,0.0,0.0,0.0,1028
EURUSD,EURUSD,2026-09-29T19:57:11.475915+00:00,1790558694,1790558694029,1.13821,1.13837,0.0,0.0,0.0,1028
EURUSD,EURUSD,2026-09-29T19:57:11.475915+00:00,1790558702,1790558702080,1.13821,1.13836,0.0,0.0,0.0,1158
EURUSD,EURUSD,2026-09-29T19:57:11.475915+00:00,1790558705,1790558705603,1.13822,1.13836,0.0,0.0,0.0,1154
EURUSD,EURUSD,2026-09-29T19:57:11.475915+00:00,1790558706,1790558706006,1.13822,1.13837,0.0,0.0,0.0,1028
EURUSD,EURUSD,2026-09-29T19:57:11.475915+00:00,1790558706,1790558706409,1.13821,1.13837,0.0,0.0,0.0,1154
EURUSD,EURUSD,2026-09-29T19:57:11.475915+00:00,1790558710,1790558710535,1.13821,1.13836,0.0,0.0,0.0,1028
EURUSD,EURUSD,2026-09-29T19:57:11.475915+00:00,1790558712,1790558712852,1.13822,1.13836,0.0,0.0,0.0,1154
EURUSD,EURUSD,2026-09-29T19:57:11.475915+00:00,1790558713,1790558713757,1.13821,1.13836,0.0,0.0,0.0,1154
EURUSD,EURUSD,2026-09-29T19:57:11.475915+00:00,1790558723,1790558723019,1.13822,1.13836,0.0,0.0,0.0,1154
EURUSD,EURUSD,2026-09-29T19:57:11.475915+00:00,1790558724,1790558724830,1.13821,1.13836,0.0,0.0,0.0,1154
EURUSD,EURUSD,2026-09-29T19:57:11.475915+00:00,1790558729,1790558729257,1.13819,1.13835,0.0,0.0,0.0,1158
EURUSD,EURUSD,2026-09-29T19:57:11.475915+00:00,1790558746,1790558746751,1.1381999999999999,1.13838,0.0,0.0,0.0,1158
EURUSD,EURUSD,2026-09-29T19:57:11.475915+00:00,1790558757,1790558757074,1.1381999999999999,1.13839,0.0,0.0,0.0,1028
EURUSD,EURUSD,2026-09-29T19:57:11.475915+00:00,1790558757,1790558757538,1.1381999999999999,1.13835,0.0,0.0,0.0,1028
EURUSD,EURUSD,2026-09-29T19:57:11.475915+00:00,1790558758,1790558758142,1.1381999999999999,1.13836,0.0,0.0,0.0,1028
EURUSD,EURUSD,2026-09-29T19:57:11.475915+00:00,1790558759,1790558759048,1.13822,1.13836,0.0,0.0,0.0,1154
EURUSD,EURUSD,2026-09-29T19:57:11.475915+00:00,1790558760,1790558760255,1.13823,1.13836,0.0,0.0,0.0,1154
EURUSD,EURUSD,2026-09-29T19:57:11.475915+00:00,1790558760,1790558760658,1.13824,1.13839,0.0,0.0,0.0,1158
EURUSD,EURUSD,2026-09-29T19:57:11.475915+00:00,1790558763,1790558763376,1.13822,1.13837,0.0,0.0,0.0,1158
EURUSD,EURUSD,2026-09-29T19:57:11.475915+00:00,1790558763,1790558763780,1.13823,1.13837,0.0,0.0,0.0,1154
EURUSD,EURUSD,2026-09-29T19:57:11.475915+00:00,1790558764,1790558764183,1.13823,1.13838,0.0,0.0,0.0,1028
EURUSD,EURUSD,2026-09-29T19:57:11.475915+00:00,1790558767,1790558767606,1.13824,1.13838,0.0,0.0,0.0,1154
EURUSD,EURUSD,2026-09-29T19:57:11.475915+00:00,1790558770,1790558770952,1.13823,1.13838,0.0,0.0,0.0,1154
GBPUSD,GBPUSD,2026-09-29T19:57:11.475915+00:00,1790553602,1790553602342,1.31863,1.32764,0.0,0.0,0.0,1158
GBPUSD,GBPUSD,2026-09-29T19:57:11.475915+00:00,1790553602,1790553602744,1.31914,1.32735,0.0,0.0,0.0,1158
GBPUSD,GBPUSD,2026-09-29T19:57:11.475915+00:00,1790553606,1790553606167,1.31916,1.32734,0.0,0.0,0.0,1158
GBPUSD,GBPUSD,2026-09-29T19:57:11.475915+00:00,1790553607,1790553607577,1.3179,1.32785,0.0,0.0,0.0,1158
GBPUSD,GBPUSD,2026-09-29T19:57:11.475915+00:00,1790553608,1790553608583,1.31861,1.32765,0.0,0.0,0.0,1158
GBPUSD,GBPUSD,2026-09-29T19:57:11.475915+00:00,1790553611,1790553611200,1.31915,1.32735,0.0,0.0,0.0,1158
GBPUSD,GBPUSD,2026-09-29T19:57:11.475915+00:00,1790553612,1790553612609,1.31781,1.32776,0.0,0.0,0.0,1158
GBPUSD,GBPUSD,2026-09-29T19:57:11.475915+00:00,1790553613,1790553613616,1.31853,1.32758,0.0,0.0,0.0,1158
GBPUSD,GBPUSD,2026-09-29T19:57:11.475915+00:00,1790553616,1790553616134,1.31906,1.32729,0.0,0.0,0.0,1158
GBPUSD,GBPUSD,2026-09-29T19:57:11.475915+00:00,1790553617,1790553617641,1.32001,1.3255,0.0,0.0,0.0,1158
GBPUSD,GBPUSD,2026-09-29T19:57:11.475915+00:00,1790553618,1790553618145,1.32009,1.32542,0.0,0.0,0.0,1158
GBPUSD,GBPUSD,2026-09-29T19:57:11.475915+00:00,1790553618,1790553618849,1.32015,1.3253599999999999,0.0,0.0,0.0,1158
GBPUSD,GBPUSD,2026-09-29T19:57:11.475915+00:00,1790553619,1790553619354,1.32085,1.32582,0.0,0.0,0.0,1158
GBPUSD,GBPUSD,2026-09-29T19:57:11.475915+00:00,1790553620,1790553620160,1.32001,1.3255,0.0,0.0,0.0,1158
GBPUSD,GBPUSD,2026-09-29T19:57:11.475915+00:00,1790553621,1790553621167,1.32085,1.32581,0.0,0.0,0.0,1158
GBPUSD,GBPUSD,2026-09-29T19:57:11.475915+00:00,1790553622,1790553622173,1.32001,1.3255,0.0,0.0,0.0,1158
GBPUSD,GBPUSD,2026-09-29T19:57:11.475915+00:00,1790553623,1790553623180,1.3202099999999999,1.3253,0.0,0.0,0.0,1158
GBPUSD,GBPUSD,2026-09-29T19:57:11.475915+00:00,1790553624,1790553624187,1.32085,1.32581,0.0,0.0,0.0,1158
GBPUSD,GBPUSD,2026-09-29T19:57:11.475915+00:00,1790553624,1790553624892,1.32091,1.32576,0.0,0.0,0.0,1158
GBPUSD,GBPUSD,2026-09-29T19:57:11.475915+00:00,1790553625,1790553625294,1.32001,1.3255,0.0,0.0,0.0,1158
GBPUSD,GBPUSD,2026-09-29T19:57:11.475915+00:00,1790553626,1790553626199,1.32091,1.32575,0.0,0.0,0.0,1158
GBPUSD,GBPUSD,2026-09-29T19:57:11.475915+00:00,1790553626,1790553626604,1.32097,1.32569,0.0,0.0,0.0,1158
GBPUSD,GBPUSD,2026-09-29T19:57:11.475915+00:00,1790553627,1790553627208,1.31973,1.32577,0.0,0.0,0.0,1158
GBPUSD,GBPUSD,2026-09-29T19:57:11.475915+00:00,1790553627,1790553627610,1.32001,1.3255,0.0,0.0,0.0,1158
GBPUSD,GBPUSD,2026-09-29T19:57:11.475915+00:00,1790553628,1790553628113,1.32091,1.32576,0.0,0.0,0.0,1158
GBPUSD,GBPUSD,2026-09-29T19:57:11.475915+00:00,1790553629,1790553629120,1.32001,1.3255,0.0,0.0,0.0,1158
GBPUSD,GBPUSD,2026-09-29T19:57:11.475915+00:00,1790553629,1790553629624,1.32091,1.32575,0.0,0.0,0.0,1158
GBPUSD,GBPUSD,2026-09-29T19:57:11.475915+00:00,1790553630,1790553630128,1.32001,1.3255,0.0,0.0,0.0,1158
GBPUSD,GBPUSD,2026-09-29T19:57:11.475915+00:00,1790553632,1790553632141,1.32091,1.32575,0.0,0.0,0.0,1158
GBPUSD,GBPUSD,2026-09-29T19:57:11.475915+00:00,1790553633,1790553633148,1.32001,1.3255,0.0,0.0,0.0,1158
GBPUSD,GBPUSD,2026-09-29T19:57:11.475915+00:00,1790553633,1790553633550,1.32268,1.32338,0.0,0.0,0.0,1158
GBPUSD,GBPUSD,2026-09-29T19:57:11.475915+00:00,1790553634,1790553634154,1.32252,1.32338,0.0,0.0,0.0,1154
GBPUSD,GBPUSD,2026-09-29T19:57:11.475915+00:00,1790553634,1790553634556,1.32272,1.32338,0.0,0.0,0.0,1154
GBPUSD,GBPUSD,2026-09-29T19:57:11.475915+00:00,1790553635,1790553635160,1.32253,1.32338,0.0,0.0,0.0,1154
GBPUSD,GBPUSD,2026-09-29T19:57:11.475915+00:00,1790553635,1790553635563,1.32253,1.32298,0.0,0.0,0.0,1028
GBPUSD,GBPUSD,2026-09-29T19:57:11.475915+00:00,1790553637,1790553637173,1.32276,1.32298,0.0,0.0,0.0,1154
GBPUSD,GBPUSD,2026-09-29T19:57:11.475915+00:00,1790553637,1790553637575,1.32276,1.32338,0.0,0.0,0.0,1028
GBPUSD,GBPUSD,2026-09-29T19:57:11.475915+00:00,1790553638,1790553638179,1.32254,1.32338,0.0,0.0,0.0,1154
GBPUSD,GBPUSD,2026-09-29T19:57:11.475915+00:00,1790553638,1790553638581,1.32281,1.32338,0.0,0.0,0.0,1154
GBPUSD,GBPUSD,2026-09-29T19:57:11.475915+00:00,1790553639,1790553639185,1.3225500000000001,1.32338,0.0,0.0,0.0,1154
GBPUSD,GBPUSD,2026-09-29T19:57:11.475915+00:00,1790553639,1790553639691,1.32285,1.32338,0.0,0.0,0.0,1154
GBPUSD,GBPUSD,2026-09-29T19:57:11.475915+00:00,1790553640,1790553640194,1.3225500000000001,1.32338,0.0,0.0,0.0,1154
GBPUSD,GBPUSD,2026-09-29T19:57:11.475915+00:00,1790553640,1790553640698,1.3225500000000001,1.32301,0.0,0.0,0.0,1028
GBPUSD,GBPUSD,2026-09-29T19:57:11.475915+00:00,1790553642,1790553642207,1.3225500000000001,1.32338,0.0,0.0,0.0,1028
GBPUSD,GBPUSD,2026-09-29T19:57:11.475915+00:00,1790553642,1790553642610,1.32288,1.32338,0.0,0.0,0.0,1154
GBPUSD,GBPUSD,2026-09-29T19:57:11.475915+00:00,1790553643,1790553643214,1.32256,1.32338,0.0,0.0,0.0,1154
GBPUSD,GBPUSD,2026-09-29T19:57:11.475915+00:00,1790553643,1790553643616,1.32256,1.32301,0.0,0.0,0.0,1028
GBPUSD,GBPUSD,2026-09-29T19:57:11.475915+00:00,1790553645,1790553645227,1.32256,1.32338,0.0,0.0,0.0,1028
GBPUSD,GBPUSD,2026-09-29T19:57:11.475915+00:00,1790553645,1790553645630,1.32291,1.32338,0.0,0.0,0.0,1154
GBPUSD,GBPUSD,2026-09-29T19:57:11.475915+00:00,1790553660,1790553660134,1.32282,1.3235700000000001,0.0,0.0,0.0,134
GBPUSD,GBPUSD,2026-09-29T19:57:11.475915+00:00,1790553670,1790553670039,1.32283,1.3235700000000001,0.0,0.0,0.0,130
GBPUSD,GBPUSD,2026-09-29T19:57:11.475915+00:00,1790553690,1790553690062,1.32284,1.3235700000000001,0.0,0.0,0.0,130
GBPUSD,GBPUSD,2026-09-29T19:57:11.475915+00:00,1790553700,1790553700179,1.32285,1.3235700000000001,0.0,0.0,0.0,130
GBPUSD,GBPUSD,2026-09-29T19:57:11.475915+00:00,1790553710,1790553710092,1.32285,1.32356,0.0,0.0,0.0,4
GBPUSD,GBPUSD,2026-09-29T19:57:11.475915+00:00,1790553720,1790553720195,1.32286,1.32356,0.0,0.0,0.0,130
GBPUSD,GBPUSD,2026-09-29T19:57:11.475915+00:00,1790553720,1790553720399,1.32293,1.32356,0.0,0.0,0.0,130
GBPUSD,GBPUSD,2026-09-29T19:57:11.475915+00:00,1790553730,1790553730103,1.32294,1.32356,0.0,0.0,0.0,130
GBPUSD,GBPUSD,2026-09-29T19:57:11.475915+00:00,1790553745,1790553745371,1.32297,1.32338,0.0,0.0,0.0,1158
GBPUSD,GBPUSD,2026-09-29T19:57:11.475915+00:00,1790553747,1790553747383,1.3231,1.32338,0.0,0.0,0.0,1154
GBPUSD,GBPUSD,2026-09-29T19:57:11.475915+00:00,1790553747,1790553747887,1.3231,1.32358,0.0,0.0,0.0,1028
GBPUSD,GBPUSD,2026-09-29T19:57:11.475915+00:00,1790553760,1790553760039,1.32295,1.32356,0.0,0.0,0.0,134
GBPUSD,GBPUSD,2026-09-29T19:57:11.475915+00:00,1790553780,1790553780046,1.32295,1.32356,0.0,0.0,0.0,130
GBPUSD,GBPUSD,2026-09-29T19:57:11.475915+00:00,1790553800,1790553800067,1.3229600000000001,1.32356,0.0,0.0,0.0,130
GBPUSD,GBPUSD,2026-09-29T19:57:11.475915+00:00,1790553806,1790553806135,1.32298,1.3235700000000001,0.0,0.0,0.0,134
GBPUSD,GBPUSD,2026-09-29T19:57:11.475915+00:00,1790553806,1790553806541,1.323,1.32358,0.0,0.0,0.0,134
GBPUSD,GBPUSD,2026-09-29T19:57:11.475915+00:00,1790553809,1790553809168,1.32298,1.3235700000000001,0.0,0.0,0.0,134
GBPUSD,GBPUSD,2026-09-29T19:57:11.475915+00:00,1790553809,1790553809370,1.32298,1.32358,0.0,0.0,0.0,4
GBPUSD,GBPUSD,2026-09-29T19:57:11.475915+00:00,1790553809,1790553809572,1.323,1.32358,0.0,0.0,0.0,130
GBPUSD,GBPUSD,2026-09-29T19:57:11.475915+00:00,1790553812,1790553812002,1.32298,1.3235700000000001,0.0,0.0,0.0,134
GBPUSD,GBPUSD,2026-09-29T19:57:11.475915+00:00,1790553812,1790553812812,1.323,1.32358,0.0,0.0,0.0,134
GBPUSD,GBPUSD,2026-09-29T19:57:11.475915+00:00,1790553820,1790553820097,1.32301,1.32358,0.0,0.0,0.0,130
GBPUSD,GBPUSD,2026-09-29T19:57:11.475915+00:00,1790553840,1790553840141,1.32301,1.32358,0.0,0.0,0.0,130
GBPUSD,GBPUSD,2026-09-29T19:57:11.475915+00:00,1790553870,1790553870086,1.32301,1.3235700000000001,0.0,0.0,0.0,4
GBPUSD,GBPUSD,2026-09-29T19:57:11.475915+00:00,1790553880,1790553880197,1.32302,1.3235700000000001,0.0,0.0,0.0,130
GBPUSD,GBPUSD,2026-09-29T19:57:11.475915+00:00,1790553900,1790553900025,1.32302,1.3235700000000001,0.0,0.0,0.0,130
GBPUSD,GBPUSD,2026-09-29T19:57:11.475915+00:00,1790553900,1790553900233,1.32303,1.32358,0.0,0.0,0.0,134
GBPUSD,GBPUSD,2026-09-29T19:57:11.475915+00:00,1790553900,1790553900834,1.32302,1.3235700000000001,0.0,0.0,0.0,134
GBPUSD,GBPUSD,2026-09-29T19:57:11.475915+00:00,1790553901,1790553901241,1.3231,1.32365,0.0,0.0,0.0,134
GBPUSD,GBPUSD,2026-09-29T19:57:11.475915+00:00,1790553901,1790553901443,1.32312,1.32369,0.0,0.0,0.0,134
GBPUSD,GBPUSD,2026-09-29T19:57:11.475915+00:00,1790553901,1790553901644,1.32318,1.3237700000000001,0.0,0.0,0.0,134
GBPUSD,GBPUSD,2026-09-29T19:57:11.475915+00:00,1790553913,1790553913570,1.3231600000000001,1.3237700000000001,0.0,0.0,0.0,130
GBPUSD,GBPUSD,2026-09-29T19:57:11.475915+00:00,1790553918,1790553918387,1.3219,1.32358,0.0,0.0,0.0,1158
GBPUSD,GBPUSD,2026-09-29T19:57:11.475915+00:00,1790553918,1790553918790,1.3225,1.3241800000000001,0.0,0.0,0.0,1158
GBPUSD,GBPUSD,2026-09-29T19:57:11.475915+00:00,1790553919,1790553919192,1.3219,1.32358,0.0,0.0,0.0,1158
GBPUSD,GBPUSD,2026-09-29T19:57:11.475915+00:00,1790553919,1790553919595,1.32193,1.32358,0.0,0.0,0.0,1154
GBPUSD,GBPUSD,2026-09-29T19:57:11.475915+00:00,1790553931,1790553931776,1.3222,1.32381,0.0,0.0,0.0,134
GBPUSD,GBPUSD,2026-09-29T19:57:11.475915+00:00,1790553937,1790553937034,1.32218,1.32379,0.0,0.0,0.0,134
GBPUSD,GBPUSD,2026-09-29T19:57:11.475915+00:00,1790553942,1790553942914,1.32217,1.32378,0.0,0.0,0.0,134
GBPUSD,GBPUSD,2026-09-29T19:57:11.475915+00:00,1790553961,1790553961345,1.32218,1.32379,0.0,0.0,0.0,134
GBPUSD,GBPUSD,2026-09-29T19:57:11.475915+00:00,1790553974,1790553974169,1.32193,1.32361,0.0,0.0,0.0,1158
GBPUSD,GBPUSD,2026-09-29T19:57:11.475915+00:00,1790553997,1790553997969,1.32214,1.32375,0.0,0.0,0.0,134
GBPUSD,GBPUSD,2026-09-29T19:57:11.475915+00:00,1790554011,1790554011326,1.32213,1.32374,0.0,0.0,0.0,134
GBPUSD,GBPUSD,2026-09-29T19:57:11.475915+00:00,1790554020,1790554020219,1.32214,1.32375,0.0,0.0,0.0,134
GBPUSD,GBPUSD,2026-09-29T19:57:11.475915+00:00,1790554029,1790554029125,1.32193,1.32358,0.0,0.0,0.0,1158
GBPUSD,GBPUSD,2026-09-29T19:57:11.475915+00:00,1790554029,1790554029628,1.32195,1.32358,0.0,0.0,0.0,1154
GBPUSD,GBPUSD,2026-09-29T19:57:11.475915+00:00,1790554052,1790554052970,1.32217,1.32378,0.0,0.0,0.0,134
GBPUSD,GBPUSD,2026-09-29T19:57:11.475915+00:00,1790554060,1790554060250,1.3225,1.32392,0.0,0.0,0.0,134
GBPUSD,GBPUSD,2026-09-29T19:57:11.475915+00:00,1790554060,1790554060326,1.3222,1.32358,0.0,0.0,0.0,1158
GBPUSD,GBPUSD,2026-09-29T19:57:11.475915+00:00,1790554060,1790554060728,1.3222,1.32383,0.0,0.0,0.0,1028
GBPUSD,GBPUSD,2026-09-29T19:57:11.475915+00:00,1790554065,1790554065056,1.32233,1.32383,0.0,0.0,0.0,1154
GBPUSD,GBPUSD,2026-09-29T19:57:11.475915+00:00,1790554065,1790554065458,1.32233,1.32396,0.0,0.0,0.0,1028
GBPUSD,GBPUSD,2026-09-29T19:57:11.475915+00:00,1790554079,1790554079869,1.32276,1.32399,0.0,0.0,0.0,134
GBPUSD,GBPUSD,2026-09-29T19:57:11.475915+00:00,1790554090,1790554090182,1.32276,1.32398,0.0,0.0,0.0,134
GBPUSD,GBPUSD,2026-09-29T19:57:11.475915+00:00,1790554100,1790554100093,1.32277,1.32398,0.0,0.0,0.0,130
GBPUSD,GBPUSD,2026-09-29T19:57:11.475915+00:00,1790554100,1790554100892,1.3225799999999999,1.32396,0.0,0.0,0.0,1158
GBPUSD,GBPUSD,2026-09-29T19:57:11.475915+00:00,1790554101,1790554101395,1.3225799999999999,1.32371,0.0,0.0,0.0,1028
GBPUSD,GBPUSD,2026-09-29T19:57:11.475915+00:00,1790554113,1790554113273,1.32266,1.32371,0.0,0.0,0.0,1154
GBPUSD,GBPUSD,2026-09-29T19:57:11.475915+00:00,1790554113,1790554113776,1.32266,1.32358,0.0,0.0,0.0,1028
GBPUSD,GBPUSD,2026-09-29T19:57:11.475915+00:00,1790554130,1790554130029,1.32279,1.32392,0.0,0.0,0.0,134
GBPUSD,GBPUSD,2026-09-29T19:57:11.475915+00:00,1790554143,1790554143182,1.32277,1.32397,0.0,0.0,0.0,134
GBPUSD,GBPUSD,2026-09-29T19:57:11.475915+00:00,1790554148,1790554148641,1.32277,1.3238699999999999,0.0,0.0,0.0,4
GBPUSD,GBPUSD,2026-09-29T19:57:11.475915+00:00,1790554161,1790554161284,1.32266,1.32343,0.0,0.0,0.0,1158
GBPUSD,GBPUSD,2026-09-29T19:57:11.475915+00:00,1790554168,1790554168232,1.32263,1.32343,0.0,0.0,0.0,1154
GBPUSD,GBPUSD,2026-09-29T19:57:11.475915+00:00,1790554180,1790554180184,1.32279,1.3238699999999999,0.0,0.0,0.0,134
GBPUSD,GBPUSD,2026-09-29T19:57:11.475915+00:00,1790554200,1790554200415,1.3228,1.3238699999999999,0.0,0.0,0.0,130
GBPUSD,GBPUSD,2026-09-29T19:57:11.475915+00:00,1790554201,1790554201422,1.32279,1.3238699999999999,0.0,0.0,0.0,130
GBPUSD,GBPUSD,2026-09-29T19:57:11.475915+00:00,1790554216,1790554216180,1.32278,1.32389,0.0,0.0,0.0,134
GBPUSD,GBPUSD,2026-09-29T19:57:11.475915+00:00,1790554220,1790554220020,1.32278,1.32388,0.0,0.0,0.0,4
GBPUSD,GBPUSD,2026-09-29T19:57:11.475915+00:00,1790554223,1790554223286,1.3226200000000001,1.32343,0.0,0.0,0.0,1158
GBPUSD,GBPUSD,2026-09-29T19:57:11.475915+00:00,1790554264,1790554264105,1.32278,1.32388,0.0,0.0,0.0,134
GBPUSD,GBPUSD,2026-09-29T19:57:11.475915+00:00,1790554266,1790554266663,1.32266,1.32343,0.0,0.0,0.0,1158
GBPUSD,GBPUSD,2026-09-29T19:57:11.475915+00:00,1790554289,1790554289914,1.3227,1.32343,0.0,0.0,0.0,1154
GBPUSD,GBPUSD,2026-09-29T19:57:11.475915+00:00,1790554327,1790554327430,1.32275,1.3239,0.0,0.0,0.0,134
GBPUSD,GBPUSD,2026-09-29T19:57:11.475915+00:00,1790554359,1790554359397,1.32294,1.32381,0.0,0.0,0.0,134
GBPUSD,GBPUSD,2026-09-29T19:57:11.475915+00:00,1790554359,1790554359461,1.32295,1.32343,0.0,0.0,0.0,1158
GBPUSD,GBPUSD,2026-09-29T19:57:11.475915+00:00,1790554359,1790554359864,1.32294,1.32343,0.0,0.0,0.0,1154
GBPUSD,GBPUSD,2026-09-29T19:57:11.475915+00:00,1790554362,1790554362782,1.3227,1.32343,0.0,0.0,0.0,1154
GBPUSD,GBPUSD,2026-09-29T19:57:11.475915+00:00,1790554363,1790554363184,1.3229,1.32343,0.0,0.0,0.0,1154
GBPUSD,GBPUSD,2026-09-29T19:57:11.475915+00:00,1790554366,1790554366306,1.32271,1.32343,0.0,0.0,0.0,1154
GBPUSD,GBPUSD,2026-09-29T19:57:11.475915+00:00,1790554366,1790554366708,1.32288,1.32343,0.0,0.0,0.0,1154
GBPUSD,GBPUSD,2026-09-29T19:57:11.475915+00:00,1790554369,1790554369828,1.32272,1.32343,0.0,0.0,0.0,1154
GBPUSD,GBPUSD,2026-09-29T19:57:11.475915+00:00,1790554370,1790554370332,1.32279,1.32343,0.0,0.0,0.0,1154
GBPUSD,GBPUSD,2026-09-29T19:57:11.475915+00:00,1790554372,1790554372547,1.3228,1.32343,0.0,0.0,0.0,1154
GBPUSD,GBPUSD,2026-09-29T19:57:11.475915+00:00,1790554383,1790554383083,1.32285,1.3238400000000001,0.0,0.0,0.0,134
GBPUSD,GBPUSD,2026-09-29T19:57:11.475915+00:00,1790554410,1790554410193,1.32285,1.32383,0.0,0.0,0.0,4
GBPUSD,GBPUSD,2026-09-29T19:57:11.475915+00:00,1790554411,1790554411811,1.32284,1.32383,0.0,0.0,0.0,130
GBPUSD,GBPUSD,2026-09-29T19:57:11.475915+00:00,1790554441,1790554441144,1.32284,1.32386,0.0,0.0,0.0,134
GBPUSD,GBPUSD,2026-09-29T19:57:11.475915+00:00,1790554463,1790554463134,1.32281,1.32343,0.0,0.0,0.0,1158
GBPUSD,GBPUSD,2026-09-29T19:57:11.475915+00:00,1790554463,1790554463939,1.3228,1.32343,0.0,0.0,0.0,1154
GBPUSD,GBPUSD,2026-09-29T19:57:11.475915+00:00,1790554484,1790554484221,1.32282,1.32383,0.0,0.0,0.0,134
GBPUSD,GBPUSD,2026-09-29T19:57:11.475915+00:00,1790554500,1790554500572,1.3228,1.32343,0.0,0.0,0.0,1158
GBPUSD,GBPUSD,2026-09-29T19:57:11.475915+00:00,1790554509,1790554509129,1.32277,1.32343,0.0,0.0,0.0,1154
GBPUSD,GBPUSD,2026-09-29T19:57:11.475915+00:00,1790554509,1790554509631,1.32281,1.32343,0.0,0.0,0.0,1154
GBPUSD,GBPUSD,2026-09-29T19:57:11.475915+00:00,1790554523,1790554523523,1.32283,1.32343,0.0,0.0,0.0,1154
GBPUSD,GBPUSD,2026-09-29T19:57:11.475915+00:00,1790554523,1790554523926,1.32282,1.32343,0.0,0.0,0.0,1154
GBPUSD,GBPUSD,2026-09-29T19:57:11.475915+00:00,1790554552,1790554552363,1.32285,1.3238400000000001,0.0,0.0,0.0,134
GBPUSD,GBPUSD,2026-09-29T19:57:11.475915+00:00,1790554552,1790554552706,1.32283,1.32343,0.0,0.0,0.0,1158
GBPUSD,GBPUSD,2026-09-29T19:57:11.475915+00:00,1790554564,1790554564683,1.32282,1.32343,0.0,0.0,0.0,1154
GBPUSD,GBPUSD,2026-09-29T19:57:11.475915+00:00,1790554566,1790554566897,1.32284,1.32343,0.0,0.0,0.0,1154
GBPUSD,GBPUSD,2026-09-29T19:57:11.475915+00:00,1790554567,1790554567299,1.32288,1.32343,0.0,0.0,0.0,1154
GBPUSD,GBPUSD,2026-09-29T19:57:11.475915+00:00,1790554568,1790554568230,1.32282,1.32343,0.0,0.0,0.0,1154
GBPUSD,GBPUSD,2026-09-29T19:57:11.475915+00:00,1790554585,1790554585644,1.32277,1.32343,0.0,0.0,0.0,1154
GBPUSD,GBPUSD,2026-09-29T19:57:11.475915+00:00,1790554597,1790554597664,1.32278,1.32378,0.0,0.0,0.0,134
GBPUSD,GBPUSD,2026-09-29T19:57:11.475915+00:00,1790554616,1790554616642,1.32278,1.32343,0.0,0.0,0.0,1028
GBPUSD,GBPUSD,2026-09-29T19:57:11.475915+00:00,1790554620,1790554620266,1.32277,1.32343,0.0,0.0,0.0,1154
GBPUSD,GBPUSD,2026-09-29T19:57:11.475915+00:00,1790554621,1790554621474,1.32278,1.32343,0.0,0.0,0.0,1154
GBPUSD,GBPUSD,2026-09-29T19:57:11.475915+00:00,1790554629,1790554629222,1.32277,1.32343,0.0,0.0,0.0,1154
GBPUSD,GBPUSD,2026-09-29T19:57:11.475915+00:00,1790554635,1790554635863,1.32278,1.32343,0.0,0.0,0.0,1154
GBPUSD,GBPUSD,2026-09-29T19:57:11.475915+00:00,1790554639,1790554639787,1.32277,1.32343,0.0,0.0,0.0,1154
GBPUSD,GBPUSD,2026-09-29T19:57:11.475915+00:00,1790554641,1790554641297,1.32278,1.32343,0.0,0.0,0.0,1154
GBPUSD,GBPUSD,2026-09-29T19:57:11.475915+00:00,1790554646,1790554646030,1.32277,1.32343,0.0,0.0,0.0,1154
GBPUSD,GBPUSD,2026-09-29T19:57:11.475915+00:00,1790554647,1790554647237,1.32278,1.32343,0.0,0.0,0.0,1154
GBPUSD,GBPUSD,2026-09-29T19:57:11.475915+00:00,1790554670,1790554670100,1.32279,1.32376,0.0,0.0,0.0,134
GBPUSD,GBPUSD,2026-09-29T19:57:11.475915+00:00,1790554683,1790554683972,1.32279,1.32343,0.0,0.0,0.0,1158
GBPUSD,GBPUSD,2026-09-29T19:57:11.475915+00:00,1790554702,1790554702193,1.3228,1.32343,0.0,0.0,0.0,1154
GBPUSD,GBPUSD,2026-09-29T19:57:11.475915+00:00,1790554703,1790554703703,1.32279,1.32343,0.0,0.0,0.0,1154
GBPUSD,GBPUSD,2026-09-29T19:57:11.475915+00:00,1790554704,1790554704910,1.3228,1.32343,0.0,0.0,0.0,1154
GBPUSD,GBPUSD,2026-09-29T19:57:11.475915+00:00,1790554721,1790554721011,1.32278,1.32343,0.0,0.0,0.0,1154
GBPUSD,GBPUSD,2026-09-29T19:57:11.475915+00:00,1790554726,1790554726142,1.32279,1.32343,0.0,0.0,0.0,1154
GBPUSD,GBPUSD,2026-09-29T19:57:11.475915+00:00,1790554728,1790554728961,1.32273,1.32343,0.0,0.0,0.0,1154
GBPUSD,GBPUSD,2026-09-29T19:57:11.475915+00:00,1790554729,1790554729362,1.32279,1.32343,0.0,0.0,0.0,1154
GBPUSD,GBPUSD,2026-09-29T19:57:11.475915+00:00,1790554729,1790554729765,1.32277,1.32343,0.0,0.0,0.0,1154
GBPUSD,GBPUSD,2026-09-29T19:57:11.475915+00:00,1790554734,1790554734296,1.32275,1.32343,0.0,0.0,0.0,1154
GBPUSD,GBPUSD,2026-09-29T19:57:11.475915+00:00,1790554747,1790554747175,1.32276,1.32343,0.0,0.0,0.0,1158
GBPUSD,GBPUSD,2026-09-29T19:57:11.475915+00:00,1790554770,1790554770023,1.32281,1.32374,0.0,0.0,0.0,134
GBPUSD,GBPUSD,2026-09-29T19:57:11.475915+00:00,1790554809,1790554809879,1.32277,1.32343,0.0,0.0,0.0,1158
GBPUSD,GBPUSD,2026-09-29T19:57:11.475915+00:00,1790554910,1790554910630,1.32278,1.32343,0.0,0.0,0.0,1158
GBPUSD,GBPUSD,2026-09-29T19:57:11.475915+00:00,1790554913,1790554913951,1.32279,1.32343,0.0,0.0,0.0,1154
GBPUSD,GBPUSD,2026-09-29T19:57:11.475915+00:00,1790555100,1790555100650,1.32277,1.32383,0.0,0.0,0.0,134
GBPUSD,GBPUSD,2026-09-29T19:57:11.475915+00:00,1790555111,1790555111567,1.32277,1.32381,0.0,0.0,0.0,4
GBPUSD,GBPUSD,2026-09-29T19:57:11.475915+00:00,1790555173,1790555173073,1.32279,1.3237700000000001,0.0,0.0,0.0,134
GBPUSD,GBPUSD,2026-09-29T19:57:11.475915+00:00,1790555229,1790555229496,1.32279,1.3237700000000001,0.0,0.0,0.0,130
GBPUSD,GBPUSD,2026-09-29T19:57:11.475915+00:00,1790555239,1790555239613,1.32284,1.32375,0.0,0.0,0.0,134
GBPUSD,GBPUSD,2026-09-29T19:57:11.475915+00:00,1790555239,1790555239664,1.3228,1.32343,0.0,0.0,0.0,1158
GBPUSD,GBPUSD,2026-09-29T19:57:11.475915+00:00,1790555240,1790555240067,1.32284,1.32343,0.0,0.0,0.0,1154
GBPUSD,GBPUSD,2026-09-29T19:57:11.475915+00:00,1790555244,1790555244293,1.32285,1.32343,0.0,0.0,0.0,1154
GBPUSD,GBPUSD,2026-09-29T19:57:11.475915+00:00,1790555244,1790555244696,1.32284,1.32343,0.0,0.0,0.0,1154
GBPUSD,GBPUSD,2026-09-29T19:57:11.475915+00:00,1790555258,1790555258383,1.32283,1.32343,0.0,0.0,0.0,1154
GBPUSD,GBPUSD,2026-09-29T19:57:11.475915+00:00,1790555270,1790555270729,1.3228,1.32381,0.0,0.0,0.0,134
GBPUSD,GBPUSD,2026-09-29T19:57:11.475915+00:00,1790555274,1790555274586,1.32282,1.32343,0.0,0.0,0.0,1158
GBPUSD,GBPUSD,2026-09-29T19:57:11.475915+00:00,1790555283,1790555283946,1.3227,1.32343,0.0,0.0,0.0,1154
GBPUSD,GBPUSD,2026-09-29T19:57:11.475915+00:00,1790555284,1790555284349,1.32282,1.32343,0.0,0.0,0.0,1154
GBPUSD,GBPUSD,2026-09-29T19:57:11.475915+00:00,1790555301,1790555301251,1.3228,1.3238400000000001,0.0,0.0,0.0,134
GBPUSD,GBPUSD,2026-09-29T19:57:11.475915+00:00,1790555306,1790555306103,1.32279,1.3238400000000001,0.0,0.0,0.0,130
GBPUSD,GBPUSD,2026-09-29T19:57:11.475915+00:00,1790555310,1790555310817,1.32281,1.32343,0.0,0.0,0.0,1158
GBPUSD,GBPUSD,2026-09-29T19:57:11.475915+00:00,1790555327,1790555327525,1.32282,1.32343,0.0,0.0,0.0,1154
GBPUSD,GBPUSD,2026-09-29T19:57:11.475915+00:00,1790555327,1790555327928,1.32281,1.32343,0.0,0.0,0.0,1154
GBPUSD,GBPUSD,2026-09-29T19:57:11.475915+00:00,1790555343,1790555343931,1.32276,1.32343,0.0,0.0,0.0,1154
GBPUSD,GBPUSD,2026-09-29T19:57:11.475915+00:00,1790555344,1790555344334,1.32281,1.32343,0.0,0.0,0.0,1154
GBPUSD,GBPUSD,2026-09-29T19:57:11.475915+00:00,1790555349,1790555349265,1.3228,1.32343,0.0,0.0,0.0,1154
GBPUSD,GBPUSD,2026-09-29T19:57:11.475915+00:00,1790555377,1790555377147,1.32279,1.32343,0.0,0.0,0.0,1158
GBPUSD,GBPUSD,2026-09-29T19:57:11.475915+00:00,1790555390,1790555390835,1.32277,1.32343,0.0,0.0,0.0,1154
GBPUSD,GBPUSD,2026-09-29T19:57:11.475915+00:00,1790555407,1790555407543,1.32275,1.32343,0.0,0.0,0.0,1154
GBPUSD,GBPUSD,2026-09-29T19:57:11.475915+00:00,1790555408,1790555408046,1.32276,1.32343,0.0,0.0,0.0,1154
GBPUSD,GBPUSD,2026-09-29T19:57:11.475915+00:00,1790555412,1790555412980,1.32275,1.32343,0.0,0.0,0.0,1154
GBPUSD,GBPUSD,2026-09-29T19:57:11.475915+00:00,1790555429,1790555429485,1.3227,1.32343,0.0,0.0,0.0,1154
GBPUSD,GBPUSD,2026-09-29T19:57:11.475915+00:00,1790555429,1790555429888,1.32277,1.32343,0.0,0.0,0.0,1154
GBPUSD,GBPUSD,2026-09-29T19:57:11.475915+00:00,1790555431,1790555431095,1.32278,1.32343,0.0,0.0,0.0,1154
GBPUSD,GBPUSD,2026-09-29T19:57:11.475915+00:00,1790555431,1790555431498,1.32279,1.32343,0.0,0.0,0.0,1154
GBPUSD,GBPUSD,2026-09-29T19:57:11.475915+00:00,1790555442,1790555442438,1.32282,1.32381,0.0,0.0,0.0,134
GBPUSD,GBPUSD,2026-09-29T19:57:11.475915+00:00,1790555442,1790555442468,1.32278,1.32343,0.0,0.0,0.0,1158
GBPUSD,GBPUSD,2026-09-29T19:57:11.475915+00:00,1790555442,1790555442871,1.32279,1.32343,0.0,0.0,0.0,1154
GBPUSD,GBPUSD,2026-09-29T19:57:11.475915+00:00,1790555444,1790555444481,1.3227,1.32343,0.0,0.0,0.0,1154
GBPUSD,GBPUSD,2026-09-29T19:57:11.475915+00:00,1790555444,1790555444884,1.32277,1.32343,0.0,0.0,0.0,1154
GBPUSD,GBPUSD,2026-09-29T19:57:11.475915+00:00,1790555445,1790555445487,1.3227,1.32343,0.0,0.0,0.0,1154
GBPUSD,GBPUSD,2026-09-29T19:57:11.475915+00:00,1790555445,1790555445890,1.32279,1.32343,0.0,0.0,0.0,1154
GBPUSD,GBPUSD,2026-09-29T19:57:11.475915+00:00,1790555463,1790555463101,1.32278,1.32343,0.0,0.0,0.0,1154
GBPUSD,GBPUSD,2026-09-29T19:57:11.475915+00:00,1790555486,1790555486654,1.32277,1.32343,0.0,0.0,0.0,1154
GBPUSD,GBPUSD,2026-09-29T19:57:11.475915+00:00,1790555494,1790555494404,1.32278,1.32343,0.0,0.0,0.0,1154
GBPUSD,GBPUSD,2026-09-29T19:57:11.475915+00:00,1790555501,1790555501851,1.32279,1.32343,0.0,0.0,0.0,1154
GBPUSD,GBPUSD,2026-09-29T19:57:11.475915+00:00,1790555542,1790555542608,1.32278,1.32343,0.0,0.0,0.0,1158
GBPUSD,GBPUSD,2026-09-29T19:57:11.475915+00:00,1790555543,1790555543010,1.32277,1.32343,0.0,0.0,0.0,1154
GBPUSD,GBPUSD,2026-09-29T19:57:11.475915+00:00,1790555548,1790555548747,1.32276,1.32343,0.0,0.0,0.0,1154
GBPUSD,GBPUSD,2026-09-29T19:57:11.475915+00:00,1790555555,1790555555994,1.32275,1.32343,0.0,0.0,0.0,1154
GBPUSD,GBPUSD,2026-09-29T19:57:11.475915+00:00,1790555615,1790555615988,1.32276,1.32343,0.0,0.0,0.0,1158
GBPUSD,GBPUSD,2026-09-29T19:57:11.475915+00:00,1790555651,1790555651320,1.32278,1.32343,0.0,0.0,0.0,1154
GBPUSD,GBPUSD,2026-09-29T19:57:11.475915+00:00,1790555651,1790555651722,1.32277,1.32343,0.0,0.0,0.0,1154
GBPUSD,GBPUSD,2026-09-29T19:57:11.475915+00:00,1790555685,1790555685325,1.32272,1.32395,0.0,0.0,0.0,134
GBPUSD,GBPUSD,2026-09-29T19:57:11.475915+00:00,1790555685,1790555685441,1.32278,1.32343,0.0,0.0,0.0,1158
GBPUSD,GBPUSD,2026-09-29T19:57:11.475915+00:00,1790555687,1790555687051,1.32279,1.32343,0.0,0.0,0.0,1154
GBPUSD,GBPUSD,2026-09-29T19:57:11.475915+00:00,1790555689,1790555689369,1.3227,1.32343,0.0,0.0,0.0,1154
GBPUSD,GBPUSD,2026-09-29T19:57:11.475915+00:00,1790555719,1790555719701,1.32281,1.3235999999999999,0.0,0.0,0.0,134
GBPUSD,GBPUSD,2026-09-29T19:57:11.475915+00:00,1790555727,1790555727782,1.32281,1.32358,0.0,0.0,0.0,4
GBPUSD,GBPUSD,2026-09-29T19:57:11.475915+00:00,1790555729,1790555729530,1.32276,1.32343,0.0,0.0,0.0,1158
GBPUSD,GBPUSD,2026-09-29T19:57:11.475915+00:00,1790555734,1790555734763,1.32278,1.32343,0.0,0.0,0.0,1154
GBPUSD,GBPUSD,2026-09-29T19:57:11.475915+00:00,1790555782,1790555782698,1.32274,1.32343,0.0,0.0,0.0,1154
GBPUSD,GBPUSD,2026-09-29T19:57:11.475915+00:00,1790555798,1790555798172,1.3228,1.32379,0.0,0.0,0.0,134
GBPUSD,GBPUSD,2026-09-29T19:57:11.475915+00:00,1790555822,1790555822252,1.32278,1.32343,0.0,0.0,0.0,1158
GBPUSD,GBPUSD,2026-09-29T19:57:11.475915+00:00,1790555822,1790555822655,1.32277,1.32343,0.0,0.0,0.0,1154
GBPUSD,GBPUSD,2026-09-29T19:57:11.475915+00:00,1790555834,1790555834331,1.32276,1.32343,0.0,0.0,0.0,1154
GBPUSD,GBPUSD,2026-09-29T19:57:11.475915+00:00,1790555851,1790555851748,1.32277,1.32343,0.0,0.0,0.0,1154
GBPUSD,GBPUSD,2026-09-29T19:57:11.475915+00:00,1790555852,1790555852251,1.32273,1.32343,0.0,0.0,0.0,1154
GBPUSD,GBPUSD,2026-09-29T19:57:11.475915+00:00,1790555862,1790555862518,1.32274,1.32343,0.0,0.0,0.0,1154
GBPUSD,GBPUSD,2026-09-29T19:57:11.475915+00:00,1790555878,1790555878450,1.32284,1.32385,0.0,0.0,0.0,134
GBPUSD,GBPUSD,2026-09-29T19:57:11.475915+00:00,1790555887,1790555887743,1.32313,1.32457,0.0,0.0,0.0,134
GBPUSD,GBPUSD,2026-09-29T19:57:11.475915+00:00,1790555887,1790555887944,1.32314,1.32373,0.0,0.0,0.0,134
GBPUSD,GBPUSD,2026-09-29T19:57:11.475915+00:00,1790555888,1790555888145,1.32314,1.32398,0.0,0.0,0.0,4
GBPUSD,GBPUSD,2026-09-29T19:57:11.475915+00:00,1790555888,1790555888348,1.32314,1.32399,0.0,0.0,0.0,4
GBPUSD,GBPUSD,2026-09-29T19:57:11.475915+00:00,1790555889,1790555889156,1.32311,1.32372,0.0,0.0,0.0,134
GBPUSD,GBPUSD,2026-09-29T19:57:11.475915+00:00,1790555890,1790555890168,1.32307,1.32372,0.0,0.0,0.0,130
GBPUSD,GBPUSD,2026-09-29T19:57:11.475915+00:00,1790555892,1790555892186,1.32307,1.32399,0.0,0.0,0.0,4
GBPUSD,GBPUSD,2026-09-29T19:57:11.475915+00:00,1790555893,1790555893518,1.32297,1.32393,0.0,0.0,0.0,1158
GBPUSD,GBPUSD,2026-09-29T19:57:11.475915+00:00,1790555893,1790555893921,1.32317,1.32431,0.0,0.0,0.0,1158
GBPUSD,GBPUSD,2026-09-29T19:57:11.475915+00:00,1790555895,1790555895028,1.3231600000000001,1.32431,0.0,0.0,0.0,1154
GBPUSD,GBPUSD,2026-09-29T19:57:11.475915+00:00,1790555895,1790555895430,1.3231600000000001,1.32432,0.0,0.0,0.0,1028
GBPUSD,GBPUSD,2026-09-29T19:57:11.475915+00:00,1790555897,1790555897343,1.32313,1.32432,0.0,0.0,0.0,1154
GBPUSD,GBPUSD,2026-09-29T19:57:11.475915+00:00,1790555897,1790555897746,1.3231600000000001,1.32432,0.0,0.0,0.0,1154
GBPUSD,GBPUSD,2026-09-29T19:57:11.475915+00:00,1790555900,1790555900263,1.32318,1.32432,0.0,0.0,0.0,1154
GBPUSD,GBPUSD,2026-09-29T19:57:11.475915+00:00,1790555900,1790555900666,1.32318,1.3243,0.0,0.0,0.0,1028
GBPUSD,GBPUSD,2026-09-29T19:57:11.475915+00:00,1790555907,1790555907306,1.32317,1.3243,0.0,0.0,0.0,1154
GBPUSD,GBPUSD,2026-09-29T19:57:11.475915+00:00,1790555907,1790555907709,1.32317,1.32431,0.0,0.0,0.0,1028
GBPUSD,GBPUSD,2026-09-29T19:57:11.475915+00:00,1790555908,1790555908413,1.32318,1.32431,0.0,0.0,0.0,1154
GBPUSD,GBPUSD,2026-09-29T19:57:11.475915+00:00,1790555908,1790555908916,1.32318,1.3243,0.0,0.0,0.0,1028
GBPUSD,GBPUSD,2026-09-29T19:57:11.475915+00:00,1790555910,1790555910225,1.32317,1.3243,0.0,0.0,0.0,1154
GBPUSD,GBPUSD,2026-09-29T19:57:11.475915+00:00,1790555910,1790555910628,1.32317,1.32431,0.0,0.0,0.0,1028
GBPUSD,GBPUSD,2026-09-29T19:57:11.475915+00:00,1790555911,1790555911031,1.3232599999999999,1.32422,0.0,0.0,0.0,1158
GBPUSD,GBPUSD,2026-09-29T19:57:11.475915+00:00,1790555913,1790555913747,1.32332,1.3241800000000001,0.0,0.0,0.0,1158
GBPUSD,GBPUSD,2026-09-29T19:57:11.475915+00:00,1790555914,1790555914150,1.32332,1.32416,0.0,0.0,0.0,1028
GBPUSD,GBPUSD,2026-09-29T19:57:11.475915+00:00,1790555917,1790555917570,1.32317,1.32391,0.0,0.0,0.0,1158
GBPUSD,GBPUSD,2026-09-29T19:57:11.475915+00:00,1790555917,1790555917973,1.3233,1.32391,0.0,0.0,0.0,1154
GBPUSD,GBPUSD,2026-09-29T19:57:11.475915+00:00,1790555920,1790555920690,1.32322,1.32391,0.0,0.0,0.0,1154
GBPUSD,GBPUSD,2026-09-29T19:57:11.475915+00:00,1790555921,1790555921092,1.32331,1.32391,0.0,0.0,0.0,1154
GBPUSD,GBPUSD,2026-09-29T19:57:11.475915+00:00,1790555924,1790555924111,1.32322,1.32391,0.0,0.0,0.0,1154
GBPUSD,GBPUSD,2026-09-29T19:57:11.475915+00:00,1790555924,1790555924615,1.32331,1.32391,0.0,0.0,0.0,1154
GBPUSD,GBPUSD,2026-09-29T19:57:11.475915+00:00,1790555926,1790555926124,1.32322,1.32391,0.0,0.0,0.0,1154
GBPUSD,GBPUSD,2026-09-29T19:57:11.475915+00:00,1790555926,1790555926627,1.32331,1.32391,0.0,0.0,0.0,1154
GBPUSD,GBPUSD,2026-09-29T19:57:11.475915+00:00,1790555927,1790555927331,1.32332,1.32391,0.0,0.0,0.0,1154
GBPUSD,GBPUSD,2026-09-29T19:57:11.475915+00:00,1790555929,1790555929143,1.32322,1.32391,0.0,0.0,0.0,1154
GBPUSD,GBPUSD,2026-09-29T19:57:11.475915+00:00,1790555929,1790555929545,1.32332,1.32391,0.0,0.0,0.0,1154
GBPUSD,GBPUSD,2026-09-29T19:57:11.475915+00:00,1790555933,1790555933069,1.32333,1.32391,0.0,0.0,0.0,1154
GBPUSD,GBPUSD,2026-09-29T19:57:11.475915+00:00,1790555934,1790555934277,1.32332,1.32391,0.0,0.0,0.0,1154
GBPUSD,GBPUSD,2026-09-29T19:57:11.475915+00:00,1790555935,1790555935484,1.32333,1.32391,0.0,0.0,0.0,1154
GBPUSD,GBPUSD,2026-09-29T19:57:11.475915+00:00,1790555941,1790555941118,1.32324,1.32391,0.0,0.0,0.0,1154
GBPUSD,GBPUSD,2026-09-29T19:57:11.475915+00:00,1790555941,1790555941623,1.32333,1.32391,0.0,0.0,0.0,1154
GBPUSD,GBPUSD,2026-09-29T19:57:11.475915+00:00,1790555943,1790555943838,1.32334,1.32391,0.0,0.0,0.0,1154
GBPUSD,GBPUSD,2026-09-29T19:57:11.475915+00:00,1790555955,1790555955512,1.32335,1.32391,0.0,0.0,0.0,1154
GBPUSD,GBPUSD,2026-09-29T19:57:11.475915+00:00,1790555958,1790555958229,1.3234,1.32391,0.0,0.0,0.0,1154
GBPUSD,GBPUSD,2026-09-29T19:57:11.475915+00:00,1790555964,1790555964771,1.32348,1.32391,0.0,0.0,0.0,1154
GBPUSD,GBPUSD,2026-09-29T19:57:11.475915+00:00,1790555971,1790555971012,1.3234,1.32391,0.0,0.0,0.0,1154
GBPUSD,GBPUSD,2026-09-29T19:57:11.475915+00:00,1790555996,1790555996118,1.3235000000000001,1.32429,0.0,0.0,0.0,134
GBPUSD,GBPUSD,2026-09-29T19:57:11.475915+00:00,1790555996,1790555996173,1.32349,1.32391,0.0,0.0,0.0,1158
GBPUSD,GBPUSD,2026-09-29T19:57:11.475915+00:00,1790555996,1790555996576,1.3234,1.32391,0.0,0.0,0.0,1154
GBPUSD,GBPUSD,2026-09-29T19:57:11.475915+00:00,1790555998,1790555998085,1.32348,1.32391,0.0,0.0,0.0,1154
GBPUSD,GBPUSD,2026-09-29T19:57:11.475915+00:00,1790555998,1790555998588,1.3234,1.32391,0.0,0.0,0.0,1154
GBPUSD,GBPUSD,2026-09-29T19:57:11.475915+00:00,1790556009,1790556009061,1.32347,1.32415,0.0,0.0,0.0,134
GBPUSD,GBPUSD,2026-09-29T19:57:11.475915+00:00,1790556009,1790556009669,1.32355,1.32428,0.0,0.0,0.0,134
GBPUSD,GBPUSD,2026-09-29T19:57:11.475915+00:00,1790556011,1790556011489,1.32348,1.3241800000000001,0.0,0.0,0.0,134
GBPUSD,GBPUSD,2026-09-29T19:57:11.475915+00:00,1790556012,1790556012101,1.32347,1.32415,0.0,0.0,0.0,134
GBPUSD,GBPUSD,2026-09-29T19:57:11.475915+00:00,1790556013,1790556013105,1.32348,1.3241800000000001,0.0,0.0,0.0,134
GBPUSD,GBPUSD,2026-09-29T19:57:11.475915+00:00,1790556013,1790556013509,1.32355,1.32428,0.0,0.0,0.0,134
GBPUSD,GBPUSD,2026-09-29T19:57:11.475915+00:00,1790556025,1790556025629,1.3235299999999999,1.32428,0.0,0.0,0.0,130
GBPUSD,GBPUSD,2026-09-29T19:57:11.475915+00:00,1790556029,1790556029391,1.3234,1.32391,0.0,0.0,0.0,1158
GBPUSD,GBPUSD,2026-09-29T19:57:11.475915+00:00,1790556049,1790556049504,1.3235000000000001,1.32427,0.0,0.0,0.0,134
GBPUSD,GBPUSD,2026-09-29T19:57:11.475915+00:00,1790556060,1790556060215,1.3235000000000001,1.32426,0.0,0.0,0.0,134
GBPUSD,GBPUSD,2026-09-29T19:57:11.475915+00:00,1790556070,1790556070119,1.32351,1.32426,0.0,0.0,0.0,130
GBPUSD,GBPUSD,2026-09-29T19:57:11.475915+00:00,1790556073,1790556073783,1.32342,1.32391,0.0,0.0,0.0,1158
GBPUSD,GBPUSD,2026-09-29T19:57:11.475915+00:00,1790556090,1790556090138,1.32351,1.32425,0.0,0.0,0.0,134
GBPUSD,GBPUSD,2026-09-29T19:57:11.475915+00:00,1790556106,1790556106996,1.32343,1.32391,0.0,0.0,0.0,1158
GBPUSD,GBPUSD,2026-09-29T19:57:11.475915+00:00,1790556116,1790556116054,1.32348,1.32391,0.0,0.0,0.0,1154
GBPUSD,GBPUSD,2026-09-29T19:57:11.475915+00:00,1790556160,1790556160066,1.32351,1.32423,0.0,0.0,0.0,134
GBPUSD,GBPUSD,2026-09-29T19:57:11.475915+00:00,1790556200,1790556200114,1.32351,1.32423,0.0,0.0,0.0,130
GBPUSD,GBPUSD,2026-09-29T19:57:11.475915+00:00,1790556210,1790556210024,1.32351,1.32422,0.0,0.0,0.0,4
GBPUSD,GBPUSD,2026-09-29T19:57:11.475915+00:00,1790556230,1790556230044,1.32352,1.32422,0.0,0.0,0.0,130
GBPUSD,GBPUSD,2026-09-29T19:57:11.475915+00:00,1790556244,1790556244191,1.32352,1.32422,0.0,0.0,0.0,130
GBPUSD,GBPUSD,2026-09-29T19:57:11.475915+00:00,1790556246,1790556246295,1.32348,1.32391,0.0,0.0,0.0,1158
GBPUSD,GBPUSD,2026-09-29T19:57:11.475915+00:00,1790556273,1790556273518,1.32352,1.32419,0.0,0.0,0.0,134
GBPUSD,GBPUSD,2026-09-29T19:57:11.475915+00:00,1790556310,1790556310130,1.32352,1.32419,0.0,0.0,0.0,130
GBPUSD,GBPUSD,2026-09-29T19:57:11.475915+00:00,1790556340,1790556340058,1.32352,1.32419,0.0,0.0,0.0,4
GBPUSD,GBPUSD,2026-09-29T19:57:11.475915+00:00,1790556364,1790556364552,1.32349,1.32391,0.0,0.0,0.0,1158
GBPUSD,GBPUSD,2026-09-29T19:57:11.475915+00:00,1790556376,1790556376303,1.32351,1.3242,0.0,0.0,0.0,134
GBPUSD,GBPUSD,2026-09-29T19:57:11.475915+00:00,1790556393,1790556393285,1.32351,1.32416,0.0,0.0,0.0,4
GBPUSD,GBPUSD,2026-09-29T19:57:11.475915+00:00,1790556393,1790556393690,1.32351,1.32415,0.0,0.0,0.0,4
GBPUSD,GBPUSD,2026-09-29T19:57:11.475915+00:00,1790556395,1790556395105,1.32351,1.32416,0.0,0.0,0.0,4
GBPUSD,GBPUSD,2026-09-29T19:57:11.475915+00:00,1790556395,1790556395512,1.32352,1.32416,0.0,0.0,0.0,130
GBPUSD,GBPUSD,2026-09-29T19:57:11.475915+00:00,1790556397,1790556397131,1.32352,1.3241800000000001,0.0,0.0,0.0,4
GBPUSD,GBPUSD,2026-09-29T19:57:11.475915+00:00,1790556397,1790556397189,1.32347,1.32391,0.0,0.0,0.0,1158
GBPUSD,GBPUSD,2026-09-29T19:57:11.475915+00:00,1790556421,1790556421193,1.32352,1.3241800000000001,0.0,0.0,0.0,134
GBPUSD,GBPUSD,2026-09-29T19:57:11.475915+00:00,1790556432,1790556432411,1.3235000000000001,1.32391,0.0,0.0,0.0,1158
GBPUSD,GBPUSD,2026-09-29T19:57:11.475915+00:00,1790556440,1790556440364,1.32351,1.32391,0.0,0.0,0.0,1154
GBPUSD,GBPUSD,2026-09-29T19:57:11.475915+00:00,1790556474,1790556474768,1.32352,1.32413,0.0,0.0,0.0,134
GBPUSD,GBPUSD,2026-09-29T19:57:11.475915+00:00,1790556475,1790556475791,1.32352,1.32391,0.0,0.0,0.0,1028
GBPUSD,GBPUSD,2026-09-29T19:57:11.475915+00:00,1790556486,1790556486461,1.3235299999999999,1.32391,0.0,0.0,0.0,1154
GBPUSD,GBPUSD,2026-09-29T19:57:11.475915+00:00,1790556505,1790556505182,1.32352,1.32391,0.0,0.0,0.0,1154
GBPUSD,GBPUSD,2026-09-29T19:57:11.475915+00:00,1790556505,1790556505584,1.3235000000000001,1.32391,0.0,0.0,0.0,1154
GBPUSD,GBPUSD,2026-09-29T19:57:11.475915+00:00,1790556541,1790556541617,1.32349,1.32391,0.0,0.0,0.0,1158
GBPUSD,GBPUSD,2026-09-29T19:57:11.475915+00:00,1790556580,1790556580668,1.32348,1.32391,0.0,0.0,0.0,1154
GBPUSD,GBPUSD,2026-09-29T19:57:11.475915+00:00,1790556600,1790556600344,1.32352,1.32417,0.0,0.0,0.0,134
GBPUSD,GBPUSD,2026-09-29T19:57:11.475915+00:00,1790556620,1790556620929,1.32348,1.32391,0.0,0.0,0.0,1158
GBPUSD,GBPUSD,2026-09-29T19:57:11.475915+00:00,1790556693,1790556693156,1.32349,1.3241800000000001,0.0,0.0,0.0,134
GBPUSD,GBPUSD,2026-09-29T19:57:11.475915+00:00,1790556693,1790556693303,1.32358,1.32391,0.0,0.0,0.0,1158
GBPUSD,GBPUSD,2026-09-29T19:57:11.475915+00:00,1790556701,1790556701558,1.32359,1.32391,0.0,0.0,0.0,1154
GBPUSD,GBPUSD,2026-09-29T19:57:11.475915+00:00,1790556744,1790556744313,1.3235700000000001,1.32416,0.0,0.0,0.0,134
GBPUSD,GBPUSD,2026-09-29T19:57:11.475915+00:00,1790556745,1790556745124,1.32359,1.32416,0.0,0.0,0.0,130
GBPUSD,GBPUSD,2026-09-29T19:57:11.475915+00:00,1790556745,1790556745134,1.3235999999999999,1.32391,0.0,0.0,0.0,1158
GBPUSD,GBPUSD,2026-09-29T19:57:11.475915+00:00,1790556746,1790556746342,1.32359,1.32391,0.0,0.0,0.0,1154
GBPUSD,GBPUSD,2026-09-29T19:57:11.475915+00:00,1790556747,1790556747953,1.3235999999999999,1.32391,0.0,0.0,0.0,1154
GBPUSD,GBPUSD,2026-09-29T19:57:11.475915+00:00,1790556748,1790556748356,1.3235700000000001,1.32391,0.0,0.0,0.0,1154
GBPUSD,GBPUSD,2026-09-29T19:57:11.475915+00:00,1790556748,1790556748758,1.32356,1.32391,0.0,0.0,0.0,1154
GBPUSD,GBPUSD,2026-09-29T19:57:11.475915+00:00,1790556753,1790556753287,1.3234,1.32391,0.0,0.0,0.0,1154
GBPUSD,GBPUSD,2026-09-29T19:57:11.475915+00:00,1790556753,1790556753690,1.32348,1.32391,0.0,0.0,0.0,1154
GBPUSD,GBPUSD,2026-09-29T19:57:11.475915+00:00,1790556768,1790556768483,1.3234,1.32391,0.0,0.0,0.0,1154
GBPUSD,GBPUSD,2026-09-29T19:57:11.475915+00:00,1790556786,1790556786367,1.32351,1.32416,0.0,0.0,0.0,134
GBPUSD,GBPUSD,2026-09-29T19:57:11.475915+00:00,1790556790,1790556790123,1.32347,1.32391,0.0,0.0,0.0,1158
GBPUSD,GBPUSD,2026-09-29T19:57:11.475915+00:00,1790556794,1790556794655,1.3234,1.32391,0.0,0.0,0.0,1154
GBPUSD,GBPUSD,2026-09-29T19:57:11.475915+00:00,1790556795,1790556795058,1.32347,1.32391,0.0,0.0,0.0,1154
GBPUSD,GBPUSD,2026-09-29T19:57:11.475915+00:00,1790556795,1790556795561,1.3234,1.32391,0.0,0.0,0.0,1154
GBPUSD,GBPUSD,2026-09-29T19:57:11.475915+00:00,1790556842,1790556842178,1.32351,1.32416,0.0,0.0,0.0,134
GBPUSD,GBPUSD,2026-09-29T19:57:11.475915+00:00,1790556844,1790556844674,1.32347,1.32391,0.0,0.0,0.0,1158
GBPUSD,GBPUSD,2026-09-29T19:57:11.475915+00:00,1790556845,1790556845177,1.3234,1.32391,0.0,0.0,0.0,1154
GBPUSD,GBPUSD,2026-09-29T19:57:11.475915+00:00,1790556847,1790556847795,1.32347,1.32391,0.0,0.0,0.0,1154
GBPUSD,GBPUSD,2026-09-29T19:57:11.475915+00:00,1790556848,1790556848197,1.3234,1.32391,0.0,0.0,0.0,1154
GBPUSD,GBPUSD,2026-09-29T19:57:11.475915+00:00,1790556851,1790556851014,1.32347,1.32391,0.0,0.0,0.0,1154
GBPUSD,GBPUSD,2026-09-29T19:57:11.475915+00:00,1790556851,1790556851416,1.3234,1.32391,0.0,0.0,0.0,1154
GBPUSD,GBPUSD,2026-09-29T19:57:11.475915+00:00,1790556861,1790556861686,1.32347,1.32391,0.0,0.0,0.0,1154
GBPUSD,GBPUSD,2026-09-29T19:57:11.475915+00:00,1790556873,1790556873362,1.32348,1.32391,0.0,0.0,0.0,1154
GBPUSD,GBPUSD,2026-09-29T19:57:11.475915+00:00,1790556874,1790556874771,1.32349,1.32391,0.0,0.0,0.0,1154
GBPUSD,GBPUSD,2026-09-29T19:57:11.475915+00:00,1790556906,1790556906671,1.3235000000000001,1.32391,0.0,0.0,0.0,1158
GBPUSD,GBPUSD,2026-09-29T19:57:11.475915+00:00,1790556909,1790556909890,1.32349,1.32391,0.0,0.0,0.0,1154
GBPUSD,GBPUSD,2026-09-29T19:57:11.475915+00:00,1790556940,1790556940436,1.32351,1.32415,0.0,0.0,0.0,134
GBPUSD,GBPUSD,2026-09-29T19:57:11.475915+00:00,1790556968,1790556968776,1.32351,1.32413,0.0,0.0,0.0,134
GBPUSD,GBPUSD,2026-09-29T19:57:11.475915+00:00,1790556968,1790556968894,1.32336,1.32391,0.0,0.0,0.0,1158
GBPUSD,GBPUSD,2026-09-29T19:57:11.475915+00:00,1790556991,1790556991819,1.32351,1.32413,0.0,0.0,0.0,134
GBPUSD,GBPUSD,2026-09-29T19:57:11.475915+00:00,1790557009,1790557009618,1.32351,1.3241,0.0,0.0,0.0,4
GBPUSD,GBPUSD,2026-09-29T19:57:11.475915+00:00,1790557009,1790557009820,1.32351,1.32416,0.0,0.0,0.0,4
GBPUSD,GBPUSD,2026-09-29T19:57:11.475915+00:00,1790557010,1790557010021,1.32351,1.32409,0.0,0.0,0.0,4
GBPUSD,GBPUSD,2026-09-29T19:57:11.475915+00:00,1790557010,1790557010223,1.32351,1.3241,0.0,0.0,0.0,4
GBPUSD,GBPUSD,2026-09-29T19:57:11.475915+00:00,1790557010,1790557010628,1.32351,1.32408,0.0,0.0,0.0,4
GBPUSD,GBPUSD,2026-09-29T19:57:11.475915+00:00,1790557011,1790557011635,1.32351,1.32407,0.0,0.0,0.0,4
GBPUSD,GBPUSD,2026-09-29T19:57:11.475915+00:00,1790557012,1790557012041,1.32351,1.32402,0.0,0.0,0.0,4
GBPUSD,GBPUSD,2026-09-29T19:57:11.475915+00:00,1790557012,1790557012647,1.32351,1.324,0.0,0.0,0.0,4
GBPUSD,GBPUSD,2026-09-29T19:57:11.475915+00:00,1790557013,1790557013659,1.32351,1.32398,0.0,0.0,0.0,4
GBPUSD,GBPUSD,2026-09-29T19:57:11.475915+00:00,1790557014,1790557014065,1.32351,1.32394,0.0,0.0,0.0,4
GBPUSD,GBPUSD,2026-09-29T19:57:11.475915+00:00,1790557014,1790557014269,1.32351,1.32392,0.0,0.0,0.0,4
GBPUSD,GBPUSD,2026-09-29T19:57:11.475915+00:00,1790557014,1790557014471,1.32351,1.32395,0.0,0.0,0.0,4
GBPUSD,GBPUSD,2026-09-29T19:57:11.475915+00:00,1790557015,1790557015686,1.32351,1.32397,0.0,0.0,0.0,4
GBPUSD,GBPUSD,2026-09-29T19:57:11.475915+00:00,1790557015,1790557015887,1.32351,1.32398,0.0,0.0,0.0,4
GBPUSD,GBPUSD,2026-09-29T19:57:11.475915+00:00,1790557016,1790557016293,1.32349,1.32395,0.0,0.0,0.0,134
GBPUSD,GBPUSD,2026-09-29T19:57:11.475915+00:00,1790557016,1790557016697,1.32349,1.32394,0.0,0.0,0.0,4
GBPUSD,GBPUSD,2026-09-29T19:57:11.475915+00:00,1790557016,1790557016900,1.32349,1.32393,0.0,0.0,0.0,4
GBPUSD,GBPUSD,2026-09-29T19:57:11.475915+00:00,1790557018,1790557018111,1.32349,1.32392,0.0,0.0,0.0,4
GBPUSD,GBPUSD,2026-09-29T19:57:11.475915+00:00,1790557018,1790557018516,1.32349,1.32395,0.0,0.0,0.0,4
GBPUSD,GBPUSD,2026-09-29T19:57:11.475915+00:00,1790557021,1790557021146,1.32349,1.32393,0.0,0.0,0.0,134
GBPUSD,GBPUSD,2026-09-29T19:57:11.475915+00:00,1790557021,1790557021532,1.32336,1.32391,0.0,0.0,0.0,1158
GBPUSD,GBPUSD,2026-09-29T19:57:11.475915+00:00,1790557022,1790557022237,1.32336,1.3239,0.0,0.0,0.0,1028
GBPUSD,GBPUSD,2026-09-29T19:57:11.475915+00:00,1790557023,1790557023545,1.32336,1.32388,0.0,0.0,0.0,1028
GBPUSD,GBPUSD,2026-09-29T19:57:11.475915+00:00,1790557024,1790557024048,1.32333,1.32388,0.0,0.0,0.0,1154
GBPUSD,GBPUSD,2026-09-29T19:57:11.475915+00:00,1790557024,1790557024553,1.32333,1.3238699999999999,0.0,0.0,0.0,1028
GBPUSD,GBPUSD,2026-09-29T19:57:11.475915+00:00,1790557027,1790557027776,1.32333,1.32391,0.0,0.0,0.0,1028
GBPUSD,GBPUSD,2026-09-29T19:57:11.475915+00:00,1790557038,1790557038137,1.3234,1.324,0.0,0.0,0.0,134
GBPUSD,GBPUSD,2026-09-29T19:57:11.475915+00:00,1790557040,1790557040161,1.32327,1.32416,0.0,0.0,0.0,134
GBPUSD,GBPUSD,2026-09-29T19:57:11.475915+00:00,1790557040,1790557040971,1.3232599999999999,1.32416,0.0,0.0,0.0,130
GBPUSD,GBPUSD,2026-09-29T19:57:11.475915+00:00,1790557045,1790557045014,1.3232300000000001,1.32416,0.0,0.0,0.0,130
GBPUSD,GBPUSD,2026-09-29T19:57:11.475915+00:00,1790557046,1790557046630,1.3232300000000001,1.32415,0.0,0.0,0.0,4
GBPUSD,GBPUSD,2026-09-29T19:57:11.475915+00:00,1790557046,1790557046832,1.3232300000000001,1.3241,0.0,0.0,0.0,4
GBPUSD,GBPUSD,2026-09-29T19:57:11.475915+00:00,1790557049,1790557049057,1.32322,1.3241,0.0,0.0,0.0,130
GBPUSD,GBPUSD,2026-09-29T19:57:11.475915+00:00,1790557052,1790557052229,1.32318,1.3241100000000001,0.0,0.0,0.0,1158
GBPUSD,GBPUSD,2026-09-29T19:57:11.475915+00:00,1790557053,1790557053236,1.32318,1.32412,0.0,0.0,0.0,1028
GBPUSD,GBPUSD,2026-09-29T19:57:11.475915+00:00,1790557058,1790557058769,1.32318,1.32406,0.0,0.0,0.0,1028
GBPUSD,GBPUSD,2026-09-29T19:57:11.475915+00:00,1790557064,1790557064706,1.32318,1.32413,0.0,0.0,0.0,1028
GBPUSD,GBPUSD,2026-09-29T19:57:11.475915+00:00,1790557065,1790557065109,1.32318,1.32427,0.0,0.0,0.0,1028
GBPUSD,GBPUSD,2026-09-29T19:57:11.475915+00:00,1790557065,1790557065511,1.32318,1.32426,0.0,0.0,0.0,1028
GBPUSD,GBPUSD,2026-09-29T19:57:11.475915+00:00,1790557066,1790557066820,1.32318,1.32427,0.0,0.0,0.0,1028
GBPUSD,GBPUSD,2026-09-29T19:57:11.475915+00:00,1790557070,1790557070341,1.32318,1.32428,0.0,0.0,0.0,1028
GBPUSD,GBPUSD,2026-09-29T19:57:11.475915+00:00,1790557073,1790557073864,1.3232,1.32428,0.0,0.0,0.0,1154
GBPUSD,GBPUSD,2026-09-29T19:57:11.475915+00:00,1790557074,1790557074367,1.3232,1.32433,0.0,0.0,0.0,1028
GBPUSD,GBPUSD,2026-09-29T19:57:11.475915+00:00,1790557076,1790557076379,1.3232300000000001,1.32433,0.0,0.0,0.0,1154
GBPUSD,GBPUSD,2026-09-29T19:57:11.475915+00:00,1790557076,1790557076782,1.3233,1.32437,0.0,0.0,0.0,1158
GBPUSD,GBPUSD,2026-09-29T19:57:11.475915+00:00,1790557079,1790557079400,1.3233,1.32432,0.0,0.0,0.0,1028
GBPUSD,GBPUSD,2026-09-29T19:57:11.475915+00:00,1790557091,1790557091325,1.3233,1.32435,0.0,0.0,0.0,134
GBPUSD,GBPUSD,2026-09-29T19:57:11.475915+00:00,1790557095,1790557095105,1.3233,1.32434,0.0,0.0,0.0,1028
GBPUSD,GBPUSD,2026-09-29T19:57:11.475915+00:00,1790557095,1790557095509,1.3233,1.32437,0.0,0.0,0.0,1028
GBPUSD,GBPUSD,2026-09-29T19:57:11.475915+00:00,1790557100,1790557100037,1.3233,1.32432,0.0,0.0,0.0,1028
GBPUSD,GBPUSD,2026-09-29T19:57:11.475915+00:00,1790557115,1790557115384,1.3233,1.32435,0.0,0.0,0.0,4
GBPUSD,GBPUSD,2026-09-29T19:57:11.475915+00:00,1790557116,1790557116799,1.3233,1.32436,0.0,0.0,0.0,4
GBPUSD,GBPUSD,2026-09-29T19:57:11.475915+00:00,1790557121,1790557121850,1.3233,1.32437,0.0,0.0,0.0,4
GBPUSD,GBPUSD,2026-09-29T19:57:11.475915+00:00,1790557126,1790557126314,1.3233,1.3243800000000001,0.0,0.0,0.0,4
GBPUSD,GBPUSD,2026-09-29T19:57:11.475915+00:00,1790557131,1790557131436,1.32329,1.32435,0.0,0.0,0.0,1158
GBPUSD,GBPUSD,2026-09-29T19:57:11.475915+00:00,1790557144,1790557144718,1.3233,1.32443,0.0,0.0,0.0,134
GBPUSD,GBPUSD,2026-09-29T19:57:11.475915+00:00,1790557144,1790557144919,1.32333,1.32447,0.0,0.0,0.0,134
GBPUSD,GBPUSD,2026-09-29T19:57:11.475915+00:00,1790557155,1790557155026,1.32329,1.32449,0.0,0.0,0.0,134
GBPUSD,GBPUSD,2026-09-29T19:57:11.475915+00:00,1790557155,1790557155226,1.32332,1.32449,0.0,0.0,0.0,130
GBPUSD,GBPUSD,2026-09-29T19:57:11.475915+00:00,1790557169,1790557169579,1.32332,1.32444,0.0,0.0,0.0,4
GBPUSD,GBPUSD,2026-09-29T19:57:11.475915+00:00,1790557182,1790557182119,1.32332,1.3244500000000001,0.0,0.0,0.0,4
GBPUSD,GBPUSD,2026-09-29T19:57:11.475915+00:00,1790557186,1790557186391,1.3233,1.32437,0.0,0.0,0.0,1158
GBPUSD,GBPUSD,2026-09-29T19:57:11.475915+00:00,1790557197,1790557197086,1.32332,1.32446,0.0,0.0,0.0,134
GBPUSD,GBPUSD,2026-09-29T19:57:11.475915+00:00,1790557200,1790557200115,1.32329,1.3244799999999999,0.0,0.0,0.0,134
GBPUSD,GBPUSD,2026-09-29T19:57:11.475915+00:00,1790557200,1790557200318,1.32336,1.32444,0.0,0.0,0.0,134
GBPUSD,GBPUSD,2026-09-29T19:57:11.475915+00:00,1790557200,1790557200519,1.32336,1.3244500000000001,0.0,0.0,0.0,4
GBPUSD,GBPUSD,2026-09-29T19:57:11.475915+00:00,1790557200,1790557200722,1.32336,1.32449,0.0,0.0,0.0,4
GBPUSD,GBPUSD,2026-09-29T19:57:11.475915+00:00,1790557200,1790557200924,1.32336,1.32447,0.0,0.0,0.0,4
GBPUSD,GBPUSD,2026-09-29T19:57:11.475915+00:00,1790557201,1790557201531,1.32249,1.3241,0.0,0.0,0.0,134
GBPUSD,GBPUSD,2026-09-29T19:57:11.475915+00:00,1790557201,1790557201936,1.32329,1.3243800000000001,0.0,0.0,0.0,134
GBPUSD,GBPUSD,2026-09-29T19:57:11.475915+00:00,1790557202,1790557202139,1.32248,1.32409,0.0,0.0,0.0,134
GBPUSD,GBPUSD,2026-09-29T19:57:11.475915+00:00,1790557202,1790557202342,1.32342,1.3244099999999999,0.0,0.0,0.0,134
GBPUSD,GBPUSD,2026-09-29T19:57:11.475915+00:00,1790557202,1790557202551,1.3235999999999999,1.3244099999999999,0.0,0.0,0.0,130
GBPUSD,GBPUSD,2026-09-29T19:57:11.475915+00:00,1790557202,1790557202746,1.32351,1.3244099999999999,0.0,0.0,0.0,130
GBPUSD,GBPUSD,2026-09-29T19:57:11.475915+00:00,1790557202,1790557202947,1.3235299999999999,1.3244099999999999,0.0,0.0,0.0,130
GBPUSD,GBPUSD,2026-09-29T19:57:11.475915+00:00,1790557203,1790557203151,1.3231,1.3243800000000001,0.0,0.0,0.0,134
GBPUSD,GBPUSD,2026-09-29T19:57:11.475915+00:00,1790557203,1790557203352,1.32343,1.3244099999999999,0.0,0.0,0.0,134
GBPUSD,GBPUSD,2026-09-29T19:57:11.475915+00:00,1790557203,1790557203757,1.32346,1.3243800000000001,0.0,0.0,0.0,134
GBPUSD,GBPUSD,2026-09-29T19:57:11.475915+00:00,1790557203,1790557203957,1.32311,1.32437,0.0,0.0,0.0,134
GBPUSD,GBPUSD,2026-09-29T19:57:11.475915+00:00,1790557204,1790557204159,1.32311,1.32436,0.0,0.0,0.0,4
GBPUSD,GBPUSD,2026-09-29T19:57:11.475915+00:00,1790557204,1790557204363,1.32345,1.32436,0.0,0.0,0.0,130
GBPUSD,GBPUSD,2026-09-29T19:57:11.475915+00:00,1790557204,1790557204566,1.32311,1.32436,0.0,0.0,0.0,130
GBPUSD,GBPUSD,2026-09-29T19:57:11.475915+00:00,1790557208,1790557208407,1.32338,1.3244,0.0,0.0,0.0,134
GBPUSD,GBPUSD,2026-09-29T19:57:11.475915+00:00,1790557208,1790557208608,1.3234,1.32439,0.0,0.0,0.0,134
GBPUSD,GBPUSD,2026-09-29T19:57:11.475915+00:00,1790557209,1790557209217,1.32338,1.3244,0.0,0.0,0.0,134
GBPUSD,GBPUSD,2026-09-29T19:57:11.475915+00:00,1790557209,1790557209822,1.3233,1.32442,0.0,0.0,0.0,134
GBPUSD,GBPUSD,2026-09-29T19:57:11.475915+00:00,1790557210,1790557210024,1.32339,1.3244,0.0,0.0,0.0,134
GBPUSD,GBPUSD,2026-09-29T19:57:11.475915+00:00,1790557210,1790557210227,1.32341,1.3244,0.0,0.0,0.0,130
GBPUSD,GBPUSD,2026-09-29T19:57:11.475915+00:00,1790557210,1790557210429,1.32342,1.32439,0.0,0.0,0.0,134
GBPUSD,GBPUSD,2026-09-29T19:57:11.475915+00:00,1790557211,1790557211036,1.32343,1.3243800000000001,0.0,0.0,0.0,134
GBPUSD,GBPUSD,2026-09-29T19:57:11.475915+00:00,1790557211,1790557211846,1.32356,1.3243800000000001,0.0,0.0,0.0,130
GBPUSD,GBPUSD,2026-09-29T19:57:11.475915+00:00,1790557212,1790557212048,1.32339,1.3243800000000001,0.0,0.0,0.0,130
GBPUSD,GBPUSD,2026-09-29T19:57:11.475915+00:00,1790557212,1790557212453,1.3235299999999999,1.3243800000000001,0.0,0.0,0.0,130
GBPUSD,GBPUSD,2026-09-29T19:57:11.475915+00:00,1790557213,1790557213060,1.32351,1.32439,0.0,0.0,0.0,134
GBPUSD,GBPUSD,2026-09-29T19:57:11.475915+00:00,1790557213,1790557213261,1.3235299999999999,1.3243800000000001,0.0,0.0,0.0,134
GBPUSD,GBPUSD,2026-09-29T19:57:11.475915+00:00,1790557213,1790557213463,1.3235299999999999,1.32437,0.0,0.0,0.0,4
GBPUSD,GBPUSD,2026-09-29T19:57:11.475915+00:00,1790557213,1790557213664,1.3235299999999999,1.3243800000000001,0.0,0.0,0.0,4
GBPUSD,GBPUSD,2026-09-29T19:57:11.475915+00:00,1790557214,1790557214069,1.3235299999999999,1.32437,0.0,0.0,0.0,4
GBPUSD,GBPUSD,2026-09-29T19:57:11.475915+00:00,1790557214,1790557214271,1.3235299999999999,1.3243800000000001,0.0,0.0,0.0,4
GBPUSD,GBPUSD,2026-09-29T19:57:11.475915+00:00,1790557214,1790557214473,1.32352,1.3243800000000001,0.0,0.0,0.0,130
GBPUSD,GBPUSD,2026-09-29T19:57:11.475915+00:00,1790557214,1790557214877,1.3235299999999999,1.32437,0.0,0.0,0.0,134
GBPUSD,GBPUSD,2026-09-29T19:57:11.475915+00:00,1790557215,1790557215281,1.3235299999999999,1.3243800000000001,0.0,0.0,0.0,4
GBPUSD,GBPUSD,2026-09-29T19:57:11.475915+00:00,1790557215,1790557215887,1.32352,1.32439,0.0,0.0,0.0,134
GBPUSD,GBPUSD,2026-09-29T19:57:11.475915+00:00,1790557216,1790557216292,1.32354,1.32436,0.0,0.0,0.0,134
GBPUSD,GBPUSD,2026-09-29T19:57:11.475915+00:00,1790557216,1790557216496,1.32354,1.32437,0.0,0.0,0.0,4
GBPUSD,GBPUSD,2026-09-29T19:57:11.475915+00:00,1790557216,1790557216902,1.32354,1.32436,0.0,0.0,0.0,4
GBPUSD,GBPUSD,2026-09-29T19:57:11.475915+00:00,1790557217,1790557217103,1.32392,1.32436,0.0,0.0,0.0,1154
GBPUSD,GBPUSD,2026-09-29T19:57:11.475915+00:00,1790557217,1790557217908,1.32389,1.32434,0.0,0.0,0.0,1158
GBPUSD,GBPUSD,2026-09-29T19:57:11.475915+00:00,1790557218,1790557218310,1.32391,1.32433,0.0,0.0,0.0,1158
GBPUSD,GBPUSD,2026-09-29T19:57:11.475915+00:00,1790557218,1790557218712,1.32386,1.32433,0.0,0.0,0.0,1154
GBPUSD,GBPUSD,2026-09-29T19:57:11.475915+00:00,1790557219,1790557219115,1.3239,1.32433,0.0,0.0,0.0,1154
GBPUSD,GBPUSD,2026-09-29T19:57:11.475915+00:00,1790557219,1790557219518,1.32386,1.32433,0.0,0.0,0.0,1154
GBPUSD,GBPUSD,2026-09-29T19:57:11.475915+00:00,1790557219,1790557219920,1.32386,1.32432,0.0,0.0,0.0,1028
GBPUSD,GBPUSD,2026-09-29T19:57:11.475915+00:00,1790557220,1790557220323,1.32391,1.32432,0.0,0.0,0.0,1154
GBPUSD,GBPUSD,2026-09-29T19:57:11.475915+00:00,1790557221,1790557221229,1.32391,1.32431,0.0,0.0,0.0,1028
GBPUSD,GBPUSD,2026-09-29T19:57:11.475915+00:00,1790557221,1790557221530,1.32378,1.32422,0.0,0.0,0.0,1158
GBPUSD,GBPUSD,2026-09-29T19:57:11.475915+00:00,1790557222,1790557222033,1.3237700000000001,1.3242099999999999,0.0,0.0,0.0,1158
GBPUSD,GBPUSD,2026-09-29T19:57:11.475915+00:00,1790557222,1790557222335,1.32371,1.32425,0.0,0.0,0.0,1158
GBPUSD,GBPUSD,2026-09-29T19:57:11.475915+00:00,1790557222,1790557222737,1.32369,1.32427,0.0,0.0,0.0,1158
GBPUSD,GBPUSD,2026-09-29T19:57:11.475915+00:00,1790557223,1790557223241,1.32359,1.3243,0.0,0.0,0.0,1158
GBPUSD,GBPUSD,2026-09-29T19:57:11.475915+00:00,1790557223,1790557223644,1.32373,1.32428,0.0,0.0,0.0,1158
GBPUSD,GBPUSD,2026-09-29T19:57:11.475915+00:00,1790557224,1790557224046,1.32371,1.32424,0.0,0.0,0.0,1158
GBPUSD,GBPUSD,2026-09-29T19:57:11.475915+00:00,1790557224,1790557224449,1.3235999999999999,1.32429,0.0,0.0,0.0,1158
GBPUSD,GBPUSD,2026-09-29T19:57:11.475915+00:00,1790557224,1790557224851,1.32369,1.32426,0.0,0.0,0.0,1158
GBPUSD,GBPUSD,2026-09-29T19:57:11.475915+00:00,1790557225,1790557225254,1.32366,1.32427,0.0,0.0,0.0,1158
GBPUSD,GBPUSD,2026-09-29T19:57:11.475915+00:00,1790557225,1790557225556,1.32371,1.32413,0.0,0.0,0.0,1158
GBPUSD,GBPUSD,2026-09-29T19:57:11.475915+00:00,1790557225,1790557225959,1.32372,1.3241399999999999,0.0,0.0,0.0,1158
GBPUSD,GBPUSD,2026-09-29T19:57:11.475915+00:00,1790557227,1790557227469,1.32374,1.3241399999999999,0.0,0.0,0.0,1154
GBPUSD,GBPUSD,2026-09-29T19:57:11.475915+00:00,1790557227,1790557227871,1.32374,1.3243,0.0,0.0,0.0,1028
GBPUSD,GBPUSD,2026-09-29T19:57:11.475915+00:00,1790557228,1790557228475,1.32375,1.3243,0.0,0.0,0.0,1154
GBPUSD,GBPUSD,2026-09-29T19:57:11.475915+00:00,1790557228,1790557228878,1.32375,1.32429,0.0,0.0,0.0,1028
GBPUSD,GBPUSD,2026-09-29T19:57:11.475915+00:00,1790557229,1790557229280,1.32371,1.32424,0.0,0.0,0.0,1158
GBPUSD,GBPUSD,2026-09-29T19:57:11.475915+00:00,1790557229,1790557229683,1.32371,1.32413,0.0,0.0,0.0,1028
GBPUSD,GBPUSD,2026-09-29T19:57:11.475915+00:00,1790557230,1790557230085,1.3237,1.32413,0.0,0.0,0.0,1154
GBPUSD,GBPUSD,2026-09-29T19:57:11.475915+00:00,1790557230,1790557230488,1.32369,1.32409,0.0,0.0,0.0,1158
GBPUSD,GBPUSD,2026-09-29T19:57:11.475915+00:00,1790557231,1790557231394,1.32367,1.32425,0.0,0.0,0.0,1158
GBPUSD,GBPUSD,2026-09-29T19:57:11.475915+00:00,1790557231,1790557231797,1.32366,1.32425,0.0,0.0,0.0,1154
GBPUSD,GBPUSD,2026-09-29T19:57:11.475915+00:00,1790557232,1790557232200,1.32366,1.32423,0.0,0.0,0.0,1028
GBPUSD,GBPUSD,2026-09-29T19:57:11.475915+00:00,1790557232,1790557232702,1.32366,1.32429,0.0,0.0,0.0,1028
GBPUSD,GBPUSD,2026-09-29T19:57:11.475915+00:00,1790557233,1790557233105,1.32368,1.3241,0.0,0.0,0.0,1158
GBPUSD,GBPUSD,2026-09-29T19:57:11.475915+00:00,1790557233,1790557233912,1.32366,1.32429,0.0,0.0,0.0,1158
GBPUSD,GBPUSD,2026-09-29T19:57:11.475915+00:00,1790557234,1790557234314,1.32369,1.3241,0.0,0.0,0.0,1158
GBPUSD,GBPUSD,2026-09-29T19:57:11.475915+00:00,1790557234,1790557234717,1.32354,1.3241399999999999,0.0,0.0,0.0,1158
GBPUSD,GBPUSD,2026-09-29T19:57:11.475915+00:00,1790557235,1790557235120,1.32361,1.32429,0.0,0.0,0.0,1158
GBPUSD,GBPUSD,2026-09-29T19:57:11.475915+00:00,1790557235,1790557235523,1.32359,1.32404,0.0,0.0,0.0,1158
GBPUSD,GBPUSD,2026-09-29T19:57:11.475915+00:00,1790557235,1790557235926,1.32352,1.32399,0.0,0.0,0.0,1158
GBPUSD,GBPUSD,2026-09-29T19:57:11.475915+00:00,1790557236,1790557236328,1.3234,1.32402,0.0,0.0,0.0,1158
GBPUSD,GBPUSD,2026-09-29T19:57:11.475915+00:00,1790557237,1790557237334,1.32338,1.32402,0.0,0.0,0.0,1154
GBPUSD,GBPUSD,2026-09-29T19:57:11.475915+00:00,1790557239,1790557239852,1.32338,1.32401,0.0,0.0,0.0,1028
GBPUSD,GBPUSD,2026-09-29T19:57:11.475915+00:00,1790557240,1790557240255,1.32337,1.32401,0.0,0.0,0.0,1154
GBPUSD,GBPUSD,2026-09-29T19:57:11.475915+00:00,1790557240,1790557240657,1.32355,1.32396,0.0,0.0,0.0,1158
GBPUSD,GBPUSD,2026-09-29T19:57:11.475915+00:00,1790557241,1790557241060,1.32335,1.32399,0.0,0.0,0.0,1158
GBPUSD,GBPUSD,2026-09-29T19:57:11.475915+00:00,1790557241,1790557241564,1.32334,1.32399,0.0,0.0,0.0,1154
GBPUSD,GBPUSD,2026-09-29T19:57:11.475915+00:00,1790557242,1790557242168,1.32347,1.32399,0.0,0.0,0.0,1154
GBPUSD,GBPUSD,2026-09-29T19:57:11.475915+00:00,1790557242,1790557242571,1.32351,1.32388,0.0,0.0,0.0,1158
GBPUSD,GBPUSD,2026-09-29T19:57:11.475915+00:00,1790557242,1790557242973,1.32342,1.32394,0.0,0.0,0.0,1158
GBPUSD,GBPUSD,2026-09-29T19:57:11.475915+00:00,1790557243,1790557243376,1.32346,1.32397,0.0,0.0,0.0,1158
GBPUSD,GBPUSD,2026-09-29T19:57:11.475915+00:00,1790557243,1790557243778,1.32336,1.32397,0.0,0.0,0.0,1154
GBPUSD,GBPUSD,2026-09-29T19:57:11.475915+00:00,1790557244,1790557244181,1.32346,1.32397,0.0,0.0,0.0,1154
GBPUSD,GBPUSD,2026-09-29T19:57:11.475915+00:00,1790557244,1790557244583,1.32346,1.32395,0.0,0.0,0.0,1028
GBPUSD,GBPUSD,2026-09-29T19:57:11.475915+00:00,1790557244,1790557244985,1.32347,1.32396,0.0,0.0,0.0,1158
GBPUSD,GBPUSD,2026-09-29T19:57:11.475915+00:00,1790557245,1790557245388,1.3235000000000001,1.32407,0.0,0.0,0.0,1158
GBPUSD,GBPUSD,2026-09-29T19:57:11.475915+00:00,1790557245,1790557245792,1.32355,1.3238400000000001,0.0,0.0,0.0,1158
GBPUSD,GBPUSD,2026-09-29T19:57:11.475915+00:00,1790557246,1790557246194,1.32336,1.32379,0.0,0.0,0.0,1158
GBPUSD,GBPUSD,2026-09-29T19:57:11.475915+00:00,1790557246,1790557246598,1.32342,1.32376,0.0,0.0,0.0,1158
GBPUSD,GBPUSD,2026-09-29T19:57:11.475915+00:00,1790557246,1790557246999,1.32334,1.32379,0.0,0.0,0.0,1158
GBPUSD,GBPUSD,2026-09-29T19:57:11.475915+00:00,1790557247,1790557247401,1.32342,1.32378,0.0,0.0,0.0,1158
GBPUSD,GBPUSD,2026-09-29T19:57:11.475915+00:00,1790557247,1790557247804,1.32341,1.32374,0.0,0.0,0.0,1158
GBPUSD,GBPUSD,2026-09-29T19:57:11.475915+00:00,1790557248,1790557248911,1.32332,1.32374,0.0,0.0,0.0,1154
GBPUSD,GBPUSD,2026-09-29T19:57:11.475915+00:00,1790557249,1790557249313,1.32331,1.32374,0.0,0.0,0.0,1154
GBPUSD,GBPUSD,2026-09-29T19:57:11.475915+00:00,1790557249,1790557249715,1.3233,1.32381,0.0,0.0,0.0,1158
GBPUSD,GBPUSD,2026-09-29T19:57:11.475915+00:00,1790557250,1790557250118,1.32332,1.3237999999999999,0.0,0.0,0.0,1158
GBPUSD,GBPUSD,2026-09-29T19:57:11.475915+00:00,1790557250,1790557250520,1.32332,1.32376,0.0,0.0,0.0,1028
GBPUSD,GBPUSD,2026-09-29T19:57:11.475915+00:00,1790557250,1790557250923,1.32331,1.32374,0.0,0.0,0.0,1158
GBPUSD,GBPUSD,2026-09-29T19:57:11.475915+00:00,1790557251,1790557251426,1.3233,1.32381,0.0,0.0,0.0,1158
GBPUSD,GBPUSD,2026-09-29T19:57:11.475915+00:00,1790557251,1790557251829,1.32331,1.32381,0.0,0.0,0.0,1154
GBPUSD,GBPUSD,2026-09-29T19:57:11.475915+00:00,1790557252,1790557252231,1.32331,1.3237999999999999,0.0,0.0,0.0,1028
GBPUSD,GBPUSD,2026-09-29T19:57:11.475915+00:00,1790557252,1790557252734,1.32332,1.3237999999999999,0.0,0.0,0.0,1154
GBPUSD,GBPUSD,2026-09-29T19:57:11.475915+00:00,1790557253,1790557253138,1.32331,1.3237999999999999,0.0,0.0,0.0,1154
GBPUSD,GBPUSD,2026-09-29T19:57:11.475915+00:00,1790557253,1790557253539,1.32335,1.32374,0.0,0.0,0.0,1158
GBPUSD,GBPUSD,2026-09-29T19:57:11.475915+00:00,1790557254,1790557254344,1.32336,1.32373,0.0,0.0,0.0,1158
GBPUSD,GBPUSD,2026-09-29T19:57:11.475915+00:00,1790557254,1790557254747,1.32331,1.3237999999999999,0.0,0.0,0.0,1158
GBPUSD,GBPUSD,2026-09-29T19:57:11.475915+00:00,1790557255,1790557255150,1.32336,1.32373,0.0,0.0,0.0,1158
GBPUSD,GBPUSD,2026-09-29T19:57:11.475915+00:00,1790557255,1790557255553,1.3233,1.32381,0.0,0.0,0.0,1158
GBPUSD,GBPUSD,2026-09-29T19:57:11.475915+00:00,1790557255,1790557255955,1.32331,1.3237999999999999,0.0,0.0,0.0,1158
GBPUSD,GBPUSD,2026-09-29T19:57:11.475915+00:00,1790557256,1790557256358,1.32331,1.32373,0.0,0.0,0.0,1028
GBPUSD,GBPUSD,2026-09-29T19:57:11.475915+00:00,1790557256,1790557256761,1.3233,1.32372,0.0,0.0,0.0,1158
GBPUSD,GBPUSD,2026-09-29T19:57:11.475915+00:00,1790557257,1790557257163,1.3233,1.3237700000000001,0.0,0.0,0.0,1028
GBPUSD,GBPUSD,2026-09-29T19:57:11.475915+00:00,1790557258,1790557258371,1.32331,1.3237700000000001,0.0,0.0,0.0,1154
GBPUSD,GBPUSD,2026-09-29T19:57:11.475915+00:00,1790557258,1790557258773,1.32331,1.32381,0.0,0.0,0.0,1028
GBPUSD,GBPUSD,2026-09-29T19:57:11.475915+00:00,1790557260,1790557260082,1.32329,1.32381,0.0,0.0,0.0,1154
GBPUSD,GBPUSD,2026-09-29T19:57:11.475915+00:00,1790557260,1790557260483,1.32329,1.32382,0.0,0.0,0.0,1028
GBPUSD,GBPUSD,2026-09-29T19:57:11.475915+00:00,1790557261,1790557261490,1.32329,1.32379,0.0,0.0,0.0,1028
GBPUSD,GBPUSD,2026-09-29T19:57:11.475915+00:00,1790557261,1790557261893,1.32331,1.32375,0.0,0.0,0.0,1158
GBPUSD,GBPUSD,2026-09-29T19:57:11.475915+00:00,1790557262,1790557262295,1.32328,1.32383,0.0,0.0,0.0,1158
GBPUSD,GBPUSD,2026-09-29T19:57:11.475915+00:00,1790557262,1790557262699,1.32329,1.32371,0.0,0.0,0.0,1158
GBPUSD,GBPUSD,2026-09-29T19:57:11.475915+00:00,1790557263,1790557263202,1.3233,1.32372,0.0,0.0,0.0,1158
GBPUSD,GBPUSD,2026-09-29T19:57:11.475915+00:00,1790557263,1790557263805,1.32329,1.32382,0.0,0.0,0.0,1158
GBPUSD,GBPUSD,2026-09-29T19:57:11.475915+00:00,1790557264,1790557264208,1.32329,1.32376,0.0,0.0,0.0,1028
GBPUSD,GBPUSD,2026-09-29T19:57:11.475915+00:00,1790557264,1790557264609,1.32331,1.32376,0.0,0.0,0.0,1154
GBPUSD,GBPUSD,2026-09-29T19:57:11.475915+00:00,1790557265,1790557265113,1.32331,1.32389,0.0,0.0,0.0,1028
GBPUSD,GBPUSD,2026-09-29T19:57:11.475915+00:00,1790557269,1790557269139,1.32331,1.32383,0.0,0.0,0.0,1028
GBPUSD,GBPUSD,2026-09-29T19:57:11.475915+00:00,1790557269,1790557269541,1.32332,1.32381,0.0,0.0,0.0,1158
GBPUSD,GBPUSD,2026-09-29T19:57:11.475915+00:00,1790557269,1790557269942,1.3235299999999999,1.32383,0.0,0.0,0.0,1158
GBPUSD,GBPUSD,2026-09-29T19:57:11.475915+00:00,1790557270,1790557270345,1.32347,1.32391,0.0,0.0,0.0,1158
GBPUSD,GBPUSD,2026-09-29T19:57:11.475915+00:00,1790557270,1790557270747,1.32346,1.32395,0.0,0.0,0.0,1158
GBPUSD,GBPUSD,2026-09-29T19:57:11.475915+00:00,1790557271,1790557271150,1.32347,1.32393,0.0,0.0,0.0,1158
GBPUSD,GBPUSD,2026-09-29T19:57:11.475915+00:00,1790557271,1790557271553,1.32338,1.32393,0.0,0.0,0.0,1154
GBPUSD,GBPUSD,2026-09-29T19:57:11.475915+00:00,1790557271,1790557271956,1.32334,1.32393,0.0,0.0,0.0,1154
GBPUSD,GBPUSD,2026-09-29T19:57:11.475915+00:00,1790557272,1790557272358,1.32335,1.32393,0.0,0.0,0.0,1154
GBPUSD,GBPUSD,2026-09-29T19:57:11.475915+00:00,1790557272,1790557272760,1.32345,1.32393,0.0,0.0,0.0,1154
GBPUSD,GBPUSD,2026-09-29T19:57:11.475915+00:00,1790557273,1790557273566,1.3234,1.32393,0.0,0.0,0.0,1154
GBPUSD,GBPUSD,2026-09-29T19:57:11.475915+00:00,1790557273,1790557273968,1.32345,1.32393,0.0,0.0,0.0,1154
GBPUSD,GBPUSD,2026-09-29T19:57:11.475915+00:00,1790557274,1790557274371,1.32344,1.32376,0.0,0.0,0.0,1158
GBPUSD,GBPUSD,2026-09-29T19:57:11.475915+00:00,1790557274,1790557274773,1.32344,1.3237700000000001,0.0,0.0,0.0,1028
GBPUSD,GBPUSD,2026-09-29T19:57:11.475915+00:00,1790557275,1790557275176,1.32344,1.32375,0.0,0.0,0.0,1028
GBPUSD,GBPUSD,2026-09-29T19:57:11.475915+00:00,1790557275,1790557275883,1.32345,1.32376,0.0,0.0,0.0,1158
GBPUSD,GBPUSD,2026-09-29T19:57:11.475915+00:00,1790557276,1790557276286,1.3234,1.32381,0.0,0.0,0.0,1158
GBPUSD,GBPUSD,2026-09-29T19:57:11.475915+00:00,1790557276,1790557276689,1.3234,1.3237999999999999,0.0,0.0,0.0,1028
GBPUSD,GBPUSD,2026-09-29T19:57:11.475915+00:00,1790557277,1790557277090,1.32339,1.32379,0.0,0.0,0.0,1158
GBPUSD,GBPUSD,2026-09-29T19:57:11.475915+00:00,1790557277,1790557277493,1.32342,1.32375,0.0,0.0,0.0,1158
GBPUSD,GBPUSD,2026-09-29T19:57:11.475915+00:00,1790557277,1790557277896,1.32337,1.3237999999999999,0.0,0.0,0.0,1158
GBPUSD,GBPUSD,2026-09-29T19:57:11.475915+00:00,1790557278,1790557278298,1.3234,1.32385,0.0,0.0,0.0,1158
GBPUSD,GBPUSD,2026-09-29T19:57:11.475915+00:00,1790557278,1790557278701,1.32345,1.32374,0.0,0.0,0.0,1158
GBPUSD,GBPUSD,2026-09-29T19:57:11.475915+00:00,1790557279,1790557279104,1.32346,1.32375,0.0,0.0,0.0,1158
GBPUSD,GBPUSD,2026-09-29T19:57:11.475915+00:00,1790557285,1790557285144,1.32347,1.32376,0.0,0.0,0.0,1158
GBPUSD,GBPUSD,2026-09-29T19:57:11.475915+00:00,1790557285,1790557285547,1.32346,1.32375,0.0,0.0,0.0,1158
GBPUSD,GBPUSD,2026-09-29T19:57:11.475915+00:00,1790557286,1790557286655,1.3234,1.32385,0.0,0.0,0.0,1158
GBPUSD,GBPUSD,2026-09-29T19:57:11.475915+00:00,1790557287,1790557287057,1.32347,1.32376,0.0,0.0,0.0,1158
GBPUSD,GBPUSD,2026-09-29T19:57:11.475915+00:00,1790557287,1790557287560,1.32348,1.3237700000000001,0.0,0.0,0.0,1158
GBPUSD,GBPUSD,2026-09-29T19:57:11.475915+00:00,1790557289,1790557289270,1.32347,1.32376,0.0,0.0,0.0,1158
GBPUSD,GBPUSD,2026-09-29T19:57:11.475915+00:00,1790557289,1790557289875,1.3234,1.3238400000000001,0.0,0.0,0.0,1158
GBPUSD,GBPUSD,2026-09-29T19:57:11.475915+00:00,1790557290,1790557290277,1.32347,1.32376,0.0,0.0,0.0,1158
GBPUSD,GBPUSD,2026-09-29T19:57:11.475915+00:00,1790557290,1790557290680,1.32347,1.32373,0.0,0.0,0.0,1028
GBPUSD,GBPUSD,2026-09-29T19:57:11.475915+00:00,1790557291,1790557291082,1.32346,1.32375,0.0,0.0,0.0,1158
GBPUSD,GBPUSD,2026-09-29T19:57:11.475915+00:00,1790557291,1790557291485,1.32345,1.32374,0.0,0.0,0.0,1158
GBPUSD,GBPUSD,2026-09-29T19:57:11.475915+00:00,1790557291,1790557291888,1.32345,1.32373,0.0,0.0,0.0,1028
GBPUSD,GBPUSD,2026-09-29T19:57:11.475915+00:00,1790557294,1790557294405,1.32341,1.3237999999999999,0.0,0.0,0.0,1158
GBPUSD,GBPUSD,2026-09-29T19:57:11.475915+00:00,1790557294,1790557294808,1.32339,1.32374,0.0,0.0,0.0,1158
GBPUSD,GBPUSD,2026-09-29T19:57:11.475915+00:00,1790557295,1790557295613,1.3232599999999999,1.32363,0.0,0.0,0.0,1158
GBPUSD,GBPUSD,2026-09-29T19:57:11.475915+00:00,1790557296,1790557296016,1.32325,1.32367,0.0,0.0,0.0,1158
GBPUSD,GBPUSD,2026-09-29T19:57:11.475915+00:00,1790557296,1790557296418,1.32327,1.32362,0.0,0.0,0.0,1158
GBPUSD,GBPUSD,2026-09-29T19:57:11.475915+00:00,1790557296,1790557296822,1.32328,1.32371,0.0,0.0,0.0,1158
GBPUSD,GBPUSD,2026-09-29T19:57:11.475915+00:00,1790557297,1790557297628,1.32329,1.32372,0.0,0.0,0.0,1158
GBPUSD,GBPUSD,2026-09-29T19:57:11.475915+00:00,1790557298,1790557298031,1.32328,1.32371,0.0,0.0,0.0,1158
GBPUSD,GBPUSD,2026-09-29T19:57:11.475915+00:00,1790557298,1790557298433,1.32328,1.32372,0.0,0.0,0.0,1028
GBPUSD,GBPUSD,2026-09-29T19:57:11.475915+00:00,1790557298,1790557298835,1.32327,1.32372,0.0,0.0,0.0,1154
GBPUSD,GBPUSD,2026-09-29T19:57:11.475915+00:00,1790557299,1790557299238,1.32327,1.32371,0.0,0.0,0.0,1028
GBPUSD,GBPUSD,2026-09-29T19:57:11.475915+00:00,1790557299,1790557299640,1.32327,1.3237,0.0,0.0,0.0,1028
GBPUSD,GBPUSD,2026-09-29T19:57:11.475915+00:00,1790557300,1790557300042,1.32327,1.32371,0.0,0.0,0.0,1028
GBPUSD,GBPUSD,2026-09-29T19:57:11.475915+00:00,1790557300,1790557300445,1.32327,1.32372,0.0,0.0,0.0,1028
GBPUSD,GBPUSD,2026-09-29T19:57:11.475915+00:00,1790557300,1790557300848,1.32318,1.32371,0.0,0.0,0.0,1158
GBPUSD,GBPUSD,2026-09-29T19:57:11.475915+00:00,1790557301,1790557301251,1.32327,1.32369,0.0,0.0,0.0,1158
GBPUSD,GBPUSD,2026-09-29T19:57:11.475915+00:00,1790557305,1790557305178,1.32327,1.32368,0.0,0.0,0.0,1028
GBPUSD,GBPUSD,2026-09-29T19:57:11.475915+00:00,1790557305,1790557305581,1.32327,1.32372,0.0,0.0,0.0,1028
GBPUSD,GBPUSD,2026-09-29T19:57:11.475915+00:00,1790557306,1790557306184,1.32327,1.32373,0.0,0.0,0.0,1028
GBPUSD,GBPUSD,2026-09-29T19:57:11.475915+00:00,1790557306,1790557306587,1.32327,1.32369,0.0,0.0,0.0,1028
GBPUSD,GBPUSD,2026-09-29T19:57:11.475915+00:00,1790557306,1790557306989,1.32327,1.32367,0.0,0.0,0.0,1028
GBPUSD,GBPUSD,2026-09-29T19:57:11.475915+00:00,1790557311,1790557311417,1.32324,1.32367,0.0,0.0,0.0,1154
GBPUSD,GBPUSD,2026-09-29T19:57:11.475915+00:00,1790557311,1790557311821,1.32327,1.32364,0.0,0.0,0.0,1158
GBPUSD,GBPUSD,2026-09-29T19:57:11.475915+00:00,1790557312,1790557312223,1.32298,1.3235700000000001,0.0,0.0,0.0,1158
GBPUSD,GBPUSD,2026-09-29T19:57:11.475915+00:00,1790557312,1790557312626,1.32308,1.3235299999999999,0.0,0.0,0.0,1158
GBPUSD,GBPUSD,2026-09-29T19:57:11.475915+00:00,1790557313,1790557313028,1.32308,1.32355,0.0,0.0,0.0,1028
GBPUSD,GBPUSD,2026-09-29T19:57:11.475915+00:00,1790557313,1790557313430,1.32313,1.32354,0.0,0.0,0.0,1158
GBPUSD,GBPUSD,2026-09-29T19:57:11.475915+00:00,1790557313,1790557313833,1.32313,1.32348,0.0,0.0,0.0,1028
GBPUSD,GBPUSD,2026-09-29T19:57:11.475915+00:00,1790557314,1790557314235,1.32297,1.32355,0.0,0.0,0.0,1158
GBPUSD,GBPUSD,2026-09-29T19:57:11.475915+00:00,1790557314,1790557314638,1.32304,1.3235000000000001,0.0,0.0,0.0,1158
GBPUSD,GBPUSD,2026-09-29T19:57:11.475915+00:00,1790557315,1790557315040,1.32298,1.32356,0.0,0.0,0.0,1158
GBPUSD,GBPUSD,2026-09-29T19:57:11.475915+00:00,1790557315,1790557315443,1.3229199999999999,1.32356,0.0,0.0,0.0,1154
GBPUSD,GBPUSD,2026-09-29T19:57:11.475915+00:00,1790557315,1790557315845,1.32304,1.32347,0.0,0.0,0.0,1158
GBPUSD,GBPUSD,2026-09-29T19:57:11.475915+00:00,1790557316,1790557316248,1.32287,1.32354,0.0,0.0,0.0,1158
GBPUSD,GBPUSD,2026-09-29T19:57:11.475915+00:00,1790557316,1790557316651,1.323,1.32354,0.0,0.0,0.0,1154
GBPUSD,GBPUSD,2026-09-29T19:57:11.475915+00:00,1790557317,1790557317053,1.32298,1.3235299999999999,0.0,0.0,0.0,1158
GBPUSD,GBPUSD,2026-09-29T19:57:11.475915+00:00,1790557317,1790557317456,1.3228,1.32361,0.0,0.0,0.0,1158
GBPUSD,GBPUSD,2026-09-29T19:57:11.475915+00:00,1790557317,1790557317859,1.32295,1.32362,0.0,0.0,0.0,1158
GBPUSD,GBPUSD,2026-09-29T19:57:11.475915+00:00,1790557318,1790557318261,1.32309,1.32355,0.0,0.0,0.0,1158
GBPUSD,GBPUSD,2026-09-29T19:57:11.475915+00:00,1790557318,1790557318663,1.32309,1.3235700000000001,0.0,0.0,0.0,1028
GBPUSD,GBPUSD,2026-09-29T19:57:11.475915+00:00,1790557319,1790557319066,1.32307,1.3235700000000001,0.0,0.0,0.0,1154
GBPUSD,GBPUSD,2026-09-29T19:57:11.475915+00:00,1790557319,1790557319469,1.32314,1.32352,0.0,0.0,0.0,1158
GBPUSD,GBPUSD,2026-09-29T19:57:11.475915+00:00,1790557319,1790557319872,1.3231600000000001,1.32351,0.0,0.0,0.0,1158
GBPUSD,GBPUSD,2026-09-29T19:57:11.475915+00:00,1790557320,1790557320274,1.32313,1.3235000000000001,0.0,0.0,0.0,1158
GBPUSD,GBPUSD,2026-09-29T19:57:11.475915+00:00,1790557320,1790557320678,1.32295,1.32359,0.0,0.0,0.0,1158
GBPUSD,GBPUSD,2026-09-29T19:57:11.475915+00:00,1790557321,1790557321081,1.32314,1.32358,0.0,0.0,0.0,1158
GBPUSD,GBPUSD,2026-09-29T19:57:11.475915+00:00,1790557321,1790557321483,1.32311,1.32359,0.0,0.0,0.0,1158
GBPUSD,GBPUSD,2026-09-29T19:57:11.475915+00:00,1790557321,1790557321886,1.3231899999999999,1.32351,0.0,0.0,0.0,1158
GBPUSD,GBPUSD,2026-09-29T19:57:11.475915+00:00,1790557322,1790557322289,1.32301,1.32367,0.0,0.0,0.0,1158
GBPUSD,GBPUSD,2026-09-29T19:57:11.475915+00:00,1790557322,1790557322692,1.32306,1.32362,0.0,0.0,0.0,1158
GBPUSD,GBPUSD,2026-09-29T19:57:11.475915+00:00,1790557323,1790557323094,1.32309,1.3235299999999999,0.0,0.0,0.0,1158
GBPUSD,GBPUSD,2026-09-29T19:57:11.475915+00:00,1790557323,1790557323496,1.32313,1.32351,0.0,0.0,0.0,1158
GBPUSD,GBPUSD,2026-09-29T19:57:11.475915+00:00,1790557324,1790557324302,1.32314,1.32352,0.0,0.0,0.0,1158
GBPUSD,GBPUSD,2026-09-29T19:57:11.475915+00:00,1790557324,1790557324704,1.32304,1.32364,0.0,0.0,0.0,1158
GBPUSD,GBPUSD,2026-09-29T19:57:11.475915+00:00,1790557325,1790557325107,1.3231600000000001,1.32354,0.0,0.0,0.0,1158
GBPUSD,GBPUSD,2026-09-29T19:57:11.475915+00:00,1790557325,1790557325509,1.32311,1.32354,0.0,0.0,0.0,1154
GBPUSD,GBPUSD,2026-09-29T19:57:11.475915+00:00,1790557325,1790557325912,1.32318,1.3235299999999999,0.0,0.0,0.0,1158
GBPUSD,GBPUSD,2026-09-29T19:57:11.475915+00:00,1790557326,1790557326314,1.3231600000000001,1.32355,0.0,0.0,0.0,1158
GBPUSD,GBPUSD,2026-09-29T19:57:11.475915+00:00,1790557326,1790557326716,1.32302,1.32366,0.0,0.0,0.0,1158
GBPUSD,GBPUSD,2026-09-29T19:57:11.475915+00:00,1790557327,1790557327119,1.32315,1.32354,0.0,0.0,0.0,1158
GBPUSD,GBPUSD,2026-09-29T19:57:11.475915+00:00,1790557327,1790557327623,1.3231600000000001,1.32352,0.0,0.0,0.0,1158
GBPUSD,GBPUSD,2026-09-29T19:57:11.475915+00:00,1790557328,1790557328025,1.32318,1.32351,0.0,0.0,0.0,1158
GBPUSD,GBPUSD,2026-09-29T19:57:11.475915+00:00,1790557328,1790557328931,1.32304,1.32364,0.0,0.0,0.0,1158
GBPUSD,GBPUSD,2026-09-29T19:57:11.475915+00:00,1790557329,1790557329333,1.32308,1.32343,0.0,0.0,0.0,1158
GBPUSD,GBPUSD,2026-09-29T19:57:11.475915+00:00,1790557329,1790557329736,1.32308,1.32347,0.0,0.0,0.0,1028
GBPUSD,GBPUSD,2026-09-29T19:57:11.475915+00:00,1790557330,1790557330139,1.32309,1.32359,0.0,0.0,0.0,1158
GBPUSD,GBPUSD,2026-09-29T19:57:11.475915+00:00,1790557331,1790557331548,1.3228900000000001,1.32359,0.0,0.0,0.0,1154
GBPUSD,GBPUSD,2026-09-29T19:57:11.475915+00:00,1790557331,1790557331951,1.32314,1.32347,0.0,0.0,0.0,1158
GBPUSD,GBPUSD,2026-09-29T19:57:11.475915+00:00,1790557332,1790557332353,1.3229600000000001,1.32354,0.0,0.0,0.0,1158
GBPUSD,GBPUSD,2026-09-29T19:57:11.475915+00:00,1790557332,1790557332756,1.32293,1.3235299999999999,0.0,0.0,0.0,1158
GBPUSD,GBPUSD,2026-09-29T19:57:11.475915+00:00,1790557333,1790557333159,1.32311,1.32344,0.0,0.0,0.0,1158
GBPUSD,GBPUSD,2026-09-29T19:57:11.475915+00:00,1790557333,1790557333562,1.3231,1.32343,0.0,0.0,0.0,1158
GBPUSD,GBPUSD,2026-09-29T19:57:11.475915+00:00,1790557333,1790557333965,1.32311,1.32342,0.0,0.0,0.0,1158
GBPUSD,GBPUSD,2026-09-29T19:57:11.475915+00:00,1790557338,1790557338396,1.32312,1.3234,0.0,0.0,0.0,1158
GBPUSD,GBPUSD,2026-09-29T19:57:11.475915+00:00,1790557338,1790557338799,1.32313,1.3234,0.0,0.0,0.0,1154
GBPUSD,GBPUSD,2026-09-29T19:57:11.475915+00:00,1790557339,1790557339202,1.32303,1.32349,0.0,0.0,0.0,1158
GBPUSD,GBPUSD,2026-09-29T19:57:11.475915+00:00,1790557340,1790557340006,1.32302,1.3235000000000001,0.0,0.0,0.0,1158
GBPUSD,GBPUSD,2026-09-29T19:57:11.475915+00:00,1790557340,1790557340409,1.32311,1.32338,0.0,0.0,0.0,1158
GBPUSD,GBPUSD,2026-09-29T19:57:11.475915+00:00,1790557342,1790557342927,1.32298,1.32351,0.0,0.0,0.0,1158
GBPUSD,GBPUSD,2026-09-29T19:57:11.475915+00:00,1790557343,1790557343329,1.32305,1.32347,0.0,0.0,0.0,1158
GBPUSD,GBPUSD,2026-09-29T19:57:11.475915+00:00,1790557343,1790557343732,1.3229899999999999,1.32356,0.0,0.0,0.0,1158
GBPUSD,GBPUSD,2026-09-29T19:57:11.475915+00:00,1790557344,1790557344135,1.32302,1.32352,0.0,0.0,0.0,1158
GBPUSD,GBPUSD,2026-09-29T19:57:11.475915+00:00,1790557344,1790557344537,1.32306,1.32348,0.0,0.0,0.0,1158
GBPUSD,GBPUSD,2026-09-29T19:57:11.475915+00:00,1790557344,1790557344939,1.32297,1.32352,0.0,0.0,0.0,1158
GBPUSD,GBPUSD,2026-09-29T19:57:11.475915+00:00,1790557345,1790557345241,1.32305,1.32348,0.0,0.0,0.0,1158
GBPUSD,GBPUSD,2026-09-29T19:57:11.475915+00:00,1790557346,1790557346148,1.32304,1.32346,0.0,0.0,0.0,1158
GBPUSD,GBPUSD,2026-09-29T19:57:11.475915+00:00,1790557346,1790557346551,1.32304,1.32348,0.0,0.0,0.0,1028
GBPUSD,GBPUSD,2026-09-29T19:57:11.475915+00:00,1790557347,1790557347055,1.32295,1.32351,0.0,0.0,0.0,1158
GBPUSD,GBPUSD,2026-09-29T19:57:11.475915+00:00,1790557347,1790557347457,1.32305,1.32346,0.0,0.0,0.0,1158
GBPUSD,GBPUSD,2026-09-29T19:57:11.475915+00:00,1790557347,1790557347960,1.32306,1.32347,0.0,0.0,0.0,1158
GBPUSD,GBPUSD,2026-09-29T19:57:11.475915+00:00,1790557348,1790557348362,1.32305,1.32348,0.0,0.0,0.0,1158
GBPUSD,GBPUSD,2026-09-29T19:57:11.475915+00:00,1790557348,1790557348765,1.32306,1.32348,0.0,0.0,0.0,1154
GBPUSD,GBPUSD,2026-09-29T19:57:11.475915+00:00,1790557349,1790557349167,1.32303,1.32346,0.0,0.0,0.0,1158
GBPUSD,GBPUSD,2026-09-29T19:57:11.475915+00:00,1790557349,1790557349570,1.32294,1.32351,0.0,0.0,0.0,1158
GBPUSD,GBPUSD,2026-09-29T19:57:11.475915+00:00,1790557349,1790557349973,1.32294,1.3235000000000001,0.0,0.0,0.0,1028
GBPUSD,GBPUSD,2026-09-29T19:57:11.475915+00:00,1790557350,1790557350375,1.32304,1.32348,0.0,0.0,0.0,1158
GBPUSD,GBPUSD,2026-09-29T19:57:11.475915+00:00,1790557350,1790557350777,1.323,1.3235000000000001,0.0,0.0,0.0,1158
GBPUSD,GBPUSD,2026-09-29T19:57:11.475915+00:00,1790557351,1790557351180,1.32305,1.32338,0.0,0.0,0.0,1158
GBPUSD,GBPUSD,2026-09-29T19:57:11.475915+00:00,1790557351,1790557351583,1.32302,1.3234,0.0,0.0,0.0,1158
GBPUSD,GBPUSD,2026-09-29T19:57:11.475915+00:00,1790557351,1790557351985,1.32269,1.32349,0.0,0.0,0.0,1158
GBPUSD,GBPUSD,2026-09-29T19:57:11.475915+00:00,1790557352,1790557352791,1.32298,1.32344,0.0,0.0,0.0,1158
GBPUSD,GBPUSD,2026-09-29T19:57:11.475915+00:00,1790557353,1790557353194,1.32269,1.32349,0.0,0.0,0.0,1158
GBPUSD,GBPUSD,2026-09-29T19:57:11.475915+00:00,1790557353,1790557353598,1.32298,1.32344,0.0,0.0,0.0,1158
GBPUSD,GBPUSD,2026-09-29T19:57:11.475915+00:00,1790557354,1790557354100,1.32297,1.32343,0.0,0.0,0.0,1158
GBPUSD,GBPUSD,2026-09-29T19:57:11.475915+00:00,1790557354,1790557354503,1.32305,1.32337,0.0,0.0,0.0,1158
GBPUSD,GBPUSD,2026-09-29T19:57:11.475915+00:00,1790557354,1790557354906,1.32298,1.32344,0.0,0.0,0.0,1158
GBPUSD,GBPUSD,2026-09-29T19:57:11.475915+00:00,1790557355,1790557355308,1.32301,1.32341,0.0,0.0,0.0,1158
GBPUSD,GBPUSD,2026-09-29T19:57:11.475915+00:00,1790557355,1790557355711,1.32305,1.32336,0.0,0.0,0.0,1158
GBPUSD,GBPUSD,2026-09-29T19:57:11.475915+00:00,1790557356,1790557356315,1.323,1.3234,0.0,0.0,0.0,1158
GBPUSD,GBPUSD,2026-09-29T19:57:11.475915+00:00,1790557356,1790557356516,1.32286,1.32348,0.0,0.0,0.0,1158
GBPUSD,GBPUSD,2026-09-29T19:57:11.475915+00:00,1790557356,1790557356918,1.32305,1.32335,0.0,0.0,0.0,1158
GBPUSD,GBPUSD,2026-09-29T19:57:11.475915+00:00,1790557357,1790557357321,1.32285,1.3235000000000001,0.0,0.0,0.0,1158
GBPUSD,GBPUSD,2026-09-29T19:57:11.475915+00:00,1790557357,1790557357724,1.323,1.3234,0.0,0.0,0.0,1158
GBPUSD,GBPUSD,2026-09-29T19:57:11.475915+00:00,1790557358,1790557358630,1.32279,1.32349,0.0,0.0,0.0,1158
GBPUSD,GBPUSD,2026-09-29T19:57:11.475915+00:00,1790557359,1790557359032,1.32303,1.32345,0.0,0.0,0.0,1158
GBPUSD,GBPUSD,2026-09-29T19:57:11.475915+00:00,1790557359,1790557359838,1.32302,1.32346,0.0,0.0,0.0,1158
GBPUSD,GBPUSD,2026-09-29T19:57:11.475915+00:00,1790557360,1790557360240,1.32304,1.32346,0.0,0.0,0.0,1154
GBPUSD,GBPUSD,2026-09-29T19:57:11.475915+00:00,1790557360,1790557360646,1.3229199999999999,1.32349,0.0,0.0,0.0,1158
GBPUSD,GBPUSD,2026-09-29T19:57:11.475915+00:00,1790557361,1790557361048,1.3229199999999999,1.3235000000000001,0.0,0.0,0.0,1028
GBPUSD,GBPUSD,2026-09-29T19:57:11.475915+00:00,1790557361,1790557361451,1.32303,1.32347,0.0,0.0,0.0,1158
GBPUSD,GBPUSD,2026-09-29T19:57:11.475915+00:00,1790557361,1790557361855,1.32305,1.32346,0.0,0.0,0.0,1158
GBPUSD,GBPUSD,2026-09-29T19:57:11.475915+00:00,1790557362,1790557362258,1.32303,1.32346,0.0,0.0,0.0,1154
GBPUSD,GBPUSD,2026-09-29T19:57:11.475915+00:00,1790557362,1790557362660,1.32305,1.32345,0.0,0.0,0.0,1158
GBPUSD,GBPUSD,2026-09-29T19:57:11.475915+00:00,1790557363,1790557363163,1.32302,1.32347,0.0,0.0,0.0,1158
GBPUSD,GBPUSD,2026-09-29T19:57:11.475915+00:00,1790557363,1790557363566,1.32304,1.3235000000000001,0.0,0.0,0.0,1158
GBPUSD,GBPUSD,2026-09-29T19:57:11.475915+00:00,1790557363,1790557363969,1.32304,1.3235299999999999,0.0,0.0,0.0,1028
GBPUSD,GBPUSD,2026-09-29T19:57:11.475915+00:00,1790557364,1790557364372,1.32304,1.32354,0.0,0.0,0.0,1028
GBPUSD,GBPUSD,2026-09-29T19:57:11.475915+00:00,1790557364,1790557364774,1.32305,1.32351,0.0,0.0,0.0,1158
GBPUSD,GBPUSD,2026-09-29T19:57:11.475915+00:00,1790557365,1790557365177,1.32313,1.32355,0.0,0.0,0.0,1158
GBPUSD,GBPUSD,2026-09-29T19:57:11.475915+00:00,1790557365,1790557365579,1.32317,1.32358,0.0,0.0,0.0,1158
GBPUSD,GBPUSD,2026-09-29T19:57:11.475915+00:00,1790557365,1790557365981,1.32306,1.3235999999999999,0.0,0.0,0.0,1158
GBPUSD,GBPUSD,2026-09-29T19:57:11.475915+00:00,1790557366,1790557366384,1.32307,1.32358,0.0,0.0,0.0,1158
GBPUSD,GBPUSD,2026-09-29T19:57:11.475915+00:00,1790557366,1790557366785,1.32305,1.3235700000000001,0.0,0.0,0.0,1158
GBPUSD,GBPUSD,2026-09-29T19:57:11.475915+00:00,1790557367,1790557367188,1.32303,1.32359,0.0,0.0,0.0,1158
GBPUSD,GBPUSD,2026-09-29T19:57:11.475915+00:00,1790557367,1790557367590,1.32304,1.32354,0.0,0.0,0.0,1158
GBPUSD,GBPUSD,2026-09-29T19:57:11.475915+00:00,1790557367,1790557367992,1.32306,1.32355,0.0,0.0,0.0,1158
GBPUSD,GBPUSD,2026-09-29T19:57:11.475915+00:00,1790557368,1790557368396,1.32291,1.32359,0.0,0.0,0.0,1158
GBPUSD,GBPUSD,2026-09-29T19:57:11.475915+00:00,1790557368,1790557368799,1.32305,1.32354,0.0,0.0,0.0,1158
GBPUSD,GBPUSD,2026-09-29T19:57:11.475915+00:00,1790557369,1790557369202,1.32306,1.32356,0.0,0.0,0.0,1158
GBPUSD,GBPUSD,2026-09-29T19:57:11.475915+00:00,1790557369,1790557369604,1.32308,1.32355,0.0,0.0,0.0,1158
GBPUSD,GBPUSD,2026-09-29T19:57:11.475915+00:00,1790557370,1790557370006,1.32305,1.32355,0.0,0.0,0.0,1154
GBPUSD,GBPUSD,2026-09-29T19:57:11.475915+00:00,1790557370,1790557370409,1.32304,1.32354,0.0,0.0,0.0,1158
GBPUSD,GBPUSD,2026-09-29T19:57:11.475915+00:00,1790557371,1790557371215,1.32305,1.32355,0.0,0.0,0.0,1158
GBPUSD,GBPUSD,2026-09-29T19:57:11.475915+00:00,1790557371,1790557371617,1.32305,1.32354,0.0,0.0,0.0,1028
GBPUSD,GBPUSD,2026-09-29T19:57:11.475915+00:00,1790557373,1790557373227,1.32304,1.3235299999999999,0.0,0.0,0.0,1158
GBPUSD,GBPUSD,2026-09-29T19:57:11.475915+00:00,1790557373,1790557373629,1.32303,1.32354,0.0,0.0,0.0,1158
GBPUSD,GBPUSD,2026-09-29T19:57:11.475915+00:00,1790557374,1790557374032,1.32306,1.3235299999999999,0.0,0.0,0.0,1158
GBPUSD,GBPUSD,2026-09-29T19:57:11.475915+00:00,1790557374,1790557374434,1.3231,1.3235000000000001,0.0,0.0,0.0,1158
GBPUSD,GBPUSD,2026-09-29T19:57:11.475915+00:00,1790557374,1790557374837,1.32309,1.32349,0.0,0.0,0.0,1158
GBPUSD,GBPUSD,2026-09-29T19:57:11.475915+00:00,1790557375,1790557375239,1.3231,1.32347,0.0,0.0,0.0,1158
GBPUSD,GBPUSD,2026-09-29T19:57:11.475915+00:00,1790557375,1790557375643,1.32309,1.32349,0.0,0.0,0.0,1158
GBPUSD,GBPUSD,2026-09-29T19:57:11.475915+00:00,1790557376,1790557376046,1.3229600000000001,1.3235999999999999,0.0,0.0,0.0,1158
GBPUSD,GBPUSD,2026-09-29T19:57:11.475915+00:00,1790557376,1790557376449,1.32309,1.32352,0.0,0.0,0.0,1158
GBPUSD,GBPUSD,2026-09-29T19:57:11.475915+00:00,1790557376,1790557376852,1.32275,1.32364,0.0,0.0,0.0,1158
GBPUSD,GBPUSD,2026-09-29T19:57:11.475915+00:00,1790557377,1790557377255,1.32313,1.3235700000000001,0.0,0.0,0.0,1158
GBPUSD,GBPUSD,2026-09-29T19:57:11.475915+00:00,1790557377,1790557377657,1.32314,1.32358,0.0,0.0,0.0,1158
GBPUSD,GBPUSD,2026-09-29T19:57:11.475915+00:00,1790557379,1790557379067,1.32303,1.32363,0.0,0.0,0.0,1158
GBPUSD,GBPUSD,2026-09-29T19:57:11.475915+00:00,1790557379,1790557379872,1.32278,1.32363,0.0,0.0,0.0,1154
GBPUSD,GBPUSD,2026-09-29T19:57:11.475915+00:00,1790557380,1790557380275,1.32291,1.32361,0.0,0.0,0.0,1158
GBPUSD,GBPUSD,2026-09-29T19:57:11.475915+00:00,1790557380,1790557380678,1.32311,1.32354,0.0,0.0,0.0,1158
GBPUSD,GBPUSD,2026-09-29T19:57:11.475915+00:00,1790557381,1790557381080,1.32301,1.32362,0.0,0.0,0.0,1158
GBPUSD,GBPUSD,2026-09-29T19:57:11.475915+00:00,1790557381,1790557381785,1.32301,1.32361,0.0,0.0,0.0,1028
GBPUSD,GBPUSD,2026-09-29T19:57:11.475915+00:00,1790557382,1790557382188,1.3229600000000001,1.32361,0.0,0.0,0.0,1154
GBPUSD,GBPUSD,2026-09-29T19:57:11.475915+00:00,1790557382,1790557382591,1.323,1.32361,0.0,0.0,0.0,1154
GBPUSD,GBPUSD,2026-09-29T19:57:11.475915+00:00,1790557382,1790557382993,1.32312,1.32356,0.0,0.0,0.0,1158
GBPUSD,GBPUSD,2026-09-29T19:57:11.475915+00:00,1790557384,1790557384102,1.3229899999999999,1.32361,0.0,0.0,0.0,1158
GBPUSD,GBPUSD,2026-09-29T19:57:11.475915+00:00,1790557384,1790557384506,1.32313,1.3235700000000001,0.0,0.0,0.0,1158
GBPUSD,GBPUSD,2026-09-29T19:57:11.475915+00:00,1790557385,1790557385312,1.32313,1.32356,0.0,0.0,0.0,1028
GBPUSD,GBPUSD,2026-09-29T19:57:11.475915+00:00,1790557386,1790557386520,1.32301,1.32363,0.0,0.0,0.0,1158
GBPUSD,GBPUSD,2026-09-29T19:57:11.475915+00:00,1790557386,1790557386923,1.32312,1.32355,0.0,0.0,0.0,1158
GBPUSD,GBPUSD,2026-09-29T19:57:11.475915+00:00,1790557388,1790557388231,1.32301,1.32361,0.0,0.0,0.0,1158
GBPUSD,GBPUSD,2026-09-29T19:57:11.475915+00:00,1790557388,1790557388632,1.32312,1.32355,0.0,0.0,0.0,1158
GBPUSD,GBPUSD,2026-09-29T19:57:11.475915+00:00,1790557389,1790557389236,1.32312,1.32354,0.0,0.0,0.0,1028
GBPUSD,GBPUSD,2026-09-29T19:57:11.475915+00:00,1790557389,1790557389741,1.3231,1.32356,0.0,0.0,0.0,1158
GBPUSD,GBPUSD,2026-09-29T19:57:11.475915+00:00,1790557390,1790557390144,1.32302,1.32362,0.0,0.0,0.0,1158
GBPUSD,GBPUSD,2026-09-29T19:57:11.475915+00:00,1790557390,1790557390546,1.3229600000000001,1.32363,0.0,0.0,0.0,1158
GBPUSD,GBPUSD,2026-09-29T19:57:11.475915+00:00,1790557390,1790557390949,1.32295,1.32363,0.0,0.0,0.0,1154
GBPUSD,GBPUSD,2026-09-29T19:57:11.475915+00:00,1790557391,1790557391352,1.32303,1.32363,0.0,0.0,0.0,1154
GBPUSD,GBPUSD,2026-09-29T19:57:11.475915+00:00,1790557391,1790557391754,1.32302,1.32363,0.0,0.0,0.0,1154
GBPUSD,GBPUSD,2026-09-29T19:57:11.475915+00:00,1790557392,1790557392258,1.32302,1.32362,0.0,0.0,0.0,1028
GBPUSD,GBPUSD,2026-09-29T19:57:11.475915+00:00,1790557393,1790557393565,1.32301,1.32362,0.0,0.0,0.0,1154
GBPUSD,GBPUSD,2026-09-29T19:57:11.475915+00:00,1790557394,1790557394270,1.32295,1.32362,0.0,0.0,0.0,1154
GBPUSD,GBPUSD,2026-09-29T19:57:11.475915+00:00,1790557394,1790557394672,1.32301,1.32362,0.0,0.0,0.0,1154
GBPUSD,GBPUSD,2026-09-29T19:57:11.475915+00:00,1790557395,1790557395075,1.3229899999999999,1.32362,0.0,0.0,0.0,1154
GBPUSD,GBPUSD,2026-09-29T19:57:11.475915+00:00,1790557395,1790557395477,1.3229600000000001,1.32362,0.0,0.0,0.0,1154
GBPUSD,GBPUSD,2026-09-29T19:57:11.475915+00:00,1790557395,1790557395881,1.32302,1.32362,0.0,0.0,0.0,1154
GBPUSD,GBPUSD,2026-09-29T19:57:11.475915+00:00,1790557396,1790557396484,1.32298,1.32362,0.0,0.0,0.0,1154
GBPUSD,GBPUSD,2026-09-29T19:57:11.475915+00:00,1790557397,1790557397288,1.323,1.32362,0.0,0.0,0.0,1154
GBPUSD,GBPUSD,2026-09-29T19:57:11.475915+00:00,1790557397,1790557397691,1.32302,1.32362,0.0,0.0,0.0,1154
GBPUSD,GBPUSD,2026-09-29T19:57:11.475915+00:00,1790557398,1790557398195,1.32309,1.32359,0.0,0.0,0.0,1158
GBPUSD,GBPUSD,2026-09-29T19:57:11.475915+00:00,1790557398,1790557398598,1.32315,1.32354,0.0,0.0,0.0,1158
GBPUSD,GBPUSD,2026-09-29T19:57:11.475915+00:00,1790557399,1790557399000,1.32315,1.3235299999999999,0.0,0.0,0.0,1028
GBPUSD,GBPUSD,2026-09-29T19:57:11.475915+00:00,1790557399,1790557399806,1.32308,1.3235999999999999,0.0,0.0,0.0,1158
GBPUSD,GBPUSD,2026-09-29T19:57:11.475915+00:00,1790557401,1790557401014,1.32309,1.3235999999999999,0.0,0.0,0.0,1154
GBPUSD,GBPUSD,2026-09-29T19:57:11.475915+00:00,1790557401,1790557401417,1.3231,1.32361,0.0,0.0,0.0,1158
GBPUSD,GBPUSD,2026-09-29T19:57:11.475915+00:00,1790557406,1790557406550,1.32305,1.32363,0.0,0.0,0.0,1158
GBPUSD,GBPUSD,2026-09-29T19:57:11.475915+00:00,1790557406,1790557406953,1.32298,1.32363,0.0,0.0,0.0,1154
GBPUSD,GBPUSD,2026-09-29T19:57:11.475915+00:00,1790557407,1790557407355,1.32317,1.3235999999999999,0.0,0.0,0.0,1158
GBPUSD,GBPUSD,2026-09-29T19:57:11.475915+00:00,1790557407,1790557407758,1.32313,1.32366,0.0,0.0,0.0,1158
GBPUSD,GBPUSD,2026-09-29T19:57:11.475915+00:00,1790557408,1790557408161,1.3232,1.32361,0.0,0.0,0.0,1158
GBPUSD,GBPUSD,2026-09-29T19:57:11.475915+00:00,1790557408,1790557408564,1.3231600000000001,1.32364,0.0,0.0,0.0,1158
GBPUSD,GBPUSD,2026-09-29T19:57:11.475915+00:00,1790557409,1790557409268,1.3231600000000001,1.32363,0.0,0.0,0.0,1028
GBPUSD,GBPUSD,2026-09-29T19:57:11.475915+00:00,1790557409,1790557409671,1.3232,1.32365,0.0,0.0,0.0,1158
GBPUSD,GBPUSD,2026-09-29T19:57:11.475915+00:00,1790557410,1790557410174,1.323,1.3237,0.0,0.0,0.0,1158
GBPUSD,GBPUSD,2026-09-29T19:57:11.475915+00:00,1790557410,1790557410577,1.32309,1.3237,0.0,0.0,0.0,1154
GBPUSD,GBPUSD,2026-09-29T19:57:11.475915+00:00,1790557410,1790557410979,1.32321,1.32367,0.0,0.0,0.0,1158
GBPUSD,GBPUSD,2026-09-29T19:57:11.475915+00:00,1790557411,1790557411382,1.32308,1.3237,0.0,0.0,0.0,1158
GBPUSD,GBPUSD,2026-09-29T19:57:11.475915+00:00,1790557411,1790557411784,1.32322,1.32371,0.0,0.0,0.0,1158
GBPUSD,GBPUSD,2026-09-29T19:57:11.475915+00:00,1790557412,1790557412187,1.32312,1.32373,0.0,0.0,0.0,1158
GBPUSD,GBPUSD,2026-09-29T19:57:11.475915+00:00,1790557412,1790557412590,1.32324,1.32372,0.0,0.0,0.0,1158
GBPUSD,GBPUSD,2026-09-29T19:57:11.475915+00:00,1790557412,1790557412993,1.32318,1.32371,0.0,0.0,0.0,1158
GBPUSD,GBPUSD,2026-09-29T19:57:11.475915+00:00,1790557413,1790557413395,1.3233,1.32361,0.0,0.0,0.0,1158
GBPUSD,GBPUSD,2026-09-29T19:57:11.475915+00:00,1790557413,1790557413798,1.3232,1.3237,0.0,0.0,0.0,1158
GBPUSD,GBPUSD,2026-09-29T19:57:11.475915+00:00,1790557414,1790557414200,1.32313,1.3237,0.0,0.0,0.0,1154
GBPUSD,GBPUSD,2026-09-29T19:57:11.475915+00:00,1790557414,1790557414604,1.32322,1.3237,0.0,0.0,0.0,1154
GBPUSD,GBPUSD,2026-09-29T19:57:11.475915+00:00,1790557415,1790557415006,1.3229199999999999,1.3237,0.0,0.0,0.0,1154
GBPUSD,GBPUSD,2026-09-29T19:57:11.475915+00:00,1790557415,1790557415408,1.3231,1.3237,0.0,0.0,0.0,1154
GBPUSD,GBPUSD,2026-09-29T19:57:11.475915+00:00,1790557415,1790557415810,1.32325,1.32371,0.0,0.0,0.0,1158
GBPUSD,GBPUSD,2026-09-29T19:57:11.475915+00:00,1790557416,1790557416213,1.3231,1.32373,0.0,0.0,0.0,1158
GBPUSD,GBPUSD,2026-09-29T19:57:11.475915+00:00,1790557416,1790557416615,1.32322,1.3237,0.0,0.0,0.0,1158
GBPUSD,GBPUSD,2026-09-29T19:57:11.475915+00:00,1790557417,1790557417018,1.32305,1.32371,0.0,0.0,0.0,1158
GBPUSD,GBPUSD,2026-09-29T19:57:11.475915+00:00,1790557417,1790557417420,1.32318,1.32373,0.0,0.0,0.0,1158
GBPUSD,GBPUSD,2026-09-29T19:57:11.475915+00:00,1790557417,1790557417823,1.32325,1.3237,0.0,0.0,0.0,1158
GBPUSD,GBPUSD,2026-09-29T19:57:11.475915+00:00,1790557418,1790557418630,1.32318,1.32372,0.0,0.0,0.0,1158
GBPUSD,GBPUSD,2026-09-29T19:57:11.475915+00:00,1790557419,1790557419032,1.32325,1.32368,0.0,0.0,0.0,1158
GBPUSD,GBPUSD,2026-09-29T19:57:11.475915+00:00,1790557419,1790557419435,1.32325,1.32369,0.0,0.0,0.0,1028
GBPUSD,GBPUSD,2026-09-29T19:57:11.475915+00:00,1790557419,1790557419838,1.3232599999999999,1.32371,0.0,0.0,0.0,1158
GBPUSD,GBPUSD,2026-09-29T19:57:11.475915+00:00,1790557420,1790557420945,1.3232,1.32373,0.0,0.0,0.0,1158
GBPUSD,GBPUSD,2026-09-29T19:57:11.475915+00:00,1790557421,1790557421347,1.3233,1.32375,0.0,0.0,0.0,1158
GBPUSD,GBPUSD,2026-09-29T19:57:11.475915+00:00,1790557421,1790557421750,1.32336,1.32368,0.0,0.0,0.0,1158
GBPUSD,GBPUSD,2026-09-29T19:57:11.475915+00:00,1790557422,1790557422152,1.32332,1.32369,0.0,0.0,0.0,1158
GBPUSD,GBPUSD,2026-09-29T19:57:11.475915+00:00,1790557423,1790557423360,1.32321,1.32375,0.0,0.0,0.0,1158
GBPUSD,GBPUSD,2026-09-29T19:57:11.475915+00:00,1790557423,1790557423764,1.32321,1.32374,0.0,0.0,0.0,1028
GBPUSD,GBPUSD,2026-09-29T19:57:11.475915+00:00,1790557424,1790557424167,1.32322,1.32376,0.0,0.0,0.0,1158
GBPUSD,GBPUSD,2026-09-29T19:57:11.475915+00:00,1790557424,1790557424570,1.32322,1.32375,0.0,0.0,0.0,1028
GBPUSD,GBPUSD,2026-09-29T19:57:11.475915+00:00,1790557424,1790557424973,1.32322,1.3237999999999999,0.0,0.0,0.0,1028
GBPUSD,GBPUSD,2026-09-29T19:57:11.475915+00:00,1790557425,1790557425375,1.32329,1.32374,0.0,0.0,0.0,1158
GBPUSD,GBPUSD,2026-09-29T19:57:11.475915+00:00,1790557426,1790557426180,1.32303,1.3237999999999999,0.0,0.0,0.0,1158
GBPUSD,GBPUSD,2026-09-29T19:57:11.475915+00:00,1790557426,1790557426584,1.32329,1.32374,0.0,0.0,0.0,1158
GBPUSD,GBPUSD,2026-09-29T19:57:11.475915+00:00,1790557426,1790557426985,1.3233,1.32375,0.0,0.0,0.0,1158
GBPUSD,GBPUSD,2026-09-29T19:57:11.475915+00:00,1790557427,1790557427387,1.32314,1.32381,0.0,0.0,0.0,1158
GBPUSD,GBPUSD,2026-09-29T19:57:11.475915+00:00,1790557427,1790557427790,1.32331,1.32376,0.0,0.0,0.0,1158
GBPUSD,GBPUSD,2026-09-29T19:57:11.475915+00:00,1790557429,1790557429098,1.32324,1.32381,0.0,0.0,0.0,1158
GBPUSD,GBPUSD,2026-09-29T19:57:11.475915+00:00,1790557433,1790557433525,1.3233,1.32375,0.0,0.0,0.0,1158
GBPUSD,GBPUSD,2026-09-29T19:57:11.475915+00:00,1790557438,1790557438356,1.32324,1.32381,0.0,0.0,0.0,1158
GBPUSD,GBPUSD,2026-09-29T19:57:11.475915+00:00,1790557438,1790557438759,1.32314,1.32381,0.0,0.0,0.0,1154
GBPUSD,GBPUSD,2026-09-29T19:57:11.475915+00:00,1790557442,1790557442483,1.32314,1.32382,0.0,0.0,0.0,1158
GBPUSD,GBPUSD,2026-09-29T19:57:11.475915+00:00,1790557446,1790557446209,1.32314,1.32381,0.0,0.0,0.0,1028
GBPUSD,GBPUSD,2026-09-29T19:57:11.475915+00:00,1790557447,1790557447317,1.32314,1.32379,0.0,0.0,0.0,1028
GBPUSD,GBPUSD,2026-09-29T19:57:11.475915+00:00,1790557447,1790557447820,1.32333,1.32374,0.0,0.0,0.0,1158
GBPUSD,GBPUSD,2026-09-29T19:57:11.475915+00:00,1790557448,1790557448222,1.32312,1.3237999999999999,0.0,0.0,0.0,1158
GBPUSD,GBPUSD,2026-09-29T19:57:11.475915+00:00,1790557448,1790557448625,1.32314,1.32381,0.0,0.0,0.0,1158
GBPUSD,GBPUSD,2026-09-29T19:57:11.475915+00:00,1790557450,1790557450940,1.32314,1.3237999999999999,0.0,0.0,0.0,1028
GBPUSD,GBPUSD,2026-09-29T19:57:11.475915+00:00,1790557451,1790557451342,1.32317,1.32381,0.0,0.0,0.0,1158
GBPUSD,GBPUSD,2026-09-29T19:57:11.475915+00:00,1790557451,1790557451745,1.3231899999999999,1.32381,0.0,0.0,0.0,1154
GBPUSD,GBPUSD,2026-09-29T19:57:11.475915+00:00,1790557452,1790557452148,1.32327,1.32382,0.0,0.0,0.0,1158
GBPUSD,GBPUSD,2026-09-29T19:57:11.475915+00:00,1790557452,1790557452551,1.32336,1.32376,0.0,0.0,0.0,1158
GBPUSD,GBPUSD,2026-09-29T19:57:11.475915+00:00,1790557452,1790557452954,1.32324,1.32382,0.0,0.0,0.0,1158
GBPUSD,GBPUSD,2026-09-29T19:57:11.475915+00:00,1790557453,1790557453356,1.32336,1.3237700000000001,0.0,0.0,0.0,1158
GBPUSD,GBPUSD,2026-09-29T19:57:11.475915+00:00,1790557453,1790557453758,1.32329,1.32382,0.0,0.0,0.0,1158
GBPUSD,GBPUSD,2026-09-29T19:57:11.475915+00:00,1790557454,1790557454664,1.32324,1.32382,0.0,0.0,0.0,1154
GBPUSD,GBPUSD,2026-09-29T19:57:11.475915+00:00,1790557455,1790557455067,1.32335,1.32379,0.0,0.0,0.0,1158
GBPUSD,GBPUSD,2026-09-29T19:57:11.475915+00:00,1790557455,1790557455570,1.32334,1.32378,0.0,0.0,0.0,1158
GBPUSD,GBPUSD,2026-09-29T19:57:11.475915+00:00,1790557458,1790557458389,1.32329,1.32382,0.0,0.0,0.0,1158
GBPUSD,GBPUSD,2026-09-29T19:57:11.475915+00:00,1790557458,1790557458792,1.32335,1.32378,0.0,0.0,0.0,1158
GBPUSD,GBPUSD,2026-09-29T19:57:11.475915+00:00,1790557460,1790557460606,1.32329,1.32381,0.0,0.0,0.0,1158
GBPUSD,GBPUSD,2026-09-29T19:57:11.475915+00:00,1790557461,1790557461210,1.3233,1.32381,0.0,0.0,0.0,1154
GBPUSD,GBPUSD,2026-09-29T19:57:11.475915+00:00,1790557461,1790557461815,1.32335,1.32378,0.0,0.0,0.0,1158
GBPUSD,GBPUSD,2026-09-29T19:57:11.475915+00:00,1790557462,1790557462218,1.32336,1.32379,0.0,0.0,0.0,1158
GBPUSD,GBPUSD,2026-09-29T19:57:11.475915+00:00,1790557462,1790557462620,1.32329,1.32382,0.0,0.0,0.0,1158
GBPUSD,GBPUSD,2026-09-29T19:57:11.475915+00:00,1790557463,1790557463023,1.3232,1.32381,0.0,0.0,0.0,1158
GBPUSD,GBPUSD,2026-09-29T19:57:11.475915+00:00,1790557463,1790557463426,1.32336,1.32378,0.0,0.0,0.0,1158
GBPUSD,GBPUSD,2026-09-29T19:57:11.475915+00:00,1790557465,1790557465136,1.3231899999999999,1.32364,0.0,0.0,0.0,1158
GBPUSD,GBPUSD,2026-09-29T19:57:11.475915+00:00,1790557465,1790557465539,1.32318,1.32363,0.0,0.0,0.0,1158
GBPUSD,GBPUSD,2026-09-29T19:57:11.475915+00:00,1790557468,1790557468458,1.32309,1.32364,0.0,0.0,0.0,1158
GBPUSD,GBPUSD,2026-09-29T19:57:11.475915+00:00,1790557468,1790557468860,1.32306,1.32344,0.0,0.0,0.0,1158
GBPUSD,GBPUSD,2026-09-29T19:57:11.475915+00:00,1790557469,1790557469263,1.32303,1.32348,0.0,0.0,0.0,1158
GBPUSD,GBPUSD,2026-09-29T19:57:11.475915+00:00,1790557469,1790557469666,1.32303,1.32347,0.0,0.0,0.0,1028
GBPUSD,GBPUSD,2026-09-29T19:57:11.475915+00:00,1790557470,1790557470069,1.32305,1.32345,0.0,0.0,0.0,1158
GBPUSD,GBPUSD,2026-09-29T19:57:11.475915+00:00,1790557470,1790557470471,1.32304,1.32348,0.0,0.0,0.0,1158
GBPUSD,GBPUSD,2026-09-29T19:57:11.475915+00:00,1790557470,1790557470874,1.32307,1.32344,0.0,0.0,0.0,1158
GBPUSD,GBPUSD,2026-09-29T19:57:11.475915+00:00,1790557471,1790557471277,1.32304,1.32347,0.0,0.0,0.0,1158
GBPUSD,GBPUSD,2026-09-29T19:57:11.475915+00:00,1790557471,1790557471679,1.32305,1.32345,0.0,0.0,0.0,1158
GBPUSD,GBPUSD,2026-09-29T19:57:11.475915+00:00,1790557472,1790557472082,1.32305,1.32346,0.0,0.0,0.0,1028
GBPUSD,GBPUSD,2026-09-29T19:57:11.475915+00:00,1790557472,1790557472484,1.32309,1.32341,0.0,0.0,0.0,1158
GBPUSD,GBPUSD,2026-09-29T19:57:11.475915+00:00,1790557472,1790557472887,1.3231,1.32341,0.0,0.0,0.0,1154
GBPUSD,GBPUSD,2026-09-29T19:57:11.475915+00:00,1790557473,1790557473290,1.32309,1.32341,0.0,0.0,0.0,1154
GBPUSD,GBPUSD,2026-09-29T19:57:11.475915+00:00,1790557473,1790557473692,1.32298,1.32343,0.0,0.0,0.0,1158
GBPUSD,GBPUSD,2026-09-29T19:57:11.475915+00:00,1790557474,1790557474095,1.32308,1.32342,0.0,0.0,0.0,1158
GBPUSD,GBPUSD,2026-09-29T19:57:11.475915+00:00,1790557474,1790557474497,1.32307,1.3234,0.0,0.0,0.0,1158
GBPUSD,GBPUSD,2026-09-29T19:57:11.475915+00:00,1790557474,1790557474899,1.32306,1.32339,0.0,0.0,0.0,1158
GBPUSD,GBPUSD,2026-09-29T19:57:11.475915+00:00,1790557475,1790557475704,1.32305,1.32338,0.0,0.0,0.0,1158
GBPUSD,GBPUSD,2026-09-29T19:57:11.475915+00:00,1790557476,1790557476107,1.32308,1.32341,0.0,0.0,0.0,1158
GBPUSD,GBPUSD,2026-09-29T19:57:11.475915+00:00,1790557476,1790557476510,1.32303,1.3234,0.0,0.0,0.0,1158
GBPUSD,GBPUSD,2026-09-29T19:57:11.475915+00:00,1790557476,1790557476912,1.32303,1.32338,0.0,0.0,0.0,1028
GBPUSD,GBPUSD,2026-09-29T19:57:11.475915+00:00,1790557477,1790557477315,1.32308,1.32338,0.0,0.0,0.0,1154
GBPUSD,GBPUSD,2026-09-29T19:57:11.475915+00:00,1790557477,1790557477719,1.32304,1.32338,0.0,0.0,0.0,1154
GBPUSD,GBPUSD,2026-09-29T19:57:11.475915+00:00,1790557478,1790557478122,1.3231,1.32341,0.0,0.0,0.0,1158
GBPUSD,GBPUSD,2026-09-29T19:57:11.475915+00:00,1790557478,1790557478525,1.32301,1.32342,0.0,0.0,0.0,1158
GBPUSD,GBPUSD,2026-09-29T19:57:11.475915+00:00,1790557478,1790557478927,1.3231,1.32342,0.0,0.0,0.0,1154
GBPUSD,GBPUSD,2026-09-29T19:57:11.475915+00:00,1790557479,1790557479632,1.32301,1.32342,0.0,0.0,0.0,1154
GBPUSD,GBPUSD,2026-09-29T19:57:11.475915+00:00,1790557480,1790557480034,1.32301,1.32341,0.0,0.0,0.0,1028
GBPUSD,GBPUSD,2026-09-29T19:57:11.475915+00:00,1790557481,1790557481443,1.32302,1.32342,0.0,0.0,0.0,1158
GBPUSD,GBPUSD,2026-09-29T19:57:11.475915+00:00,1790557481,1790557481847,1.32295,1.3235000000000001,0.0,0.0,0.0,1158
GBPUSD,GBPUSD,2026-09-29T19:57:11.475915+00:00,1790557483,1790557483659,1.32276,1.3235000000000001,0.0,0.0,0.0,1154
GBPUSD,GBPUSD,2026-09-29T19:57:11.475915+00:00,1790557484,1790557484062,1.32277,1.32351,0.0,0.0,0.0,1158
GBPUSD,GBPUSD,2026-09-29T19:57:11.475915+00:00,1790557485,1790557485169,1.3229899999999999,1.32358,0.0,0.0,0.0,1158
GBPUSD,GBPUSD,2026-09-29T19:57:11.475915+00:00,1790557490,1790557490505,1.3231899999999999,1.3235000000000001,0.0,0.0,0.0,1158
GBPUSD,GBPUSD,2026-09-29T19:57:11.475915+00:00,1790557491,1790557491310,1.32315,1.32355,0.0,0.0,0.0,1158
GBPUSD,GBPUSD,2026-09-29T19:57:11.475915+00:00,1790557491,1790557491712,1.32315,1.32354,0.0,0.0,0.0,1028
GBPUSD,GBPUSD,2026-09-29T19:57:11.475915+00:00,1790557500,1790557500467,1.32297,1.3235700000000001,0.0,0.0,0.0,1158
GBPUSD,GBPUSD,2026-09-29T19:57:11.475915+00:00,1790557500,1790557500870,1.3232,1.32352,0.0,0.0,0.0,1158
GBPUSD,GBPUSD,2026-09-29T19:57:11.475915+00:00,1790557501,1790557501272,1.32304,1.3235700000000001,0.0,0.0,0.0,1158
GBPUSD,GBPUSD,2026-09-29T19:57:11.475915+00:00,1790557501,1790557501676,1.32307,1.32358,0.0,0.0,0.0,1158
GBPUSD,GBPUSD,2026-09-29T19:57:11.475915+00:00,1790557502,1790557502078,1.3231899999999999,1.32354,0.0,0.0,0.0,1158
GBPUSD,GBPUSD,2026-09-29T19:57:11.475915+00:00,1790557502,1790557502480,1.32298,1.32356,0.0,0.0,0.0,1158
GBPUSD,GBPUSD,2026-09-29T19:57:11.475915+00:00,1790557502,1790557502883,1.32304,1.32356,0.0,0.0,0.0,1154
GBPUSD,GBPUSD,2026-09-29T19:57:11.475915+00:00,1790557504,1790557504191,1.32317,1.32356,0.0,0.0,0.0,1154
GBPUSD,GBPUSD,2026-09-29T19:57:11.475915+00:00,1790557504,1790557504592,1.3231600000000001,1.32356,0.0,0.0,0.0,1154
GBPUSD,GBPUSD,2026-09-29T19:57:11.475915+00:00,1790557504,1790557504995,1.3231899999999999,1.3235299999999999,0.0,0.0,0.0,1158
GBPUSD,GBPUSD,2026-09-29T19:57:11.475915+00:00,1790557505,1790557505398,1.32308,1.32356,0.0,0.0,0.0,1158
GBPUSD,GBPUSD,2026-09-29T19:57:11.475915+00:00,1790557505,1790557505801,1.3231899999999999,1.32352,0.0,0.0,0.0,1158
GBPUSD,GBPUSD,2026-09-29T19:57:11.475915+00:00,1790557508,1790557508920,1.3231899999999999,1.32351,0.0,0.0,0.0,1028
GBPUSD,GBPUSD,2026-09-29T19:57:11.475915+00:00,1790557509,1790557509323,1.3229899999999999,1.3235700000000001,0.0,0.0,0.0,1158
GBPUSD,GBPUSD,2026-09-29T19:57:11.475915+00:00,1790557509,1790557509725,1.3229899999999999,1.32356,0.0,0.0,0.0,1028
GBPUSD,GBPUSD,2026-09-29T19:57:11.475915+00:00,1790557510,1790557510128,1.32301,1.3235299999999999,0.0,0.0,0.0,1158
GBPUSD,GBPUSD,2026-09-29T19:57:11.475915+00:00,1790557511,1790557511336,1.3229899999999999,1.3235299999999999,0.0,0.0,0.0,1154
GBPUSD,GBPUSD,2026-09-29T19:57:11.475915+00:00,1790557511,1790557511638,1.3229899999999999,1.32354,0.0,0.0,0.0,1028
GBPUSD,GBPUSD,2026-09-29T19:57:11.475915+00:00,1790557512,1790557512041,1.32301,1.32354,0.0,0.0,0.0,1154
GBPUSD,GBPUSD,2026-09-29T19:57:11.475915+00:00,1790557512,1790557512443,1.3229899999999999,1.32354,0.0,0.0,0.0,1154
GBPUSD,GBPUSD,2026-09-29T19:57:11.475915+00:00,1790557512,1790557512846,1.3231899999999999,1.3235299999999999,0.0,0.0,0.0,1158
GBPUSD,GBPUSD,2026-09-29T19:57:11.475915+00:00,1790557513,1790557513248,1.3231899999999999,1.32354,0.0,0.0,0.0,1028
GBPUSD,GBPUSD,2026-09-29T19:57:11.475915+00:00,1790557514,1790557514657,1.32317,1.32355,0.0,0.0,0.0,1158
GBPUSD,GBPUSD,2026-09-29T19:57:11.475915+00:00,1790557515,1790557515160,1.32308,1.32356,0.0,0.0,0.0,1158
GBPUSD,GBPUSD,2026-09-29T19:57:11.475915+00:00,1790557515,1790557515563,1.3229600000000001,1.3235700000000001,0.0,0.0,0.0,1158
GBPUSD,GBPUSD,2026-09-29T19:57:11.475915+00:00,1790557515,1790557515965,1.3231899999999999,1.32354,0.0,0.0,0.0,1158
GBPUSD,GBPUSD,2026-09-29T19:57:11.475915+00:00,1790557516,1790557516371,1.3231600000000001,1.32356,0.0,0.0,0.0,1158
GBPUSD,GBPUSD,2026-09-29T19:57:11.475915+00:00,1790557517,1790557517578,1.32317,1.3235700000000001,0.0,0.0,0.0,1158
GBPUSD,GBPUSD,2026-09-29T19:57:11.475915+00:00,1790557520,1790557520499,1.3231899999999999,1.32355,0.0,0.0,0.0,1158
GBPUSD,GBPUSD,2026-09-29T19:57:11.475915+00:00,1790557521,1790557521304,1.32318,1.32356,0.0,0.0,0.0,1158
GBPUSD,GBPUSD,2026-09-29T19:57:11.475915+00:00,1790557521,1790557521707,1.3231899999999999,1.32358,0.0,0.0,0.0,1158
GBPUSD,GBPUSD,2026-09-29T19:57:11.475915+00:00,1790557522,1790557522512,1.3231899999999999,1.32356,0.0,0.0,0.0,1028
GBPUSD,GBPUSD,2026-09-29T19:57:11.475915+00:00,1790557522,1790557522914,1.3231899999999999,1.3235700000000001,0.0,0.0,0.0,1028
GBPUSD,GBPUSD,2026-09-29T19:57:11.475915+00:00,1790557523,1790557523317,1.3231899999999999,1.32359,0.0,0.0,0.0,1028
GBPUSD,GBPUSD,2026-09-29T19:57:11.475915+00:00,1790557523,1790557523720,1.3231899999999999,1.3235299999999999,0.0,0.0,0.0,1028
GBPUSD,GBPUSD,2026-09-29T19:57:11.475915+00:00,1790557524,1790557524122,1.32303,1.32355,0.0,0.0,0.0,1158
GBPUSD,GBPUSD,2026-09-29T19:57:11.475915+00:00,1790557524,1790557524525,1.32307,1.32355,0.0,0.0,0.0,1154
GBPUSD,GBPUSD,2026-09-29T19:57:11.475915+00:00,1790557532,1790557532478,1.32315,1.32355,0.0,0.0,0.0,1154
GBPUSD,GBPUSD,2026-09-29T19:57:11.475915+00:00,1790557532,1790557532881,1.3231899999999999,1.32352,0.0,0.0,0.0,1158
GBPUSD,GBPUSD,2026-09-29T19:57:11.475915+00:00,1790557534,1790557534793,1.3231899999999999,1.32354,0.0,0.0,0.0,1028
GBPUSD,GBPUSD,2026-09-29T19:57:11.475915+00:00,1790557543,1790557543043,1.32317,1.32355,0.0,0.0,0.0,1158
GBPUSD,GBPUSD,2026-09-29T19:57:11.475915+00:00,1790557543,1790557543446,1.3231899999999999,1.32358,0.0,0.0,0.0,1158
GBPUSD,GBPUSD,2026-09-29T19:57:11.475915+00:00,1790557543,1790557543849,1.3231899999999999,1.3235700000000001,0.0,0.0,0.0,1028
GBPUSD,GBPUSD,2026-09-29T19:57:11.475915+00:00,1790557546,1790557546467,1.32318,1.3235700000000001,0.0,0.0,0.0,1154
GBPUSD,GBPUSD,2026-09-29T19:57:11.475915+00:00,1790557546,1790557546869,1.3231899999999999,1.32368,0.0,0.0,0.0,1158
GBPUSD,GBPUSD,2026-09-29T19:57:11.475915+00:00,1790557547,1790557547271,1.3232599999999999,1.32369,0.0,0.0,0.0,1158
GBPUSD,GBPUSD,2026-09-29T19:57:11.475915+00:00,1790557547,1790557547674,1.32318,1.32369,0.0,0.0,0.0,1154
GBPUSD,GBPUSD,2026-09-29T19:57:11.475915+00:00,1790557548,1790557548077,1.32327,1.32371,0.0,0.0,0.0,1158
GBPUSD,GBPUSD,2026-09-29T19:57:11.475915+00:00,1790557548,1790557548480,1.3231899999999999,1.32371,0.0,0.0,0.0,1154
GBPUSD,GBPUSD,2026-09-29T19:57:11.475915+00:00,1790557548,1790557548883,1.32328,1.32368,0.0,0.0,0.0,1158
GBPUSD,GBPUSD,2026-09-29T19:57:11.475915+00:00,1790557549,1790557549285,1.32331,1.32373,0.0,0.0,0.0,1158
GBPUSD,GBPUSD,2026-09-29T19:57:11.475915+00:00,1790557549,1790557549687,1.32324,1.32373,0.0,0.0,0.0,1154
GBPUSD,GBPUSD,2026-09-29T19:57:11.475915+00:00,1790557550,1790557550090,1.32331,1.32373,0.0,0.0,0.0,1154
GBPUSD,GBPUSD,2026-09-29T19:57:11.475915+00:00,1790557550,1790557550493,1.32328,1.3237700000000001,0.0,0.0,0.0,1158
GBPUSD,GBPUSD,2026-09-29T19:57:11.475915+00:00,1790557550,1790557550896,1.32325,1.3237700000000001,0.0,0.0,0.0,1154
GBPUSD,GBPUSD,2026-09-29T19:57:11.475915+00:00,1790557551,1790557551600,1.32327,1.3237700000000001,0.0,0.0,0.0,1154
GBPUSD,GBPUSD,2026-09-29T19:57:11.475915+00:00,1790557552,1790557552003,1.32335,1.32376,0.0,0.0,0.0,1158
GBPUSD,GBPUSD,2026-09-29T19:57:11.475915+00:00,1790557552,1790557552405,1.32328,1.32376,0.0,0.0,0.0,1154
GBPUSD,GBPUSD,2026-09-29T19:57:11.475915+00:00,1790557552,1790557552807,1.32334,1.32375,0.0,0.0,0.0,1158
GBPUSD,GBPUSD,2026-09-29T19:57:11.475915+00:00,1790557553,1790557553210,1.32327,1.32376,0.0,0.0,0.0,1158
GBPUSD,GBPUSD,2026-09-29T19:57:11.475915+00:00,1790557554,1790557554014,1.32324,1.32376,0.0,0.0,0.0,1154
GBPUSD,GBPUSD,2026-09-29T19:57:11.475915+00:00,1790557554,1790557554417,1.32324,1.32375,0.0,0.0,0.0,1028
GBPUSD,GBPUSD,2026-09-29T19:57:11.475915+00:00,1790557556,1790557556935,1.32324,1.32376,0.0,0.0,0.0,1028
GBPUSD,GBPUSD,2026-09-29T19:57:11.475915+00:00,1790557557,1790557557943,1.3232599999999999,1.32376,0.0,0.0,0.0,1154
GBPUSD,GBPUSD,2026-09-29T19:57:11.475915+00:00,1790557558,1790557558449,1.3232599999999999,1.32375,0.0,0.0,0.0,1028
GBPUSD,GBPUSD,2026-09-29T19:57:11.475915+00:00,1790557559,1790557559957,1.32327,1.32375,0.0,0.0,0.0,1154
GBPUSD,GBPUSD,2026-09-29T19:57:11.475915+00:00,1790557560,1790557560360,1.32334,1.32373,0.0,0.0,0.0,1158
GBPUSD,GBPUSD,2026-09-29T19:57:11.475915+00:00,1790557560,1790557560761,1.32335,1.32373,0.0,0.0,0.0,1154
GBPUSD,GBPUSD,2026-09-29T19:57:11.475915+00:00,1790557561,1790557561164,1.3232599999999999,1.32373,0.0,0.0,0.0,1154
GBPUSD,GBPUSD,2026-09-29T19:57:11.475915+00:00,1790557562,1790557562071,1.32335,1.32373,0.0,0.0,0.0,1154
GBPUSD,GBPUSD,2026-09-29T19:57:11.475915+00:00,1790557565,1790557565392,1.32327,1.32373,0.0,0.0,0.0,1154
GBPUSD,GBPUSD,2026-09-29T19:57:11.475915+00:00,1790557565,1790557565795,1.32327,1.32376,0.0,0.0,0.0,1028
GBPUSD,GBPUSD,2026-09-29T19:57:11.475915+00:00,1790557568,1790557568032,1.32334,1.32376,0.0,0.0,0.0,1154
GBPUSD,GBPUSD,2026-09-29T19:57:11.475915+00:00,1790557568,1790557568435,1.32334,1.32375,0.0,0.0,0.0,1028
GBPUSD,GBPUSD,2026-09-29T19:57:11.475915+00:00,1790557569,1790557569441,1.32334,1.32374,0.0,0.0,0.0,1028
GBPUSD,GBPUSD,2026-09-29T19:57:11.475915+00:00,1790557577,1790557577092,1.32324,1.32374,0.0,0.0,0.0,1154
GBPUSD,GBPUSD,2026-09-29T19:57:11.475915+00:00,1790557589,1790557589966,1.32334,1.32372,0.0,0.0,0.0,134
GBPUSD,GBPUSD,2026-09-29T19:57:11.475915+00:00,1790557620,1790557620377,1.32327,1.32374,0.0,0.0,0.0,1158
GBPUSD,GBPUSD,2026-09-29T19:57:11.475915+00:00,1790557620,1790557620780,1.32335,1.32375,0.0,0.0,0.0,1158
GBPUSD,GBPUSD,2026-09-29T19:57:11.475915+00:00,1790557621,1790557621383,1.32324,1.32375,0.0,0.0,0.0,1154
GBPUSD,GBPUSD,2026-09-29T19:57:11.475915+00:00,1790557621,1790557621785,1.32335,1.32375,0.0,0.0,0.0,1154
