idx,window,reason,R,pnl_A_price,pnl_B_price,delta_price,delta_R,entry_time,invalidation_time,shared_invalidation_cluster_id,time_block
2650,research_grade_oos,no_c1,7.860000000000127,-9.56000000000131,-9.56000000000131,0.0,0.0,2024-01-02 11:45:00+00:00,2024-01-02 13:30:00+00:00,793.0,78897
2651,research_grade_oos,no_c1,5.569999999999936,-9.449999999999818,-9.449999999999818,0.0,0.0,2024-01-12 08:00:00+00:00,2024-01-16 19:00:00+00:00,794.0,78937
2652,research_grade_oos,no_c1,4.330000000000155,-6.1099999999999,-6.1099999999999,0.0,0.0,2024-01-12 09:30:00+00:00,2024-01-16 15:00:00+00:00,795.0,78937
2653,research_grade_oos,no_c1,6.6599999999998545,-10.379999999999882,-10.379999999999882,0.0,0.0,2024-01-12 12:45:00+00:00,2024-01-16 15:00:00+00:00,795.0,78938
2654,research_grade_oos,no_c1,8.310000000000173,-14.019999999999982,-14.019999999999982,0.0,0.0,2024-01-12 13:00:00+00:00,2024-01-16 15:00:00+00:00,795.0,78938
2655,research_grade_oos,no_c1,13.189999999999827,-18.99000000000092,-18.99000000000092,0.0,0.0,2024-01-12 14:15:00+00:00,2024-01-16 15:00:00+00:00,795.0,78938
2656,research_grade_oos,no_c1,16.710000000000036,-18.090000000000828,-18.090000000000828,0.0,0.0,2024-01-12 15:45:00+00:00,2024-01-16 14:00:00+00:00,796.0,78938
2657,research_grade_oos,no_c1,18.9699999999998,-19.940000000000737,-19.940000000000737,0.0,0.0,2024-01-12 16:00:00+00:00,2024-01-16 14:00:00+00:00,796.0,78938
2658,research_grade_oos,no_c1,21.399999999999864,-24.49000000000092,-24.49000000000092,0.0,0.0,2024-01-12 16:45:00+00:00,2024-01-16 14:00:00+00:00,796.0,78938
2659,research_grade_oos,no_c1,3.5499999999999545,-7.662499999999454,-7.662499999999454,0.0,0.0,2024-01-15 03:45:00+00:00,2024-01-16 10:30:00+00:00,797.0,78948
2660,research_grade_oos,no_c1,5.560000000000173,-11.3700000000008,-11.3700000000008,0.0,0.0,2024-01-15 04:30:00+00:00,2024-01-16 10:30:00+00:00,797.0,78948
2661,research_grade_oos,no_c1,9.649999999999864,-13.110000000001492,-13.110000000001492,0.0,0.0,2024-01-15 05:00:00+00:00,2024-01-16 10:30:00+00:00,797.0,78948
2662,research_grade_oos,no_c1,11.009999999999991,-14.760000000000673,-14.760000000000673,0.0,0.0,2024-01-15 05:45:00+00:00,2024-01-16 10:30:00+00:00,797.0,78948
2663,research_grade_oos,no_c1,5.7400000000002365,-7.430000000001655,-7.430000000001655,0.0,0.0,2024-01-15 19:30:00+00:00,2024-01-16 05:30:00+00:00,798.0,78951
2664,research_grade_oos,no_c1,9.290000000000191,-11.4699999999998,-11.4699999999998,0.0,0.0,2024-01-19 11:00:00+00:00,2024-01-22 16:30:00+00:00,799.0,78965
2665,research_grade_oos,no_c1,9.470000000000027,-11.219999999999573,-11.219999999999573,0.0,0.0,2024-01-19 13:45:00+00:00,2024-01-22 08:00:00+00:00,800.0,78966
2666,research_grade_oos,no_c1,8.400000000000091,-9.837500000000773,-9.837500000000773,0.0,0.0,2024-01-19 14:15:00+00:00,2024-01-22 07:15:00+00:00,801.0,78966
2667,research_grade_oos,no_c1,7.899999999999864,-10.302500000000236,-10.302500000000236,0.0,0.0,2024-01-19 14:45:00+00:00,2024-01-19 17:00:00+00:00,802.0,78966
2668,research_grade_oos,no_c1,8.97999999999979,-11.249999999999773,-11.249999999999773,0.0,0.0,2024-01-19 15:15:00+00:00,2024-01-19 17:00:00+00:00,802.0,78966
2670,research_grade_oos,no_c1,4.519999999999982,-5.677500000000009,-5.677500000000009,0.0,0.0,2024-01-22 03:15:00+00:00,2024-01-22 06:30:00+00:00,803.0,78976
2671,research_grade_oos,no_c1,6.930000000000064,-9.689999999999827,-9.689999999999827,0.0,0.0,2024-01-22 14:30:00+00:00,2024-01-22 16:30:00+00:00,799.0,78978
2672,research_grade_oos,no_c1,8.690000000000055,-11.352500000000191,-11.352500000000191,0.0,0.0,2024-01-22 14:45:00+00:00,2024-01-22 16:30:00+00:00,799.0,78978
2673,research_grade_oos,c1_triggered,9.450000000000045,-11.642499999999927,-9.972499999999627,1.6700000000003001,0.17671957671960764,2024-01-23 07:30:00+00:00,2024-01-24 17:30:00+00:00,804.0,78981
2674,research_grade_oos,c1_triggered,10.539999999999964,-12.472500000000082,-10.802499999999782,1.6700000000003001,0.15844402277042752,2024-01-23 07:45:00+00:00,2024-01-24 17:30:00+00:00,804.0,78981
2675,research_grade_oos,c1_triggered,11.980000000000018,-16.892499999999927,-15.222499999999627,1.6700000000003001,0.13939899833057576,2024-01-23 09:00:00+00:00,2024-01-24 17:30:00+00:00,804.0,78981
2678,research_grade_oos,c1_triggered,5.5499999999999545,-11.169999999999845,-8.312499999999773,2.8575000000000728,0.5148648648648821,2024-01-24 09:45:00+00:00,2024-01-24 17:15:00+00:00,805.0,78985
2679,research_grade_oos,c1_triggered,9.430000000000064,-12.189999999999827,-9.332499999999754,2.8575000000000728,0.303022269353134,2024-01-24 11:15:00+00:00,2024-01-24 17:15:00+00:00,805.0,78985
2680,research_grade_oos,c1_triggered,7.429999999999836,-15.639999999999873,-12.7824999999998,2.8575000000000728,0.3845895020188608,2024-01-24 15:30:00+00:00,2024-01-24 17:15:00+00:00,805.0,78986
2681,research_grade_oos,no_c1,6.309999999999945,-10.72999999999979,-10.72999999999979,0.0,0.0,2024-01-29 08:45:00+00:00,2024-02-05 15:15:00+00:00,806.0,79005
2682,research_grade_oos,no_c1,6.639999999999873,-11.509999999999764,-11.509999999999764,0.0,0.0,2024-01-29 09:00:00+00:00,2024-02-05 15:15:00+00:00,806.0,79005
2683,research_grade_oos,no_c1,7.480000000000018,-13.694999999999936,-13.694999999999936,0.0,0.0,2024-01-29 09:15:00+00:00,2024-02-05 15:15:00+00:00,806.0,79005
2684,research_grade_oos,no_c1,9.099999999999909,-10.119999999999663,-10.119999999999663,0.0,0.0,2024-01-29 09:30:00+00:00,2024-01-29 17:15:00+00:00,807.0,79005
2685,research_grade_oos,no_c1,8.570000000000164,-11.209999999999809,-11.209999999999809,0.0,0.0,2024-01-29 09:45:00+00:00,2024-01-29 17:15:00+00:00,807.0,79005
2686,research_grade_oos,no_c1,7.399999999999864,-10.779999999999745,-10.779999999999745,0.0,0.0,2024-01-29 15:45:00+00:00,2024-01-29 16:30:00+00:00,808.0,79006
2687,research_grade_oos,no_c1,10.339999999999918,-12.412499999999909,-12.412499999999909,0.0,0.0,2024-01-29 16:00:00+00:00,2024-01-29 16:30:00+00:00,808.0,79006
2689,research_grade_oos,no_c1,4.160000000000082,-5.6375000000000455,-5.6375000000000455,0.0,0.0,2024-01-30 08:15:00+00:00,2024-02-05 07:45:00+00:00,809.0,79009
2690,research_grade_oos,no_c1,5.8599999999999,-7.929999999999836,-7.929999999999836,0.0,0.0,2024-01-30 09:45:00+00:00,2024-02-02 16:15:00+00:00,810.0,79009
2691,research_grade_oos,no_c1,7.25,-12.519999999999754,-12.519999999999754,0.0,0.0,2024-01-30 16:15:00+00:00,2024-02-02 16:15:00+00:00,810.0,79010
2692,research_grade_oos,no_c1,12.170000000000073,-17.3299999999997,-17.3299999999997,0.0,0.0,2024-01-30 16:30:00+00:00,2024-02-02 16:15:00+00:00,810.0,79010
2693,research_grade_oos,no_c1,5.670000000000073,-7.537499999999909,-7.537499999999909,0.0,0.0,2024-01-31 02:15:00+00:00,2024-02-02 16:15:00+00:00,810.0,79012
2694,research_grade_oos,no_c1,3.0399999999999636,-4.959999999999809,-4.959999999999809,0.0,0.0,2024-01-31 09:15:00+00:00,2024-02-01 12:45:00+00:00,811.0,79013
2695,research_grade_oos,no_c1,4.0,-5.5799999999997,-5.5799999999997,0.0,0.0,2024-01-31 09:30:00+00:00,2024-02-01 12:45:00+00:00,811.0,79013
2696,research_grade_oos,no_c1,6.339999999999918,-8.147500000000036,-8.147500000000036,0.0,0.0,2024-01-31 10:45:00+00:00,2024-02-01 12:45:00+00:00,811.0,79013
2697,research_grade_oos,no_c1,4.410000000000082,-7.289999999999736,-7.289999999999736,0.0,0.0,2024-01-31 15:45:00+00:00,2024-01-31 22:15:00+00:00,812.0,79014
2698,research_grade_oos,no_c1,7.160000000000082,-10.7199999999998,-10.7199999999998,0.0,0.0,2024-01-31 16:15:00+00:00,2024-01-31 22:15:00+00:00,812.0,79014
2699,research_grade_oos,no_c1,8.6400000000001,-16.230000000000246,-16.230000000000246,0.0,0.0,2024-01-31 16:45:00+00:00,2024-01-31 22:15:00+00:00,812.0,79014
2700,research_grade_oos,no_c1,14.629999999999882,-18.070000000000846,-18.070000000000846,0.0,0.0,2024-01-31 17:00:00+00:00,2024-01-31 22:15:00+00:00,812.0,79014
2701,research_grade_oos,no_c1,15.049999999999955,-15.769999999999754,-15.769999999999754,0.0,0.0,2024-02-01 04:15:00+00:00,2024-02-02 16:15:00+00:00,810.0,79016
2702,research_grade_oos,no_c1,12.789999999999964,-16.272500000000036,-16.272500000000036,0.0,0.0,2024-02-01 16:15:00+00:00,2024-02-05 07:45:00+00:00,809.0,79018
2703,research_grade_oos,no_c1,16.74000000000001,-18.222499999999854,-18.222499999999854,0.0,0.0,2024-02-01 16:30:00+00:00,2024-02-05 07:45:00+00:00,809.0,79018
2704,research_grade_oos,no_c1,18.360000000000127,-19.3225000000009,-19.3225000000009,0.0,0.0,2024-02-01 16:45:00+00:00,2024-02-05 07:45:00+00:00,809.0,79018
2705,research_grade_oos,no_c1,20.860000000000127,-21.80250000000092,-21.80250000000092,0.0,0.0,2024-02-01 17:45:00+00:00,2024-02-05 07:45:00+00:00,809.0,79018
2706,research_grade_oos,no_c1,23.050000000000182,-30.30250000000092,-30.30250000000092,0.0,0.0,2024-02-01 18:15:00+00:00,2024-02-05 07:45:00+00:00,809.0,79019
2707,research_grade_oos,no_c1,31.049999999999955,-33.99000000000069,-33.99000000000069,0.0,0.0,2024-02-01 18:45:00+00:00,2024-02-02 16:15:00+00:00,810.0,79019
2708,research_grade_oos,no_c1,3.1099999999999,-4.077499999999873,-4.077499999999873,0.0,0.0,2024-02-07 09:30:00+00:00,2024-02-07 14:15:00+00:00,813.0,79041
2709,research_grade_oos,c1_triggered,5.269999999999982,-5.6525000000001455,-7.1875,-1.5349999999998545,-0.29127134724855025,2024-02-07 15:45:00+00:00,2024-02-08 10:15:00+00:00,814.0,79042
2710,research_grade_oos,c1_triggered,7.539999999999964,-9.999999999999773,-11.534999999999627,-1.5349999999998545,-0.2035809018567456,2024-02-07 16:45:00+00:00,2024-02-08 10:15:00+00:00,814.0,79042
2711,research_grade_oos,c1_triggered,11.309999999999945,-12.079999999999927,-13.614999999999782,-1.5349999999998545,-0.13572060123783042,2024-02-07 17:00:00+00:00,2024-02-08 10:15:00+00:00,814.0,79042
2712,research_grade_oos,no_c1,4.039999999999964,-4.7800000000004275,-4.7800000000004275,0.0,0.0,2024-02-08 03:15:00+00:00,2024-02-08 05:30:00+00:00,815.0,79044
2713,research_grade_oos,no_c1,4.399999999999864,-5.485000000000355,-5.485000000000355,0.0,0.0,2024-02-08 04:15:00+00:00,2024-02-08 05:30:00+00:00,815.0,79044
2714,research_grade_oos,no_c1,6.039999999999964,-7.449999999999591,-7.449999999999591,0.0,0.0,2024-02-08 12:00:00+00:00,2024-02-08 14:00:00+00:00,816.0,79046
2715,research_grade_oos,no_c1,7.459999999999809,-10.289999999999736,-10.289999999999736,0.0,0.0,2024-02-08 12:30:00+00:00,2024-02-08 14:00:00+00:00,816.0,79046
2716,research_grade_oos,no_c1,2.990000000000009,-7.064999999999827,-7.064999999999827,0.0,0.0,2024-02-16 04:00:00+00:00,2024-02-16 15:30:00+00:00,817.0,79076
2717,research_grade_oos,no_c1,2.4600000000000364,-7.464999999999918,-7.464999999999918,0.0,0.0,2024-02-16 09:45:00+00:00,2024-02-16 15:30:00+00:00,817.0,79077
2718,research_grade_oos,no_c1,3.75,-8.662499999999909,-8.662499999999909,0.0,0.0,2024-02-16 12:45:00+00:00,2024-02-16 15:30:00+00:00,817.0,79078
2727,research_grade_oos,no_c1,3.7799999999999727,-5.809999999999945,-5.809999999999945,0.0,0.0,2024-02-20 09:30:00+00:00,2024-02-23 11:30:00+00:00,818.0,79093
2728,research_grade_oos,c1_triggered,6.379999999999882,-7.180000000000064,-7.382500000000164,-0.20250000000010004,-0.031739811912241976,2024-02-20 11:45:00+00:00,2024-02-23 11:15:00+00:00,819.0,79093
2729,research_grade_oos,c1_triggered,7.4099999999998545,-9.024999999999864,-9.227499999999964,-0.20250000000010004,-0.027327935222686103,2024-02-20 12:30:00+00:00,2024-02-23 11:15:00+00:00,819.0,79094
2730,research_grade_oos,c1_triggered,8.970000000000027,-9.454999999999927,-9.657500000000027,-0.20250000000010004,-0.022575250836131485,2024-02-20 12:45:00+00:00,2024-02-23 11:15:00+00:00,819.0,79094
2731,research_grade_oos,c1_triggered,8.61999999999989,-8.889999999999645,-8.07499999999959,0.8150000000000546,0.09454756380511194,2024-02-20 14:15:00+00:00,2024-02-23 11:00:00+00:00,820.0,79094
2732,research_grade_oos,no_c1,7.460000000000036,-9.049999999999727,-9.049999999999727,0.0,0.0,2024-02-20 15:45:00+00:00,2024-02-22 17:15:00+00:00,821.0,79094
2733,research_grade_oos,no_c1,3.1299999999998818,-4.319999999999709,-4.319999999999709,0.0,0.0,2024-02-21 04:15:00+00:00,2024-02-21 19:00:00+00:00,822.0,79096
2734,research_grade_oos,no_c1,4.349999999999909,-5.112500000000182,-5.112500000000182,0.0,0.0,2024-02-21 04:30:00+00:00,2024-02-21 19:00:00+00:00,822.0,79096
2735,research_grade_oos,no_c1,4.919999999999845,-6.004999999999882,-6.004999999999882,0.0,0.0,2024-02-21 04:45:00+00:00,2024-02-21 19:00:00+00:00,822.0,79096
2736,research_grade_oos,no_c1,6.229999999999791,-7.439999999999827,-7.439999999999827,0.0,0.0,2024-02-21 05:30:00+00:00,2024-02-21 19:00:00+00:00,822.0,79096
2737,research_grade_oos,no_c1,8.150000000000091,-9.069999999999709,-9.069999999999709,0.0,0.0,2024-02-21 07:45:00+00:00,2024-02-21 19:00:00+00:00,822.0,79097
2738,research_grade_oos,no_c1,4.2000000000000455,-6.800000000000182,-6.800000000000182,0.0,0.0,2024-02-21 15:15:00+00:00,2024-02-21 17:45:00+00:00,823.0,79098
2739,research_grade_oos,no_c1,3.490000000000009,-6.254999999999882,-6.254999999999882,0.0,0.0,2024-02-22 06:45:00+00:00,2024-02-22 16:30:00+00:00,824.0,79101
2740,research_grade_oos,no_c1,3.660000000000082,-6.514999999999873,-6.514999999999873,0.0,0.0,2024-02-22 07:00:00+00:00,2024-02-22 16:30:00+00:00,824.0,79101
2741,research_grade_oos,no_c1,3.880000000000109,-7.332499999999982,-7.332499999999982,0.0,0.0,2024-02-22 07:15:00+00:00,2024-02-22 16:30:00+00:00,824.0,79101
2742,research_grade_oos,no_c1,4.480000000000018,-7.712499999999864,-7.712499999999864,0.0,0.0,2024-02-22 08:15:00+00:00,2024-02-22 16:30:00+00:00,824.0,79101
2743,research_grade_oos,no_c1,5.599999999999909,-9.139999999999645,-9.139999999999645,0.0,0.0,2024-02-22 10:00:00+00:00,2024-02-22 16:30:00+00:00,824.0,79101
2744,research_grade_oos,no_c1,6.490000000000009,-11.919999999999618,-11.919999999999618,0.0,0.0,2024-02-22 10:15:00+00:00,2024-02-22 16:30:00+00:00,824.0,79101
2745,research_grade_oos,c1_triggered,3.979999999999791,-5.122499999999945,-5.5750000000000455,-0.45250000000010004,-0.11369346733671452,2024-02-23 03:15:00+00:00,2024-02-23 08:00:00+00:00,825.0,79104
2746,research_grade_oos,c1_triggered,4.319999999999936,-4.6700000000005275,-2.2600000000002183,2.4100000000003092,0.5578703703704502,2024-02-23 03:45:00+00:00,2024-02-23 07:45:00+00:00,826.0,79104
2752,research_grade_oos,no_c1,4.809999999999945,-7.9099999999998545,-7.9099999999998545,0.0,0.0,2024-02-26 10:30:00+00:00,2024-02-26 16:00:00+00:00,827.0,79117
2756,research_grade_oos,no_c1,3.2799999999999727,-4.260000000000673,-4.260000000000673,0.0,0.0,2024-02-27 04:45:00+00:00,2024-02-27 19:15:00+00:00,828.0,79120
2757,research_grade_oos,c1_triggered,3.5,-5.209999999999809,-6.082499999999754,-0.8724999999999454,-0.2492857142856987,2024-02-27 09:45:00+00:00,2024-02-27 19:00:00+00:00,829.0,79121
2758,research_grade_oos,c1_triggered,3.8500000000001364,-6.4549999999997,-7.327499999999645,-0.8724999999999454,-0.2266233766233544,2024-02-27 10:30:00+00:00,2024-02-27 19:00:00+00:00,829.0,79121
2759,research_grade_oos,c1_triggered,4.980000000000018,-7.814999999999827,-8.687499999999773,-0.8724999999999454,-0.17520080321283982,2024-02-27 10:45:00+00:00,2024-02-27 19:00:00+00:00,829.0,79121
2760,research_grade_oos,no_c1,3.5799999999999272,-4.6875,-4.6875,0.0,0.0,2024-02-28 03:45:00+00:00,2024-02-28 09:00:00+00:00,830.0,79124
2761,research_grade_oos,no_c1,4.490000000000009,-5.497500000000173,-5.497500000000173,0.0,0.0,2024-02-29 03:45:00+00:00,2024-02-29 12:45:00+00:00,831.0,79128
2762,research_grade_oos,c1_triggered,3.5499999999999545,-4.247499999999945,-3.509999999999991,0.7374999999999545,0.20774647887322928,2024-02-29 04:30:00+00:00,2024-02-29 12:15:00+00:00,832.0,79128
2766,research_grade_oos,c1_triggered,2.3400000000001455,-3.5249999999998636,-2.8549999999995634,0.6700000000003001,0.2863247863248968,2024-03-01 04:45:00+00:00,2024-03-01 10:15:00+00:00,833.0,79132
2767,research_grade_oos,c1_triggered,3.0799999999999272,-3.8999999999998636,-3.2299999999995634,0.6700000000003001,0.2175324675325701,2024-03-01 05:15:00+00:00,2024-03-01 10:15:00+00:00,833.0,79132
2768,research_grade_oos,c1_triggered,3.6000000000001364,-4.224999999999909,-3.554999999999609,0.6700000000003001,0.18611111111118742,2024-03-01 05:45:00+00:00,2024-03-01 10:15:00+00:00,833.0,79132
2769,research_grade_oos,c1_triggered,3.4400000000000546,-5.5275000000001455,-4.857499999999845,0.6700000000003001,0.19476744186054928,2024-03-01 08:30:00+00:00,2024-03-01 10:15:00+00:00,833.0,79133
2770,research_grade_oos,c1_triggered,4.740000000000009,-6.1775000000002365,-5.507499999999936,0.6700000000003001,0.1413502109705272,2024-03-01 09:15:00+00:00,2024-03-01 10:15:00+00:00,833.0,79133
2812,research_grade_oos,no_c1,5.570000000000164,-8.100000000001273,-8.100000000001273,0.0,0.0,2024-03-08 02:00:00+00:00,2024-03-12 17:00:00+00:00,834.0,79160
2813,research_grade_oos,no_c1,5.550000000000182,-7.537500000001273,-7.537500000001273,0.0,0.0,2024-03-08 08:45:00+00:00,2024-03-12 17:00:00+00:00,834.0,79161
2814,research_grade_oos,no_c1,7.9900000000002365,-9.880000000001473,-9.880000000001473,0.0,0.0,2024-03-08 10:15:00+00:00,2024-03-12 17:00:00+00:00,834.0,79161
2815,research_grade_oos,no_c1,8.529999999999745,-12.270000000001346,-12.270000000001346,0.0,0.0,2024-03-08 10:30:00+00:00,2024-03-12 17:00:00+00:00,834.0,79161
2816,research_grade_oos,no_c1,12.25,-15.290000000001328,-15.290000000001328,0.0,0.0,2024-03-08 12:00:00+00:00,2024-03-12 17:00:00+00:00,834.0,79162
2817,research_grade_oos,no_c1,8.150000000000091,-22.380000000001473,-22.380000000001473,0.0,0.0,2024-03-08 15:45:00+00:00,2024-03-12 16:30:00+00:00,835.0,79162
2818,research_grade_oos,no_c1,29.460000000000036,-36.720000000001164,-36.720000000001164,0.0,0.0,2024-03-08 19:15:00+00:00,2024-03-12 17:00:00+00:00,834.0,79163
2819,research_grade_oos,no_c1,35.850000000000364,-39.2400000000016,-39.2400000000016,0.0,0.0,2024-03-08 19:30:00+00:00,2024-03-12 17:00:00+00:00,834.0,79163
2820,research_grade_oos,no_c1,13.349999999999909,-16.65000000000191,-16.65000000000191,0.0,0.0,2024-03-11 02:30:00+00:00,2024-03-12 16:00:00+00:00,836.0,79172
2821,research_grade_oos,no_c1,14.800000000000182,-17.430000000001655,-17.430000000001655,0.0,0.0,2024-03-11 02:45:00+00:00,2024-03-12 16:00:00+00:00,836.0,79172
2822,research_grade_oos,no_c1,8.789999999999964,-11.920000000001437,-11.920000000001437,0.0,0.0,2024-03-11 03:45:00+00:00,2024-03-12 08:30:00+00:00,837.0,79172
2823,research_grade_oos,no_c1,4.849999999999909,-7.790000000002237,-7.790000000002237,0.0,0.0,2024-03-11 11:00:00+00:00,2024-03-12 08:30:00+00:00,837.0,79173
2824,research_grade_oos,no_c1,6.729999999999563,-9.160000000002128,-9.160000000002128,0.0,0.0,2024-03-11 16:45:00+00:00,2024-03-12 08:30:00+00:00,837.0,79174
2825,research_grade_oos,no_c1,7.449999999999818,-10.290000000001783,-10.290000000001783,0.0,0.0,2024-03-12 01:30:00+00:00,2024-03-12 08:30:00+00:00,837.0,79176
2826,research_grade_oos,no_c1,4.489999999999782,-5.065000000000055,-5.065000000000055,0.0,0.0,2024-03-14 04:00:00+00:00,2024-03-14 06:30:00+00:00,838.0,79184
2832,research_grade_oos,no_c1,7.760000000000218,-12.010000000001583,-12.010000000001583,0.0,0.0,2024-03-21 10:30:00+00:00,2024-03-21 11:30:00+00:00,839.0,79213
2833,research_grade_oos,c1_triggered,13.440000000000055,-19.130000000001928,-11.730000000003656,7.399999999998272,0.5505952380951072,2024-03-21 13:30:00+00:00,2024-03-21 16:45:00+00:00,840.0,79214
2834,research_grade_oos,no_c1,3.7100000000000364,-10.71750000000111,-10.71750000000111,0.0,0.0,2024-03-22 03:30:00+00:00,2024-03-22 04:45:00+00:00,841.0,79216
2835,research_grade_oos,no_c1,4.179999999999836,-12.150000000001455,-12.150000000001455,0.0,0.0,2024-03-22 03:45:00+00:00,2024-03-22 04:45:00+00:00,841.0,79216
2856,research_grade_oos,no_c1,24.0300000000002,-30.250000000001364,-30.250000000001364,0.0,0.0,2024-04-01 06:45:00+00:00,2024-04-01 17:15:00+00:00,842.0,79257
2857,research_grade_oos,no_c1,28.63000000000011,-31.540000000000873,-31.540000000000873,0.0,0.0,2024-04-01 07:00:00+00:00,2024-04-01 17:15:00+00:00,842.0,79257
2875,research_grade_oos,no_c1,17.970000000000255,-18.760000000001583,-18.760000000001583,0.0,0.0,2024-04-04 01:30:00+00:00,2024-04-04 15:30:00+00:00,843.0,79268
2876,research_grade_oos,c1_triggered,12.349999999999909,-19.950000000002092,-23.96000000000413,-4.010000000002037,-0.324696356275471,2024-04-04 17:30:00+00:00,2024-04-05 04:00:00+00:00,844.0,79270
2890,research_grade_oos,no_c1,30.460000000000036,-45.76000000000158,-45.76000000000158,0.0,0.0,2024-04-08 05:45:00+00:00,2024-04-23 04:45:00+00:00,845.0,79284
2891,research_grade_oos,no_c1,9.690000000000055,-16.160000000001673,-16.160000000001673,0.0,0.0,2024-04-08 13:45:00+00:00,2024-04-08 15:15:00+00:00,846.0,79286
2894,research_grade_oos,no_c1,4.800000000000182,-21.150000000002365,-21.150000000002365,0.0,0.0,2024-04-09 04:15:00+00:00,2024-04-10 16:00:00+00:00,847.0,79288
2895,research_grade_oos,no_c1,9.570000000000164,-33.06000000000222,-33.06000000000222,0.0,0.0,2024-04-09 10:15:00+00:00,2024-04-10 16:00:00+00:00,847.0,79289
2896,research_grade_oos,no_c1,14.0,-17.040000000001783,-17.040000000001783,0.0,0.0,2024-04-09 11:45:00+00:00,2024-04-09 18:45:00+00:00,848.0,79289
2897,research_grade_oos,no_c1,16.210000000000036,-19.210000000001855,-19.210000000001855,0.0,0.0,2024-04-09 12:15:00+00:00,2024-04-09 18:45:00+00:00,848.0,79290
2898,research_grade_oos,no_c1,16.359999999999673,-24.540000000001783,-24.540000000001783,0.0,0.0,2024-04-09 12:30:00+00:00,2024-04-09 18:45:00+00:00,848.0,79290
2899,research_grade_oos,no_c1,9.340000000000146,-16.320000000001528,-16.320000000001528,0.0,0.0,2024-04-10 03:00:00+00:00,2024-04-10 15:30:00+00:00,849.0,79292
2900,research_grade_oos,no_c1,11.210000000000036,-17.700000000001182,-17.700000000001182,0.0,0.0,2024-04-10 08:00:00+00:00,2024-04-10 15:30:00+00:00,849.0,79293
2901,research_grade_oos,no_c1,12.140000000000327,-19.750000000001364,-19.750000000001364,0.0,0.0,2024-04-10 08:15:00+00:00,2024-04-10 15:30:00+00:00,849.0,79293
2911,research_grade_oos,no_c1,18.039999999999964,-26.170000000001437,-26.170000000001437,0.0,0.0,2024-04-12 04:15:00+00:00,2024-04-12 20:00:00+00:00,850.0,79300
2912,research_grade_oos,no_c1,20.879999999999654,-30.4300000000012,-30.4300000000012,0.0,0.0,2024-04-12 05:00:00+00:00,2024-04-12 20:00:00+00:00,850.0,79300
2913,research_grade_oos,no_c1,19.990000000000236,-23.240000000002055,-23.240000000002055,0.0,0.0,2024-04-12 05:15:00+00:00,2024-04-12 19:30:00+00:00,851.0,79300
2914,research_grade_oos,rollover_ineligible,12.599999999999909,-23.84000000000151,-23.84000000000151,0.0,0.0,2024-04-12 10:15:00+00:00,2024-04-12 19:15:00+00:00,852.0,79301
2915,research_grade_oos,rollover_ineligible,16.06999999999971,-25.650000000001455,-25.650000000001455,0.0,0.0,2024-04-12 11:00:00+00:00,2024-04-12 19:15:00+00:00,852.0,79301
2916,research_grade_oos,c1_triggered,9.960000000000036,-14.410000000001673,-10.55000000000291,3.859999999998763,0.3875502008030873,2024-04-12 16:45:00+00:00,2024-04-12 19:00:00+00:00,853.0,79302
2917,research_grade_oos,c1_triggered,16.110000000000127,-25.950000000001637,-22.090000000002874,3.859999999998763,0.2396027312227643,2024-04-12 17:15:00+00:00,2024-04-12 19:00:00+00:00,853.0,79302
2918,research_grade_oos,c1_triggered,29.860000000000127,-38.39000000000169,-34.53000000000293,3.859999999998763,0.12926992632279793,2024-04-12 18:00:00+00:00,2024-04-12 19:00:00+00:00,853.0,79303
2921,research_grade_oos,no_c1,41.4699999999998,-46.030000000001564,-46.030000000001564,0.0,0.0,2024-04-16 01:15:00+00:00,2024-04-22 14:15:00+00:00,854.0,79316
2922,research_grade_oos,no_c1,12.390000000000327,-12.940000000001419,-12.940000000001419,0.0,0.0,2024-04-16 15:45:00+00:00,2024-04-17 23:45:00+00:00,855.0,79318
2923,research_grade_oos,no_c1,15.730000000000018,-19.66000000000122,-19.66000000000122,0.0,0.0,2024-04-16 18:00:00+00:00,2024-04-17 23:45:00+00:00,855.0,79319
2925,research_grade_oos,no_c1,12.5,-22.7400000000016,-22.7400000000016,0.0,0.0,2024-04-17 11:30:00+00:00,2024-04-17 19:30:00+00:00,856.0,79321
2926,research_grade_oos,no_c1,16.200000000000273,-24.22000000000162,-24.22000000000162,0.0,0.0,2024-04-17 11:45:00+00:00,2024-04-17 19:30:00+00:00,856.0,79321
2927,research_grade_oos,no_c1,18.610000000000127,-27.100000000001273,-27.100000000001273,0.0,0.0,2024-04-17 12:00:00+00:00,2024-04-17 19:30:00+00:00,856.0,79322
2928,research_grade_oos,c1_triggered,7.210000000000036,-9.110000000001492,-6.170000000003256,2.9399999999982356,0.4077669902910154,2024-04-18 13:30:00+00:00,2024-04-22 05:45:00+00:00,857.0,79326
2929,research_grade_oos,c1_triggered,8.700000000000273,-10.260000000001583,-7.320000000003347,2.9399999999982356,0.3379310344825452,2024-04-18 13:45:00+00:00,2024-04-22 05:45:00+00:00,857.0,79326
2930,research_grade_oos,no_c1,10.830000000000382,-13.770000000002256,-13.770000000002256,0.0,0.0,2024-04-18 16:30:00+00:00,2024-04-18 17:15:00+00:00,858.0,79326
2931,research_grade_oos,c1_triggered,11.400000000000091,-16.59000000000151,-13.650000000003274,2.9399999999982356,0.2578947368419484,2024-04-19 04:15:00+00:00,2024-04-22 05:45:00+00:00,857.0,79328
2932,research_grade_oos,c1_triggered,18.940000000000055,-23.09000000000151,-20.150000000003274,2.9399999999982356,0.15522703273485888,2024-04-19 04:30:00+00:00,2024-04-22 05:45:00+00:00,857.0,79328
2933,research_grade_oos,c1_triggered,23.610000000000127,-40.32000000000153,-37.38000000000329,2.9399999999982356,0.12452350698848877,2024-04-19 04:45:00+00:00,2024-04-22 05:45:00+00:00,857.0,79328
2934,research_grade_oos,c1_triggered,13.980000000000018,-15.800000000001546,-12.86000000000331,2.9399999999982356,0.21030042918442288,2024-04-19 17:30:00+00:00,2024-04-22 05:45:00+00:00,857.0,79330
2935,research_grade_oos,c1_triggered,19.070000000000164,-21.270000000001346,-18.33000000000311,2.9399999999982356,0.1541688515992769,2024-04-19 18:15:00+00:00,2024-04-22 05:45:00+00:00,857.0,79331
2937,research_grade_oos,no_c1,7.119999999999891,-10.920000000001437,-10.920000000001437,0.0,0.0,2024-04-26 05:15:00+00:00,2024-04-29 05:45:00+00:00,859.0,79356
2938,research_grade_oos,no_c1,10.0300000000002,-13.290000000001328,-13.290000000001328,0.0,0.0,2024-04-26 07:30:00+00:00,2024-04-29 05:45:00+00:00,859.0,79357
2939,research_grade_oos,no_c1,12.099999999999909,-14.730000000002292,-14.730000000002292,0.0,0.0,2024-04-26 09:45:00+00:00,2024-04-29 04:00:00+00:00,860.0,79357
2940,research_grade_oos,no_c1,11.679999999999836,-17.620000000002165,-17.620000000002165,0.0,0.0,2024-04-26 10:30:00+00:00,2024-04-29 04:00:00+00:00,860.0,79357
2941,research_grade_oos,no_c1,14.800000000000182,-14.990000000002055,-14.990000000002055,0.0,0.0,2024-04-26 11:15:00+00:00,2024-04-29 03:30:00+00:00,861.0,79357
2942,research_grade_oos,no_c1,16.670000000000073,-19.96000000000231,-19.96000000000231,0.0,0.0,2024-04-26 12:15:00+00:00,2024-04-29 03:30:00+00:00,861.0,79358
2943,research_grade_oos,c1_triggered,13.179999999999836,-13.7400000000016,-14.49000000000342,-0.750000000001819,-0.05690440060711899,2024-04-29 11:30:00+00:00,2024-04-30 08:15:00+00:00,862.0,79369
2944,research_grade_oos,c1_triggered,12.710000000000036,-14.820000000001528,-15.570000000003347,-0.750000000001819,-0.059008654602818005,2024-04-29 11:45:00+00:00,2024-04-30 08:15:00+00:00,862.0,79369
2945,research_grade_oos,no_c1,13.860000000000127,-16.850000000002183,-16.850000000002183,0.0,0.0,2024-04-29 13:00:00+00:00,2024-04-30 07:15:00+00:00,863.0,79370
2946,research_grade_oos,c1_triggered,17.360000000000127,-18.730000000001382,-19.4800000000032,-0.750000000001819,-0.04320276497706299,2024-04-29 19:15:00+00:00,2024-04-30 08:15:00+00:00,862.0,79371
2947,research_grade_oos,no_c1,7.110000000000127,-8.930000000001655,-8.930000000001655,0.0,0.0,2024-05-06 10:30:00+00:00,2024-05-08 04:45:00+00:00,864.0,79397
2948,research_grade_oos,no_c1,8.789999999999964,-15.470000000002074,-15.470000000002074,0.0,0.0,2024-05-06 10:45:00+00:00,2024-05-08 04:45:00+00:00,864.0,79397
2949,research_grade_oos,no_c1,9.629999999999654,-10.56000000000222,-10.56000000000222,0.0,0.0,2024-05-06 15:45:00+00:00,2024-05-07 11:00:00+00:00,865.0,79398
2950,research_grade_oos,no_c1,6.5900000000001455,-8.940000000002328,-8.940000000002328,0.0,0.0,2024-05-07 04:00:00+00:00,2024-05-07 05:00:00+00:00,866.0,79400
2951,research_grade_oos,no_c1,9.920000000000073,-12.790000000001328,-12.790000000001328,0.0,0.0,2024-05-07 16:15:00+00:00,2024-05-08 04:45:00+00:00,864.0,79402
2952,research_grade_oos,no_c1,9.730000000000018,-11.450000000001637,-11.450000000001637,0.0,0.0,2024-05-08 06:00:00+00:00,2024-05-08 10:45:00+00:00,867.0,79405
2953,research_grade_oos,no_c1,11.070000000000164,-12.81000000000131,-12.81000000000131,0.0,0.0,2024-05-08 07:15:00+00:00,2024-05-08 10:45:00+00:00,867.0,79405
2958,research_grade_oos,rollover_ineligible,14.510000000000218,-14.690000000001419,-14.690000000001419,0.0,0.0,2024-05-10 03:30:00+00:00,2024-05-23 20:30:00+00:00,868.0,79412
2959,research_grade_oos,no_c1,13.399999999999636,-16.620000000002165,-16.620000000002165,0.0,0.0,2024-05-10 04:15:00+00:00,2024-05-13 18:15:00+00:00,869.0,79412
2960,research_grade_oos,no_c1,17.11999999999989,-19.90000000000191,-19.90000000000191,0.0,0.0,2024-05-10 04:30:00+00:00,2024-05-13 18:15:00+00:00,869.0,79412
2961,research_grade_oos,no_c1,11.66000000000031,-12.93000000000211,-12.93000000000211,0.0,0.0,2024-05-10 09:15:00+00:00,2024-05-13 10:30:00+00:00,870.0,79413
2962,research_grade_oos,no_c1,13.700000000000273,-15.630000000001928,-15.630000000001928,0.0,0.0,2024-05-10 09:30:00+00:00,2024-05-13 10:30:00+00:00,870.0,79413
2963,research_grade_oos,no_c1,15.349999999999909,-19.100000000002183,-19.100000000002183,0.0,0.0,2024-05-10 09:45:00+00:00,2024-05-13 10:30:00+00:00,870.0,79413
2964,research_grade_oos,no_c1,19.16000000000031,-21.600000000002183,-21.600000000002183,0.0,0.0,2024-05-10 10:00:00+00:00,2024-05-13 10:30:00+00:00,870.0,79413
2965,research_grade_oos,no_c1,21.990000000000236,-22.510000000002037,-22.510000000002037,0.0,0.0,2024-05-10 10:15:00+00:00,2024-05-13 10:30:00+00:00,870.0,79413
2966,research_grade_oos,no_c1,20.9699999999998,-24.020000000002256,-24.020000000002256,0.0,0.0,2024-05-10 12:15:00+00:00,2024-05-13 09:00:00+00:00,871.0,79414
2967,research_grade_oos,no_c1,21.539999999999964,-22.360000000001946,-22.360000000001946,0.0,0.0,2024-05-10 13:30:00+00:00,2024-05-13 08:15:00+00:00,872.0,79414
2968,research_grade_oos,no_c1,22.190000000000055,-24.170000000002346,-24.170000000002346,0.0,0.0,2024-05-10 13:45:00+00:00,2024-05-13 08:15:00+00:00,872.0,79414
2970,research_grade_oos,c1_triggered,4.650000000000091,-7.9100000000016735,-2.900000000003274,5.009999999998399,1.0774193548383444,2024-05-15 06:45:00+00:00,2024-05-23 17:00:00+00:00,873.0,79433
2971,research_grade_oos,c1_triggered,5.289999999999964,-9.540000000002237,-4.530000000003838,5.009999999998399,0.9470699432889289,2024-05-15 10:15:00+00:00,2024-05-23 17:00:00+00:00,873.0,79433
2972,research_grade_oos,c1_triggered,7.019999999999982,-10.450000000002092,-5.4400000000036925,5.009999999998399,0.7136752136749875,2024-05-15 10:30:00+00:00,2024-05-23 17:00:00+00:00,873.0,79433
2973,research_grade_oos,c1_triggered,9.190000000000055,-16.050000000002,-11.040000000003602,5.009999999998399,0.5451577801956876,2024-05-15 11:30:00+00:00,2024-05-23 17:00:00+00:00,873.0,79433
2974,research_grade_oos,c1_triggered,13.239999999999782,-19.630000000001928,-14.620000000003529,5.009999999998399,0.37839879154067085,2024-05-15 11:45:00+00:00,2024-05-23 17:00:00+00:00,873.0,79433
2975,research_grade_oos,no_c1,15.5300000000002,-19.720000000001164,-19.720000000001164,0.0,0.0,2024-05-15 15:45:00+00:00,2024-05-23 10:45:00+00:00,874.0,79434
2976,research_grade_oos,c1_triggered,27.109999999999673,-30.86000000000149,-32.060000000002674,-1.2000000000011823,-0.0442641091848468,2024-05-15 18:15:00+00:00,2024-05-23 17:15:00+00:00,875.0,79435
2977,research_grade_oos,c1_triggered,30.199999999999818,-34.34000000000151,-35.54000000000269,-1.2000000000011823,-0.03973509933778773,2024-05-15 18:30:00+00:00,2024-05-23 17:15:00+00:00,875.0,79435
2980,research_grade_oos,c1_triggered,6.639999999999873,-7.570000000001983,-10.70000000000391,-3.130000000001928,-0.4713855421689741,2024-05-16 02:30:00+00:00,2024-05-16 13:15:00+00:00,876.0,79436
2981,research_grade_oos,c1_triggered,9.360000000000127,-10.840000000001965,-13.970000000003893,-3.130000000001928,-0.33440170940191083,2024-05-16 03:30:00+00:00,2024-05-16 13:15:00+00:00,876.0,79436
2982,research_grade_oos,c1_triggered,11.11999999999989,-11.750000000001819,-14.880000000003747,-3.130000000001928,-0.28147482014406106,2024-05-16 04:00:00+00:00,2024-05-16 13:15:00+00:00,876.0,79436
2983,research_grade_oos,no_c1,8.460000000000036,-12.2700000000018,-12.2700000000018,0.0,0.0,2024-05-17 09:15:00+00:00,2024-05-23 04:15:00+00:00,877.0,79441
2984,research_grade_oos,no_c1,9.809999999999945,-13.410000000002128,-13.410000000002128,0.0,0.0,2024-05-17 09:30:00+00:00,2024-05-23 04:15:00+00:00,877.0,79441
2985,research_grade_oos,no_c1,12.759999999999764,-15.5200000000018,-15.5200000000018,0.0,0.0,2024-05-17 10:15:00+00:00,2024-05-23 04:15:00+00:00,877.0,79441
2986,research_grade_oos,rollover_ineligible,6.440000000000055,-9.4300000000012,-9.4300000000012,0.0,0.0,2024-05-17 14:30:00+00:00,2024-05-22 21:15:00+00:00,878.0,79442
2987,research_grade_oos,rollover_ineligible,8.110000000000127,-10.500000000001364,-10.500000000001364,0.0,0.0,2024-05-17 15:00:00+00:00,2024-05-22 21:15:00+00:00,878.0,79442
2988,research_grade_oos,rollover_ineligible,10.059999999999945,-14.020000000001346,-14.020000000001346,0.0,0.0,2024-05-17 16:00:00+00:00,2024-05-22 21:15:00+00:00,878.0,79442
2989,research_grade_oos,rollover_ineligible,12.730000000000018,-23.59000000000151,-23.59000000000151,0.0,0.0,2024-05-17 16:15:00+00:00,2024-05-22 21:15:00+00:00,878.0,79442
2990,research_grade_oos,rollover_ineligible,23.4699999999998,-26.640000000001237,-26.640000000001237,0.0,0.0,2024-05-17 17:30:00+00:00,2024-05-22 21:15:00+00:00,878.0,79442
2991,research_grade_oos,rollover_ineligible,26.289999999999964,-29.700000000001182,-29.700000000001182,0.0,0.0,2024-05-17 17:45:00+00:00,2024-05-22 21:15:00+00:00,878.0,79442
2992,research_grade_oos,rollover_ineligible,27.809999999999945,-34.17000000000144,-34.17000000000144,0.0,0.0,2024-05-17 18:00:00+00:00,2024-05-22 21:15:00+00:00,878.0,79443
2993,research_grade_oos,no_c1,14.989999999999782,-24.2400000000016,-24.2400000000016,0.0,0.0,2024-05-20 04:15:00+00:00,2024-05-20 15:30:00+00:00,879.0,79452
2994,research_grade_oos,c1_triggered,19.829999999999927,-30.700000000001637,-34.550000000003365,-3.850000000001728,-0.19415027735762694,2024-05-20 08:45:00+00:00,2024-05-20 15:15:00+00:00,880.0,79453
2997,research_grade_oos,c1_triggered,14.170000000000073,-28.11000000000149,-30.80000000000382,-2.6900000000023283,-0.1898376852506926,2024-05-21 10:45:00+00:00,2024-05-22 17:00:00+00:00,881.0,79457
2998,research_grade_oos,no_c1,14.309999999999945,-15.500000000002728,-15.500000000002728,0.0,0.0,2024-05-21 15:00:00+00:00,2024-05-22 14:30:00+00:00,882.0,79458
2999,research_grade_oos,no_c1,15.11999999999989,-16.700000000002092,-16.700000000002092,0.0,0.0,2024-05-21 15:15:00+00:00,2024-05-22 14:30:00+00:00,882.0,79458
3000,research_grade_oos,no_c1,12.680000000000291,-16.640000000002146,-16.640000000002146,0.0,0.0,2024-05-21 15:30:00+00:00,2024-05-22 11:15:00+00:00,883.0,79458
3001,research_grade_oos,no_c1,16.730000000000018,-17.700000000002092,-17.700000000002092,0.0,0.0,2024-05-21 18:15:00+00:00,2024-05-22 06:45:00+00:00,884.0,79459
3002,research_grade_oos,no_c1,5.400000000000091,-14.630000000001473,-14.630000000001473,0.0,0.0,2024-05-31 15:45:00+00:00,2024-05-31 17:00:00+00:00,885.0,79498
3003,research_grade_oos,no_c1,12.900000000000091,-16.850000000001728,-16.850000000001728,0.0,0.0,2024-05-31 16:00:00+00:00,2024-05-31 17:00:00+00:00,885.0,79498
3004,research_grade_oos,no_c1,17.170000000000073,-29.850000000002183,-29.850000000002183,0.0,0.0,2024-06-05 17:45:00+00:00,2024-06-07 15:30:00+00:00,886.0,79518
3005,research_grade_oos,no_c1,20.769999999999982,-33.340000000001965,-33.340000000001965,0.0,0.0,2024-06-05 18:15:00+00:00,2024-06-07 15:30:00+00:00,886.0,79519
3006,research_grade_oos,no_c1,23.039999999999964,-37.63000000000193,-37.63000000000193,0.0,0.0,2024-06-05 18:45:00+00:00,2024-06-07 15:30:00+00:00,886.0,79519
3007,research_grade_oos,no_c1,4.880000000000109,-12.480000000001382,-12.480000000001382,0.0,0.0,2024-06-06 04:15:00+00:00,2024-06-07 11:00:00+00:00,887.0,79520
3008,research_grade_oos,no_c1,11.289999999999964,-16.060000000001764,-16.060000000001764,0.0,0.0,2024-06-06 04:30:00+00:00,2024-06-07 11:00:00+00:00,887.0,79520
3009,research_grade_oos,no_c1,19.5,-23.200000000001637,-23.200000000001637,0.0,0.0,2024-06-06 06:00:00+00:00,2024-06-07 11:00:00+00:00,887.0,79521
3010,research_grade_oos,no_c1,13.489999999999782,-19.100000000001728,-19.100000000001728,0.0,0.0,2024-06-06 18:15:00+00:00,2024-06-07 11:00:00+00:00,887.0,79523
3011,research_grade_oos,no_c1,17.519999999999982,-23.580000000001746,-23.580000000001746,0.0,0.0,2024-06-06 18:30:00+00:00,2024-06-07 11:00:00+00:00,887.0,79523
3012,research_grade_oos,no_c1,21.419999999999618,-26.060000000001764,-26.060000000001764,0.0,0.0,2024-06-06 18:45:00+00:00,2024-06-07 11:00:00+00:00,887.0,79523
3013,research_grade_oos,no_c1,7.9699999999998,-25.837500000000546,-25.837500000000546,0.0,0.0,2024-06-07 02:00:00+00:00,2024-06-07 11:00:00+00:00,887.0,79524
3014,research_grade_oos,no_c1,7.110000000000127,-7.490000000001601,-7.490000000001601,0.0,0.0,2024-06-07 04:00:00+00:00,2024-06-07 05:15:00+00:00,888.0,79524
3015,research_grade_oos,no_c1,12.599999999999909,-33.04000000000133,-33.04000000000133,0.0,0.0,2024-06-07 07:30:00+00:00,2024-06-07 11:00:00+00:00,887.0,79525
3016,research_grade_oos,no_c1,15.039999999999964,-34.52000000000089,-34.52000000000089,0.0,0.0,2024-06-07 07:45:00+00:00,2024-06-07 11:00:00+00:00,887.0,79525
3017,research_grade_oos,no_c1,5.359999999999673,-20.1800000000012,-20.1800000000012,0.0,0.0,2024-06-12 15:45:00+00:00,2024-06-13 07:30:00+00:00,889.0,79546
3018,research_grade_oos,no_c1,19.73999999999978,-26.66000000000122,-26.66000000000122,0.0,0.0,2024-06-12 16:00:00+00:00,2024-06-13 07:30:00+00:00,889.0,79546
3019,research_grade_oos,no_c1,26.799999999999727,-31.41000000000122,-31.41000000000122,0.0,0.0,2024-06-12 16:15:00+00:00,2024-06-13 07:30:00+00:00,889.0,79546
3020,research_grade_oos,no_c1,23.309999999999945,-28.510000000000673,-28.510000000000673,0.0,0.0,2024-06-14 14:45:00+00:00,2024-06-18 13:30:00+00:00,890.0,79554
3021,research_grade_oos,no_c1,6.170000000000073,-13.040000000001328,-13.040000000001328,0.0,0.0,2024-06-17 16:15:00+00:00,2024-06-17 18:30:00+00:00,891.0,79566
3022,research_grade_oos,no_c1,7.589999999999691,-9.680000000000746,-9.680000000000746,0.0,0.0,2024-06-18 02:00:00+00:00,2024-06-18 11:15:00+00:00,892.0,79568
3023,research_grade_oos,c1_triggered,6.929999999999836,-10.140000000000782,-8.720000000001619,1.4199999999991633,0.20490620490608902,2024-06-18 03:45:00+00:00,2024-06-18 10:45:00+00:00,893.0,79568
3026,research_grade_oos,no_c1,4.7800000000002,-5.460000000000946,-5.460000000000946,0.0,0.0,2024-06-19 06:15:00+00:00,2024-06-19 14:00:00+00:00,894.0,79573
3027,research_grade_oos,no_c1,5.839999999999691,-8.460000000000946,-8.460000000000946,0.0,0.0,2024-06-19 11:15:00+00:00,2024-06-19 14:00:00+00:00,894.0,79573
3028,research_grade_oos,no_c1,3.5300000000002,-7.670000000000982,-7.670000000000982,0.0,0.0,2024-06-20 04:15:00+00:00,2024-06-21 18:15:00+00:00,895.0,79576
3029,research_grade_oos,no_c1,7.150000000000091,-11.190000000000964,-11.190000000000964,0.0,0.0,2024-06-20 04:45:00+00:00,2024-06-21 18:15:00+00:00,895.0,79576
3030,research_grade_oos,no_c1,11.2800000000002,-13.00000000000091,-13.00000000000091,0.0,0.0,2024-06-20 07:45:00+00:00,2024-06-21 18:15:00+00:00,895.0,79577
3031,research_grade_oos,no_c1,12.340000000000146,-14.240000000000691,-14.240000000000691,0.0,0.0,2024-06-20 08:00:00+00:00,2024-06-21 18:15:00+00:00,895.0,79577
3032,research_grade_oos,no_c1,13.200000000000273,-15.460000000000946,-15.460000000000946,0.0,0.0,2024-06-20 08:15:00+00:00,2024-06-21 18:15:00+00:00,895.0,79577
3033,research_grade_oos,no_c1,11.950000000000273,-15.630000000001019,-15.630000000001019,0.0,0.0,2024-06-20 16:45:00+00:00,2024-06-21 17:45:00+00:00,896.0,79578
3034,research_grade_oos,no_c1,13.66000000000031,-19.760000000001128,-19.760000000001128,0.0,0.0,2024-06-20 17:00:00+00:00,2024-06-21 17:45:00+00:00,896.0,79578
3035,research_grade_oos,no_c1,21.68000000000029,-26.090000000001055,-26.090000000001055,0.0,0.0,2024-06-20 17:30:00+00:00,2024-06-21 17:45:00+00:00,896.0,79578
3036,research_grade_oos,no_c1,26.2199999999998,-30.78000000000111,-30.78000000000111,0.0,0.0,2024-06-20 17:45:00+00:00,2024-06-21 17:45:00+00:00,896.0,79578
3037,research_grade_oos,c1_triggered,27.080000000000382,-31.25000000000091,-32.550000000002,-1.3000000000010914,-0.04800590841953741,2024-06-20 18:00:00+00:00,2024-06-21 17:30:00+00:00,897.0,79579
3038,research_grade_oos,no_c1,3.7800000000002,-5.740000000000691,-5.740000000000691,0.0,0.0,2024-06-21 03:15:00+00:00,2024-06-21 10:15:00+00:00,898.0,79580
3039,research_grade_oos,no_c1,4.940000000000055,-6.580000000000837,-6.580000000000837,0.0,0.0,2024-06-21 03:30:00+00:00,2024-06-21 10:15:00+00:00,898.0,79580
3040,research_grade_oos,c1_triggered,10.4699999999998,-18.27000000000089,-13.290000000002237,4.979999999998654,0.4756446991402817,2024-06-21 11:30:00+00:00,2024-06-21 16:30:00+00:00,899.0,79581
3043,research_grade_oos,c1_triggered,9.88000000000011,-13.360000000001492,-16.260000000002037,-2.9000000000005457,-0.29352226720652974,2024-06-28 13:30:00+00:00,2024-07-01 08:15:00+00:00,900.0,79610
3044,research_grade_oos,no_c1,12.690000000000055,-13.460000000000946,-13.460000000000946,0.0,0.0,2024-06-28 13:45:00+00:00,2024-07-01 03:00:00+00:00,901.0,79610
3045,research_grade_oos,no_c1,5.010000000000218,-6.040000000000873,-6.040000000000873,0.0,0.0,2024-07-01 04:30:00+00:00,2024-07-01 07:30:00+00:00,902.0,79620
3048,research_grade_oos,c1_triggered,11.260000000000218,-12.980000000000928,-13.380000000001928,-0.40000000000100044,-0.03552397868570095,2024-07-01 14:15:00+00:00,2024-07-02 14:30:00+00:00,903.0,79622
3049,research_grade_oos,c1_triggered,12.200000000000273,-14.900000000001,-15.300000000002001,-0.40000000000100044,-0.03278688524598291,2024-07-01 14:30:00+00:00,2024-07-02 14:30:00+00:00,903.0,79622
3050,research_grade_oos,c1_triggered,14.519999999999982,-15.8700000000008,-16.2700000000018,-0.40000000000100044,-0.02754820936646012,2024-07-01 14:45:00+00:00,2024-07-02 14:30:00+00:00,903.0,79622
3051,research_grade_oos,c1_triggered,15.41000000000031,-17.330000000000837,-17.730000000001837,-0.40000000000100044,-0.025957170668461545,2024-07-01 15:00:00+00:00,2024-07-02 14:30:00+00:00,903.0,79622
3053,research_grade_oos,c1_triggered,5.690000000000055,-7.790000000000873,-9.370000000002165,-1.5800000000012915,-0.27768014059776386,2024-07-02 03:15:00+00:00,2024-07-02 06:45:00+00:00,904.0,79624
3054,research_grade_oos,no_c1,4.309999999999945,-5.300000000001091,-5.300000000001091,0.0,0.0,2024-07-02 05:00:00+00:00,2024-07-02 06:00:00+00:00,905.0,79624
3068,research_grade_oos,no_c1,7.230000000000018,-8.270000000000891,-8.270000000000891,0.0,0.0,2024-07-04 04:30:00+00:00,2024-07-04 09:15:00+00:00,906.0,79632
3069,research_grade_oos,no_c1,4.610000000000127,-6.660000000000764,-6.660000000000764,0.0,0.0,2024-07-05 04:00:00+00:00,2024-07-09 18:00:00+00:00,907.0,79636
3070,research_grade_oos,no_c1,4.820000000000164,-7.470000000000709,-7.470000000000709,0.0,0.0,2024-07-05 04:15:00+00:00,2024-07-09 18:00:00+00:00,907.0,79636
3071,research_grade_oos,no_c1,6.779999999999745,-9.480000000000928,-9.480000000000928,0.0,0.0,2024-07-05 05:30:00+00:00,2024-07-09 18:00:00+00:00,907.0,79636
3072,research_grade_oos,no_c1,7.099999999999909,-8.790000000001328,-8.790000000001328,0.0,0.0,2024-07-05 08:00:00+00:00,2024-07-08 18:45:00+00:00,908.0,79637
3073,research_grade_oos,no_c1,7.779999999999745,-9.62000000000171,-9.62000000000171,0.0,0.0,2024-07-05 09:00:00+00:00,2024-07-08 18:45:00+00:00,908.0,79637
3074,research_grade_oos,no_c1,8.11999999999989,-10.450000000001637,-10.450000000001637,0.0,0.0,2024-07-05 09:15:00+00:00,2024-07-08 18:45:00+00:00,908.0,79637
3075,research_grade_oos,no_c1,6.760000000000218,-11.690000000001419,-11.690000000001419,0.0,0.0,2024-07-05 10:45:00+00:00,2024-07-08 18:45:00+00:00,908.0,79637
3081,research_grade_oos,c1_triggered,9.179999999999836,-14.210000000000946,-14.000000000002274,0.20999999999867214,0.022875816993319812,2024-07-08 17:15:00+00:00,2024-07-08 18:30:00+00:00,909.0,79650
3082,research_grade_oos,no_c1,4.420000000000073,-8.700000000000728,-8.700000000000728,0.0,0.0,2024-07-10 10:00:00+00:00,2024-07-25 15:00:00+00:00,910.0,79657
3083,research_grade_oos,no_c1,7.389999999999873,-11.710000000000946,-11.710000000000946,0.0,0.0,2024-07-10 10:30:00+00:00,2024-07-25 15:00:00+00:00,910.0,79657
3084,research_grade_oos,no_c1,6.360000000000127,-10.430000000000746,-10.430000000000746,0.0,0.0,2024-07-10 14:45:00+00:00,2024-07-25 10:00:00+00:00,911.0,79658
3085,research_grade_oos,no_c1,7.329999999999927,-11.730000000000928,-11.730000000000928,0.0,0.0,2024-07-10 15:00:00+00:00,2024-07-25 10:00:00+00:00,911.0,79658
3086,research_grade_oos,no_c1,7.5300000000002,-9.330000000001291,-9.330000000001291,0.0,0.0,2024-07-10 15:30:00+00:00,2024-07-10 21:00:00+00:00,912.0,79658
3087,research_grade_oos,no_c1,10.11999999999989,-12.560000000000855,-12.560000000000855,0.0,0.0,2024-07-10 17:00:00+00:00,2024-07-10 21:00:00+00:00,912.0,79658
3088,research_grade_oos,no_c1,2.9200000000000728,-6.5900000000006,-6.5900000000006,0.0,0.0,2024-07-11 03:45:00+00:00,2024-07-25 10:00:00+00:00,911.0,79660
3089,research_grade_oos,no_c1,2.6399999999998727,-7.5900000000006,-7.5900000000006,0.0,0.0,2024-07-11 04:00:00+00:00,2024-07-25 10:00:00+00:00,911.0,79660
3090,research_grade_oos,no_c1,5.0600000000004,-9.330000000000837,-9.330000000000837,0.0,0.0,2024-07-11 05:00:00+00:00,2024-07-25 10:00:00+00:00,911.0,79660
3091,research_grade_oos,no_c1,5.440000000000055,-10.640000000000782,-10.640000000000782,0.0,0.0,2024-07-11 05:45:00+00:00,2024-07-25 10:00:00+00:00,911.0,79660
3092,research_grade_oos,no_c1,6.550000000000182,-11.770000000000891,-11.770000000000891,0.0,0.0,2024-07-11 06:15:00+00:00,2024-07-25 10:00:00+00:00,911.0,79661
3093,research_grade_oos,no_c1,7.619999999999891,-12.980000000000928,-12.980000000000928,0.0,0.0,2024-07-11 06:30:00+00:00,2024-07-25 10:00:00+00:00,911.0,79661
3094,research_grade_oos,no_c1,8.739999999999782,-14.800000000000637,-14.800000000000637,0.0,0.0,2024-07-11 07:30:00+00:00,2024-07-25 10:00:00+00:00,911.0,79661
3095,research_grade_oos,no_c1,10.159999999999854,-15.640000000000782,-15.640000000000782,0.0,0.0,2024-07-11 07:45:00+00:00,2024-07-25 10:00:00+00:00,911.0,79661
3096,research_grade_oos,no_c1,6.369999999999891,-10.090000000001055,-10.090000000001055,0.0,0.0,2024-07-11 11:15:00+00:00,2024-07-25 05:30:00+00:00,913.0,79661
3097,research_grade_oos,no_c1,5.5900000000001455,-6.980000000000928,-6.980000000000928,0.0,0.0,2024-07-11 12:15:00+00:00,2024-07-25 04:30:00+00:00,914.0,79662
3098,research_grade_oos,no_c1,6.099999999999909,-30.300000000000637,-30.300000000000637,0.0,0.0,2024-07-11 15:45:00+00:00,2024-07-25 04:30:00+00:00,914.0,79662
3099,research_grade_oos,no_c1,34.840000000000146,-40.35000000000082,-40.35000000000082,0.0,0.0,2024-07-11 18:00:00+00:00,2024-07-25 04:30:00+00:00,914.0,79663
3100,research_grade_oos,no_c1,16.860000000000127,-22.890000000000782,-22.890000000000782,0.0,0.0,2024-07-12 17:15:00+00:00,2024-07-22 17:15:00+00:00,915.0,79666
3101,research_grade_oos,no_c1,19.440000000000055,-25.50000000000091,-25.50000000000091,0.0,0.0,2024-07-12 18:15:00+00:00,2024-07-22 17:15:00+00:00,915.0,79667
3102,research_grade_oos,no_c1,23.110000000000127,-28.8700000000008,-28.8700000000008,0.0,0.0,2024-07-12 19:30:00+00:00,2024-07-22 17:15:00+00:00,915.0,79667
3105,research_grade_oos,no_c1,6.019999999999982,-8.420000000001437,-8.420000000001437,0.0,0.0,2024-07-15 06:45:00+00:00,2024-07-15 09:45:00+00:00,916.0,79677
3106,research_grade_oos,no_c1,6.440000000000055,-8.760000000001583,-8.760000000001583,0.0,0.0,2024-07-15 07:00:00+00:00,2024-07-15 09:45:00+00:00,916.0,79677
3107,research_grade_oos,no_c1,7.059999999999945,-9.630000000001473,-9.630000000001473,0.0,0.0,2024-07-15 07:15:00+00:00,2024-07-15 09:45:00+00:00,916.0,79677
3108,research_grade_oos,no_c1,8.41000000000031,-10.790000000001328,-10.790000000001328,0.0,0.0,2024-07-15 08:30:00+00:00,2024-07-15 09:45:00+00:00,916.0,79677
3109,research_grade_oos,no_c1,12.799999999999727,-18.430000000001655,-18.430000000001655,0.0,0.0,2024-07-15 14:00:00+00:00,2024-07-19 16:00:00+00:00,917.0,79678
3110,research_grade_oos,no_c1,14.460000000000036,-20.600000000001273,-20.600000000001273,0.0,0.0,2024-07-15 14:15:00+00:00,2024-07-19 16:00:00+00:00,917.0,79678
3111,research_grade_oos,no_c1,13.090000000000146,-13.780000000000655,-13.780000000000655,0.0,0.0,2024-07-15 17:15:00+00:00,2024-07-19 15:00:00+00:00,918.0,79678
3112,research_grade_oos,no_c1,15.599999999999909,-16.080000000000837,-16.080000000000837,0.0,0.0,2024-07-15 17:30:00+00:00,2024-07-19 15:00:00+00:00,918.0,79678
3113,research_grade_oos,no_c1,15.349999999999909,-24.230000000000928,-24.230000000000928,0.0,0.0,2024-07-15 18:00:00+00:00,2024-07-19 15:00:00+00:00,918.0,79679
3114,research_grade_oos,c1_triggered,21.269999999999982,-23.570000000001073,-23.75000000000182,-0.18000000000074579,-0.00846262341329318,2024-07-15 18:15:00+00:00,2024-07-19 14:45:00+00:00,919.0,79679
3115,research_grade_oos,c1_triggered,24.86999999999989,-26.420000000000982,-26.600000000001728,-0.18000000000074579,-0.007237635705699501,2024-07-15 18:30:00+00:00,2024-07-19 14:45:00+00:00,919.0,79679
3116,research_grade_oos,no_c1,3.25,-8.330000000000837,-8.330000000000837,0.0,0.0,2024-07-16 04:15:00+00:00,2024-07-19 09:00:00+00:00,920.0,79680
3117,research_grade_oos,no_c1,6.980000000000018,-10.870000000001255,-10.870000000001255,0.0,0.0,2024-07-16 05:00:00+00:00,2024-07-19 09:00:00+00:00,920.0,79680
3118,research_grade_oos,no_c1,8.360000000000127,-12.560000000000855,-12.560000000000855,0.0,0.0,2024-07-16 05:30:00+00:00,2024-07-19 09:00:00+00:00,920.0,79680
3119,research_grade_oos,no_c1,9.120000000000346,-13.78000000000111,-13.78000000000111,0.0,0.0,2024-07-16 06:00:00+00:00,2024-07-19 09:00:00+00:00,920.0,79681
3120,research_grade_oos,no_c1,11.450000000000273,-15.050000000001091,-15.050000000001091,0.0,0.0,2024-07-16 08:45:00+00:00,2024-07-19 09:00:00+00:00,920.0,79681
3121,research_grade_oos,no_c1,8.699999999999818,-12.320000000000618,-12.320000000000618,0.0,0.0,2024-07-16 10:00:00+00:00,2024-07-19 04:15:00+00:00,921.0,79681
3122,research_grade_oos,no_c1,11.88000000000011,-15.610000000001037,-15.610000000001037,0.0,0.0,2024-07-16 10:45:00+00:00,2024-07-19 04:15:00+00:00,921.0,79681
3123,research_grade_oos,no_c1,15.980000000000018,-21.190000000000964,-21.190000000000964,0.0,0.0,2024-07-16 12:45:00+00:00,2024-07-19 04:15:00+00:00,921.0,79682
3124,research_grade_oos,no_c1,9.710000000000036,-11.200000000000728,-11.200000000000728,0.0,0.0,2024-07-16 15:30:00+00:00,2024-07-16 15:45:00+00:00,922.0,79682
3125,research_grade_oos,c1_triggered,14.5300000000002,-20.13000000000102,-24.56000000000222,-4.4300000000012005,-0.30488644184453817,2024-07-16 16:45:00+00:00,2024-07-19 04:00:00+00:00,923.0,79682
3126,research_grade_oos,c1_triggered,20.019999999999982,-26.340000000001055,-30.770000000002256,-4.4300000000012005,-0.22127872127878145,2024-07-16 18:00:00+00:00,2024-07-19 04:00:00+00:00,923.0,79683
3127,research_grade_oos,c1_triggered,24.590000000000146,-30.52000000000089,-34.95000000000209,-4.4300000000012005,-0.18015453436361017,2024-07-16 18:15:00+00:00,2024-07-19 04:00:00+00:00,923.0,79683
3128,research_grade_oos,c1_triggered,28.230000000000018,-34.27000000000089,-38.70000000000209,-4.4300000000012005,-0.15692525681902933,2024-07-16 18:30:00+00:00,2024-07-19 04:00:00+00:00,923.0,79683
3129,research_grade_oos,c1_triggered,33.0300000000002,-38.17000000000098,-42.60000000000218,-4.4300000000012005,-0.13412049651835223,2024-07-16 18:45:00+00:00,2024-07-19 04:00:00+00:00,923.0,79683
3132,research_grade_oos,no_c1,7.460000000000036,-12.920000000000982,-12.920000000000982,0.0,0.0,2024-07-17 03:45:00+00:00,2024-07-17 18:00:00+00:00,924.0,79684
3133,research_grade_oos,no_c1,12.789999999999964,-14.410000000000764,-14.410000000000764,0.0,0.0,2024-07-17 04:45:00+00:00,2024-07-17 09:15:00+00:00,925.0,79684
3134,research_grade_oos,no_c1,12.83999999999969,-14.600000000000819,-14.600000000000819,0.0,0.0,2024-07-17 05:00:00+00:00,2024-07-17 06:15:00+00:00,926.0,79684
3135,research_grade_oos,no_c1,15.019999999999982,-16.690000000000964,-16.690000000000964,0.0,0.0,2024-07-17 05:15:00+00:00,2024-07-17 06:15:00+00:00,926.0,79684
3136,research_grade_oos,no_c1,12.860000000000127,-17.480000000000928,-17.480000000000928,0.0,0.0,2024-07-17 11:15:00+00:00,2024-07-17 18:00:00+00:00,924.0,79685
3137,research_grade_oos,c1_triggered,13.809999999999945,-19.610000000000582,-24.67000000000189,-5.06000000000131,-0.3664011585808349,2024-07-17 17:00:00+00:00,2024-07-17 17:45:00+00:00,927.0,79686
3138,research_grade_oos,no_c1,8.829999999999927,-9.890000000001692,-9.890000000001692,0.0,0.0,2024-07-18 02:15:00+00:00,2024-07-18 21:30:00+00:00,928.0,79688
3139,research_grade_oos,no_c1,4.829999999999927,-6.920000000000982,-6.920000000000982,0.0,0.0,2024-07-18 04:15:00+00:00,2024-07-18 19:30:00+00:00,929.0,79688
3140,research_grade_oos,no_c1,7.480000000000018,-9.950000000001182,-9.950000000001182,0.0,0.0,2024-07-18 06:00:00+00:00,2024-07-18 19:30:00+00:00,929.0,79689
3141,research_grade_oos,no_c1,8.58999999999969,-11.900000000000546,-11.900000000000546,0.0,0.0,2024-07-18 06:15:00+00:00,2024-07-18 19:30:00+00:00,929.0,79689
3142,research_grade_oos,no_c1,10.980000000000018,-12.820000000001073,-12.820000000001073,0.0,0.0,2024-07-18 06:45:00+00:00,2024-07-18 19:30:00+00:00,929.0,79689
3143,research_grade_oos,no_c1,10.480000000000018,-14.710000000000946,-14.710000000000946,0.0,0.0,2024-07-18 09:45:00+00:00,2024-07-18 19:30:00+00:00,929.0,79689
3144,research_grade_oos,no_c1,11.789999999999964,-13.800000000001091,-13.800000000001091,0.0,0.0,2024-07-18 10:15:00+00:00,2024-07-18 16:30:00+00:00,930.0,79689
3145,research_grade_oos,no_c1,13.389999999999873,-20.900000000001,-20.900000000001,0.0,0.0,2024-07-24 09:15:00+00:00,2024-07-24 22:45:00+00:00,931.0,79713
3146,research_grade_oos,no_c1,10.610000000000127,-12.660000000001219,-12.660000000001219,0.0,0.0,2024-07-24 16:00:00+00:00,2024-07-24 20:45:00+00:00,932.0,79714
3147,research_grade_oos,no_c1,17.75,-21.540000000000873,-21.540000000000873,0.0,0.0,2024-07-24 18:00:00+00:00,2024-07-24 20:45:00+00:00,932.0,79715
3148,research_grade_oos,no_c1,6.720000000000255,-10.6200000000008,-10.6200000000008,0.0,0.0,2024-07-30 16:30:00+00:00,2024-07-30 18:30:00+00:00,933.0,79738
3151,research_grade_oos,c1_triggered,8.329999999999927,-17.780000000001564,-15.390000000002146,2.389999999999418,0.28691476590629517,2024-07-31 06:15:00+00:00,2024-08-05 14:15:00+00:00,934.0,79741
3152,research_grade_oos,c1_triggered,11.990000000000236,-20.650000000001455,-18.260000000002037,2.389999999999418,0.1993327773143762,2024-07-31 06:30:00+00:00,2024-08-05 14:15:00+00:00,934.0,79741
3153,research_grade_oos,c1_triggered,15.450000000000273,-23.905000000000655,-21.515000000001237,2.389999999999418,0.1546925566342638,2024-07-31 08:00:00+00:00,2024-08-05 14:15:00+00:00,934.0,79741
3154,research_grade_oos,c1_triggered,18.039999999999964,-26.520000000001346,-24.130000000001928,2.389999999999418,0.13248337028821633,2024-07-31 09:30:00+00:00,2024-08-05 14:15:00+00:00,934.0,79741
3155,research_grade_oos,no_c1,7.880000000000109,-11.480000000000928,-11.480000000000928,0.0,0.0,2024-07-31 16:45:00+00:00,2024-08-02 18:00:00+00:00,935.0,79742
3156,research_grade_oos,no_c1,7.869999999999891,-12.980000000000928,-12.980000000000928,0.0,0.0,2024-07-31 17:00:00+00:00,2024-08-02 18:00:00+00:00,935.0,79742
3157,research_grade_oos,no_c1,10.180000000000291,-15.360000000000582,-15.360000000000582,0.0,0.0,2024-07-31 17:15:00+00:00,2024-08-02 18:00:00+00:00,935.0,79742
3161,research_grade_oos,no_c1,19.829999999999927,-38.930000000000746,-38.930000000000746,0.0,0.0,2024-08-01 04:15:00+00:00,2024-08-02 18:00:00+00:00,935.0,79744
3162,research_grade_oos,c1_triggered,21.269999999999982,-26.52000000000089,-39.47000000000162,-12.950000000000728,-0.6088387400094376,2024-08-01 04:30:00+00:00,2024-08-02 17:45:00+00:00,936.0,79744
3163,research_grade_oos,no_c1,15.739999999999782,-39.98000000000093,-39.98000000000093,0.0,0.0,2024-08-01 15:45:00+00:00,2024-08-02 18:00:00+00:00,935.0,79746
3164,research_grade_oos,c1_triggered,12.590000000000146,-18.150000000001,-31.100000000001728,-12.950000000000728,-1.0285941223193469,2024-08-02 03:30:00+00:00,2024-08-02 17:45:00+00:00,936.0,79748
3165,research_grade_oos,c1_triggered,19.850000000000364,-24.290000000000873,-37.2400000000016,-12.950000000000728,-0.6523929471032992,2024-08-02 06:00:00+00:00,2024-08-02 17:45:00+00:00,936.0,79749
3166,research_grade_oos,c1_triggered,20.65000000000009,-27.310000000000855,-40.26000000000158,-12.950000000000728,-0.6271186440678291,2024-08-02 06:15:00+00:00,2024-08-02 17:45:00+00:00,936.0,79749
3167,research_grade_oos,c1_triggered,24.370000000000346,-28.210000000000946,-41.16000000000167,-12.950000000000728,-0.5313910545753198,2024-08-02 07:45:00+00:00,2024-08-02 17:45:00+00:00,936.0,79749
3168,research_grade_oos,c1_triggered,26.350000000000364,-35.49000000000069,-48.44000000000142,-12.950000000000728,-0.4914611005692808,2024-08-02 09:00:00+00:00,2024-08-02 17:45:00+00:00,936.0,79749
3169,research_grade_oos,c1_triggered,9.5,-34.560000000000855,-16.7700000000018,17.789999999999054,1.872631578947269,2024-08-02 15:45:00+00:00,2024-08-02 17:30:00+00:00,937.0,79750
3170,research_grade_oos,c1_triggered,33.48999999999978,-42.83000000000129,-34.16000000000258,8.669999999998709,0.2588832487309276,2024-08-05 07:00:00+00:00,2024-08-05 13:45:00+00:00,938.0,79761
3171,research_grade_oos,c1_triggered,38.539999999999964,-47.61000000000149,-38.94000000000278,8.669999999998709,0.22496107939799473,2024-08-05 07:15:00+00:00,2024-08-05 13:45:00+00:00,938.0,79761
3185,research_grade_oos,no_c1,5.760000000000218,-8.662499999999909,-8.662499999999909,0.0,0.0,2024-08-12 16:30:00+00:00,2024-08-15 16:00:00+00:00,939.0,79790
3186,research_grade_oos,no_c1,6.920000000000073,-14.604999999999563,-14.604999999999563,0.0,0.0,2024-08-12 16:45:00+00:00,2024-08-15 16:00:00+00:00,939.0,79790
3187,research_grade_oos,no_c1,17.829999999999927,-21.58499999999958,-21.58499999999958,0.0,0.0,2024-08-12 18:15:00+00:00,2024-08-15 16:00:00+00:00,939.0,79791
3188,research_grade_oos,no_c1,20.940000000000055,-27.139999999999873,-27.139999999999873,0.0,0.0,2024-08-12 19:15:00+00:00,2024-08-15 16:00:00+00:00,939.0,79791
3193,research_grade_oos,no_c1,8.930000000000291,-10.562499999999545,-10.562499999999545,0.0,0.0,2024-08-13 03:00:00+00:00,2024-08-13 04:00:00+00:00,940.0,79792
3194,research_grade_oos,no_c1,9.519999999999982,-11.2524999999996,-11.2524999999996,0.0,0.0,2024-08-13 03:15:00+00:00,2024-08-13 04:00:00+00:00,940.0,79792
3195,research_grade_oos,no_c1,8.610000000000127,-20.55500000000029,-20.55500000000029,0.0,0.0,2024-08-13 15:45:00+00:00,2024-08-14 16:15:00+00:00,941.0,79794
3196,research_grade_oos,no_c1,13.609999999999673,-23.200000000000273,-23.200000000000273,0.0,0.0,2024-08-13 16:45:00+00:00,2024-08-14 16:15:00+00:00,941.0,79794
3197,research_grade_oos,no_c1,6.199999999999818,-10.459999999999582,-10.459999999999582,0.0,0.0,2024-08-14 04:30:00+00:00,2024-08-14 05:00:00+00:00,942.0,79796
3198,research_grade_oos,no_c1,12.4699999999998,-19.3100000000004,-19.3100000000004,0.0,0.0,2024-08-14 10:15:00+00:00,2024-08-14 16:15:00+00:00,941.0,79797
3199,research_grade_oos,no_c1,14.920000000000073,-20.220000000000255,-20.220000000000255,0.0,0.0,2024-08-14 10:45:00+00:00,2024-08-14 16:15:00+00:00,941.0,79797
3200,research_grade_oos,no_c1,13.639999999999873,-27.200000000000273,-27.200000000000273,0.0,0.0,2024-08-14 11:45:00+00:00,2024-08-14 16:15:00+00:00,941.0,79797
3212,research_grade_oos,no_c1,6.470000000000255,-9.997499999999945,-9.997499999999945,0.0,0.0,2024-08-19 11:30:00+00:00,2024-08-19 13:00:00+00:00,943.0,79817
3213,research_grade_oos,no_c1,16.940000000000055,-27.482500000000073,-27.482500000000073,0.0,0.0,2024-08-19 17:45:00+00:00,2024-08-22 17:00:00+00:00,944.0,79818
3215,research_grade_oos,c1_triggered,3.7100000000000364,-4.539999999999964,-5.414999999999964,-0.875,-0.23584905660377128,2024-08-20 03:45:00+00:00,2024-08-20 04:45:00+00:00,945.0,79820
3216,research_grade_oos,c1_triggered,9.559999999999945,-20.617499999999836,-22.472499999999854,-1.8550000000000182,-0.1940376569037687,2024-08-20 10:45:00+00:00,2024-08-22 16:15:00+00:00,946.0,79821
3217,research_grade_oos,c1_triggered,16.090000000000146,-22.34999999999991,-24.204999999999927,-1.8550000000000182,-0.11528899937849604,2024-08-20 11:00:00+00:00,2024-08-22 16:15:00+00:00,946.0,79821
3218,research_grade_oos,c1_triggered,25.7800000000002,-30.764999999999873,-32.61999999999989,-1.8550000000000182,-0.0719550038789761,2024-08-20 12:15:00+00:00,2024-08-22 16:15:00+00:00,946.0,79822
3219,research_grade_oos,c1_triggered,27.13000000000011,-32.05249999999978,-33.9074999999998,-1.8550000000000182,-0.06837449318098086,2024-08-20 12:30:00+00:00,2024-08-22 16:15:00+00:00,946.0,79822
3220,research_grade_oos,no_c1,24.889999999999873,-28.077499999999873,-28.077499999999873,0.0,0.0,2024-08-20 15:00:00+00:00,2024-08-21 16:30:00+00:00,947.0,79822
3222,research_grade_oos,no_c1,6.239999999999782,-11.042500000000018,-11.042500000000018,0.0,0.0,2024-08-21 05:15:00+00:00,2024-08-21 10:30:00+00:00,948.0,79824
3225,research_grade_oos,c1_triggered,11.460000000000036,-15.532500000000255,-16.80249999999978,-1.269999999999527,-0.11082024432805611,2024-08-26 01:15:00+00:00,2024-08-28 15:00:00+00:00,949.0,79844
3226,research_grade_oos,no_c1,6.739999999999782,-8.659999999999854,-8.659999999999854,0.0,0.0,2024-08-26 02:15:00+00:00,2024-08-27 05:00:00+00:00,950.0,79844
3227,research_grade_oos,no_c1,6.630000000000109,-11.305000000000291,-11.305000000000291,0.0,0.0,2024-08-26 10:15:00+00:00,2024-08-27 05:00:00+00:00,950.0,79845
3228,research_grade_oos,no_c1,10.239999999999782,-14.149999999999636,-14.149999999999636,0.0,0.0,2024-08-26 10:45:00+00:00,2024-08-27 05:00:00+00:00,950.0,79845
3229,research_grade_oos,no_c1,13.069999999999709,-17.84999999999991,-17.84999999999991,0.0,0.0,2024-08-26 11:15:00+00:00,2024-08-27 05:00:00+00:00,950.0,79845
3230,research_grade_oos,no_c1,16.440000000000055,-18.799999999999727,-18.799999999999727,0.0,0.0,2024-08-26 11:45:00+00:00,2024-08-27 05:00:00+00:00,950.0,79845
3231,research_grade_oos,no_c1,8.320000000000164,-11.192499999999654,-11.192499999999654,0.0,0.0,2024-08-27 09:15:00+00:00,2024-08-27 10:45:00+00:00,951.0,79849
3232,research_grade_oos,no_c1,10.980000000000018,-12.509999999999764,-12.509999999999764,0.0,0.0,2024-08-27 09:30:00+00:00,2024-08-27 10:45:00+00:00,951.0,79849
3233,research_grade_oos,no_c1,11.510000000000218,-13.582499999999527,-13.582499999999527,0.0,0.0,2024-08-27 17:15:00+00:00,2024-08-28 14:30:00+00:00,952.0,79850
3235,research_grade_oos,no_c1,11.929999999999836,-13.940000000000055,-13.940000000000055,0.0,0.0,2024-08-28 02:15:00+00:00,2024-08-28 06:00:00+00:00,953.0,79852
3236,research_grade_oos,no_c1,8.400000000000091,-16.012499999999818,-16.012499999999818,0.0,0.0,2024-08-29 09:30:00+00:00,2024-08-29 15:30:00+00:00,954.0,79857
3237,research_grade_oos,no_c1,7.480000000000018,-18.142499999999927,-18.142499999999927,0.0,0.0,2024-08-29 13:00:00+00:00,2024-08-29 15:30:00+00:00,954.0,79858
3238,research_grade_oos,no_c1,7.9099999999998545,-12.757499999999254,-12.757499999999254,0.0,0.0,2024-08-30 09:30:00+00:00,2024-08-30 17:15:00+00:00,955.0,79861
3239,research_grade_oos,no_c1,11.9699999999998,-16.007499999999254,-16.007499999999254,0.0,0.0,2024-08-30 11:30:00+00:00,2024-08-30 17:15:00+00:00,955.0,79861
3240,research_grade_oos,no_c1,5.470000000000255,-14.747499999998581,-14.747499999998581,0.0,0.0,2024-09-05 09:00:00+00:00,2024-09-06 19:30:00+00:00,956.0,79885
3241,research_grade_oos,no_c1,8.470000000000255,-16.527499999999236,-16.527499999999236,0.0,0.0,2024-09-05 09:15:00+00:00,2024-09-06 19:30:00+00:00,956.0,79885
3242,research_grade_oos,no_c1,11.400000000000091,-19.204999999998563,-19.204999999998563,0.0,0.0,2024-09-05 09:30:00+00:00,2024-09-06 19:30:00+00:00,956.0,79885
3243,research_grade_oos,no_c1,13.679999999999836,-20.919999999999163,-20.919999999999163,0.0,0.0,2024-09-05 11:15:00+00:00,2024-09-06 19:30:00+00:00,956.0,79885
3244,research_grade_oos,no_c1,15.61999999999989,-26.84249999999929,-26.84249999999929,0.0,0.0,2024-09-05 11:30:00+00:00,2024-09-06 19:30:00+00:00,956.0,79885
3245,research_grade_oos,c1_triggered,14.38000000000011,-21.6049999999982,-15.309999999996762,6.295000000001437,0.4377607788596237,2024-09-05 15:30:00+00:00,2024-09-06 19:00:00+00:00,957.0,79886
3246,research_grade_oos,c1_triggered,16.840000000000146,-25.30749999999898,-19.012499999997544,6.295000000001437,0.3738123515440251,2024-09-05 15:45:00+00:00,2024-09-06 19:00:00+00:00,957.0,79886
3247,research_grade_oos,c1_triggered,7.630000000000109,-8.804999999998927,-12.849999999997635,-4.0449999999987085,-0.5301441677586698,2024-09-06 02:15:00+00:00,2024-09-06 16:15:00+00:00,958.0,79888
3248,research_grade_oos,c1_triggered,5.0300000000002,-9.994999999998981,-14.03999999999769,-4.0449999999987085,-0.804174950297922,2024-09-06 07:00:00+00:00,2024-09-06 16:15:00+00:00,958.0,79889
3249,research_grade_oos,c1_triggered,5.420000000000073,-10.464999999998327,-14.509999999997035,-4.0449999999987085,-0.7463099630993827,2024-09-06 07:15:00+00:00,2024-09-06 16:15:00+00:00,958.0,79889
3250,research_grade_oos,c1_triggered,5.890000000000327,-10.744999999998981,-14.78999999999769,-4.0449999999987085,-0.6867572156194369,2024-09-06 07:30:00+00:00,2024-09-06 16:15:00+00:00,958.0,79889
3251,research_grade_oos,c1_triggered,6.550000000000182,-11.644999999999072,-15.68999999999778,-4.0449999999987085,-0.6175572519081827,2024-09-06 08:15:00+00:00,2024-09-06 16:15:00+00:00,958.0,79889
3252,research_grade_oos,c1_triggered,7.360000000000127,-12.304999999998927,-16.349999999997635,-4.0449999999987085,-0.5495923913041628,2024-09-06 08:30:00+00:00,2024-09-06 16:15:00+00:00,958.0,79889
3253,research_grade_oos,c1_triggered,8.079999999999927,-16.6299999999992,-20.674999999997908,-4.0449999999987085,-0.5006188118810327,2024-09-06 15:45:00+00:00,2024-09-06 16:15:00+00:00,958.0,79890
3258,research_grade_oos,no_c1,6.170000000000073,-14.519999999999072,-14.519999999999072,0.0,0.0,2024-09-11 03:00:00+00:00,2024-09-11 15:30:00+00:00,959.0,79908
3259,research_grade_oos,no_c1,5.010000000000218,-16.079999999999472,-16.079999999999472,0.0,0.0,2024-09-11 04:45:00+00:00,2024-09-11 15:30:00+00:00,959.0,79908
3260,research_grade_oos,no_c1,7.600000000000364,-20.889999999999418,-20.889999999999418,0.0,0.0,2024-09-11 09:15:00+00:00,2024-09-11 15:30:00+00:00,959.0,79909
3276,research_grade_oos,rollover_ineligible,5.980000000000018,-8.344999999997981,-8.344999999997981,0.0,0.0,2024-09-13 03:45:00+00:00,2024-09-18 22:30:00+00:00,960.0,79916
3277,research_grade_oos,no_c1,9.200000000000273,-13.03499999999849,-13.03499999999849,0.0,0.0,2024-09-13 16:00:00+00:00,2024-09-17 19:45:00+00:00,961.0,79918
3278,research_grade_oos,no_c1,17.420000000000073,-19.97499999999809,-19.97499999999809,0.0,0.0,2024-09-13 16:45:00+00:00,2024-09-17 19:45:00+00:00,961.0,79918
3279,research_grade_oos,no_c1,5.650000000000091,-6.764999999998508,-6.764999999998508,0.0,0.0,2024-09-16 05:15:00+00:00,2024-09-17 07:30:00+00:00,962.0,79928
3280,research_grade_oos,no_c1,6.110000000000127,-8.28499999999849,-8.28499999999849,0.0,0.0,2024-09-16 05:30:00+00:00,2024-09-17 07:30:00+00:00,962.0,79928
3281,research_grade_oos,no_c1,7.7599999999997635,-9.094999999997981,-9.094999999997981,0.0,0.0,2024-09-16 06:00:00+00:00,2024-09-17 07:30:00+00:00,962.0,79929
3282,research_grade_oos,no_c1,9.11999999999989,-10.154999999998836,-10.154999999998836,0.0,0.0,2024-09-16 08:45:00+00:00,2024-09-16 13:30:00+00:00,963.0,79929
3283,research_grade_oos,c1_triggered,3.980000000000018,-6.0874999999991815,-6.9024999999983265,-0.8149999999991451,-0.20477386934651792,2024-09-17 03:00:00+00:00,2024-09-17 06:30:00+00:00,964.0,79932
3284,research_grade_oos,c1_triggered,6.039999999999964,-7.427499999998872,-8.242499999998017,-0.8149999999991451,-0.13493377483429636,2024-09-17 05:15:00+00:00,2024-09-17 06:30:00+00:00,964.0,79932
3285,research_grade_oos,c1_triggered,6.949999999999818,-8.497499999998581,-9.312499999997726,-0.8149999999991451,-0.11726618705023976,2024-09-17 05:30:00+00:00,2024-09-17 06:30:00+00:00,964.0,79932
3286,research_grade_oos,rollover_ineligible,10.930000000000291,-20.18499999999858,-20.18499999999858,0.0,0.0,2024-09-18 02:15:00+00:00,2024-09-18 22:30:00+00:00,960.0,79936
3287,research_grade_oos,rollover_ineligible,9.800000000000182,-20.864999999997963,-20.864999999997963,0.0,0.0,2024-09-18 02:30:00+00:00,2024-09-18 22:30:00+00:00,960.0,79936
3288,research_grade_oos,rollover_ineligible,9.789999999999964,-21.694999999998345,-21.694999999998345,0.0,0.0,2024-09-18 02:45:00+00:00,2024-09-18 22:30:00+00:00,960.0,79936
3302,research_grade_oos,no_c1,6.300000000000182,-8.194999999999254,-8.194999999999254,0.0,0.0,2024-09-23 05:45:00+00:00,2024-09-23 10:45:00+00:00,965.0,79956
3303,research_grade_oos,no_c1,10.240000000000236,-13.184999999998581,-13.184999999998581,0.0,0.0,2024-09-23 06:15:00+00:00,2024-09-23 10:45:00+00:00,965.0,79957
3304,research_grade_oos,no_c1,12.240000000000236,-16.054999999998927,-16.054999999998927,0.0,0.0,2024-09-23 06:30:00+00:00,2024-09-23 10:45:00+00:00,965.0,79957
3305,research_grade_oos,c1_triggered,11.929999999999836,-15.00499999999829,-15.989999999997053,-0.9849999999987631,-0.08256496227986393,2024-09-23 16:00:00+00:00,2024-10-08 18:00:00+00:00,966.0,79958
3306,research_grade_oos,c1_triggered,13.36999999999989,-17.104999999998654,-18.089999999997417,-0.9849999999987631,-0.07367240089743987,2024-09-23 16:15:00+00:00,2024-10-08 18:00:00+00:00,966.0,79958
3307,research_grade_oos,c1_triggered,17.889999999999873,-22.5074999999988,-23.492499999997563,-0.9849999999987631,-0.05505869200663891,2024-09-23 17:30:00+00:00,2024-10-08 18:00:00+00:00,966.0,79958
3308,research_grade_oos,c1_triggered,4.869999999999891,-8.4449999999988,-5.97999999999729,2.4650000000015098,0.5061601642713686,2024-09-24 04:15:00+00:00,2024-10-08 17:45:00+00:00,967.0,79960
3309,research_grade_oos,c1_triggered,6.389999999999873,-11.484999999998308,-9.019999999996799,2.4650000000015098,0.3857589984352987,2024-09-24 06:30:00+00:00,2024-10-08 17:45:00+00:00,967.0,79961
3310,research_grade_oos,c1_triggered,8.400000000000091,-14.114999999997963,-11.649999999996453,2.4650000000015098,0.2934523809525575,2024-09-24 06:45:00+00:00,2024-10-08 17:45:00+00:00,967.0,79961
3311,research_grade_oos,c1_triggered,12.38000000000011,-15.904999999997926,-13.439999999996417,2.4650000000015098,0.19911147011320582,2024-09-24 07:45:00+00:00,2024-10-08 17:45:00+00:00,967.0,79961
3312,research_grade_oos,c1_triggered,12.920000000000073,-17.494999999998527,-15.029999999997017,2.4650000000015098,0.1907894736843263,2024-09-24 08:00:00+00:00,2024-10-08 17:45:00+00:00,967.0,79961
3313,research_grade_oos,c1_triggered,19.75,-22.98499999999831,-20.5199999999968,2.4650000000015098,0.12481012658235492,2024-09-24 18:00:00+00:00,2024-10-08 17:45:00+00:00,967.0,79963
3314,research_grade_oos,c1_triggered,25.110000000000127,-29.31499999999869,-26.84999999999718,2.4650000000015098,0.09816806053371156,2024-09-24 19:15:00+00:00,2024-10-08 17:45:00+00:00,967.0,79963
3320,research_grade_oos,no_c1,8.25,-10.354999999998654,-10.354999999998654,0.0,0.0,2024-09-25 05:30:00+00:00,2024-09-25 09:45:00+00:00,968.0,79964
3321,research_grade_oos,no_c1,9.61999999999989,-15.704999999998563,-15.704999999998563,0.0,0.0,2024-09-25 06:00:00+00:00,2024-09-25 09:45:00+00:00,968.0,79965
3322,research_grade_oos,no_c1,7.519999999999982,-9.734999999998308,-9.734999999998308,0.0,0.0,2024-09-25 15:15:00+00:00,2024-09-27 17:45:00+00:00,969.0,79966
3323,research_grade_oos,no_c1,8.059999999999945,-10.884999999998854,-10.884999999998854,0.0,0.0,2024-09-25 16:15:00+00:00,2024-09-25 19:30:00+00:00,970.0,79966
3324,research_grade_oos,no_c1,6.019999999999982,-12.374999999998636,-12.374999999998636,0.0,0.0,2024-09-26 05:30:00+00:00,2024-09-27 17:45:00+00:00,969.0,79968
3325,research_grade_oos,no_c1,6.489999999999782,-13.484999999998308,-13.484999999998308,0.0,0.0,2024-09-26 07:00:00+00:00,2024-09-27 17:45:00+00:00,969.0,79969
3326,research_grade_oos,no_c1,7.460000000000036,-14.217499999998836,-14.217499999998836,0.0,0.0,2024-09-26 08:30:00+00:00,2024-09-27 17:45:00+00:00,969.0,79969
3327,research_grade_oos,no_c1,9.699999999999818,-19.84499999999798,-19.84499999999798,0.0,0.0,2024-09-26 11:30:00+00:00,2024-09-27 17:45:00+00:00,969.0,79969
3328,research_grade_oos,no_c1,15.639999999999873,-24.954999999998563,-24.954999999998563,0.0,0.0,2024-09-26 13:45:00+00:00,2024-09-27 17:45:00+00:00,969.0,79970
3329,research_grade_oos,no_c1,17.65000000000009,-29.214999999998327,-29.214999999998327,0.0,0.0,2024-09-26 14:15:00+00:00,2024-09-27 17:45:00+00:00,969.0,79970
3330,research_grade_oos,no_c1,20.600000000000364,-33.1349999999984,-33.1349999999984,0.0,0.0,2024-09-26 14:45:00+00:00,2024-09-27 17:45:00+00:00,969.0,79970
3333,research_grade_oos,no_c1,7.0,-11.134999999998854,-11.134999999998854,0.0,0.0,2024-09-27 06:45:00+00:00,2024-09-27 08:30:00+00:00,971.0,79973
3334,research_grade_oos,no_c1,10.829999999999927,-22.63749999999891,-22.63749999999891,0.0,0.0,2024-09-27 15:45:00+00:00,2024-09-27 17:45:00+00:00,969.0,79974
3335,research_grade_oos,no_c1,11.789999999999964,-16.564999999998236,-16.564999999998236,0.0,0.0,2024-10-02 16:30:00+00:00,2024-10-02 18:00:00+00:00,972.0,79994
3337,research_grade_oos,no_c1,13.190000000000055,-14.494999999998527,-14.494999999998527,0.0,0.0,2024-10-03 02:15:00+00:00,2024-10-03 10:30:00+00:00,973.0,79996
3338,research_grade_oos,no_c1,4.839999999999691,-20.734999999999673,-20.734999999999673,0.0,0.0,2024-10-04 05:30:00+00:00,2024-10-04 15:30:00+00:00,974.0,80000
3339,research_grade_oos,no_c1,7.199999999999818,-22.664999999999964,-22.664999999999964,0.0,0.0,2024-10-04 05:45:00+00:00,2024-10-04 15:30:00+00:00,974.0,80000
3340,research_grade_oos,no_c1,9.159999999999854,-22.9724999999994,-22.9724999999994,0.0,0.0,2024-10-04 06:30:00+00:00,2024-10-04 15:30:00+00:00,974.0,80001
3341,research_grade_oos,no_c1,10.61999999999989,-26.2224999999994,-26.2224999999994,0.0,0.0,2024-10-04 08:30:00+00:00,2024-10-04 15:30:00+00:00,974.0,80001
3351,research_grade_oos,c1_triggered,12.269999999999982,-14.8549999999982,-16.74999999999909,-1.8950000000008913,-0.15444172779143392,2024-10-14 06:15:00+00:00,2024-10-15 08:00:00+00:00,975.0,80041
3352,research_grade_oos,c1_triggered,13.539999999999964,-16.004999999998745,-17.899999999999636,-1.8950000000008913,-0.13995568685383283,2024-10-14 06:45:00+00:00,2024-10-15 08:00:00+00:00,975.0,80041
3353,research_grade_oos,c1_triggered,14.210000000000036,-16.694999999998345,-18.589999999999236,-1.8950000000008913,-0.13335679099232137,2024-10-14 07:45:00+00:00,2024-10-15 08:00:00+00:00,975.0,80041
3354,research_grade_oos,c1_triggered,15.039999999999964,-17.95499999999811,-19.849999999999,-1.8950000000008913,-0.1259973404255915,2024-10-14 08:00:00+00:00,2024-10-15 08:00:00+00:00,975.0,80041
3355,research_grade_oos,c1_triggered,17.5,-24.32499999999891,-26.2199999999998,-1.8950000000008913,-0.10828571428576522,2024-10-14 09:30:00+00:00,2024-10-15 08:00:00+00:00,975.0,80041
3371,research_grade_oos,no_c1,8.720000000000255,-11.09500000000071,-11.09500000000071,0.0,0.0,2024-10-17 13:30:00+00:00,2024-10-17 15:30:00+00:00,976.0,80054
3372,research_grade_oos,no_c1,18.61999999999989,-33.72749999999951,-33.72749999999951,0.0,0.0,2024-10-17 17:45:00+00:00,2024-11-06 15:30:00+00:00,977.0,80054
3373,research_grade_oos,no_c1,22.34999999999991,-35.07749999999896,-35.07749999999896,0.0,0.0,2024-10-17 18:00:00+00:00,2024-11-06 15:30:00+00:00,977.0,80055
3374,research_grade_oos,c1_triggered,5.460000000000036,-12.487499999999272,2.5000000000009095,14.987500000000182,2.744963369963385,2024-10-18 03:15:00+00:00,2024-11-06 15:00:00+00:00,978.0,80056
3375,research_grade_oos,c1_triggered,6.9099999999998545,-15.459999999999127,-0.472499999998945,14.987500000000182,2.168958031837988,2024-10-18 04:15:00+00:00,2024-11-06 15:00:00+00:00,978.0,80056
3376,research_grade_oos,c1_triggered,7.489999999999782,-18.042500000000018,-3.0549999999998363,14.987500000000182,2.001001335113567,2024-10-18 04:30:00+00:00,2024-11-06 15:00:00+00:00,978.0,80056
3377,research_grade_oos,c1_triggered,9.75,-22.982499999999618,-7.994999999999436,14.987500000000182,1.537179487179506,2024-10-18 04:45:00+00:00,2024-11-06 15:00:00+00:00,978.0,80056
3378,research_grade_oos,c1_triggered,15.940000000000055,-25.797499999999218,-10.809999999999036,14.987500000000182,0.940244667503145,2024-10-18 05:15:00+00:00,2024-11-06 15:00:00+00:00,978.0,80056
3379,research_grade_oos,c1_triggered,19.670000000000073,-30.917499999999563,-15.929999999999382,14.987500000000182,0.761947127605497,2024-10-18 08:45:00+00:00,2024-11-06 15:00:00+00:00,978.0,80057
3380,research_grade_oos,no_c1,11.449999999999818,-15.667499999999563,-15.667499999999563,0.0,0.0,2024-10-18 15:30:00+00:00,2024-11-06 13:45:00+00:00,979.0,80058
3383,research_grade_oos,no_c1,9.659999999999854,-13.087499999999181,-13.087499999999181,0.0,0.0,2024-10-21 02:00:00+00:00,2024-10-23 18:00:00+00:00,980.0,80068
3384,research_grade_oos,no_c1,7.850000000000364,-12.242499999999836,-12.242499999999836,0.0,0.0,2024-10-21 04:15:00+00:00,2024-10-21 21:45:00+00:00,981.0,80068
3385,research_grade_oos,no_c1,9.400000000000091,-10.294999999998254,-10.294999999998254,0.0,0.0,2024-10-21 05:30:00+00:00,2024-10-21 21:00:00+00:00,982.0,80068
3386,research_grade_oos,no_c1,10.0,-11.69499999999789,-11.69499999999789,0.0,0.0,2024-10-21 06:00:00+00:00,2024-10-21 21:00:00+00:00,982.0,80069
3387,research_grade_oos,no_c1,10.929999999999836,-11.9149999999986,-11.9149999999986,0.0,0.0,2024-10-21 06:30:00+00:00,2024-10-21 18:00:00+00:00,983.0,80069
3388,research_grade_oos,no_c1,9.5300000000002,-13.787499999999,-13.787499999999,0.0,0.0,2024-10-21 12:15:00+00:00,2024-10-21 18:00:00+00:00,983.0,80070
3389,research_grade_oos,no_c1,10.579999999999927,-15.084999999998217,-15.084999999998217,0.0,0.0,2024-10-21 12:30:00+00:00,2024-10-21 18:00:00+00:00,983.0,80070
3390,research_grade_oos,c1_triggered,11.490000000000236,-12.864999999998872,-14.599999999996726,-1.7349999999978536,-0.15100087032182924,2024-10-21 14:45:00+00:00,2024-10-21 17:45:00+00:00,984.0,80070
3391,research_grade_oos,c1_triggered,12.700000000000273,-13.684999999998581,-15.419999999996435,-1.7349999999978536,-0.1366141732281745,2024-10-21 15:30:00+00:00,2024-10-21 17:45:00+00:00,984.0,80070
3392,research_grade_oos,no_c1,9.309999999999945,-13.06499999999869,-13.06499999999869,0.0,0.0,2024-10-22 03:30:00+00:00,2024-10-23 18:00:00+00:00,980.0,80072
3393,research_grade_oos,no_c1,10.489999999999782,-14.249999999999545,-14.249999999999545,0.0,0.0,2024-10-22 04:00:00+00:00,2024-10-23 18:00:00+00:00,980.0,80072
3394,research_grade_oos,no_c1,9.699999999999818,-17.849999999999454,-17.849999999999454,0.0,0.0,2024-10-22 04:30:00+00:00,2024-10-23 18:00:00+00:00,980.0,80072
3395,research_grade_oos,c1_triggered,10.140000000000327,-12.687499999999545,-14.872499999997672,-2.1849999999981264,-0.21548323471381223,2024-10-22 04:45:00+00:00,2024-10-23 17:45:00+00:00,985.0,80072
3396,research_grade_oos,c1_triggered,11.690000000000055,-14.087499999998727,-16.272499999996853,-2.1849999999981264,-0.18691189050454374,2024-10-22 06:15:00+00:00,2024-10-23 17:45:00+00:00,985.0,80073
3397,research_grade_oos,c1_triggered,12.7199999999998,-14.857499999998709,-17.042499999996835,-2.1849999999981264,-0.17177672955960382,2024-10-22 06:30:00+00:00,2024-10-23 17:45:00+00:00,985.0,80073
3398,research_grade_oos,no_c1,12.640000000000327,-15.742499999998927,-15.742499999998927,0.0,0.0,2024-10-22 07:15:00+00:00,2024-10-23 17:30:00+00:00,986.0,80073
3399,research_grade_oos,no_c1,9.340000000000146,-12.774999999998727,-12.774999999998727,0.0,0.0,2024-10-22 13:45:00+00:00,2024-10-23 17:00:00+00:00,987.0,80074
3400,research_grade_oos,no_c1,9.739999999999782,-13.494999999998527,-13.494999999998527,0.0,0.0,2024-10-22 16:30:00+00:00,2024-10-23 17:00:00+00:00,987.0,80074
3401,research_grade_oos,no_c1,13.58999999999969,-18.054999999998472,-18.054999999998472,0.0,0.0,2024-10-22 18:15:00+00:00,2024-10-23 17:00:00+00:00,987.0,80075
3406,research_grade_oos,no_c1,10.150000000000091,-13.81499999999869,-13.81499999999869,0.0,0.0,2024-10-23 07:30:00+00:00,2024-10-23 16:30:00+00:00,988.0,80077
3407,research_grade_oos,no_c1,12.029999999999745,-14.764999999998963,-14.764999999998963,0.0,0.0,2024-10-23 07:45:00+00:00,2024-10-23 16:30:00+00:00,988.0,80077
3408,research_grade_oos,no_c1,13.13000000000011,-17.107499999999618,-17.107499999999618,0.0,0.0,2024-10-23 08:45:00+00:00,2024-10-23 16:30:00+00:00,988.0,80077
3409,research_grade_oos,no_c1,15.279999999999745,-19.29499999999871,-19.29499999999871,0.0,0.0,2024-10-23 10:45:00+00:00,2024-10-23 16:30:00+00:00,988.0,80077
3410,research_grade_oos,no_c1,17.279999999999745,-19.427499999998872,-19.427499999998872,0.0,0.0,2024-10-23 11:30:00+00:00,2024-10-23 16:00:00+00:00,989.0,80077
3411,research_grade_oos,no_c1,17.670000000000073,-19.897499999999127,-19.897499999999127,0.0,0.0,2024-10-23 11:45:00+00:00,2024-10-23 16:00:00+00:00,989.0,80077
3412,research_grade_oos,no_c1,7.400000000000091,-15.419999999999618,-15.419999999999618,0.0,0.0,2024-10-24 15:45:00+00:00,2024-10-24 17:15:00+00:00,990.0,80082
3413,research_grade_oos,no_c1,7.019999999999982,-9.284999999998945,-9.284999999998945,0.0,0.0,2024-10-24 16:30:00+00:00,2024-10-24 16:45:00+00:00,991.0,80082
3416,research_grade_oos,c1_triggered,12.600000000000364,-21.394999999999982,-24.5300000000002,-3.1350000000002183,-0.24880952380953394,2024-10-28 09:00:00+00:00,2024-11-06 08:15:00+00:00,992.0,80097
3417,research_grade_oos,c1_triggered,14.100000000000364,-24.592499999999745,-27.727499999999964,-3.1350000000002183,-0.22234042553192465,2024-10-28 09:15:00+00:00,2024-11-06 08:15:00+00:00,992.0,80097
3418,research_grade_oos,no_c1,17.730000000000018,-18.577499999998963,-18.577499999998963,0.0,0.0,2024-10-28 09:45:00+00:00,2024-11-05 04:30:00+00:00,993.0,80097
3419,research_grade_oos,no_c1,11.7199999999998,-16.249999999999545,-16.249999999999545,0.0,0.0,2024-10-28 16:45:00+00:00,2024-11-05 04:30:00+00:00,993.0,80098
3420,research_grade_oos,no_c1,15.599999999999909,-17.77999999999929,-17.77999999999929,0.0,0.0,2024-10-28 17:15:00+00:00,2024-11-05 04:30:00+00:00,993.0,80098
3421,research_grade_oos,no_c1,6.869999999999891,-14.162500000000364,-14.162500000000364,0.0,0.0,2024-10-29 04:15:00+00:00,2024-10-31 17:45:00+00:00,994.0,80100
3422,research_grade_oos,no_c1,10.179999999999836,-16.582500000000437,-16.582500000000437,0.0,0.0,2024-10-29 04:45:00+00:00,2024-10-31 17:45:00+00:00,994.0,80100
3423,research_grade_oos,no_c1,11.629999999999654,-17.75250000000051,-17.75250000000051,0.0,0.0,2024-10-29 05:00:00+00:00,2024-10-31 17:45:00+00:00,994.0,80100
3424,research_grade_oos,no_c1,12.460000000000036,-22.8725000000004,-22.8725000000004,0.0,0.0,2024-10-29 05:15:00+00:00,2024-10-31 17:45:00+00:00,994.0,80100
3425,research_grade_oos,c1_triggered,11.0,-20.065000000000055,-20.437500000000455,-0.3725000000004002,-0.03386363636367274,2024-10-29 16:45:00+00:00,2024-10-31 17:30:00+00:00,995.0,80102
3426,research_grade_oos,c1_triggered,17.690000000000055,-25.644999999999982,-26.017500000000382,-0.3725000000004002,-0.02105709440364042,2024-10-29 17:15:00+00:00,2024-10-31 17:30:00+00:00,995.0,80102
3427,research_grade_oos,c1_triggered,20.449999999999818,-28.02500000000009,-28.39750000000049,-0.3725000000004002,-0.01821515892422511,2024-10-29 17:30:00+00:00,2024-10-31 17:30:00+00:00,995.0,80102
3428,research_grade_oos,c1_triggered,7.140000000000327,-11.735000000000127,-5.547499999999218,6.1875000000009095,0.8665966386555498,2024-10-30 03:15:00+00:00,2024-10-31 16:15:00+00:00,996.0,80104
3429,research_grade_oos,c1_triggered,8.809999999999945,-11.24499999999989,-6.342499999999745,4.9025000000001455,0.5564699205448553,2024-10-30 04:45:00+00:00,2024-10-31 16:00:00+00:00,997.0,80104
3430,research_grade_oos,no_c1,6.059999999999945,-8.647499999999582,-8.647499999999582,0.0,0.0,2024-10-30 08:45:00+00:00,2024-10-30 16:30:00+00:00,998.0,80105
3431,research_grade_oos,no_c1,8.799999999999727,-10.722499999999854,-10.722499999999854,0.0,0.0,2024-10-30 09:15:00+00:00,2024-10-30 16:30:00+00:00,998.0,80105
3432,research_grade_oos,no_c1,9.58999999999969,-11.534999999999854,-11.534999999999854,0.0,0.0,2024-10-30 09:30:00+00:00,2024-10-30 16:30:00+00:00,998.0,80105
3433,research_grade_oos,no_c1,11.039999999999964,-13.387500000000273,-13.387500000000273,0.0,0.0,2024-10-30 09:45:00+00:00,2024-10-30 16:30:00+00:00,998.0,80105
3434,research_grade_oos,c1_triggered,12.980000000000018,-17.822499999999764,-12.919999999999618,4.9025000000001455,0.37769645608629726,2024-10-30 16:15:00+00:00,2024-10-31 16:00:00+00:00,997.0,80106
3449,research_grade_oos,no_c1,14.319999999999709,-15.757500000000618,-15.757500000000618,0.0,0.0,2024-11-19 05:15:00+00:00,2024-11-26 01:30:00+00:00,999.0,80184
3450,research_grade_oos,no_c1,10.600000000000364,-21.282500000000255,-21.282500000000255,0.0,0.0,2024-11-19 11:30:00+00:00,2024-11-26 01:30:00+00:00,999.0,80185
3451,research_grade_oos,no_c1,18.88000000000011,-21.934999999999945,-21.934999999999945,0.0,0.0,2024-11-19 15:00:00+00:00,2024-11-25 20:15:00+00:00,1000.0,80186
3453,research_grade_oos,c1_triggered,8.38000000000011,-10.809999999999945,-12.7524999999996,-1.9424999999996544,-0.23180190930783162,2024-11-20 01:45:00+00:00,2024-11-20 09:30:00+00:00,1001.0,80188
3454,research_grade_oos,c1_triggered,9.25,-12.409999999999854,-14.352499999999509,-1.9424999999996544,-0.20999999999996263,2024-11-20 02:15:00+00:00,2024-11-20 09:30:00+00:00,1001.0,80188
3455,research_grade_oos,c1_triggered,10.230000000000018,-12.009999999999764,-9.612499999999727,2.3975000000000364,0.23435972629521332,2024-11-20 02:30:00+00:00,2024-11-20 09:15:00+00:00,1002.0,80188
3456,research_grade_oos,no_c1,11.639999999999873,-14.360000000000127,-14.360000000000127,0.0,0.0,2024-11-20 14:45:00+00:00,2024-11-25 20:15:00+00:00,1000.0,80190
3457,research_grade_oos,no_c1,13.599999999999909,-17.3174999999992,-17.3174999999992,0.0,0.0,2024-11-20 15:15:00+00:00,2024-11-25 20:15:00+00:00,1000.0,80190
3458,research_grade_oos,no_c1,14.639999999999873,-20.0925000000002,-20.0925000000002,0.0,0.0,2024-11-20 15:30:00+00:00,2024-11-25 20:15:00+00:00,1000.0,80190
3459,research_grade_oos,no_c1,20.960000000000036,-28.43000000000029,-28.43000000000029,0.0,0.0,2024-11-20 16:45:00+00:00,2024-11-25 20:15:00+00:00,1000.0,80190
3460,research_grade_oos,no_c1,25.440000000000055,-29.679999999999836,-29.679999999999836,0.0,0.0,2024-11-20 17:15:00+00:00,2024-11-25 20:15:00+00:00,1000.0,80190
3461,research_grade_oos,no_c1,27.389999999999873,-31.534999999999854,-31.534999999999854,0.0,0.0,2024-11-20 18:00:00+00:00,2024-11-25 20:15:00+00:00,1000.0,80191
3462,research_grade_oos,no_c1,27.019999999999982,-33.36999999999989,-33.36999999999989,0.0,0.0,2024-11-20 19:00:00+00:00,2024-11-25 20:15:00+00:00,1000.0,80191
3463,research_grade_oos,no_c1,23.829999999999927,-30.13249999999971,-30.13249999999971,0.0,0.0,2024-11-20 19:15:00+00:00,2024-11-25 19:15:00+00:00,1003.0,80191
3464,research_grade_oos,no_c1,7.699999999999818,-19.985000000000127,-19.985000000000127,0.0,0.0,2024-11-21 02:30:00+00:00,2024-11-25 16:30:00+00:00,1004.0,80192
3465,research_grade_oos,c1_triggered,8.170000000000073,-12.525000000000091,-19.93000000000029,-7.4050000000002,-0.9063647490820238,2024-11-21 02:45:00+00:00,2024-11-25 16:15:00+00:00,1005.0,80192
3466,research_grade_oos,c1_triggered,11.33999999999969,-13.427500000000236,-20.832500000000437,-7.4050000000002,-0.6529982363316051,2024-11-21 03:00:00+00:00,2024-11-25 16:15:00+00:00,1005.0,80192
3467,research_grade_oos,c1_triggered,9.079999999999927,-15.414999999999964,-22.820000000000164,-7.4050000000002,-0.8155286343612621,2024-11-21 08:30:00+00:00,2024-11-25 16:15:00+00:00,1005.0,80193
3468,research_grade_oos,c1_triggered,11.25,-16.764999999999873,-24.170000000000073,-7.4050000000002,-0.65822222222224,2024-11-21 08:45:00+00:00,2024-11-25 16:15:00+00:00,1005.0,80193
3469,research_grade_oos,c1_triggered,11.900000000000091,-18.445000000000164,-25.850000000000364,-7.4050000000002,-0.6222689075630373,2024-11-21 09:30:00+00:00,2024-11-25 16:15:00+00:00,1005.0,80193
3470,research_grade_oos,c1_triggered,12.639999999999873,-21.764999999999873,-29.170000000000073,-7.4050000000002,-0.5858386075949584,2024-11-21 10:30:00+00:00,2024-11-25 16:15:00+00:00,1005.0,80193
3471,research_grade_oos,c1_triggered,14.11999999999989,-23.74499999999989,-31.15000000000009,-7.4050000000002,-0.5244334277620579,2024-11-21 10:45:00+00:00,2024-11-25 16:15:00+00:00,1005.0,80193
3472,research_grade_oos,c1_triggered,12.789999999999964,-28.044999999999618,-35.44999999999982,-7.4050000000002,-0.5789679437060377,2024-11-21 13:30:00+00:00,2024-11-25 16:15:00+00:00,1005.0,80194
3474,research_grade_oos,no_c1,5.7599999999997635,-12.090000000000146,-12.090000000000146,0.0,0.0,2024-11-22 03:15:00+00:00,2024-11-25 07:30:00+00:00,1006.0,80196
3475,research_grade_oos,no_c1,11.389999999999873,-13.914999999999964,-13.914999999999964,0.0,0.0,2024-11-22 04:15:00+00:00,2024-11-25 07:30:00+00:00,1006.0,80196
3476,research_grade_oos,no_c1,12.409999999999854,-16.105000000000018,-16.105000000000018,0.0,0.0,2024-11-22 04:30:00+00:00,2024-11-25 07:30:00+00:00,1006.0,80196
3477,research_grade_oos,no_c1,13.769999999999982,-20.465000000000146,-20.465000000000146,0.0,0.0,2024-11-22 04:45:00+00:00,2024-11-25 07:30:00+00:00,1006.0,80196
3478,research_grade_oos,no_c1,18.340000000000146,-23.445000000000164,-23.445000000000164,0.0,0.0,2024-11-22 05:15:00+00:00,2024-11-25 07:30:00+00:00,1006.0,80196
3479,research_grade_oos,no_c1,15.980000000000018,-22.007499999999254,-22.007499999999254,0.0,0.0,2024-11-22 09:00:00+00:00,2024-11-25 05:15:00+00:00,1007.0,80197
3480,research_grade_oos,no_c1,11.989999999999782,-23.077499999999418,-23.077499999999418,0.0,0.0,2024-11-22 09:45:00+00:00,2024-11-25 05:15:00+00:00,1007.0,80197
3481,research_grade_oos,no_c1,14.099999999999909,-25.407499999999345,-25.407499999999345,0.0,0.0,2024-11-22 10:00:00+00:00,2024-11-25 05:15:00+00:00,1007.0,80197
3482,research_grade_oos,no_c1,17.470000000000255,-33.867499999999836,-33.867499999999836,0.0,0.0,2024-11-22 11:45:00+00:00,2024-11-25 05:15:00+00:00,1007.0,80197
3483,research_grade_oos,no_c1,24.38000000000011,-36.46749999999929,-36.46749999999929,0.0,0.0,2024-11-22 12:15:00+00:00,2024-11-25 05:15:00+00:00,1007.0,80198
3488,research_grade_oos,no_c1,12.050000000000182,-14.969999999998436,-14.969999999998436,0.0,0.0,2024-11-25 01:30:00+00:00,2024-11-25 03:00:00+00:00,1008.0,80208
3489,research_grade_oos,c1_triggered,16.329999999999927,-23.017499999999472,-12.294999999999618,10.722499999999854,0.6566135946111391,2024-11-25 13:15:00+00:00,2024-11-25 16:00:00+00:00,1009.0,80210
3490,research_grade_oos,c1_triggered,22.36999999999989,-26.50749999999971,-15.784999999999854,10.722499999999854,0.4793249888243141,2024-11-25 13:45:00+00:00,2024-11-25 16:00:00+00:00,1009.0,80210
3491,research_grade_oos,no_c1,13.16000000000031,-24.095000000000255,-24.095000000000255,0.0,0.0,2024-11-29 04:15:00+00:00,2024-12-02 02:30:00+00:00,1010.0,80224
3492,research_grade_oos,no_c1,22.5600000000004,-28.429999999999836,-28.429999999999836,0.0,0.0,2024-11-29 04:30:00+00:00,2024-12-02 02:30:00+00:00,1010.0,80224
3493,research_grade_oos,no_c1,30.16000000000031,-33.63249999999971,-33.63249999999971,0.0,0.0,2024-11-29 08:15:00+00:00,2024-12-02 02:30:00+00:00,1010.0,80225
3494,research_grade_oos,c1_triggered,10.329999999999927,-16.46499999999969,-27.6574999999998,-11.19250000000011,-1.0834946757018575,2024-12-03 16:00:00+00:00,2024-12-04 14:45:00+00:00,1011.0,80242
3495,research_grade_oos,c1_triggered,6.539999999999964,-8.615000000000236,-19.807500000000346,-11.19250000000011,-1.7113914373088948,2024-12-04 04:15:00+00:00,2024-12-04 14:45:00+00:00,1011.0,80244
3496,research_grade_oos,c1_triggered,10.400000000000091,-12.087500000000091,-23.2800000000002,-11.19250000000011,-1.0762019230769242,2024-12-04 07:00:00+00:00,2024-12-04 14:45:00+00:00,1011.0,80245
3497,research_grade_oos,c1_triggered,11.75,-13.127500000000055,-24.320000000000164,-11.19250000000011,-0.952553191489371,2024-12-04 07:30:00+00:00,2024-12-04 14:45:00+00:00,1011.0,80245
3498,research_grade_oos,no_c1,15.569999999999709,-21.1599999999994,-21.1599999999994,0.0,0.0,2024-12-04 16:00:00+00:00,2024-12-05 19:00:00+00:00,1012.0,80246
3499,research_grade_oos,no_c1,17.83999999999969,-25.329999999999472,-25.329999999999472,0.0,0.0,2024-12-04 16:30:00+00:00,2024-12-05 19:00:00+00:00,1012.0,80246
3500,research_grade_oos,no_c1,21.019999999999982,-26.599999999999454,-26.599999999999454,0.0,0.0,2024-12-04 17:30:00+00:00,2024-12-05 19:00:00+00:00,1012.0,80246
3501,research_grade_oos,no_c1,6.050000000000182,-9.992500000000291,-9.992500000000291,0.0,0.0,2024-12-05 07:45:00+00:00,2024-12-05 10:45:00+00:00,1013.0,80249
3502,research_grade_oos,c1_triggered,9.139999999999873,-11.460000000000036,-9.559999999999945,1.900000000000091,0.20787746170679622,2024-12-05 14:00:00+00:00,2024-12-05 16:45:00+00:00,1014.0,80250
3503,research_grade_oos,c1_triggered,10.7199999999998,-13.382499999999709,-11.482499999999618,1.900000000000091,0.17723880597016103,2024-12-05 15:00:00+00:00,2024-12-05 16:45:00+00:00,1014.0,80250
3504,research_grade_oos,no_c1,13.760000000000218,-14.507500000001528,-14.507500000001528,0.0,0.0,2024-12-09 09:45:00+00:00,2024-12-18 18:30:00+00:00,1015.0,80265
3505,research_grade_oos,no_c1,16.460000000000036,-18.28750000000082,-18.28750000000082,0.0,0.0,2024-12-09 11:15:00+00:00,2024-12-18 18:30:00+00:00,1015.0,80265
3506,research_grade_oos,no_c1,20.0300000000002,-21.6175000000012,-21.6175000000012,0.0,0.0,2024-12-09 12:00:00+00:00,2024-12-18 18:30:00+00:00,1015.0,80266
3507,research_grade_oos,no_c1,21.51000000000022,-23.48750000000109,-23.48750000000109,0.0,0.0,2024-12-09 12:30:00+00:00,2024-12-17 16:00:00+00:00,1016.0,80266
3508,research_grade_oos,no_c1,14.409999999999854,-17.799999999999727,-17.799999999999727,0.0,0.0,2024-12-09 15:45:00+00:00,2024-12-17 10:45:00+00:00,1017.0,80266
3509,research_grade_oos,no_c1,15.789999999999964,-21.809999999999945,-21.809999999999945,0.0,0.0,2024-12-09 16:00:00+00:00,2024-12-17 10:45:00+00:00,1017.0,80266
3510,research_grade_oos,no_c1,15.279999999999745,-17.56750000000102,-17.56750000000102,0.0,0.0,2024-12-09 16:30:00+00:00,2024-12-13 22:00:00+00:00,1018.0,80266
3511,research_grade_oos,no_c1,16.909999999999854,-21.857500000000982,-21.857500000000982,0.0,0.0,2024-12-09 16:45:00+00:00,2024-12-13 22:00:00+00:00,1018.0,80266
3512,research_grade_oos,no_c1,19.420000000000073,-21.7475000000004,-21.7475000000004,0.0,0.0,2024-12-09 17:00:00+00:00,2024-12-13 20:30:00+00:00,1019.0,80266
3513,research_grade_oos,no_c1,22.0,-23.667500000000473,-23.667500000000473,0.0,0.0,2024-12-09 17:15:00+00:00,2024-12-13 20:30:00+00:00,1019.0,80266
3514,research_grade_oos,no_c1,7.75,-10.59000000000151,-10.59000000000151,0.0,0.0,2024-12-10 03:00:00+00:00,2024-12-13 17:15:00+00:00,1020.0,80268
3515,research_grade_oos,no_c1,9.640000000000327,-12.972500000001673,-12.972500000001673,0.0,0.0,2024-12-10 04:00:00+00:00,2024-12-13 17:15:00+00:00,1020.0,80268
3516,research_grade_oos,no_c1,13.829999999999927,-15.167500000000928,-15.167500000000928,0.0,0.0,2024-12-10 06:15:00+00:00,2024-12-13 16:30:00+00:00,1021.0,80269
3517,research_grade_oos,no_c1,10.420000000000073,-16.720000000001164,-16.720000000001164,0.0,0.0,2024-12-10 12:45:00+00:00,2024-12-13 16:30:00+00:00,1021.0,80270
3518,research_grade_oos,no_c1,14.400000000000091,-18.507500000001073,-18.507500000001073,0.0,0.0,2024-12-10 13:00:00+00:00,2024-12-13 16:30:00+00:00,1021.0,80270
3519,research_grade_oos,no_c1,15.559999999999945,-20.907500000001164,-20.907500000001164,0.0,0.0,2024-12-10 14:15:00+00:00,2024-12-13 16:30:00+00:00,1021.0,80270
3520,research_grade_oos,no_c1,18.110000000000127,-23.277500000001055,-23.277500000001055,0.0,0.0,2024-12-10 16:00:00+00:00,2024-12-13 16:30:00+00:00,1021.0,80270
3521,research_grade_oos,no_c1,20.359999999999673,-25.177500000001146,-25.177500000001146,0.0,0.0,2024-12-10 16:15:00+00:00,2024-12-13 16:30:00+00:00,1021.0,80270
3522,research_grade_oos,c1_triggered,19.670000000000073,-23.86750000000029,-27.112500000002456,-3.2450000000021646,-0.1649720386376285,2024-12-10 16:30:00+00:00,2024-12-13 16:15:00+00:00,1022.0,80270
3523,research_grade_oos,c1_triggered,22.710000000000036,-28.11750000000029,-31.362500000002456,-3.2450000000021646,-0.14288859533254775,2024-12-10 16:45:00+00:00,2024-12-13 16:15:00+00:00,1022.0,80270
3524,research_grade_oos,c1_triggered,20.11999999999989,-22.46499999999969,-23.659999999999854,-1.1950000000001637,-0.059393638170982616,2024-12-10 19:00:00+00:00,2024-12-13 11:30:00+00:00,1023.0,80271
3525,research_grade_oos,c1_triggered,20.26000000000022,-23.644999999999982,-24.840000000000146,-1.1950000000001637,-0.05898321816387714,2024-12-10 19:15:00+00:00,2024-12-13 11:30:00+00:00,1023.0,80271
3527,research_grade_oos,no_c1,5.059999999999945,-11.692499999999654,-11.692499999999654,0.0,0.0,2024-12-11 01:45:00+00:00,2024-12-11 06:30:00+00:00,1024.0,80272
3528,research_grade_oos,no_c1,7.550000000000182,-15.702499999999418,-15.702499999999418,0.0,0.0,2024-12-11 02:45:00+00:00,2024-12-11 06:30:00+00:00,1024.0,80272
3529,research_grade_oos,no_c1,22.710000000000036,-25.84750000000031,-25.84750000000031,0.0,0.0,2024-12-11 12:15:00+00:00,2024-12-13 11:00:00+00:00,1025.0,80274
3530,research_grade_oos,no_c1,24.329999999999927,-26.637500000000273,-26.637500000000273,0.0,0.0,2024-12-11 12:30:00+00:00,2024-12-13 11:00:00+00:00,1025.0,80274
3531,research_grade_oos,c1_triggered,13.75,-15.672500000000127,-21.237500000001546,-5.565000000001419,-0.4047272727273759,2024-12-11 15:45:00+00:00,2024-12-12 16:15:00+00:00,1026.0,80274
3532,research_grade_oos,c1_triggered,13.480000000000018,-16.36250000000109,-13.367500000002565,2.9949999999985266,0.22218100890196754,2024-12-11 17:00:00+00:00,2024-12-12 16:00:00+00:00,1027.0,80274
3533,research_grade_oos,c1_triggered,16.15000000000009,-22.562500000001364,-19.567500000002838,2.9949999999985266,0.18544891640857644,2024-12-11 17:15:00+00:00,2024-12-12 16:00:00+00:00,1027.0,80274
3534,research_grade_oos,c1_triggered,22.840000000000146,-25.092500000001564,-22.097500000003038,2.9949999999985266,0.13112959719783307,2024-12-11 17:45:00+00:00,2024-12-12 16:00:00+00:00,1027.0,80274
3535,research_grade_oos,c1_triggered,25.210000000000036,-26.0225000000014,-23.027500000002874,2.9949999999985266,0.11880206267348363,2024-12-11 18:15:00+00:00,2024-12-12 16:00:00+00:00,1027.0,80275
3536,research_grade_oos,c1_triggered,27.730000000000018,-29.072500000001583,-26.077500000003056,2.9949999999985266,0.10800576992421654,2024-12-11 19:15:00+00:00,2024-12-12 16:00:00+00:00,1027.0,80275
3537,research_grade_oos,no_c1,8.36999999999989,-16.39250000000129,-16.39250000000129,0.0,0.0,2024-12-12 03:00:00+00:00,2024-12-12 04:00:00+00:00,1028.0,80276
3538,research_grade_oos,c1_triggered,12.61999999999989,-21.492500000001655,-16.947500000003856,4.544999999997799,0.36014263074467817,2024-12-12 09:00:00+00:00,2024-12-12 15:45:00+00:00,1029.0,80277
3539,research_grade_oos,c1_triggered,14.819999999999709,-23.132500000001528,-18.58750000000373,4.544999999997799,0.3066801619431773,2024-12-12 09:15:00+00:00,2024-12-12 15:45:00+00:00,1029.0,80277
3540,research_grade_oos,c1_triggered,10.090000000000146,-11.637499999999363,-13.537499999999,-1.8999999999996362,-0.188305252725432,2024-12-23 07:30:00+00:00,2024-12-23 13:15:00+00:00,1030.0,80321
3541,research_grade_oos,c1_triggered,10.199999999999818,-16.607499999999163,-18.5074999999988,-1.8999999999996362,-0.18627450980388924,2024-12-23 08:45:00+00:00,2024-12-23 13:15:00+00:00,1030.0,80321
3542,research_grade_oos,no_c1,11.230000000000018,-14.62749999999869,-14.62749999999869,0.0,0.0,2024-12-26 03:15:00+00:00,2024-12-30 12:45:00+00:00,1031.0,80332
3543,research_grade_oos,no_c1,11.920000000000073,-13.585000000000036,-13.585000000000036,0.0,0.0,2024-12-26 03:30:00+00:00,2024-12-27 22:15:00+00:00,1032.0,80332
3544,research_grade_oos,no_c1,12.090000000000146,-14.195000000000618,-14.195000000000618,0.0,0.0,2024-12-26 03:45:00+00:00,2024-12-27 22:15:00+00:00,1032.0,80332
3545,research_grade_oos,no_c1,13.61999999999989,-16.27500000000009,-16.27500000000009,0.0,0.0,2024-12-26 05:15:00+00:00,2024-12-27 22:15:00+00:00,1032.0,80332
3546,research_grade_oos,c1_triggered,5.4900000000002365,-6.905000000002019,-9.89000000000351,-2.9850000000014916,-0.5437158469947838,2024-12-26 15:15:00+00:00,2024-12-26 15:30:00+00:00,1033.0,80334
3547,research_grade_oos,no_c1,9.449999999999818,-14.8075000000008,-14.8075000000008,0.0,0.0,2024-12-26 17:15:00+00:00,2024-12-27 15:15:00+00:00,1034.0,80334
3548,research_grade_oos,no_c1,14.329999999999927,-16.087500000000546,-16.087500000000546,0.0,0.0,2024-12-26 17:45:00+00:00,2024-12-27 15:15:00+00:00,1034.0,80334
3549,research_grade_oos,c1_triggered,6.619999999999891,-8.9774999999986,-9.087499999998272,-0.10999999999967258,-0.016616314199346584,2024-12-27 08:30:00+00:00,2024-12-27 10:30:00+00:00,1035.0,80337
3555,research_grade_oos,no_c1,6.5900000000001455,-12.949999999999818,-12.949999999999818,0.0,0.0,2025-01-02 11:15:00+00:00,2025-01-06 09:30:00+00:00,1036.0,80361
3556,research_grade_oos,c1_triggered,8.849999999999909,-14.30999999999949,-15.949999999999363,-1.6399999999998727,-0.18531073446326435,2025-01-02 12:30:00+00:00,2025-01-06 09:15:00+00:00,1037.0,80362
3557,research_grade_oos,no_c1,16.299999999999727,-18.297499999999218,-18.297499999999218,0.0,0.0,2025-01-02 16:45:00+00:00,2025-01-06 08:15:00+00:00,1038.0,80362
3558,research_grade_oos,no_c1,14.9399999999996,-17.05749999999898,-17.05749999999898,0.0,0.0,2025-01-02 17:45:00+00:00,2025-01-06 06:45:00+00:00,1039.0,80362
3559,research_grade_oos,no_c1,17.56999999999971,-19.147499999999127,-19.147499999999127,0.0,0.0,2025-01-02 18:00:00+00:00,2025-01-06 06:45:00+00:00,1039.0,80363
3560,research_grade_oos,no_c1,19.6899999999996,-21.80749999999898,-21.80749999999898,0.0,0.0,2025-01-02 18:30:00+00:00,2025-01-06 06:45:00+00:00,1039.0,80363
3561,research_grade_oos,no_c1,22.279999999999745,-24.34249999999929,-24.34249999999929,0.0,0.0,2025-01-02 19:00:00+00:00,2025-01-06 06:45:00+00:00,1039.0,80363
3562,research_grade_oos,no_c1,6.650000000000091,-8.499999999999545,-8.499999999999545,0.0,0.0,2025-01-03 02:15:00+00:00,2025-01-03 09:15:00+00:00,1040.0,80364
3575,research_grade_oos,no_c1,9.170000000000073,-11.542500000000928,-11.542500000000928,0.0,0.0,2025-01-09 12:45:00+00:00,2025-01-13 21:00:00+00:00,1041.0,80390
3576,research_grade_oos,no_c1,10.239999999999782,-13.862500000001091,-13.862500000001091,0.0,0.0,2025-01-09 13:30:00+00:00,2025-01-13 21:00:00+00:00,1041.0,80390
3577,research_grade_oos,no_c1,15.700000000000273,-17.450000000001182,-17.450000000001182,0.0,0.0,2025-01-09 15:45:00+00:00,2025-01-13 19:30:00+00:00,1042.0,80390
3578,research_grade_oos,no_c1,3.700000000000273,-9.1200000000008,-9.1200000000008,0.0,0.0,2025-01-10 04:30:00+00:00,2025-01-13 15:30:00+00:00,1043.0,80392
3579,research_grade_oos,no_c1,5.620000000000346,-6.952499999999873,-6.952499999999873,0.0,0.0,2025-01-10 07:45:00+00:00,2025-01-13 14:15:00+00:00,1044.0,80393
3580,research_grade_oos,no_c1,6.25,-7.992499999999836,-7.992499999999836,0.0,0.0,2025-01-10 08:45:00+00:00,2025-01-13 14:15:00+00:00,1044.0,80393
3581,research_grade_oos,no_c1,7.4900000000002365,-9.795000000000073,-9.795000000000073,0.0,0.0,2025-01-10 09:00:00+00:00,2025-01-13 14:15:00+00:00,1044.0,80393
3582,research_grade_oos,no_c1,22.340000000000146,-27.975000000002183,-27.975000000002183,0.0,0.0,2025-01-10 16:30:00+00:00,2025-01-13 17:45:00+00:00,1045.0,80394
3583,research_grade_oos,no_c1,29.34999999999991,-33.335000000001855,-33.335000000001855,0.0,0.0,2025-01-10 17:30:00+00:00,2025-01-13 17:45:00+00:00,1045.0,80394
3588,research_grade_oos,no_c1,11.220000000000255,-12.760000000000673,-12.760000000000673,0.0,0.0,2025-01-15 16:00:00+00:00,2025-01-15 16:30:00+00:00,1046.0,80414
3592,research_grade_oos,no_c1,5.630000000000109,-8.210000000000946,-8.210000000000946,0.0,0.0,2025-01-16 03:15:00+00:00,2025-01-16 08:00:00+00:00,1047.0,80416
3597,research_grade_oos,no_c1,14.110000000000127,-22.38000000000102,-22.38000000000102,0.0,0.0,2025-01-16 15:45:00+00:00,2025-01-20 01:15:00+00:00,1048.0,80418
3598,research_grade_oos,no_c1,18.110000000000127,-26.540000000000873,-26.540000000000873,0.0,0.0,2025-01-16 17:00:00+00:00,2025-01-20 01:15:00+00:00,1048.0,80418
3600,research_grade_oos,no_c1,12.519999999999982,-14.6800000000012,-14.6800000000012,0.0,0.0,2025-01-17 18:15:00+00:00,2025-01-17 22:00:00+00:00,1049.0,80423
3614,research_grade_oos,no_c1,8.360000000000127,-13.040000000001328,-13.040000000001328,0.0,0.0,2025-01-21 09:45:00+00:00,2025-01-21 11:00:00+00:00,1050.0,80437
3618,research_grade_oos,no_c1,6.039999999999964,-8.647500000000491,-8.647500000000491,0.0,0.0,2025-01-22 02:45:00+00:00,2025-01-23 15:30:00+00:00,1051.0,80440
3619,research_grade_oos,no_c1,6.260000000000218,-10.987500000000637,-10.987500000000637,0.0,0.0,2025-01-22 03:00:00+00:00,2025-01-23 15:30:00+00:00,1051.0,80440
3620,research_grade_oos,no_c1,9.379999999999654,-11.5575000000008,-11.5575000000008,0.0,0.0,2025-01-22 06:30:00+00:00,2025-01-23 15:00:00+00:00,1052.0,80441
3621,research_grade_oos,no_c1,9.849999999999909,-12.137500000000728,-12.137500000000728,0.0,0.0,2025-01-22 06:45:00+00:00,2025-01-23 15:00:00+00:00,1052.0,80441
3622,research_grade_oos,no_c1,10.269999999999982,-13.547500000000582,-13.547500000000582,0.0,0.0,2025-01-22 07:30:00+00:00,2025-01-23 15:00:00+00:00,1052.0,80441
3623,research_grade_oos,no_c1,10.649999999999636,-15.107500000000982,-15.107500000000982,0.0,0.0,2025-01-22 07:45:00+00:00,2025-01-23 15:00:00+00:00,1052.0,80441
3624,research_grade_oos,no_c1,10.019999999999982,-14.790000000000873,-14.790000000000873,0.0,0.0,2025-01-22 08:00:00+00:00,2025-01-23 11:15:00+00:00,1053.0,80441
3625,research_grade_oos,no_c1,13.079999999999927,-18.63000000000102,-18.63000000000102,0.0,0.0,2025-01-22 11:30:00+00:00,2025-01-23 11:15:00+00:00,1053.0,80441
3627,research_grade_oos,no_c1,6.809999999999945,-12.167500000000473,-12.167500000000473,0.0,0.0,2025-01-24 02:45:00+00:00,2025-01-27 09:15:00+00:00,1054.0,80448
3628,research_grade_oos,no_c1,9.529999999999745,-13.90750000000071,-13.90750000000071,0.0,0.0,2025-01-24 03:15:00+00:00,2025-01-27 09:15:00+00:00,1054.0,80448
3629,research_grade_oos,no_c1,10.730000000000018,-14.205000000000382,-14.205000000000382,0.0,0.0,2025-01-24 04:00:00+00:00,2025-01-27 09:15:00+00:00,1054.0,80448
3630,research_grade_oos,no_c1,11.11999999999989,-20.8125,-20.8125,0.0,0.0,2025-01-24 04:15:00+00:00,2025-01-27 09:15:00+00:00,1054.0,80448
3631,research_grade_oos,no_c1,19.590000000000146,-24.75750000000062,-24.75750000000062,0.0,0.0,2025-01-24 04:45:00+00:00,2025-01-27 09:15:00+00:00,1054.0,80448
3632,research_grade_oos,no_c1,21.26000000000022,-26.167500000000473,-26.167500000000473,0.0,0.0,2025-01-24 05:00:00+00:00,2025-01-27 09:15:00+00:00,1054.0,80448
3633,research_grade_oos,no_c1,18.75,-22.145000000000437,-22.145000000000437,0.0,0.0,2025-01-24 08:15:00+00:00,2025-01-27 04:45:00+00:00,1055.0,80449
3634,research_grade_oos,no_c1,9.960000000000036,-13.795000000000073,-13.795000000000073,0.0,0.0,2025-01-24 15:15:00+00:00,2025-01-27 01:15:00+00:00,1056.0,80450
3635,research_grade_oos,no_c1,13.389999999999873,-15.9050000000002,-15.9050000000002,0.0,0.0,2025-01-24 15:45:00+00:00,2025-01-27 01:15:00+00:00,1056.0,80450
3636,research_grade_oos,no_c1,13.079999999999927,-14.644999999999982,-14.644999999999982,0.0,0.0,2025-01-24 17:30:00+00:00,2025-01-24 22:45:00+00:00,1057.0,80450
3637,research_grade_oos,no_c1,13.789999999999964,-23.517500000000837,-23.517500000000837,0.0,0.0,2025-01-27 11:15:00+00:00,2025-01-27 17:00:00+00:00,1058.0,80461
3638,research_grade_oos,no_c1,18.2800000000002,-26.447500000000673,-26.447500000000673,0.0,0.0,2025-01-27 12:30:00+00:00,2025-01-27 17:00:00+00:00,1058.0,80462
3639,research_grade_oos,no_c1,23.579999999999927,-30.347500000000764,-30.347500000000764,0.0,0.0,2025-01-27 14:00:00+00:00,2025-01-27 17:00:00+00:00,1058.0,80462
3640,research_grade_oos,no_c1,3.6900000000000546,-5.415000000000418,-5.415000000000418,0.0,0.0,2025-01-29 03:15:00+00:00,2025-01-29 07:30:00+00:00,1059.0,80468
3641,research_grade_oos,no_c1,6.699999999999818,-8.182499999999436,-8.182499999999436,0.0,0.0,2025-01-29 10:30:00+00:00,2025-01-29 14:15:00+00:00,1060.0,80469
3659,research_grade_oos,no_c1,15.210000000000036,-16.454999999999927,-16.454999999999927,0.0,0.0,2025-01-30 17:15:00+00:00,2025-02-03 05:30:00+00:00,1061.0,80474
3660,research_grade_oos,no_c1,14.799999999999727,-15.794999999999618,-15.794999999999618,0.0,0.0,2025-01-30 17:45:00+00:00,2025-02-03 04:30:00+00:00,1062.0,80474
3661,research_grade_oos,no_c1,16.34999999999991,-19.41499999999951,-19.41499999999951,0.0,0.0,2025-01-30 18:00:00+00:00,2025-02-03 04:30:00+00:00,1062.0,80475
3662,research_grade_oos,no_c1,6.039999999999964,-8.194999999999709,-8.194999999999709,0.0,0.0,2025-01-31 09:30:00+00:00,2025-01-31 12:30:00+00:00,1063.0,80477
3663,research_grade_oos,c1_triggered,9.909999999999854,-16.55499999999938,-17.909999999998945,-1.3549999999995634,-0.13673057517654727,2025-01-31 14:15:00+00:00,2025-02-03 03:00:00+00:00,1064.0,80478
3664,research_grade_oos,c1_triggered,11.679999999999836,-19.764999999998963,-21.119999999998527,-1.3549999999995634,-0.11601027397256698,2025-01-31 14:30:00+00:00,2025-02-03 03:00:00+00:00,1064.0,80478
3665,research_grade_oos,c1_triggered,14.639999999999873,-21.704999999999472,-23.059999999999036,-1.3549999999995634,-0.09255464480871416,2025-01-31 14:45:00+00:00,2025-02-03 03:00:00+00:00,1064.0,80478
3666,research_grade_oos,c1_triggered,17.300000000000182,-23.704999999999472,-25.059999999999036,-1.3549999999995634,-0.07832369942193926,2025-01-31 16:45:00+00:00,2025-02-03 03:00:00+00:00,1064.0,80478
3667,research_grade_oos,c1_triggered,18.420000000000073,-26.844999999999345,-28.19999999999891,-1.3549999999995634,-0.0735613463626253,2025-01-31 17:00:00+00:00,2025-02-03 03:00:00+00:00,1064.0,80478
3668,research_grade_oos,c1_triggered,21.509999999999764,-29.974999999999,-31.329999999998563,-1.3549999999995634,-0.06299395629937603,2025-01-31 17:15:00+00:00,2025-02-03 03:00:00+00:00,1064.0,80478
3678,research_grade_oos,no_c1,8.879999999999654,-10.894999999999527,-10.894999999999527,0.0,0.0,2025-02-04 03:45:00+00:00,2025-02-04 08:15:00+00:00,1065.0,80492
3679,research_grade_oos,no_c1,11.029999999999745,-11.40499999999929,-11.40499999999929,0.0,0.0,2025-02-04 04:00:00+00:00,2025-02-04 08:15:00+00:00,1065.0,80492
3687,research_grade_oos,no_c1,4.349999999999909,-7.174999999999727,-7.174999999999727,0.0,0.0,2025-02-05 02:45:00+00:00,2025-02-05 03:30:00+00:00,1066.0,80496
3694,research_grade_oos,no_c1,13.449999999999818,-22.425000000000182,-22.425000000000182,0.0,0.0,2025-02-05 10:00:00+00:00,2025-02-06 16:45:00+00:00,1067.0,80497
3695,research_grade_oos,no_c1,14.389999999999873,-23.215000000000146,-23.215000000000146,0.0,0.0,2025-02-05 10:15:00+00:00,2025-02-06 16:45:00+00:00,1067.0,80497
3696,research_grade_oos,no_c1,14.700000000000273,-18.227499999999964,-18.227499999999964,0.0,0.0,2025-02-05 10:45:00+00:00,2025-02-06 10:15:00+00:00,1068.0,80497
3697,research_grade_oos,no_c1,16.63000000000011,-19.624999999999545,-19.624999999999545,0.0,0.0,2025-02-05 11:45:00+00:00,2025-02-06 10:15:00+00:00,1068.0,80497
3698,research_grade_oos,c1_triggered,19.34999999999991,-22.014999999999873,-21.509999999999764,0.5050000000001091,0.026098191214476048,2025-02-05 18:00:00+00:00,2025-02-06 09:30:00+00:00,1069.0,80499
3699,research_grade_oos,no_c1,11.019999999999982,-12.394999999999527,-12.394999999999527,0.0,0.0,2025-02-06 04:00:00+00:00,2025-02-06 08:45:00+00:00,1070.0,80500
3700,research_grade_oos,no_c1,18.579999999999927,-26.05500000000029,-26.05500000000029,0.0,0.0,2025-02-06 14:15:00+00:00,2025-02-06 16:45:00+00:00,1067.0,80502
3713,research_grade_oos,no_c1,11.879999999999654,-17.902500000000146,-17.902500000000146,0.0,0.0,2025-02-10 01:30:00+00:00,2025-02-28 10:30:00+00:00,1071.0,80516
3714,research_grade_oos,c1_triggered,13.88000000000011,-15.702499999999873,-19.727499999999964,-4.025000000000091,-0.28998559077810226,2025-02-10 03:15:00+00:00,2025-02-28 10:15:00+00:00,1072.0,80516
3715,research_grade_oos,c1_triggered,19.980000000000018,-21.982499999999618,-26.00749999999971,-4.025000000000091,-0.20145145145145582,2025-02-10 06:15:00+00:00,2025-02-28 10:15:00+00:00,1072.0,80517
3716,research_grade_oos,no_c1,11.7800000000002,-14.65499999999929,-14.65499999999929,0.0,0.0,2025-02-10 06:45:00+00:00,2025-02-28 05:30:00+00:00,1073.0,80517
3717,research_grade_oos,no_c1,13.919999999999618,-18.65499999999929,-18.65499999999929,0.0,0.0,2025-02-10 08:15:00+00:00,2025-02-28 05:30:00+00:00,1073.0,80517
3718,research_grade_oos,no_c1,17.329999999999927,-21.3149999999996,-21.3149999999996,0.0,0.0,2025-02-10 08:30:00+00:00,2025-02-28 05:30:00+00:00,1073.0,80517
3719,research_grade_oos,no_c1,19.019999999999982,-22.114999999998872,-22.114999999998872,0.0,0.0,2025-02-10 08:45:00+00:00,2025-02-28 05:30:00+00:00,1073.0,80517
3720,research_grade_oos,no_c1,19.070000000000164,-24.874999999999545,-24.874999999999545,0.0,0.0,2025-02-10 09:00:00+00:00,2025-02-28 05:30:00+00:00,1073.0,80517
3721,research_grade_oos,c1_triggered,20.960000000000036,-24.13499999999931,-26.149999999998727,-2.014999999999418,-0.09613549618317817,2025-02-10 09:30:00+00:00,2025-02-28 05:15:00+00:00,1074.0,80517
3722,research_grade_oos,c1_triggered,21.070000000000164,-25.49499999999898,-27.5099999999984,-2.014999999999418,-0.09563360227809219,2025-02-10 09:45:00+00:00,2025-02-28 05:15:00+00:00,1074.0,80517
3723,research_grade_oos,no_c1,24.139999999999873,-26.19499999999971,-26.19499999999971,0.0,0.0,2025-02-10 10:45:00+00:00,2025-02-12 15:30:00+00:00,1075.0,80517
3724,research_grade_oos,no_c1,24.480000000000018,-29.654999999999745,-29.654999999999745,0.0,0.0,2025-02-10 11:15:00+00:00,2025-02-12 15:30:00+00:00,1075.0,80517
3725,research_grade_oos,no_c1,25.309999999999945,-30.384999999999764,-30.384999999999764,0.0,0.0,2025-02-10 11:45:00+00:00,2025-02-12 15:30:00+00:00,1075.0,80517
3726,research_grade_oos,no_c1,27.149999999999636,-34.33499999999913,-34.33499999999913,0.0,0.0,2025-02-10 12:15:00+00:00,2025-02-12 15:30:00+00:00,1075.0,80518
3727,research_grade_oos,no_c1,19.629999999999654,-21.96499999999969,-21.96499999999969,0.0,0.0,2025-02-10 14:15:00+00:00,2025-02-11 15:00:00+00:00,1076.0,80518
3728,research_grade_oos,c1_triggered,11.559999999999945,-22.31999999999971,-27.7549999999992,-5.434999999999491,-0.4701557093425187,2025-02-11 01:15:00+00:00,2025-02-11 14:45:00+00:00,1077.0,80520
3729,research_grade_oos,c1_triggered,16.63000000000011,-32.73000000000002,-38.16499999999951,-5.434999999999491,-0.32681900180393597,2025-02-11 01:45:00+00:00,2025-02-11 14:45:00+00:00,1077.0,80520
3730,research_grade_oos,no_c1,19.09999999999991,-22.414999999999964,-22.414999999999964,0.0,0.0,2025-02-11 03:00:00+00:00,2025-02-11 14:00:00+00:00,1078.0,80520
3731,research_grade_oos,no_c1,22.659999999999854,-30.095000000000255,-30.095000000000255,0.0,0.0,2025-02-11 03:15:00+00:00,2025-02-11 14:00:00+00:00,1078.0,80520
3732,research_grade_oos,no_c1,29.420000000000073,-33.74499999999989,-33.74499999999989,0.0,0.0,2025-02-11 04:00:00+00:00,2025-02-11 14:00:00+00:00,1078.0,80520
3733,research_grade_oos,no_c1,33.210000000000036,-39.684999999999945,-39.684999999999945,0.0,0.0,2025-02-11 04:15:00+00:00,2025-02-11 14:00:00+00:00,1078.0,80520
3734,research_grade_oos,no_c1,11.550000000000182,-12.93499999999949,-12.93499999999949,0.0,0.0,2025-02-13 02:00:00+00:00,2025-02-14 18:15:00+00:00,1079.0,80528
3735,research_grade_oos,no_c1,13.020000000000437,-14.964999999999236,-14.964999999999236,0.0,0.0,2025-02-13 02:15:00+00:00,2025-02-14 18:15:00+00:00,1079.0,80528
3736,research_grade_oos,no_c1,14.950000000000273,-15.874999999999545,-15.874999999999545,0.0,0.0,2025-02-13 02:45:00+00:00,2025-02-14 18:15:00+00:00,1079.0,80528
3737,research_grade_oos,no_c1,8.859999999999673,-14.604999999999109,-14.604999999999109,0.0,0.0,2025-02-13 05:30:00+00:00,2025-02-14 17:15:00+00:00,1080.0,80528
3738,research_grade_oos,no_c1,17.65000000000009,-18.19499999999971,-18.19499999999971,0.0,0.0,2025-02-13 06:15:00+00:00,2025-02-14 17:15:00+00:00,1080.0,80529
3739,research_grade_oos,no_c1,17.75,-19.514999999999418,-19.514999999999418,0.0,0.0,2025-02-13 07:15:00+00:00,2025-02-14 17:15:00+00:00,1080.0,80529
3740,research_grade_oos,no_c1,18.929999999999836,-21.994999999999436,-21.994999999999436,0.0,0.0,2025-02-13 07:30:00+00:00,2025-02-14 17:15:00+00:00,1080.0,80529
3744,research_grade_oos,no_c1,15.070000000000164,-30.639999999999873,-30.639999999999873,0.0,0.0,2025-02-14 01:30:00+00:00,2025-02-14 17:15:00+00:00,1080.0,80532
3745,research_grade_oos,no_c1,10.139999999999873,-18.625,-18.625,0.0,0.0,2025-02-14 08:45:00+00:00,2025-02-14 15:30:00+00:00,1081.0,80533
3746,research_grade_oos,no_c1,11.949999999999818,-21.047499999999673,-21.047499999999673,0.0,0.0,2025-02-14 12:30:00+00:00,2025-02-14 15:30:00+00:00,1081.0,80534
3747,research_grade_oos,no_c1,8.409999999999854,-13.00250000000051,-13.00250000000051,0.0,0.0,2025-02-18 14:45:00+00:00,2025-02-25 17:30:00+00:00,1082.0,80550
3748,research_grade_oos,no_c1,9.579999999999927,-14.662500000000819,-14.662500000000819,0.0,0.0,2025-02-18 15:00:00+00:00,2025-02-25 17:30:00+00:00,1082.0,80550
3749,research_grade_oos,no_c1,11.730000000000018,-16.45750000000089,-16.45750000000089,0.0,0.0,2025-02-18 15:45:00+00:00,2025-02-25 17:30:00+00:00,1082.0,80550
3750,research_grade_oos,no_c1,15.309999999999945,-19.802500000000236,-19.802500000000236,0.0,0.0,2025-02-18 16:30:00+00:00,2025-02-25 17:30:00+00:00,1082.0,80550
3751,research_grade_oos,no_c1,16.190000000000055,-20.672500000000582,-20.672500000000582,0.0,0.0,2025-02-18 16:45:00+00:00,2025-02-25 17:30:00+00:00,1082.0,80550
3752,research_grade_oos,no_c1,17.83999999999969,-24.53250000000071,-24.53250000000071,0.0,0.0,2025-02-18 17:00:00+00:00,2025-02-25 17:30:00+00:00,1082.0,80550
3753,research_grade_oos,c1_triggered,18.700000000000273,-21.222500000000764,-23.732500000002346,-2.5100000000015825,-0.13422459893056396,2025-02-18 18:45:00+00:00,2025-02-25 17:15:00+00:00,1083.0,80551
3754,research_grade_oos,c1_triggered,20.140000000000327,-23.0925000000002,-25.602500000001783,-2.5100000000015825,-0.12462760675280743,2025-02-18 19:00:00+00:00,2025-02-25 17:15:00+00:00,1083.0,80551
3756,research_grade_oos,no_c1,8.690000000000055,-10.944999999999254,-10.944999999999254,0.0,0.0,2025-02-19 04:00:00+00:00,2025-02-19 06:00:00+00:00,1084.0,80552
3757,research_grade_oos,no_c1,10.809999999999945,-14.857499999999618,-14.857499999999618,0.0,0.0,2025-02-19 10:15:00+00:00,2025-02-19 19:30:00+00:00,1085.0,80553
3758,research_grade_oos,no_c1,10.88000000000011,-13.5649999999996,-13.5649999999996,0.0,0.0,2025-02-19 10:30:00+00:00,2025-02-19 17:45:00+00:00,1086.0,80553
3759,research_grade_oos,no_c1,13.5300000000002,-20.43499999999949,-20.43499999999949,0.0,0.0,2025-02-19 11:30:00+00:00,2025-02-19 17:45:00+00:00,1086.0,80553
3760,research_grade_oos,c1_triggered,18.870000000000346,-29.352500000000873,-31.862500000002456,-2.5100000000015825,-0.1330153683095674,2025-02-20 02:15:00+00:00,2025-02-25 17:15:00+00:00,1083.0,80556
3761,research_grade_oos,c1_triggered,20.90000000000009,-30.4325000000008,-32.94250000000238,-2.5100000000015825,-0.1200956937799795,2025-02-20 02:45:00+00:00,2025-02-25 17:15:00+00:00,1083.0,80556
3762,research_grade_oos,no_c1,10.110000000000127,-18.552500000000236,-18.552500000000236,0.0,0.0,2025-02-20 05:15:00+00:00,2025-02-20 16:00:00+00:00,1087.0,80556
3763,research_grade_oos,no_c1,10.019999999999982,-19.672500000000127,-19.672500000000127,0.0,0.0,2025-02-20 07:30:00+00:00,2025-02-20 16:00:00+00:00,1087.0,80557
3764,research_grade_oos,no_c1,11.349999999999909,-21.642499999999927,-21.642499999999927,0.0,0.0,2025-02-20 08:00:00+00:00,2025-02-20 16:00:00+00:00,1087.0,80557
3765,research_grade_oos,no_c1,13.179999999999836,-22.625,-22.625,0.0,0.0,2025-02-20 09:00:00+00:00,2025-02-20 16:00:00+00:00,1087.0,80557
3766,research_grade_oos,c1_triggered,19.079999999999927,-31.040000000001328,-33.55000000000291,-2.5100000000015825,-0.1315513626835216,2025-02-24 05:00:00+00:00,2025-02-25 17:15:00+00:00,1083.0,80572
3767,research_grade_oos,c1_triggered,19.440000000000055,-32.4600000000014,-34.97000000000298,-2.5100000000015825,-0.12911522633752961,2025-02-24 05:15:00+00:00,2025-02-25 17:15:00+00:00,1083.0,80572
3768,research_grade_oos,c1_triggered,9.419999999999618,-12.100000000001273,-14.12000000000262,-2.020000000001346,-0.21443736730376092,2025-02-24 11:00:00+00:00,2025-02-25 09:30:00+00:00,1088.0,80573
3769,research_grade_oos,c1_triggered,16.25,-17.510000000001128,-19.530000000002474,-2.020000000001346,-0.12430769230777514,2025-02-24 15:45:00+00:00,2025-02-25 09:30:00+00:00,1088.0,80574
3770,research_grade_oos,c1_triggered,17.389999999999873,-20.1800000000012,-22.200000000002547,-2.020000000001346,-0.116158711903471,2025-02-24 16:00:00+00:00,2025-02-25 09:30:00+00:00,1088.0,80574
3775,research_grade_oos,no_c1,10.259999999999764,-15.450000000000728,-15.450000000000728,0.0,0.0,2025-03-04 09:30:00+00:00,2025-03-10 22:00:00+00:00,1089.0,80605
3776,research_grade_oos,no_c1,17.079999999999927,-21.74000000000069,-21.74000000000069,0.0,0.0,2025-03-04 10:15:00+00:00,2025-03-10 22:00:00+00:00,1089.0,80605
3777,research_grade_oos,no_c1,21.960000000000036,-29.8400000000006,-29.8400000000006,0.0,0.0,2025-03-04 10:30:00+00:00,2025-03-10 22:00:00+00:00,1089.0,80605
3778,research_grade_oos,no_c1,34.15000000000009,-35.98000000000002,-35.98000000000002,0.0,0.0,2025-03-04 11:30:00+00:00,2025-03-10 22:00:00+00:00,1089.0,80605
3779,research_grade_oos,no_c1,30.429999999999836,-37.04000000000087,-37.04000000000087,0.0,0.0,2025-03-04 14:30:00+00:00,2025-03-10 21:30:00+00:00,1090.0,80606
3780,research_grade_oos,no_c1,28.110000000000127,-32.82000000000107,-32.82000000000107,0.0,0.0,2025-03-04 15:15:00+00:00,2025-03-06 11:45:00+00:00,1091.0,80606
3782,research_grade_oos,no_c1,12.930000000000291,-19.52250000000049,-19.52250000000049,0.0,0.0,2025-03-05 08:00:00+00:00,2025-03-05 15:30:00+00:00,1092.0,80609
3783,research_grade_oos,no_c1,16.65000000000009,-20.160000000000764,-20.160000000000764,0.0,0.0,2025-03-05 08:15:00+00:00,2025-03-05 15:30:00+00:00,1092.0,80609
3784,research_grade_oos,no_c1,30.36999999999989,-34.750000000001364,-34.750000000001364,0.0,0.0,2025-03-05 18:30:00+00:00,2025-03-06 11:45:00+00:00,1091.0,80611
3785,research_grade_oos,no_c1,7.099999999999909,-9.070000000001073,-9.070000000001073,0.0,0.0,2025-03-06 04:00:00+00:00,2025-03-06 07:00:00+00:00,1093.0,80612
3786,research_grade_oos,no_c1,20.079999999999927,-26.310000000000855,-26.310000000000855,0.0,0.0,2025-03-06 16:45:00+00:00,2025-03-10 21:30:00+00:00,1090.0,80614
3787,research_grade_oos,no_c1,22.86999999999989,-29.3400000000006,-29.3400000000006,0.0,0.0,2025-03-06 17:00:00+00:00,2025-03-10 21:30:00+00:00,1090.0,80614
3788,research_grade_oos,c1_triggered,11.139999999999873,-13.84000000000151,-22.89528065054037,-9.055280650538862,-0.8128618178221693,2025-03-07 08:45:00+00:00,2025-03-10 12:30:00+00:00,1094.0,80617
3789,research_grade_oos,c1_triggered,10.7199999999998,-12.100000000001273,-9.850000000002183,2.2499999999990905,0.2098880597014116,2025-03-07 09:45:00+00:00,2025-03-10 12:15:00+00:00,1095.0,80617
3790,research_grade_oos,c1_triggered,11.400000000000091,-14.150000000001,-11.90000000000191,2.2499999999990905,0.19736842105255023,2025-03-07 10:00:00+00:00,2025-03-10 12:15:00+00:00,1095.0,80617
3791,research_grade_oos,c1_triggered,15.150000000000091,-17.210000000000946,-14.960000000001855,2.2499999999990905,0.14851485148508758,2025-03-07 10:30:00+00:00,2025-03-10 12:15:00+00:00,1095.0,80617
3792,research_grade_oos,c1_triggered,16.329999999999927,-17.9300000000012,-15.68000000000211,2.2499999999990905,0.1377832210654685,2025-03-07 10:45:00+00:00,2025-03-10 12:15:00+00:00,1095.0,80617
3793,research_grade_oos,c1_triggered,17.079999999999927,-19.540000000001328,-17.290000000002237,2.2499999999990905,0.13173302107723067,2025-03-07 11:00:00+00:00,2025-03-10 12:15:00+00:00,1095.0,80617
3794,research_grade_oos,no_c1,20.789999999999964,-21.952500000000327,-21.952500000000327,0.0,0.0,2025-03-07 17:00:00+00:00,2025-03-07 21:45:00+00:00,1096.0,80618
3795,research_grade_oos,c1_triggered,13.100000000000364,-15.362500000000637,-24.4177806505395,-9.055280650538862,-0.6912427977510389,2025-03-10 03:30:00+00:00,2025-03-10 12:30:00+00:00,1094.0,80628
3818,research_grade_oos,no_c1,8.4699999999998,-11.570000000001528,-11.570000000001528,0.0,0.0,2025-03-14 08:00:00+00:00,2025-03-14 19:00:00+00:00,1097.0,80645
3831,research_grade_oos,no_c1,5.8400000000001455,-19.485000000000127,-19.485000000000127,0.0,0.0,2025-03-18 04:30:00+00:00,2025-04-07 02:15:00+00:00,1098.0,80660
3832,research_grade_oos,no_c1,9.08999999999969,-26.03500000000031,-26.03500000000031,0.0,0.0,2025-03-18 06:00:00+00:00,2025-04-07 02:15:00+00:00,1098.0,80661
3833,research_grade_oos,no_c1,12.739999999999782,-28.515000000000327,-28.515000000000327,0.0,0.0,2025-03-18 06:15:00+00:00,2025-04-07 02:15:00+00:00,1098.0,80661
3834,research_grade_oos,no_c1,14.789999999999964,-33.375,-33.375,0.0,0.0,2025-03-18 10:15:00+00:00,2025-04-07 02:15:00+00:00,1098.0,80661
3835,research_grade_oos,no_c1,12.739999999999782,-16.470000000001164,-16.470000000001164,0.0,0.0,2025-03-18 11:15:00+00:00,2025-03-21 17:00:00+00:00,1099.0,80661
3836,research_grade_oos,no_c1,13.58999999999969,-21.1800000000012,-21.1800000000012,0.0,0.0,2025-03-18 11:30:00+00:00,2025-03-21 17:00:00+00:00,1099.0,80661
3837,research_grade_oos,no_c1,19.36999999999989,-23.490000000001146,-23.490000000001146,0.0,0.0,2025-03-18 11:45:00+00:00,2025-03-21 17:00:00+00:00,1099.0,80661
3838,research_grade_oos,c1_triggered,14.940000000000055,-23.900000000001,-28.700000000002092,-4.800000000001091,-0.3212851405623209,2025-03-18 15:15:00+00:00,2025-03-21 16:45:00+00:00,1100.0,80662
3839,research_grade_oos,c1_triggered,16.059999999999945,-19.110000000000582,-16.510000000001583,2.5999999999989996,0.16189290161886727,2025-03-18 15:45:00+00:00,2025-03-21 16:30:00+00:00,1101.0,80662
3840,research_grade_oos,no_c1,11.759999999999764,-16.60000000000082,-16.60000000000082,0.0,0.0,2025-03-19 08:45:00+00:00,2025-03-19 11:45:00+00:00,1102.0,80665
3841,research_grade_oos,no_c1,15.58999999999969,-19.670000000000528,-19.670000000000528,0.0,0.0,2025-03-19 09:00:00+00:00,2025-03-19 11:45:00+00:00,1102.0,80665
3844,research_grade_oos,no_c1,21.949999999999818,-24.010000000001583,-24.010000000001583,0.0,0.0,2025-03-20 03:15:00+00:00,2025-03-20 13:30:00+00:00,1103.0,80668
3845,research_grade_oos,no_c1,11.260000000000218,-15.06000000000131,-15.06000000000131,0.0,0.0,2025-03-20 07:45:00+00:00,2025-03-20 10:45:00+00:00,1104.0,80669
3847,research_grade_oos,c1_triggered,7.779999999999745,-8.142499999999927,-8.177500000000236,-0.03500000000030923,-0.004498714652996192,2025-03-21 03:00:00+00:00,2025-03-21 04:30:00+00:00,1105.0,80672
3848,research_grade_oos,no_c1,14.230000000000018,-19.38500000000022,-19.38500000000022,0.0,0.0,2025-03-26 10:45:00+00:00,2025-04-07 01:45:00+00:00,1106.0,80693
3849,research_grade_oos,no_c1,15.799999999999727,-20.91500000000042,-20.91500000000042,0.0,0.0,2025-03-26 11:00:00+00:00,2025-04-07 01:45:00+00:00,1106.0,80693
3850,research_grade_oos,no_c1,10.75,-16.765000000000782,-16.765000000000782,0.0,0.0,2025-03-27 05:45:00+00:00,2025-04-07 01:15:00+00:00,1107.0,80696
3851,research_grade_oos,no_c1,15.990000000000236,-19.035000000000764,-19.035000000000764,0.0,0.0,2025-03-27 07:00:00+00:00,2025-04-07 01:15:00+00:00,1107.0,80697
3852,research_grade_oos,no_c1,16.659999999999854,-20.56500000000051,-20.56500000000051,0.0,0.0,2025-03-27 07:15:00+00:00,2025-04-07 01:15:00+00:00,1107.0,80697
3853,research_grade_oos,no_c1,17.5,-19.815000000000055,-19.815000000000055,0.0,0.0,2025-03-27 07:30:00+00:00,2025-04-04 18:30:00+00:00,1108.0,80697
3854,research_grade_oos,c1_triggered,11.639999999999873,-14.134999999999764,-18.63499999999931,-4.499999999999545,-0.38659793814429505,2025-03-27 13:00:00+00:00,2025-04-04 18:15:00+00:00,1109.0,80698
3855,research_grade_oos,c1_triggered,14.320000000000164,-20.195000000000164,-24.69499999999971,-4.499999999999545,-0.3142458100558306,2025-03-27 13:15:00+00:00,2025-04-04 18:15:00+00:00,1109.0,80698
3856,research_grade_oos,c1_triggered,19.86999999999989,-26.284999999999854,-30.7849999999994,-4.499999999999545,-0.22647206844487017,2025-03-27 13:30:00+00:00,2025-04-04 18:15:00+00:00,1109.0,80698
3857,research_grade_oos,no_c1,5.080000000000382,-10.054999999999836,-10.054999999999836,0.0,0.0,2025-03-28 03:15:00+00:00,2025-04-04 17:00:00+00:00,1110.0,80700
3858,research_grade_oos,no_c1,8.050000000000182,-13.875,-13.875,0.0,0.0,2025-03-28 03:30:00+00:00,2025-04-04 17:00:00+00:00,1110.0,80700
3859,research_grade_oos,no_c1,9.2199999999998,-17.845000000000255,-17.845000000000255,0.0,0.0,2025-03-28 04:15:00+00:00,2025-04-04 17:00:00+00:00,1110.0,80700
3860,research_grade_oos,no_c1,12.239999999999782,-20.534999999999854,-20.534999999999854,0.0,0.0,2025-03-28 04:45:00+00:00,2025-04-04 17:00:00+00:00,1110.0,80700
3861,research_grade_oos,no_c1,15.090000000000146,-25.68499999999949,-25.68499999999949,0.0,0.0,2025-03-28 05:00:00+00:00,2025-04-04 17:00:00+00:00,1110.0,80700
3862,research_grade_oos,no_c1,16.88000000000011,-19.144999999999982,-19.144999999999982,0.0,0.0,2025-03-28 08:45:00+00:00,2025-04-03 16:00:00+00:00,1111.0,80701
3863,research_grade_oos,no_c1,14.909999999999854,-18.730000000001382,-18.730000000001382,0.0,0.0,2025-03-28 10:00:00+00:00,2025-03-28 11:15:00+00:00,1112.0,80701
3864,research_grade_oos,no_c1,14.559999999999945,-18.125000000000455,-18.125000000000455,0.0,0.0,2025-03-28 17:00:00+00:00,2025-04-03 15:30:00+00:00,1113.0,80702
3865,research_grade_oos,no_c1,21.009999999999764,-33.48500000000013,-33.48500000000013,0.0,0.0,2025-03-31 05:15:00+00:00,2025-04-03 15:30:00+00:00,1113.0,80712
3866,research_grade_oos,no_c1,30.34999999999991,-43.6850000000004,-43.6850000000004,0.0,0.0,2025-03-31 06:15:00+00:00,2025-04-03 15:30:00+00:00,1113.0,80713
3867,research_grade_oos,no_c1,35.7199999999998,-48.125000000000455,-48.125000000000455,0.0,0.0,2025-03-31 08:00:00+00:00,2025-04-03 15:30:00+00:00,1113.0,80713
3868,research_grade_oos,no_c1,39.059999999999945,-51.27500000000009,-51.27500000000009,0.0,0.0,2025-03-31 09:00:00+00:00,2025-04-03 15:30:00+00:00,1113.0,80713
3869,research_grade_oos,no_c1,43.10999999999967,-59.529999999999745,-59.529999999999745,0.0,0.0,2025-03-31 09:15:00+00:00,2025-04-03 15:30:00+00:00,1113.0,80713
3870,research_grade_oos,c1_triggered,10.08999999999969,-13.009999999999309,-14.269999999998163,-1.259999999998854,-0.12487611496520244,2025-04-01 02:45:00+00:00,2025-04-01 18:45:00+00:00,1114.0,80716
3871,research_grade_oos,c1_triggered,6.440000000000055,-13.349999999999454,-14.609999999998308,-1.259999999998854,-0.19565217391286388,2025-04-01 03:45:00+00:00,2025-04-01 18:45:00+00:00,1114.0,80716
3872,research_grade_oos,c1_triggered,6.460000000000036,-14.039999999999509,-15.299999999998363,-1.259999999998854,-0.19504643962830448,2025-04-01 04:00:00+00:00,2025-04-01 18:45:00+00:00,1114.0,80716
3873,research_grade_oos,c1_triggered,7.9699999999998,-19.74999999999909,-21.009999999997945,-1.259999999998854,-0.15809284818053773,2025-04-01 04:15:00+00:00,2025-04-01 18:45:00+00:00,1114.0,80716
3874,research_grade_oos,c1_triggered,14.639999999999873,-22.97999999999911,-24.239999999997963,-1.259999999998854,-0.08606557377041428,2025-04-01 04:45:00+00:00,2025-04-01 18:45:00+00:00,1114.0,80716
3875,research_grade_oos,c1_triggered,18.190000000000055,-26.169999999999163,-27.429999999998017,-1.259999999998854,-0.06926882902687467,2025-04-01 05:15:00+00:00,2025-04-01 18:45:00+00:00,1114.0,80716
3876,research_grade_oos,c1_triggered,19.860000000000127,-29.549999999999272,-30.809999999998126,-1.259999999998854,-0.0634441087612712,2025-04-01 05:30:00+00:00,2025-04-01 18:45:00+00:00,1114.0,80716
3877,research_grade_oos,c1_triggered,23.440000000000055,-32.119999999999436,-33.37999999999829,-1.259999999998854,-0.05375426621155508,2025-04-01 06:00:00+00:00,2025-04-01 18:45:00+00:00,1114.0,80717
3878,research_grade_oos,c1_triggered,25.960000000000036,-32.99999999999909,-34.259999999997945,-1.259999999998854,-0.048536209553114495,2025-04-01 07:00:00+00:00,2025-04-01 18:45:00+00:00,1114.0,80717
3879,research_grade_oos,no_c1,13.019999999999982,-14.709999999999127,-14.709999999999127,0.0,0.0,2025-04-02 03:30:00+00:00,2025-04-03 13:15:00+00:00,1115.0,80720
3880,research_grade_oos,no_c1,15.970000000000255,-25.419999999999163,-25.419999999999163,0.0,0.0,2025-04-02 04:15:00+00:00,2025-04-03 13:15:00+00:00,1115.0,80720
3881,research_grade_oos,no_c1,24.90000000000009,-26.559999999999036,-26.559999999999036,0.0,0.0,2025-04-02 04:30:00+00:00,2025-04-03 13:15:00+00:00,1115.0,80720
3882,research_grade_oos,no_c1,23.9699999999998,-38.03999999999951,-38.03999999999951,0.0,0.0,2025-04-02 11:45:00+00:00,2025-04-03 13:45:00+00:00,1116.0,80721
3883,research_grade_oos,no_c1,15.490000000000236,-25.639999999998963,-25.639999999998963,0.0,0.0,2025-04-02 19:30:00+00:00,2025-04-03 13:15:00+00:00,1115.0,80723
3885,research_grade_oos,no_c1,43.15000000000009,-61.849999999999454,-61.849999999999454,0.0,0.0,2025-04-03 02:15:00+00:00,2025-04-03 13:45:00+00:00,1116.0,80724
3886,research_grade_oos,no_c1,52.30000000000018,-64.73999999999933,-64.73999999999933,0.0,0.0,2025-04-03 02:30:00+00:00,2025-04-03 13:45:00+00:00,1116.0,80724
3904,research_grade_oos,no_c1,27.61999999999989,-31.25999999999931,-31.25999999999931,0.0,0.0,2025-04-11 16:45:00+00:00,2025-04-14 13:15:00+00:00,1117.0,80758
3905,research_grade_oos,no_c1,29.31999999999971,-31.719999999999345,-31.719999999999345,0.0,0.0,2025-04-14 04:45:00+00:00,2025-04-14 13:15:00+00:00,1117.0,80768
3907,research_grade_oos,no_c1,7.900000000000091,-12.639999999999418,-12.639999999999418,0.0,0.0,2025-04-15 04:15:00+00:00,2025-05-01 14:45:00+00:00,1118.0,80772
3908,research_grade_oos,no_c1,10.309999999999945,-18.169999999999163,-18.169999999999163,0.0,0.0,2025-04-15 04:30:00+00:00,2025-05-01 14:45:00+00:00,1118.0,80772
3909,research_grade_oos,no_c1,18.070000000000164,-23.42999999999938,-23.42999999999938,0.0,0.0,2025-04-15 07:00:00+00:00,2025-05-01 14:45:00+00:00,1118.0,80773
3910,research_grade_oos,no_c1,20.360000000000127,-26.8799999999992,-26.8799999999992,0.0,0.0,2025-04-15 08:00:00+00:00,2025-05-01 14:45:00+00:00,1118.0,80773
3913,research_grade_oos,c1_triggered,14.099999999999909,-16.839999999999236,-20.55999999999858,-3.719999999999345,-0.2638297872339978,2025-04-16 01:30:00+00:00,2025-05-01 12:45:00+00:00,1119.0,80776
3914,research_grade_oos,c1_triggered,15.900000000000091,-20.70999999999958,-24.429999999998927,-3.719999999999345,-0.23396226415090088,2025-04-16 01:45:00+00:00,2025-05-01 12:45:00+00:00,1119.0,80776
3915,research_grade_oos,c1_triggered,18.7199999999998,-23.299999999999272,-27.019999999998618,-3.719999999999345,-0.19871794871791587,2025-04-16 02:00:00+00:00,2025-05-01 12:45:00+00:00,1119.0,80776
3916,research_grade_oos,c1_triggered,22.710000000000036,-29.259999999998854,-26.239999999998417,3.0200000000004366,0.13298106560988252,2025-04-16 03:00:00+00:00,2025-05-01 12:30:00+00:00,1120.0,80776
3917,research_grade_oos,c1_triggered,26.159999999999854,-33.45999999999913,-30.43999999999869,3.0200000000004366,0.11544342507646993,2025-04-16 03:15:00+00:00,2025-05-01 12:30:00+00:00,1120.0,80776
3918,research_grade_oos,c1_triggered,35.98000000000002,-38.63999999999942,-34.70999999999867,3.930000000000746,0.1092273485269801,2025-04-16 03:45:00+00:00,2025-05-01 12:15:00+00:00,1121.0,80776
3919,research_grade_oos,c1_triggered,41.73999999999978,-44.559999999999036,-40.62999999999829,3.930000000000746,0.09415428845234226,2025-04-16 04:15:00+00:00,2025-05-01 12:15:00+00:00,1121.0,80776
3920,research_grade_oos,no_c1,46.76000000000022,-49.97999999999956,-49.97999999999956,0.0,0.0,2025-04-16 06:30:00+00:00,2025-05-01 07:15:00+00:00,1122.0,80777
3921,research_grade_oos,no_c1,48.40000000000009,-55.70999999999958,-55.70999999999958,0.0,0.0,2025-04-16 07:00:00+00:00,2025-05-01 07:15:00+00:00,1122.0,80777
3922,research_grade_oos,no_c1,33.09999999999991,-41.57999999999947,-41.57999999999947,0.0,0.0,2025-04-16 08:30:00+00:00,2025-05-01 03:30:00+00:00,1123.0,80777
3923,research_grade_oos,no_c1,28.809999999999945,-38.619999999999436,-38.619999999999436,0.0,0.0,2025-04-16 10:15:00+00:00,2025-05-01 03:15:00+00:00,1124.0,80777
3924,research_grade_oos,no_c1,31.789999999999964,-41.8799999999992,-41.8799999999992,0.0,0.0,2025-04-16 11:00:00+00:00,2025-05-01 03:15:00+00:00,1124.0,80777
3925,research_grade_oos,no_c1,34.289999999999964,-51.24999999999909,-51.24999999999909,0.0,0.0,2025-04-16 11:15:00+00:00,2025-05-01 03:15:00+00:00,1124.0,80777
3926,research_grade_oos,no_c1,26.309999999999945,-31.089999999999236,-31.089999999999236,0.0,0.0,2025-04-16 18:45:00+00:00,2025-04-17 17:45:00+00:00,1125.0,80779
3927,research_grade_oos,no_c1,31.929999999999836,-34.47999999999911,-34.47999999999911,0.0,0.0,2025-04-16 19:00:00+00:00,2025-04-17 17:45:00+00:00,1125.0,80779
3928,research_grade_oos,no_c1,35.44999999999982,-41.23999999999887,-41.23999999999887,0.0,0.0,2025-04-16 19:30:00+00:00,2025-04-17 17:45:00+00:00,1125.0,80779
3931,research_grade_oos,no_c1,21.690000000000055,-37.94999999999891,-37.94999999999891,0.0,0.0,2025-04-17 01:15:00+00:00,2025-04-17 10:15:00+00:00,1126.0,80780
3932,research_grade_oos,c1_triggered,21.15000000000009,-33.439999999999145,-30.52999999999838,2.910000000000764,0.13758865248230503,2025-04-17 15:15:00+00:00,2025-04-17 17:15:00+00:00,1127.0,80782
3935,research_grade_oos,c1_triggered,33.99000000000024,-46.382500000000164,-39.53750000000082,6.844999999999345,0.20138275963516616,2025-04-21 01:15:00+00:00,2025-04-23 16:30:00+00:00,1128.0,80796
3936,research_grade_oos,c1_triggered,38.710000000000036,-51.58249999999998,-44.73750000000064,6.844999999999345,0.1768276931025404,2025-04-21 01:30:00+00:00,2025-04-23 16:30:00+00:00,1128.0,80796
3937,research_grade_oos,no_c1,40.870000000000346,-53.619999999999436,-53.619999999999436,0.0,0.0,2025-04-21 03:15:00+00:00,2025-04-23 09:45:00+00:00,1129.0,80796
3938,research_grade_oos,no_c1,45.16000000000031,-68.78999999999951,-68.78999999999951,0.0,0.0,2025-04-21 03:45:00+00:00,2025-04-23 09:45:00+00:00,1129.0,80796
3939,research_grade_oos,no_c1,59.64000000000033,-73.3799999999992,-73.3799999999992,0.0,0.0,2025-04-21 04:15:00+00:00,2025-04-23 09:45:00+00:00,1129.0,80796
3940,research_grade_oos,no_c1,58.40000000000009,-66.57999999999902,-66.57999999999902,0.0,0.0,2025-04-21 06:00:00+00:00,2025-04-23 01:15:00+00:00,1130.0,80797
3941,research_grade_oos,no_c1,18.59999999999991,-69.81999999999925,-69.81999999999925,0.0,0.0,2025-04-21 09:15:00+00:00,2025-04-23 01:15:00+00:00,1130.0,80797
3942,research_grade_oos,no_c1,21.299999999999727,-72.82999999999902,-72.82999999999902,0.0,0.0,2025-04-21 09:45:00+00:00,2025-04-23 01:15:00+00:00,1130.0,80797
3943,research_grade_oos,no_c1,22.09999999999991,-73.98999999999933,-73.98999999999933,0.0,0.0,2025-04-21 10:00:00+00:00,2025-04-23 01:15:00+00:00,1130.0,80797
3944,research_grade_oos,no_c1,23.559999999999945,-75.42999999999938,-75.42999999999938,0.0,0.0,2025-04-21 10:15:00+00:00,2025-04-23 01:15:00+00:00,1130.0,80797
3945,research_grade_oos,no_c1,15.909999999999854,-28.609999999999673,-28.609999999999673,0.0,0.0,2025-04-21 14:45:00+00:00,2025-04-22 22:15:00+00:00,1131.0,80798
3946,research_grade_oos,no_c1,26.039999999999964,-39.82999999999947,-39.82999999999947,0.0,0.0,2025-04-21 16:00:00+00:00,2025-04-22 22:15:00+00:00,1131.0,80798
3947,research_grade_oos,no_c1,31.990000000000236,-38.73999999999933,-38.73999999999933,0.0,0.0,2025-04-21 16:15:00+00:00,2025-04-22 21:30:00+00:00,1132.0,80798
3948,research_grade_oos,no_c1,24.519999999999982,-45.92999999999893,-45.92999999999893,0.0,0.0,2025-04-22 01:15:00+00:00,2025-04-22 19:15:00+00:00,1133.0,80800
3949,research_grade_oos,no_c1,27.799999999999727,-55.13999999999896,-55.13999999999896,0.0,0.0,2025-04-22 02:30:00+00:00,2025-04-22 19:15:00+00:00,1133.0,80800
3950,research_grade_oos,no_c1,32.309999999999945,-39.23999999999887,-39.23999999999887,0.0,0.0,2025-04-22 04:45:00+00:00,2025-04-22 16:30:00+00:00,1134.0,80800
3951,research_grade_oos,no_c1,42.809999999999945,-44.51999999999907,-44.51999999999907,0.0,0.0,2025-04-22 05:30:00+00:00,2025-04-22 16:30:00+00:00,1134.0,80800
3952,research_grade_oos,no_c1,45.67000000000007,-56.909999999998945,-56.909999999998945,0.0,0.0,2025-04-22 05:45:00+00:00,2025-04-22 16:30:00+00:00,1134.0,80800
3953,research_grade_oos,no_c1,56.63999999999987,-61.60999999999922,-61.60999999999922,0.0,0.0,2025-04-22 06:00:00+00:00,2025-04-22 16:30:00+00:00,1134.0,80801
3954,research_grade_oos,no_c1,63.75999999999976,-65.04999999999927,-65.04999999999927,0.0,0.0,2025-04-22 06:15:00+00:00,2025-04-22 16:30:00+00:00,1134.0,80801
3955,research_grade_oos,no_c1,65.5300000000002,-77.30999999999904,-77.30999999999904,0.0,0.0,2025-04-22 06:30:00+00:00,2025-04-22 16:30:00+00:00,1134.0,80801
3956,research_grade_oos,no_c1,74.03999999999996,-86.00999999999931,-86.00999999999931,0.0,0.0,2025-04-22 09:15:00+00:00,2025-04-22 16:30:00+00:00,1134.0,80801
3960,research_grade_oos,c1_triggered,14.710000000000036,-26.05999999999949,-16.77999999999838,9.28000000000111,0.6308633582597611,2025-05-05 11:30:00+00:00,2025-05-12 10:00:00+00:00,1135.0,80853
3961,research_grade_oos,c1_triggered,20.63000000000011,-31.20999999999958,-21.929999999998472,9.28000000000111,0.44983034415904316,2025-05-05 11:45:00+00:00,2025-05-12 10:00:00+00:00,1135.0,80853
3962,research_grade_oos,c1_triggered,24.920000000000073,-36.69999999999936,-27.419999999998254,9.28000000000111,0.3723916532905731,2025-05-05 12:00:00+00:00,2025-05-12 10:00:00+00:00,1135.0,80854
3963,research_grade_oos,c1_triggered,29.210000000000036,-43.899999999999636,-34.61999999999853,9.28000000000111,0.31769941800756923,2025-05-05 12:15:00+00:00,2025-05-12 10:00:00+00:00,1135.0,80854
3964,research_grade_oos,c1_triggered,36.210000000000036,-56.17999999999938,-46.89999999999827,9.28000000000111,0.25628279480809446,2025-05-05 12:30:00+00:00,2025-05-12 10:00:00+00:00,1135.0,80854
3965,research_grade_oos,c1_triggered,51.460000000000036,-62.75999999999931,-53.4799999999982,9.28000000000111,0.1803342401865741,2025-05-05 13:00:00+00:00,2025-05-12 10:00:00+00:00,1135.0,80854
3967,research_grade_oos,no_c1,15.129999999999654,-51.27999999999929,-51.27999999999929,0.0,0.0,2025-05-06 04:15:00+00:00,2025-05-08 19:00:00+00:00,1136.0,80856
3968,research_grade_oos,no_c1,41.59999999999991,-67.74999999999955,-67.74999999999955,0.0,0.0,2025-05-06 04:45:00+00:00,2025-05-08 19:00:00+00:00,1136.0,80856
3969,research_grade_oos,c1_triggered,29.139999999999873,-36.119999999999436,-27.299999999998818,8.820000000000618,0.302676733013063,2025-05-06 11:30:00+00:00,2025-05-08 09:00:00+00:00,1137.0,80857
3970,research_grade_oos,c1_triggered,32.809999999999945,-38.54999999999927,-29.729999999998654,8.820000000000618,0.26882048156051913,2025-05-06 13:00:00+00:00,2025-05-08 09:00:00+00:00,1137.0,80858
3971,research_grade_oos,no_c1,16.389999999999873,-25.049999999999272,-25.049999999999272,0.0,0.0,2025-05-06 15:45:00+00:00,2025-05-07 03:30:00+00:00,1138.0,80858
3972,research_grade_oos,no_c1,23.7199999999998,-29.709999999999127,-29.709999999999127,0.0,0.0,2025-05-06 16:15:00+00:00,2025-05-07 03:30:00+00:00,1138.0,80858
3973,research_grade_oos,no_c1,25.2800000000002,-32.309999999999036,-32.309999999999036,0.0,0.0,2025-05-06 16:30:00+00:00,2025-05-07 03:30:00+00:00,1138.0,80858
3974,research_grade_oos,no_c1,26.59999999999991,-39.339999999999236,-39.339999999999236,0.0,0.0,2025-05-06 19:30:00+00:00,2025-05-07 03:30:00+00:00,1138.0,80859
3982,research_grade_oos,no_c1,25.699999999999818,-26.489999999999327,-26.489999999999327,0.0,0.0,2025-05-07 10:15:00+00:00,2025-05-07 12:45:00+00:00,1139.0,80861
3983,research_grade_oos,c1_triggered,23.120000000000346,-37.14999999999918,-32.29999999999836,4.8500000000008185,0.20977508650522259,2025-05-08 04:15:00+00:00,2025-05-08 08:45:00+00:00,1140.0,80864
3984,research_grade_oos,c1_triggered,33.70000000000027,-53.619999999999436,-48.76999999999862,4.8500000000008185,0.14391691394661066,2025-05-08 05:00:00+00:00,2025-05-08 08:45:00+00:00,1140.0,80864
3986,research_grade_oos,no_c1,24.9699999999998,-26.039999999999054,-26.039999999999054,0.0,0.0,2025-05-19 10:45:00+00:00,2025-05-20 05:45:00+00:00,1141.0,80909
3987,research_grade_oos,no_c1,27.929999999999836,-29.49999999999909,-29.49999999999909,0.0,0.0,2025-05-19 11:15:00+00:00,2025-05-20 05:45:00+00:00,1141.0,80909
3988,research_grade_oos,no_c1,32.17000000000007,-38.49999999999909,-38.49999999999909,0.0,0.0,2025-05-19 12:00:00+00:00,2025-05-20 05:45:00+00:00,1141.0,80910
4000,research_grade_oos,no_c1,20.329999999999927,-29.64999999999918,-29.64999999999918,0.0,0.0,2025-05-21 01:15:00+00:00,2025-05-29 02:00:00+00:00,1142.0,80916
4001,research_grade_oos,no_c1,29.190000000000055,-31.372499999999945,-31.372499999999945,0.0,0.0,2025-05-21 09:00:00+00:00,2025-05-29 01:15:00+00:00,1143.0,80917
4005,research_grade_oos,no_c1,12.909999999999854,-16.449999999999363,-16.449999999999363,0.0,0.0,2025-05-22 04:15:00+00:00,2025-05-22 11:45:00+00:00,1144.0,80920
4006,research_grade_oos,no_c1,16.73999999999978,-27.639999999999418,-27.639999999999418,0.0,0.0,2025-05-22 04:30:00+00:00,2025-05-22 11:45:00+00:00,1144.0,80920
4007,research_grade_oos,no_c1,26.009999999999764,-31.989999999999327,-31.989999999999327,0.0,0.0,2025-05-22 04:45:00+00:00,2025-05-22 11:45:00+00:00,1144.0,80920
4008,research_grade_oos,no_c1,29.139999999999873,-32.57999999999947,-32.57999999999947,0.0,0.0,2025-05-22 05:45:00+00:00,2025-05-22 11:45:00+00:00,1144.0,80920
4009,research_grade_oos,no_c1,12.940000000000055,-15.389999999998963,-15.389999999998963,0.0,0.0,2025-05-23 03:30:00+00:00,2025-05-27 14:45:00+00:00,1145.0,80924
4010,research_grade_oos,no_c1,21.710000000000036,-27.082499999999982,-27.082499999999982,0.0,0.0,2025-05-23 07:30:00+00:00,2025-05-29 01:15:00+00:00,1143.0,80925
4011,research_grade_oos,no_c1,26.460000000000036,-28.80249999999978,-28.80249999999978,0.0,0.0,2025-05-23 07:45:00+00:00,2025-05-29 01:15:00+00:00,1143.0,80925
4012,research_grade_oos,no_c1,29.179999999999836,-32.89249999999993,-32.89249999999993,0.0,0.0,2025-05-23 08:15:00+00:00,2025-05-29 01:15:00+00:00,1143.0,80925
4013,research_grade_oos,no_c1,30.980000000000018,-35.222499999999854,-35.222499999999854,0.0,0.0,2025-05-23 08:30:00+00:00,2025-05-29 01:15:00+00:00,1143.0,80925
4014,research_grade_oos,no_c1,34.90000000000009,-38.752500000000055,-38.752500000000055,0.0,0.0,2025-05-23 09:00:00+00:00,2025-05-29 01:15:00+00:00,1143.0,80925
4015,research_grade_oos,no_c1,34.659999999999854,-38.57999999999902,-38.57999999999902,0.0,0.0,2025-05-23 09:15:00+00:00,2025-05-27 14:15:00+00:00,1146.0,80925
4016,research_grade_oos,no_c1,39.23000000000002,-41.32999999999902,-41.32999999999902,0.0,0.0,2025-05-23 10:00:00+00:00,2025-05-27 14:15:00+00:00,1146.0,80925
4017,research_grade_oos,c1_triggered,13.079999999999927,-27.86999999999898,-20.369999999998072,7.5000000000009095,0.5733944954129168,2025-05-23 15:00:00+00:00,2025-05-27 09:15:00+00:00,1147.0,80926
4018,research_grade_oos,c1_triggered,32.710000000000036,-38.319999999999254,-30.819999999998345,7.5000000000009095,0.2292876796087099,2025-05-23 15:45:00+00:00,2025-05-27 09:15:00+00:00,1147.0,80926
4020,research_grade_oos,c1_triggered,13.579999999999927,-18.269999999999072,-10.769999999998163,7.5000000000009095,0.5522827687776841,2025-05-26 16:30:00+00:00,2025-05-27 09:15:00+00:00,1147.0,80938
4022,research_grade_oos,no_c1,11.929999999999836,-16.019999999999527,-16.019999999999527,0.0,0.0,2025-05-27 01:45:00+00:00,2025-05-27 04:30:00+00:00,1148.0,80940
4023,research_grade_oos,no_c1,11.580000000000382,-17.83749999999918,-17.83749999999918,0.0,0.0,2025-05-27 03:15:00+00:00,2025-05-27 04:30:00+00:00,1148.0,80940
4024,research_grade_oos,no_c1,16.720000000000255,-22.919999999999163,-22.919999999999163,0.0,0.0,2025-06-02 08:15:00+00:00,2025-06-09 04:45:00+00:00,1149.0,80965
4025,research_grade_oos,no_c1,18.270000000000437,-26.759999999998854,-26.759999999998854,0.0,0.0,2025-06-02 08:45:00+00:00,2025-06-09 04:45:00+00:00,1149.0,80965
4026,research_grade_oos,no_c1,21.75,-27.959999999999127,-27.959999999999127,0.0,0.0,2025-06-02 09:00:00+00:00,2025-06-09 04:45:00+00:00,1149.0,80965
4027,research_grade_oos,no_c1,24.13000000000011,-32.14999999999918,-32.14999999999918,0.0,0.0,2025-06-02 09:15:00+00:00,2025-06-09 04:45:00+00:00,1149.0,80965
4028,research_grade_oos,no_c1,27.7800000000002,-41.71999999999889,-41.71999999999889,0.0,0.0,2025-06-02 09:30:00+00:00,2025-06-09 04:45:00+00:00,1149.0,80965
4029,research_grade_oos,no_c1,36.370000000000346,-49.259999999998854,-49.259999999998854,0.0,0.0,2025-06-02 09:45:00+00:00,2025-06-09 04:45:00+00:00,1149.0,80965
4030,research_grade_oos,no_c1,42.09999999999991,-48.869999999999436,-48.869999999999436,0.0,0.0,2025-06-02 10:15:00+00:00,2025-06-09 03:30:00+00:00,1150.0,80965
4031,research_grade_oos,no_c1,15.75,-22.39999999999918,-22.39999999999918,0.0,0.0,2025-06-02 15:30:00+00:00,2025-06-03 17:00:00+00:00,1151.0,80966
4032,research_grade_oos,no_c1,19.09999999999991,-28.1599999999994,-28.1599999999994,0.0,0.0,2025-06-02 16:45:00+00:00,2025-06-03 17:00:00+00:00,1151.0,80966
4033,research_grade_oos,no_c1,22.509999999999764,-36.219999999999345,-36.219999999999345,0.0,0.0,2025-06-02 17:00:00+00:00,2025-06-03 17:00:00+00:00,1151.0,80966
4036,research_grade_oos,no_c1,13.610000000000127,-19.30999999999949,-19.30999999999949,0.0,0.0,2025-06-03 01:15:00+00:00,2025-06-03 04:00:00+00:00,1152.0,80968
4037,research_grade_oos,no_c1,17.570000000000164,-22.689999999999145,-22.689999999999145,0.0,0.0,2025-06-03 01:30:00+00:00,2025-06-03 04:00:00+00:00,1152.0,80968
4038,research_grade_oos,c1_triggered,10.86999999999989,-13.6599999999994,-4.369999999998527,9.290000000000873,0.8546458141675222,2025-06-04 01:15:00+00:00,2025-06-06 16:45:00+00:00,1153.0,80972
4039,research_grade_oos,c1_triggered,12.409999999999854,-14.744999999999436,-5.454999999998563,9.290000000000873,0.7485898468977423,2025-06-04 01:30:00+00:00,2025-06-06 16:45:00+00:00,1153.0,80972
4040,research_grade_oos,c1_triggered,13.36999999999989,-15.474999999999909,-6.184999999999036,9.290000000000873,0.6948391922214622,2025-06-04 01:45:00+00:00,2025-06-06 16:45:00+00:00,1153.0,80972
4041,research_grade_oos,no_c1,11.11999999999989,-14.189999999999145,-14.189999999999145,0.0,0.0,2025-06-04 02:15:00+00:00,2025-06-04 14:15:00+00:00,1154.0,80972
4042,research_grade_oos,no_c1,15.090000000000146,-19.729999999999563,-19.729999999999563,0.0,0.0,2025-06-04 04:30:00+00:00,2025-06-05 18:45:00+00:00,1155.0,80972
4043,research_grade_oos,no_c1,17.730000000000018,-22.819999999999254,-22.819999999999254,0.0,0.0,2025-06-04 04:45:00+00:00,2025-06-05 18:45:00+00:00,1155.0,80972
4044,research_grade_oos,no_c1,23.09999999999991,-26.519999999999527,-26.519999999999527,0.0,0.0,2025-06-04 05:00:00+00:00,2025-06-05 18:45:00+00:00,1155.0,80972
4045,research_grade_oos,c1_triggered,21.190000000000055,-24.099999999999,-14.809999999998126,9.290000000000873,0.4384143463898466,2025-06-04 17:15:00+00:00,2025-06-06 16:45:00+00:00,1153.0,80974
4046,research_grade_oos,c1_triggered,23.59999999999991,-26.8799999999992,-17.589999999998327,9.290000000000873,0.3936440677966487,2025-06-04 17:30:00+00:00,2025-06-06 16:45:00+00:00,1153.0,80974
4047,research_grade_oos,c1_triggered,25.789999999999964,-40.01999999999907,-30.7299999999982,9.290000000000873,0.3602171384257808,2025-06-04 17:45:00+00:00,2025-06-06 16:45:00+00:00,1153.0,80974
4048,research_grade_oos,c1_triggered,15.730000000000018,-28.469999999999345,-34.54999999999882,-6.0799999999994725,-0.3865225683407162,2025-06-05 12:15:00+00:00,2025-06-05 18:30:00+00:00,1156.0,80978
4049,research_grade_oos,c1_triggered,17.59999999999991,-37.749999999999545,-43.82999999999902,-6.0799999999994725,-0.34545454545451726,2025-06-05 12:30:00+00:00,2025-06-05 18:30:00+00:00,1156.0,80978
4050,research_grade_oos,c1_triggered,32.67000000000007,-45.6299999999992,-51.70999999999867,-6.0799999999994725,-0.186103458830715,2025-06-05 13:30:00+00:00,2025-06-05 18:30:00+00:00,1156.0,80978
4051,research_grade_oos,c1_triggered,34.80000000000018,-48.189999999999145,-54.26999999999862,-6.0799999999994725,-0.17471264367814485,2025-06-05 13:45:00+00:00,2025-06-05 18:30:00+00:00,1156.0,80978
4052,research_grade_oos,c1_triggered,37.51999999999998,-49.80999999999949,-55.88999999999896,-6.0799999999994725,-0.16204690831555105,2025-06-05 14:00:00+00:00,2025-06-05 18:30:00+00:00,1156.0,80978
4053,research_grade_oos,c1_triggered,36.600000000000364,-40.869999999999436,-35.46999999999889,5.400000000000546,0.1475409836065708,2025-06-05 14:15:00+00:00,2025-06-05 18:15:00+00:00,1157.0,80978
4054,research_grade_oos,c1_triggered,12.110000000000127,-21.9399999999996,-13.129999999998745,8.810000000000855,0.727497935590484,2025-06-06 04:30:00+00:00,2025-06-06 16:30:00+00:00,1158.0,80980
4055,research_grade_oos,no_c1,12.4699999999998,-15.149999999999181,-15.149999999999181,0.0,0.0,2025-06-06 06:45:00+00:00,2025-06-06 12:15:00+00:00,1159.0,80981
4056,research_grade_oos,no_c1,17.549999999999727,-18.549999999999272,-18.549999999999272,0.0,0.0,2025-06-06 08:00:00+00:00,2025-06-06 12:15:00+00:00,1159.0,80981
4057,research_grade_oos,no_c1,26.059999999999945,-29.605000000000473,-29.605000000000473,0.0,0.0,2025-06-11 07:15:00+00:00,2025-06-24 15:00:00+00:00,1160.0,81001
4058,research_grade_oos,no_c1,10.639999999999873,-13.859999999999218,-13.859999999999218,0.0,0.0,2025-06-11 11:00:00+00:00,2025-06-11 13:15:00+00:00,1161.0,81001
4059,research_grade_oos,no_c1,22.33999999999969,-31.109999999999218,-31.109999999999218,0.0,0.0,2025-06-11 15:45:00+00:00,2025-06-11 20:15:00+00:00,1162.0,81002
4064,research_grade_oos,no_c1,36.24000000000024,-43.75500000000011,-43.75500000000011,0.0,0.0,2025-06-12 01:15:00+00:00,2025-06-24 09:30:00+00:00,1163.0,81004
4065,research_grade_oos,no_c1,42.2800000000002,-46.45500000000038,-46.45500000000038,0.0,0.0,2025-06-12 01:30:00+00:00,2025-06-24 09:30:00+00:00,1163.0,81004
4066,research_grade_oos,no_c1,45.809999999999945,-48.76500000000033,-48.76500000000033,0.0,0.0,2025-06-12 01:45:00+00:00,2025-06-24 09:30:00+00:00,1163.0,81004
4067,research_grade_oos,no_c1,48.429999999999836,-51.815000000000055,-51.815000000000055,0.0,0.0,2025-06-12 02:00:00+00:00,2025-06-24 09:30:00+00:00,1163.0,81004
4068,research_grade_oos,no_c1,30.289999999999964,-33.45999999999913,-33.45999999999913,0.0,0.0,2025-06-12 04:30:00+00:00,2025-06-12 10:30:00+00:00,1164.0,81004
4069,research_grade_oos,no_c1,25.58999999999969,-35.30999999999949,-35.30999999999949,0.0,0.0,2025-06-12 05:45:00+00:00,2025-06-12 10:30:00+00:00,1164.0,81004
4070,research_grade_oos,c1_triggered,37.07999999999993,-41.3449999999998,-40.995000000000346,0.3499999999994543,0.009439050701171925,2025-06-12 13:30:00+00:00,2025-06-24 08:15:00+00:00,1165.0,81006
4071,research_grade_oos,c1_triggered,41.25999999999976,-43.82499999999982,-43.475000000000364,0.3499999999994543,0.008482792050398844,2025-06-12 13:45:00+00:00,2025-06-24 08:15:00+00:00,1165.0,81006
4072,research_grade_oos,no_c1,38.4699999999998,-48.70999999999958,-48.70999999999958,0.0,0.0,2025-06-12 16:45:00+00:00,2025-06-19 09:15:00+00:00,1166.0,81006
4073,research_grade_oos,no_c1,9.509999999999764,-17.079999999999472,-17.079999999999472,0.0,0.0,2025-06-13 03:00:00+00:00,2025-06-17 11:45:00+00:00,1167.0,81008
4074,research_grade_oos,no_c1,16.360000000000127,-23.719999999999345,-23.719999999999345,0.0,0.0,2025-06-13 03:15:00+00:00,2025-06-17 11:45:00+00:00,1167.0,81008
4075,research_grade_oos,no_c1,32.159999999999854,-35.1299999999992,-35.1299999999992,0.0,0.0,2025-06-13 03:30:00+00:00,2025-06-17 11:45:00+00:00,1167.0,81008
4076,research_grade_oos,no_c1,40.15000000000009,-47.1299999999992,-47.1299999999992,0.0,0.0,2025-06-13 04:15:00+00:00,2025-06-17 11:45:00+00:00,1167.0,81008
4077,research_grade_oos,no_c1,45.809999999999945,-51.17999999999938,-51.17999999999938,0.0,0.0,2025-06-13 04:30:00+00:00,2025-06-17 11:45:00+00:00,1167.0,81008
4078,research_grade_oos,no_c1,56.13999999999987,-59.369999999999436,-59.369999999999436,0.0,0.0,2025-06-13 05:45:00+00:00,2025-06-17 11:45:00+00:00,1167.0,81008
4079,research_grade_oos,no_c1,60.320000000000164,-62.969999999999345,-62.969999999999345,0.0,0.0,2025-06-13 06:00:00+00:00,2025-06-17 11:45:00+00:00,1167.0,81009
4080,research_grade_oos,no_c1,16.2800000000002,-20.939999999999145,-20.939999999999145,0.0,0.0,2025-06-13 15:45:00+00:00,2025-06-16 10:00:00+00:00,1168.0,81010
4081,research_grade_oos,no_c1,22.75,-25.86999999999898,-25.86999999999898,0.0,0.0,2025-06-13 16:00:00+00:00,2025-06-16 10:00:00+00:00,1168.0,81010
4082,research_grade_oos,no_c1,26.480000000000018,-30.14999999999918,-30.14999999999918,0.0,0.0,2025-06-13 16:15:00+00:00,2025-06-16 10:00:00+00:00,1168.0,81010
4083,research_grade_oos,no_c1,29.710000000000036,-32.94999999999891,-32.94999999999891,0.0,0.0,2025-06-13 16:30:00+00:00,2025-06-16 10:00:00+00:00,1168.0,81010
4084,research_grade_oos,no_c1,20.269999999999982,-31.269999999999072,-31.269999999999072,0.0,0.0,2025-06-16 01:15:00+00:00,2025-06-16 09:00:00+00:00,1169.0,81020
4085,research_grade_oos,no_c1,33.82999999999993,-36.25000000000091,-36.25000000000091,0.0,0.0,2025-06-23 19:30:00+00:00,2025-06-24 01:45:00+00:00,1170.0,81051
4086,research_grade_oos,no_c1,16.800000000000182,-21.560000000000855,-21.560000000000855,0.0,0.0,2025-07-01 04:15:00+00:00,2025-07-08 17:30:00+00:00,1171.0,81080
4087,research_grade_oos,no_c1,16.609999999999673,-18.6200000000008,-18.6200000000008,0.0,0.0,2025-07-01 04:30:00+00:00,2025-07-07 10:45:00+00:00,1172.0,81080
4088,research_grade_oos,no_c1,16.98999999999978,-19.3700000000008,-19.3700000000008,0.0,0.0,2025-07-01 06:30:00+00:00,2025-07-07 10:45:00+00:00,1172.0,81081
4089,research_grade_oos,no_c1,13.990000000000236,-15.940000000000055,-15.940000000000055,0.0,0.0,2025-07-01 07:30:00+00:00,2025-07-07 07:15:00+00:00,1173.0,81081
4090,research_grade_oos,no_c1,13.13000000000011,-19.120000000000346,-19.120000000000346,0.0,0.0,2025-07-01 08:15:00+00:00,2025-07-07 05:30:00+00:00,1174.0,81081
4091,research_grade_oos,no_c1,18.390000000000327,-20.51000000000022,-20.51000000000022,0.0,0.0,2025-07-01 08:30:00+00:00,2025-07-07 05:30:00+00:00,1174.0,81081
4092,research_grade_oos,no_c1,20.070000000000164,-24.370000000000346,-24.370000000000346,0.0,0.0,2025-07-01 10:15:00+00:00,2025-07-03 15:30:00+00:00,1175.0,81081
4093,research_grade_oos,no_c1,22.820000000000164,-26.69000000000051,-26.69000000000051,0.0,0.0,2025-07-01 10:30:00+00:00,2025-07-03 15:30:00+00:00,1175.0,81081
4094,research_grade_oos,no_c1,21.259999999999764,-31.140000000000327,-31.140000000000327,0.0,0.0,2025-07-01 12:30:00+00:00,2025-07-03 15:30:00+00:00,1175.0,81082
4095,research_grade_oos,no_c1,22.88000000000011,-34.01000000000022,-34.01000000000022,0.0,0.0,2025-07-01 12:45:00+00:00,2025-07-03 15:30:00+00:00,1175.0,81082
4096,research_grade_oos,no_c1,24.609999999999673,-38.91000000000031,-38.91000000000031,0.0,0.0,2025-07-01 14:15:00+00:00,2025-07-03 15:30:00+00:00,1175.0,81082
4102,research_grade_oos,no_c1,19.070000000000164,-48.539999999999964,-48.539999999999964,0.0,0.0,2025-07-03 01:15:00+00:00,2025-07-03 15:30:00+00:00,1175.0,81088
4103,research_grade_oos,no_c1,16.480000000000018,-20.890000000000782,-20.890000000000782,0.0,0.0,2025-07-03 01:30:00+00:00,2025-07-03 04:15:00+00:00,1176.0,81088
4104,research_grade_oos,no_c1,9.849999999999909,-40.82499999999982,-40.82499999999982,0.0,0.0,2025-07-03 08:15:00+00:00,2025-07-03 15:30:00+00:00,1175.0,81089
4105,research_grade_oos,no_c1,12.210000000000036,-47.49000000000024,-47.49000000000024,0.0,0.0,2025-07-03 09:00:00+00:00,2025-07-03 15:30:00+00:00,1175.0,81089
4107,research_grade_oos,no_c1,10.040000000000418,-14.072500000000218,-14.072500000000218,0.0,0.0,2025-07-11 03:15:00+00:00,2025-07-17 15:30:00+00:00,1177.0,81120
4108,research_grade_oos,no_c1,10.930000000000291,-15.170000000000528,-15.170000000000528,0.0,0.0,2025-07-11 03:30:00+00:00,2025-07-17 15:30:00+00:00,1177.0,81120
4109,research_grade_oos,no_c1,11.480000000000018,-23.35000000000082,-23.35000000000082,0.0,0.0,2025-07-11 03:45:00+00:00,2025-07-17 15:30:00+00:00,1177.0,81120
4110,research_grade_oos,no_c1,10.960000000000036,-18.100000000000364,-18.100000000000364,0.0,0.0,2025-07-11 08:30:00+00:00,2025-07-15 19:00:00+00:00,1178.0,81121
4111,research_grade_oos,no_c1,16.0600000000004,-20.66000000000031,-20.66000000000031,0.0,0.0,2025-07-11 09:30:00+00:00,2025-07-15 19:00:00+00:00,1178.0,81121
4112,research_grade_oos,c1_triggered,12.610000000000127,-17.320000000000164,-20.870000000000346,-3.550000000000182,-0.2815226011102416,2025-07-11 13:30:00+00:00,2025-07-15 18:45:00+00:00,1179.0,81122
4113,research_grade_oos,c1_triggered,14.809999999999945,-18.91000000000031,-22.46000000000049,-3.550000000000182,-0.23970290344363235,2025-07-11 13:45:00+00:00,2025-07-15 18:45:00+00:00,1179.0,81122
4114,research_grade_oos,c1_triggered,17.09999999999991,-20.44000000000051,-23.99000000000069,-3.550000000000182,-0.20760233918129828,2025-07-11 14:45:00+00:00,2025-07-15 18:45:00+00:00,1179.0,81122
4115,research_grade_oos,no_c1,17.379999999999654,-21.47000000000071,-21.47000000000071,0.0,0.0,2025-07-11 15:45:00+00:00,2025-07-15 18:30:00+00:00,1180.0,81122
4116,research_grade_oos,no_c1,21.690000000000055,-24.330000000000382,-24.330000000000382,0.0,0.0,2025-07-11 16:00:00+00:00,2025-07-15 18:30:00+00:00,1180.0,81122
4117,research_grade_oos,no_c1,25.190000000000055,-28.650000000001,-28.650000000001,0.0,0.0,2025-07-11 17:45:00+00:00,2025-07-15 18:30:00+00:00,1180.0,81122
4118,research_grade_oos,no_c1,24.2199999999998,-27.070000000000164,-27.070000000000164,0.0,0.0,2025-07-11 18:15:00+00:00,2025-07-15 16:30:00+00:00,1181.0,81123
4119,research_grade_oos,no_c1,10.4399999999996,-24.71000000000049,-24.71000000000049,0.0,0.0,2025-07-14 01:15:00+00:00,2025-07-14 17:30:00+00:00,1182.0,81132
4120,research_grade_oos,no_c1,18.129999999999654,-28.907500000000255,-28.907500000000255,0.0,0.0,2025-07-14 01:30:00+00:00,2025-07-14 17:30:00+00:00,1182.0,81132
4121,research_grade_oos,no_c1,21.83999999999969,-30.81750000000011,-30.81750000000011,0.0,0.0,2025-07-14 02:15:00+00:00,2025-07-14 17:30:00+00:00,1182.0,81132
4122,research_grade_oos,c1_triggered,8.180000000000291,-11.490000000000236,-14.78500000000031,-3.2950000000000728,-0.40281173594131486,2025-07-14 09:45:00+00:00,2025-07-14 15:30:00+00:00,1183.0,81133
4123,research_grade_oos,c1_triggered,8.990000000000236,-17.659999999999854,-20.954999999999927,-3.2950000000000728,-0.3665183537263611,2025-07-14 10:00:00+00:00,2025-07-14 15:30:00+00:00,1183.0,81133
4124,research_grade_oos,c1_triggered,18.700000000000273,-23.44000000000051,-26.735000000000582,-3.2950000000000728,-0.17620320855615104,2025-07-14 10:30:00+00:00,2025-07-14 15:30:00+00:00,1183.0,81133
4125,research_grade_oos,c1_triggered,10.710000000000036,-13.8100000000004,-22.85000000000082,-9.040000000000418,-0.8440709617180567,2025-07-15 06:15:00+00:00,2025-07-15 16:15:00+00:00,1184.0,81137
4126,research_grade_oos,c1_triggered,12.920000000000073,-17.00750000000062,-26.047500000001037,-9.040000000000418,-0.6996904024768086,2025-07-15 06:45:00+00:00,2025-07-15 16:15:00+00:00,1184.0,81137
4127,research_grade_oos,c1_triggered,13.609999999999673,-17.490000000000236,-26.530000000000655,-9.040000000000418,-0.6642174871418542,2025-07-15 07:00:00+00:00,2025-07-15 16:15:00+00:00,1184.0,81137
4128,research_grade_oos,c1_triggered,14.340000000000146,-20.425000000000182,-29.4650000000006,-9.040000000000418,-0.630404463040469,2025-07-15 07:15:00+00:00,2025-07-15 16:15:00+00:00,1184.0,81137
4129,research_grade_oos,c1_triggered,16.610000000000127,-22.280000000000655,-31.320000000001073,-9.040000000000418,-0.5442504515352408,2025-07-15 08:15:00+00:00,2025-07-15 16:15:00+00:00,1184.0,81137
4130,research_grade_oos,c1_triggered,17.31999999999971,-22.950000000000728,-31.990000000001146,-9.040000000000418,-0.5219399538106565,2025-07-15 08:30:00+00:00,2025-07-15 16:15:00+00:00,1184.0,81137
4131,research_grade_oos,no_c1,18.51000000000022,-20.71000000000049,-20.71000000000049,0.0,0.0,2025-07-18 12:15:00+00:00,2025-07-25 17:45:00+00:00,1185.0,81150
4132,research_grade_oos,no_c1,17.0,-24.450000000000728,-24.450000000000728,0.0,0.0,2025-07-18 14:45:00+00:00,2025-07-25 17:45:00+00:00,1185.0,81150
4133,research_grade_oos,no_c1,17.029999999999745,-19.91000000000031,-19.91000000000031,0.0,0.0,2025-07-18 15:15:00+00:00,2025-07-25 14:15:00+00:00,1186.0,81150
4134,research_grade_oos,no_c1,15.700000000000273,-17.19000000000051,-17.19000000000051,0.0,0.0,2025-07-18 15:45:00+00:00,2025-07-25 13:15:00+00:00,1187.0,81150
4135,research_grade_oos,no_c1,7.6599999999998545,-10.250000000000455,-10.250000000000455,0.0,0.0,2025-07-21 03:45:00+00:00,2025-07-25 13:15:00+00:00,1187.0,81160
4136,research_grade_oos,no_c1,9.490000000000236,-13.69000000000051,-13.69000000000051,0.0,0.0,2025-07-21 04:15:00+00:00,2025-07-25 13:15:00+00:00,1187.0,81160
4137,research_grade_oos,no_c1,12.480000000000018,-14.760000000000218,-14.760000000000218,0.0,0.0,2025-07-21 04:30:00+00:00,2025-07-25 13:15:00+00:00,1187.0,81160
4138,research_grade_oos,no_c1,11.009999999999764,-17.830000000000382,-17.830000000000382,0.0,0.0,2025-07-21 08:15:00+00:00,2025-07-25 11:15:00+00:00,1188.0,81161
4139,research_grade_oos,no_c1,12.860000000000127,-21.91000000000031,-21.91000000000031,0.0,0.0,2025-07-21 08:30:00+00:00,2025-07-25 11:15:00+00:00,1188.0,81161
4140,research_grade_oos,no_c1,19.019999999999982,-24.570000000000164,-24.570000000000164,0.0,0.0,2025-07-21 09:30:00+00:00,2025-07-25 11:15:00+00:00,1188.0,81161
4141,research_grade_oos,no_c1,7.929999999999836,-11.300000000000182,-11.300000000000182,0.0,0.0,2025-07-21 14:30:00+00:00,2025-07-24 13:00:00+00:00,1189.0,81162
4142,research_grade_oos,no_c1,11.329999999999927,-13.13000000000011,-13.13000000000011,0.0,0.0,2025-07-21 15:00:00+00:00,2025-07-24 13:00:00+00:00,1189.0,81162
4143,research_grade_oos,no_c1,14.269999999999982,-19.480000000000018,-19.480000000000018,0.0,0.0,2025-07-21 15:30:00+00:00,2025-07-24 13:00:00+00:00,1189.0,81162
4144,research_grade_oos,no_c1,20.769999999999982,-23.81999999999971,-23.81999999999971,0.0,0.0,2025-07-21 15:45:00+00:00,2025-07-24 13:00:00+00:00,1189.0,81162
4145,research_grade_oos,no_c1,32.45999999999958,-35.5600000000004,-35.5600000000004,0.0,0.0,2025-07-21 17:30:00+00:00,2025-07-24 13:00:00+00:00,1189.0,81162
4146,research_grade_oos,no_c1,35.629999999999654,-37.42000000000007,-37.42000000000007,0.0,0.0,2025-07-21 17:45:00+00:00,2025-07-24 13:00:00+00:00,1189.0,81162
4147,research_grade_oos,c1_triggered,8.509999999999764,-12.452499999999873,-16.072500000000673,-3.6200000000008004,-0.4253819036428791,2025-07-22 01:30:00+00:00,2025-07-22 04:30:00+00:00,1190.0,81164
4148,research_grade_oos,c1_triggered,9.769999999999982,-13.7800000000002,-17.400000000001,-3.6200000000008004,-0.37052200614133135,2025-07-22 02:30:00+00:00,2025-07-22 04:30:00+00:00,1190.0,81164
4149,research_grade_oos,no_c1,7.179999999999836,-9.670000000000528,-9.670000000000528,0.0,0.0,2025-07-22 15:00:00+00:00,2025-07-24 05:00:00+00:00,1191.0,81166
4150,research_grade_oos,no_c1,8.170000000000073,-12.66000000000031,-12.66000000000031,0.0,0.0,2025-07-22 15:15:00+00:00,2025-07-24 05:00:00+00:00,1191.0,81166
4151,research_grade_oos,no_c1,11.179999999999836,-18.870000000000346,-18.870000000000346,0.0,0.0,2025-07-22 15:30:00+00:00,2025-07-24 05:00:00+00:00,1191.0,81166
4152,research_grade_oos,no_c1,17.519999999999982,-22.04000000000042,-22.04000000000042,0.0,0.0,2025-07-22 15:45:00+00:00,2025-07-24 05:00:00+00:00,1191.0,81166
4153,research_grade_oos,no_c1,21.15000000000009,-24.370000000000346,-24.370000000000346,0.0,0.0,2025-07-22 16:00:00+00:00,2025-07-23 19:15:00+00:00,1192.0,81166
4154,research_grade_oos,no_c1,23.039999999999964,-26.850000000000364,-26.850000000000364,0.0,0.0,2025-07-22 16:15:00+00:00,2025-07-23 19:15:00+00:00,1192.0,81166
4155,research_grade_oos,no_c1,29.56999999999971,-32.120000000000346,-32.120000000000346,0.0,0.0,2025-07-22 16:30:00+00:00,2025-07-23 19:15:00+00:00,1192.0,81166
4156,research_grade_oos,no_c1,35.36999999999989,-38.49000000000024,-38.49000000000024,0.0,0.0,2025-07-22 17:30:00+00:00,2025-07-23 19:15:00+00:00,1192.0,81166
4157,research_grade_oos,no_c1,38.56999999999971,-42.64000000000033,-42.64000000000033,0.0,0.0,2025-07-22 17:45:00+00:00,2025-07-23 19:15:00+00:00,1192.0,81166
4159,research_grade_oos,c1_triggered,13.260000000000218,-14.5300000000002,-17.940000000000964,-3.410000000000764,-0.25716440422328113,2025-07-23 12:15:00+00:00,2025-07-23 16:00:00+00:00,1193.0,81170
4160,research_grade_oos,c1_triggered,14.490000000000236,-16.090000000000146,-19.50000000000091,-3.410000000000764,-0.23533471359563204,2025-07-23 12:30:00+00:00,2025-07-23 16:00:00+00:00,1193.0,81170
4164,research_grade_oos,no_c1,13.099999999999909,-16.190000000000964,-16.190000000000964,0.0,0.0,2025-08-04 09:00:00+00:00,2025-08-11 17:30:00+00:00,1194.0,81217
4165,research_grade_oos,no_c1,10.860000000000127,-15.280000000000655,-15.280000000000655,0.0,0.0,2025-08-04 13:15:00+00:00,2025-08-11 15:15:00+00:00,1195.0,81218
4166,research_grade_oos,no_c1,12.809999999999945,-18.94000000000051,-18.94000000000051,0.0,0.0,2025-08-04 13:30:00+00:00,2025-08-11 15:15:00+00:00,1195.0,81218
4167,research_grade_oos,no_c1,16.570000000000164,-21.610000000000127,-21.610000000000127,0.0,0.0,2025-08-04 14:00:00+00:00,2025-08-11 15:15:00+00:00,1195.0,81218
4168,research_grade_oos,no_c1,18.579999999999927,-21.29000000000042,-21.29000000000042,0.0,0.0,2025-08-04 15:15:00+00:00,2025-08-05 13:15:00+00:00,1196.0,81218
4169,research_grade_oos,no_c1,20.590000000000146,-24.000000000000455,-24.000000000000455,0.0,0.0,2025-08-04 15:30:00+00:00,2025-08-05 13:15:00+00:00,1196.0,81218
4170,research_grade_oos,no_c1,25.110000000000127,-31.8100000000004,-31.8100000000004,0.0,0.0,2025-08-04 16:00:00+00:00,2025-08-05 13:15:00+00:00,1196.0,81218
4171,research_grade_oos,no_c1,7.579999999999927,-10.300000000000182,-10.300000000000182,0.0,0.0,2025-08-05 01:15:00+00:00,2025-08-05 07:00:00+00:00,1197.0,81220
4172,research_grade_oos,no_c1,23.61999999999989,-28.060000000000855,-28.060000000000855,0.0,0.0,2025-08-05 15:45:00+00:00,2025-08-11 15:15:00+00:00,1195.0,81222
4173,research_grade_oos,no_c1,32.429999999999836,-35.36000000000013,-35.36000000000013,0.0,0.0,2025-08-05 16:45:00+00:00,2025-08-11 15:15:00+00:00,1195.0,81222
4174,research_grade_oos,no_c1,38.15000000000009,-40.80000000000064,-40.80000000000064,0.0,0.0,2025-08-05 18:00:00+00:00,2025-08-11 15:15:00+00:00,1195.0,81223
4175,research_grade_oos,no_c1,5.0300000000002,-5.6500000000010004,-5.6500000000010004,0.0,0.0,2025-08-06 02:00:00+00:00,2025-08-06 03:00:00+00:00,1198.0,81224
4176,research_grade_oos,no_c1,5.789999999999964,-7.390000000000782,-7.390000000000782,0.0,0.0,2025-08-06 02:30:00+00:00,2025-08-06 03:00:00+00:00,1198.0,81224
4177,research_grade_oos,no_c1,13.240000000000236,-16.190000000000964,-16.190000000000964,0.0,0.0,2025-08-06 16:00:00+00:00,2025-08-11 12:00:00+00:00,1199.0,81226
4178,research_grade_oos,no_c1,15.690000000000055,-20.900000000001,-20.900000000001,0.0,0.0,2025-08-06 17:30:00+00:00,2025-08-11 12:00:00+00:00,1199.0,81226
4179,research_grade_oos,no_c1,18.370000000000346,-21.810000000000855,-21.810000000000855,0.0,0.0,2025-08-06 17:45:00+00:00,2025-08-11 12:00:00+00:00,1199.0,81226
4180,research_grade_oos,no_c1,19.200000000000273,-23.72000000000071,-23.72000000000071,0.0,0.0,2025-08-06 18:00:00+00:00,2025-08-11 12:00:00+00:00,1199.0,81227
4181,research_grade_oos,no_c1,9.889999999999873,-13.880000000000564,-13.880000000000564,0.0,0.0,2025-08-07 04:15:00+00:00,2025-08-11 10:00:00+00:00,1200.0,81228
4182,research_grade_oos,no_c1,11.289999999999964,-15.5600000000004,-15.5600000000004,0.0,0.0,2025-08-07 04:30:00+00:00,2025-08-11 10:00:00+00:00,1200.0,81228
4183,research_grade_oos,no_c1,12.980000000000018,-19.230000000000473,-19.230000000000473,0.0,0.0,2025-08-07 04:45:00+00:00,2025-08-11 10:00:00+00:00,1200.0,81228
4184,research_grade_oos,no_c1,12.25,-19.38000000000102,-19.38000000000102,0.0,0.0,2025-08-07 09:45:00+00:00,2025-08-11 09:15:00+00:00,1201.0,81229
4185,research_grade_oos,no_c1,14.4699999999998,-22.150000000001,-22.150000000001,0.0,0.0,2025-08-07 10:00:00+00:00,2025-08-11 09:15:00+00:00,1201.0,81229
4186,research_grade_oos,no_c1,16.759999999999764,-26.200000000000728,-26.200000000000728,0.0,0.0,2025-08-07 10:30:00+00:00,2025-08-11 09:15:00+00:00,1201.0,81229
4187,research_grade_oos,no_c1,22.13000000000011,-28.760000000001128,-28.760000000001128,0.0,0.0,2025-08-07 10:45:00+00:00,2025-08-11 09:15:00+00:00,1201.0,81229
4188,research_grade_oos,no_c1,18.059999999999945,-24.460000000000946,-24.460000000000946,0.0,0.0,2025-08-07 16:45:00+00:00,2025-08-11 09:15:00+00:00,1201.0,81230
4191,research_grade_oos,no_c1,16.70999999999958,-20.700000000000728,-20.700000000000728,0.0,0.0,2025-08-08 11:00:00+00:00,2025-08-08 14:15:00+00:00,1202.0,81233
4192,research_grade_oos,no_c1,13.5300000000002,-22.554999999999836,-22.554999999999836,0.0,0.0,2025-08-14 03:15:00+00:00,2025-08-14 10:45:00+00:00,1203.0,81256
4193,research_grade_oos,no_c1,18.570000000000164,-27.360000000000127,-27.360000000000127,0.0,0.0,2025-08-14 03:30:00+00:00,2025-08-14 10:45:00+00:00,1203.0,81256
4194,research_grade_oos,no_c1,19.870000000000346,-21.580000000000382,-21.580000000000382,0.0,0.0,2025-08-21 16:30:00+00:00,2025-08-22 15:30:00+00:00,1204.0,81286
4198,research_grade_oos,c1_triggered,8.320000000000164,-10.730000000000928,-9.325000000001182,1.4049999999997453,0.16887019230765837,2025-08-25 09:30:00+00:00,2025-08-26 02:00:00+00:00,1205.0,81301
4199,research_grade_oos,c1_triggered,8.200000000000273,-12.610000000001037,-11.205000000001291,1.4049999999997453,0.17134146341459738,2025-08-25 15:00:00+00:00,2025-08-26 02:00:00+00:00,1205.0,81302
4200,research_grade_oos,c1_triggered,9.590000000000146,-15.800000000001091,-14.395000000001346,1.4049999999997453,0.14650677789361044,2025-08-25 17:15:00+00:00,2025-08-26 02:00:00+00:00,1205.0,81302
4225,research_grade_oos,no_c1,7.0300000000002,-8.870000000000346,-8.870000000000346,0.0,0.0,2025-08-29 11:15:00+00:00,2025-08-29 13:45:00+00:00,1206.0,81317
4254,research_grade_oos,no_c1,13.0,-26.370000000000346,-26.370000000000346,0.0,0.0,2025-09-03 11:30:00+00:00,2025-09-04 06:00:00+00:00,1207.0,81337
4255,research_grade_oos,no_c1,12.730000000000018,-31.670000000000528,-31.670000000000528,0.0,0.0,2025-09-03 14:15:00+00:00,2025-09-04 06:00:00+00:00,1207.0,81338
4256,research_grade_oos,no_c1,18.759999999999764,-34.130000000000564,-34.130000000000564,0.0,0.0,2025-09-03 14:45:00+00:00,2025-09-04 06:00:00+00:00,1207.0,81338
4257,research_grade_oos,c1_triggered,17.26000000000022,-20.35000000000082,-35.60000000000127,-15.250000000000455,-0.8835457705678019,2025-09-03 16:00:00+00:00,2025-09-04 05:45:00+00:00,1208.0,81338
4258,research_grade_oos,c1_triggered,19.110000000000127,-27.070000000001073,-42.32000000000153,-15.250000000000455,-0.7980115122972451,2025-09-03 16:15:00+00:00,2025-09-04 05:45:00+00:00,1208.0,81338
4259,research_grade_oos,c1_triggered,25.050000000000182,-30.040000000000873,-45.29000000000133,-15.250000000000455,-0.6087824351297543,2025-09-03 16:30:00+00:00,2025-09-04 05:45:00+00:00,1208.0,81338
4260,research_grade_oos,c1_triggered,29.0,-33.04000000000087,-48.29000000000133,-15.250000000000455,-0.5258620689655329,2025-09-03 17:30:00+00:00,2025-09-04 05:45:00+00:00,1208.0,81338
4261,research_grade_oos,c1_triggered,26.06999999999971,-30.540000000000873,-15.360000000001946,15.179999999998927,0.5822784810126236,2025-09-03 19:30:00+00:00,2025-09-04 05:30:00+00:00,1209.0,81339
4281,research_grade_oos,no_c1,13.509999999999764,-19.300000000000182,-19.300000000000182,0.0,0.0,2025-09-09 04:30:00+00:00,2025-09-09 23:45:00+00:00,1210.0,81360
4282,research_grade_oos,no_c1,19.199999999999818,-25.840000000000146,-25.840000000000146,0.0,0.0,2025-09-09 05:15:00+00:00,2025-09-09 23:45:00+00:00,1210.0,81360
4283,research_grade_oos,no_c1,25.11999999999989,-28.61999999999989,-28.61999999999989,0.0,0.0,2025-09-09 05:30:00+00:00,2025-09-09 23:45:00+00:00,1210.0,81360
4284,research_grade_oos,no_c1,24.45999999999958,-25.789999999999964,-25.789999999999964,0.0,0.0,2025-09-09 07:45:00+00:00,2025-09-09 22:45:00+00:00,1211.0,81361
4285,research_grade_oos,no_c1,14.480000000000018,-25.870000000000346,-25.870000000000346,0.0,0.0,2025-09-09 16:30:00+00:00,2025-09-09 18:00:00+00:00,1212.0,81362
4286,research_grade_oos,no_c1,18.059999999999945,-28.710000000000036,-28.710000000000036,0.0,0.0,2025-09-09 16:45:00+00:00,2025-09-09 18:00:00+00:00,1212.0,81362
4287,research_grade_oos,c1_triggered,20.320000000000164,-22.894999999999982,-25.707499999999982,-2.8125,-0.13841043307086504,2025-09-10 07:15:00+00:00,2025-09-11 12:00:00+00:00,1213.0,81365
4288,research_grade_oos,c1_triggered,24.90000000000009,-27.94499999999971,-30.75749999999971,-2.8125,-0.11295180722891525,2025-09-10 09:15:00+00:00,2025-09-11 12:00:00+00:00,1213.0,81365
4289,research_grade_oos,rollover_ineligible,8.5,-11.86999999999989,-11.86999999999989,0.0,0.0,2025-09-10 12:45:00+00:00,2025-09-10 22:15:00+00:00,1214.0,81366
4290,research_grade_oos,rollover_ineligible,11.220000000000255,-16.0,-16.0,0.0,0.0,2025-09-10 13:00:00+00:00,2025-09-10 22:15:00+00:00,1214.0,81366
4291,research_grade_oos,no_c1,12.390000000000327,-14.66000000000031,-14.66000000000031,0.0,0.0,2025-09-11 04:30:00+00:00,2025-09-11 06:00:00+00:00,1215.0,81368
4292,research_grade_oos,no_c1,7.710000000000036,-14.61999999999989,-14.61999999999989,0.0,0.0,2025-09-12 04:15:00+00:00,2025-09-15 04:00:00+00:00,1216.0,81372
4293,research_grade_oos,no_c1,13.36999999999989,-17.672500000000582,-17.672500000000582,0.0,0.0,2025-09-12 04:45:00+00:00,2025-09-15 04:00:00+00:00,1216.0,81372
4294,research_grade_oos,no_c1,19.289999999999964,-21.730000000000018,-21.730000000000018,0.0,0.0,2025-09-12 05:30:00+00:00,2025-09-15 04:00:00+00:00,1216.0,81372
4295,research_grade_oos,no_c1,21.920000000000073,-24.710000000000036,-24.710000000000036,0.0,0.0,2025-09-12 07:00:00+00:00,2025-09-15 04:00:00+00:00,1216.0,81373
4296,research_grade_oos,no_c1,23.75,-26.59750000000031,-26.59750000000031,0.0,0.0,2025-09-12 07:30:00+00:00,2025-09-15 04:00:00+00:00,1216.0,81373
4298,research_grade_oos,no_c1,10.989999999999782,-20.560000000000855,-20.560000000000855,0.0,0.0,2025-09-15 16:00:00+00:00,2025-09-18 16:30:00+00:00,1217.0,81386
4299,research_grade_oos,no_c1,15.36999999999989,-24.049999999999727,-24.049999999999727,0.0,0.0,2025-09-15 16:30:00+00:00,2025-09-18 16:30:00+00:00,1217.0,81386
4300,research_grade_oos,no_c1,18.15000000000009,-33.17000000000007,-33.17000000000007,0.0,0.0,2025-09-15 16:45:00+00:00,2025-09-18 16:30:00+00:00,1217.0,81386
4301,research_grade_oos,no_c1,27.449999999999818,-35.13999999999987,-35.13999999999987,0.0,0.0,2025-09-15 18:15:00+00:00,2025-09-18 16:30:00+00:00,1217.0,81387
4302,research_grade_oos,no_c1,28.899999999999636,-37.61000000000013,-37.61000000000013,0.0,0.0,2025-09-15 18:30:00+00:00,2025-09-18 16:30:00+00:00,1217.0,81387
4303,research_grade_oos,no_c1,30.960000000000036,-38.710000000000036,-38.710000000000036,0.0,0.0,2025-09-15 18:45:00+00:00,2025-09-18 16:30:00+00:00,1217.0,81387
4304,research_grade_oos,no_c1,32.25,-50.810000000000855,-50.810000000000855,0.0,0.0,2025-09-15 19:00:00+00:00,2025-09-18 16:30:00+00:00,1217.0,81387
4305,research_grade_oos,no_c1,45.460000000000036,-54.44999999999982,-54.44999999999982,0.0,0.0,2025-09-15 19:30:00+00:00,2025-09-18 16:30:00+00:00,1217.0,81387
4306,research_grade_oos,no_c1,6.889999999999873,-8.262499999999818,-8.262499999999818,0.0,0.0,2025-09-16 03:30:00+00:00,2025-09-17 09:00:00+00:00,1218.0,81388
4307,research_grade_oos,no_c1,9.329999999999927,-11.127500000000055,-11.127500000000055,0.0,0.0,2025-09-16 04:00:00+00:00,2025-09-17 09:00:00+00:00,1218.0,81388
4308,research_grade_oos,no_c1,12.309999999999945,-18.820000000000164,-18.820000000000164,0.0,0.0,2025-09-16 09:45:00+00:00,2025-09-17 09:30:00+00:00,1219.0,81389
4309,research_grade_oos,no_c1,15.239999999999782,-21.9699999999998,-21.9699999999998,0.0,0.0,2025-09-16 10:00:00+00:00,2025-09-17 09:30:00+00:00,1219.0,81389
4310,research_grade_oos,no_c1,17.15000000000009,-20.537500000000364,-20.537500000000364,0.0,0.0,2025-09-16 11:15:00+00:00,2025-09-17 09:00:00+00:00,1218.0,81389
4311,research_grade_oos,no_c1,17.730000000000018,-21.0300000000002,-21.0300000000002,0.0,0.0,2025-09-16 13:00:00+00:00,2025-09-17 04:30:00+00:00,1220.0,81390
4312,research_grade_oos,no_c1,14.230000000000018,-19.7199999999998,-19.7199999999998,0.0,0.0,2025-09-16 17:15:00+00:00,2025-09-16 18:30:00+00:00,1221.0,81390
4315,research_grade_oos,c1_triggered,7.4699999999998,-8.740000000000236,-10.790000000000418,-2.050000000000182,-0.2744310575636194,2025-09-17 02:15:00+00:00,2025-09-17 04:15:00+00:00,1222.0,81392
4316,research_grade_oos,no_c1,11.960000000000036,-24.309999999999945,-24.309999999999945,0.0,0.0,2025-09-17 15:45:00+00:00,2025-09-17 21:45:00+00:00,1223.0,81394
4317,research_grade_oos,no_c1,15.200000000000273,-28.590000000001055,-28.590000000001055,0.0,0.0,2025-09-17 16:00:00+00:00,2025-09-17 21:45:00+00:00,1223.0,81394
4318,research_grade_oos,no_c1,22.610000000000127,-33.90000000000009,-33.90000000000009,0.0,0.0,2025-09-17 17:15:00+00:00,2025-09-17 21:45:00+00:00,1223.0,81394
4319,research_grade_oos,no_c1,25.210000000000036,-35.090000000001055,-35.090000000001055,0.0,0.0,2025-09-17 17:45:00+00:00,2025-09-17 21:45:00+00:00,1223.0,81394
4320,research_grade_oos,no_c1,24.7800000000002,-37.77249999999958,-37.77249999999958,0.0,0.0,2025-09-17 19:30:00+00:00,2025-09-17 21:45:00+00:00,1223.0,81395
4343,research_grade_oos,no_c1,12.440000000000055,-19.230000000000018,-19.230000000000018,0.0,0.0,2025-09-23 04:15:00+00:00,2025-09-24 19:45:00+00:00,1224.0,81416
4344,research_grade_oos,no_c1,19.579999999999927,-20.620000000001255,-20.620000000001255,0.0,0.0,2025-09-23 11:30:00+00:00,2025-09-24 19:30:00+00:00,1225.0,81417
4345,research_grade_oos,no_c1,17.800000000000182,-29.329999999999927,-29.329999999999927,0.0,0.0,2025-09-23 11:45:00+00:00,2025-09-24 18:45:00+00:00,1226.0,81417
4346,research_grade_oos,no_c1,27.050000000000182,-33.76000000000022,-33.76000000000022,0.0,0.0,2025-09-23 12:00:00+00:00,2025-09-24 18:45:00+00:00,1226.0,81418
4347,research_grade_oos,no_c1,31.909999999999854,-43.51999999999998,-43.51999999999998,0.0,0.0,2025-09-23 12:15:00+00:00,2025-09-24 18:45:00+00:00,1226.0,81418
4348,research_grade_oos,no_c1,41.82999999999993,-46.09999999999991,-46.09999999999991,0.0,0.0,2025-09-23 12:30:00+00:00,2025-09-24 18:45:00+00:00,1226.0,81418
4349,research_grade_oos,c1_triggered,21.110000000000127,-27.04000000000042,-27.29000000000042,-0.25,-0.011842728564661226,2025-09-24 08:30:00+00:00,2025-09-24 18:30:00+00:00,1227.0,81421
4350,research_grade_oos,c1_triggered,22.76000000000022,-29.40000000000009,-29.65000000000009,-0.25,-0.0109841827768013,2025-09-24 08:45:00+00:00,2025-09-24 18:30:00+00:00,1227.0,81421
4351,research_grade_oos,c1_triggered,26.309999999999945,-32.340000000000146,-32.590000000000146,-0.25,-0.009502090459901198,2025-09-24 10:45:00+00:00,2025-09-24 18:30:00+00:00,1227.0,81421
4364,research_grade_oos,no_c1,14.769999999999982,-24.710000000000946,-24.710000000000946,0.0,0.0,2025-09-29 14:30:00+00:00,2025-09-30 12:00:00+00:00,1228.0,81442
4365,research_grade_oos,no_c1,19.590000000000146,-28.38000000000011,-28.38000000000011,0.0,0.0,2025-09-29 14:45:00+00:00,2025-09-30 12:00:00+00:00,1228.0,81442
4366,research_grade_oos,no_c1,11.609999999999673,-23.200000000000273,-23.200000000000273,0.0,0.0,2025-09-30 03:15:00+00:00,2025-09-30 11:30:00+00:00,1229.0,81444
4367,research_grade_oos,no_c1,18.139999999999873,-27.300000000000182,-27.300000000000182,0.0,0.0,2025-09-30 04:15:00+00:00,2025-09-30 11:30:00+00:00,1229.0,81444
4368,research_grade_oos,c1_triggered,18.919999999999618,-21.09999999999991,-22.269999999999982,-1.1700000000000728,-0.06183932346723554,2025-09-30 04:30:00+00:00,2025-09-30 11:15:00+00:00,1230.0,81444
4369,research_grade_oos,c1_triggered,22.210000000000036,-25.25000000000091,-26.420000000000982,-1.1700000000000728,-0.052678973435392656,2025-09-30 04:45:00+00:00,2025-09-30 11:15:00+00:00,1230.0,81444
4370,research_grade_oos,c1_triggered,26.289999999999964,-30.52000000000089,-31.690000000000964,-1.1700000000000728,-0.044503613541273274,2025-09-30 06:15:00+00:00,2025-09-30 11:15:00+00:00,1230.0,81445
4371,research_grade_oos,c1_triggered,28.889999999999873,-35.17000000000007,-36.340000000000146,-1.1700000000000728,-0.04049844236760394,2025-09-30 06:30:00+00:00,2025-09-30 11:15:00+00:00,1230.0,81445
4372,research_grade_oos,c1_triggered,32.38000000000011,-40.779999999999745,-41.94999999999982,-1.1700000000000728,-0.03613341568869885,2025-09-30 06:45:00+00:00,2025-09-30 11:15:00+00:00,1230.0,81445
4378,research_grade_oos,no_c1,21.679999999999836,-24.16000000000031,-24.16000000000031,0.0,0.0,2025-10-01 02:15:00+00:00,2025-10-02 17:30:00+00:00,1231.0,81448
4379,research_grade_oos,no_c1,22.579999999999927,-25.192499999999654,-25.192499999999654,0.0,0.0,2025-10-01 03:00:00+00:00,2025-10-02 17:30:00+00:00,1231.0,81448
4380,research_grade_oos,no_c1,23.269999999999982,-27.434999999999945,-27.434999999999945,0.0,0.0,2025-10-01 03:15:00+00:00,2025-10-02 17:30:00+00:00,1231.0,81448
4381,research_grade_oos,no_c1,14.61999999999989,-28.327500000000327,-28.327500000000327,0.0,0.0,2025-10-01 04:45:00+00:00,2025-10-02 17:30:00+00:00,1231.0,81448
4382,research_grade_oos,no_c1,15.58999999999969,-31.200000000000273,-31.200000000000273,0.0,0.0,2025-10-01 05:00:00+00:00,2025-10-02 17:30:00+00:00,1231.0,81448
4383,research_grade_oos,no_c1,17.289999999999964,-32.940000000000055,-32.940000000000055,0.0,0.0,2025-10-01 10:30:00+00:00,2025-10-02 17:30:00+00:00,1231.0,81449
4384,research_grade_oos,no_c1,20.68000000000029,-41.65000000000009,-41.65000000000009,0.0,0.0,2025-10-01 11:00:00+00:00,2025-10-02 17:30:00+00:00,1231.0,81449
4385,research_grade_oos,no_c1,26.269999999999982,-50.34999999999991,-50.34999999999991,0.0,0.0,2025-10-01 11:15:00+00:00,2025-10-02 17:30:00+00:00,1231.0,81449
4386,research_grade_oos,no_c1,35.76000000000022,-54.05000000000109,-54.05000000000109,0.0,0.0,2025-10-01 11:30:00+00:00,2025-10-02 17:30:00+00:00,1231.0,81449
4387,research_grade_oos,no_c1,16.61999999999989,-31.960000000000036,-31.960000000000036,0.0,0.0,2025-10-02 05:15:00+00:00,2025-10-02 17:30:00+00:00,1231.0,81452
4388,research_grade_oos,no_c1,18.309999999999945,-34.10750000000007,-34.10750000000007,0.0,0.0,2025-10-02 09:15:00+00:00,2025-10-02 17:30:00+00:00,1231.0,81453
4389,research_grade_oos,no_c1,13.140000000000327,-37.960000000000036,-37.960000000000036,0.0,0.0,2025-10-02 11:45:00+00:00,2025-10-02 17:30:00+00:00,1231.0,81453
4390,research_grade_oos,no_c1,18.570000000000164,-44.62750000000051,-44.62750000000051,0.0,0.0,2025-10-02 13:30:00+00:00,2025-10-02 17:30:00+00:00,1231.0,81454
4391,research_grade_oos,no_c1,24.100000000000364,-48.57999999999993,-48.57999999999993,0.0,0.0,2025-10-02 15:00:00+00:00,2025-10-02 17:30:00+00:00,1231.0,81454
4392,research_grade_oos,c1_triggered,25.769999999999982,-30.5600000000004,-32.680000000000746,-2.1200000000003456,-0.08226620100893857,2025-10-02 16:30:00+00:00,2025-10-02 17:15:00+00:00,1232.0,81454
4393,research_grade_oos,no_c1,18.769999999999982,-22.524999999999636,-22.524999999999636,0.0,0.0,2025-10-03 02:45:00+00:00,2025-10-03 06:15:00+00:00,1233.0,81456
4420,research_grade_oos,no_c1,24.570000000000164,-37.039999999999964,-37.039999999999964,0.0,0.0,2025-10-08 01:15:00+00:00,2025-10-09 20:00:00+00:00,1234.0,81476
4421,research_grade_oos,no_c1,25.009999999999764,-38.88000000000011,-38.88000000000011,0.0,0.0,2025-10-08 01:30:00+00:00,2025-10-09 20:00:00+00:00,1234.0,81476
4422,research_grade_oos,rollover_ineligible,18.11999999999989,-25.78250000000071,-25.78250000000071,0.0,0.0,2025-10-08 03:00:00+00:00,2025-10-09 19:45:00+00:00,1235.0,81476
4423,research_grade_oos,rollover_ineligible,21.909999999999854,-28.16000000000031,-28.16000000000031,0.0,0.0,2025-10-08 03:15:00+00:00,2025-10-09 19:45:00+00:00,1235.0,81476
4424,research_grade_oos,rollover_ineligible,19.079999999999927,-29.870000000000346,-29.870000000000346,0.0,0.0,2025-10-08 03:30:00+00:00,2025-10-09 19:45:00+00:00,1235.0,81476
4425,research_grade_oos,rollover_ineligible,20.159999999999854,-32.01000000000113,-32.01000000000113,0.0,0.0,2025-10-08 05:00:00+00:00,2025-10-09 19:45:00+00:00,1235.0,81476
4426,research_grade_oos,rollover_ineligible,20.4699999999998,-36.08000000000038,-36.08000000000038,0.0,0.0,2025-10-08 05:15:00+00:00,2025-10-09 19:45:00+00:00,1235.0,81476
4427,research_grade_oos,rollover_ineligible,24.230000000000018,-38.05000000000018,-38.05000000000018,0.0,0.0,2025-10-08 05:45:00+00:00,2025-10-09 19:45:00+00:00,1235.0,81476
4428,research_grade_oos,rollover_ineligible,23.829999999999927,-43.070000000000164,-43.070000000000164,0.0,0.0,2025-10-08 06:00:00+00:00,2025-10-09 19:45:00+00:00,1235.0,81477
4429,research_grade_oos,rollover_ineligible,28.329999999999927,-44.76999999999998,-44.76999999999998,0.0,0.0,2025-10-08 06:15:00+00:00,2025-10-09 19:45:00+00:00,1235.0,81477
4430,research_grade_oos,rollover_ineligible,32.070000000000164,-51.090000000000146,-51.090000000000146,0.0,0.0,2025-10-08 07:15:00+00:00,2025-10-09 19:45:00+00:00,1235.0,81477
4431,research_grade_oos,rollover_ineligible,36.99000000000024,-58.04000000000042,-58.04000000000042,0.0,0.0,2025-10-08 08:00:00+00:00,2025-10-09 19:45:00+00:00,1235.0,81477
4432,research_grade_oos,rollover_ineligible,42.7800000000002,-61.01999999999998,-61.01999999999998,0.0,0.0,2025-10-08 08:15:00+00:00,2025-10-09 19:45:00+00:00,1235.0,81477
4433,research_grade_oos,rollover_ineligible,45.320000000000164,-64.85000000000036,-64.85000000000036,0.0,0.0,2025-10-08 08:30:00+00:00,2025-10-09 19:45:00+00:00,1235.0,81477
4434,research_grade_oos,c1_triggered,21.76000000000022,-35.76000000000022,-37.36000000000013,-1.599999999999909,-0.07352941176470096,2025-10-08 13:00:00+00:00,2025-10-09 02:15:00+00:00,1236.0,81478
4435,research_grade_oos,no_c1,24.300000000000182,-33.13000000000011,-33.13000000000011,0.0,0.0,2025-10-08 19:15:00+00:00,2025-10-09 01:30:00+00:00,1237.0,81479
4437,research_grade_oos,rollover_ineligible,35.0,-52.29499999999962,-52.29499999999962,0.0,0.0,2025-10-09 07:30:00+00:00,2025-10-09 19:30:00+00:00,1238.0,81481
4438,research_grade_oos,no_c1,19.429999999999836,-26.890000000000327,-26.890000000000327,0.0,0.0,2025-10-09 14:00:00+00:00,2025-10-09 16:45:00+00:00,1239.0,81482
4439,research_grade_oos,no_c1,18.029999999999745,-36.23000000000002,-36.23000000000002,0.0,0.0,2025-10-09 16:00:00+00:00,2025-10-09 16:45:00+00:00,1239.0,81482
4440,research_grade_oos,no_c1,23.450000000000273,-38.42000000000007,-38.42000000000007,0.0,0.0,2025-10-09 16:15:00+00:00,2025-10-09 16:45:00+00:00,1239.0,81482
4441,research_grade_oos,no_c1,46.11000000000013,-50.38499999999976,-50.38499999999976,0.0,0.0,2025-10-13 01:15:00+00:00,2025-10-28 07:15:00+00:00,1240.0,81496
4442,research_grade_oos,no_c1,55.090000000000146,-69.37000000000035,-69.37000000000035,0.0,0.0,2025-10-13 01:30:00+00:00,2025-10-28 07:15:00+00:00,1240.0,81496
4443,research_grade_oos,no_c1,69.95000000000027,-77.19249999999965,-77.19249999999965,0.0,0.0,2025-10-13 02:15:00+00:00,2025-10-28 07:15:00+00:00,1240.0,81496
4444,research_grade_oos,no_c1,34.98000000000002,-42.76999999999998,-42.76999999999998,0.0,0.0,2025-10-13 08:15:00+00:00,2025-10-22 14:15:00+00:00,1241.0,81497
4445,research_grade_oos,no_c1,41.190000000000055,-50.840000000000146,-50.840000000000146,0.0,0.0,2025-10-13 08:30:00+00:00,2025-10-22 14:15:00+00:00,1241.0,81497
4446,research_grade_oos,no_c1,38.159999999999854,-43.029999999999745,-43.029999999999745,0.0,0.0,2025-10-13 08:45:00+00:00,2025-10-22 13:45:00+00:00,1242.0,81497
4447,research_grade_oos,no_c1,20.36999999999989,-44.15000000000009,-44.15000000000009,0.0,0.0,2025-10-13 14:00:00+00:00,2025-10-22 03:00:00+00:00,1243.0,81498
4448,research_grade_oos,no_c1,16.940000000000055,-51.100000000000364,-51.100000000000364,0.0,0.0,2025-10-13 16:15:00+00:00,2025-10-22 03:00:00+00:00,1243.0,81498
4449,research_grade_oos,no_c1,19.039999999999964,-55.059999999999945,-55.059999999999945,0.0,0.0,2025-10-13 16:30:00+00:00,2025-10-22 03:00:00+00:00,1243.0,81498
4450,research_grade_oos,no_c1,23.09999999999991,-57.40000000000009,-57.40000000000009,0.0,0.0,2025-10-13 17:00:00+00:00,2025-10-22 03:00:00+00:00,1243.0,81498
4451,research_grade_oos,no_c1,26.619999999999436,-60.55000000000064,-60.55000000000064,0.0,0.0,2025-10-13 17:45:00+00:00,2025-10-22 03:00:00+00:00,1243.0,81498
4452,research_grade_oos,no_c1,30.580000000000382,-68.5300000000002,-68.5300000000002,0.0,0.0,2025-10-13 19:00:00+00:00,2025-10-22 03:00:00+00:00,1243.0,81499
4453,research_grade_oos,no_c1,34.09999999999991,-79.22000000000071,-79.22000000000071,0.0,0.0,2025-10-13 19:15:00+00:00,2025-10-22 03:00:00+00:00,1243.0,81499
4454,research_grade_oos,no_c1,26.030000000000655,-91.90000000000009,-91.90000000000009,0.0,0.0,2025-10-14 02:45:00+00:00,2025-10-22 03:00:00+00:00,1243.0,81500
4455,research_grade_oos,no_c1,41.150000000000546,-103.96000000000049,-103.96000000000049,0.0,0.0,2025-10-14 04:15:00+00:00,2025-10-22 03:00:00+00:00,1243.0,81500
4456,research_grade_oos,no_c1,43.3700000000008,-49.67000000000098,-49.67000000000098,0.0,0.0,2025-10-14 04:30:00+00:00,2025-10-21 20:15:00+00:00,1244.0,81500
4457,research_grade_oos,no_c1,43.279999999999745,-56.425000000002,-56.425000000002,0.0,0.0,2025-10-14 06:15:00+00:00,2025-10-14 09:30:00+00:00,1245.0,81501
4458,research_grade_oos,no_c1,48.72999999999956,-60.900000000001455,-60.900000000001455,0.0,0.0,2025-10-14 06:30:00+00:00,2025-10-14 09:30:00+00:00,1245.0,81501
4459,research_grade_oos,no_c1,53.0,-63.900000000001455,-63.900000000001455,0.0,0.0,2025-10-14 06:45:00+00:00,2025-10-14 09:30:00+00:00,1245.0,81501
4460,research_grade_oos,no_c1,53.5,-56.45000000000073,-56.45000000000073,0.0,0.0,2025-10-14 07:15:00+00:00,2025-10-14 09:00:00+00:00,1246.0,81501
4461,research_grade_oos,no_c1,50.38999999999942,-65.77000000000044,-65.77000000000044,0.0,0.0,2025-10-14 08:15:00+00:00,2025-10-14 09:00:00+00:00,1246.0,81501
4462,research_grade_oos,no_c1,57.55999999999949,-68.48000000000047,-68.48000000000047,0.0,0.0,2025-10-14 08:30:00+00:00,2025-10-14 09:00:00+00:00,1246.0,81501
4464,research_grade_oos,no_c1,27.400000000000546,-59.67000000000007,-59.67000000000007,0.0,0.0,2025-10-15 01:15:00+00:00,2025-10-21 17:30:00+00:00,1247.0,81504
4465,research_grade_oos,no_c1,29.029999999999745,-62.590000000000146,-62.590000000000146,0.0,0.0,2025-10-15 02:30:00+00:00,2025-10-21 17:30:00+00:00,1247.0,81504
4466,research_grade_oos,no_c1,29.609999999999673,-64.3100000000004,-64.3100000000004,0.0,0.0,2025-10-15 02:45:00+00:00,2025-10-21 17:30:00+00:00,1247.0,81504
4467,research_grade_oos,no_c1,32.60999999999967,-67.49000000000069,-67.49000000000069,0.0,0.0,2025-10-15 03:15:00+00:00,2025-10-21 17:30:00+00:00,1247.0,81504
4468,research_grade_oos,no_c1,35.099999999999454,-77.97000000000025,-77.97000000000025,0.0,0.0,2025-10-15 04:15:00+00:00,2025-10-21 17:30:00+00:00,1247.0,81504
4469,research_grade_oos,no_c1,50.539999999999964,-84.45000000000073,-84.45000000000073,0.0,0.0,2025-10-15 04:30:00+00:00,2025-10-21 17:30:00+00:00,1247.0,81504
4470,research_grade_oos,c1_triggered,32.85999999999967,-50.13749999999982,-87.66750000000047,-37.530000000000655,-1.1421180766890149,2025-10-15 07:00:00+00:00,2025-10-21 17:15:00+00:00,1248.0,81505
4471,research_grade_oos,c1_triggered,36.98999999999978,-55.710000000000946,-93.2400000000016,-37.530000000000655,-1.0145985401460091,2025-10-15 08:30:00+00:00,2025-10-21 17:15:00+00:00,1248.0,81505
4472,research_grade_oos,c1_triggered,26.48999999999978,-57.04000000000087,-94.57000000000153,-37.530000000000655,-1.416761041902641,2025-10-15 09:45:00+00:00,2025-10-21 17:15:00+00:00,1248.0,81505
4473,research_grade_oos,c1_triggered,27.26000000000022,-62.27000000000044,-99.80000000000109,-37.530000000000655,-1.3767424798239307,2025-10-15 10:00:00+00:00,2025-10-21 17:15:00+00:00,1248.0,81505
4474,research_grade_oos,c1_triggered,33.51000000000022,-67.88000000000102,-105.41000000000167,-37.530000000000655,-1.1199641897941035,2025-10-15 10:45:00+00:00,2025-10-21 17:15:00+00:00,1248.0,81505
4475,research_grade_oos,c1_triggered,36.48999999999978,-75.94000000000051,-113.47000000000116,-37.530000000000655,-1.0285009591669192,2025-10-15 11:15:00+00:00,2025-10-21 17:15:00+00:00,1248.0,81505
4476,research_grade_oos,no_c1,31.020000000000437,-42.099999999999454,-42.099999999999454,0.0,0.0,2025-10-16 01:45:00+00:00,2025-10-21 16:45:00+00:00,1249.0,81508
4477,research_grade_oos,no_c1,20.63000000000011,-49.89000000000033,-49.89000000000033,0.0,0.0,2025-10-16 03:30:00+00:00,2025-10-21 16:45:00+00:00,1249.0,81508
4478,research_grade_oos,no_c1,28.329999999999927,-34.13000000000011,-34.13000000000011,0.0,0.0,2025-10-16 04:45:00+00:00,2025-10-21 16:00:00+00:00,1250.0,81508
4479,research_grade_oos,no_c1,33.30000000000018,-37.720000000000255,-37.720000000000255,0.0,0.0,2025-10-16 05:15:00+00:00,2025-10-21 16:00:00+00:00,1250.0,81508
4480,research_grade_oos,no_c1,35.01000000000022,-39.11000000000058,-39.11000000000058,0.0,0.0,2025-10-16 05:45:00+00:00,2025-10-21 16:00:00+00:00,1250.0,81508
4481,research_grade_oos,no_c1,36.55000000000018,-42.51000000000022,-42.51000000000022,0.0,0.0,2025-10-16 06:00:00+00:00,2025-10-21 16:00:00+00:00,1250.0,81509
4482,research_grade_oos,no_c1,32.399999999999636,-38.17000000000098,-38.17000000000098,0.0,0.0,2025-10-16 13:00:00+00:00,2025-10-17 20:15:00+00:00,1251.0,81510
4483,research_grade_oos,no_c1,28.960000000000036,-34.67000000000098,-34.67000000000098,0.0,0.0,2025-10-16 16:30:00+00:00,2025-10-17 17:00:00+00:00,1252.0,81510
4484,research_grade_oos,no_c1,36.63999999999942,-48.470000000000255,-48.470000000000255,0.0,0.0,2025-10-16 17:15:00+00:00,2025-10-17 17:00:00+00:00,1252.0,81510
4485,research_grade_oos,no_c1,39.75,-52.76000000000022,-52.76000000000022,0.0,0.0,2025-10-16 18:15:00+00:00,2025-10-17 17:00:00+00:00,1252.0,81511
4486,research_grade_oos,no_c1,43.960000000000036,-54.94000000000051,-54.94000000000051,0.0,0.0,2025-10-16 18:30:00+00:00,2025-10-17 17:00:00+00:00,1252.0,81511
4487,research_grade_oos,no_c1,45.36000000000058,-57.00000000000091,-57.00000000000091,0.0,0.0,2025-10-16 19:00:00+00:00,2025-10-17 17:00:00+00:00,1252.0,81511
4488,research_grade_oos,no_c1,48.220000000000255,-61.74000000000069,-61.74000000000069,0.0,0.0,2025-10-16 19:15:00+00:00,2025-10-17 17:00:00+00:00,1252.0,81511
4489,research_grade_oos,no_c1,52.30000000000018,-72.73000000000047,-72.73000000000047,0.0,0.0,2025-10-16 19:30:00+00:00,2025-10-17 17:00:00+00:00,1252.0,81511
4493,research_grade_oos,no_c1,69.25,-133.10000000000036,-133.10000000000036,0.0,0.0,2025-10-17 01:15:00+00:00,2025-10-17 17:00:00+00:00,1252.0,81512
4494,research_grade_oos,no_c1,98.68000000000029,-150.07000000000062,-150.07000000000062,0.0,0.0,2025-10-17 01:30:00+00:00,2025-10-17 17:00:00+00:00,1252.0,81512
4495,research_grade_oos,no_c1,35.68000000000029,-54.18000000000029,-54.18000000000029,0.0,0.0,2025-10-20 15:00:00+00:00,2025-10-21 15:00:00+00:00,1253.0,81526
4496,research_grade_oos,no_c1,37.529999999999745,-49.520000000001346,-49.520000000001346,0.0,0.0,2025-10-20 15:30:00+00:00,2025-10-21 11:00:00+00:00,1254.0,81526
4497,research_grade_oos,no_c1,53.48999999999978,-75.78000000000156,-75.78000000000156,0.0,0.0,2025-10-20 15:45:00+00:00,2025-10-21 11:00:00+00:00,1254.0,81526
4498,research_grade_oos,no_c1,88.59999999999945,-101.91000000000076,-101.91000000000076,0.0,0.0,2025-10-20 18:15:00+00:00,2025-10-21 11:00:00+00:00,1254.0,81527
4504,research_grade_oos,no_c1,32.76999999999998,-44.0600000000004,-44.0600000000004,0.0,0.0,2025-10-31 02:00:00+00:00,2025-10-31 06:00:00+00:00,1255.0,81568
4505,research_grade_oos,no_c1,28.740000000000236,-44.25999999999976,-44.25999999999976,0.0,0.0,2025-10-31 10:30:00+00:00,2025-10-31 19:00:00+00:00,1256.0,81569
4506,research_grade_oos,no_c1,27.929999999999836,-50.63000000000011,-50.63000000000011,0.0,0.0,2025-10-31 15:45:00+00:00,2025-10-31 19:00:00+00:00,1256.0,81570
4507,research_grade_oos,c1_triggered,43.9699999999998,-56.840000000000146,-83.37000000000035,-26.5300000000002,-0.6033659313168143,2025-11-03 05:15:00+00:00,2025-11-04 16:15:00+00:00,1257.0,81580
4508,research_grade_oos,no_c1,25.820000000000164,-28.690000000000055,-28.690000000000055,0.0,0.0,2025-11-03 10:00:00+00:00,2025-11-03 11:30:00+00:00,1258.0,81581
4509,research_grade_oos,no_c1,27.699999999999818,-44.559999999999945,-44.559999999999945,0.0,0.0,2025-11-03 17:00:00+00:00,2025-11-04 02:30:00+00:00,1259.0,81582
4510,research_grade_oos,no_c1,31.61999999999989,-46.679999999999836,-46.679999999999836,0.0,0.0,2025-11-03 17:15:00+00:00,2025-11-04 02:30:00+00:00,1259.0,81582
4511,research_grade_oos,no_c1,19.5,-22.15000000000009,-22.15000000000009,0.0,0.0,2025-11-06 09:00:00+00:00,2025-11-06 19:15:00+00:00,1260.0,81593
4512,research_grade_oos,no_c1,18.41000000000031,-29.079999999999927,-29.079999999999927,0.0,0.0,2025-11-06 09:15:00+00:00,2025-11-06 19:15:00+00:00,1260.0,81593
4513,research_grade_oos,no_c1,22.429999999999836,-34.54000000000087,-34.54000000000087,0.0,0.0,2025-11-06 09:30:00+00:00,2025-11-06 19:15:00+00:00,1260.0,81593
4514,research_grade_oos,no_c1,27.079999999999927,-37.86999999999989,-37.86999999999989,0.0,0.0,2025-11-06 10:30:00+00:00,2025-11-06 17:30:00+00:00,1261.0,81593
4515,research_grade_oos,no_c1,34.629999999999654,-40.159999999999854,-40.159999999999854,0.0,0.0,2025-11-06 14:00:00+00:00,2025-11-06 17:30:00+00:00,1261.0,81594
4527,research_grade_oos,no_c1,45.559999999999945,-52.33000000000084,-52.33000000000084,0.0,0.0,2025-11-10 07:45:00+00:00,2025-11-17 21:45:00+00:00,1262.0,81609
4528,research_grade_oos,no_c1,48.75999999999976,-58.75,-58.75,0.0,0.0,2025-11-10 08:00:00+00:00,2025-11-17 21:45:00+00:00,1262.0,81609
4529,research_grade_oos,rollover_ineligible,44.100000000000364,-53.94999999999982,-53.94999999999982,0.0,0.0,2025-11-10 08:30:00+00:00,2025-11-17 21:30:00+00:00,1263.0,81609
4530,research_grade_oos,rollover_ineligible,40.710000000000036,-59.52000000000089,-59.52000000000089,0.0,0.0,2025-11-10 09:15:00+00:00,2025-11-17 21:30:00+00:00,1263.0,81609
4531,research_grade_oos,rollover_ineligible,34.07999999999993,-60.25000000000091,-60.25000000000091,0.0,0.0,2025-11-10 10:15:00+00:00,2025-11-17 21:30:00+00:00,1263.0,81609
4532,research_grade_oos,no_c1,14.610000000000127,-34.429999999999836,-34.429999999999836,0.0,0.0,2025-11-10 14:15:00+00:00,2025-11-14 15:15:00+00:00,1264.0,81610
4533,research_grade_oos,no_c1,17.9699999999998,-39.23000000000093,-39.23000000000093,0.0,0.0,2025-11-10 14:30:00+00:00,2025-11-14 15:15:00+00:00,1264.0,81610
4534,research_grade_oos,no_c1,24.95999999999958,-42.48000000000002,-42.48000000000002,0.0,0.0,2025-11-10 15:00:00+00:00,2025-11-14 15:15:00+00:00,1264.0,81610
4535,research_grade_oos,no_c1,28.230000000000018,-47.880000000000564,-47.880000000000564,0.0,0.0,2025-11-10 15:15:00+00:00,2025-11-14 15:15:00+00:00,1264.0,81610
4537,research_grade_oos,c1_triggered,23.159999999999854,-33.409999999999854,-32.98000000000002,0.4299999999998363,0.01856649395508804,2025-11-11 01:15:00+00:00,2025-11-14 15:00:00+00:00,1265.0,81612
4538,research_grade_oos,no_c1,17.960000000000036,-23.910000000000764,-23.910000000000764,0.0,0.0,2025-11-11 02:30:00+00:00,2025-11-11 17:15:00+00:00,1266.0,81612
4539,research_grade_oos,no_c1,20.390000000000327,-28.290000000000873,-28.290000000000873,0.0,0.0,2025-11-11 02:45:00+00:00,2025-11-11 17:15:00+00:00,1266.0,81612
4540,research_grade_oos,no_c1,28.55999999999949,-36.32000000000062,-36.32000000000062,0.0,0.0,2025-11-11 03:30:00+00:00,2025-11-11 17:15:00+00:00,1266.0,81612
4541,research_grade_oos,no_c1,30.769999999999527,-42.20000000000073,-42.20000000000073,0.0,0.0,2025-11-11 05:15:00+00:00,2025-11-11 17:15:00+00:00,1266.0,81612
4542,research_grade_oos,no_c1,32.710000000000036,-43.19000000000051,-43.19000000000051,0.0,0.0,2025-11-11 05:30:00+00:00,2025-11-11 17:15:00+00:00,1266.0,81612
4545,research_grade_oos,no_c1,25.26000000000022,-28.11999999999989,-28.11999999999989,0.0,0.0,2025-11-12 01:15:00+00:00,2025-11-12 07:15:00+00:00,1267.0,81616
4546,research_grade_oos,no_c1,26.659999999999854,-33.470000000000255,-33.470000000000255,0.0,0.0,2025-11-12 01:30:00+00:00,2025-11-12 07:15:00+00:00,1267.0,81616
4547,research_grade_oos,no_c1,32.72999999999956,-38.399999999999636,-38.399999999999636,0.0,0.0,2025-11-12 01:45:00+00:00,2025-11-12 07:15:00+00:00,1267.0,81616
4548,research_grade_oos,c1_triggered,26.36999999999989,-42.25,-41.820000000000164,0.4299999999998363,0.016306408797870233,2025-11-12 10:30:00+00:00,2025-11-14 15:00:00+00:00,1265.0,81617
4549,research_grade_oos,c1_triggered,21.3100000000004,-50.530000000000655,-50.10000000000082,0.4299999999998363,0.020178320037533,2025-11-12 14:30:00+00:00,2025-11-14 15:00:00+00:00,1265.0,81618
4550,research_grade_oos,no_c1,22.050000000000182,-48.88000000000102,-48.88000000000102,0.0,0.0,2025-11-12 17:15:00+00:00,2025-11-14 14:15:00+00:00,1268.0,81618
4551,research_grade_oos,no_c1,44.13000000000011,-53.64000000000033,-53.64000000000033,0.0,0.0,2025-11-12 17:30:00+00:00,2025-11-14 14:15:00+00:00,1268.0,81618
4552,research_grade_oos,no_c1,54.710000000000036,-65.76000000000022,-65.76000000000022,0.0,0.0,2025-11-12 17:45:00+00:00,2025-11-14 14:15:00+00:00,1268.0,81618
4553,research_grade_oos,no_c1,66.4399999999996,-80.48000000000047,-80.48000000000047,0.0,0.0,2025-11-12 18:45:00+00:00,2025-11-14 14:15:00+00:00,1268.0,81619
4554,research_grade_oos,no_c1,73.31999999999971,-83.61000000000058,-83.61000000000058,0.0,0.0,2025-11-12 19:00:00+00:00,2025-11-14 14:15:00+00:00,1268.0,81619
4555,research_grade_oos,no_c1,75.00999999999931,-86.00000000000091,-86.00000000000091,0.0,0.0,2025-11-12 19:15:00+00:00,2025-11-14 14:15:00+00:00,1268.0,81619
4558,research_grade_oos,no_c1,29.159999999999854,-57.38000000000102,-57.38000000000102,0.0,0.0,2025-11-13 06:00:00+00:00,2025-11-13 20:30:00+00:00,1269.0,81621
4559,research_grade_oos,no_c1,33.210000000000036,-62.33000000000084,-62.33000000000084,0.0,0.0,2025-11-13 06:15:00+00:00,2025-11-13 20:30:00+00:00,1269.0,81621
4560,research_grade_oos,no_c1,33.789999999999964,-64.65000000000055,-64.65000000000055,0.0,0.0,2025-11-13 10:00:00+00:00,2025-11-13 20:30:00+00:00,1269.0,81621
4561,research_grade_oos,no_c1,29.769999999999527,-42.33000000000084,-42.33000000000084,0.0,0.0,2025-11-13 10:15:00+00:00,2025-11-13 16:30:00+00:00,1270.0,81621
4562,research_grade_oos,no_c1,33.909999999999854,-49.970000000001164,-49.970000000001164,0.0,0.0,2025-11-13 10:30:00+00:00,2025-11-13 16:30:00+00:00,1270.0,81621
4563,research_grade_oos,c1_triggered,27.51000000000022,-32.17000000000098,-39.91000000000167,-7.740000000000691,-0.28135223555073174,2025-11-13 15:00:00+00:00,2025-11-13 16:15:00+00:00,1271.0,81622
4564,research_grade_oos,c1_triggered,33.66999999999916,-41.61000000000058,-46.91000000000167,-5.300000000001091,-0.15741015741019374,2025-11-14 04:15:00+00:00,2025-11-14 13:00:00+00:00,1272.0,81624
4565,research_grade_oos,c1_triggered,33.79999999999927,-46.99000000000069,-52.29000000000178,-5.300000000001091,-0.1568047337278463,2025-11-14 04:30:00+00:00,2025-11-14 13:00:00+00:00,1272.0,81624
4566,research_grade_oos,c1_triggered,41.63000000000011,-51.400000000000546,-56.70000000000164,-5.300000000001091,-0.12731203459046547,2025-11-14 04:45:00+00:00,2025-11-14 13:00:00+00:00,1272.0,81624
4567,research_grade_oos,c1_triggered,43.69000000000051,-54.26000000000022,-59.56000000000131,-5.300000000001091,-0.12130922407876012,2025-11-14 05:00:00+00:00,2025-11-14 13:00:00+00:00,1272.0,81624
4568,research_grade_oos,no_c1,40.97999999999956,-47.892500000001746,-47.892500000001746,0.0,0.0,2025-11-14 05:30:00+00:00,2025-11-14 09:15:00+00:00,1273.0,81624
4569,research_grade_oos,no_c1,25.23999999999978,-48.95000000000027,-48.95000000000027,0.0,0.0,2025-11-19 12:00:00+00:00,2025-11-19 19:00:00+00:00,1274.0,81646
4570,research_grade_oos,no_c1,21.480000000000473,-31.640000000001237,-31.640000000001237,0.0,0.0,2025-11-19 17:00:00+00:00,2025-11-19 17:45:00+00:00,1275.0,81646
4571,research_grade_oos,no_c1,28.039999999999964,-41.590000000000146,-41.590000000000146,0.0,0.0,2025-11-20 01:45:00+00:00,2025-11-20 04:15:00+00:00,1276.0,81648
4572,research_grade_oos,c1_triggered,33.039999999999964,-41.72000000000071,-48.630000000000564,-6.9099999999998545,-0.20914043583534692,2025-11-20 02:00:00+00:00,2025-11-20 04:00:00+00:00,1277.0,81648
4581,research_grade_oos,no_c1,23.19000000000051,-28.970000000001164,-28.970000000001164,0.0,0.0,2025-11-25 04:30:00+00:00,2025-11-25 10:45:00+00:00,1278.0,81668
4582,research_grade_oos,no_c1,22.949999999999818,-36.39000000000124,-36.39000000000124,0.0,0.0,2025-11-25 04:45:00+00:00,2025-11-25 10:45:00+00:00,1278.0,81668
4587,research_grade_oos,no_c1,21.68000000000029,-29.402500000001965,-29.402500000001965,0.0,0.0,2025-11-26 13:45:00+00:00,2025-11-26 16:15:00+00:00,1279.0,81674
4605,research_grade_oos,no_c1,29.159999999999854,-44.57000000000062,-44.57000000000062,0.0,0.0,2025-12-01 03:30:00+00:00,2025-12-02 11:15:00+00:00,1280.0,81692
4606,research_grade_oos,no_c1,33.88999999999942,-37.039999999999964,-37.039999999999964,0.0,0.0,2025-12-01 03:45:00+00:00,2025-12-02 03:00:00+00:00,1281.0,81692
4607,research_grade_oos,no_c1,37.85999999999967,-51.19000000000051,-51.19000000000051,0.0,0.0,2025-12-01 04:00:00+00:00,2025-12-02 03:00:00+00:00,1281.0,81692
4608,research_grade_oos,no_c1,31.329999999999927,-46.539999999999964,-46.539999999999964,0.0,0.0,2025-12-01 10:15:00+00:00,2025-12-02 03:00:00+00:00,1281.0,81693
4609,research_grade_oos,no_c1,37.98999999999978,-54.32000000000062,-54.32000000000062,0.0,0.0,2025-12-01 12:15:00+00:00,2025-12-02 03:00:00+00:00,1281.0,81694
4610,research_grade_oos,no_c1,34.030000000000655,-54.27000000000044,-54.27000000000044,0.0,0.0,2025-12-02 16:15:00+00:00,2025-12-02 17:45:00+00:00,1282.0,81698
4611,research_grade_oos,no_c1,42.68000000000029,-58.590000000000146,-58.590000000000146,0.0,0.0,2025-12-02 16:30:00+00:00,2025-12-02 17:45:00+00:00,1282.0,81698
4612,research_grade_oos,no_c1,22.100000000000364,-27.850000000000364,-27.850000000000364,0.0,0.0,2025-12-03 15:30:00+00:00,2025-12-04 05:00:00+00:00,1283.0,81702
4613,research_grade_oos,no_c1,28.25,-30.950000000000728,-30.950000000000728,0.0,0.0,2025-12-03 15:45:00+00:00,2025-12-04 05:00:00+00:00,1283.0,81702
4614,research_grade_oos,no_c1,30.93000000000029,-44.8100000000004,-44.8100000000004,0.0,0.0,2025-12-03 16:00:00+00:00,2025-12-04 05:00:00+00:00,1283.0,81702
4615,research_grade_oos,no_c1,16.199999999999818,-19.717499999999745,-19.717499999999745,0.0,0.0,2025-12-05 06:15:00+00:00,2025-12-05 23:30:00+00:00,1284.0,81709
4616,research_grade_oos,no_c1,21.299999999999272,-22.787499999999454,-22.787499999999454,0.0,0.0,2025-12-05 07:00:00+00:00,2025-12-05 23:30:00+00:00,1284.0,81709
4617,research_grade_oos,no_c1,23.519999999999527,-25.3774999999996,-25.3774999999996,0.0,0.0,2025-12-05 07:30:00+00:00,2025-12-05 23:30:00+00:00,1284.0,81709
4618,research_grade_oos,no_c1,26.56999999999971,-31.69749999999931,-31.69749999999931,0.0,0.0,2025-12-05 08:15:00+00:00,2025-12-05 23:30:00+00:00,1284.0,81709
4619,research_grade_oos,no_c1,19.199999999999818,-38.910000000000764,-38.910000000000764,0.0,0.0,2025-12-05 17:00:00+00:00,2025-12-05 18:00:00+00:00,1285.0,81710
4620,research_grade_oos,no_c1,25.400000000000546,-45.539999999999964,-45.539999999999964,0.0,0.0,2025-12-05 17:30:00+00:00,2025-12-05 18:00:00+00:00,1285.0,81710
4621,research_grade_oos,no_c1,28.960000000000036,-50.89000000000033,-50.89000000000033,0.0,0.0,2025-12-05 17:45:00+00:00,2025-12-05 18:00:00+00:00,1285.0,81710
4622,research_grade_oos,no_c1,15.799999999999272,-37.05749999999898,-37.05749999999898,0.0,0.0,2025-12-08 07:45:00+00:00,2025-12-08 17:00:00+00:00,1286.0,81721
4623,research_grade_oos,no_c1,18.50999999999931,-39.20999999999913,-39.20999999999913,0.0,0.0,2025-12-08 08:00:00+00:00,2025-12-08 17:00:00+00:00,1286.0,81721
4624,research_grade_oos,no_c1,9.079999999999927,-10.3774999999996,-10.3774999999996,0.0,0.0,2025-12-10 03:30:00+00:00,2025-12-10 06:15:00+00:00,1287.0,81728
4641,research_grade_oos,no_c1,47.67000000000007,-54.69000000000051,-54.69000000000051,0.0,0.0,2025-12-12 12:45:00+00:00,2025-12-12 18:30:00+00:00,1288.0,81738
4642,research_grade_oos,no_c1,52.0600000000004,-56.88000000000102,-56.88000000000102,0.0,0.0,2025-12-12 13:00:00+00:00,2025-12-12 18:30:00+00:00,1288.0,81738
4643,research_grade_oos,no_c1,54.27000000000044,-62.410000000000764,-62.410000000000764,0.0,0.0,2025-12-12 13:15:00+00:00,2025-12-12 18:30:00+00:00,1288.0,81738
4644,research_grade_oos,no_c1,45.030000000000655,-50.029999999999745,-50.029999999999745,0.0,0.0,2025-12-12 15:45:00+00:00,2025-12-12 17:45:00+00:00,1289.0,81738
4645,research_grade_oos,no_c1,34.81999999999971,-46.68000000000029,-46.68000000000029,0.0,0.0,2025-12-12 17:00:00+00:00,2025-12-12 17:15:00+00:00,1290.0,81738
4646,research_grade_oos,no_c1,19.470000000000255,-31.170000000000073,-31.170000000000073,0.0,0.0,2025-12-15 03:15:00+00:00,2025-12-16 05:00:00+00:00,1291.0,81748
4647,research_grade_oos,no_c1,25.3100000000004,-33.20000000000073,-33.20000000000073,0.0,0.0,2025-12-15 03:30:00+00:00,2025-12-16 05:00:00+00:00,1291.0,81748
4648,research_grade_oos,no_c1,27.270000000000437,-37.837499999999636,-37.837499999999636,0.0,0.0,2025-12-15 03:45:00+00:00,2025-12-16 05:00:00+00:00,1291.0,81748
4649,research_grade_oos,no_c1,38.090000000000146,-46.900000000000546,-46.900000000000546,0.0,0.0,2025-12-15 04:45:00+00:00,2025-12-16 05:00:00+00:00,1291.0,81748
4650,research_grade_oos,no_c1,28.8100000000004,-43.477499999999054,-43.477499999999054,0.0,0.0,2025-12-15 07:45:00+00:00,2025-12-15 18:15:00+00:00,1292.0,81749
4651,research_grade_oos,no_c1,36.64000000000033,-48.149999999999636,-48.149999999999636,0.0,0.0,2025-12-15 08:00:00+00:00,2025-12-15 18:15:00+00:00,1292.0,81749
4652,research_grade_oos,no_c1,25.73999999999978,-35.43000000000029,-35.43000000000029,0.0,0.0,2025-12-15 11:15:00+00:00,2025-12-15 17:15:00+00:00,1293.0,81749
4653,research_grade_oos,c1_triggered,15.329999999999927,-25.390000000000327,-31.165000000001783,-5.775000000001455,-0.37671232876722,2025-12-16 03:45:00+00:00,2025-12-16 04:45:00+00:00,1294.0,81752
4656,research_grade_oos,no_c1,18.68000000000029,-32.43000000000029,-32.43000000000029,0.0,0.0,2025-12-17 03:15:00+00:00,2025-12-31 07:45:00+00:00,1295.0,81756
4657,research_grade_oos,no_c1,19.5600000000004,-37.48250000000098,-37.48250000000098,0.0,0.0,2025-12-17 03:45:00+00:00,2025-12-31 07:45:00+00:00,1295.0,81756
4658,research_grade_oos,no_c1,24.529999999999745,-41.58000000000084,-41.58000000000084,0.0,0.0,2025-12-17 04:00:00+00:00,2025-12-31 07:45:00+00:00,1295.0,81756
4659,research_grade_oos,no_c1,22.399999999999636,-44.52000000000044,-44.52000000000044,0.0,0.0,2025-12-17 06:45:00+00:00,2025-12-31 07:45:00+00:00,1295.0,81757
4660,research_grade_oos,no_c1,24.1299999999992,-46.92000000000098,-46.92000000000098,0.0,0.0,2025-12-17 07:15:00+00:00,2025-12-31 07:45:00+00:00,1295.0,81757
4661,research_grade_oos,no_c1,26.61999999999989,-52.75000000000091,-52.75000000000091,0.0,0.0,2025-12-17 07:45:00+00:00,2025-12-31 07:45:00+00:00,1295.0,81757
4662,research_grade_oos,no_c1,21.06999999999971,-42.73000000000047,-42.73000000000047,0.0,0.0,2025-12-17 15:30:00+00:00,2025-12-31 07:45:00+00:00,1295.0,81758
4663,research_grade_oos,no_c1,24.789999999999964,-53.07000000000062,-53.07000000000062,0.0,0.0,2025-12-17 15:45:00+00:00,2025-12-31 07:45:00+00:00,1295.0,81758
4664,research_grade_oos,no_c1,32.470000000000255,-56.67000000000098,-56.67000000000098,0.0,0.0,2025-12-17 16:00:00+00:00,2025-12-31 07:45:00+00:00,1295.0,81758
4665,research_grade_oos,no_c1,14.13000000000011,-22.600000000000364,-22.600000000000364,0.0,0.0,2025-12-18 15:45:00+00:00,2025-12-18 16:30:00+00:00,1296.0,81762
4666,research_grade_oos,no_c1,34.399999999999636,-76.99000000000069,-76.99000000000069,0.0,0.0,2025-12-18 18:15:00+00:00,2025-12-31 07:45:00+00:00,1295.0,81763
4667,research_grade_oos,no_c1,13.920000000000073,-16.090000000001055,-16.090000000001055,0.0,0.0,2025-12-19 15:30:00+00:00,2025-12-29 17:15:00+00:00,1297.0,81766
4668,research_grade_oos,no_c1,17.8799999999992,-22.910000000000764,-22.910000000000764,0.0,0.0,2025-12-19 17:15:00+00:00,2025-12-29 17:15:00+00:00,1297.0,81766
4669,research_grade_oos,no_c1,26.609999999999673,-29.080000000000837,-29.080000000000837,0.0,0.0,2025-12-19 18:00:00+00:00,2025-12-29 17:15:00+00:00,1297.0,81767
4670,research_grade_oos,no_c1,19.899999999999636,-40.9375,-40.9375,0.0,0.0,2025-12-22 02:15:00+00:00,2025-12-29 17:15:00+00:00,1297.0,81776
4671,research_grade_oos,no_c1,36.0,-63.06000000000131,-63.06000000000131,0.0,0.0,2025-12-22 03:45:00+00:00,2025-12-29 17:15:00+00:00,1297.0,81776
4672,research_grade_oos,no_c1,54.219999999999345,-72.83749999999964,-72.83749999999964,0.0,0.0,2025-12-22 05:45:00+00:00,2025-12-29 17:15:00+00:00,1297.0,81776
4673,research_grade_oos,no_c1,54.539999999999964,-73.88749999999891,-73.88749999999891,0.0,0.0,2025-12-22 06:00:00+00:00,2025-12-29 17:15:00+00:00,1297.0,81777
4674,research_grade_oos,no_c1,56.69999999999982,-77.81750000000011,-77.81750000000011,0.0,0.0,2025-12-22 06:15:00+00:00,2025-12-29 17:15:00+00:00,1297.0,81777
4675,research_grade_oos,c1_triggered,49.11999999999989,-55.6200000000008,-68.07000000000153,-12.450000000000728,-0.2534609120521326,2025-12-22 07:00:00+00:00,2025-12-29 17:00:00+00:00,1298.0,81777
4676,research_grade_oos,c1_triggered,45.89000000000033,-58.35749999999916,-70.80749999999989,-12.450000000000728,-0.2713009370233305,2025-12-22 07:15:00+00:00,2025-12-29 17:00:00+00:00,1298.0,81777
4677,research_grade_oos,c1_triggered,44.73000000000047,-62.13999999999942,-74.59000000000015,-12.450000000000728,-0.27833668678740436,2025-12-22 07:30:00+00:00,2025-12-29 17:00:00+00:00,1298.0,81777
4678,research_grade_oos,no_c1,30.9399999999996,-46.400000000000546,-46.400000000000546,0.0,0.0,2025-12-22 09:00:00+00:00,2025-12-29 16:30:00+00:00,1299.0,81777
4679,research_grade_oos,no_c1,9.839999999999236,-28.090000000001055,-28.090000000001055,0.0,0.0,2025-12-22 15:15:00+00:00,2025-12-29 16:00:00+00:00,1300.0,81778
4680,research_grade_oos,no_c1,22.81999999999971,-34.39000000000124,-34.39000000000124,0.0,0.0,2025-12-22 18:00:00+00:00,2025-12-29 16:00:00+00:00,1300.0,81779
4681,research_grade_oos,no_c1,29.44000000000051,-40.410000000000764,-40.410000000000764,0.0,0.0,2025-12-22 18:15:00+00:00,2025-12-29 16:00:00+00:00,1300.0,81779
4684,research_grade_oos,c1_triggered,20.109999999999673,-34.57999999999902,-25.039999999999964,9.539999999999054,0.47439085032318296,2025-12-23 01:15:00+00:00,2025-12-29 15:45:00+00:00,1301.0,81780
4685,research_grade_oos,c1_triggered,26.350000000000364,-38.45749999999862,-28.917499999999563,9.539999999999054,0.3620493358633367,2025-12-23 01:30:00+00:00,2025-12-29 15:45:00+00:00,1301.0,81780
4686,research_grade_oos,c1_triggered,32.86999999999989,-45.76749999999902,-36.227499999999964,9.539999999999054,0.290234256160605,2025-12-23 02:15:00+00:00,2025-12-29 15:45:00+00:00,1301.0,81780
4687,research_grade_oos,c1_triggered,37.8100000000004,-47.63000000000011,-38.090000000001055,9.539999999999054,0.2523142025918792,2025-12-23 02:30:00+00:00,2025-12-29 15:45:00+00:00,1301.0,81780
4688,research_grade_oos,c1_triggered,41.01000000000022,-50.01000000000022,-40.470000000001164,9.539999999999054,0.2326261887344307,2025-12-23 03:00:00+00:00,2025-12-29 15:45:00+00:00,1301.0,81780
4689,research_grade_oos,c1_triggered,41.75,-65.01000000000022,-55.470000000001164,9.539999999999054,0.2285029940119534,2025-12-23 03:15:00+00:00,2025-12-29 15:45:00+00:00,1301.0,81780
4690,research_grade_oos,c1_triggered,58.960000000000036,-66.28999999999905,-43.8199999999988,22.470000000000255,0.3811058344640475,2025-12-23 04:45:00+00:00,2025-12-29 15:30:00+00:00,1302.0,81780
4691,research_grade_oos,c1_triggered,21.050000000000182,-27.289999999999964,-21.040000000000873,6.2499999999990905,0.29691211401420603,2025-12-23 10:45:00+00:00,2025-12-23 16:15:00+00:00,1303.0,81781
4692,research_grade_oos,no_c1,17.579999999999927,-24.150000000000546,-24.150000000000546,0.0,0.0,2025-12-23 14:00:00+00:00,2025-12-23 16:00:00+00:00,1304.0,81782
4693,research_grade_oos,no_c1,16.090000000000146,-25.43000000000029,-25.43000000000029,0.0,0.0,2025-12-23 15:15:00+00:00,2025-12-23 16:00:00+00:00,1304.0,81782
4696,research_grade_oos,no_c1,29.909999999999854,-41.0600000000004,-41.0600000000004,0.0,0.0,2025-12-24 01:45:00+00:00,2025-12-24 16:45:00+00:00,1305.0,81784
4697,research_grade_oos,no_c1,39.82999999999993,-49.599999999999454,-49.599999999999454,0.0,0.0,2025-12-24 02:30:00+00:00,2025-12-24 16:45:00+00:00,1305.0,81784
4698,research_grade_oos,no_c1,41.18000000000029,-53.5600000000004,-53.5600000000004,0.0,0.0,2025-12-24 02:45:00+00:00,2025-12-24 16:45:00+00:00,1305.0,81784
4699,research_grade_oos,no_c1,35.960000000000036,-43.925000000002,-43.925000000002,0.0,0.0,2025-12-24 03:30:00+00:00,2025-12-24 04:45:00+00:00,1306.0,81784
4700,research_grade_oos,no_c1,57.289999999999964,-60.399999999999636,-60.399999999999636,0.0,0.0,2025-12-26 02:30:00+00:00,2025-12-29 13:45:00+00:00,1307.0,81792
4701,research_grade_oos,no_c1,59.85999999999967,-70.6899999999996,-70.6899999999996,0.0,0.0,2025-12-26 03:00:00+00:00,2025-12-29 13:45:00+00:00,1307.0,81792
4702,research_grade_oos,no_c1,25.839999999999236,-31.80000000000109,-31.80000000000109,0.0,0.0,2025-12-26 08:30:00+00:00,2025-12-29 02:15:00+00:00,1308.0,81793
4703,research_grade_oos,no_c1,14.36999999999989,-15.837499999998727,-15.837499999998727,0.0,0.0,2025-12-26 12:30:00+00:00,2025-12-26 13:15:00+00:00,1309.0,81794
4704,research_grade_oos,no_c1,25.75,-42.54000000000087,-42.54000000000087,0.0,0.0,2025-12-26 16:30:00+00:00,2025-12-29 02:15:00+00:00,1308.0,81794
4705,research_grade_oos,no_c1,30.840000000000146,-51.55000000000109,-51.55000000000109,0.0,0.0,2025-12-26 17:45:00+00:00,2025-12-29 02:15:00+00:00,1308.0,81794
4706,research_grade_oos,no_c1,42.76999999999953,-59.86000000000149,-59.86000000000149,0.0,0.0,2025-12-26 18:00:00+00:00,2025-12-29 02:15:00+00:00,1308.0,81795
4707,research_grade_oos,no_c1,18.539999999999964,-34.57500000000164,-34.57500000000164,0.0,0.0,2026-01-02 15:15:00+00:00,2026-01-02 15:45:00+00:00,1310.0,81822
4710,research_grade_oos,no_c1,33.32999999999993,-38.280000000000655,-38.280000000000655,0.0,0.0,2026-01-05 11:45:00+00:00,2026-01-05 15:15:00+00:00,1311.0,81833
4712,research_grade_oos,no_c1,33.07999999999993,-36.30000000000018,-36.30000000000018,0.0,0.0,2026-01-06 05:15:00+00:00,2026-01-07 17:00:00+00:00,1312.0,81836
4713,research_grade_oos,no_c1,41.659999999999854,-43.4300000000012,-43.4300000000012,0.0,0.0,2026-01-06 07:30:00+00:00,2026-01-07 17:00:00+00:00,1312.0,81837
4714,research_grade_oos,no_c1,27.460000000000036,-38.412500000000364,-38.412500000000364,0.0,0.0,2026-01-06 16:15:00+00:00,2026-01-07 15:00:00+00:00,1313.0,81838
4715,research_grade_oos,no_c1,30.36999999999989,-46.07000000000062,-46.07000000000062,0.0,0.0,2026-01-06 16:45:00+00:00,2026-01-07 15:00:00+00:00,1313.0,81838
4716,research_grade_oos,no_c1,40.25,-53.52000000000044,-53.52000000000044,0.0,0.0,2026-01-06 17:00:00+00:00,2026-01-07 15:00:00+00:00,1313.0,81838
4717,research_grade_oos,no_c1,37.6899999999996,-49.470000000001164,-49.470000000001164,0.0,0.0,2026-01-07 18:45:00+00:00,2026-01-08 07:30:00+00:00,1314.0,81843
4731,research_grade_oos,no_c1,20.82000000000062,-29.82000000000062,-29.82000000000062,0.0,0.0,2026-01-12 15:15:00+00:00,2026-01-13 03:45:00+00:00,1315.0,81862
4732,research_grade_oos,no_c1,34.660000000000764,-38.95000000000073,-38.95000000000073,0.0,0.0,2026-01-12 16:00:00+00:00,2026-01-13 03:45:00+00:00,1315.0,81862
4733,research_grade_oos,no_c1,43.70000000000073,-46.94000000000051,-46.94000000000051,0.0,0.0,2026-01-12 17:45:00+00:00,2026-01-13 03:45:00+00:00,1315.0,81862
4734,research_grade_oos,no_c1,49.0600000000004,-52.3700000000008,-52.3700000000008,0.0,0.0,2026-01-12 18:15:00+00:00,2026-01-13 03:45:00+00:00,1315.0,81863
4735,research_grade_oos,no_c1,24.1200000000008,-36.87250000000131,-36.87250000000131,0.0,0.0,2026-01-13 07:30:00+00:00,2026-01-16 17:15:00+00:00,1316.0,81865
4736,research_grade_oos,no_c1,19.210000000000036,-38.340000000001055,-38.340000000001055,0.0,0.0,2026-01-13 15:15:00+00:00,2026-01-16 17:15:00+00:00,1316.0,81866
4737,research_grade_oos,no_c1,28.480000000000473,-53.43000000000029,-53.43000000000029,0.0,0.0,2026-01-13 15:45:00+00:00,2026-01-16 17:15:00+00:00,1316.0,81866
4738,research_grade_oos,no_c1,45.75,-61.36000000000058,-61.36000000000058,0.0,0.0,2026-01-13 16:45:00+00:00,2026-01-16 17:15:00+00:00,1316.0,81866
4739,research_grade_oos,no_c1,47.98000000000047,-65.26000000000022,-65.26000000000022,0.0,0.0,2026-01-13 17:00:00+00:00,2026-01-16 17:15:00+00:00,1316.0,81866
4740,research_grade_oos,no_c1,32.30000000000018,-40.75749999999789,-40.75749999999789,0.0,0.0,2026-01-14 02:15:00+00:00,2026-01-16 17:15:00+00:00,1316.0,81868
4741,research_grade_oos,no_c1,38.13000000000011,-45.55749999999807,-45.55749999999807,0.0,0.0,2026-01-14 02:30:00+00:00,2026-01-16 17:15:00+00:00,1316.0,81868
4742,research_grade_oos,no_c1,40.94999999999982,-50.8100000000004,-50.8100000000004,0.0,0.0,2026-01-14 03:15:00+00:00,2026-01-16 17:15:00+00:00,1316.0,81868
4743,research_grade_oos,no_c1,49.029999999999745,-54.85999999999967,-54.85999999999967,0.0,0.0,2026-01-14 04:00:00+00:00,2026-01-16 17:15:00+00:00,1316.0,81868
4744,research_grade_oos,no_c1,38.07999999999993,-39.01000000000113,-39.01000000000113,0.0,0.0,2026-01-14 05:45:00+00:00,2026-01-15 05:15:00+00:00,1317.0,81868
4745,research_grade_oos,no_c1,39.779999999999745,-43.38749999999982,-43.38749999999982,0.0,0.0,2026-01-14 06:00:00+00:00,2026-01-15 05:15:00+00:00,1317.0,81869
4746,research_grade_oos,c1_triggered,33.48999999999978,-43.1875,-54.98750000000109,-11.800000000001091,-0.3523439832786255,2026-01-14 07:15:00+00:00,2026-01-15 05:00:00+00:00,1318.0,81869
4747,research_grade_oos,no_c1,34.07000000000062,-53.157499999999345,-53.157499999999345,0.0,0.0,2026-01-15 12:45:00+00:00,2026-01-16 17:15:00+00:00,1316.0,81874
4748,research_grade_oos,no_c1,31.67999999999938,-33.20749999999862,-33.20749999999862,0.0,0.0,2026-01-15 13:00:00+00:00,2026-01-16 15:15:00+00:00,1319.0,81874
4749,research_grade_oos,no_c1,17.229999999999563,-24.577499999999418,-24.577499999999418,0.0,0.0,2026-01-16 08:00:00+00:00,2026-01-16 15:15:00+00:00,1319.0,81877
4750,research_grade_oos,no_c1,23.090000000000146,-34.69250000000102,-34.69250000000102,0.0,0.0,2026-01-19 09:00:00+00:00,2026-02-02 03:00:00+00:00,1320.0,81889
4751,research_grade_oos,no_c1,14.019999999999527,-31.217499999999745,-31.217499999999745,0.0,0.0,2026-01-19 18:00:00+00:00,2026-02-02 03:00:00+00:00,1320.0,81891
4753,research_grade_oos,no_c1,19.300000000000182,-37.04749999999967,-37.04749999999967,0.0,0.0,2026-01-20 06:00:00+00:00,2026-02-02 03:00:00+00:00,1320.0,81893
4754,research_grade_oos,no_c1,22.9399999999996,-42.6200000000008,-42.6200000000008,0.0,0.0,2026-01-20 06:30:00+00:00,2026-02-02 03:00:00+00:00,1320.0,81893
4755,research_grade_oos,no_c1,27.4399999999996,-46.400000000000546,-46.400000000000546,0.0,0.0,2026-01-20 06:45:00+00:00,2026-02-02 03:00:00+00:00,1320.0,81893
4756,research_grade_oos,no_c1,33.76999999999953,-52.090000000001055,-52.090000000001055,0.0,0.0,2026-01-20 07:00:00+00:00,2026-02-02 03:00:00+00:00,1320.0,81893
4757,research_grade_oos,no_c1,37.42000000000007,-56.340000000001055,-56.340000000001055,0.0,0.0,2026-01-20 07:15:00+00:00,2026-02-02 03:00:00+00:00,1320.0,81893
4758,research_grade_oos,no_c1,41.590000000000146,-61.94000000000051,-61.94000000000051,0.0,0.0,2026-01-20 07:45:00+00:00,2026-02-02 03:00:00+00:00,1320.0,81893
4759,research_grade_oos,no_c1,46.23000000000047,-71.02000000000044,-71.02000000000044,0.0,0.0,2026-01-20 08:00:00+00:00,2026-02-02 03:00:00+00:00,1320.0,81893
4760,research_grade_oos,no_c1,52.0600000000004,-75.21250000000146,-75.21250000000146,0.0,0.0,2026-01-20 09:30:00+00:00,2026-02-02 03:00:00+00:00,1320.0,81893
4761,research_grade_oos,no_c1,56.69999999999982,-81.20000000000073,-81.20000000000073,0.0,0.0,2026-01-20 10:15:00+00:00,2026-02-02 03:00:00+00:00,1320.0,81893
4762,research_grade_oos,no_c1,49.00999999999931,-86.15000000000055,-86.15000000000055,0.0,0.0,2026-01-20 11:00:00+00:00,2026-02-02 03:00:00+00:00,1320.0,81893
4763,research_grade_oos,no_c1,51.029999999999745,-90.04000000000087,-90.04000000000087,0.0,0.0,2026-01-20 11:30:00+00:00,2026-02-02 03:00:00+00:00,1320.0,81893
4764,research_grade_oos,no_c1,49.409999999999854,-91.22000000000116,-91.22000000000116,0.0,0.0,2026-01-20 11:45:00+00:00,2026-02-02 03:00:00+00:00,1320.0,81893
4765,research_grade_oos,no_c1,32.909999999999854,-107.48000000000138,-107.48000000000138,0.0,0.0,2026-01-20 16:30:00+00:00,2026-02-02 03:00:00+00:00,1320.0,81894
4766,research_grade_oos,no_c1,35.19999999999982,-110.41500000000178,-110.41500000000178,0.0,0.0,2026-01-20 19:00:00+00:00,2026-02-02 03:00:00+00:00,1320.0,81895
4768,research_grade_oos,no_c1,18.800000000000182,-31.57000000000062,-31.57000000000062,0.0,0.0,2026-01-21 01:45:00+00:00,2026-01-30 20:15:00+00:00,1321.0,81896
4769,research_grade_oos,no_c1,33.67999999999938,-42.780000000000655,-42.780000000000655,0.0,0.0,2026-01-21 02:45:00+00:00,2026-01-30 20:15:00+00:00,1321.0,81896
4770,research_grade_oos,no_c1,39.75,-65.42000000000007,-65.42000000000007,0.0,0.0,2026-01-21 03:15:00+00:00,2026-01-30 20:15:00+00:00,1321.0,81896
4771,research_grade_oos,no_c1,62.399999999999636,-85.53000000000065,-85.53000000000065,0.0,0.0,2026-01-21 03:30:00+00:00,2026-01-30 20:15:00+00:00,1321.0,81896
4772,research_grade_oos,no_c1,91.82999999999993,-107.45749999999953,-107.45749999999953,0.0,0.0,2026-01-21 06:30:00+00:00,2026-01-30 20:15:00+00:00,1321.0,81897
4773,research_grade_oos,no_c1,95.55000000000018,-123.28500000000167,-123.28500000000167,0.0,0.0,2026-01-21 06:45:00+00:00,2026-01-30 20:15:00+00:00,1321.0,81897
4774,research_grade_oos,no_c1,73.17999999999938,-118.41000000000076,-118.41000000000076,0.0,0.0,2026-01-21 08:30:00+00:00,2026-01-21 21:30:00+00:00,1322.0,81897
4775,research_grade_oos,no_c1,25.539999999999964,-33.08000000000084,-33.08000000000084,0.0,0.0,2026-01-21 15:45:00+00:00,2026-01-21 16:00:00+00:00,1323.0,81898
4776,research_grade_oos,no_c1,37.02000000000044,-79.07999999999902,-79.07999999999902,0.0,0.0,2026-01-22 08:00:00+00:00,2026-01-30 20:15:00+00:00,1321.0,81901
4777,research_grade_oos,no_c1,50.06999999999971,-82.97500000000127,-82.97500000000127,0.0,0.0,2026-01-22 08:30:00+00:00,2026-01-30 20:15:00+00:00,1321.0,81901
4778,research_grade_oos,no_c1,54.399999999999636,-91.1200000000008,-91.1200000000008,0.0,0.0,2026-01-22 09:15:00+00:00,2026-01-30 20:15:00+00:00,1321.0,81901
4779,research_grade_oos,no_c1,60.10999999999967,-94.65000000000055,-94.65000000000055,0.0,0.0,2026-01-22 09:30:00+00:00,2026-01-30 20:15:00+00:00,1321.0,81901
4780,research_grade_oos,rollover_ineligible,25.579999999999927,-38.27000000000044,-38.27000000000044,0.0,0.0,2026-01-22 16:45:00+00:00,2026-01-30 20:00:00+00:00,1324.0,81902
4781,research_grade_oos,rollover_ineligible,36.86999999999989,-46.19999999999982,-46.19999999999982,0.0,0.0,2026-01-22 17:30:00+00:00,2026-01-30 20:00:00+00:00,1324.0,81902
4782,research_grade_oos,rollover_ineligible,45.17999999999938,-56.10999999999967,-56.10999999999967,0.0,0.0,2026-01-22 17:45:00+00:00,2026-01-30 20:00:00+00:00,1324.0,81902
4783,research_grade_oos,rollover_ineligible,55.099999999999454,-64.22999999999956,-64.22999999999956,0.0,0.0,2026-01-22 18:00:00+00:00,2026-01-30 20:00:00+00:00,1324.0,81903
4784,research_grade_oos,rollover_ineligible,69.77999999999975,-73.47000000000025,-73.47000000000025,0.0,0.0,2026-01-22 18:45:00+00:00,2026-01-30 20:00:00+00:00,1324.0,81903
4785,research_grade_oos,rollover_ineligible,74.5,-82.39999999999964,-82.39999999999964,0.0,0.0,2026-01-22 19:30:00+00:00,2026-01-30 20:00:00+00:00,1324.0,81903
4792,research_grade_oos,no_c1,57.470000000000255,-60.76000000000022,-60.76000000000022,0.0,0.0,2026-01-23 03:00:00+00:00,2026-01-23 11:15:00+00:00,1325.0,81904
4793,research_grade_oos,no_c1,44.42999999999938,-100.26000000000022,-100.26000000000022,0.0,0.0,2026-01-23 17:45:00+00:00,2026-01-30 19:30:00+00:00,1326.0,81906
4794,research_grade_oos,no_c1,51.22999999999956,-112.24000000000069,-112.24000000000069,0.0,0.0,2026-01-23 18:15:00+00:00,2026-01-30 19:30:00+00:00,1326.0,81907
4795,research_grade_oos,no_c1,64.60999999999967,-126.5600000000004,-126.5600000000004,0.0,0.0,2026-01-23 18:30:00+00:00,2026-01-30 19:30:00+00:00,1326.0,81907
4796,research_grade_oos,no_c1,31.69000000000051,-107.14250000000175,-107.14250000000175,0.0,0.0,2026-01-26 01:15:00+00:00,2026-01-30 19:00:00+00:00,1327.0,81916
4797,research_grade_oos,no_c1,73.10000000000036,-125.50000000000091,-125.50000000000091,0.0,0.0,2026-01-26 02:00:00+00:00,2026-01-30 19:00:00+00:00,1327.0,81916
4798,research_grade_oos,no_c1,85.15999999999985,-135.71000000000095,-135.71000000000095,0.0,0.0,2026-01-26 02:45:00+00:00,2026-01-30 19:00:00+00:00,1327.0,81916
4799,research_grade_oos,no_c1,85.35000000000036,-142.8700000000008,-142.8700000000008,0.0,0.0,2026-01-26 03:15:00+00:00,2026-01-30 19:00:00+00:00,1327.0,81916
4800,research_grade_oos,no_c1,88.11999999999989,-159.82000000000062,-159.82000000000062,0.0,0.0,2026-01-26 03:30:00+00:00,2026-01-30 19:00:00+00:00,1327.0,81916
4801,research_grade_oos,no_c1,104.67000000000007,-168.71000000000095,-168.71000000000095,0.0,0.0,2026-01-26 03:45:00+00:00,2026-01-30 19:00:00+00:00,1327.0,81916
4802,research_grade_oos,no_c1,109.38000000000011,-173.02000000000044,-173.02000000000044,0.0,0.0,2026-01-26 04:30:00+00:00,2026-01-30 19:00:00+00:00,1327.0,81916
4803,research_grade_oos,no_c1,42.31999999999971,-74.6200000000008,-74.6200000000008,0.0,0.0,2026-01-26 18:15:00+00:00,2026-01-26 21:15:00+00:00,1328.0,81919
4804,research_grade_oos,no_c1,79.4399999999996,-95.11000000000058,-95.11000000000058,0.0,0.0,2026-01-27 03:15:00+00:00,2026-01-30 11:30:00+00:00,1329.0,81920
4805,research_grade_oos,no_c1,85.67000000000007,-101.96000000000095,-101.96000000000095,0.0,0.0,2026-01-27 04:45:00+00:00,2026-01-30 11:30:00+00:00,1329.0,81920
4806,research_grade_oos,no_c1,66.14000000000033,-106.38000000000011,-106.38000000000011,0.0,0.0,2026-01-27 08:00:00+00:00,2026-01-30 11:30:00+00:00,1329.0,81921
4807,research_grade_oos,no_c1,51.599999999999454,-70.06000000000131,-70.06000000000131,0.0,0.0,2026-01-27 18:30:00+00:00,2026-01-30 11:00:00+00:00,1330.0,81923
4810,research_grade_oos,no_c1,109.26000000000022,-162.4900000000007,-162.4900000000007,0.0,0.0,2026-01-28 03:15:00+00:00,2026-01-30 11:00:00+00:00,1330.0,81924
4811,research_grade_oos,no_c1,114.72999999999956,-187.15000000000146,-187.15000000000146,0.0,0.0,2026-01-28 03:45:00+00:00,2026-01-30 11:00:00+00:00,1330.0,81924
4812,research_grade_oos,no_c1,87.89999999999964,-110.72000000000116,-110.72000000000116,0.0,0.0,2026-01-28 05:00:00+00:00,2026-01-29 17:30:00+00:00,1331.0,81924
4813,research_grade_oos,no_c1,77.24000000000069,-122.40000000000146,-122.40000000000146,0.0,0.0,2026-01-28 05:15:00+00:00,2026-01-29 17:30:00+00:00,1331.0,81924
4814,research_grade_oos,no_c1,91.42000000000007,-132.67000000000098,-132.67000000000098,0.0,0.0,2026-01-28 07:15:00+00:00,2026-01-29 17:30:00+00:00,1331.0,81925
4815,research_grade_oos,no_c1,96.92999999999938,-137.42000000000098,-137.42000000000098,0.0,0.0,2026-01-28 07:30:00+00:00,2026-01-29 17:30:00+00:00,1331.0,81925
4816,research_grade_oos,no_c1,98.60000000000036,-143.60000000000127,-143.60000000000127,0.0,0.0,2026-01-28 07:45:00+00:00,2026-01-29 17:30:00+00:00,1331.0,81925
4817,research_grade_oos,no_c1,64.34000000000015,-74.46000000000004,-74.46000000000004,0.0,0.0,2026-01-28 09:00:00+00:00,2026-01-29 17:15:00+00:00,1332.0,81925
4818,research_grade_oos,no_c1,67.20000000000073,-85.65000000000055,-85.65000000000055,0.0,0.0,2026-01-28 09:30:00+00:00,2026-01-29 17:15:00+00:00,1332.0,81925
4819,research_grade_oos,no_c1,64.4399999999996,-94.95000000000073,-94.95000000000073,0.0,0.0,2026-01-28 10:00:00+00:00,2026-01-29 17:15:00+00:00,1332.0,81925
4820,research_grade_oos,no_c1,61.05000000000018,-104.47000000000025,-104.47000000000025,0.0,0.0,2026-01-28 19:00:00+00:00,2026-01-29 17:15:00+00:00,1332.0,81927
4824,research_grade_oos,no_c1,150.19999999999982,-279.2900000000009,-279.2900000000009,0.0,0.0,2026-01-29 01:15:00+00:00,2026-01-29 17:15:00+00:00,1332.0,81928
4825,research_grade_oos,no_c1,206.10000000000036,-294.8200000000006,-294.8200000000006,0.0,0.0,2026-01-29 01:30:00+00:00,2026-01-29 17:15:00+00:00,1332.0,81928
4826,research_grade_oos,no_c1,227.1900000000005,-337.97250000000076,-337.97250000000076,0.0,0.0,2026-01-29 01:45:00+00:00,2026-01-29 17:15:00+00:00,1332.0,81928
4827,research_grade_oos,c1_triggered,119.18000000000029,-199.78000000000065,-126.03000000000065,73.75,0.6188118811881173,2026-01-29 08:15:00+00:00,2026-01-29 17:00:00+00:00,1333.0,81929
4828,research_grade_oos,c1_triggered,72.0,-159.5500000000011,-85.80000000000109,73.75,1.0243055555555556,2026-01-29 16:30:00+00:00,2026-01-29 17:00:00+00:00,1333.0,81930
4831,research_grade_oos,no_c1,91.59000000000015,-175.70749999999862,-175.70749999999862,0.0,0.0,2026-02-04 02:15:00+00:00,2026-02-05 04:45:00+00:00,1334.0,81952
4832,research_grade_oos,no_c1,118.80000000000018,-204.4375,-204.4375,0.0,0.0,2026-02-04 03:00:00+00:00,2026-02-05 04:45:00+00:00,1334.0,81952
4833,research_grade_oos,no_c1,135.32999999999993,-239.64750000000004,-239.64750000000004,0.0,0.0,2026-02-04 03:15:00+00:00,2026-02-05 04:45:00+00:00,1334.0,81952
4834,research_grade_oos,no_c1,150.8199999999997,-163.61749999999847,-163.61749999999847,0.0,0.0,2026-02-04 04:15:00+00:00,2026-02-04 18:30:00+00:00,1335.0,81952
4835,research_grade_oos,no_c1,134.17000000000007,-160.54000000000087,-160.54000000000087,0.0,0.0,2026-02-04 07:00:00+00:00,2026-02-04 17:45:00+00:00,1336.0,81953
4836,research_grade_oos,no_c1,134.5600000000004,-162.95500000000175,-162.95500000000175,0.0,0.0,2026-02-04 07:15:00+00:00,2026-02-04 17:45:00+00:00,1336.0,81953
4838,research_grade_oos,no_c1,97.85999999999967,-198.47499999999854,-198.47499999999854,0.0,0.0,2026-02-05 01:15:00+00:00,2026-02-05 04:45:00+00:00,1334.0,81956
4839,research_grade_oos,no_c1,136.57999999999993,-208.43749999999818,-208.43749999999818,0.0,0.0,2026-02-05 01:30:00+00:00,2026-02-05 04:45:00+00:00,1334.0,81956
4840,research_grade_oos,no_c1,55.0600000000004,-128.60750000000098,-128.60750000000098,0.0,0.0,2026-02-09 01:30:00+00:00,2026-02-12 18:15:00+00:00,1337.0,81972
4841,research_grade_oos,no_c1,92.01000000000022,-145.3800000000001,-145.3800000000001,0.0,0.0,2026-02-09 01:45:00+00:00,2026-02-12 18:15:00+00:00,1337.0,81972
4842,research_grade_oos,c1_triggered,45.039999999999964,-86.34000000000106,-142.6100000000015,-56.27000000000044,-1.2493339253996554,2026-02-09 16:45:00+00:00,2026-02-12 18:00:00+00:00,1338.0,81974
4843,research_grade_oos,c1_triggered,59.81999999999971,-105.21000000000095,-161.48000000000138,-56.27000000000044,-0.9406552992310383,2026-02-09 17:45:00+00:00,2026-02-12 18:00:00+00:00,1338.0,81974
4844,research_grade_oos,c1_triggered,72.80000000000018,-108.52000000000135,-164.79000000000178,-56.27000000000044,-0.7729395604395645,2026-02-09 18:00:00+00:00,2026-02-12 18:00:00+00:00,1338.0,81975
4845,research_grade_oos,c1_triggered,71.49000000000069,-112.9300000000012,-169.20000000000164,-56.27000000000044,-0.7871030913414448,2026-02-09 18:15:00+00:00,2026-02-12 18:00:00+00:00,1338.0,81975
4846,research_grade_oos,c1_triggered,77.13000000000011,-121.69000000000142,-177.96000000000186,-56.27000000000044,-0.7295475171787937,2026-02-09 18:30:00+00:00,2026-02-12 18:00:00+00:00,1338.0,81975
4847,research_grade_oos,no_c1,33.839999999999236,-39.04000000000087,-39.04000000000087,0.0,0.0,2026-02-10 10:45:00+00:00,2026-02-10 18:15:00+00:00,1339.0,81977
4848,research_grade_oos,no_c1,38.67999999999938,-56.82000000000062,-56.82000000000062,0.0,0.0,2026-02-10 16:30:00+00:00,2026-02-10 17:30:00+00:00,1340.0,81978
4849,research_grade_oos,c1_triggered,40.27000000000044,-95.79749999999967,-152.0675000000001,-56.27000000000044,-1.3973181028060548,2026-02-11 01:30:00+00:00,2026-02-12 18:00:00+00:00,1338.0,81980
4850,research_grade_oos,c1_triggered,29.93000000000029,-111.64750000000004,-167.91750000000047,-56.27000000000044,-1.8800534580688235,2026-02-11 07:45:00+00:00,2026-02-12 18:00:00+00:00,1338.0,81981
4851,research_grade_oos,c1_triggered,31.329999999999927,-113.46000000000095,-169.73000000000138,-56.27000000000044,-1.7960421321417352,2026-02-11 09:00:00+00:00,2026-02-12 18:00:00+00:00,1338.0,81981
4852,research_grade_oos,no_c1,29.949999999999818,-57.70000000000073,-57.70000000000073,0.0,0.0,2026-02-11 12:45:00+00:00,2026-02-11 16:30:00+00:00,1341.0,81982
4853,research_grade_oos,no_c1,54.88000000000011,-65.17000000000098,-65.17000000000098,0.0,0.0,2026-02-11 13:30:00+00:00,2026-02-11 16:30:00+00:00,1341.0,81982
4854,research_grade_oos,no_c1,63.960000000000036,-69.50000000000091,-69.50000000000091,0.0,0.0,2026-02-11 14:00:00+00:00,2026-02-11 16:30:00+00:00,1341.0,81982
4855,research_grade_oos,no_c1,29.23999999999978,-30.767499999999018,-30.767499999999018,0.0,0.0,2026-02-12 07:15:00+00:00,2026-02-12 16:45:00+00:00,1342.0,81985
4875,research_grade_oos,no_c1,53.35999999999967,-109.44749999999931,-109.44749999999931,0.0,0.0,2026-02-23 01:15:00+00:00,2026-03-03 16:45:00+00:00,1343.0,82028
4876,research_grade_oos,no_c1,96.14999999999964,-121.66000000000076,-121.66000000000076,0.0,0.0,2026-02-23 01:45:00+00:00,2026-03-03 16:45:00+00:00,1343.0,82028
4877,research_grade_oos,no_c1,104.07999999999993,-127.64000000000033,-127.64000000000033,0.0,0.0,2026-02-23 02:00:00+00:00,2026-03-03 16:45:00+00:00,1343.0,82028
4878,research_grade_oos,c1_triggered,88.97999999999956,-103.47000000000025,-105.19000000000051,-1.7200000000002547,-0.01933018655878021,2026-02-23 04:45:00+00:00,2026-03-03 16:30:00+00:00,1344.0,82028
4879,research_grade_oos,no_c1,39.090000000000146,-48.537499999999454,-48.537499999999454,0.0,0.0,2026-02-23 13:00:00+00:00,2026-02-24 15:45:00+00:00,1345.0,82030
4880,research_grade_oos,no_c1,41.11000000000058,-50.037499999999454,-50.037499999999454,0.0,0.0,2026-02-23 14:45:00+00:00,2026-02-24 15:45:00+00:00,1345.0,82030
4881,research_grade_oos,no_c1,23.909999999999854,-76.38000000000102,-76.38000000000102,0.0,0.0,2026-02-23 16:45:00+00:00,2026-02-24 15:45:00+00:00,1345.0,82030
4882,research_grade_oos,no_c1,63.48000000000047,-100.80000000000109,-100.80000000000109,0.0,0.0,2026-02-23 18:30:00+00:00,2026-02-24 15:45:00+00:00,1345.0,82031
4887,research_grade_oos,c1_triggered,47.05000000000018,-59.647500000000036,-68.89750000000095,-9.25000000000091,-0.1965993623804649,2026-02-24 01:15:00+00:00,2026-02-24 03:00:00+00:00,1346.0,82032
4890,research_grade_oos,c1_triggered,52.789999999999964,-104.33000000000084,-106.05000000000109,-1.7200000000002547,-0.0325819283955343,2026-02-25 03:15:00+00:00,2026-03-03 16:30:00+00:00,1344.0,82036
4891,research_grade_oos,c1_triggered,56.159999999999854,-114.32000000000062,-116.04000000000087,-1.7200000000002547,-0.03062678062678524,2026-02-25 03:30:00+00:00,2026-03-03 16:30:00+00:00,1344.0,82036
4892,research_grade_oos,no_c1,55.88000000000011,-68.86999999999898,-68.86999999999898,0.0,0.0,2026-02-25 07:30:00+00:00,2026-03-03 13:15:00+00:00,1347.0,82037
4893,research_grade_oos,no_c1,55.31999999999971,-77.11000000000058,-77.11000000000058,0.0,0.0,2026-02-25 07:45:00+00:00,2026-03-03 13:15:00+00:00,1347.0,82037
4894,research_grade_oos,no_c1,47.18000000000029,-50.720000000001164,-50.720000000001164,0.0,0.0,2026-02-25 18:30:00+00:00,2026-02-25 22:45:00+00:00,1348.0,82039
4895,research_grade_oos,no_c1,47.55000000000018,-55.33000000000084,-55.33000000000084,0.0,0.0,2026-02-25 18:45:00+00:00,2026-02-25 22:45:00+00:00,1348.0,82039
4896,research_grade_oos,no_c1,48.960000000000036,-60.097499999999854,-60.097499999999854,0.0,0.0,2026-02-25 19:00:00+00:00,2026-02-25 22:45:00+00:00,1348.0,82039
4899,research_grade_oos,no_c1,21.659999999999854,-87.27000000000044,-87.27000000000044,0.0,0.0,2026-02-27 15:15:00+00:00,2026-03-03 13:15:00+00:00,1347.0,82046
4900,research_grade_oos,no_c1,45.850000000000364,-109.73000000000047,-109.73000000000047,0.0,0.0,2026-02-27 15:30:00+00:00,2026-03-03 13:15:00+00:00,1347.0,82046
4901,research_grade_oos,no_c1,73.72999999999956,-127.93000000000029,-127.93000000000029,0.0,0.0,2026-02-27 18:15:00+00:00,2026-03-03 13:15:00+00:00,1347.0,82047
4905,research_grade_oos,c1_triggered,59.51999999999953,-150.76999999999862,-148.63999999999942,2.1299999999991996,0.035786290322567485,2026-03-02 01:15:00+00:00,2026-03-03 13:00:00+00:00,1349.0,82056
4906,research_grade_oos,no_c1,63.67000000000007,-86.53999999999996,-86.53999999999996,0.0,0.0,2026-03-02 08:15:00+00:00,2026-03-02 18:45:00+00:00,1350.0,82057
4907,research_grade_oos,no_c1,76.65999999999985,-92.03999999999996,-92.03999999999996,0.0,0.0,2026-03-02 08:30:00+00:00,2026-03-02 18:45:00+00:00,1350.0,82057
4908,research_grade_oos,no_c1,65.85999999999967,-72.73000000000047,-72.73000000000047,0.0,0.0,2026-03-02 09:00:00+00:00,2026-03-02 17:45:00+00:00,1351.0,82057
4909,research_grade_oos,no_c1,72.82999999999993,-91.36000000000058,-91.36000000000058,0.0,0.0,2026-03-02 09:15:00+00:00,2026-03-02 17:45:00+00:00,1351.0,82057
4910,research_grade_oos,no_c1,58.720000000000255,-68.36000000000058,-68.36000000000058,0.0,0.0,2026-03-03 02:30:00+00:00,2026-03-03 08:00:00+00:00,1352.0,82060
4911,research_grade_oos,no_c1,48.11999999999989,-78.71000000000095,-78.71000000000095,0.0,0.0,2026-03-03 03:15:00+00:00,2026-03-03 08:00:00+00:00,1352.0,82060
4912,research_grade_oos,no_c1,53.289999999999964,-87.63000000000102,-87.63000000000102,0.0,0.0,2026-03-03 03:30:00+00:00,2026-03-03 08:00:00+00:00,1352.0,82060
4913,research_grade_oos,rollover_ineligible,38.48000000000047,-47.74000000000433,-47.74000000000433,0.0,0.0,2026-03-10 04:30:00+00:00,2026-03-12 20:30:00+00:00,1353.0,82088
4914,research_grade_oos,rollover_ineligible,51.18000000000029,-73.93000000000393,-73.93000000000393,0.0,0.0,2026-03-10 05:00:00+00:00,2026-03-12 20:30:00+00:00,1353.0,82088
4915,research_grade_oos,no_c1,31.050000000000182,-53.38000000000375,-53.38000000000375,0.0,0.0,2026-03-10 11:45:00+00:00,2026-03-12 01:45:00+00:00,1354.0,82089
4916,research_grade_oos,no_c1,38.72999999999956,-64.15000000000327,-64.15000000000327,0.0,0.0,2026-03-10 16:15:00+00:00,2026-03-12 01:45:00+00:00,1354.0,82090
4917,research_grade_oos,no_c1,46.099999999999454,-84.97000000000298,-84.97000000000298,0.0,0.0,2026-03-10 16:30:00+00:00,2026-03-12 01:45:00+00:00,1354.0,82090
4918,research_grade_oos,no_c1,72.28999999999996,-99.26250000000073,-99.26250000000073,0.0,0.0,2026-03-10 18:45:00+00:00,2026-03-12 01:45:00+00:00,1354.0,82091
4919,research_grade_oos,no_c1,41.150000000000546,-71.32000000000335,-71.32000000000335,0.0,0.0,2026-03-25 14:30:00+00:00,2026-03-25 22:00:00+00:00,1355.0,82150
4920,research_grade_oos,no_c1,55.07000000000062,-74.85000000000309,-74.85000000000309,0.0,0.0,2026-03-25 14:45:00+00:00,2026-03-25 22:00:00+00:00,1355.0,82150
4924,research_grade_oos,no_c1,35.039999999999964,-51.76000000000295,-51.76000000000295,0.0,0.0,2026-03-30 14:45:00+00:00,2026-03-30 20:45:00+00:00,1356.0,82170
4935,research_grade_oos,c1_triggered,42.599999999999454,-61.31000000000313,-48.60000000000673,12.709999999996398,0.2983568075116564,2026-04-01 03:00:00+00:00,2026-04-02 08:30:00+00:00,1357.0,82176
4936,research_grade_oos,c1_triggered,46.48999999999978,-69.42000000000371,-56.71000000000731,12.709999999996398,0.27339212733913654,2026-04-01 03:15:00+00:00,2026-04-02 08:30:00+00:00,1357.0,82176
4937,research_grade_oos,c1_triggered,44.710000000000036,-88.33500000000186,-75.62500000000546,12.709999999996398,0.2842764482217935,2026-04-01 03:30:00+00:00,2026-04-02 08:30:00+00:00,1357.0,82176
4938,research_grade_oos,no_c1,41.32000000000062,-48.17250000000149,-48.17250000000149,0.0,0.0,2026-04-01 09:30:00+00:00,2026-04-02 07:30:00+00:00,1358.0,82177
4939,research_grade_oos,no_c1,45.82000000000062,-70.4200000000028,-70.4200000000028,0.0,0.0,2026-04-01 10:00:00+00:00,2026-04-02 07:30:00+00:00,1358.0,82177
4940,research_grade_oos,no_c1,45.44000000000051,-64.27500000000236,-64.27500000000236,0.0,0.0,2026-04-01 14:45:00+00:00,2026-04-02 04:15:00+00:00,1359.0,82178
4941,research_grade_oos,no_c1,59.659999999999854,-90.16000000000349,-90.16000000000349,0.0,0.0,2026-04-01 18:45:00+00:00,2026-04-02 04:15:00+00:00,1359.0,82179
4942,research_grade_oos,no_c1,49.29999999999927,-99.06000000000404,-99.06000000000404,0.0,0.0,2026-04-02 02:30:00+00:00,2026-04-02 04:15:00+00:00,1359.0,82180
4945,research_grade_oos,no_c1,62.899999999999636,-68.06000000000313,-68.06000000000313,0.0,0.0,2026-04-06 11:15:00+00:00,2026-04-07 17:00:00+00:00,1360.0,82197
4946,research_grade_oos,no_c1,58.100000000000364,-74.84500000000207,-74.84500000000207,0.0,0.0,2026-04-06 12:15:00+00:00,2026-04-07 04:45:00+00:00,1361.0,82198
4948,research_grade_oos,no_c1,97.68000000000029,-123.27000000000407,-123.27000000000407,0.0,0.0,2026-04-08 01:45:00+00:00,2026-04-13 01:15:00+00:00,1362.0,82204
4949,research_grade_oos,no_c1,125.82000000000062,-171.5400000000036,-171.5400000000036,0.0,0.0,2026-04-08 02:00:00+00:00,2026-04-13 01:15:00+00:00,1362.0,82204
4950,research_grade_oos,no_c1,170.84999999999945,-186.27000000000407,-186.27000000000407,0.0,0.0,2026-04-08 03:00:00+00:00,2026-04-13 01:15:00+00:00,1362.0,82204
4951,research_grade_oos,no_c1,29.73999999999978,-91.33750000000236,-91.33750000000236,0.0,0.0,2026-04-09 13:30:00+00:00,2026-04-13 01:15:00+00:00,1362.0,82210
4952,research_grade_oos,no_c1,36.30999999999949,-93.9200000000028,-93.9200000000028,0.0,0.0,2026-04-09 13:45:00+00:00,2026-04-13 01:15:00+00:00,1362.0,82210
4953,research_grade_oos,no_c1,43.719999999999345,-104.22000000000389,-104.22000000000389,0.0,0.0,2026-04-09 14:45:00+00:00,2026-04-13 01:15:00+00:00,1362.0,82210
4954,research_grade_oos,no_c1,47.779999999999745,-110.26000000000386,-110.26000000000386,0.0,0.0,2026-04-09 15:00:00+00:00,2026-04-13 01:15:00+00:00,1362.0,82210
4955,research_grade_oos,no_c1,39.26999999999953,-128.93000000000393,-128.93000000000393,0.0,0.0,2026-04-09 16:45:00+00:00,2026-04-13 01:15:00+00:00,1362.0,82210
4956,research_grade_oos,no_c1,53.23000000000047,-132.05000000000382,-132.05000000000382,0.0,0.0,2026-04-09 18:30:00+00:00,2026-04-13 01:15:00+00:00,1362.0,82211
4957,research_grade_oos,no_c1,51.47999999999956,-143.30000000000382,-143.30000000000382,0.0,0.0,2026-04-09 18:45:00+00:00,2026-04-13 01:15:00+00:00,1362.0,82211
4958,research_grade_oos,no_c1,29.75,-114.84000000000378,-114.84000000000378,0.0,0.0,2026-04-10 14:30:00+00:00,2026-04-13 01:15:00+00:00,1362.0,82214
4959,research_grade_oos,no_c1,31.57000000000062,-120.33000000000357,-120.33000000000357,0.0,0.0,2026-04-10 14:45:00+00:00,2026-04-13 01:15:00+00:00,1362.0,82214
4960,research_grade_oos,no_c1,40.23000000000047,-125.95000000000437,-125.95000000000437,0.0,0.0,2026-04-10 15:45:00+00:00,2026-04-13 01:15:00+00:00,1362.0,82214
4961,research_grade_oos,no_c1,40.13000000000011,-143.77000000000407,-143.77000000000407,0.0,0.0,2026-04-10 17:30:00+00:00,2026-04-13 01:15:00+00:00,1362.0,82214
4962,research_grade_oos,no_c1,40.05000000000018,-50.06000000000313,-50.06000000000313,0.0,0.0,2026-04-14 03:45:00+00:00,2026-04-21 19:15:00+00:00,1363.0,82228
4963,research_grade_oos,c1_triggered,45.289999999999964,-46.53000000000338,-47.41000000000622,-0.8800000000028376,-0.019430337822981637,2026-04-14 04:15:00+00:00,2026-04-21 19:00:00+00:00,1364.0,82228
4964,research_grade_oos,no_c1,19.13000000000011,-30.30000000000382,-30.30000000000382,0.0,0.0,2026-04-14 10:00:00+00:00,2026-04-20 02:30:00+00:00,1365.0,82229
4965,research_grade_oos,no_c1,25.029999999999745,-38.49000000000342,-38.49000000000342,0.0,0.0,2026-04-14 10:15:00+00:00,2026-04-20 02:30:00+00:00,1365.0,82229
4966,research_grade_oos,no_c1,40.25,-41.140000000003965,-41.140000000003965,0.0,0.0,2026-04-14 16:45:00+00:00,2026-04-20 02:30:00+00:00,1365.0,82230
4967,research_grade_oos,no_c1,51.35999999999967,-57.700000000003456,-57.700000000003456,0.0,0.0,2026-04-14 17:30:00+00:00,2026-04-20 02:30:00+00:00,1365.0,82230
4971,research_grade_oos,no_c1,34.909999999999854,-37.100000000004,-37.100000000004,0.0,0.0,2026-04-15 16:30:00+00:00,2026-04-16 20:15:00+00:00,1366.0,82234
4972,research_grade_oos,no_c1,39.23999999999978,-44.350000000004,-44.350000000004,0.0,0.0,2026-04-15 17:00:00+00:00,2026-04-16 20:15:00+00:00,1366.0,82234
4973,research_grade_oos,no_c1,24.0600000000004,-25.647500000000946,-25.647500000000946,0.0,0.0,2026-04-16 02:15:00+00:00,2026-04-16 17:30:00+00:00,1367.0,82236
4974,research_grade_oos,no_c1,25.340000000000146,-27.75000000000273,-27.75000000000273,0.0,0.0,2026-04-16 02:30:00+00:00,2026-04-16 17:30:00+00:00,1367.0,82236
4975,research_grade_oos,no_c1,27.94000000000051,-35.86750000000211,-35.86750000000211,0.0,0.0,2026-04-16 02:45:00+00:00,2026-04-16 17:30:00+00:00,1367.0,82236
4976,research_grade_oos,no_c1,38.789999999999964,-42.67000000000189,-42.67000000000189,0.0,0.0,2026-04-16 03:15:00+00:00,2026-04-16 17:30:00+00:00,1367.0,82236
4977,research_grade_oos,no_c1,43.35999999999967,-45.3575000000028,-45.3575000000028,0.0,0.0,2026-04-16 03:45:00+00:00,2026-04-16 17:30:00+00:00,1367.0,82236
4978,research_grade_oos,no_c1,66.69000000000051,-103.31000000000404,-103.31000000000404,0.0,0.0,2026-04-17 16:15:00+00:00,2026-04-20 01:30:00+00:00,1368.0,82242
4979,research_grade_oos,no_c1,29.039999999999964,-37.2950000000028,-37.2950000000028,0.0,0.0,2026-04-21 01:15:00+00:00,2026-04-21 07:15:00+00:00,1369.0,82256
4980,research_grade_oos,c1_triggered,21.890000000000327,-26.959999999999127,-19.610000000000582,7.349999999998545,0.33576975788023916,2026-05-01 01:15:00+00:00,2026-05-01 08:45:00+00:00,1370.0,82296
4981,research_grade_oos,no_c1,76.19000000000051,-81.9950000000008,-81.9950000000008,0.0,0.0,2026-05-06 04:30:00+00:00,2026-05-15 12:30:00+00:00,1371.0,82316
4982,research_grade_oos,no_c1,82.22000000000025,-90.31500000000051,-90.31500000000051,0.0,0.0,2026-05-06 05:15:00+00:00,2026-05-15 12:30:00+00:00,1371.0,82316
4983,research_grade_oos,no_c1,90.07000000000062,-97.6850000000004,-97.6850000000004,0.0,0.0,2026-05-06 06:00:00+00:00,2026-05-15 12:30:00+00:00,1371.0,82317
4984,research_grade_oos,no_c1,95.43000000000029,-104.77500000000055,-104.77500000000055,0.0,0.0,2026-05-06 06:15:00+00:00,2026-05-15 12:30:00+00:00,1371.0,82317
4985,research_grade_oos,c1_triggered,72.34999999999945,-84.47500000000036,-97.01250000000346,-12.537500000003092,-0.17328956461649186,2026-05-06 07:30:00+00:00,2026-05-15 08:30:00+00:00,1372.0,82317
4986,research_grade_oos,c1_triggered,65.42000000000007,-86.59500000000116,-99.13250000000426,-12.537500000003092,-0.1916462855396374,2026-05-06 08:15:00+00:00,2026-05-15 08:30:00+00:00,1372.0,82317
4987,research_grade_oos,no_c1,46.92000000000007,-54.475000000000364,-54.475000000000364,0.0,0.0,2026-05-06 09:00:00+00:00,2026-05-15 04:15:00+00:00,1373.0,82317
4988,research_grade_oos,no_c1,56.1200000000008,-57.62500000000091,-57.62500000000091,0.0,0.0,2026-05-06 09:30:00+00:00,2026-05-15 04:15:00+00:00,1373.0,82317
4989,research_grade_oos,no_c1,45.19000000000051,-50.35500000000229,-50.35500000000229,0.0,0.0,2026-05-06 10:00:00+00:00,2026-05-15 03:30:00+00:00,1374.0,82317
4990,research_grade_oos,c1_triggered,36.149999999999636,-51.35500000000229,-61.67500000000564,-10.320000000003347,-0.285477178423332,2026-05-06 11:00:00+00:00,2026-05-15 03:15:00+00:00,1375.0,82317
4991,research_grade_oos,c1_triggered,39.289999999999964,-70.50500000000193,-80.82500000000528,-10.320000000003347,-0.2626622550268098,2026-05-06 12:00:00+00:00,2026-05-15 03:15:00+00:00,1375.0,82318
4992,research_grade_oos,c1_triggered,63.780000000000655,-84.37500000000273,-94.69500000000608,-10.320000000003347,-0.16180620884294827,2026-05-06 13:45:00+00:00,2026-05-15 03:15:00+00:00,1375.0,82318
4993,research_grade_oos,no_c1,15.980000000000473,-27.605000000000473,-27.605000000000473,0.0,0.0,2026-05-07 04:15:00+00:00,2026-05-11 03:00:00+00:00,1376.0,82320
4994,research_grade_oos,no_c1,28.659999999999854,-58.64000000000124,-58.64000000000124,0.0,0.0,2026-05-07 09:45:00+00:00,2026-05-07 23:45:00+00:00,1377.0,82321
4995,research_grade_oos,no_c1,33.64000000000033,-48.19000000000051,-48.19000000000051,0.0,0.0,2026-05-07 18:00:00+00:00,2026-05-07 19:00:00+00:00,1378.0,82323
4996,research_grade_oos,no_c1,40.69000000000051,-51.68749999999818,-51.68749999999818,0.0,0.0,2026-05-08 05:00:00+00:00,2026-05-11 07:15:00+00:00,1379.0,82324
4997,research_grade_oos,no_c1,27.48999999999978,-30.36000000000422,-30.36000000000422,0.0,0.0,2026-05-08 09:30:00+00:00,2026-05-08 15:00:00+00:00,1380.0,82325
4998,research_grade_oos,no_c1,29.050000000000182,-44.510000000003856,-44.510000000003856,0.0,0.0,2026-05-08 16:45:00+00:00,2026-05-11 01:15:00+00:00,1381.0,82326
4999,research_grade_oos,no_c1,41.43000000000029,-54.47000000000389,-54.47000000000389,0.0,0.0,2026-05-08 17:00:00+00:00,2026-05-11 01:15:00+00:00,1381.0,82326
5000,research_grade_oos,c1_triggered,30.18000000000029,-34.31000000000222,-40.510000000004766,-6.200000000002547,-0.2054340622929916,2026-05-12 01:15:00+00:00,2026-05-12 09:00:00+00:00,1382.0,82340
5001,research_grade_oos,c1_triggered,35.57000000000062,-40.140000000002146,-46.34000000000469,-6.200000000002547,-0.1743041889233185,2026-05-12 01:45:00+00:00,2026-05-12 09:00:00+00:00,1382.0,82340
5002,research_grade_oos,c1_triggered,36.10999999999967,-46.15750000000298,-52.35750000000553,-6.200000000002547,-0.17169759069517038,2026-05-12 02:00:00+00:00,2026-05-12 09:00:00+00:00,1382.0,82340
5003,research_grade_oos,no_c1,37.30999999999949,-42.4200000000028,-42.4200000000028,0.0,0.0,2026-05-12 02:45:00+00:00,2026-05-12 07:45:00+00:00,1383.0,82340
5004,research_grade_oos,no_c1,38.23000000000047,-47.200000000003456,-47.200000000003456,0.0,0.0,2026-05-12 03:00:00+00:00,2026-05-12 06:45:00+00:00,1384.0,82340
5005,research_grade_oos,no_c1,18.469999999999345,-27.44000000000233,-27.44000000000233,0.0,0.0,2026-05-21 04:15:00+00:00,2026-05-21 05:45:00+00:00,1385.0,82376
5006,research_grade_oos,no_c1,25.4399999999996,-34.6100000000024,-34.6100000000024,0.0,0.0,2026-05-21 04:30:00+00:00,2026-05-21 05:45:00+00:00,1385.0,82376
5007,research_grade_oos,no_c1,61.220000000000255,-73.70250000000124,-73.70250000000124,0.0,0.0,2026-05-25 02:15:00+00:00,2026-05-26 19:00:00+00:00,1386.0,82392
5008,research_grade_oos,c1_triggered,15.63000000000011,-24.390000000002146,-29.580000000006294,-5.190000000004147,-0.3320537428025663,2026-05-25 13:00:00+00:00,2026-05-26 04:15:00+00:00,1387.0,82394
5009,research_grade_oos,c1_triggered,18.56999999999971,-28.640000000002146,-33.830000000006294,-5.190000000004147,-0.27948303715693207,2026-05-25 13:15:00+00:00,2026-05-26 04:15:00+00:00,1387.0,82394
5010,research_grade_oos,no_c1,14.319999999999709,-22.9900000000016,-22.9900000000016,0.0,0.0,2026-05-26 02:15:00+00:00,2026-05-26 02:30:00+00:00,1388.0,82396
5011,research_grade_oos,c1_triggered,14.550000000000182,-31.160000000002583,-34.09000000000651,-2.930000000003929,-0.2013745704470029,2026-05-29 04:15:00+00:00,2026-06-01 16:00:00+00:00,1389.0,82408
5012,research_grade_oos,c1_triggered,27.460000000000036,-39.85000000000218,-42.78000000000611,-2.930000000003929,-0.10670065549905045,2026-05-29 10:00:00+00:00,2026-06-01 16:00:00+00:00,1389.0,82409
5013,research_grade_oos,c1_triggered,29.159999999999854,-41.48000000000229,-44.41000000000622,-2.930000000003929,-0.10048010973950423,2026-05-29 10:45:00+00:00,2026-06-01 16:00:00+00:00,1389.0,82409
5014,research_grade_oos,no_c1,24.93000000000029,-31.37000000000444,-31.37000000000444,0.0,0.0,2026-05-29 12:15:00+00:00,2026-06-01 10:30:00+00:00,1390.0,82410
5015,research_grade_oos,no_c1,29.550000000000182,-30.93000000000302,-30.93000000000302,0.0,0.0,2026-05-29 12:45:00+00:00,2026-06-01 09:45:00+00:00,1391.0,82410
5016,research_grade_oos,no_c1,30.51000000000022,-33.80750000000262,-33.80750000000262,0.0,0.0,2026-05-29 17:15:00+00:00,2026-06-01 06:30:00+00:00,1392.0,82410
5017,research_grade_oos,no_c1,39.779999999999745,-54.027500000002874,-54.027500000002874,0.0,0.0,2026-05-29 18:00:00+00:00,2026-06-01 06:30:00+00:00,1392.0,82411
5018,research_grade_oos,no_c1,57.61999999999989,-80.2425000000012,-80.2425000000012,0.0,0.0,2026-05-29 18:15:00+00:00,2026-06-01 06:30:00+00:00,1392.0,82411
5019,research_grade_oos,no_c1,65.75,-72.95000000000346,-72.95000000000346,0.0,0.0,2026-06-02 10:15:00+00:00,2026-06-03 02:15:00+00:00,1393.0,82425
5020,research_grade_oos,no_c1,34.710000000000036,-48.517500000002656,-48.517500000002656,0.0,0.0,2026-06-12 11:30:00+00:00,2026-06-19 06:00:00+00:00,1394.0,82465
5021,research_grade_oos,c1_triggered,45.0600000000004,-49.37000000000262,-51.27750000000378,-1.9075000000011642,-0.04233244562807695,2026-06-12 18:30:00+00:00,2026-06-19 05:45:00+00:00,1395.0,82467
5022,research_grade_oos,no_c1,33.49000000000069,-104.08000000000357,-104.08000000000357,0.0,0.0,2026-06-15 01:15:00+00:00,2026-06-19 02:00:00+00:00,1396.0,82476
5023,research_grade_oos,no_c1,107.01000000000022,-122.14000000000306,-122.14000000000306,0.0,0.0,2026-06-15 04:45:00+00:00,2026-06-19 02:00:00+00:00,1396.0,82476
5024,research_grade_oos,no_c1,109.98999999999978,-119.69000000000415,-119.69000000000415,0.0,0.0,2026-06-15 05:15:00+00:00,2026-06-18 22:00:00+00:00,1397.0,82476
5025,research_grade_oos,no_c1,32.14000000000033,-57.0400000000036,-57.0400000000036,0.0,0.0,2026-06-15 11:45:00+00:00,2026-06-17 21:00:00+00:00,1398.0,82477
5026,research_grade_oos,no_c1,34.82999999999993,-39.590000000002874,-39.590000000002874,0.0,0.0,2026-06-15 16:00:00+00:00,2026-06-15 23:30:00+00:00,1399.0,82478
5027,research_grade_oos,no_c1,25.69000000000051,-31.785000000002583,-31.785000000002583,0.0,0.0,2026-06-15 16:30:00+00:00,2026-06-15 20:30:00+00:00,1400.0,82478
5028,research_grade_oos,no_c1,31.210000000000036,-41.74000000000251,-41.74000000000251,0.0,0.0,2026-06-15 16:45:00+00:00,2026-06-15 20:30:00+00:00,1400.0,82478
5029,research_grade_oos,no_c1,18.99000000000069,-47.87000000000262,-47.87000000000262,0.0,0.0,2026-06-16 06:45:00+00:00,2026-06-17 21:00:00+00:00,1398.0,82481
5030,research_grade_oos,no_c1,21.960000000000036,-51.150000000004184,-51.150000000004184,0.0,0.0,2026-06-16 11:00:00+00:00,2026-06-17 21:00:00+00:00,1398.0,82481
5031,research_grade_oos,no_c1,22.029999999999745,-53.900000000004184,-53.900000000004184,0.0,0.0,2026-06-16 11:15:00+00:00,2026-06-17 21:00:00+00:00,1398.0,82481
5032,research_grade_oos,no_c1,26.449999999999818,-57.13500000000295,-57.13500000000295,0.0,0.0,2026-06-16 11:30:00+00:00,2026-06-17 21:00:00+00:00,1398.0,82481
5033,research_grade_oos,no_c1,31.519999999999527,-63.020000000004075,-63.020000000004075,0.0,0.0,2026-06-16 12:00:00+00:00,2026-06-17 21:00:00+00:00,1398.0,82482
5034,research_grade_oos,no_c1,34.779999999999745,-64.98000000000411,-64.98000000000411,0.0,0.0,2026-06-16 14:00:00+00:00,2026-06-17 21:00:00+00:00,1398.0,82482
5035,research_grade_oos,no_c1,23.170000000000073,-30.410000000003492,-30.410000000003492,0.0,0.0,2026-06-16 15:45:00+00:00,2026-06-16 17:15:00+00:00,1401.0,82482
5036,research_grade_oos,no_c1,23.079999999999927,-35.44000000000415,-35.44000000000415,0.0,0.0,2026-06-16 16:00:00+00:00,2026-06-16 17:15:00+00:00,1401.0,82482
5037,research_grade_oos,no_c1,14.199999999999818,-23.710000000003674,-23.710000000003674,0.0,0.0,2026-06-17 04:15:00+00:00,2026-06-17 07:15:00+00:00,1402.0,82484
5038,research_grade_oos,no_c1,20.61999999999989,-57.81000000000404,-57.81000000000404,0.0,0.0,2026-06-17 16:45:00+00:00,2026-06-17 21:00:00+00:00,1398.0,82486
5039,research_grade_oos,no_c1,25.979999999999563,-76.13000000000375,-76.13000000000375,0.0,0.0,2026-06-17 17:30:00+00:00,2026-06-17 21:00:00+00:00,1398.0,82486
5041,research_grade_oos,no_c1,48.31999999999971,-73.82999999999947,-73.82999999999947,0.0,0.0,2026-06-26 17:15:00+00:00,2026-06-29 17:00:00+00:00,1403.0,82522
5042,research_grade_oos,no_c1,57.13000000000011,-64.08500000000004,-64.08500000000004,0.0,0.0,2026-06-26 18:45:00+00:00,2026-06-29 12:45:00+00:00,1404.0,82523
5043,research_grade_oos,no_c1,37.850000000000364,-54.52999999999929,-54.52999999999929,0.0,0.0,2026-07-02 07:00:00+00:00,2026-07-13 17:15:00+00:00,1405.0,82545
5044,research_grade_oos,no_c1,22.460000000000036,-76.18000000000166,-76.18000000000166,0.0,0.0,2026-07-02 15:45:00+00:00,2026-07-08 11:45:00+00:00,1406.0,82546
5045,research_grade_oos,no_c1,22.300000000000182,-30.489999999998872,-30.489999999998872,0.0,0.0,2026-07-03 02:30:00+00:00,2026-07-08 01:15:00+00:00,1407.0,82548
5046,research_grade_oos,no_c1,26.210000000000036,-29.412500000000364,-29.412500000000364,0.0,0.0,2026-07-03 03:15:00+00:00,2026-07-07 22:00:00+00:00,1408.0,82548
5047,research_grade_oos,no_c1,32.67999999999938,-41.852499999999964,-41.852499999999964,0.0,0.0,2026-07-03 04:00:00+00:00,2026-07-07 22:00:00+00:00,1408.0,82548
5048,research_grade_oos,no_c1,42.75999999999931,-70.76000000000204,-70.76000000000204,0.0,0.0,2026-07-03 04:15:00+00:00,2026-07-07 22:00:00+00:00,1408.0,82548
5049,research_grade_oos,no_c1,71.07999999999993,-82.06000000000404,-82.06000000000404,0.0,0.0,2026-07-03 04:30:00+00:00,2026-07-07 22:00:00+00:00,1408.0,82548
5050,research_grade_oos,no_c1,30.300000000000182,-37.087500000002365,-37.087500000002365,0.0,0.0,2026-07-06 01:45:00+00:00,2026-07-06 08:00:00+00:00,1409.0,82560
5051,research_grade_oos,no_c1,36.0600000000004,-48.74000000000251,-48.74000000000251,0.0,0.0,2026-07-06 02:30:00+00:00,2026-07-06 08:00:00+00:00,1409.0,82560
5054,research_grade_oos,no_c1,19.230000000000473,-37.43249999999989,-37.43249999999989,0.0,0.0,2026-07-07 14:30:00+00:00,2026-07-07 22:00:00+00:00,1408.0,82566
5055,research_grade_oos,no_c1,25.43000000000029,-42.93000000000211,-42.93000000000211,0.0,0.0,2026-07-07 14:45:00+00:00,2026-07-07 22:00:00+00:00,1408.0,82566
5056,research_grade_oos,no_c1,29.11999999999989,-51.78000000000429,-51.78000000000429,0.0,0.0,2026-07-07 15:00:00+00:00,2026-07-07 22:00:00+00:00,1408.0,82566
5057,research_grade_oos,no_c1,38.25,-68.08500000000186,-68.08500000000186,0.0,0.0,2026-07-07 15:15:00+00:00,2026-07-07 22:00:00+00:00,1408.0,82566
5059,research_grade_oos,no_c1,28.40000000000009,-33.92250000000013,-33.92250000000013,0.0,0.0,2026-07-20 14:45:00+00:00,2026-07-20 17:00:00+00:00,1410.0,82618
5060,research_grade_oos,no_c1,44.429999999999836,-48.687499999998636,-48.687499999998636,0.0,0.0,2026-07-21 06:30:00+00:00,2026-07-29 17:00:00+00:00,1411.0,82621
5061,research_grade_oos,c1_triggered,43.90000000000009,-47.79749999999831,-54.46249999999645,-6.664999999998145,-0.151822323462372,2026-07-21 08:30:00+00:00,2026-07-29 16:45:00+00:00,1412.0,82621
5062,research_grade_oos,no_c1,42.25999999999976,-53.51999999999862,-53.51999999999862,0.0,0.0,2026-07-21 08:45:00+00:00,2026-07-29 04:00:00+00:00,1413.0,82621
5063,research_grade_oos,no_c1,49.460000000000036,-54.45749999999953,-54.45749999999953,0.0,0.0,2026-07-21 09:15:00+00:00,2026-07-28 13:15:00+00:00,1414.0,82621
5064,research_grade_oos,no_c1,52.89000000000033,-60.2824999999998,-60.2824999999998,0.0,0.0,2026-07-21 09:45:00+00:00,2026-07-28 13:15:00+00:00,1414.0,82621
5065,research_grade_oos,no_c1,29.129999999999654,-36.36000000000058,-36.36000000000058,0.0,0.0,2026-07-21 18:30:00+00:00,2026-07-23 16:00:00+00:00,1415.0,82623
5067,research_grade_oos,c1_triggered,18.759999999999764,-30.71250000000009,-48.83249999999953,-18.119999999999436,-0.9658848614072316,2026-07-22 03:15:00+00:00,2026-07-23 15:45:00+00:00,1416.0,82624
5068,research_grade_oos,c1_triggered,21.590000000000146,-29.519999999999527,-8.929999999998927,20.5900000000006,0.9536822603057185,2026-07-22 03:30:00+00:00,2026-07-23 15:30:00+00:00,1417.0,82624
5069,research_grade_oos,c1_triggered,25.649999999999636,-46.60000000000173,-40.01000000000113,6.5900000000006,0.2569200779727366,2026-07-22 04:15:00+00:00,2026-07-23 15:15:00+00:00,1418.0,82624
5070,research_grade_oos,c1_triggered,44.909999999999854,-47.67000000000144,-41.08000000000084,6.5900000000006,0.14673792028502833,2026-07-22 04:45:00+00:00,2026-07-23 15:15:00+00:00,1418.0,82624
5071,research_grade_oos,c1_triggered,46.9399999999996,-50.0300000000002,-43.4399999999996,6.5900000000006,0.1403919897741938,2026-07-22 05:30:00+00:00,2026-07-23 15:15:00+00:00,1418.0,82624
5072,research_grade_oos,c1_triggered,49.43000000000029,-53.51000000000158,-46.92000000000098,6.5900000000006,0.13331984624722965,2026-07-22 05:45:00+00:00,2026-07-23 15:15:00+00:00,1418.0,82624
5073,research_grade_oos,c1_triggered,53.73999999999978,-56.07000000000198,-49.48000000000138,6.5900000000006,0.12262746557500237,2026-07-22 06:00:00+00:00,2026-07-23 15:15:00+00:00,1418.0,82625
5074,research_grade_oos,c1_triggered,54.23999999999978,-62.59000000000151,-56.00000000000091,6.5900000000006,0.12149705014750418,2026-07-22 06:15:00+00:00,2026-07-23 15:15:00+00:00,1418.0,82625
5075,research_grade_oos,no_c1,13.760000000000218,-21.1775000000016,-21.1775000000016,0.0,0.0,2026-07-22 15:15:00+00:00,2026-07-23 10:00:00+00:00,1419.0,82626
5076,research_grade_oos,no_c1,17.969999999999345,-26.42250000000149,-26.42250000000149,0.0,0.0,2026-07-22 15:30:00+00:00,2026-07-23 10:00:00+00:00,1419.0,82626
5077,research_grade_oos,no_c1,27.549999999999272,-36.81000000000404,-36.81000000000404,0.0,0.0,2026-07-22 16:45:00+00:00,2026-07-23 10:00:00+00:00,1419.0,82626
5078,research_grade_oos,no_c1,39.22999999999956,-48.56000000000404,-48.56000000000404,0.0,0.0,2026-07-22 17:00:00+00:00,2026-07-23 10:00:00+00:00,1419.0,82626
5079,research_grade_oos,no_c1,35.340000000000146,-40.004999999998745,-40.004999999998745,0.0,0.0,2026-07-30 11:30:00+00:00,2026-07-31 16:30:00+00:00,1420.0,82657
5080,research_grade_oos,no_c1,46.15000000000009,-52.05499999999893,-52.05499999999893,0.0,0.0,2026-07-30 13:30:00+00:00,2026-07-31 16:30:00+00:00,1420.0,82658
5081,research_grade_oos,no_c1,49.13000000000011,-56.73499999999876,-56.73499999999876,0.0,0.0,2026-07-30 13:45:00+00:00,2026-07-31 16:30:00+00:00,1420.0,82658
5082,research_grade_oos,no_c1,27.179999999999836,-31.064999999999145,-31.064999999999145,0.0,0.0,2026-07-30 16:45:00+00:00,2026-07-31 11:15:00+00:00,1421.0,82658
5083,research_grade_oos,no_c1,39.24000000000024,-54.23499999999922,-54.23499999999922,0.0,0.0,2026-07-30 17:00:00+00:00,2026-07-31 11:15:00+00:00,1421.0,82658
5101,research_grade_oos,no_c1,26.650000000000546,-42.914999999998145,-42.914999999998145,0.0,0.0,2026-08-06 02:45:00+00:00,2026-08-06 16:00:00+00:00,1422.0,82684
5102,research_grade_oos,no_c1,41.529999999999745,-48.98499999999876,-48.98499999999876,0.0,0.0,2026-08-06 03:45:00+00:00,2026-08-06 16:00:00+00:00,1422.0,82684
5103,research_grade_oos,no_c1,48.07000000000062,-56.92499999999836,-56.92499999999836,0.0,0.0,2026-08-06 04:00:00+00:00,2026-08-06 16:00:00+00:00,1422.0,82684
5104,research_grade_oos,no_c1,23.039999999999964,-35.43499999999858,-35.43499999999858,0.0,0.0,2026-08-06 11:45:00+00:00,2026-08-06 16:00:00+00:00,1422.0,82685
5105,research_grade_oos,no_c1,27.720000000000255,-40.42499999999836,-40.42499999999836,0.0,0.0,2026-08-06 12:00:00+00:00,2026-08-06 16:00:00+00:00,1422.0,82686
5119,research_grade_oos,no_c1,27.220000000000255,-31.474999999999454,-31.474999999999454,0.0,0.0,2026-08-10 08:45:00+00:00,2026-08-14 05:00:00+00:00,1423.0,82701
5120,research_grade_oos,no_c1,30.88000000000011,-35.594999999998436,-35.594999999998436,0.0,0.0,2026-08-10 09:00:00+00:00,2026-08-14 05:00:00+00:00,1423.0,82701
5121,research_grade_oos,no_c1,38.63000000000011,-43.30499999999847,-43.30499999999847,0.0,0.0,2026-08-10 09:45:00+00:00,2026-08-14 05:00:00+00:00,1423.0,82701
5122,research_grade_oos,no_c1,39.44000000000051,-46.21499999999833,-46.21499999999833,0.0,0.0,2026-08-10 10:00:00+00:00,2026-08-14 05:00:00+00:00,1423.0,82701
5123,research_grade_oos,no_c1,31.350000000000364,-37.654999999998836,-37.654999999998836,0.0,0.0,2026-08-10 17:45:00+00:00,2026-08-14 05:00:00+00:00,1423.0,82702
5124,research_grade_oos,no_c1,35.5,-46.534999999998945,-46.534999999998945,0.0,0.0,2026-08-10 19:00:00+00:00,2026-08-14 05:00:00+00:00,1423.0,82703
5125,research_grade_oos,no_c1,42.73000000000047,-49.50499999999829,-49.50499999999829,0.0,0.0,2026-08-10 19:15:00+00:00,2026-08-14 05:00:00+00:00,1423.0,82703
5129,research_grade_oos,no_c1,44.86999999999989,-48.88499999999931,-48.88499999999931,0.0,0.0,2026-08-11 01:45:00+00:00,2026-08-13 22:00:00+00:00,1424.0,82704
5130,research_grade_oos,no_c1,44.42000000000007,-52.974999999998545,-52.974999999998545,0.0,0.0,2026-08-11 02:00:00+00:00,2026-08-13 22:00:00+00:00,1424.0,82704
5131,research_grade_oos,no_c1,44.029999999999745,-47.54500000000007,-47.54500000000007,0.0,0.0,2026-08-11 03:00:00+00:00,2026-08-13 19:00:00+00:00,1425.0,82704
5132,research_grade_oos,no_c1,47.340000000000146,-55.79499999999916,-55.79499999999916,0.0,0.0,2026-08-11 03:30:00+00:00,2026-08-11 10:30:00+00:00,1426.0,82704
5133,research_grade_oos,no_c1,37.88999999999942,-42.854999999998654,-42.854999999998654,0.0,0.0,2026-08-11 04:30:00+00:00,2026-08-11 08:30:00+00:00,1427.0,82704
5134,research_grade_oos,no_c1,36.530000000000655,-53.30499999999938,-53.30499999999938,0.0,0.0,2026-08-11 05:00:00+00:00,2026-08-11 08:30:00+00:00,1427.0,82704
5135,research_grade_oos,no_c1,25.899999999999636,-36.87499999999909,-36.87499999999909,0.0,0.0,2026-08-11 14:15:00+00:00,2026-08-13 19:00:00+00:00,1425.0,82706
5136,research_grade_oos,no_c1,36.17999999999938,-42.224999999999454,-42.224999999999454,0.0,0.0,2026-08-11 15:15:00+00:00,2026-08-13 19:00:00+00:00,1425.0,82706
5137,research_grade_oos,no_c1,18.110000000000582,-23.284999999998945,-23.284999999998945,0.0,0.0,2026-08-12 03:15:00+00:00,2026-08-13 19:00:00+00:00,1425.0,82708
5138,research_grade_oos,no_c1,19.01000000000022,-25.894999999999527,-25.894999999999527,0.0,0.0,2026-08-12 03:30:00+00:00,2026-08-13 19:00:00+00:00,1425.0,82708
5139,research_grade_oos,no_c1,19.970000000000255,-28.114999999998872,-28.114999999998872,0.0,0.0,2026-08-12 03:45:00+00:00,2026-08-13 19:00:00+00:00,1425.0,82708
5140,research_grade_oos,no_c1,22.36999999999989,-35.57499999999891,-35.57499999999891,0.0,0.0,2026-08-12 04:15:00+00:00,2026-08-13 19:00:00+00:00,1425.0,82708
5141,research_grade_oos,no_c1,31.399999999999636,-41.76499999999942,-41.76499999999942,0.0,0.0,2026-08-12 05:00:00+00:00,2026-08-13 19:00:00+00:00,1425.0,82708
5142,research_grade_oos,no_c1,34.899999999999636,-46.88499999999931,-46.88499999999931,0.0,0.0,2026-08-12 05:15:00+00:00,2026-08-13 19:00:00+00:00,1425.0,82708
5143,research_grade_oos,no_c1,42.07999999999993,-50.67499999999927,-50.67499999999927,0.0,0.0,2026-08-12 05:45:00+00:00,2026-08-13 19:00:00+00:00,1425.0,82708
5144,research_grade_oos,no_c1,45.63999999999942,-56.524999999999636,-56.524999999999636,0.0,0.0,2026-08-12 06:00:00+00:00,2026-08-13 19:00:00+00:00,1425.0,82709
5145,research_grade_oos,c1_triggered,26.480000000000473,-30.644999999998618,-31.229999999998654,-0.5850000000000364,-0.02209214501510672,2026-08-12 12:15:00+00:00,2026-08-13 08:45:00+00:00,1428.0,82710
5146,research_grade_oos,no_c1,25.799999999999272,-33.39499999999953,-33.39499999999953,0.0,0.0,2026-08-12 15:30:00+00:00,2026-08-13 07:00:00+00:00,1429.0,82710
5147,research_grade_oos,no_c1,22.00999999999931,-25.24499999999898,-25.24499999999898,0.0,0.0,2026-08-13 03:15:00+00:00,2026-08-13 07:00:00+00:00,1429.0,82712
5148,research_grade_oos,no_c1,23.779999999999745,-34.36499999999978,-34.36499999999978,0.0,0.0,2026-08-13 03:30:00+00:00,2026-08-13 07:00:00+00:00,1429.0,82712
5149,research_grade_oos,no_c1,39.3100000000004,-46.14499999999953,-46.14499999999953,0.0,0.0,2026-08-13 03:45:00+00:00,2026-08-13 07:00:00+00:00,1429.0,82712
5150,research_grade_oos,no_c1,26.460000000000036,-37.36499999999887,-37.36499999999887,0.0,0.0,2026-08-13 14:00:00+00:00,2026-08-13 19:00:00+00:00,1425.0,82714
5151,research_grade_oos,no_c1,37.160000000000764,-46.95499999999902,-46.95499999999902,0.0,0.0,2026-08-13 16:00:00+00:00,2026-08-13 19:00:00+00:00,1425.0,82714
5152,research_grade_oos,c1_triggered,19.69000000000051,-23.869999999998072,-18.910000000000764,4.959999999997308,0.2519045200608014,2026-08-17 03:30:00+00:00,2026-08-18 17:45:00+00:00,1430.0,82728
5153,research_grade_oos,c1_triggered,23.68000000000029,-29.669999999998254,-24.710000000000946,4.959999999997308,0.2094594594593432,2026-08-17 03:45:00+00:00,2026-08-18 17:45:00+00:00,1430.0,82728
5154,research_grade_oos,c1_triggered,30.340000000000146,-34.70999999999822,-29.75000000000091,4.959999999997308,0.16348055372436665,2026-08-17 04:00:00+00:00,2026-08-18 17:45:00+00:00,1430.0,82728
5155,research_grade_oos,c1_triggered,34.840000000000146,-43.32999999999811,-38.3700000000008,4.959999999997308,0.1423650975889003,2026-08-17 04:15:00+00:00,2026-08-18 17:45:00+00:00,1430.0,82728
5156,research_grade_oos,c1_triggered,17.530000000000655,-19.70249999999851,-26.9549999999972,-7.25249999999869,-0.41371933827714885,2026-08-17 10:30:00+00:00,2026-08-17 15:15:00+00:00,1431.0,82729
5157,research_grade_oos,c1_triggered,18.110000000000582,-24.105000000000473,-31.357499999999163,-7.25249999999869,-0.4004693539480098,2026-08-17 10:45:00+00:00,2026-08-17 15:15:00+00:00,1431.0,82729
5158,research_grade_oos,c1_triggered,28.359999999999673,-42.722499999999854,-37.76250000000255,4.959999999997308,0.17489421720724135,2026-08-17 17:00:00+00:00,2026-08-18 17:45:00+00:00,1430.0,82730
5159,research_grade_oos,c1_triggered,38.82999999999993,-52.26250000000073,-47.30250000000342,4.959999999997308,0.1277362863764439,2026-08-17 17:30:00+00:00,2026-08-18 17:45:00+00:00,1430.0,82730
5160,research_grade_oos,no_c1,23.610000000000582,-28.094999999999345,-28.094999999999345,0.0,0.0,2026-08-18 02:45:00+00:00,2026-08-18 05:30:00+00:00,1432.0,82732
5161,research_grade_oos,no_c1,24.579999999999927,-31.474999999998545,-31.474999999998545,0.0,0.0,2026-08-18 03:00:00+00:00,2026-08-18 05:30:00+00:00,1432.0,82732
5162,research_grade_oos,no_c1,31.650000000000546,-36.89499999999862,-36.89499999999862,0.0,0.0,2026-08-18 03:30:00+00:00,2026-08-18 05:30:00+00:00,1432.0,82732
5163,research_grade_oos,no_c1,33.23000000000047,-40.20499999999811,-40.20499999999811,0.0,0.0,2026-08-18 04:00:00+00:00,2026-08-18 05:30:00+00:00,1432.0,82732
5164,research_grade_oos,no_c1,112.61999999999989,-144.88000000000284,-144.88000000000284,0.0,0.0,2026-08-19 17:15:00+00:00,2026-09-01 16:00:00+00:00,1433.0,82738
5165,research_grade_oos,no_c1,122.09000000000015,-157.07000000000244,-157.07000000000244,0.0,0.0,2026-08-19 17:30:00+00:00,2026-09-01 16:00:00+00:00,1433.0,82738
5170,research_grade_oos,no_c1,44.210000000000036,-52.207500000001346,-52.207500000001346,0.0,0.0,2026-08-20 17:45:00+00:00,2026-08-31 02:30:00+00:00,1434.0,82742
5171,research_grade_oos,no_c1,50.57000000000062,-68.99750000000131,-68.99750000000131,0.0,0.0,2026-08-20 18:00:00+00:00,2026-08-31 02:30:00+00:00,1434.0,82743
5172,research_grade_oos,no_c1,65.68000000000029,-87.86249999999927,-87.86249999999927,0.0,0.0,2026-08-20 18:15:00+00:00,2026-08-31 02:30:00+00:00,1434.0,82743
5173,research_grade_oos,c1_triggered,34.9399999999996,-49.37750000000142,-38.18000000000302,11.1974999999984,0.3204779622209081,2026-08-21 07:30:00+00:00,2026-08-28 19:00:00+00:00,1435.0,82745
5174,research_grade_oos,c1_triggered,39.06999999999971,-56.175000000002,-44.9775000000036,11.1974999999984,0.28660097261321943,2026-08-21 09:00:00+00:00,2026-08-28 19:00:00+00:00,1435.0,82745
5175,research_grade_oos,c1_triggered,39.659999999999854,-65.4100000000044,-54.212500000006,11.1974999999984,0.2823373676247716,2026-08-21 09:45:00+00:00,2026-08-28 19:00:00+00:00,1435.0,82745
5176,research_grade_oos,c1_triggered,41.149999999999636,-55.57000000000335,-38.91000000000713,16.659999999996217,0.40486026731461394,2026-08-21 11:30:00+00:00,2026-08-28 18:45:00+00:00,1436.0,82745
5177,research_grade_oos,c1_triggered,55.02000000000044,-58.37000000000353,-41.71000000000731,16.659999999996217,0.302798982188224,2026-08-21 11:45:00+00:00,2026-08-28 18:45:00+00:00,1436.0,82745
5178,research_grade_oos,c1_triggered,55.42999999999938,-75.33250000000044,-58.67250000000422,16.659999999996217,0.30055926393643156,2026-08-21 12:15:00+00:00,2026-08-28 18:45:00+00:00,1436.0,82746
5179,research_grade_oos,no_c1,43.539999999999964,-63.875,-63.875,0.0,0.0,2026-08-21 18:45:00+00:00,2026-08-28 17:00:00+00:00,1437.0,82747
5180,research_grade_oos,no_c1,47.01000000000022,-68.75749999999789,-68.75749999999789,0.0,0.0,2026-08-21 19:00:00+00:00,2026-08-28 17:00:00+00:00,1437.0,82747
5183,research_grade_oos,no_c1,24.910000000000764,-48.907499999999345,-48.907499999999345,0.0,0.0,2026-08-24 03:15:00+00:00,2026-08-26 18:00:00+00:00,1438.0,82756
5184,research_grade_oos,no_c1,45.76000000000022,-62.097499999999854,-62.097499999999854,0.0,0.0,2026-08-24 05:15:00+00:00,2026-08-26 18:00:00+00:00,1438.0,82756
5185,research_grade_oos,no_c1,57.19000000000051,-66.9375,-66.9375,0.0,0.0,2026-08-24 05:30:00+00:00,2026-08-26 18:00:00+00:00,1438.0,82756
5186,research_grade_oos,no_c1,25.9399999999996,-33.32999999999811,-33.32999999999811,0.0,0.0,2026-08-24 14:45:00+00:00,2026-08-25 07:30:00+00:00,1439.0,82758
5187,research_grade_oos,no_c1,41.210000000000036,-51.76999999999862,-51.76999999999862,0.0,0.0,2026-08-24 16:15:00+00:00,2026-08-25 07:30:00+00:00,1439.0,82758
5188,research_grade_oos,c1_triggered,36.26999999999953,-45.57750000000124,-48.60000000000127,-3.0225000000000364,-0.08333333333333542,2026-08-25 02:00:00+00:00,2026-08-25 16:00:00+00:00,1440.0,82760
5189,research_grade_oos,c1_triggered,43.099999999999454,-49.8075000000008,-52.83000000000084,-3.0225000000000364,-0.07012761020881844,2026-08-25 02:15:00+00:00,2026-08-25 16:00:00+00:00,1440.0,82760
5190,research_grade_oos,c1_triggered,51.63999999999942,-58.0575000000008,-61.08000000000084,-3.0225000000000364,-0.05853020914020276,2026-08-25 03:00:00+00:00,2026-08-25 16:00:00+00:00,1440.0,82760
5191,research_grade_oos,c1_triggered,57.399999999999636,-68.12750000000051,-71.15000000000055,-3.0225000000000364,-0.052656794425088076,2026-08-25 03:15:00+00:00,2026-08-25 16:00:00+00:00,1440.0,82760
5192,research_grade_oos,c1_triggered,66.19999999999982,-71.39750000000095,-74.42000000000098,-3.0225000000000364,-0.045657099697885874,2026-08-25 03:45:00+00:00,2026-08-25 16:00:00+00:00,1440.0,82760
5193,research_grade_oos,c1_triggered,41.99000000000069,-53.83249999999953,-60.19250000000193,-6.360000000002401,-0.15146463443682534,2026-08-25 18:45:00+00:00,2026-08-26 17:45:00+00:00,1441.0,82763
5195,research_grade_oos,no_c1,34.82999999999993,-43.66749999999956,-43.66749999999956,0.0,0.0,2026-08-26 01:45:00+00:00,2026-08-26 09:15:00+00:00,1442.0,82764
5196,research_grade_oos,no_c1,36.63000000000011,-46.407499999999345,-46.407499999999345,0.0,0.0,2026-08-26 02:00:00+00:00,2026-08-26 09:15:00+00:00,1442.0,82764
5197,research_grade_oos,no_c1,54.60999999999967,-61.58499999999913,-61.58499999999913,0.0,0.0,2026-09-03 07:30:00+00:00,2026-09-08 21:45:00+00:00,1443.0,82797
5198,research_grade_oos,no_c1,55.67000000000007,-63.07499999999982,-63.07499999999982,0.0,0.0,2026-09-03 07:45:00+00:00,2026-09-08 21:45:00+00:00,1443.0,82797
5199,research_grade_oos,no_c1,24.409999999999854,-51.80999999999767,-51.80999999999767,0.0,0.0,2026-09-03 15:00:00+00:00,2026-09-04 15:30:00+00:00,1444.0,82798
5200,research_grade_oos,no_c1,31.0,-75.35500000000047,-75.35500000000047,0.0,0.0,2026-09-03 15:45:00+00:00,2026-09-04 15:30:00+00:00,1444.0,82798
5201,research_grade_oos,no_c1,59.60999999999967,-101.22749999999996,-101.22749999999996,0.0,0.0,2026-09-03 16:00:00+00:00,2026-09-04 15:30:00+00:00,1444.0,82798
5202,research_grade_oos,no_c1,76.75999999999931,-111.26750000000175,-111.26750000000175,0.0,0.0,2026-09-03 18:15:00+00:00,2026-09-04 15:30:00+00:00,1444.0,82799
5203,research_grade_oos,no_c1,84.98999999999978,-114.15750000000116,-114.15750000000116,0.0,0.0,2026-09-03 18:30:00+00:00,2026-09-04 15:30:00+00:00,1444.0,82799
